task_id,grievance_id,incident_id,task_title,taluk_code,locality,latitude,longitude,assigned_office_id,assigned_at,due_date,accepted_at,completed_at,completion_remarks,completion_photo_path,verified_at,verification_remarks,status
PWD-TSK-18221,,PWD-INC-054662,"Pump out stagnant water - Kannadasan St, Nolambur",TLK08,Nolambur,13.067724,80.166797,PWD-OFF-013,2026-06-30T10:56:59+05:30,2026-07-02,2026-07-02T18:59:30+05:30,2026-07-04T08:29:06+05:30,cleared. monitoring,uploads/pwd/PWD-TSK-18221.jpg,2026-07-08T15:13:16+05:30,verified. good work,verified
PWD-TSK-18201,,PWD-INC-054605,"Attend roof leak / cracks - Collectorate Building, Rajaji Salai",TLK15,George Town,13.119168,80.285706,PWD-OFF-003,2026-06-30T16:36:00+05:30,2026-08-12,2026-07-22T16:35:09+05:30,2026-09-11T09:54:41+05:30,balance work completed,uploads/pwd/PWD-TSK-18201.jpg,2026-09-15T10:46:30+05:30,"ok now, closed",verified
PWD-TSK-18202,GRV-20260626-23355,,Petition: remove water hyacinth in Ambattur Lake,TLK02,Ambattur,13.111052,80.152998,PWD-OFF-014,2026-06-30T18:09:58+05:30,2026-07-16,2026-07-01T12:26:15+05:30,2026-08-14T14:40:34+05:30,"reattended, photo re-uploaded",uploads/pwd/PWD-TSK-18202.jpg,2026-08-17T11:35:24+05:30,"rework verified, ok",verified
PWD-TSK-18203,,PWD-INC-054602,Remove encroachment on Kodungaiyur Canal at Kodungaiyur,TLK11,Kodungaiyur,13.111057,80.231508,PWD-OFF-015,2026-07-01T13:51:58+05:30,2026-08-26,2026-07-31T13:13:26+05:30,2026-08-04T13:36:32+05:30,completed as per instructions - photo uploaded,uploads/pwd/PWD-TSK-18203.jpg,2026-09-15T12:44:54+05:30,"photo ok, closed",verified
PWD-TSK-18222,GRV-20260630-34160,,"Grievance - unsafe building condition, Institute of Child Health, Egmore",TLK05,Egmore,13.079111,80.258307,PWD-OFF-009,2026-07-01T15:03:28+05:30,2026-08-10,2026-07-13T10:43:37+05:30,2026-09-15T08:10:20+05:30,"rework done, debris cleared fully",uploads/pwd/PWD-TSK-18222.jpg,2026-09-24T10:01:17+05:30,"re-inspected, satisfactory now",verified
PWD-TSK-18241,,PWD-INC-054725,"Remove collapsed wall debris near West St, Okkiyam Thoraipakkam",TLK13,Okkiyam Thoraipakkam,12.904518,80.222173,PWD-OFF-015,2026-07-01T17:19:15+05:30,2026-07-22,2026-07-01T18:49:40+05:30,2026-07-24T09:51:26+05:30,wall rebuilt approx 12m (JE),uploads/pwd/PWD-TSK-18241.jpg,2026-08-03T10:05:31+05:30,"verified, ok",verified
PWD-TSK-18242,,PWD-INC-054724,Remove encroachment on Buckingham Canal - Okkiyam stretch at Okkiyam Thoraipakkam,TLK13,Okkiyam Thoraipakkam,12.906067,80.223023,PWD-OFF-020,2026-07-02T10:02:00+05:30,2026-08-09,2026-07-14T11:12:38+05:30,2026-07-25T08:03:46+05:30,notice served & removed,uploads/pwd/PWD-TSK-18242.jpg,2026-07-28T14:40:10+05:30,ok,verified
PWD-TSK-18204,GRV-20260629-41989,,"Grievance - unsafe building condition, Govt Peripheral Hospital, K.K. Nagar",TLK09,K.K. Nagar,13.038334,80.222358,PWD-OFF-004,2026-07-02T10:04:15+05:30,2026-08-05,2026-07-27T10:21:17+05:30,2026-08-14T11:08:06+05:30,"inspected, minor cracks attended pls verify",uploads/pwd/PWD-TSK-18204.jpg,2026-09-21T10:37:43+05:30,verified by DRO,verified
PWD-TSK-18243,,PWD-INC-054723,Attend sluice gate defect - Adambakkam Lake Sluice,TLK01,Adambakkam,12.993057,80.197502,PWD-OFF-012,2026-07-03T10:28:43+05:30,2026-07-27,2026-07-06T10:02:51+05:30,2026-07-27T12:10:32+05:30,rubber seal changed pls verify,uploads/pwd/PWD-TSK-18243.jpg,2026-09-07T10:57:15+05:30,satisfactory,verified
PWD-TSK-18244,,PWD-INC-054726,Structural inspection & repair - Govt Royapettah Hospital,TLK10,Royapettah,13.032012,80.265953,PWD-OFF-006,2026-07-03T11:56:56+05:30,2026-08-30,2026-07-31T14:34:47+05:30,2026-08-20T10:20:20+05:30,"crack sealed, plastering done - photo uploaded",uploads/pwd/PWD-TSK-18244.jpg,2026-08-27T16:10:06+05:30,satisfactory,verified
PWD-TSK-18261,GRV-20260629-38299,,Grievance - illegal construction in Buckingham Canal - Mandaveli stretch,TLK10,Mandaveli,13.032425,80.261364,PWD-OFF-012,2026-07-03T15:09:54+05:30,2026-08-15,2026-07-07T15:37:27+05:30,2026-08-20T11:09:57+05:30,balance work completed,uploads/pwd/PWD-TSK-18261.jpg,2026-08-26T13:50:00+05:30,"re-inspected, satisfactory now",verified
PWD-TSK-18281,,PWD-INC-054844,Attend sluice gate defect - Adambakkam Lake Sluice,TLK01,Adambakkam,12.993432,80.199160,PWD-OFF-016,2026-07-05T08:33:38+05:30,2026-07-26,2026-08-13T16:33:01+05:30,2026-08-17T09:38:49+05:30,"gate freed, working ok",uploads/pwd/PWD-TSK-18281.jpg,2026-09-08T13:51:52+05:30,"field verified by RDO, fine",verified
PWD-TSK-18282,,PWD-INC-054846,Structural inspection & repair - Govt Kilpauk Medical College Hospital,TLK12,Kilpauk,13.092652,80.256345,PWD-OFF-007,2026-07-06T10:03:44+05:30,2026-08-22,2026-07-20T11:01:22+05:30,2026-09-19T11:33:22+05:30,"crack sealed, plastering done pls verify",uploads/pwd/PWD-TSK-18282.jpg,2026-09-22T14:44:41+05:30,ok,verified
PWD-TSK-18301,,PWD-INC-054905,"Pump out stagnant water - Sathya Nagar 2nd St, Guindy Industrial Estate",TLK06,Guindy Industrial Estate,13.009008,80.211179,PWD-OFF-017,2026-07-06T10:11:28+05:30,2026-07-08,2026-07-06T13:19:22+05:30,2026-07-09T11:23:01+05:30,"2 pumpsets deployed, water drained",uploads/pwd/PWD-TSK-18301.jpg,2026-07-13T10:02:32+05:30,verified by DRO,verified
PWD-TSK-18262,GRV-20260627-31515,,Grievance - illegal construction in Captain Cotton Canal - Vyasarpadi stretch,TLK11,Vyasarpadi,13.115969,80.236752,PWD-OFF-020,2026-07-06T10:13:57+05:30,2026-08-24,2026-07-07T10:07:22+05:30,2026-08-22T10:51:45+05:30,completed as per instructions - AE,uploads/pwd/PWD-TSK-18262.jpg,2026-08-24T10:16:06+05:30,"checked, work ok",verified
PWD-TSK-18283,,PWD-INC-054841,Remove encroachment on Anna Nagar Macro Drain at Anna Nagar,TLK03,Anna Nagar,13.072595,80.223316,PWD-OFF-020,2026-07-06T11:45:39+05:30,2026-08-14,2026-07-28T10:22:46+05:30,2026-08-02T10:24:25+05:30,"fencing removed, boundary stones fixed",uploads/pwd/PWD-TSK-18283.jpg,2026-09-07T10:11:59+05:30,"field verified by RDO, fine",verified
PWD-TSK-18302,,PWD-INC-054901,Attend roof leak / cracks - Ezhilagam Govt Office Complex,TLK10,Triplicane,13.031832,80.270589,PWD-OFF-004,2026-07-06T12:12:44+05:30,2026-08-12,2026-07-07T10:10:11+05:30,2026-08-03T09:30:10+05:30,"inspected, minor cracks attended (JE)",uploads/pwd/PWD-TSK-18302.jpg,2026-08-10T11:13:02+05:30,satisfactory,verified
PWD-TSK-18284,,PWD-INC-054848,Clear waterlogging at Perambur (3rd Cross St),TLK11,Perambur,13.115938,80.232904,PWD-OFF-018,2026-07-06T13:45:46+05:30,2026-07-07,2026-07-06T18:01:42+05:30,2026-07-30T08:07:09+05:30,cleared. monitoring pls verify,uploads/pwd/PWD-TSK-18284.jpg,2026-08-25T11:03:45+05:30,satisfactory,verified
PWD-TSK-18303,,PWD-INC-054906,"Inspect damage to Thiru. Vi. Ka. Bridge, Adyar",TLK10,Adyar,13.034756,80.257779,PWD-OFF-017,2026-07-06T15:39:48+05:30,2026-08-30,2026-07-08T13:01:31+05:30,2026-07-19T09:45:35+05:30,erosion protection w/ boulders done pls verify,uploads/pwd/PWD-TSK-18303.jpg,2026-08-10T11:18:42+05:30,satisfactory,verified
PWD-TSK-18263,,PWD-INC-054782,Remove encroachment on Adambakkam Lake at Adambakkam,TLK01,Adambakkam,12.998002,80.202621,PWD-OFF-016,2026-07-06T17:20:23+05:30,2026-08-12,2026-07-17T10:03:59+05:30,2026-07-29T15:33:00+05:30,encroachment removed with police help pls verify,uploads/pwd/PWD-TSK-18263.jpg,2026-08-13T16:29:10+05:30,verified by DRO,verified
PWD-TSK-18321,,PWD-INC-054964,Attend sluice gate defect - Ambattur Lake Sluice,TLK02,Ambattur,13.112456,80.154991,PWD-OFF-014,2026-07-06T17:39:48+05:30,2026-07-29,2026-07-13T13:06:13+05:30,2026-09-21T11:29:21+05:30,redone as per Collr remarks,uploads/pwd/PWD-TSK-18321.jpg,,,completed_pending_verification
PWD-TSK-18304,,PWD-INC-054904,Repair shutter of Ambattur Lake Sluice,TLK02,Ambattur,13.113963,80.153979,PWD-OFF-016,2026-07-07T10:35:43+05:30,2026-07-24,2026-07-08T10:24:47+05:30,2026-07-15T10:20:19+05:30,"gate freed, working ok",uploads/pwd/PWD-TSK-18304.jpg,2026-07-21T16:19:49+05:30,"photo ok, closed",verified
PWD-TSK-18322,,PWD-INC-054963,"Attend roof leak / cracks - Govt Girls Hr Sec School, Ambattur",TLK02,Ambattur,13.113691,80.155014,PWD-OFF-007,2026-07-07T11:28:32+05:30,2026-09-02,2026-07-08T10:17:31+05:30,2026-07-15T10:08:46+05:30,roof waterproofing done pls verify,uploads/pwd/PWD-TSK-18322.jpg,2026-07-23T10:28:32+05:30,"photo ok, closed",verified
PWD-TSK-18361,,PWD-INC-055081,Survey & evict encroachment - Buckingham Canal - Korukkupet stretch,TLK15,Korukkupet,13.131635,80.286771,PWD-OFF-020,2026-07-07T11:32:08+05:30,2026-09-02,2026-07-08T15:18:24+05:30,2026-09-11T12:18:29+05:30,"huts removed, revenue dept present.",uploads/pwd/PWD-TSK-18361.jpg,,,completed_pending_verification
PWD-TSK-18341,,PWD-INC-055023,Desilt / clear blockage in Anna Nagar Macro Drain near Anna Nagar,TLK03,Anna Nagar,13.071508,80.225040,PWD-OFF-013,2026-07-07T12:15:03+05:30,2026-07-18,2026-07-13T10:27:20+05:30,2026-07-16T12:28:32+05:30,"drain mouth cleaned, hyacinth removed - AE",uploads/pwd/PWD-TSK-18341.jpg,2026-08-04T10:05:25+05:30,satisfactory,verified
PWD-TSK-18362,,PWD-INC-055083,Sandbag bank of Villivakkam Macro Drain near Villivakkam,TLK04,Villivakkam,13.094157,80.237157,PWD-OFF-018,2026-07-08T11:33:33+05:30,2026-07-13,2026-07-10T06:24:31+05:30,2026-07-11T10:17:00+05:30,"flow normal now, debris removed at bridge pls verify",uploads/pwd/PWD-TSK-18362.jpg,2026-07-17T11:04:34+05:30,verified by DRO,verified
PWD-TSK-18342,,PWD-INC-055021,"Structural inspection & repair - Institute of Child Health, Egmore",TLK05,Egmore,13.078347,80.260168,PWD-OFF-006,2026-07-09T10:16:28+05:30,2026-08-27,2026-07-27T12:50:39+05:30,2026-09-04T10:16:51+05:30,redone as per Collr remarks,uploads/pwd/PWD-TSK-18342.jpg,2026-09-11T13:55:13+05:30,"re-inspected, satisfactory now",verified
PWD-TSK-18381,,PWD-INC-055151,Sandbag bank of Buckingham Canal - Basin Bridge stretch near Pulianthope,TLK12,Pulianthope,13.084841,80.256520,PWD-OFF-013,2026-07-09T10:23:30+05:30,2026-07-12,2026-07-13T12:19:05+05:30,2026-07-15T12:23:40+05:30,wrk completed (JE),uploads/pwd/PWD-TSK-18381.jpg,2026-07-20T12:14:01+05:30,verified. good work,verified
PWD-TSK-18382,,PWD-INC-055147,"Pump out stagnant water - Jeevan Nagar 2nd St, Anna Nagar",TLK03,Anna Nagar,13.073565,80.223497,PWD-OFF-013,2026-07-09T10:33:14+05:30,2026-07-12,2026-07-09T15:07:51+05:30,2026-07-11T17:08:15+05:30,"water pumped out, road clear",uploads/pwd/PWD-TSK-18382.jpg,2026-07-13T10:16:00+05:30,"photo ok, closed",verified
PWD-TSK-18401,,PWD-INC-055210,Clear debris & rebuild wall - Royapettah,TLK10,Royapettah,13.031549,80.267225,PWD-OFF-004,2026-07-09T15:31:47+05:30,2026-07-23,2026-07-09T17:29:37+05:30,2026-07-17T08:59:49+05:30,"debris cleared, barricade put.",uploads/pwd/PWD-TSK-18401.jpg,2026-07-30T11:58:30+05:30,ok,verified
PWD-TSK-18402,,PWD-INC-055229,"Pump out stagnant water - Sannathi St, Chintadripet",TLK05,Chintadripet,13.079804,80.255989,PWD-OFF-019,2026-07-09T17:29:38+05:30,2026-07-12,2026-07-09T19:41:02+05:30,2026-07-12T09:04:07+05:30,"drained, silt removed at inlet (JE)",uploads/pwd/PWD-TSK-18402.jpg,2026-08-06T13:08:44+05:30,verified. good work,verified
PWD-TSK-18403,,PWD-INC-055213,Deploy pumpset & drain water - Jafferkhanpet,TLK06,Jafferkhanpet,13.007681,80.216064,PWD-OFF-017,2026-07-09T17:33:56+05:30,2026-07-10,2026-07-11T10:10:43+05:30,2026-07-12T15:03:11+05:30,"drained, silt removed at inlet.",uploads/pwd/PWD-TSK-18403.jpg,2026-07-14T10:57:36+05:30,"photo ok, closed",verified
PWD-TSK-18404,,PWD-INC-055231,"Remove collapsed wall debris near Tank St, Arumbakkam",TLK03,Arumbakkam,13.080595,80.225892,PWD-OFF-013,2026-07-09T20:01:38+05:30,2026-07-30,2026-07-09T23:36:09+05:30,2026-07-26T08:05:37+05:30,wall rebuilt approx 12m,uploads/pwd/PWD-TSK-18404.jpg,2026-08-05T14:06:35+05:30,satisfactory,verified
PWD-TSK-18405,,PWD-INC-055247,Deploy pumpset & drain water - Vepery,TLK05,Vepery,13.074326,80.256486,PWD-OFF-019,2026-07-09T21:43:33+05:30,2026-07-10,2026-07-10T10:22:32+05:30,2026-07-14T12:42:52+05:30,stagnation cleared by evening - photo uploaded,uploads/pwd/PWD-TSK-18405.jpg,2026-07-20T10:01:35+05:30,verified by DRO,verified
PWD-TSK-18406,,PWD-INC-055230,Clear waterlogging at ICF Colony (MGR St),TLK04,ICF Colony,13.095168,80.233694,PWD-OFF-015,2026-07-10T10:09:53+05:30,2026-07-13,2026-07-10T15:58:18+05:30,2026-07-31T17:24:55+05:30,"water receded, inlet cleaned pls verify",uploads/pwd/PWD-TSK-18406.jpg,2026-09-02T14:08:53+05:30,verified. good work,verified
PWD-TSK-18407,,PWD-INC-055242,"Attend roof leak / cracks - Govt Girls Hr Sec School, Ambattur",TLK02,Ambattur,13.114678,80.155081,PWD-OFF-005,2026-07-10T10:21:29+05:30,2026-09-06,2026-07-11T08:08:25+05:30,2026-08-05T08:08:40+05:30,"crack sealed, plastering done pls verify",uploads/pwd/PWD-TSK-18407.jpg,2026-08-19T11:03:18+05:30,"checked, work ok",verified
PWD-TSK-18408,,PWD-INC-055238,"Pump out stagnant water - Market Rd, Aminjikarai",TLK03,Aminjikarai,13.074056,80.223595,PWD-OFF-019,2026-07-10T10:46:02+05:30,2026-07-13,2026-07-13T02:33:55+05:30,2026-07-16T08:12:42+05:30,"drained, silt removed at inlet",uploads/pwd/PWD-TSK-18408.jpg,2026-07-20T12:29:35+05:30,"photo ok, closed",verified
PWD-TSK-18409,,PWD-INC-055224,"Pump out stagnant water - VOC St, Jawahar Nagar",TLK04,Jawahar Nagar,13.099706,80.231359,PWD-OFF-019,2026-07-10T10:46:55+05:30,2026-07-11,2026-07-10T13:48:06+05:30,2026-07-13T10:05:50+05:30,"water receded, inlet cleaned - AE",uploads/pwd/PWD-TSK-18409.jpg,2026-07-29T13:47:45+05:30,satisfactory,verified
PWD-TSK-18410,,PWD-INC-055241,"Pump out stagnant water - West St, Choolai",TLK12,Choolai,13.084425,80.262194,PWD-OFF-015,2026-07-10T10:55:02+05:30,2026-07-11,2026-07-10T16:52:07+05:30,2026-07-13T11:32:08+05:30,"water receded, inlet cleaned - AE",uploads/pwd/PWD-TSK-18410.jpg,2026-07-31T12:06:50+05:30,satisfactory,verified
PWD-TSK-18411,,PWD-INC-055240,Attend roof leak / cracks - Govt Royapettah Hospital,TLK10,Royapettah,13.032721,80.266802,PWD-OFF-004,2026-07-10T10:55:17+05:30,2026-09-04,2026-07-22T14:46:42+05:30,2026-09-08T10:24:23+05:30,"reattended, photo re-uploaded",uploads/pwd/PWD-TSK-18411.jpg,2026-09-15T11:53:33+05:30,"re-inspected, satisfactory now",verified
PWD-TSK-18412,,PWD-INC-055226,"Attend sluice gate defect - Otteri Nullah Regulator, Basin Bridge",TLK12,Pulianthope,13.087014,80.255408,PWD-OFF-013,2026-07-10T12:07:12+05:30,2026-07-29,2026-08-17T15:25:08+05:30,2026-08-30T10:32:24+05:30,shutter repaired & greased pls verify,uploads/pwd/PWD-TSK-18412.jpg,,,completed_pending_verification
PWD-TSK-18383,,PWD-INC-055142,Desilt / clear blockage in Buckingham Canal - Mandaveli stretch near Mandaveli,TLK10,Mandaveli,13.033674,80.262420,PWD-OFF-017,2026-07-10T12:25:01+05:30,2026-07-17,2026-07-21T11:14:56+05:30,2026-07-23T08:03:19+05:30,"desilted, silt shifted - photo uploaded",uploads/pwd/PWD-TSK-18383.jpg,2026-08-21T11:07:19+05:30,verified by DRO,verified
PWD-TSK-18413,,PWD-INC-055215,Structural inspection & repair - Rajiv Gandhi Govt General Hospital - Tower Block,TLK05,Periamet,13.079351,80.268451,PWD-OFF-006,2026-07-10T12:25:20+05:30,2026-08-11,2026-08-17T10:59:42+05:30,2026-08-30T10:01:07+05:30,roof waterproofing done (JE),uploads/pwd/PWD-TSK-18413.jpg,2026-09-07T10:44:12+05:30,"site inspected, satisfactory",verified
PWD-TSK-18414,,PWD-INC-055232,Sandbag bank of Buckingham Canal - Basin Bridge stretch near Pulianthope,TLK12,Pulianthope,13.085978,80.256477,PWD-OFF-013,2026-07-10T13:15:32+05:30,2026-07-14,2026-07-10T17:06:39+05:30,2026-07-30T11:05:03+05:30,"reattended, photo re-uploaded",uploads/pwd/PWD-TSK-18414.jpg,2026-08-06T13:28:52+05:30,"ok now, closed",verified
PWD-TSK-18415,,PWD-INC-055233,Sandbag bank of Kathivakkam Macro Drain near Kathivakkam,TLK14,Kathivakkam,13.163008,80.302544,PWD-OFF-019,2026-07-10T13:30:11+05:30,2026-07-13,2026-07-13T12:29:32+05:30,2026-07-15T15:49:03+05:30,completed as per instructions,uploads/pwd/PWD-TSK-18415.jpg,2026-07-20T11:09:10+05:30,"photo ok, closed",verified
PWD-TSK-18416,,PWD-INC-055252,Inspect & control overflow in Buckingham Canal - Basin Bridge stretch at Pulianthope,TLK12,Pulianthope,13.085013,80.254564,PWD-OFF-015,2026-07-10T13:34:28+05:30,2026-07-12,2026-07-10T17:46:33+05:30,2026-07-12T14:56:43+05:30,overflow controlled (JE),uploads/pwd/PWD-TSK-18416.jpg,2026-07-27T10:59:48+05:30,"photo ok, closed",verified
PWD-TSK-18421,GRV-20260709-32769,,Petition: Adambakkam Lake Sluice shutter not closing properly,TLK01,Adambakkam,12.991551,80.199755,PWD-OFF-016,2026-07-13T10:01:35+05:30,2026-07-31,2026-07-14T10:06:34+05:30,2026-07-21T12:06:17+05:30,screw rod replaced - photo uploaded,uploads/pwd/PWD-TSK-18421.jpg,2026-08-31T12:55:17+05:30,"photo ok, closed",verified
PWD-TSK-18417,,PWD-INC-055237,Clear choked the storm water drain at Nehru St,TLK05,Nungambakkam,13.073612,80.261625,PWD-OFF-013,2026-07-13T10:14:56+05:30,2026-07-21,2026-07-13T12:54:26+05:30,2026-07-20T15:11:10+05:30,"desilting done, debris cleared",uploads/pwd/PWD-TSK-18417.jpg,2026-07-24T09:38:20+05:30,"site inspected, satisfactory",verified
PWD-TSK-18461,GRV-20260711-50195,,"Grievance - unsafe building condition, Ezhilagam Govt Office Complex",TLK10,Triplicane,13.031161,80.270662,PWD-OFF-004,2026-07-13T10:20:37+05:30,2026-08-12,2026-07-14T11:25:23+05:30,2026-07-29T12:34:53+05:30,roof waterproofing done,uploads/pwd/PWD-TSK-18461.jpg,2026-08-03T10:17:02+05:30,satisfactory,verified
PWD-TSK-18418,,PWD-INC-055223,Structural inspection & repair - Ezhilagam Govt Office Complex,TLK10,Triplicane,13.029531,80.268555,PWD-OFF-004,2026-07-13T11:03:33+05:30,2026-09-07,2026-07-17T14:34:16+05:30,2026-08-19T15:05:49+05:30,roof waterproofing done,uploads/pwd/PWD-TSK-18418.jpg,2026-09-18T14:09:51+05:30,"photo ok, closed",verified
PWD-TSK-18419,,PWD-INC-055251,Structural inspection & repair - Govt Kilpauk Medical College Hospital,TLK12,Kilpauk,13.093707,80.255009,PWD-OFF-009,2026-07-13T12:04:07+05:30,2026-08-22,2026-07-14T11:26:29+05:30,2026-08-09T09:35:26+05:30,roof waterproofing done,uploads/pwd/PWD-TSK-18419.jpg,2026-08-24T10:37:08+05:30,verified by DRO,verified
PWD-TSK-18441,,PWD-INC-055324,Structural inspection & repair - Govt Kilpauk Medical College Hospital,TLK12,Kilpauk,13.093357,80.256264,PWD-OFF-007,2026-07-13T15:46:55+05:30,2026-08-22,2026-07-20T13:43:20+05:30,2026-07-31T16:09:25+05:30,"crack sealed, plastering done",uploads/pwd/PWD-TSK-18441.jpg,2026-08-11T11:33:22+05:30,"verified, ok",verified
PWD-TSK-18481,,PWD-INC-055447,Clear debris & rebuild wall - Velachery,TLK16,Velachery,12.978155,80.223686,PWD-OFF-016,2026-07-14T11:44:40+05:30,2026-08-01,2026-07-14T16:43:43+05:30,2026-07-19T08:08:04+05:30,"debris cleared, barricade put (JE)",uploads/pwd/PWD-TSK-18481.jpg,2026-08-24T18:14:16+05:30,verified. good work,verified
PWD-TSK-18482,,PWD-INC-055445,Repair shutter of Adambakkam Lake Sluice,TLK01,Adambakkam,12.992736,80.199856,PWD-OFF-012,2026-07-14T13:30:19+05:30,2026-07-28,2026-07-15T12:18:26+05:30,2026-09-01T09:27:33+05:30,"rework done, debris cleared fully",uploads/pwd/PWD-TSK-18482.jpg,2026-09-10T10:01:57+05:30,"rework verified, ok",verified
PWD-TSK-18462,,PWD-INC-055383,Repair parapet/deck of Basin Bridge,TLK12,Pulianthope,13.083158,80.255504,PWD-OFF-015,2026-07-14T15:06:05+05:30,2026-09-09,2026-07-15T10:44:16+05:30,2026-08-09T11:07:16+05:30,"railing fixed, potholes patched (JE)",uploads/pwd/PWD-TSK-18462.jpg,2026-08-21T10:35:31+05:30,"photo ok, closed",verified
PWD-TSK-18501,,PWD-INC-055501,Structural inspection & repair - Govt Kilpauk Medical College Hospital,TLK12,Kilpauk,13.093376,80.256993,PWD-OFF-007,2026-07-15T10:06:12+05:30,2026-08-26,2026-07-28T10:34:27+05:30,2026-09-09T11:02:37+05:30,"work under progress, now completed - AE",uploads/pwd/PWD-TSK-18501.jpg,2026-09-15T10:20:15+05:30,verified. good work,verified
PWD-TSK-18483,GRV-20260711-50242,,"Petition: remove encroachment on Virugambakkam-Arumbakkam Canal, Virugambakkam",TLK08,Virugambakkam,13.064221,80.174351,PWD-OFF-020,2026-07-15T10:20:06+05:30,2026-08-24,2026-07-20T10:09:54+05:30,2026-08-10T11:45:38+05:30,wrk completed - AE,uploads/pwd/PWD-TSK-18483.jpg,2026-08-11T16:03:07+05:30,satisfactory,verified
PWD-TSK-18502,,PWD-INC-055502,Inspect damage to Napier Bridge,TLK10,Triplicane,13.032609,80.267578,PWD-OFF-012,2026-07-15T10:37:51+05:30,2026-08-22,2026-07-27T10:20:39+05:30,2026-08-06T12:21:20+05:30,parapet repaired.,uploads/pwd/PWD-TSK-18502.jpg,2026-08-10T11:04:21+05:30,verified. good work,verified
PWD-TSK-18503,GRV-20260713-04089,,Petition: desilting of Nanganallur Macro Drain near Nanganallur,TLK01,Nanganallur,12.993724,80.199172,PWD-OFF-016,2026-07-15T10:59:49+05:30,2026-07-29,2026-07-16T11:41:48+05:30,2026-07-21T14:47:46+05:30,silt removed 3 loads,uploads/pwd/PWD-TSK-18503.jpg,2026-07-27T10:36:26+05:30,"photo ok, closed",verified
PWD-TSK-18521,,PWD-INC-055563,Clear debris & rebuild wall - Pulianthope,TLK12,Pulianthope,13.084345,80.255937,PWD-OFF-015,2026-07-15T15:03:06+05:30,2026-08-01,2026-07-15T16:41:23+05:30,2026-07-23T12:22:01+05:30,wall rebuilt approx 12m,uploads/pwd/PWD-TSK-18521.jpg,2026-08-05T16:47:48+05:30,satisfactory,verified
PWD-TSK-18522,,PWD-INC-055564,"Remove collapsed wall debris near Kannadasan St, Santhome",TLK10,Santhome,13.034909,80.274179,PWD-OFF-017,2026-07-15T15:23:11+05:30,2026-07-27,2026-07-15T20:37:38+05:30,2026-08-06T10:10:51+05:30,balance work completed,uploads/pwd/PWD-TSK-18522.jpg,2026-08-14T11:02:30+05:30,"re-inspected, satisfactory now",verified
PWD-TSK-18523,GRV-20260715-18188,,"Grievance - unsafe building condition, Rajiv Gandhi Govt General Hospital - Tower Block",TLK05,Periamet,13.079279,80.270068,PWD-OFF-006,2026-07-16T10:19:25+05:30,2026-09-12,2026-07-27T11:38:26+05:30,2026-08-29T10:55:24+05:30,redone as per Collr remarks,uploads/pwd/PWD-TSK-18523.jpg,2026-09-07T12:35:05+05:30,"ok now, closed",verified
PWD-TSK-18524,,PWD-INC-055569,Repair parapet/deck of Manali Kosasthalaiyar Causeway,TLK14,Manali,13.161684,80.303869,PWD-OFF-015,2026-07-16T11:08:45+05:30,2026-08-27,2026-07-17T10:24:24+05:30,2026-07-26T15:02:15+05:30,"railing fixed, potholes patched",uploads/pwd/PWD-TSK-18524.jpg,2026-08-10T11:42:13+05:30,"verified, ok",verified
PWD-TSK-18504,,PWD-INC-055508,Remove encroachment on Adyar River - Saidapet stretch at Saidapet,TLK06,Saidapet,13.010857,80.208138,PWD-OFF-020,2026-07-16T11:36:01+05:30,2026-08-17,2026-07-20T11:03:49+05:30,2026-08-03T14:51:57+05:30,encroachment removed with police help.,uploads/pwd/PWD-TSK-18504.jpg,2026-08-04T11:32:03+05:30,"site inspected, satisfactory",verified
PWD-TSK-18525,,PWD-INC-055565,Clear choked Buckingham Canal - Thiruvanmiyur stretch at Rajiv Gandhi St,TLK16,Thiruvanmiyur,12.984305,80.219495,PWD-OFF-016,2026-07-16T12:50:05+05:30,2026-07-26,2026-08-06T12:21:55+05:30,2026-08-11T08:03:03+05:30,silt removed 3 loads,uploads/pwd/PWD-TSK-18525.jpg,2026-09-02T14:19:50+05:30,verified. good work,verified
PWD-TSK-18526,,PWD-INC-055562,Repair parapet/deck of Aminjikarai Cooum Bridge,TLK03,Aminjikarai,13.071269,80.224614,PWD-OFF-013,2026-07-17T10:07:54+05:30,2026-08-29,2026-07-20T11:08:21+05:30,2026-08-09T08:42:19+05:30,erosion protection w/ boulders done,uploads/pwd/PWD-TSK-18526.jpg,2026-08-14T13:15:12+05:30,"site inspected, satisfactory",verified
PWD-TSK-18527,,PWD-INC-055571,Remove encroachment on Buckingham Canal - Korukkupet stretch at Korukkupet,TLK15,Korukkupet,13.135504,80.287014,PWD-OFF-018,2026-07-17T10:37:21+05:30,2026-08-17,2026-07-17T13:05:15+05:30,2026-08-29T08:03:09+05:30,"reattended, photo re-uploaded",uploads/pwd/PWD-TSK-18527.jpg,2026-09-02T10:05:24+05:30,"ok now, closed",verified
PWD-TSK-18541,GRV-20260713-31723,,Grievance - illegal construction in Buckingham Canal - Basin Bridge stretch,TLK12,Pulianthope,13.083462,80.256324,PWD-OFF-013,2026-07-17T10:46:23+05:30,2026-09-06,2026-07-20T10:33:26+05:30,2026-07-25T15:32:54+05:30,"fencing removed, boundary stones fixed - AE",uploads/pwd/PWD-TSK-18541.jpg,2026-08-17T11:29:42+05:30,verified. good work,verified
PWD-TSK-18561,,PWD-INC-055682,Structural inspection & repair - Govt Stanley Hospital - OP Block,TLK15,Old Washermanpet,13.128417,80.290064,PWD-OFF-006,2026-07-17T12:20:08+05:30,2026-09-04,2026-08-10T11:57:41+05:30,2026-08-14T13:20:39+05:30,work completed (JE),uploads/pwd/PWD-TSK-18561.jpg,2026-08-17T12:15:24+05:30,"site inspected, satisfactory",verified
PWD-TSK-18542,,PWD-INC-055625,Attend roof leak / cracks - Ezhilagam Govt Office Complex,TLK10,Triplicane,13.030627,80.268870,PWD-OFF-004,2026-07-17T15:03:39+05:30,2026-08-25,2026-07-30T10:46:13+05:30,2026-09-11T12:34:18+05:30,"crack sealed, plastering done (JE)",uploads/pwd/PWD-TSK-18542.jpg,,,completed_pending_verification
PWD-TSK-18528,,PWD-INC-055570,Survey & evict encroachment - Buckingham Canal - Korukkupet stretch,TLK15,Korukkupet,13.135247,80.284627,PWD-OFF-015,2026-07-17T15:35:12+05:30,2026-08-29,2026-08-24T10:42:45+05:30,2026-09-04T08:43:46+05:30,notice served & removed - photo uploaded,uploads/pwd/PWD-TSK-18528.jpg,,,completed_pending_verification
PWD-TSK-18529,,PWD-INC-055568,Structural inspection & repair - Ezhilagam Govt Office Complex,TLK10,Triplicane,13.029841,80.269095,PWD-OFF-004,2026-07-17T16:54:57+05:30,2026-09-15,2026-07-20T10:13:12+05:30,2026-09-23T10:50:52+05:30,"crack sealed, plastering done pls verify",uploads/pwd/PWD-TSK-18529.jpg,,,completed_pending_verification
PWD-TSK-18562,,PWD-INC-055684,Repair shutter of Ennore Creek Regulator,TLK14,Ennore,13.161914,80.300504,PWD-OFF-014,2026-07-20T10:02:43+05:30,2026-08-10,2026-08-27T11:00:18+05:30,2026-09-03T11:17:20+05:30,screw rod replaced,uploads/pwd/PWD-TSK-18562.jpg,2026-09-18T14:39:31+05:30,ok,verified
PWD-TSK-18530,,PWD-INC-055567,Clear choked Otteri Nullah - Perambur stretch at Anna St,TLK11,Perambur,13.118751,80.234250,PWD-OFF-018,2026-07-20T10:17:28+05:30,2026-08-07,2026-07-27T11:44:24+05:30,2026-08-06T08:20:52+05:30,"work under progress, now completed - photo uploaded",uploads/pwd/PWD-TSK-18530.jpg,2026-09-03T12:08:56+05:30,"checked, work ok",verified
PWD-TSK-18563,,PWD-INC-055681,"Attend roof leak / cracks - Govt Hr Sec School, Ashok Nagar",TLK09,Ashok Nagar,13.034443,80.226049,PWD-OFF-004,2026-07-20T10:24:13+05:30,2026-08-19,2026-07-21T14:14:17+05:30,2026-08-10T09:40:26+05:30,"temp props given, estimate sent for major repair - photo uploaded",uploads/pwd/PWD-TSK-18563.jpg,2026-08-17T11:04:35+05:30,"verified, ok",verified
PWD-TSK-18564,GRV-20260717-03531,,Petition: desilting of Buckingham Canal - Okkiyam stretch near Okkiyam Thoraipakkam,TLK13,Okkiyam Thoraipakkam,12.906288,80.223508,PWD-OFF-012,2026-07-20T11:29:32+05:30,2026-08-03,2026-07-20T17:07:59+05:30,2026-08-06T11:21:23+05:30,attended & completed - photo uploaded,uploads/pwd/PWD-TSK-18564.jpg,2026-08-24T10:08:52+05:30,"field verified by RDO, fine",verified
PWD-TSK-18565,GRV-20260716-07927,,"Grievance - seepage through Ambattur Lake bund, Ambattur",TLK02,Ambattur,13.113622,80.151224,PWD-OFF-014,2026-07-20T12:32:04+05:30,2026-09-14,2026-07-24T10:29:09+05:30,2026-07-30T09:02:20+05:30,bund top raised,uploads/pwd/PWD-TSK-18565.jpg,2026-08-24T10:08:36+05:30,"checked, work ok",verified
PWD-TSK-18621,,PWD-INC-055864,Inspect damage to Okkiyam Madavu Bridge,TLK13,Okkiyam Thoraipakkam,12.907991,80.222773,PWD-OFF-015,2026-07-20T16:09:07+05:30,2026-09-18,2026-07-30T10:49:59+05:30,2026-08-07T10:46:47+05:30,erosion protection w/ boulders done - photo uploaded,uploads/pwd/PWD-TSK-18621.jpg,2026-08-19T10:26:05+05:30,verified by DRO,verified
PWD-TSK-18622,,PWD-INC-055863,"Repair parapet/deck of Thiru. Vi. Ka. Bridge, Adyar",TLK10,Adyar,13.034469,80.258593,PWD-OFF-015,2026-07-20T16:54:28+05:30,2026-08-26,2026-07-30T12:41:59+05:30,,,,,,in_progress
PWD-TSK-18623,,PWD-INC-055870,Clear debris & rebuild wall - Royapettah,TLK10,Royapettah,13.032610,80.263982,PWD-OFF-015,2026-07-21T11:16:29+05:30,2026-08-03,2026-07-22T22:00:57+05:30,2026-07-25T08:30:37+05:30,"debris removed, estimate for new wall sent (JE)",uploads/pwd/PWD-TSK-18623.jpg,2026-08-27T11:35:25+05:30,"verified, ok",verified
PWD-TSK-18641,,PWD-INC-055926,"Inspect damage to Thiru. Vi. Ka. Bridge, Adyar",TLK10,Adyar,13.032650,80.258263,PWD-OFF-013,2026-07-21T17:55:51+05:30,2026-08-28,2026-07-24T12:38:53+05:30,2026-08-23T10:36:51+05:30,erosion protection w/ boulders done,uploads/pwd/PWD-TSK-18641.jpg,2026-08-24T10:40:40+05:30,"photo ok, closed",verified
PWD-TSK-18642,,PWD-INC-055927,Clear waterlogging at Villivakkam (Mettu St),TLK04,Villivakkam,13.096097,80.239112,PWD-OFF-019,2026-07-21T20:18:45+05:30,2026-07-22,2026-07-21T22:10:17+05:30,2026-08-18T17:47:03+05:30,balance work completed,uploads/pwd/PWD-TSK-18642.jpg,2026-08-24T10:25:43+05:30,"re-inspected, satisfactory now",verified
PWD-TSK-18643,GRV-20260720-40562,,Petition: desilting of Buckingham Canal - Okkiyam stretch near Okkiyam Thoraipakkam,TLK13,Okkiyam Thoraipakkam,12.905038,80.223700,PWD-OFF-016,2026-07-22T11:50:26+05:30,2026-08-05,2026-07-23T12:27:54+05:30,2026-07-26T09:32:24+05:30,silt removed 3 loads - AE,uploads/pwd/PWD-TSK-18643.jpg,2026-07-28T10:48:16+05:30,"checked, work ok",verified
PWD-TSK-18624,,PWD-INC-055869,Survey & evict encroachment - Velachery Lake,TLK16,Velachery,12.978873,80.221134,PWD-OFF-016,2026-07-22T11:58:48+05:30,2026-09-10,2026-08-12T11:02:47+05:30,2026-09-14T08:23:08+05:30,"fencing removed, boundary stones fixed",uploads/pwd/PWD-TSK-18624.jpg,,,completed_pending_verification
PWD-TSK-18661,,PWD-INC-055984,Survey & evict encroachment - Otteri Nullah - Kilpauk stretch,TLK12,Kilpauk,13.094293,80.258265,PWD-OFF-020,2026-07-22T14:41:21+05:30,2026-08-29,2026-07-31T16:52:55+05:30,2026-08-05T13:06:11+05:30,"huts removed, revenue dept present - AE",uploads/pwd/PWD-TSK-18661.jpg,2026-08-20T11:51:40+05:30,"verified, ok",verified
PWD-TSK-18681,,PWD-INC-056041,Clear debris & rebuild wall - NSK Nagar,TLK03,NSK Nagar,13.067039,80.230919,PWD-OFF-013,2026-07-23T07:24:37+05:30,2026-08-06,2026-07-23T13:01:39+05:30,2026-07-28T09:58:24+05:30,wall rebuilt approx 12m - AE,uploads/pwd/PWD-TSK-18681.jpg,2026-08-12T13:37:19+05:30,"checked, work ok",verified
PWD-TSK-18625,,PWD-INC-055868,Survey & evict encroachment - Chetpet Lake,TLK05,Chetpet,13.080086,80.260374,PWD-OFF-020,2026-07-23T10:11:55+05:30,2026-09-21,2026-07-27T11:59:32+05:30,2026-08-13T09:43:28+05:30,"huts removed, revenue dept present - AE",uploads/pwd/PWD-TSK-18625.jpg,2026-08-20T11:33:32+05:30,"verified, ok",verified
PWD-TSK-18662,,PWD-INC-055989,Inspect damage to Aminjikarai Cooum Bridge,TLK03,Aminjikarai,13.070693,80.221858,PWD-OFF-013,2026-07-23T10:27:43+05:30,2026-09-10,2026-08-24T11:10:41+05:30,,,,,,in_progress
PWD-TSK-18663,,PWD-INC-055985,"Attend roof leak / cracks - Govt Peripheral Hospital, Periyar Nagar",TLK04,Periyar Nagar,13.100298,80.228274,PWD-OFF-006,2026-07-23T12:17:41+05:30,2026-09-06,2026-07-27T14:48:15+05:30,2026-09-12T15:28:33+05:30,"inspected, minor cracks attended - AE",uploads/pwd/PWD-TSK-18663.jpg,2026-09-15T11:31:39+05:30,"verified, ok",verified
PWD-TSK-18664,,PWD-INC-055988,Remove encroachment on Chetpet Lake at Chetpet,TLK05,Chetpet,13.083157,80.261560,PWD-OFF-020,2026-07-23T12:44:59+05:30,2026-09-08,2026-07-24T11:32:07+05:30,2026-08-19T16:24:22+05:30,"fencing removed, boundary stones fixed",uploads/pwd/PWD-TSK-18664.jpg,2026-08-24T12:42:54+05:30,satisfactory,verified
PWD-TSK-18626,,PWD-INC-055867,Attend roof leak / cracks - Sholinganallur Taluk Office,TLK13,Sholinganallur,12.897402,80.226171,PWD-OFF-004,2026-07-23T14:28:19+05:30,2026-09-09,2026-07-24T13:25:54+05:30,2026-08-06T14:35:37+05:30,completed as per instructions (JE),uploads/pwd/PWD-TSK-18626.jpg,2026-08-10T10:10:25+05:30,"field verified by RDO, fine",verified
PWD-TSK-18682,,PWD-INC-056048,Sandbag bank of Buckingham Canal - Basin Bridge stretch near Pulianthope,TLK12,Pulianthope,13.085592,80.254003,PWD-OFF-019,2026-07-23T15:43:29+05:30,2026-07-28,2026-07-23T18:54:58+05:30,2026-07-26T10:57:30+05:30,sandbagging done approx 60m - photo uploaded,uploads/pwd/PWD-TSK-18682.jpg,2026-08-06T15:40:58+05:30,"field verified by RDO, fine",verified
PWD-TSK-18683,,PWD-INC-056049,Deploy pumpset & drain water - Jafferkhanpet,TLK06,Jafferkhanpet,13.004067,80.217200,PWD-OFF-019,2026-07-23T16:14:19+05:30,2026-07-26,2026-07-23T21:26:22+05:30,2026-07-26T11:35:35+05:30,cleared. monitoring.,uploads/pwd/PWD-TSK-18683.jpg,2026-08-03T10:12:08+05:30,"verified, ok",verified
PWD-TSK-18665,,PWD-INC-055986,"Structural inspection & repair - Govt Polytechnic College, Taramani",TLK16,Taramani,12.984295,80.214172,PWD-OFF-008,2026-07-23T21:58:00+05:30,2026-09-10,2026-08-15T20:07:14+05:30,2026-09-17T11:09:18+05:30,roof waterproofing done,uploads/pwd/PWD-TSK-18665.jpg,2026-09-21T12:33:51+05:30,"checked, work ok",verified
PWD-TSK-18666,,PWD-INC-055990,Attend sluice gate defect - Ambattur Lake Sluice,TLK02,Ambattur,13.111476,80.156391,PWD-OFF-014,2026-07-24T10:26:54+05:30,2026-08-12,2026-07-28T11:47:24+05:30,2026-07-30T08:25:18+05:30,rubber seal changed - photo uploaded,uploads/pwd/PWD-TSK-18666.jpg,2026-08-03T15:27:23+05:30,ok,verified
PWD-TSK-18667,,PWD-INC-055983,Desilt / clear blockage in Tondiarpet Macro Drain near Tondiarpet,TLK15,Tondiarpet,13.125497,80.289138,PWD-OFF-015,2026-07-24T10:42:09+05:30,2026-08-12,2026-07-24T14:02:47+05:30,2026-07-27T08:49:09+05:30,"desilted, silt shifted - photo uploaded",uploads/pwd/PWD-TSK-18667.jpg,2026-08-31T19:53:05+05:30,"photo ok, closed",verified
PWD-TSK-18761,,PWD-INC-056282,Deploy pumpset & drain water - Periyar Nagar,TLK04,Periyar Nagar,13.098681,80.225211,PWD-OFF-018,2026-07-27T09:19:03+05:30,2026-07-28,2026-07-27T13:17:34+05:30,2026-07-30T08:40:20+05:30,wrk completed pls verify,uploads/pwd/PWD-TSK-18761.jpg,2026-08-27T10:17:00+05:30,"field verified by RDO, fine",verified
PWD-TSK-18741,,PWD-INC-056222,"Structural inspection & repair - Govt Hr Sec School, Ashok Nagar",TLK09,Ashok Nagar,13.032448,80.226678,PWD-OFF-004,2026-07-27T10:02:25+05:30,2026-09-23,2026-07-27T13:12:17+05:30,2026-08-08T11:10:53+05:30,"inspected, minor cracks attended",uploads/pwd/PWD-TSK-18741.jpg,2026-08-17T10:38:24+05:30,satisfactory,verified
PWD-TSK-18701,GRV-20260724-42529,,Petition: Ennore Creek Regulator shutter not closing properly,TLK14,Ennore,13.162644,80.300069,PWD-OFF-014,2026-07-27T10:10:48+05:30,2026-08-08,2026-07-28T10:41:12+05:30,2026-07-30T10:13:21+05:30,rubber seal changed pls verify,uploads/pwd/PWD-TSK-18701.jpg,2026-08-10T11:45:26+05:30,"verified, ok",verified
PWD-TSK-18721,GRV-20260722-74016,,Petition: strengthen weak bund of Korattur Lake Bund,TLK02,Korattur,13.108411,80.157132,PWD-OFF-016,2026-07-27T11:00:25+05:30,2026-09-12,2026-08-04T10:46:56+05:30,2026-09-21T08:10:22+05:30,bund top raised,uploads/pwd/PWD-TSK-18721.jpg,,,completed_pending_verification
PWD-TSK-18722,,PWD-INC-056162,Attend roof leak / cracks - Govt Kilpauk Medical College Hospital,TLK12,Kilpauk,13.093703,80.254761,PWD-OFF-009,2026-07-27T11:55:28+05:30,2026-09-17,2026-08-05T10:52:43+05:30,2026-09-14T08:05:02+05:30,roof waterproofing done,uploads/pwd/PWD-TSK-18722.jpg,,,completed_pending_verification
PWD-TSK-18684,GRV-20260723-06534,,"Petition: remove encroachment on Cooum River - Koyambedu stretch, Koyambedu",TLK08,Koyambedu,13.064977,80.176165,PWD-OFF-020,2026-07-27T13:57:16+05:30,2026-09-11,2026-07-29T12:51:19+05:30,2026-08-20T12:44:00+05:30,"fencing removed, boundary stones fixed - photo uploaded",uploads/pwd/PWD-TSK-18684.jpg,2026-08-25T11:56:14+05:30,"photo ok, closed",verified
PWD-TSK-18723,GRV-20260722-65900,,"Grievance - unsafe building condition, Govt Kilpauk Medical College Hospital",TLK12,Kilpauk,13.095201,80.255042,PWD-OFF-007,2026-07-27T14:32:46+05:30,2026-09-12,2026-08-17T12:04:26+05:30,2026-08-31T18:56:47+05:30,"temp props given, estimate sent for major repair",uploads/pwd/PWD-TSK-18723.jpg,2026-09-03T10:09:59+05:30,verified by DRO,verified
PWD-TSK-18762,,PWD-INC-056283,Desilt / clear blockage in Virugambakkam-Arumbakkam Canal near Virugambakkam,TLK08,Virugambakkam,13.061878,80.175701,PWD-OFF-013,2026-07-27T14:56:34+05:30,2026-08-07,2026-08-05T09:39:59+05:30,2026-09-15T16:25:11+05:30,"drain mouth cleaned, hyacinth removed - photo uploaded",uploads/pwd/PWD-TSK-18762.jpg,,,completed_pending_verification
PWD-TSK-18742,,PWD-INC-056221,"Attend roof leak / cracks - Govt Girls Hr Sec School, Ambattur",TLK02,Ambattur,13.114731,80.152397,PWD-OFF-007,2026-07-28T13:50:54+05:30,2026-09-15,2026-07-29T10:02:21+05:30,2026-09-03T12:00:12+05:30,"crack sealed, plastering done",uploads/pwd/PWD-TSK-18742.jpg,2026-09-07T15:07:37+05:30,"photo ok, closed",verified
PWD-TSK-18763,,PWD-INC-056287,Repair parapet/deck of Aminjikarai Cooum Bridge,TLK03,Aminjikarai,13.073535,80.221980,PWD-OFF-013,2026-07-28T14:41:31+05:30,2026-09-19,2026-07-29T10:59:18+05:30,2026-09-12T11:09:54+05:30,parapet repaired.,uploads/pwd/PWD-TSK-18763.jpg,,,completed_pending_verification
PWD-TSK-18764,,PWD-INC-056286,"Attend sluice gate defect - Otteri Nullah Regulator, Basin Bridge",TLK12,Pulianthope,13.082794,80.257060,PWD-OFF-013,2026-07-28T14:42:07+05:30,2026-08-07,2026-07-29T10:36:47+05:30,2026-08-01T08:30:20+05:30,screw rod replaced (JE),uploads/pwd/PWD-TSK-18764.jpg,2026-08-13T11:22:55+05:30,satisfactory,verified
PWD-TSK-18781,,PWD-INC-056343,Survey & evict encroachment - Porur Lake,TLK08,Porur,13.057551,80.172070,PWD-OFF-020,2026-07-29T10:44:44+05:30,2026-09-12,2026-08-02T13:17:06+05:30,2026-08-08T17:10:08+05:30,"work under progress, now completed",uploads/pwd/PWD-TSK-18781.jpg,2026-09-18T10:11:41+05:30,"checked, work ok",verified
PWD-TSK-18743,,PWD-INC-056225,Attend sluice gate defect - Ennore Creek Regulator,TLK14,Ennore,13.162368,80.298506,PWD-OFF-015,2026-07-29T12:40:18+05:30,2026-08-16,2026-08-21T13:04:27+05:30,2026-08-26T09:11:29+05:30,screw rod replaced (JE),uploads/pwd/PWD-TSK-18743.jpg,2026-08-28T14:00:40+05:30,"photo ok, closed",verified
PWD-TSK-18782,GRV-20260727-52167,,Petition: Ambattur Lake Sluice shutter not closing properly,TLK02,Ambattur,13.111660,80.155391,PWD-OFF-014,2026-07-29T14:27:33+05:30,2026-08-09,2026-08-31T10:30:10+05:30,2026-09-17T11:51:33+05:30,"gate freed, working ok",uploads/pwd/PWD-TSK-18782.jpg,2026-09-18T10:28:30+05:30,verified by DRO,verified
PWD-TSK-18765,,PWD-INC-056289,Structural inspection & repair - Govt Kilpauk Medical College Hospital,TLK12,Kilpauk,13.092240,80.255150,PWD-OFF-009,2026-07-29T14:43:51+05:30,2026-09-16,2026-08-18T11:03:08+05:30,2026-09-05T08:58:39+05:30,"temp props given, estimate sent for major repair (JE)",uploads/pwd/PWD-TSK-18765.jpg,,,completed_pending_verification
PWD-TSK-18766,,PWD-INC-056284,Clear choked Virugambakkam-Arumbakkam Canal at Thiruvalluvar St,TLK08,Virugambakkam,13.061830,80.173219,PWD-OFF-013,2026-07-29T17:06:27+05:30,2026-08-05,2026-08-19T11:02:26+05:30,2026-08-22T17:45:29+05:30,"desilted, silt shifted pls verify",uploads/pwd/PWD-TSK-18766.jpg,2026-08-27T11:55:15+05:30,"field verified by RDO, fine",verified
PWD-TSK-18821,,PWD-INC-056468,Clear waterlogging at Dhandeeswaram (Jeevan Nagar 2nd St),TLK16,Dhandeeswaram,12.982462,80.225085,PWD-OFF-016,2026-07-30T08:55:06+05:30,2026-07-31,2026-07-30T14:23:40+05:30,2026-08-01T10:20:23+05:30,"water pumped out, road clear - AE",uploads/pwd/PWD-TSK-18821.jpg,2026-08-05T11:39:33+05:30,"verified, ok",verified
PWD-TSK-18822,,PWD-INC-056461,Deploy pumpset & drain water - Nanganallur,TLK01,Nanganallur,12.994129,80.196213,PWD-OFF-016,2026-07-30T10:05:20+05:30,2026-08-02,2026-07-30T10:58:26+05:30,2026-08-02T08:32:07+05:30,"2 pumpsets deployed, water drained (JE)",uploads/pwd/PWD-TSK-18822.jpg,2026-08-07T10:30:46+05:30,"checked, work ok",verified
PWD-TSK-18823,,PWD-INC-056464,"Pump out stagnant water - East St, Ashok Nagar",TLK09,Ashok Nagar,13.035495,80.226426,PWD-OFF-019,2026-07-30T10:17:27+05:30,2026-08-02,2026-07-31T13:23:20+05:30,2026-09-22T10:36:43+05:30,balance work completed,uploads/pwd/PWD-TSK-18823.jpg,,,completed_pending_verification
PWD-TSK-18783,,PWD-INC-056341,Repair shutter of Velachery Lake Surplus Sluice,TLK16,Velachery,12.978523,80.223623,PWD-OFF-016,2026-07-30T11:01:48+05:30,2026-08-15,2026-09-06T21:47:44+05:30,2026-09-09T09:19:14+05:30,screw rod replaced,uploads/pwd/PWD-TSK-18783.jpg,2026-09-18T11:30:49+05:30,"site inspected, satisfactory",verified
PWD-TSK-18824,,PWD-INC-056466,"Remove collapsed wall debris near Railway Station Rd, Royapettah",TLK10,Royapettah,13.031859,80.264908,PWD-OFF-006,2026-07-30T11:15:57+05:30,2026-08-12,2026-08-01T08:59:45+05:30,2026-08-08T13:37:38+05:30,"debris removed, estimate for new wall sent",uploads/pwd/PWD-TSK-18824.jpg,2026-08-12T11:05:05+05:30,satisfactory,verified
PWD-TSK-18801,,PWD-INC-056407,Survey & evict encroachment - Pallikaranai Marsh Outlet Drain,TLK13,Pallikaranai,12.902529,80.224125,PWD-OFF-016,2026-07-30T11:21:23+05:30,2026-09-20,2026-09-03T10:56:26+05:30,2026-09-22T09:00:26+05:30,"fencing removed, boundary stones fixed - AE",uploads/pwd/PWD-TSK-18801.jpg,,,completed_pending_verification
PWD-TSK-18802,GRV-20260728-48039,,Grievance - illegal construction in Mogappair Eri,TLK02,Mogappair,13.112485,80.154761,PWD-OFF-020,2026-07-30T11:24:32+05:30,2026-08-31,2026-08-03T11:38:45+05:30,2026-09-06T11:01:33+05:30,encroachment removed with police help pls verify,uploads/pwd/PWD-TSK-18802.jpg,,,completed_pending_verification
PWD-TSK-18825,,PWD-INC-056467,Deploy pumpset & drain water - St. Thomas Mount,TLK01,St. Thomas Mount,12.990383,80.202382,PWD-OFF-016,2026-07-30T11:45:47+05:30,2026-08-01,2026-07-30T13:25:09+05:30,2026-08-01T15:19:40+05:30,"water pumped out, road clear (JE)",uploads/pwd/PWD-TSK-18825.jpg,2026-09-03T10:54:22+05:30,"checked, work ok",verified
PWD-TSK-18826,,PWD-INC-056482,Clear waterlogging at Guindy Industrial Estate (Church St),TLK06,Guindy Industrial Estate,13.009967,80.207809,PWD-OFF-017,2026-07-30T12:43:53+05:30,2026-08-02,2026-07-30T13:20:00+05:30,2026-08-02T10:47:06+05:30,stagnation cleared by evening pls verify,uploads/pwd/PWD-TSK-18826.jpg,2026-08-07T10:41:09+05:30,"site inspected, satisfactory",verified
PWD-TSK-18827,,PWD-INC-056488,Clear debris & rebuild wall - Chetpet,TLK05,Chetpet,13.077644,80.261248,PWD-OFF-013,2026-07-30T15:48:35+05:30,2026-08-17,2026-07-31T11:25:48+05:30,2026-08-11T11:57:00+05:30,wall rebuilt approx 12m,uploads/pwd/PWD-TSK-18827.jpg,2026-09-17T15:12:14+05:30,verified. good work,verified
PWD-TSK-18828,,PWD-INC-056487,"Pump out stagnant water - Subramaniyar Koil St, Guindy Industrial Estate",TLK06,Guindy Industrial Estate,13.008010,80.213724,PWD-OFF-017,2026-07-30T16:13:52+05:30,2026-08-02,2026-07-30T21:47:21+05:30,2026-08-02T10:16:22+05:30,"water receded, inlet cleaned - photo uploaded",uploads/pwd/PWD-TSK-18828.jpg,2026-08-05T14:33:11+05:30,verified by DRO,verified
PWD-TSK-18829,,PWD-INC-056495,Inspect & control overflow in Adyar River - Nandambakkam stretch at Nandambakkam,TLK01,Nandambakkam,12.997213,80.207284,PWD-OFF-019,2026-07-30T16:37:07+05:30,2026-08-03,2026-07-30T19:41:55+05:30,2026-08-02T11:39:10+05:30,"vent cleared, level coming down",uploads/pwd/PWD-TSK-18829.jpg,2026-08-20T15:51:08+05:30,verified. good work,verified
PWD-TSK-18830,,PWD-INC-056493,"Remove collapsed wall debris near Old Colony 1st St, St. Thomas Mount",TLK01,St. Thomas Mount,12.990834,80.205045,PWD-OFF-016,2026-07-30T17:40:20+05:30,2026-08-16,2026-07-31T22:35:44+05:30,2026-08-29T15:36:57+05:30,"rework done, debris cleared fully",uploads/pwd/PWD-TSK-18830.jpg,2026-09-07T12:36:05+05:30,"re-inspected, satisfactory now",verified
PWD-TSK-18831,,PWD-INC-056499,Clear surplus channel of Velachery Lake,TLK16,Velachery,12.980678,80.220153,PWD-OFF-019,2026-07-30T20:58:20+05:30,2026-08-04,2026-07-31T10:46:59+05:30,2026-09-17T11:50:18+05:30,"reattended, photo re-uploaded",uploads/pwd/PWD-TSK-18831.jpg,2026-09-23T11:41:09+05:30,"rework verified, ok",verified
PWD-TSK-18832,,PWD-INC-056502,"Pump out stagnant water - Vinayagar Koil St, Jafferkhanpet",TLK06,Jafferkhanpet,13.009819,80.219854,PWD-OFF-017,2026-07-30T21:56:04+05:30,2026-08-01,2026-08-03T10:14:30+05:30,2026-08-15T08:36:26+05:30,"2 pumpsets deployed, water drained",uploads/pwd/PWD-TSK-18832.jpg,2026-08-24T10:34:48+05:30,satisfactory,verified
PWD-TSK-18803,,PWD-INC-056411,Repair parapet/deck of Manali Kosasthalaiyar Causeway,TLK14,Manali,13.160179,80.303624,PWD-OFF-015,2026-07-31T10:19:27+05:30,2026-09-11,2026-09-07T16:28:52+05:30,,,,,,in_progress
PWD-TSK-18833,,PWD-INC-056505,Clear waterlogging at Guindy Industrial Estate (Kannadasan St),TLK06,Guindy Industrial Estate,13.011400,80.210938,PWD-OFF-019,2026-07-31T10:51:36+05:30,2026-08-01,2026-07-31T12:25:12+05:30,2026-08-02T18:48:04+05:30,"water pumped out, road clear (JE)",uploads/pwd/PWD-TSK-18833.jpg,2026-08-14T12:36:07+05:30,verified by DRO,verified
PWD-TSK-18834,,PWD-INC-056503,Inspect & control overflow in Veerangal Odai at Velachery,TLK16,Velachery,12.978277,80.221413,PWD-OFF-016,2026-07-31T11:13:15+05:30,2026-08-05,2026-08-03T00:33:28+05:30,2026-08-06T11:04:48+05:30,wrk completed (JE),uploads/pwd/PWD-TSK-18834.jpg,2026-09-01T16:08:39+05:30,"photo ok, closed",verified
PWD-TSK-18804,,PWD-INC-056405,Desilt / clear blockage in Otteri Nullah - Ayanavaram stretch near Ayanavaram,TLK04,Ayanavaram,13.098288,80.236327,PWD-OFF-015,2026-07-31T11:50:09+05:30,2026-08-21,2026-08-04T10:55:43+05:30,2026-08-08T13:56:53+05:30,completed as per instructions pls verify,uploads/pwd/PWD-TSK-18804.jpg,2026-09-07T16:49:42+05:30,only partial work done,reopened
PWD-TSK-18835,,PWD-INC-056486,"Attend roof leak / cracks - Govt Hr Sec School, Ashok Nagar",TLK09,Ashok Nagar,13.034026,80.224423,PWD-OFF-007,2026-07-31T12:20:13+05:30,2026-09-15,2026-08-17T11:55:13+05:30,2026-09-12T13:07:09+05:30,redone as per Collr remarks,uploads/pwd/PWD-TSK-18835.jpg,2026-09-18T10:55:14+05:30,"ok now, closed",verified
PWD-TSK-18836,,PWD-INC-056494,Attend roof leak / cracks - Govt Stanley Hospital - OP Block,TLK15,Old Washermanpet,13.128556,80.290344,PWD-OFF-003,2026-07-31T13:04:06+05:30,2026-09-18,2026-08-04T10:39:03+05:30,2026-09-04T08:40:29+05:30,weathering course redone,uploads/pwd/PWD-TSK-18836.jpg,2026-09-23T12:29:07+05:30,"field verified by RDO, fine",verified
PWD-TSK-18837,,PWD-INC-056477,Desilt / clear blockage in Anna Nagar Macro Drain near Anna Nagar,TLK03,Anna Nagar,13.069801,80.221190,PWD-OFF-013,2026-07-31T16:18:59+05:30,2026-08-09,2026-08-19T12:02:32+05:30,2026-08-24T09:37:38+05:30,"desilting done, debris cleared - AE",uploads/pwd/PWD-TSK-18837.jpg,2026-08-27T13:26:25+05:30,verified. good work,verified
PWD-TSK-18841,,PWD-INC-056531,Clear waterlogging at Manjambakkam (Market Rd),TLK07,Manjambakkam,13.144279,80.227863,PWD-OFF-014,2026-07-31T17:45:14+05:30,2026-08-01,2026-07-31T18:11:34+05:30,2026-08-03T10:03:02+05:30,"water receded, inlet cleaned pls verify",uploads/pwd/PWD-TSK-18841.jpg,2026-08-19T10:53:17+05:30,"photo ok, closed",verified
PWD-TSK-18842,GRV-20260730-87518,,Petition: strengthen weak bund of Velachery Lake,TLK16,Velachery,12.981919,80.217569,PWD-OFF-016,2026-08-03T10:10:11+05:30,2026-09-06,2026-09-11T10:43:58+05:30,2026-09-15T17:58:58+05:30,bund top raised (JE),uploads/pwd/PWD-TSK-18842.jpg,,,completed_pending_verification
PWD-TSK-18843,,PWD-INC-056539,Desilt / clear blockage in Madhavaram Surplus Drain near Madhavaram Milk Colony,TLK07,Madhavaram Milk Colony,13.143477,80.239457,PWD-OFF-018,2026-08-03T10:23:32+05:30,2026-08-12,2026-08-03T15:44:47+05:30,2026-08-08T15:22:14+05:30,"desilting done, debris cleared",uploads/pwd/PWD-TSK-18843.jpg,2026-08-24T10:17:53+05:30,verified. good work,verified
PWD-TSK-18844,,PWD-INC-056521,Desilt / clear blockage in Guindy Industrial Estate Storm Water Channel near Guindy Industrial Estate,TLK06,Guindy Industrial Estate,13.009678,80.207974,PWD-OFF-017,2026-08-03T10:28:35+05:30,2026-08-15,2026-09-15T10:07:46+05:30,,,,,,in_progress
PWD-TSK-18845,GRV-20260726-28861,,Petition: repair leaking roof / cracks at King Institute of Preventive Medicine,TLK06,Guindy,13.006942,80.214327,PWD-OFF-004,2026-08-03T10:30:37+05:30,2026-09-24,2026-08-04T10:06:35+05:30,2026-08-15T08:17:57+05:30,weathering course redone - photo uploaded,uploads/pwd/PWD-TSK-18845.jpg,2026-08-17T10:31:14+05:30,"site inspected, satisfactory",verified
PWD-TSK-18846,,PWD-INC-056552,Desilt / clear blockage in Madhavaram Surplus Drain near Madhavaram Milk Colony,TLK07,Madhavaram Milk Colony,13.144470,80.236673,PWD-OFF-016,2026-08-03T10:42:36+05:30,2026-08-22,2026-09-08T12:40:05+05:30,2026-09-21T15:13:23+05:30,"desilting done, debris cleared",uploads/pwd/PWD-TSK-18846.jpg,,,completed_pending_verification
PWD-TSK-18847,,PWD-INC-056533,Desilt / clear blockage in Virugambakkam-Arumbakkam Canal near Virugambakkam,TLK08,Virugambakkam,13.061941,80.176076,PWD-OFF-013,2026-08-03T10:44:05+05:30,2026-08-14,2026-08-05T11:13:53+05:30,2026-08-10T10:54:25+05:30,"drain mouth cleaned, hyacinth removed pls verify",uploads/pwd/PWD-TSK-18847.jpg,2026-09-07T14:23:32+05:30,"site inspected, satisfactory",verified
PWD-TSK-18838,,PWD-INC-056497,Attend roof leak / cracks - Govt Royapettah Hospital,TLK10,Royapettah,13.032393,80.266851,PWD-OFF-004,2026-08-03T10:57:15+05:30,2026-09-09,2026-08-04T10:04:11+05:30,2026-08-15T11:21:09+05:30,roof waterproofing done pls verify,uploads/pwd/PWD-TSK-18838.jpg,2026-08-24T10:00:38+05:30,verified. good work,verified
PWD-TSK-18848,,PWD-INC-056532,Survey & evict encroachment - Ambattur Lake,TLK02,Ambattur,13.114345,80.151428,PWD-OFF-016,2026-08-03T10:57:46+05:30,2026-09-04,2026-08-06T20:11:52+05:30,2026-09-20T11:50:14+05:30,redone as per Collr remarks,uploads/pwd/PWD-TSK-18848.jpg,2026-09-23T10:49:22+05:30,"rework verified, ok",verified
PWD-TSK-18849,,PWD-INC-056536,"Remove collapsed wall debris near Bharathi St, Saidapet",TLK06,Saidapet,13.010858,80.209528,PWD-OFF-012,2026-08-03T11:13:04+05:30,2026-08-18,2026-08-03T12:32:02+05:30,2026-08-23T10:23:48+05:30,"debris removed, estimate for new wall sent",uploads/pwd/PWD-TSK-18849.jpg,2026-09-16T15:38:17+05:30,verified by DRO,verified
PWD-TSK-18850,,PWD-INC-056547,Inspect damage to Aminjikarai Cooum Bridge,TLK03,Aminjikarai,13.072537,80.222097,PWD-OFF-013,2026-08-03T11:34:29+05:30,2026-09-27,2026-08-05T10:13:50+05:30,2026-08-25T11:07:03+05:30,work completed.,uploads/pwd/PWD-TSK-18850.jpg,2026-09-03T11:33:42+05:30,verified by DRO,verified
PWD-TSK-18851,,PWD-INC-056541,Attend sluice gate defect - Retteri Lake Sluice,TLK07,Retteri,13.149944,80.230837,PWD-OFF-018,2026-08-03T12:13:21+05:30,2026-08-26,2026-08-18T15:12:23+05:30,2026-08-28T08:03:25+05:30,rubber seal changed,uploads/pwd/PWD-TSK-18851.jpg,2026-09-24T12:02:50+05:30,"water still stagnant at site, redo",reopened
PWD-TSK-18852,,PWD-INC-056537,Inspect & control overflow in Cooum River - Chetpet stretch at Chetpet,TLK05,Chetpet,13.080809,80.262310,PWD-OFF-019,2026-08-03T12:19:23+05:30,2026-08-06,2026-08-04T12:12:05+05:30,2026-08-06T08:48:04+05:30,"flow normal now, debris removed at bridge (JE)",uploads/pwd/PWD-TSK-18852.jpg,2026-08-25T16:29:34+05:30,verified by DRO,verified
PWD-TSK-18853,,PWD-INC-056530,"Remove collapsed wall debris near Balaji Nagar Main Rd, Retteri",TLK07,Retteri,13.153079,80.229972,PWD-OFF-018,2026-08-03T12:20:11+05:30,2026-08-21,2026-08-03T19:22:45+05:30,2026-08-08T09:27:55+05:30,"debris cleared, barricade put - AE",uploads/pwd/PWD-TSK-18853.jpg,2026-09-21T10:47:39+05:30,"photo not clear, re-submit",reopened
PWD-TSK-18854,GRV-20260726-61638,,Petition: strengthen weak bund of Velachery Lake,TLK16,Velachery,12.980792,80.221512,PWD-OFF-016,2026-08-03T12:42:10+05:30,2026-09-26,2026-08-10T17:51:12+05:30,2026-08-20T10:32:40+05:30,bund strengthened with earth & sand bags,uploads/pwd/PWD-TSK-18854.jpg,2026-09-15T11:41:49+05:30,"field verified by RDO, fine",verified
PWD-TSK-18855,,PWD-INC-056540,Attend sluice gate defect - Ennore Creek Regulator,TLK14,Ennore,13.161919,80.300423,PWD-OFF-015,2026-08-03T12:55:10+05:30,2026-08-25,2026-08-04T10:29:10+05:30,2026-09-07T09:58:47+05:30,shutter repaired & greased - photo uploaded,uploads/pwd/PWD-TSK-18855.jpg,2026-09-22T11:22:39+05:30,"photo not clear, re-submit",reopened
PWD-TSK-18839,,PWD-INC-056504,"Attend roof leak / cracks - Govt Girls Hr Sec School, Ambattur",TLK02,Ambattur,13.116024,80.153532,PWD-OFF-007,2026-08-03T13:42:13+05:30,2026-09-20,2026-08-06T10:47:08+05:30,2026-08-12T12:23:19+05:30,"crack sealed, plastering done",uploads/pwd/PWD-TSK-18839.jpg,2026-08-14T10:32:56+05:30,"checked, work ok",verified
PWD-TSK-18861,GRV-20260727-78330,,Grievance - illegal construction in Cooum River - Arumbakkam stretch,TLK03,Arumbakkam,13.078392,80.225357,PWD-OFF-013,2026-08-03T14:22:48+05:30,2026-09-02,2026-08-07T10:03:52+05:30,2026-08-22T10:59:57+05:30,notice served & removed - AE,uploads/pwd/PWD-TSK-18861.jpg,2026-09-07T11:15:38+05:30,debris not removed fully,reopened
PWD-TSK-18921,,PWD-INC-056761,Deploy pumpset & drain water - Retteri,TLK07,Retteri,13.153747,80.226624,PWD-OFF-018,2026-08-04T10:05:14+05:30,2026-08-07,2026-08-04T14:17:51+05:30,2026-08-06T12:04:43+05:30,"drained, silt removed at inlet",uploads/pwd/PWD-TSK-18921.jpg,2026-08-18T12:43:22+05:30,"verified, ok",verified
PWD-TSK-18881,,PWD-INC-056643,Attend roof leak / cracks - Govt Stanley Hospital - OP Block,TLK15,Old Washermanpet,13.127249,80.290132,PWD-OFF-003,2026-08-04T17:50:24+05:30,2026-09-27,2026-08-17T10:18:06+05:30,2026-08-28T11:11:49+05:30,done. photo attached.,uploads/pwd/PWD-TSK-18881.jpg,2026-09-03T10:20:13+05:30,"field verified by RDO, fine",verified
PWD-TSK-18901,GRV-20260731-98359,,Petition: remove water hyacinth in Madhavaram Lake,TLK07,Madhavaram,13.147489,80.232491,PWD-OFF-014,2026-08-05T10:01:14+05:30,2026-08-24,2026-08-05T11:46:31+05:30,2026-08-08T10:26:26+05:30,"blockage cleared, flow ok - AE",uploads/pwd/PWD-TSK-18901.jpg,2026-09-09T10:38:15+05:30,"verified, ok",verified
PWD-TSK-18922,,PWD-INC-056762,Clear choked Buckingham Canal - Mandaveli stretch at Subramaniyar Koil St,TLK10,Mandaveli,13.032895,80.259037,PWD-OFF-017,2026-08-05T10:44:30+05:30,2026-08-14,2026-08-27T10:48:21+05:30,2026-09-12T10:55:27+05:30,"drain mouth cleaned, hyacinth removed - AE",uploads/pwd/PWD-TSK-18922.jpg,,,completed_pending_verification
PWD-TSK-18902,,PWD-INC-056709,Inspect damage to Napier Bridge,TLK10,Triplicane,13.031462,80.269242,PWD-OFF-017,2026-08-05T10:46:31+05:30,2026-09-09,2026-08-09T14:29:55+05:30,2026-09-05T15:48:56+05:30,"railing fixed, potholes patched pls verify",uploads/pwd/PWD-TSK-18902.jpg,2026-09-22T11:30:00+05:30,"photo ok, closed",verified
PWD-TSK-18923,GRV-20260804-81527,,Petition: desilting of Buckingham Canal - Okkiyam stretch near Okkiyam Thoraipakkam,TLK13,Okkiyam Thoraipakkam,12.905554,80.221390,PWD-OFF-012,2026-08-05T11:13:11+05:30,2026-08-22,2026-08-06T10:56:50+05:30,2026-08-22T18:38:42+05:30,balance work completed,uploads/pwd/PWD-TSK-18923.jpg,2026-08-25T10:37:22+05:30,"re-inspected, satisfactory now",verified
PWD-TSK-18941,,PWD-INC-056824,Clear waterlogging at Injambakkam (Lake View Rd),TLK13,Injambakkam,12.900765,80.232693,PWD-OFF-012,2026-08-05T11:26:51+05:30,2026-08-06,2026-08-10T11:33:22+05:30,2026-08-11T09:06:26+05:30,"water receded, inlet cleaned",uploads/pwd/PWD-TSK-18941.jpg,2026-08-31T10:19:11+05:30,"checked, work ok",verified
PWD-TSK-18942,,PWD-INC-056823,"Pump out stagnant water - 5th Cross St, Ekkatuthangal",TLK06,Ekkatuthangal,13.003007,80.210276,PWD-OFF-012,2026-08-05T11:40:17+05:30,2026-08-06,2026-08-05T15:14:38+05:30,2026-08-07T15:58:20+05:30,"2 pumpsets deployed, water drained",uploads/pwd/PWD-TSK-18942.jpg,2026-08-18T11:42:20+05:30,"photo ok, closed",verified
PWD-TSK-18903,,PWD-INC-056711,Attend roof leak / cracks - Govt Royapettah Hospital,TLK10,Royapettah,13.029937,80.267633,PWD-OFF-004,2026-08-05T12:02:58+05:30,2026-09-15,2026-08-06T14:08:19+05:30,2026-08-21T08:35:31+05:30,attended & completed.,uploads/pwd/PWD-TSK-18903.jpg,2026-09-10T11:43:07+05:30,satisfactory,verified
PWD-TSK-18904,GRV-20260802-84465,,Petition: remove water hyacinth in Virugambakkam-Arumbakkam Canal,TLK08,Virugambakkam,13.064245,80.174846,PWD-OFF-013,2026-08-05T15:25:42+05:30,2026-08-20,2026-09-10T10:49:13+05:30,2026-09-14T11:36:09+05:30,silt removed 3 loads pls verify,uploads/pwd/PWD-TSK-18904.jpg,,,completed_pending_verification
PWD-TSK-18943,,PWD-INC-056829,Deploy pumpset & drain water - Mathur,TLK07,Mathur,13.147842,80.235053,PWD-OFF-018,2026-08-05T20:25:37+05:30,2026-08-08,2026-08-05T21:32:42+05:30,2026-09-15T10:18:40+05:30,redone as per Collr remarks,uploads/pwd/PWD-TSK-18943.jpg,2026-09-21T11:34:14+05:30,"ok now, closed",verified
PWD-TSK-18905,,PWD-INC-056702,Clear choked Captain Cotton Canal - Vyasarpadi stretch at Pillaiyar Koil St,TLK11,Vyasarpadi,13.116833,80.238147,PWD-OFF-018,2026-08-06T10:18:35+05:30,2026-08-23,2026-08-07T13:44:32+05:30,2026-08-31T08:56:38+05:30,redone as per Collr remarks,uploads/pwd/PWD-TSK-18905.jpg,2026-09-07T10:31:31+05:30,"ok now, closed",verified
PWD-TSK-18924,GRV-20260803-88363,,Petition: desilting of Buckingham Canal - Korukkupet stretch near Korukkupet,TLK15,Korukkupet,13.134473,80.288770,PWD-OFF-015,2026-08-06T11:06:55+05:30,2026-08-13,2026-08-20T10:43:57+05:30,2026-08-22T11:43:28+05:30,"desilting done, debris cleared - AE",uploads/pwd/PWD-TSK-18924.jpg,2026-09-21T11:08:47+05:30,wrong location photo uploaded,reopened
PWD-TSK-18925,GRV-20260802-18705,,Petition: Ambattur Lake Sluice shutter not closing properly,TLK02,Ambattur,13.113078,80.153521,PWD-OFF-016,2026-08-06T13:03:15+05:30,2026-08-21,2026-08-20T10:28:23+05:30,2026-09-05T10:37:54+05:30,screw rod replaced - photo uploaded,uploads/pwd/PWD-TSK-18925.jpg,2026-09-15T10:43:54+05:30,ok,verified
PWD-TSK-18926,,PWD-INC-056769,"Attend sluice gate defect - Otteri Nullah Regulator, Basin Bridge",TLK12,Pulianthope,13.086851,80.254871,PWD-OFF-013,2026-08-06T13:31:53+05:30,2026-08-24,2026-08-17T10:53:05+05:30,2026-09-17T09:22:25+05:30,rubber seal changed - AE,uploads/pwd/PWD-TSK-18926.jpg,,,completed_pending_verification
PWD-TSK-18927,,PWD-INC-056771,Attend roof leak / cracks - Govt Stanley Hospital - OP Block,TLK15,Old Washermanpet,13.130577,80.291450,PWD-OFF-003,2026-08-06T14:27:55+05:30,2026-10-04,2026-08-07T11:22:05+05:30,2026-08-28T11:24:33+05:30,"inspected, minor cracks attended pls verify",uploads/pwd/PWD-TSK-18927.jpg,2026-09-10T14:39:04+05:30,"checked, work ok",verified
PWD-TSK-18944,,PWD-INC-056839,Clear waterlogging at Villivakkam (4th St),TLK04,Villivakkam,13.094720,80.235753,PWD-OFF-015,2026-08-06T14:34:15+05:30,2026-08-09,2026-08-06T20:24:37+05:30,2026-09-10T10:54:14+05:30,redone as per Collr remarks,uploads/pwd/PWD-TSK-18944.jpg,2026-09-18T10:02:09+05:30,"rework verified, ok",verified
PWD-TSK-18928,,PWD-INC-056767,Attend roof leak / cracks - Govt Kilpauk Medical College Hospital,TLK12,Kilpauk,13.094805,80.255378,PWD-OFF-007,2026-08-06T15:06:40+05:30,2026-10-05,2026-08-24T17:17:04+05:30,2026-08-31T09:41:08+05:30,"inspected, minor cracks attended.",uploads/pwd/PWD-TSK-18928.jpg,2026-09-22T10:12:53+05:30,"photo ok, closed",verified
PWD-TSK-18945,,PWD-INC-056840,"Pump out stagnant water - New Colony 2nd St, Pulianthope",TLK12,Pulianthope,13.083645,80.259355,PWD-OFF-019,2026-08-06T15:19:59+05:30,2026-08-08,2026-08-06T16:18:33+05:30,2026-08-09T09:45:59+05:30,"drained, silt removed at inlet",uploads/pwd/PWD-TSK-18945.jpg,2026-08-17T10:22:46+05:30,"checked, work ok",verified
PWD-TSK-18929,,PWD-INC-056766,Structural inspection & repair - Govt Royapettah Hospital,TLK10,Royapettah,13.031732,80.267185,PWD-OFF-004,2026-08-06T17:04:56+05:30,2026-10-05,2026-08-07T10:58:51+05:30,2026-08-10T11:18:56+05:30,"temp props given, estimate sent for major repair.",uploads/pwd/PWD-TSK-18929.jpg,2026-08-14T11:14:16+05:30,"site inspected, satisfactory",verified
PWD-TSK-18930,,PWD-INC-056763,Desilt / clear blockage in Buckingham Canal - Mandaveli stretch near Mandaveli,TLK10,Mandaveli,13.034499,80.260787,PWD-OFF-013,2026-08-06T17:48:17+05:30,2026-08-24,2026-08-07T14:06:49+05:30,2026-08-14T09:36:52+05:30,"blockage cleared, flow ok.",uploads/pwd/PWD-TSK-18930.jpg,2026-08-27T10:16:29+05:30,"verified, ok",verified
PWD-TSK-18946,GRV-20260803-57327,,Petition: desilting of Mambalam Canal Macro Drain near T. Nagar,TLK09,T. Nagar,13.034360,80.222691,PWD-OFF-012,2026-08-07T11:06:58+05:30,2026-08-27,2026-08-31T10:03:31+05:30,2026-09-03T08:06:53+05:30,"desilted, silt shifted (JE)",uploads/pwd/PWD-TSK-18946.jpg,,,completed_pending_verification
PWD-TSK-18961,,PWD-INC-056888,"Structural inspection & repair - Govt Peripheral Hospital, K.K. Nagar",TLK09,K.K. Nagar,13.038678,80.221708,PWD-OFF-006,2026-08-07T14:18:03+05:30,2026-09-25,2026-08-11T17:25:25+05:30,2026-09-08T08:04:46+05:30,redone as per Collr remarks,uploads/pwd/PWD-TSK-18961.jpg,2026-09-17T15:29:33+05:30,"rework verified, ok",verified
PWD-TSK-19021,,PWD-INC-057072,"Remove collapsed wall debris near 4th St, Jafferkhanpet",TLK06,Jafferkhanpet,13.007811,80.217498,PWD-OFF-012,2026-08-09T21:17:44+05:30,2026-08-18,2026-08-10T02:31:19+05:30,2026-09-21T18:17:30+05:30,work completed - AE,uploads/pwd/PWD-TSK-19021.jpg,,,completed_pending_verification
PWD-TSK-19022,,PWD-INC-057082,Deploy pumpset & drain water - Ashok Nagar,TLK09,Ashok Nagar,13.036810,80.225162,PWD-OFF-012,2026-08-10T10:00:44+05:30,2026-08-12,2026-08-13T00:03:42+05:30,2026-08-15T11:26:14+05:30,stagnation cleared by evening - photo uploaded,uploads/pwd/PWD-TSK-19022.jpg,2026-09-01T10:55:44+05:30,"verified, ok",verified
PWD-TSK-18962,,PWD-INC-056892,Survey & evict encroachment - Korattur Lake,TLK02,Korattur,13.106970,80.159152,PWD-OFF-020,2026-08-10T10:07:09+05:30,2026-09-20,2026-08-11T10:17:06+05:30,2026-08-29T12:46:03+05:30,done. photo attached - AE,uploads/pwd/PWD-TSK-18962.jpg,2026-09-07T16:23:00+05:30,"site inspected, satisfactory",verified
PWD-TSK-19023,,PWD-INC-057097,"Pump out stagnant water - North St, Vyasarpadi",TLK11,Vyasarpadi,13.113953,80.240879,PWD-OFF-015,2026-08-10T10:23:19+05:30,2026-08-13,2026-08-10T16:15:16+05:30,2026-08-13T10:54:39+05:30,cleared. monitoring.,uploads/pwd/PWD-TSK-19023.jpg,2026-08-17T11:08:15+05:30,ok,verified
PWD-TSK-19024,,PWD-INC-057083,Deploy pumpset & drain water - Ram Nagar,TLK16,Ram Nagar,12.975722,80.225203,PWD-OFF-019,2026-08-10T10:24:11+05:30,2026-08-12,2026-08-10T15:26:41+05:30,2026-08-13T12:28:17+05:30,"water pumped out, road clear - photo uploaded",uploads/pwd/PWD-TSK-19024.jpg,2026-09-02T10:35:46+05:30,"field verified by RDO, fine",verified
PWD-TSK-19001,,PWD-INC-057002,"Repair shutter of Otteri Nullah Regulator, Basin Bridge",TLK12,Pulianthope,13.085181,80.255120,PWD-OFF-015,2026-08-10T10:29:31+05:30,2026-08-30,2026-08-12T12:59:51+05:30,2026-09-09T10:53:01+05:30,screw rod replaced - AE,uploads/pwd/PWD-TSK-19001.jpg,2026-09-15T10:05:59+05:30,"water still stagnant at site, redo",reopened
PWD-TSK-18981,,PWD-INC-056948,Clear debris & rebuild wall - Arumbakkam,TLK03,Arumbakkam,13.079369,80.225540,PWD-OFF-013,2026-08-10T10:49:27+05:30,2026-08-31,2026-08-10T14:45:41+05:30,2026-08-27T18:08:25+05:30,"rework done, debris cleared fully",uploads/pwd/PWD-TSK-18981.jpg,2026-09-07T12:02:12+05:30,"ok now, closed",verified
PWD-TSK-19025,,PWD-INC-057103,Clear waterlogging at Dhandeeswaram (Subramaniyar Koil St),TLK16,Dhandeeswaram,12.982387,80.220997,PWD-OFF-019,2026-08-10T10:49:58+05:30,2026-08-11,2026-08-10T14:01:49+05:30,2026-08-13T09:15:21+05:30,"water pumped out, road clear.",uploads/pwd/PWD-TSK-19025.jpg,2026-08-21T10:06:12+05:30,"site inspected, satisfactory",verified
PWD-TSK-18963,GRV-20260804-50130,,"Grievance - unsafe building condition, Govt Peripheral Hospital, Periyar Nagar",TLK04,Periyar Nagar,13.097934,80.228602,PWD-OFF-003,2026-08-10T10:56:45+05:30,2026-09-10,2026-08-18T11:51:46+05:30,2026-09-03T18:19:26+05:30,roof waterproofing done - photo uploaded,uploads/pwd/PWD-TSK-18963.jpg,,,completed_pending_verification
PWD-TSK-19026,,PWD-INC-057099,Clear waterlogging at Vijaya Nagar (3rd Cross St),TLK16,Vijaya Nagar,12.975812,80.220313,PWD-OFF-012,2026-08-10T10:58:18+05:30,2026-08-12,2026-08-10T12:10:19+05:30,2026-08-12T17:39:19+05:30,stagnation cleared by evening,uploads/pwd/PWD-TSK-19026.jpg,2026-09-08T10:11:15+05:30,"site inspected, satisfactory",verified
PWD-TSK-18982,GRV-20260807-74458,,Petition: repair leaking roof / cracks at Govt Kilpauk Medical College Hospital,TLK12,Kilpauk,13.095851,80.255431,PWD-OFF-007,2026-08-10T11:16:42+05:30,2026-09-10,2026-09-03T10:43:17+05:30,2026-09-11T09:34:48+05:30,"inspected, minor cracks attended",uploads/pwd/PWD-TSK-18982.jpg,,,completed_pending_verification
PWD-TSK-19027,,PWD-INC-057078,Sandbag bank of Adyar River - Jafferkhanpet stretch near Jafferkhanpet,TLK06,Jafferkhanpet,13.007870,80.216251,PWD-OFF-017,2026-08-10T11:32:13+05:30,2026-08-14,2026-08-10T12:06:59+05:30,2026-08-14T11:46:38+05:30,attended & completed - photo uploaded,uploads/pwd/PWD-TSK-19027.jpg,2026-09-15T11:20:42+05:30,verified by DRO,verified
PWD-TSK-18964,,PWD-INC-056885,Remove encroachment on Adyar River - Estuary stretch at Santhome,TLK10,Santhome,13.031158,80.275097,PWD-OFF-015,2026-08-10T11:34:41+05:30,2026-09-28,2026-08-10T17:40:25+05:30,2026-09-22T11:26:34+05:30,redone as per Collr remarks,uploads/pwd/PWD-TSK-18964.jpg,,,completed_pending_verification
PWD-TSK-18983,GRV-20260806-06026,,"Grievance - seepage through Velachery Lake bund, Velachery",TLK16,Velachery,12.978106,80.217241,PWD-OFF-016,2026-08-10T11:37:46+05:30,2026-10-05,2026-08-27T11:51:40+05:30,2026-08-31T10:09:02+05:30,seepage point attended,uploads/pwd/PWD-TSK-18983.jpg,2026-09-02T13:52:49+05:30,ok,verified
PWD-TSK-19028,,PWD-INC-057081,Clear choked the storm water drain at Main Rd,TLK01,Moovarasampet,12.994837,80.197929,PWD-OFF-016,2026-08-10T12:10:49+05:30,2026-08-26,2026-08-17T11:12:44+05:30,2026-08-21T15:19:35+05:30,attended & completed.,uploads/pwd/PWD-TSK-19028.jpg,2026-08-24T12:23:05+05:30,"site inspected, satisfactory",verified
PWD-TSK-19041,,PWD-INC-057123,Clear debris & rebuild wall - Thiruvanmiyur,TLK16,Thiruvanmiyur,12.985643,80.218801,PWD-OFF-016,2026-08-10T12:14:25+05:30,2026-08-31,2026-08-11T20:25:31+05:30,2026-08-15T10:17:26+05:30,wrk completed,uploads/pwd/PWD-TSK-19041.jpg,2026-08-17T11:08:44+05:30,satisfactory,verified
PWD-TSK-19029,,PWD-INC-057102,Inspect & control overflow in Buckingham Canal - Ennore stretch at Ennore,TLK14,Ennore,13.160231,80.297530,PWD-OFF-015,2026-08-10T12:19:31+05:30,2026-08-12,2026-08-10T17:31:43+05:30,2026-08-12T17:41:11+05:30,wrk completed.,uploads/pwd/PWD-TSK-19029.jpg,2026-08-13T14:25:45+05:30,ok,verified
PWD-TSK-19030,,PWD-INC-057098,"Pump out stagnant water - Kalaignar Nagar, Ekkatuthangal",TLK06,Ekkatuthangal,13.002836,80.215285,PWD-OFF-019,2026-08-10T12:38:41+05:30,2026-08-11,2026-08-10T18:24:15+05:30,2026-08-12T16:22:04+05:30,"water receded, inlet cleaned",uploads/pwd/PWD-TSK-19030.jpg,2026-08-31T10:50:04+05:30,satisfactory,verified
PWD-TSK-18984,,PWD-INC-056952,Clear choked Buckingham Canal - Korukkupet stretch at Mosque St,TLK15,Korukkupet,13.131875,80.287272,PWD-OFF-018,2026-08-10T14:34:26+05:30,2026-08-21,2026-08-12T15:42:11+05:30,2026-08-21T08:01:08+05:30,"desilted, silt shifted - AE",uploads/pwd/PWD-TSK-18984.jpg,2026-09-15T10:39:22+05:30,"field verified by RDO, fine",verified
PWD-TSK-19042,,PWD-INC-057126,"Pump out stagnant water - Periyar St, Madhavaram",TLK07,Madhavaram,13.148287,80.230236,PWD-OFF-016,2026-08-10T16:15:01+05:30,2026-08-13,2026-08-10T18:58:17+05:30,2026-09-14T09:58:44+05:30,"2 pumpsets deployed, water drained pls verify",uploads/pwd/PWD-TSK-19042.jpg,,,completed_pending_verification
PWD-TSK-18985,,PWD-INC-056943,Clear choked Otteri Nullah - Kilpauk stretch at Market Rd,TLK12,Kilpauk,13.097423,80.257956,PWD-OFF-013,2026-08-10T17:26:27+05:30,2026-08-31,2026-08-11T11:24:36+05:30,2026-08-17T09:34:07+05:30,completed as per instructions pls verify,uploads/pwd/PWD-TSK-18985.jpg,2026-08-27T12:43:06+05:30,satisfactory,verified
PWD-TSK-19043,,PWD-INC-057125,Remove encroachment on the water body at Meenambakkam,TLK01,Meenambakkam,12.999295,80.191584,PWD-OFF-016,2026-08-11T10:15:14+05:30,2026-09-14,2026-08-12T11:31:42+05:30,2026-08-25T12:15:53+05:30,wrk completed,uploads/pwd/PWD-TSK-19043.jpg,2026-08-31T10:45:55+05:30,"photo ok, closed",verified
PWD-TSK-19044,,PWD-INC-057127,"Attend roof leak / cracks - Collectorate Building, Rajaji Salai",TLK15,George Town,13.121658,80.286615,PWD-OFF-010,2026-08-11T10:56:41+05:30,2026-09-19,2026-08-11T13:46:00+05:30,,,,,,in_progress
PWD-TSK-19031,,PWD-INC-057089,Sandbag bank of Mambalam Canal Macro Drain near T. Nagar,TLK09,T. Nagar,13.033243,80.222492,PWD-OFF-019,2026-08-11T11:48:49+05:30,2026-08-16,2026-08-11T14:28:38+05:30,2026-09-18T12:23:16+05:30,bank raised with sand bags,uploads/pwd/PWD-TSK-19031.jpg,2026-09-25T10:31:21+05:30,wrong location photo uploaded,reopened
PWD-TSK-19032,,PWD-INC-057071,Remove encroachment on Adyar River - Kotturpuram stretch at Kotturpuram,TLK10,Kotturpuram,13.033612,80.265235,PWD-OFF-015,2026-08-11T11:51:46+05:30,2026-09-16,2026-08-11T17:59:57+05:30,,,,,,in_progress
PWD-TSK-19045,,PWD-INC-057128,Clear choked Captain Cotton Canal - Vyasarpadi stretch at East St,TLK11,Vyasarpadi,13.117719,80.237235,PWD-OFF-018,2026-08-11T15:20:47+05:30,2026-08-21,2026-09-15T11:15:50+05:30,2026-09-19T08:07:44+05:30,completed as per instructions.,uploads/pwd/PWD-TSK-19045.jpg,,,completed_pending_verification
PWD-TSK-19046,GRV-20260807-75373,,Petition: Adambakkam Lake Sluice shutter not closing properly,TLK01,Adambakkam,12.993651,80.198634,PWD-OFF-012,2026-08-12T11:39:27+05:30,2026-09-05,2026-08-13T14:58:33+05:30,2026-08-17T10:48:12+05:30,rubber seal changed - photo uploaded,uploads/pwd/PWD-TSK-19046.jpg,2026-09-15T12:51:16+05:30,"site inspected, satisfactory",verified
PWD-TSK-19033,,PWD-INC-057100,Clear choked Veerangal Odai at Vinayagar Koil St,TLK16,Velachery,12.980730,80.222765,PWD-OFF-012,2026-08-12T13:11:59+05:30,2026-08-27,2026-08-13T10:05:53+05:30,2026-08-14T14:27:18+05:30,"drain mouth cleaned, hyacinth removed - photo uploaded",uploads/pwd/PWD-TSK-19033.jpg,2026-09-21T14:38:44+05:30,ok,verified
PWD-TSK-19081,,PWD-INC-057241,Inspect & control overflow in Mambalam Canal Macro Drain at T. Nagar,TLK09,T. Nagar,13.031905,80.223613,PWD-OFF-017,2026-08-12T14:14:42+05:30,2026-08-15,2026-08-12T15:45:23+05:30,2026-09-24T12:00:51+05:30,"reattended, photo re-uploaded",uploads/pwd/PWD-TSK-19081.jpg,,,completed_pending_verification
PWD-TSK-19061,,PWD-INC-057182,Survey & evict encroachment - Captain Cotton Canal - Vyasarpadi stretch,TLK11,Vyasarpadi,13.116849,80.240387,PWD-OFF-020,2026-08-13T11:11:34+05:30,2026-09-30,2026-08-24T11:22:31+05:30,2026-08-27T10:36:05+05:30,notice served & removed,uploads/pwd/PWD-TSK-19061.jpg,2026-08-31T10:34:36+05:30,verified. good work,verified
PWD-TSK-19047,,PWD-INC-057130,Structural inspection & repair - Rajiv Gandhi Govt General Hospital - Tower Block,TLK05,Periamet,13.081274,80.270965,PWD-OFF-006,2026-08-13T11:36:02+05:30,2026-10-09,2026-09-10T11:50:56+05:30,,,,,,in_progress
PWD-TSK-19062,,PWD-INC-057185,Clear choked Valasaravakkam Macro Drain at Church St,TLK08,Valasaravakkam,13.065992,80.166454,PWD-OFF-013,2026-08-13T12:00:52+05:30,2026-09-03,2026-08-14T10:47:13+05:30,2026-08-15T17:20:10+05:30,completed as per instructions (JE),uploads/pwd/PWD-TSK-19062.jpg,2026-09-02T10:08:27+05:30,verified. good work,verified
PWD-TSK-19121,,PWD-INC-057363,Desilt / clear blockage in the storm water drain near Kathivakkam,TLK14,Kathivakkam,13.160231,80.302435,PWD-OFF-014,2026-08-17T10:03:06+05:30,2026-08-26,2026-08-18T11:19:06+05:30,2026-08-24T10:30:17+05:30,wrk completed pls verify,uploads/pwd/PWD-TSK-19121.jpg,2026-08-31T10:23:07+05:30,verified. good work,verified
PWD-TSK-19141,,PWD-INC-057422,"Structural inspection & repair - Govt Girls Hr Sec School, Ambattur",TLK02,Ambattur,13.115055,80.156234,PWD-OFF-007,2026-08-17T10:20:56+05:30,2026-09-25,2026-08-17T13:03:40+05:30,2026-08-23T11:40:42+05:30,"temp props given, estimate sent for major repair",uploads/pwd/PWD-TSK-19141.jpg,2026-08-28T11:46:52+05:30,verified. good work,verified
PWD-TSK-19161,,PWD-INC-057484,Sandbag bank of Adyar River - Nandambakkam stretch near Nandambakkam,TLK01,Nandambakkam,12.994706,80.206948,PWD-OFF-016,2026-08-17T10:22:55+05:30,2026-08-21,2026-08-17T16:41:55+05:30,2026-08-23T10:48:52+05:30,bank raised with sand bags,uploads/pwd/PWD-TSK-19161.jpg,2026-09-01T16:35:47+05:30,"verified, ok",verified
PWD-TSK-19101,,PWD-INC-057305,Repair parapet/deck of Basin Bridge,TLK12,Pulianthope,13.083223,80.253662,PWD-OFF-015,2026-08-17T10:24:38+05:30,2026-09-20,2026-08-31T15:33:15+05:30,,,,,,in_progress
PWD-TSK-19162,,PWD-INC-057482,Remove encroachment on Buckingham Canal - Basin Bridge stretch at Pulianthope,TLK12,Pulianthope,13.084196,80.255064,PWD-OFF-015,2026-08-17T10:30:49+05:30,2026-10-16,2026-09-07T10:15:53+05:30,2026-09-11T09:41:08+05:30,done. photo attached (JE),uploads/pwd/PWD-TSK-19162.jpg,,,completed_pending_verification
PWD-TSK-19142,,PWD-INC-057423,Sandbag bank of Buckingham Canal - Thiruvanmiyur stretch near Thiruvanmiyur,TLK16,Thiruvanmiyur,12.984478,80.221145,PWD-OFF-016,2026-08-17T10:56:16+05:30,2026-08-21,2026-08-17T14:10:19+05:30,2026-08-20T10:14:35+05:30,"vent cleared, level coming down (JE)",uploads/pwd/PWD-TSK-19142.jpg,2026-08-24T11:50:25+05:30,"field verified by RDO, fine",verified
PWD-TSK-19102,GRV-20260812-47396,,"Grievance - silt & garbage in Valasaravakkam Macro Drain, Valasaravakkam",TLK08,Valasaravakkam,13.064972,80.165461,PWD-OFF-013,2026-08-17T11:26:03+05:30,2026-09-03,2026-08-17T14:15:37+05:30,2026-09-22T13:41:11+05:30,"drain mouth cleaned, hyacinth removed",uploads/pwd/PWD-TSK-19102.jpg,,,completed_pending_verification
PWD-TSK-19181,,PWD-INC-057545,Clear waterlogging at Guindy Industrial Estate (Market Rd),TLK06,Guindy Industrial Estate,13.009764,80.208660,PWD-OFF-012,2026-08-17T16:54:45+05:30,2026-08-19,2026-08-17T19:45:52+05:30,2026-08-20T08:26:01+05:30,"2 pumpsets deployed, water drained.",uploads/pwd/PWD-TSK-19181.jpg,2026-09-08T10:12:41+05:30,"verified, ok",verified
PWD-TSK-19182,,PWD-INC-057546,Clear debris & rebuild wall - Nerkundram,TLK08,Nerkundram,13.064669,80.164521,PWD-OFF-013,2026-08-17T19:32:41+05:30,2026-08-27,2026-08-17T23:43:42+05:30,2026-08-23T11:25:20+05:30,"debris removed, estimate for new wall sent",uploads/pwd/PWD-TSK-19182.jpg,,,completed_pending_verification
PWD-TSK-19183,GRV-20260812-04742,,Petition: desilting of Anna Nagar Macro Drain near Anna Nagar,TLK03,Anna Nagar,13.070953,80.221953,PWD-OFF-013,2026-08-18T13:58:46+05:30,2026-09-03,2026-08-19T13:25:39+05:30,2026-08-20T18:11:20+05:30,"drain mouth cleaned, hyacinth removed",uploads/pwd/PWD-TSK-19183.jpg,,,completed_pending_verification
PWD-TSK-19221,,PWD-INC-057665,Clear debris & rebuild wall - Moovarasampet,TLK01,Moovarasampet,12.997380,80.199577,PWD-OFF-016,2026-08-19T19:01:12+05:30,2026-09-07,2026-08-22T12:09:54+05:30,2026-09-24T13:49:51+05:30,"debris removed, estimate for new wall sent.",uploads/pwd/PWD-TSK-19221.jpg,,,completed_pending_verification
PWD-TSK-19201,,PWD-INC-057602,Clear choked Anna Nagar Macro Drain at Karpagam Ave,TLK03,Anna Nagar,13.073533,80.221948,PWD-OFF-013,2026-08-20T11:23:16+05:30,2026-09-04,2026-08-24T10:12:29+05:30,2026-08-29T12:09:44+05:30,"blockage cleared, flow ok",uploads/pwd/PWD-TSK-19201.jpg,2026-09-07T10:49:07+05:30,ok,verified
PWD-TSK-19184,,PWD-INC-057547,Clear choked Buckingham Canal - Basin Bridge stretch at Balaji Nagar Main Rd,TLK12,Pulianthope,13.083868,80.257382,PWD-OFF-015,2026-08-20T11:39:56+05:30,2026-09-04,2026-08-21T10:01:02+05:30,2026-08-27T13:22:28+05:30,"work under progress, now completed (JE)",uploads/pwd/PWD-TSK-19184.jpg,,,completed_pending_verification
PWD-TSK-19185,GRV-20260816-78405,,Petition: remove water hyacinth in Virugambakkam-Arumbakkam Canal,TLK08,Virugambakkam,13.063323,80.175758,PWD-OFF-013,2026-08-20T12:29:13+05:30,2026-09-10,2026-08-20T20:57:18+05:30,2026-08-28T08:25:21+05:30,"desilting done, debris cleared - AE",uploads/pwd/PWD-TSK-19185.jpg,2026-09-01T14:04:51+05:30,verified. good work,verified
PWD-TSK-19241,,PWD-INC-057722,"Remove collapsed wall debris near Kalaignar Nagar, Korattur",TLK02,Korattur,13.107617,80.155354,PWD-OFF-014,2026-08-20T14:11:13+05:30,2026-09-03,2026-08-20T20:12:16+05:30,2026-08-31T08:01:43+05:30,"debris cleared, barricade put pls verify",uploads/pwd/PWD-TSK-19241.jpg,2026-09-07T14:14:26+05:30,"photo not clear, re-submit",reopened
PWD-TSK-19186,,PWD-INC-057548,Attend roof leak / cracks - Govt Royapettah Hospital,TLK10,Royapettah,13.030760,80.265283,PWD-OFF-004,2026-08-20T14:57:49+05:30,2026-10-14,2026-08-24T10:18:48+05:30,2026-09-05T11:18:14+05:30,"temp props given, estimate sent for major repair - photo uploaded",uploads/pwd/PWD-TSK-19186.jpg,2026-09-16T13:24:05+05:30,debris not removed fully,reopened
PWD-TSK-19222,GRV-20260818-72465,,"Grievance - silt & garbage in Captain Cotton Canal - Vyasarpadi stretch, Vyasarpadi",TLK11,Vyasarpadi,13.116928,80.239614,PWD-OFF-018,2026-08-20T15:46:32+05:30,2026-09-06,2026-08-21T10:19:14+05:30,2026-08-23T08:50:24+05:30,silt removed 3 loads - AE,uploads/pwd/PWD-TSK-19222.jpg,2026-09-07T12:52:37+05:30,ok,verified
PWD-TSK-19223,GRV-20260818-86562,,Petition: remove water hyacinth in Retteri Lake,TLK07,Retteri,13.150078,80.228633,PWD-OFF-018,2026-08-20T17:56:58+05:30,2026-09-09,2026-08-21T10:18:53+05:30,2026-08-23T16:41:56+05:30,"blockage cleared, flow ok.",uploads/pwd/PWD-TSK-19223.jpg,2026-09-03T20:37:48+05:30,"verified, ok",verified
PWD-TSK-19202,,PWD-INC-057603,Clear choked Buckingham Canal - Basin Bridge stretch at Kalaignar Nagar,TLK12,Pulianthope,13.085639,80.254403,PWD-OFF-015,2026-08-21T10:08:18+05:30,2026-09-05,2026-08-31T10:16:08+05:30,,,,,,in_progress
PWD-TSK-19242,GRV-20260817-99356,,Petition: Korattur Lake Sluice shutter not closing properly,TLK02,Korattur,13.103959,80.159329,PWD-OFF-014,2026-08-21T10:28:51+05:30,2026-09-13,2026-08-25T10:53:27+05:30,2026-08-27T11:41:12+05:30,rubber seal changed (JE),uploads/pwd/PWD-TSK-19242.jpg,,,completed_pending_verification
PWD-TSK-19261,,PWD-INC-057781,Clear waterlogging at Arumbakkam (Mettu St),TLK03,Arumbakkam,13.080068,80.223283,PWD-OFF-013,2026-08-21T10:40:26+05:30,2026-08-24,2026-08-21T19:00:35+05:30,2026-08-24T10:27:00+05:30,"water pumped out, road clear (JE)",uploads/pwd/PWD-TSK-19261.jpg,2026-09-07T12:13:22+05:30,"verified, ok",verified
PWD-TSK-19262,,PWD-INC-057782,"Remove collapsed wall debris near Jeevan Nagar 2nd St, Jafferkhanpet",TLK06,Jafferkhanpet,13.007458,80.219949,PWD-OFF-012,2026-08-21T11:29:12+05:30,2026-09-05,2026-08-21T13:44:43+05:30,2026-08-27T11:08:52+05:30,wall rebuilt approx 12m pls verify,uploads/pwd/PWD-TSK-19262.jpg,,,completed_pending_verification
PWD-TSK-19263,,PWD-INC-057783,Sandbag bank of Adyar River - Jafferkhanpet stretch near Jafferkhanpet,TLK06,Jafferkhanpet,13.007730,80.216881,PWD-OFF-012,2026-08-21T12:14:59+05:30,2026-08-25,2026-08-21T17:56:38+05:30,2026-08-24T08:38:45+05:30,"vent cleared, level coming down - photo uploaded",uploads/pwd/PWD-TSK-19263.jpg,2026-09-23T11:29:42+05:30,"checked, work ok",verified
PWD-TSK-19224,,PWD-INC-057662,Structural inspection & repair - Sholinganallur Taluk Office,TLK13,Sholinganallur,12.898992,80.228201,PWD-OFF-004,2026-08-21T16:12:52+05:30,2026-09-24,2026-09-01T11:47:15+05:30,2026-09-13T09:06:33+05:30,"crack sealed, plastering done - photo uploaded",uploads/pwd/PWD-TSK-19224.jpg,,,completed_pending_verification
PWD-TSK-19264,,PWD-INC-057791,Clear choked Kodungaiyur Canal at 5th Cross St,TLK11,Kodungaiyur,13.111290,80.232965,PWD-OFF-015,2026-08-21T17:57:42+05:30,2026-09-10,2026-08-22T11:13:04+05:30,2026-08-29T13:32:42+05:30,silt removed 3 loads - photo uploaded,uploads/pwd/PWD-TSK-19264.jpg,2026-09-08T15:47:33+05:30,verified by DRO,verified
PWD-TSK-19243,,PWD-INC-057727,"Structural inspection & repair - Govt Peripheral Hospital, K.K. Nagar",TLK09,K.K. Nagar,13.037268,80.220811,PWD-OFF-006,2026-08-24T10:08:34+05:30,2026-09-30,2026-09-11T10:00:50+05:30,,,,,,in_progress
PWD-TSK-19301,,PWD-INC-057902,Inspect damage to Napier Bridge,TLK10,Triplicane,13.032553,80.269474,PWD-OFF-017,2026-08-24T10:14:04+05:30,2026-09-27,2026-09-07T10:43:53+05:30,,,,,,in_progress
PWD-TSK-19244,,PWD-INC-057725,Attend roof leak / cracks - Ezhilagam Govt Office Complex,TLK10,Triplicane,13.030214,80.270054,PWD-OFF-004,2026-08-24T10:26:59+05:30,2026-10-13,2026-08-24T14:18:18+05:30,,,,,,in_progress
PWD-TSK-19265,,PWD-INC-057795,Clear waterlogging at Aminjikarai (Ambedkar St),TLK03,Aminjikarai,13.070839,80.223167,PWD-OFF-013,2026-08-24T11:04:59+05:30,2026-08-25,2026-08-24T14:21:38+05:30,2026-08-27T08:59:02+05:30,work completed,uploads/pwd/PWD-TSK-19265.jpg,2026-09-11T17:10:47+05:30,verified by DRO,verified
PWD-TSK-19302,,PWD-INC-057904,Deploy pumpset & drain water - Kodungaiyur,TLK11,Kodungaiyur,13.112930,80.230891,PWD-OFF-015,2026-08-24T11:16:12+05:30,2026-08-25,2026-08-24T15:51:27+05:30,2026-08-26T13:13:20+05:30,"2 pumpsets deployed, water drained - AE",uploads/pwd/PWD-TSK-19302.jpg,,,completed_pending_verification
PWD-TSK-19266,,PWD-INC-057787,Remove encroachment on Adyar River - Kotturpuram stretch at Kotturpuram,TLK10,Kotturpuram,13.032106,80.266300,PWD-OFF-015,2026-08-24T11:41:03+05:30,2026-09-30,,,,,,,assigned
PWD-TSK-19245,GRV-20260820-21112,,"Grievance - silt & garbage in Guindy Industrial Estate Storm Water Channel, Guindy Industrial Estate",TLK06,Guindy Industrial Estate,13.008189,80.208550,PWD-OFF-017,2026-08-24T11:54:58+05:30,2026-09-03,2026-08-27T11:22:42+05:30,2026-09-03T10:04:51+05:30,"blockage cleared, flow ok - AE",uploads/pwd/PWD-TSK-19245.jpg,2026-09-15T10:01:30+05:30,verified. good work,verified
PWD-TSK-19246,,PWD-INC-057731,Attend roof leak / cracks - Ezhilagam Govt Office Complex,TLK10,Triplicane,13.029893,80.270514,PWD-OFF-004,2026-08-24T12:57:01+05:30,2026-09-27,2026-09-07T17:18:32+05:30,2026-09-16T12:46:27+05:30,"work under progress, now completed",uploads/pwd/PWD-TSK-19246.jpg,2026-09-18T10:11:31+05:30,satisfactory,verified
PWD-TSK-19281,,PWD-INC-057842,"Attend roof leak / cracks - Govt Hr Sec School, Ashok Nagar",TLK09,Ashok Nagar,13.033211,80.225177,PWD-OFF-004,2026-08-24T13:06:37+05:30,2026-10-20,2026-09-10T11:14:12+05:30,,,,,,in_progress
PWD-TSK-19321,GRV-20260824-13770,,"Grievance - unsafe building condition, Rajiv Gandhi Govt General Hospital - Tower Block",TLK05,Periamet,13.081652,80.272370,PWD-OFF-006,2026-08-25T10:31:58+05:30,2026-10-09,2026-08-27T16:16:20+05:30,2026-09-12T11:36:06+05:30,"crack sealed, plastering done pls verify",uploads/pwd/PWD-TSK-19321.jpg,2026-09-13T07:19:18+05:30,satisfactory,verified
PWD-TSK-19341,,PWD-INC-058021,Clear debris & rebuild wall - Kathivakkam,TLK14,Kathivakkam,13.161658,80.300324,PWD-OFF-014,2026-08-25T12:07:39+05:30,2026-09-08,2026-08-25T15:17:53+05:30,2026-09-16T11:55:58+05:30,wall rebuilt approx 12m,uploads/pwd/PWD-TSK-19341.jpg,,,completed_pending_verification
PWD-TSK-19303,,PWD-INC-057914,"Repair parapet/deck of Maraimalai Adigal Bridge, Saidapet",TLK06,Saidapet,13.010758,80.210503,PWD-OFF-017,2026-08-25T13:21:40+05:30,2026-10-20,2026-08-28T13:20:30+05:30,2026-09-14T13:31:46+05:30,"reattended, photo re-uploaded",uploads/pwd/PWD-TSK-19303.jpg,2026-09-17T13:54:07+05:30,"rework verified, ok",verified
PWD-TSK-19342,,PWD-INC-058023,Deploy pumpset & drain water - Kathivakkam,TLK14,Kathivakkam,13.161136,80.303375,PWD-OFF-014,2026-08-25T15:17:51+05:30,2026-08-28,2026-08-25T21:09:00+05:30,,,,,,in_progress
PWD-TSK-19322,,PWD-INC-057964,Repair parapet/deck of Napier Bridge,TLK10,Triplicane,13.032448,80.265848,PWD-OFF-013,2026-08-25T17:04:01+05:30,2026-10-24,2026-09-21T11:03:06+05:30,,,,,,in_progress
PWD-TSK-19361,,PWD-INC-058086,Clear debris & rebuild wall - Thiruvanmiyur,TLK16,Thiruvanmiyur,12.984456,80.217956,PWD-OFF-012,2026-08-26T09:25:55+05:30,2026-09-05,2026-08-26T11:05:16+05:30,2026-09-13T08:10:06+05:30,balance work completed,uploads/pwd/PWD-TSK-19361.jpg,2026-09-18T10:40:19+05:30,"rework verified, ok",verified
PWD-TSK-19304,,PWD-INC-057907,Clear choked Buckingham Canal - Korukkupet stretch at Mosque St,TLK15,Korukkupet,13.133043,80.288082,PWD-OFF-018,2026-08-27T10:03:24+05:30,2026-09-04,2026-08-28T10:08:24+05:30,2026-08-30T09:08:52+05:30,"drain mouth cleaned, hyacinth removed - AE",uploads/pwd/PWD-TSK-19304.jpg,,,completed_pending_verification
PWD-TSK-19362,,PWD-INC-058096,Clear debris & rebuild wall - Thiruvanmiyur,TLK16,Thiruvanmiyur,12.980193,80.220238,PWD-OFF-016,2026-08-27T10:09:57+05:30,2026-09-15,2026-08-27T16:42:07+05:30,2026-09-05T12:42:59+05:30,done. photo attached - photo uploaded,uploads/pwd/PWD-TSK-19362.jpg,2026-09-10T12:42:06+05:30,"site inspected, satisfactory",verified
PWD-TSK-19323,GRV-20260821-44267,,"Grievance - silt & garbage in Pallikaranai Marsh Outlet Drain, Pallikaranai",TLK13,Pallikaranai,12.901610,80.224883,PWD-OFF-012,2026-08-27T10:19:45+05:30,2026-09-09,2026-08-31T12:48:09+05:30,2026-09-04T08:12:40+05:30,"work under progress, now completed pls verify",uploads/pwd/PWD-TSK-19323.jpg,2026-09-18T12:58:14+05:30,"field verified by RDO, fine",verified
PWD-TSK-19363,,PWD-INC-058088,Sandbag bank of Veerangal Odai near Velachery,TLK16,Velachery,12.982298,80.222265,PWD-OFF-019,2026-08-27T10:43:31+05:30,2026-08-31,2026-08-29T05:49:49+05:30,,,,,,in_progress
PWD-TSK-19343,,PWD-INC-058024,Survey & evict encroachment - Buckingham Canal - Mandaveli stretch,TLK10,Mandaveli,13.034239,80.261240,PWD-OFF-013,2026-08-27T10:50:22+05:30,2026-09-30,,,,,,,assigned
PWD-TSK-19364,,PWD-INC-058081,Remove encroachment on Otteri Nullah - Perambur stretch at Perambur,TLK11,Perambur,13.116002,80.235054,PWD-OFF-015,2026-08-27T10:53:50+05:30,2026-10-23,2026-08-28T10:48:08+05:30,,,,,,in_progress
PWD-TSK-19365,,PWD-INC-058110,Sandbag bank of Guindy Industrial Estate Storm Water Channel near Guindy Industrial Estate,TLK06,Guindy Industrial Estate,13.007915,80.209738,PWD-OFF-012,2026-08-27T12:54:07+05:30,2026-08-31,2026-08-27T14:38:18+05:30,2026-08-30T08:17:33+05:30,sandbagging done approx 60m pls verify,uploads/pwd/PWD-TSK-19365.jpg,,,completed_pending_verification
PWD-TSK-19344,GRV-20260825-28693,,Petition: desilting of Captain Cotton Canal - Vyasarpadi stretch near Vyasarpadi,TLK11,Vyasarpadi,13.118494,80.239009,PWD-OFF-018,2026-08-27T13:20:53+05:30,2026-09-10,2026-08-28T11:55:17+05:30,2026-09-06T10:02:32+05:30,work completed,uploads/pwd/PWD-TSK-19344.jpg,2026-09-10T12:02:49+05:30,"field verified by RDO, fine",verified
PWD-TSK-19366,,PWD-INC-058091,Deploy pumpset & drain water - Ram Nagar,TLK16,Ram Nagar,12.977510,80.224919,PWD-OFF-016,2026-08-27T13:59:59+05:30,2026-08-29,2026-08-31T10:32:05+05:30,2026-09-01T15:47:27+05:30,"drained, silt removed at inlet",uploads/pwd/PWD-TSK-19366.jpg,,,completed_pending_verification
PWD-TSK-19381,,PWD-INC-058143,Clear choked Pallikaranai Marsh Outlet Drain at Sathya Nagar 2nd St,TLK13,Pallikaranai,12.901153,80.226281,PWD-OFF-015,2026-08-28T10:22:41+05:30,2026-09-04,2026-09-11T15:37:51+05:30,2026-09-13T08:38:05+05:30,"drain mouth cleaned, hyacinth removed",uploads/pwd/PWD-TSK-19381.jpg,,,completed_pending_verification
PWD-TSK-19441,,PWD-INC-058321,Clear debris & rebuild wall - Kodambakkam,TLK09,Kodambakkam,13.034762,80.228306,PWD-OFF-017,2026-08-31T10:04:19+05:30,2026-09-10,2026-08-31T15:41:55+05:30,2026-09-23T10:48:45+05:30,"debris removed, estimate for new wall sent",uploads/pwd/PWD-TSK-19441.jpg,,,completed_pending_verification
PWD-TSK-19401,,PWD-INC-058209,"Structural inspection & repair - Govt Peripheral Hospital, Periyar Nagar",TLK04,Periyar Nagar,13.100720,80.230706,PWD-OFF-006,2026-08-31T10:07:14+05:30,2026-10-16,2026-09-01T10:37:49+05:30,,,,,,in_progress
PWD-TSK-19402,,PWD-INC-058205,Structural inspection & repair - the govt building,TLK14,Ernavoor,13.157468,80.305309,PWD-OFF-015,2026-08-31T10:15:38+05:30,2026-10-10,,,,,,,assigned
PWD-TSK-19403,,PWD-INC-058204,Clear choked Otteri Nullah - Perambur stretch at Church St,TLK11,Perambur,13.116303,80.234812,PWD-OFF-015,2026-08-31T10:23:39+05:30,2026-09-18,2026-09-21T11:24:52+05:30,,,,,,in_progress
PWD-TSK-19367,,PWD-INC-058113,"Structural inspection & repair - Govt Polytechnic College, Taramani",TLK16,Taramani,12.981587,80.215117,PWD-OFF-007,2026-08-31T10:28:48+05:30,2026-10-30,2026-09-15T10:28:25+05:30,,,,,,in_progress
PWD-TSK-19404,,PWD-INC-058201,Remove encroachment on Mambalam Canal Macro Drain at T. Nagar,TLK09,T. Nagar,13.031106,80.222595,PWD-OFF-012,2026-08-31T10:48:25+05:30,2026-10-25,2026-09-03T11:21:55+05:30,,,,,,in_progress
PWD-TSK-19421,,PWD-INC-058263,Remove encroachment on the water body at ICF Colony,TLK04,ICF Colony,13.092606,80.234340,PWD-OFF-018,2026-08-31T11:04:48+05:30,2026-10-03,,,,,,,assigned
PWD-TSK-19461,,PWD-INC-058383,Deploy pumpset & drain water - Anna Nagar,TLK03,Anna Nagar,13.072325,80.219496,PWD-OFF-013,2026-08-31T11:52:50+05:30,2026-09-01,2026-09-02T10:13:12+05:30,2026-09-03T11:11:41+05:30,"drained, silt removed at inlet",uploads/pwd/PWD-TSK-19461.jpg,2026-09-09T10:29:45+05:30,"photo ok, closed",verified
PWD-TSK-19442,,PWD-INC-058325,Remove encroachment on Velachery Lake at Velachery,TLK16,Velachery,12.981884,80.218975,PWD-OFF-016,2026-08-31T12:23:49+05:30,2026-10-29,2026-09-01T13:31:32+05:30,2026-09-19T10:46:13+05:30,encroachment removed with police help.,uploads/pwd/PWD-TSK-19442.jpg,,,completed_pending_verification
PWD-TSK-19422,,PWD-INC-058264,Desilt / clear blockage in Nanganallur Macro Drain near Nanganallur,TLK01,Nanganallur,12.994502,80.198407,PWD-OFF-012,2026-08-31T13:04:20+05:30,2026-09-15,2026-09-09T11:08:41+05:30,2026-09-11T11:51:14+05:30,"blockage cleared, flow ok pls verify",uploads/pwd/PWD-TSK-19422.jpg,2026-09-16T17:41:27+05:30,ok,verified
PWD-TSK-19481,,PWD-INC-058441,Clear debris & rebuild wall - Manali,TLK14,Manali,13.158543,80.303931,PWD-OFF-014,2026-09-01T10:13:27+05:30,2026-09-08,2026-09-01T14:09:00+05:30,,,,,,in_progress
PWD-TSK-19443,GRV-20260830-77583,,Petition: desilting of Otteri Nullah - Ayanavaram stretch near Ayanavaram,TLK04,Ayanavaram,13.098078,80.235735,PWD-OFF-016,2026-09-01T11:34:10+05:30,2026-09-08,2026-09-02T13:38:39+05:30,2026-09-07T14:29:01+05:30,"drain mouth cleaned, hyacinth removed",uploads/pwd/PWD-TSK-19443.jpg,2026-09-10T10:47:15+05:30,satisfactory,verified
PWD-TSK-19423,GRV-20260829-61132,,"Grievance - silt & garbage in Anna Nagar Macro Drain, Anna Nagar",TLK03,Anna Nagar,13.072863,80.223395,PWD-OFF-013,2026-09-01T12:00:09+05:30,2026-09-15,,,,,,,assigned
PWD-TSK-19462,GRV-20260828-13061,,Petition: desilting of Mambalam Canal Macro Drain near T. Nagar,TLK09,T. Nagar,13.034107,80.223984,PWD-OFF-012,2026-09-01T13:25:20+05:30,2026-09-12,2026-09-21T13:15:36+05:30,,,,,,in_progress
PWD-TSK-19463,GRV-20260830-85199,,Petition: repair leaking roof / cracks at Govt Kilpauk Medical College Hospital,TLK12,Kilpauk,13.093595,80.253958,PWD-OFF-007,2026-09-01T13:38:21+05:30,2026-10-30,2026-09-02T10:13:39+05:30,,,,,,in_progress
PWD-TSK-19482,GRV-20260829-69088,,Petition: desilting of Kathivakkam Macro Drain near Kathivakkam,TLK14,Kathivakkam,13.160655,80.301067,PWD-OFF-015,2026-09-02T10:11:36+05:30,2026-09-12,2026-09-02T17:44:20+05:30,,,,,,in_progress
PWD-TSK-19464,,PWD-INC-058391,Desilt / clear blockage in Mambalam Canal Macro Drain near T. Nagar,TLK09,T. Nagar,13.030623,80.220983,PWD-OFF-017,2026-09-02T10:22:18+05:30,2026-09-21,2026-09-02T13:16:19+05:30,2026-09-05T10:08:01+05:30,"desilting done, debris cleared pls verify",uploads/pwd/PWD-TSK-19464.jpg,2026-09-21T15:08:09+05:30,verified by DRO,verified
PWD-TSK-19483,GRV-20260901-87643,,Petition: desilting of Anna Nagar Macro Drain near Anna Nagar,TLK03,Anna Nagar,13.073426,80.222880,PWD-OFF-013,2026-09-02T10:51:13+05:30,2026-09-12,,,,,,,assigned
PWD-TSK-19465,,PWD-INC-058382,Remove encroachment on Adyar River - Jafferkhanpet stretch at Jafferkhanpet,TLK06,Jafferkhanpet,13.008140,80.218233,PWD-OFF-017,2026-09-02T11:37:45+05:30,2026-10-17,,,,,,,assigned
PWD-TSK-19484,,PWD-INC-058445,Clear choked Kodungaiyur Canal at New Colony 2nd St,TLK11,Kodungaiyur,13.110705,80.231599,PWD-OFF-018,2026-09-02T11:38:27+05:30,2026-09-21,,,,,,,assigned
PWD-TSK-19444,GRV-20260827-72003,,"Petition: remove encroachment on Adyar River - Estuary stretch, Santhome",TLK10,Santhome,13.031043,80.275172,PWD-OFF-012,2026-09-02T12:49:58+05:30,2026-10-02,2026-09-03T10:03:32+05:30,2026-09-13T12:29:37+05:30,attended & completed,uploads/pwd/PWD-TSK-19444.jpg,2026-09-16T12:42:51+05:30,satisfactory,verified
PWD-TSK-19466,,PWD-INC-058385,Inspect damage to Napier Bridge,TLK10,Triplicane,13.031879,80.267694,PWD-OFF-015,2026-09-02T16:56:57+05:30,2026-10-07,2026-09-22T12:07:32+05:30,,,,,,in_progress
PWD-TSK-19501,GRV-20260828-75732,,"Grievance - silt & garbage in Virugambakkam-Arumbakkam Canal, Virugambakkam",TLK08,Virugambakkam,13.064367,80.177222,PWD-OFF-013,2026-09-03T14:44:29+05:30,2026-09-14,2026-09-03T16:42:56+05:30,2026-09-05T17:16:57+05:30,silt removed 3 loads pls verify,uploads/pwd/PWD-TSK-19501.jpg,2026-09-21T16:51:12+05:30,"verified, ok",verified
PWD-TSK-19502,GRV-20260901-12333,,"Petition: repair leaking roof / cracks at Govt Peripheral Hospital, Periyar Nagar",TLK04,Periyar Nagar,13.100680,80.229854,PWD-OFF-006,2026-09-07T10:01:45+05:30,2026-10-30,,,,,,,assigned
PWD-TSK-19503,,PWD-INC-058505,Structural inspection & repair - Ezhilagam Govt Office Complex,TLK10,Triplicane,13.028665,80.269028,PWD-OFF-004,2026-09-07T10:12:27+05:30,2026-10-31,2026-09-22T12:52:36+05:30,,,,,,in_progress
PWD-TSK-19521,,PWD-INC-058562,Clear choked Buckingham Canal - Mandaveli stretch at Thiruvalluvar St,TLK10,Mandaveli,13.034806,80.261850,PWD-OFF-013,2026-09-07T10:27:06+05:30,2026-09-15,2026-09-07T15:20:27+05:30,2026-09-10T10:08:55+05:30,"desilting done, debris cleared - AE",uploads/pwd/PWD-TSK-19521.jpg,2026-09-11T16:02:16+05:30,"verified, ok",verified
PWD-TSK-19561,,PWD-INC-058685,Desilt / clear blockage in Buckingham Canal - Okkiyam stretch near Okkiyam Thoraipakkam,TLK13,Okkiyam Thoraipakkam,12.906168,80.222449,PWD-OFF-015,2026-09-07T10:51:49+05:30,2026-09-14,2026-09-08T12:50:29+05:30,,,,,,in_progress
PWD-TSK-19504,,PWD-INC-058506,"Attend roof leak / cracks - Govt Polytechnic College, Taramani",TLK16,Taramani,12.980637,80.210659,PWD-OFF-007,2026-09-07T11:00:46+05:30,2026-10-27,2026-09-15T11:55:06+05:30,,,,,,in_progress
PWD-TSK-19541,,PWD-INC-058622,Remove encroachment on Pallikaranai Marsh Outlet Drain at Pallikaranai,TLK13,Pallikaranai,12.903148,80.227669,PWD-OFF-020,2026-09-07T11:41:54+05:30,2026-10-26,2026-09-15T11:26:27+05:30,,,,,,in_progress
PWD-TSK-19505,GRV-20260902-11278,,Grievance - illegal construction in Nolambur Lake,TLK08,Nolambur,13.065914,80.165373,PWD-OFF-013,2026-09-07T12:12:22+05:30,2026-10-12,2026-09-18T11:30:12+05:30,,,,,,in_progress
PWD-TSK-19542,GRV-20260904-25154,,"Grievance - silt & garbage in Buckingham Canal - Mandaveli stretch, Mandaveli",TLK10,Mandaveli,13.031631,80.262795,PWD-OFF-015,2026-09-07T14:55:54+05:30,2026-09-24,,,,,,,assigned
PWD-TSK-19562,,PWD-INC-058681,Structural inspection & repair - Ezhilagam Govt Office Complex,TLK10,Triplicane,13.030418,80.268453,PWD-OFF-004,2026-09-07T16:05:31+05:30,2026-10-26,,,,,,,assigned
PWD-TSK-19581,,PWD-INC-058748,Inspect damage to Okkiyam Madavu Bridge,TLK13,Okkiyam Thoraipakkam,12.907244,80.221277,PWD-OFF-016,2026-09-07T17:47:44+05:30,2026-11-02,,,,,,,assigned
PWD-TSK-19601,GRV-20260906-89084,,Petition: Velachery Lake Surplus Sluice shutter not closing properly,TLK16,Velachery,12.980478,80.222406,PWD-OFF-016,2026-09-07T17:58:59+05:30,2026-10-02,,,,,,,assigned
PWD-TSK-19582,GRV-20260904-82564,,"Grievance - unsafe building condition, Govt Hr Sec School, Ashok Nagar",TLK09,Ashok Nagar,13.034384,80.228437,PWD-OFF-007,2026-09-08T11:39:23+05:30,2026-10-10,2026-09-08T16:08:44+05:30,,,,,,in_progress
PWD-TSK-19583,GRV-20260901-91550,,Petition: Adambakkam Lake Sluice shutter not closing properly,TLK01,Adambakkam,12.992466,80.199746,PWD-OFF-012,2026-09-08T14:33:15+05:30,2026-09-26,,,,,,,assigned
PWD-TSK-19602,GRV-20260904-97354,,Petition: Adambakkam Lake Sluice shutter not closing properly,TLK01,Adambakkam,12.992963,80.199587,PWD-OFF-016,2026-09-08T14:43:30+05:30,2026-10-02,2026-09-15T12:42:15+05:30,,,,,,in_progress
PWD-TSK-19621,,PWD-INC-058864,Clear waterlogging at Aminjikarai (Indira Nagar 3rd Ave),TLK03,Aminjikarai,13.070843,80.224055,PWD-OFF-013,2026-09-08T15:33:36+05:30,2026-09-10,2026-09-08T15:56:41+05:30,,,,,,in_progress
PWD-TSK-19622,,PWD-INC-058865,"Remove collapsed wall debris near Indira Nagar 3rd Ave, Periamet",TLK05,Periamet,13.082106,80.269138,PWD-OFF-013,2026-09-08T18:52:57+05:30,2026-09-21,2026-09-09T10:33:47+05:30,2026-09-15T12:50:42+05:30,"debris removed, estimate for new wall sent",uploads/pwd/PWD-TSK-19622.jpg,,,completed_pending_verification
PWD-TSK-19641,,PWD-INC-058929,Inspect & control overflow in Adyar River - Jafferkhanpet stretch at Jafferkhanpet,TLK06,Jafferkhanpet,13.010910,80.217619,PWD-OFF-017,2026-09-10T11:57:05+05:30,2026-09-15,2026-09-10T13:48:30+05:30,2026-09-13T12:18:26+05:30,"vent cleared, level coming down (JE)",uploads/pwd/PWD-TSK-19641.jpg,,,completed_pending_verification
PWD-TSK-19642,,PWD-INC-058925,Repair shutter of Velachery Lake Surplus Sluice,TLK16,Velachery,12.978937,80.221834,PWD-OFF-012,2026-09-10T14:34:37+05:30,2026-09-28,2026-09-11T11:42:07+05:30,2026-09-14T17:00:39+05:30,"work under progress, now completed.",uploads/pwd/PWD-TSK-19642.jpg,2026-09-24T15:24:01+05:30,"checked, work ok",verified
PWD-TSK-19623,,PWD-INC-058863,Desilt / clear blockage in the storm water drain near Royapettah,TLK10,Royapettah,13.028306,80.265166,PWD-OFF-017,2026-09-10T15:50:55+05:30,2026-09-30,2026-09-15T10:38:25+05:30,2026-09-17T14:23:37+05:30,"drain mouth cleaned, hyacinth removed",uploads/pwd/PWD-TSK-19623.jpg,,,completed_pending_verification
PWD-TSK-19681,,PWD-INC-059042,Deploy pumpset & drain water - Arumbakkam,TLK03,Arumbakkam,13.079290,80.223060,PWD-OFF-013,2026-09-11T10:16:07+05:30,2026-09-12,2026-09-11T11:17:14+05:30,2026-09-14T09:13:31+05:30,"drained, silt removed at inlet - photo uploaded",uploads/pwd/PWD-TSK-19681.jpg,2026-09-21T10:37:44+05:30,satisfactory,verified
PWD-TSK-19624,,PWD-INC-058867,Desilt / clear blockage in Anna Nagar Macro Drain near Anna Nagar,TLK03,Anna Nagar,13.070440,80.221957,PWD-OFF-013,2026-09-11T11:35:12+05:30,2026-09-26,2026-09-22T10:11:53+05:30,,,,,,in_progress
PWD-TSK-19661,,PWD-INC-058986,"Attend roof leak / cracks - Govt Hr Sec School, Ashok Nagar",TLK09,Ashok Nagar,13.036116,80.227011,PWD-OFF-007,2026-09-11T11:53:32+05:30,2026-11-06,2026-09-15T10:56:24+05:30,,,,,,in_progress
PWD-TSK-19682,,PWD-INC-059051,"Pump out stagnant water - Kalaignar Nagar, Guindy Industrial Estate",TLK06,Guindy Industrial Estate,13.009094,80.213742,PWD-OFF-019,2026-09-11T12:19:36+05:30,2026-09-13,2026-09-12T23:45:50+05:30,,,,,,in_progress
PWD-TSK-19683,,PWD-INC-059056,Inspect & control overflow in Pallikaranai Marsh Outlet Drain at Pallikaranai,TLK13,Pallikaranai,12.902368,80.223186,PWD-OFF-012,2026-09-11T15:37:43+05:30,2026-09-14,2026-09-11T19:41:39+05:30,,,,,,in_progress
PWD-TSK-19684,,PWD-INC-059061,Clear waterlogging at Tondiarpet (Church St),TLK15,Tondiarpet,13.124340,80.288692,PWD-OFF-015,2026-09-11T17:47:15+05:30,2026-09-14,2026-09-11T18:45:01+05:30,2026-09-14T11:27:40+05:30,work completed - photo uploaded,uploads/pwd/PWD-TSK-19684.jpg,2026-09-24T15:52:17+05:30,verified. good work,verified
PWD-TSK-19685,,PWD-INC-059060,Monitor surplus course of Perungudi Lake & clear obstructions,TLK13,Perungudi,12.905962,80.226332,PWD-OFF-019,2026-09-11T18:15:08+05:30,2026-09-17,2026-09-15T14:48:18+05:30,2026-09-19T08:59:02+05:30,weir obstruction removed - photo uploaded,uploads/pwd/PWD-TSK-19685.jpg,2026-09-23T11:14:27+05:30,"field verified by RDO, fine",verified
PWD-TSK-19662,GRV-20260910-18909,,Grievance - illegal construction in Otteri Nullah - Kilpauk stretch,TLK12,Kilpauk,13.093974,80.255679,PWD-OFF-020,2026-09-15T10:00:37+05:30,2026-10-26,2026-09-25T13:02:21+05:30,,,,,,accepted
PWD-TSK-19721,GRV-20260910-11642,,Petition: remove water hyacinth in Buckingham Canal - Basin Bridge stretch,TLK12,Pulianthope,13.083912,80.255391,PWD-OFF-013,2026-09-15T10:07:14+05:30,2026-09-25,2026-09-15T11:20:01+05:30,2026-09-18T16:33:01+05:30,wrk completed pls verify,uploads/pwd/PWD-TSK-19721.jpg,,,completed_pending_verification
PWD-TSK-19686,GRV-20260909-30529,,"Petition: remove encroachment on Kolathur Lake, Kolathur",TLK04,Kolathur,13.100676,80.231498,PWD-OFF-016,2026-09-15T10:14:45+05:30,2026-10-22,,,,,,,assigned
PWD-TSK-19687,,PWD-INC-059046,Desilt / clear blockage in Guindy Industrial Estate Storm Water Channel near Guindy Industrial Estate,TLK06,Guindy Industrial Estate,13.008709,80.209811,PWD-OFF-012,2026-09-15T10:20:37+05:30,2026-09-24,2026-09-21T11:40:10+05:30,,,,,,in_progress
PWD-TSK-19663,,PWD-INC-058985,Structural inspection & repair - Ezhilagam Govt Office Complex,TLK10,Triplicane,13.028633,80.269018,PWD-OFF-004,2026-09-15T10:31:59+05:30,2026-10-18,,,,,,,assigned
PWD-TSK-19741,,PWD-INC-059221,Sandbag bank of Kodungaiyur Canal near Kodungaiyur,TLK11,Kodungaiyur,13.111453,80.232369,PWD-OFF-019,2026-09-15T10:34:05+05:30,2026-09-19,2026-09-15T17:07:08+05:30,,,,,,in_progress
PWD-TSK-19688,,PWD-INC-059054,Desilt / clear blockage in the storm water drain near Choolaimedu,TLK03,Choolaimedu,13.077849,80.221359,PWD-OFF-013,2026-09-15T10:35:46+05:30,2026-09-25,2026-09-18T11:01:57+05:30,2026-09-24T08:58:05+05:30,"desilted, silt shifted - photo uploaded",uploads/pwd/PWD-TSK-19688.jpg,,,completed_pending_verification
PWD-TSK-19761,,PWD-INC-059284,Clear debris & rebuild wall - Perambur,TLK11,Perambur,13.117518,80.229923,PWD-OFF-018,2026-09-15T10:39:39+05:30,2026-10-04,2026-09-15T14:43:23+05:30,2026-09-21T09:25:17+05:30,"debris cleared, barricade put",uploads/pwd/PWD-TSK-19761.jpg,2026-09-25T11:29:12+05:30,verified by DRO,verified
PWD-TSK-19664,GRV-20260905-30501,,"Petition: remove encroachment on Porur Lake, Porur",TLK08,Porur,13.058446,80.172968,PWD-OFF-020,2026-09-15T10:45:41+05:30,2026-10-27,,,,,,,assigned
PWD-TSK-19689,,PWD-INC-059041,Survey & evict encroachment - Anna Nagar Macro Drain,TLK03,Anna Nagar,13.069880,80.222619,PWD-OFF-013,2026-09-15T10:48:08+05:30,2026-10-20,2026-09-17T10:13:51+05:30,,,,,,in_progress
PWD-TSK-19690,,PWD-INC-059062,Desilt / clear blockage in Tondiarpet Macro Drain near Tondiarpet,TLK15,Tondiarpet,13.124018,80.287603,PWD-OFF-015,2026-09-15T10:50:43+05:30,2026-10-05,2026-09-16T11:16:42+05:30,2026-09-24T11:52:14+05:30,"desilting done, debris cleared",uploads/pwd/PWD-TSK-19690.jpg,,,completed_pending_verification
PWD-TSK-19691,,PWD-INC-059064,Structural inspection & repair - Ezhilagam Govt Office Complex,TLK10,Triplicane,13.028714,80.269653,PWD-OFF-004,2026-09-15T10:52:40+05:30,2026-10-15,2026-09-24T15:05:09+05:30,,,,,,in_progress
PWD-TSK-19643,,PWD-INC-058926,Remove encroachment on Anna Nagar Macro Drain at Anna Nagar,TLK03,Anna Nagar,13.070981,80.220441,PWD-OFF-013,2026-09-15T10:56:21+05:30,2026-11-07,2026-09-17T10:23:04+05:30,,,,,,in_progress
PWD-TSK-19644,,PWD-INC-058927,Desilt / clear blockage in Nanganallur Macro Drain near Nanganallur,TLK01,Nanganallur,12.997278,80.197018,PWD-OFF-016,2026-09-15T11:01:28+05:30,2026-09-30,2026-09-16T10:53:39+05:30,2026-09-19T12:30:51+05:30,wrk completed.,uploads/pwd/PWD-TSK-19644.jpg,2026-09-24T10:40:11+05:30,"verified, ok",verified
PWD-TSK-19692,,PWD-INC-059048,Clear choked Otteri Nullah - Ayanavaram stretch at Railway Station Rd,TLK04,Ayanavaram,13.100147,80.238791,PWD-OFF-016,2026-09-15T11:10:53+05:30,2026-10-05,2026-09-21T16:05:34+05:30,,,,,,in_progress
PWD-TSK-19742,,PWD-INC-059223,Deploy pumpset & drain water - Pulianthope,TLK12,Pulianthope,13.082606,80.255884,PWD-OFF-013,2026-09-15T11:21:32+05:30,2026-09-16,2026-09-15T15:04:37+05:30,2026-09-17T14:51:14+05:30,"work under progress, now completed (JE)",uploads/pwd/PWD-TSK-19742.jpg,,,completed_pending_verification
PWD-TSK-19665,GRV-20260908-38339,,"Petition: remove encroachment on Porur Lake, Porur",TLK08,Porur,13.059335,80.170447,PWD-OFF-020,2026-09-15T11:39:31+05:30,2026-11-04,2026-09-18T14:58:44+05:30,,,,,,in_progress
PWD-TSK-19693,GRV-20260910-10381,,Petition: Velachery Lake Surplus Sluice shutter not closing properly,TLK16,Velachery,12.979239,80.222495,PWD-OFF-012,2026-09-15T11:50:24+05:30,2026-10-05,2026-09-25T13:23:59+05:30,,,,,,accepted
PWD-TSK-19701,,PWD-INC-059106,Survey & evict encroachment - Adambakkam Lake,TLK01,Adambakkam,12.996899,80.201798,PWD-OFF-020,2026-09-15T12:22:52+05:30,2026-11-08,,,,,,,assigned
PWD-TSK-19694,,PWD-INC-059058,"Attend roof leak / cracks - Govt Peripheral Hospital, Periyar Nagar",TLK04,Periyar Nagar,13.099128,80.227814,PWD-OFF-003,2026-09-15T12:40:22+05:30,2026-10-24,2026-09-16T11:54:10+05:30,,,,,,in_progress
PWD-TSK-19743,,PWD-INC-059222,Structural inspection & repair - King Institute of Preventive Medicine,TLK06,Guindy,13.005853,80.213146,PWD-OFF-006,2026-09-15T13:39:36+05:30,2026-11-05,,,,,,,assigned
PWD-TSK-19702,,PWD-INC-059103,Inspect damage to Aminjikarai Cooum Bridge,TLK03,Aminjikarai,13.071277,80.222499,PWD-OFF-013,2026-09-15T17:47:39+05:30,2026-11-14,,,,,,,assigned
PWD-TSK-19762,,PWD-INC-059288,Inspect damage to Manali Kosasthalaiyar Causeway,TLK14,Manali,13.161360,80.301567,PWD-OFF-015,2026-09-16T10:11:48+05:30,2026-10-23,2026-09-18T13:42:02+05:30,,,,,,in_progress
PWD-TSK-19744,,PWD-INC-059230,Clear choked Otteri Nullah - Ayanavaram stretch at Lake View Rd,TLK04,Ayanavaram,13.099739,80.235019,PWD-OFF-016,2026-09-16T10:25:47+05:30,2026-10-07,2026-09-21T12:32:25+05:30,2026-09-24T13:49:00+05:30,"blockage cleared, flow ok - AE",uploads/pwd/PWD-TSK-19744.jpg,,,completed_pending_verification
PWD-TSK-19763,GRV-20260915-47205,,"Grievance - silt & garbage in Mambalam Canal Macro Drain, T. Nagar",TLK09,T. Nagar,13.032345,80.222995,PWD-OFF-017,2026-09-16T10:58:15+05:30,2026-09-29,,,,,,,assigned
PWD-TSK-19764,,PWD-INC-059287,Remove encroachment on Ambattur Lake at Ambattur,TLK02,Ambattur,13.113339,80.152893,PWD-OFF-014,2026-09-17T10:04:44+05:30,2026-10-21,2026-09-18T10:09:51+05:30,,,,,,in_progress
PWD-TSK-19781,,PWD-INC-059345,Desilt / clear blockage in Virugambakkam-Arumbakkam Canal near Virugambakkam,TLK08,Virugambakkam,13.063288,80.175302,PWD-OFF-013,2026-09-17T10:08:32+05:30,2026-09-24,2026-09-21T10:08:27+05:30,,,,,,in_progress
PWD-TSK-19782,,PWD-INC-059346,"Repair shutter of Otteri Nullah Regulator, Basin Bridge",TLK12,Pulianthope,13.083521,80.256811,PWD-OFF-015,2026-09-17T12:05:11+05:30,2026-10-09,2026-09-21T12:31:04+05:30,,,,,,in_progress
PWD-TSK-19783,,PWD-INC-059347,Structural inspection & repair - Govt Royapettah Hospital,TLK10,Royapettah,13.030680,80.265798,PWD-OFF-006,2026-09-17T12:45:38+05:30,2026-11-02,2026-09-18T10:07:01+05:30,,,,,,in_progress
PWD-TSK-19784,,PWD-INC-059344,"Attend roof leak / cracks - Govt Polytechnic College, Taramani",TLK16,Taramani,12.982647,80.213281,PWD-OFF-007,2026-09-17T15:00:30+05:30,2026-11-13,2026-09-18T12:08:48+05:30,,,,,,in_progress
PWD-TSK-19785,GRV-20260913-51674,,"Grievance - unsafe building condition, Govt Hr Sec School, Ashok Nagar",TLK09,Ashok Nagar,13.033830,80.226671,PWD-OFF-007,2026-09-17T17:26:54+05:30,2026-11-05,2026-09-18T11:04:26+05:30,2026-09-22T10:16:15+05:30,"crack sealed, plastering done",uploads/pwd/PWD-TSK-19785.jpg,,,completed_pending_verification
PWD-TSK-19786,,PWD-INC-059341,Desilt / clear blockage in Villivakkam Macro Drain near Villivakkam,TLK04,Villivakkam,13.094774,80.237325,PWD-OFF-016,2026-09-18T10:45:57+05:30,2026-10-07,2026-09-18T13:00:59+05:30,,,,,,in_progress
PWD-TSK-19841,,PWD-INC-059525,Clear debris & rebuild wall - Old Washermanpet,TLK15,Old Washermanpet,13.125988,80.290844,PWD-OFF-006,2026-09-19T17:34:40+05:30,2026-09-27,2026-09-19T22:42:22+05:30,2026-09-24T09:37:38+05:30,"debris cleared, barricade put (JE)",uploads/pwd/PWD-TSK-19841.jpg,,,completed_pending_verification
PWD-TSK-19881,,PWD-INC-059641,Clear waterlogging at Sholinganallur (Vinayagar Koil St),TLK13,Sholinganallur,12.901651,80.226542,PWD-OFF-015,2026-09-21T08:21:41+05:30,2026-09-23,2026-09-21T14:10:41+05:30,,,,,,in_progress
PWD-TSK-19861,,PWD-INC-059584,Inspect & control overflow in Captain Cotton Canal - Vyasarpadi stretch at Vyasarpadi,TLK11,Vyasarpadi,13.114125,80.239676,PWD-OFF-019,2026-09-21T10:00:25+05:30,2026-09-24,2026-09-21T13:55:04+05:30,2026-09-24T10:11:25+05:30,"flow normal now, debris removed at bridge.",uploads/pwd/PWD-TSK-19861.jpg,,,completed_pending_verification
PWD-TSK-19821,,PWD-INC-059467,Attend roof leak / cracks - Sholinganallur Taluk Office,TLK13,Sholinganallur,12.897302,80.230316,PWD-OFF-004,2026-09-21T10:03:39+05:30,2026-11-11,2026-09-21T14:22:40+05:30,,,,,,in_progress
PWD-TSK-19822,,PWD-INC-059462,Desilt / clear blockage in the storm water drain near Valasaravakkam,TLK08,Valasaravakkam,13.059165,80.168657,PWD-OFF-013,2026-09-21T10:16:48+05:30,2026-10-06,2026-09-22T12:26:58+05:30,,,,,,in_progress
PWD-TSK-19842,,PWD-INC-059523,Structural inspection & repair - Ezhilagam Govt Office Complex,TLK10,Triplicane,13.029214,80.272092,PWD-OFF-004,2026-09-21T10:40:09+05:30,2026-11-18,2026-09-21T15:03:52+05:30,,,,,,in_progress
PWD-TSK-19843,,PWD-INC-059522,Clear debris & rebuild wall - Koyambedu,TLK08,Koyambedu,13.067049,80.174299,PWD-OFF-013,2026-09-21T11:26:27+05:30,2026-10-04,2026-09-21T12:06:16+05:30,2026-09-24T09:54:41+05:30,wall rebuilt approx 12m,uploads/pwd/PWD-TSK-19843.jpg,,,completed_pending_verification
PWD-TSK-19862,,PWD-INC-059585,Structural inspection & repair - Govt Kilpauk Medical College Hospital,TLK12,Kilpauk,13.091458,80.256434,PWD-OFF-003,2026-09-21T11:59:45+05:30,2026-10-24,,,,,,,assigned
PWD-TSK-19801,,PWD-INC-059407,"Attend roof leak / cracks - Govt Girls Hr Sec School, Ambattur",TLK02,Ambattur,13.115317,80.153791,PWD-OFF-005,2026-09-21T14:48:28+05:30,2026-10-24,2026-09-22T10:36:15+05:30,,,,,,in_progress
PWD-TSK-19901,GRV-20260920-81205,,"Grievance - silt & garbage in Anna Nagar Macro Drain, Anna Nagar",TLK03,Anna Nagar,13.069285,80.222537,PWD-OFF-013,2026-09-23T11:41:32+05:30,2026-10-13,2026-09-24T11:28:58+05:30,,,,,,in_progress
PWD-TSK-19902,,PWD-INC-059709,"Inspect damage to Thiru. Vi. Ka. Bridge, Adyar",TLK10,Adyar,13.032322,80.259530,PWD-OFF-012,2026-09-23T11:47:19+05:30,2026-10-23,2026-09-25T12:39:57+05:30,,,,,,accepted
PWD-TSK-19903,GRV-20260917-83487,,"Petition: remove encroachment on Perungudi Lake, Perungudi",TLK13,Perungudi,12.904734,80.228017,PWD-OFF-016,2026-09-23T17:00:12+05:30,2026-11-21,2026-09-24T11:12:10+05:30,,,,,,in_progress
PWD-TSK-19904,GRV-20260921-88548,,Grievance - illegal construction in Buckingham Canal - Thiruvanmiyur stretch,TLK16,Thiruvanmiyur,12.985659,80.220496,PWD-OFF-016,2026-09-24T07:48:03+05:30,2026-11-11,,,,,,,assigned
PWD-TSK-19905,,PWD-INC-059706,"Structural inspection & repair - Govt Hr Sec School, Ashok Nagar",TLK09,Ashok Nagar,13.034531,80.226443,PWD-OFF-007,2026-09-24T10:46:36+05:30,2026-11-18,,,,,,,assigned
PWD-TSK-19921,,PWD-INC-059765,Remove encroachment on Retteri Lake at Retteri,TLK07,Retteri,13.149722,80.227949,PWD-OFF-020,2026-09-24T12:17:40+05:30,2026-11-16,,,,,,,assigned
PWD-TSK-19882,,PWD-INC-059646,Survey & evict encroachment - Madhavaram Lake,TLK07,Madhavaram,13.145892,80.233937,PWD-OFF-016,2026-09-24T12:31:52+05:30,2026-11-19,2026-09-25T11:17:23+05:30,,,,,,accepted
PWD-TSK-19906,GRV-20260921-71575,,Grievance - illegal construction in Adyar River - Jafferkhanpet stretch,TLK06,Jafferkhanpet,13.008154,80.217358,PWD-OFF-020,2026-09-24T15:03:37+05:30,2026-10-26,2026-09-25T10:26:07+05:30,,,,,,accepted
PWD-TSK-19941,,PWD-INC-059825,Sandbag bank of the canal near Ekkatuthangal,TLK06,Ekkatuthangal,13.003462,80.212060,PWD-OFF-017,2026-09-24T16:07:13+05:30,2026-09-28,2026-09-24T19:38:09+05:30,,,,,,in_progress
PWD-TSK-19922,,PWD-INC-059769,Structural inspection & repair - Rajiv Gandhi Govt General Hospital - Tower Block,TLK05,Periamet,13.080276,80.270208,PWD-OFF-006,2026-09-25T10:20:38+05:30,2026-11-22,,,,,,,assigned
PWD-TSK-19923,,PWD-INC-059768,"Structural inspection & repair - Govt Peripheral Hospital, Periyar Nagar",TLK04,Periyar Nagar,13.098057,80.229540,PWD-OFF-003,2026-09-25T11:05:02+05:30,2026-11-10,,,,,,,assigned
PWD-TSK-19924,,PWD-INC-059761,Repair parapet/deck of Manali Kosasthalaiyar Causeway,TLK14,Manali,13.161288,80.303485,PWD-OFF-014,2026-09-25T12:46:57+05:30,2026-11-15,2026-09-25T14:25:22+05:30,,,,,,accepted
PWD-TSK-19942,,PWD-INC-059829,Desilt / clear blockage in Captain Cotton Canal - Vyasarpadi stretch near Vyasarpadi,TLK11,Vyasarpadi,13.117720,80.240501,PWD-OFF-018,2026-09-25T13:27:20+05:30,2026-10-02,,,,,,,assigned
PWD-TSK-19943,,PWD-INC-059828,Desilt / clear blockage in Captain Cotton Canal - Vyasarpadi stretch near Vyasarpadi,TLK11,Vyasarpadi,13.116857,80.240172,PWD-OFF-018,2026-09-25T15:49:06+05:30,2026-10-12,,,,,,,assigned
PWD-TSK-19961,,PWD-INC-059885,Clear waterlogging at Guindy Industrial Estate (Tank St),TLK06,Guindy Industrial Estate,13.009734,80.208468,PWD-OFF-017,2026-09-25T16:49:32+05:30,2026-09-28,2026-09-25T17:35:45+05:30,,,,,,accepted
