action_id,event_id,dept_code,office_id,owner,text,sop_step,assigned_at,due_at,status,created_by,origin,completed_at,verified_at,evidence,incident_id
PWD-TSK-16501,PWD-INC-049506,PWD-WRD,PWD-OFF-017,Assistant Executive Engineer (V. Meenakshi),"Inspect damage to Thiru. Vi. Ka. Bridge, Adyar",,2026-04-06T14:07:25+05:30,2026-05-24T00:00:00+05:30,Done,department,pwd_task,2026-06-02T08:36:16+05:30,2026-06-10T12:16:01+05:30,uploads/pwd/PWD-TSK-16501.jpg,INC-20260405-2B8242
PWD-TSK-16502,PWD-INC-049505,PWD-WRD,PWD-OFF-013,Executive Engineer (G. Selvi),Remove encroachment on Cooum River - Arumbakkam stretch at Arumbakkam,,2026-04-06T18:38:48+05:30,2026-06-01T00:00:00+05:30,Done,department,pwd_task,2026-05-18T18:08:21+05:30,2026-06-24T12:22:25+05:30,uploads/pwd/PWD-TSK-16502.jpg,INC-20260405-3C0101
PWD-TSK-16521,PWD-INC-049565,PWD-BLD,PWD-OFF-006,Executive Engineer (T. Rajendran),"Structural inspection & repair - Govt Peripheral Hospital, K.K. Nagar",,2026-04-07T08:40:59+05:30,2026-05-11T00:00:00+05:30,Done,department,pwd_task,2026-05-15T18:02:42+05:30,2026-06-11T11:01:50+05:30,uploads/pwd/PWD-TSK-16521.jpg,INC-20260406-9DEB92
PWD-TSK-16504,PWD-TSK-16504,PWD-WRD,PWD-OFF-017,Assistant Executive Engineer (V. Meenakshi),Petition: remove water hyacinth in Buckingham Canal - Mandaveli stretch,,2026-04-07T10:37:00+05:30,2026-04-27T00:00:00+05:30,Done,department,pwd_task,2026-05-10T11:37:41+05:30,2026-06-03T11:36:30+05:30,uploads/pwd/PWD-TSK-16504.jpg,INC-20260407-0B8692
PWD-TSK-16505,PWD-INC-049504,PWD-WRD,PWD-OFF-020,Assistant Executive Engineer (S. Palanisamy),Survey & evict encroachment - Captain Cotton Canal - Vyasarpadi stretch,,2026-04-07T11:14:15+05:30,2026-05-18T00:00:00+05:30,Done,department,pwd_task,2026-05-12T15:58:18+05:30,2026-05-14T10:42:26+05:30,uploads/pwd/PWD-TSK-16505.jpg,INC-20260405-1A1098
PWD-TSK-16522,PWD-TSK-16522,PWD-WRD,PWD-OFF-018,Assistant Executive Engineer (M. Gunasekaran),"Grievance - silt & garbage in Kodungaiyur Canal, Kodungaiyur",,2026-04-07T11:50:47+05:30,2026-04-14T00:00:00+05:30,Done,department,pwd_task,2026-05-23T09:08:08+05:30,2026-06-30T11:35:52+05:30,uploads/pwd/PWD-TSK-16522.jpg,INC-20260407-6AE69D
PWD-TSK-16541,PWD-INC-049624,PWD-WRD,PWD-OFF-017,Assistant Executive Engineer (V. Meenakshi),Clear debris & rebuild wall - Saidapet,,2026-04-07T15:18:19+05:30,2026-04-23T00:00:00+05:30,Done,department,pwd_task,2026-04-22T14:10:34+05:30,2026-05-04T11:46:04+05:30,uploads/pwd/PWD-TSK-16541.jpg,INC-20260407-2B60AC
PWD-TSK-16561,PWD-INC-049684,PWD-BLD,PWD-OFF-007,Executive Engineer (M. Sumathi),"Remove collapsed wall debris near Bazaar St, Ambattur",,2026-04-08T10:10:23+05:30,2026-04-24T00:00:00+05:30,Done,department,pwd_task,2026-04-25T08:44:53+05:30,2026-05-04T10:32:30+05:30,uploads/pwd/PWD-TSK-16561.jpg,INC-20260408-BE7D7A
PWD-TSK-16523,PWD-INC-049568,PWD-WRD,PWD-OFF-012,Executive Engineer (T. Sumathi),"Repair parapet/deck of Maraimalai Adigal Bridge, Saidapet",,2026-04-08T14:53:02+05:30,2026-06-06T00:00:00+05:30,Done,department,pwd_task,2026-05-26T10:38:04+05:30,2026-06-22T10:15:53+05:30,uploads/pwd/PWD-TSK-16523.jpg,INC-20260406-03C84C
PWD-TSK-16562,PWD-INC-049686,PWD-BLD,PWD-OFF-003,Executive Engineer (J. Bharathi),Structural inspection & repair - Govt Kilpauk Medical College Hospital,,2026-04-08T16:23:45+05:30,2026-06-01T00:00:00+05:30,Done,department,pwd_task,2026-08-26T17:52:33+05:30,2026-08-31T10:33:55+05:30,uploads/pwd/PWD-TSK-16562.jpg,INC-20260408-E1319C
PWD-TSK-16542,PWD-INC-049623,PWD-WRD,PWD-OFF-020,Assistant Executive Engineer (S. Palanisamy),Survey & evict encroachment - Cooum River - Nerkundram stretch,,2026-04-09T08:57:07+05:30,2026-05-14T00:00:00+05:30,Done,department,pwd_task,2026-05-02T08:25:14+05:30,2026-05-04T10:31:09+05:30,uploads/pwd/PWD-TSK-16542.jpg,INC-20260407-049C84
PWD-TSK-16581,PWD-INC-049742,PWD-WRD,PWD-OFF-015,Executive Engineer (V. Karthikeyan),Clear debris & rebuild wall - Kilpauk,,2026-04-09T09:53:31+05:30,2026-04-18T00:00:00+05:30,Done,department,pwd_task,2026-04-17T09:33:57+05:30,2026-04-22T12:48:42+05:30,uploads/pwd/PWD-TSK-16581.jpg,INC-20260409-B7F3F2
PWD-TSK-16524,PWD-TSK-16524,PWD-WRD,PWD-OFF-013,Executive Engineer (G. Selvi),Petition: desilting of Valasaravakkam Macro Drain near Valasaravakkam,,2026-04-09T10:40:02+05:30,2026-04-30T00:00:00+05:30,Done,department,pwd_task,2026-04-30T16:30:47+05:30,2026-05-11T10:48:36+05:30,uploads/pwd/PWD-TSK-16524.jpg,INC-20260409-7C1FBB
PWD-TSK-16543,PWD-TSK-16543,PWD-WRD,PWD-OFF-014,Executive Engineer (V. Gunasekaran),Petition: remove water hyacinth in Ambattur Lake,,2026-04-09T11:32:24+05:30,2026-04-29T00:00:00+05:30,Done,department,pwd_task,2026-04-19T13:35:54+05:30,2026-06-01T11:26:05+05:30,uploads/pwd/PWD-TSK-16543.jpg,INC-20260409-243E23
PWD-TSK-16563,PWD-INC-049689,PWD-BLD,PWD-OFF-003,Executive Engineer (J. Bharathi),"Attend roof leak / cracks - Govt Peripheral Hospital, Periyar Nagar",,2026-04-09T12:20:31+05:30,2026-05-24T00:00:00+05:30,Done,department,pwd_task,2026-05-24T11:11:01+05:30,2026-06-29T10:24:45+05:30,uploads/pwd/PWD-TSK-16563.jpg,INC-20260408-1BA5F0
PWD-TSK-16544,PWD-INC-049634,PWD-WRD,PWD-OFF-014,Executive Engineer (V. Gunasekaran),Desilt / clear blockage in Kathivakkam Macro Drain near Kathivakkam,,2026-04-09T13:45:28+05:30,2026-04-19T00:00:00+05:30,Done,department,pwd_task,2026-05-03T11:33:48+05:30,2026-05-11T10:00:09+05:30,uploads/pwd/PWD-TSK-16544.jpg,INC-20260407-2DA055
PWD-TSK-16582,PWD-INC-049749,PWD-WRD,PWD-OFF-016,Assistant Executive Engineer (S. Karthikeyan),Deploy pumpset & drain water - Madhavaram Milk Colony,,2026-04-09T15:15:31+05:30,2026-04-12T00:00:00+05:30,Done,department,pwd_task,2026-04-12T10:43:54+05:30,2026-04-28T13:44:00+05:30,uploads/pwd/PWD-TSK-16582.jpg,INC-20260409-CB5568
PWD-TSK-16564,PWD-TSK-16564,PWD-WRD,PWD-OFF-016,Assistant Executive Engineer (S. Karthikeyan),Petition: remove water hyacinth in Perungudi Lake,,2026-04-10T10:22:30+05:30,2026-04-17T00:00:00+05:30,Done,department,pwd_task,2026-04-28T12:07:46+05:30,2026-05-04T10:41:39+05:30,uploads/pwd/PWD-TSK-16564.jpg,INC-20260410-330955
PWD-TSK-16583,PWD-INC-049753,PWD-BLD,PWD-OFF-008,Assistant Executive Engineer (C. Dhanalakshmi),"Attend roof leak / cracks - Govt Polytechnic College, Taramani",,2026-04-10T10:50:05+05:30,2026-05-10T00:00:00+05:30,Done,department,pwd_task,2026-04-30T11:12:14+05:30,2026-05-26T10:11:10+05:30,uploads/pwd/PWD-TSK-16583.jpg,INC-20260409-32336F
PWD-TSK-16545,PWD-INC-049633,PWD-WRD,PWD-OFF-015,Executive Engineer (V. Karthikeyan),Desilt / clear blockage in Otteri Nullah - Kilpauk stretch near Kilpauk,,2026-04-10T11:32:14+05:30,2026-04-26T00:00:00+05:30,Done,department,pwd_task,2026-06-20T10:24:43+05:30,2026-06-23T10:17:58+05:30,uploads/pwd/PWD-TSK-16545.jpg,INC-20260407-09D599
PWD-TSK-16546,PWD-INC-049627,PWD-WRD,PWD-OFF-013,Executive Engineer (G. Selvi),Survey & evict encroachment - Cooum River - Chetpet stretch,,2026-04-10T12:05:12+05:30,2026-06-06T00:00:00+05:30,Done,department,pwd_task,2026-05-18T08:18:22+05:30,2026-05-21T12:45:20+05:30,uploads/pwd/PWD-TSK-16546.jpg,INC-20260407-00768D
PWD-TSK-16584,PWD-INC-049752,PWD-WRD,PWD-OFF-016,Assistant Executive Engineer (S. Karthikeyan),Desilt / clear blockage in Villivakkam Macro Drain near Villivakkam,,2026-04-10T12:13:40+05:30,2026-04-30T00:00:00+05:30,Done,department,pwd_task,2026-05-18T18:25:04+05:30,2026-05-28T11:45:39+05:30,uploads/pwd/PWD-TSK-16584.jpg,INC-20260408-1BABDE
PWD-TSK-16565,PWD-INC-049690,PWD-WRD,PWD-OFF-016,Assistant Executive Engineer (S. Karthikeyan),Remove encroachment on Mogappair Eri at Mogappair,,2026-04-10T14:26:36+05:30,2026-05-17T00:00:00+05:30,Done,department,pwd_task,2026-05-29T11:09:41+05:30,2026-07-06T10:26:17+05:30,uploads/pwd/PWD-TSK-16565.jpg,INC-20260408-25B316
PWD-TSK-16566,PWD-TSK-16566,PWD-WRD,PWD-OFF-014,Executive Engineer (V. Gunasekaran),Petition: desilting of Kathivakkam Macro Drain near Kathivakkam,,2026-04-10T17:16:22+05:30,2026-05-01T00:00:00+05:30,Done,department,pwd_task,2026-05-01T16:37:28+05:30,2026-05-14T11:20:43+05:30,uploads/pwd/PWD-TSK-16566.jpg,INC-20260410-E42E59
PWD-TSK-16601,PWD-INC-049806,PWD-BLD,PWD-OFF-004,Executive Engineer (G. Kalaiselvi),Clear debris & rebuild wall - Royapettah,,2026-04-10T19:09:31+05:30,2026-04-22T00:00:00+05:30,Done,department,pwd_task,2026-04-18T10:01:16+05:30,2026-05-07T10:38:23+05:30,uploads/pwd/PWD-TSK-16601.jpg,INC-20260410-EC0D78
PWD-TSK-16641,PWD-INC-049921,PWD-WRD,PWD-OFF-016,Assistant Executive Engineer (S. Karthikeyan),"Emergency closure of breach - Kolathur Lake, Kolathur",,2026-04-12T08:46:24+05:30,2026-04-13T00:00:00+05:30,Done,department,pwd_task,2026-04-14T12:05:48+05:30,2026-05-13T10:08:07+05:30,uploads/pwd/PWD-TSK-16641.jpg,INC-20260412-1D636D
PWD-TSK-16585,PWD-TSK-16585,PWD-WRD,PWD-OFF-012,Executive Engineer (T. Sumathi),Petition: desilting of Buckingham Canal - Mandaveli stretch near Mandaveli,,2026-04-13T10:05:48+05:30,2026-04-29T00:00:00+05:30,Done,department,pwd_task,2026-04-19T08:14:53+05:30,2026-05-20T11:41:49+05:30,uploads/pwd/PWD-TSK-16585.jpg,INC-20260411-13A225
PWD-TSK-16602,PWD-INC-049802,PWD-WRD,PWD-OFF-017,Assistant Executive Engineer (V. Meenakshi),Remove encroachment on Adyar River - Kotturpuram stretch at Kotturpuram,,2026-04-13T10:20:48+05:30,2026-06-08T00:00:00+05:30,Done,department,pwd_task,2026-05-31T18:00:56+05:30,2026-06-10T10:54:11+05:30,uploads/pwd/PWD-TSK-16602.jpg,INC-20260410-39980F
PWD-TSK-16586,PWD-INC-049750,PWD-BLD,PWD-OFF-008,Assistant Executive Engineer (C. Dhanalakshmi),"Structural inspection & repair - Govt Polytechnic College, Taramani",,2026-04-13T10:25:08+05:30,2026-05-17T00:00:00+05:30,Done,department,pwd_task,2026-05-21T09:56:33+05:30,2026-05-22T13:08:52+05:30,uploads/pwd/PWD-TSK-16586.jpg,INC-20260409-DB35C2
PWD-TSK-16621,PWD-INC-049862,PWD-WRD,PWD-OFF-019,Executive Engineer (S. Prabhakaran),Clear waterlogging at Jamalia (Subramaniyar Koil St),,2026-04-13T10:25:37+05:30,2026-04-15T00:00:00+05:30,Done,department,pwd_task,2026-04-15T15:34:42+05:30,2026-05-26T13:00:48+05:30,uploads/pwd/PWD-TSK-16621.jpg,INC-20260411-1766DC
PWD-TSK-16622,PWD-INC-049875,PWD-WRD,PWD-OFF-014,Executive Engineer (V. Gunasekaran),Remove encroachment on Kathivakkam Macro Drain at Kathivakkam,,2026-04-13T10:39:49+05:30,2026-05-27T00:00:00+05:30,Done,department,pwd_task,2026-04-19T08:19:31+05:30,2026-05-04T10:31:39+05:30,uploads/pwd/PWD-TSK-16622.jpg,INC-20260411-BBDC08
PWD-TSK-16587,PWD-INC-049759,PWD-WRD,PWD-OFF-012,Executive Engineer (T. Sumathi),Clear choked Nanganallur Macro Drain at 5th Cross St,,2026-04-13T10:47:44+05:30,2026-04-20T00:00:00+05:30,Done,department,pwd_task,2026-05-15T17:46:25+05:30,2026-06-08T10:56:42+05:30,uploads/pwd/PWD-TSK-16587.jpg,INC-20260409-A38E12
PWD-TSK-16603,PWD-INC-049807,PWD-WRD,PWD-OFF-016,Assistant Executive Engineer (S. Karthikeyan),Desilt / clear blockage in Otteri Nullah - Ayanavaram stretch near Ayanavaram,,2026-04-13T11:08:29+05:30,2026-04-20T00:00:00+05:30,Done,department,pwd_task,2026-05-01T17:13:02+05:30,2026-05-04T13:01:14+05:30,uploads/pwd/PWD-TSK-16603.jpg,INC-20260410-DDE74E
PWD-TSK-16604,PWD-TSK-16604,PWD-WRD,PWD-OFF-012,Executive Engineer (T. Sumathi),Petition: strengthen weak bund of Adyar River Bund - Kotturpuram,,2026-04-13T11:12:07+05:30,2026-06-08T00:00:00+05:30,Done,department,pwd_task,2026-04-24T17:28:04+05:30,2026-05-12T10:28:30+05:30,uploads/pwd/PWD-TSK-16604.jpg,INC-20260413-61ADF1
PWD-TSK-16605,PWD-TSK-16605,PWD-WRD,PWD-OFF-018,Assistant Executive Engineer (M. Gunasekaran),Petition: remove water hyacinth in Otteri Nullah - Ayanavaram stretch,,2026-04-13T11:19:19+05:30,2026-04-20T00:00:00+05:30,Done,department,pwd_task,2026-04-20T09:41:19+05:30,2026-04-21T12:06:45+05:30,uploads/pwd/PWD-TSK-16605.jpg,INC-20260413-730FC4
PWD-TSK-16606,PWD-INC-049801,PWD-WRD,PWD-OFF-013,Executive Engineer (G. Selvi),Remove encroachment on Anna Nagar Macro Drain at Anna Nagar,,2026-04-13T11:24:09+05:30,2026-05-24T00:00:00+05:30,Done,department,pwd_task,2026-05-31T12:10:41+05:30,2026-06-29T11:28:58+05:30,uploads/pwd/PWD-TSK-16606.jpg,INC-20260410-083E47
PWD-TSK-16567,PWD-TSK-16567,PWD-BLD,PWD-OFF-004,Executive Engineer (G. Kalaiselvi),"Grievance - unsafe building condition, Ezhilagam Govt Office Complex",,2026-04-13T11:26:19+05:30,2026-06-10T00:00:00+05:30,Done,department,pwd_task,2026-05-27T16:22:02+05:30,2026-07-03T14:40:03+05:30,uploads/pwd/PWD-TSK-16567.jpg,INC-20260413-698709
PWD-TSK-16607,PWD-INC-049812,PWD-WRD,PWD-OFF-013,Executive Engineer (G. Selvi),Clear debris & rebuild wall - Nolambur,,2026-04-13T13:39:46+05:30,2026-05-03T00:00:00+05:30,Done,department,pwd_task,2026-05-01T11:27:37+05:30,2026-06-12T10:11:34+05:30,uploads/pwd/PWD-TSK-16607.jpg,INC-20260410-F87BC2
PWD-TSK-16588,PWD-INC-049756,PWD-WRD,PWD-OFF-020,Assistant Executive Engineer (S. Palanisamy),Survey & evict encroachment - the water body,,2026-04-13T15:52:56+05:30,2026-06-11T00:00:00+05:30,Done,department,pwd_task,2026-05-31T08:39:01+05:30,2026-06-15T12:07:17+05:30,uploads/pwd/PWD-TSK-16588.jpg,INC-20260409-B83555
PWD-TSK-16661,PWD-INC-049993,PWD-WRD,PWD-OFF-018,Assistant Executive Engineer (M. Gunasekaran),"Remove collapsed wall debris near Lake View Rd, Vyasarpadi",,2026-04-15T10:02:57+05:30,2026-04-24T00:00:00+05:30,Done,department,pwd_task,2026-04-20T10:34:39+05:30,2026-05-15T12:09:29+05:30,uploads/pwd/PWD-TSK-16661.jpg,INC-20260413-F08A98
PWD-TSK-16681,PWD-INC-050042,PWD-BLD,PWD-OFF-004,Executive Engineer (G. Kalaiselvi),"Structural inspection & repair - Govt Polytechnic College, Taramani",,2026-04-15T10:22:37+05:30,2026-05-16T00:00:00+05:30,Done,department,pwd_task,2026-05-28T11:32:10+05:30,2026-06-01T11:07:45+05:30,uploads/pwd/PWD-TSK-16681.jpg,INC-20260414-A7470A
PWD-TSK-16662,PWD-INC-049987,PWD-BLD,PWD-OFF-006,Executive Engineer (T. Rajendran),Structural inspection & repair - King Institute of Preventive Medicine,,2026-04-15T10:43:13+05:30,2026-06-08T00:00:00+05:30,Done,department,pwd_task,2026-04-21T15:28:25+05:30,2026-04-23T11:11:43+05:30,uploads/pwd/PWD-TSK-16662.jpg,INC-20260411-BE33F6
PWD-TSK-16663,PWD-INC-049983,PWD-WRD,PWD-OFF-017,Assistant Executive Engineer (V. Meenakshi),Remove encroachment on Adyar River - Saidapet stretch at Saidapet,,2026-04-15T12:06:39+05:30,2026-06-07T00:00:00+05:30,Done,department,pwd_task,2026-05-31T09:40:43+05:30,2026-06-15T10:09:14+05:30,uploads/pwd/PWD-TSK-16663.jpg,INC-20260412-CE933B
PWD-TSK-16682,PWD-INC-050043,PWD-WRD,PWD-OFF-014,Executive Engineer (V. Gunasekaran),Repair parapet/deck of Manali Kosasthalaiyar Causeway,,2026-04-15T12:29:07+05:30,2026-05-31T00:00:00+05:30,Done,department,pwd_task,2026-04-30T08:45:30+05:30,2026-05-04T10:59:33+05:30,uploads/pwd/PWD-TSK-16682.jpg,INC-20260413-48B08D
PWD-TSK-16664,PWD-INC-049981,PWD-WRD,PWD-OFF-017,Assistant Executive Engineer (V. Meenakshi),Clear choked Buckingham Canal - Mandaveli stretch at Lake View Rd,,2026-04-15T12:40:48+05:30,2026-05-01T00:00:00+05:30,Done,department,pwd_task,2026-06-06T18:07:21+05:30,2026-06-11T16:57:13+05:30,uploads/pwd/PWD-TSK-16664.jpg,INC-20260411-13A225
PWD-TSK-16642,PWD-INC-049926,PWD-WRD,PWD-OFF-017,Assistant Executive Engineer (V. Meenakshi),Survey & evict encroachment - Adyar River - Saidapet stretch,,2026-04-15T14:43:29+05:30,2026-05-26T00:00:00+05:30,Done,department,pwd_task,2026-05-20T12:02:36+05:30,2026-05-25T10:05:42+05:30,uploads/pwd/PWD-TSK-16642.jpg,INC-20260412-CE933B
PWD-TSK-16665,PWD-INC-049994,PWD-WRD,PWD-OFF-015,Executive Engineer (V. Karthikeyan),Inspect damage to Manali Kosasthalaiyar Causeway,,2026-04-15T16:20:35+05:30,2026-06-14T00:00:00+05:30,Done,department,pwd_task,2026-05-16T11:38:57+05:30,2026-06-01T10:51:36+05:30,uploads/pwd/PWD-TSK-16665.jpg,INC-20260413-48B08D
PWD-TSK-16683,PWD-TSK-16683,PWD-WRD,PWD-OFF-016,Assistant Executive Engineer (S. Karthikeyan),Petition: Ambattur Lake Sluice shutter not closing properly,,2026-04-16T13:43:29+05:30,2026-05-09T00:00:00+05:30,Done,department,pwd_task,2026-05-07T10:40:51+05:30,2026-05-14T15:43:18+05:30,uploads/pwd/PWD-TSK-16683.jpg,INC-20260416-1D9E40
PWD-TSK-16701,PWD-TSK-16701,PWD-WRD,PWD-OFF-018,Assistant Executive Engineer (M. Gunasekaran),Petition: remove water hyacinth in Buckingham Canal - Korukkupet stretch,,2026-04-16T15:10:52+05:30,2026-05-02T00:00:00+05:30,Done,department,pwd_task,2026-04-26T10:38:17+05:30,2026-05-11T10:47:29+05:30,uploads/pwd/PWD-TSK-16701.jpg,INC-20260416-54E624
PWD-TSK-16702,PWD-INC-050107,PWD-WRD,PWD-OFF-020,Assistant Executive Engineer (S. Palanisamy),Survey & evict encroachment - Guindy Industrial Estate Storm Water Channel,,2026-04-17T10:12:54+05:30,2026-05-27T00:00:00+05:30,Done,department,pwd_task,2026-04-25T08:04:50+05:30,2026-04-29T10:59:20+05:30,uploads/pwd/PWD-TSK-16702.jpg,INC-20260415-20BEE1
PWD-TSK-16721,PWD-INC-050161,PWD-WRD,PWD-OFF-013,Executive Engineer (G. Selvi),Repair parapet/deck of Basin Bridge,,2026-04-17T10:50:36+05:30,2026-06-12T00:00:00+05:30,Done,department,pwd_task,2026-05-05T10:15:03+05:30,2026-05-28T12:35:06+05:30,uploads/pwd/PWD-TSK-16721.jpg,INC-20260416-6E4A36
PWD-TSK-16741,PWD-INC-050221,PWD-WRD,PWD-OFF-018,Assistant Executive Engineer (M. Gunasekaran),Plug breach in Retteri Lake Bund,,2026-04-17T11:55:48+05:30,2026-04-18T00:00:00+05:30,Done,department,pwd_task,2026-05-31T12:13:06+05:30,2026-06-03T17:32:26+05:30,uploads/pwd/PWD-TSK-16741.jpg,INC-20260417-DDC7BC
PWD-TSK-16722,PWD-TSK-16722,PWD-WRD,PWD-OFF-020,Assistant Executive Engineer (S. Palanisamy),"Petition: remove encroachment on Mogappair Eri, Mogappair",,2026-04-17T13:02:13+05:30,2026-06-05T00:00:00+05:30,Done,department,pwd_task,2026-06-09T08:40:47+05:30,2026-06-22T13:34:24+05:30,uploads/pwd/PWD-TSK-16722.jpg,INC-20260417-53292C
PWD-TSK-16723,PWD-INC-050162,PWD-WRD,PWD-OFF-018,Assistant Executive Engineer (M. Gunasekaran),Survey & evict encroachment - Otteri Nullah - Perambur stretch,,2026-04-17T13:22:17+05:30,2026-06-05T00:00:00+05:30,Done,department,pwd_task,2026-05-25T08:07:07+05:30,2026-05-26T16:58:21+05:30,uploads/pwd/PWD-TSK-16723.jpg,INC-20260416-B95A82
PWD-TSK-16724,PWD-INC-050164,PWD-WRD,PWD-OFF-013,Executive Engineer (G. Selvi),"Inspect damage to Thiru. Vi. Ka. Bridge, Adyar",,2026-04-17T16:22:20+05:30,2026-06-10T00:00:00+05:30,Done,department,pwd_task,2026-05-10T14:53:44+05:30,2026-05-18T10:51:12+05:30,uploads/pwd/PWD-TSK-16724.jpg,INC-20260416-2710FF
PWD-TSK-16725,PWD-INC-050166,PWD-BLD,PWD-OFF-004,Executive Engineer (G. Kalaiselvi),"Structural inspection & repair - Govt Peripheral Hospital, K.K. Nagar",,2026-04-17T16:29:50+05:30,2026-05-24T00:00:00+05:30,Done,department,pwd_task,2026-05-01T09:41:26+05:30,2026-06-01T15:04:02+05:30,uploads/pwd/PWD-TSK-16725.jpg,INC-20260416-9DE8C8
PWD-TSK-16742,PWD-INC-050230,PWD-WRD,PWD-OFF-014,Executive Engineer (V. Gunasekaran),Plug breach in Korattur Lake,,2026-04-17T19:15:40+05:30,2026-04-20T00:00:00+05:30,Done,department,pwd_task,2026-05-10T11:13:09+05:30,2026-05-19T12:10:40+05:30,uploads/pwd/PWD-TSK-16742.jpg,INC-20260417-764168
PWD-TSK-16743,PWD-INC-050233,PWD-WRD,PWD-OFF-020,Assistant Executive Engineer (S. Palanisamy),Survey & evict encroachment - Adyar River - Saidapet stretch,,2026-04-20T10:01:53+05:30,2026-05-21T00:00:00+05:30,Done,department,pwd_task,2026-06-24T09:23:11+05:30,2026-07-07T13:05:01+05:30,uploads/pwd/PWD-TSK-16743.jpg,INC-20260415-20BEE1
PWD-TSK-16781,PWD-INC-050347,PWD-WRD,PWD-OFF-020,Assistant Executive Engineer (S. Palanisamy),Remove encroachment on Adambakkam Lake at Adambakkam,,2026-04-20T10:28:18+05:30,2026-05-29T00:00:00+05:30,Done,department,pwd_task,2026-05-20T17:53:56+05:30,2026-06-08T12:49:09+05:30,uploads/pwd/PWD-TSK-16781.jpg,INC-20260419-49C4ED
PWD-TSK-16726,PWD-INC-050168,PWD-BLD,PWD-OFF-004,Executive Engineer (G. Kalaiselvi),Attend roof leak / cracks - Govt Royapettah Hospital,,2026-04-20T10:33:56+05:30,2026-05-31T00:00:00+05:30,Done,department,pwd_task,2026-05-08T10:32:44+05:30,2026-05-13T10:43:33+05:30,uploads/pwd/PWD-TSK-16726.jpg,INC-20260416-DF33B1
PWD-TSK-16744,PWD-INC-050235,PWD-WRD,PWD-OFF-015,Executive Engineer (V. Karthikeyan),Clear choked the storm water drain at East St,,2026-04-20T10:58:15+05:30,2026-04-28T00:00:00+05:30,Done,department,pwd_task,2026-05-18T09:27:47+05:30,2026-05-20T15:39:07+05:30,uploads/pwd/PWD-TSK-16744.jpg,INC-20260417-C7CACC
PWD-TSK-16761,PWD-INC-050288,PWD-BLD,PWD-OFF-007,Executive Engineer (M. Sumathi),"Attend roof leak / cracks - Govt Girls Hr Sec School, Ambattur",,2026-04-20T11:30:53+05:30,2026-06-08T00:00:00+05:30,Done,department,pwd_task,2026-05-08T08:24:34+05:30,2026-05-12T11:36:58+05:30,uploads/pwd/PWD-TSK-16761.jpg,INC-20260418-BFE3DD
PWD-TSK-16762,PWD-INC-050286,PWD-WRD,PWD-OFF-015,Executive Engineer (V. Karthikeyan),Survey & evict encroachment - Otteri Nullah - Ayanavaram stretch,,2026-04-20T11:31:07+05:30,2026-06-07T00:00:00+05:30,Done,department,pwd_task,2026-06-14T14:38:50+05:30,2026-06-22T10:56:00+05:30,uploads/pwd/PWD-TSK-16762.jpg,INC-20260418-7A4EB1
PWD-TSK-16782,PWD-INC-050342,PWD-WRD,PWD-OFF-020,Assistant Executive Engineer (S. Palanisamy),Remove encroachment on Villivakkam Macro Drain at Villivakkam,,2026-04-20T11:48:31+05:30,2026-06-19T00:00:00+05:30,Done,department,pwd_task,2026-04-28T13:28:46+05:30,2026-06-09T10:04:24+05:30,uploads/pwd/PWD-TSK-16782.jpg,INC-20260419-422806
PWD-TSK-16801,PWD-INC-050406,PWD-WRD,PWD-OFF-019,Executive Engineer (S. Prabhakaran),Inspect & control overflow in Tondiarpet Macro Drain at Tondiarpet,,2026-04-20T13:06:53+05:30,2026-04-23T00:00:00+05:30,Done,department,pwd_task,2026-04-25T17:08:18+05:30,2026-06-01T10:13:35+05:30,uploads/pwd/PWD-TSK-16801.jpg,INC-20260420-1C05E2
PWD-TSK-16802,PWD-INC-050408,PWD-WRD,PWD-OFF-019,Executive Engineer (S. Prabhakaran),Inspect & control overflow in Villivakkam Macro Drain at Villivakkam,,2026-04-20T13:27:52+05:30,2026-04-22T00:00:00+05:30,Done,department,pwd_task,2026-04-23T10:21:22+05:30,2026-06-02T12:23:36+05:30,uploads/pwd/PWD-TSK-16802.jpg,INC-20260420-C2788C
PWD-TSK-16803,PWD-INC-050409,PWD-WRD,PWD-OFF-020,Assistant Executive Engineer (S. Palanisamy),Remove encroachment on Velachery Lake at Velachery,,2026-04-21T10:34:17+05:30,2026-05-21T00:00:00+05:30,Done,department,pwd_task,2026-06-19T13:26:47+05:30,2026-07-06T13:08:56+05:30,uploads/pwd/PWD-TSK-16803.jpg,INC-20260420-67F611
PWD-TSK-16763,PWD-INC-050285,PWD-WRD,PWD-OFF-015,Executive Engineer (V. Karthikeyan),Clear choked Kodungaiyur Canal at Periyar St,,2026-04-21T10:42:28+05:30,2026-05-01T00:00:00+05:30,Done,department,pwd_task,2026-05-11T10:14:39+05:30,2026-05-21T11:00:37+05:30,uploads/pwd/PWD-TSK-16763.jpg,INC-20260418-108022
PWD-TSK-16804,PWD-INC-050413,PWD-WRD,PWD-OFF-013,Executive Engineer (G. Selvi),Desilt / clear blockage in Anna Nagar Macro Drain near Anna Nagar,,2026-04-21T12:37:02+05:30,2026-04-28T00:00:00+05:30,Done,department,pwd_task,2026-05-27T10:14:32+05:30,2026-06-03T10:55:02+05:30,uploads/pwd/PWD-TSK-16804.jpg,INC-20260420-A94E6C
PWD-TSK-16783,PWD-INC-050345,PWD-WRD,PWD-OFF-020,Assistant Executive Engineer (S. Palanisamy),Remove encroachment on Cooum River - Chetpet stretch at Chetpet,,2026-04-21T17:37:18+05:30,2026-05-30T00:00:00+05:30,Done,department,pwd_task,2026-04-30T08:24:25+05:30,2026-05-25T12:58:33+05:30,uploads/pwd/PWD-TSK-16783.jpg,INC-20260419-F25520
PWD-TSK-16805,PWD-INC-050410,PWD-WRD,PWD-OFF-020,Assistant Executive Engineer (S. Palanisamy),Survey & evict encroachment - Velachery Lake,,2026-04-22T11:04:51+05:30,2026-05-29T00:00:00+05:30,Done,department,pwd_task,2026-05-26T11:14:33+05:30,2026-05-28T13:43:41+05:30,uploads/pwd/PWD-TSK-16805.jpg,INC-20260420-F7C22C
PWD-TSK-16821,PWD-TSK-16821,PWD-WRD,PWD-OFF-013,Executive Engineer (G. Selvi),"Grievance - seepage through Porur Lake Bund bund, Porur",,2026-04-22T11:38:03+05:30,2026-06-01T00:00:00+05:30,Done,department,pwd_task,2026-04-26T11:40:16+05:30,2026-05-05T10:28:26+05:30,uploads/pwd/PWD-TSK-16821.jpg,INC-20260422-5C2E44
PWD-TSK-16806,PWD-INC-050411,PWD-BLD,PWD-OFF-007,Executive Engineer (M. Sumathi),"Attend roof leak / cracks - Govt Polytechnic College, Taramani",,2026-04-22T13:11:44+05:30,2026-05-28T00:00:00+05:30,Done,department,pwd_task,2026-06-11T09:46:03+05:30,2026-06-12T13:57:25+05:30,uploads/pwd/PWD-TSK-16806.jpg,INC-20260420-8EA9AC
PWD-TSK-16807,PWD-TSK-16807,PWD-BLD,PWD-OFF-006,Executive Engineer (T. Rajendran),"Petition: repair leaking roof / cracks at Institute of Child Health, Egmore",,2026-04-23T10:05:50+05:30,2026-06-10T00:00:00+05:30,Done,department,pwd_task,2026-05-19T16:42:02+05:30,2026-06-03T10:05:45+05:30,uploads/pwd/PWD-TSK-16807.jpg,INC-20260423-C90753
PWD-TSK-16841,PWD-TSK-16841,PWD-BLD,PWD-OFF-004,Executive Engineer (G. Kalaiselvi),"Grievance - unsafe building condition, Sholinganallur Taluk Office",,2026-04-23T10:10:26+05:30,2026-06-19T00:00:00+05:30,Done,department,pwd_task,2026-06-12T08:24:32+05:30,2026-06-15T13:38:35+05:30,uploads/pwd/PWD-TSK-16841.jpg,INC-20260423-929FC0
PWD-TSK-16842,PWD-TSK-16842,PWD-WRD,PWD-OFF-020,Assistant Executive Engineer (S. Palanisamy),"Petition: remove encroachment on Adambakkam Lake, Adambakkam",,2026-04-23T14:15:01+05:30,2026-06-21T00:00:00+05:30,Done,department,pwd_task,2026-05-16T11:31:06+05:30,2026-06-09T15:50:24+05:30,uploads/pwd/PWD-TSK-16842.jpg,INC-20260423-C0315A
PWD-TSK-16881,PWD-INC-050644,PWD-WRD,PWD-OFF-016,Assistant Executive Engineer (S. Karthikeyan),Clear waterlogging at Nanganallur (Indira Nagar 3rd Ave),,2026-04-24T08:53:07+05:30,2026-04-25T00:00:00+05:30,Done,department,pwd_task,2026-05-25T11:39:54+05:30,2026-05-28T12:20:01+05:30,uploads/pwd/PWD-TSK-16881.jpg,INC-20260424-590247
PWD-TSK-16861,PWD-INC-050589,PWD-WRD,PWD-OFF-012,Executive Engineer (T. Sumathi),Plug breach in Adambakkam Lake,,2026-04-24T10:23:19+05:30,2026-04-25T00:00:00+05:30,Done,department,pwd_task,2026-04-27T11:31:23+05:30,2026-05-26T10:06:38+05:30,uploads/pwd/PWD-TSK-16861.jpg,INC-20260423-430342
PWD-TSK-16882,PWD-INC-050649,PWD-WRD,PWD-OFF-017,Assistant Executive Engineer (V. Meenakshi),Deploy pumpset & drain water - Ekkatuthangal,,2026-04-24T11:05:29+05:30,2026-04-27T00:00:00+05:30,Done,department,pwd_task,2026-04-27T10:23:02+05:30,2026-05-12T10:10:09+05:30,uploads/pwd/PWD-TSK-16882.jpg,INC-20260424-6FC6C4
PWD-TSK-16883,PWD-INC-050641,PWD-WRD,PWD-OFF-012,Executive Engineer (T. Sumathi),Plug breach in Adyar River Bund - Jafferkhanpet,,2026-04-24T11:14:26+05:30,2026-04-25T00:00:00+05:30,Done,department,pwd_task,2026-05-11T10:38:19+05:30,2026-05-12T13:26:46+05:30,uploads/pwd/PWD-TSK-16883.jpg,INC-20260424-4BFB9F
PWD-TSK-16884,PWD-INC-050652,PWD-WRD,PWD-OFF-019,Executive Engineer (S. Prabhakaran),"Pump out stagnant water - Canal Bank Rd, Nanganallur",,2026-04-24T12:25:26+05:30,2026-04-27T00:00:00+05:30,Done,department,pwd_task,2026-04-26T18:08:34+05:30,2026-05-18T14:25:53+05:30,uploads/pwd/PWD-TSK-16884.jpg,INC-20260424-590247
PWD-TSK-16885,PWD-INC-050650,PWD-WRD,PWD-OFF-016,Assistant Executive Engineer (S. Karthikeyan),Clear waterlogging at Palavanthangal (Periyar St),,2026-04-24T12:38:34+05:30,2026-04-26T00:00:00+05:30,Done,department,pwd_task,2026-04-26T13:47:29+05:30,2026-05-28T11:13:06+05:30,uploads/pwd/PWD-TSK-16885.jpg,INC-20260424-E35A7B
PWD-TSK-16886,PWD-INC-050651,PWD-WRD,PWD-OFF-017,Assistant Executive Engineer (V. Meenakshi),"Pump out stagnant water - Subramaniyar Koil St, Guindy Industrial Estate",,2026-04-24T13:07:28+05:30,2026-04-26T00:00:00+05:30,Done,department,pwd_task,2026-04-26T14:48:52+05:30,2026-05-18T10:22:31+05:30,uploads/pwd/PWD-TSK-16886.jpg,INC-20260424-3204B0
PWD-TSK-16887,PWD-INC-050656,PWD-WRD,PWD-OFF-016,Assistant Executive Engineer (S. Karthikeyan),"Pump out stagnant water - Bajanai Koil St, Thiruvanmiyur",,2026-04-24T15:00:27+05:30,2026-04-27T00:00:00+05:30,Done,department,pwd_task,2026-04-27T11:09:43+05:30,2026-04-29T10:14:28+05:30,uploads/pwd/PWD-TSK-16887.jpg,INC-20260424-6134C4
PWD-TSK-16822,PWD-INC-050469,PWD-WRD,PWD-OFF-013,Executive Engineer (G. Selvi),Inspect damage to Basin Bridge,,2026-04-24T16:38:35+05:30,2026-06-11T00:00:00+05:30,Done,department,pwd_task,2026-06-18T18:16:52+05:30,2026-06-23T10:28:41+05:30,uploads/pwd/PWD-TSK-16822.jpg,INC-20260421-CD885C
PWD-TSK-16888,PWD-INC-050665,PWD-WRD,PWD-OFF-014,Executive Engineer (V. Gunasekaran),"Pump out stagnant water - Bazaar St, Thiruvottiyur",,2026-04-24T21:31:00+05:30,2026-04-25T00:00:00+05:30,Done,department,pwd_task,2026-05-22T08:19:28+05:30,2026-05-28T10:58:01+05:30,uploads/pwd/PWD-TSK-16888.jpg,INC-20260424-093E30
PWD-TSK-16921,PWD-INC-050768,PWD-WRD,PWD-OFF-014,Executive Engineer (V. Gunasekaran),"Remove collapsed wall debris near MGR St, Manali",,2026-04-26T19:47:34+05:30,2026-05-11T00:00:00+05:30,Done,department,pwd_task,2026-05-11T08:35:36+05:30,2026-06-01T11:51:12+05:30,uploads/pwd/PWD-TSK-16921.jpg,INC-20260426-A83F67
PWD-TSK-16901,PWD-INC-050703,PWD-WRD,PWD-OFF-013,Executive Engineer (G. Selvi),"Inspect damage to Thiru. Vi. Ka. Bridge, Adyar",,2026-04-27T10:17:05+05:30,2026-06-19T00:00:00+05:30,Done,department,pwd_task,2026-07-13T18:52:07+05:30,2026-08-10T11:28:48+05:30,uploads/pwd/PWD-TSK-16901.jpg,INC-20260425-AD56B4
PWD-TSK-16889,PWD-INC-050670,PWD-BLD,PWD-OFF-006,Executive Engineer (T. Rajendran),"Structural inspection & repair - Govt Peripheral Hospital, K.K. Nagar",,2026-04-27T10:40:37+05:30,2026-06-24T00:00:00+05:30,Done,department,pwd_task,2026-05-06T17:06:25+05:30,2026-06-05T12:01:28+05:30,uploads/pwd/PWD-TSK-16889.jpg,INC-20260424-D5253B
PWD-TSK-16922,PWD-INC-050761,PWD-WRD,PWD-OFF-015,Executive Engineer (V. Karthikeyan),Sandbag bank of Otteri Nullah - Ayanavaram stretch near Ayanavaram,,2026-04-27T10:43:35+05:30,2026-04-30T00:00:00+05:30,Done,department,pwd_task,2026-06-02T14:06:14+05:30,2026-06-03T15:40:14+05:30,uploads/pwd/PWD-TSK-16922.jpg,INC-20260426-58CC26
PWD-TSK-16890,PWD-INC-050645,PWD-WRD,PWD-OFF-014,Executive Engineer (V. Gunasekaran),Attend sluice gate defect - Ambattur Lake Sluice,,2026-04-27T10:46:41+05:30,2026-05-21T00:00:00+05:30,Done,department,pwd_task,2026-08-04T11:01:49+05:30,2026-08-07T11:11:49+05:30,uploads/pwd/PWD-TSK-16890.jpg,INC-20260424-3A112E
PWD-TSK-16862,PWD-TSK-16862,PWD-BLD,PWD-OFF-009,Assistant Executive Engineer (M. Nandhini),"Grievance - unsafe building condition, Govt Kilpauk Medical College Hospital",,2026-04-27T12:20:43+05:30,2026-06-16T00:00:00+05:30,Done,department,pwd_task,2026-05-16T10:02:03+05:30,2026-05-25T17:17:28+05:30,uploads/pwd/PWD-TSK-16862.jpg,INC-20260427-555676
PWD-TSK-16891,PWD-TSK-16891,PWD-WRD,PWD-OFF-017,Assistant Executive Engineer (V. Meenakshi),"Grievance - silt & garbage in Mambalam Canal Macro Drain, T. Nagar",,2026-04-27T12:53:46+05:30,2026-05-13T00:00:00+05:30,Done,department,pwd_task,2026-05-02T14:11:15+05:30,2026-05-06T13:27:41+05:30,uploads/pwd/PWD-TSK-16891.jpg,INC-20260427-1CD03F
PWD-TSK-16941,PWD-INC-050825,PWD-WRD,PWD-OFF-019,Executive Engineer (S. Prabhakaran),"Pump out stagnant water - Mosque St, T. Nagar",,2026-04-27T15:16:23+05:30,2026-04-29T00:00:00+05:30,Done,department,pwd_task,2026-05-24T09:14:04+05:30,2026-06-01T12:12:48+05:30,uploads/pwd/PWD-TSK-16941.jpg,INC-20260427-99A427
PWD-TSK-16923,PWD-INC-050766,PWD-BLD,PWD-OFF-003,Executive Engineer (J. Bharathi),"Structural inspection & repair - Institute of Child Health, Egmore",,2026-04-27T16:02:15+05:30,2026-06-25T00:00:00+05:30,Done,department,pwd_task,2026-07-24T11:44:50+05:30,2026-08-03T15:16:42+05:30,uploads/pwd/PWD-TSK-16923.jpg,INC-20260426-0F0FD4
PWD-TSK-16942,PWD-INC-050826,PWD-WRD,PWD-OFF-016,Assistant Executive Engineer (S. Karthikeyan),Repair shutter of Adambakkam Lake Sluice,,2026-04-28T10:04:26+05:30,2026-05-15T00:00:00+05:30,Done,department,pwd_task,2026-05-23T11:59:06+05:30,2026-05-26T10:48:52+05:30,uploads/pwd/PWD-TSK-16942.jpg,INC-20260427-23EB0A
PWD-TSK-16943,PWD-INC-050822,PWD-BLD,PWD-OFF-004,Executive Engineer (G. Kalaiselvi),Attend roof leak / cracks - Govt Royapettah Hospital,,2026-04-28T10:05:31+05:30,2026-05-30T00:00:00+05:30,Done,department,pwd_task,2026-05-13T11:30:28+05:30,2026-05-18T10:07:55+05:30,uploads/pwd/PWD-TSK-16943.jpg,INC-20260427-F070A9
PWD-TSK-16961,PWD-INC-050891,PWD-WRD,PWD-OFF-016,Assistant Executive Engineer (S. Karthikeyan),"Remove collapsed wall debris near Bazaar St, Nandambakkam",,2026-04-29T10:00:45+05:30,2026-05-18T00:00:00+05:30,Done,department,pwd_task,2026-05-19T09:43:11+05:30,2026-06-01T10:18:54+05:30,uploads/pwd/PWD-TSK-16961.jpg,INC-20260428-986283
PWD-TSK-16944,PWD-TSK-16944,PWD-WRD,PWD-OFF-016,Assistant Executive Engineer (S. Karthikeyan),Petition: desilting of Villivakkam Macro Drain near Villivakkam,,2026-04-29T10:15:45+05:30,2026-05-19T00:00:00+05:30,Done,department,pwd_task,2026-05-03T11:28:08+05:30,2026-05-05T10:23:12+05:30,uploads/pwd/PWD-TSK-16944.jpg,INC-20260429-19E25A
PWD-TSK-16962,PWD-INC-050881,PWD-BLD,PWD-OFF-006,Executive Engineer (T. Rajendran),"Attend roof leak / cracks - Institute of Child Health, Egmore",,2026-04-30T10:13:43+05:30,2026-06-18T00:00:00+05:30,Done,department,pwd_task,2026-07-19T14:17:54+05:30,2026-08-14T14:56:36+05:30,uploads/pwd/PWD-TSK-16962.jpg,INC-20260428-6BE153
PWD-TSK-16963,PWD-INC-050886,PWD-BLD,PWD-OFF-006,Executive Engineer (T. Rajendran),Structural inspection & repair - Govt Stanley Hospital - OP Block,,2026-04-30T10:38:29+05:30,2026-06-02T00:00:00+05:30,Done,department,pwd_task,2026-07-10T09:11:58+05:30,2026-07-14T12:36:07+05:30,uploads/pwd/PWD-TSK-16963.jpg,INC-20260428-02F944
PWD-TSK-16981,PWD-INC-050949,PWD-WRD,PWD-OFF-012,Executive Engineer (T. Sumathi),"Emergency closure of breach - Adyar River Bund - Kotturpuram, Kotturpuram",,2026-04-30T12:44:30+05:30,2026-05-02T00:00:00+05:30,Done,department,pwd_task,2026-05-02T17:14:12+05:30,2026-05-28T12:38:14+05:30,uploads/pwd/PWD-TSK-16981.jpg,INC-20260429-DC51A5
PWD-TSK-16982,PWD-TSK-16982,PWD-WRD,PWD-OFF-014,Executive Engineer (V. Gunasekaran),Petition: Ennore Creek Regulator shutter not closing properly,,2026-04-30T14:46:17+05:30,2026-05-25T00:00:00+05:30,Done,department,pwd_task,2026-05-27T09:00:30+05:30,2026-06-01T13:33:28+05:30,uploads/pwd/PWD-TSK-16982.jpg,INC-20260428-646FD1
PWD-TSK-17021,PWD-INC-051064,PWD-BLD,PWD-OFF-010,Assistant Executive Engineer (G. Anbalagan),"Remove collapsed wall debris near Srinivasa Nagar 6th St, Old Washermanpet",,2026-05-01T17:54:20+05:30,2026-05-12T00:00:00+05:30,Done,department,pwd_task,2026-06-03T09:02:37+05:30,2026-06-04T10:31:06+05:30,uploads/pwd/PWD-TSK-17021.jpg,INC-20260501-E5E25B
PWD-TSK-17001,PWD-INC-051004,PWD-WRD,PWD-OFF-020,Assistant Executive Engineer (S. Palanisamy),Survey & evict encroachment - Virugambakkam-Arumbakkam Canal,,2026-05-02T15:44:13+05:30,2026-06-26T00:00:00+05:30,Done,department,pwd_task,2026-07-09T10:39:38+05:30,2026-07-13T11:11:42+05:30,uploads/pwd/PWD-TSK-17001.jpg,INC-20260430-29A815
PWD-TSK-17061,PWD-INC-051184,PWD-WRD,PWD-OFF-016,Assistant Executive Engineer (S. Karthikeyan),"Remove collapsed wall debris near Canal Bank Rd, Thiruvanmiyur",,2026-05-03T18:02:39+05:30,2026-05-22T00:00:00+05:30,Done,department,pwd_task,2026-06-24T10:21:02+05:30,2026-06-29T11:52:45+05:30,uploads/pwd/PWD-TSK-17061.jpg,INC-20260503-22D59C
PWD-TSK-17022,PWD-INC-051063,PWD-WRD,PWD-OFF-015,Executive Engineer (V. Karthikeyan),Desilt / clear blockage in Captain Cotton Canal - Vyasarpadi stretch near Vyasarpadi,,2026-05-04T10:00:42+05:30,2026-05-12T00:00:00+05:30,Done,department,pwd_task,2026-05-13T08:26:18+05:30,2026-05-18T10:10:54+05:30,uploads/pwd/PWD-TSK-17022.jpg,INC-20260501-BD9458
PWD-TSK-17002,PWD-INC-051008,PWD-BLD,PWD-OFF-004,Executive Engineer (G. Kalaiselvi),Structural inspection & repair - Sholinganallur Taluk Office,,2026-05-04T10:01:41+05:30,2026-06-22T00:00:00+05:30,Done,department,pwd_task,2026-06-16T09:38:27+05:30,2026-07-03T10:27:15+05:30,uploads/pwd/PWD-TSK-17002.jpg,INC-20260430-1EA0AF
PWD-TSK-16983,PWD-INC-050946,PWD-WRD,PWD-OFF-018,Assistant Executive Engineer (M. Gunasekaran),Attend sluice gate defect - Retteri Lake Sluice,,2026-05-04T10:12:24+05:30,2026-05-24T00:00:00+05:30,Done,department,pwd_task,2026-05-10T11:18:13+05:30,2026-05-25T10:55:12+05:30,uploads/pwd/PWD-TSK-16983.jpg,INC-20260429-AED292
PWD-TSK-17003,PWD-INC-051016,PWD-BLD,PWD-OFF-007,Executive Engineer (M. Sumathi),"Structural inspection & repair - Govt Girls Hr Sec School, Ambattur",,2026-05-04T10:25:00+05:30,2026-06-29T00:00:00+05:30,Done,department,pwd_task,2026-06-06T09:35:50+05:30,2026-06-30T10:09:27+05:30,uploads/pwd/PWD-TSK-17003.jpg,INC-20260430-964522
PWD-TSK-17004,PWD-INC-051019,PWD-WRD,PWD-OFF-018,Assistant Executive Engineer (M. Gunasekaran),Clear choked Otteri Nullah - Ayanavaram stretch at Vinayagar Koil St,,2026-05-04T10:28:14+05:30,2026-05-22T00:00:00+05:30,Done,department,pwd_task,2026-06-14T18:38:28+05:30,2026-07-13T13:08:49+05:30,uploads/pwd/PWD-TSK-17004.jpg,INC-20260430-5A088B
PWD-TSK-17062,PWD-INC-051181,PWD-WRD,PWD-OFF-015,Executive Engineer (V. Karthikeyan),Clear choked Kathivakkam Macro Drain at Thiruvalluvar St,,2026-05-04T10:42:11+05:30,2026-05-13T00:00:00+05:30,Done,department,pwd_task,2026-06-05T08:18:32+05:30,2026-06-17T20:34:57+05:30,uploads/pwd/PWD-TSK-17062.jpg,INC-20260503-62EF25
PWD-TSK-16984,PWD-TSK-16984,PWD-WRD,PWD-OFF-018,Assistant Executive Engineer (M. Gunasekaran),Petition: Retteri Lake Sluice shutter not closing properly,,2026-05-04T11:06:13+05:30,2026-05-15T00:00:00+05:30,Done,department,pwd_task,2026-06-22T09:31:55+05:30,2026-06-29T12:28:42+05:30,uploads/pwd/PWD-TSK-16984.jpg,INC-20260503-88DA9F
PWD-TSK-16985,PWD-INC-050951,PWD-WRD,PWD-OFF-015,Executive Engineer (V. Karthikeyan),Repair parapet/deck of Manali Kosasthalaiyar Causeway,,2026-05-04T11:19:54+05:30,2026-06-12T00:00:00+05:30,Done,department,pwd_task,2026-05-26T08:31:32+05:30,2026-06-29T10:02:58+05:30,uploads/pwd/PWD-TSK-16985.jpg,INC-20260429-DC7B5D
PWD-TSK-17023,PWD-INC-051066,PWD-WRD,PWD-OFF-015,Executive Engineer (V. Karthikeyan),"Remove collapsed wall debris near Kalaignar Nagar, Neelankarai",,2026-05-04T11:35:58+05:30,2026-05-25T00:00:00+05:30,Done,department,pwd_task,2026-05-14T08:59:27+05:30,2026-05-22T12:50:41+05:30,uploads/pwd/PWD-TSK-17023.jpg,INC-20260501-7C89CF
PWD-TSK-17041,PWD-INC-051123,PWD-WRD,PWD-OFF-017,Assistant Executive Engineer (V. Meenakshi),"Inspect damage to Maraimalai Adigal Bridge, Saidapet",,2026-05-04T11:51:30+05:30,2026-06-20T00:00:00+05:30,Done,department,pwd_task,2026-06-20T13:51:22+05:30,2026-07-13T13:41:21+05:30,uploads/pwd/PWD-TSK-17041.jpg,INC-20260502-BB99DD
PWD-TSK-16986,PWD-TSK-16986,PWD-WRD,PWD-OFF-016,Assistant Executive Engineer (S. Karthikeyan),"Grievance - silt & garbage in Nanganallur Macro Drain, Nanganallur",,2026-05-04T12:07:28+05:30,2026-05-25T00:00:00+05:30,Done,department,pwd_task,2026-05-08T11:57:09+05:30,2026-05-21T10:59:29+05:30,uploads/pwd/PWD-TSK-16986.jpg,INC-20260504-0EB35E
PWD-TSK-17005,PWD-INC-051001,PWD-WRD,PWD-OFF-016,Assistant Executive Engineer (S. Karthikeyan),Clear choked Buckingham Canal - Okkiyam stretch at Srinivasa Nagar 6th St,,2026-05-04T12:13:24+05:30,2026-05-14T00:00:00+05:30,Done,department,pwd_task,2026-05-26T09:38:35+05:30,2026-06-01T11:11:16+05:30,uploads/pwd/PWD-TSK-17005.jpg,INC-20260430-6B7E7D
PWD-TSK-16987,PWD-TSK-16987,PWD-WRD,PWD-OFF-014,Executive Engineer (V. Gunasekaran),Petition: desilting of Buckingham Canal - Ennore stretch near Ennore,,2026-05-04T13:42:55+05:30,2026-05-14T00:00:00+05:30,Done,department,pwd_task,2026-06-07T08:45:48+05:30,2026-06-23T11:02:38+05:30,uploads/pwd/PWD-TSK-16987.jpg,INC-20260504-D766BD
PWD-TSK-17024,PWD-INC-051065,PWD-BLD,PWD-OFF-009,Assistant Executive Engineer (M. Nandhini),Structural inspection & repair - Govt Kilpauk Medical College Hospital,,2026-05-04T13:43:14+05:30,2026-06-24T00:00:00+05:30,Done,department,pwd_task,2026-05-22T12:20:00+05:30,2026-05-26T14:26:11+05:30,uploads/pwd/PWD-TSK-17024.jpg,INC-20260501-03622F
PWD-TSK-17081,PWD-INC-051243,PWD-BLD,PWD-OFF-007,Executive Engineer (M. Sumathi),Clear debris & rebuild wall - Ashok Nagar,,2026-05-04T14:01:53+05:30,2026-05-22T00:00:00+05:30,Done,department,pwd_task,2026-06-26T18:28:56+05:30,2026-06-29T10:27:57+05:30,uploads/pwd/PWD-TSK-17081.jpg,INC-20260504-4D894F
PWD-TSK-17063,PWD-TSK-17063,PWD-WRD,PWD-OFF-018,Assistant Executive Engineer (M. Gunasekaran),Petition: Retteri Lake Sluice shutter not closing properly,,2026-05-05T10:06:30+05:30,2026-05-26T00:00:00+05:30,Done,department,pwd_task,2026-07-24T08:23:15+05:30,2026-08-13T11:07:59+05:30,uploads/pwd/PWD-TSK-17063.jpg,INC-20260503-88DA9F
PWD-TSK-17042,PWD-TSK-17042,PWD-WRD,PWD-OFF-012,Executive Engineer (T. Sumathi),Petition: remove water hyacinth in Buckingham Canal - Thiruvanmiyur stretch,,2026-05-05T10:26:36+05:30,2026-05-26T00:00:00+05:30,Done,department,pwd_task,2026-05-11T11:53:24+05:30,2026-05-12T11:15:10+05:30,uploads/pwd/PWD-TSK-17042.jpg,INC-20260505-85A531
PWD-TSK-17064,PWD-INC-051183,PWD-WRD,PWD-OFF-020,Assistant Executive Engineer (S. Palanisamy),Remove encroachment on the water body at Jafferkhanpet,,2026-05-05T11:14:36+05:30,2026-06-13T00:00:00+05:30,Done,department,pwd_task,2026-06-13T16:12:19+05:30,2026-07-14T10:48:39+05:30,uploads/pwd/PWD-TSK-17064.jpg,INC-20260503-1850A3
PWD-TSK-17043,PWD-INC-051124,PWD-WRD,PWD-OFF-013,Executive Engineer (G. Selvi),Clear choked Otteri Nullah - Kilpauk stretch at Ganesh Nagar 1st St,,2026-05-05T12:02:50+05:30,2026-05-25T00:00:00+05:30,Done,department,pwd_task,2026-06-02T08:30:58+05:30,2026-06-08T11:06:18+05:30,uploads/pwd/PWD-TSK-17043.jpg,INC-20260502-E7DC8D
PWD-TSK-17065,PWD-INC-051185,PWD-BLD,PWD-OFF-004,Executive Engineer (G. Kalaiselvi),Attend roof leak / cracks - Sholinganallur Taluk Office,,2026-05-05T14:24:37+05:30,2026-06-24T00:00:00+05:30,Done,department,pwd_task,2026-05-18T08:44:02+05:30,2026-06-29T10:44:54+05:30,uploads/pwd/PWD-TSK-17065.jpg,INC-20260503-DA9A05
PWD-TSK-17121,PWD-INC-051363,PWD-WRD,PWD-OFF-019,Executive Engineer (S. Prabhakaran),Inspect & control overflow in Buckingham Canal - Okkiyam stretch at Okkiyam Thoraipakkam,,2026-05-06T12:17:19+05:30,2026-05-08T00:00:00+05:30,Done,department,pwd_task,2026-05-11T11:14:50+05:30,2026-06-10T10:57:28+05:30,uploads/pwd/PWD-TSK-17121.jpg,INC-20260506-80F8B1
PWD-TSK-17101,PWD-INC-051305,PWD-BLD,PWD-OFF-004,Executive Engineer (G. Kalaiselvi),Structural inspection & repair - Ezhilagam Govt Office Complex,,2026-05-06T12:23:55+05:30,2026-06-23T00:00:00+05:30,Done,department,pwd_task,2026-05-24T10:26:28+05:30,2026-05-28T10:19:47+05:30,uploads/pwd/PWD-TSK-17101.jpg,INC-20260505-402DB4
PWD-TSK-17082,PWD-TSK-17082,PWD-WRD,PWD-OFF-015,Executive Engineer (V. Karthikeyan),Petition: desilting of Buckingham Canal - Ennore stretch near Ennore,,2026-05-06T14:06:56+05:30,2026-05-21T00:00:00+05:30,Done,department,pwd_task,2026-05-09T09:59:53+05:30,2026-06-05T11:12:20+05:30,uploads/pwd/PWD-TSK-17082.jpg,INC-20260506-4BC21B
PWD-TSK-17083,PWD-INC-051244,PWD-WRD,PWD-OFF-016,Assistant Executive Engineer (S. Karthikeyan),Remove encroachment on Veerangal Odai at Velachery,,2026-05-06T14:25:54+05:30,2026-06-25T00:00:00+05:30,Done,department,pwd_task,2026-06-16T10:17:02+05:30,2026-07-02T10:07:27+05:30,uploads/pwd/PWD-TSK-17083.jpg,INC-20260504-71D283
PWD-TSK-17102,PWD-INC-051306,PWD-WRD,PWD-OFF-015,Executive Engineer (V. Karthikeyan),"Remove collapsed wall debris near 2nd Main Rd, Ennore",,2026-05-06T15:02:00+05:30,2026-05-15T00:00:00+05:30,Done,department,pwd_task,2026-05-10T11:01:30+05:30,2026-06-04T12:07:46+05:30,uploads/pwd/PWD-TSK-17102.jpg,INC-20260505-74D206
PWD-TSK-17141,PWD-INC-051426,PWD-WRD,PWD-OFF-019,Executive Engineer (S. Prabhakaran),Clear waterlogging at Okkiyam Thoraipakkam (Kannadasan St),,2026-05-07T15:07:36+05:30,2026-05-08T00:00:00+05:30,Done,department,pwd_task,2026-06-04T14:38:35+05:30,2026-06-08T11:29:08+05:30,uploads/pwd/PWD-TSK-17141.jpg,INC-20260507-4A2230
PWD-TSK-17142,PWD-INC-051429,PWD-WRD,PWD-OFF-015,Executive Engineer (V. Karthikeyan),Plug breach in Adyar River Bund - Kotturpuram,,2026-05-07T18:22:15+05:30,2026-05-08T00:00:00+05:30,Done,department,pwd_task,2026-05-10T10:23:40+05:30,2026-05-25T11:17:21+05:30,uploads/pwd/PWD-TSK-17142.jpg,INC-20260507-93F62B
PWD-TSK-17143,PWD-INC-051428,PWD-WRD,PWD-OFF-012,Executive Engineer (T. Sumathi),"Pump out stagnant water - Sathya Nagar 2nd St, Nanganallur",,2026-05-07T18:33:22+05:30,2026-05-08T00:00:00+05:30,Done,department,pwd_task,2026-05-10T09:27:31+05:30,2026-06-22T12:28:37+05:30,uploads/pwd/PWD-TSK-17143.jpg,INC-20260507-D7DB1D
PWD-TSK-17144,PWD-INC-051431,PWD-WRD,PWD-OFF-014,Executive Engineer (V. Gunasekaran),Repair shutter of Ennore Creek Regulator,,2026-05-08T13:00:14+05:30,2026-05-27T00:00:00+05:30,Done,department,pwd_task,2026-05-25T10:36:39+05:30,2026-06-09T16:43:51+05:30,uploads/pwd/PWD-TSK-17144.jpg,INC-20260507-79853C
PWD-TSK-17122,PWD-TSK-17122,PWD-WRD,PWD-OFF-018,Assistant Executive Engineer (M. Gunasekaran),Petition: desilting of Otteri Nullah - Perambur stretch near Perambur,,2026-05-08T17:04:49+05:30,2026-05-24T00:00:00+05:30,Done,department,pwd_task,2026-05-29T10:07:52+05:30,2026-06-01T11:57:02+05:30,uploads/pwd/PWD-TSK-17122.jpg,INC-20260508-3188AC
PWD-TSK-17145,PWD-INC-051424,PWD-BLD,PWD-OFF-010,Assistant Executive Engineer (G. Anbalagan),"Structural inspection & repair - Collectorate Building, Rajaji Salai",,2026-05-11T10:12:19+05:30,2026-07-04T00:00:00+05:30,Done,department,pwd_task,2026-05-17T12:28:34+05:30,2026-05-28T10:48:49+05:30,uploads/pwd/PWD-TSK-17145.jpg,INC-20260507-0A8FDC
PWD-TSK-17181,PWD-TSK-17181,PWD-WRD,PWD-OFF-013,Executive Engineer (G. Selvi),Petition: strengthen weak bund of Chetpet Lake,,2026-05-11T10:15:08+05:30,2026-07-09T00:00:00+05:30,Done,department,pwd_task,2026-06-13T11:44:41+05:30,2026-07-23T11:25:28+05:30,uploads/pwd/PWD-TSK-17181.jpg,INC-20260511-44E743
PWD-TSK-17161,PWD-INC-051487,PWD-WRD,PWD-OFF-013,Executive Engineer (G. Selvi),Desilt / clear blockage in Valasaravakkam Macro Drain near Valasaravakkam,,2026-05-11T10:17:00+05:30,2026-05-29T00:00:00+05:30,Done,department,pwd_task,2026-05-18T16:08:50+05:30,2026-06-19T14:45:35+05:30,uploads/pwd/PWD-TSK-17161.jpg,INC-20260508-7FF11D
PWD-TSK-17201,PWD-INC-051604,PWD-WRD,PWD-OFF-018,Assistant Executive Engineer (M. Gunasekaran),Sandbag bank of Tondiarpet Macro Drain near Tondiarpet,,2026-05-11T10:19:50+05:30,2026-05-13T00:00:00+05:30,Done,department,pwd_task,2026-05-14T11:13:54+05:30,2026-05-18T12:10:12+05:30,uploads/pwd/PWD-TSK-17201.jpg,INC-20260510-E65A48
PWD-TSK-17202,PWD-INC-051601,PWD-BLD,PWD-OFF-006,Executive Engineer (T. Rajendran),"Remove collapsed wall debris near Kalaignar Nagar, Periamet",,2026-05-11T10:29:29+05:30,2026-05-26T00:00:00+05:30,Done,department,pwd_task,2026-05-18T09:10:41+05:30,2026-05-20T15:36:43+05:30,uploads/pwd/PWD-TSK-17202.jpg,INC-20260510-CE4167
PWD-TSK-17162,PWD-INC-051489,PWD-WRD,PWD-OFF-020,Assistant Executive Engineer (S. Palanisamy),Remove encroachment on Otteri Nullah - Kilpauk stretch at Kilpauk,,2026-05-11T11:17:24+05:30,2026-06-27T00:00:00+05:30,Done,department,pwd_task,2026-06-16T09:54:07+05:30,2026-06-18T12:14:52+05:30,uploads/pwd/PWD-TSK-17162.jpg,INC-20260508-B17A0E
PWD-TSK-17163,PWD-INC-051491,PWD-WRD,PWD-OFF-016,Assistant Executive Engineer (S. Karthikeyan),Desilt / clear blockage in Veerangal Odai near Velachery,,2026-05-11T11:48:52+05:30,2026-05-22T00:00:00+05:30,Done,department,pwd_task,2026-07-13T09:14:29+05:30,2026-07-17T11:29:57+05:30,uploads/pwd/PWD-TSK-17163.jpg,INC-20260508-E0E31A
PWD-TSK-17146,PWD-INC-051427,PWD-WRD,PWD-OFF-016,Assistant Executive Engineer (S. Karthikeyan),Remove encroachment on Otteri Nullah - Ayanavaram stretch at Ayanavaram,,2026-05-11T12:05:12+05:30,2026-07-09T00:00:00+05:30,Done,department,pwd_task,2026-07-03T09:58:34+05:30,2026-07-13T11:36:09+05:30,uploads/pwd/PWD-TSK-17146.jpg,INC-20260507-F94971
PWD-TSK-17221,PWD-INC-051662,PWD-WRD,PWD-OFF-013,Executive Engineer (G. Selvi),Clear debris & rebuild wall - Chetpet,,2026-05-11T12:10:25+05:30,2026-05-30T00:00:00+05:30,Done,department,pwd_task,2026-06-18T10:01:23+05:30,2026-06-19T12:27:39+05:30,uploads/pwd/PWD-TSK-17221.jpg,INC-20260511-099169
PWD-TSK-17164,PWD-INC-051481,PWD-WRD,PWD-OFF-014,Executive Engineer (V. Gunasekaran),Repair shutter of Korattur Lake Sluice,,2026-05-11T13:57:45+05:30,2026-06-01T00:00:00+05:30,Done,department,pwd_task,2026-06-29T09:16:05+05:30,2026-07-10T10:35:54+05:30,uploads/pwd/PWD-TSK-17164.jpg,INC-20260508-44281C
PWD-TSK-17182,PWD-INC-051545,PWD-BLD,PWD-OFF-006,Executive Engineer (T. Rajendran),Structural inspection & repair - Rajiv Gandhi Govt General Hospital - Tower Block,,2026-05-12T12:36:30+05:30,2026-06-19T00:00:00+05:30,Done,department,pwd_task,2026-06-29T09:20:07+05:30,2026-08-03T13:14:10+05:30,uploads/pwd/PWD-TSK-17182.jpg,INC-20260509-389A8D
PWD-TSK-17241,PWD-INC-051723,PWD-WRD,PWD-OFF-014,Executive Engineer (V. Gunasekaran),Survey & evict encroachment - Kathivakkam Macro Drain,,2026-05-13T09:33:58+05:30,2026-06-30T00:00:00+05:30,Done,department,pwd_task,2026-05-24T10:57:04+05:30,2026-06-29T11:12:00+05:30,uploads/pwd/PWD-TSK-17241.jpg,INC-20260512-E4168E
PWD-TSK-17242,PWD-INC-051725,PWD-WRD,PWD-OFF-018,Assistant Executive Engineer (M. Gunasekaran),Remove encroachment on Retteri Lake at Retteri,,2026-05-13T11:14:27+05:30,2026-07-12T00:00:00+05:30,Done,department,pwd_task,2026-06-13T12:40:30+05:30,2026-06-19T11:09:30+05:30,uploads/pwd/PWD-TSK-17242.jpg,INC-20260512-8FBC6E
PWD-TSK-17222,PWD-INC-051667,PWD-BLD,PWD-OFF-007,Executive Engineer (M. Sumathi),"Structural inspection & repair - Govt Girls Hr Sec School, Ambattur",,2026-05-13T11:46:46+05:30,2026-07-06T00:00:00+05:30,In progress,department,pwd_task,,,,INC-20260511-3F6959
PWD-TSK-17261,PWD-INC-051786,PWD-WRD,PWD-OFF-017,Assistant Executive Engineer (V. Meenakshi),Survey & evict encroachment - Guindy Industrial Estate Storm Water Channel,,2026-05-14T10:16:50+05:30,2026-06-30T00:00:00+05:30,Done,department,pwd_task,2026-06-21T08:01:31+05:30,2026-06-29T12:08:46+05:30,uploads/pwd/PWD-TSK-17261.jpg,INC-20260513-7410FD
PWD-TSK-17243,PWD-INC-051728,PWD-BLD,PWD-OFF-004,Executive Engineer (G. Kalaiselvi),Attend roof leak / cracks - Ezhilagam Govt Office Complex,,2026-05-14T10:55:07+05:30,2026-07-04T00:00:00+05:30,Done,department,pwd_task,2026-09-14T16:37:03+05:30,2026-09-25T16:07:22+05:30,uploads/pwd/PWD-TSK-17243.jpg,INC-20260512-08C945
PWD-TSK-17262,PWD-INC-051787,PWD-WRD,PWD-OFF-020,Assistant Executive Engineer (S. Palanisamy),Survey & evict encroachment - Adyar River - Estuary stretch,,2026-05-14T11:31:56+05:30,2026-06-23T00:00:00+05:30,Done,department,pwd_task,2026-06-02T11:32:42+05:30,2026-06-04T12:10:52+05:30,uploads/pwd/PWD-TSK-17262.jpg,INC-20260513-F0BADD
PWD-TSK-17263,PWD-INC-051784,PWD-WRD,PWD-OFF-013,Executive Engineer (G. Selvi),Survey & evict encroachment - Porur Lake,,2026-05-14T15:45:32+05:30,2026-06-19T00:00:00+05:30,Done,department,pwd_task,2026-06-01T08:25:44+05:30,2026-06-29T11:05:32+05:30,uploads/pwd/PWD-TSK-17263.jpg,INC-20260513-69B9A5
PWD-TSK-17244,PWD-INC-051724,PWD-BLD,PWD-OFF-010,Assistant Executive Engineer (G. Anbalagan),Structural inspection & repair - Govt Stanley Hospital - OP Block,,2026-05-15T10:03:49+05:30,2026-06-18T00:00:00+05:30,Done,department,pwd_task,2026-06-04T11:20:04+05:30,2026-06-12T13:10:01+05:30,uploads/pwd/PWD-TSK-17244.jpg,INC-20260512-0A3050
PWD-TSK-17281,PWD-INC-051843,PWD-WRD,PWD-OFF-013,Executive Engineer (G. Selvi),Remove encroachment on Nolambur Lake at Nolambur,,2026-05-15T11:04:21+05:30,2026-06-17T00:00:00+05:30,Done,department,pwd_task,2026-06-03T10:33:23+05:30,2026-06-18T17:26:11+05:30,uploads/pwd/PWD-TSK-17281.jpg,INC-20260514-C5AEF1
PWD-TSK-17264,PWD-INC-051792,PWD-BLD,PWD-OFF-004,Executive Engineer (G. Kalaiselvi),"Structural inspection & repair - Govt Hr Sec School, Ashok Nagar",,2026-05-15T11:37:30+05:30,2026-06-27T00:00:00+05:30,Done,department,pwd_task,2026-07-15T08:52:03+05:30,2026-07-20T10:53:22+05:30,uploads/pwd/PWD-TSK-17264.jpg,INC-20260513-442689
PWD-TSK-17321,PWD-INC-051967,PWD-BLD,PWD-OFF-007,Executive Engineer (M. Sumathi),Clear debris & rebuild wall - Kilpauk,,2026-05-16T13:52:56+05:30,2026-05-25T00:00:00+05:30,Done,department,pwd_task,2026-06-24T11:49:56+05:30,2026-06-29T11:09:03+05:30,uploads/pwd/PWD-TSK-17321.jpg,INC-20260516-9F78C6
PWD-TSK-17301,PWD-INC-051902,PWD-WRD,PWD-OFF-020,Assistant Executive Engineer (S. Palanisamy),Remove encroachment on Cooum River - Chetpet stretch at Chetpet,,2026-05-18T10:01:10+05:30,2026-07-01T00:00:00+05:30,Done,department,pwd_task,2026-08-02T10:20:21+05:30,2026-08-17T11:32:10+05:30,uploads/pwd/PWD-TSK-17301.jpg,INC-20260515-878B3E
PWD-TSK-17302,PWD-TSK-17302,PWD-WRD,PWD-OFF-020,Assistant Executive Engineer (S. Palanisamy),Grievance - illegal construction in Cooum River - Nerkundram stretch,,2026-05-18T10:02:19+05:30,2026-06-17T00:00:00+05:30,Done,department,pwd_task,2026-05-22T17:47:56+05:30,2026-06-03T10:42:01+05:30,uploads/pwd/PWD-TSK-17302.jpg,INC-20260518-CC8D3A
PWD-TSK-17282,PWD-TSK-17282,PWD-WRD,PWD-OFF-013,Executive Engineer (G. Selvi),Petition: desilting of Virugambakkam-Arumbakkam Canal near Virugambakkam,,2026-05-18T10:02:32+05:30,2026-05-26T00:00:00+05:30,Done,department,pwd_task,2026-06-11T08:10:03+05:30,2026-06-16T10:02:29+05:30,uploads/pwd/PWD-TSK-17282.jpg,INC-20260518-66975A
PWD-TSK-17303,PWD-INC-051903,PWD-BLD,PWD-OFF-006,Executive Engineer (T. Rajendran),"Structural inspection & repair - Institute of Child Health, Egmore",,2026-05-18T10:08:05+05:30,2026-07-09T00:00:00+05:30,Done,department,pwd_task,2026-08-06T11:14:12+05:30,2026-08-14T12:23:32+05:30,uploads/pwd/PWD-TSK-17303.jpg,INC-20260515-269057
PWD-TSK-17304,PWD-TSK-17304,PWD-BLD,PWD-OFF-006,Executive Engineer (T. Rajendran),"Grievance - unsafe building condition, Govt Royapettah Hospital",,2026-05-18T10:14:48+05:30,2026-06-21T00:00:00+05:30,Done,department,pwd_task,2026-07-21T09:21:13+05:30,2026-08-20T17:57:44+05:30,uploads/pwd/PWD-TSK-17304.jpg,INC-20260518-53B79D
PWD-TSK-17283,PWD-INC-051856,PWD-BLD,PWD-OFF-010,Assistant Executive Engineer (G. Anbalagan),"Structural inspection & repair - Collectorate Building, Rajaji Salai",,2026-05-18T10:21:43+05:30,2026-07-08T00:00:00+05:30,Done,department,pwd_task,2026-06-19T12:06:33+05:30,2026-06-29T12:51:48+05:30,uploads/pwd/PWD-TSK-17283.jpg,INC-20260513-ED008A
PWD-TSK-17284,PWD-INC-051842,PWD-WRD,PWD-OFF-012,Executive Engineer (T. Sumathi),Remove encroachment on Guindy Industrial Estate Storm Water Channel at Guindy Industrial Estate,,2026-05-18T10:22:34+05:30,2026-07-15T00:00:00+05:30,Done,department,pwd_task,2026-06-05T10:41:34+05:30,2026-07-15T13:07:59+05:30,uploads/pwd/PWD-TSK-17284.jpg,INC-20260513-7410FD
PWD-TSK-17305,PWD-TSK-17305,PWD-WRD,PWD-OFF-020,Assistant Executive Engineer (S. Palanisamy),Grievance - illegal construction in Captain Cotton Canal - Vyasarpadi stretch,,2026-05-18T11:03:55+05:30,2026-07-03T00:00:00+05:30,Done,department,pwd_task,2026-05-28T18:59:50+05:30,2026-06-29T14:58:37+05:30,uploads/pwd/PWD-TSK-17305.jpg,INC-20260518-26D939
PWD-TSK-17285,PWD-INC-051857,PWD-WRD,PWD-OFF-012,Executive Engineer (T. Sumathi),Attend sluice gate defect - Adambakkam Lake Sluice,,2026-05-18T11:48:58+05:30,2026-06-04T00:00:00+05:30,Done,department,pwd_task,2026-06-15T08:54:59+05:30,2026-06-23T16:15:16+05:30,uploads/pwd/PWD-TSK-17285.jpg,INC-20260514-AC8393
PWD-TSK-17306,PWD-INC-051901,PWD-WRD,PWD-OFF-015,Executive Engineer (V. Karthikeyan),Clear choked Buckingham Canal - Basin Bridge stretch at Kamarajar St,,2026-05-18T12:44:47+05:30,2026-05-28T00:00:00+05:30,Done,department,pwd_task,2026-06-22T09:42:46+05:30,2026-06-25T11:51:20+05:30,uploads/pwd/PWD-TSK-17306.jpg,INC-20260515-01AAAF
PWD-TSK-17286,PWD-INC-051851,PWD-WRD,PWD-OFF-018,Assistant Executive Engineer (M. Gunasekaran),Survey & evict encroachment - Kolathur Lake,,2026-05-18T14:35:46+05:30,2026-07-14T00:00:00+05:30,Done,department,pwd_task,2026-07-04T09:02:16+05:30,2026-07-06T11:33:43+05:30,uploads/pwd/PWD-TSK-17286.jpg,INC-20260514-26FDE5
PWD-TSK-17381,PWD-INC-052143,PWD-WRD,PWD-OFF-017,Assistant Executive Engineer (V. Meenakshi),Clear debris & rebuild wall - Little Mount,,2026-05-19T09:37:27+05:30,2026-06-04T00:00:00+05:30,Done,department,pwd_task,2026-05-24T09:36:01+05:30,2026-06-29T12:34:52+05:30,uploads/pwd/PWD-TSK-17381.jpg,INC-20260519-68931F
PWD-TSK-17322,PWD-INC-051971,PWD-WRD,PWD-OFF-014,Executive Engineer (V. Gunasekaran),Repair shutter of Ambattur Lake Sluice,,2026-05-19T10:29:31+05:30,2026-06-11T00:00:00+05:30,Done,department,pwd_task,2026-05-26T09:41:50+05:30,2026-06-04T10:49:41+05:30,uploads/pwd/PWD-TSK-17322.jpg,INC-20260516-7B5E92
PWD-TSK-17361,PWD-INC-052090,PWD-WRD,PWD-OFF-015,Executive Engineer (V. Karthikeyan),Deploy pumpset & drain water - Tondiarpet,,2026-05-19T10:35:48+05:30,2026-05-22T00:00:00+05:30,Done,department,pwd_task,2026-05-21T16:06:54+05:30,2026-06-24T10:33:22+05:30,uploads/pwd/PWD-TSK-17361.jpg,INC-20260518-776C62
PWD-TSK-17341,PWD-INC-052023,PWD-BLD,PWD-OFF-007,Executive Engineer (M. Sumathi),"Structural inspection & repair - Govt Polytechnic College, Taramani",,2026-05-19T10:51:12+05:30,2026-06-20T00:00:00+05:30,Done,department,pwd_task,2026-06-01T10:48:54+05:30,2026-06-05T16:51:22+05:30,uploads/pwd/PWD-TSK-17341.jpg,INC-20260517-B07B67
PWD-TSK-17382,PWD-INC-052144,PWD-WRD,PWD-OFF-015,Executive Engineer (V. Karthikeyan),Monitor surplus course of Perungudi Lake & clear obstructions,,2026-05-19T12:46:27+05:30,2026-05-24T00:00:00+05:30,Done,department,pwd_task,2026-06-13T10:29:35+05:30,2026-07-13T11:48:04+05:30,uploads/pwd/PWD-TSK-17382.jpg,INC-20260519-3F41C8
PWD-TSK-17383,PWD-INC-052158,PWD-WRD,PWD-OFF-016,Assistant Executive Engineer (S. Karthikeyan),"Pump out stagnant water - Ambedkar St, Madhavaram",,2026-05-19T12:47:43+05:30,2026-05-20T00:00:00+05:30,Done,department,pwd_task,2026-05-23T08:14:24+05:30,2026-05-28T13:59:20+05:30,uploads/pwd/PWD-TSK-17383.jpg,INC-20260519-693996
PWD-TSK-17384,PWD-INC-052155,PWD-WRD,PWD-OFF-019,Executive Engineer (S. Prabhakaran),"Pump out stagnant water - North St, Valasaravakkam",,2026-05-19T13:58:00+05:30,2026-05-20T00:00:00+05:30,Done,department,pwd_task,2026-05-23T09:42:32+05:30,2026-05-29T15:37:08+05:30,uploads/pwd/PWD-TSK-17384.jpg,INC-20260519-870684
PWD-TSK-17385,PWD-INC-052166,PWD-WRD,PWD-OFF-012,Executive Engineer (T. Sumathi),Plug breach in Adyar River Bund - Jafferkhanpet,,2026-05-19T14:04:15+05:30,2026-05-22T00:00:00+05:30,Done,department,pwd_task,2026-07-22T17:38:19+05:30,2026-07-30T15:16:06+05:30,uploads/pwd/PWD-TSK-17385.jpg,INC-20260519-8D1E0E
PWD-TSK-17386,PWD-INC-052168,PWD-WRD,PWD-OFF-019,Executive Engineer (S. Prabhakaran),Sandbag bank of Virugambakkam-Arumbakkam Canal near Virugambakkam,,2026-05-19T14:48:26+05:30,2026-05-23T00:00:00+05:30,Done,department,pwd_task,2026-06-08T08:40:23+05:30,2026-06-16T10:15:20+05:30,uploads/pwd/PWD-TSK-17386.jpg,INC-20260518-23DF45
PWD-TSK-17387,PWD-INC-052161,PWD-BLD,PWD-OFF-006,Executive Engineer (T. Rajendran),Attend roof leak / cracks - Rajiv Gandhi Govt General Hospital - Tower Block,,2026-05-19T16:07:53+05:30,2026-07-07T00:00:00+05:30,Done,department,pwd_task,2026-05-26T11:44:53+05:30,2026-06-01T10:16:34+05:30,uploads/pwd/PWD-TSK-17387.jpg,INC-20260519-D13357
PWD-TSK-17388,PWD-INC-052167,PWD-WRD,PWD-OFF-016,Assistant Executive Engineer (S. Karthikeyan),Clear waterlogging at Nanganallur (Mosque St),,2026-05-19T16:14:17+05:30,2026-05-21T00:00:00+05:30,Done,department,pwd_task,2026-06-26T10:20:00+05:30,2026-08-03T10:52:40+05:30,uploads/pwd/PWD-TSK-17388.jpg,INC-20260519-1FED8E
PWD-TSK-17389,PWD-INC-052163,PWD-WRD,PWD-OFF-012,Executive Engineer (T. Sumathi),Inspect & control overflow in Buckingham Canal - Mandaveli stretch at Mandaveli,,2026-05-19T16:59:08+05:30,2026-05-21T00:00:00+05:30,Done,department,pwd_task,2026-05-23T10:30:46+05:30,2026-07-02T10:16:14+05:30,uploads/pwd/PWD-TSK-17389.jpg,INC-20260519-0BB867
PWD-TSK-17390,PWD-INC-052184,PWD-WRD,PWD-OFF-012,Executive Engineer (T. Sumathi),Clear waterlogging at Pallikaranai (MGR St),,2026-05-19T21:48:12+05:30,2026-05-20T00:00:00+05:30,Done,department,pwd_task,2026-05-22T10:11:11+05:30,2026-05-25T11:59:51+05:30,uploads/pwd/PWD-TSK-17390.jpg,INC-20260519-F6017F
PWD-TSK-17391,PWD-INC-052180,PWD-WRD,PWD-OFF-017,Assistant Executive Engineer (V. Meenakshi),Desilt / clear blockage in Guindy Industrial Estate Storm Water Channel near Guindy Industrial Estate,,2026-05-20T10:20:50+05:30,2026-05-30T00:00:00+05:30,Done,department,pwd_task,2026-06-24T08:26:57+05:30,2026-07-06T10:04:47+05:30,uploads/pwd/PWD-TSK-17391.jpg,INC-20260519-AE19C5
PWD-TSK-17392,PWD-TSK-17392,PWD-BLD,PWD-OFF-006,Executive Engineer (T. Rajendran),Petition: repair leaking roof / cracks at Rajiv Gandhi Govt General Hospital - Tower Block,,2026-05-20T10:41:36+05:30,2026-07-13T00:00:00+05:30,Done,department,pwd_task,2026-05-31T11:52:17+05:30,2026-06-15T17:06:23+05:30,uploads/pwd/PWD-TSK-17392.jpg,INC-20260520-6B7648
PWD-TSK-17362,PWD-INC-052083,PWD-BLD,PWD-OFF-003,Executive Engineer (J. Bharathi),"Structural inspection & repair - Collectorate Building, Rajaji Salai",,2026-05-20T11:43:29+05:30,2026-06-29T00:00:00+05:30,Done,department,pwd_task,2026-07-01T11:36:23+05:30,2026-07-06T10:40:13+05:30,uploads/pwd/PWD-TSK-17362.jpg,INC-20260518-08109D
PWD-TSK-17393,PWD-INC-052185,PWD-WRD,PWD-OFF-019,Executive Engineer (S. Prabhakaran),Inspect & control overflow in Captain Cotton Canal - Vyasarpadi stretch at Vyasarpadi,,2026-05-20T13:24:38+05:30,2026-05-22T00:00:00+05:30,Done,department,pwd_task,2026-07-14T11:53:18+05:30,2026-07-21T10:39:23+05:30,uploads/pwd/PWD-TSK-17393.jpg,INC-20260519-99CB0C
PWD-TSK-17394,PWD-INC-052172,PWD-WRD,PWD-OFF-016,Assistant Executive Engineer (S. Karthikeyan),Inspect & control overflow in Adyar River - Nandambakkam stretch at Nandambakkam,,2026-05-20T13:28:10+05:30,2026-05-24T00:00:00+05:30,Done,department,pwd_task,2026-05-23T09:32:40+05:30,2026-06-08T11:29:24+05:30,uploads/pwd/PWD-TSK-17394.jpg,INC-20260519-29CB84
PWD-TSK-17395,PWD-INC-052160,PWD-WRD,PWD-OFF-013,Executive Engineer (G. Selvi),Desilt / clear blockage in Valasaravakkam Macro Drain near Valasaravakkam,,2026-05-20T17:46:14+05:30,2026-06-09T00:00:00+05:30,Done,department,pwd_task,2026-06-26T11:45:04+05:30,2026-06-29T11:00:34+05:30,uploads/pwd/PWD-TSK-17395.jpg,INC-20260518-9E399B
PWD-TSK-17421,PWD-INC-052261,PWD-WRD,PWD-OFF-015,Executive Engineer (V. Karthikeyan),Clear waterlogging at Villivakkam (Tank St),,2026-05-21T10:26:25+05:30,2026-05-22T00:00:00+05:30,Done,department,pwd_task,2026-05-24T12:43:24+05:30,2026-06-08T11:02:56+05:30,uploads/pwd/PWD-TSK-17421.jpg,INC-20260521-3FD39C
PWD-TSK-17401,PWD-INC-052209,PWD-BLD,PWD-OFF-006,Executive Engineer (T. Rajendran),Structural inspection & repair - King Institute of Preventive Medicine,,2026-05-21T15:22:55+05:30,2026-07-05T00:00:00+05:30,Done,department,pwd_task,2026-06-03T11:55:05+05:30,2026-06-12T11:46:40+05:30,uploads/pwd/PWD-TSK-17401.jpg,INC-20260520-A05073
PWD-TSK-17402,PWD-INC-052212,PWD-WRD,PWD-OFF-013,Executive Engineer (G. Selvi),Survey & evict encroachment - Cooum River - Koyambedu stretch,,2026-05-21T17:44:14+05:30,2026-07-15T00:00:00+05:30,Done,department,pwd_task,2026-07-05T08:05:21+05:30,2026-07-13T10:20:28+05:30,uploads/pwd/PWD-TSK-17402.jpg,INC-20260520-1CCF66
PWD-TSK-17403,PWD-INC-052207,PWD-BLD,PWD-OFF-008,Assistant Executive Engineer (C. Dhanalakshmi),"Attend roof leak / cracks - Govt Polytechnic College, Taramani",,2026-05-22T11:50:29+05:30,2026-07-14T00:00:00+05:30,Done,department,pwd_task,2026-06-22T11:20:02+05:30,2026-07-06T10:34:26+05:30,uploads/pwd/PWD-TSK-17403.jpg,INC-20260520-318D05
PWD-TSK-17404,PWD-TSK-17404,PWD-BLD,PWD-OFF-004,Executive Engineer (G. Kalaiselvi),"Grievance - unsafe building condition, Ezhilagam Govt Office Complex",,2026-05-22T11:54:39+05:30,2026-07-13T00:00:00+05:30,Done,department,pwd_task,2026-07-25T12:22:47+05:30,2026-08-03T10:02:48+05:30,uploads/pwd/PWD-TSK-17404.jpg,INC-20260522-E652EF
PWD-TSK-17422,PWD-INC-052264,PWD-WRD,PWD-OFF-012,Executive Engineer (T. Sumathi),Repair parapet/deck of Okkiyam Madavu Bridge,,2026-05-22T12:11:17+05:30,2026-07-04T00:00:00+05:30,Done,department,pwd_task,2026-09-18T10:43:27+05:30,2026-09-22T15:32:41+05:30,uploads/pwd/PWD-TSK-17422.jpg,INC-20260520-7830F1
PWD-TSK-17405,PWD-INC-052210,PWD-WRD,PWD-OFF-012,Executive Engineer (T. Sumathi),Clear choked Pallikaranai Marsh Outlet Drain at Indira Nagar 3rd Ave,,2026-05-22T12:25:18+05:30,2026-06-11T00:00:00+05:30,Done,department,pwd_task,2026-06-18T11:57:55+05:30,2026-06-22T11:14:34+05:30,uploads/pwd/PWD-TSK-17405.jpg,INC-20260520-F87B26
PWD-TSK-17406,PWD-INC-052206,PWD-WRD,PWD-OFF-013,Executive Engineer (G. Selvi),Clear choked Virugambakkam-Arumbakkam Canal at Kamarajar St,,2026-05-22T13:25:33+05:30,2026-06-07T00:00:00+05:30,Done,department,pwd_task,2026-06-28T10:35:58+05:30,2026-07-03T13:23:39+05:30,uploads/pwd/PWD-TSK-17406.jpg,INC-20260520-636970
PWD-TSK-17461,PWD-INC-052383,PWD-BLD,PWD-OFF-006,Executive Engineer (T. Rajendran),Structural inspection & repair - Rajiv Gandhi Govt General Hospital - Tower Block,,2026-05-23T14:55:12+05:30,2026-07-07T00:00:00+05:30,Done,department,pwd_task,2026-07-11T10:56:06+05:30,2026-07-20T10:09:39+05:30,uploads/pwd/PWD-TSK-17461.jpg,INC-20260523-44DE5D
PWD-TSK-17481,PWD-INC-052452,PWD-WRD,PWD-OFF-013,Executive Engineer (G. Selvi),"Emergency closure of breach - Chetpet Lake, Chetpet",,2026-05-24T20:46:50+05:30,2026-05-25T00:00:00+05:30,Done,department,pwd_task,2026-06-21T12:33:58+05:30,2026-06-25T10:48:04+05:30,uploads/pwd/PWD-TSK-17481.jpg,INC-20260524-2231CC
PWD-TSK-17482,PWD-INC-052449,PWD-WRD,PWD-OFF-019,Executive Engineer (S. Prabhakaran),Plug breach in Mogappair Eri,,2026-05-25T10:11:30+05:30,2026-05-27T00:00:00+05:30,Done,department,pwd_task,2026-05-28T11:15:09+05:30,2026-06-16T10:47:59+05:30,uploads/pwd/PWD-TSK-17482.jpg,INC-20260524-B637FA
PWD-TSK-17423,PWD-INC-052271,PWD-BLD,PWD-OFF-006,Executive Engineer (T. Rajendran),Attend roof leak / cracks - Govt Royapettah Hospital,,2026-05-25T10:13:31+05:30,2026-07-14T00:00:00+05:30,Done,department,pwd_task,2026-06-05T10:18:17+05:30,2026-06-08T10:32:00+05:30,uploads/pwd/PWD-TSK-17423.jpg,INC-20260521-F5D28F
PWD-TSK-17462,PWD-TSK-17462,PWD-WRD,PWD-OFF-015,Executive Engineer (V. Karthikeyan),"Grievance - silt & garbage in Kathivakkam Macro Drain, Kathivakkam",,2026-05-25T10:20:53+05:30,2026-06-09T00:00:00+05:30,Done,department,pwd_task,2026-05-28T11:52:39+05:30,2026-06-01T13:48:48+05:30,uploads/pwd/PWD-TSK-17462.jpg,INC-20260525-923C27
PWD-TSK-17441,PWD-INC-052324,PWD-WRD,PWD-OFF-020,Assistant Executive Engineer (S. Palanisamy),Survey & evict encroachment - Anna Nagar Macro Drain,,2026-05-25T10:44:55+05:30,2026-07-22T00:00:00+05:30,Done,department,pwd_task,2026-06-06T10:38:41+05:30,2026-06-15T11:14:51+05:30,uploads/pwd/PWD-TSK-17441.jpg,INC-20260522-D69042
PWD-TSK-17463,PWD-INC-052385,PWD-WRD,PWD-OFF-015,Executive Engineer (V. Karthikeyan),Clear debris & rebuild wall - Korukkupet,,2026-05-25T10:49:47+05:30,2026-06-05T00:00:00+05:30,Done,department,pwd_task,2026-06-02T12:57:13+05:30,2026-07-01T13:28:29+05:30,uploads/pwd/PWD-TSK-17463.jpg,INC-20260523-C9357F
PWD-TSK-17483,PWD-INC-052460,PWD-WRD,PWD-OFF-019,Executive Engineer (S. Prabhakaran),"Pump out stagnant water - Thiruvalluvar St, Pudupet",,2026-05-25T11:00:54+05:30,2026-05-26T00:00:00+05:30,Done,department,pwd_task,2026-05-28T10:18:31+05:30,2026-07-01T11:40:33+05:30,uploads/pwd/PWD-TSK-17483.jpg,INC-20260524-D6FF78
PWD-TSK-17484,PWD-INC-052457,PWD-WRD,PWD-OFF-019,Executive Engineer (S. Prabhakaran),Clear waterlogging at Vepery (Bazaar St),,2026-05-25T12:43:31+05:30,2026-05-27T00:00:00+05:30,Done,department,pwd_task,2026-05-28T08:33:52+05:30,2026-06-09T11:41:58+05:30,uploads/pwd/PWD-TSK-17484.jpg,INC-20260524-C897D9
PWD-TSK-17485,PWD-INC-052441,PWD-WRD,PWD-OFF-013,Executive Engineer (G. Selvi),"Pump out stagnant water - Market Rd, Anna Nagar",,2026-05-25T12:59:08+05:30,2026-05-28T00:00:00+05:30,Done,department,pwd_task,2026-06-17T16:53:02+05:30,2026-06-22T12:29:12+05:30,uploads/pwd/PWD-TSK-17485.jpg,INC-20260524-F5B3D4
PWD-TSK-17424,PWD-TSK-17424,PWD-WRD,PWD-OFF-020,Assistant Executive Engineer (S. Palanisamy),"Petition: remove encroachment on Kosasthalaiyar River - Manali stretch, Manali",,2026-05-25T14:16:23+05:30,2026-06-28T00:00:00+05:30,Done,department,pwd_task,2026-06-15T09:37:50+05:30,2026-06-22T10:07:36+05:30,uploads/pwd/PWD-TSK-17424.jpg,INC-20260525-8F025E
PWD-TSK-17501,PWD-INC-052506,PWD-WRD,PWD-OFF-015,Executive Engineer (V. Karthikeyan),Inspect damage to Okkiyam Madavu Bridge,,2026-05-26T10:13:02+05:30,2026-06-25T00:00:00+05:30,Done,department,pwd_task,2026-07-24T10:38:19+05:30,2026-07-30T16:08:20+05:30,uploads/pwd/PWD-TSK-17501.jpg,INC-20260525-BD3FBB
PWD-TSK-17502,PWD-INC-052502,PWD-WRD,PWD-OFF-018,Assistant Executive Engineer (M. Gunasekaran),Desilt / clear blockage in Otteri Nullah - Ayanavaram stretch near Ayanavaram,,2026-05-28T10:11:26+05:30,2026-06-18T00:00:00+05:30,Done,department,pwd_task,2026-06-04T09:31:47+05:30,2026-06-10T12:09:15+05:30,uploads/pwd/PWD-TSK-17502.jpg,INC-20260525-37DD80
PWD-TSK-17503,PWD-INC-052505,PWD-WRD,PWD-OFF-014,Executive Engineer (V. Gunasekaran),Repair shutter of Ambattur Lake Sluice,,2026-05-28T10:11:33+05:30,2026-06-08T00:00:00+05:30,Done,department,pwd_task,2026-06-15T10:29:21+05:30,2026-06-19T11:21:55+05:30,uploads/pwd/PWD-TSK-17503.jpg,INC-20260525-7E6999
PWD-TSK-17521,PWD-INC-052571,PWD-BLD,PWD-OFF-006,Executive Engineer (T. Rajendran),"Attend roof leak / cracks - Govt Peripheral Hospital, K.K. Nagar",,2026-05-28T10:21:23+05:30,2026-07-04T00:00:00+05:30,Done,department,pwd_task,2026-06-26T15:21:16+05:30,2026-07-13T11:26:35+05:30,uploads/pwd/PWD-TSK-17521.jpg,INC-20260526-E7E970
PWD-TSK-17504,PWD-INC-052501,PWD-BLD,PWD-OFF-003,Executive Engineer (J. Bharathi),Structural inspection & repair - Govt Kilpauk Medical College Hospital,,2026-05-28T10:36:34+05:30,2026-07-01T00:00:00+05:30,Done,department,pwd_task,2026-06-23T08:21:42+05:30,2026-07-01T14:28:58+05:30,uploads/pwd/PWD-TSK-17504.jpg,INC-20260525-FE7AD7
PWD-TSK-17522,PWD-TSK-17522,PWD-WRD,PWD-OFF-014,Executive Engineer (V. Gunasekaran),"Grievance - silt & garbage in Buckingham Canal - Ennore stretch, Ennore",,2026-05-28T11:28:03+05:30,2026-06-04T00:00:00+05:30,Done,department,pwd_task,2026-06-10T09:23:57+05:30,2026-07-13T11:01:08+05:30,uploads/pwd/PWD-TSK-17522.jpg,INC-20260528-3872AC
PWD-TSK-17505,PWD-INC-052508,PWD-WRD,PWD-OFF-013,Executive Engineer (G. Selvi),Desilt / clear blockage in Buckingham Canal - Basin Bridge stretch near Pulianthope,,2026-05-28T11:36:36+05:30,2026-06-15T00:00:00+05:30,Done,department,pwd_task,2026-07-01T12:32:31+05:30,2026-07-06T11:37:35+05:30,uploads/pwd/PWD-TSK-17505.jpg,INC-20260525-A630F3
PWD-TSK-17541,PWD-TSK-17541,PWD-WRD,PWD-OFF-015,Executive Engineer (V. Karthikeyan),"Petition: Otteri Nullah Regulator, Basin Bridge shutter not closing properly",,2026-05-28T12:59:28+05:30,2026-06-14T00:00:00+05:30,Done,department,pwd_task,2026-08-01T11:17:17+05:30,2026-08-10T10:32:55+05:30,uploads/pwd/PWD-TSK-17541.jpg,INC-20260524-E647D6
PWD-TSK-17523,PWD-INC-052570,PWD-BLD,PWD-OFF-003,Executive Engineer (J. Bharathi),"Structural inspection & repair - Institute of Child Health, Egmore",,2026-05-28T15:58:38+05:30,2026-07-08T00:00:00+05:30,Done,department,pwd_task,2026-06-19T11:39:17+05:30,2026-07-09T11:15:38+05:30,uploads/pwd/PWD-TSK-17523.jpg,INC-20260526-7D08AA
PWD-TSK-17561,PWD-INC-052692,PWD-WRD,PWD-OFF-020,Assistant Executive Engineer (S. Palanisamy),Survey & evict encroachment - Veerangal Odai,,2026-05-29T10:06:34+05:30,2026-07-20T00:00:00+05:30,Done,department,pwd_task,2026-06-23T13:14:02+05:30,2026-07-14T10:07:50+05:30,uploads/pwd/PWD-TSK-17561.jpg,INC-20260528-5A0CF8
PWD-TSK-17524,PWD-INC-052568,PWD-WRD,PWD-OFF-013,Executive Engineer (G. Selvi),Desilt / clear blockage in Virugambakkam-Arumbakkam Canal near Virugambakkam,,2026-05-29T10:06:41+05:30,2026-06-18T00:00:00+05:30,Done,department,pwd_task,2026-06-04T16:41:55+05:30,2026-06-18T16:36:35+05:30,uploads/pwd/PWD-TSK-17524.jpg,INC-20260526-7AE8AB
PWD-TSK-17525,PWD-INC-052569,PWD-WRD,PWD-OFF-013,Executive Engineer (G. Selvi),Desilt / clear blockage in Buckingham Canal - Basin Bridge stretch near Pulianthope,,2026-05-29T10:14:04+05:30,2026-06-16T00:00:00+05:30,Done,department,pwd_task,2026-07-08T11:58:15+05:30,2026-07-09T13:37:28+05:30,uploads/pwd/PWD-TSK-17525.jpg,INC-20260526-719EE5
PWD-TSK-17562,PWD-INC-052682,PWD-WRD,PWD-OFF-017,Assistant Executive Engineer (V. Meenakshi),"Inspect damage to Maraimalai Adigal Bridge, Saidapet",,2026-05-29T12:39:34+05:30,2026-07-26T00:00:00+05:30,Done,department,pwd_task,2026-07-29T08:14:38+05:30,2026-08-03T10:56:43+05:30,uploads/pwd/PWD-TSK-17562.jpg,INC-20260528-DF40B8
PWD-TSK-17542,PWD-INC-052621,PWD-BLD,PWD-OFF-004,Executive Engineer (G. Kalaiselvi),Structural inspection & repair - King Institute of Preventive Medicine,,2026-05-29T12:44:09+05:30,2026-07-09T00:00:00+05:30,Done,department,pwd_task,2026-06-12T08:26:19+05:30,2026-06-22T13:00:43+05:30,uploads/pwd/PWD-TSK-17542.jpg,INC-20260527-378FEA
PWD-TSK-17526,PWD-INC-052563,PWD-WRD,PWD-OFF-020,Assistant Executive Engineer (S. Palanisamy),Survey & evict encroachment - Kodungaiyur Canal,,2026-05-29T13:12:04+05:30,2026-07-25T00:00:00+05:30,Done,department,pwd_task,2026-06-20T09:49:48+05:30,2026-07-06T13:43:55+05:30,uploads/pwd/PWD-TSK-17526.jpg,INC-20260526-0AC80C
PWD-TSK-17563,PWD-INC-052691,PWD-BLD,PWD-OFF-003,Executive Engineer (J. Bharathi),"Attend roof leak / cracks - Collectorate Building, Rajaji Salai",,2026-05-29T17:59:01+05:30,2026-07-21T00:00:00+05:30,Done,department,pwd_task,2026-07-11T12:52:06+05:30,2026-07-13T16:03:24+05:30,uploads/pwd/PWD-TSK-17563.jpg,INC-20260528-2A86B0
PWD-TSK-17581,PWD-INC-052754,PWD-WRD,PWD-OFF-013,Executive Engineer (G. Selvi),Clear debris & rebuild wall - Koyambedu,,2026-05-29T21:20:53+05:30,2026-06-09T00:00:00+05:30,Done,department,pwd_task,2026-06-03T11:30:31+05:30,2026-06-22T10:34:03+05:30,uploads/pwd/PWD-TSK-17581.jpg,INC-20260529-114C97
PWD-TSK-17582,PWD-INC-052745,PWD-WRD,PWD-OFF-016,Assistant Executive Engineer (S. Karthikeyan),Repair shutter of Korattur Lake Sluice,,2026-06-01T10:10:22+05:30,2026-06-22T00:00:00+05:30,Done,department,pwd_task,2026-06-04T14:15:13+05:30,2026-06-15T11:13:21+05:30,uploads/pwd/PWD-TSK-17582.jpg,INC-20260529-F3BAD8
PWD-TSK-17583,PWD-INC-052755,PWD-WRD,PWD-OFF-015,Executive Engineer (V. Karthikeyan),Clear choked Otteri Nullah - Ayanavaram stretch at Tank St,,2026-06-01T10:12:35+05:30,2026-06-16T00:00:00+05:30,Done,department,pwd_task,2026-07-02T12:34:42+05:30,2026-07-10T12:52:42+05:30,uploads/pwd/PWD-TSK-17583.jpg,INC-20260529-7E5AAA
PWD-TSK-17564,PWD-TSK-17564,PWD-WRD,PWD-OFF-014,Executive Engineer (V. Gunasekaran),Grievance - illegal construction in Madhavaram Lake,,2026-06-01T10:40:44+05:30,2026-07-12T00:00:00+05:30,Done,department,pwd_task,2026-07-13T10:17:25+05:30,2026-07-23T17:41:40+05:30,uploads/pwd/PWD-TSK-17564.jpg,INC-20260601-678468
PWD-TSK-17565,PWD-TSK-17565,PWD-WRD,PWD-OFF-013,Executive Engineer (G. Selvi),Petition: desilting of Valasaravakkam Macro Drain near Valasaravakkam,,2026-06-01T10:46:37+05:30,2026-06-19T00:00:00+05:30,Done,department,pwd_task,2026-06-16T09:36:34+05:30,2026-06-29T11:16:47+05:30,uploads/pwd/PWD-TSK-17565.jpg,INC-20260601-D6DDC5
PWD-TSK-17543,PWD-INC-052622,PWD-WRD,PWD-OFF-013,Executive Engineer (G. Selvi),Repair parapet/deck of Basin Bridge,,2026-06-01T11:39:00+05:30,2026-07-06T00:00:00+05:30,Done,department,pwd_task,2026-06-08T08:08:13+05:30,2026-06-15T11:36:06+05:30,uploads/pwd/PWD-TSK-17543.jpg,INC-20260527-841108
PWD-TSK-17584,PWD-TSK-17584,PWD-WRD,PWD-OFF-016,Assistant Executive Engineer (S. Karthikeyan),Petition: remove water hyacinth in Ambattur Lake,,2026-06-01T11:53:59+05:30,2026-06-12T00:00:00+05:30,Done,department,pwd_task,2026-07-17T11:39:27+05:30,2026-07-20T14:42:03+05:30,uploads/pwd/PWD-TSK-17584.jpg,INC-20260601-9885ED
PWD-TSK-17585,PWD-INC-052751,PWD-BLD,PWD-OFF-003,Executive Engineer (J. Bharathi),"Attend roof leak / cracks - Govt Peripheral Hospital, Periyar Nagar",,2026-06-01T11:55:17+05:30,2026-07-01T00:00:00+05:30,Done,department,pwd_task,2026-06-12T16:16:33+05:30,2026-07-16T13:48:32+05:30,uploads/pwd/PWD-TSK-17585.jpg,INC-20260529-6BB933
PWD-TSK-17566,PWD-INC-052685,PWD-BLD,PWD-OFF-007,Executive Engineer (M. Sumathi),"Structural inspection & repair - Govt Hr Sec School, Ashok Nagar",,2026-06-01T12:14:31+05:30,2026-07-08T00:00:00+05:30,Done,department,pwd_task,2026-07-12T17:51:54+05:30,2026-07-24T10:19:39+05:30,uploads/pwd/PWD-TSK-17566.jpg,INC-20260528-4804F3
PWD-TSK-17601,PWD-INC-052811,PWD-WRD,PWD-OFF-015,Executive Engineer (V. Karthikeyan),Sandbag bank of Captain Cotton Canal - Vyasarpadi stretch near Vyasarpadi,,2026-06-01T12:45:59+05:30,2026-06-04T00:00:00+05:30,Done,department,pwd_task,2026-06-07T09:51:26+05:30,2026-06-15T10:44:15+05:30,uploads/pwd/PWD-TSK-17601.jpg,INC-20260530-693329
PWD-TSK-17586,PWD-INC-052742,PWD-WRD,PWD-OFF-015,Executive Engineer (V. Karthikeyan),Remove encroachment on Tondiarpet Macro Drain at Tondiarpet,,2026-06-01T13:36:34+05:30,2026-07-09T00:00:00+05:30,Done,department,pwd_task,2026-07-11T13:03:05+05:30,2026-07-13T12:41:30+05:30,uploads/pwd/PWD-TSK-17586.jpg,INC-20260529-B281BC
PWD-TSK-17621,PWD-TSK-17621,PWD-WRD,PWD-OFF-018,Assistant Executive Engineer (M. Gunasekaran),Petition: desilting of Kodungaiyur Canal near Kodungaiyur,,2026-06-02T07:42:23+05:30,2026-06-10T00:00:00+05:30,Done,department,pwd_task,2026-06-10T08:41:00+05:30,2026-06-29T14:56:37+05:30,uploads/pwd/PWD-TSK-17621.jpg,INC-20260602-370CBE
PWD-TSK-17641,PWD-INC-052928,PWD-WRD,PWD-OFF-012,Executive Engineer (T. Sumathi),Survey & evict encroachment - Perungudi Lake,,2026-06-02T10:36:22+05:30,2026-07-24T00:00:00+05:30,Done,department,pwd_task,2026-08-07T08:56:35+05:30,2026-08-17T10:13:30+05:30,uploads/pwd/PWD-TSK-17641.jpg,INC-20260601-B62B3D
PWD-TSK-17622,PWD-INC-052865,PWD-BLD,PWD-OFF-006,Executive Engineer (T. Rajendran),"Structural inspection & repair - Govt Peripheral Hospital, K.K. Nagar",,2026-06-02T10:39:56+05:30,2026-07-05T00:00:00+05:30,Done,department,pwd_task,2026-06-16T09:21:33+05:30,2026-06-22T10:03:41+05:30,uploads/pwd/PWD-TSK-17622.jpg,INC-20260531-AFFD74
PWD-TSK-17661,PWD-INC-052983,PWD-WRD,PWD-OFF-017,Assistant Executive Engineer (V. Meenakshi),Sandbag bank of Guindy Industrial Estate Storm Water Channel near Guindy Industrial Estate,,2026-06-02T12:01:37+05:30,2026-06-05T00:00:00+05:30,Done,department,pwd_task,2026-06-05T09:53:14+05:30,2026-06-22T15:33:56+05:30,uploads/pwd/PWD-TSK-17661.jpg,INC-20260602-C75DBA
PWD-TSK-17623,PWD-INC-052861,PWD-WRD,PWD-OFF-015,Executive Engineer (V. Karthikeyan),Remove encroachment on Villivakkam Macro Drain at Villivakkam,,2026-06-02T12:05:24+05:30,2026-07-22T00:00:00+05:30,Done,department,pwd_task,2026-08-09T14:53:19+05:30,2026-08-14T16:38:07+05:30,uploads/pwd/PWD-TSK-17623.jpg,INC-20260531-227592
PWD-TSK-17624,PWD-TSK-17624,PWD-WRD,PWD-OFF-020,Assistant Executive Engineer (S. Palanisamy),"Petition: remove encroachment on Nolambur Lake, Nolambur",,2026-06-02T12:51:27+05:30,2026-07-20T00:00:00+05:30,Done,department,pwd_task,2026-06-16T11:27:36+05:30,2026-06-30T14:39:42+05:30,uploads/pwd/PWD-TSK-17624.jpg,INC-20260602-ADE9D7
PWD-TSK-17642,PWD-INC-052925,PWD-WRD,PWD-OFF-014,Executive Engineer (V. Gunasekaran),Repair shutter of Ambattur Lake Sluice,,2026-06-02T14:30:15+05:30,2026-06-21T00:00:00+05:30,Done,department,pwd_task,2026-06-27T12:24:12+05:30,2026-07-06T10:48:34+05:30,uploads/pwd/PWD-TSK-17642.jpg,INC-20260601-9885ED
PWD-TSK-17602,PWD-TSK-17602,PWD-WRD,PWD-OFF-013,Executive Engineer (G. Selvi),"Grievance - seepage through Porur Lake Bund bund, Porur",,2026-06-02T14:36:31+05:30,2026-07-23T00:00:00+05:30,Done,department,pwd_task,2026-06-25T11:30:17+05:30,2026-07-20T10:06:00+05:30,uploads/pwd/PWD-TSK-17602.jpg,INC-20260602-97BEB6
PWD-TSK-17625,PWD-INC-052866,PWD-WRD,PWD-OFF-020,Assistant Executive Engineer (S. Palanisamy),Remove encroachment on Tondiarpet Macro Drain at Tondiarpet,,2026-06-03T10:28:10+05:30,2026-07-13T00:00:00+05:30,Done,department,pwd_task,2026-08-27T16:48:12+05:30,2026-09-07T10:28:27+05:30,uploads/pwd/PWD-TSK-17625.jpg,INC-20260530-617A8C
PWD-TSK-17603,PWD-INC-052804,PWD-WRD,PWD-OFF-016,Assistant Executive Engineer (S. Karthikeyan),Survey & evict encroachment - Mogappair Eri,,2026-06-03T10:53:39+05:30,2026-07-17T00:00:00+05:30,Done,department,pwd_task,2026-06-26T08:04:14+05:30,2026-07-31T12:50:11+05:30,uploads/pwd/PWD-TSK-17603.jpg,INC-20260530-6AC7A5
PWD-TSK-17662,PWD-TSK-17662,PWD-WRD,PWD-OFF-013,Executive Engineer (G. Selvi),Petition: desilting of Anna Nagar Macro Drain near Anna Nagar,,2026-06-03T11:00:28+05:30,2026-06-20T00:00:00+05:30,Done,department,pwd_task,2026-06-12T10:45:28+05:30,2026-07-17T15:36:35+05:30,uploads/pwd/PWD-TSK-17662.jpg,INC-20260603-1572B1
PWD-TSK-17663,PWD-INC-052981,PWD-WRD,PWD-OFF-020,Assistant Executive Engineer (S. Palanisamy),Remove encroachment on Madhavaram Lake at Madhavaram,,2026-06-03T11:32:25+05:30,2026-07-30T00:00:00+05:30,Done,department,pwd_task,2026-07-05T12:49:21+05:30,2026-07-07T15:05:14+05:30,uploads/pwd/PWD-TSK-17663.jpg,INC-20260602-27E0D1
PWD-TSK-17643,PWD-INC-052924,PWD-WRD,PWD-OFF-015,Executive Engineer (V. Karthikeyan),Repair parapet/deck of Okkiyam Madavu Bridge,,2026-06-03T11:39:56+05:30,2026-07-27T00:00:00+05:30,Done,department,pwd_task,2026-07-05T09:02:58+05:30,2026-07-13T11:36:42+05:30,uploads/pwd/PWD-TSK-17643.jpg,INC-20260601-A5251C
PWD-TSK-17664,PWD-INC-052982,PWD-WRD,PWD-OFF-020,Assistant Executive Engineer (S. Palanisamy),Survey & evict encroachment - Cooum River - Chetpet stretch,,2026-06-03T13:29:02+05:30,2026-07-03T00:00:00+05:30,Done,department,pwd_task,2026-06-15T13:10:48+05:30,2026-06-22T10:51:34+05:30,uploads/pwd/PWD-TSK-17664.jpg,INC-20260602-115928
PWD-TSK-17681,PWD-TSK-17681,PWD-WRD,PWD-OFF-012,Executive Engineer (T. Sumathi),Petition: desilting of Veerangal Odai near Velachery,,2026-06-03T19:05:01+05:30,2026-06-14T00:00:00+05:30,Done,department,pwd_task,2026-07-26T08:00:57+05:30,2026-08-10T11:18:29+05:30,uploads/pwd/PWD-TSK-17681.jpg,INC-20260603-4A0A39
PWD-TSK-17682,PWD-TSK-17682,PWD-BLD,PWD-OFF-006,Executive Engineer (T. Rajendran),"Grievance - unsafe building condition, Govt Stanley Hospital - OP Block",,2026-06-04T10:32:39+05:30,2026-07-09T00:00:00+05:30,Done,department,pwd_task,2026-06-15T09:51:54+05:30,2026-07-16T17:24:45+05:30,uploads/pwd/PWD-TSK-17682.jpg,INC-20260604-B2878A
PWD-TSK-17701,PWD-INC-053101,PWD-WRD,PWD-OFF-015,Executive Engineer (V. Karthikeyan),Clear waterlogging at Villivakkam (Church St),,2026-06-04T10:44:30+05:30,2026-06-07T00:00:00+05:30,Done,department,pwd_task,2026-06-08T14:24:32+05:30,2026-06-16T10:30:46+05:30,uploads/pwd/PWD-TSK-17701.jpg,INC-20260604-4F7F88
PWD-TSK-17702,PWD-INC-053109,PWD-WRD,PWD-OFF-019,Executive Engineer (S. Prabhakaran),Inspect & control overflow in Buckingham Canal - Ennore stretch at Ennore,,2026-06-05T10:10:22+05:30,2026-06-08T00:00:00+05:30,Done,department,pwd_task,2026-06-10T08:21:06+05:30,2026-06-15T10:37:17+05:30,uploads/pwd/PWD-TSK-17702.jpg,INC-20260604-76EECE
PWD-TSK-17721,PWD-INC-053164,PWD-BLD,PWD-OFF-006,Executive Engineer (T. Rajendran),Structural inspection & repair - Govt Kilpauk Medical College Hospital,,2026-06-05T14:06:15+05:30,2026-07-05T00:00:00+05:30,Done,department,pwd_task,2026-06-16T10:18:59+05:30,2026-07-27T11:43:47+05:30,uploads/pwd/PWD-TSK-17721.jpg,INC-20260605-67646C
PWD-TSK-17722,PWD-INC-053167,PWD-WRD,PWD-OFF-013,Executive Engineer (G. Selvi),Clear choked the storm water drain at Pillaiyar Koil St,,2026-06-05T17:19:54+05:30,2026-06-20T00:00:00+05:30,Done,department,pwd_task,2026-08-07T11:56:07+05:30,2026-08-25T12:44:48+05:30,uploads/pwd/PWD-TSK-17722.jpg,INC-20260605-B9114F
PWD-TSK-17703,PWD-INC-053107,PWD-WRD,PWD-OFF-018,Assistant Executive Engineer (M. Gunasekaran),Desilt / clear blockage in Captain Cotton Canal - Vyasarpadi stretch near Vyasarpadi,,2026-06-05T17:45:17+05:30,2026-06-14T00:00:00+05:30,Done,department,pwd_task,2026-07-10T09:39:04+05:30,2026-07-22T11:24:25+05:30,uploads/pwd/PWD-TSK-17703.jpg,INC-20260604-E780A7
PWD-TSK-17761,PWD-INC-053285,PWD-WRD,PWD-OFF-013,Executive Engineer (G. Selvi),Remove encroachment on Cooum River - Arumbakkam stretch at Arumbakkam,,2026-06-08T10:19:33+05:30,2026-08-01T00:00:00+05:30,Done,department,pwd_task,2026-06-28T10:58:04+05:30,2026-08-03T13:25:20+05:30,uploads/pwd/PWD-TSK-17761.jpg,INC-20260607-6E7AC9
PWD-TSK-17723,PWD-INC-053163,PWD-BLD,PWD-OFF-006,Executive Engineer (T. Rajendran),"Attend roof leak / cracks - Govt Peripheral Hospital, K.K. Nagar",,2026-06-08T10:47:32+05:30,2026-07-30T00:00:00+05:30,Done,department,pwd_task,2026-08-16T10:19:48+05:30,2026-08-19T12:18:05+05:30,uploads/pwd/PWD-TSK-17723.jpg,INC-20260605-B57928
PWD-TSK-17704,PWD-INC-053106,PWD-BLD,PWD-OFF-004,Executive Engineer (G. Kalaiselvi),Attend roof leak / cracks - King Institute of Preventive Medicine,,2026-06-08T11:03:18+05:30,2026-07-18T00:00:00+05:30,Done,department,pwd_task,2026-07-15T11:44:47+05:30,2026-07-27T12:21:05+05:30,uploads/pwd/PWD-TSK-17704.jpg,INC-20260604-E72520
PWD-TSK-17762,PWD-INC-053288,PWD-WRD,PWD-OFF-012,Executive Engineer (T. Sumathi),"Remove collapsed wall debris near Thiruvalluvar St, Nanganallur",,2026-06-08T12:08:30+05:30,2026-06-22T00:00:00+05:30,Done,department,pwd_task,2026-06-18T08:59:56+05:30,2026-07-02T13:38:03+05:30,uploads/pwd/PWD-TSK-17762.jpg,INC-20260607-F73681
PWD-TSK-17741,PWD-INC-053223,PWD-BLD,PWD-OFF-004,Executive Engineer (G. Kalaiselvi),Attend roof leak / cracks - King Institute of Preventive Medicine,,2026-06-08T12:49:54+05:30,2026-07-08T00:00:00+05:30,Done,department,pwd_task,2026-06-19T17:58:19+05:30,2026-07-10T12:04:06+05:30,uploads/pwd/PWD-TSK-17741.jpg,INC-20260606-22FA21
PWD-TSK-17801,PWD-INC-053402,PWD-WRD,PWD-OFF-015,Executive Engineer (V. Karthikeyan),"Remove collapsed wall debris near Periyar St, Okkiyam Thoraipakkam",,2026-06-09T10:21:59+05:30,2026-06-25T00:00:00+05:30,Done,department,pwd_task,2026-07-18T10:49:14+05:30,2026-08-06T13:40:28+05:30,uploads/pwd/PWD-TSK-17801.jpg,INC-20260609-4E5924
PWD-TSK-17802,PWD-INC-053404,PWD-WRD,PWD-OFF-018,Assistant Executive Engineer (M. Gunasekaran),Deploy pumpset & drain water - Kodungaiyur,,2026-06-09T13:43:39+05:30,2026-06-12T00:00:00+05:30,Done,department,pwd_task,2026-06-23T12:04:33+05:30,2026-06-29T15:17:41+05:30,uploads/pwd/PWD-TSK-17802.jpg,INC-20260609-B5AD51
PWD-TSK-17781,PWD-INC-053344,PWD-WRD,PWD-OFF-020,Assistant Executive Engineer (S. Palanisamy),Remove encroachment on Palavanthangal Lake at Palavanthangal,,2026-06-09T17:19:26+05:30,2026-07-31T00:00:00+05:30,Done,department,pwd_task,2026-07-28T09:00:30+05:30,2026-07-31T11:29:51+05:30,uploads/pwd/PWD-TSK-17781.jpg,INC-20260608-9FB8E7
PWD-TSK-17803,PWD-INC-053409,PWD-WRD,PWD-OFF-015,Executive Engineer (V. Karthikeyan),Clear debris & rebuild wall - Ennore,,2026-06-09T21:48:18+05:30,2026-06-23T00:00:00+05:30,Done,department,pwd_task,2026-06-12T08:15:30+05:30,2026-06-22T12:27:47+05:30,uploads/pwd/PWD-TSK-17803.jpg,INC-20260609-FB0154
PWD-TSK-17763,PWD-INC-053282,PWD-WRD,PWD-OFF-017,Assistant Executive Engineer (V. Meenakshi),"Inspect damage to Thiru. Vi. Ka. Bridge, Adyar",,2026-06-10T11:03:16+05:30,2026-07-13T00:00:00+05:30,Done,department,pwd_task,2026-07-19T12:57:33+05:30,2026-07-21T11:30:13+05:30,uploads/pwd/PWD-TSK-17763.jpg,INC-20260607-831437
PWD-TSK-17821,PWD-INC-053461,PWD-WRD,PWD-OFF-015,Executive Engineer (V. Karthikeyan),Deploy pumpset & drain water - Vyasarpadi,,2026-06-10T12:34:01+05:30,2026-06-13T00:00:00+05:30,Done,department,pwd_task,2026-06-13T10:09:08+05:30,2026-06-17T13:48:00+05:30,uploads/pwd/PWD-TSK-17821.jpg,INC-20260610-B51715
PWD-TSK-17804,PWD-INC-053405,PWD-WRD,PWD-OFF-014,Executive Engineer (V. Gunasekaran),Attend sluice gate defect - Ennore Creek Regulator,,2026-06-10T13:35:17+05:30,2026-06-20T00:00:00+05:30,Done,department,pwd_task,2026-07-09T14:52:55+05:30,2026-07-20T12:30:22+05:30,uploads/pwd/PWD-TSK-17804.jpg,INC-20260609-BAACD1
PWD-TSK-17764,PWD-INC-053289,PWD-BLD,PWD-OFF-006,Executive Engineer (T. Rajendran),"Structural inspection & repair - Govt Peripheral Hospital, K.K. Nagar",,2026-06-10T13:52:09+05:30,2026-07-10T00:00:00+05:30,Done,department,pwd_task,2026-08-06T11:44:33+05:30,2026-08-10T10:05:36+05:30,uploads/pwd/PWD-TSK-17764.jpg,INC-20260607-3061E7
PWD-TSK-17782,PWD-INC-053342,PWD-WRD,PWD-OFF-015,Executive Engineer (V. Karthikeyan),Repair parapet/deck of Okkiyam Madavu Bridge,,2026-06-10T18:40:32+05:30,2026-07-11T00:00:00+05:30,Done,department,pwd_task,2026-07-24T12:04:19+05:30,2026-07-28T11:21:03+05:30,uploads/pwd/PWD-TSK-17782.jpg,INC-20260608-481808
PWD-TSK-17783,PWD-TSK-17783,PWD-BLD,PWD-OFF-007,Executive Engineer (M. Sumathi),"Grievance - unsafe building condition, Govt Hr Sec School, Ashok Nagar",,2026-06-11T10:18:48+05:30,2026-07-22T00:00:00+05:30,Done,department,pwd_task,2026-06-22T14:10:44+05:30,2026-07-24T13:59:59+05:30,uploads/pwd/PWD-TSK-17783.jpg,INC-20260611-4914C0
PWD-TSK-17822,PWD-INC-053464,PWD-BLD,PWD-OFF-008,Assistant Executive Engineer (C. Dhanalakshmi),Attend roof leak / cracks - King Institute of Preventive Medicine,,2026-06-11T10:51:29+05:30,2026-08-06T00:00:00+05:30,Done,department,pwd_task,2026-07-04T14:32:21+05:30,2026-07-08T12:22:59+05:30,uploads/pwd/PWD-TSK-17822.jpg,INC-20260610-F21765
PWD-TSK-17841,PWD-INC-053523,PWD-WRD,PWD-OFF-015,Executive Engineer (V. Karthikeyan),"Attend sluice gate defect - Otteri Nullah Regulator, Basin Bridge",,2026-06-12T10:28:27+05:30,2026-07-04T00:00:00+05:30,Done,department,pwd_task,2026-06-19T15:52:56+05:30,2026-06-22T12:49:07+05:30,uploads/pwd/PWD-TSK-17841.jpg,INC-20260611-21288D
PWD-TSK-17823,PWD-TSK-17823,PWD-WRD,PWD-OFF-017,Assistant Executive Engineer (V. Meenakshi),Petition: desilting of Mambalam Canal Macro Drain near T. Nagar,,2026-06-12T11:46:30+05:30,2026-06-22T00:00:00+05:30,Done,department,pwd_task,2026-09-01T09:57:47+05:30,2026-09-15T12:02:35+05:30,uploads/pwd/PWD-TSK-17823.jpg,INC-20260612-4CF6EA
PWD-TSK-17861,PWD-INC-053584,PWD-WRD,PWD-OFF-016,Assistant Executive Engineer (S. Karthikeyan),Clear debris & rebuild wall - Pattaravakkam,,2026-06-12T13:34:25+05:30,2026-07-01T00:00:00+05:30,Done,department,pwd_task,2026-07-03T18:47:25+05:30,2026-07-09T10:41:15+05:30,uploads/pwd/PWD-TSK-17861.jpg,INC-20260612-8D6CFB
PWD-TSK-17862,PWD-INC-053587,PWD-WRD,PWD-OFF-019,Executive Engineer (S. Prabhakaran),Inspect & control overflow in Cooum River - Chetpet stretch at Chetpet,,2026-06-12T16:13:02+05:30,2026-06-16T00:00:00+05:30,Done,department,pwd_task,2026-07-09T14:45:53+05:30,2026-07-30T13:21:30+05:30,uploads/pwd/PWD-TSK-17862.jpg,INC-20260612-4E3DDD
PWD-TSK-17863,PWD-INC-053583,PWD-WRD,PWD-OFF-017,Assistant Executive Engineer (V. Meenakshi),"Repair parapet/deck of Maraimalai Adigal Bridge, Saidapet",,2026-06-15T10:36:55+05:30,2026-08-08T00:00:00+05:30,Done,department,pwd_task,2026-09-12T09:56:52+05:30,2026-09-18T10:12:02+05:30,uploads/pwd/PWD-TSK-17863.jpg,INC-20260612-735553
PWD-TSK-17901,PWD-INC-053703,PWD-WRD,PWD-OFF-012,Executive Engineer (T. Sumathi),Desilt / clear blockage in Pallikaranai Marsh Outlet Drain near Pallikaranai,,2026-06-15T10:42:28+05:30,2026-07-05T00:00:00+05:30,Done,department,pwd_task,2026-06-23T08:01:35+05:30,2026-07-17T10:58:12+05:30,uploads/pwd/PWD-TSK-17901.jpg,INC-20260614-ED6222
PWD-TSK-17864,PWD-INC-053588,PWD-BLD,PWD-OFF-006,Executive Engineer (T. Rajendran),"Structural inspection & repair - Institute of Child Health, Egmore",,2026-06-15T11:33:56+05:30,2026-08-13T00:00:00+05:30,Done,department,pwd_task,2026-07-06T11:58:02+05:30,2026-07-09T14:45:05+05:30,uploads/pwd/PWD-TSK-17864.jpg,INC-20260612-AB917A
PWD-TSK-17921,PWD-INC-053764,PWD-WRD,PWD-OFF-019,Executive Engineer (S. Prabhakaran),Clear waterlogging at Madhavaram Milk Colony (East St),,2026-06-15T13:58:26+05:30,2026-06-16T00:00:00+05:30,Done,department,pwd_task,2026-06-21T08:52:03+05:30,2026-07-06T15:17:39+05:30,uploads/pwd/PWD-TSK-17921.jpg,INC-20260615-62530C
PWD-TSK-17865,PWD-INC-053585,PWD-WRD,PWD-OFF-015,Executive Engineer (V. Karthikeyan),Desilt / clear blockage in Buckingham Canal - Ennore stretch near Ennore,,2026-06-15T14:59:26+05:30,2026-06-24T00:00:00+05:30,Done,department,pwd_task,2026-06-18T09:19:37+05:30,2026-06-29T13:11:15+05:30,uploads/pwd/PWD-TSK-17865.jpg,INC-20260612-9CDEEC
PWD-TSK-17902,PWD-INC-053701,PWD-WRD,PWD-OFF-015,Executive Engineer (V. Karthikeyan),"Attend sluice gate defect - Otteri Nullah Regulator, Basin Bridge",,2026-06-15T16:40:28+05:30,2026-06-29T00:00:00+05:30,Done,department,pwd_task,2026-06-19T10:37:54+05:30,2026-07-20T10:09:16+05:30,uploads/pwd/PWD-TSK-17902.jpg,INC-20260614-44BE24
PWD-TSK-17922,PWD-TSK-17922,PWD-BLD,PWD-OFF-004,Executive Engineer (G. Kalaiselvi),"Grievance - unsafe building condition, Govt Royapettah Hospital",,2026-06-16T10:38:58+05:30,2026-08-08T00:00:00+05:30,Done,department,pwd_task,2026-07-08T11:02:34+05:30,2026-07-13T12:10:44+05:30,uploads/pwd/PWD-TSK-17922.jpg,INC-20260616-A6EB5E
PWD-TSK-17923,PWD-TSK-17923,PWD-BLD,PWD-OFF-006,Executive Engineer (T. Rajendran),"Grievance - unsafe building condition, Govt Kilpauk Medical College Hospital",,2026-06-16T12:07:16+05:30,2026-07-16T00:00:00+05:30,Done,department,pwd_task,2026-07-19T10:52:21+05:30,2026-08-13T16:19:06+05:30,uploads/pwd/PWD-TSK-17923.jpg,INC-20260616-F95F81
PWD-TSK-17903,PWD-INC-053705,PWD-WRD,PWD-OFF-012,Executive Engineer (T. Sumathi),Remove encroachment on Adambakkam Lake at Adambakkam,,2026-06-16T15:58:48+05:30,2026-07-16T00:00:00+05:30,Done,department,pwd_task,2026-06-27T09:33:21+05:30,2026-07-13T11:24:28+05:30,uploads/pwd/PWD-TSK-17903.jpg,INC-20260614-95A926
PWD-TSK-17924,PWD-INC-053761,PWD-WRD,PWD-OFF-012,Executive Engineer (T. Sumathi),Remove encroachment on Adyar River - Estuary stretch at Santhome,,2026-06-17T10:08:28+05:30,2026-07-26T00:00:00+05:30,Done,department,pwd_task,2026-07-07T08:14:40+05:30,2026-07-13T11:16:54+05:30,uploads/pwd/PWD-TSK-17924.jpg,INC-20260615-83C847
PWD-TSK-17961,PWD-INC-053883,PWD-WRD,PWD-OFF-013,Executive Engineer (G. Selvi),Inspect damage to Basin Bridge,,2026-06-17T13:32:07+05:30,2026-08-11T00:00:00+05:30,Done,department,pwd_task,2026-08-02T14:14:17+05:30,2026-08-31T10:41:24+05:30,uploads/pwd/PWD-TSK-17961.jpg,INC-20260617-C2B293
PWD-TSK-17925,PWD-INC-053767,PWD-WRD,PWD-OFF-012,Executive Engineer (T. Sumathi),"Inspect damage to Maraimalai Adigal Bridge, Saidapet",,2026-06-17T13:36:04+05:30,2026-08-16T00:00:00+05:30,Done,department,pwd_task,2026-06-25T10:05:03+05:30,2026-07-20T10:11:50+05:30,uploads/pwd/PWD-TSK-17925.jpg,INC-20260615-448277
PWD-TSK-17941,PWD-TSK-17941,PWD-WRD,PWD-OFF-015,Executive Engineer (V. Karthikeyan),Petition: desilting of Buckingham Canal - Okkiyam stretch near Okkiyam Thoraipakkam,,2026-06-17T17:03:20+05:30,2026-06-26T00:00:00+05:30,Done,department,pwd_task,2026-07-09T09:46:51+05:30,2026-08-17T10:29:38+05:30,uploads/pwd/PWD-TSK-17941.jpg,INC-20260617-17B6F7
PWD-TSK-17926,PWD-INC-053766,PWD-WRD,PWD-OFF-013,Executive Engineer (G. Selvi),Clear choked Virugambakkam-Arumbakkam Canal at New Colony 2nd St,,2026-06-18T11:21:37+05:30,2026-06-27T00:00:00+05:30,Done,department,pwd_task,2026-07-01T11:16:35+05:30,2026-08-03T13:17:26+05:30,uploads/pwd/PWD-TSK-17926.jpg,INC-20260615-21D482
PWD-TSK-17942,PWD-INC-053823,PWD-BLD,PWD-OFF-004,Executive Engineer (G. Kalaiselvi),Structural inspection & repair - Ezhilagam Govt Office Complex,,2026-06-19T10:13:01+05:30,2026-08-13T00:00:00+05:30,Done,department,pwd_task,2026-07-23T18:22:47+05:30,2026-07-27T11:14:17+05:30,uploads/pwd/PWD-TSK-17942.jpg,INC-20260616-A6EB5E
PWD-TSK-17981,PWD-INC-053941,PWD-WRD,PWD-OFF-015,Executive Engineer (V. Karthikeyan),Repair parapet/deck of Manali Kosasthalaiyar Causeway,,2026-06-19T12:14:44+05:30,2026-08-12T00:00:00+05:30,Done,department,pwd_task,2026-08-04T15:53:27+05:30,2026-08-19T11:26:38+05:30,uploads/pwd/PWD-TSK-17981.jpg,INC-20260617-5581B4
PWD-TSK-17982,PWD-INC-053942,PWD-WRD,PWD-OFF-018,Assistant Executive Engineer (M. Gunasekaran),Desilt / clear blockage in Villivakkam Macro Drain near Villivakkam,,2026-06-19T12:39:19+05:30,2026-07-02T00:00:00+05:30,Done,department,pwd_task,2026-07-08T08:35:04+05:30,2026-07-13T10:13:34+05:30,uploads/pwd/PWD-TSK-17982.jpg,INC-20260618-BA0D4F
PWD-TSK-17962,PWD-INC-053885,PWD-BLD,PWD-OFF-004,Executive Engineer (G. Kalaiselvi),Structural inspection & repair - Sholinganallur Taluk Office,,2026-06-19T13:19:55+05:30,2026-08-03T00:00:00+05:30,Done,department,pwd_task,2026-07-10T16:38:01+05:30,2026-07-13T13:29:29+05:30,uploads/pwd/PWD-TSK-17962.jpg,INC-20260617-732539
PWD-TSK-17983,PWD-INC-053944,PWD-BLD,PWD-OFF-007,Executive Engineer (M. Sumathi),"Attend roof leak / cracks - Govt Hr Sec School, Ashok Nagar",,2026-06-19T15:09:58+05:30,2026-08-16T00:00:00+05:30,Done,department,pwd_task,2026-08-12T11:05:12+05:30,2026-08-17T11:11:03+05:30,uploads/pwd/PWD-TSK-17983.jpg,INC-20260618-F7E7B4
PWD-TSK-17963,PWD-INC-053881,PWD-WRD,PWD-OFF-020,Assistant Executive Engineer (S. Palanisamy),Remove encroachment on Cooum River - Koyambedu stretch at Koyambedu,,2026-06-19T16:31:55+05:30,2026-07-20T00:00:00+05:30,Done,department,pwd_task,2026-08-07T09:03:56+05:30,2026-08-11T10:04:51+05:30,uploads/pwd/PWD-TSK-17963.jpg,INC-20260617-725E1D
PWD-TSK-18021,PWD-INC-054067,PWD-WRD,PWD-OFF-020,Assistant Executive Engineer (S. Palanisamy),Remove encroachment on Veerangal Odai at Velachery,,2026-06-22T10:26:36+05:30,2026-08-12T00:00:00+05:30,Done,department,pwd_task,2026-09-09T17:02:39+05:30,,uploads/pwd/PWD-TSK-18021.jpg,INC-20260620-C5FE74
PWD-TSK-17964,PWD-INC-053889,PWD-WRD,PWD-OFF-017,Assistant Executive Engineer (V. Meenakshi),Clear choked Mambalam Canal Macro Drain at Ambedkar St,,2026-06-22T11:12:45+05:30,2026-07-02T00:00:00+05:30,Done,department,pwd_task,2026-06-24T12:33:40+05:30,2026-06-25T11:57:48+05:30,uploads/pwd/PWD-TSK-17964.jpg,INC-20260617-DE941E
PWD-TSK-18041,PWD-INC-054122,PWD-WRD,PWD-OFF-016,Assistant Executive Engineer (S. Karthikeyan),"Remove collapsed wall debris near Ambedkar St, Villivakkam",,2026-06-22T11:25:19+05:30,2026-07-04T00:00:00+05:30,Done,department,pwd_task,2026-07-05T11:48:54+05:30,2026-07-08T11:27:04+05:30,uploads/pwd/PWD-TSK-18041.jpg,INC-20260621-0BDB15
PWD-TSK-18022,PWD-INC-054065,PWD-WRD,PWD-OFF-016,Assistant Executive Engineer (S. Karthikeyan),Clear choked Veerangal Odai at Ganesh Nagar 1st St,,2026-06-22T11:27:42+05:30,2026-07-10T00:00:00+05:30,Done,department,pwd_task,2026-08-01T17:42:03+05:30,2026-08-11T10:08:59+05:30,uploads/pwd/PWD-TSK-18022.jpg,INC-20260620-5CDD5A
PWD-TSK-17965,PWD-INC-053884,PWD-WRD,PWD-OFF-016,Assistant Executive Engineer (S. Karthikeyan),Survey & evict encroachment - Madhavaram Lake,,2026-06-22T11:41:10+05:30,2026-08-02T00:00:00+05:30,Done,department,pwd_task,2026-08-16T11:24:01+05:30,2026-09-01T11:12:02+05:30,uploads/pwd/PWD-TSK-17965.jpg,INC-20260617-DE2022
PWD-TSK-17966,PWD-INC-053888,PWD-BLD,PWD-OFF-007,Executive Engineer (M. Sumathi),"Structural inspection & repair - Govt Girls Hr Sec School, Ambattur",,2026-06-22T11:53:45+05:30,2026-08-08T00:00:00+05:30,Done,department,pwd_task,2026-08-24T14:18:49+05:30,2026-08-26T07:37:46+05:30,uploads/pwd/PWD-TSK-17966.jpg,INC-20260617-BF7681
PWD-TSK-18042,PWD-INC-054121,PWD-WRD,PWD-OFF-020,Assistant Executive Engineer (S. Palanisamy),Remove encroachment on Chetpet Lake at Chetpet,,2026-06-22T13:19:55+05:30,2026-07-22T00:00:00+05:30,Done,department,pwd_task,2026-07-20T10:55:09+05:30,2026-07-23T11:41:01+05:30,uploads/pwd/PWD-TSK-18042.jpg,INC-20260621-FE78CB
PWD-TSK-18043,PWD-INC-054123,PWD-WRD,PWD-OFF-020,Assistant Executive Engineer (S. Palanisamy),Survey & evict encroachment - Buckingham Canal - Okkiyam stretch,,2026-06-22T16:09:46+05:30,2026-08-08T00:00:00+05:30,Done,department,pwd_task,2026-07-29T08:32:49+05:30,2026-08-03T15:46:16+05:30,uploads/pwd/PWD-TSK-18043.jpg,INC-20260621-0616B1
PWD-TSK-18061,PWD-INC-054183,PWD-BLD,PWD-OFF-004,Executive Engineer (G. Kalaiselvi),"Structural inspection & repair - Govt Hr Sec School, Ashok Nagar",,2026-06-22T16:57:37+05:30,2026-08-06T00:00:00+05:30,Done,department,pwd_task,2026-09-11T09:56:31+05:30,2026-09-18T12:20:36+05:30,uploads/pwd/PWD-TSK-18061.jpg,INC-20260622-9F57F5
PWD-TSK-18062,PWD-INC-054186,PWD-WRD,PWD-OFF-013,Executive Engineer (G. Selvi),"Attend sluice gate defect - Otteri Nullah Regulator, Basin Bridge",,2026-06-23T12:38:44+05:30,2026-07-07T00:00:00+05:30,Done,department,pwd_task,2026-06-28T11:27:25+05:30,2026-07-06T10:15:24+05:30,uploads/pwd/PWD-TSK-18062.jpg,INC-20260620-13AEA3
PWD-TSK-18063,PWD-INC-054182,PWD-BLD,PWD-OFF-009,Assistant Executive Engineer (M. Nandhini),Structural inspection & repair - Govt Kilpauk Medical College Hospital,,2026-06-23T12:49:05+05:30,2026-07-28T00:00:00+05:30,Done,department,pwd_task,2026-07-14T12:22:25+05:30,2026-08-18T15:54:47+05:30,uploads/pwd/PWD-TSK-18063.jpg,INC-20260622-A60048
PWD-TSK-18064,PWD-TSK-18064,PWD-WRD,PWD-OFF-012,Executive Engineer (T. Sumathi),Petition: strengthen weak bund of Velachery Lake,,2026-06-23T16:20:29+05:30,2026-08-21T00:00:00+05:30,Done,department,pwd_task,2026-08-04T17:14:00+05:30,2026-08-17T11:21:08+05:30,uploads/pwd/PWD-TSK-18064.jpg,INC-20260623-226C4A
PWD-TSK-18065,PWD-INC-054189,PWD-WRD,PWD-OFF-013,Executive Engineer (G. Selvi),Desilt / clear blockage in Buckingham Canal - Basin Bridge stretch near Pulianthope,,2026-06-23T17:46:57+05:30,2026-07-06T00:00:00+05:30,Done,department,pwd_task,2026-07-24T08:27:31+05:30,2026-08-03T10:15:54+05:30,uploads/pwd/PWD-TSK-18065.jpg,INC-20260622-DB08BA
PWD-TSK-18081,PWD-INC-054243,PWD-WRD,PWD-OFF-017,Assistant Executive Engineer (V. Meenakshi),Clear debris & rebuild wall - Saidapet,,2026-06-23T17:52:37+05:30,2026-07-13T00:00:00+05:30,Done,department,pwd_task,2026-06-25T18:03:00+05:30,2026-06-29T12:07:22+05:30,uploads/pwd/PWD-TSK-18081.jpg,INC-20260623-4F0980
PWD-TSK-18082,PWD-INC-054245,PWD-WRD,PWD-OFF-013,Executive Engineer (G. Selvi),"Pump out stagnant water - Jeevan Nagar 2nd St, Anna Nagar",,2026-06-24T10:22:07+05:30,2026-06-25T00:00:00+05:30,Done,department,pwd_task,2026-07-14T11:25:01+05:30,2026-08-12T10:56:50+05:30,uploads/pwd/PWD-TSK-18082.jpg,INC-20260623-E7C3B4
PWD-TSK-18101,PWD-INC-054308,PWD-WRD,PWD-OFF-015,Executive Engineer (V. Karthikeyan),Clear debris & rebuild wall - Vyasarpadi,,2026-06-24T20:09:53+05:30,2026-07-15T00:00:00+05:30,Done,department,pwd_task,2026-07-02T10:33:46+05:30,2026-07-07T12:07:32+05:30,uploads/pwd/PWD-TSK-18101.jpg,INC-20260624-F5B047
PWD-TSK-18102,PWD-TSK-18102,PWD-WRD,PWD-OFF-016,Assistant Executive Engineer (S. Karthikeyan),Petition: remove water hyacinth in Palavanthangal Lake,,2026-06-25T10:30:19+05:30,2026-07-15T00:00:00+05:30,Done,department,pwd_task,2026-09-02T11:06:04+05:30,2026-09-07T11:32:57+05:30,uploads/pwd/PWD-TSK-18102.jpg,INC-20260625-A225E0
PWD-TSK-18103,PWD-INC-054310,PWD-WRD,PWD-OFF-020,Assistant Executive Engineer (S. Palanisamy),Survey & evict encroachment - Mogappair Eri,,2026-06-25T13:39:12+05:30,2026-07-28T00:00:00+05:30,Done,department,pwd_task,2026-08-12T12:34:22+05:30,2026-09-07T12:08:28+05:30,uploads/pwd/PWD-TSK-18103.jpg,INC-20260624-CAFE58
PWD-TSK-18104,PWD-INC-054311,PWD-WRD,PWD-OFF-016,Assistant Executive Engineer (S. Karthikeyan),Deploy pumpset & drain water - Mathur,,2026-06-25T14:58:39+05:30,2026-06-28T00:00:00+05:30,Done,department,pwd_task,2026-06-28T11:52:13+05:30,2026-07-06T12:38:06+05:30,uploads/pwd/PWD-TSK-18104.jpg,INC-20260624-2DC30F
PWD-TSK-18121,PWD-INC-054362,PWD-WRD,PWD-OFF-019,Executive Engineer (S. Prabhakaran),Deploy pumpset & drain water - Ambattur Industrial Estate,,2026-06-25T16:55:54+05:30,2026-06-28T00:00:00+05:30,Done,department,pwd_task,2026-06-28T09:50:44+05:30,2026-07-10T11:43:37+05:30,uploads/pwd/PWD-TSK-18121.jpg,INC-20260625-CA135D
PWD-TSK-18122,PWD-INC-054368,PWD-BLD,PWD-OFF-010,Assistant Executive Engineer (G. Anbalagan),Attend roof leak / cracks - Govt Stanley Hospital - OP Block,,2026-06-29T10:11:12+05:30,2026-08-20T00:00:00+05:30,Done,department,pwd_task,2026-08-24T09:11:22+05:30,2026-08-25T11:11:33+05:30,uploads/pwd/PWD-TSK-18122.jpg,INC-20260625-E20BDC
PWD-TSK-18105,PWD-TSK-18105,PWD-WRD,PWD-OFF-014,Executive Engineer (V. Gunasekaran),"Grievance - seepage through Korattur Lake bund, Korattur",,2026-06-29T11:09:13+05:30,2026-08-20T00:00:00+05:30,Done,department,pwd_task,2026-07-22T11:14:25+05:30,2026-07-27T11:04:14+05:30,uploads/pwd/PWD-TSK-18105.jpg,INC-20260629-1E1A3D
PWD-TSK-18083,PWD-TSK-18083,PWD-WRD,PWD-OFF-015,Executive Engineer (V. Karthikeyan),Petition: strengthen weak bund of Kolathur Lake,,2026-06-29T12:09:17+05:30,2026-08-27T00:00:00+05:30,Done,department,pwd_task,2026-07-11T14:06:06+05:30,2026-08-10T12:06:13+05:30,uploads/pwd/PWD-TSK-18083.jpg,INC-20260629-1D1F8C
PWD-TSK-18123,PWD-INC-054364,PWD-WRD,PWD-OFF-015,Executive Engineer (V. Karthikeyan),Clear waterlogging at Pallikaranai (Main Rd),,2026-06-29T13:05:07+05:30,2026-07-01T00:00:00+05:30,Done,department,pwd_task,2026-07-25T11:19:29+05:30,2026-07-31T10:52:01+05:30,uploads/pwd/PWD-TSK-18123.jpg,INC-20260625-E22287
PWD-TSK-18124,PWD-INC-054363,PWD-WRD,PWD-OFF-020,Assistant Executive Engineer (S. Palanisamy),Remove encroachment on Otteri Nullah - Kilpauk stretch at Kilpauk,,2026-06-29T14:39:51+05:30,2026-08-02T00:00:00+05:30,Done,department,pwd_task,2026-07-03T10:15:22+05:30,2026-07-23T11:37:49+05:30,uploads/pwd/PWD-TSK-18124.jpg,INC-20260625-FDCF36
PWD-TSK-18221,PWD-INC-054662,PWD-WRD,PWD-OFF-013,Executive Engineer (G. Selvi),"Pump out stagnant water - Kannadasan St, Nolambur",,2026-06-30T10:56:59+05:30,2026-07-02T00:00:00+05:30,Done,department,pwd_task,2026-07-04T08:29:06+05:30,2026-07-08T15:13:16+05:30,uploads/pwd/PWD-TSK-18221.jpg,INC-20260630-26F97D
PWD-TSK-18201,PWD-INC-054605,PWD-BLD,PWD-OFF-003,Executive Engineer (J. Bharathi),"Attend roof leak / cracks - Collectorate Building, Rajaji Salai",,2026-06-30T16:36:00+05:30,2026-08-12T00:00:00+05:30,Done,department,pwd_task,2026-09-11T09:54:41+05:30,2026-09-15T10:46:30+05:30,uploads/pwd/PWD-TSK-18201.jpg,INC-20260629-6B6DE6
PWD-TSK-18202,PWD-TSK-18202,PWD-WRD,PWD-OFF-014,Executive Engineer (V. Gunasekaran),Petition: remove water hyacinth in Ambattur Lake,,2026-06-30T18:09:58+05:30,2026-07-16T00:00:00+05:30,Done,department,pwd_task,2026-08-14T14:40:34+05:30,2026-08-17T11:35:24+05:30,uploads/pwd/PWD-TSK-18202.jpg,INC-20260630-6B7460
PWD-TSK-18203,PWD-INC-054602,PWD-WRD,PWD-OFF-015,Executive Engineer (V. Karthikeyan),Remove encroachment on Kodungaiyur Canal at Kodungaiyur,,2026-07-01T13:51:58+05:30,2026-08-26T00:00:00+05:30,Done,department,pwd_task,2026-08-04T13:36:32+05:30,2026-09-15T12:44:54+05:30,uploads/pwd/PWD-TSK-18203.jpg,INC-20260629-9EBBAC
PWD-TSK-18222,PWD-TSK-18222,PWD-BLD,PWD-OFF-009,Assistant Executive Engineer (M. Nandhini),"Grievance - unsafe building condition, Institute of Child Health, Egmore",,2026-07-01T15:03:28+05:30,2026-08-10T00:00:00+05:30,Done,department,pwd_task,2026-09-15T08:10:20+05:30,2026-09-24T10:01:17+05:30,uploads/pwd/PWD-TSK-18222.jpg,INC-20260701-4022C5
PWD-TSK-18241,PWD-INC-054725,PWD-WRD,PWD-OFF-015,Executive Engineer (V. Karthikeyan),"Remove collapsed wall debris near West St, Okkiyam Thoraipakkam",,2026-07-01T17:19:15+05:30,2026-07-22T00:00:00+05:30,Done,department,pwd_task,2026-07-24T09:51:26+05:30,2026-08-03T10:05:31+05:30,uploads/pwd/PWD-TSK-18241.jpg,INC-20260701-7A2675
PWD-TSK-18242,PWD-INC-054724,PWD-WRD,PWD-OFF-020,Assistant Executive Engineer (S. Palanisamy),Remove encroachment on Buckingham Canal - Okkiyam stretch at Okkiyam Thoraipakkam,,2026-07-02T10:02:00+05:30,2026-08-09T00:00:00+05:30,Done,department,pwd_task,2026-07-25T08:03:46+05:30,2026-07-28T14:40:10+05:30,uploads/pwd/PWD-TSK-18242.jpg,INC-20260701-8F7071
PWD-TSK-18204,PWD-TSK-18204,PWD-BLD,PWD-OFF-004,Executive Engineer (G. Kalaiselvi),"Grievance - unsafe building condition, Govt Peripheral Hospital, K.K. Nagar",,2026-07-02T10:04:15+05:30,2026-08-05T00:00:00+05:30,Done,department,pwd_task,2026-08-14T11:08:06+05:30,2026-09-21T10:37:43+05:30,uploads/pwd/PWD-TSK-18204.jpg,INC-20260702-DB7BE3
PWD-TSK-18243,PWD-INC-054723,PWD-WRD,PWD-OFF-012,Executive Engineer (T. Sumathi),Attend sluice gate defect - Adambakkam Lake Sluice,,2026-07-03T10:28:43+05:30,2026-07-27T00:00:00+05:30,Done,department,pwd_task,2026-07-27T12:10:32+05:30,2026-09-07T10:57:15+05:30,uploads/pwd/PWD-TSK-18243.jpg,INC-20260701-885180
PWD-TSK-18244,PWD-INC-054726,PWD-BLD,PWD-OFF-006,Executive Engineer (T. Rajendran),Structural inspection & repair - Govt Royapettah Hospital,,2026-07-03T11:56:56+05:30,2026-08-30T00:00:00+05:30,Done,department,pwd_task,2026-08-20T10:20:20+05:30,2026-08-27T16:10:06+05:30,uploads/pwd/PWD-TSK-18244.jpg,INC-20260701-445C53
PWD-TSK-18261,PWD-TSK-18261,PWD-WRD,PWD-OFF-012,Executive Engineer (T. Sumathi),Grievance - illegal construction in Buckingham Canal - Mandaveli stretch,,2026-07-03T15:09:54+05:30,2026-08-15T00:00:00+05:30,Done,department,pwd_task,2026-08-20T11:09:57+05:30,2026-08-26T13:50:00+05:30,uploads/pwd/PWD-TSK-18261.jpg,INC-20260703-09EC28
PWD-TSK-18281,PWD-INC-054844,PWD-WRD,PWD-OFF-016,Assistant Executive Engineer (S. Karthikeyan),Attend sluice gate defect - Adambakkam Lake Sluice,,2026-07-05T08:33:38+05:30,2026-07-26T00:00:00+05:30,Done,department,pwd_task,2026-08-17T09:38:49+05:30,2026-09-08T13:51:52+05:30,uploads/pwd/PWD-TSK-18281.jpg,INC-20260703-FA5BD4
PWD-TSK-18282,PWD-INC-054846,PWD-BLD,PWD-OFF-007,Executive Engineer (M. Sumathi),Structural inspection & repair - Govt Kilpauk Medical College Hospital,,2026-07-06T10:03:44+05:30,2026-08-22T00:00:00+05:30,Done,department,pwd_task,2026-09-19T11:33:22+05:30,2026-09-22T14:44:41+05:30,uploads/pwd/PWD-TSK-18282.jpg,INC-20260703-60A93B
PWD-TSK-18301,PWD-INC-054905,PWD-WRD,PWD-OFF-017,Assistant Executive Engineer (V. Meenakshi),"Pump out stagnant water - Sathya Nagar 2nd St, Guindy Industrial Estate",,2026-07-06T10:11:28+05:30,2026-07-08T00:00:00+05:30,Done,department,pwd_task,2026-07-09T11:23:01+05:30,2026-07-13T10:02:32+05:30,uploads/pwd/PWD-TSK-18301.jpg,INC-20260704-A5AD8B
PWD-TSK-18262,PWD-TSK-18262,PWD-WRD,PWD-OFF-020,Assistant Executive Engineer (S. Palanisamy),Grievance - illegal construction in Captain Cotton Canal - Vyasarpadi stretch,,2026-07-06T10:13:57+05:30,2026-08-24T00:00:00+05:30,Done,department,pwd_task,2026-08-22T10:51:45+05:30,2026-08-24T10:16:06+05:30,uploads/pwd/PWD-TSK-18262.jpg,INC-20260706-B0EB54
PWD-TSK-18283,PWD-INC-054841,PWD-WRD,PWD-OFF-020,Assistant Executive Engineer (S. Palanisamy),Remove encroachment on Anna Nagar Macro Drain at Anna Nagar,,2026-07-06T11:45:39+05:30,2026-08-14T00:00:00+05:30,Done,department,pwd_task,2026-08-02T10:24:25+05:30,2026-09-07T10:11:59+05:30,uploads/pwd/PWD-TSK-18283.jpg,INC-20260703-942FD5
PWD-TSK-18302,PWD-INC-054901,PWD-BLD,PWD-OFF-004,Executive Engineer (G. Kalaiselvi),Attend roof leak / cracks - Ezhilagam Govt Office Complex,,2026-07-06T12:12:44+05:30,2026-08-12T00:00:00+05:30,Done,department,pwd_task,2026-08-03T09:30:10+05:30,2026-08-10T11:13:02+05:30,uploads/pwd/PWD-TSK-18302.jpg,INC-20260704-8BD793
PWD-TSK-18284,PWD-INC-054848,PWD-WRD,PWD-OFF-018,Assistant Executive Engineer (M. Gunasekaran),Clear waterlogging at Perambur (3rd Cross St),,2026-07-06T13:45:46+05:30,2026-07-07T00:00:00+05:30,Done,department,pwd_task,2026-07-30T08:07:09+05:30,2026-08-25T11:03:45+05:30,uploads/pwd/PWD-TSK-18284.jpg,INC-20260703-61B5AC
PWD-TSK-18303,PWD-INC-054906,PWD-WRD,PWD-OFF-017,Assistant Executive Engineer (V. Meenakshi),"Inspect damage to Thiru. Vi. Ka. Bridge, Adyar",,2026-07-06T15:39:48+05:30,2026-08-30T00:00:00+05:30,Done,department,pwd_task,2026-07-19T09:45:35+05:30,2026-08-10T11:18:42+05:30,uploads/pwd/PWD-TSK-18303.jpg,INC-20260704-53BBD0
PWD-TSK-18263,PWD-INC-054782,PWD-WRD,PWD-OFF-016,Assistant Executive Engineer (S. Karthikeyan),Remove encroachment on Adambakkam Lake at Adambakkam,,2026-07-06T17:20:23+05:30,2026-08-12T00:00:00+05:30,Done,department,pwd_task,2026-07-29T15:33:00+05:30,2026-08-13T16:29:10+05:30,uploads/pwd/PWD-TSK-18263.jpg,INC-20260702-93DD9D
PWD-TSK-18321,PWD-INC-054964,PWD-WRD,PWD-OFF-014,Executive Engineer (V. Gunasekaran),Attend sluice gate defect - Ambattur Lake Sluice,,2026-07-06T17:39:48+05:30,2026-07-29T00:00:00+05:30,Done,department,pwd_task,2026-09-21T11:29:21+05:30,2026-09-28T13:00:59+05:30,uploads/pwd/PWD-TSK-18321.jpg,INC-20260705-55BB43
PWD-TSK-18304,PWD-INC-054904,PWD-WRD,PWD-OFF-016,Assistant Executive Engineer (S. Karthikeyan),Repair shutter of Ambattur Lake Sluice,,2026-07-07T10:35:43+05:30,2026-07-24T00:00:00+05:30,Done,department,pwd_task,2026-07-15T10:20:19+05:30,2026-07-21T16:19:49+05:30,uploads/pwd/PWD-TSK-18304.jpg,INC-20260704-365D42
PWD-TSK-18322,PWD-INC-054963,PWD-BLD,PWD-OFF-007,Executive Engineer (M. Sumathi),"Attend roof leak / cracks - Govt Girls Hr Sec School, Ambattur",,2026-07-07T11:28:32+05:30,2026-09-02T00:00:00+05:30,Done,department,pwd_task,2026-07-15T10:08:46+05:30,2026-07-23T10:28:32+05:30,uploads/pwd/PWD-TSK-18322.jpg,INC-20260705-31B7BC
PWD-TSK-18361,PWD-INC-055081,PWD-WRD,PWD-OFF-020,Assistant Executive Engineer (S. Palanisamy),Survey & evict encroachment - Buckingham Canal - Korukkupet stretch,,2026-07-07T11:32:08+05:30,2026-09-02T00:00:00+05:30,Done,department,pwd_task,2026-09-11T12:18:29+05:30,,uploads/pwd/PWD-TSK-18361.jpg,INC-20260707-D1E68D
PWD-TSK-18341,PWD-INC-055023,PWD-WRD,PWD-OFF-013,Executive Engineer (G. Selvi),Desilt / clear blockage in Anna Nagar Macro Drain near Anna Nagar,,2026-07-07T12:15:03+05:30,2026-07-18T00:00:00+05:30,Done,department,pwd_task,2026-07-16T12:28:32+05:30,2026-08-04T10:05:25+05:30,uploads/pwd/PWD-TSK-18341.jpg,INC-20260706-BB4914
PWD-TSK-18362,PWD-INC-055083,PWD-WRD,PWD-OFF-018,Assistant Executive Engineer (M. Gunasekaran),Sandbag bank of Villivakkam Macro Drain near Villivakkam,,2026-07-08T11:33:33+05:30,2026-07-13T00:00:00+05:30,Done,department,pwd_task,2026-07-11T10:17:00+05:30,2026-07-17T11:04:34+05:30,uploads/pwd/PWD-TSK-18362.jpg,INC-20260707-13F734
PWD-TSK-18401,PWD-INC-055206,PWD-WRD,PWD-OFF-019,Executive Engineer (S. Prabhakaran),Clear waterlogging at Guindy Industrial Estate (Sannathi St),,2026-07-09T09:59:12+05:30,2026-07-11T00:00:00+05:30,Done,department,pwd_task,2026-08-09T17:57:17+05:30,2026-08-17T10:23:27+05:30,uploads/pwd/PWD-TSK-18401.jpg,INC-20260709-28AFFC
PWD-TSK-18402,PWD-INC-055201,PWD-WRD,PWD-OFF-012,Executive Engineer (T. Sumathi),"Emergency closure of breach - Adambakkam Lake, Adambakkam",,2026-07-09T10:14:26+05:30,2026-07-10T00:00:00+05:30,Done,department,pwd_task,2026-08-11T09:29:53+05:30,2026-08-19T21:16:06+05:30,uploads/pwd/PWD-TSK-18402.jpg,INC-20260709-311285
PWD-TSK-18342,PWD-INC-055021,PWD-BLD,PWD-OFF-006,Executive Engineer (T. Rajendran),"Structural inspection & repair - Institute of Child Health, Egmore",,2026-07-09T10:16:28+05:30,2026-08-27T00:00:00+05:30,Done,department,pwd_task,2026-09-04T10:16:51+05:30,2026-09-11T13:55:13+05:30,uploads/pwd/PWD-TSK-18342.jpg,INC-20260706-9950F9
PWD-TSK-18381,PWD-INC-055151,PWD-WRD,PWD-OFF-013,Executive Engineer (G. Selvi),Sandbag bank of Buckingham Canal - Basin Bridge stretch near Pulianthope,,2026-07-09T10:23:30+05:30,2026-07-12T00:00:00+05:30,Done,department,pwd_task,2026-07-15T12:23:40+05:30,2026-07-20T12:14:01+05:30,uploads/pwd/PWD-TSK-18381.jpg,INC-20260708-88E832
PWD-TSK-18382,PWD-INC-055147,PWD-WRD,PWD-OFF-013,Executive Engineer (G. Selvi),"Pump out stagnant water - Jeevan Nagar 2nd St, Anna Nagar",,2026-07-09T10:33:14+05:30,2026-07-12T00:00:00+05:30,Done,department,pwd_task,2026-07-11T17:08:15+05:30,2026-07-13T10:16:00+05:30,uploads/pwd/PWD-TSK-18382.jpg,INC-20260708-D6CC14
PWD-TSK-18403,PWD-INC-055214,PWD-WRD,PWD-OFF-019,Executive Engineer (S. Prabhakaran),Deploy pumpset & drain water - Saidapet,,2026-07-09T11:34:01+05:30,2026-07-12T00:00:00+05:30,Done,department,pwd_task,2026-07-12T09:04:59+05:30,2026-07-31T11:55:04+05:30,uploads/pwd/PWD-TSK-18403.jpg,INC-20260709-0C5449
PWD-TSK-18404,PWD-INC-055215,PWD-WRD,PWD-OFF-016,Assistant Executive Engineer (S. Karthikeyan),Deploy pumpset & drain water - St. Thomas Mount,,2026-07-09T12:03:01+05:30,2026-07-11T00:00:00+05:30,Done,department,pwd_task,2026-08-12T15:51:23+05:30,2026-09-09T14:42:40+05:30,uploads/pwd/PWD-TSK-18404.jpg,INC-20260709-BBAB14
PWD-TSK-18405,PWD-INC-055219,PWD-WRD,PWD-OFF-015,Executive Engineer (V. Karthikeyan),"Remove collapsed wall debris near Jeevan Nagar 2nd St, Kilpauk",,2026-07-09T15:31:48+05:30,2026-07-18T00:00:00+05:30,Done,department,pwd_task,2026-07-20T09:18:24+05:30,2026-07-23T12:48:04+05:30,uploads/pwd/PWD-TSK-18405.jpg,INC-20260709-0DA41B
PWD-TSK-18406,PWD-INC-055222,PWD-WRD,PWD-OFF-013,Executive Engineer (G. Selvi),Inspect damage to Aminjikarai Cooum Bridge,,2026-07-09T21:30:17+05:30,2026-08-24T00:00:00+05:30,Done,department,pwd_task,2026-08-15T08:48:02+05:30,2026-08-17T13:50:28+05:30,uploads/pwd/PWD-TSK-18406.jpg,INC-20260709-132A38
PWD-TSK-18407,PWD-TSK-18407,PWD-WRD,PWD-OFF-015,Executive Engineer (V. Karthikeyan),"Grievance - silt & garbage in Buckingham Canal - Ennore stretch, Ennore",,2026-07-10T11:48:38+05:30,2026-07-20T00:00:00+05:30,Done,department,pwd_task,2026-07-21T11:52:08+05:30,2026-07-24T13:07:11+05:30,uploads/pwd/PWD-TSK-18407.jpg,INC-20260710-53F9AF
PWD-TSK-18383,PWD-INC-055142,PWD-WRD,PWD-OFF-017,Assistant Executive Engineer (V. Meenakshi),Desilt / clear blockage in Buckingham Canal - Mandaveli stretch near Mandaveli,,2026-07-10T12:25:01+05:30,2026-07-17T00:00:00+05:30,Done,department,pwd_task,2026-07-23T08:03:19+05:30,2026-08-21T11:07:19+05:30,uploads/pwd/PWD-TSK-18383.jpg,INC-20260708-CC81D9
PWD-TSK-18408,PWD-INC-055231,PWD-WRD,PWD-OFF-020,Assistant Executive Engineer (S. Palanisamy),Remove encroachment on Kosasthalaiyar River - Manali stretch at Manali,,2026-07-10T15:58:18+05:30,2026-08-16T00:00:00+05:30,Done,department,pwd_task,2026-08-26T12:16:04+05:30,2026-09-22T13:33:53+05:30,uploads/pwd/PWD-TSK-18408.jpg,INC-20260709-FD0DFC
PWD-TSK-18421,PWD-TSK-18421,PWD-WRD,PWD-OFF-016,Assistant Executive Engineer (S. Karthikeyan),Petition: Adambakkam Lake Sluice shutter not closing properly,,2026-07-13T10:01:35+05:30,2026-07-31T00:00:00+05:30,Done,department,pwd_task,2026-07-21T12:06:17+05:30,2026-08-31T12:55:17+05:30,uploads/pwd/PWD-TSK-18421.jpg,INC-20260713-2EC5B8
PWD-TSK-18409,PWD-INC-055227,PWD-WRD,PWD-OFF-016,Assistant Executive Engineer (S. Karthikeyan),Clear choked Buckingham Canal - Okkiyam stretch at New Colony 2nd St,,2026-07-13T10:08:29+05:30,2026-07-29T00:00:00+05:30,Done,department,pwd_task,2026-08-25T13:39:52+05:30,2026-09-01T12:22:16+05:30,uploads/pwd/PWD-TSK-18409.jpg,INC-20260709-4E5839
PWD-TSK-18410,PWD-INC-055230,PWD-WRD,PWD-OFF-015,Executive Engineer (V. Karthikeyan),Remove encroachment on Buckingham Canal - Korukkupet stretch at Korukkupet,,2026-07-13T10:14:09+05:30,2026-09-09T00:00:00+05:30,Done,department,pwd_task,2026-09-07T15:30:15+05:30,2026-09-23T10:49:00+05:30,uploads/pwd/PWD-TSK-18410.jpg,INC-20260709-BF8527
PWD-TSK-18461,PWD-TSK-18461,PWD-BLD,PWD-OFF-004,Executive Engineer (G. Kalaiselvi),"Grievance - unsafe building condition, Ezhilagam Govt Office Complex",,2026-07-13T10:20:37+05:30,2026-08-12T00:00:00+05:30,Done,department,pwd_task,2026-07-29T12:34:53+05:30,2026-08-03T10:17:02+05:30,uploads/pwd/PWD-TSK-18461.jpg,INC-20260713-AD97FE
PWD-TSK-18411,PWD-INC-055209,PWD-WRD,PWD-OFF-017,Assistant Executive Engineer (V. Meenakshi),Survey & evict encroachment - Adyar River - Jafferkhanpet stretch,,2026-07-13T12:45:32+05:30,2026-08-31T00:00:00+05:30,Done,department,pwd_task,2026-08-17T11:25:54+05:30,2026-08-19T15:00:13+05:30,uploads/pwd/PWD-TSK-18411.jpg,INC-20260709-B69FE1
PWD-TSK-18412,PWD-INC-055228,PWD-BLD,PWD-OFF-006,Executive Engineer (T. Rajendran),"Attend roof leak / cracks - Institute of Child Health, Egmore",,2026-07-13T14:39:49+05:30,2026-08-28T00:00:00+05:30,Done,department,pwd_task,2026-07-20T15:13:34+05:30,2026-07-22T10:39:06+05:30,uploads/pwd/PWD-TSK-18412.jpg,INC-20260709-41F6CC
PWD-TSK-18441,PWD-INC-055324,PWD-BLD,PWD-OFF-007,Executive Engineer (M. Sumathi),Structural inspection & repair - Govt Kilpauk Medical College Hospital,,2026-07-13T15:46:55+05:30,2026-08-22T00:00:00+05:30,Done,department,pwd_task,2026-07-31T16:09:25+05:30,2026-08-11T11:33:22+05:30,uploads/pwd/PWD-TSK-18441.jpg,INC-20260711-FCAF2F
PWD-TSK-18481,PWD-INC-055447,PWD-WRD,PWD-OFF-016,Assistant Executive Engineer (S. Karthikeyan),Clear debris & rebuild wall - Velachery,,2026-07-14T11:44:40+05:30,2026-08-01T00:00:00+05:30,Done,department,pwd_task,2026-07-19T08:08:04+05:30,2026-08-24T18:14:16+05:30,uploads/pwd/PWD-TSK-18481.jpg,INC-20260713-A0E3D1
PWD-TSK-18482,PWD-INC-055445,PWD-WRD,PWD-OFF-012,Executive Engineer (T. Sumathi),Repair shutter of Adambakkam Lake Sluice,,2026-07-14T13:30:19+05:30,2026-07-28T00:00:00+05:30,Done,department,pwd_task,2026-09-01T09:27:33+05:30,2026-09-10T10:01:57+05:30,uploads/pwd/PWD-TSK-18482.jpg,INC-20260713-2EC5B8
PWD-TSK-18462,PWD-INC-055383,PWD-WRD,PWD-OFF-015,Executive Engineer (V. Karthikeyan),Repair parapet/deck of Basin Bridge,,2026-07-14T15:06:05+05:30,2026-09-09T00:00:00+05:30,Done,department,pwd_task,2026-08-09T11:07:16+05:30,2026-08-21T10:35:31+05:30,uploads/pwd/PWD-TSK-18462.jpg,INC-20260712-1E245A
PWD-TSK-18501,PWD-INC-055501,PWD-BLD,PWD-OFF-007,Executive Engineer (M. Sumathi),Structural inspection & repair - Govt Kilpauk Medical College Hospital,,2026-07-15T10:06:12+05:30,2026-08-26T00:00:00+05:30,Done,department,pwd_task,2026-09-09T11:02:37+05:30,2026-09-15T10:20:15+05:30,uploads/pwd/PWD-TSK-18501.jpg,INC-20260714-2BA2CC
PWD-TSK-18483,PWD-TSK-18483,PWD-WRD,PWD-OFF-020,Assistant Executive Engineer (S. Palanisamy),"Petition: remove encroachment on Virugambakkam-Arumbakkam Canal, Virugambakkam",,2026-07-15T10:20:06+05:30,2026-08-24T00:00:00+05:30,Done,department,pwd_task,2026-08-10T11:45:38+05:30,2026-08-11T16:03:07+05:30,uploads/pwd/PWD-TSK-18483.jpg,INC-20260715-425D3D
PWD-TSK-18502,PWD-INC-055502,PWD-WRD,PWD-OFF-012,Executive Engineer (T. Sumathi),Inspect damage to Napier Bridge,,2026-07-15T10:37:51+05:30,2026-08-22T00:00:00+05:30,Done,department,pwd_task,2026-08-06T12:21:20+05:30,2026-08-10T11:04:21+05:30,uploads/pwd/PWD-TSK-18502.jpg,INC-20260714-37DC2B
PWD-TSK-18503,PWD-TSK-18503,PWD-WRD,PWD-OFF-016,Assistant Executive Engineer (S. Karthikeyan),Petition: desilting of Nanganallur Macro Drain near Nanganallur,,2026-07-15T10:59:49+05:30,2026-07-29T00:00:00+05:30,Done,department,pwd_task,2026-07-21T14:47:46+05:30,2026-07-27T10:36:26+05:30,uploads/pwd/PWD-TSK-18503.jpg,INC-20260715-2C3D4A
PWD-TSK-18521,PWD-INC-055563,PWD-WRD,PWD-OFF-015,Executive Engineer (V. Karthikeyan),Clear debris & rebuild wall - Pulianthope,,2026-07-15T15:03:06+05:30,2026-08-01T00:00:00+05:30,Done,department,pwd_task,2026-07-23T12:22:01+05:30,2026-08-05T16:47:48+05:30,uploads/pwd/PWD-TSK-18521.jpg,INC-20260715-190432
PWD-TSK-18522,PWD-INC-055564,PWD-WRD,PWD-OFF-017,Assistant Executive Engineer (V. Meenakshi),"Remove collapsed wall debris near Kannadasan St, Santhome",,2026-07-15T15:23:11+05:30,2026-07-27T00:00:00+05:30,Done,department,pwd_task,2026-08-06T10:10:51+05:30,2026-08-14T11:02:30+05:30,uploads/pwd/PWD-TSK-18522.jpg,INC-20260715-E71DF0
PWD-TSK-18523,PWD-TSK-18523,PWD-BLD,PWD-OFF-006,Executive Engineer (T. Rajendran),"Grievance - unsafe building condition, Rajiv Gandhi Govt General Hospital - Tower Block",,2026-07-16T10:19:25+05:30,2026-09-12T00:00:00+05:30,Done,department,pwd_task,2026-08-29T10:55:24+05:30,2026-09-07T12:35:05+05:30,uploads/pwd/PWD-TSK-18523.jpg,INC-20260716-8365EF
PWD-TSK-18524,PWD-INC-055569,PWD-WRD,PWD-OFF-015,Executive Engineer (V. Karthikeyan),Repair parapet/deck of Manali Kosasthalaiyar Causeway,,2026-07-16T11:08:45+05:30,2026-08-27T00:00:00+05:30,Done,department,pwd_task,2026-07-26T15:02:15+05:30,2026-08-10T11:42:13+05:30,uploads/pwd/PWD-TSK-18524.jpg,INC-20260715-039DC4
PWD-TSK-18504,PWD-INC-055508,PWD-WRD,PWD-OFF-020,Assistant Executive Engineer (S. Palanisamy),Remove encroachment on Adyar River - Saidapet stretch at Saidapet,,2026-07-16T11:36:01+05:30,2026-08-17T00:00:00+05:30,Done,department,pwd_task,2026-08-03T14:51:57+05:30,2026-08-04T11:32:03+05:30,uploads/pwd/PWD-TSK-18504.jpg,INC-20260714-1F8CA8
PWD-TSK-18525,PWD-INC-055565,PWD-WRD,PWD-OFF-016,Assistant Executive Engineer (S. Karthikeyan),Clear choked Buckingham Canal - Thiruvanmiyur stretch at Rajiv Gandhi St,,2026-07-16T12:50:05+05:30,2026-07-26T00:00:00+05:30,Done,department,pwd_task,2026-08-11T08:03:03+05:30,2026-09-02T14:19:50+05:30,uploads/pwd/PWD-TSK-18525.jpg,INC-20260715-336F42
PWD-TSK-18526,PWD-INC-055562,PWD-WRD,PWD-OFF-013,Executive Engineer (G. Selvi),Repair parapet/deck of Aminjikarai Cooum Bridge,,2026-07-17T10:07:54+05:30,2026-08-29T00:00:00+05:30,Done,department,pwd_task,2026-08-09T08:42:19+05:30,2026-08-14T13:15:12+05:30,uploads/pwd/PWD-TSK-18526.jpg,INC-20260715-5C33E9
PWD-TSK-18527,PWD-INC-055571,PWD-WRD,PWD-OFF-018,Assistant Executive Engineer (M. Gunasekaran),Remove encroachment on Buckingham Canal - Korukkupet stretch at Korukkupet,,2026-07-17T10:37:21+05:30,2026-08-17T00:00:00+05:30,Done,department,pwd_task,2026-08-29T08:03:09+05:30,2026-09-02T10:05:24+05:30,uploads/pwd/PWD-TSK-18527.jpg,INC-20260715-92C345
PWD-TSK-18541,PWD-TSK-18541,PWD-WRD,PWD-OFF-013,Executive Engineer (G. Selvi),Grievance - illegal construction in Buckingham Canal - Basin Bridge stretch,,2026-07-17T10:46:23+05:30,2026-09-06T00:00:00+05:30,Done,department,pwd_task,2026-07-25T15:32:54+05:30,2026-08-17T11:29:42+05:30,uploads/pwd/PWD-TSK-18541.jpg,INC-20260717-379760
PWD-TSK-18561,PWD-INC-055682,PWD-BLD,PWD-OFF-006,Executive Engineer (T. Rajendran),Structural inspection & repair - Govt Stanley Hospital - OP Block,,2026-07-17T12:20:08+05:30,2026-09-04T00:00:00+05:30,Done,department,pwd_task,2026-08-14T13:20:39+05:30,2026-08-17T12:15:24+05:30,uploads/pwd/PWD-TSK-18561.jpg,INC-20260717-AC04E5
PWD-TSK-18542,PWD-INC-055625,PWD-BLD,PWD-OFF-004,Executive Engineer (G. Kalaiselvi),Attend roof leak / cracks - Ezhilagam Govt Office Complex,,2026-07-17T15:03:39+05:30,2026-08-25T00:00:00+05:30,Done,department,pwd_task,2026-09-11T12:34:18+05:30,,uploads/pwd/PWD-TSK-18542.jpg,INC-20260715-9A0381
PWD-TSK-18528,PWD-INC-055570,PWD-WRD,PWD-OFF-015,Executive Engineer (V. Karthikeyan),Survey & evict encroachment - Buckingham Canal - Korukkupet stretch,,2026-07-17T15:35:12+05:30,2026-08-29T00:00:00+05:30,Done,department,pwd_task,2026-09-04T08:43:46+05:30,2026-10-01T14:21:43+05:30,uploads/pwd/PWD-TSK-18528.jpg,INC-20260715-F664F5
PWD-TSK-18529,PWD-INC-055568,PWD-BLD,PWD-OFF-004,Executive Engineer (G. Kalaiselvi),Structural inspection & repair - Ezhilagam Govt Office Complex,,2026-07-17T16:54:57+05:30,2026-09-15T00:00:00+05:30,Done,department,pwd_task,2026-09-23T10:50:52+05:30,,uploads/pwd/PWD-TSK-18529.jpg,INC-20260715-9A0381
PWD-TSK-18581,PWD-INC-055751,PWD-WRD,PWD-OFF-019,Executive Engineer (S. Prabhakaran),Deploy pumpset & drain water - Semmancheri,,2026-07-18T07:40:36+05:30,2026-07-21T00:00:00+05:30,Done,department,pwd_task,2026-07-20T09:05:55+05:30,2026-08-07T12:07:27+05:30,uploads/pwd/PWD-TSK-18581.jpg,INC-20260718-3CAE12
PWD-TSK-18582,PWD-INC-055752,PWD-WRD,PWD-OFF-016,Assistant Executive Engineer (S. Karthikeyan),Clear waterlogging at Meenambakkam (Ambedkar St),,2026-07-18T09:00:22+05:30,2026-07-19T00:00:00+05:30,Done,department,pwd_task,2026-08-10T09:51:02+05:30,2026-08-13T10:36:14+05:30,uploads/pwd/PWD-TSK-18582.jpg,INC-20260718-1C045B
PWD-TSK-18583,PWD-INC-055770,PWD-WRD,PWD-OFF-012,Executive Engineer (T. Sumathi),Sandbag bank of Veerangal Odai near Velachery,,2026-07-18T16:47:29+05:30,2026-07-20T00:00:00+05:30,Done,department,pwd_task,2026-08-10T12:13:54+05:30,2026-08-19T10:15:50+05:30,uploads/pwd/PWD-TSK-18583.jpg,INC-20260718-85C89D
PWD-TSK-18584,PWD-INC-055773,PWD-WRD,PWD-OFF-018,Assistant Executive Engineer (M. Gunasekaran),Sandbag bank of Otteri Nullah - Perambur stretch near Perambur,,2026-07-18T17:09:03+05:30,2026-07-22T00:00:00+05:30,Done,department,pwd_task,2026-08-16T09:55:20+05:30,2026-08-17T10:19:52+05:30,uploads/pwd/PWD-TSK-18584.jpg,INC-20260718-DF8860
PWD-TSK-18562,PWD-INC-055684,PWD-WRD,PWD-OFF-014,Executive Engineer (V. Gunasekaran),Repair shutter of Ennore Creek Regulator,,2026-07-20T10:02:43+05:30,2026-08-10T00:00:00+05:30,Done,department,pwd_task,2026-09-03T11:17:20+05:30,2026-09-18T14:39:31+05:30,uploads/pwd/PWD-TSK-18562.jpg,INC-20260717-3A976B
PWD-TSK-18585,PWD-INC-055776,PWD-WRD,PWD-OFF-015,Executive Engineer (V. Karthikeyan),Desilt / clear blockage in Kathivakkam Macro Drain near Kathivakkam,,2026-07-20T10:02:51+05:30,2026-08-04T00:00:00+05:30,Done,department,pwd_task,2026-08-03T08:21:45+05:30,2026-08-24T15:07:22+05:30,uploads/pwd/PWD-TSK-18585.jpg,INC-20260718-6542DF
PWD-TSK-18586,PWD-INC-055750,PWD-WRD,PWD-OFF-019,Executive Engineer (S. Prabhakaran),Clear waterlogging at Thoraipakkam (Lake View Rd),,2026-07-20T10:13:09+05:30,2026-07-21T00:00:00+05:30,Done,department,pwd_task,2026-07-23T10:42:27+05:30,2026-08-10T11:57:05+05:30,uploads/pwd/PWD-TSK-18586.jpg,INC-20260718-5CA90E
PWD-TSK-18587,PWD-INC-055780,PWD-WRD,PWD-OFF-013,Executive Engineer (G. Selvi),Monitor surplus course of Nolambur Lake & clear obstructions,,2026-07-20T10:17:04+05:30,2026-07-23T00:00:00+05:30,Done,department,pwd_task,2026-07-26T13:54:08+05:30,2026-08-31T11:31:46+05:30,uploads/pwd/PWD-TSK-18587.jpg,INC-20260718-6BA97C
PWD-TSK-18530,PWD-INC-055567,PWD-WRD,PWD-OFF-018,Assistant Executive Engineer (M. Gunasekaran),Clear choked Otteri Nullah - Perambur stretch at Anna St,,2026-07-20T10:17:28+05:30,2026-08-07T00:00:00+05:30,Done,department,pwd_task,2026-08-06T08:20:52+05:30,2026-09-03T12:08:56+05:30,uploads/pwd/PWD-TSK-18530.jpg,INC-20260715-55B23A
PWD-TSK-18588,PWD-INC-055742,PWD-WRD,PWD-OFF-019,Executive Engineer (S. Prabhakaran),"Pump out stagnant water - Market Rd, Kotturpuram",,2026-07-20T10:18:21+05:30,2026-07-21T00:00:00+05:30,Done,department,pwd_task,2026-07-23T08:25:14+05:30,2026-08-24T10:17:01+05:30,uploads/pwd/PWD-TSK-18588.jpg,INC-20260718-DE5D7D
PWD-TSK-18563,PWD-INC-055681,PWD-BLD,PWD-OFF-004,Executive Engineer (G. Kalaiselvi),"Attend roof leak / cracks - Govt Hr Sec School, Ashok Nagar",,2026-07-20T10:24:13+05:30,2026-08-19T00:00:00+05:30,Done,department,pwd_task,2026-08-10T09:40:26+05:30,2026-08-17T11:04:35+05:30,uploads/pwd/PWD-TSK-18563.jpg,INC-20260717-78F858
PWD-TSK-18589,PWD-INC-055777,PWD-WRD,PWD-OFF-014,Executive Engineer (V. Gunasekaran),"Emergency closure of breach - Mogappair Eri, Mogappair",,2026-07-20T10:52:34+05:30,2026-07-23T00:00:00+05:30,Done,department,pwd_task,2026-08-10T12:39:53+05:30,2026-08-31T10:26:24+05:30,uploads/pwd/PWD-TSK-18589.jpg,INC-20260718-82B2CF
PWD-TSK-18590,PWD-INC-055786,PWD-WRD,PWD-OFF-013,Executive Engineer (G. Selvi),Desilt / clear blockage in Virugambakkam-Arumbakkam Canal near Virugambakkam,,2026-07-20T10:56:15+05:30,2026-07-28T00:00:00+05:30,Done,department,pwd_task,2026-07-24T09:07:34+05:30,2026-07-27T15:52:56+05:30,uploads/pwd/PWD-TSK-18590.jpg,INC-20260718-1E6610
PWD-TSK-18564,PWD-TSK-18564,PWD-WRD,PWD-OFF-012,Executive Engineer (T. Sumathi),Petition: desilting of Buckingham Canal - Okkiyam stretch near Okkiyam Thoraipakkam,,2026-07-20T11:29:32+05:30,2026-08-03T00:00:00+05:30,Done,department,pwd_task,2026-08-06T11:21:23+05:30,2026-08-24T10:08:52+05:30,uploads/pwd/PWD-TSK-18564.jpg,INC-20260720-D1A587
PWD-TSK-18591,PWD-INC-055774,PWD-WRD,PWD-OFF-016,Assistant Executive Engineer (S. Karthikeyan),Monitor surplus course of Adambakkam Lake & clear obstructions,,2026-07-20T12:22:46+05:30,2026-07-25T00:00:00+05:30,Done,department,pwd_task,2026-08-18T18:52:32+05:30,2026-08-27T10:25:12+05:30,uploads/pwd/PWD-TSK-18591.jpg,INC-20260718-6B712E
PWD-TSK-18565,PWD-TSK-18565,PWD-WRD,PWD-OFF-014,Executive Engineer (V. Gunasekaran),"Grievance - seepage through Ambattur Lake bund, Ambattur",,2026-07-20T12:32:04+05:30,2026-09-14T00:00:00+05:30,Done,department,pwd_task,2026-07-30T09:02:20+05:30,2026-08-24T10:08:36+05:30,uploads/pwd/PWD-TSK-18565.jpg,INC-20260720-B704C2
PWD-TSK-18592,PWD-INC-055782,PWD-WRD,PWD-OFF-013,Executive Engineer (G. Selvi),Structural inspection & repair - the govt building,,2026-07-20T13:35:10+05:30,2026-09-05T00:00:00+05:30,Done,department,pwd_task,2026-09-11T10:47:57+05:30,2026-09-21T12:07:45+05:30,uploads/pwd/PWD-TSK-18592.jpg,INC-20260718-964CB2
PWD-TSK-18593,PWD-INC-055745,PWD-WRD,PWD-OFF-016,Assistant Executive Engineer (S. Karthikeyan),Deploy pumpset & drain water - Nandambakkam,,2026-07-20T15:44:59+05:30,2026-07-21T00:00:00+05:30,Done,department,pwd_task,2026-07-22T16:17:59+05:30,2026-07-24T16:51:46+05:30,uploads/pwd/PWD-TSK-18593.jpg,INC-20260718-80E2EA
PWD-TSK-18621,PWD-INC-055864,PWD-WRD,PWD-OFF-015,Executive Engineer (V. Karthikeyan),Inspect damage to Okkiyam Madavu Bridge,,2026-07-20T16:09:07+05:30,2026-09-18T00:00:00+05:30,Done,department,pwd_task,2026-08-07T10:46:47+05:30,2026-08-19T10:26:05+05:30,uploads/pwd/PWD-TSK-18621.jpg,INC-20260720-5DA9C3
PWD-TSK-18622,PWD-INC-055863,PWD-WRD,PWD-OFF-015,Executive Engineer (V. Karthikeyan),"Repair parapet/deck of Thiru. Vi. Ka. Bridge, Adyar",,2026-07-20T16:54:28+05:30,2026-08-26T00:00:00+05:30,In progress,department,pwd_task,,,,INC-20260720-5FF539
PWD-TSK-18623,PWD-INC-055870,PWD-WRD,PWD-OFF-015,Executive Engineer (V. Karthikeyan),Clear debris & rebuild wall - Royapettah,,2026-07-21T11:16:29+05:30,2026-08-03T00:00:00+05:30,Done,department,pwd_task,2026-07-25T08:30:37+05:30,2026-08-27T11:35:25+05:30,uploads/pwd/PWD-TSK-18623.jpg,INC-20260720-09D57B
PWD-TSK-18641,PWD-INC-055926,PWD-WRD,PWD-OFF-013,Executive Engineer (G. Selvi),"Inspect damage to Thiru. Vi. Ka. Bridge, Adyar",,2026-07-21T17:55:51+05:30,2026-08-28T00:00:00+05:30,Done,department,pwd_task,2026-08-23T10:36:51+05:30,2026-08-24T10:40:40+05:30,uploads/pwd/PWD-TSK-18641.jpg,INC-20260720-5FF539
PWD-TSK-18642,PWD-INC-055927,PWD-WRD,PWD-OFF-019,Executive Engineer (S. Prabhakaran),Clear waterlogging at Villivakkam (Mettu St),,2026-07-21T20:18:45+05:30,2026-07-22T00:00:00+05:30,Done,department,pwd_task,2026-08-18T17:47:03+05:30,2026-08-24T10:25:43+05:30,uploads/pwd/PWD-TSK-18642.jpg,INC-20260721-1A7436
PWD-TSK-18643,PWD-TSK-18643,PWD-WRD,PWD-OFF-016,Assistant Executive Engineer (S. Karthikeyan),Petition: desilting of Buckingham Canal - Okkiyam stretch near Okkiyam Thoraipakkam,,2026-07-22T11:50:26+05:30,2026-08-05T00:00:00+05:30,Done,department,pwd_task,2026-07-26T09:32:24+05:30,2026-07-28T10:48:16+05:30,uploads/pwd/PWD-TSK-18643.jpg,INC-20260722-AABEAD
PWD-TSK-18624,PWD-INC-055869,PWD-WRD,PWD-OFF-016,Assistant Executive Engineer (S. Karthikeyan),Survey & evict encroachment - Velachery Lake,,2026-07-22T11:58:48+05:30,2026-09-10T00:00:00+05:30,Done,department,pwd_task,2026-09-14T08:23:08+05:30,,uploads/pwd/PWD-TSK-18624.jpg,INC-20260720-661E2D
PWD-TSK-18661,PWD-INC-055984,PWD-WRD,PWD-OFF-020,Assistant Executive Engineer (S. Palanisamy),Survey & evict encroachment - Otteri Nullah - Kilpauk stretch,,2026-07-22T14:41:21+05:30,2026-08-29T00:00:00+05:30,Done,department,pwd_task,2026-08-05T13:06:11+05:30,2026-08-20T11:51:40+05:30,uploads/pwd/PWD-TSK-18661.jpg,INC-20260722-7E45A7
PWD-TSK-18625,PWD-INC-055868,PWD-WRD,PWD-OFF-020,Assistant Executive Engineer (S. Palanisamy),Survey & evict encroachment - Chetpet Lake,,2026-07-23T10:11:55+05:30,2026-09-21T00:00:00+05:30,Done,department,pwd_task,2026-08-13T09:43:28+05:30,2026-08-20T11:33:32+05:30,uploads/pwd/PWD-TSK-18625.jpg,INC-20260720-66EF69
PWD-TSK-18662,PWD-INC-055989,PWD-WRD,PWD-OFF-013,Executive Engineer (G. Selvi),Inspect damage to Aminjikarai Cooum Bridge,,2026-07-23T10:27:43+05:30,2026-09-10T00:00:00+05:30,In progress,department,pwd_task,2026-09-26T17:37:01+05:30,2026-09-29T10:06:10+05:30,uploads/pwd/PWD-TSK-18662.jpg,INC-20260722-237FB0
PWD-TSK-18663,PWD-INC-055985,PWD-BLD,PWD-OFF-006,Executive Engineer (T. Rajendran),"Attend roof leak / cracks - Govt Peripheral Hospital, Periyar Nagar",,2026-07-23T12:17:41+05:30,2026-09-06T00:00:00+05:30,Done,department,pwd_task,2026-09-12T15:28:33+05:30,2026-09-15T11:31:39+05:30,uploads/pwd/PWD-TSK-18663.jpg,INC-20260722-9541A9
PWD-TSK-18664,PWD-INC-055988,PWD-WRD,PWD-OFF-020,Assistant Executive Engineer (S. Palanisamy),Remove encroachment on Chetpet Lake at Chetpet,,2026-07-23T12:44:59+05:30,2026-09-08T00:00:00+05:30,Done,department,pwd_task,2026-08-19T16:24:22+05:30,2026-08-24T12:42:54+05:30,uploads/pwd/PWD-TSK-18664.jpg,INC-20260722-F1D28A
PWD-TSK-18626,PWD-INC-055867,PWD-BLD,PWD-OFF-004,Executive Engineer (G. Kalaiselvi),Attend roof leak / cracks - Sholinganallur Taluk Office,,2026-07-23T14:28:19+05:30,2026-09-09T00:00:00+05:30,Done,department,pwd_task,2026-08-06T14:35:37+05:30,2026-08-10T10:10:25+05:30,uploads/pwd/PWD-TSK-18626.jpg,INC-20260720-7B41C4
PWD-TSK-18681,PWD-INC-056047,PWD-WRD,PWD-OFF-017,Assistant Executive Engineer (V. Meenakshi),Clear debris & rebuild wall - Jafferkhanpet,,2026-07-23T20:11:58+05:30,2026-08-04T00:00:00+05:30,Done,department,pwd_task,2026-08-05T12:31:10+05:30,2026-08-19T10:28:16+05:30,uploads/pwd/PWD-TSK-18681.jpg,INC-20260723-99B696
PWD-TSK-18665,PWD-INC-055986,PWD-BLD,PWD-OFF-008,Assistant Executive Engineer (C. Dhanalakshmi),"Structural inspection & repair - Govt Polytechnic College, Taramani",,2026-07-23T21:58:00+05:30,2026-09-10T00:00:00+05:30,Done,department,pwd_task,2026-09-17T11:09:18+05:30,2026-09-21T12:33:51+05:30,uploads/pwd/PWD-TSK-18665.jpg,INC-20260722-4961BA
PWD-TSK-18666,PWD-INC-055990,PWD-WRD,PWD-OFF-014,Executive Engineer (V. Gunasekaran),Attend sluice gate defect - Ambattur Lake Sluice,,2026-07-24T10:26:54+05:30,2026-08-12T00:00:00+05:30,Done,department,pwd_task,2026-07-30T08:25:18+05:30,2026-08-03T15:27:23+05:30,uploads/pwd/PWD-TSK-18666.jpg,INC-20260722-644C2C
PWD-TSK-18667,PWD-INC-055983,PWD-WRD,PWD-OFF-015,Executive Engineer (V. Karthikeyan),Desilt / clear blockage in Tondiarpet Macro Drain near Tondiarpet,,2026-07-24T10:42:09+05:30,2026-08-12T00:00:00+05:30,Done,department,pwd_task,2026-07-27T08:49:09+05:30,2026-08-31T19:53:05+05:30,uploads/pwd/PWD-TSK-18667.jpg,INC-20260722-AED4D1
PWD-TSK-18682,PWD-TSK-18682,PWD-BLD,PWD-OFF-007,Executive Engineer (M. Sumathi),"Grievance - unsafe building condition, Govt Polytechnic College, Taramani",,2026-07-24T10:59:14+05:30,2026-09-03T00:00:00+05:30,Done,department,pwd_task,2026-08-19T08:22:19+05:30,2026-09-16T15:05:55+05:30,uploads/pwd/PWD-TSK-18682.jpg,INC-20260722-4961BA
PWD-TSK-18683,PWD-INC-056048,PWD-WRD,PWD-OFF-020,Assistant Executive Engineer (S. Palanisamy),Remove encroachment on Cooum River - Nerkundram stretch at Nerkundram,,2026-07-24T16:39:59+05:30,2026-09-10T00:00:00+05:30,Done,department,pwd_task,2026-08-20T08:49:13+05:30,2026-09-16T12:02:56+05:30,uploads/pwd/PWD-TSK-18683.jpg,INC-20260723-45A7DF
PWD-TSK-18761,PWD-INC-056282,PWD-WRD,PWD-OFF-018,Assistant Executive Engineer (M. Gunasekaran),Deploy pumpset & drain water - Periyar Nagar,,2026-07-27T09:19:03+05:30,2026-07-28T00:00:00+05:30,Done,department,pwd_task,2026-07-30T08:40:20+05:30,2026-08-27T10:17:00+05:30,uploads/pwd/PWD-TSK-18761.jpg,INC-20260727-5B8760
PWD-TSK-18741,PWD-INC-056222,PWD-BLD,PWD-OFF-004,Executive Engineer (G. Kalaiselvi),"Structural inspection & repair - Govt Hr Sec School, Ashok Nagar",,2026-07-27T10:02:25+05:30,2026-09-23T00:00:00+05:30,Done,department,pwd_task,2026-08-08T11:10:53+05:30,2026-08-17T10:38:24+05:30,uploads/pwd/PWD-TSK-18741.jpg,INC-20260726-449B68
PWD-TSK-18701,PWD-TSK-18701,PWD-WRD,PWD-OFF-014,Executive Engineer (V. Gunasekaran),Petition: Ennore Creek Regulator shutter not closing properly,,2026-07-27T10:10:48+05:30,2026-08-08T00:00:00+05:30,Done,department,pwd_task,2026-07-30T10:13:21+05:30,2026-08-10T11:45:26+05:30,uploads/pwd/PWD-TSK-18701.jpg,INC-20260726-0401A1
PWD-TSK-18721,PWD-TSK-18721,PWD-WRD,PWD-OFF-016,Assistant Executive Engineer (S. Karthikeyan),Petition: strengthen weak bund of Korattur Lake Bund,,2026-07-27T11:00:25+05:30,2026-09-12T00:00:00+05:30,Done,department,pwd_task,2026-09-21T08:10:22+05:30,,uploads/pwd/PWD-TSK-18721.jpg,INC-20260727-A09A1F
PWD-TSK-18722,PWD-INC-056162,PWD-BLD,PWD-OFF-009,Assistant Executive Engineer (M. Nandhini),Attend roof leak / cracks - Govt Kilpauk Medical College Hospital,,2026-07-27T11:55:28+05:30,2026-09-17T00:00:00+05:30,Done,department,pwd_task,2026-09-14T08:05:02+05:30,,uploads/pwd/PWD-TSK-18722.jpg,INC-20260725-4377FE
PWD-TSK-18723,PWD-TSK-18723,PWD-BLD,PWD-OFF-007,Executive Engineer (M. Sumathi),"Grievance - unsafe building condition, Govt Kilpauk Medical College Hospital",,2026-07-27T14:32:46+05:30,2026-09-12T00:00:00+05:30,Done,department,pwd_task,2026-08-31T18:56:47+05:30,2026-09-03T10:09:59+05:30,uploads/pwd/PWD-TSK-18723.jpg,INC-20260727-F34378
PWD-TSK-18762,PWD-INC-056283,PWD-WRD,PWD-OFF-013,Executive Engineer (G. Selvi),Desilt / clear blockage in Virugambakkam-Arumbakkam Canal near Virugambakkam,,2026-07-27T14:56:34+05:30,2026-08-07T00:00:00+05:30,In progress,department,pwd_task,2026-09-15T16:25:11+05:30,2026-10-01T15:36:15+05:30,uploads/pwd/PWD-TSK-18762.jpg,INC-20260727-B08D95
PWD-TSK-18742,PWD-INC-056221,PWD-BLD,PWD-OFF-007,Executive Engineer (M. Sumathi),"Attend roof leak / cracks - Govt Girls Hr Sec School, Ambattur",,2026-07-28T13:50:54+05:30,2026-09-15T00:00:00+05:30,Done,department,pwd_task,2026-09-03T12:00:12+05:30,2026-09-07T15:07:37+05:30,uploads/pwd/PWD-TSK-18742.jpg,INC-20260726-616E1D
PWD-TSK-18763,PWD-INC-056287,PWD-WRD,PWD-OFF-013,Executive Engineer (G. Selvi),Repair parapet/deck of Aminjikarai Cooum Bridge,,2026-07-28T14:41:31+05:30,2026-09-19T00:00:00+05:30,Done,department,pwd_task,2026-09-12T11:09:54+05:30,,uploads/pwd/PWD-TSK-18763.jpg,INC-20260727-C9FDA3
PWD-TSK-18764,PWD-INC-056286,PWD-WRD,PWD-OFF-013,Executive Engineer (G. Selvi),"Attend sluice gate defect - Otteri Nullah Regulator, Basin Bridge",,2026-07-28T14:42:07+05:30,2026-08-07T00:00:00+05:30,Done,department,pwd_task,2026-08-01T08:30:20+05:30,2026-08-13T11:22:55+05:30,uploads/pwd/PWD-TSK-18764.jpg,INC-20260727-307F0C
PWD-TSK-18781,PWD-INC-056343,PWD-WRD,PWD-OFF-020,Assistant Executive Engineer (S. Palanisamy),Survey & evict encroachment - Porur Lake,,2026-07-29T10:44:44+05:30,2026-09-12T00:00:00+05:30,Done,department,pwd_task,2026-08-08T17:10:08+05:30,2026-09-18T10:11:41+05:30,uploads/pwd/PWD-TSK-18781.jpg,INC-20260728-4804C5
PWD-TSK-18743,PWD-INC-056225,PWD-WRD,PWD-OFF-015,Executive Engineer (V. Karthikeyan),Attend sluice gate defect - Ennore Creek Regulator,,2026-07-29T12:40:18+05:30,2026-08-16T00:00:00+05:30,Done,department,pwd_task,2026-08-26T09:11:29+05:30,2026-08-28T14:00:40+05:30,uploads/pwd/PWD-TSK-18743.jpg,INC-20260726-0401A1
PWD-TSK-18782,PWD-TSK-18782,PWD-WRD,PWD-OFF-014,Executive Engineer (V. Gunasekaran),Petition: Ambattur Lake Sluice shutter not closing properly,,2026-07-29T14:27:33+05:30,2026-08-09T00:00:00+05:30,Done,department,pwd_task,2026-09-17T11:51:33+05:30,2026-09-18T10:28:30+05:30,uploads/pwd/PWD-TSK-18782.jpg,INC-20260729-C20269
PWD-TSK-18765,PWD-INC-056289,PWD-BLD,PWD-OFF-009,Assistant Executive Engineer (M. Nandhini),Structural inspection & repair - Govt Kilpauk Medical College Hospital,,2026-07-29T14:43:51+05:30,2026-09-16T00:00:00+05:30,Done,department,pwd_task,2026-09-05T08:58:39+05:30,,uploads/pwd/PWD-TSK-18765.jpg,INC-20260727-7E1DC0
PWD-TSK-18766,PWD-INC-056284,PWD-WRD,PWD-OFF-013,Executive Engineer (G. Selvi),Clear choked Virugambakkam-Arumbakkam Canal at Thiruvalluvar St,,2026-07-29T17:06:27+05:30,2026-08-05T00:00:00+05:30,Done,department,pwd_task,2026-08-22T17:45:29+05:30,2026-08-27T11:55:15+05:30,uploads/pwd/PWD-TSK-18766.jpg,INC-20260727-51E937
PWD-TSK-18783,PWD-INC-056341,PWD-WRD,PWD-OFF-016,Assistant Executive Engineer (S. Karthikeyan),Repair shutter of Velachery Lake Surplus Sluice,,2026-07-30T11:01:48+05:30,2026-08-15T00:00:00+05:30,Done,department,pwd_task,2026-09-09T09:19:14+05:30,2026-09-18T11:30:49+05:30,uploads/pwd/PWD-TSK-18783.jpg,INC-20260728-EC9D78
PWD-TSK-18801,PWD-INC-056407,PWD-WRD,PWD-OFF-016,Assistant Executive Engineer (S. Karthikeyan),Survey & evict encroachment - Pallikaranai Marsh Outlet Drain,,2026-07-30T11:21:23+05:30,2026-09-20T00:00:00+05:30,Done,department,pwd_task,2026-09-22T09:00:26+05:30,2026-10-01T10:18:17+05:30,uploads/pwd/PWD-TSK-18801.jpg,INC-20260729-318151
PWD-TSK-18802,PWD-TSK-18802,PWD-WRD,PWD-OFF-020,Assistant Executive Engineer (S. Palanisamy),Grievance - illegal construction in Mogappair Eri,,2026-07-30T11:24:32+05:30,2026-08-31T00:00:00+05:30,Done,department,pwd_task,2026-09-06T11:01:33+05:30,,uploads/pwd/PWD-TSK-18802.jpg,INC-20260730-A5C73D
PWD-TSK-18803,PWD-INC-056411,PWD-WRD,PWD-OFF-015,Executive Engineer (V. Karthikeyan),Repair parapet/deck of Manali Kosasthalaiyar Causeway,,2026-07-31T10:19:27+05:30,2026-09-11T00:00:00+05:30,In progress,department,pwd_task,,,,INC-20260729-DC252A
PWD-TSK-18821,PWD-INC-056470,PWD-WRD,PWD-OFF-016,Assistant Executive Engineer (S. Karthikeyan),"Remove collapsed wall debris near 1st Avenue, Velachery",,2026-07-31T11:18:28+05:30,2026-08-17T00:00:00+05:30,Done,department,pwd_task,2026-08-06T09:18:57+05:30,2026-08-11T10:34:30+05:30,uploads/pwd/PWD-TSK-18821.jpg,INC-20260730-911E4F
PWD-TSK-18804,PWD-INC-056405,PWD-WRD,PWD-OFF-015,Executive Engineer (V. Karthikeyan),Desilt / clear blockage in Otteri Nullah - Ayanavaram stretch near Ayanavaram,,2026-07-31T11:50:09+05:30,2026-08-21T00:00:00+05:30,Done,department,pwd_task,2026-09-26T09:01:22+05:30,,uploads/pwd/PWD-TSK-18804.jpg,INC-20260729-631E9E
PWD-TSK-18822,PWD-INC-056467,PWD-WRD,PWD-OFF-013,Executive Engineer (G. Selvi),Survey & evict encroachment - Cooum River - Nerkundram stretch,,2026-07-31T16:43:53+05:30,2026-09-11T00:00:00+05:30,Done,department,pwd_task,2026-08-07T08:14:45+05:30,2026-08-21T13:05:12+05:30,uploads/pwd/PWD-TSK-18822.jpg,INC-20260730-7C335E
PWD-TSK-18823,PWD-INC-056472,PWD-WRD,PWD-OFF-013,Executive Engineer (G. Selvi),"Pump out stagnant water - Old Colony 1st St, Anna Nagar",,2026-07-31T17:39:33+05:30,2026-08-01T00:00:00+05:30,Done,department,pwd_task,2026-08-14T11:26:57+05:30,2026-09-08T10:39:51+05:30,uploads/pwd/PWD-TSK-18823.jpg,INC-20260730-8FABCA
PWD-TSK-18841,PWD-TSK-18841,PWD-WRD,PWD-OFF-015,Executive Engineer (V. Karthikeyan),"Grievance - silt & garbage in Buckingham Canal - Mandaveli stretch, Mandaveli",,2026-08-02T15:51:06+05:30,2026-08-15T00:00:00+05:30,Done,department,pwd_task,2026-08-16T14:05:37+05:30,2026-08-27T10:23:43+05:30,uploads/pwd/PWD-TSK-18841.jpg,INC-20260802-CD17DD
PWD-TSK-18824,PWD-INC-056464,PWD-BLD,PWD-OFF-007,Executive Engineer (M. Sumathi),"Attend roof leak / cracks - Govt Polytechnic College, Taramani",,2026-08-03T10:06:09+05:30,2026-09-17T00:00:00+05:30,Done,department,pwd_task,2026-09-26T18:58:35+05:30,2026-09-28T10:53:10+05:30,uploads/pwd/PWD-TSK-18824.jpg,INC-20260730-3640AA
PWD-TSK-18825,PWD-TSK-18825,PWD-WRD,PWD-OFF-013,Executive Engineer (G. Selvi),"Petition: remove encroachment on Otteri Nullah - Kilpauk stretch, Kilpauk",,2026-08-03T10:24:37+05:30,2026-09-21T00:00:00+05:30,Done,department,pwd_task,2026-09-28T15:06:38+05:30,,uploads/pwd/PWD-TSK-18825.jpg,INC-20260803-FD4761
PWD-TSK-18826,PWD-TSK-18826,PWD-WRD,PWD-OFF-020,Assistant Executive Engineer (S. Palanisamy),Grievance - illegal construction in Adyar River - Kotturpuram stretch,,2026-08-03T11:01:04+05:30,2026-09-26T00:00:00+05:30,Done,department,pwd_task,2026-08-29T08:43:10+05:30,2026-09-01T16:20:51+05:30,uploads/pwd/PWD-TSK-18826.jpg,INC-20260803-A1E70B
PWD-TSK-18842,PWD-INC-056522,PWD-BLD,PWD-OFF-003,Executive Engineer (J. Bharathi),Attend roof leak / cracks - Govt Stanley Hospital - OP Block,,2026-08-03T11:48:43+05:30,2026-09-10T00:00:00+05:30,Done,department,pwd_task,2026-08-09T17:08:41+05:30,2026-09-07T14:12:34+05:30,uploads/pwd/PWD-TSK-18842.jpg,INC-20260731-F0DA37
PWD-TSK-18827,PWD-INC-056463,PWD-WRD,PWD-OFF-013,Executive Engineer (G. Selvi),Desilt / clear blockage in Anna Nagar Macro Drain near Anna Nagar,,2026-08-03T11:54:15+05:30,2026-08-24T00:00:00+05:30,Done,department,pwd_task,2026-09-18T08:06:44+05:30,2026-09-21T10:04:45+05:30,uploads/pwd/PWD-TSK-18827.jpg,INC-20260730-784FE2
PWD-TSK-18861,PWD-TSK-18861,PWD-WRD,PWD-OFF-013,Executive Engineer (G. Selvi),Grievance - illegal construction in Cooum River - Arumbakkam stretch,,2026-08-03T14:22:48+05:30,2026-09-02T00:00:00+05:30,Done,department,pwd_task,2026-09-26T10:48:22+05:30,2026-09-28T11:29:19+05:30,uploads/pwd/PWD-TSK-18861.jpg,INC-20260803-1A5217
PWD-TSK-18921,PWD-INC-056761,PWD-WRD,PWD-OFF-018,Assistant Executive Engineer (M. Gunasekaran),Deploy pumpset & drain water - Retteri,,2026-08-04T10:05:14+05:30,2026-08-07T00:00:00+05:30,Done,department,pwd_task,2026-08-06T12:04:43+05:30,2026-08-18T12:43:22+05:30,uploads/pwd/PWD-TSK-18921.jpg,INC-20260804-667425
PWD-TSK-18881,PWD-INC-056643,PWD-BLD,PWD-OFF-003,Executive Engineer (J. Bharathi),Attend roof leak / cracks - Govt Stanley Hospital - OP Block,,2026-08-04T17:50:24+05:30,2026-09-27T00:00:00+05:30,Done,department,pwd_task,2026-08-28T11:11:49+05:30,2026-09-03T10:20:13+05:30,uploads/pwd/PWD-TSK-18881.jpg,INC-20260802-5D752A
PWD-TSK-18901,PWD-TSK-18901,PWD-WRD,PWD-OFF-014,Executive Engineer (V. Gunasekaran),Petition: remove water hyacinth in Madhavaram Lake,,2026-08-05T10:01:14+05:30,2026-08-24T00:00:00+05:30,Done,department,pwd_task,2026-08-08T10:26:26+05:30,2026-09-09T10:38:15+05:30,uploads/pwd/PWD-TSK-18901.jpg,INC-20260805-D1199A
PWD-TSK-18922,PWD-INC-056762,PWD-WRD,PWD-OFF-017,Assistant Executive Engineer (V. Meenakshi),Clear choked Buckingham Canal - Mandaveli stretch at Subramaniyar Koil St,,2026-08-05T10:44:30+05:30,2026-08-14T00:00:00+05:30,Done,department,pwd_task,2026-09-12T10:55:27+05:30,,uploads/pwd/PWD-TSK-18922.jpg,INC-20260804-CA61FC
PWD-TSK-18902,PWD-INC-056709,PWD-WRD,PWD-OFF-017,Assistant Executive Engineer (V. Meenakshi),Inspect damage to Napier Bridge,,2026-08-05T10:46:31+05:30,2026-09-09T00:00:00+05:30,Done,department,pwd_task,2026-09-05T15:48:56+05:30,2026-09-22T11:30:00+05:30,uploads/pwd/PWD-TSK-18902.jpg,INC-20260803-B0CBE2
PWD-TSK-18923,PWD-TSK-18923,PWD-WRD,PWD-OFF-012,Executive Engineer (T. Sumathi),Petition: desilting of Buckingham Canal - Okkiyam stretch near Okkiyam Thoraipakkam,,2026-08-05T11:13:11+05:30,2026-08-22T00:00:00+05:30,Done,department,pwd_task,2026-08-22T18:38:42+05:30,2026-08-25T10:37:22+05:30,uploads/pwd/PWD-TSK-18923.jpg,INC-20260805-1D9DDD
PWD-TSK-18903,PWD-INC-056711,PWD-BLD,PWD-OFF-004,Executive Engineer (G. Kalaiselvi),Attend roof leak / cracks - Govt Royapettah Hospital,,2026-08-05T12:02:58+05:30,2026-09-15T00:00:00+05:30,Done,department,pwd_task,2026-08-21T08:35:31+05:30,2026-09-10T11:43:07+05:30,uploads/pwd/PWD-TSK-18903.jpg,INC-20260803-935E7C
PWD-TSK-18904,PWD-TSK-18904,PWD-WRD,PWD-OFF-013,Executive Engineer (G. Selvi),Petition: remove water hyacinth in Virugambakkam-Arumbakkam Canal,,2026-08-05T15:25:42+05:30,2026-08-20T00:00:00+05:30,Done,department,pwd_task,2026-09-14T11:36:09+05:30,2026-09-30T10:01:58+05:30,uploads/pwd/PWD-TSK-18904.jpg,INC-20260805-E66C60
PWD-TSK-18905,PWD-INC-056702,PWD-WRD,PWD-OFF-018,Assistant Executive Engineer (M. Gunasekaran),Clear choked Captain Cotton Canal - Vyasarpadi stretch at Pillaiyar Koil St,,2026-08-06T10:18:35+05:30,2026-08-23T00:00:00+05:30,Done,department,pwd_task,2026-08-31T08:56:38+05:30,2026-09-07T10:31:31+05:30,uploads/pwd/PWD-TSK-18905.jpg,INC-20260803-286875
PWD-TSK-18924,PWD-TSK-18924,PWD-WRD,PWD-OFF-015,Executive Engineer (V. Karthikeyan),Petition: desilting of Buckingham Canal - Korukkupet stretch near Korukkupet,,2026-08-06T11:06:55+05:30,2026-08-13T00:00:00+05:30,In progress,department,pwd_task,2026-08-22T11:43:28+05:30,2026-09-21T11:08:47+05:30,uploads/pwd/PWD-TSK-18924.jpg,INC-20260806-E802FE
PWD-TSK-18925,PWD-TSK-18925,PWD-WRD,PWD-OFF-016,Assistant Executive Engineer (S. Karthikeyan),Petition: Ambattur Lake Sluice shutter not closing properly,,2026-08-06T13:03:15+05:30,2026-08-21T00:00:00+05:30,Done,department,pwd_task,2026-09-05T10:37:54+05:30,2026-09-15T10:43:54+05:30,uploads/pwd/PWD-TSK-18925.jpg,INC-20260806-D0B200
PWD-TSK-18926,PWD-INC-056769,PWD-WRD,PWD-OFF-013,Executive Engineer (G. Selvi),"Attend sluice gate defect - Otteri Nullah Regulator, Basin Bridge",,2026-08-06T13:31:53+05:30,2026-08-24T00:00:00+05:30,Done,department,pwd_task,2026-09-17T09:22:25+05:30,2026-09-30T12:55:56+05:30,uploads/pwd/PWD-TSK-18926.jpg,INC-20260804-949541
PWD-TSK-18941,PWD-INC-056827,PWD-BLD,PWD-OFF-009,Assistant Executive Engineer (M. Nandhini),Structural inspection & repair - Rajiv Gandhi Govt General Hospital - Tower Block,,2026-08-06T14:24:54+05:30,2026-09-18T00:00:00+05:30,Done,department,pwd_task,2026-08-24T11:17:46+05:30,2026-08-29T08:01:46+05:30,uploads/pwd/PWD-TSK-18941.jpg,INC-20260805-C0EDCB
PWD-TSK-18927,PWD-INC-056771,PWD-BLD,PWD-OFF-003,Executive Engineer (J. Bharathi),Attend roof leak / cracks - Govt Stanley Hospital - OP Block,,2026-08-06T14:27:55+05:30,2026-10-04T00:00:00+05:30,Done,department,pwd_task,2026-08-28T11:24:33+05:30,2026-09-10T14:39:04+05:30,uploads/pwd/PWD-TSK-18927.jpg,INC-20260804-89EC71
PWD-TSK-18928,PWD-INC-056767,PWD-BLD,PWD-OFF-007,Executive Engineer (M. Sumathi),Attend roof leak / cracks - Govt Kilpauk Medical College Hospital,,2026-08-06T15:06:40+05:30,2026-10-05T00:00:00+05:30,Done,department,pwd_task,2026-08-31T09:41:08+05:30,2026-09-22T10:12:53+05:30,uploads/pwd/PWD-TSK-18928.jpg,INC-20260804-72C3F9
PWD-TSK-18929,PWD-INC-056766,PWD-BLD,PWD-OFF-004,Executive Engineer (G. Kalaiselvi),Structural inspection & repair - Govt Royapettah Hospital,,2026-08-06T17:04:56+05:30,2026-10-05T00:00:00+05:30,Done,department,pwd_task,2026-08-10T11:18:56+05:30,2026-08-14T11:14:16+05:30,uploads/pwd/PWD-TSK-18929.jpg,INC-20260804-00FAE1
PWD-TSK-18942,PWD-INC-056824,PWD-WRD,PWD-OFF-017,Assistant Executive Engineer (V. Meenakshi),Clear choked Buckingham Canal - Mandaveli stretch at Main Rd,,2026-08-06T17:33:26+05:30,2026-08-20T00:00:00+05:30,Done,department,pwd_task,2026-09-06T10:45:07+05:30,2026-09-08T11:11:56+05:30,uploads/pwd/PWD-TSK-18942.jpg,INC-20260804-CA61FC
PWD-TSK-18930,PWD-INC-056763,PWD-WRD,PWD-OFF-013,Executive Engineer (G. Selvi),Desilt / clear blockage in Buckingham Canal - Mandaveli stretch near Mandaveli,,2026-08-06T17:48:17+05:30,2026-08-24T00:00:00+05:30,Done,department,pwd_task,2026-08-14T09:36:52+05:30,2026-08-27T10:16:29+05:30,uploads/pwd/PWD-TSK-18930.jpg,INC-20260804-CA61FC
PWD-TSK-18961,PWD-INC-056888,PWD-BLD,PWD-OFF-006,Executive Engineer (T. Rajendran),"Structural inspection & repair - Govt Peripheral Hospital, K.K. Nagar",,2026-08-07T14:18:03+05:30,2026-09-25T00:00:00+05:30,Done,department,pwd_task,2026-09-08T08:04:46+05:30,2026-09-17T15:29:33+05:30,uploads/pwd/PWD-TSK-18961.jpg,INC-20260806-2FAC07
PWD-TSK-19021,PWD-INC-057070,PWD-WRD,PWD-OFF-015,Executive Engineer (V. Karthikeyan),Clear debris & rebuild wall - Otteri,,2026-08-09T10:26:50+05:30,2026-08-21T00:00:00+05:30,Done,department,pwd_task,2026-08-16T09:14:59+05:30,2026-09-08T14:34:16+05:30,uploads/pwd/PWD-TSK-19021.jpg,INC-20260809-45BED3
PWD-TSK-19041,PWD-INC-057127,PWD-WRD,PWD-OFF-019,Executive Engineer (S. Prabhakaran),Sandbag bank of Nanganallur Macro Drain near Nanganallur,,2026-08-10T07:51:41+05:30,2026-08-15T00:00:00+05:30,Done,department,pwd_task,2026-08-12T15:08:19+05:30,2026-08-17T10:29:51+05:30,uploads/pwd/PWD-TSK-19041.jpg,INC-20260810-9E858D
PWD-TSK-19042,PWD-INC-057125,PWD-WRD,PWD-OFF-015,Executive Engineer (V. Karthikeyan),Clear waterlogging at Kilpauk (Sannathi St),,2026-08-10T08:55:21+05:30,2026-08-13T00:00:00+05:30,Done,department,pwd_task,2026-08-13T18:59:45+05:30,2026-08-17T11:16:58+05:30,uploads/pwd/PWD-TSK-19042.jpg,INC-20260810-D76010
PWD-TSK-19043,PWD-INC-057129,PWD-WRD,PWD-OFF-012,Executive Engineer (T. Sumathi),"Remove collapsed wall debris near Kannadasan St, Thiruvanmiyur",,2026-08-10T10:04:12+05:30,2026-08-22T00:00:00+05:30,Done,department,pwd_task,2026-09-24T10:53:56+05:30,,uploads/pwd/PWD-TSK-19043.jpg,INC-20260810-872FC9
PWD-TSK-19022,PWD-INC-057083,PWD-WRD,PWD-OFF-017,Assistant Executive Engineer (V. Meenakshi),Clear debris & rebuild wall - Jafferkhanpet,,2026-08-10T10:05:01+05:30,2026-08-28T00:00:00+05:30,Done,department,pwd_task,2026-08-14T10:05:44+05:30,2026-08-17T13:35:02+05:30,uploads/pwd/PWD-TSK-19022.jpg,INC-20260809-147BC0
PWD-TSK-18962,PWD-INC-056892,PWD-WRD,PWD-OFF-020,Assistant Executive Engineer (S. Palanisamy),Survey & evict encroachment - Korattur Lake,,2026-08-10T10:07:09+05:30,2026-09-20T00:00:00+05:30,Done,department,pwd_task,2026-08-29T12:46:03+05:30,2026-09-07T16:23:00+05:30,uploads/pwd/PWD-TSK-18962.jpg,INC-20260806-350680
PWD-TSK-19023,PWD-INC-057093,PWD-WRD,PWD-OFF-016,Assistant Executive Engineer (S. Karthikeyan),Clear waterlogging at Ambattur Industrial Estate (Market Rd),,2026-08-10T10:22:44+05:30,2026-08-13T00:00:00+05:30,Done,department,pwd_task,2026-09-04T17:13:45+05:30,2026-09-15T14:23:35+05:30,uploads/pwd/PWD-TSK-19023.jpg,INC-20260809-45C6DC
PWD-TSK-19001,PWD-INC-057002,PWD-WRD,PWD-OFF-015,Executive Engineer (V. Karthikeyan),"Repair shutter of Otteri Nullah Regulator, Basin Bridge",,2026-08-10T10:29:31+05:30,2026-08-30T00:00:00+05:30,Done,department,pwd_task,2026-09-29T12:05:21+05:30,,uploads/pwd/PWD-TSK-19001.jpg,INC-20260808-02D549
PWD-TSK-18981,PWD-INC-056948,PWD-WRD,PWD-OFF-013,Executive Engineer (G. Selvi),Clear debris & rebuild wall - Arumbakkam,,2026-08-10T10:49:27+05:30,2026-08-31T00:00:00+05:30,Done,department,pwd_task,2026-08-27T18:08:25+05:30,2026-09-07T12:02:12+05:30,uploads/pwd/PWD-TSK-18981.jpg,INC-20260807-C8B203
PWD-TSK-18963,PWD-TSK-18963,PWD-BLD,PWD-OFF-003,Executive Engineer (J. Bharathi),"Grievance - unsafe building condition, Govt Peripheral Hospital, Periyar Nagar",,2026-08-10T10:56:45+05:30,2026-09-10T00:00:00+05:30,Done,department,pwd_task,2026-09-03T18:19:26+05:30,,uploads/pwd/PWD-TSK-18963.jpg,INC-20260810-9F1B12
PWD-TSK-19024,PWD-INC-057094,PWD-WRD,PWD-OFF-013,Executive Engineer (G. Selvi),Inspect & control overflow in Adyar River - Kotturpuram stretch at Kotturpuram,,2026-08-10T11:08:30+05:30,2026-08-14T00:00:00+05:30,Done,department,pwd_task,2026-08-16T15:51:10+05:30,2026-09-02T10:21:29+05:30,uploads/pwd/PWD-TSK-19024.jpg,INC-20260809-FA28A9
PWD-TSK-18982,PWD-TSK-18982,PWD-BLD,PWD-OFF-007,Executive Engineer (M. Sumathi),Petition: repair leaking roof / cracks at Govt Kilpauk Medical College Hospital,,2026-08-10T11:16:42+05:30,2026-09-10T00:00:00+05:30,In progress,department,pwd_task,2026-09-11T09:34:48+05:30,2026-09-28T12:12:32+05:30,uploads/pwd/PWD-TSK-18982.jpg,INC-20260810-3AC4C5
PWD-TSK-18964,PWD-INC-056885,PWD-WRD,PWD-OFF-015,Executive Engineer (V. Karthikeyan),Remove encroachment on Adyar River - Estuary stretch at Santhome,,2026-08-10T11:34:41+05:30,2026-09-28T00:00:00+05:30,Done,department,pwd_task,2026-09-22T11:26:34+05:30,2026-09-30T10:24:50+05:30,uploads/pwd/PWD-TSK-18964.jpg,INC-20260806-16E68C
PWD-TSK-18983,PWD-TSK-18983,PWD-WRD,PWD-OFF-016,Assistant Executive Engineer (S. Karthikeyan),"Grievance - seepage through Velachery Lake bund, Velachery",,2026-08-10T11:37:46+05:30,2026-10-05T00:00:00+05:30,Done,department,pwd_task,2026-08-31T10:09:02+05:30,2026-09-02T13:52:49+05:30,uploads/pwd/PWD-TSK-18983.jpg,INC-20260810-7E5D20
PWD-TSK-19025,PWD-INC-057074,PWD-WRD,PWD-OFF-019,Executive Engineer (S. Prabhakaran),Monitor surplus course of Korattur Lake & clear obstructions,,2026-08-10T12:33:05+05:30,2026-08-13T00:00:00+05:30,Done,department,pwd_task,2026-09-04T14:33:01+05:30,2026-09-15T10:52:38+05:30,uploads/pwd/PWD-TSK-19025.jpg,INC-20260809-9F2049
PWD-TSK-19026,PWD-INC-057090,PWD-WRD,PWD-OFF-013,Executive Engineer (G. Selvi),Clear debris & rebuild wall - Nerkundram,,2026-08-10T12:33:42+05:30,2026-08-22T00:00:00+05:30,Done,department,pwd_task,2026-08-21T12:35:57+05:30,2026-08-31T11:35:09+05:30,uploads/pwd/PWD-TSK-19026.jpg,INC-20260809-8025AE
PWD-TSK-19027,PWD-INC-057089,PWD-WRD,PWD-OFF-014,Executive Engineer (V. Gunasekaran),Monitor surplus course of Ambattur Lake & clear obstructions,,2026-08-10T12:34:30+05:30,2026-08-13T00:00:00+05:30,Done,department,pwd_task,2026-08-20T08:38:57+05:30,2026-08-25T10:53:28+05:30,uploads/pwd/PWD-TSK-19027.jpg,INC-20260809-05C7F9
PWD-TSK-19028,PWD-INC-057092,PWD-WRD,PWD-OFF-016,Assistant Executive Engineer (S. Karthikeyan),"Pump out stagnant water - Anna St, Dhandeeswaram",,2026-08-10T12:37:41+05:30,2026-08-11T00:00:00+05:30,Done,department,pwd_task,2026-08-13T08:51:41+05:30,2026-08-14T11:20:27+05:30,uploads/pwd/PWD-TSK-19028.jpg,INC-20260809-23A4EE
PWD-TSK-19029,PWD-INC-057088,PWD-WRD,PWD-OFF-015,Executive Engineer (V. Karthikeyan),"Pump out stagnant water - Tank St, Choolai",,2026-08-10T13:39:26+05:30,2026-08-11T00:00:00+05:30,Done,department,pwd_task,2026-09-08T11:28:39+05:30,2026-09-15T10:33:48+05:30,uploads/pwd/PWD-TSK-19029.jpg,INC-20260809-1DF2A8
PWD-TSK-18984,PWD-INC-056952,PWD-WRD,PWD-OFF-018,Assistant Executive Engineer (M. Gunasekaran),Clear choked Buckingham Canal - Korukkupet stretch at Mosque St,,2026-08-10T14:34:26+05:30,2026-08-21T00:00:00+05:30,Done,department,pwd_task,2026-08-21T08:01:08+05:30,2026-09-15T10:39:22+05:30,uploads/pwd/PWD-TSK-18984.jpg,INC-20260807-D147A1
PWD-TSK-19044,PWD-INC-057139,PWD-WRD,PWD-OFF-017,Assistant Executive Engineer (V. Meenakshi),Clear waterlogging at Santhome (Pillaiyar Koil St),,2026-08-10T14:40:38+05:30,2026-08-11T00:00:00+05:30,Done,department,pwd_task,2026-08-13T08:20:58+05:30,2026-08-21T10:20:42+05:30,uploads/pwd/PWD-TSK-19044.jpg,INC-20260810-1A8A4E
PWD-TSK-19030,PWD-INC-057091,PWD-WRD,PWD-OFF-016,Assistant Executive Engineer (S. Karthikeyan),Sandbag bank of Buckingham Canal - Okkiyam stretch near Okkiyam Thoraipakkam,,2026-08-10T15:22:13+05:30,2026-08-14T00:00:00+05:30,Done,department,pwd_task,2026-08-15T08:36:07+05:30,2026-08-17T12:14:37+05:30,uploads/pwd/PWD-TSK-19030.jpg,INC-20260809-F6FEC5
PWD-TSK-19045,PWD-INC-057143,PWD-WRD,PWD-OFF-013,Executive Engineer (G. Selvi),"Pump out stagnant water - Karpagam Ave, Nolambur",,2026-08-10T16:00:04+05:30,2026-08-11T00:00:00+05:30,Done,department,pwd_task,2026-08-13T15:41:47+05:30,2026-09-21T12:19:11+05:30,uploads/pwd/PWD-TSK-19045.jpg,INC-20260810-F8E2FA
PWD-TSK-19046,PWD-INC-057144,PWD-WRD,PWD-OFF-019,Executive Engineer (S. Prabhakaran),"Pump out stagnant water - Sannathi St, Otteri",,2026-08-10T16:22:20+05:30,2026-08-12T00:00:00+05:30,Done,department,pwd_task,2026-09-20T11:55:15+05:30,2026-09-25T13:57:10+05:30,uploads/pwd/PWD-TSK-19046.jpg,INC-20260810-39B217
PWD-TSK-19047,PWD-INC-057146,PWD-WRD,PWD-OFF-016,Assistant Executive Engineer (S. Karthikeyan),Clear waterlogging at Semmancheri (Ellaiamman Koil St),,2026-08-10T16:44:09+05:30,2026-08-12T00:00:00+05:30,Done,department,pwd_task,2026-08-29T10:56:14+05:30,2026-09-03T10:06:20+05:30,uploads/pwd/PWD-TSK-19047.jpg,INC-20260810-FFF9B8
PWD-TSK-18985,PWD-INC-056943,PWD-WRD,PWD-OFF-013,Executive Engineer (G. Selvi),Clear choked Otteri Nullah - Kilpauk stretch at Market Rd,,2026-08-10T17:26:27+05:30,2026-08-31T00:00:00+05:30,Done,department,pwd_task,2026-08-17T09:34:07+05:30,2026-08-27T12:43:06+05:30,uploads/pwd/PWD-TSK-18985.jpg,INC-20260807-8C337A
PWD-TSK-19031,PWD-INC-057081,PWD-WRD,PWD-OFF-012,Executive Engineer (T. Sumathi),Clear choked Guindy Industrial Estate Storm Water Channel at New Colony 2nd St,,2026-08-10T17:49:04+05:30,2026-08-31T00:00:00+05:30,Done,department,pwd_task,2026-08-21T09:32:27+05:30,2026-09-21T10:18:39+05:30,uploads/pwd/PWD-TSK-19031.jpg,INC-20260809-D49808
PWD-TSK-19048,PWD-INC-057164,PWD-WRD,PWD-OFF-013,Executive Engineer (G. Selvi),Clear debris & rebuild wall - Chetpet,,2026-08-11T10:32:20+05:30,2026-08-30T00:00:00+05:30,Done,department,pwd_task,2026-08-15T18:53:54+05:30,2026-09-28T11:17:37+05:30,uploads/pwd/PWD-TSK-19048.jpg,INC-20260810-F3A4AA
PWD-TSK-19049,PWD-INC-057153,PWD-BLD,PWD-OFF-003,Executive Engineer (J. Bharathi),Structural inspection & repair - Rajiv Gandhi Govt General Hospital - Tower Block,,2026-08-11T11:18:32+05:30,2026-09-21T00:00:00+05:30,Done,department,pwd_task,2026-09-29T15:43:20+05:30,,uploads/pwd/PWD-TSK-19049.jpg,INC-20260810-94432D
PWD-TSK-19050,PWD-INC-057137,PWD-WRD,PWD-OFF-015,Executive Engineer (V. Karthikeyan),Clear choked Buckingham Canal - Basin Bridge stretch at North St,,2026-08-11T11:58:59+05:30,2026-08-26T00:00:00+05:30,Done,department,pwd_task,2026-09-24T12:51:42+05:30,2026-09-27T11:58:37+05:30,uploads/pwd/PWD-TSK-19050.jpg,INC-20260810-F2A2BC
PWD-TSK-19051,PWD-INC-057134,PWD-WRD,PWD-OFF-020,Assistant Executive Engineer (S. Palanisamy),Survey & evict encroachment - the water body,,2026-08-11T15:48:35+05:30,2026-09-23T00:00:00+05:30,In progress,department,pwd_task,,,,INC-20260810-EEA74A
PWD-TSK-19052,PWD-INC-057123,PWD-WRD,PWD-OFF-015,Executive Engineer (V. Karthikeyan),Clear choked Pallikaranai Marsh Outlet Drain at Karpagam Ave,,2026-08-12T10:17:24+05:30,2026-09-01T00:00:00+05:30,Done,department,pwd_task,2026-08-19T12:27:22+05:30,2026-08-25T11:19:14+05:30,uploads/pwd/PWD-TSK-19052.jpg,INC-20260810-29A7B2
PWD-TSK-19081,PWD-INC-057241,PWD-WRD,PWD-OFF-017,Assistant Executive Engineer (V. Meenakshi),Inspect & control overflow in Mambalam Canal Macro Drain at T. Nagar,,2026-08-12T14:14:42+05:30,2026-08-15T00:00:00+05:30,Done,department,pwd_task,2026-09-24T12:00:51+05:30,2026-10-01T12:41:11+05:30,uploads/pwd/PWD-TSK-19081.jpg,INC-20260809-104D29
PWD-TSK-19061,PWD-INC-057182,PWD-WRD,PWD-OFF-020,Assistant Executive Engineer (S. Palanisamy),Survey & evict encroachment - Captain Cotton Canal - Vyasarpadi stretch,,2026-08-13T11:11:34+05:30,2026-09-30T00:00:00+05:30,Done,department,pwd_task,2026-08-27T10:36:05+05:30,2026-08-31T10:34:36+05:30,uploads/pwd/PWD-TSK-19061.jpg,INC-20260811-18E7B9
PWD-TSK-19062,PWD-INC-057185,PWD-WRD,PWD-OFF-013,Executive Engineer (G. Selvi),Clear choked Valasaravakkam Macro Drain at Church St,,2026-08-13T12:00:52+05:30,2026-09-03T00:00:00+05:30,Done,department,pwd_task,2026-08-15T17:20:10+05:30,2026-09-02T10:08:27+05:30,uploads/pwd/PWD-TSK-19062.jpg,INC-20260811-7E4C4A
PWD-TSK-19053,PWD-INC-057165,PWD-WRD,PWD-OFF-015,Executive Engineer (V. Karthikeyan),Repair parapet/deck of the bridge,,2026-08-13T15:10:24+05:30,2026-10-04T00:00:00+05:30,In progress,department,pwd_task,,,,INC-20260810-C66809
PWD-TSK-19121,PWD-INC-057363,PWD-WRD,PWD-OFF-014,Executive Engineer (V. Gunasekaran),Desilt / clear blockage in the storm water drain near Kathivakkam,,2026-08-17T10:03:06+05:30,2026-08-26T00:00:00+05:30,Done,department,pwd_task,2026-08-24T10:30:17+05:30,2026-08-31T10:23:07+05:30,uploads/pwd/PWD-TSK-19121.jpg,INC-20260814-2CA3E9
PWD-TSK-19141,PWD-INC-057422,PWD-BLD,PWD-OFF-007,Executive Engineer (M. Sumathi),"Structural inspection & repair - Govt Girls Hr Sec School, Ambattur",,2026-08-17T10:20:56+05:30,2026-09-25T00:00:00+05:30,Done,department,pwd_task,2026-08-23T11:40:42+05:30,2026-08-28T11:46:52+05:30,uploads/pwd/PWD-TSK-19141.jpg,INC-20260815-04F9F9
PWD-TSK-19101,PWD-INC-057305,PWD-WRD,PWD-OFF-015,Executive Engineer (V. Karthikeyan),Repair parapet/deck of Basin Bridge,,2026-08-17T10:24:38+05:30,2026-09-20T00:00:00+05:30,In progress,department,pwd_task,,,,INC-20260813-F6DEBE
PWD-TSK-19142,PWD-INC-057423,PWD-WRD,PWD-OFF-016,Assistant Executive Engineer (S. Karthikeyan),Sandbag bank of Buckingham Canal - Thiruvanmiyur stretch near Thiruvanmiyur,,2026-08-17T10:56:16+05:30,2026-08-21T00:00:00+05:30,Done,department,pwd_task,2026-08-20T10:14:35+05:30,2026-08-24T11:50:25+05:30,uploads/pwd/PWD-TSK-19142.jpg,INC-20260815-BA2757
PWD-TSK-19102,PWD-TSK-19102,PWD-WRD,PWD-OFF-013,Executive Engineer (G. Selvi),"Grievance - silt & garbage in Valasaravakkam Macro Drain, Valasaravakkam",,2026-08-17T11:26:03+05:30,2026-09-03T00:00:00+05:30,In progress,department,pwd_task,2026-09-22T13:41:11+05:30,2026-09-30T10:42:05+05:30,uploads/pwd/PWD-TSK-19102.jpg,INC-20260817-9AE33B
PWD-TSK-19161,PWD-INC-057487,PWD-WRD,PWD-OFF-012,Executive Engineer (T. Sumathi),"Repair parapet/deck of Maraimalai Adigal Bridge, Saidapet",,2026-08-17T12:37:51+05:30,2026-09-17T00:00:00+05:30,Done,department,pwd_task,2026-09-22T15:42:32+05:30,2026-10-01T10:11:03+05:30,uploads/pwd/PWD-TSK-19161.jpg,INC-20260816-7C6F9E
PWD-TSK-19162,PWD-INC-057481,PWD-WRD,PWD-OFF-020,Assistant Executive Engineer (S. Palanisamy),Remove encroachment on Buckingham Canal - Basin Bridge stretch at Pulianthope,,2026-08-17T16:05:19+05:30,2026-10-03T00:00:00+05:30,Done,department,pwd_task,2026-08-25T08:23:53+05:30,2026-09-07T11:03:43+05:30,uploads/pwd/PWD-TSK-19162.jpg,INC-20260816-47A94A
PWD-TSK-19181,PWD-INC-057545,PWD-WRD,PWD-OFF-012,Executive Engineer (T. Sumathi),Clear waterlogging at Guindy Industrial Estate (Market Rd),,2026-08-17T16:54:45+05:30,2026-08-19T00:00:00+05:30,Done,department,pwd_task,2026-08-20T08:26:01+05:30,2026-09-08T10:12:41+05:30,uploads/pwd/PWD-TSK-19181.jpg,INC-20260817-035467
PWD-TSK-19182,PWD-INC-057546,PWD-WRD,PWD-OFF-013,Executive Engineer (G. Selvi),Clear debris & rebuild wall - Nerkundram,,2026-08-17T19:32:41+05:30,2026-08-27T00:00:00+05:30,Done,department,pwd_task,2026-08-23T11:25:20+05:30,,uploads/pwd/PWD-TSK-19182.jpg,INC-20260817-0DAECF
PWD-TSK-19183,PWD-TSK-19183,PWD-WRD,PWD-OFF-013,Executive Engineer (G. Selvi),Petition: desilting of Anna Nagar Macro Drain near Anna Nagar,,2026-08-18T13:58:46+05:30,2026-09-03T00:00:00+05:30,Done,department,pwd_task,2026-08-20T18:11:20+05:30,2026-09-30T10:28:47+05:30,uploads/pwd/PWD-TSK-19183.jpg,INC-20260818-5F7F96
PWD-TSK-19221,PWD-INC-057665,PWD-WRD,PWD-OFF-016,Assistant Executive Engineer (S. Karthikeyan),Clear debris & rebuild wall - Moovarasampet,,2026-08-19T19:01:12+05:30,2026-09-07T00:00:00+05:30,Done,department,pwd_task,2026-09-24T13:49:51+05:30,,uploads/pwd/PWD-TSK-19221.jpg,INC-20260819-3A45AC
PWD-TSK-19201,PWD-INC-057602,PWD-WRD,PWD-OFF-013,Executive Engineer (G. Selvi),Clear choked Anna Nagar Macro Drain at Karpagam Ave,,2026-08-20T11:23:16+05:30,2026-09-04T00:00:00+05:30,Done,department,pwd_task,2026-08-29T12:09:44+05:30,2026-09-07T10:49:07+05:30,uploads/pwd/PWD-TSK-19201.jpg,INC-20260818-751FF1
PWD-TSK-19184,PWD-INC-057547,PWD-WRD,PWD-OFF-015,Executive Engineer (V. Karthikeyan),Clear choked Buckingham Canal - Basin Bridge stretch at Balaji Nagar Main Rd,,2026-08-20T11:39:56+05:30,2026-09-04T00:00:00+05:30,Done,department,pwd_task,2026-08-27T13:22:28+05:30,,uploads/pwd/PWD-TSK-19184.jpg,INC-20260817-D61745
PWD-TSK-19185,PWD-TSK-19185,PWD-WRD,PWD-OFF-013,Executive Engineer (G. Selvi),Petition: remove water hyacinth in Virugambakkam-Arumbakkam Canal,,2026-08-20T12:29:13+05:30,2026-09-10T00:00:00+05:30,Done,department,pwd_task,2026-08-28T08:25:21+05:30,2026-09-01T14:04:51+05:30,uploads/pwd/PWD-TSK-19185.jpg,INC-20260820-F21D9F
PWD-TSK-19241,PWD-INC-057722,PWD-WRD,PWD-OFF-014,Executive Engineer (V. Gunasekaran),"Remove collapsed wall debris near Kalaignar Nagar, Korattur",,2026-08-20T14:11:13+05:30,2026-09-03T00:00:00+05:30,Done,department,pwd_task,2026-09-27T09:29:26+05:30,,uploads/pwd/PWD-TSK-19241.jpg,INC-20260820-41BC1A
PWD-TSK-19186,PWD-INC-057548,PWD-BLD,PWD-OFF-004,Executive Engineer (G. Kalaiselvi),Attend roof leak / cracks - Govt Royapettah Hospital,,2026-08-20T14:57:49+05:30,2026-10-14T00:00:00+05:30,Done,department,pwd_task,2026-09-27T16:24:15+05:30,,uploads/pwd/PWD-TSK-19186.jpg,INC-20260817-83FDE6
PWD-TSK-19222,PWD-TSK-19222,PWD-WRD,PWD-OFF-018,Assistant Executive Engineer (M. Gunasekaran),"Grievance - silt & garbage in Captain Cotton Canal - Vyasarpadi stretch, Vyasarpadi",,2026-08-20T15:46:32+05:30,2026-09-06T00:00:00+05:30,Done,department,pwd_task,2026-08-23T08:50:24+05:30,2026-09-07T12:52:37+05:30,uploads/pwd/PWD-TSK-19222.jpg,INC-20260820-8344AD
PWD-TSK-19223,PWD-TSK-19223,PWD-WRD,PWD-OFF-018,Assistant Executive Engineer (M. Gunasekaran),Petition: remove water hyacinth in Retteri Lake,,2026-08-20T17:56:58+05:30,2026-09-09T00:00:00+05:30,Done,department,pwd_task,2026-08-23T16:41:56+05:30,2026-09-03T20:37:48+05:30,uploads/pwd/PWD-TSK-19223.jpg,INC-20260820-97E9EB
PWD-TSK-19202,PWD-INC-057603,PWD-WRD,PWD-OFF-015,Executive Engineer (V. Karthikeyan),Clear choked Buckingham Canal - Basin Bridge stretch at Kalaignar Nagar,,2026-08-21T10:08:18+05:30,2026-09-05T00:00:00+05:30,Done,department,pwd_task,2026-10-01T11:35:31+05:30,,uploads/pwd/PWD-TSK-19202.jpg,INC-20260817-2881F0
PWD-TSK-19242,PWD-TSK-19242,PWD-WRD,PWD-OFF-014,Executive Engineer (V. Gunasekaran),Petition: Korattur Lake Sluice shutter not closing properly,,2026-08-21T10:28:51+05:30,2026-09-13T00:00:00+05:30,Done,department,pwd_task,2026-08-27T11:41:12+05:30,,uploads/pwd/PWD-TSK-19242.jpg,INC-20260821-B85460
PWD-TSK-19261,PWD-INC-057787,PWD-WRD,PWD-OFF-013,Executive Engineer (G. Selvi),Clear debris & rebuild wall - Pulianthope,,2026-08-21T14:27:12+05:30,2026-09-02T00:00:00+05:30,Done,department,pwd_task,2026-08-28T10:17:44+05:30,2026-08-31T11:09:27+05:30,uploads/pwd/PWD-TSK-19261.jpg,INC-20260821-5C7F0B
PWD-TSK-19224,PWD-INC-057662,PWD-BLD,PWD-OFF-004,Executive Engineer (G. Kalaiselvi),Structural inspection & repair - Sholinganallur Taluk Office,,2026-08-21T16:12:52+05:30,2026-09-24T00:00:00+05:30,In progress,department,pwd_task,2026-09-13T09:06:33+05:30,2026-09-28T10:00:32+05:30,uploads/pwd/PWD-TSK-19224.jpg,INC-20260819-2AF6E4
PWD-TSK-19301,PWD-INC-057903,PWD-BLD,PWD-OFF-003,Executive Engineer (J. Bharathi),"Remove collapsed wall debris near Nehru St, Periyar Nagar",,2026-08-24T10:00:34+05:30,2026-08-31T00:00:00+05:30,Done,department,pwd_task,2026-08-29T09:15:58+05:30,2026-09-23T11:10:02+05:30,uploads/pwd/PWD-TSK-19301.jpg,INC-20260823-670304
PWD-TSK-19262,PWD-INC-057781,PWD-WRD,PWD-OFF-012,Executive Engineer (T. Sumathi),Remove encroachment on Velachery Lake at Velachery,,2026-08-24T10:07:34+05:30,2026-10-20T00:00:00+05:30,Done,department,pwd_task,2026-09-13T18:30:10+05:30,2026-09-21T09:17:42+05:30,uploads/pwd/PWD-TSK-19262.jpg,INC-20260821-AFF200
PWD-TSK-19243,PWD-INC-057727,PWD-BLD,PWD-OFF-006,Executive Engineer (T. Rajendran),"Structural inspection & repair - Govt Peripheral Hospital, K.K. Nagar",,2026-08-24T10:08:34+05:30,2026-09-30T00:00:00+05:30,In progress,department,pwd_task,,,,INC-20260820-2EC29D
PWD-TSK-19244,PWD-INC-057725,PWD-BLD,PWD-OFF-004,Executive Engineer (G. Kalaiselvi),Attend roof leak / cracks - Ezhilagam Govt Office Complex,,2026-08-24T10:26:59+05:30,2026-10-13T00:00:00+05:30,In progress,department,pwd_task,,,,INC-20260820-C1A751
PWD-TSK-19302,PWD-INC-057906,PWD-WRD,PWD-OFF-016,Assistant Executive Engineer (S. Karthikeyan),"Emergency closure of breach - Mogappair Eri, Mogappair",,2026-08-24T10:54:57+05:30,2026-08-25T00:00:00+05:30,Done,department,pwd_task,2026-08-27T11:19:51+05:30,2026-08-31T11:56:29+05:30,uploads/pwd/PWD-TSK-19302.jpg,INC-20260823-D9DF6E
PWD-TSK-19263,PWD-TSK-19263,PWD-WRD,PWD-OFF-020,Assistant Executive Engineer (S. Palanisamy),Grievance - illegal construction in Cooum River - Koyambedu stretch,,2026-08-24T11:28:35+05:30,2026-10-18T00:00:00+05:30,Done,department,pwd_task,2026-09-09T11:33:38+05:30,,uploads/pwd/PWD-TSK-19263.jpg,INC-20260824-DE4104
PWD-TSK-19245,PWD-TSK-19245,PWD-WRD,PWD-OFF-017,Assistant Executive Engineer (V. Meenakshi),"Grievance - silt & garbage in Guindy Industrial Estate Storm Water Channel, Guindy Industrial Estate",,2026-08-24T11:54:58+05:30,2026-09-03T00:00:00+05:30,Done,department,pwd_task,2026-09-03T10:04:51+05:30,2026-09-15T10:01:30+05:30,uploads/pwd/PWD-TSK-19245.jpg,INC-20260824-FCD830
PWD-TSK-19246,PWD-INC-057731,PWD-BLD,PWD-OFF-004,Executive Engineer (G. Kalaiselvi),Attend roof leak / cracks - Ezhilagam Govt Office Complex,,2026-08-24T12:57:01+05:30,2026-09-27T00:00:00+05:30,Done,department,pwd_task,2026-09-16T12:46:27+05:30,2026-09-18T10:11:31+05:30,uploads/pwd/PWD-TSK-19246.jpg,INC-20260820-C1A751
PWD-TSK-19264,PWD-TSK-19264,PWD-BLD,PWD-OFF-004,Executive Engineer (G. Kalaiselvi),Petition: repair leaking roof / cracks at King Institute of Preventive Medicine,,2026-08-24T13:16:08+05:30,2026-10-19T00:00:00+05:30,In progress,department,pwd_task,,,,INC-20260824-87B83B
PWD-TSK-19281,PWD-INC-057842,PWD-BLD,PWD-OFF-004,Executive Engineer (G. Kalaiselvi),"Attend roof leak / cracks - Govt Hr Sec School, Ashok Nagar",,2026-08-24T14:29:43+05:30,2026-09-23T00:00:00+05:30,In progress,department,pwd_task,,,,INC-20260822-C56836
PWD-TSK-19321,PWD-TSK-19321,PWD-BLD,PWD-OFF-006,Executive Engineer (T. Rajendran),"Grievance - unsafe building condition, Rajiv Gandhi Govt General Hospital - Tower Block",,2026-08-25T10:31:58+05:30,2026-10-09T00:00:00+05:30,Done,department,pwd_task,2026-09-12T11:36:06+05:30,2026-09-13T07:19:18+05:30,uploads/pwd/PWD-TSK-19321.jpg,INC-20260825-D6B6D8
PWD-TSK-19341,PWD-INC-058021,PWD-WRD,PWD-OFF-014,Executive Engineer (V. Gunasekaran),Clear debris & rebuild wall - Kathivakkam,,2026-08-25T12:07:39+05:30,2026-09-08T00:00:00+05:30,Done,department,pwd_task,2026-09-16T11:55:58+05:30,,uploads/pwd/PWD-TSK-19341.jpg,INC-20260825-DB949E
PWD-TSK-19342,PWD-INC-058023,PWD-WRD,PWD-OFF-014,Executive Engineer (V. Gunasekaran),Deploy pumpset & drain water - Kathivakkam,,2026-08-25T15:17:51+05:30,2026-08-28T00:00:00+05:30,Done,department,pwd_task,2026-09-27T10:44:53+05:30,2026-09-30T10:18:27+05:30,uploads/pwd/PWD-TSK-19342.jpg,INC-20260825-0677C0
PWD-TSK-19303,PWD-INC-057902,PWD-WRD,PWD-OFF-017,Assistant Executive Engineer (V. Meenakshi),Desilt / clear blockage in Guindy Industrial Estate Storm Water Channel near Guindy Industrial Estate,,2026-08-25T16:00:33+05:30,2026-09-08T00:00:00+05:30,Not started,department,pwd_task,,,,INC-20260823-76AFCC
PWD-TSK-19322,PWD-INC-057964,PWD-WRD,PWD-OFF-013,Executive Engineer (G. Selvi),Repair parapet/deck of Napier Bridge,,2026-08-25T17:04:01+05:30,2026-10-24T00:00:00+05:30,Done,department,pwd_task,2026-09-28T10:46:55+05:30,,uploads/pwd/PWD-TSK-19322.jpg,INC-20260824-5CB9DA
PWD-TSK-19361,PWD-INC-058083,PWD-WRD,PWD-OFF-019,Executive Engineer (S. Prabhakaran),Clear waterlogging at Nanganallur (Gandhi St),,2026-08-26T09:25:21+05:30,2026-08-28T00:00:00+05:30,Done,department,pwd_task,2026-09-01T11:46:58+05:30,2026-09-07T12:59:04+05:30,uploads/pwd/PWD-TSK-19361.jpg,INC-20260826-B9B43D
PWD-TSK-19362,PWD-INC-058087,PWD-WRD,PWD-OFF-019,Executive Engineer (S. Prabhakaran),Deploy pumpset & drain water - Moovarasampet,,2026-08-27T10:11:42+05:30,2026-08-28T00:00:00+05:30,Done,department,pwd_task,2026-09-18T11:56:51+05:30,,uploads/pwd/PWD-TSK-19362.jpg,INC-20260826-CFFEA0
PWD-TSK-19363,PWD-INC-058085,PWD-WRD,PWD-OFF-017,Assistant Executive Engineer (V. Meenakshi),"Pump out stagnant water - Market Rd, Guindy",,2026-08-27T10:12:45+05:30,2026-08-29T00:00:00+05:30,Done,department,pwd_task,2026-08-29T15:30:48+05:30,2026-09-07T10:21:24+05:30,uploads/pwd/PWD-TSK-19363.jpg,INC-20260826-A9E79E
PWD-TSK-19323,PWD-TSK-19323,PWD-WRD,PWD-OFF-012,Executive Engineer (T. Sumathi),"Grievance - silt & garbage in Pallikaranai Marsh Outlet Drain, Pallikaranai",,2026-08-27T10:19:45+05:30,2026-09-09T00:00:00+05:30,Done,department,pwd_task,2026-09-04T08:12:40+05:30,2026-09-18T12:58:14+05:30,uploads/pwd/PWD-TSK-19323.jpg,INC-20260827-F13737
PWD-TSK-19343,PWD-INC-058024,PWD-WRD,PWD-OFF-013,Executive Engineer (G. Selvi),Survey & evict encroachment - Buckingham Canal - Mandaveli stretch,,2026-08-27T10:50:22+05:30,2026-09-30T00:00:00+05:30,In progress,department,pwd_task,,,,INC-20260825-FF43D8
PWD-TSK-19364,PWD-INC-058091,PWD-WRD,PWD-OFF-014,Executive Engineer (V. Gunasekaran),Desilt / clear blockage in Buckingham Canal - Ennore stretch near Ennore,,2026-08-27T11:41:51+05:30,2026-09-14T00:00:00+05:30,In progress,department,pwd_task,,,,INC-20260826-E22E6F
PWD-TSK-19344,PWD-TSK-19344,PWD-WRD,PWD-OFF-018,Assistant Executive Engineer (M. Gunasekaran),Petition: desilting of Captain Cotton Canal - Vyasarpadi stretch near Vyasarpadi,,2026-08-27T13:20:53+05:30,2026-09-10T00:00:00+05:30,Done,department,pwd_task,2026-09-06T10:02:32+05:30,2026-09-10T12:02:49+05:30,uploads/pwd/PWD-TSK-19344.jpg,INC-20260827-330E0D
PWD-TSK-19401,PWD-INC-058212,PWD-WRD,PWD-OFF-014,Executive Engineer (V. Gunasekaran),Inspect & control overflow in Buckingham Canal - Ennore stretch at Ennore,,2026-08-28T09:00:08+05:30,2026-09-01T00:00:00+05:30,Done,department,pwd_task,2026-09-12T13:35:12+05:30,,uploads/pwd/PWD-TSK-19401.jpg,INC-20260828-FBA20C
PWD-TSK-19381,PWD-INC-058143,PWD-WRD,PWD-OFF-015,Executive Engineer (V. Karthikeyan),Clear choked Pallikaranai Marsh Outlet Drain at Sathya Nagar 2nd St,,2026-08-28T10:22:41+05:30,2026-09-04T00:00:00+05:30,Done,department,pwd_task,2026-09-13T08:38:05+05:30,,uploads/pwd/PWD-TSK-19381.jpg,INC-20260827-F13737
PWD-TSK-19402,PWD-INC-058215,PWD-WRD,PWD-OFF-017,Assistant Executive Engineer (V. Meenakshi),Clear debris & rebuild wall - Guindy Industrial Estate,,2026-08-28T10:57:11+05:30,2026-09-15T00:00:00+05:30,Done,department,pwd_task,2026-09-04T10:24:49+05:30,2026-09-30T10:44:21+05:30,uploads/pwd/PWD-TSK-19402.jpg,INC-20260828-22B17E
PWD-TSK-19403,PWD-INC-058225,PWD-WRD,PWD-OFF-019,Executive Engineer (S. Prabhakaran),Clear waterlogging at Ambattur Industrial Estate (Nehru St),,2026-08-28T12:22:31+05:30,2026-08-30T00:00:00+05:30,Done,department,pwd_task,2026-08-31T10:09:13+05:30,2026-09-10T11:59:21+05:30,uploads/pwd/PWD-TSK-19403.jpg,INC-20260828-D0D8E8
PWD-TSK-19404,PWD-INC-058227,PWD-WRD,PWD-OFF-015,Executive Engineer (V. Karthikeyan),"Pump out stagnant water - 1st Avenue, Jawahar Nagar",,2026-08-28T13:14:56+05:30,2026-08-29T00:00:00+05:30,Done,department,pwd_task,2026-08-31T11:24:35+05:30,2026-09-02T13:48:24+05:30,uploads/pwd/PWD-TSK-19404.jpg,INC-20260828-9861CD
PWD-TSK-19405,PWD-INC-058224,PWD-WRD,PWD-OFF-016,Assistant Executive Engineer (S. Karthikeyan),"Pump out stagnant water - Mettu St, Nanganallur",,2026-08-28T14:26:05+05:30,2026-08-30T00:00:00+05:30,Done,department,pwd_task,2026-09-02T08:39:10+05:30,2026-09-07T10:21:26+05:30,uploads/pwd/PWD-TSK-19405.jpg,INC-20260826-CFFEA0
PWD-TSK-19406,PWD-INC-058228,PWD-WRD,PWD-OFF-018,Assistant Executive Engineer (M. Gunasekaran),Sandbag bank of Otteri Nullah - Perambur stretch near Perambur,,2026-08-28T14:43:36+05:30,2026-09-01T00:00:00+05:30,Done,department,pwd_task,2026-09-16T08:35:01+05:30,2026-09-22T12:32:58+05:30,uploads/pwd/PWD-TSK-19406.jpg,INC-20260828-7AB4F1
PWD-TSK-19407,PWD-INC-058232,PWD-WRD,PWD-OFF-015,Executive Engineer (V. Karthikeyan),Deploy pumpset & drain water - Perungudi,,2026-08-28T14:47:34+05:30,2026-08-31T00:00:00+05:30,Done,department,pwd_task,2026-08-31T11:37:35+05:30,2026-09-03T15:02:48+05:30,uploads/pwd/PWD-TSK-19407.jpg,INC-20260828-9C095A
PWD-TSK-19408,PWD-INC-058229,PWD-WRD,PWD-OFF-015,Executive Engineer (V. Karthikeyan),Clear waterlogging at Manali (Mettu St),,2026-08-28T17:17:59+05:30,2026-08-31T00:00:00+05:30,Done,department,pwd_task,2026-09-16T14:35:36+05:30,2026-09-18T14:49:53+05:30,uploads/pwd/PWD-TSK-19408.jpg,INC-20260828-E658C5
PWD-TSK-19441,PWD-INC-058321,PWD-WRD,PWD-OFF-017,Assistant Executive Engineer (V. Meenakshi),Clear debris & rebuild wall - Kodambakkam,,2026-08-31T10:04:19+05:30,2026-09-10T00:00:00+05:30,Done,department,pwd_task,2026-09-23T10:48:45+05:30,,uploads/pwd/PWD-TSK-19441.jpg,INC-20260830-1448D5
PWD-TSK-19409,PWD-INC-058220,PWD-WRD,PWD-OFF-018,Assistant Executive Engineer (M. Gunasekaran),Desilt / clear blockage in Otteri Nullah - Perambur stretch near Perambur,,2026-08-31T10:07:35+05:30,2026-09-15T00:00:00+05:30,Done,department,pwd_task,2026-09-11T08:36:32+05:30,2026-09-21T11:22:30+05:30,uploads/pwd/PWD-TSK-19409.jpg,INC-20260828-B24FD6
PWD-TSK-19410,PWD-INC-058246,PWD-BLD,PWD-OFF-007,Executive Engineer (M. Sumathi),"Attend roof leak / cracks - Govt Girls Hr Sec School, Ambattur",,2026-08-31T10:14:36+05:30,2026-10-02T00:00:00+05:30,In progress,department,pwd_task,,,,INC-20260828-76D4B7
PWD-TSK-19421,PWD-INC-058263,PWD-WRD,PWD-OFF-018,Assistant Executive Engineer (M. Gunasekaran),Remove encroachment on the water body at ICF Colony,,2026-08-31T11:04:48+05:30,2026-10-03T00:00:00+05:30,In progress,department,pwd_task,,,,INC-20260829-827CAD
PWD-TSK-19411,PWD-INC-058238,PWD-WRD,PWD-OFF-016,Assistant Executive Engineer (S. Karthikeyan),"Pump out stagnant water - Indira Nagar 3rd Ave, Villivakkam",,2026-08-31T11:20:12+05:30,2026-09-03T00:00:00+05:30,Done,department,pwd_task,2026-09-28T09:10:52+05:30,,uploads/pwd/PWD-TSK-19411.jpg,INC-20260828-57C284
PWD-TSK-19412,PWD-INC-058247,PWD-WRD,PWD-OFF-017,Assistant Executive Engineer (V. Meenakshi),Clear choked Mambalam Canal Macro Drain at 2nd Main Rd,,2026-08-31T11:21:59+05:30,2026-09-17T00:00:00+05:30,Done,department,pwd_task,2026-10-02T09:17:52+05:30,,uploads/pwd/PWD-TSK-19412.jpg,INC-20260828-1EEA75
PWD-TSK-19461,PWD-INC-058383,PWD-WRD,PWD-OFF-013,Executive Engineer (G. Selvi),Deploy pumpset & drain water - Anna Nagar,,2026-08-31T11:52:50+05:30,2026-09-01T00:00:00+05:30,Done,department,pwd_task,2026-09-03T11:11:41+05:30,2026-09-09T10:29:45+05:30,uploads/pwd/PWD-TSK-19461.jpg,INC-20260831-9A3D54
PWD-TSK-19442,PWD-INC-058325,PWD-WRD,PWD-OFF-016,Assistant Executive Engineer (S. Karthikeyan),Remove encroachment on Velachery Lake at Velachery,,2026-08-31T12:23:49+05:30,2026-10-29T00:00:00+05:30,Done,department,pwd_task,2026-09-19T10:46:13+05:30,2026-09-28T10:48:36+05:30,uploads/pwd/PWD-TSK-19442.jpg,INC-20260830-C128C5
PWD-TSK-19422,PWD-INC-058264,PWD-WRD,PWD-OFF-012,Executive Engineer (T. Sumathi),Desilt / clear blockage in Nanganallur Macro Drain near Nanganallur,,2026-08-31T13:04:20+05:30,2026-09-15T00:00:00+05:30,Done,department,pwd_task,2026-09-11T11:51:14+05:30,2026-09-16T17:41:27+05:30,uploads/pwd/PWD-TSK-19422.jpg,INC-20260829-AAF7CB
PWD-TSK-19481,PWD-INC-058441,PWD-WRD,PWD-OFF-014,Executive Engineer (V. Gunasekaran),Clear debris & rebuild wall - Manali,,2026-09-01T10:13:27+05:30,2026-09-08T00:00:00+05:30,In progress,department,pwd_task,,,,INC-20260901-FA1996
PWD-TSK-19443,PWD-TSK-19443,PWD-WRD,PWD-OFF-016,Assistant Executive Engineer (S. Karthikeyan),Petition: desilting of Otteri Nullah - Ayanavaram stretch near Ayanavaram,,2026-09-01T11:34:10+05:30,2026-09-08T00:00:00+05:30,Done,department,pwd_task,2026-09-07T14:29:01+05:30,2026-09-10T10:47:15+05:30,uploads/pwd/PWD-TSK-19443.jpg,INC-20260901-51EB3D
PWD-TSK-19423,PWD-TSK-19423,PWD-WRD,PWD-OFF-013,Executive Engineer (G. Selvi),"Grievance - silt & garbage in Anna Nagar Macro Drain, Anna Nagar",,2026-09-01T12:00:09+05:30,2026-09-15T00:00:00+05:30,Done,department,pwd_task,2026-10-01T10:11:07+05:30,,uploads/pwd/PWD-TSK-19423.jpg,INC-20260901-1F3EDD
PWD-TSK-19462,PWD-TSK-19462,PWD-WRD,PWD-OFF-012,Executive Engineer (T. Sumathi),Petition: desilting of Mambalam Canal Macro Drain near T. Nagar,,2026-09-01T13:25:20+05:30,2026-09-12T00:00:00+05:30,Done,department,pwd_task,2026-09-26T09:00:50+05:30,,uploads/pwd/PWD-TSK-19462.jpg,INC-20260901-D9045A
PWD-TSK-19463,PWD-TSK-19463,PWD-BLD,PWD-OFF-007,Executive Engineer (M. Sumathi),Petition: repair leaking roof / cracks at Govt Kilpauk Medical College Hospital,,2026-09-01T13:38:21+05:30,2026-10-30T00:00:00+05:30,In progress,department,pwd_task,,,,INC-20260901-7B37CB
PWD-TSK-19482,PWD-TSK-19482,PWD-WRD,PWD-OFF-015,Executive Engineer (V. Karthikeyan),Petition: desilting of Kathivakkam Macro Drain near Kathivakkam,,2026-09-02T10:11:36+05:30,2026-09-12T00:00:00+05:30,Done,department,pwd_task,2026-09-30T08:46:21+05:30,2026-10-01T12:05:13+05:30,uploads/pwd/PWD-TSK-19482.jpg,INC-20260902-15C17C
PWD-TSK-19464,PWD-INC-058391,PWD-WRD,PWD-OFF-017,Assistant Executive Engineer (V. Meenakshi),Desilt / clear blockage in Mambalam Canal Macro Drain near T. Nagar,,2026-09-02T10:22:18+05:30,2026-09-21T00:00:00+05:30,Done,department,pwd_task,2026-09-05T10:08:01+05:30,2026-09-21T15:08:09+05:30,uploads/pwd/PWD-TSK-19464.jpg,INC-20260831-081FA4
PWD-TSK-19483,PWD-TSK-19483,PWD-WRD,PWD-OFF-013,Executive Engineer (G. Selvi),Petition: desilting of Anna Nagar Macro Drain near Anna Nagar,,2026-09-02T10:51:13+05:30,2026-09-12T00:00:00+05:30,Not started,department,pwd_task,,,,INC-20260901-1F3EDD
PWD-TSK-19465,PWD-INC-058382,PWD-WRD,PWD-OFF-017,Assistant Executive Engineer (V. Meenakshi),Remove encroachment on Adyar River - Jafferkhanpet stretch at Jafferkhanpet,,2026-09-02T11:37:45+05:30,2026-10-17T00:00:00+05:30,Not started,department,pwd_task,,,,INC-20260831-5A22CA
PWD-TSK-19484,PWD-INC-058445,PWD-WRD,PWD-OFF-018,Assistant Executive Engineer (M. Gunasekaran),Clear choked Kodungaiyur Canal at New Colony 2nd St,,2026-09-02T11:38:27+05:30,2026-09-21T00:00:00+05:30,Not started,department,pwd_task,,,,INC-20260901-31ED32
PWD-TSK-19444,PWD-TSK-19444,PWD-WRD,PWD-OFF-012,Executive Engineer (T. Sumathi),"Petition: remove encroachment on Adyar River - Estuary stretch, Santhome",,2026-09-02T12:49:58+05:30,2026-10-02T00:00:00+05:30,Done,department,pwd_task,2026-09-13T12:29:37+05:30,2026-09-16T12:42:51+05:30,uploads/pwd/PWD-TSK-19444.jpg,INC-20260902-4D2E7B
PWD-TSK-19466,PWD-INC-058385,PWD-WRD,PWD-OFF-015,Executive Engineer (V. Karthikeyan),Inspect damage to Napier Bridge,,2026-09-02T16:56:57+05:30,2026-10-07T00:00:00+05:30,In progress,department,pwd_task,,,,INC-20260831-750D90
PWD-TSK-19501,PWD-TSK-19501,PWD-WRD,PWD-OFF-013,Executive Engineer (G. Selvi),"Grievance - silt & garbage in Virugambakkam-Arumbakkam Canal, Virugambakkam",,2026-09-03T14:44:29+05:30,2026-09-14T00:00:00+05:30,Done,department,pwd_task,2026-09-05T17:16:57+05:30,2026-09-21T16:51:12+05:30,uploads/pwd/PWD-TSK-19501.jpg,INC-20260903-A25214
PWD-TSK-19581,PWD-INC-058752,PWD-WRD,PWD-OFF-015,Executive Engineer (V. Karthikeyan),Inspect & control overflow in Otteri Nullah - Perambur stretch at Perambur,,2026-09-06T19:14:32+05:30,2026-09-08T00:00:00+05:30,Done,department,pwd_task,2026-09-12T08:55:10+05:30,2026-09-15T11:18:36+05:30,uploads/pwd/PWD-TSK-19581.jpg,INC-20260906-96EB55
PWD-TSK-19582,PWD-INC-058764,PWD-WRD,PWD-OFF-013,Executive Engineer (G. Selvi),Clear debris & rebuild wall - Nolambur,,2026-09-06T19:31:03+05:30,2026-09-15T00:00:00+05:30,In progress,department,pwd_task,,,,INC-20260906-CC7F68
PWD-TSK-19583,PWD-INC-058761,PWD-WRD,PWD-OFF-013,Executive Engineer (G. Selvi),Inspect & control overflow in Buckingham Canal - Basin Bridge stretch at Pulianthope,,2026-09-06T20:46:43+05:30,2026-09-09T00:00:00+05:30,In progress,department,pwd_task,2026-09-11T17:44:47+05:30,2026-09-25T17:04:30+05:30,uploads/pwd/PWD-TSK-19583.jpg,INC-20260906-E4180A
PWD-TSK-19502,PWD-TSK-19502,PWD-BLD,PWD-OFF-006,Executive Engineer (T. Rajendran),"Petition: repair leaking roof / cracks at Govt Peripheral Hospital, Periyar Nagar",,2026-09-07T10:01:45+05:30,2026-10-30T00:00:00+05:30,Not started,department,pwd_task,,,,INC-20260907-822B5D
PWD-TSK-19584,PWD-INC-058749,PWD-WRD,PWD-OFF-019,Executive Engineer (S. Prabhakaran),"Pump out stagnant water - Sannathi St, Virugambakkam",,2026-09-07T10:01:55+05:30,2026-09-10T00:00:00+05:30,Done,department,pwd_task,2026-09-09T18:57:58+05:30,2026-09-15T11:44:43+05:30,uploads/pwd/PWD-TSK-19584.jpg,INC-20260906-8F6DE7
PWD-TSK-19503,PWD-INC-058505,PWD-BLD,PWD-OFF-004,Executive Engineer (G. Kalaiselvi),Structural inspection & repair - Ezhilagam Govt Office Complex,,2026-09-07T10:12:27+05:30,2026-10-31T00:00:00+05:30,In progress,department,pwd_task,,,,INC-20260902-836CED
PWD-TSK-19585,PWD-INC-058773,PWD-WRD,PWD-OFF-019,Executive Engineer (S. Prabhakaran),Deploy pumpset & drain water - Egmore,,2026-09-07T10:15:18+05:30,2026-09-09T00:00:00+05:30,Done,department,pwd_task,2026-10-02T09:02:13+05:30,,uploads/pwd/PWD-TSK-19585.jpg,INC-20260906-A4A146
PWD-TSK-19521,PWD-INC-058562,PWD-WRD,PWD-OFF-013,Executive Engineer (G. Selvi),Clear choked Buckingham Canal - Mandaveli stretch at Thiruvalluvar St,,2026-09-07T10:27:06+05:30,2026-09-15T00:00:00+05:30,Done,department,pwd_task,2026-09-10T10:08:55+05:30,2026-09-11T16:02:16+05:30,uploads/pwd/PWD-TSK-19521.jpg,INC-20260903-67BA19
PWD-TSK-19586,PWD-INC-058759,PWD-WRD,PWD-OFF-013,Executive Engineer (G. Selvi),Clear debris & rebuild wall - Kilpauk,,2026-09-07T10:31:31+05:30,2026-09-19T00:00:00+05:30,Done,department,pwd_task,2026-09-11T12:39:07+05:30,,uploads/pwd/PWD-TSK-19586.jpg,INC-20260906-138E5F
PWD-TSK-19587,PWD-INC-058786,PWD-BLD,PWD-OFF-006,Executive Engineer (T. Rajendran),Attend roof leak / cracks - Govt Kilpauk Medical College Hospital,,2026-09-07T10:45:51+05:30,2026-10-08T00:00:00+05:30,Done,department,pwd_task,2026-09-13T13:45:29+05:30,2026-09-16T10:33:25+05:30,uploads/pwd/PWD-TSK-19587.jpg,INC-20260906-0B0012
PWD-TSK-19588,PWD-INC-058778,PWD-WRD,PWD-OFF-018,Assistant Executive Engineer (M. Gunasekaran),"Remove collapsed wall debris near Karpagam Ave, New Washermanpet",,2026-09-07T10:46:45+05:30,2026-09-22T00:00:00+05:30,Done,department,pwd_task,2026-09-16T10:26:54+05:30,2026-09-23T11:52:47+05:30,uploads/pwd/PWD-TSK-19588.jpg,INC-20260906-0EF05F
PWD-TSK-19561,PWD-INC-058685,PWD-WRD,PWD-OFF-015,Executive Engineer (V. Karthikeyan),Desilt / clear blockage in Buckingham Canal - Okkiyam stretch near Okkiyam Thoraipakkam,,2026-09-07T10:51:49+05:30,2026-09-14T00:00:00+05:30,In progress,department,pwd_task,,,,INC-20260905-BE6B0A
PWD-TSK-19504,PWD-INC-058506,PWD-BLD,PWD-OFF-007,Executive Engineer (M. Sumathi),"Attend roof leak / cracks - Govt Polytechnic College, Taramani",,2026-09-07T11:00:46+05:30,2026-10-27T00:00:00+05:30,Done,department,pwd_task,2026-09-26T11:37:00+05:30,,uploads/pwd/PWD-TSK-19504.jpg,INC-20260902-DCF7EB
PWD-TSK-19541,PWD-INC-058622,PWD-WRD,PWD-OFF-020,Assistant Executive Engineer (S. Palanisamy),Remove encroachment on Pallikaranai Marsh Outlet Drain at Pallikaranai,,2026-09-07T11:41:54+05:30,2026-10-26T00:00:00+05:30,In progress,department,pwd_task,,,,INC-20260904-A37FCF
PWD-TSK-19589,PWD-INC-058771,PWD-WRD,PWD-OFF-017,Assistant Executive Engineer (V. Meenakshi),Deploy pumpset & drain water - T. Nagar,,2026-09-07T11:48:21+05:30,2026-09-09T00:00:00+05:30,Done,department,pwd_task,2026-09-09T12:34:43+05:30,2026-09-16T10:20:25+05:30,uploads/pwd/PWD-TSK-19589.jpg,INC-20260906-1DF31F
PWD-TSK-19590,PWD-INC-058789,PWD-WRD,PWD-OFF-013,Executive Engineer (G. Selvi),"Pump out stagnant water - Mosque St, Chintadripet",,2026-09-07T12:05:03+05:30,2026-09-09T00:00:00+05:30,Done,department,pwd_task,2026-09-10T11:26:19+05:30,2026-09-28T11:21:26+05:30,uploads/pwd/PWD-TSK-19590.jpg,INC-20260906-0C6786
PWD-TSK-19505,PWD-TSK-19505,PWD-WRD,PWD-OFF-013,Executive Engineer (G. Selvi),Grievance - illegal construction in Nolambur Lake,,2026-09-07T12:12:22+05:30,2026-10-12T00:00:00+05:30,In progress,department,pwd_task,,,,INC-20260907-8D64AF
PWD-TSK-19591,PWD-INC-058758,PWD-WRD,PWD-OFF-019,Executive Engineer (S. Prabhakaran),Inspect & control overflow in the canal at Purasawalkam,,2026-09-07T13:05:07+05:30,2026-09-09T00:00:00+05:30,In progress,department,pwd_task,2026-09-09T13:43:55+05:30,2026-09-30T10:52:56+05:30,uploads/pwd/PWD-TSK-19591.jpg,INC-20260906-072CB7
PWD-TSK-19542,PWD-TSK-19542,PWD-WRD,PWD-OFF-015,Executive Engineer (V. Karthikeyan),"Grievance - silt & garbage in Buckingham Canal - Mandaveli stretch, Mandaveli",,2026-09-07T14:55:54+05:30,2026-09-24T00:00:00+05:30,Not started,department,pwd_task,,,,INC-20260907-163CE5
PWD-TSK-19562,PWD-INC-058681,PWD-BLD,PWD-OFF-004,Executive Engineer (G. Kalaiselvi),Structural inspection & repair - Ezhilagam Govt Office Complex,,2026-09-07T16:05:31+05:30,2026-10-26T00:00:00+05:30,Not started,department,pwd_task,,,,INC-20260905-C7809C
PWD-TSK-19601,PWD-TSK-19601,PWD-WRD,PWD-OFF-016,Assistant Executive Engineer (S. Karthikeyan),Petition: Velachery Lake Surplus Sluice shutter not closing properly,,2026-09-07T17:58:59+05:30,2026-10-02T00:00:00+05:30,In progress,department,pwd_task,,,,INC-20260907-FF7C41
PWD-TSK-19592,PWD-INC-058770,PWD-WRD,PWD-OFF-012,Executive Engineer (T. Sumathi),Inspect damage to Okkiyam Madavu Bridge,,2026-09-08T10:28:55+05:30,2026-10-19T00:00:00+05:30,In progress,department,pwd_task,,,,INC-20260906-6759CE
PWD-TSK-19593,PWD-INC-058741,PWD-WRD,PWD-OFF-013,Executive Engineer (G. Selvi),Clear choked Virugambakkam-Arumbakkam Canal at VOC St,,2026-09-08T13:19:56+05:30,2026-09-24T00:00:00+05:30,Not started,department,pwd_task,,,,INC-20260906-EB6B4C
PWD-TSK-19602,PWD-TSK-19602,PWD-WRD,PWD-OFF-016,Assistant Executive Engineer (S. Karthikeyan),Petition: Adambakkam Lake Sluice shutter not closing properly,,2026-09-08T14:43:30+05:30,2026-10-02T00:00:00+05:30,In progress,department,pwd_task,,,,INC-20260908-981374
PWD-TSK-19621,PWD-INC-058864,PWD-WRD,PWD-OFF-013,Executive Engineer (G. Selvi),Clear waterlogging at Aminjikarai (Indira Nagar 3rd Ave),,2026-09-08T15:33:36+05:30,2026-09-10T00:00:00+05:30,In progress,department,pwd_task,,,,INC-20260908-A8F592
PWD-TSK-19622,PWD-INC-058865,PWD-WRD,PWD-OFF-013,Executive Engineer (G. Selvi),"Remove collapsed wall debris near Indira Nagar 3rd Ave, Periamet",,2026-09-08T18:52:57+05:30,2026-09-21T00:00:00+05:30,Done,department,pwd_task,2026-09-15T12:50:42+05:30,,uploads/pwd/PWD-TSK-19622.jpg,INC-20260908-6FB196
PWD-TSK-19594,PWD-TSK-19594,PWD-WRD,PWD-OFF-017,Assistant Executive Engineer (V. Meenakshi),"Grievance - seepage through Adyar River Bund - Kotturpuram bund, Kotturpuram",,2026-09-09T11:35:41+05:30,2026-11-06T00:00:00+05:30,Done,department,pwd_task,2026-09-27T10:36:24+05:30,2026-09-29T10:43:37+05:30,uploads/pwd/PWD-TSK-19594.jpg,INC-20260909-7C31C5
PWD-TSK-19641,PWD-INC-058929,PWD-WRD,PWD-OFF-017,Assistant Executive Engineer (V. Meenakshi),Inspect & control overflow in Adyar River - Jafferkhanpet stretch at Jafferkhanpet,,2026-09-10T11:57:05+05:30,2026-09-15T00:00:00+05:30,Done,department,pwd_task,2026-09-13T12:18:26+05:30,,uploads/pwd/PWD-TSK-19641.jpg,INC-20260909-7A04E4
PWD-TSK-19642,PWD-INC-058925,PWD-WRD,PWD-OFF-012,Executive Engineer (T. Sumathi),Repair shutter of Velachery Lake Surplus Sluice,,2026-09-10T14:34:37+05:30,2026-09-28T00:00:00+05:30,Done,department,pwd_task,2026-09-14T17:00:39+05:30,2026-09-24T15:24:01+05:30,uploads/pwd/PWD-TSK-19642.jpg,INC-20260907-FF7C41
PWD-TSK-19623,PWD-INC-058863,PWD-WRD,PWD-OFF-017,Assistant Executive Engineer (V. Meenakshi),Desilt / clear blockage in the storm water drain near Royapettah,,2026-09-10T15:50:55+05:30,2026-09-30T00:00:00+05:30,Done,department,pwd_task,2026-09-17T14:23:37+05:30,,uploads/pwd/PWD-TSK-19623.jpg,INC-20260908-F6F65F
PWD-TSK-19661,PWD-TSK-19661,PWD-WRD,PWD-OFF-013,Executive Engineer (G. Selvi),"Grievance - silt & garbage in Buckingham Canal - Basin Bridge stretch, Pulianthope",,2026-09-11T11:11:33+05:30,2026-09-24T00:00:00+05:30,Not started,department,pwd_task,,,,INC-20260911-066277
PWD-TSK-19624,PWD-INC-058867,PWD-WRD,PWD-OFF-013,Executive Engineer (G. Selvi),Desilt / clear blockage in Anna Nagar Macro Drain near Anna Nagar,,2026-09-11T11:35:12+05:30,2026-09-26T00:00:00+05:30,Done,department,pwd_task,2026-09-26T10:52:07+05:30,2026-10-01T13:04:40+05:30,uploads/pwd/PWD-TSK-19624.jpg,INC-20260908-352384
PWD-TSK-19681,PWD-TSK-19681,PWD-WRD,PWD-OFF-012,Executive Engineer (T. Sumathi),Petition: Velachery Lake Surplus Sluice shutter not closing properly,,2026-09-15T10:18:56+05:30,2026-10-02T00:00:00+05:30,Not started,department,pwd_task,,,,INC-20260915-478E91
PWD-TSK-19682,PWD-TSK-19682,PWD-BLD,PWD-OFF-009,Assistant Executive Engineer (M. Nandhini),Petition: repair leaking roof / cracks at Rajiv Gandhi Govt General Hospital - Tower Block,,2026-09-15T10:29:44+05:30,2026-10-25T00:00:00+05:30,In progress,department,pwd_task,,,,INC-20260915-C3D519
PWD-TSK-19662,PWD-TSK-19662,PWD-BLD,PWD-OFF-006,Executive Engineer (T. Rajendran),Petition: repair leaking roof / cracks at Govt Royapettah Hospital,,2026-09-15T10:32:22+05:30,2026-11-08T00:00:00+05:30,Not started,department,pwd_task,,,,INC-20260915-99B23F
PWD-TSK-19741,PWD-INC-059221,PWD-WRD,PWD-OFF-019,Executive Engineer (S. Prabhakaran),Sandbag bank of Kodungaiyur Canal near Kodungaiyur,,2026-09-15T10:34:05+05:30,2026-09-19T00:00:00+05:30,In progress,department,pwd_task,,,,INC-20260914-D9D912
PWD-TSK-19761,PWD-INC-059284,PWD-WRD,PWD-OFF-018,Assistant Executive Engineer (M. Gunasekaran),Clear debris & rebuild wall - Perambur,,2026-09-15T10:39:39+05:30,2026-10-04T00:00:00+05:30,Done,department,pwd_task,2026-09-21T09:25:17+05:30,2026-09-25T11:29:12+05:30,uploads/pwd/PWD-TSK-19761.jpg,INC-20260915-C1BD58
PWD-TSK-19643,PWD-INC-058926,PWD-WRD,PWD-OFF-013,Executive Engineer (G. Selvi),Remove encroachment on Anna Nagar Macro Drain at Anna Nagar,,2026-09-15T10:56:21+05:30,2026-11-07T00:00:00+05:30,In progress,department,pwd_task,,,,INC-20260909-C6C000
PWD-TSK-19644,PWD-INC-058927,PWD-WRD,PWD-OFF-016,Assistant Executive Engineer (S. Karthikeyan),Desilt / clear blockage in Nanganallur Macro Drain near Nanganallur,,2026-09-15T11:01:28+05:30,2026-09-30T00:00:00+05:30,Done,department,pwd_task,2026-09-19T12:30:51+05:30,2026-09-24T10:40:11+05:30,uploads/pwd/PWD-TSK-19644.jpg,INC-20260908-AABF63
PWD-TSK-19742,PWD-INC-059223,PWD-WRD,PWD-OFF-013,Executive Engineer (G. Selvi),Deploy pumpset & drain water - Pulianthope,,2026-09-15T11:21:32+05:30,2026-09-16T00:00:00+05:30,In progress,department,pwd_task,2026-09-17T14:51:14+05:30,2026-09-28T12:44:41+05:30,uploads/pwd/PWD-TSK-19742.jpg,INC-20260914-361C69
PWD-TSK-19701,PWD-INC-059106,PWD-WRD,PWD-OFF-020,Assistant Executive Engineer (S. Palanisamy),Survey & evict encroachment - Adambakkam Lake,,2026-09-15T12:22:52+05:30,2026-11-08T00:00:00+05:30,In progress,department,pwd_task,,,,INC-20260912-4BD282
PWD-TSK-19743,PWD-INC-059222,PWD-BLD,PWD-OFF-006,Executive Engineer (T. Rajendran),Structural inspection & repair - King Institute of Preventive Medicine,,2026-09-15T13:39:36+05:30,2026-11-05T00:00:00+05:30,Not started,department,pwd_task,,,,INC-20260914-82274B
PWD-TSK-19683,PWD-INC-059047,PWD-WRD,PWD-OFF-015,Executive Engineer (V. Karthikeyan),Clear choked Buckingham Canal - Ennore stretch at Periyar St,,2026-09-15T13:48:52+05:30,2026-10-02T00:00:00+05:30,Not started,department,pwd_task,,,,INC-20260911-69ABFB
PWD-TSK-19684,PWD-INC-059049,PWD-BLD,PWD-OFF-004,Executive Engineer (G. Kalaiselvi),Structural inspection & repair - Ezhilagam Govt Office Complex,,2026-09-15T16:13:27+05:30,2026-11-02T00:00:00+05:30,In progress,department,pwd_task,,,,INC-20260910-003FD8
PWD-TSK-19702,PWD-INC-059103,PWD-WRD,PWD-OFF-013,Executive Engineer (G. Selvi),Inspect damage to Aminjikarai Cooum Bridge,,2026-09-15T17:47:39+05:30,2026-11-14T00:00:00+05:30,Not started,department,pwd_task,,,,INC-20260912-9C7907
PWD-TSK-19762,PWD-INC-059288,PWD-WRD,PWD-OFF-015,Executive Engineer (V. Karthikeyan),Inspect damage to Manali Kosasthalaiyar Causeway,,2026-09-16T10:11:48+05:30,2026-10-23T00:00:00+05:30,In progress,department,pwd_task,,,,INC-20260915-EFCC5B
PWD-TSK-19744,PWD-INC-059230,PWD-WRD,PWD-OFF-016,Assistant Executive Engineer (S. Karthikeyan),Clear choked Otteri Nullah - Ayanavaram stretch at Lake View Rd,,2026-09-16T10:25:47+05:30,2026-10-07T00:00:00+05:30,Done,department,pwd_task,2026-09-24T13:49:00+05:30,,uploads/pwd/PWD-TSK-19744.jpg,INC-20260914-9C244A
PWD-TSK-19763,PWD-TSK-19763,PWD-WRD,PWD-OFF-017,Assistant Executive Engineer (V. Meenakshi),"Grievance - silt & garbage in Mambalam Canal Macro Drain, T. Nagar",,2026-09-16T10:58:15+05:30,2026-09-29T00:00:00+05:30,In progress,department,pwd_task,,,,INC-20260916-852381
PWD-TSK-19764,PWD-INC-059287,PWD-WRD,PWD-OFF-014,Executive Engineer (V. Gunasekaran),Remove encroachment on Ambattur Lake at Ambattur,,2026-09-17T10:04:44+05:30,2026-10-21T00:00:00+05:30,Done,department,pwd_task,2026-10-01T17:42:05+05:30,,uploads/pwd/PWD-TSK-19764.jpg,INC-20260915-1A0D6B
PWD-TSK-19781,PWD-INC-059345,PWD-WRD,PWD-OFF-013,Executive Engineer (G. Selvi),Desilt / clear blockage in Virugambakkam-Arumbakkam Canal near Virugambakkam,,2026-09-17T10:08:32+05:30,2026-09-24T00:00:00+05:30,Done,department,pwd_task,2026-10-01T12:35:40+05:30,,uploads/pwd/PWD-TSK-19781.jpg,INC-20260916-02175D
PWD-TSK-19782,PWD-INC-059346,PWD-WRD,PWD-OFF-015,Executive Engineer (V. Karthikeyan),"Repair shutter of Otteri Nullah Regulator, Basin Bridge",,2026-09-17T12:05:11+05:30,2026-10-09T00:00:00+05:30,In progress,department,pwd_task,,,,INC-20260916-1AEC8A
PWD-TSK-19783,PWD-INC-059347,PWD-BLD,PWD-OFF-006,Executive Engineer (T. Rajendran),Structural inspection & repair - Govt Royapettah Hospital,,2026-09-17T12:45:38+05:30,2026-11-02T00:00:00+05:30,In progress,department,pwd_task,,,,INC-20260915-99B23F
PWD-TSK-19784,PWD-INC-059344,PWD-BLD,PWD-OFF-007,Executive Engineer (M. Sumathi),"Attend roof leak / cracks - Govt Polytechnic College, Taramani",,2026-09-17T15:00:30+05:30,2026-11-13T00:00:00+05:30,In progress,department,pwd_task,,,,INC-20260916-0FF4BD
PWD-TSK-19785,PWD-TSK-19785,PWD-BLD,PWD-OFF-007,Executive Engineer (M. Sumathi),"Grievance - unsafe building condition, Govt Hr Sec School, Ashok Nagar",,2026-09-17T17:26:54+05:30,2026-11-05T00:00:00+05:30,Done,department,pwd_task,2026-09-22T10:16:15+05:30,,uploads/pwd/PWD-TSK-19785.jpg,INC-20260917-7DC2DD
PWD-TSK-19786,PWD-INC-059341,PWD-WRD,PWD-OFF-016,Assistant Executive Engineer (S. Karthikeyan),Desilt / clear blockage in Villivakkam Macro Drain near Villivakkam,,2026-09-18T10:45:57+05:30,2026-10-07T00:00:00+05:30,Done,department,pwd_task,2026-10-02T08:03:10+05:30,,uploads/pwd/PWD-TSK-19786.jpg,INC-20260916-B86512
PWD-TSK-19841,PWD-INC-059529,PWD-WRD,PWD-OFF-013,Executive Engineer (G. Selvi),"Remove collapsed wall debris near Pillaiyar Koil St, Nerkundram",,2026-09-19T13:24:49+05:30,2026-10-01T00:00:00+05:30,Done,department,pwd_task,2026-09-23T10:30:00+05:30,,uploads/pwd/PWD-TSK-19841.jpg,INC-20260919-BA176D
PWD-TSK-19842,PWD-INC-059531,PWD-WRD,PWD-OFF-016,Assistant Executive Engineer (S. Karthikeyan),Clear surplus channel of Adambakkam Lake,,2026-09-19T13:58:39+05:30,2026-09-22T00:00:00+05:30,Done,department,pwd_task,2026-09-23T09:02:55+05:30,,uploads/pwd/PWD-TSK-19842.jpg,INC-20260919-FE125F
PWD-TSK-19843,PWD-INC-059540,PWD-WRD,PWD-OFF-016,Assistant Executive Engineer (S. Karthikeyan),Inspect & control overflow in the canal at Mogappair,,2026-09-19T19:03:14+05:30,2026-09-24T00:00:00+05:30,Done,department,pwd_task,2026-09-23T09:36:02+05:30,,uploads/pwd/PWD-TSK-19843.jpg,INC-20260919-7224ED
PWD-TSK-19844,PWD-INC-059542,PWD-WRD,PWD-OFF-017,Assistant Executive Engineer (V. Meenakshi),Clear waterlogging at Little Mount (New Colony 2nd St),,2026-09-19T20:38:34+05:30,2026-09-22T00:00:00+05:30,In progress,department,pwd_task,2026-09-22T09:34:04+05:30,2026-09-25T11:34:37+05:30,uploads/pwd/PWD-TSK-19844.jpg,INC-20260919-D45BB1
PWD-TSK-19845,PWD-INC-059545,PWD-WRD,PWD-OFF-012,Executive Engineer (T. Sumathi),Inspect & control overflow in Nanganallur Macro Drain at Nanganallur,,2026-09-19T21:53:42+05:30,2026-09-22T00:00:00+05:30,In progress,department,pwd_task,,,,INC-20260919-278E64
PWD-TSK-19861,PWD-INC-059585,PWD-WRD,PWD-OFF-013,Executive Engineer (G. Selvi),Inspect & control overflow in Cooum River - Koyambedu stretch at Koyambedu,,2026-09-20T10:18:21+05:30,2026-09-22T00:00:00+05:30,Done,department,pwd_task,2026-09-22T18:26:56+05:30,,uploads/pwd/PWD-TSK-19861.jpg,INC-20260919-61F176
PWD-TSK-19862,PWD-INC-059584,PWD-WRD,PWD-OFF-015,Executive Engineer (V. Karthikeyan),Sandbag bank of Kodungaiyur Canal near Kodungaiyur,,2026-09-20T12:23:47+05:30,2026-09-22T00:00:00+05:30,Done,department,pwd_task,2026-09-23T08:04:05+05:30,2026-09-28T10:03:02+05:30,uploads/pwd/PWD-TSK-19862.jpg,INC-20260919-833DAE
PWD-TSK-19863,PWD-INC-059605,PWD-WRD,PWD-OFF-019,Executive Engineer (S. Prabhakaran),Deploy pumpset & drain water - Kilpauk,,2026-09-20T13:27:20+05:30,2026-09-23T00:00:00+05:30,In progress,department,pwd_task,2026-09-23T11:46:43+05:30,2026-09-28T10:03:00+05:30,uploads/pwd/PWD-TSK-19863.jpg,INC-20260920-434BD2
PWD-TSK-19864,PWD-INC-059613,PWD-WRD,PWD-OFF-014,Executive Engineer (V. Gunasekaran),Deploy pumpset & drain water - Ambattur,,2026-09-20T18:15:13+05:30,2026-09-22T00:00:00+05:30,In progress,department,pwd_task,2026-09-23T17:42:33+05:30,2026-09-24T12:53:21+05:30,uploads/pwd/PWD-TSK-19864.jpg,INC-20260919-7224ED
PWD-TSK-19881,PWD-INC-059641,PWD-WRD,PWD-OFF-015,Executive Engineer (V. Karthikeyan),Clear waterlogging at Sholinganallur (Vinayagar Koil St),,2026-09-21T08:21:41+05:30,2026-09-23T00:00:00+05:30,In progress,department,pwd_task,,,,INC-20260919-0D73F1
PWD-TSK-19865,PWD-INC-059582,PWD-WRD,PWD-OFF-017,Assistant Executive Engineer (V. Meenakshi),Sandbag bank of Mambalam Canal Macro Drain near T. Nagar,,2026-09-21T10:02:55+05:30,2026-09-24T00:00:00+05:30,Done,department,pwd_task,2026-09-24T08:12:33+05:30,,uploads/pwd/PWD-TSK-19865.jpg,INC-20260920-A7BE1A
PWD-TSK-19821,PWD-INC-059467,PWD-BLD,PWD-OFF-004,Executive Engineer (G. Kalaiselvi),Attend roof leak / cracks - Sholinganallur Taluk Office,,2026-09-21T10:03:39+05:30,2026-11-11T00:00:00+05:30,In progress,department,pwd_task,,,,INC-20260918-769BC9
PWD-TSK-19846,PWD-INC-059537,PWD-WRD,PWD-OFF-017,Assistant Executive Engineer (V. Meenakshi),Deploy pumpset & drain water - Saidapet,,2026-09-21T10:07:51+05:30,2026-09-22T00:00:00+05:30,In progress,department,pwd_task,,,,INC-20260919-A10EB6
PWD-TSK-19847,PWD-INC-059559,PWD-WRD,PWD-OFF-015,Executive Engineer (V. Karthikeyan),Inspect & control overflow in Captain Cotton Canal - Vyasarpadi stretch at Vyasarpadi,,2026-09-21T10:14:15+05:30,2026-09-24T00:00:00+05:30,Done,department,pwd_task,2026-09-24T09:10:08+05:30,,uploads/pwd/PWD-TSK-19847.jpg,INC-20260919-0B5AEB
PWD-TSK-19822,PWD-INC-059462,PWD-WRD,PWD-OFF-013,Executive Engineer (G. Selvi),Desilt / clear blockage in the storm water drain near Valasaravakkam,,2026-09-21T10:16:48+05:30,2026-10-06T00:00:00+05:30,Done,department,pwd_task,2026-09-30T09:20:04+05:30,,uploads/pwd/PWD-TSK-19822.jpg,INC-20260918-9CEB4D
PWD-TSK-19848,PWD-INC-059553,PWD-WRD,PWD-OFF-016,Assistant Executive Engineer (S. Karthikeyan),"Pump out stagnant water - 3rd Cross St, Velachery",,2026-09-21T10:22:10+05:30,2026-09-24T00:00:00+05:30,Done,department,pwd_task,2026-09-26T08:03:46+05:30,,uploads/pwd/PWD-TSK-19848.jpg,INC-20260919-B5FE4E
PWD-TSK-19849,PWD-INC-059551,PWD-WRD,PWD-OFF-016,Assistant Executive Engineer (S. Karthikeyan),Deploy pumpset & drain water - Nanganallur,,2026-09-21T10:35:33+05:30,2026-09-24T00:00:00+05:30,In progress,department,pwd_task,,,,INC-20260919-33BF58
PWD-TSK-19866,PWD-INC-059628,PWD-WRD,PWD-OFF-014,Executive Engineer (V. Gunasekaran),Deploy pumpset & drain water - Mogappair,,2026-09-21T10:48:30+05:30,2026-09-24T00:00:00+05:30,In progress,department,pwd_task,2026-09-24T11:31:37+05:30,2026-09-28T10:52:33+05:30,uploads/pwd/PWD-TSK-19866.jpg,INC-20260919-7224ED
PWD-TSK-19867,PWD-INC-059588,PWD-WRD,PWD-OFF-018,Assistant Executive Engineer (M. Gunasekaran),"Remove collapsed wall debris near School St, Perambur",,2026-09-21T10:56:46+05:30,2026-10-02T00:00:00+05:30,In progress,department,pwd_task,,,,INC-20260920-CAE21E
PWD-TSK-19850,PWD-INC-059525,PWD-WRD,PWD-OFF-017,Assistant Executive Engineer (V. Meenakshi),Clear choked Guindy Industrial Estate Storm Water Channel at Kannadasan St,,2026-09-21T10:59:19+05:30,2026-10-09T00:00:00+05:30,Done,department,pwd_task,2026-10-01T10:19:15+05:30,,uploads/pwd/PWD-TSK-19850.jpg,INC-20260919-2249B1
PWD-TSK-19851,PWD-INC-059564,PWD-WRD,PWD-OFF-012,Executive Engineer (T. Sumathi),Clear surplus channel of Palavanthangal Lake,,2026-09-21T11:04:52+05:30,2026-09-25T00:00:00+05:30,In progress,department,pwd_task,2026-09-24T11:47:26+05:30,2026-09-25T17:00:11+05:30,uploads/pwd/PWD-TSK-19851.jpg,INC-20260919-65E8E7
PWD-TSK-19852,PWD-INC-059524,PWD-WRD,PWD-OFF-019,Executive Engineer (S. Prabhakaran),"Pump out stagnant water - Pillaiyar Koil St, Ambattur Industrial Estate",,2026-09-21T11:10:39+05:30,2026-09-22T00:00:00+05:30,Done,department,pwd_task,2026-09-24T11:17:09+05:30,,uploads/pwd/PWD-TSK-19852.jpg,INC-20260919-10B0E9
PWD-TSK-19868,PWD-INC-059581,PWD-WRD,PWD-OFF-016,Assistant Executive Engineer (S. Karthikeyan),Clear waterlogging at Madhavaram Milk Colony (Nehru St),,2026-09-21T11:46:29+05:30,2026-09-23T00:00:00+05:30,Done,department,pwd_task,2026-09-24T10:39:57+05:30,2026-10-01T13:22:03+05:30,uploads/pwd/PWD-TSK-19868.jpg,INC-20260919-F720CA
PWD-TSK-19853,PWD-INC-059556,PWD-WRD,PWD-OFF-016,Assistant Executive Engineer (S. Karthikeyan),Clear waterlogging at Mogappair (Mosque St),,2026-09-21T11:48:36+05:30,2026-09-24T00:00:00+05:30,Done,department,pwd_task,2026-09-25T10:09:38+05:30,2026-09-28T11:06:30+05:30,uploads/pwd/PWD-TSK-19853.jpg,INC-20260919-7224ED
PWD-TSK-19869,PWD-INC-059612,PWD-WRD,PWD-OFF-019,Executive Engineer (S. Prabhakaran),Deploy pumpset & drain water - Kolathur,,2026-09-21T12:04:46+05:30,2026-09-22T00:00:00+05:30,Done,department,pwd_task,2026-09-24T12:43:15+05:30,,uploads/pwd/PWD-TSK-19869.jpg,INC-20260920-186D68
PWD-TSK-19870,PWD-INC-059602,PWD-WRD,PWD-OFF-015,Executive Engineer (V. Karthikeyan),Clear choked Buckingham Canal - Okkiyam stretch at 2nd Main Rd,,2026-09-21T13:29:03+05:30,2026-10-11T00:00:00+05:30,Not started,department,pwd_task,,,,INC-20260920-A6318F
PWD-TSK-19854,PWD-INC-059541,PWD-WRD,PWD-OFF-016,Assistant Executive Engineer (S. Karthikeyan),Clear choked Veerangal Odai at Sannathi St,,2026-09-21T14:42:23+05:30,2026-10-12T00:00:00+05:30,Not started,department,pwd_task,,,,INC-20260919-F17BFE
PWD-TSK-19801,PWD-INC-059407,PWD-BLD,PWD-OFF-005,Executive Engineer (R. Bharathi),"Attend roof leak / cracks - Govt Girls Hr Sec School, Ambattur",,2026-09-21T14:48:28+05:30,2026-10-24T00:00:00+05:30,Done,department,pwd_task,2026-10-01T15:05:18+05:30,,uploads/pwd/PWD-TSK-19801.jpg,INC-20260917-F5D4BF
PWD-TSK-19871,PWD-INC-059623,PWD-WRD,PWD-OFF-016,Assistant Executive Engineer (S. Karthikeyan),Structural inspection & repair - the govt building,,2026-09-22T10:46:50+05:30,2026-11-19T00:00:00+05:30,Not started,department,pwd_task,,,,INC-20260920-6F528F
PWD-TSK-19872,PWD-INC-059618,PWD-WRD,PWD-OFF-013,Executive Engineer (G. Selvi),Clear choked Virugambakkam-Arumbakkam Canal at 1st Avenue,,2026-09-22T11:26:40+05:30,2026-10-05T00:00:00+05:30,In progress,department,pwd_task,,,,INC-20260920-B76926
PWD-TSK-19873,PWD-INC-059587,PWD-WRD,PWD-OFF-018,Assistant Executive Engineer (M. Gunasekaran),Desilt / clear blockage in Kodungaiyur Canal near Kodungaiyur,,2026-09-23T11:21:22+05:30,2026-09-30T00:00:00+05:30,Not started,department,pwd_task,,,,INC-20260919-833DAE
PWD-TSK-19901,PWD-TSK-19901,PWD-WRD,PWD-OFF-013,Executive Engineer (G. Selvi),"Grievance - silt & garbage in Anna Nagar Macro Drain, Anna Nagar",,2026-09-23T11:41:32+05:30,2026-10-13T00:00:00+05:30,Done,department,pwd_task,2026-09-26T15:19:58+05:30,2026-10-01T12:10:03+05:30,uploads/pwd/PWD-TSK-19901.jpg,INC-20260923-755409
PWD-TSK-19902,PWD-INC-059709,PWD-WRD,PWD-OFF-012,Executive Engineer (T. Sumathi),"Inspect damage to Thiru. Vi. Ka. Bridge, Adyar",,2026-09-23T11:47:19+05:30,2026-10-23T00:00:00+05:30,In progress,department,pwd_task,,,,INC-20260922-3A6D5B
PWD-TSK-19903,PWD-TSK-19903,PWD-WRD,PWD-OFF-016,Assistant Executive Engineer (S. Karthikeyan),"Petition: remove encroachment on Perungudi Lake, Perungudi",,2026-09-23T17:00:12+05:30,2026-11-21T00:00:00+05:30,In progress,department,pwd_task,,,,INC-20260923-A81283
PWD-TSK-19904,PWD-TSK-19904,PWD-WRD,PWD-OFF-016,Assistant Executive Engineer (S. Karthikeyan),Grievance - illegal construction in Buckingham Canal - Thiruvanmiyur stretch,,2026-09-24T07:48:03+05:30,2026-11-11T00:00:00+05:30,Not started,department,pwd_task,,,,INC-20260924-F85470
PWD-TSK-19905,PWD-INC-059706,PWD-BLD,PWD-OFF-007,Executive Engineer (M. Sumathi),"Structural inspection & repair - Govt Hr Sec School, Ashok Nagar",,2026-09-24T10:46:36+05:30,2026-11-18T00:00:00+05:30,Not started,department,pwd_task,,,,INC-20260922-7EE60F
PWD-TSK-19921,PWD-INC-059765,PWD-WRD,PWD-OFF-020,Assistant Executive Engineer (S. Palanisamy),Remove encroachment on Retteri Lake at Retteri,,2026-09-24T12:17:40+05:30,2026-11-16T00:00:00+05:30,In progress,department,pwd_task,,,,INC-20260923-D3ECF3
PWD-TSK-19882,PWD-INC-059646,PWD-WRD,PWD-OFF-016,Assistant Executive Engineer (S. Karthikeyan),Survey & evict encroachment - Madhavaram Lake,,2026-09-24T12:31:52+05:30,2026-11-19T00:00:00+05:30,In progress,department,pwd_task,,,,INC-20260921-09F494
PWD-TSK-19906,PWD-TSK-19906,PWD-WRD,PWD-OFF-020,Assistant Executive Engineer (S. Palanisamy),Grievance - illegal construction in Adyar River - Jafferkhanpet stretch,,2026-09-24T15:03:37+05:30,2026-10-26T00:00:00+05:30,In progress,department,pwd_task,,,,INC-20260924-555481
PWD-TSK-19941,PWD-INC-059825,PWD-WRD,PWD-OFF-017,Assistant Executive Engineer (V. Meenakshi),Sandbag bank of the canal near Ekkatuthangal,,2026-09-24T16:07:13+05:30,2026-09-28T00:00:00+05:30,Done,department,pwd_task,2026-09-27T09:51:11+05:30,,uploads/pwd/PWD-TSK-19941.jpg,INC-20260924-CEADA8
PWD-TSK-19922,PWD-INC-059769,PWD-BLD,PWD-OFF-006,Executive Engineer (T. Rajendran),Structural inspection & repair - Rajiv Gandhi Govt General Hospital - Tower Block,,2026-09-25T10:20:38+05:30,2026-11-22T00:00:00+05:30,Not started,department,pwd_task,,,,INC-20260923-CDE4F7
PWD-TSK-19923,PWD-INC-059768,PWD-BLD,PWD-OFF-003,Executive Engineer (J. Bharathi),"Structural inspection & repair - Govt Peripheral Hospital, Periyar Nagar",,2026-09-25T11:05:02+05:30,2026-11-10T00:00:00+05:30,In progress,department,pwd_task,,,,INC-20260923-B3F6F3
PWD-TSK-19924,PWD-INC-059761,PWD-WRD,PWD-OFF-014,Executive Engineer (V. Gunasekaran),Repair parapet/deck of Manali Kosasthalaiyar Causeway,,2026-09-25T12:46:57+05:30,2026-11-15T00:00:00+05:30,In progress,department,pwd_task,,,,INC-20260923-680891
PWD-TSK-19942,PWD-INC-059829,PWD-WRD,PWD-OFF-018,Assistant Executive Engineer (M. Gunasekaran),Desilt / clear blockage in Captain Cotton Canal - Vyasarpadi stretch near Vyasarpadi,,2026-09-25T13:27:20+05:30,2026-10-02T00:00:00+05:30,Not started,department,pwd_task,,,,INC-20260924-88C197
PWD-TSK-19943,PWD-INC-059828,PWD-WRD,PWD-OFF-018,Assistant Executive Engineer (M. Gunasekaran),Desilt / clear blockage in Captain Cotton Canal - Vyasarpadi stretch near Vyasarpadi,,2026-09-25T15:49:06+05:30,2026-10-12T00:00:00+05:30,Not started,department,pwd_task,,,,INC-20260924-88C197
PWD-TSK-19961,PWD-INC-059884,PWD-WRD,PWD-OFF-014,Executive Engineer (V. Gunasekaran),"Pump out stagnant water - School St, Pattaravakkam",,2026-09-25T19:05:33+05:30,2026-09-26T00:00:00+05:30,In progress,department,pwd_task,,,,INC-20260925-110D3F
PWD-TSK-19962,PWD-INC-059886,PWD-WRD,PWD-OFF-019,Executive Engineer (S. Prabhakaran),Clear waterlogging at Guindy Industrial Estate (Kalaignar Nagar),,2026-09-28T10:01:57+05:30,2026-10-01T00:00:00+05:30,Done,department,pwd_task,2026-10-01T08:11:13+05:30,,uploads/pwd/PWD-TSK-19962.jpg,INC-20260925-674F47
PWD-TSK-19944,PWD-INC-059833,PWD-WRD,PWD-OFF-014,Executive Engineer (V. Gunasekaran),Attend sluice gate defect - Korattur Lake Sluice,,2026-09-28T10:15:37+05:30,2026-10-08T00:00:00+05:30,In progress,department,pwd_task,,,,INC-20260924-4DB6BA
PWD-TSK-19963,PWD-INC-059883,PWD-BLD,PWD-OFF-006,Executive Engineer (T. Rajendran),Structural inspection & repair - King Institute of Preventive Medicine,,2026-09-28T11:21:16+05:30,2026-11-23T00:00:00+05:30,In progress,department,pwd_task,,,,INC-20260925-8DF529
PWD-TSK-19945,PWD-INC-059823,PWD-WRD,PWD-OFF-012,Executive Engineer (T. Sumathi),Clear choked Pallikaranai Marsh Outlet Drain at East St,,2026-09-28T11:58:09+05:30,2026-10-15T00:00:00+05:30,In progress,department,pwd_task,,,,INC-20260924-D8D545
PWD-TSK-19946,PWD-INC-059826,PWD-BLD,PWD-OFF-010,Assistant Executive Engineer (G. Anbalagan),"Structural inspection & repair - Collectorate Building, Rajaji Salai",,2026-09-28T12:01:49+05:30,2026-11-17T00:00:00+05:30,Not started,department,pwd_task,,,,INC-20260924-92E401
PWD-TSK-20021,PWD-INC-060061,PWD-WRD,PWD-OFF-015,Executive Engineer (V. Karthikeyan),Clear debris & rebuild wall - Pulianthope,,2026-09-28T12:14:18+05:30,2026-10-05T00:00:00+05:30,In progress,department,pwd_task,,,,INC-20260928-777D74
PWD-TSK-20001,PWD-INC-060003,PWD-WRD,PWD-OFF-018,Assistant Executive Engineer (M. Gunasekaran),Desilt / clear blockage in Buckingham Canal - Korukkupet stretch near Korukkupet,,2026-09-28T12:31:00+05:30,2026-10-16T00:00:00+05:30,Not started,department,pwd_task,,,,INC-20260927-586427
PWD-TSK-19947,PWD-INC-059822,PWD-WRD,PWD-OFF-017,Assistant Executive Engineer (V. Meenakshi),"Repair parapet/deck of Maraimalai Adigal Bridge, Saidapet",,2026-09-28T14:54:31+05:30,2026-11-24T00:00:00+05:30,In progress,department,pwd_task,,,,INC-20260924-217061
PWD-TSK-20022,PWD-INC-060067,PWD-WRD,PWD-OFF-015,Executive Engineer (V. Karthikeyan),Inspect & control overflow in Otteri Nullah - Kilpauk stretch at Kilpauk,,2026-09-29T10:10:41+05:30,2026-10-03T00:00:00+05:30,Done,department,pwd_task,2026-10-02T09:06:37+05:30,,uploads/pwd/PWD-TSK-20022.jpg,INC-20260928-3AAAA4
PWD-TSK-20023,PWD-INC-060068,PWD-WRD,PWD-OFF-014,Executive Engineer (V. Gunasekaran),Sandbag bank of the canal near Ambattur,,2026-09-29T11:55:47+05:30,2026-10-01T00:00:00+05:30,Done,department,pwd_task,2026-10-02T11:13:05+05:30,,uploads/pwd/PWD-TSK-20023.jpg,INC-20260928-EE81E2
PWD-TSK-20024,PWD-TSK-20024,PWD-WRD,PWD-OFF-014,Executive Engineer (V. Gunasekaran),Petition: remove water hyacinth in Korattur Lake,,2026-09-29T13:13:24+05:30,2026-10-15T00:00:00+05:30,Not started,department,pwd_task,,,,INC-20260929-5DB73F
PWD-TSK-20061,PWD-INC-060181,PWD-WRD,PWD-OFF-013,Executive Engineer (G. Selvi),Plug breach in Porur Lake Bund,,2026-09-30T08:55:36+05:30,2026-10-01T00:00:00+05:30,In progress,department,pwd_task,,,,INC-20260930-C9D941
PWD-TSK-20002,PWD-INC-060004,PWD-BLD,PWD-OFF-006,Executive Engineer (T. Rajendran),Structural inspection & repair - Govt Royapettah Hospital,,2026-09-30T10:26:14+05:30,2026-11-11T00:00:00+05:30,Not started,department,pwd_task,,,,INC-20260927-C1E424
PWD-TSK-20003,PWD-INC-060005,PWD-BLD,PWD-OFF-006,Executive Engineer (T. Rajendran),"Structural inspection & repair - Govt Peripheral Hospital, K.K. Nagar",,2026-09-30T14:35:22+05:30,2026-10-30T00:00:00+05:30,In progress,department,pwd_task,,,,INC-20260927-217FD1
PWD-TSK-20062,PWD-INC-060199,PWD-WRD,PWD-OFF-014,Executive Engineer (V. Gunasekaran),"Pump out stagnant water - Thiruvalluvar St, Ambattur Industrial Estate",,2026-09-30T14:52:40+05:30,2026-10-01T00:00:00+05:30,In progress,department,pwd_task,,,,INC-20260930-9B3385
PWD-TSK-20081,PWD-INC-060242,PWD-WRD,PWD-OFF-019,Executive Engineer (S. Prabhakaran),Deploy pumpset & drain water - Velachery,,2026-10-01T10:30:02+05:30,2026-10-02T00:00:00+05:30,In progress,department,pwd_task,,,,INC-20261001-9FF524
PWD-TSK-20041,PWD-TSK-20041,PWD-BLD,PWD-OFF-009,Assistant Executive Engineer (M. Nandhini),Petition: repair leaking roof / cracks at Govt Kilpauk Medical College Hospital,,2026-10-01T11:19:18+05:30,2026-11-26T00:00:00+05:30,Not started,department,pwd_task,,,,INC-20261001-CE4742
PWD-TSK-20063,PWD-INC-060205,PWD-WRD,PWD-OFF-016,Assistant Executive Engineer (S. Karthikeyan),Survey & evict encroachment - Buckingham Canal - Thiruvanmiyur stretch,,2026-10-01T11:52:59+05:30,2026-11-01T00:00:00+05:30,Not started,department,pwd_task,,,,INC-20260930-CC5CB8
PWD-TSK-20082,PWD-INC-060241,PWD-WRD,PWD-OFF-012,Executive Engineer (T. Sumathi),Deploy pumpset & drain water - Meenambakkam,,2026-10-01T12:33:31+05:30,2026-10-02T00:00:00+05:30,In progress,department,pwd_task,,,,INC-20261001-9DD73C
PWD-TSK-20064,PWD-INC-060206,PWD-WRD,PWD-OFF-020,Assistant Executive Engineer (S. Palanisamy),Survey & evict encroachment - Virugambakkam-Arumbakkam Canal,,2026-10-01T14:59:11+05:30,2026-10-31T00:00:00+05:30,Not started,department,pwd_task,,,,INC-20260929-8EA48C
PWD-TSK-20101,PWD-INC-060303,PWD-WRD,PWD-OFF-013,Executive Engineer (G. Selvi),Clear waterlogging at Chintadripet (Main Rd),,2026-10-02T11:53:59+05:30,2026-10-04T00:00:00+05:30,Pending,department,pwd_task,,,,INC-20261002-4F749A
PWD-TSK-OVL0001,PWD-INC-OVL0001,PWD-WRD,PWD-OFF-018,Assistant Executive Engineer (M. Gunasekaran),"Attend waterlogging - Ranganathapuram 2Nd Cross Street, Korukkupet",,2026-05-20T03:42:50.939745914+05:30,2026-05-27T03:42:50.939745914+05:30,Done,department,pwd_task,2026-05-23T12:11:10.060561757+05:30,2026-05-25T02:35:08.592408918+05:30,,INC-20260520-CCCEB5
PWD-TSK-OVL0002,PWD-INC-OVL0002,PWD-WRD,PWD-OFF-011,Superintending Engineer (J. Murugesan),"Attend canal overflow - Thiurthanigai Nagar 2Nd Main Road, Pudur",,2026-05-20T09:50:21.729817767+05:30,2026-05-27T09:50:21.729817767+05:30,Done,department,pwd_task,2026-05-24T18:52:56.167889924+05:30,2026-05-26T02:34:31.569118966+05:30,,INC-20260519-FFCA24
PWD-TSK-OVL0003,PWD-INC-OVL0003,PWD-WRD,PWD-OFF-020,Assistant Executive Engineer (S. Palanisamy),"Attend waterlogging - 22Nd Link Street, Indira Nagar",,2026-05-19T14:24:37.002766778+05:30,2026-05-26T14:24:37.002766778+05:30,Done,department,pwd_task,2026-05-21T00:13:05.169306987+05:30,2026-05-23T02:50:49.359611279+05:30,,INC-20260519-022E0D
PWD-TSK-OVL0004,PWD-INC-OVL0004,PWD-WRD,PWD-OFF-015,Executive Engineer (V. Karthikeyan),"Attend waterlogging - Kumaran Nagar 2Nd Street, Peravallur",,2026-05-19T18:48:58.296879080+05:30,2026-05-26T18:48:58.296879080+05:30,Done,department,pwd_task,2026-05-22T00:26:43.398299742+05:30,2026-05-24T17:24:15.998101469+05:30,,INC-20260519-2A80D5
PWD-TSK-OVL0005,PWD-INC-OVL0005,PWD-WRD,PWD-OFF-020,Assistant Executive Engineer (S. Palanisamy),"Attend waterlogging - Kamarajar 4Th Street, Ward 184",,2026-05-20T07:08:55.852154032+05:30,2026-05-27T07:08:55.852154032+05:30,Done,department,pwd_task,2026-05-21T19:44:02.769382234+05:30,2026-05-23T09:15:30.938290344+05:30,,INC-20260519-D1CD89
PWD-TSK-OVL0006,PWD-INC-OVL0006,PWD-WRD,PWD-OFF-012,Executive Engineer (T. Sumathi),"Attend waterlogging - Kamarajar 4Th Street, Ward 184",,2026-05-20T07:24:38.833351918+05:30,2026-05-27T07:24:38.833351918+05:30,Done,department,pwd_task,2026-05-22T23:55:47.094389574+05:30,2026-05-25T03:31:47.009510540+05:30,,INC-20260519-D1CD89
PWD-TSK-OVL0007,PWD-INC-OVL0007,PWD-WRD,PWD-OFF-019,Executive Engineer (S. Prabhakaran),"Attend waterlogging - Kamarajar 4Th Street, Ward 184",,2026-05-20T08:12:48.710121457+05:30,2026-05-27T08:12:48.710121457+05:30,Done,department,pwd_task,2026-05-24T09:10:20.288837613+05:30,2026-05-26T02:43:39.306441837+05:30,,INC-20260519-D1CD89
PWD-TSK-OVL0008,PWD-INC-OVL0008,PWD-WRD,PWD-OFF-014,Executive Engineer (V. Gunasekaran),"Attend waterlogging - Athimoolam Street, Mannurpet",,2026-05-19T16:48:24.834384596+05:30,2026-05-26T16:48:24.834384596+05:30,Done,department,pwd_task,2026-05-21T08:52:47.056680849+05:30,2026-05-23T18:21:28.824356581+05:30,,INC-20260519-D353F8
PWD-TSK-OVL0009,PWD-INC-OVL0009,PWD-WRD,PWD-OFF-014,Executive Engineer (V. Gunasekaran),"Attend waterlogging - Athimoolam Street, Mannurpet",,2026-05-19T21:36:53.242710118+05:30,2026-05-26T21:36:53.242710118+05:30,Done,department,pwd_task,2026-05-24T08:10:56.172993126+05:30,2026-05-26T08:02:21.680986158+05:30,,INC-20260519-D353F8
PWD-TSK-OVL0010,PWD-INC-OVL0010,PWD-WRD,PWD-OFF-020,Assistant Executive Engineer (S. Palanisamy),"Attend waterlogging - Chinnakulandai Lane, Pudupet",,2026-05-19T12:42:19.197155151+05:30,2026-05-26T12:42:19.197155151+05:30,Done,department,pwd_task,2026-05-22T03:57:41.441762691+05:30,2026-05-24T04:43:07.263723340+05:30,,INC-20260519-C40F39
PWD-TSK-OVL0011,PWD-INC-OVL0011,PWD-WRD,PWD-OFF-012,Executive Engineer (T. Sumathi),"Attend waterlogging - Adyar Club Gate Road, R.A.Puram",,2026-05-20T03:29:58.705741828+05:30,2026-05-27T03:29:58.705741828+05:30,Done,department,pwd_task,2026-05-23T00:17:49.113836632+05:30,2026-05-24T01:55:22.316082431+05:30,,INC-20260519-0BB867
PWD-TSK-OVL0012,PWD-INC-OVL0012,PWD-WRD,PWD-OFF-011,Superintending Engineer (J. Murugesan),"Attend waterlogging - Portguese Church 5Th Lane, Seven Wells",,2026-07-18T21:16:51.349566018+05:30,2026-07-25T21:16:51.349566018+05:30,Done,department,pwd_task,2026-07-21T10:24:40.899323657+05:30,2026-07-24T09:16:16.329540029+05:30,,INC-20260718-76F9F5
PWD-TSK-OVL0013,PWD-INC-OVL0013,PWD-WRD,PWD-OFF-020,Assistant Executive Engineer (S. Palanisamy),"Attend waterlogging - Portguese Church 5Th Lane, Seven Wells",,2026-07-18T19:53:11.707668778+05:30,2026-07-25T19:53:11.707668778+05:30,Done,department,pwd_task,2026-07-20T23:23:42.111496813+05:30,2026-07-23T11:58:39.745578853+05:30,,INC-20260718-76F9F5
PWD-TSK-OVL0014,PWD-INC-OVL0014,PWD-WRD,PWD-OFF-018,Assistant Executive Engineer (M. Gunasekaran),"Attend waterlogging - Portguese Church 5Th Lane, Seven Wells",,2026-07-18T21:51:10.586241936+05:30,2026-07-25T21:51:10.586241936+05:30,Done,department,pwd_task,2026-07-23T22:48:10.248042591+05:30,2026-07-26T03:28:16.796121849+05:30,,INC-20260718-76F9F5
PWD-TSK-OVL0015,PWD-INC-OVL0015,PWD-WRD,PWD-OFF-018,Assistant Executive Engineer (M. Gunasekaran),"Attend canal overflow - Portguese Church 5Th Lane, Seven Wells",,2026-07-18T12:39:40.021153589+05:30,2026-07-25T12:39:40.021153589+05:30,Done,department,pwd_task,2026-07-23T22:33:12.544810228+05:30,2026-07-26T06:56:11.269265271+05:30,,INC-20260718-76F9F5
PWD-TSK-OVL0016,PWD-INC-OVL0016,PWD-WRD,PWD-OFF-020,Assistant Executive Engineer (S. Palanisamy),"Attend canal overflow - Thulukanam Garden 1St Lane, Ice House",,2026-07-18T21:58:50.877385555+05:30,2026-07-25T21:58:50.877385555+05:30,Done,department,pwd_task,2026-07-23T07:36:51.624125609+05:30,2026-07-25T17:52:09.071736069+05:30,,INC-20260718-556F1B
PWD-TSK-OVL0017,PWD-INC-OVL0017,PWD-WRD,PWD-OFF-012,Executive Engineer (T. Sumathi),"Attend canal overflow - Thulukanam Garden 1St Lane, Ice House",,2026-07-18T22:22:23.197832735+05:30,2026-07-25T22:22:23.197832735+05:30,Done,department,pwd_task,2026-07-23T16:49:20.387312941+05:30,2026-07-26T02:45:11.646263532+05:30,,INC-20260718-556F1B
PWD-TSK-OVL0018,PWD-INC-OVL0018,PWD-WRD,PWD-OFF-012,Executive Engineer (T. Sumathi),"Attend waterlogging - Thulukanam Garden 1St Lane, Ice House",,2026-07-18T14:24:20.443855384+05:30,2026-07-25T14:24:20.443855384+05:30,Done,department,pwd_task,2026-07-22T02:14:48.734088872+05:30,2026-07-24T16:08:40.428314241+05:30,,INC-20260718-556F1B
PWD-TSK-OVL0019,PWD-INC-OVL0019,PWD-WRD,PWD-OFF-019,Executive Engineer (S. Prabhakaran),"Attend canal overflow - Ramar Koil 1St Street, Gandhi Nagar, Taramani",,2026-07-19T02:59:17.145975278+05:30,2026-07-26T02:59:17.145975278+05:30,Done,department,pwd_task,2026-07-22T02:23:09.528486941+05:30,2026-07-23T19:55:33.676628106+05:30,,INC-20260718-CC8DBF
PWD-TSK-OVL0020,PWD-INC-OVL0020,PWD-WRD,PWD-OFF-012,Executive Engineer (T. Sumathi),"Attend waterlogging - Subbarayan Avenue, Alwarpet",,2026-07-18T23:52:50.985446715+05:30,2026-07-25T23:52:50.985446715+05:30,Done,department,pwd_task,2026-07-21T17:56:02.052619936+05:30,2026-07-23T06:20:33.338289869+05:30,,INC-20260718-2385AF
PWD-TSK-OVL0021,PWD-INC-OVL0021,PWD-WRD,PWD-OFF-015,Executive Engineer (V. Karthikeyan),"Attend waterlogging - Subbarayan Avenue, Alwarpet",,2026-07-18T18:40:55.537595541+05:30,2026-07-25T18:40:55.537595541+05:30,Done,department,pwd_task,2026-07-20T15:31:22.486194623+05:30,2026-07-23T02:03:32.171737810+05:30,,INC-20260718-2385AF
PWD-TSK-OVL0022,PWD-INC-OVL0022,PWD-WRD,PWD-OFF-011,Superintending Engineer (J. Murugesan),"Attend canal overflow - East Coast Road, Palavakkam",,2026-07-18T18:20:12.077905018+05:30,2026-07-25T18:20:12.077905018+05:30,Done,department,pwd_task,2026-07-23T16:40:47.418836514+05:30,2026-07-25T23:27:09.236069461+05:30,,INC-20260718-67C7B9
PWD-TSK-OVL0023,PWD-INC-OVL0023,PWD-WRD,PWD-OFF-014,Executive Engineer (V. Gunasekaran),"Attend waterlogging - Indira Nagar Cross Cross Street, Ward 10",,2026-08-10T05:08:36.347355837+05:30,2026-08-17T05:08:36.347355837+05:30,Done,department,pwd_task,2026-08-12T14:46:34.858546810+05:30,2026-08-15T09:15:44.727328585+05:30,,INC-20260809-829D5A
PWD-TSK-OVL0024,PWD-INC-OVL0024,PWD-WRD,PWD-OFF-011,Superintending Engineer (J. Murugesan),"Attend waterlogging - Indira Nagar Cross Cross Street, Ward 10",,2026-08-10T02:49:06.672289018+05:30,2026-08-17T02:49:06.672289018+05:30,Done,department,pwd_task,2026-08-14T14:30:20.715295154+05:30,2026-08-17T13:36:11.285741059+05:30,,INC-20260809-B33CA1
PWD-TSK-OVL0025,PWD-INC-OVL0025,PWD-WRD,PWD-OFF-014,Executive Engineer (V. Gunasekaran),"Attend waterlogging - Indira Nagar Cross Cross Street, Ward 10",,2026-08-10T00:12:05.092864944+05:30,2026-08-17T00:12:05.092864944+05:30,Done,department,pwd_task,2026-08-11T03:51:51.230617531+05:30,2026-08-12T12:01:09.002433448+05:30,,INC-20260809-829D5A
PWD-TSK-OVL0026,PWD-INC-OVL0026,PWD-WRD,PWD-OFF-015,Executive Engineer (V. Karthikeyan),"Attend waterlogging - Indira Nagar Cross Cross Street, Ward 10",,2026-08-10T03:03:01.725771932+05:30,2026-08-17T03:03:01.725771932+05:30,Done,department,pwd_task,2026-08-12T15:38:17.389471678+05:30,2026-08-15T05:21:21.110881350+05:30,,INC-20260809-FD28ED
PWD-TSK-OVL0027,PWD-INC-OVL0027,PWD-WRD,PWD-OFF-020,Assistant Executive Engineer (S. Palanisamy),"Attend waterlogging - Kolavizhiamman Nagar 1St Street, Palavakkam",,2026-08-09T20:04:11.518378845+05:30,2026-08-16T20:04:11.518378845+05:30,Done,department,pwd_task,2026-08-14T06:53:03.317274805+05:30,2026-08-15T13:03:03.185368927+05:30,,INC-20260809-7E1738
PWD-TSK-OVL0028,PWD-INC-OVL0028,PWD-WRD,PWD-OFF-019,Executive Engineer (S. Prabhakaran),"Attend waterlogging - Kolavizhiamman Nagar 1St Street, Palavakkam",,2026-08-10T00:13:23.842967604+05:30,2026-08-17T00:13:23.842967604+05:30,Done,department,pwd_task,2026-08-12T13:52:15.664619131+05:30,2026-08-15T04:37:29.506156623+05:30,,INC-20260809-7E1738
PWD-TSK-OVL0029,PWD-INC-OVL0029,PWD-WRD,PWD-OFF-020,Assistant Executive Engineer (S. Palanisamy),"Attend waterlogging - Kolavizhiamman Nagar 1St Street, Palavakkam",,2026-08-09T21:33:23.468343977+05:30,2026-08-16T21:33:23.468343977+05:30,Done,department,pwd_task,2026-08-12T08:11:14.538957552+05:30,2026-08-13T10:20:25.193788474+05:30,,INC-20260809-7E1738
PWD-TSK-OVL0030,PWD-INC-OVL0030,PWD-WRD,PWD-OFF-020,Assistant Executive Engineer (S. Palanisamy),"Attend waterlogging - Kolavizhiamman Nagar 1St Street, Palavakkam",,2026-08-10T02:03:45.612506599+05:30,2026-08-17T02:03:45.612506599+05:30,Done,department,pwd_task,2026-08-14T04:39:55.893017500+05:30,2026-08-15T15:53:04.064067577+05:30,,INC-20260809-7E1738
PWD-TSK-OVL0031,PWD-INC-OVL0031,PWD-WRD,PWD-OFF-016,Assistant Executive Engineer (S. Karthikeyan),"Attend waterlogging - Kolavizhiamman Nagar 1St Street, Palavakkam",,2026-08-10T00:36:50.012889939+05:30,2026-08-17T00:36:50.012889939+05:30,Done,department,pwd_task,2026-08-15T10:45:06.111987418+05:30,2026-08-18T08:11:28.598337704+05:30,,INC-20260809-7E1738
PWD-TSK-OVL0032,PWD-INC-OVL0032,PWD-WRD,PWD-OFF-011,Superintending Engineer (J. Murugesan),"Attend waterlogging - G.K.M. Colony (E.V.R.Street) 1St Street, Peravallur",,2026-08-09T19:11:59.196080974+05:30,2026-08-16T19:11:59.196080974+05:30,Done,department,pwd_task,2026-08-12T02:00:01.432093355+05:30,2026-08-14T15:37:01.227881269+05:30,,INC-20260809-02B82B
PWD-TSK-OVL0033,PWD-INC-OVL0033,PWD-WRD,PWD-OFF-018,Assistant Executive Engineer (M. Gunasekaran),"Attend waterlogging - G.K.M. Colony (E.V.R.Street) 1St Street, Peravallur",,2026-08-10T02:02:26.746230234+05:30,2026-08-17T02:02:26.746230234+05:30,Done,department,pwd_task,2026-08-15T11:43:57.209087096+05:30,2026-08-16T20:25:30.103849530+05:30,,INC-20260809-02B82B
PWD-TSK-OVL0034,PWD-INC-OVL0034,PWD-WRD,PWD-OFF-013,Executive Engineer (G. Selvi),"Attend waterlogging - Natesa Nagar 1St Street, Periamet",,2026-08-09T23:38:26.310634209+05:30,2026-08-16T23:38:26.310634209+05:30,Done,department,pwd_task,2026-08-12T14:45:44.012710793+05:30,2026-08-14T19:05:51.970041801+05:30,,INC-20260809-1DF2A8
PWD-TSK-OVL0035,PWD-INC-OVL0035,PWD-WRD,PWD-OFF-021,Executive Engineer (A. Kavitha),"Attend waterlogging - Gandhi Nagar, Wimco Nagar",,2026-08-09T09:50:53.356444116+05:30,2026-08-16T09:50:53.356444116+05:30,Done,department,pwd_task,2026-08-11T22:26:05.176150270+05:30,2026-08-14T06:35:59.908765423+05:30,,INC-20260809-CC1AED
PWD-TSK-OVL0036,PWD-INC-OVL0036,PWD-WRD,PWD-OFF-020,Assistant Executive Engineer (S. Palanisamy),"Attend waterlogging - Gandhi Nagar, Wimco Nagar",,2026-08-09T20:58:10.190999975+05:30,2026-08-16T20:58:10.190999975+05:30,Done,department,pwd_task,2026-08-13T04:41:06.961803917+05:30,2026-08-14T13:54:27.184003917+05:30,,INC-20260809-CC1AED
PWD-TSK-OVL0037,PWD-INC-OVL0037,PWD-WRD,PWD-OFF-011,Superintending Engineer (J. Murugesan),"Attend waterlogging - Sabari Nagar, Kathirvedu",,2026-08-10T01:42:20.229380174+05:30,2026-08-17T01:42:20.229380174+05:30,Done,department,pwd_task,2026-08-14T19:50:38.073553191+05:30,2026-08-16T13:18:29.425502190+05:30,,INC-20260808-6153D9
PWD-TSK-OVL0038,PWD-INC-OVL0038,PWD-WRD,PWD-OFF-020,Assistant Executive Engineer (S. Palanisamy),"Attend waterlogging - Masjid 3Rd Nagar, Ward 179",,2026-08-10T04:52:43.927560716+05:30,2026-08-17T04:52:43.927560716+05:30,Done,department,pwd_task,2026-08-13T17:57:33.416555309+05:30,2026-08-16T10:48:18.577695763+05:30,,INC-20260809-23A4EE
PWD-TSK-OVL0039,PWD-INC-OVL0039,PWD-WRD,PWD-OFF-012,Executive Engineer (T. Sumathi),"Attend waterlogging - Masjid 3Rd Nagar, Ward 179",,2026-08-10T02:53:28.489659496+05:30,2026-08-17T02:53:28.489659496+05:30,Done,department,pwd_task,2026-08-13T04:15:18.174022180+05:30,2026-08-14T15:39:49.162041730+05:30,,INC-20260809-23A4EE
PWD-TSK-OVL0040,PWD-INC-OVL0040,PWD-WRD,PWD-OFF-019,Executive Engineer (S. Prabhakaran),"Attend waterlogging - Egappan Street, Korukkupet",,2026-08-10T17:54:44.753684380+05:30,2026-08-17T17:54:44.753684380+05:30,Done,department,pwd_task,2026-08-12T23:57:37.050461719+05:30,2026-08-14T10:44:19.844076717+05:30,,INC-20260809-CDD19A
PWD-TSK-OVL0041,PWD-INC-OVL0041,PWD-WRD,PWD-OFF-015,Executive Engineer (V. Karthikeyan),"Attend waterlogging - Egappan Street, Korukkupet",,2026-08-10T19:04:49.764218760+05:30,2026-08-17T19:04:49.764218760+05:30,Done,department,pwd_task,2026-08-15T07:51:02.918192600+05:30,2026-08-17T22:35:56.064224898+05:30,,INC-20260809-CDD19A
PWD-TSK-OVL0042,PWD-INC-OVL0042,PWD-WRD,PWD-OFF-015,Executive Engineer (V. Karthikeyan),"Attend canal overflow - Dr. Radhakrishnapuram Slum Road, R.A.Puram",,2026-08-10T15:41:38.063369235+05:30,2026-08-17T15:41:38.063369235+05:30,Done,department,pwd_task,2026-08-12T03:57:27.549388173+05:30,2026-08-14T13:42:57.535476005+05:30,,INC-20260810-9AFB28
PWD-TSK-OVL0043,PWD-INC-OVL0043,PWD-WRD,PWD-OFF-011,Superintending Engineer (J. Murugesan),"Attend canal overflow - Icf Colony Blocks, Ayanavaram",,2026-08-11T01:14:43.848451031+05:30,2026-08-18T01:14:43.848451031+05:30,Done,department,pwd_task,2026-08-12T10:28:09.118537599+05:30,2026-08-14T01:46:33.742673870+05:30,,INC-20260810-39B217
PWD-TSK-OVL0044,PWD-INC-OVL0044,PWD-WRD,PWD-OFF-013,Executive Engineer (G. Selvi),"Attend waterlogging - Bharthipuram Main Road, Shenoy Nagar West",,2026-08-11T02:38:50.156498541+05:30,2026-08-18T02:38:50.156498541+05:30,Done,department,pwd_task,2026-08-13T03:52:02.437484989+05:30,2026-08-14T16:01:16.849403071+05:30,,INC-20260810-6714AD
PWD-TSK-OVL0045,PWD-INC-OVL0045,PWD-WRD,PWD-OFF-018,Assistant Executive Engineer (M. Gunasekaran),"Attend waterlogging - Bharthipuram Main Road, Shenoy Nagar West",,2026-08-10T21:42:58.216789698+05:30,2026-08-17T21:42:58.216789698+05:30,Done,department,pwd_task,2026-08-14T20:28:33.322517500+05:30,2026-08-17T17:02:49.151698907+05:30,,INC-20260810-6714AD
PWD-TSK-OVL0046,PWD-INC-OVL0046,PWD-WRD,PWD-OFF-019,Executive Engineer (S. Prabhakaran),"Attend waterlogging - Sathiya Nagar Main Road, Ekkattuthangal",,2026-08-11T00:04:56.226637739+05:30,2026-08-18T00:04:56.226637739+05:30,Done,department,pwd_task,2026-08-14T13:51:57.877422343+05:30,2026-08-16T22:47:09.402841820+05:30,,INC-20260809-8AAAF5
PWD-TSK-OVL0047,PWD-INC-OVL0047,PWD-WRD,PWD-OFF-011,Superintending Engineer (J. Murugesan),"Attend canal overflow - Muttamil Nagar 7Th Street, Karapakkam",,2026-08-11T02:48:07.224293529+05:30,2026-08-18T02:48:07.224293529+05:30,Done,department,pwd_task,2026-08-16T04:46:39.315216429+05:30,2026-08-18T02:54:40.583480267+05:30,,INC-20260810-FFF9B8
PWD-TSK-OVL0048,PWD-INC-OVL0048,PWD-WRD,PWD-OFF-020,Assistant Executive Engineer (S. Palanisamy),"Attend canal overflow - Pillaiyar Koil 5Th Street, Ward 196",,2026-08-11T09:40:47.692055507+05:30,2026-08-18T09:40:47.692055507+05:30,Done,department,pwd_task,2026-08-13T01:17:01.925760195+05:30,2026-08-14T07:20:02.704027251+05:30,,INC-20260809-D61D1A
PWD-TSK-OVL0049,PWD-INC-OVL0049,PWD-WRD,PWD-OFF-014,Executive Engineer (V. Gunasekaran),"Attend canal overflow - Harleton Street, Athipet",,2026-08-29T03:00:32.090519820+05:30,2026-09-05T03:00:32.090519820+05:30,Done,department,pwd_task,2026-08-31T14:40:55.800379216+05:30,2026-09-02T04:11:57.978244098+05:30,,INC-20260828-AD0F29
PWD-TSK-OVL0050,PWD-INC-OVL0050,PWD-WRD,PWD-OFF-014,Executive Engineer (V. Gunasekaran),"Attend canal overflow - Balaji Nagar 1St Lane, Ward 81",,2026-08-28T16:57:27.437438893+05:30,2026-09-04T16:57:27.437438893+05:30,Done,department,pwd_task,2026-08-31T00:51:20.542999007+05:30,2026-09-01T09:05:24.664664136+05:30,,INC-20260828-EC705A
PWD-TSK-OVL0051,PWD-INC-OVL0051,PWD-WRD,PWD-OFF-012,Executive Engineer (T. Sumathi),"Attend waterlogging - Lakshmi Nagar 5Th St, Ward 125",,2026-08-29T07:09:36.584432602+05:30,2026-09-05T07:09:36.584432602+05:30,Done,department,pwd_task,2026-08-31T11:25:37.671152521+05:30,2026-09-01T20:55:40.055320170+05:30,,INC-20260828-BCDA96
PWD-TSK-OVL0052,PWD-INC-OVL0052,PWD-WRD,PWD-OFF-015,Executive Engineer (V. Karthikeyan),"Attend waterlogging - Lakshmi Nagar 5Th St, Ward 125",,2026-08-29T04:29:14.280068054+05:30,2026-09-05T04:29:14.280068054+05:30,Done,department,pwd_task,2026-09-02T05:59:13.723049893+05:30,2026-09-03T11:17:23.730796018+05:30,,INC-20260828-BCDA96
PWD-TSK-OVL0053,PWD-INC-OVL0053,PWD-WRD,PWD-OFF-011,Superintending Engineer (J. Murugesan),"Attend canal overflow - Vinayagar Koil Extn Lane, Ward 161",,2026-08-28T17:43:58.621324432+05:30,2026-09-04T17:43:58.621324432+05:30,Done,department,pwd_task,2026-08-31T04:38:28.366091464+05:30,2026-09-01T05:03:04.368480198+05:30,,INC-20260826-CFFEA0
PWD-TSK-OVL0054,PWD-INC-OVL0054,PWD-WRD,PWD-OFF-011,Superintending Engineer (J. Murugesan),"Attend waterlogging - Kalyanapuram 9Th Main Street, Elephant Gate",,2026-09-06T17:23:14.570415046+05:30,2026-09-13T17:23:14.570415046+05:30,Done,department,pwd_task,2026-09-09T07:38:54.248284642+05:30,2026-09-11T12:27:47.096750681+05:30,,INC-20260906-A55EA3
PWD-TSK-OVL0055,PWD-INC-OVL0055,PWD-WRD,PWD-OFF-015,Executive Engineer (V. Karthikeyan),"Attend waterlogging - Kalyanapuram 9Th Main Street, Elephant Gate",,2026-09-06T21:55:16.540974292+05:30,2026-09-13T21:55:16.540974292+05:30,Done,department,pwd_task,2026-09-09T13:20:05.228394592+05:30,2026-09-10T19:11:16.997962569+05:30,,INC-20260906-A55EA3
PWD-TSK-OVL0056,PWD-INC-OVL0056,PWD-WRD,PWD-OFF-019,Executive Engineer (S. Prabhakaran),"Attend waterlogging - 1 Cross Street Venkatesa Nagar  2 Extn, Koyambedu",,2026-09-06T23:42:08.516072888+05:30,2026-09-13T23:42:08.516072888+05:30,Done,department,pwd_task,2026-09-10T02:49:59.117923519+05:30,2026-09-12T04:24:03.620406135+05:30,,INC-20260906-D2E9A7
PWD-TSK-OVL0057,PWD-INC-OVL0057,PWD-WRD,PWD-OFF-011,Superintending Engineer (J. Murugesan),"Attend waterlogging - Periyar Extn Salai, Ward 185",,2026-09-07T03:07:55.820905021+05:30,2026-09-14T03:07:55.820905021+05:30,Done,department,pwd_task,2026-09-12T10:42:06.981332438+05:30,2026-09-14T15:21:38.117849384+05:30,,INC-20260906-D5B22F
PWD-TSK-OVL0058,PWD-INC-OVL0058,PWD-WRD,PWD-OFF-019,Executive Engineer (S. Prabhakaran),"Attend canal overflow - Periyar Extn Salai, Ward 185",,2026-09-07T11:21:13.191646082+05:30,2026-09-14T11:21:13.191646082+05:30,Done,department,pwd_task,2026-09-11T15:01:23.299827228+05:30,2026-09-13T05:02:17.361305736+05:30,,INC-20260906-D5B22F
PWD-TSK-OVL0059,PWD-INC-OVL0059,PWD-WRD,PWD-OFF-015,Executive Engineer (V. Karthikeyan),"Attend waterlogging - Anbazhagan  Nagar 6Th Street, Sembium",,2026-09-06T15:51:08.594143669+05:30,2026-09-13T15:51:08.594143669+05:30,Done,department,pwd_task,2026-09-09T19:22:46.844124508+05:30,2026-09-11T02:50:08.734771868+05:30,,INC-20260906-26DE04
PWD-TSK-OVL0060,PWD-INC-OVL0060,PWD-WRD,PWD-OFF-019,Executive Engineer (S. Prabhakaran),"Attend canal overflow - Anbazhagan  Nagar 6Th Street, Sembium",,2026-09-06T19:48:10.033808400+05:30,2026-09-13T19:48:10.033808400+05:30,Done,department,pwd_task,2026-09-09T23:57:13.350127227+05:30,2026-09-11T10:08:33.353658201+05:30,,INC-20260906-CCDBD2
PWD-TSK-OVL0061,PWD-INC-OVL0061,PWD-WRD,PWD-OFF-020,Assistant Executive Engineer (S. Palanisamy),"Attend canal overflow - Adyar Club Gate Road, R.A.Puram",,2026-09-07T12:51:00.714706942+05:30,2026-09-14T12:51:00.714706942+05:30,Done,department,pwd_task,2026-09-12T11:00:57.938117190+05:30,2026-09-14T11:13:45.522773189+05:30,,INC-20260906-644791
PWD-TSK-OVL0062,PWD-INC-OVL0062,PWD-WRD,PWD-OFF-016,Assistant Executive Engineer (S. Karthikeyan),"Attend waterlogging - Nallakinaru Street, Mangalapuram",,2026-09-20T06:06:41.710686252+05:30,2026-09-27T06:06:41.710686252+05:30,Done,department,pwd_task,2026-09-24T03:54:48.481738617+05:30,2026-09-26T00:03:34.979654957+05:30,,INC-20260919-10B0E9
PWD-TSK-OVL0063,PWD-INC-OVL0063,PWD-WRD,PWD-OFF-016,Assistant Executive Engineer (S. Karthikeyan),"Attend canal overflow - Jeevan Nagar 4Th Street, Kaveri Gogulam, Adambakkam",,2026-09-20T05:39:49.728136371+05:30,2026-09-27T05:39:49.728136371+05:30,Done,department,pwd_task,2026-09-25T16:49:13.069315319+05:30,2026-09-27T07:09:44.495884227+05:30,,INC-20260919-65E8E7
PWD-TSK-OVL0064,PWD-INC-OVL0064,PWD-WRD,PWD-OFF-011,Superintending Engineer (J. Murugesan),"Attend canal overflow - Durgai Nagar, Ponniammanmedu-Madhavaram",,2026-09-20T06:19:38.365805444+05:30,2026-09-27T06:19:38.365805444+05:30,Done,department,pwd_task,2026-09-25T14:24:05.580390+05:30,2026-09-27T08:31:48.501864869+05:30,,INC-20260919-F720CA
PWD-TSK-OVL0065,PWD-INC-OVL0065,PWD-WRD,PWD-OFF-019,Executive Engineer (S. Prabhakaran),"Attend waterlogging - Muttamil Nagar 7Th Street, Karapakkam",,2026-09-19T18:21:59.004083531+05:30,2026-09-26T18:21:59.004083531+05:30,Done,department,pwd_task,2026-09-21T09:16:48.609599744+05:30,2026-09-22T23:18:25.546923600+05:30,,INC-20260919-AA7BEA
PWD-TSK-OVL0066,PWD-INC-OVL0066,PWD-WRD,PWD-OFF-016,Assistant Executive Engineer (S. Karthikeyan),"Attend canal overflow - Muttamil Nagar 7Th Street, Karapakkam",,2026-09-19T20:12:31.435959769+05:30,2026-09-26T20:12:31.435959769+05:30,Done,department,pwd_task,2026-09-24T02:26:12.006818822+05:30,2026-09-26T23:56:36.908880746+05:30,,INC-20260919-DD73BC
PWD-TSK-OVL0067,PWD-INC-OVL0067,PWD-WRD,PWD-OFF-020,Assistant Executive Engineer (S. Palanisamy),"Attend waterlogging - Thider Nagar Cross Street, Maduravoyal",,2026-09-20T01:27:43.692516410+05:30,2026-09-27T01:27:43.692516410+05:30,Done,department,pwd_task,2026-09-23T04:59:59.279466225+05:30,2026-09-25T00:17:12.315681388+05:30,,INC-20260919-0E1F47
PWD-TSK-OVL0068,PWD-INC-OVL0068,PWD-WRD,PWD-OFF-019,Executive Engineer (S. Prabhakaran),"Attend canal overflow - Thider Nagar Cross Street, Maduravoyal",,2026-09-19T16:14:43.825064479+05:30,2026-09-26T16:14:43.825064479+05:30,Done,department,pwd_task,2026-09-23T09:44:00.692023379+05:30,2026-09-25T15:28:47.292405864+05:30,,INC-20260919-0E1F47
PWD-TSK-OVL0069,PWD-INC-OVL0069,PWD-WRD,PWD-OFF-021,Executive Engineer (A. Kavitha),"Attend waterlogging - Vallalar 4Th Cross Street, Ward 10",,2026-09-19T13:58:21.156868658+05:30,2026-09-26T13:58:21.156868658+05:30,Done,department,pwd_task,2026-09-24T06:35:41.316616784+05:30,2026-09-26T18:43:15.747416279+05:30,,INC-20260919-FB2203
PWD-TSK-OVL0070,PWD-INC-OVL0070,PWD-WRD,PWD-OFF-021,Executive Engineer (A. Kavitha),"Attend waterlogging - Vallalar 4Th Cross Street, Ward 10",,2026-09-19T09:56:22.942693102+05:30,2026-09-26T09:56:22.942693102+05:30,Done,department,pwd_task,2026-09-21T03:49:13.127616596+05:30,2026-09-22T21:54:37.779713910+05:30,,INC-20260919-FB2203
PWD-TSK-OVL0071,PWD-INC-OVL0071,PWD-WRD,PWD-OFF-015,Executive Engineer (V. Karthikeyan),"Attend waterlogging - Lakshmi Nagar 2Nd Street, Sembium",,2026-09-20T20:10:09.363790525+05:30,2026-09-27T20:10:09.363790525+05:30,Done,department,pwd_task,2026-09-24T02:17:51.455744587+05:30,2026-09-26T10:58:36.146294911+05:30,,INC-20260919-833DAE
PWD-TSK-OVL0072,PWD-INC-OVL0072,PWD-WRD,PWD-OFF-015,Executive Engineer (V. Karthikeyan),"Attend waterlogging - Lakshmi Nagar 2Nd Street, Sembium",,2026-09-20T15:54:50.932406479+05:30,2026-09-27T15:54:50.932406479+05:30,Done,department,pwd_task,2026-09-26T00:38:15.062422673+05:30,2026-09-28T13:34:17.578387171+05:30,,INC-20260919-833DAE
PWD-TSK-OVL0073,PWD-INC-OVL0073,PWD-WRD,PWD-OFF-019,Executive Engineer (S. Prabhakaran),"Attend canal overflow - Anna Nagar West Extn.,, Mogappair",,2026-09-21T11:17:04.166837536+05:30,2026-09-28T11:17:04.166837536+05:30,Done,department,pwd_task,2026-09-27T03:56:25.054900051+05:30,2026-09-28T05:46:20.467939746+05:30,,INC-20260920-75FBBF
PWD-TSK-OVL0074,PWD-INC-OVL0074,PWD-WRD,PWD-OFF-011,Superintending Engineer (J. Murugesan),"Attend canal overflow - Anna Nagar West Extn.,, Mogappair",,2026-09-20T22:07:35.594458071+05:30,2026-09-27T22:07:35.594458071+05:30,Done,department,pwd_task,2026-09-24T13:06:17.978384772+05:30,2026-09-26T19:47:52.974599466+05:30,,INC-20260920-75FBBF
PWD-TSK-OVL0075,PWD-INC-OVL0075,PWD-WRD,PWD-OFF-020,Assistant Executive Engineer (S. Palanisamy),"Attend canal overflow - Anna Nagar West Extn.,, Mogappair",,2026-09-21T05:13:20.405893330+05:30,2026-09-28T05:13:20.405893330+05:30,Done,department,pwd_task,2026-09-26T00:47:44.718742394+05:30,2026-09-28T22:04:03.839610763+05:30,,INC-20260920-75FBBF
PWD-TSK-OVL0076,PWD-INC-OVL0076,PWD-WRD,PWD-OFF-011,Superintending Engineer (J. Murugesan),"Attend waterlogging - Nesammal Nagar Bala Vinayakar 3Rd  Street Annexe, Nerkundram",,2026-09-20T19:37:14.402580147+05:30,2026-09-27T19:37:14.402580147+05:30,Done,department,pwd_task,2026-09-24T04:44:14.843184110+05:30,2026-09-26T09:13:57.307534262+05:30,,INC-20260920-54E890
PWD-TSK-OVL0077,PWD-INC-OVL0077,PWD-WRD,PWD-OFF-013,Executive Engineer (G. Selvi),"Attend waterlogging - Nesammal Nagar Bala Vinayakar 3Rd  Street Annexe, Nerkundram",,2026-09-20T21:16:08.817994909+05:30,2026-09-27T21:16:08.817994909+05:30,Done,department,pwd_task,2026-09-25T05:01:33.507165623+05:30,2026-09-27T11:10:20.589556402+05:30,,INC-20260920-54E890
PWD-TSK-OVL0078,PWD-INC-OVL0078,PWD-WRD,PWD-OFF-013,Executive Engineer (G. Selvi),"Attend canal overflow - Kalaignar 1St Street, Ward 62",,2026-09-21T12:19:15.288833977+05:30,2026-09-28T12:19:15.288833977+05:30,Done,department,pwd_task,2026-09-23T18:49:04.847215556+05:30,2026-09-25T07:41:47.370195196+05:30,,INC-20260919-C2C009
PWD-TSK-OVL0079,PWD-INC-OVL0079,PWD-WRD,PWD-OFF-020,Assistant Executive Engineer (S. Palanisamy),"Attend waterlogging - Copper Beach Road, Sholinganallur",,2026-09-20T17:52:44.622941203+05:30,2026-09-27T17:52:44.622941203+05:30,Done,department,pwd_task,2026-09-24T16:28:03.753713889+05:30,2026-09-27T02:41:45.321289842+05:30,,INC-20260919-0D73F1
PWD-TSK-OVL0080,PWD-INC-OVL0080,PWD-WRD,PWD-OFF-020,Assistant Executive Engineer (S. Palanisamy),"Attend waterlogging - Copper Beach Road, Sholinganallur",,2026-09-20T16:55:37.892945186+05:30,2026-09-27T16:55:37.892945186+05:30,Done,department,pwd_task,2026-09-22T16:35:19.039161505+05:30,2026-09-23T23:34:29.479965824+05:30,,INC-20260919-0D73F1
PWD-TSK-OVL0081,PWD-INC-OVL0081,PWD-WRD,PWD-OFF-011,Superintending Engineer (J. Murugesan),"Attend canal overflow - J.J. Nagar, C7 Block  1St Street,, Korukkupet",,2026-09-21T00:40:39.711092106+05:30,2026-09-28T00:40:39.711092106+05:30,Done,department,pwd_task,2026-09-24T15:37:36.826746376+05:30,2026-09-26T15:25:56.722783655+05:30,,INC-20260920-1949E5
PWD-TSK-OVL0082,PWD-INC-OVL0082,PWD-WRD,PWD-OFF-015,Executive Engineer (V. Karthikeyan),"Attend waterlogging - J.J. Nagar, C7 Block  1St Street,, Korukkupet",,2026-09-20T21:00:50.956749709+05:30,2026-09-27T21:00:50.956749709+05:30,Done,department,pwd_task,2026-09-23T06:58:10.191250330+05:30,2026-09-25T16:13:49.392905766+05:30,,INC-20260919-070B37
PWD-TSK-OVL0083,PWD-INC-OVL0083,PWD-WRD,PWD-OFF-018,Assistant Executive Engineer (M. Gunasekaran),"Attend waterlogging - J.J. Nagar, C7 Block  1St Street,, Korukkupet",,2026-09-20T20:22:26.436564157+05:30,2026-09-27T20:22:26.436564157+05:30,Done,department,pwd_task,2026-09-25T09:46:54.038152098+05:30,2026-09-27T23:41:46.786884583+05:30,,INC-20260919-070B37
PWD-TSK-OVL0084,PWD-INC-OVL0084,PWD-WRD,PWD-OFF-013,Executive Engineer (G. Selvi),"Attend waterlogging - Vadachalam Nagar Iv Street, Kodambakkam",,2026-09-20T07:08:00.707565154+05:30,2026-09-27T07:08:00.707565154+05:30,Done,department,pwd_task,2026-09-25T06:51:05.196376456+05:30,2026-09-27T01:22:14.675165231+05:30,,INC-20260919-FA3A62
PWD-TSK-OVL0085,PWD-INC-OVL0085,PWD-WRD,PWD-OFF-012,Executive Engineer (T. Sumathi),"Attend waterlogging - Vadachalam Nagar Iv Street, Kodambakkam",,2026-09-20T12:18:41.258476148+05:30,2026-09-27T12:18:41.258476148+05:30,Done,department,pwd_task,2026-09-26T02:53:56.420475067+05:30,2026-09-28T13:44:04.300063155+05:30,,INC-20260919-FA3A62
PWD-TSK-OVL0086,PWD-INC-OVL0086,PWD-WRD,PWD-OFF-020,Assistant Executive Engineer (S. Palanisamy),"Attend canal overflow - Vadachalam Nagar Iv Street, Kodambakkam",,2026-09-20T10:36:56.800489229+05:30,2026-09-27T10:36:56.800489229+05:30,Done,department,pwd_task,2026-09-24T13:20:42.868350618+05:30,2026-09-27T12:59:51.837215231+05:30,,INC-20260919-FA3A62
PWD-TSK-OVL0087,PWD-INC-OVL0087,PWD-WRD,PWD-OFF-019,Executive Engineer (S. Prabhakaran),"Attend waterlogging - Kalyana Mastri Garden 6Th Street, Pattalam",,2026-09-20T21:18:38.049116386+05:30,2026-09-27T21:18:38.049116386+05:30,Done,department,pwd_task,2026-09-25T05:58:44.762038773+05:30,2026-09-28T01:45:26.081336210+05:30,,INC-20260920-434BD2
PWD-TSK-OVL0088,PWD-INC-OVL0088,PWD-WRD,PWD-OFF-019,Executive Engineer (S. Prabhakaran),"Attend canal overflow - Gajalakshmi Colony Vi Street, Aminjikarai",,2026-09-21T01:24:11.086810920+05:30,2026-09-28T01:24:11.086810920+05:30,Done,department,pwd_task,2026-09-23T19:21:20.767207709+05:30,2026-09-24T22:20:58.304008431+05:30,,INC-20260920-1BDB60
PWD-TSK-OVL0089,PWD-INC-OVL0089,PWD-WRD,PWD-OFF-019,Executive Engineer (S. Prabhakaran),"Attend waterlogging - Gajalakshmi Colony Vi Street, Aminjikarai",,2026-09-21T09:56:13.509624285+05:30,2026-09-28T09:56:13.509624285+05:30,Done,department,pwd_task,2026-09-22T14:47:15.360397024+05:30,2026-09-25T04:07:39.583868995+05:30,,INC-20260920-1BDB60
PWD-TSK-OVL0090,PWD-INC-OVL0090,PWD-WRD,PWD-OFF-015,Executive Engineer (V. Karthikeyan),"Attend waterlogging - Rangappan Street, Mettupalayam",,2026-09-25T21:19:45.366683894+05:30,2026-10-02T21:19:45.366683894+05:30,Done,department,pwd_task,2026-09-29T16:41:19.076729280+05:30,,,INC-20260925-032C46
PWD-TSK-OVL0091,PWD-INC-OVL0091,PWD-WRD,PWD-OFF-020,Assistant Executive Engineer (S. Palanisamy),"Attend waterlogging - Rangappan Street, Mettupalayam",,2026-09-25T22:52:29.714326125+05:30,2026-10-02T22:52:29.714326125+05:30,Done,department,pwd_task,2026-09-29T05:10:26.300670646+05:30,2026-10-01T19:12:45.238974786+05:30,,INC-20260925-032C46
PWD-TSK-OVL0092,PWD-INC-OVL0092,PWD-WRD,PWD-OFF-012,Executive Engineer (T. Sumathi),"Attend waterlogging - 22Nd Link Street, Indira Nagar",,2026-09-25T13:34:36.156375007+05:30,2026-10-02T13:34:36.156375007+05:30,Done,department,pwd_task,2026-09-29T21:33:16.211035412+05:30,,,INC-20260925-D9E787
PWD-TSK-OVL0093,PWD-INC-OVL0093,PWD-WRD,PWD-OFF-015,Executive Engineer (V. Karthikeyan),"Attend waterlogging - 22Nd Link Street, Indira Nagar",,2026-09-25T19:31:31.784578745+05:30,2026-10-02T19:31:31.784578745+05:30,Done,department,pwd_task,2026-09-30T19:12:23.916230179+05:30,,,INC-20260925-D9E787
PWD-TSK-OVL0094,PWD-INC-OVL0094,PWD-WRD,PWD-OFF-011,Superintending Engineer (J. Murugesan),"Attend waterlogging - 22Nd Link Street, Indira Nagar",,2026-09-25T20:58:24.212677017+05:30,2026-10-02T20:58:24.212677017+05:30,Done,department,pwd_task,2026-10-01T05:05:39.443893876+05:30,,,INC-20260925-D9E787
PWD-TSK-OVL0095,PWD-INC-OVL0095,PWD-WRD,PWD-OFF-013,Executive Engineer (G. Selvi),"Attend waterlogging - 22Nd Link Street, Indira Nagar",,2026-09-25T15:46:47.660577495+05:30,2026-10-02T15:46:47.660577495+05:30,Done,department,pwd_task,2026-09-27T11:57:27.306407164+05:30,2026-09-30T01:43:20.863066131+05:30,,INC-20260925-D9E787
PWD-TSK-OVL0096,PWD-INC-OVL0096,PWD-WRD,PWD-OFF-019,Executive Engineer (S. Prabhakaran),"Attend waterlogging - 22Nd Link Street, Indira Nagar",,2026-09-25T18:11:30.148709545+05:30,2026-10-02T18:11:30.148709545+05:30,Done,department,pwd_task,2026-09-29T19:30:37.323274488+05:30,,,INC-20260925-D9E787
PWD-TSK-OVL0097,PWD-INC-OVL0097,PWD-WRD,PWD-OFF-020,Assistant Executive Engineer (S. Palanisamy),"Attend waterlogging - 22Nd Link Street, Indira Nagar",,2026-09-25T12:09:03.977425028+05:30,2026-10-02T12:09:03.977425028+05:30,Done,department,pwd_task,2026-09-29T05:12:21.466667250+05:30,2026-10-01T11:02:08.674824592+05:30,,INC-20260925-D9E787
PWD-TSK-OVL0098,PWD-INC-OVL0098,PWD-WRD,PWD-OFF-019,Executive Engineer (S. Prabhakaran),"Attend waterlogging - City Link Road Awaram  Santhinigathan, Adambakkam",,2026-09-25T19:08:09.838651146+05:30,2026-10-02T19:08:09.838651146+05:30,Done,department,pwd_task,2026-09-28T09:03:34.575481655+05:30,2026-09-29T23:15:28.294821800+05:30,,INC-20260925-6A6728
PWD-TSK-OVL0099,PWD-INC-OVL0099,PWD-WRD,PWD-OFF-020,Assistant Executive Engineer (S. Palanisamy),"Attend canal overflow - City Link Road Awaram  Santhinigathan, Adambakkam",,2026-09-25T17:57:26.749577439+05:30,2026-10-02T17:57:26.749577439+05:30,Done,department,pwd_task,2026-09-30T01:30:34.083527413+05:30,2026-10-01T08:19:48.071589722+05:30,,INC-20260925-729EEB
PWD-TSK-OVL0100,PWD-INC-OVL0100,PWD-WRD,PWD-OFF-011,Superintending Engineer (J. Murugesan),"Attend waterlogging - Appa Durai Thottam, Mylapore",,2026-09-26T07:06:36.035116647+05:30,2026-10-03T07:06:36.035116647+05:30,Done,department,pwd_task,2026-10-01T18:59:51.138980688+05:30,,,INC-20260925-03AFC0
PWD-TSK-OVL0101,PWD-INC-OVL0101,PWD-WRD,PWD-OFF-013,Executive Engineer (G. Selvi),"Attend waterlogging - Appa Durai Thottam, Mylapore",,2026-09-26T02:46:56.679909232+05:30,2026-10-03T02:46:56.679909232+05:30,Done,department,pwd_task,2026-09-28T06:11:31.732311313+05:30,2026-09-30T12:43:44.921235777+05:30,,INC-20260925-D86B83
PWD-TSK-OVL0102,PWD-INC-OVL0102,PWD-WRD,PWD-OFF-015,Executive Engineer (V. Karthikeyan),"Attend canal overflow - Appa Durai Thottam, Mylapore",,2026-09-26T03:05:32.322141997+05:30,2026-10-03T03:05:32.322141997+05:30,Done,department,pwd_task,2026-09-28T23:16:12.568898183+05:30,2026-09-30T16:04:34.673746968+05:30,,INC-20260925-B2A781
PWD-TSK-OVL0103,PWD-INC-OVL0103,PWD-WRD,PWD-OFF-011,Superintending Engineer (J. Murugesan),"Attend waterlogging - Maligai Avanue Nerkundram, Nerkundram",,2026-09-25T19:48:37.508273157+05:30,2026-10-02T19:48:37.508273157+05:30,Done,department,pwd_task,2026-09-28T03:51:21.653470784+05:30,2026-10-01T00:34:14.372556563+05:30,,INC-20260925-CCC74E
PWD-TSK-OVL0104,PWD-INC-OVL0104,PWD-WRD,PWD-OFF-013,Executive Engineer (G. Selvi),"Attend canal overflow - Maligai Avanue Nerkundram, Nerkundram",,2026-09-25T20:29:13.414767246+05:30,2026-10-02T20:29:13.414767246+05:30,Done,department,pwd_task,2026-09-30T13:50:26.574633707+05:30,,,INC-20260925-CCC74E
PWD-TSK-OVL0105,PWD-INC-OVL0105,PWD-WRD,PWD-OFF-019,Executive Engineer (S. Prabhakaran),"Attend waterlogging - Maligai Avanue Nerkundram, Nerkundram",,2026-09-25T21:31:24.604935973+05:30,2026-10-02T21:31:24.604935973+05:30,Done,department,pwd_task,2026-09-28T19:33:44.739271944+05:30,2026-09-29T19:53:49.446757637+05:30,,INC-20260925-CCC74E
PWD-TSK-OVL0106,PWD-INC-OVL0106,PWD-WRD,PWD-OFF-013,Executive Engineer (G. Selvi),"Attend waterlogging - Maligai Avanue Nerkundram, Nerkundram",,2026-09-25T20:39:40.257196710+05:30,2026-10-02T20:39:40.257196710+05:30,Done,department,pwd_task,2026-09-27T18:17:03.591821709+05:30,2026-09-30T13:24:25.306772658+05:30,,INC-20260925-CCC74E
PWD-TSK-OVL0107,PWD-INC-OVL0107,PWD-WRD,PWD-OFF-011,Superintending Engineer (J. Murugesan),"Attend waterlogging - Maligai Avanue Nerkundram, Nerkundram",,2026-09-25T23:49:12.599978109+05:30,2026-10-02T23:49:12.599978109+05:30,Done,department,pwd_task,2026-09-29T11:26:59.737174275+05:30,2026-09-30T20:01:22.496417943+05:30,,INC-20260925-CCC74E
PWD-TSK-OVL0108,PWD-INC-OVL0108,PWD-WRD,PWD-OFF-019,Executive Engineer (S. Prabhakaran),"Attend waterlogging - Maligai Avanue Nerkundram, Nerkundram",,2026-09-25T22:58:24.670889073+05:30,2026-10-02T22:58:24.670889073+05:30,Done,department,pwd_task,2026-09-28T11:35:12.292060040+05:30,2026-09-30T09:33:13.428917644+05:30,,INC-20260925-CCC74E
PWD-TSK-OVL0109,PWD-INC-OVL0109,PWD-WRD,PWD-OFF-019,Executive Engineer (S. Prabhakaran),"Attend waterlogging - Maligai Avanue Nerkundram, Nerkundram",,2026-09-25T20:31:39.421456418+05:30,2026-10-02T20:31:39.421456418+05:30,Done,department,pwd_task,2026-09-28T22:51:52.736503330+05:30,2026-10-01T14:56:29.826925495+05:30,,INC-20260925-CCC74E
PWD-TSK-OVL0110,PWD-INC-OVL0110,PWD-WRD,PWD-OFF-019,Executive Engineer (S. Prabhakaran),"Attend canal overflow - Mosque Colony 1St Street, Velachery",,2026-09-28T09:38:44.721704217+05:30,2026-10-05T09:38:44.721704217+05:30,Done,department,pwd_task,2026-10-01T11:53:35.910775275+05:30,,,INC-20260928-0B1FED
PWD-TSK-OVL0111,PWD-INC-OVL0111,PWD-WRD,PWD-OFF-019,Executive Engineer (S. Prabhakaran),"Attend waterlogging - Thiruvalluvar Cross Street, Ullagaram",,2026-09-29T08:59:23.674855780+05:30,2026-10-06T08:59:23.674855780+05:30,In progress,department,pwd_task,,,,INC-20260928-66262F
PWD-TSK-OVL0112,PWD-INC-OVL0112,PWD-WRD,PWD-OFF-012,Executive Engineer (T. Sumathi),"Attend waterlogging - Thiruvalluvar Cross Street, Ullagaram",,2026-09-29T05:16:52.493327982+05:30,2026-10-06T05:16:52.493327982+05:30,Done,department,pwd_task,2026-09-30T12:49:14.163412068+05:30,,,INC-20260928-66262F
PWD-TSK-OVL0113,PWD-INC-OVL0113,PWD-WRD,PWD-OFF-020,Assistant Executive Engineer (S. Palanisamy),"Attend canal overflow - Saraswathi Nagar Mainroad, Nerkundram",,2026-09-28T16:32:53.402538686+05:30,2026-10-05T16:32:53.402538686+05:30,In progress,department,pwd_task,,,,INC-20260928-6AF80C
PWD-TSK-OVL0114,PWD-INC-OVL0114,PWD-WRD,PWD-OFF-020,Assistant Executive Engineer (S. Palanisamy),"Attend canal overflow - Saraswathi Nagar Mainroad, Nerkundram",,2026-09-28T18:33:43.157857879+05:30,2026-10-05T18:33:43.157857879+05:30,In progress,department,pwd_task,,,,INC-20260928-6AF80C
PWD-TSK-OVL0115,PWD-INC-OVL0115,PWD-WRD,PWD-OFF-020,Assistant Executive Engineer (S. Palanisamy),"Attend waterlogging - Saraswathi Nagar Mainroad, Nerkundram",,2026-09-28T22:11:16.141001862+05:30,2026-10-05T22:11:16.141001862+05:30,In progress,department,pwd_task,,,,INC-20260928-6AF80C
PWD-TSK-OVL0116,PWD-INC-OVL0116,PWD-WRD,PWD-OFF-011,Superintending Engineer (J. Murugesan),"Attend waterlogging - Saraswathi Nagar Mainroad, Nerkundram",,2026-09-28T17:42:07.497858916+05:30,2026-10-05T17:42:07.497858916+05:30,In progress,department,pwd_task,,,,INC-20260928-6AF80C
PWD-TSK-OVL0117,PWD-INC-OVL0117,PWD-WRD,PWD-OFF-019,Executive Engineer (S. Prabhakaran),"Attend waterlogging - Portguese Church 4Th Lane, Seven Wells",,2026-09-29T09:13:45.155449947+05:30,2026-10-06T09:13:45.155449947+05:30,Done,department,pwd_task,2026-10-01T19:17:11.407644265+05:30,,,INC-20260928-BD29D0
PWD-TSK-OVL0118,PWD-INC-OVL0118,PWD-WRD,PWD-OFF-018,Assistant Executive Engineer (M. Gunasekaran),"Attend waterlogging - Corporation Colony Alias Ibrahim Street, Parrys",,2026-09-29T05:52:25.404960703+05:30,2026-10-06T05:52:25.404960703+05:30,Done,department,pwd_task,2026-10-01T17:31:47.551484333+05:30,,,INC-20260926-81CA9C
PWD-TSK-OVL0119,PWD-INC-OVL0119,PWD-WRD,PWD-OFF-011,Superintending Engineer (J. Murugesan),"Attend waterlogging - Corporation Colony Alias Ibrahim Street, Parrys",,2026-09-29T04:51:59.137673161+05:30,2026-10-06T04:51:59.137673161+05:30,Done,department,pwd_task,2026-10-01T05:16:59.075575078+05:30,,,INC-20260926-81CA9C
PWD-TSK-OVL0120,PWD-INC-OVL0120,PWD-WRD,PWD-OFF-018,Assistant Executive Engineer (M. Gunasekaran),"Attend waterlogging - Corporation Colony Alias Ibrahim Street, Parrys",,2026-09-29T09:18:52.867812800+05:30,2026-10-06T09:18:52.867812800+05:30,Done,department,pwd_task,2026-10-01T16:57:00.391172860+05:30,,,INC-20260926-81CA9C
PWD-TSK-OVL0121,PWD-INC-OVL0121,PWD-WRD,PWD-OFF-012,Executive Engineer (T. Sumathi),"Attend waterlogging - Jeevan Nagar 4Th Street, Kaveri Gogulam, Adambakkam",,2026-09-29T22:40:57.988211642+05:30,2026-10-06T22:40:57.988211642+05:30,Done,department,pwd_task,2026-10-01T07:11:21.983564197+05:30,,,INC-20260929-24487D
PWD-TSK-OVL0122,PWD-INC-OVL0122,PWD-WRD,PWD-OFF-019,Executive Engineer (S. Prabhakaran),"Attend waterlogging - Jeevan Nagar 4Th Street, Kaveri Gogulam, Adambakkam",,2026-09-30T10:47:56.817379423+05:30,2026-10-07T10:47:56.817379423+05:30,In progress,department,pwd_task,,,,INC-20260929-24487D
PWD-TSK-OVL0123,PWD-INC-OVL0123,PWD-WRD,PWD-OFF-014,Executive Engineer (V. Gunasekaran),"Attend waterlogging - B'Sathanandhapuram (Near Road), Kaladipet",,2026-09-29T13:20:52.969543076+05:30,2026-10-06T13:20:52.969543076+05:30,Done,department,pwd_task,2026-10-01T21:34:03.617042767+05:30,,,INC-20260929-2A1F68
PWD-TSK-OVL0124,PWD-INC-OVL0124,PWD-WRD,PWD-OFF-021,Executive Engineer (A. Kavitha),"Attend waterlogging - B'Sathanandhapuram (Near Road), Kaladipet",,2026-09-29T15:51:03.248667176+05:30,2026-10-06T15:51:03.248667176+05:30,Done,department,pwd_task,2026-10-02T10:57:41.674341275+05:30,,,INC-20260929-2A1F68
PWD-TSK-OVL0125,PWD-INC-OVL0125,PWD-WRD,PWD-OFF-021,Executive Engineer (A. Kavitha),"Attend waterlogging - B'Sathanandhapuram (Near Road), Kaladipet",,2026-09-29T23:43:07.192369355+05:30,2026-10-06T23:43:07.192369355+05:30,In progress,department,pwd_task,,,,INC-20260929-2A1F68
PWD-TSK-OVL0126,PWD-INC-OVL0126,PWD-WRD,PWD-OFF-011,Superintending Engineer (J. Murugesan),"Attend waterlogging - B'Sathanandhapuram (Near Road), Kaladipet",,2026-09-29T18:40:47.651524727+05:30,2026-10-06T18:40:47.651524727+05:30,Done,department,pwd_task,2026-10-01T13:23:52.939136366+05:30,,,INC-20260929-2A1F68
PWD-TSK-OVL0127,PWD-INC-OVL0127,PWD-WRD,PWD-OFF-019,Executive Engineer (S. Prabhakaran),"Attend canal overflow - B'Sathanandhapuram (Near Road), Kaladipet",,2026-09-29T14:47:47.410493680+05:30,2026-10-06T14:47:47.410493680+05:30,In progress,department,pwd_task,,,,INC-20260929-2A1F68
PWD-TSK-OVL0128,PWD-INC-OVL0128,PWD-WRD,PWD-OFF-014,Executive Engineer (V. Gunasekaran),"Attend canal overflow - B'Sathanandhapuram (Near Road), Kaladipet",,2026-09-29T23:17:51.810168770+05:30,2026-10-06T23:17:51.810168770+05:30,Done,department,pwd_task,2026-10-02T11:24:43.200249349+05:30,,,INC-20260929-2A1F68
PWD-TSK-OVL0129,PWD-INC-OVL0129,PWD-WRD,PWD-OFF-019,Executive Engineer (S. Prabhakaran),"Attend canal overflow - Nvn Nagar 10Th Street, Thirumangalam",,2026-09-30T06:00:10.660499819+05:30,2026-10-07T06:00:10.660499819+05:30,In progress,department,pwd_task,,,,INC-20260929-B3515C
PWD-TSK-OVL0130,PWD-INC-OVL0130,PWD-WRD,PWD-OFF-011,Superintending Engineer (J. Murugesan),"Attend waterlogging - Nvn Nagar 10Th Street, Thirumangalam",,2026-09-30T04:18:35.948618322+05:30,2026-10-07T04:18:35.948618322+05:30,In progress,department,pwd_task,,,,INC-20260929-B3515C
PWD-TSK-OVL0131,PWD-INC-OVL0131,PWD-WRD,PWD-OFF-013,Executive Engineer (G. Selvi),"Attend canal overflow - Nvn Nagar 10Th Street, Thirumangalam",,2026-09-30T10:15:32.902778072+05:30,2026-10-07T10:15:32.902778072+05:30,In progress,department,pwd_task,,,,INC-20260929-B3515C
PWD-TSK-OVL0132,PWD-INC-OVL0132,PWD-WRD,PWD-OFF-020,Assistant Executive Engineer (S. Palanisamy),"Attend canal overflow - Nvn Nagar 10Th Street, Thirumangalam",,2026-09-30T04:32:32.828077273+05:30,2026-10-07T04:32:32.828077273+05:30,In progress,department,pwd_task,,,,INC-20260929-B3515C
PWD-TSK-OVL0133,PWD-INC-OVL0133,PWD-WRD,PWD-OFF-019,Executive Engineer (S. Prabhakaran),"Attend waterlogging - 1St Floor R-3, Nolambur",,2026-09-30T04:46:21.911419688+05:30,2026-10-07T04:46:21.911419688+05:30,In progress,department,pwd_task,,,,INC-20260929-26C1EA
PWD-TSK-OVL0134,PWD-INC-OVL0134,PWD-WRD,PWD-OFF-013,Executive Engineer (G. Selvi),"Attend waterlogging - 1St Floor R-3, Nolambur",,2026-09-30T07:07:07.861806720+05:30,2026-10-07T07:07:07.861806720+05:30,In progress,department,pwd_task,,,,INC-20260929-26C1EA
PWD-TSK-OVL0135,PWD-INC-OVL0135,PWD-WRD,PWD-OFF-020,Assistant Executive Engineer (S. Palanisamy),"Attend canal overflow - 1St Floor R-3, Nolambur",,2026-09-30T14:15:13.628957298+05:30,2026-10-07T14:15:13.628957298+05:30,In progress,department,pwd_task,,,,INC-20260929-26C1EA
PWD-TSK-OVL0136,PWD-INC-OVL0136,PWD-WRD,PWD-OFF-013,Executive Engineer (G. Selvi),"Attend waterlogging - New Moore Market 2Nd Cross St, Choolai",,2026-09-29T10:57:44.661690185+05:30,2026-10-06T10:57:44.661690185+05:30,Done,department,pwd_task,2026-09-30T21:42:20.308645322+05:30,,,INC-20260929-5F81BF
PWD-TSK-OVL0137,PWD-INC-OVL0137,PWD-WRD,PWD-OFF-020,Assistant Executive Engineer (S. Palanisamy),"Attend waterlogging - New Moore Market 2Nd Cross St, Choolai",,2026-09-29T21:18:37.549240176+05:30,2026-10-06T21:18:37.549240176+05:30,In progress,department,pwd_task,,,,INC-20260929-5F81BF
PWD-TSK-OVL0138,PWD-INC-OVL0138,PWD-WRD,PWD-OFF-011,Superintending Engineer (J. Murugesan),"Attend canal overflow - New Moore Market 2Nd Cross St, Choolai",,2026-09-30T01:55:04.941603234+05:30,2026-10-07T01:55:04.941603234+05:30,In progress,department,pwd_task,,,,INC-20260929-5F81BF
PWD-TSK-OVL0139,PWD-INC-OVL0139,PWD-WRD,PWD-OFF-015,Executive Engineer (V. Karthikeyan),"Attend canal overflow - New Moore Market 2Nd Cross St, Choolai",,2026-09-29T18:12:53.125491238+05:30,2026-10-06T18:12:53.125491238+05:30,Done,department,pwd_task,2026-10-02T10:23:33.254412925+05:30,,,INC-20260929-5F81BF
PWD-TSK-OVL0140,PWD-INC-OVL0140,PWD-WRD,PWD-OFF-017,Assistant Executive Engineer (V. Meenakshi),"Attend waterlogging - Saradapuram Main Road, Mylapore",,2026-09-29T19:56:29.549788835+05:30,2026-10-06T19:56:29.549788835+05:30,In progress,department,pwd_task,,,,INC-20260929-9C6558
PWD-TSK-OVL0141,PWD-INC-OVL0141,PWD-WRD,PWD-OFF-015,Executive Engineer (V. Karthikeyan),"Attend canal overflow - Saradapuram Main Road, Mylapore",,2026-09-29T20:01:56.815444557+05:30,2026-10-06T20:01:56.815444557+05:30,In progress,department,pwd_task,,,,INC-20260929-218E91
PWD-TSK-OVL0142,PWD-INC-OVL0142,PWD-WRD,PWD-OFF-017,Assistant Executive Engineer (V. Meenakshi),"Attend waterlogging - Saradapuram Main Road, Mylapore",,2026-09-29T20:54:48.543490635+05:30,2026-10-06T20:54:48.543490635+05:30,In progress,department,pwd_task,,,,INC-20260929-075A97
PWD-TSK-OVL0143,PWD-INC-OVL0143,PWD-WRD,PWD-OFF-013,Executive Engineer (G. Selvi),"Attend waterlogging - Saradapuram Main Road, Mylapore",,2026-09-30T00:45:49.980147243+05:30,2026-10-07T00:45:49.980147243+05:30,In progress,department,pwd_task,,,,INC-20260929-075A97
PWD-TSK-OVL0144,PWD-INC-OVL0144,PWD-WRD,PWD-OFF-013,Executive Engineer (G. Selvi),"Attend waterlogging - Saradapuram Main Road, Mylapore",,2026-09-29T15:24:34.050354585+05:30,2026-10-06T15:24:34.050354585+05:30,In progress,department,pwd_task,,,,INC-20260929-075A97
PWD-TSK-OVL0145,PWD-INC-OVL0145,PWD-WRD,PWD-OFF-019,Executive Engineer (S. Prabhakaran),"Attend waterlogging - Bathala Vinayagar Koil Street, Puzhuthivakkam",,2026-09-30T18:56:45.660410082+05:30,2026-10-07T18:56:45.660410082+05:30,In progress,department,pwd_task,,,,INC-20260930-804C96
PWD-TSK-OVL0146,PWD-INC-OVL0146,PWD-WRD,PWD-OFF-019,Executive Engineer (S. Prabhakaran),"Attend waterlogging - Church Street, Padi",,2026-09-30T23:57:21.618473579+05:30,2026-10-07T23:57:21.618473579+05:30,In progress,department,pwd_task,,,,INC-20260930-5FCC57
PWD-TSK-OVL0147,PWD-INC-OVL0147,PWD-WRD,PWD-OFF-014,Executive Engineer (V. Gunasekaran),"Attend waterlogging - Church Street, Padi",,2026-10-01T05:43:38.531178077+05:30,2026-10-08T05:43:38.531178077+05:30,In progress,department,pwd_task,,,,INC-20260930-5FCC57
PWD-TSK-OVL0148,PWD-INC-OVL0148,PWD-WRD,PWD-OFF-019,Executive Engineer (S. Prabhakaran),"Attend canal overflow - Pallavan Nagar 4Th Cross St, Maduravoyal",,2026-10-01T07:58:33.925520415+05:30,2026-10-08T07:58:33.925520415+05:30,In progress,department,pwd_task,,,,INC-20260930-34D62E
PWD-TSK-OVL0149,PWD-INC-OVL0149,PWD-WRD,PWD-OFF-011,Superintending Engineer (J. Murugesan),"Attend canal overflow - Mm Colony New Street, Aminjikarai",,2026-09-30T19:36:34.460560694+05:30,2026-10-07T19:36:34.460560694+05:30,In progress,department,pwd_task,,,,INC-20260930-1A46F5
PWD-TSK-OVL0150,PWD-INC-OVL0150,PWD-WRD,PWD-OFF-019,Executive Engineer (S. Prabhakaran),"Attend canal overflow - Subramania Thottam 5Th Street, Sembium",,2026-10-01T03:18:45.118444373+05:30,2026-10-08T03:18:45.118444373+05:30,In progress,department,pwd_task,,,,INC-20260930-072194
PWD-TSK-OVL0151,PWD-INC-OVL0151,PWD-WRD,PWD-OFF-016,Assistant Executive Engineer (S. Karthikeyan),"Attend waterlogging - Subramania Thottam 5Th Street, Sembium",,2026-10-01T06:08:55.603466677+05:30,2026-10-08T06:08:55.603466677+05:30,In progress,department,pwd_task,,,,INC-20260930-072194
PWD-TSK-OVL0152,PWD-INC-OVL0152,PWD-WRD,PWD-OFF-019,Executive Engineer (S. Prabhakaran),"Attend waterlogging - Subramania Thottam 5Th Street, Sembium",,2026-10-01T08:46:34.920231703+05:30,2026-10-08T08:46:34.920231703+05:30,In progress,department,pwd_task,,,,INC-20260930-072194
PWD-TSK-OVL0153,PWD-INC-OVL0153,PWD-WRD,PWD-OFF-015,Executive Engineer (V. Karthikeyan),"Attend waterlogging - Apparao Garden 2Nd Lane, Choolai",,2026-10-01T20:26:21.271413251+05:30,2026-10-08T20:26:21.271413251+05:30,In progress,department,pwd_task,,,,INC-20261001-D4CFAE
PWD-TSK-OVL0154,PWD-INC-OVL0154,PWD-WRD,PWD-OFF-011,Superintending Engineer (J. Murugesan),"Attend waterlogging - Apparao Garden 2Nd Lane, Choolai",,2026-10-01T19:18:27.661870179+05:30,2026-10-08T19:18:27.661870179+05:30,Not started,department,pwd_task,,,,INC-20261001-D4CFAE
PWD-TSK-OVL0155,PWD-INC-OVL0155,PWD-WRD,PWD-OFF-011,Superintending Engineer (J. Murugesan),"Attend waterlogging - Annai Theresa 2Nd Cross St, Pallikaranai",,2026-10-02T09:14:10.930122802+05:30,2026-10-09T09:14:10.930122802+05:30,Not started,department,pwd_task,,,,INC-20261001-584D21
PWD-TSK-OVL0156,PWD-INC-OVL0156,PWD-WRD,PWD-OFF-019,Executive Engineer (S. Prabhakaran),"Attend waterlogging - Annai Theresa 2Nd Cross St, Pallikaranai",,2026-10-02T00:26:48.883484013+05:30,2026-10-09T00:26:48.883484013+05:30,Not started,department,pwd_task,,,,INC-20261001-584D21
PWD-TSK-OVL0157,PWD-INC-OVL0157,PWD-WRD,PWD-OFF-016,Assistant Executive Engineer (S. Karthikeyan),"Attend waterlogging - Officers Colony 3Rd Street, Adambakkam",,2026-10-01T16:17:24.707295501+05:30,2026-10-08T16:17:24.707295501+05:30,In progress,department,pwd_task,,,,INC-20261001-DFB103
PWD-TSK-OVL0158,PWD-INC-OVL0158,PWD-WRD,PWD-OFF-012,Executive Engineer (T. Sumathi),"Attend canal overflow - Officers Colony 3Rd Street, Adambakkam",,2026-10-01T21:37:54.910472444+05:30,2026-10-08T21:37:54.910472444+05:30,In progress,department,pwd_task,,,,INC-20261001-DFB103
PWD-TSK-OVL0159,PWD-INC-OVL0159,PWD-WRD,PWD-OFF-011,Superintending Engineer (J. Murugesan),"Attend canal overflow - Officers Colony 3Rd Street, Adambakkam",,2026-10-01T23:30:43.410117963+05:30,2026-10-08T23:30:43.410117963+05:30,Not started,department,pwd_task,,,,INC-20261001-DFB103
PWD-TSK-OVL0160,PWD-INC-OVL0160,PWD-WRD,PWD-OFF-012,Executive Engineer (T. Sumathi),"Attend canal overflow - Officers Colony 3Rd Street, Adambakkam",,2026-10-01T19:18:45.927620575+05:30,2026-10-08T19:18:45.927620575+05:30,In progress,department,pwd_task,,,,INC-20261001-DFB103
PWD-TSK-OVL0161,PWD-INC-OVL0161,PWD-WRD,PWD-OFF-016,Assistant Executive Engineer (S. Karthikeyan),"Attend waterlogging - Nermai Nagar Iii Street, Kolathur",,2026-10-02T01:29:02.329245960+05:30,2026-10-09T01:29:02.329245960+05:30,Not started,department,pwd_task,,,,INC-20261001-8E977C
PWD-TSK-OVL0162,PWD-INC-OVL0162,PWD-WRD,PWD-OFF-020,Assistant Executive Engineer (S. Palanisamy),"Attend canal overflow - Vivekananda 5Th Lane, Ward 51",,2026-10-01T09:05:36.955885672+05:30,2026-10-08T09:05:36.955885672+05:30,In progress,department,pwd_task,,,,INC-20261001-28EDF9
PWD-TSK-OVL0163,PWD-INC-OVL0163,PWD-WRD,PWD-OFF-020,Assistant Executive Engineer (S. Palanisamy),"Attend canal overflow - Vivekananda 5Th Lane, Ward 51",,2026-10-01T13:54:04.998776865+05:30,2026-10-08T13:54:04.998776865+05:30,In progress,department,pwd_task,,,,INC-20261001-28EDF9
PWD-TSK-OVL0164,PWD-INC-OVL0164,PWD-WRD,PWD-OFF-015,Executive Engineer (V. Karthikeyan),"Attend blocked drain - Ondikuppam 1St Street, Kaladipet",,2026-07-29T16:02:29.275657037+05:30,2026-08-05T16:02:29.275657037+05:30,Done,department,pwd_task,2026-08-01T21:59:34.993993651+05:30,2026-08-04T18:31:07.428165580+05:30,,INC-20260728-75561D
PWD-TSK-OVL0165,PWD-INC-OVL0165,PWD-BLD,PWD-OFF-007,Executive Engineer (M. Sumathi),"Attend wall collapse - Valliammal Garden Street, West Mambalam",,2026-08-23T15:45:57.234899340+05:30,2026-08-30T15:45:57.234899340+05:30,Done,department,pwd_task,2026-08-28T06:27:14.152383778+05:30,2026-08-29T19:46:52.122727152+05:30,,INC-20260823-BD880F
PWD-TSK-OVL0166,PWD-INC-OVL0166,PWD-WRD,PWD-OFF-019,Executive Engineer (S. Prabhakaran),"Attend blocked drain - Wood Warf Lane, Elephant Gate",,2026-07-07T21:50:08.558682147+05:30,2026-07-14T21:50:08.558682147+05:30,Done,department,pwd_task,2026-07-09T23:23:35.974004139+05:30,2026-07-12T11:28:22.923428514+05:30,,INC-20260707-389A5F
PWD-TSK-OVL0167,PWD-INC-OVL0167,PWD-BLD,PWD-OFF-005,Executive Engineer (R. Bharathi),"Attend wall collapse - Bharthipuram Main Road, Shenoy Nagar West",,2026-07-03T19:15:15.321917208+05:30,2026-07-10T19:15:15.321917208+05:30,Done,department,pwd_task,2026-07-07T15:43:57.821497003+05:30,2026-07-08T18:15:08.895375037+05:30,,INC-20260703-F539AC
PWD-TSK-OVL0168,PWD-INC-OVL0168,PWD-WRD,PWD-OFF-011,Superintending Engineer (J. Murugesan),"Attend blocked drain - Balaji Nagar 14Th Cross Street, Adambakkam",,2026-08-17T16:33:40.654709479+05:30,2026-08-24T16:33:40.654709479+05:30,Done,department,pwd_task,2026-08-20T05:20:06.516894432+05:30,2026-08-22T16:21:59.237070711+05:30,,INC-20260817-64420D
PWD-TSK-OVL0169,PWD-INC-OVL0169,PWD-BLD,PWD-OFF-006,Executive Engineer (T. Rajendran),"Attend wall collapse - Devaki  Ngr 4Th Cr St, Ponniammanmedu-Madhavaram",,2026-05-31T01:47:56.417208321+05:30,2026-06-07T01:47:56.417208321+05:30,Done,department,pwd_task,2026-06-02T18:46:14.234391905+05:30,2026-06-04T21:36:15.141413890+05:30,,INC-20260530-B2C6C5
PWD-TSK-OVL0170,PWD-INC-OVL0170,PWD-WRD,PWD-OFF-020,Assistant Executive Engineer (S. Palanisamy),"Attend blocked drain - Seetharam Nagar 2Nd Street, Velachery",,2026-09-06T13:59:41.354762330+05:30,2026-09-13T13:59:41.354762330+05:30,Done,department,pwd_task,2026-09-07T23:24:14.084458855+05:30,2026-09-10T01:47:47.370028706+05:30,,INC-20260905-5A1C2B
PWD-TSK-OVL0171,PWD-INC-OVL0171,PWD-BLD,PWD-OFF-007,Executive Engineer (M. Sumathi),"Attend wall collapse - Vinayagar Koil 1St Cross Road, Ward 127",,2026-09-01T10:54:12.558209505+05:30,2026-09-08T10:54:12.558209505+05:30,Done,department,pwd_task,2026-09-03T11:39:48.990294866+05:30,2026-09-05T10:29:47.045349114+05:30,,INC-20260831-3C93DF
PWD-TSK-OVL0172,PWD-INC-OVL0172,PWD-WRD,PWD-OFF-011,Superintending Engineer (J. Murugesan),"Attend blocked drain - Mosque Street, Nolambur",,2026-08-26T22:38:14.173788967+05:30,2026-09-02T22:38:14.173788967+05:30,Done,department,pwd_task,2026-08-31T12:42:22.863716274+05:30,2026-09-01T16:27:39.876288442+05:30,,INC-20260826-68D5E5
PWD-TSK-OVL0173,PWD-INC-OVL0173,PWD-BLD,PWD-OFF-006,Executive Engineer (T. Rajendran),"Attend wall collapse - Green Avenue, Kaladipet",,2026-07-06T16:29:25.666290084+05:30,2026-07-13T16:29:25.666290084+05:30,Done,department,pwd_task,2026-07-11T15:28:15.521584672+05:30,2026-07-12T22:46:21.585681069+05:30,,INC-20260706-3F9D58
PWD-TSK-OVL0174,PWD-INC-OVL0174,PWD-WRD,PWD-OFF-011,Superintending Engineer (J. Murugesan),"Attend blocked drain - Pachaiyappa Gramani Street, Aminjikarai",,2026-07-27T08:27:36.349528973+05:30,2026-08-03T08:27:36.349528973+05:30,Done,department,pwd_task,2026-07-31T20:55:22.272846530+05:30,2026-08-02T12:14:13.540954541+05:30,,INC-20260726-FD3D1F
PWD-TSK-OVL0175,PWD-INC-OVL0175,PWD-BLD,PWD-OFF-007,Executive Engineer (M. Sumathi),"Attend wall collapse - Amman Koil Street (Mh Colony, Aminjikarai",,2026-05-19T20:53:29.265569693+05:30,2026-05-26T20:53:29.265569693+05:30,Done,department,pwd_task,2026-05-22T15:47:09.321919704+05:30,2026-05-24T12:41:54.610075590+05:30,,INC-20260519-BD2DEE
PWD-TSK-OVL0176,PWD-INC-OVL0176,PWD-WRD,PWD-OFF-011,Superintending Engineer (J. Murugesan),"Attend blocked drain - Chetty Thottam Slum West Street, Saidapet",,2026-05-28T10:38:33.103259201+05:30,2026-06-04T10:38:33.103259201+05:30,Done,department,pwd_task,2026-05-31T20:42:18.707926881+05:30,2026-06-02T23:48:55.492975199+05:30,,INC-20260527-971B60
PWD-TSK-OVL0177,PWD-INC-OVL0177,PWD-BLD,PWD-OFF-003,Executive Engineer (J. Bharathi),"Attend wall collapse - Periyar Evr Salai, Kilpauk",,2026-07-20T01:54:01.661936044+05:30,2026-07-27T01:54:01.661936044+05:30,Done,department,pwd_task,2026-07-25T00:52:38.452498251+05:30,2026-07-26T13:00:19.926874897+05:30,,INC-20260719-3DC1B9
PWD-TSK-OVL0178,PWD-INC-OVL0178,PWD-WRD,PWD-OFF-015,Executive Engineer (V. Karthikeyan),"Attend blocked drain - Thangavel Pillai Thottam 1St Street, Korukkupet",,2026-07-06T20:49:01.342843292+05:30,2026-07-13T20:49:01.342843292+05:30,Done,department,pwd_task,2026-07-08T15:46:44.122156516+05:30,2026-07-10T06:35:55.119257122+05:30,,INC-20260706-D0D0EB
PWD-TSK-OVL0179,PWD-INC-OVL0179,PWD-BLD,PWD-OFF-002,Superintending Engineer (G. Palanisamy),"Attend wall collapse - New Sasthri Nagar 5Th Street, Korukkupet",,2026-09-28T17:10:07.996065252+05:30,2026-10-05T17:10:07.996065252+05:30,Done,department,pwd_task,2026-09-30T18:03:00.746799282+05:30,,,INC-20260928-8D29DF
PWD-TSK-OVL0180,PWD-INC-OVL0180,PWD-WRD,PWD-OFF-020,Assistant Executive Engineer (S. Palanisamy),"Attend blocked drain - Riverside Roadjail Warden Quarters, Chindatripet",,2026-04-28T16:34:49.268206118+05:30,2026-05-05T16:34:49.268206118+05:30,Done,department,pwd_task,2026-04-30T08:21:32.633230335+05:30,2026-05-02T00:29:33.338785776+05:30,,INC-20260427-473C39
PWD-TSK-OVL0181,PWD-INC-OVL0181,PWD-BLD,PWD-OFF-005,Executive Engineer (R. Bharathi),"Attend wall collapse - Dhanrajpuram I Street, Kolathur",,2026-09-08T03:45:04.703958557+05:30,2026-09-15T03:45:04.703958557+05:30,Done,department,pwd_task,2026-09-12T10:58:29.198339915+05:30,2026-09-15T10:26:02.417179187+05:30,,INC-20260907-5F9F89
PWD-TSK-OVL0182,PWD-INC-OVL0182,PWD-WRD,PWD-OFF-021,Executive Engineer (A. Kavitha),"Attend blocked drain - Sivananda Nagar 2Nd Street, Dunlop Ground",,2026-06-29T23:28:16.960887365+05:30,2026-07-06T23:28:16.960887365+05:30,Done,department,pwd_task,2026-07-04T04:53:53.505949098+05:30,2026-07-06T12:10:42.990994683+05:30,,INC-20260628-7C9B84
PWD-TSK-OVL0183,PWD-INC-OVL0183,PWD-BLD,PWD-OFF-007,Executive Engineer (M. Sumathi),"Attend wall collapse - Venkatesan Street, Kosapet",,2026-05-19T09:26:58.502100917+05:30,2026-05-26T09:26:58.502100917+05:30,Done,department,pwd_task,2026-05-20T19:10:40.696367052+05:30,2026-05-22T02:33:25.565789067+05:30,,INC-20260519-30B9C6
PWD-TSK-OVL0184,PWD-INC-OVL0184,PWD-WRD,PWD-OFF-020,Assistant Executive Engineer (S. Palanisamy),"Attend blocked drain - Annai Sathya Main Street, Ward 35",,2026-06-21T04:21:13.986187134+05:30,2026-06-28T04:21:13.986187134+05:30,Done,department,pwd_task,2026-06-26T07:56:13.336860545+05:30,2026-06-28T19:55:33.539871922+05:30,,INC-20260620-AF5C8C
PWD-TSK-OVL0185,PWD-INC-OVL0185,PWD-BLD,PWD-OFF-002,Superintending Engineer (G. Palanisamy),"Attend wall collapse - Mosque Lane, Chepauk",,2026-08-08T00:27:32.085179688+05:30,2026-08-15T00:27:32.085179688+05:30,Done,department,pwd_task,2026-08-09T14:21:59.970715862+05:30,2026-08-12T05:15:55.192188631+05:30,,INC-20260807-29D5AB
PWD-TSK-OVL0186,PWD-INC-OVL0186,PWD-WRD,PWD-OFF-015,Executive Engineer (V. Karthikeyan),"Attend blocked drain - Portguese Church 5Th Lane, Seven Wells",,2026-06-14T05:42:41.688914351+05:30,2026-06-21T05:42:41.688914351+05:30,Done,department,pwd_task,2026-06-17T23:30:22.415243599+05:30,2026-06-20T01:09:46.233279991+05:30,,INC-20260614-8D41EC
PWD-TSK-OVL0187,PWD-INC-OVL0187,PWD-BLD,PWD-OFF-003,Executive Engineer (J. Bharathi),"Attend wall collapse - Portguese Church 7Th Lane, Seven Wells",,2026-05-12T04:56:45.279423505+05:30,2026-05-19T04:56:45.279423505+05:30,Done,department,pwd_task,2026-05-15T03:12:28.537202150+05:30,2026-05-17T07:57:28.263255619+05:30,,INC-20260512-4A5E9C
PWD-TSK-OVL0188,PWD-INC-OVL0188,PWD-WRD,PWD-OFF-011,Superintending Engineer (J. Murugesan),"Attend blocked drain - Kasipuram B Block 4Th Lane, Royapuram",,2026-04-22T17:37:41.852142197+05:30,2026-04-29T17:37:41.852142197+05:30,Done,department,pwd_task,2026-04-26T10:42:37.826607788+05:30,2026-04-28T10:12:55.395186319+05:30,,INC-20260422-74860A
PWD-TSK-OVL0189,PWD-INC-OVL0189,PWD-BLD,PWD-OFF-003,Executive Engineer (J. Bharathi),"Attend wall collapse - Vallalar 3Rd Cross Street, Ward 67",,2026-04-13T06:51:30.932130906+05:30,2026-04-20T06:51:30.932130906+05:30,Done,department,pwd_task,2026-04-17T12:20:42.715516735+05:30,2026-04-19T06:10:29.265809990+05:30,,INC-20260412-9E36D0
PWD-TSK-OVL0190,PWD-INC-OVL0190,PWD-WRD,PWD-OFF-020,Assistant Executive Engineer (S. Palanisamy),"Attend blocked drain - Meenambal Sivaraj Nagar (Scb Quarters A - G Blocks), Park Town",,2026-07-17T06:51:15.914323812+05:30,2026-07-24T06:51:15.914323812+05:30,Done,department,pwd_task,2026-07-19T22:34:27.452004366+05:30,2026-07-22T11:18:37.485145750+05:30,,INC-20260716-C56647
PWD-TSK-OVL0191,PWD-INC-OVL0191,PWD-BLD,PWD-OFF-002,Superintending Engineer (G. Palanisamy),"Attend wall collapse - New Bethania Nagar 1St St, Valasaravakkam",,2026-10-01T18:07:41.306396956+05:30,2026-10-08T18:07:41.306396956+05:30,Not started,department,pwd_task,,,,INC-20261001-23050B
PWD-TSK-OVL0192,PWD-INC-OVL0192,PWD-WRD,PWD-OFF-019,Executive Engineer (S. Prabhakaran),"Attend blocked drain - Kasthuri Bai, Gandhi Nagar, Vyasarpadi",,2026-08-30T03:57:36.171862685+05:30,2026-09-06T03:57:36.171862685+05:30,Done,department,pwd_task,2026-09-02T11:26:48.285364575+05:30,2026-09-04T19:02:26.457155515+05:30,,INC-20260829-704B69
PWD-TSK-OVL0193,PWD-INC-OVL0193,PWD-WRD,PWD-OFF-014,Executive Engineer (V. Gunasekaran),"Attend blocked drain - Thirumalai Nagar, Puzhal",,2026-08-31T13:18:05.141280854+05:30,2026-09-07T13:18:05.141280854+05:30,Done,department,pwd_task,2026-09-04T11:46:31.785102349+05:30,2026-09-05T19:47:06.710654111+05:30,,INC-20260830-332AB4
PWD-TSK-OVL0194,PWD-INC-OVL0194,PWD-BLD,PWD-OFF-007,Executive Engineer (M. Sumathi),"Attend wall collapse - Munieswaran Nagar, Ist Street, Washermanpet",,2026-09-22T06:45:11.863847758+05:30,2026-09-29T06:45:11.863847758+05:30,Done,department,pwd_task,2026-09-25T10:43:03.780469352+05:30,2026-09-26T13:38:01.509909817+05:30,,INC-20260922-D9D65B
PWD-TSK-OVL0195,PWD-INC-OVL0195,PWD-WRD,PWD-OFF-015,Executive Engineer (V. Karthikeyan),"Attend blocked drain - Veeraragavalu Nagar Extn, Retteri",,2026-10-01T17:02:42.665505744+05:30,2026-10-08T17:02:42.665505744+05:30,In progress,department,pwd_task,,,,INC-20261001-3A02C2
PWD-TSK-OVL0196,PWD-INC-OVL0196,PWD-WRD,PWD-OFF-011,Superintending Engineer (J. Murugesan),"Attend blocked drain - Vasantha Street, Mogappair",,2026-09-26T23:40:54.861422522+05:30,2026-10-03T23:40:54.861422522+05:30,Done,department,pwd_task,2026-09-30T23:52:52.303495887+05:30,,,INC-20260926-B57969
PWD-TSK-OVL0197,PWD-INC-OVL0197,PWD-WRD,PWD-OFF-019,Executive Engineer (S. Prabhakaran),"Attend waterlogging - M.G.R Extn Main Road, Virugambakkam",,2026-09-27T18:38:42.912637052+05:30,2026-10-04T18:38:42.912637052+05:30,Done,department,pwd_task,2026-09-30T11:04:12.892525864+05:30,2026-10-01T15:41:52.205607339+05:30,,INC-20260927-0F8B4F
PWD-TSK-OVL0198,PWD-INC-OVL0198,PWD-WRD,PWD-OFF-013,Executive Engineer (G. Selvi),"Attend waterlogging - Duraisamy Nagar Main Road, Porur",,2026-09-29T04:35:33.568304394+05:30,2026-10-06T04:35:33.568304394+05:30,In progress,department,pwd_task,,,,INC-20260928-88B03D
PWD-TSK-OVL0199,PWD-INC-OVL0199,PWD-BLD,PWD-OFF-007,Executive Engineer (M. Sumathi),"Attend wall collapse - Gandhi Nagar, Pattinapakkam",,2026-09-27T05:12:45.403177174+05:30,2026-10-04T05:12:45.403177174+05:30,Done,department,pwd_task,2026-09-29T09:43:05.335559517+05:30,2026-09-30T19:42:06.051704342+05:30,,INC-20260926-BBB90B
PWD-TSK-OVL0200,PWD-INC-OVL0200,PWD-WRD,PWD-OFF-016,Assistant Executive Engineer (S. Karthikeyan),"Attend blocked drain - Voc Street, Thiruvanmiyur",,2026-09-25T10:27:05.263532933+05:30,2026-10-02T10:27:05.263532933+05:30,Done,department,pwd_task,2026-09-30T00:27:16.046682460+05:30,2026-10-01T18:21:46.437126746+05:30,,INC-20260925-D668A3
PWD-TSK-OVL0201,PWD-INC-OVL0201,PWD-WRD,PWD-OFF-011,Superintending Engineer (J. Murugesan),"Attend waterlogging - Balaiah Graden, Kumar St, Pallikaranai",,2026-07-27T06:42:17.411903985+05:30,2026-08-03T06:42:17.411903985+05:30,Done,department,pwd_task,2026-07-29T14:39:37.442365394+05:30,2026-08-01T09:13:37.154699516+05:30,,INC-20260726-4684E7
PWD-TSK-OVL0202,PWD-INC-OVL0202,PWD-WRD,PWD-OFF-021,Executive Engineer (A. Kavitha),"Attend waterlogging - Sakthi Nagar, Korattur",,2026-09-10T09:16:54.633714007+05:30,2026-09-17T09:16:54.633714007+05:30,Done,department,pwd_task,2026-09-13T01:54:33.242355273+05:30,2026-09-15T22:24:21.016232187+05:30,,INC-20260909-CD3EC9
PWD-TSK-OVL0203,PWD-INC-OVL0203,PWD-WRD,PWD-OFF-017,Assistant Executive Engineer (V. Meenakshi),"Attend waterlogging - Pallavan Road, Triplicane",,2026-08-08T07:56:46.968801086+05:30,2026-08-15T07:56:46.968801086+05:30,Done,department,pwd_task,2026-08-11T03:34:12.404008381+05:30,2026-08-13T09:45:49.981354424+05:30,,INC-20260808-0BCF5B
PWD-TSK-OVL0204,PWD-INC-OVL0204,PWD-WRD,PWD-OFF-019,Executive Engineer (S. Prabhakaran),"Attend blocked drain - West End Colony, Ennore",,2026-08-22T02:12:11.765806550+05:30,2026-08-29T02:12:11.765806550+05:30,Done,department,pwd_task,2026-08-23T15:19:28.886063500+05:30,2026-08-24T23:22:52.883516381+05:30,,INC-20260821-561C12
PWD-TSK-OVL0205,PWD-INC-OVL0205,PWD-BLD,PWD-OFF-004,Executive Engineer (G. Kalaiselvi),"Attend wall collapse - Gandhi Nagar, Pattinapakkam",,2026-09-28T00:59:14.022283968+05:30,2026-10-05T00:59:14.022283968+05:30,Done,department,pwd_task,2026-09-30T14:50:13.546922485+05:30,,,INC-20260927-487DB7
PWD-TSK-OVL0206,PWD-INC-OVL0206,PWD-WRD,PWD-OFF-018,Assistant Executive Engineer (M. Gunasekaran),"Attend blocked drain - Munieswaran Nagar, Ist Street, Washermanpet",,2026-09-19T17:18:49.848754089+05:30,2026-09-26T17:18:49.848754089+05:30,Done,department,pwd_task,2026-09-24T16:38:30.123988397+05:30,2026-09-27T01:52:29.005880289+05:30,,INC-20260918-C8E051
ACT-dc8e1a5dbca4,,POL-GCP,,"SHO, Kannagi Nagar Police Station",Respond immediately,1.0,,2026-04-06T11:23:34+05:30,Draft,agent:action_planner,playbook,,,,INC-20260406-137958
ACT-1b4ebe2f6dd1,,POL-GCP,,"SHO, Kannagi Nagar Police Station",Register the case,2.0,,2026-04-06T12:35:34+05:30,Draft,agent:action_planner,playbook,,,,INC-20260406-137958
ACT-986fb7247a1d,,POL-GCP,,"SHO, Kannagi Nagar Police Station",Protect the victim,3.0,,2026-04-06T13:47:34+05:30,Draft,agent:action_planner,playbook,,,,INC-20260406-137958
ACT-52ba6e0e4e2d,,POL-GCP,,"SHO, Kannagi Nagar Police Station",Arrest the accused,4.0,,2026-04-06T14:59:34+05:30,Draft,agent:action_planner,playbook,,,,INC-20260406-137958
ACT-860b75e3ec43,,POL-GCP,,Deputy Commissioner of Police,Close,5.0,,2026-04-06T16:11:34+05:30,Draft,agent:action_planner,playbook,,,,INC-20260406-137958
ACT-06605b02c8ee,,POL-GCP,,"SHO, Ambattur Estate Police Station",Respond immediately,1.0,,2026-04-06T15:38:27+05:30,Draft,agent:action_planner,playbook,,,,INC-20260406-322BB7
ACT-2b36fde94eba,,POL-GCP,,"SHO, Ambattur Estate Police Station",Register the case,2.0,,2026-04-06T16:50:27+05:30,Draft,agent:action_planner,playbook,,,,INC-20260406-322BB7
ACT-349babea5ba7,,POL-GCP,,"SHO, Ambattur Estate Police Station",Protect the victim,3.0,,2026-04-06T18:02:27+05:30,Draft,agent:action_planner,playbook,,,,INC-20260406-322BB7
ACT-9f38a09b17b2,,POL-GCP,,"SHO, Ambattur Estate Police Station",Arrest the accused,4.0,,2026-04-06T19:14:27+05:30,Draft,agent:action_planner,playbook,,,,INC-20260406-322BB7
ACT-49d146845ad4,,POL-GCP,,Deputy Commissioner of Police,Close,5.0,,2026-04-06T20:26:27+05:30,Draft,agent:action_planner,playbook,,,,INC-20260406-322BB7
ACT-537d7fd59d92,,POL-GCP,,"SHO, Adambakkam Police Station",Register the complaint,1.0,,2026-04-07T23:50:11+05:30,Draft,agent:action_planner,playbook,,,,INC-20260407-275803
ACT-78ab9fee4ffe,,POL-GCP,,"SHO, Adambakkam Police Station",Circulate details,2.0,,2026-04-08T02:14:11+05:30,Draft,agent:action_planner,playbook,,,,INC-20260407-275803
ACT-21b624b24a93,,POL-GCP,,"SHO, Adambakkam Police Station",Search,3.0,,2026-04-08T04:38:11+05:30,Draft,agent:action_planner,playbook,,,,INC-20260407-275803
ACT-1432a7d0a780,,POL-GCP,,"SHO, Adambakkam Police Station",Trace,4.0,,2026-04-08T07:02:11+05:30,Draft,agent:action_planner,playbook,,,,INC-20260407-275803
ACT-b96047c6fd4b,,POL-GCP,,Deputy Commissioner of Police,Close,5.0,,2026-04-08T09:26:11+05:30,Draft,agent:action_planner,playbook,,,,INC-20260407-275803
ACT-b8ee1843cb40,,PWD-WRD,,"Assistant Executive Engineer, Chennai Lakes Sub-Division, Ambattur (S. Karthikeyan)",Inspect the structure,1.0,,2026-04-08T00:11:38+05:30,Draft,agent:action_planner,playbook,,,,INC-20260407-6F46BC
ACT-be17f1b22b1d,,PWD-WRD,,"Assistant Executive Engineer, Chennai Lakes Sub-Division, Ambattur (S. Karthikeyan)",Cordon off the area,2.0,,2026-04-08T04:59:38+05:30,Draft,agent:action_planner,playbook,,,,INC-20260407-6F46BC
ACT-984760a40713,,PWD-WRD,,"Assistant Executive Engineer, Chennai Lakes Sub-Division, Ambattur (S. Karthikeyan)",Shift occupants if unsafe,3.0,,2026-04-08T09:47:38+05:30,Draft,agent:action_planner,playbook,,,,INC-20260407-6F46BC
ACT-9cdec8751c77,,PWD-WRD,,"Assistant Executive Engineer, Chennai Lakes Sub-Division, Ambattur (S. Karthikeyan)",Repair or demolish,4.0,,2026-04-08T14:35:38+05:30,Draft,agent:action_planner,playbook,,,,INC-20260407-6F46BC
ACT-26045773eca0,,PWD-WRD,,Superintending Engineer (WRD),Close with report,5.0,,2026-04-08T19:23:38+05:30,Draft,agent:action_planner,playbook,,,,INC-20260407-6F46BC
ACT-287f281078be,,GCC-ENG,,Superintending Engineer,Support unsafe buildings & walls response,,,2026-04-08T07:23:38+05:30,Draft,agent:action_planner,coordination,,,,INC-20260407-6F46BC
ACT-62a14b346276,,DIST-DM,,District Revenue Officer (Disaster),Support unsafe buildings & walls response,,,2026-04-08T07:23:38+05:30,Draft,agent:action_planner,coordination,,,,INC-20260407-6F46BC
ACT-afb0ce20f890,,POL-GCP,,"SHO, Kannagi Nagar Police Station",Respond immediately,1.0,,2026-04-08T12:16:14+05:30,Draft,agent:action_planner,playbook,,,,INC-20260408-25990D
ACT-84f78cd54d30,,POL-GCP,,"SHO, Kannagi Nagar Police Station",Register the case,2.0,,2026-04-08T12:40:14+05:30,Draft,agent:action_planner,playbook,,,,INC-20260408-25990D
ACT-a9d2ed451d58,,POL-GCP,,"SHO, Kannagi Nagar Police Station",Protect the victim,3.0,,2026-04-08T13:04:14+05:30,Draft,agent:action_planner,playbook,,,,INC-20260408-25990D
ACT-85d2fb982010,,POL-GCP,,"SHO, Kannagi Nagar Police Station",Arrest the accused,4.0,,2026-04-08T13:28:14+05:30,Draft,agent:action_planner,playbook,,,,INC-20260408-25990D
ACT-6d9706462283,,POL-GCP,,Deputy Commissioner of Police,Close,5.0,,2026-04-08T13:52:14+05:30,Draft,agent:action_planner,playbook,,,,INC-20260408-25990D
ACT-a7abb7a2350e,,POL-GCP,,"SHO, Korattur Police Station",Register the complaint,1.0,,2026-04-08T02:36:58+05:30,Draft,agent:action_planner,playbook,,,,INC-20260408-7C9277
ACT-203fefa3844a,,POL-GCP,,"SHO, Korattur Police Station",Circulate details,2.0,,2026-04-08T05:00:58+05:30,Draft,agent:action_planner,playbook,,,,INC-20260408-7C9277
ACT-76e1dc049b04,,POL-GCP,,"SHO, Korattur Police Station",Search,3.0,,2026-04-08T07:24:58+05:30,Draft,agent:action_planner,playbook,,,,INC-20260408-7C9277
ACT-a5d07f3e606d,,POL-GCP,,"SHO, Korattur Police Station",Trace,4.0,,2026-04-08T09:48:58+05:30,Draft,agent:action_planner,playbook,,,,INC-20260408-7C9277
ACT-abfac180830f,,POL-GCP,,Deputy Commissioner of Police,Close,5.0,,2026-04-08T12:12:58+05:30,Draft,agent:action_planner,playbook,,,,INC-20260408-7C9277
ACT-100144290cbe,,POL-GCP,,"SHO, Saidapet Police Station",Respond immediately,1.0,,2026-04-08T20:09:03+05:30,Draft,agent:action_planner,playbook,,,,INC-20260408-AFCFF8
ACT-e2a50af0789e,,POL-GCP,,"SHO, Saidapet Police Station",Register the case,2.0,,2026-04-08T21:21:03+05:30,Draft,agent:action_planner,playbook,,,,INC-20260408-AFCFF8
ACT-021c99c84349,,POL-GCP,,"SHO, Saidapet Police Station",Protect the victim,3.0,,2026-04-08T22:33:03+05:30,Draft,agent:action_planner,playbook,,,,INC-20260408-AFCFF8
ACT-7ce0c6b38767,,POL-GCP,,"SHO, Saidapet Police Station",Arrest the accused,4.0,,2026-04-08T23:45:03+05:30,Draft,agent:action_planner,playbook,,,,INC-20260408-AFCFF8
ACT-eb46b731c956,,POL-GCP,,Deputy Commissioner of Police,Close,5.0,,2026-04-09T00:57:03+05:30,Draft,agent:action_planner,playbook,,,,INC-20260408-AFCFF8
ACT-1e6b77cb5012,,POL-GCP,,"SHO, Periamet Police Station",Register the complaint,1.0,,2026-04-09T05:28:31+05:30,Draft,agent:action_planner,playbook,,,,INC-20260409-3365BD
ACT-89bcb84bfe7d,,POL-GCP,,"SHO, Periamet Police Station",Circulate details,2.0,,2026-04-09T07:52:31+05:30,Draft,agent:action_planner,playbook,,,,INC-20260409-3365BD
ACT-5c041bca4f3f,,POL-GCP,,"SHO, Periamet Police Station",Search,3.0,,2026-04-09T10:16:31+05:30,Draft,agent:action_planner,playbook,,,,INC-20260409-3365BD
ACT-9c0795768212,,POL-GCP,,"SHO, Periamet Police Station",Trace,4.0,,2026-04-09T12:40:31+05:30,Draft,agent:action_planner,playbook,,,,INC-20260409-3365BD
ACT-86e1eff16491,,POL-GCP,,Deputy Commissioner of Police,Close,5.0,,2026-04-09T15:04:31+05:30,Draft,agent:action_planner,playbook,,,,INC-20260409-3365BD
ACT-9ff0b8a7e0fe,,POL-GCP,,"SHO, Alandur Police Station",Respond immediately,1.0,,2026-04-10T16:13:15+05:30,Draft,agent:action_planner,playbook,,,,INC-20260410-3F6157
ACT-704b4de63c2c,,POL-GCP,,"SHO, Alandur Police Station",Register the case,2.0,,2026-04-10T16:37:15+05:30,Draft,agent:action_planner,playbook,,,,INC-20260410-3F6157
ACT-b89a363c8559,,POL-GCP,,"SHO, Alandur Police Station",Protect the victim,3.0,,2026-04-10T17:01:15+05:30,Draft,agent:action_planner,playbook,,,,INC-20260410-3F6157
ACT-2c393463ab2c,,POL-GCP,,"SHO, Alandur Police Station",Arrest the accused,4.0,,2026-04-10T17:25:15+05:30,Draft,agent:action_planner,playbook,,,,INC-20260410-3F6157
ACT-3701a1a8d2e8,,POL-GCP,,Deputy Commissioner of Police,Close,5.0,,2026-04-10T17:49:15+05:30,Draft,agent:action_planner,playbook,,,,INC-20260410-3F6157
ACT-07e89e49108d,,POL-GCP,,"SHO, Aminjikarai Police Station",Respond immediately,1.0,,2026-04-12T01:08:29+05:30,Draft,agent:action_planner,playbook,,,,INC-20260411-0CA300
ACT-343947a2d4ab,,POL-GCP,,"SHO, Aminjikarai Police Station",Register the case,2.0,,2026-04-12T02:20:29+05:30,Draft,agent:action_planner,playbook,,,,INC-20260411-0CA300
ACT-4daa083a240e,,POL-GCP,,"SHO, Aminjikarai Police Station",Protect the victim,3.0,,2026-04-12T03:32:29+05:30,Draft,agent:action_planner,playbook,,,,INC-20260411-0CA300
ACT-42e6a7df1038,,POL-GCP,,"SHO, Aminjikarai Police Station",Arrest the accused,4.0,,2026-04-12T04:44:29+05:30,Draft,agent:action_planner,playbook,,,,INC-20260411-0CA300
ACT-b51046ca12e5,,POL-GCP,,Deputy Commissioner of Police,Close,5.0,,2026-04-12T05:56:29+05:30,Draft,agent:action_planner,playbook,,,,INC-20260411-0CA300
ACT-794874187192,,PWD-WRD,,"Assistant Executive Engineer, Water Bodies Protection (Encroachment) Cell (S. Palanisamy)",Deploy pumps and clear standing water,1.0,,2026-04-12T14:13:48+05:30,Draft,agent:action_planner,playbook,,,,INC-20260412-E803DA
ACT-7f3cddef8cfa,,PWD-WRD,,"Assistant Executive Engineer, Water Bodies Protection (Encroachment) Cell (S. Palanisamy)",Clear drain inlets and silt,2.0,,2026-04-12T19:01:48+05:30,Draft,agent:action_planner,playbook,,,,INC-20260412-E803DA
ACT-a57b34567fb0,,PWD-WRD,,"Assistant Executive Engineer, Water Bodies Protection (Encroachment) Cell (S. Palanisamy)",Divert traffic and barricade,3.0,,2026-04-12T23:49:48+05:30,Draft,agent:action_planner,playbook,,,,INC-20260412-E803DA
ACT-82e8f555073f,,PWD-WRD,,"Assistant Executive Engineer, Water Bodies Protection (Encroachment) Cell (S. Palanisamy)",Check low-lying homes for evacuation,4.0,,2026-04-13T04:37:48+05:30,Draft,agent:action_planner,playbook,,,,INC-20260412-E803DA
ACT-4871abf684df,,PWD-WRD,,Superintending Engineer (WRD),Submit completion report with photo,5.0,,2026-04-13T09:25:48+05:30,Draft,agent:action_planner,playbook,,,,INC-20260412-E803DA
ACT-59f6189d2423,,POL-GCP,,Deputy Commissioner of Police,Support flooding & waterlogging response,,,2026-04-12T21:25:48+05:30,Draft,agent:action_planner,coordination,,,,INC-20260412-E803DA
ACT-546e9f911c1b,,DIST-DM,,District Revenue Officer (Disaster),Support flooding & waterlogging response,,,2026-04-12T21:25:48+05:30,Draft,agent:action_planner,coordination,,,,INC-20260412-E803DA
ACT-9610184d1d29,,POL-GCP,,"SHO, Ambattur Police Station",Respond immediately,1.0,,2026-04-12T15:43:13+05:30,Draft,agent:action_planner,playbook,,,,INC-20260412-FF3D24
ACT-c57d7f821eec,,POL-GCP,,"SHO, Ambattur Police Station",Register the case,2.0,,2026-04-12T16:07:13+05:30,Draft,agent:action_planner,playbook,,,,INC-20260412-FF3D24
ACT-5dda9cddb239,,POL-GCP,,"SHO, Ambattur Police Station",Protect the victim,3.0,,2026-04-12T16:31:13+05:30,Draft,agent:action_planner,playbook,,,,INC-20260412-FF3D24
ACT-d62454644e1d,,POL-GCP,,"SHO, Ambattur Police Station",Arrest the accused,4.0,,2026-04-12T16:55:13+05:30,Draft,agent:action_planner,playbook,,,,INC-20260412-FF3D24
ACT-5da545209539,,POL-GCP,,Deputy Commissioner of Police,Close,5.0,,2026-04-12T17:19:13+05:30,Draft,agent:action_planner,playbook,,,,INC-20260412-FF3D24
ACT-0cda7ff3ecb1,,POL-GCP,,"SHO, Mambalam Police Station",Respond immediately,1.0,,2026-04-17T00:40:45+05:30,Draft,agent:action_planner,playbook,,,,INC-20260416-8837F5
ACT-98c8e5768543,,POL-GCP,,"SHO, Mambalam Police Station",Register the case,2.0,,2026-04-17T01:52:45+05:30,Draft,agent:action_planner,playbook,,,,INC-20260416-8837F5
ACT-e5432733cad5,,POL-GCP,,"SHO, Mambalam Police Station",Protect the victim,3.0,,2026-04-17T03:04:45+05:30,Draft,agent:action_planner,playbook,,,,INC-20260416-8837F5
ACT-7dcc1c2ca677,,POL-GCP,,"SHO, Mambalam Police Station",Arrest the accused,4.0,,2026-04-17T04:16:45+05:30,Draft,agent:action_planner,playbook,,,,INC-20260416-8837F5
ACT-65d5ef047b16,,POL-GCP,,Deputy Commissioner of Police,Close,5.0,,2026-04-17T05:28:45+05:30,Draft,agent:action_planner,playbook,,,,INC-20260416-8837F5
ACT-bf3df3ebeca6,,POL-GCP,,"SHO, Mambalam Police Station",Respond immediately,1.0,,2026-04-17T09:30:57+05:30,Draft,agent:action_planner,playbook,,,,INC-20260417-6DB739
ACT-1078ae1b886a,,POL-GCP,,"SHO, Mambalam Police Station",Register the case,2.0,,2026-04-17T10:42:57+05:30,Draft,agent:action_planner,playbook,,,,INC-20260417-6DB739
ACT-8bb6cf5ad269,,POL-GCP,,"SHO, Mambalam Police Station",Protect the victim,3.0,,2026-04-17T11:54:57+05:30,Draft,agent:action_planner,playbook,,,,INC-20260417-6DB739
ACT-2d15daabc4d0,,POL-GCP,,"SHO, Mambalam Police Station",Arrest the accused,4.0,,2026-04-17T13:06:57+05:30,Draft,agent:action_planner,playbook,,,,INC-20260417-6DB739
ACT-e9e39e15f1c0,,POL-GCP,,Deputy Commissioner of Police,Close,5.0,,2026-04-17T14:18:57+05:30,Draft,agent:action_planner,playbook,,,,INC-20260417-6DB739
ACT-d2a3bedc3230,,POL-GCP,,"SHO, Ambattur Estate Police Station",Respond immediately,1.0,,2026-04-18T03:36:56+05:30,Draft,agent:action_planner,playbook,,,,INC-20260418-937879
ACT-1f556c409626,,POL-GCP,,"SHO, Ambattur Estate Police Station",Register the case,2.0,,2026-04-18T04:48:56+05:30,Draft,agent:action_planner,playbook,,,,INC-20260418-937879
ACT-1a778c578c51,,POL-GCP,,"SHO, Ambattur Estate Police Station",Protect the victim,3.0,,2026-04-18T06:00:56+05:30,Draft,agent:action_planner,playbook,,,,INC-20260418-937879
ACT-9b3325573466,,POL-GCP,,"SHO, Ambattur Estate Police Station",Arrest the accused,4.0,,2026-04-18T07:12:56+05:30,Draft,agent:action_planner,playbook,,,,INC-20260418-937879
ACT-be850f14655b,,POL-GCP,,Deputy Commissioner of Police,Close,5.0,,2026-04-18T08:24:56+05:30,Draft,agent:action_planner,playbook,,,,INC-20260418-937879
ACT-7188d9865030,,PWD-WRD,,"Assistant Executive Engineer, Chennai Lakes Sub-Division, Ambattur (S. Karthikeyan)",Inspect the structure,1.0,,2026-04-19T19:31:36+05:30,Draft,agent:action_planner,playbook,,,,INC-20260419-5FAC35
ACT-a907010ad1e1,,PWD-WRD,,"Assistant Executive Engineer, Chennai Lakes Sub-Division, Ambattur (S. Karthikeyan)",Cordon off the area,2.0,,2026-04-19T20:43:36+05:30,Draft,agent:action_planner,playbook,,,,INC-20260419-5FAC35
ACT-efb793ba7900,,PWD-WRD,,"Assistant Executive Engineer, Chennai Lakes Sub-Division, Ambattur (S. Karthikeyan)",Shift occupants if unsafe,3.0,,2026-04-19T21:55:36+05:30,Draft,agent:action_planner,playbook,,,,INC-20260419-5FAC35
ACT-4239d1558fa9,,PWD-WRD,,"Assistant Executive Engineer, Chennai Lakes Sub-Division, Ambattur (S. Karthikeyan)",Repair or demolish,4.0,,2026-04-19T23:07:36+05:30,Draft,agent:action_planner,playbook,,,,INC-20260419-5FAC35
ACT-51232709a209,,PWD-WRD,,Superintending Engineer (WRD),Close with report,5.0,,2026-04-20T00:19:36+05:30,Draft,agent:action_planner,playbook,,,,INC-20260419-5FAC35
ACT-42699917aa0b,,GCC-ENG,,Superintending Engineer,Support unsafe buildings & walls response,,,2026-04-19T21:19:36+05:30,Draft,agent:action_planner,coordination,,,,INC-20260419-5FAC35
ACT-ffc85a6530db,,DIST-DM,,District Revenue Officer (Disaster),Support unsafe buildings & walls response,,,2026-04-19T21:19:36+05:30,Draft,agent:action_planner,coordination,,,,INC-20260419-5FAC35
ACT-d95b0e93c219,,PWD-BLD,,"Executive Engineer, Buildings Division (South), Chennai (G. Kalaiselvi)",Inspect the structure,1.0,,2026-04-20T23:59:36+05:30,Draft,agent:action_planner,playbook,,,,INC-20260420-D3A19E
ACT-e9012dc1299d,,PWD-BLD,,"Executive Engineer, Buildings Division (South), Chennai (G. Kalaiselvi)",Cordon off the area,2.0,,2026-04-21T04:47:36+05:30,Draft,agent:action_planner,playbook,,,,INC-20260420-D3A19E
ACT-64461345cdd8,,PWD-BLD,,"Executive Engineer, Buildings Division (South), Chennai (G. Kalaiselvi)",Shift occupants if unsafe,3.0,,2026-04-21T09:35:36+05:30,Draft,agent:action_planner,playbook,,,,INC-20260420-D3A19E
ACT-773ef3e3115a,,PWD-BLD,,"Executive Engineer, Buildings Division (South), Chennai (G. Kalaiselvi)",Repair or demolish,4.0,,2026-04-21T14:23:36+05:30,Draft,agent:action_planner,playbook,,,,INC-20260420-D3A19E
ACT-93baeb864f0f,,PWD-BLD,,Superintending Engineer (Buildings),Close with report,5.0,,2026-04-21T19:11:36+05:30,Draft,agent:action_planner,playbook,,,,INC-20260420-D3A19E
ACT-4c2dc4ceb358,,GCC-ENG,,Superintending Engineer,Support unsafe buildings & walls response,,,2026-04-21T07:11:36+05:30,Draft,agent:action_planner,coordination,,,,INC-20260420-D3A19E
ACT-f1d2e5349cc0,,DIST-DM,,District Revenue Officer (Disaster),Support unsafe buildings & walls response,,,2026-04-21T07:11:36+05:30,Draft,agent:action_planner,coordination,,,,INC-20260420-D3A19E
ACT-b9ad2b80bbf2,,POL-GCP,,"SHO, Mylapore Police Station",Respond immediately,1.0,,2026-04-23T19:49:45+05:30,Draft,agent:action_planner,playbook,,,,INC-20260423-640E98
ACT-2cb5a12baf2a,,POL-GCP,,"SHO, Mylapore Police Station",Register the case,2.0,,2026-04-23T21:01:45+05:30,Draft,agent:action_planner,playbook,,,,INC-20260423-640E98
ACT-498d483d66f7,,POL-GCP,,"SHO, Mylapore Police Station",Protect the victim,3.0,,2026-04-23T22:13:45+05:30,Draft,agent:action_planner,playbook,,,,INC-20260423-640E98
ACT-fe03347746b3,,POL-GCP,,"SHO, Mylapore Police Station",Arrest the accused,4.0,,2026-04-23T23:25:45+05:30,Draft,agent:action_planner,playbook,,,,INC-20260423-640E98
ACT-f550cecd4a1b,,POL-GCP,,Deputy Commissioner of Police,Close,5.0,,2026-04-24T00:37:45+05:30,Draft,agent:action_planner,playbook,,,,INC-20260423-640E98
ACT-92e849cee808,,POL-GCP,,"SHO, Mambalam Police Station",Register the complaint,1.0,,2026-04-24T07:31:42+05:30,Draft,agent:action_planner,playbook,,,,INC-20260424-1153FD
ACT-01dfe0288af6,,POL-GCP,,"SHO, Mambalam Police Station",Circulate details,2.0,,2026-04-24T09:55:42+05:30,Draft,agent:action_planner,playbook,,,,INC-20260424-1153FD
ACT-7e66f638fa86,,POL-GCP,,"SHO, Mambalam Police Station",Search,3.0,,2026-04-24T12:19:42+05:30,Draft,agent:action_planner,playbook,,,,INC-20260424-1153FD
ACT-17bc43f013f2,,POL-GCP,,"SHO, Mambalam Police Station",Trace,4.0,,2026-04-24T14:43:42+05:30,Draft,agent:action_planner,playbook,,,,INC-20260424-1153FD
ACT-4b464f5a1a94,,POL-GCP,,Deputy Commissioner of Police,Close,5.0,,2026-04-24T17:07:42+05:30,Draft,agent:action_planner,playbook,,,,INC-20260424-1153FD
ACT-70c4cca359b3,,PWD-WRD,,"Assistant Executive Engineer, Chennai Lakes Sub-Division, Ambattur (S. Karthikeyan)",Deploy pumps and clear standing water,1.0,,2026-04-24T10:58:30+05:30,Draft,agent:action_planner,playbook,,,,INC-20260424-3F8CCC
ACT-34ec74f6ff58,,PWD-WRD,,"Assistant Executive Engineer, Chennai Lakes Sub-Division, Ambattur (S. Karthikeyan)",Clear drain inlets and silt,2.0,,2026-04-24T15:46:30+05:30,Draft,agent:action_planner,playbook,,,,INC-20260424-3F8CCC
ACT-19e7a0b65634,,PWD-WRD,,"Assistant Executive Engineer, Chennai Lakes Sub-Division, Ambattur (S. Karthikeyan)",Divert traffic and barricade,3.0,,2026-04-24T20:34:30+05:30,Draft,agent:action_planner,playbook,,,,INC-20260424-3F8CCC
ACT-e3731b2f97ab,,PWD-WRD,,"Assistant Executive Engineer, Chennai Lakes Sub-Division, Ambattur (S. Karthikeyan)",Check low-lying homes for evacuation,4.0,,2026-04-25T01:22:30+05:30,Draft,agent:action_planner,playbook,,,,INC-20260424-3F8CCC
ACT-6f019ad66bae,,PWD-WRD,,Superintending Engineer (WRD),Submit completion report with photo,5.0,,2026-04-25T06:10:30+05:30,Draft,agent:action_planner,playbook,,,,INC-20260424-3F8CCC
ACT-281590596aa7,,POL-GCP,,Deputy Commissioner of Police,Support flooding & waterlogging response,,,2026-04-24T18:10:30+05:30,Draft,agent:action_planner,coordination,,,,INC-20260424-3F8CCC
ACT-23cfe52a914c,,DIST-DM,,District Revenue Officer (Disaster),Support flooding & waterlogging response,,,2026-04-24T18:10:30+05:30,Draft,agent:action_planner,coordination,,,,INC-20260424-3F8CCC
ACT-be38d4bd19dd,,PWD-WRD,,"Assistant Executive Engineer, Adyar Sub-Division, Saidapet (V. Meenakshi)",Deploy pumps and clear standing water,1.0,,2026-04-24T13:47:05+05:30,Draft,agent:action_planner,playbook,,,,INC-20260424-AD1945
ACT-0e6942a956fb,,PWD-WRD,,"Assistant Executive Engineer, Adyar Sub-Division, Saidapet (V. Meenakshi)",Clear drain inlets and silt,2.0,,2026-04-24T14:59:05+05:30,Draft,agent:action_planner,playbook,,,,INC-20260424-AD1945
ACT-02935237a393,,PWD-WRD,,"Assistant Executive Engineer, Adyar Sub-Division, Saidapet (V. Meenakshi)",Divert traffic and barricade,3.0,,2026-04-24T16:11:05+05:30,Draft,agent:action_planner,playbook,,,,INC-20260424-AD1945
ACT-21ffa1deff8d,,PWD-WRD,,"Assistant Executive Engineer, Adyar Sub-Division, Saidapet (V. Meenakshi)",Check low-lying homes for evacuation,4.0,,2026-04-24T17:23:05+05:30,Draft,agent:action_planner,playbook,,,,INC-20260424-AD1945
ACT-70fc448a3c0c,,PWD-WRD,,Superintending Engineer (WRD),Submit completion report with photo,5.0,,2026-04-24T18:35:05+05:30,Draft,agent:action_planner,playbook,,,,INC-20260424-AD1945
ACT-daf41f72da7f,,POL-GCP,,Deputy Commissioner of Police,Support flooding & waterlogging response,,,2026-04-24T15:35:05+05:30,Draft,agent:action_planner,coordination,,,,INC-20260424-AD1945
ACT-e7aebb93f3b9,,DIST-DM,,District Revenue Officer (Disaster),Support flooding & waterlogging response,,,2026-04-24T15:35:05+05:30,Draft,agent:action_planner,coordination,,,,INC-20260424-AD1945
ACT-0a63fadea171,,PWD-WRD,,"Assistant Executive Engineer, Adyar Sub-Division, Saidapet (V. Meenakshi)",Deploy pumps and clear standing water,1.0,,2026-04-24T14:49:21+05:30,Draft,agent:action_planner,playbook,,,,INC-20260424-D33FAE
ACT-968cf239a013,,PWD-WRD,,"Assistant Executive Engineer, Adyar Sub-Division, Saidapet (V. Meenakshi)",Clear drain inlets and silt,2.0,,2026-04-24T19:37:21+05:30,Draft,agent:action_planner,playbook,,,,INC-20260424-D33FAE
ACT-ccf9b421b4c6,,PWD-WRD,,"Assistant Executive Engineer, Adyar Sub-Division, Saidapet (V. Meenakshi)",Divert traffic and barricade,3.0,,2026-04-25T00:25:21+05:30,Draft,agent:action_planner,playbook,,,,INC-20260424-D33FAE
ACT-1b6e5e6333fa,,PWD-WRD,,"Assistant Executive Engineer, Adyar Sub-Division, Saidapet (V. Meenakshi)",Check low-lying homes for evacuation,4.0,,2026-04-25T05:13:21+05:30,Draft,agent:action_planner,playbook,,,,INC-20260424-D33FAE
ACT-fa4dd66ff00f,,PWD-WRD,,Superintending Engineer (WRD),Submit completion report with photo,5.0,,2026-04-25T10:01:21+05:30,Draft,agent:action_planner,playbook,,,,INC-20260424-D33FAE
ACT-87e538d2d641,,POL-GCP,,Deputy Commissioner of Police,Support flooding & waterlogging response,,,2026-04-24T22:01:21+05:30,Draft,agent:action_planner,coordination,,,,INC-20260424-D33FAE
ACT-9b1b8e91a6e3,,DIST-DM,,District Revenue Officer (Disaster),Support flooding & waterlogging response,,,2026-04-24T22:01:21+05:30,Draft,agent:action_planner,coordination,,,,INC-20260424-D33FAE
ACT-7619cd2bd289,,POL-GCP,,"SHO, Adyar Police Station",Register the complaint,1.0,,2026-04-24T08:30:37+05:30,Draft,agent:action_planner,playbook,,,,INC-20260424-DA2ECE
ACT-0fc54acd627b,,POL-GCP,,"SHO, Adyar Police Station",Circulate details,2.0,,2026-04-24T10:54:37+05:30,Draft,agent:action_planner,playbook,,,,INC-20260424-DA2ECE
ACT-4a10ab1cbaf5,,POL-GCP,,"SHO, Adyar Police Station",Search,3.0,,2026-04-24T13:18:37+05:30,Draft,agent:action_planner,playbook,,,,INC-20260424-DA2ECE
ACT-c477f4739fcc,,POL-GCP,,"SHO, Adyar Police Station",Trace,4.0,,2026-04-24T15:42:37+05:30,Draft,agent:action_planner,playbook,,,,INC-20260424-DA2ECE
ACT-d5ff08a0d48c,,POL-GCP,,Deputy Commissioner of Police,Close,5.0,,2026-04-24T18:06:37+05:30,Draft,agent:action_planner,playbook,,,,INC-20260424-DA2ECE
ACT-dc8868fbe0b6,,POL-GCP,,"SHO, ICF Police Station",Respond immediately,1.0,,2026-04-25T17:21:03+05:30,Draft,agent:action_planner,playbook,,,,INC-20260425-93FDD3
ACT-9694e8c242a4,,POL-GCP,,"SHO, ICF Police Station",Register the case,2.0,,2026-04-25T18:33:03+05:30,Draft,agent:action_planner,playbook,,,,INC-20260425-93FDD3
ACT-3811abc9a21c,,POL-GCP,,"SHO, ICF Police Station",Protect the victim,3.0,,2026-04-25T19:45:03+05:30,Draft,agent:action_planner,playbook,,,,INC-20260425-93FDD3
ACT-8b2837016032,,POL-GCP,,"SHO, ICF Police Station",Arrest the accused,4.0,,2026-04-25T20:57:03+05:30,Draft,agent:action_planner,playbook,,,,INC-20260425-93FDD3
ACT-14f5272e359c,,POL-GCP,,Deputy Commissioner of Police,Close,5.0,,2026-04-25T22:09:03+05:30,Draft,agent:action_planner,playbook,,,,INC-20260425-93FDD3
ACT-8168274b3b01,,POL-GCP,,"SHO, Mogappair Police Station",Respond immediately,1.0,,2026-04-25T11:15:04+05:30,Draft,agent:action_planner,playbook,,,,INC-20260425-A0A0F4
ACT-8dadee698b4b,,POL-GCP,,"SHO, Mogappair Police Station",Register the case,2.0,,2026-04-25T11:39:04+05:30,Draft,agent:action_planner,playbook,,,,INC-20260425-A0A0F4
ACT-77d57d1462ae,,POL-GCP,,"SHO, Mogappair Police Station",Protect the victim,3.0,,2026-04-25T12:03:04+05:30,Draft,agent:action_planner,playbook,,,,INC-20260425-A0A0F4
ACT-f8098c09a232,,POL-GCP,,"SHO, Mogappair Police Station",Arrest the accused,4.0,,2026-04-25T12:27:04+05:30,Draft,agent:action_planner,playbook,,,,INC-20260425-A0A0F4
ACT-5bd979b1b8c9,,POL-GCP,,Deputy Commissioner of Police,Close,5.0,,2026-04-25T12:51:04+05:30,Draft,agent:action_planner,playbook,,,,INC-20260425-A0A0F4
ACT-7a7536ef4bdf,,POL-GCP,,"SHO, Velachery Police Station",Respond immediately,1.0,,2026-04-25T21:34:53+05:30,Draft,agent:action_planner,playbook,,,,INC-20260425-C18DF5
ACT-001f8125de54,,POL-GCP,,"SHO, Velachery Police Station",Register the case,2.0,,2026-04-25T21:58:53+05:30,Draft,agent:action_planner,playbook,,,,INC-20260425-C18DF5
ACT-0034ceeeb962,,POL-GCP,,"SHO, Velachery Police Station",Protect the victim,3.0,,2026-04-25T22:22:53+05:30,Draft,agent:action_planner,playbook,,,,INC-20260425-C18DF5
ACT-32da00e6a065,,POL-GCP,,"SHO, Velachery Police Station",Arrest the accused,4.0,,2026-04-25T22:46:53+05:30,Draft,agent:action_planner,playbook,,,,INC-20260425-C18DF5
ACT-d11a82971215,,POL-GCP,,Deputy Commissioner of Police,Close,5.0,,2026-04-25T23:10:53+05:30,Draft,agent:action_planner,playbook,,,,INC-20260425-C18DF5
ACT-1ab52d1b21b2,,PWD-WRD,,"Assistant Executive Engineer, Water Bodies Protection (Encroachment) Cell (S. Palanisamy)",Deploy pumps and clear standing water,1.0,,2026-04-26T10:46:28+05:30,Draft,agent:action_planner,playbook,,,,INC-20260426-0FBEFB
ACT-d03b45d9a249,,PWD-WRD,,"Assistant Executive Engineer, Water Bodies Protection (Encroachment) Cell (S. Palanisamy)",Clear drain inlets and silt,2.0,,2026-04-26T11:58:28+05:30,Draft,agent:action_planner,playbook,,,,INC-20260426-0FBEFB
ACT-89302d679a49,,PWD-WRD,,"Assistant Executive Engineer, Water Bodies Protection (Encroachment) Cell (S. Palanisamy)",Divert traffic and barricade,3.0,,2026-04-26T13:10:28+05:30,Draft,agent:action_planner,playbook,,,,INC-20260426-0FBEFB
ACT-fe33eb119e21,,PWD-WRD,,"Assistant Executive Engineer, Water Bodies Protection (Encroachment) Cell (S. Palanisamy)",Check low-lying homes for evacuation,4.0,,2026-04-26T14:22:28+05:30,Draft,agent:action_planner,playbook,,,,INC-20260426-0FBEFB
ACT-e99a2c7afdca,,PWD-WRD,,Superintending Engineer (WRD),Submit completion report with photo,5.0,,2026-04-26T15:34:28+05:30,Draft,agent:action_planner,playbook,,,,INC-20260426-0FBEFB
ACT-aa0b26d47cac,,POL-GCP,,Deputy Commissioner of Police,Support flooding & waterlogging response,,,2026-04-26T12:34:28+05:30,Draft,agent:action_planner,coordination,,,,INC-20260426-0FBEFB
ACT-12ff9140d9a6,,DIST-DM,,District Revenue Officer (Disaster),Support flooding & waterlogging response,,,2026-04-26T12:34:28+05:30,Draft,agent:action_planner,coordination,,,,INC-20260426-0FBEFB
ACT-f50c009196d4,,POL-GCP,,"SHO, Kilpauk Police Station",Respond immediately,1.0,,2026-04-27T00:42:59+05:30,Draft,agent:action_planner,playbook,,,,INC-20260427-92AC85
ACT-4940ab001afe,,POL-GCP,,"SHO, Kilpauk Police Station",Register the case,2.0,,2026-04-27T01:06:59+05:30,Draft,agent:action_planner,playbook,,,,INC-20260427-92AC85
ACT-fbea6f15fc4e,,POL-GCP,,"SHO, Kilpauk Police Station",Protect the victim,3.0,,2026-04-27T01:30:59+05:30,Draft,agent:action_planner,playbook,,,,INC-20260427-92AC85
ACT-d3c467eafbfd,,POL-GCP,,"SHO, Kilpauk Police Station",Arrest the accused,4.0,,2026-04-27T01:54:59+05:30,Draft,agent:action_planner,playbook,,,,INC-20260427-92AC85
ACT-b4e0e0205c0b,,POL-GCP,,Deputy Commissioner of Police,Close,5.0,,2026-04-27T02:18:59+05:30,Draft,agent:action_planner,playbook,,,,INC-20260427-92AC85
ACT-a6d70c439121,,POL-GCP,,"SHO, Pondy Bazaar Police Station",Respond immediately,1.0,,2026-04-28T14:40:49+05:30,Draft,agent:action_planner,playbook,,,,INC-20260428-3D59FA
ACT-8d2af64d1ff5,,POL-GCP,,"SHO, Pondy Bazaar Police Station",Register the case,2.0,,2026-04-28T15:52:49+05:30,Draft,agent:action_planner,playbook,,,,INC-20260428-3D59FA
ACT-444dbc02b7a9,,POL-GCP,,"SHO, Pondy Bazaar Police Station",Protect the victim,3.0,,2026-04-28T17:04:49+05:30,Draft,agent:action_planner,playbook,,,,INC-20260428-3D59FA
ACT-9eb5c086dc13,,POL-GCP,,"SHO, Pondy Bazaar Police Station",Arrest the accused,4.0,,2026-04-28T18:16:49+05:30,Draft,agent:action_planner,playbook,,,,INC-20260428-3D59FA
ACT-d4507f52f221,,POL-GCP,,Deputy Commissioner of Police,Close,5.0,,2026-04-28T19:28:49+05:30,Draft,agent:action_planner,playbook,,,,INC-20260428-3D59FA
ACT-b29501729dc4,,POL-GCP,,"SHO, Triplicane Police Station",Respond immediately,1.0,,2026-04-29T12:56:04+05:30,Draft,agent:action_planner,playbook,,,,INC-20260429-193215
ACT-7513a12b1a42,,POL-GCP,,"SHO, Triplicane Police Station",Register the case,2.0,,2026-04-29T14:08:04+05:30,Draft,agent:action_planner,playbook,,,,INC-20260429-193215
ACT-1ed4c470a881,,POL-GCP,,"SHO, Triplicane Police Station",Protect the victim,3.0,,2026-04-29T15:20:04+05:30,Draft,agent:action_planner,playbook,,,,INC-20260429-193215
ACT-6afb63512b99,,POL-GCP,,"SHO, Triplicane Police Station",Arrest the accused,4.0,,2026-04-29T16:32:04+05:30,Draft,agent:action_planner,playbook,,,,INC-20260429-193215
ACT-938612f44026,,POL-GCP,,Deputy Commissioner of Police,Close,5.0,,2026-04-29T17:44:04+05:30,Draft,agent:action_planner,playbook,,,,INC-20260429-193215
ACT-b5f875b716fc,,POL-GCP,,"SHO, Guindy Police Station",Respond immediately,1.0,,2026-04-30T03:17:18+05:30,Draft,agent:action_planner,playbook,,,,INC-20260430-8FF24B
ACT-b442326ebfc7,,POL-GCP,,"SHO, Guindy Police Station",Register the case,2.0,,2026-04-30T03:41:18+05:30,Draft,agent:action_planner,playbook,,,,INC-20260430-8FF24B
ACT-530263494739,,POL-GCP,,"SHO, Guindy Police Station",Protect the victim,3.0,,2026-04-30T04:05:18+05:30,Draft,agent:action_planner,playbook,,,,INC-20260430-8FF24B
ACT-0c3e363cb7eb,,POL-GCP,,"SHO, Guindy Police Station",Arrest the accused,4.0,,2026-04-30T04:29:18+05:30,Draft,agent:action_planner,playbook,,,,INC-20260430-8FF24B
ACT-c9e33c95ed41,,POL-GCP,,Deputy Commissioner of Police,Close,5.0,,2026-04-30T04:53:18+05:30,Draft,agent:action_planner,playbook,,,,INC-20260430-8FF24B
ACT-cf1be3f96cd9,,POL-GCP,,"SHO, Mylapore Police Station",Respond immediately,1.0,,2026-04-30T22:36:33+05:30,Draft,agent:action_planner,playbook,,,,INC-20260430-ED5353
ACT-84015ea0053f,,POL-GCP,,"SHO, Mylapore Police Station",Register the case,2.0,,2026-04-30T23:48:33+05:30,Draft,agent:action_planner,playbook,,,,INC-20260430-ED5353
ACT-30c95abec1b9,,POL-GCP,,"SHO, Mylapore Police Station",Protect the victim,3.0,,2026-05-01T01:00:33+05:30,Draft,agent:action_planner,playbook,,,,INC-20260430-ED5353
ACT-0af1f93bfebe,,POL-GCP,,"SHO, Mylapore Police Station",Arrest the accused,4.0,,2026-05-01T02:12:33+05:30,Draft,agent:action_planner,playbook,,,,INC-20260430-ED5353
ACT-ac5cbc834ef4,,POL-GCP,,Deputy Commissioner of Police,Close,5.0,,2026-05-01T03:24:33+05:30,Draft,agent:action_planner,playbook,,,,INC-20260430-ED5353
ACT-bbc556d23bc9,,POL-GCP,,"SHO, Velachery Police Station",Respond immediately,1.0,,2026-05-01T20:43:09+05:30,Draft,agent:action_planner,playbook,,,,INC-20260501-29A0EC
ACT-9d053f00ffd7,,POL-GCP,,"SHO, Velachery Police Station",Register the case,2.0,,2026-05-01T21:07:09+05:30,Draft,agent:action_planner,playbook,,,,INC-20260501-29A0EC
ACT-ee844c8819b4,,POL-GCP,,"SHO, Velachery Police Station",Protect the victim,3.0,,2026-05-01T21:31:09+05:30,Draft,agent:action_planner,playbook,,,,INC-20260501-29A0EC
ACT-c463ec36cc4c,,POL-GCP,,"SHO, Velachery Police Station",Arrest the accused,4.0,,2026-05-01T21:55:09+05:30,Draft,agent:action_planner,playbook,,,,INC-20260501-29A0EC
ACT-8dd5b1b6e667,,POL-GCP,,Deputy Commissioner of Police,Close,5.0,,2026-05-01T22:19:09+05:30,Draft,agent:action_planner,playbook,,,,INC-20260501-29A0EC
ACT-ca4bcc6daf0f,,PWD-BLD,,"Executive Engineer, Buildings Division (North), Chennai (J. Bharathi)",Inspect the structure,1.0,,2026-05-02T15:46:16+05:30,Draft,agent:action_planner,playbook,,,,INC-20260502-06881D
ACT-637fc1642ffd,,PWD-BLD,,"Executive Engineer, Buildings Division (North), Chennai (J. Bharathi)",Cordon off the area,2.0,,2026-05-02T20:34:16+05:30,Draft,agent:action_planner,playbook,,,,INC-20260502-06881D
ACT-ff4ebee38a04,,PWD-BLD,,"Executive Engineer, Buildings Division (North), Chennai (J. Bharathi)",Shift occupants if unsafe,3.0,,2026-05-03T01:22:16+05:30,Draft,agent:action_planner,playbook,,,,INC-20260502-06881D
ACT-2b69eca85943,,PWD-BLD,,"Executive Engineer, Buildings Division (North), Chennai (J. Bharathi)",Repair or demolish,4.0,,2026-05-03T06:10:16+05:30,Draft,agent:action_planner,playbook,,,,INC-20260502-06881D
ACT-ca6afdcfd6d2,,PWD-BLD,,Superintending Engineer (Buildings),Close with report,5.0,,2026-05-03T10:58:16+05:30,Draft,agent:action_planner,playbook,,,,INC-20260502-06881D
ACT-7d8dc3458895,,GCC-ENG,,Superintending Engineer,Support unsafe buildings & walls response,,,2026-05-02T22:58:16+05:30,Draft,agent:action_planner,coordination,,,,INC-20260502-06881D
ACT-4f8460a1f224,,DIST-DM,,District Revenue Officer (Disaster),Support unsafe buildings & walls response,,,2026-05-02T22:58:16+05:30,Draft,agent:action_planner,coordination,,,,INC-20260502-06881D
ACT-3886d128b41d,,POL-GCP,,"SHO, K.K. Nagar Police Station",Register the complaint,1.0,,2026-05-03T03:15:54+05:30,Draft,agent:action_planner,playbook,,,,INC-20260503-762D17
ACT-286bdf2dcc73,,POL-GCP,,"SHO, K.K. Nagar Police Station",Circulate details,2.0,,2026-05-03T05:39:54+05:30,Draft,agent:action_planner,playbook,,,,INC-20260503-762D17
ACT-6713159e62b7,,POL-GCP,,"SHO, K.K. Nagar Police Station",Search,3.0,,2026-05-03T08:03:54+05:30,Draft,agent:action_planner,playbook,,,,INC-20260503-762D17
ACT-6700d3e3b593,,POL-GCP,,"SHO, K.K. Nagar Police Station",Trace,4.0,,2026-05-03T10:27:54+05:30,Draft,agent:action_planner,playbook,,,,INC-20260503-762D17
ACT-fd118d963c71,,POL-GCP,,Deputy Commissioner of Police,Close,5.0,,2026-05-03T12:51:54+05:30,Draft,agent:action_planner,playbook,,,,INC-20260503-762D17
ACT-a2c435f929d3,,POL-GCP,,"SHO, K.K. Nagar Police Station",Respond immediately,1.0,,2026-05-04T23:57:23+05:30,Draft,agent:action_planner,playbook,,,,INC-20260504-6AB03A
ACT-7486ff0419fd,,POL-GCP,,"SHO, K.K. Nagar Police Station",Register the case,2.0,,2026-05-05T01:09:23+05:30,Draft,agent:action_planner,playbook,,,,INC-20260504-6AB03A
ACT-5c1480439269,,POL-GCP,,"SHO, K.K. Nagar Police Station",Protect the victim,3.0,,2026-05-05T02:21:23+05:30,Draft,agent:action_planner,playbook,,,,INC-20260504-6AB03A
ACT-21070d2c0e29,,POL-GCP,,"SHO, K.K. Nagar Police Station",Arrest the accused,4.0,,2026-05-05T03:33:23+05:30,Draft,agent:action_planner,playbook,,,,INC-20260504-6AB03A
ACT-3f6d1eb550c3,,POL-GCP,,Deputy Commissioner of Police,Close,5.0,,2026-05-05T04:45:23+05:30,Draft,agent:action_planner,playbook,,,,INC-20260504-6AB03A
ACT-a8fb872023c3,,POL-GCP,,"SHO, Villivakkam Police Station",Respond immediately,1.0,,2026-05-06T20:25:08+05:30,Draft,agent:action_planner,playbook,,,,INC-20260506-1B7F95
ACT-f4448ef2df96,,POL-GCP,,"SHO, Villivakkam Police Station",Register the case,2.0,,2026-05-06T21:37:08+05:30,Draft,agent:action_planner,playbook,,,,INC-20260506-1B7F95
ACT-1468ba7285f5,,POL-GCP,,"SHO, Villivakkam Police Station",Protect the victim,3.0,,2026-05-06T22:49:08+05:30,Draft,agent:action_planner,playbook,,,,INC-20260506-1B7F95
ACT-490a3bdb244b,,POL-GCP,,"SHO, Villivakkam Police Station",Arrest the accused,4.0,,2026-05-07T00:01:08+05:30,Draft,agent:action_planner,playbook,,,,INC-20260506-1B7F95
ACT-9f024a927397,,POL-GCP,,Deputy Commissioner of Police,Close,5.0,,2026-05-07T01:13:08+05:30,Draft,agent:action_planner,playbook,,,,INC-20260506-1B7F95
ACT-d942c7b57880,,PWD-WRD,,"Assistant Executive Engineer, Chennai Lakes Sub-Division, Ambattur (S. Karthikeyan)",Inspect the structure,1.0,,2026-05-06T17:46:17+05:30,Draft,agent:action_planner,playbook,,,,INC-20260506-6CA724
ACT-2e582ede8d5c,,PWD-WRD,,"Assistant Executive Engineer, Chennai Lakes Sub-Division, Ambattur (S. Karthikeyan)",Warn downstream residents,2.0,,2026-05-06T22:34:17+05:30,Draft,agent:action_planner,playbook,,,,INC-20260506-6CA724
ACT-c00ed71d6523,,PWD-WRD,,"Assistant Executive Engineer, Chennai Lakes Sub-Division, Ambattur (S. Karthikeyan)",Carry out repair,3.0,,2026-05-07T03:22:17+05:30,Draft,agent:action_planner,playbook,,,,INC-20260506-6CA724
ACT-fa7df01ff990,,PWD-WRD,,"Assistant Executive Engineer, Chennai Lakes Sub-Division, Ambattur (S. Karthikeyan)",Monitor water level for 48 h,4.0,,2026-05-07T08:10:17+05:30,Draft,agent:action_planner,playbook,,,,INC-20260506-6CA724
ACT-4392aa3fd64b,,PWD-WRD,,Superintending Engineer (WRD),Submit report,5.0,,2026-05-07T12:58:17+05:30,Draft,agent:action_planner,playbook,,,,INC-20260506-6CA724
ACT-1f2a349ea9ab,,DIST-DM,,District Revenue Officer (Disaster),"Support lakes, bunds & sluices response",,,2026-05-07T00:58:17+05:30,Draft,agent:action_planner,coordination,,,,INC-20260506-6CA724
ACT-aba478f47341,,POL-GCP,,"SHO, Madhavaram Police Station",Register the complaint,1.0,,2026-05-08T01:35:09+05:30,Draft,agent:action_planner,playbook,,,,INC-20260507-CA617F
ACT-9836acc56b14,,POL-GCP,,"SHO, Madhavaram Police Station",Circulate details,2.0,,2026-05-08T03:59:09+05:30,Draft,agent:action_planner,playbook,,,,INC-20260507-CA617F
ACT-2171ed76c85d,,POL-GCP,,"SHO, Madhavaram Police Station",Search,3.0,,2026-05-08T06:23:09+05:30,Draft,agent:action_planner,playbook,,,,INC-20260507-CA617F
ACT-9e94d9c462ba,,POL-GCP,,"SHO, Madhavaram Police Station",Trace,4.0,,2026-05-08T08:47:09+05:30,Draft,agent:action_planner,playbook,,,,INC-20260507-CA617F
ACT-46f05ee768a5,,POL-GCP,,Deputy Commissioner of Police,Close,5.0,,2026-05-08T11:11:09+05:30,Draft,agent:action_planner,playbook,,,,INC-20260507-CA617F
ACT-c53084869392,,POL-GCP,,"SHO, Saidapet Police Station",Register the complaint,1.0,,2026-05-08T18:41:55+05:30,Draft,agent:action_planner,playbook,,,,INC-20260508-707323
ACT-6f0195c5b0a1,,POL-GCP,,"SHO, Saidapet Police Station",Circulate details,2.0,,2026-05-08T21:05:55+05:30,Draft,agent:action_planner,playbook,,,,INC-20260508-707323
ACT-cb1471ba4395,,POL-GCP,,"SHO, Saidapet Police Station",Search,3.0,,2026-05-08T23:29:55+05:30,Draft,agent:action_planner,playbook,,,,INC-20260508-707323
ACT-6a8f858d96ed,,POL-GCP,,"SHO, Saidapet Police Station",Trace,4.0,,2026-05-09T01:53:55+05:30,Draft,agent:action_planner,playbook,,,,INC-20260508-707323
ACT-de38623e48d1,,POL-GCP,,Deputy Commissioner of Police,Close,5.0,,2026-05-09T04:17:55+05:30,Draft,agent:action_planner,playbook,,,,INC-20260508-707323
ACT-a94de6513fef,,POL-GCP,,"SHO, Manali Police Station",Register the complaint,1.0,,2026-05-08T17:50:12+05:30,Draft,agent:action_planner,playbook,,,,INC-20260508-DB2FF7
ACT-ee4095ac9e24,,POL-GCP,,"SHO, Manali Police Station",Circulate details,2.0,,2026-05-08T20:14:12+05:30,Draft,agent:action_planner,playbook,,,,INC-20260508-DB2FF7
ACT-286a66c9d823,,POL-GCP,,"SHO, Manali Police Station",Search,3.0,,2026-05-08T22:38:12+05:30,Draft,agent:action_planner,playbook,,,,INC-20260508-DB2FF7
ACT-c6d6de3468e3,,POL-GCP,,"SHO, Manali Police Station",Trace,4.0,,2026-05-09T01:02:12+05:30,Draft,agent:action_planner,playbook,,,,INC-20260508-DB2FF7
ACT-279ea046ecab,,POL-GCP,,Deputy Commissioner of Police,Close,5.0,,2026-05-09T03:26:12+05:30,Draft,agent:action_planner,playbook,,,,INC-20260508-DB2FF7
ACT-4e0244b3c7fe,,POL-GCP,,"SHO, Vyasarpadi Police Station",Register the complaint,1.0,,2026-05-09T19:37:36+05:30,Draft,agent:action_planner,playbook,,,,INC-20260509-F48412
ACT-7d6ed67d4476,,POL-GCP,,"SHO, Vyasarpadi Police Station",Circulate details,2.0,,2026-05-09T22:01:36+05:30,Draft,agent:action_planner,playbook,,,,INC-20260509-F48412
ACT-624d587800ad,,POL-GCP,,"SHO, Vyasarpadi Police Station",Search,3.0,,2026-05-10T00:25:36+05:30,Draft,agent:action_planner,playbook,,,,INC-20260509-F48412
ACT-f152f195d1e4,,POL-GCP,,"SHO, Vyasarpadi Police Station",Trace,4.0,,2026-05-10T02:49:36+05:30,Draft,agent:action_planner,playbook,,,,INC-20260509-F48412
ACT-bd5ee3c9c7fd,,POL-GCP,,Deputy Commissioner of Police,Close,5.0,,2026-05-10T05:13:36+05:30,Draft,agent:action_planner,playbook,,,,INC-20260509-F48412
ACT-601b1da02026,,POL-GCP,,"SHO, Egmore Police Station",Register the complaint,1.0,,2026-05-12T01:01:06+05:30,Draft,agent:action_planner,playbook,,,,INC-20260511-1DE2F1
ACT-7b9ed2f1e8db,,POL-GCP,,"SHO, Egmore Police Station",Circulate details,2.0,,2026-05-12T03:25:06+05:30,Draft,agent:action_planner,playbook,,,,INC-20260511-1DE2F1
ACT-ff8a1b0d7996,,POL-GCP,,"SHO, Egmore Police Station",Search,3.0,,2026-05-12T05:49:06+05:30,Draft,agent:action_planner,playbook,,,,INC-20260511-1DE2F1
ACT-62684cb65111,,POL-GCP,,"SHO, Egmore Police Station",Trace,4.0,,2026-05-12T08:13:06+05:30,Draft,agent:action_planner,playbook,,,,INC-20260511-1DE2F1
ACT-f907fa222348,,POL-GCP,,Deputy Commissioner of Police,Close,5.0,,2026-05-12T10:37:06+05:30,Draft,agent:action_planner,playbook,,,,INC-20260511-1DE2F1
ACT-e997dfb23e42,,POL-GCP,,"SHO, Valasaravakkam Police Station",Register the complaint,1.0,,2026-05-13T13:15:47+05:30,Draft,agent:action_planner,playbook,,,,INC-20260513-4DE435
ACT-89a94d2ece6e,,POL-GCP,,"SHO, Valasaravakkam Police Station",Circulate details,2.0,,2026-05-13T15:39:47+05:30,Draft,agent:action_planner,playbook,,,,INC-20260513-4DE435
ACT-a014e1286cd5,,POL-GCP,,"SHO, Valasaravakkam Police Station",Search,3.0,,2026-05-13T18:03:47+05:30,Draft,agent:action_planner,playbook,,,,INC-20260513-4DE435
ACT-0b0fab3df4b6,,POL-GCP,,"SHO, Valasaravakkam Police Station",Trace,4.0,,2026-05-13T20:27:47+05:30,Draft,agent:action_planner,playbook,,,,INC-20260513-4DE435
ACT-9062312ae793,,POL-GCP,,Deputy Commissioner of Police,Close,5.0,,2026-05-13T22:51:47+05:30,Draft,agent:action_planner,playbook,,,,INC-20260513-4DE435
ACT-ae5acb52a485,,POL-GCP,,"SHO, Teynampet Police Station",Respond immediately,1.0,,2026-05-13T17:40:58+05:30,Draft,agent:action_planner,playbook,,,,INC-20260513-ED3774
ACT-c6b86415f448,,POL-GCP,,"SHO, Teynampet Police Station",Register the case,2.0,,2026-05-13T18:04:58+05:30,Draft,agent:action_planner,playbook,,,,INC-20260513-ED3774
ACT-9fe6e93f8eac,,POL-GCP,,"SHO, Teynampet Police Station",Protect the victim,3.0,,2026-05-13T18:28:58+05:30,Draft,agent:action_planner,playbook,,,,INC-20260513-ED3774
ACT-cd0774e15972,,POL-GCP,,"SHO, Teynampet Police Station",Arrest the accused,4.0,,2026-05-13T18:52:58+05:30,Draft,agent:action_planner,playbook,,,,INC-20260513-ED3774
ACT-5170d812525c,,POL-GCP,,Deputy Commissioner of Police,Close,5.0,,2026-05-13T19:16:58+05:30,Draft,agent:action_planner,playbook,,,,INC-20260513-ED3774
ACT-8799772262b2,,POL-GCP,,"SHO, Ayanavaram Police Station",Register the complaint,1.0,,2026-05-15T06:28:54+05:30,Draft,agent:action_planner,playbook,,,,INC-20260515-0EC896
ACT-56ea50e10823,,POL-GCP,,"SHO, Ayanavaram Police Station",Circulate details,2.0,,2026-05-15T08:52:54+05:30,Draft,agent:action_planner,playbook,,,,INC-20260515-0EC896
ACT-fe476d18ca17,,POL-GCP,,"SHO, Ayanavaram Police Station",Search,3.0,,2026-05-15T11:16:54+05:30,Draft,agent:action_planner,playbook,,,,INC-20260515-0EC896
ACT-f093bd981017,,POL-GCP,,"SHO, Ayanavaram Police Station",Trace,4.0,,2026-05-15T13:40:54+05:30,Draft,agent:action_planner,playbook,,,,INC-20260515-0EC896
ACT-38e25ba9c087,,POL-GCP,,Deputy Commissioner of Police,Close,5.0,,2026-05-15T16:04:54+05:30,Draft,agent:action_planner,playbook,,,,INC-20260515-0EC896
ACT-385d3e1befa6,,POL-GCP,,"SHO, Sathangadu Police Station",Respond immediately,1.0,,2026-05-16T15:12:40+05:30,Draft,agent:action_planner,playbook,,,,INC-20260516-B0CA10
ACT-dd3f4156e70e,,POL-GCP,,"SHO, Sathangadu Police Station",Register the case,2.0,,2026-05-16T16:24:40+05:30,Draft,agent:action_planner,playbook,,,,INC-20260516-B0CA10
ACT-b172c80c0854,,POL-GCP,,"SHO, Sathangadu Police Station",Protect the victim,3.0,,2026-05-16T17:36:40+05:30,Draft,agent:action_planner,playbook,,,,INC-20260516-B0CA10
ACT-65e19a3a3922,,POL-GCP,,"SHO, Sathangadu Police Station",Arrest the accused,4.0,,2026-05-16T18:48:40+05:30,Draft,agent:action_planner,playbook,,,,INC-20260516-B0CA10
ACT-74832776d01a,,POL-GCP,,Deputy Commissioner of Police,Close,5.0,,2026-05-16T20:00:40+05:30,Draft,agent:action_planner,playbook,,,,INC-20260516-B0CA10
ACT-b22d6af6c307,,POL-GCP,,"SHO, Kolathur Police Station",Respond immediately,1.0,,2026-05-16T13:15:13+05:30,Draft,agent:action_planner,playbook,,,,INC-20260516-D34851
ACT-a4853daf1bc9,,POL-GCP,,"SHO, Kolathur Police Station",Register the case,2.0,,2026-05-16T14:27:13+05:30,Draft,agent:action_planner,playbook,,,,INC-20260516-D34851
ACT-03dce38ceeed,,POL-GCP,,"SHO, Kolathur Police Station",Protect the victim,3.0,,2026-05-16T15:39:13+05:30,Draft,agent:action_planner,playbook,,,,INC-20260516-D34851
ACT-8937c0f7049a,,POL-GCP,,"SHO, Kolathur Police Station",Arrest the accused,4.0,,2026-05-16T16:51:13+05:30,Draft,agent:action_planner,playbook,,,,INC-20260516-D34851
ACT-56b007e163ee,,POL-GCP,,Deputy Commissioner of Police,Close,5.0,,2026-05-16T18:03:13+05:30,Draft,agent:action_planner,playbook,,,,INC-20260516-D34851
ACT-0e6c71ddfc70,,POL-GCP,,"SHO, Guindy Police Station",Register the complaint,1.0,,2026-05-18T01:47:22+05:30,Draft,agent:action_planner,playbook,,,,INC-20260517-0E7CDE
ACT-d5285b044126,,POL-GCP,,"SHO, Guindy Police Station",Circulate details,2.0,,2026-05-18T04:11:22+05:30,Draft,agent:action_planner,playbook,,,,INC-20260517-0E7CDE
ACT-59cbac9b1857,,POL-GCP,,"SHO, Guindy Police Station",Search,3.0,,2026-05-18T06:35:22+05:30,Draft,agent:action_planner,playbook,,,,INC-20260517-0E7CDE
ACT-985527cb246b,,POL-GCP,,"SHO, Guindy Police Station",Trace,4.0,,2026-05-18T08:59:22+05:30,Draft,agent:action_planner,playbook,,,,INC-20260517-0E7CDE
ACT-afb3eeadea9e,,POL-GCP,,Deputy Commissioner of Police,Close,5.0,,2026-05-18T11:23:22+05:30,Draft,agent:action_planner,playbook,,,,INC-20260517-0E7CDE
ACT-bfc9aa8d76b9,,POL-GCP,,"SHO, Korattur Police Station",Respond immediately,1.0,,2026-05-18T02:31:02+05:30,Draft,agent:action_planner,playbook,,,,INC-20260518-C609B7
ACT-b869e717bacf,,POL-GCP,,"SHO, Korattur Police Station",Register the case,2.0,,2026-05-18T02:55:02+05:30,Draft,agent:action_planner,playbook,,,,INC-20260518-C609B7
ACT-4394e2be5e28,,POL-GCP,,"SHO, Korattur Police Station",Protect the victim,3.0,,2026-05-18T03:19:02+05:30,Draft,agent:action_planner,playbook,,,,INC-20260518-C609B7
ACT-cbb13299d0e7,,POL-GCP,,"SHO, Korattur Police Station",Arrest the accused,4.0,,2026-05-18T03:43:02+05:30,Draft,agent:action_planner,playbook,,,,INC-20260518-C609B7
ACT-44a9df8e4e98,,POL-GCP,,Deputy Commissioner of Police,Close,5.0,,2026-05-18T04:07:02+05:30,Draft,agent:action_planner,playbook,,,,INC-20260518-C609B7
ACT-aeb1cae7744e,,POL-GCP,,"SHO, Pazhavanthangal Police Station",Register the complaint,1.0,,2026-05-19T08:13:17+05:30,Draft,agent:action_planner,playbook,,,,INC-20260519-F47BAB
ACT-d6ae424734af,,POL-GCP,,"SHO, Pazhavanthangal Police Station",Circulate details,2.0,,2026-05-19T10:37:17+05:30,Draft,agent:action_planner,playbook,,,,INC-20260519-F47BAB
ACT-535b8babb110,,POL-GCP,,"SHO, Pazhavanthangal Police Station",Search,3.0,,2026-05-19T13:01:17+05:30,Draft,agent:action_planner,playbook,,,,INC-20260519-F47BAB
ACT-04bc68fd12f3,,POL-GCP,,"SHO, Pazhavanthangal Police Station",Trace,4.0,,2026-05-19T15:25:17+05:30,Draft,agent:action_planner,playbook,,,,INC-20260519-F47BAB
ACT-6292b5a90c3c,,POL-GCP,,Deputy Commissioner of Police,Close,5.0,,2026-05-19T17:49:17+05:30,Draft,agent:action_planner,playbook,,,,INC-20260519-F47BAB
ACT-05d11c076881,,POL-GCP,,"SHO, Pulianthope Police Station",Respond immediately,1.0,,2026-05-20T16:51:56+05:30,Draft,agent:action_planner,playbook,,,,INC-20260520-A31DC7
ACT-405ff54249f3,,POL-GCP,,"SHO, Pulianthope Police Station",Register the case,2.0,,2026-05-20T18:03:56+05:30,Draft,agent:action_planner,playbook,,,,INC-20260520-A31DC7
ACT-0e1b55b234f7,,POL-GCP,,"SHO, Pulianthope Police Station",Protect the victim,3.0,,2026-05-20T19:15:56+05:30,Draft,agent:action_planner,playbook,,,,INC-20260520-A31DC7
ACT-29dc57d4d8ce,,POL-GCP,,"SHO, Pulianthope Police Station",Arrest the accused,4.0,,2026-05-20T20:27:56+05:30,Draft,agent:action_planner,playbook,,,,INC-20260520-A31DC7
ACT-618fd1bb1980,,POL-GCP,,Deputy Commissioner of Police,Close,5.0,,2026-05-20T21:39:56+05:30,Draft,agent:action_planner,playbook,,,,INC-20260520-A31DC7
ACT-d54cc77cd4db,,POL-GCP,,"SHO, Chintadripet Police Station",Respond immediately,1.0,,2026-05-20T19:42:55+05:30,Draft,agent:action_planner,playbook,,,,INC-20260520-D79A23
ACT-b810eb82f088,,POL-GCP,,"SHO, Chintadripet Police Station",Register the case,2.0,,2026-05-20T20:54:55+05:30,Draft,agent:action_planner,playbook,,,,INC-20260520-D79A23
ACT-44752279996b,,POL-GCP,,"SHO, Chintadripet Police Station",Protect the victim,3.0,,2026-05-20T22:06:55+05:30,Draft,agent:action_planner,playbook,,,,INC-20260520-D79A23
ACT-ec988780126b,,POL-GCP,,"SHO, Chintadripet Police Station",Arrest the accused,4.0,,2026-05-20T23:18:55+05:30,Draft,agent:action_planner,playbook,,,,INC-20260520-D79A23
ACT-b288a215f1ce,,POL-GCP,,Deputy Commissioner of Police,Close,5.0,,2026-05-21T00:30:55+05:30,Draft,agent:action_planner,playbook,,,,INC-20260520-D79A23
ACT-118ae004133a,,POL-GCP,,"SHO, Aminjikarai Police Station",Register the complaint,1.0,,2026-05-21T02:52:52+05:30,Draft,agent:action_planner,playbook,,,,INC-20260521-6D97AD
ACT-f68685e9366b,,POL-GCP,,"SHO, Aminjikarai Police Station",Circulate details,2.0,,2026-05-21T05:16:52+05:30,Draft,agent:action_planner,playbook,,,,INC-20260521-6D97AD
ACT-928b272adb42,,POL-GCP,,"SHO, Aminjikarai Police Station",Search,3.0,,2026-05-21T07:40:52+05:30,Draft,agent:action_planner,playbook,,,,INC-20260521-6D97AD
ACT-8b2ff0bddb8d,,POL-GCP,,"SHO, Aminjikarai Police Station",Trace,4.0,,2026-05-21T10:04:52+05:30,Draft,agent:action_planner,playbook,,,,INC-20260521-6D97AD
ACT-d8258e262e34,,POL-GCP,,Deputy Commissioner of Police,Close,5.0,,2026-05-21T12:28:52+05:30,Draft,agent:action_planner,playbook,,,,INC-20260521-6D97AD
ACT-0ff689233571,,POL-GCP,,"SHO, Alandur Police Station",Respond immediately,1.0,,2026-05-21T19:05:31+05:30,Draft,agent:action_planner,playbook,,,,INC-20260521-84CAF3
ACT-a24ea67fd4e6,,POL-GCP,,"SHO, Alandur Police Station",Register the case,2.0,,2026-05-21T19:29:31+05:30,Draft,agent:action_planner,playbook,,,,INC-20260521-84CAF3
ACT-b2fb36c42167,,POL-GCP,,"SHO, Alandur Police Station",Protect the victim,3.0,,2026-05-21T19:53:31+05:30,Draft,agent:action_planner,playbook,,,,INC-20260521-84CAF3
ACT-c11ea7424833,,POL-GCP,,"SHO, Alandur Police Station",Arrest the accused,4.0,,2026-05-21T20:17:31+05:30,Draft,agent:action_planner,playbook,,,,INC-20260521-84CAF3
ACT-12f08eeda1aa,,POL-GCP,,Deputy Commissioner of Police,Close,5.0,,2026-05-21T20:41:31+05:30,Draft,agent:action_planner,playbook,,,,INC-20260521-84CAF3
ACT-75029a0085e8,,POL-GCP,,"SHO, Pallikaranai Police Station",Respond immediately,1.0,,2026-05-21T20:56:30+05:30,Draft,agent:action_planner,playbook,,,,INC-20260521-D634CA
ACT-96ce1178ac66,,POL-GCP,,"SHO, Pallikaranai Police Station",Register the case,2.0,,2026-05-21T22:08:30+05:30,Draft,agent:action_planner,playbook,,,,INC-20260521-D634CA
ACT-499dfdca5d3c,,POL-GCP,,"SHO, Pallikaranai Police Station",Protect the victim,3.0,,2026-05-21T23:20:30+05:30,Draft,agent:action_planner,playbook,,,,INC-20260521-D634CA
ACT-e52737cf8bac,,POL-GCP,,"SHO, Pallikaranai Police Station",Arrest the accused,4.0,,2026-05-22T00:32:30+05:30,Draft,agent:action_planner,playbook,,,,INC-20260521-D634CA
ACT-2c53013eff18,,POL-GCP,,Deputy Commissioner of Police,Close,5.0,,2026-05-22T01:44:30+05:30,Draft,agent:action_planner,playbook,,,,INC-20260521-D634CA
ACT-ad2814ec8064,,PWD-WRD,,"Assistant Executive Engineer, Water Bodies Protection (Encroachment) Cell (S. Palanisamy)",Deploy pumps and clear standing water,1.0,,2026-05-25T02:29:01+05:30,Draft,agent:action_planner,playbook,,,,INC-20260524-3B763E
ACT-c3f0e79dcdc6,,PWD-WRD,,"Assistant Executive Engineer, Water Bodies Protection (Encroachment) Cell (S. Palanisamy)",Clear drain inlets and silt,2.0,,2026-05-25T07:17:01+05:30,Draft,agent:action_planner,playbook,,,,INC-20260524-3B763E
ACT-fd378852bc74,,PWD-WRD,,"Assistant Executive Engineer, Water Bodies Protection (Encroachment) Cell (S. Palanisamy)",Divert traffic and barricade,3.0,,2026-05-25T12:05:01+05:30,Draft,agent:action_planner,playbook,,,,INC-20260524-3B763E
ACT-02e86c18faff,,PWD-WRD,,"Assistant Executive Engineer, Water Bodies Protection (Encroachment) Cell (S. Palanisamy)",Check low-lying homes for evacuation,4.0,,2026-05-25T16:53:01+05:30,Draft,agent:action_planner,playbook,,,,INC-20260524-3B763E
ACT-26c09aa3d83c,,PWD-WRD,,Superintending Engineer (WRD),Submit completion report with photo,5.0,,2026-05-25T21:41:01+05:30,Draft,agent:action_planner,playbook,,,,INC-20260524-3B763E
ACT-35475ff4b965,,POL-GCP,,Deputy Commissioner of Police,Support flooding & waterlogging response,,,2026-05-25T09:41:01+05:30,Draft,agent:action_planner,coordination,,,,INC-20260524-3B763E
ACT-3e9d944cd544,,DIST-DM,,District Revenue Officer (Disaster),Support flooding & waterlogging response,,,2026-05-25T09:41:01+05:30,Draft,agent:action_planner,coordination,,,,INC-20260524-3B763E
ACT-f2df18ec9c4a,,POL-GCP,,"SHO, Villivakkam Police Station",Respond immediately,1.0,,2026-05-24T08:18:41+05:30,Draft,agent:action_planner,playbook,,,,INC-20260524-445E6C
ACT-4eb08637e8c8,,POL-GCP,,"SHO, Villivakkam Police Station",Register the case,2.0,,2026-05-24T09:30:41+05:30,Draft,agent:action_planner,playbook,,,,INC-20260524-445E6C
ACT-604a24d32304,,POL-GCP,,"SHO, Villivakkam Police Station",Protect the victim,3.0,,2026-05-24T10:42:41+05:30,Draft,agent:action_planner,playbook,,,,INC-20260524-445E6C
ACT-c137e5bb9493,,POL-GCP,,"SHO, Villivakkam Police Station",Arrest the accused,4.0,,2026-05-24T11:54:41+05:30,Draft,agent:action_planner,playbook,,,,INC-20260524-445E6C
ACT-aaa79ada368d,,POL-GCP,,Deputy Commissioner of Police,Close,5.0,,2026-05-24T13:06:41+05:30,Draft,agent:action_planner,playbook,,,,INC-20260524-445E6C
ACT-3739482275eb,,POL-GCP,,"SHO, Sembiam Police Station",Register the complaint,1.0,,2026-05-25T10:32:36+05:30,Draft,agent:action_planner,playbook,,,,INC-20260525-32E631
ACT-b535e1825761,,POL-GCP,,"SHO, Sembiam Police Station",Circulate details,2.0,,2026-05-25T12:56:36+05:30,Draft,agent:action_planner,playbook,,,,INC-20260525-32E631
ACT-5ede3dad81f9,,POL-GCP,,"SHO, Sembiam Police Station",Search,3.0,,2026-05-25T15:20:36+05:30,Draft,agent:action_planner,playbook,,,,INC-20260525-32E631
ACT-50defa2fce43,,POL-GCP,,"SHO, Sembiam Police Station",Trace,4.0,,2026-05-25T17:44:36+05:30,Draft,agent:action_planner,playbook,,,,INC-20260525-32E631
ACT-a82492e4b9c8,,POL-GCP,,Deputy Commissioner of Police,Close,5.0,,2026-05-25T20:08:36+05:30,Draft,agent:action_planner,playbook,,,,INC-20260525-32E631
ACT-dfb68080377b,,POL-GCP,,"SHO, Sathangadu Police Station",Register the complaint,1.0,,2026-05-26T10:09:47+05:30,Draft,agent:action_planner,playbook,,,,INC-20260526-14D0AE
ACT-3a51e4759a0e,,POL-GCP,,"SHO, Sathangadu Police Station",Circulate details,2.0,,2026-05-26T12:33:47+05:30,Draft,agent:action_planner,playbook,,,,INC-20260526-14D0AE
ACT-80c5999cdd4f,,POL-GCP,,"SHO, Sathangadu Police Station",Search,3.0,,2026-05-26T14:57:47+05:30,Draft,agent:action_planner,playbook,,,,INC-20260526-14D0AE
ACT-4d6ff071a306,,POL-GCP,,"SHO, Sathangadu Police Station",Trace,4.0,,2026-05-26T17:21:47+05:30,Draft,agent:action_planner,playbook,,,,INC-20260526-14D0AE
ACT-0385857caa8b,,POL-GCP,,Deputy Commissioner of Police,Close,5.0,,2026-05-26T19:45:47+05:30,Draft,agent:action_planner,playbook,,,,INC-20260526-14D0AE
ACT-cd64e0c08305,,POL-GCP,,"SHO, Sathangadu Police Station",Respond immediately,1.0,,2026-05-26T11:57:20+05:30,Draft,agent:action_planner,playbook,,,,INC-20260526-83EB04
ACT-4225e61b3f6e,,POL-GCP,,"SHO, Sathangadu Police Station",Register the case,2.0,,2026-05-26T12:21:20+05:30,Draft,agent:action_planner,playbook,,,,INC-20260526-83EB04
ACT-27ec799e2f73,,POL-GCP,,"SHO, Sathangadu Police Station",Protect the victim,3.0,,2026-05-26T12:45:20+05:30,Draft,agent:action_planner,playbook,,,,INC-20260526-83EB04
ACT-a6c2d630bcf5,,POL-GCP,,"SHO, Sathangadu Police Station",Arrest the accused,4.0,,2026-05-26T13:09:20+05:30,Draft,agent:action_planner,playbook,,,,INC-20260526-83EB04
ACT-2439a006842c,,POL-GCP,,Deputy Commissioner of Police,Close,5.0,,2026-05-26T13:33:20+05:30,Draft,agent:action_planner,playbook,,,,INC-20260526-83EB04
ACT-4cf8d4c5167e,,POL-GCP,,"SHO, Sembiam Police Station",Respond immediately,1.0,,2026-05-26T17:58:24+05:30,Draft,agent:action_planner,playbook,,,,INC-20260526-9EB420
ACT-74d5bea8858d,,POL-GCP,,"SHO, Sembiam Police Station",Register the case,2.0,,2026-05-26T18:22:24+05:30,Draft,agent:action_planner,playbook,,,,INC-20260526-9EB420
ACT-70e9bc32e0b5,,POL-GCP,,"SHO, Sembiam Police Station",Protect the victim,3.0,,2026-05-26T18:46:24+05:30,Draft,agent:action_planner,playbook,,,,INC-20260526-9EB420
ACT-a32fe089888f,,POL-GCP,,"SHO, Sembiam Police Station",Arrest the accused,4.0,,2026-05-26T19:10:24+05:30,Draft,agent:action_planner,playbook,,,,INC-20260526-9EB420
ACT-33bb031d29d9,,POL-GCP,,Deputy Commissioner of Police,Close,5.0,,2026-05-26T19:34:24+05:30,Draft,agent:action_planner,playbook,,,,INC-20260526-9EB420
ACT-f1e34bb723dc,,POL-GCP,,"SHO, Pondy Bazaar Police Station",Register the complaint,1.0,,2026-05-27T05:56:06+05:30,Draft,agent:action_planner,playbook,,,,INC-20260527-5D007C
ACT-47c21c698a37,,POL-GCP,,"SHO, Pondy Bazaar Police Station",Circulate details,2.0,,2026-05-27T08:20:06+05:30,Draft,agent:action_planner,playbook,,,,INC-20260527-5D007C
ACT-b911f2396b1b,,POL-GCP,,"SHO, Pondy Bazaar Police Station",Search,3.0,,2026-05-27T10:44:06+05:30,Draft,agent:action_planner,playbook,,,,INC-20260527-5D007C
ACT-4a57d61d31eb,,POL-GCP,,"SHO, Pondy Bazaar Police Station",Trace,4.0,,2026-05-27T13:08:06+05:30,Draft,agent:action_planner,playbook,,,,INC-20260527-5D007C
ACT-80205b18bb58,,POL-GCP,,Deputy Commissioner of Police,Close,5.0,,2026-05-27T15:32:06+05:30,Draft,agent:action_planner,playbook,,,,INC-20260527-5D007C
ACT-8aa270aa741a,,POL-GCP,,"SHO, Egmore Police Station",Register the complaint,1.0,,2026-05-28T15:42:55+05:30,Draft,agent:action_planner,playbook,,,,INC-20260528-6E1FF9
ACT-5d02e3f51eff,,POL-GCP,,"SHO, Egmore Police Station",Circulate details,2.0,,2026-05-28T18:06:55+05:30,Draft,agent:action_planner,playbook,,,,INC-20260528-6E1FF9
ACT-6412773ff05c,,POL-GCP,,"SHO, Egmore Police Station",Search,3.0,,2026-05-28T20:30:55+05:30,Draft,agent:action_planner,playbook,,,,INC-20260528-6E1FF9
ACT-0188be53513d,,POL-GCP,,"SHO, Egmore Police Station",Trace,4.0,,2026-05-28T22:54:55+05:30,Draft,agent:action_planner,playbook,,,,INC-20260528-6E1FF9
ACT-aa4c0fe47c14,,POL-GCP,,Deputy Commissioner of Police,Close,5.0,,2026-05-29T01:18:55+05:30,Draft,agent:action_planner,playbook,,,,INC-20260528-6E1FF9
ACT-a5e206b52a05,,PWD-WRD,,"Assistant Executive Engineer, North Chennai Drainage Sub-Division (M. Gunasekaran)",Inspect the drain,1.0,,2026-05-28T21:54:21+05:30,Draft,agent:action_planner,playbook,,,,INC-20260528-74636F
ACT-078565a7843e,,PWD-WRD,,"Assistant Executive Engineer, North Chennai Drainage Sub-Division (M. Gunasekaran)",Desilt or clear the blockage,2.0,,2026-05-29T12:18:21+05:30,Draft,agent:action_planner,playbook,,,,INC-20260528-74636F
ACT-4b2eb2296c41,,PWD-WRD,,"Assistant Executive Engineer, North Chennai Drainage Sub-Division (M. Gunasekaran)",Repair cover or pipe,3.0,,2026-05-30T02:42:21+05:30,Draft,agent:action_planner,playbook,,,,INC-20260528-74636F
ACT-0a963fa989ea,,PWD-WRD,,"Assistant Executive Engineer, North Chennai Drainage Sub-Division (M. Gunasekaran)",Disinfect the area,4.0,,2026-05-30T17:06:21+05:30,Draft,agent:action_planner,playbook,,,,INC-20260528-74636F
ACT-ae53b75505e4,,PWD-WRD,,Superintending Engineer (WRD),Submit completion report,5.0,,2026-05-31T07:30:21+05:30,Draft,agent:action_planner,playbook,,,,INC-20260528-74636F
ACT-97d6ff6b9cd5,,CMWSSB,,Superintending Engineer,Support drainage & sewage response,,,2026-05-29T19:30:21+05:30,Draft,agent:action_planner,coordination,,,,INC-20260528-74636F
ACT-22400636e35e,,POL-GCP,,"SHO, Vepery Police Station",Register the complaint,1.0,,2026-05-29T21:13:28+05:30,Draft,agent:action_planner,playbook,,,,INC-20260529-F3B580
ACT-50fa2ac1e28e,,POL-GCP,,"SHO, Vepery Police Station",Circulate details,2.0,,2026-05-29T23:37:28+05:30,Draft,agent:action_planner,playbook,,,,INC-20260529-F3B580
ACT-98209b23c7ba,,POL-GCP,,"SHO, Vepery Police Station",Search,3.0,,2026-05-30T02:01:28+05:30,Draft,agent:action_planner,playbook,,,,INC-20260529-F3B580
ACT-638373094fe9,,POL-GCP,,"SHO, Vepery Police Station",Trace,4.0,,2026-05-30T04:25:28+05:30,Draft,agent:action_planner,playbook,,,,INC-20260529-F3B580
ACT-81d5b7cc25aa,,POL-GCP,,Deputy Commissioner of Police,Close,5.0,,2026-05-30T06:49:28+05:30,Draft,agent:action_planner,playbook,,,,INC-20260529-F3B580
ACT-d51488560c92,,POL-GCP,,"SHO, Royapuram Police Station",Register the complaint,1.0,,2026-05-30T08:42:04+05:30,Draft,agent:action_planner,playbook,,,,INC-20260530-8D32FC
ACT-970f7a51b2bc,,POL-GCP,,"SHO, Royapuram Police Station",Circulate details,2.0,,2026-05-30T11:06:04+05:30,Draft,agent:action_planner,playbook,,,,INC-20260530-8D32FC
ACT-5911062a4559,,POL-GCP,,"SHO, Royapuram Police Station",Search,3.0,,2026-05-30T13:30:04+05:30,Draft,agent:action_planner,playbook,,,,INC-20260530-8D32FC
ACT-7689c57c99d6,,POL-GCP,,"SHO, Royapuram Police Station",Trace,4.0,,2026-05-30T15:54:04+05:30,Draft,agent:action_planner,playbook,,,,INC-20260530-8D32FC
ACT-b7d77da0599e,,POL-GCP,,Deputy Commissioner of Police,Close,5.0,,2026-05-30T18:18:04+05:30,Draft,agent:action_planner,playbook,,,,INC-20260530-8D32FC
ACT-bdd49c834dc4,,POL-GCP,,"SHO, Periamet Police Station",Register the complaint,1.0,,2026-05-31T13:19:08+05:30,Draft,agent:action_planner,playbook,,,,INC-20260531-914CE3
ACT-79af221c4786,,POL-GCP,,"SHO, Periamet Police Station",Circulate details,2.0,,2026-05-31T15:43:08+05:30,Draft,agent:action_planner,playbook,,,,INC-20260531-914CE3
ACT-29e00b217888,,POL-GCP,,"SHO, Periamet Police Station",Search,3.0,,2026-05-31T18:07:08+05:30,Draft,agent:action_planner,playbook,,,,INC-20260531-914CE3
ACT-72bb44287fa4,,POL-GCP,,"SHO, Periamet Police Station",Trace,4.0,,2026-05-31T20:31:08+05:30,Draft,agent:action_planner,playbook,,,,INC-20260531-914CE3
ACT-779ab6793a8b,,POL-GCP,,Deputy Commissioner of Police,Close,5.0,,2026-05-31T22:55:08+05:30,Draft,agent:action_planner,playbook,,,,INC-20260531-914CE3
ACT-2b5aec5bd412,,POL-GCP,,"SHO, Kilpauk Police Station",Register the complaint,1.0,,2026-06-01T20:25:37+05:30,Draft,agent:action_planner,playbook,,,,INC-20260601-13AB1C
ACT-9dc8dd8b73d1,,POL-GCP,,"SHO, Kilpauk Police Station",Circulate details,2.0,,2026-06-01T22:49:37+05:30,Draft,agent:action_planner,playbook,,,,INC-20260601-13AB1C
ACT-d7c64f54c3a2,,POL-GCP,,"SHO, Kilpauk Police Station",Search,3.0,,2026-06-02T01:13:37+05:30,Draft,agent:action_planner,playbook,,,,INC-20260601-13AB1C
ACT-163de9bba054,,POL-GCP,,"SHO, Kilpauk Police Station",Trace,4.0,,2026-06-02T03:37:37+05:30,Draft,agent:action_planner,playbook,,,,INC-20260601-13AB1C
ACT-16b10a6f63ac,,POL-GCP,,Deputy Commissioner of Police,Close,5.0,,2026-06-02T06:01:37+05:30,Draft,agent:action_planner,playbook,,,,INC-20260601-13AB1C
ACT-fb3140f6ae53,,POL-GCP,,"SHO, Korattur Police Station",Register the complaint,1.0,,2026-06-02T04:09:11+05:30,Draft,agent:action_planner,playbook,,,,INC-20260602-25F0B7
ACT-72a242745afa,,POL-GCP,,"SHO, Korattur Police Station",Circulate details,2.0,,2026-06-02T06:33:11+05:30,Draft,agent:action_planner,playbook,,,,INC-20260602-25F0B7
ACT-21f5cbc858a9,,POL-GCP,,"SHO, Korattur Police Station",Search,3.0,,2026-06-02T08:57:11+05:30,Draft,agent:action_planner,playbook,,,,INC-20260602-25F0B7
ACT-a00b5f4f348e,,POL-GCP,,"SHO, Korattur Police Station",Trace,4.0,,2026-06-02T11:21:11+05:30,Draft,agent:action_planner,playbook,,,,INC-20260602-25F0B7
ACT-b7d2255f89ce,,POL-GCP,,Deputy Commissioner of Police,Close,5.0,,2026-06-02T13:45:11+05:30,Draft,agent:action_planner,playbook,,,,INC-20260602-25F0B7
ACT-54bf653092c1,,POL-GCP,,"SHO, Royapuram Police Station",Respond immediately,1.0,,2026-06-02T01:50:31+05:30,Draft,agent:action_planner,playbook,,,,INC-20260602-9CB1A9
ACT-cdcda9647b39,,POL-GCP,,"SHO, Royapuram Police Station",Register the case,2.0,,2026-06-02T02:14:31+05:30,Draft,agent:action_planner,playbook,,,,INC-20260602-9CB1A9
ACT-5254427f98f4,,POL-GCP,,"SHO, Royapuram Police Station",Protect the victim,3.0,,2026-06-02T02:38:31+05:30,Draft,agent:action_planner,playbook,,,,INC-20260602-9CB1A9
ACT-a06f9a3b0997,,POL-GCP,,"SHO, Royapuram Police Station",Arrest the accused,4.0,,2026-06-02T03:02:31+05:30,Draft,agent:action_planner,playbook,,,,INC-20260602-9CB1A9
ACT-7a781caea15f,,POL-GCP,,Deputy Commissioner of Police,Close,5.0,,2026-06-02T03:26:31+05:30,Draft,agent:action_planner,playbook,,,,INC-20260602-9CB1A9
ACT-fa6ed422c69f,,POL-GCP,,"SHO, Adyar Police Station",Respond immediately,1.0,,2026-06-02T14:11:39+05:30,Draft,agent:action_planner,playbook,,,,INC-20260602-FA6D01
ACT-4ca34a945592,,POL-GCP,,"SHO, Adyar Police Station",Register the case,2.0,,2026-06-02T15:23:39+05:30,Draft,agent:action_planner,playbook,,,,INC-20260602-FA6D01
ACT-3dff729491e4,,POL-GCP,,"SHO, Adyar Police Station",Protect the victim,3.0,,2026-06-02T16:35:39+05:30,Draft,agent:action_planner,playbook,,,,INC-20260602-FA6D01
ACT-af7e4454a277,,POL-GCP,,"SHO, Adyar Police Station",Arrest the accused,4.0,,2026-06-02T17:47:39+05:30,Draft,agent:action_planner,playbook,,,,INC-20260602-FA6D01
ACT-e6cd366253d6,,POL-GCP,,Deputy Commissioner of Police,Close,5.0,,2026-06-02T18:59:39+05:30,Draft,agent:action_planner,playbook,,,,INC-20260602-FA6D01
ACT-bfa4cbe8923b,,POL-GCP,,"SHO, Velachery Police Station",Register the complaint,1.0,,2026-06-04T16:04:56+05:30,Draft,agent:action_planner,playbook,,,,INC-20260604-36AAD7
ACT-a005bd7e8c36,,POL-GCP,,"SHO, Velachery Police Station",Circulate details,2.0,,2026-06-04T18:28:56+05:30,Draft,agent:action_planner,playbook,,,,INC-20260604-36AAD7
ACT-d64c9b7ba934,,POL-GCP,,"SHO, Velachery Police Station",Search,3.0,,2026-06-04T20:52:56+05:30,Draft,agent:action_planner,playbook,,,,INC-20260604-36AAD7
ACT-5d4524ee3057,,POL-GCP,,"SHO, Velachery Police Station",Trace,4.0,,2026-06-04T23:16:56+05:30,Draft,agent:action_planner,playbook,,,,INC-20260604-36AAD7
ACT-8ace12f76a7b,,POL-GCP,,Deputy Commissioner of Police,Close,5.0,,2026-06-05T01:40:56+05:30,Draft,agent:action_planner,playbook,,,,INC-20260604-36AAD7
ACT-1e761cfb003b,,POL-GCP,,"SHO, Adambakkam Police Station",Register the complaint,1.0,,2026-06-04T11:36:27+05:30,Draft,agent:action_planner,playbook,,,,INC-20260604-53EBB0
ACT-71cc047bb844,,POL-GCP,,"SHO, Adambakkam Police Station",Circulate details,2.0,,2026-06-04T14:00:27+05:30,Draft,agent:action_planner,playbook,,,,INC-20260604-53EBB0
ACT-bbc2df6f1925,,POL-GCP,,"SHO, Adambakkam Police Station",Search,3.0,,2026-06-04T16:24:27+05:30,Draft,agent:action_planner,playbook,,,,INC-20260604-53EBB0
ACT-e299b1c7f7ab,,POL-GCP,,"SHO, Adambakkam Police Station",Trace,4.0,,2026-06-04T18:48:27+05:30,Draft,agent:action_planner,playbook,,,,INC-20260604-53EBB0
ACT-0626cb3caff4,,POL-GCP,,Deputy Commissioner of Police,Close,5.0,,2026-06-04T21:12:27+05:30,Draft,agent:action_planner,playbook,,,,INC-20260604-53EBB0
ACT-be6d923a4936,,POL-GCP,,"SHO, K.K. Nagar Police Station",Register the complaint,1.0,,2026-06-04T06:06:12+05:30,Draft,agent:action_planner,playbook,,,,INC-20260604-6D7921
ACT-f909302eeaad,,POL-GCP,,"SHO, K.K. Nagar Police Station",Circulate details,2.0,,2026-06-04T08:30:12+05:30,Draft,agent:action_planner,playbook,,,,INC-20260604-6D7921
ACT-addc4dc89f52,,POL-GCP,,"SHO, K.K. Nagar Police Station",Search,3.0,,2026-06-04T10:54:12+05:30,Draft,agent:action_planner,playbook,,,,INC-20260604-6D7921
ACT-b3275bb12a95,,POL-GCP,,"SHO, K.K. Nagar Police Station",Trace,4.0,,2026-06-04T13:18:12+05:30,Draft,agent:action_planner,playbook,,,,INC-20260604-6D7921
ACT-4d15b7b7a429,,POL-GCP,,Deputy Commissioner of Police,Close,5.0,,2026-06-04T15:42:12+05:30,Draft,agent:action_planner,playbook,,,,INC-20260604-6D7921
ACT-2bacdc82dd21,,POL-GCP,,"SHO, Teynampet Police Station",Respond immediately,1.0,,2026-06-04T09:12:26+05:30,Draft,agent:action_planner,playbook,,,,INC-20260604-C39104
ACT-74b333624b11,,POL-GCP,,"SHO, Teynampet Police Station",Register the case,2.0,,2026-06-04T09:36:26+05:30,Draft,agent:action_planner,playbook,,,,INC-20260604-C39104
ACT-f304337c5578,,POL-GCP,,"SHO, Teynampet Police Station",Protect the victim,3.0,,2026-06-04T10:00:26+05:30,Draft,agent:action_planner,playbook,,,,INC-20260604-C39104
ACT-0d17916e81f6,,POL-GCP,,"SHO, Teynampet Police Station",Arrest the accused,4.0,,2026-06-04T10:24:26+05:30,Draft,agent:action_planner,playbook,,,,INC-20260604-C39104
ACT-c20622a9cdc0,,POL-GCP,,Deputy Commissioner of Police,Close,5.0,,2026-06-04T10:48:26+05:30,Draft,agent:action_planner,playbook,,,,INC-20260604-C39104
ACT-628119b0cd87,,POL-GCP,,"SHO, Tondiarpet Police Station",Register the complaint,1.0,,2026-06-05T10:24:46+05:30,Draft,agent:action_planner,playbook,,,,INC-20260605-F2B10C
ACT-6dc083c352f1,,POL-GCP,,"SHO, Tondiarpet Police Station",Circulate details,2.0,,2026-06-05T12:48:46+05:30,Draft,agent:action_planner,playbook,,,,INC-20260605-F2B10C
ACT-344d0996bd70,,POL-GCP,,"SHO, Tondiarpet Police Station",Search,3.0,,2026-06-05T15:12:46+05:30,Draft,agent:action_planner,playbook,,,,INC-20260605-F2B10C
ACT-f4ff8288928a,,POL-GCP,,"SHO, Tondiarpet Police Station",Trace,4.0,,2026-06-05T17:36:46+05:30,Draft,agent:action_planner,playbook,,,,INC-20260605-F2B10C
ACT-b90af9c9d07a,,POL-GCP,,Deputy Commissioner of Police,Close,5.0,,2026-06-05T20:00:46+05:30,Draft,agent:action_planner,playbook,,,,INC-20260605-F2B10C
ACT-3642c83972e3,,POL-GCP,,"SHO, Teynampet Police Station",Respond immediately,1.0,,2026-06-06T21:20:32+05:30,Draft,agent:action_planner,playbook,,,,INC-20260606-3A148F
ACT-955cd33f5652,,POL-GCP,,"SHO, Teynampet Police Station",Register the case,2.0,,2026-06-06T21:44:32+05:30,Draft,agent:action_planner,playbook,,,,INC-20260606-3A148F
ACT-7af34f048070,,POL-GCP,,"SHO, Teynampet Police Station",Protect the victim,3.0,,2026-06-06T22:08:32+05:30,Draft,agent:action_planner,playbook,,,,INC-20260606-3A148F
ACT-76f10830ac5d,,POL-GCP,,"SHO, Teynampet Police Station",Arrest the accused,4.0,,2026-06-06T22:32:32+05:30,Draft,agent:action_planner,playbook,,,,INC-20260606-3A148F
ACT-3c0bd2e23569,,POL-GCP,,Deputy Commissioner of Police,Close,5.0,,2026-06-06T22:56:32+05:30,Draft,agent:action_planner,playbook,,,,INC-20260606-3A148F
ACT-0aab4843f95f,,POL-GCP,,"SHO, Triplicane Police Station",Respond immediately,1.0,,2026-06-06T13:19:14+05:30,Draft,agent:action_planner,playbook,,,,INC-20260606-BF0EB5
ACT-2f4f33e279e6,,POL-GCP,,"SHO, Triplicane Police Station",Register the case,2.0,,2026-06-06T14:31:14+05:30,Draft,agent:action_planner,playbook,,,,INC-20260606-BF0EB5
ACT-a4602802207c,,POL-GCP,,"SHO, Triplicane Police Station",Protect the victim,3.0,,2026-06-06T15:43:14+05:30,Draft,agent:action_planner,playbook,,,,INC-20260606-BF0EB5
ACT-1bf352190a27,,POL-GCP,,"SHO, Triplicane Police Station",Arrest the accused,4.0,,2026-06-06T16:55:14+05:30,Draft,agent:action_planner,playbook,,,,INC-20260606-BF0EB5
ACT-83f6e406b6fd,,POL-GCP,,Deputy Commissioner of Police,Close,5.0,,2026-06-06T18:07:14+05:30,Draft,agent:action_planner,playbook,,,,INC-20260606-BF0EB5
ACT-3d7b6910001a,,POL-GCP,,"SHO, Saidapet Police Station",Respond immediately,1.0,,2026-06-07T13:38:06+05:30,Draft,agent:action_planner,playbook,,,,INC-20260607-0A5AA8
ACT-036418d42692,,POL-GCP,,"SHO, Saidapet Police Station",Register the case,2.0,,2026-06-07T14:50:06+05:30,Draft,agent:action_planner,playbook,,,,INC-20260607-0A5AA8
ACT-5711d8988b38,,POL-GCP,,"SHO, Saidapet Police Station",Protect the victim,3.0,,2026-06-07T16:02:06+05:30,Draft,agent:action_planner,playbook,,,,INC-20260607-0A5AA8
ACT-9b06d175ea1f,,POL-GCP,,"SHO, Saidapet Police Station",Arrest the accused,4.0,,2026-06-07T17:14:06+05:30,Draft,agent:action_planner,playbook,,,,INC-20260607-0A5AA8
ACT-9578fddb8672,,POL-GCP,,Deputy Commissioner of Police,Close,5.0,,2026-06-07T18:26:06+05:30,Draft,agent:action_planner,playbook,,,,INC-20260607-0A5AA8
ACT-9639e681cc8a,,POL-GCP,,"SHO, Manali Police Station",Register the complaint,1.0,,2026-06-08T05:04:04+05:30,Draft,agent:action_planner,playbook,,,,INC-20260608-62CC26
ACT-6526fffb3ec8,,POL-GCP,,"SHO, Manali Police Station",Circulate details,2.0,,2026-06-08T07:28:04+05:30,Draft,agent:action_planner,playbook,,,,INC-20260608-62CC26
ACT-d9f22dd5b59f,,POL-GCP,,"SHO, Manali Police Station",Search,3.0,,2026-06-08T09:52:04+05:30,Draft,agent:action_planner,playbook,,,,INC-20260608-62CC26
ACT-bba00648f09e,,POL-GCP,,"SHO, Manali Police Station",Trace,4.0,,2026-06-08T12:16:04+05:30,Draft,agent:action_planner,playbook,,,,INC-20260608-62CC26
ACT-37c05402cd90,,POL-GCP,,Deputy Commissioner of Police,Close,5.0,,2026-06-08T14:40:04+05:30,Draft,agent:action_planner,playbook,,,,INC-20260608-62CC26
ACT-299cc7616064,,POL-GCP,,"SHO, Kannagi Nagar Police Station",Respond immediately,1.0,,2026-06-08T15:02:10+05:30,Draft,agent:action_planner,playbook,,,,INC-20260608-ABD1B5
ACT-3ca1d1eb85ce,,POL-GCP,,"SHO, Kannagi Nagar Police Station",Register the case,2.0,,2026-06-08T16:14:10+05:30,Draft,agent:action_planner,playbook,,,,INC-20260608-ABD1B5
ACT-b1da184199e2,,POL-GCP,,"SHO, Kannagi Nagar Police Station",Protect the victim,3.0,,2026-06-08T17:26:10+05:30,Draft,agent:action_planner,playbook,,,,INC-20260608-ABD1B5
ACT-28ae559e2a40,,POL-GCP,,"SHO, Kannagi Nagar Police Station",Arrest the accused,4.0,,2026-06-08T18:38:10+05:30,Draft,agent:action_planner,playbook,,,,INC-20260608-ABD1B5
ACT-6481f0365c78,,POL-GCP,,Deputy Commissioner of Police,Close,5.0,,2026-06-08T19:50:10+05:30,Draft,agent:action_planner,playbook,,,,INC-20260608-ABD1B5
ACT-b6a09a1214e9,,POL-GCP,,"SHO, Alandur Police Station",Register the complaint,1.0,,2026-06-09T19:42:15+05:30,Draft,agent:action_planner,playbook,,,,INC-20260609-28CA24
ACT-33266eaf272e,,POL-GCP,,"SHO, Alandur Police Station",Circulate details,2.0,,2026-06-09T22:06:15+05:30,Draft,agent:action_planner,playbook,,,,INC-20260609-28CA24
ACT-544ea5611e9b,,POL-GCP,,"SHO, Alandur Police Station",Search,3.0,,2026-06-10T00:30:15+05:30,Draft,agent:action_planner,playbook,,,,INC-20260609-28CA24
ACT-45b11b36ca5e,,POL-GCP,,"SHO, Alandur Police Station",Trace,4.0,,2026-06-10T02:54:15+05:30,Draft,agent:action_planner,playbook,,,,INC-20260609-28CA24
ACT-3218df40010b,,POL-GCP,,Deputy Commissioner of Police,Close,5.0,,2026-06-10T05:18:15+05:30,Draft,agent:action_planner,playbook,,,,INC-20260609-28CA24
ACT-ced7b82bb23f,,POL-GCP,,"SHO, Kasimedu Fishing Harbour Police Station",Respond immediately,1.0,,2026-06-09T07:20:36+05:30,Draft,agent:action_planner,playbook,,,,INC-20260609-338E32
ACT-b281002fba74,,POL-GCP,,"SHO, Kasimedu Fishing Harbour Police Station",Register the case,2.0,,2026-06-09T08:32:36+05:30,Draft,agent:action_planner,playbook,,,,INC-20260609-338E32
ACT-6ac5d38965d4,,POL-GCP,,"SHO, Kasimedu Fishing Harbour Police Station",Protect the victim,3.0,,2026-06-09T09:44:36+05:30,Draft,agent:action_planner,playbook,,,,INC-20260609-338E32
ACT-183f1e16911d,,POL-GCP,,"SHO, Kasimedu Fishing Harbour Police Station",Arrest the accused,4.0,,2026-06-09T10:56:36+05:30,Draft,agent:action_planner,playbook,,,,INC-20260609-338E32
ACT-70f482134681,,POL-GCP,,Deputy Commissioner of Police,Close,5.0,,2026-06-09T12:08:36+05:30,Draft,agent:action_planner,playbook,,,,INC-20260609-338E32
ACT-99d417e88596,,POL-GCP,,"SHO, Adyar Police Station",Respond immediately,1.0,,2026-06-11T19:42:36+05:30,Draft,agent:action_planner,playbook,,,,INC-20260611-71BC62
ACT-7662e0167f7f,,POL-GCP,,"SHO, Adyar Police Station",Register the case,2.0,,2026-06-11T20:54:36+05:30,Draft,agent:action_planner,playbook,,,,INC-20260611-71BC62
ACT-9cc4c4a340a6,,POL-GCP,,"SHO, Adyar Police Station",Protect the victim,3.0,,2026-06-11T22:06:36+05:30,Draft,agent:action_planner,playbook,,,,INC-20260611-71BC62
ACT-e3c4643f60e8,,POL-GCP,,"SHO, Adyar Police Station",Arrest the accused,4.0,,2026-06-11T23:18:36+05:30,Draft,agent:action_planner,playbook,,,,INC-20260611-71BC62
ACT-e4994d7d096a,,POL-GCP,,Deputy Commissioner of Police,Close,5.0,,2026-06-12T00:30:36+05:30,Draft,agent:action_planner,playbook,,,,INC-20260611-71BC62
ACT-a7eba5c38d9c,,POL-GCP,,"SHO, Pallikaranai Police Station",Respond immediately,1.0,,2026-06-11T11:55:28+05:30,Draft,agent:action_planner,playbook,,,,INC-20260611-C483F4
ACT-1da07b35a965,,POL-GCP,,"SHO, Pallikaranai Police Station",Register the case,2.0,,2026-06-11T13:07:28+05:30,Draft,agent:action_planner,playbook,,,,INC-20260611-C483F4
ACT-5c3702953b48,,POL-GCP,,"SHO, Pallikaranai Police Station",Protect the victim,3.0,,2026-06-11T14:19:28+05:30,Draft,agent:action_planner,playbook,,,,INC-20260611-C483F4
ACT-ee0b59e33ce4,,POL-GCP,,"SHO, Pallikaranai Police Station",Arrest the accused,4.0,,2026-06-11T15:31:28+05:30,Draft,agent:action_planner,playbook,,,,INC-20260611-C483F4
ACT-9717ecc130f2,,POL-GCP,,Deputy Commissioner of Police,Close,5.0,,2026-06-11T16:43:28+05:30,Draft,agent:action_planner,playbook,,,,INC-20260611-C483F4
ACT-d1deca8c3cf9,,POL-GCP,,"SHO, Pondy Bazaar Police Station",Respond immediately,1.0,,2026-06-13T03:05:33+05:30,Draft,agent:action_planner,playbook,,,,INC-20260613-79C2E7
ACT-f41357a8cf82,,POL-GCP,,"SHO, Pondy Bazaar Police Station",Register the case,2.0,,2026-06-13T04:17:33+05:30,Draft,agent:action_planner,playbook,,,,INC-20260613-79C2E7
ACT-2225b7674174,,POL-GCP,,"SHO, Pondy Bazaar Police Station",Protect the victim,3.0,,2026-06-13T05:29:33+05:30,Draft,agent:action_planner,playbook,,,,INC-20260613-79C2E7
ACT-f410d84b0d61,,POL-GCP,,"SHO, Pondy Bazaar Police Station",Arrest the accused,4.0,,2026-06-13T06:41:33+05:30,Draft,agent:action_planner,playbook,,,,INC-20260613-79C2E7
ACT-21b5d6d036b6,,POL-GCP,,Deputy Commissioner of Police,Close,5.0,,2026-06-13T07:53:33+05:30,Draft,agent:action_planner,playbook,,,,INC-20260613-79C2E7
ACT-366a3ebfdea1,,POL-GCP,,"SHO, Kannagi Nagar Police Station",Register the complaint,1.0,,2026-06-14T00:52:08+05:30,Draft,agent:action_planner,playbook,,,,INC-20260613-8E3440
ACT-569b9777dcd0,,POL-GCP,,"SHO, Kannagi Nagar Police Station",Circulate details,2.0,,2026-06-14T03:16:08+05:30,Draft,agent:action_planner,playbook,,,,INC-20260613-8E3440
ACT-26babcfae7ca,,POL-GCP,,"SHO, Kannagi Nagar Police Station",Search,3.0,,2026-06-14T05:40:08+05:30,Draft,agent:action_planner,playbook,,,,INC-20260613-8E3440
ACT-721c64cb971d,,POL-GCP,,"SHO, Kannagi Nagar Police Station",Trace,4.0,,2026-06-14T08:04:08+05:30,Draft,agent:action_planner,playbook,,,,INC-20260613-8E3440
ACT-ea9ccff96833,,POL-GCP,,Deputy Commissioner of Police,Close,5.0,,2026-06-14T10:28:08+05:30,Draft,agent:action_planner,playbook,,,,INC-20260613-8E3440
ACT-fc78ff59bdc6,,POL-GCP,,"SHO, Royapuram Police Station",Register the complaint,1.0,,2026-06-14T01:52:59+05:30,Draft,agent:action_planner,playbook,,,,INC-20260613-CA3A6F
ACT-ac58d75f1131,,POL-GCP,,"SHO, Royapuram Police Station",Circulate details,2.0,,2026-06-14T04:16:59+05:30,Draft,agent:action_planner,playbook,,,,INC-20260613-CA3A6F
ACT-b73fb24ad050,,POL-GCP,,"SHO, Royapuram Police Station",Search,3.0,,2026-06-14T06:40:59+05:30,Draft,agent:action_planner,playbook,,,,INC-20260613-CA3A6F
ACT-509dcabd780c,,POL-GCP,,"SHO, Royapuram Police Station",Trace,4.0,,2026-06-14T09:04:59+05:30,Draft,agent:action_planner,playbook,,,,INC-20260613-CA3A6F
ACT-34ef15a3f868,,POL-GCP,,Deputy Commissioner of Police,Close,5.0,,2026-06-14T11:28:59+05:30,Draft,agent:action_planner,playbook,,,,INC-20260613-CA3A6F
ACT-0cc7029ca776,,POL-GCP,,"SHO, Periamet Police Station",Respond immediately,1.0,,2026-06-15T11:57:56+05:30,Draft,agent:action_planner,playbook,,,,INC-20260615-3802C0
ACT-6bd50755e7e2,,POL-GCP,,"SHO, Periamet Police Station",Register the case,2.0,,2026-06-15T13:09:56+05:30,Draft,agent:action_planner,playbook,,,,INC-20260615-3802C0
ACT-f19223927c23,,POL-GCP,,"SHO, Periamet Police Station",Protect the victim,3.0,,2026-06-15T14:21:56+05:30,Draft,agent:action_planner,playbook,,,,INC-20260615-3802C0
ACT-db98179b7daa,,POL-GCP,,"SHO, Periamet Police Station",Arrest the accused,4.0,,2026-06-15T15:33:56+05:30,Draft,agent:action_planner,playbook,,,,INC-20260615-3802C0
ACT-d0428fe926e9,,POL-GCP,,Deputy Commissioner of Police,Close,5.0,,2026-06-15T16:45:56+05:30,Draft,agent:action_planner,playbook,,,,INC-20260615-3802C0
ACT-719fcbd61bab,,POL-GCP,,"SHO, Periamet Police Station",Respond immediately,1.0,,2026-06-15T18:17:18+05:30,Draft,agent:action_planner,playbook,,,,INC-20260615-F055CD
ACT-b57ef14cb8b9,,POL-GCP,,"SHO, Periamet Police Station",Register the case,2.0,,2026-06-15T19:29:18+05:30,Draft,agent:action_planner,playbook,,,,INC-20260615-F055CD
ACT-f314a619f480,,POL-GCP,,"SHO, Periamet Police Station",Protect the victim,3.0,,2026-06-15T20:41:18+05:30,Draft,agent:action_planner,playbook,,,,INC-20260615-F055CD
ACT-5e0e5adb2818,,POL-GCP,,"SHO, Periamet Police Station",Arrest the accused,4.0,,2026-06-15T21:53:18+05:30,Draft,agent:action_planner,playbook,,,,INC-20260615-F055CD
ACT-a72bc4056a0f,,POL-GCP,,Deputy Commissioner of Police,Close,5.0,,2026-06-15T23:05:18+05:30,Draft,agent:action_planner,playbook,,,,INC-20260615-F055CD
ACT-3dffb592dab0,,POL-GCP,,"SHO, Egmore Police Station",Register the complaint,1.0,,2026-06-17T11:26:35+05:30,Draft,agent:action_planner,playbook,,,,INC-20260617-E47C57
ACT-c089ab9561af,,POL-GCP,,"SHO, Egmore Police Station",Circulate details,2.0,,2026-06-17T13:50:35+05:30,Draft,agent:action_planner,playbook,,,,INC-20260617-E47C57
ACT-bc38593d97f0,,POL-GCP,,"SHO, Egmore Police Station",Search,3.0,,2026-06-17T16:14:35+05:30,Draft,agent:action_planner,playbook,,,,INC-20260617-E47C57
ACT-a6df2de191cd,,POL-GCP,,"SHO, Egmore Police Station",Trace,4.0,,2026-06-17T18:38:35+05:30,Draft,agent:action_planner,playbook,,,,INC-20260617-E47C57
ACT-66e2d2a33a98,,POL-GCP,,Deputy Commissioner of Police,Close,5.0,,2026-06-17T21:02:35+05:30,Draft,agent:action_planner,playbook,,,,INC-20260617-E47C57
ACT-33222c42f147,,POL-GCP,,"SHO, Porur Police Station",Register the complaint,1.0,,2026-06-18T14:27:32+05:30,Draft,agent:action_planner,playbook,,,,INC-20260618-8CEFC0
ACT-aa790285b0c0,,POL-GCP,,"SHO, Porur Police Station",Circulate details,2.0,,2026-06-18T16:51:32+05:30,Draft,agent:action_planner,playbook,,,,INC-20260618-8CEFC0
ACT-49c0e05a2b8b,,POL-GCP,,"SHO, Porur Police Station",Search,3.0,,2026-06-18T19:15:32+05:30,Draft,agent:action_planner,playbook,,,,INC-20260618-8CEFC0
ACT-12c99f71c21f,,POL-GCP,,"SHO, Porur Police Station",Trace,4.0,,2026-06-18T21:39:32+05:30,Draft,agent:action_planner,playbook,,,,INC-20260618-8CEFC0
ACT-78b057364c88,,POL-GCP,,Deputy Commissioner of Police,Close,5.0,,2026-06-19T00:03:32+05:30,Draft,agent:action_planner,playbook,,,,INC-20260618-8CEFC0
ACT-6ed5e9079e7a,,POL-GCP,,"SHO, Pazhavanthangal Police Station",Respond immediately,1.0,,2026-06-18T11:31:04+05:30,Draft,agent:action_planner,playbook,,,,INC-20260618-A777C2
ACT-296ef9fa5280,,POL-GCP,,"SHO, Pazhavanthangal Police Station",Register the case,2.0,,2026-06-18T11:55:04+05:30,Draft,agent:action_planner,playbook,,,,INC-20260618-A777C2
ACT-ab82480cadf5,,POL-GCP,,"SHO, Pazhavanthangal Police Station",Protect the victim,3.0,,2026-06-18T12:19:04+05:30,Draft,agent:action_planner,playbook,,,,INC-20260618-A777C2
ACT-f8b5096e52a4,,POL-GCP,,"SHO, Pazhavanthangal Police Station",Arrest the accused,4.0,,2026-06-18T12:43:04+05:30,Draft,agent:action_planner,playbook,,,,INC-20260618-A777C2
ACT-997d8e32e85e,,POL-GCP,,Deputy Commissioner of Police,Close,5.0,,2026-06-18T13:07:04+05:30,Draft,agent:action_planner,playbook,,,,INC-20260618-A777C2
ACT-4550d21a7031,,POL-GCP,,"SHO, Thoraipakkam Police Station",Register the complaint,1.0,,2026-06-19T23:59:04+05:30,Draft,agent:action_planner,playbook,,,,INC-20260619-53B782
ACT-4e6638531033,,POL-GCP,,"SHO, Thoraipakkam Police Station",Circulate details,2.0,,2026-06-20T02:23:04+05:30,Draft,agent:action_planner,playbook,,,,INC-20260619-53B782
ACT-e37ade8146dc,,POL-GCP,,"SHO, Thoraipakkam Police Station",Search,3.0,,2026-06-20T04:47:04+05:30,Draft,agent:action_planner,playbook,,,,INC-20260619-53B782
ACT-410fb1bbb332,,POL-GCP,,"SHO, Thoraipakkam Police Station",Trace,4.0,,2026-06-20T07:11:04+05:30,Draft,agent:action_planner,playbook,,,,INC-20260619-53B782
ACT-d1b5b1d5fcce,,POL-GCP,,Deputy Commissioner of Police,Close,5.0,,2026-06-20T09:35:04+05:30,Draft,agent:action_planner,playbook,,,,INC-20260619-53B782
ACT-d33f2f008613,,POL-GCP,,"SHO, Periamet Police Station",Respond immediately,1.0,,2026-06-19T22:16:00+05:30,Draft,agent:action_planner,playbook,,,,INC-20260619-F30C2A
ACT-230ca8d4c726,,POL-GCP,,"SHO, Periamet Police Station",Register the case,2.0,,2026-06-19T23:28:00+05:30,Draft,agent:action_planner,playbook,,,,INC-20260619-F30C2A
ACT-5daccd19ba81,,POL-GCP,,"SHO, Periamet Police Station",Protect the victim,3.0,,2026-06-20T00:40:00+05:30,Draft,agent:action_planner,playbook,,,,INC-20260619-F30C2A
ACT-0e90ef715001,,POL-GCP,,"SHO, Periamet Police Station",Arrest the accused,4.0,,2026-06-20T01:52:00+05:30,Draft,agent:action_planner,playbook,,,,INC-20260619-F30C2A
ACT-293627dfd296,,POL-GCP,,Deputy Commissioner of Police,Close,5.0,,2026-06-20T03:04:00+05:30,Draft,agent:action_planner,playbook,,,,INC-20260619-F30C2A
ACT-9e702a677302,,POL-GCP,,"SHO, Aminjikarai Police Station",Respond immediately,1.0,,2026-06-20T08:30:31+05:30,Draft,agent:action_planner,playbook,,,,INC-20260620-DE3E9C
ACT-d219c70362b0,,POL-GCP,,"SHO, Aminjikarai Police Station",Register the case,2.0,,2026-06-20T08:54:31+05:30,Draft,agent:action_planner,playbook,,,,INC-20260620-DE3E9C
ACT-f275b05625f7,,POL-GCP,,"SHO, Aminjikarai Police Station",Protect the victim,3.0,,2026-06-20T09:18:31+05:30,Draft,agent:action_planner,playbook,,,,INC-20260620-DE3E9C
ACT-5d119d34178a,,POL-GCP,,"SHO, Aminjikarai Police Station",Arrest the accused,4.0,,2026-06-20T09:42:31+05:30,Draft,agent:action_planner,playbook,,,,INC-20260620-DE3E9C
ACT-f9be255f19a0,,POL-GCP,,Deputy Commissioner of Police,Close,5.0,,2026-06-20T10:06:31+05:30,Draft,agent:action_planner,playbook,,,,INC-20260620-DE3E9C
ACT-e1e2ecf326ae,,POL-GCP,,"SHO, Sathangadu Police Station",Register the complaint,1.0,,2026-06-23T10:49:58+05:30,Draft,agent:action_planner,playbook,,,,INC-20260623-141060
ACT-8317cbc74bf8,,POL-GCP,,"SHO, Sathangadu Police Station",Circulate details,2.0,,2026-06-23T13:13:58+05:30,Draft,agent:action_planner,playbook,,,,INC-20260623-141060
ACT-c375a8ffdf0e,,POL-GCP,,"SHO, Sathangadu Police Station",Search,3.0,,2026-06-23T15:37:58+05:30,Draft,agent:action_planner,playbook,,,,INC-20260623-141060
ACT-5c3876d920f8,,POL-GCP,,"SHO, Sathangadu Police Station",Trace,4.0,,2026-06-23T18:01:58+05:30,Draft,agent:action_planner,playbook,,,,INC-20260623-141060
ACT-18820b72775e,,POL-GCP,,Deputy Commissioner of Police,Close,5.0,,2026-06-23T20:25:58+05:30,Draft,agent:action_planner,playbook,,,,INC-20260623-141060
ACT-03926a0ee686,,POL-GCP,,"SHO, Ayanavaram Police Station",Register the complaint,1.0,,2026-06-26T19:17:08+05:30,Draft,agent:action_planner,playbook,,,,INC-20260626-9EA518
ACT-15b8f87aa363,,POL-GCP,,"SHO, Ayanavaram Police Station",Circulate details,2.0,,2026-06-26T21:41:08+05:30,Draft,agent:action_planner,playbook,,,,INC-20260626-9EA518
ACT-76d19d0d802b,,POL-GCP,,"SHO, Ayanavaram Police Station",Search,3.0,,2026-06-27T00:05:08+05:30,Draft,agent:action_planner,playbook,,,,INC-20260626-9EA518
ACT-49b60dda2611,,POL-GCP,,"SHO, Ayanavaram Police Station",Trace,4.0,,2026-06-27T02:29:08+05:30,Draft,agent:action_planner,playbook,,,,INC-20260626-9EA518
ACT-15cf1ec396b2,,POL-GCP,,Deputy Commissioner of Police,Close,5.0,,2026-06-27T04:53:08+05:30,Draft,agent:action_planner,playbook,,,,INC-20260626-9EA518
ACT-a56326e2f2a0,,POL-GCP,,"SHO, Madhavaram Milk Colony Police Station",Respond immediately,1.0,,2026-06-26T14:36:54+05:30,Draft,agent:action_planner,playbook,,,,INC-20260626-AF8446
ACT-eaf88b33dbc2,,POL-GCP,,"SHO, Madhavaram Milk Colony Police Station",Register the case,2.0,,2026-06-26T15:48:54+05:30,Draft,agent:action_planner,playbook,,,,INC-20260626-AF8446
ACT-cadf8a40266c,,POL-GCP,,"SHO, Madhavaram Milk Colony Police Station",Protect the victim,3.0,,2026-06-26T17:00:54+05:30,Draft,agent:action_planner,playbook,,,,INC-20260626-AF8446
ACT-3e55820e26c1,,POL-GCP,,"SHO, Madhavaram Milk Colony Police Station",Arrest the accused,4.0,,2026-06-26T18:12:54+05:30,Draft,agent:action_planner,playbook,,,,INC-20260626-AF8446
ACT-9dbaeced6221,,POL-GCP,,Deputy Commissioner of Police,Close,5.0,,2026-06-26T19:24:54+05:30,Draft,agent:action_planner,playbook,,,,INC-20260626-AF8446
ACT-aef29e1d4881,,POL-GCP,,"SHO, Madhavaram Police Station",Respond immediately,1.0,,2026-06-27T03:35:22+05:30,Draft,agent:action_planner,playbook,,,,INC-20260627-52D311
ACT-6563eb6c52b4,,POL-GCP,,"SHO, Madhavaram Police Station",Register the case,2.0,,2026-06-27T04:47:22+05:30,Draft,agent:action_planner,playbook,,,,INC-20260627-52D311
ACT-864e47d1d33e,,POL-GCP,,"SHO, Madhavaram Police Station",Protect the victim,3.0,,2026-06-27T05:59:22+05:30,Draft,agent:action_planner,playbook,,,,INC-20260627-52D311
ACT-4acad572b789,,POL-GCP,,"SHO, Madhavaram Police Station",Arrest the accused,4.0,,2026-06-27T07:11:22+05:30,Draft,agent:action_planner,playbook,,,,INC-20260627-52D311
ACT-1bac7de0460a,,POL-GCP,,Deputy Commissioner of Police,Close,5.0,,2026-06-27T08:23:22+05:30,Draft,agent:action_planner,playbook,,,,INC-20260627-52D311
ACT-1561fdea3cc5,,POL-GCP,,"SHO, Adyar Police Station",Respond immediately,1.0,,2026-06-28T22:55:40+05:30,Draft,agent:action_planner,playbook,,,,INC-20260628-B00F37
ACT-524201baaac6,,POL-GCP,,"SHO, Adyar Police Station",Register the case,2.0,,2026-06-29T00:07:40+05:30,Draft,agent:action_planner,playbook,,,,INC-20260628-B00F37
ACT-a76fa0c9313e,,POL-GCP,,"SHO, Adyar Police Station",Protect the victim,3.0,,2026-06-29T01:19:40+05:30,Draft,agent:action_planner,playbook,,,,INC-20260628-B00F37
ACT-c1d609fd6942,,POL-GCP,,"SHO, Adyar Police Station",Arrest the accused,4.0,,2026-06-29T02:31:40+05:30,Draft,agent:action_planner,playbook,,,,INC-20260628-B00F37
ACT-5eba72c91161,,POL-GCP,,Deputy Commissioner of Police,Close,5.0,,2026-06-29T03:43:40+05:30,Draft,agent:action_planner,playbook,,,,INC-20260628-B00F37
ACT-f342828b8a3d,,POL-GCP,,"SHO, Puzhal Police Station",Respond immediately,1.0,,2026-06-28T11:30:14+05:30,Draft,agent:action_planner,playbook,,,,INC-20260628-FC728A
ACT-951332c9c4f6,,POL-GCP,,"SHO, Puzhal Police Station",Register the case,2.0,,2026-06-28T11:54:14+05:30,Draft,agent:action_planner,playbook,,,,INC-20260628-FC728A
ACT-017d886d6038,,POL-GCP,,"SHO, Puzhal Police Station",Protect the victim,3.0,,2026-06-28T12:18:14+05:30,Draft,agent:action_planner,playbook,,,,INC-20260628-FC728A
ACT-ba18737bf626,,POL-GCP,,"SHO, Puzhal Police Station",Arrest the accused,4.0,,2026-06-28T12:42:14+05:30,Draft,agent:action_planner,playbook,,,,INC-20260628-FC728A
ACT-d47386cb5b69,,POL-GCP,,Deputy Commissioner of Police,Close,5.0,,2026-06-28T13:06:14+05:30,Draft,agent:action_planner,playbook,,,,INC-20260628-FC728A
ACT-1019df79f0a3,,POL-GCP,,"SHO, Vyasarpadi Police Station",Respond immediately,1.0,,2026-06-29T12:46:25+05:30,Draft,agent:action_planner,playbook,,,,INC-20260629-401DD2
ACT-4323b3a1a77e,,POL-GCP,,"SHO, Vyasarpadi Police Station",Register the case,2.0,,2026-06-29T13:58:25+05:30,Draft,agent:action_planner,playbook,,,,INC-20260629-401DD2
ACT-d5ba199a71e4,,POL-GCP,,"SHO, Vyasarpadi Police Station",Protect the victim,3.0,,2026-06-29T15:10:25+05:30,Draft,agent:action_planner,playbook,,,,INC-20260629-401DD2
ACT-c6599305a56a,,POL-GCP,,"SHO, Vyasarpadi Police Station",Arrest the accused,4.0,,2026-06-29T16:22:25+05:30,Draft,agent:action_planner,playbook,,,,INC-20260629-401DD2
ACT-2ba830078e3a,,POL-GCP,,Deputy Commissioner of Police,Close,5.0,,2026-06-29T17:34:25+05:30,Draft,agent:action_planner,playbook,,,,INC-20260629-401DD2
ACT-69fd3115beca,,POL-GCP,,"SHO, Pazhavanthangal Police Station",Respond immediately,1.0,,2026-06-30T14:15:18+05:30,Draft,agent:action_planner,playbook,,,,INC-20260630-C41507
ACT-6b870fc868b0,,POL-GCP,,"SHO, Pazhavanthangal Police Station",Register the case,2.0,,2026-06-30T14:39:18+05:30,Draft,agent:action_planner,playbook,,,,INC-20260630-C41507
ACT-458b53fcc37c,,POL-GCP,,"SHO, Pazhavanthangal Police Station",Protect the victim,3.0,,2026-06-30T15:03:18+05:30,Draft,agent:action_planner,playbook,,,,INC-20260630-C41507
ACT-25be6c0381be,,POL-GCP,,"SHO, Pazhavanthangal Police Station",Arrest the accused,4.0,,2026-06-30T15:27:18+05:30,Draft,agent:action_planner,playbook,,,,INC-20260630-C41507
ACT-57d23b17343e,,POL-GCP,,Deputy Commissioner of Police,Close,5.0,,2026-06-30T15:51:18+05:30,Draft,agent:action_planner,playbook,,,,INC-20260630-C41507
ACT-7078de8267c6,,POL-GCP,,"SHO, Madhavaram Milk Colony Police Station",Respond immediately,1.0,,2026-07-03T02:26:15+05:30,Draft,agent:action_planner,playbook,,,,INC-20260703-1FB99B
ACT-b2491c4a6189,,POL-GCP,,"SHO, Madhavaram Milk Colony Police Station",Register the case,2.0,,2026-07-03T03:38:15+05:30,Draft,agent:action_planner,playbook,,,,INC-20260703-1FB99B
ACT-50c28733876f,,POL-GCP,,"SHO, Madhavaram Milk Colony Police Station",Protect the victim,3.0,,2026-07-03T04:50:15+05:30,Draft,agent:action_planner,playbook,,,,INC-20260703-1FB99B
ACT-5cd1ec3c657c,,POL-GCP,,"SHO, Madhavaram Milk Colony Police Station",Arrest the accused,4.0,,2026-07-03T06:02:15+05:30,Draft,agent:action_planner,playbook,,,,INC-20260703-1FB99B
ACT-aebf58717495,,POL-GCP,,Deputy Commissioner of Police,Close,5.0,,2026-07-03T07:14:15+05:30,Draft,agent:action_planner,playbook,,,,INC-20260703-1FB99B
ACT-b1593f3cd07a,,POL-GCP,,"SHO, Adyar Police Station",Respond immediately,1.0,,2026-07-03T21:03:43+05:30,Draft,agent:action_planner,playbook,,,,INC-20260703-A880B1
ACT-4c56e4f1941a,,POL-GCP,,"SHO, Adyar Police Station",Register the case,2.0,,2026-07-03T21:27:43+05:30,Draft,agent:action_planner,playbook,,,,INC-20260703-A880B1
ACT-4f71ae2188f6,,POL-GCP,,"SHO, Adyar Police Station",Protect the victim,3.0,,2026-07-03T21:51:43+05:30,Draft,agent:action_planner,playbook,,,,INC-20260703-A880B1
ACT-5772133efa6f,,POL-GCP,,"SHO, Adyar Police Station",Arrest the accused,4.0,,2026-07-03T22:15:43+05:30,Draft,agent:action_planner,playbook,,,,INC-20260703-A880B1
ACT-305c75bfa8a1,,POL-GCP,,Deputy Commissioner of Police,Close,5.0,,2026-07-03T22:39:43+05:30,Draft,agent:action_planner,playbook,,,,INC-20260703-A880B1
ACT-14fe82f1ef0e,,POL-GCP,,"SHO, Ennore Police Station",Register the complaint,1.0,,2026-07-06T02:23:32+05:30,Draft,agent:action_planner,playbook,,,,INC-20260705-8CD1AC
ACT-ff4c44a2e7dd,,POL-GCP,,"SHO, Ennore Police Station",Circulate details,2.0,,2026-07-06T04:47:32+05:30,Draft,agent:action_planner,playbook,,,,INC-20260705-8CD1AC
ACT-f96a542e7278,,POL-GCP,,"SHO, Ennore Police Station",Search,3.0,,2026-07-06T07:11:32+05:30,Draft,agent:action_planner,playbook,,,,INC-20260705-8CD1AC
ACT-c7736a05637b,,POL-GCP,,"SHO, Ennore Police Station",Trace,4.0,,2026-07-06T09:35:32+05:30,Draft,agent:action_planner,playbook,,,,INC-20260705-8CD1AC
ACT-048a003ee0ef,,POL-GCP,,Deputy Commissioner of Police,Close,5.0,,2026-07-06T11:59:32+05:30,Draft,agent:action_planner,playbook,,,,INC-20260705-8CD1AC
ACT-416f79d27319,,POL-GCP,,"SHO, Sembiam Police Station",Respond immediately,1.0,,2026-07-05T10:56:29+05:30,Draft,agent:action_planner,playbook,,,,INC-20260705-9B06CF
ACT-9ec7393db46a,,POL-GCP,,"SHO, Sembiam Police Station",Register the case,2.0,,2026-07-05T12:08:29+05:30,Draft,agent:action_planner,playbook,,,,INC-20260705-9B06CF
ACT-d86b1e85513f,,POL-GCP,,"SHO, Sembiam Police Station",Protect the victim,3.0,,2026-07-05T13:20:29+05:30,Draft,agent:action_planner,playbook,,,,INC-20260705-9B06CF
ACT-8bf24166dbfa,,POL-GCP,,"SHO, Sembiam Police Station",Arrest the accused,4.0,,2026-07-05T14:32:29+05:30,Draft,agent:action_planner,playbook,,,,INC-20260705-9B06CF
ACT-aa2519b35e97,,POL-GCP,,Deputy Commissioner of Police,Close,5.0,,2026-07-05T15:44:29+05:30,Draft,agent:action_planner,playbook,,,,INC-20260705-9B06CF
ACT-0a6fabba2a5e,,POL-GCP,,"SHO, Triplicane Police Station",Register the complaint,1.0,,2026-07-05T03:59:42+05:30,Draft,agent:action_planner,playbook,,,,INC-20260705-F615DB
ACT-dc099cc2ba76,,POL-GCP,,"SHO, Triplicane Police Station",Circulate details,2.0,,2026-07-05T06:23:42+05:30,Draft,agent:action_planner,playbook,,,,INC-20260705-F615DB
ACT-ffa957e1880c,,POL-GCP,,"SHO, Triplicane Police Station",Search,3.0,,2026-07-05T08:47:42+05:30,Draft,agent:action_planner,playbook,,,,INC-20260705-F615DB
ACT-44803294382c,,POL-GCP,,"SHO, Triplicane Police Station",Trace,4.0,,2026-07-05T11:11:42+05:30,Draft,agent:action_planner,playbook,,,,INC-20260705-F615DB
ACT-6e0acfc81393,,POL-GCP,,Deputy Commissioner of Police,Close,5.0,,2026-07-05T13:35:42+05:30,Draft,agent:action_planner,playbook,,,,INC-20260705-F615DB
ACT-4d8533a7140e,,POL-GCP,,"SHO, Kodungaiyur Police Station",Respond immediately,1.0,,2026-07-06T11:17:12+05:30,Draft,agent:action_planner,playbook,,,,INC-20260706-1C0286
ACT-413648416a76,,POL-GCP,,"SHO, Kodungaiyur Police Station",Register the case,2.0,,2026-07-06T11:41:12+05:30,Draft,agent:action_planner,playbook,,,,INC-20260706-1C0286
ACT-b3072663d8d9,,POL-GCP,,"SHO, Kodungaiyur Police Station",Protect the victim,3.0,,2026-07-06T12:05:12+05:30,Draft,agent:action_planner,playbook,,,,INC-20260706-1C0286
ACT-fa44dfeabed2,,POL-GCP,,"SHO, Kodungaiyur Police Station",Arrest the accused,4.0,,2026-07-06T12:29:12+05:30,Draft,agent:action_planner,playbook,,,,INC-20260706-1C0286
ACT-c346a4c18320,,POL-GCP,,Deputy Commissioner of Police,Close,5.0,,2026-07-06T12:53:12+05:30,Draft,agent:action_planner,playbook,,,,INC-20260706-1C0286
ACT-a1a96ce7bd39,,POL-GCP,,"SHO, Teynampet Police Station",Respond immediately,1.0,,2026-07-07T21:34:55+05:30,Draft,agent:action_planner,playbook,,,,INC-20260707-CC8EE9
ACT-3e938bf23c39,,POL-GCP,,"SHO, Teynampet Police Station",Register the case,2.0,,2026-07-07T22:46:55+05:30,Draft,agent:action_planner,playbook,,,,INC-20260707-CC8EE9
ACT-31123606b430,,POL-GCP,,"SHO, Teynampet Police Station",Protect the victim,3.0,,2026-07-07T23:58:55+05:30,Draft,agent:action_planner,playbook,,,,INC-20260707-CC8EE9
ACT-039e846e3bf5,,POL-GCP,,"SHO, Teynampet Police Station",Arrest the accused,4.0,,2026-07-08T01:10:55+05:30,Draft,agent:action_planner,playbook,,,,INC-20260707-CC8EE9
ACT-022d188ef701,,POL-GCP,,Deputy Commissioner of Police,Close,5.0,,2026-07-08T02:22:55+05:30,Draft,agent:action_planner,playbook,,,,INC-20260707-CC8EE9
ACT-4f3765e79b15,,POL-GCP,,"SHO, Triplicane Police Station",Register the complaint,1.0,,2026-07-08T17:39:38+05:30,Draft,agent:action_planner,playbook,,,,INC-20260708-2A7E79
ACT-ba394b8af205,,POL-GCP,,"SHO, Triplicane Police Station",Circulate details,2.0,,2026-07-08T20:03:38+05:30,Draft,agent:action_planner,playbook,,,,INC-20260708-2A7E79
ACT-aeea23c71b8d,,POL-GCP,,"SHO, Triplicane Police Station",Search,3.0,,2026-07-08T22:27:38+05:30,Draft,agent:action_planner,playbook,,,,INC-20260708-2A7E79
ACT-11cf82c8e45a,,POL-GCP,,"SHO, Triplicane Police Station",Trace,4.0,,2026-07-09T00:51:38+05:30,Draft,agent:action_planner,playbook,,,,INC-20260708-2A7E79
ACT-43635d40d7d8,,POL-GCP,,Deputy Commissioner of Police,Close,5.0,,2026-07-09T03:15:38+05:30,Draft,agent:action_planner,playbook,,,,INC-20260708-2A7E79
ACT-c38c41e6c4aa,,POL-GCP,,"SHO, Adyar Police Station",Respond immediately,1.0,,2026-07-08T23:54:42+05:30,Draft,agent:action_planner,playbook,,,,INC-20260708-D4FE28
ACT-99c04af4aaed,,POL-GCP,,"SHO, Adyar Police Station",Register the case,2.0,,2026-07-09T00:18:42+05:30,Draft,agent:action_planner,playbook,,,,INC-20260708-D4FE28
ACT-4124e14b12ab,,POL-GCP,,"SHO, Adyar Police Station",Protect the victim,3.0,,2026-07-09T00:42:42+05:30,Draft,agent:action_planner,playbook,,,,INC-20260708-D4FE28
ACT-cfe9ca60030e,,POL-GCP,,"SHO, Adyar Police Station",Arrest the accused,4.0,,2026-07-09T01:06:42+05:30,Draft,agent:action_planner,playbook,,,,INC-20260708-D4FE28
ACT-d31139998bce,,POL-GCP,,Deputy Commissioner of Police,Close,5.0,,2026-07-09T01:30:42+05:30,Draft,agent:action_planner,playbook,,,,INC-20260708-D4FE28
ACT-93df30605040,,POL-GCP,,"SHO, Adambakkam Police Station",Respond immediately,1.0,,2026-07-11T08:49:38+05:30,Draft,agent:action_planner,playbook,,,,INC-20260711-3CF676
ACT-a5968ca7ceae,,POL-GCP,,"SHO, Adambakkam Police Station",Register the case,2.0,,2026-07-11T10:01:38+05:30,Draft,agent:action_planner,playbook,,,,INC-20260711-3CF676
ACT-6cff0820a7b6,,POL-GCP,,"SHO, Adambakkam Police Station",Protect the victim,3.0,,2026-07-11T11:13:38+05:30,Draft,agent:action_planner,playbook,,,,INC-20260711-3CF676
ACT-9b1c0abda829,,POL-GCP,,"SHO, Adambakkam Police Station",Arrest the accused,4.0,,2026-07-11T12:25:38+05:30,Draft,agent:action_planner,playbook,,,,INC-20260711-3CF676
ACT-cf72677b3b5f,,POL-GCP,,Deputy Commissioner of Police,Close,5.0,,2026-07-11T13:37:38+05:30,Draft,agent:action_planner,playbook,,,,INC-20260711-3CF676
ACT-837758a0dfaa,,POL-GCP,,"SHO, M.K.B. Nagar Police Station",Register the complaint,1.0,,2026-07-12T14:30:16+05:30,Draft,agent:action_planner,playbook,,,,INC-20260712-35D7B4
ACT-e832e196c62b,,POL-GCP,,"SHO, M.K.B. Nagar Police Station",Circulate details,2.0,,2026-07-12T16:54:16+05:30,Draft,agent:action_planner,playbook,,,,INC-20260712-35D7B4
ACT-d82af778c673,,POL-GCP,,"SHO, M.K.B. Nagar Police Station",Search,3.0,,2026-07-12T19:18:16+05:30,Draft,agent:action_planner,playbook,,,,INC-20260712-35D7B4
ACT-36646c443c72,,POL-GCP,,"SHO, M.K.B. Nagar Police Station",Trace,4.0,,2026-07-12T21:42:16+05:30,Draft,agent:action_planner,playbook,,,,INC-20260712-35D7B4
ACT-731b9322fcd9,,POL-GCP,,Deputy Commissioner of Police,Close,5.0,,2026-07-13T00:06:16+05:30,Draft,agent:action_planner,playbook,,,,INC-20260712-35D7B4
ACT-0c7bb68675c6,,POL-GCP,,"SHO, Thiruvanmiyur Police Station",Respond immediately,1.0,,2026-07-13T16:28:32+05:30,Draft,agent:action_planner,playbook,,,,INC-20260713-2841AC
ACT-dfac9a0cbb99,,POL-GCP,,"SHO, Thiruvanmiyur Police Station",Register the case,2.0,,2026-07-13T17:40:32+05:30,Draft,agent:action_planner,playbook,,,,INC-20260713-2841AC
ACT-e27ec2720f64,,POL-GCP,,"SHO, Thiruvanmiyur Police Station",Protect the victim,3.0,,2026-07-13T18:52:32+05:30,Draft,agent:action_planner,playbook,,,,INC-20260713-2841AC
ACT-bb283b449951,,POL-GCP,,"SHO, Thiruvanmiyur Police Station",Arrest the accused,4.0,,2026-07-13T20:04:32+05:30,Draft,agent:action_planner,playbook,,,,INC-20260713-2841AC
ACT-db67d4154c0d,,POL-GCP,,Deputy Commissioner of Police,Close,5.0,,2026-07-13T21:16:32+05:30,Draft,agent:action_planner,playbook,,,,INC-20260713-2841AC
ACT-5bbdaa91030a,,POL-GCP,,"SHO, Teynampet Police Station",Respond immediately,1.0,,2026-07-14T22:36:26+05:30,Draft,agent:action_planner,playbook,,,,INC-20260714-92F5FA
ACT-f49651aec9dd,,POL-GCP,,"SHO, Teynampet Police Station",Register the case,2.0,,2026-07-14T23:00:26+05:30,Draft,agent:action_planner,playbook,,,,INC-20260714-92F5FA
ACT-c8fdca26aeff,,POL-GCP,,"SHO, Teynampet Police Station",Protect the victim,3.0,,2026-07-14T23:24:26+05:30,Draft,agent:action_planner,playbook,,,,INC-20260714-92F5FA
ACT-949ba5ec3895,,POL-GCP,,"SHO, Teynampet Police Station",Arrest the accused,4.0,,2026-07-14T23:48:26+05:30,Draft,agent:action_planner,playbook,,,,INC-20260714-92F5FA
ACT-afc2a8041e6c,,POL-GCP,,Deputy Commissioner of Police,Close,5.0,,2026-07-15T00:12:26+05:30,Draft,agent:action_planner,playbook,,,,INC-20260714-92F5FA
ACT-dd4a794c2276,,POL-GCP,,"SHO, Guindy Police Station",Register the complaint,1.0,,2026-07-15T05:49:05+05:30,Draft,agent:action_planner,playbook,,,,INC-20260715-04B7B2
ACT-53510bc59906,,POL-GCP,,"SHO, Guindy Police Station",Circulate details,2.0,,2026-07-15T08:13:05+05:30,Draft,agent:action_planner,playbook,,,,INC-20260715-04B7B2
ACT-0d26fc4e90de,,POL-GCP,,"SHO, Guindy Police Station",Search,3.0,,2026-07-15T10:37:05+05:30,Draft,agent:action_planner,playbook,,,,INC-20260715-04B7B2
ACT-7aad6fe36e6b,,POL-GCP,,"SHO, Guindy Police Station",Trace,4.0,,2026-07-15T13:01:05+05:30,Draft,agent:action_planner,playbook,,,,INC-20260715-04B7B2
ACT-41d93ded5f04,,POL-GCP,,Deputy Commissioner of Police,Close,5.0,,2026-07-15T15:25:05+05:30,Draft,agent:action_planner,playbook,,,,INC-20260715-04B7B2
ACT-14b2627c4ebe,,POL-GCP,,"SHO, Ambattur Police Station",Respond immediately,1.0,,2026-07-15T01:47:55+05:30,Draft,agent:action_planner,playbook,,,,INC-20260715-4B71BE
ACT-9bbad39d8e0e,,POL-GCP,,"SHO, Ambattur Police Station",Register the case,2.0,,2026-07-15T02:11:55+05:30,Draft,agent:action_planner,playbook,,,,INC-20260715-4B71BE
ACT-9db958e92c9c,,POL-GCP,,"SHO, Ambattur Police Station",Protect the victim,3.0,,2026-07-15T02:35:55+05:30,Draft,agent:action_planner,playbook,,,,INC-20260715-4B71BE
ACT-bd8ae86573b3,,POL-GCP,,"SHO, Ambattur Police Station",Arrest the accused,4.0,,2026-07-15T02:59:55+05:30,Draft,agent:action_planner,playbook,,,,INC-20260715-4B71BE
ACT-a97b848d460b,,POL-GCP,,Deputy Commissioner of Police,Close,5.0,,2026-07-15T03:23:55+05:30,Draft,agent:action_planner,playbook,,,,INC-20260715-4B71BE
ACT-aaf9d1358fa0,,POL-GCP,,"SHO, ICF Police Station",Register the complaint,1.0,,2026-07-16T03:10:35+05:30,Draft,agent:action_planner,playbook,,,,INC-20260716-A5E81C
ACT-beb422621656,,POL-GCP,,"SHO, ICF Police Station",Circulate details,2.0,,2026-07-16T05:34:35+05:30,Draft,agent:action_planner,playbook,,,,INC-20260716-A5E81C
ACT-e8d9098284ca,,POL-GCP,,"SHO, ICF Police Station",Search,3.0,,2026-07-16T07:58:35+05:30,Draft,agent:action_planner,playbook,,,,INC-20260716-A5E81C
ACT-e70de827c4ea,,POL-GCP,,"SHO, ICF Police Station",Trace,4.0,,2026-07-16T10:22:35+05:30,Draft,agent:action_planner,playbook,,,,INC-20260716-A5E81C
ACT-eebe8b59220d,,POL-GCP,,Deputy Commissioner of Police,Close,5.0,,2026-07-16T12:46:35+05:30,Draft,agent:action_planner,playbook,,,,INC-20260716-A5E81C
ACT-8ac65aa858ac,,POL-GCP,,"SHO, Sathangadu Police Station",Respond immediately,1.0,,2026-07-17T08:16:31+05:30,Draft,agent:action_planner,playbook,,,,INC-20260717-E4A4B6
ACT-5aece4c2104b,,POL-GCP,,"SHO, Sathangadu Police Station",Register the case,2.0,,2026-07-17T09:28:31+05:30,Draft,agent:action_planner,playbook,,,,INC-20260717-E4A4B6
ACT-de1dc2395cae,,POL-GCP,,"SHO, Sathangadu Police Station",Protect the victim,3.0,,2026-07-17T10:40:31+05:30,Draft,agent:action_planner,playbook,,,,INC-20260717-E4A4B6
ACT-f845039b8de7,,POL-GCP,,"SHO, Sathangadu Police Station",Arrest the accused,4.0,,2026-07-17T11:52:31+05:30,Draft,agent:action_planner,playbook,,,,INC-20260717-E4A4B6
ACT-11ec1fe61461,,POL-GCP,,Deputy Commissioner of Police,Close,5.0,,2026-07-17T13:04:31+05:30,Draft,agent:action_planner,playbook,,,,INC-20260717-E4A4B6
ACT-5e8405edd934,,PWD-WRD,,"Assistant Executive Engineer, Chennai Lakes Sub-Division, Ambattur (S. Karthikeyan)",Deploy pumps and clear standing water,1.0,,2026-07-18T07:14:36+05:30,Draft,agent:action_planner,playbook,,,,INC-20260718-C9532A
ACT-c7e93b8ebd80,,PWD-WRD,,"Assistant Executive Engineer, Chennai Lakes Sub-Division, Ambattur (S. Karthikeyan)",Clear drain inlets and silt,2.0,,2026-07-18T08:26:36+05:30,Draft,agent:action_planner,playbook,,,,INC-20260718-C9532A
ACT-eda8643d7d4b,,PWD-WRD,,"Assistant Executive Engineer, Chennai Lakes Sub-Division, Ambattur (S. Karthikeyan)",Divert traffic and barricade,3.0,,2026-07-18T09:38:36+05:30,Draft,agent:action_planner,playbook,,,,INC-20260718-C9532A
ACT-0e74242be26b,,PWD-WRD,,"Assistant Executive Engineer, Chennai Lakes Sub-Division, Ambattur (S. Karthikeyan)",Check low-lying homes for evacuation,4.0,,2026-07-18T10:50:36+05:30,Draft,agent:action_planner,playbook,,,,INC-20260718-C9532A
ACT-b3e118d6d125,,PWD-WRD,,Superintending Engineer (WRD),Submit completion report with photo,5.0,,2026-07-18T12:02:36+05:30,Draft,agent:action_planner,playbook,,,,INC-20260718-C9532A
ACT-22136f48ba73,,POL-GCP,,Deputy Commissioner of Police,Support flooding & waterlogging response,,,2026-07-18T09:02:36+05:30,Draft,agent:action_planner,coordination,,,,INC-20260718-C9532A
ACT-efead62d997f,,DIST-DM,,District Revenue Officer (Disaster),Support flooding & waterlogging response,,,2026-07-18T09:02:36+05:30,Draft,agent:action_planner,coordination,,,,INC-20260718-C9532A
ACT-ad04d050f0c9,,POL-GCP,,"SHO, Kannagi Nagar Police Station",Respond immediately,1.0,,2026-07-18T23:08:44+05:30,Draft,agent:action_planner,playbook,,,,INC-20260718-E384DD
ACT-2aac55b4f339,,POL-GCP,,"SHO, Kannagi Nagar Police Station",Register the case,2.0,,2026-07-18T23:32:44+05:30,Draft,agent:action_planner,playbook,,,,INC-20260718-E384DD
ACT-fbad6ae65e00,,POL-GCP,,"SHO, Kannagi Nagar Police Station",Protect the victim,3.0,,2026-07-18T23:56:44+05:30,Draft,agent:action_planner,playbook,,,,INC-20260718-E384DD
ACT-991961f6ce89,,POL-GCP,,"SHO, Kannagi Nagar Police Station",Arrest the accused,4.0,,2026-07-19T00:20:44+05:30,Draft,agent:action_planner,playbook,,,,INC-20260718-E384DD
ACT-c99a468fa605,,POL-GCP,,Deputy Commissioner of Police,Close,5.0,,2026-07-19T00:44:44+05:30,Draft,agent:action_planner,playbook,,,,INC-20260718-E384DD
ACT-29c27859a0ec,,POL-GCP,,"SHO, Pazhavanthangal Police Station",Respond immediately,1.0,,2026-07-19T09:18:39+05:30,Draft,agent:action_planner,playbook,,,,INC-20260719-6030DF
ACT-ded65d00a67b,,POL-GCP,,"SHO, Pazhavanthangal Police Station",Register the case,2.0,,2026-07-19T10:30:39+05:30,Draft,agent:action_planner,playbook,,,,INC-20260719-6030DF
ACT-a3ce7a1dd452,,POL-GCP,,"SHO, Pazhavanthangal Police Station",Protect the victim,3.0,,2026-07-19T11:42:39+05:30,Draft,agent:action_planner,playbook,,,,INC-20260719-6030DF
ACT-b56369c944d6,,POL-GCP,,"SHO, Pazhavanthangal Police Station",Arrest the accused,4.0,,2026-07-19T12:54:39+05:30,Draft,agent:action_planner,playbook,,,,INC-20260719-6030DF
ACT-48c953d8191e,,POL-GCP,,Deputy Commissioner of Police,Close,5.0,,2026-07-19T14:06:39+05:30,Draft,agent:action_planner,playbook,,,,INC-20260719-6030DF
ACT-b091ed166be1,,POL-GCP,,"SHO, Adambakkam Police Station",Respond immediately,1.0,,2026-07-19T06:54:30+05:30,Draft,agent:action_planner,playbook,,,,INC-20260719-8EA95D
ACT-98374efcb45c,,POL-GCP,,"SHO, Adambakkam Police Station",Register the case,2.0,,2026-07-19T08:06:30+05:30,Draft,agent:action_planner,playbook,,,,INC-20260719-8EA95D
ACT-36d5084f6aa3,,POL-GCP,,"SHO, Adambakkam Police Station",Protect the victim,3.0,,2026-07-19T09:18:30+05:30,Draft,agent:action_planner,playbook,,,,INC-20260719-8EA95D
ACT-169b56b2808d,,POL-GCP,,"SHO, Adambakkam Police Station",Arrest the accused,4.0,,2026-07-19T10:30:30+05:30,Draft,agent:action_planner,playbook,,,,INC-20260719-8EA95D
ACT-ed712e7b8914,,POL-GCP,,Deputy Commissioner of Police,Close,5.0,,2026-07-19T11:42:30+05:30,Draft,agent:action_planner,playbook,,,,INC-20260719-8EA95D
ACT-be41ab12ea67,,PWD-WRD,,"Assistant Executive Engineer, Adyar Sub-Division, Saidapet (V. Meenakshi)",Inspect and barricade,1.0,,2026-07-20T06:50:39+05:30,Draft,agent:action_planner,playbook,,,,INC-20260719-BFD8F7
ACT-81fb2dc2628c,,PWD-WRD,,"Assistant Executive Engineer, Adyar Sub-Division, Saidapet (V. Meenakshi)",Patch with cold mix,2.0,,2026-07-20T21:14:39+05:30,Draft,agent:action_planner,playbook,,,,INC-20260719-BFD8F7
ACT-91eb26d49755,,PWD-WRD,,"Assistant Executive Engineer, Adyar Sub-Division, Saidapet (V. Meenakshi)",Schedule relaying,3.0,,2026-07-21T11:38:39+05:30,Draft,agent:action_planner,playbook,,,,INC-20260719-BFD8F7
ACT-5e773dcf447e,,PWD-WRD,,"Assistant Executive Engineer, Adyar Sub-Division, Saidapet (V. Meenakshi)",Quality check,4.0,,2026-07-22T02:02:39+05:30,Draft,agent:action_planner,playbook,,,,INC-20260719-BFD8F7
ACT-87798d1fc534,,PWD-WRD,,Superintending Engineer (WRD),Close with photo,5.0,,2026-07-22T16:26:39+05:30,Draft,agent:action_planner,playbook,,,,INC-20260719-BFD8F7
ACT-73d7679c45a9,,POL-GCP,,Deputy Commissioner of Police,"Support roads, footpaths & bridges response",,,2026-07-21T04:26:39+05:30,Draft,agent:action_planner,coordination,,,,INC-20260719-BFD8F7
ACT-57ec79a0348e,,POL-GCP,,"SHO, Egmore Police Station",Respond immediately,1.0,,2026-07-21T00:01:13+05:30,Draft,agent:action_planner,playbook,,,,INC-20260720-0A0C7E
ACT-711838de174f,,POL-GCP,,"SHO, Egmore Police Station",Register the case,2.0,,2026-07-21T00:25:13+05:30,Draft,agent:action_planner,playbook,,,,INC-20260720-0A0C7E
ACT-d3b240ef6f97,,POL-GCP,,"SHO, Egmore Police Station",Protect the victim,3.0,,2026-07-21T00:49:13+05:30,Draft,agent:action_planner,playbook,,,,INC-20260720-0A0C7E
ACT-dddfb7f68720,,POL-GCP,,"SHO, Egmore Police Station",Arrest the accused,4.0,,2026-07-21T01:13:13+05:30,Draft,agent:action_planner,playbook,,,,INC-20260720-0A0C7E
ACT-0f88418a7331,,POL-GCP,,Deputy Commissioner of Police,Close,5.0,,2026-07-21T01:37:13+05:30,Draft,agent:action_planner,playbook,,,,INC-20260720-0A0C7E
ACT-6b4d6248cdd6,,PWD-WRD,,"Assistant Executive Engineer, Water Bodies Protection (Encroachment) Cell (S. Palanisamy)",Inspect the drain,1.0,,2026-07-21T22:07:10+05:30,Draft,agent:action_planner,playbook,,,,INC-20260721-33DD87
ACT-47c81afebf74,,PWD-WRD,,"Assistant Executive Engineer, Water Bodies Protection (Encroachment) Cell (S. Palanisamy)",Desilt or clear the blockage,2.0,,2026-07-22T12:31:10+05:30,Draft,agent:action_planner,playbook,,,,INC-20260721-33DD87
ACT-1d0ab61524ce,,PWD-WRD,,"Assistant Executive Engineer, Water Bodies Protection (Encroachment) Cell (S. Palanisamy)",Repair cover or pipe,3.0,,2026-07-23T02:55:10+05:30,Draft,agent:action_planner,playbook,,,,INC-20260721-33DD87
ACT-36c3cfc19dcb,,PWD-WRD,,"Assistant Executive Engineer, Water Bodies Protection (Encroachment) Cell (S. Palanisamy)",Disinfect the area,4.0,,2026-07-23T17:19:10+05:30,Draft,agent:action_planner,playbook,,,,INC-20260721-33DD87
ACT-71e0e98914ba,,PWD-WRD,,Superintending Engineer (WRD),Submit completion report,5.0,,2026-07-24T07:43:10+05:30,Draft,agent:action_planner,playbook,,,,INC-20260721-33DD87
ACT-8407b001e5b5,,CMWSSB,,Superintending Engineer,Support drainage & sewage response,,,2026-07-22T19:43:10+05:30,Draft,agent:action_planner,coordination,,,,INC-20260721-33DD87
ACT-b54964dd39a7,,POL-GCP,,"SHO, Pulianthope Police Station",Register the complaint,1.0,,2026-07-23T06:23:34+05:30,Draft,agent:action_planner,playbook,,,,INC-20260723-5A17BE
ACT-1a8a423b60c0,,POL-GCP,,"SHO, Pulianthope Police Station",Circulate details,2.0,,2026-07-23T08:47:34+05:30,Draft,agent:action_planner,playbook,,,,INC-20260723-5A17BE
ACT-d2cb821037e5,,POL-GCP,,"SHO, Pulianthope Police Station",Search,3.0,,2026-07-23T11:11:34+05:30,Draft,agent:action_planner,playbook,,,,INC-20260723-5A17BE
ACT-9ac5d3055b6c,,POL-GCP,,"SHO, Pulianthope Police Station",Trace,4.0,,2026-07-23T13:35:34+05:30,Draft,agent:action_planner,playbook,,,,INC-20260723-5A17BE
ACT-d01da4f735e7,,POL-GCP,,Deputy Commissioner of Police,Close,5.0,,2026-07-23T15:59:34+05:30,Draft,agent:action_planner,playbook,,,,INC-20260723-5A17BE
ACT-b50d3d615f9b,,POL-GCP,,"SHO, Triplicane Police Station",Respond immediately,1.0,,2026-07-23T20:43:10+05:30,Draft,agent:action_planner,playbook,,,,INC-20260723-9714AA
ACT-4ce4122142ca,,POL-GCP,,"SHO, Triplicane Police Station",Register the case,2.0,,2026-07-23T21:07:10+05:30,Draft,agent:action_planner,playbook,,,,INC-20260723-9714AA
ACT-181980830c76,,POL-GCP,,"SHO, Triplicane Police Station",Protect the victim,3.0,,2026-07-23T21:31:10+05:30,Draft,agent:action_planner,playbook,,,,INC-20260723-9714AA
ACT-2ebd5fe55c48,,POL-GCP,,"SHO, Triplicane Police Station",Arrest the accused,4.0,,2026-07-23T21:55:10+05:30,Draft,agent:action_planner,playbook,,,,INC-20260723-9714AA
ACT-b5ae3e8687af,,POL-GCP,,Deputy Commissioner of Police,Close,5.0,,2026-07-23T22:19:10+05:30,Draft,agent:action_planner,playbook,,,,INC-20260723-9714AA
ACT-e515de395f7d,,POL-GCP,,"SHO, Mylapore Police Station",Register the complaint,1.0,,2026-07-23T09:16:24+05:30,Draft,agent:action_planner,playbook,,,,INC-20260723-ADDB30
ACT-2a6f99dab376,,POL-GCP,,"SHO, Mylapore Police Station",Circulate details,2.0,,2026-07-23T11:40:24+05:30,Draft,agent:action_planner,playbook,,,,INC-20260723-ADDB30
ACT-c420ec91edf1,,POL-GCP,,"SHO, Mylapore Police Station",Search,3.0,,2026-07-23T14:04:24+05:30,Draft,agent:action_planner,playbook,,,,INC-20260723-ADDB30
ACT-f0cdebf162a7,,POL-GCP,,"SHO, Mylapore Police Station",Trace,4.0,,2026-07-23T16:28:24+05:30,Draft,agent:action_planner,playbook,,,,INC-20260723-ADDB30
ACT-7fb8393dd327,,POL-GCP,,Deputy Commissioner of Police,Close,5.0,,2026-07-23T18:52:24+05:30,Draft,agent:action_planner,playbook,,,,INC-20260723-ADDB30
ACT-f023338cf370,,POL-GCP,,"SHO, Kilpauk Police Station",Register the complaint,1.0,,2026-07-25T01:33:11+05:30,Draft,agent:action_planner,playbook,,,,INC-20260724-4CCA16
ACT-0cf3303b8591,,POL-GCP,,"SHO, Kilpauk Police Station",Circulate details,2.0,,2026-07-25T03:57:11+05:30,Draft,agent:action_planner,playbook,,,,INC-20260724-4CCA16
ACT-49a031eda74d,,POL-GCP,,"SHO, Kilpauk Police Station",Search,3.0,,2026-07-25T06:21:11+05:30,Draft,agent:action_planner,playbook,,,,INC-20260724-4CCA16
ACT-8d9b599ff456,,POL-GCP,,"SHO, Kilpauk Police Station",Trace,4.0,,2026-07-25T08:45:11+05:30,Draft,agent:action_planner,playbook,,,,INC-20260724-4CCA16
ACT-d282044d3dc2,,POL-GCP,,Deputy Commissioner of Police,Close,5.0,,2026-07-25T11:09:11+05:30,Draft,agent:action_planner,playbook,,,,INC-20260724-4CCA16
ACT-bfd97daa6553,,POL-GCP,,"SHO, Ayanavaram Police Station",Respond immediately,1.0,,2026-07-24T22:52:34+05:30,Draft,agent:action_planner,playbook,,,,INC-20260724-FDA6F5
ACT-81574a9e4acc,,POL-GCP,,"SHO, Ayanavaram Police Station",Register the case,2.0,,2026-07-24T23:16:34+05:30,Draft,agent:action_planner,playbook,,,,INC-20260724-FDA6F5
ACT-0fa365544195,,POL-GCP,,"SHO, Ayanavaram Police Station",Protect the victim,3.0,,2026-07-24T23:40:34+05:30,Draft,agent:action_planner,playbook,,,,INC-20260724-FDA6F5
ACT-e27cbd4749b2,,POL-GCP,,"SHO, Ayanavaram Police Station",Arrest the accused,4.0,,2026-07-25T00:04:34+05:30,Draft,agent:action_planner,playbook,,,,INC-20260724-FDA6F5
ACT-e732b8da4793,,POL-GCP,,Deputy Commissioner of Police,Close,5.0,,2026-07-25T00:28:34+05:30,Draft,agent:action_planner,playbook,,,,INC-20260724-FDA6F5
ACT-dbc91956c885,,POL-GCP,,"SHO, Sathangadu Police Station",Respond immediately,1.0,,2026-07-25T03:46:13+05:30,Draft,agent:action_planner,playbook,,,,INC-20260725-1AF2B8
ACT-717da1063706,,POL-GCP,,"SHO, Sathangadu Police Station",Register the case,2.0,,2026-07-25T04:10:13+05:30,Draft,agent:action_planner,playbook,,,,INC-20260725-1AF2B8
ACT-5a6c7cdcb57b,,POL-GCP,,"SHO, Sathangadu Police Station",Protect the victim,3.0,,2026-07-25T04:34:13+05:30,Draft,agent:action_planner,playbook,,,,INC-20260725-1AF2B8
ACT-7cb049c720a8,,POL-GCP,,"SHO, Sathangadu Police Station",Arrest the accused,4.0,,2026-07-25T04:58:13+05:30,Draft,agent:action_planner,playbook,,,,INC-20260725-1AF2B8
ACT-b2b6663449e1,,POL-GCP,,Deputy Commissioner of Police,Close,5.0,,2026-07-25T05:22:13+05:30,Draft,agent:action_planner,playbook,,,,INC-20260725-1AF2B8
ACT-9dc9fb59be90,,POL-GCP,,"SHO, Pulianthope Police Station",Respond immediately,1.0,,2026-07-25T11:05:13+05:30,Draft,agent:action_planner,playbook,,,,INC-20260725-A2AF31
ACT-7f66753bfd91,,POL-GCP,,"SHO, Pulianthope Police Station",Register the case,2.0,,2026-07-25T12:17:13+05:30,Draft,agent:action_planner,playbook,,,,INC-20260725-A2AF31
ACT-6367f9474eed,,POL-GCP,,"SHO, Pulianthope Police Station",Protect the victim,3.0,,2026-07-25T13:29:13+05:30,Draft,agent:action_planner,playbook,,,,INC-20260725-A2AF31
ACT-392be95745be,,POL-GCP,,"SHO, Pulianthope Police Station",Arrest the accused,4.0,,2026-07-25T14:41:13+05:30,Draft,agent:action_planner,playbook,,,,INC-20260725-A2AF31
ACT-f746b2d27565,,POL-GCP,,Deputy Commissioner of Police,Close,5.0,,2026-07-25T15:53:13+05:30,Draft,agent:action_planner,playbook,,,,INC-20260725-A2AF31
ACT-bad9152aedf1,,POL-GCP,,"SHO, Madhavaram Police Station",Respond immediately,1.0,,2026-07-26T22:01:15+05:30,Draft,agent:action_planner,playbook,,,,INC-20260726-5F9D7C
ACT-7c8cb1cd6dd0,,POL-GCP,,"SHO, Madhavaram Police Station",Register the case,2.0,,2026-07-26T23:13:15+05:30,Draft,agent:action_planner,playbook,,,,INC-20260726-5F9D7C
ACT-851cd97e074a,,POL-GCP,,"SHO, Madhavaram Police Station",Protect the victim,3.0,,2026-07-27T00:25:15+05:30,Draft,agent:action_planner,playbook,,,,INC-20260726-5F9D7C
ACT-40b538d8b569,,POL-GCP,,"SHO, Madhavaram Police Station",Arrest the accused,4.0,,2026-07-27T01:37:15+05:30,Draft,agent:action_planner,playbook,,,,INC-20260726-5F9D7C
ACT-10b1d257a0a9,,POL-GCP,,Deputy Commissioner of Police,Close,5.0,,2026-07-27T02:49:15+05:30,Draft,agent:action_planner,playbook,,,,INC-20260726-5F9D7C
ACT-15aa8253e06a,,POL-GCP,,"SHO, Madhavaram Police Station",Register the complaint,1.0,,2026-07-27T03:51:57+05:30,Draft,agent:action_planner,playbook,,,,INC-20260727-4235CF
ACT-f9b7b03f7f45,,POL-GCP,,"SHO, Madhavaram Police Station",Circulate details,2.0,,2026-07-27T06:15:57+05:30,Draft,agent:action_planner,playbook,,,,INC-20260727-4235CF
ACT-5d8b3d2c839a,,POL-GCP,,"SHO, Madhavaram Police Station",Search,3.0,,2026-07-27T08:39:57+05:30,Draft,agent:action_planner,playbook,,,,INC-20260727-4235CF
ACT-24bbb1f3568f,,POL-GCP,,"SHO, Madhavaram Police Station",Trace,4.0,,2026-07-27T11:03:57+05:30,Draft,agent:action_planner,playbook,,,,INC-20260727-4235CF
ACT-7daeeaf4eeb0,,POL-GCP,,Deputy Commissioner of Police,Close,5.0,,2026-07-27T13:27:57+05:30,Draft,agent:action_planner,playbook,,,,INC-20260727-4235CF
ACT-3d15c17ca8bb,,POL-GCP,,"SHO, Aminjikarai Police Station",Respond immediately,1.0,,2026-07-28T07:25:28+05:30,Draft,agent:action_planner,playbook,,,,INC-20260728-1AEC33
ACT-1beadda83b4b,,POL-GCP,,"SHO, Aminjikarai Police Station",Register the case,2.0,,2026-07-28T07:49:28+05:30,Draft,agent:action_planner,playbook,,,,INC-20260728-1AEC33
ACT-9f582b272f5c,,POL-GCP,,"SHO, Aminjikarai Police Station",Protect the victim,3.0,,2026-07-28T08:13:28+05:30,Draft,agent:action_planner,playbook,,,,INC-20260728-1AEC33
ACT-4c46e0b62eef,,POL-GCP,,"SHO, Aminjikarai Police Station",Arrest the accused,4.0,,2026-07-28T08:37:28+05:30,Draft,agent:action_planner,playbook,,,,INC-20260728-1AEC33
ACT-ff1115acf978,,POL-GCP,,Deputy Commissioner of Police,Close,5.0,,2026-07-28T09:01:28+05:30,Draft,agent:action_planner,playbook,,,,INC-20260728-1AEC33
ACT-db2204fc4763,,POL-GCP,,"SHO, Royapuram Police Station",Register the complaint,1.0,,2026-07-28T23:25:28+05:30,Draft,agent:action_planner,playbook,,,,INC-20260728-8E78FC
ACT-0c65c064f6f9,,POL-GCP,,"SHO, Royapuram Police Station",Circulate details,2.0,,2026-07-29T01:49:28+05:30,Draft,agent:action_planner,playbook,,,,INC-20260728-8E78FC
ACT-116b83d18ff7,,POL-GCP,,"SHO, Royapuram Police Station",Search,3.0,,2026-07-29T04:13:28+05:30,Draft,agent:action_planner,playbook,,,,INC-20260728-8E78FC
ACT-85c0120f11ee,,POL-GCP,,"SHO, Royapuram Police Station",Trace,4.0,,2026-07-29T06:37:28+05:30,Draft,agent:action_planner,playbook,,,,INC-20260728-8E78FC
ACT-46289ed90d2a,,POL-GCP,,Deputy Commissioner of Police,Close,5.0,,2026-07-29T09:01:28+05:30,Draft,agent:action_planner,playbook,,,,INC-20260728-8E78FC
ACT-8e3129712ae3,,POL-GCP,,"SHO, Guindy Police Station",Respond immediately,1.0,,2026-07-29T19:29:55+05:30,Draft,agent:action_planner,playbook,,,,INC-20260729-706989
ACT-e296de4ba3a3,,POL-GCP,,"SHO, Guindy Police Station",Register the case,2.0,,2026-07-29T20:41:55+05:30,Draft,agent:action_planner,playbook,,,,INC-20260729-706989
ACT-bd812f707a92,,POL-GCP,,"SHO, Guindy Police Station",Protect the victim,3.0,,2026-07-29T21:53:55+05:30,Draft,agent:action_planner,playbook,,,,INC-20260729-706989
ACT-2a85df6ccab5,,POL-GCP,,"SHO, Guindy Police Station",Arrest the accused,4.0,,2026-07-29T23:05:55+05:30,Draft,agent:action_planner,playbook,,,,INC-20260729-706989
ACT-a7855b8fd1b6,,POL-GCP,,Deputy Commissioner of Police,Close,5.0,,2026-07-30T00:17:55+05:30,Draft,agent:action_planner,playbook,,,,INC-20260729-706989
ACT-d8d65e587820,,POL-GCP,,"SHO, St. Thomas Mount Police Station",Register the complaint,1.0,,2026-07-29T07:38:42+05:30,Draft,agent:action_planner,playbook,,,,INC-20260729-A4CED5
ACT-91d2e9cb9ab8,,POL-GCP,,"SHO, St. Thomas Mount Police Station",Circulate details,2.0,,2026-07-29T10:02:42+05:30,Draft,agent:action_planner,playbook,,,,INC-20260729-A4CED5
ACT-0e50dd363387,,POL-GCP,,"SHO, St. Thomas Mount Police Station",Search,3.0,,2026-07-29T12:26:42+05:30,Draft,agent:action_planner,playbook,,,,INC-20260729-A4CED5
ACT-fefb007a2a67,,POL-GCP,,"SHO, St. Thomas Mount Police Station",Trace,4.0,,2026-07-29T14:50:42+05:30,Draft,agent:action_planner,playbook,,,,INC-20260729-A4CED5
ACT-4056cadc716e,,POL-GCP,,Deputy Commissioner of Police,Close,5.0,,2026-07-29T17:14:42+05:30,Draft,agent:action_planner,playbook,,,,INC-20260729-A4CED5
ACT-6d6f847fa318,,POL-GCP,,"SHO, M.K.B. Nagar Police Station",Register the complaint,1.0,,2026-07-30T11:03:46+05:30,Draft,agent:action_planner,playbook,,,,INC-20260730-583FAD
ACT-7740dc5981fb,,POL-GCP,,"SHO, M.K.B. Nagar Police Station",Circulate details,2.0,,2026-07-30T13:27:46+05:30,Draft,agent:action_planner,playbook,,,,INC-20260730-583FAD
ACT-78386f5726c0,,POL-GCP,,"SHO, M.K.B. Nagar Police Station",Search,3.0,,2026-07-30T15:51:46+05:30,Draft,agent:action_planner,playbook,,,,INC-20260730-583FAD
ACT-65fcccb2b170,,POL-GCP,,"SHO, M.K.B. Nagar Police Station",Trace,4.0,,2026-07-30T18:15:46+05:30,Draft,agent:action_planner,playbook,,,,INC-20260730-583FAD
ACT-ec2864c440c4,,POL-GCP,,Deputy Commissioner of Police,Close,5.0,,2026-07-30T20:39:46+05:30,Draft,agent:action_planner,playbook,,,,INC-20260730-583FAD
ACT-44c314795e90,,PWD-WRD,,"Assistant Executive Engineer, Adyar Sub-Division, Saidapet (V. Meenakshi)",Deploy pumps and clear standing water,1.0,,2026-07-31T22:58:51+05:30,Draft,agent:action_planner,playbook,,,,INC-20260731-969D67
ACT-5d531a172525,,PWD-WRD,,"Assistant Executive Engineer, Adyar Sub-Division, Saidapet (V. Meenakshi)",Clear drain inlets and silt,2.0,,2026-08-01T03:46:51+05:30,Draft,agent:action_planner,playbook,,,,INC-20260731-969D67
ACT-8b575782a0b8,,PWD-WRD,,"Assistant Executive Engineer, Adyar Sub-Division, Saidapet (V. Meenakshi)",Divert traffic and barricade,3.0,,2026-08-01T08:34:51+05:30,Draft,agent:action_planner,playbook,,,,INC-20260731-969D67
ACT-92c138410f49,,PWD-WRD,,"Assistant Executive Engineer, Adyar Sub-Division, Saidapet (V. Meenakshi)",Check low-lying homes for evacuation,4.0,,2026-08-01T13:22:51+05:30,Draft,agent:action_planner,playbook,,,,INC-20260731-969D67
ACT-a5a585bfb0bd,,PWD-WRD,,Superintending Engineer (WRD),Submit completion report with photo,5.0,,2026-08-01T18:10:51+05:30,Draft,agent:action_planner,playbook,,,,INC-20260731-969D67
ACT-4e1a14c756bf,,POL-GCP,,Deputy Commissioner of Police,Support flooding & waterlogging response,,,2026-08-01T06:10:51+05:30,Draft,agent:action_planner,coordination,,,,INC-20260731-969D67
ACT-e385ed497ac5,,DIST-DM,,District Revenue Officer (Disaster),Support flooding & waterlogging response,,,2026-08-01T06:10:51+05:30,Draft,agent:action_planner,coordination,,,,INC-20260731-969D67
ACT-71296036237f,,POL-GCP,,"SHO, Thoraipakkam Police Station",Register the complaint,1.0,,2026-07-31T03:40:54+05:30,Draft,agent:action_planner,playbook,,,,INC-20260731-A45062
ACT-1aeb8e84d33c,,POL-GCP,,"SHO, Thoraipakkam Police Station",Circulate details,2.0,,2026-07-31T06:04:54+05:30,Draft,agent:action_planner,playbook,,,,INC-20260731-A45062
ACT-8539c684a687,,POL-GCP,,"SHO, Thoraipakkam Police Station",Search,3.0,,2026-07-31T08:28:54+05:30,Draft,agent:action_planner,playbook,,,,INC-20260731-A45062
ACT-bb34972e2b52,,POL-GCP,,"SHO, Thoraipakkam Police Station",Trace,4.0,,2026-07-31T10:52:54+05:30,Draft,agent:action_planner,playbook,,,,INC-20260731-A45062
ACT-d54fe8ea8e8a,,POL-GCP,,Deputy Commissioner of Police,Close,5.0,,2026-07-31T13:16:54+05:30,Draft,agent:action_planner,playbook,,,,INC-20260731-A45062
ACT-9cfb33dbf517,,POL-GCP,,"SHO, Sathangadu Police Station",Respond immediately,1.0,,2026-07-31T23:32:10+05:30,Draft,agent:action_planner,playbook,,,,INC-20260731-CB2455
ACT-fe8b9bc85905,,POL-GCP,,"SHO, Sathangadu Police Station",Register the case,2.0,,2026-07-31T23:56:10+05:30,Draft,agent:action_planner,playbook,,,,INC-20260731-CB2455
ACT-2d084c753ba9,,POL-GCP,,"SHO, Sathangadu Police Station",Protect the victim,3.0,,2026-08-01T00:20:10+05:30,Draft,agent:action_planner,playbook,,,,INC-20260731-CB2455
ACT-50ad6b4649f8,,POL-GCP,,"SHO, Sathangadu Police Station",Arrest the accused,4.0,,2026-08-01T00:44:10+05:30,Draft,agent:action_planner,playbook,,,,INC-20260731-CB2455
ACT-c67f94e2a607,,POL-GCP,,Deputy Commissioner of Police,Close,5.0,,2026-08-01T01:08:10+05:30,Draft,agent:action_planner,playbook,,,,INC-20260731-CB2455
ACT-eec642e9dc72,,POL-GCP,,"SHO, Pazhavanthangal Police Station",Respond immediately,1.0,,2026-08-01T23:55:47+05:30,Draft,agent:action_planner,playbook,,,,INC-20260801-16AFBC
ACT-78ce11f6c276,,POL-GCP,,"SHO, Pazhavanthangal Police Station",Register the case,2.0,,2026-08-02T01:07:47+05:30,Draft,agent:action_planner,playbook,,,,INC-20260801-16AFBC
ACT-83684db26ab0,,POL-GCP,,"SHO, Pazhavanthangal Police Station",Protect the victim,3.0,,2026-08-02T02:19:47+05:30,Draft,agent:action_planner,playbook,,,,INC-20260801-16AFBC
ACT-5fba693ce0fd,,POL-GCP,,"SHO, Pazhavanthangal Police Station",Arrest the accused,4.0,,2026-08-02T03:31:47+05:30,Draft,agent:action_planner,playbook,,,,INC-20260801-16AFBC
ACT-e0f0ea82d387,,POL-GCP,,Deputy Commissioner of Police,Close,5.0,,2026-08-02T04:43:47+05:30,Draft,agent:action_planner,playbook,,,,INC-20260801-16AFBC
ACT-fac636f6a733,,POL-GCP,,"SHO, K.K. Nagar Police Station",Respond immediately,1.0,,2026-08-02T19:28:17+05:30,Draft,agent:action_planner,playbook,,,,INC-20260802-385021
ACT-87c84fc876c7,,POL-GCP,,"SHO, K.K. Nagar Police Station",Register the case,2.0,,2026-08-02T20:40:17+05:30,Draft,agent:action_planner,playbook,,,,INC-20260802-385021
ACT-5a5d6b436cdb,,POL-GCP,,"SHO, K.K. Nagar Police Station",Protect the victim,3.0,,2026-08-02T21:52:17+05:30,Draft,agent:action_planner,playbook,,,,INC-20260802-385021
ACT-c3a3e08edef7,,POL-GCP,,"SHO, K.K. Nagar Police Station",Arrest the accused,4.0,,2026-08-02T23:04:17+05:30,Draft,agent:action_planner,playbook,,,,INC-20260802-385021
ACT-e075c810a43d,,POL-GCP,,Deputy Commissioner of Police,Close,5.0,,2026-08-03T00:16:17+05:30,Draft,agent:action_planner,playbook,,,,INC-20260802-385021
ACT-3eba84651d9e,,POL-GCP,,"SHO, Vepery Police Station",Register the complaint,1.0,,2026-08-03T00:13:42+05:30,Draft,agent:action_planner,playbook,,,,INC-20260802-559808
ACT-7ab68d4bc820,,POL-GCP,,"SHO, Vepery Police Station",Circulate details,2.0,,2026-08-03T02:37:42+05:30,Draft,agent:action_planner,playbook,,,,INC-20260802-559808
ACT-38b5e2e1d983,,POL-GCP,,"SHO, Vepery Police Station",Search,3.0,,2026-08-03T05:01:42+05:30,Draft,agent:action_planner,playbook,,,,INC-20260802-559808
ACT-28594e129e11,,POL-GCP,,"SHO, Vepery Police Station",Trace,4.0,,2026-08-03T07:25:42+05:30,Draft,agent:action_planner,playbook,,,,INC-20260802-559808
ACT-c966fbd2163d,,POL-GCP,,Deputy Commissioner of Police,Close,5.0,,2026-08-03T09:49:42+05:30,Draft,agent:action_planner,playbook,,,,INC-20260802-559808
ACT-08ab05808b5a,,POL-GCP,,"SHO, K.K. Nagar Police Station",Respond immediately,1.0,,2026-08-02T23:53:12+05:30,Draft,agent:action_planner,playbook,,,,INC-20260802-8D5340
ACT-2adfffa06f61,,POL-GCP,,"SHO, K.K. Nagar Police Station",Register the case,2.0,,2026-08-03T01:05:12+05:30,Draft,agent:action_planner,playbook,,,,INC-20260802-8D5340
ACT-61175b82fa7c,,POL-GCP,,"SHO, K.K. Nagar Police Station",Protect the victim,3.0,,2026-08-03T02:17:12+05:30,Draft,agent:action_planner,playbook,,,,INC-20260802-8D5340
ACT-cf146951e173,,POL-GCP,,"SHO, K.K. Nagar Police Station",Arrest the accused,4.0,,2026-08-03T03:29:12+05:30,Draft,agent:action_planner,playbook,,,,INC-20260802-8D5340
ACT-918019963977,,POL-GCP,,Deputy Commissioner of Police,Close,5.0,,2026-08-03T04:41:12+05:30,Draft,agent:action_planner,playbook,,,,INC-20260802-8D5340
ACT-0da90a1c9a70,,POL-GCP,,"SHO, Ambattur Police Station",Register the complaint,1.0,,2026-08-03T01:01:34+05:30,Draft,agent:action_planner,playbook,,,,INC-20260802-B50210
ACT-f68e23cb6f91,,POL-GCP,,"SHO, Ambattur Police Station",Circulate details,2.0,,2026-08-03T03:25:34+05:30,Draft,agent:action_planner,playbook,,,,INC-20260802-B50210
ACT-775ced28af50,,POL-GCP,,"SHO, Ambattur Police Station",Search,3.0,,2026-08-03T05:49:34+05:30,Draft,agent:action_planner,playbook,,,,INC-20260802-B50210
ACT-e14ba3412d55,,POL-GCP,,"SHO, Ambattur Police Station",Trace,4.0,,2026-08-03T08:13:34+05:30,Draft,agent:action_planner,playbook,,,,INC-20260802-B50210
ACT-266b11735efc,,POL-GCP,,Deputy Commissioner of Police,Close,5.0,,2026-08-03T10:37:34+05:30,Draft,agent:action_planner,playbook,,,,INC-20260802-B50210
ACT-79b03eb0039e,,POL-GCP,,"SHO, Pulianthope Police Station",Respond immediately,1.0,,2026-08-04T10:15:24+05:30,Draft,agent:action_planner,playbook,,,,INC-20260804-044C5B
ACT-a01706628b07,,POL-GCP,,"SHO, Pulianthope Police Station",Register the case,2.0,,2026-08-04T11:27:24+05:30,Draft,agent:action_planner,playbook,,,,INC-20260804-044C5B
ACT-f0810d1f4d9c,,POL-GCP,,"SHO, Pulianthope Police Station",Protect the victim,3.0,,2026-08-04T12:39:24+05:30,Draft,agent:action_planner,playbook,,,,INC-20260804-044C5B
ACT-17562c9cce39,,POL-GCP,,"SHO, Pulianthope Police Station",Arrest the accused,4.0,,2026-08-04T13:51:24+05:30,Draft,agent:action_planner,playbook,,,,INC-20260804-044C5B
ACT-b1f1f02e0e76,,POL-GCP,,Deputy Commissioner of Police,Close,5.0,,2026-08-04T15:03:24+05:30,Draft,agent:action_planner,playbook,,,,INC-20260804-044C5B
ACT-15bd87fe0d22,,POL-GCP,,"SHO, Madhavaram Milk Colony Police Station",Respond immediately,1.0,,2026-08-04T14:54:13+05:30,Draft,agent:action_planner,playbook,,,,INC-20260804-59A873
ACT-3987b3874c6e,,POL-GCP,,"SHO, Madhavaram Milk Colony Police Station",Register the case,2.0,,2026-08-04T15:18:13+05:30,Draft,agent:action_planner,playbook,,,,INC-20260804-59A873
ACT-6d9c1296bd99,,POL-GCP,,"SHO, Madhavaram Milk Colony Police Station",Protect the victim,3.0,,2026-08-04T15:42:13+05:30,Draft,agent:action_planner,playbook,,,,INC-20260804-59A873
ACT-a2925d3c6841,,POL-GCP,,"SHO, Madhavaram Milk Colony Police Station",Arrest the accused,4.0,,2026-08-04T16:06:13+05:30,Draft,agent:action_planner,playbook,,,,INC-20260804-59A873
ACT-7fcd6d60a2cc,,POL-GCP,,Deputy Commissioner of Police,Close,5.0,,2026-08-04T16:30:13+05:30,Draft,agent:action_planner,playbook,,,,INC-20260804-59A873
ACT-968bca48e48f,,POL-GCP,,"SHO, M.K.B. Nagar Police Station",Respond immediately,1.0,,2026-08-04T01:56:18+05:30,Draft,agent:action_planner,playbook,,,,INC-20260804-9625A2
ACT-44530d0d1b28,,POL-GCP,,"SHO, M.K.B. Nagar Police Station",Register the case,2.0,,2026-08-04T02:20:18+05:30,Draft,agent:action_planner,playbook,,,,INC-20260804-9625A2
ACT-25807a2285f2,,POL-GCP,,"SHO, M.K.B. Nagar Police Station",Protect the victim,3.0,,2026-08-04T02:44:18+05:30,Draft,agent:action_planner,playbook,,,,INC-20260804-9625A2
ACT-67ae31b1a853,,POL-GCP,,"SHO, M.K.B. Nagar Police Station",Arrest the accused,4.0,,2026-08-04T03:08:18+05:30,Draft,agent:action_planner,playbook,,,,INC-20260804-9625A2
ACT-cb90304f661c,,POL-GCP,,Deputy Commissioner of Police,Close,5.0,,2026-08-04T03:32:18+05:30,Draft,agent:action_planner,playbook,,,,INC-20260804-9625A2
ACT-7907cd52a03a,,POL-GCP,,"SHO, Periamet Police Station",Respond immediately,1.0,,2026-08-04T21:21:25+05:30,Draft,agent:action_planner,playbook,,,,INC-20260804-E6F952
ACT-eec2ee92eddd,,POL-GCP,,"SHO, Periamet Police Station",Register the case,2.0,,2026-08-04T22:33:25+05:30,Draft,agent:action_planner,playbook,,,,INC-20260804-E6F952
ACT-f4d7bfe86a20,,POL-GCP,,"SHO, Periamet Police Station",Protect the victim,3.0,,2026-08-04T23:45:25+05:30,Draft,agent:action_planner,playbook,,,,INC-20260804-E6F952
ACT-29abe8af05a7,,POL-GCP,,"SHO, Periamet Police Station",Arrest the accused,4.0,,2026-08-05T00:57:25+05:30,Draft,agent:action_planner,playbook,,,,INC-20260804-E6F952
ACT-75c597b2c044,,POL-GCP,,Deputy Commissioner of Police,Close,5.0,,2026-08-05T02:09:25+05:30,Draft,agent:action_planner,playbook,,,,INC-20260804-E6F952
ACT-45a85d5db356,,POL-GCP,,"SHO, Chintadripet Police Station",Register the complaint,1.0,,2026-08-05T13:57:53+05:30,Draft,agent:action_planner,playbook,,,,INC-20260805-791D39
ACT-d9d315539055,,POL-GCP,,"SHO, Chintadripet Police Station",Circulate details,2.0,,2026-08-05T16:21:53+05:30,Draft,agent:action_planner,playbook,,,,INC-20260805-791D39
ACT-e361daee642b,,POL-GCP,,"SHO, Chintadripet Police Station",Search,3.0,,2026-08-05T18:45:53+05:30,Draft,agent:action_planner,playbook,,,,INC-20260805-791D39
ACT-cd405c5b0db2,,POL-GCP,,"SHO, Chintadripet Police Station",Trace,4.0,,2026-08-05T21:09:53+05:30,Draft,agent:action_planner,playbook,,,,INC-20260805-791D39
ACT-b19e7b08e177,,POL-GCP,,Deputy Commissioner of Police,Close,5.0,,2026-08-05T23:33:53+05:30,Draft,agent:action_planner,playbook,,,,INC-20260805-791D39
ACT-d648c9188966,,POL-GCP,,"SHO, Alandur Police Station",Register the complaint,1.0,,2026-08-05T23:05:07+05:30,Draft,agent:action_planner,playbook,,,,INC-20260805-C11B4F
ACT-157e0ce4065d,,POL-GCP,,"SHO, Alandur Police Station",Circulate details,2.0,,2026-08-06T01:29:07+05:30,Draft,agent:action_planner,playbook,,,,INC-20260805-C11B4F
ACT-be9303ac06e5,,POL-GCP,,"SHO, Alandur Police Station",Search,3.0,,2026-08-06T03:53:07+05:30,Draft,agent:action_planner,playbook,,,,INC-20260805-C11B4F
ACT-34767f163295,,POL-GCP,,"SHO, Alandur Police Station",Trace,4.0,,2026-08-06T06:17:07+05:30,Draft,agent:action_planner,playbook,,,,INC-20260805-C11B4F
ACT-00705c9375e3,,POL-GCP,,Deputy Commissioner of Police,Close,5.0,,2026-08-06T08:41:07+05:30,Draft,agent:action_planner,playbook,,,,INC-20260805-C11B4F
ACT-e3a5bb95738e,,POL-GCP,,"SHO, Saidapet Police Station",Respond immediately,1.0,,2026-08-05T07:20:31+05:30,Draft,agent:action_planner,playbook,,,,INC-20260805-CBCB6A
ACT-a429d2bbdb29,,POL-GCP,,"SHO, Saidapet Police Station",Register the case,2.0,,2026-08-05T07:44:31+05:30,Draft,agent:action_planner,playbook,,,,INC-20260805-CBCB6A
ACT-4779dccdba43,,POL-GCP,,"SHO, Saidapet Police Station",Protect the victim,3.0,,2026-08-05T08:08:31+05:30,Draft,agent:action_planner,playbook,,,,INC-20260805-CBCB6A
ACT-60f3a9cc3764,,POL-GCP,,"SHO, Saidapet Police Station",Arrest the accused,4.0,,2026-08-05T08:32:31+05:30,Draft,agent:action_planner,playbook,,,,INC-20260805-CBCB6A
ACT-aa6432a549b5,,POL-GCP,,Deputy Commissioner of Police,Close,5.0,,2026-08-05T08:56:31+05:30,Draft,agent:action_planner,playbook,,,,INC-20260805-CBCB6A
ACT-ce93b5629416,,POL-GCP,,"SHO, Mambalam Police Station",Register the complaint,1.0,,2026-08-05T22:24:20+05:30,Draft,agent:action_planner,playbook,,,,INC-20260805-E3E35F
ACT-6cfda9f0846a,,POL-GCP,,"SHO, Mambalam Police Station",Circulate details,2.0,,2026-08-06T00:48:20+05:30,Draft,agent:action_planner,playbook,,,,INC-20260805-E3E35F
ACT-ef0570c36c72,,POL-GCP,,"SHO, Mambalam Police Station",Search,3.0,,2026-08-06T03:12:20+05:30,Draft,agent:action_planner,playbook,,,,INC-20260805-E3E35F
ACT-e26649be2d4a,,POL-GCP,,"SHO, Mambalam Police Station",Trace,4.0,,2026-08-06T05:36:20+05:30,Draft,agent:action_planner,playbook,,,,INC-20260805-E3E35F
ACT-9e4dae66d3e5,,POL-GCP,,Deputy Commissioner of Police,Close,5.0,,2026-08-06T08:00:20+05:30,Draft,agent:action_planner,playbook,,,,INC-20260805-E3E35F
ACT-c738856f826f,,POL-GCP,,"SHO, Alandur Police Station",Register the complaint,1.0,,2026-08-06T19:54:41+05:30,Draft,agent:action_planner,playbook,,,,INC-20260806-F6BA74
ACT-c0ce49a3a749,,POL-GCP,,"SHO, Alandur Police Station",Circulate details,2.0,,2026-08-06T22:18:41+05:30,Draft,agent:action_planner,playbook,,,,INC-20260806-F6BA74
ACT-9d372aee99d1,,POL-GCP,,"SHO, Alandur Police Station",Search,3.0,,2026-08-07T00:42:41+05:30,Draft,agent:action_planner,playbook,,,,INC-20260806-F6BA74
ACT-4321bd06ce31,,POL-GCP,,"SHO, Alandur Police Station",Trace,4.0,,2026-08-07T03:06:41+05:30,Draft,agent:action_planner,playbook,,,,INC-20260806-F6BA74
ACT-94db8181db72,,POL-GCP,,Deputy Commissioner of Police,Close,5.0,,2026-08-07T05:30:41+05:30,Draft,agent:action_planner,playbook,,,,INC-20260806-F6BA74
ACT-203de7a9acbc,,POL-GCP,,"SHO, Korattur Police Station",Register the complaint,1.0,,2026-08-08T01:10:59+05:30,Draft,agent:action_planner,playbook,,,,INC-20260807-B766E9
ACT-baadc6af4f44,,POL-GCP,,"SHO, Korattur Police Station",Circulate details,2.0,,2026-08-08T03:34:59+05:30,Draft,agent:action_planner,playbook,,,,INC-20260807-B766E9
ACT-889a848b7776,,POL-GCP,,"SHO, Korattur Police Station",Search,3.0,,2026-08-08T05:58:59+05:30,Draft,agent:action_planner,playbook,,,,INC-20260807-B766E9
ACT-bcf31d07ac22,,POL-GCP,,"SHO, Korattur Police Station",Trace,4.0,,2026-08-08T08:22:59+05:30,Draft,agent:action_planner,playbook,,,,INC-20260807-B766E9
ACT-9cc78ecf7b93,,POL-GCP,,Deputy Commissioner of Police,Close,5.0,,2026-08-08T10:46:59+05:30,Draft,agent:action_planner,playbook,,,,INC-20260807-B766E9
ACT-290af867a7d8,,POL-GCP,,"SHO, Neelankarai Police Station",Respond immediately,1.0,,2026-08-08T07:46:54+05:30,Draft,agent:action_planner,playbook,,,,INC-20260808-CB20AC
ACT-fcb23b851d2d,,POL-GCP,,"SHO, Neelankarai Police Station",Register the case,2.0,,2026-08-08T08:10:54+05:30,Draft,agent:action_planner,playbook,,,,INC-20260808-CB20AC
ACT-2b135b19869c,,POL-GCP,,"SHO, Neelankarai Police Station",Protect the victim,3.0,,2026-08-08T08:34:54+05:30,Draft,agent:action_planner,playbook,,,,INC-20260808-CB20AC
ACT-40f676074d6a,,POL-GCP,,"SHO, Neelankarai Police Station",Arrest the accused,4.0,,2026-08-08T08:58:54+05:30,Draft,agent:action_planner,playbook,,,,INC-20260808-CB20AC
ACT-86bf23cd61aa,,POL-GCP,,Deputy Commissioner of Police,Close,5.0,,2026-08-08T09:22:54+05:30,Draft,agent:action_planner,playbook,,,,INC-20260808-CB20AC
ACT-64a2e2f31dfd,,POL-GCP,,"SHO, Madhavaram Milk Colony Police Station",Register the complaint,1.0,,2026-08-09T02:57:28+05:30,Draft,agent:action_planner,playbook,,,,INC-20260809-023372
ACT-84ea8fb40ce9,,POL-GCP,,"SHO, Madhavaram Milk Colony Police Station",Circulate details,2.0,,2026-08-09T05:21:28+05:30,Draft,agent:action_planner,playbook,,,,INC-20260809-023372
ACT-9a661f45bb7b,,POL-GCP,,"SHO, Madhavaram Milk Colony Police Station",Search,3.0,,2026-08-09T07:45:28+05:30,Draft,agent:action_planner,playbook,,,,INC-20260809-023372
ACT-adce6a28cfce,,POL-GCP,,"SHO, Madhavaram Milk Colony Police Station",Trace,4.0,,2026-08-09T10:09:28+05:30,Draft,agent:action_planner,playbook,,,,INC-20260809-023372
ACT-5d2eb8d4fd3c,,POL-GCP,,Deputy Commissioner of Police,Close,5.0,,2026-08-09T12:33:28+05:30,Draft,agent:action_planner,playbook,,,,INC-20260809-023372
ACT-7181390f1fd3,,PWD-WRD,,"Assistant Executive Engineer, Water Bodies Protection (Encroachment) Cell (S. Palanisamy)",Deploy pumps and clear standing water,1.0,,2026-08-09T20:05:24+05:30,Draft,agent:action_planner,playbook,,,,INC-20260809-21793E
ACT-4dd8678501af,,PWD-WRD,,"Assistant Executive Engineer, Water Bodies Protection (Encroachment) Cell (S. Palanisamy)",Clear drain inlets and silt,2.0,,2026-08-09T21:17:24+05:30,Draft,agent:action_planner,playbook,,,,INC-20260809-21793E
ACT-f1943feb2f9e,,PWD-WRD,,"Assistant Executive Engineer, Water Bodies Protection (Encroachment) Cell (S. Palanisamy)",Divert traffic and barricade,3.0,,2026-08-09T22:29:24+05:30,Draft,agent:action_planner,playbook,,,,INC-20260809-21793E
ACT-f42b990f6919,,PWD-WRD,,"Assistant Executive Engineer, Water Bodies Protection (Encroachment) Cell (S. Palanisamy)",Check low-lying homes for evacuation,4.0,,2026-08-09T23:41:24+05:30,Draft,agent:action_planner,playbook,,,,INC-20260809-21793E
ACT-bbe93d14377c,,PWD-WRD,,Superintending Engineer (WRD),Submit completion report with photo,5.0,,2026-08-10T00:53:24+05:30,Draft,agent:action_planner,playbook,,,,INC-20260809-21793E
ACT-ae8d7cfd649b,,POL-GCP,,Deputy Commissioner of Police,Support flooding & waterlogging response,,,2026-08-09T21:53:24+05:30,Draft,agent:action_planner,coordination,,,,INC-20260809-21793E
ACT-72347541add9,,DIST-DM,,District Revenue Officer (Disaster),Support flooding & waterlogging response,,,2026-08-09T21:53:24+05:30,Draft,agent:action_planner,coordination,,,,INC-20260809-21793E
ACT-003056806b87,,POL-GCP,,"SHO, Royapuram Police Station",Respond immediately,1.0,,2026-08-09T03:02:13+05:30,Draft,agent:action_planner,playbook,,,,INC-20260809-55F8BC
ACT-0f9097650618,,POL-GCP,,"SHO, Royapuram Police Station",Register the case,2.0,,2026-08-09T03:26:13+05:30,Draft,agent:action_planner,playbook,,,,INC-20260809-55F8BC
ACT-0a52cdaa22c0,,POL-GCP,,"SHO, Royapuram Police Station",Protect the victim,3.0,,2026-08-09T03:50:13+05:30,Draft,agent:action_planner,playbook,,,,INC-20260809-55F8BC
ACT-72c26437ca16,,POL-GCP,,"SHO, Royapuram Police Station",Arrest the accused,4.0,,2026-08-09T04:14:13+05:30,Draft,agent:action_planner,playbook,,,,INC-20260809-55F8BC
ACT-08f170d633dd,,POL-GCP,,Deputy Commissioner of Police,Close,5.0,,2026-08-09T04:38:13+05:30,Draft,agent:action_planner,playbook,,,,INC-20260809-55F8BC
ACT-a22ad4a98f4f,,POL-GCP,,"SHO, Teynampet Police Station",Respond immediately,1.0,,2026-08-09T01:51:04+05:30,Draft,agent:action_planner,playbook,,,,INC-20260809-95525D
ACT-dbf10531ceb0,,POL-GCP,,"SHO, Teynampet Police Station",Register the case,2.0,,2026-08-09T03:03:04+05:30,Draft,agent:action_planner,playbook,,,,INC-20260809-95525D
ACT-e3cda98fd19b,,POL-GCP,,"SHO, Teynampet Police Station",Protect the victim,3.0,,2026-08-09T04:15:04+05:30,Draft,agent:action_planner,playbook,,,,INC-20260809-95525D
ACT-36b940fa926c,,POL-GCP,,"SHO, Teynampet Police Station",Arrest the accused,4.0,,2026-08-09T05:27:04+05:30,Draft,agent:action_planner,playbook,,,,INC-20260809-95525D
ACT-ad6295495276,,POL-GCP,,Deputy Commissioner of Police,Close,5.0,,2026-08-09T06:39:04+05:30,Draft,agent:action_planner,playbook,,,,INC-20260809-95525D
ACT-a57e78e5c2e2,,POL-GCP,,"SHO, Vepery Police Station",Respond immediately,1.0,,2026-08-10T01:36:58+05:30,Draft,agent:action_planner,playbook,,,,INC-20260810-7F7950
ACT-fbd4c38945cc,,POL-GCP,,"SHO, Vepery Police Station",Register the case,2.0,,2026-08-10T02:48:58+05:30,Draft,agent:action_planner,playbook,,,,INC-20260810-7F7950
ACT-0c1a09545ffb,,POL-GCP,,"SHO, Vepery Police Station",Protect the victim,3.0,,2026-08-10T04:00:58+05:30,Draft,agent:action_planner,playbook,,,,INC-20260810-7F7950
ACT-ae1e2d76f0cf,,POL-GCP,,"SHO, Vepery Police Station",Arrest the accused,4.0,,2026-08-10T05:12:58+05:30,Draft,agent:action_planner,playbook,,,,INC-20260810-7F7950
ACT-db55fb4b3a79,,POL-GCP,,Deputy Commissioner of Police,Close,5.0,,2026-08-10T06:24:58+05:30,Draft,agent:action_planner,playbook,,,,INC-20260810-7F7950
ACT-abbbb64e17cb,,POL-GCP,,"SHO, Ayanavaram Police Station",Register the complaint,1.0,,2026-08-10T23:27:07+05:30,Draft,agent:action_planner,playbook,,,,INC-20260810-93E783
ACT-2e649f7b69b6,,POL-GCP,,"SHO, Ayanavaram Police Station",Circulate details,2.0,,2026-08-11T01:51:07+05:30,Draft,agent:action_planner,playbook,,,,INC-20260810-93E783
ACT-b7cd75afc05b,,POL-GCP,,"SHO, Ayanavaram Police Station",Search,3.0,,2026-08-11T04:15:07+05:30,Draft,agent:action_planner,playbook,,,,INC-20260810-93E783
ACT-103ed5efc1d5,,POL-GCP,,"SHO, Ayanavaram Police Station",Trace,4.0,,2026-08-11T06:39:07+05:30,Draft,agent:action_planner,playbook,,,,INC-20260810-93E783
ACT-9986759c0832,,POL-GCP,,Deputy Commissioner of Police,Close,5.0,,2026-08-11T09:03:07+05:30,Draft,agent:action_planner,playbook,,,,INC-20260810-93E783
ACT-57d3f004b0e6,,POL-GCP,,"SHO, Egmore Police Station",Respond immediately,1.0,,2026-08-10T01:13:39+05:30,Draft,agent:action_planner,playbook,,,,INC-20260810-9C2CAD
ACT-2af90b6b4e34,,POL-GCP,,"SHO, Egmore Police Station",Register the case,2.0,,2026-08-10T01:37:39+05:30,Draft,agent:action_planner,playbook,,,,INC-20260810-9C2CAD
ACT-fd3e1647b9de,,POL-GCP,,"SHO, Egmore Police Station",Protect the victim,3.0,,2026-08-10T02:01:39+05:30,Draft,agent:action_planner,playbook,,,,INC-20260810-9C2CAD
ACT-f49c8cc31e51,,POL-GCP,,"SHO, Egmore Police Station",Arrest the accused,4.0,,2026-08-10T02:25:39+05:30,Draft,agent:action_planner,playbook,,,,INC-20260810-9C2CAD
ACT-38fd1de33c6f,,POL-GCP,,Deputy Commissioner of Police,Close,5.0,,2026-08-10T02:49:39+05:30,Draft,agent:action_planner,playbook,,,,INC-20260810-9C2CAD
ACT-75eb13b1e589,,PWD-WRD,,"Assistant Executive Engineer, Water Bodies Protection (Encroachment) Cell (S. Palanisamy)",Deploy pumps and clear standing water,1.0,,2026-08-10T11:29:17+05:30,Draft,agent:action_planner,playbook,,,,INC-20260810-ADD95E
ACT-fbfc292a11f1,,PWD-WRD,,"Assistant Executive Engineer, Water Bodies Protection (Encroachment) Cell (S. Palanisamy)",Clear drain inlets and silt,2.0,,2026-08-10T12:41:17+05:30,Draft,agent:action_planner,playbook,,,,INC-20260810-ADD95E
ACT-c5effeb3a9a6,,PWD-WRD,,"Assistant Executive Engineer, Water Bodies Protection (Encroachment) Cell (S. Palanisamy)",Divert traffic and barricade,3.0,,2026-08-10T13:53:17+05:30,Draft,agent:action_planner,playbook,,,,INC-20260810-ADD95E
ACT-7a4a4bcf0ea6,,PWD-WRD,,"Assistant Executive Engineer, Water Bodies Protection (Encroachment) Cell (S. Palanisamy)",Check low-lying homes for evacuation,4.0,,2026-08-10T15:05:17+05:30,Draft,agent:action_planner,playbook,,,,INC-20260810-ADD95E
ACT-d914c58daee6,,PWD-WRD,,Superintending Engineer (WRD),Submit completion report with photo,5.0,,2026-08-10T16:17:17+05:30,Draft,agent:action_planner,playbook,,,,INC-20260810-ADD95E
ACT-33e41ec0ddd6,,POL-GCP,,Deputy Commissioner of Police,Support flooding & waterlogging response,,,2026-08-10T13:17:17+05:30,Draft,agent:action_planner,coordination,,,,INC-20260810-ADD95E
ACT-e0119eacd9a6,,DIST-DM,,District Revenue Officer (Disaster),Support flooding & waterlogging response,,,2026-08-10T13:17:17+05:30,Draft,agent:action_planner,coordination,,,,INC-20260810-ADD95E
ACT-8bf908d99852,,POL-GCP,,"SHO, Saidapet Police Station",Register the complaint,1.0,,2026-08-10T23:41:01+05:30,Draft,agent:action_planner,playbook,,,,INC-20260810-F8A837
ACT-179aa8daf5b7,,POL-GCP,,"SHO, Saidapet Police Station",Circulate details,2.0,,2026-08-11T02:05:01+05:30,Draft,agent:action_planner,playbook,,,,INC-20260810-F8A837
ACT-dcad59cc276e,,POL-GCP,,"SHO, Saidapet Police Station",Search,3.0,,2026-08-11T04:29:01+05:30,Draft,agent:action_planner,playbook,,,,INC-20260810-F8A837
ACT-da5dcde722f0,,POL-GCP,,"SHO, Saidapet Police Station",Trace,4.0,,2026-08-11T06:53:01+05:30,Draft,agent:action_planner,playbook,,,,INC-20260810-F8A837
ACT-c0eb33f6fe99,,POL-GCP,,Deputy Commissioner of Police,Close,5.0,,2026-08-11T09:17:01+05:30,Draft,agent:action_planner,playbook,,,,INC-20260810-F8A837
ACT-7ce39f031e16,,POL-GCP,,"SHO, Ambattur Estate Police Station",Respond immediately,1.0,,2026-08-11T22:09:18+05:30,Draft,agent:action_planner,playbook,,,,INC-20260811-27D0EC
ACT-4e967e19092c,,POL-GCP,,"SHO, Ambattur Estate Police Station",Register the case,2.0,,2026-08-11T22:33:18+05:30,Draft,agent:action_planner,playbook,,,,INC-20260811-27D0EC
ACT-15fc1eff5092,,POL-GCP,,"SHO, Ambattur Estate Police Station",Protect the victim,3.0,,2026-08-11T22:57:18+05:30,Draft,agent:action_planner,playbook,,,,INC-20260811-27D0EC
ACT-2ca2e43ce561,,POL-GCP,,"SHO, Ambattur Estate Police Station",Arrest the accused,4.0,,2026-08-11T23:21:18+05:30,Draft,agent:action_planner,playbook,,,,INC-20260811-27D0EC
ACT-0bd484a30750,,POL-GCP,,Deputy Commissioner of Police,Close,5.0,,2026-08-11T23:45:18+05:30,Draft,agent:action_planner,playbook,,,,INC-20260811-27D0EC
ACT-0614ad8f7529,,POL-GCP,,"SHO, Kilpauk Police Station",Send patrol and ambulance,1.0,,2026-08-12T18:20:39+05:30,Draft,agent:action_planner,playbook,,,,INC-20260812-7F29C3
ACT-2e9635f1729f,,POL-GCP,,"SHO, Kilpauk Police Station",Clear the carriageway,2.0,,2026-08-12T19:32:39+05:30,Draft,agent:action_planner,playbook,,,,INC-20260812-7F29C3
ACT-732568f4e950,,POL-GCP,,"SHO, Kilpauk Police Station",Register the case,3.0,,2026-08-12T20:44:39+05:30,Draft,agent:action_planner,playbook,,,,INC-20260812-7F29C3
ACT-0232b2c2fa09,,POL-GCP,,"SHO, Kilpauk Police Station",Check road defects at the spot,4.0,,2026-08-12T21:56:39+05:30,Draft,agent:action_planner,playbook,,,,INC-20260812-7F29C3
ACT-149d6041637b,,POL-GCP,,Deputy Commissioner of Police,Close with report,5.0,,2026-08-12T23:08:39+05:30,Draft,agent:action_planner,playbook,,,,INC-20260812-7F29C3
ACT-3932ec11e2aa,,GCC-ENG,,Superintending Engineer,Support road accident response,,,2026-08-12T20:08:39+05:30,Draft,agent:action_planner,coordination,,,,INC-20260812-7F29C3
ACT-7d2ab0016139,,HLT-DMS,,Director of Medical Services,Support road accident response,,,2026-08-12T20:08:39+05:30,Draft,agent:action_planner,coordination,,,,INC-20260812-7F29C3
ACT-d0e357d72721,,POL-GCP,,"SHO, ICF Police Station",Send patrol and ambulance,1.0,,2026-08-12T23:36:30+05:30,Draft,agent:action_planner,playbook,,,,INC-20260812-92DEE7
ACT-c27d8e535875,,POL-GCP,,"SHO, ICF Police Station",Clear the carriageway,2.0,,2026-08-13T00:00:30+05:30,Draft,agent:action_planner,playbook,,,,INC-20260812-92DEE7
ACT-2908fe8a193a,,POL-GCP,,"SHO, ICF Police Station",Register the case,3.0,,2026-08-13T00:24:30+05:30,Draft,agent:action_planner,playbook,,,,INC-20260812-92DEE7
ACT-e4a025c55946,,POL-GCP,,"SHO, ICF Police Station",Check road defects at the spot,4.0,,2026-08-13T00:48:30+05:30,Draft,agent:action_planner,playbook,,,,INC-20260812-92DEE7
ACT-a2f43076e057,,POL-GCP,,Deputy Commissioner of Police,Close with report,5.0,,2026-08-13T01:12:30+05:30,Draft,agent:action_planner,playbook,,,,INC-20260812-92DEE7
ACT-dcb0ffd5547f,,GCC-ENG,,Superintending Engineer,Support road accident response,,,2026-08-13T00:12:30+05:30,Draft,agent:action_planner,coordination,,,,INC-20260812-92DEE7
ACT-5dd81263d186,,HLT-DMS,,Director of Medical Services,Support road accident response,,,2026-08-13T00:12:30+05:30,Draft,agent:action_planner,coordination,,,,INC-20260812-92DEE7
ACT-a40fd5122b94,,POL-GCP,,"SHO, Triplicane Police Station",Respond immediately,1.0,,2026-08-12T21:04:02+05:30,Draft,agent:action_planner,playbook,,,,INC-20260812-997B24
ACT-17ec043ac84a,,POL-GCP,,"SHO, Triplicane Police Station",Register the case,2.0,,2026-08-12T21:28:02+05:30,Draft,agent:action_planner,playbook,,,,INC-20260812-997B24
ACT-af4087bfe60d,,POL-GCP,,"SHO, Triplicane Police Station",Protect the victim,3.0,,2026-08-12T21:52:02+05:30,Draft,agent:action_planner,playbook,,,,INC-20260812-997B24
ACT-56c30a31e436,,POL-GCP,,"SHO, Triplicane Police Station",Arrest the accused,4.0,,2026-08-12T22:16:02+05:30,Draft,agent:action_planner,playbook,,,,INC-20260812-997B24
ACT-111c6bcddc6d,,POL-GCP,,Deputy Commissioner of Police,Close,5.0,,2026-08-12T22:40:02+05:30,Draft,agent:action_planner,playbook,,,,INC-20260812-997B24
ACT-6d9af8c6bc56,,POL-GCP,,"SHO, Saidapet Police Station",Respond immediately,1.0,,2026-08-12T11:16:48+05:30,Draft,agent:action_planner,playbook,,,,INC-20260812-C5C94D
ACT-4012d0fedc7e,,POL-GCP,,"SHO, Saidapet Police Station",Register the case,2.0,,2026-08-12T11:40:48+05:30,Draft,agent:action_planner,playbook,,,,INC-20260812-C5C94D
ACT-ae738b51eec5,,POL-GCP,,"SHO, Saidapet Police Station",Protect the victim,3.0,,2026-08-12T12:04:48+05:30,Draft,agent:action_planner,playbook,,,,INC-20260812-C5C94D
ACT-db8208ff243f,,POL-GCP,,"SHO, Saidapet Police Station",Arrest the accused,4.0,,2026-08-12T12:28:48+05:30,Draft,agent:action_planner,playbook,,,,INC-20260812-C5C94D
ACT-a37461e8811e,,POL-GCP,,Deputy Commissioner of Police,Close,5.0,,2026-08-12T12:52:48+05:30,Draft,agent:action_planner,playbook,,,,INC-20260812-C5C94D
ACT-1f7cc194f8cf,,POL-GCP,,"SHO, Puzhal Police Station",Respond immediately,1.0,,2026-08-14T00:01:22+05:30,Draft,agent:action_planner,playbook,,,,INC-20260813-511879
ACT-f0ee765d44ec,,POL-GCP,,"SHO, Puzhal Police Station",Register the case,2.0,,2026-08-14T00:25:22+05:30,Draft,agent:action_planner,playbook,,,,INC-20260813-511879
ACT-09d28ffd1a36,,POL-GCP,,"SHO, Puzhal Police Station",Protect the victim,3.0,,2026-08-14T00:49:22+05:30,Draft,agent:action_planner,playbook,,,,INC-20260813-511879
ACT-da2241f5f390,,POL-GCP,,"SHO, Puzhal Police Station",Arrest the accused,4.0,,2026-08-14T01:13:22+05:30,Draft,agent:action_planner,playbook,,,,INC-20260813-511879
ACT-4d8c63e3683f,,POL-GCP,,Deputy Commissioner of Police,Close,5.0,,2026-08-14T01:37:22+05:30,Draft,agent:action_planner,playbook,,,,INC-20260813-511879
ACT-636ae9d10dd9,,POL-GCP,,"SHO, Kannagi Nagar Police Station",Register the complaint,1.0,,2026-08-13T05:53:28+05:30,Draft,agent:action_planner,playbook,,,,INC-20260813-77D5C8
ACT-8f2b8dbc6eec,,POL-GCP,,"SHO, Kannagi Nagar Police Station",Circulate details,2.0,,2026-08-13T08:17:28+05:30,Draft,agent:action_planner,playbook,,,,INC-20260813-77D5C8
ACT-823463744b6d,,POL-GCP,,"SHO, Kannagi Nagar Police Station",Search,3.0,,2026-08-13T10:41:28+05:30,Draft,agent:action_planner,playbook,,,,INC-20260813-77D5C8
ACT-c825902ee577,,POL-GCP,,"SHO, Kannagi Nagar Police Station",Trace,4.0,,2026-08-13T13:05:28+05:30,Draft,agent:action_planner,playbook,,,,INC-20260813-77D5C8
ACT-f9737f90517b,,POL-GCP,,Deputy Commissioner of Police,Close,5.0,,2026-08-13T15:29:28+05:30,Draft,agent:action_planner,playbook,,,,INC-20260813-77D5C8
ACT-db90dccda9b2,,POL-GCP,,"SHO, Saidapet Police Station",Register the complaint,1.0,,2026-08-13T20:30:58+05:30,Draft,agent:action_planner,playbook,,,,INC-20260813-896E26
ACT-804b83c46291,,POL-GCP,,"SHO, Saidapet Police Station",Circulate details,2.0,,2026-08-13T22:54:58+05:30,Draft,agent:action_planner,playbook,,,,INC-20260813-896E26
ACT-3ce82921356d,,POL-GCP,,"SHO, Saidapet Police Station",Search,3.0,,2026-08-14T01:18:58+05:30,Draft,agent:action_planner,playbook,,,,INC-20260813-896E26
ACT-d964d82ea55a,,POL-GCP,,"SHO, Saidapet Police Station",Trace,4.0,,2026-08-14T03:42:58+05:30,Draft,agent:action_planner,playbook,,,,INC-20260813-896E26
ACT-20c17881aadc,,POL-GCP,,Deputy Commissioner of Police,Close,5.0,,2026-08-14T06:06:58+05:30,Draft,agent:action_planner,playbook,,,,INC-20260813-896E26
ACT-160dc78ea259,,POL-GCP,,"SHO, Teynampet Police Station",Respond immediately,1.0,,2026-08-14T03:57:11+05:30,Draft,agent:action_planner,playbook,,,,INC-20260814-8CEB15
ACT-85c08dd4a623,,POL-GCP,,"SHO, Teynampet Police Station",Register the case,2.0,,2026-08-14T04:21:11+05:30,Draft,agent:action_planner,playbook,,,,INC-20260814-8CEB15
ACT-c3c4d7b59d69,,POL-GCP,,"SHO, Teynampet Police Station",Protect the victim,3.0,,2026-08-14T04:45:11+05:30,Draft,agent:action_planner,playbook,,,,INC-20260814-8CEB15
ACT-776a9bb28286,,POL-GCP,,"SHO, Teynampet Police Station",Arrest the accused,4.0,,2026-08-14T05:09:11+05:30,Draft,agent:action_planner,playbook,,,,INC-20260814-8CEB15
ACT-9f7682809157,,POL-GCP,,Deputy Commissioner of Police,Close,5.0,,2026-08-14T05:33:11+05:30,Draft,agent:action_planner,playbook,,,,INC-20260814-8CEB15
ACT-656f9287b3ca,,POL-GCP,,"SHO, ICF Police Station",Register the complaint,1.0,,2026-08-15T09:51:23+05:30,Draft,agent:action_planner,playbook,,,,INC-20260815-97A024
ACT-c0d01146f61b,,POL-GCP,,"SHO, ICF Police Station",Circulate details,2.0,,2026-08-15T12:15:23+05:30,Draft,agent:action_planner,playbook,,,,INC-20260815-97A024
ACT-772231ed03f3,,POL-GCP,,"SHO, ICF Police Station",Search,3.0,,2026-08-15T14:39:23+05:30,Draft,agent:action_planner,playbook,,,,INC-20260815-97A024
ACT-e76bb16eb432,,POL-GCP,,"SHO, ICF Police Station",Trace,4.0,,2026-08-15T17:03:23+05:30,Draft,agent:action_planner,playbook,,,,INC-20260815-97A024
ACT-d9344d2f305a,,POL-GCP,,Deputy Commissioner of Police,Close,5.0,,2026-08-15T19:27:23+05:30,Draft,agent:action_planner,playbook,,,,INC-20260815-97A024
ACT-07dd6f53b76e,,POL-GCP,,"SHO, Mylapore Police Station",Register the complaint,1.0,,2026-08-15T17:03:12+05:30,Draft,agent:action_planner,playbook,,,,INC-20260815-FD26D0
ACT-086a754f975d,,POL-GCP,,"SHO, Mylapore Police Station",Circulate details,2.0,,2026-08-15T19:27:12+05:30,Draft,agent:action_planner,playbook,,,,INC-20260815-FD26D0
ACT-a3a61d7dfc3f,,POL-GCP,,"SHO, Mylapore Police Station",Search,3.0,,2026-08-15T21:51:12+05:30,Draft,agent:action_planner,playbook,,,,INC-20260815-FD26D0
ACT-d233b165d009,,POL-GCP,,"SHO, Mylapore Police Station",Trace,4.0,,2026-08-16T00:15:12+05:30,Draft,agent:action_planner,playbook,,,,INC-20260815-FD26D0
ACT-4e104461f614,,POL-GCP,,Deputy Commissioner of Police,Close,5.0,,2026-08-16T02:39:12+05:30,Draft,agent:action_planner,playbook,,,,INC-20260815-FD26D0
ACT-3335a3ed2589,,POL-GCP,,"SHO, Saidapet Police Station",Respond immediately,1.0,,2026-08-16T13:03:04+05:30,Draft,agent:action_planner,playbook,,,,INC-20260816-B408FB
ACT-6227ead3a031,,POL-GCP,,"SHO, Saidapet Police Station",Register the case,2.0,,2026-08-16T14:15:04+05:30,Draft,agent:action_planner,playbook,,,,INC-20260816-B408FB
ACT-a3d92c9660e6,,POL-GCP,,"SHO, Saidapet Police Station",Protect the victim,3.0,,2026-08-16T15:27:04+05:30,Draft,agent:action_planner,playbook,,,,INC-20260816-B408FB
ACT-cc24abb4a0aa,,POL-GCP,,"SHO, Saidapet Police Station",Arrest the accused,4.0,,2026-08-16T16:39:04+05:30,Draft,agent:action_planner,playbook,,,,INC-20260816-B408FB
ACT-3417260898f5,,POL-GCP,,Deputy Commissioner of Police,Close,5.0,,2026-08-16T17:51:04+05:30,Draft,agent:action_planner,playbook,,,,INC-20260816-B408FB
ACT-680470d1ce47,,POL-GCP,,"SHO, Korattur Police Station",Register the complaint,1.0,,2026-08-17T20:07:08+05:30,Draft,agent:action_planner,playbook,,,,INC-20260817-6B544A
ACT-6922fc0d266b,,POL-GCP,,"SHO, Korattur Police Station",Circulate details,2.0,,2026-08-17T22:31:08+05:30,Draft,agent:action_planner,playbook,,,,INC-20260817-6B544A
ACT-9d93f81b39aa,,POL-GCP,,"SHO, Korattur Police Station",Search,3.0,,2026-08-18T00:55:08+05:30,Draft,agent:action_planner,playbook,,,,INC-20260817-6B544A
ACT-4bbd664d623d,,POL-GCP,,"SHO, Korattur Police Station",Trace,4.0,,2026-08-18T03:19:08+05:30,Draft,agent:action_planner,playbook,,,,INC-20260817-6B544A
ACT-dd5833763fb8,,POL-GCP,,Deputy Commissioner of Police,Close,5.0,,2026-08-18T05:43:08+05:30,Draft,agent:action_planner,playbook,,,,INC-20260817-6B544A
ACT-45708d89092b,,POL-GCP,,"SHO, Pulianthope Police Station",Respond immediately,1.0,,2026-08-17T17:37:32+05:30,Draft,agent:action_planner,playbook,,,,INC-20260817-F1E5AE
ACT-0f634da252b2,,POL-GCP,,"SHO, Pulianthope Police Station",Register the case,2.0,,2026-08-17T18:01:32+05:30,Draft,agent:action_planner,playbook,,,,INC-20260817-F1E5AE
ACT-a7595fe7877d,,POL-GCP,,"SHO, Pulianthope Police Station",Protect the victim,3.0,,2026-08-17T18:25:32+05:30,Draft,agent:action_planner,playbook,,,,INC-20260817-F1E5AE
ACT-6f839e662bb8,,POL-GCP,,"SHO, Pulianthope Police Station",Arrest the accused,4.0,,2026-08-17T18:49:32+05:30,Draft,agent:action_planner,playbook,,,,INC-20260817-F1E5AE
ACT-29356e8a97fd,,POL-GCP,,Deputy Commissioner of Police,Close,5.0,,2026-08-17T19:13:32+05:30,Draft,agent:action_planner,playbook,,,,INC-20260817-F1E5AE
ACT-7538b0e617df,,POL-GCP,,"SHO, Mylapore Police Station",Send patrol and ambulance,1.0,,2026-08-19T00:18:41+05:30,Draft,agent:action_planner,playbook,,,,INC-20260818-1FD60C
ACT-237c62ac842e,,POL-GCP,,"SHO, Mylapore Police Station",Clear the carriageway,2.0,,2026-08-19T00:42:41+05:30,Draft,agent:action_planner,playbook,,,,INC-20260818-1FD60C
ACT-17df76770fb2,,POL-GCP,,"SHO, Mylapore Police Station",Register the case,3.0,,2026-08-19T01:06:41+05:30,Draft,agent:action_planner,playbook,,,,INC-20260818-1FD60C
ACT-9e77503b66cf,,POL-GCP,,"SHO, Mylapore Police Station",Check road defects at the spot,4.0,,2026-08-19T01:30:41+05:30,Draft,agent:action_planner,playbook,,,,INC-20260818-1FD60C
ACT-8b4b1073b76a,,POL-GCP,,Deputy Commissioner of Police,Close with report,5.0,,2026-08-19T01:54:41+05:30,Draft,agent:action_planner,playbook,,,,INC-20260818-1FD60C
ACT-e3ac7bdc33e1,,GCC-ENG,,Superintending Engineer,Support road accident response,,,2026-08-19T00:54:41+05:30,Draft,agent:action_planner,coordination,,,,INC-20260818-1FD60C
ACT-4adc9e120932,,HLT-DMS,,Director of Medical Services,Support road accident response,,,2026-08-19T00:54:41+05:30,Draft,agent:action_planner,coordination,,,,INC-20260818-1FD60C
ACT-c5a7ea3daa0c,,POL-GCP,,"SHO, Vyasarpadi Police Station",Respond immediately,1.0,,2026-08-18T16:03:01+05:30,Draft,agent:action_planner,playbook,,,,INC-20260818-620E15
ACT-4ed993cd3ec7,,POL-GCP,,"SHO, Vyasarpadi Police Station",Register the case,2.0,,2026-08-18T17:15:01+05:30,Draft,agent:action_planner,playbook,,,,INC-20260818-620E15
ACT-f91a2b5adb98,,POL-GCP,,"SHO, Vyasarpadi Police Station",Protect the victim,3.0,,2026-08-18T18:27:01+05:30,Draft,agent:action_planner,playbook,,,,INC-20260818-620E15
ACT-9fdbedf49234,,POL-GCP,,"SHO, Vyasarpadi Police Station",Arrest the accused,4.0,,2026-08-18T19:39:01+05:30,Draft,agent:action_planner,playbook,,,,INC-20260818-620E15
ACT-926bc8d4ea4c,,POL-GCP,,Deputy Commissioner of Police,Close,5.0,,2026-08-18T20:51:01+05:30,Draft,agent:action_planner,playbook,,,,INC-20260818-620E15
ACT-154cfa28d238,,POL-GCP,,"SHO, Thirumangalam Police Station",Register the complaint,1.0,,2026-08-18T08:41:10+05:30,Draft,agent:action_planner,playbook,,,,INC-20260818-D15FE3
ACT-21a315dd5e0f,,POL-GCP,,"SHO, Thirumangalam Police Station",Circulate details,2.0,,2026-08-18T11:05:10+05:30,Draft,agent:action_planner,playbook,,,,INC-20260818-D15FE3
ACT-3e04783f17b1,,POL-GCP,,"SHO, Thirumangalam Police Station",Search,3.0,,2026-08-18T13:29:10+05:30,Draft,agent:action_planner,playbook,,,,INC-20260818-D15FE3
ACT-d429e6a3fe97,,POL-GCP,,"SHO, Thirumangalam Police Station",Trace,4.0,,2026-08-18T15:53:10+05:30,Draft,agent:action_planner,playbook,,,,INC-20260818-D15FE3
ACT-0a1307be295c,,POL-GCP,,Deputy Commissioner of Police,Close,5.0,,2026-08-18T18:17:10+05:30,Draft,agent:action_planner,playbook,,,,INC-20260818-D15FE3
ACT-a7bf7de4994a,,POL-GCP,,"SHO, Kolathur Police Station",Register the complaint,1.0,,2026-08-18T18:47:38+05:30,Draft,agent:action_planner,playbook,,,,INC-20260818-FC97D1
ACT-0186523e8ee3,,POL-GCP,,"SHO, Kolathur Police Station",Circulate details,2.0,,2026-08-18T21:11:38+05:30,Draft,agent:action_planner,playbook,,,,INC-20260818-FC97D1
ACT-647d9f05e9ca,,POL-GCP,,"SHO, Kolathur Police Station",Search,3.0,,2026-08-18T23:35:38+05:30,Draft,agent:action_planner,playbook,,,,INC-20260818-FC97D1
ACT-4f28c86e3322,,POL-GCP,,"SHO, Kolathur Police Station",Trace,4.0,,2026-08-19T01:59:38+05:30,Draft,agent:action_planner,playbook,,,,INC-20260818-FC97D1
ACT-b676dbe83b20,,POL-GCP,,Deputy Commissioner of Police,Close,5.0,,2026-08-19T04:23:38+05:30,Draft,agent:action_planner,playbook,,,,INC-20260818-FC97D1
ACT-2e88b4c063f1,,PWD-BLD,,"Assistant Executive Engineer, Buildings Sub-Division, Egmore (M. Nandhini)",Inspect the structure,1.0,,2026-08-19T23:23:59+05:30,Draft,agent:action_planner,playbook,,,,INC-20260819-70432E
ACT-5399cc303715,,PWD-BLD,,"Assistant Executive Engineer, Buildings Sub-Division, Egmore (M. Nandhini)",Cordon off the area,2.0,,2026-08-20T04:11:59+05:30,Draft,agent:action_planner,playbook,,,,INC-20260819-70432E
ACT-a33c4c90aba9,,PWD-BLD,,"Assistant Executive Engineer, Buildings Sub-Division, Egmore (M. Nandhini)",Shift occupants if unsafe,3.0,,2026-08-20T08:59:59+05:30,Draft,agent:action_planner,playbook,,,,INC-20260819-70432E
ACT-89714f2f6157,,PWD-BLD,,"Assistant Executive Engineer, Buildings Sub-Division, Egmore (M. Nandhini)",Repair or demolish,4.0,,2026-08-20T13:47:59+05:30,Draft,agent:action_planner,playbook,,,,INC-20260819-70432E
ACT-60534d8c3439,,PWD-BLD,,Superintending Engineer (Buildings),Close with report,5.0,,2026-08-20T18:35:59+05:30,Draft,agent:action_planner,playbook,,,,INC-20260819-70432E
ACT-0f5ca1c70b34,,GCC-ENG,,Superintending Engineer,Support unsafe buildings & walls response,,,2026-08-20T06:35:59+05:30,Draft,agent:action_planner,coordination,,,,INC-20260819-70432E
ACT-5fd3775b8a46,,DIST-DM,,District Revenue Officer (Disaster),Support unsafe buildings & walls response,,,2026-08-20T06:35:59+05:30,Draft,agent:action_planner,coordination,,,,INC-20260819-70432E
ACT-2e58d642ff6b,,POL-GCP,,"SHO, Teynampet Police Station",Respond immediately,1.0,,2026-08-20T14:17:40+05:30,Draft,agent:action_planner,playbook,,,,INC-20260820-8C5369
ACT-cd1f5d3ac410,,POL-GCP,,"SHO, Teynampet Police Station",Register the case,2.0,,2026-08-20T14:41:40+05:30,Draft,agent:action_planner,playbook,,,,INC-20260820-8C5369
ACT-4160a2518c41,,POL-GCP,,"SHO, Teynampet Police Station",Protect the victim,3.0,,2026-08-20T15:05:40+05:30,Draft,agent:action_planner,playbook,,,,INC-20260820-8C5369
ACT-6ed0f522f109,,POL-GCP,,"SHO, Teynampet Police Station",Arrest the accused,4.0,,2026-08-20T15:29:40+05:30,Draft,agent:action_planner,playbook,,,,INC-20260820-8C5369
ACT-0af0cc22072d,,POL-GCP,,Deputy Commissioner of Police,Close,5.0,,2026-08-20T15:53:40+05:30,Draft,agent:action_planner,playbook,,,,INC-20260820-8C5369
ACT-6fa06e46907e,,POL-GCP,,"SHO, Mambalam Police Station",Register the complaint,1.0,,2026-08-21T06:35:49+05:30,Draft,agent:action_planner,playbook,,,,INC-20260821-36972F
ACT-6a58dfa07bcc,,POL-GCP,,"SHO, Mambalam Police Station",Circulate details,2.0,,2026-08-21T08:59:49+05:30,Draft,agent:action_planner,playbook,,,,INC-20260821-36972F
ACT-0e5a328605d6,,POL-GCP,,"SHO, Mambalam Police Station",Search,3.0,,2026-08-21T11:23:49+05:30,Draft,agent:action_planner,playbook,,,,INC-20260821-36972F
ACT-48b1cf83dd29,,POL-GCP,,"SHO, Mambalam Police Station",Trace,4.0,,2026-08-21T13:47:49+05:30,Draft,agent:action_planner,playbook,,,,INC-20260821-36972F
ACT-52fde910e986,,POL-GCP,,Deputy Commissioner of Police,Close,5.0,,2026-08-21T16:11:49+05:30,Draft,agent:action_planner,playbook,,,,INC-20260821-36972F
ACT-53e8b9f9a8bd,,POL-GCP,,"SHO, M.K.B. Nagar Police Station",Register the complaint,1.0,,2026-08-21T08:29:21+05:30,Draft,agent:action_planner,playbook,,,,INC-20260821-4C77D6
ACT-8bb04b810091,,POL-GCP,,"SHO, M.K.B. Nagar Police Station",Circulate details,2.0,,2026-08-21T10:53:21+05:30,Draft,agent:action_planner,playbook,,,,INC-20260821-4C77D6
ACT-45e82a2fd45b,,POL-GCP,,"SHO, M.K.B. Nagar Police Station",Search,3.0,,2026-08-21T13:17:21+05:30,Draft,agent:action_planner,playbook,,,,INC-20260821-4C77D6
ACT-6ef0b841bfc2,,POL-GCP,,"SHO, M.K.B. Nagar Police Station",Trace,4.0,,2026-08-21T15:41:21+05:30,Draft,agent:action_planner,playbook,,,,INC-20260821-4C77D6
ACT-60836815b15a,,POL-GCP,,Deputy Commissioner of Police,Close,5.0,,2026-08-21T18:05:21+05:30,Draft,agent:action_planner,playbook,,,,INC-20260821-4C77D6
ACT-5c16a19043c3,,POL-GCP,,"SHO, Kannagi Nagar Police Station",Register the complaint,1.0,,2026-08-22T23:52:52+05:30,Draft,agent:action_planner,playbook,,,,INC-20260822-505548
ACT-f54bb368cc5b,,POL-GCP,,"SHO, Kannagi Nagar Police Station",Circulate details,2.0,,2026-08-23T02:16:52+05:30,Draft,agent:action_planner,playbook,,,,INC-20260822-505548
ACT-0ff6acb4a04d,,POL-GCP,,"SHO, Kannagi Nagar Police Station",Search,3.0,,2026-08-23T04:40:52+05:30,Draft,agent:action_planner,playbook,,,,INC-20260822-505548
ACT-495054475aa1,,POL-GCP,,"SHO, Kannagi Nagar Police Station",Trace,4.0,,2026-08-23T07:04:52+05:30,Draft,agent:action_planner,playbook,,,,INC-20260822-505548
ACT-779f6265bd4f,,POL-GCP,,Deputy Commissioner of Police,Close,5.0,,2026-08-23T09:28:52+05:30,Draft,agent:action_planner,playbook,,,,INC-20260822-505548
ACT-88fb0cd4434d,,POL-GCP,,"SHO, Thiruvanmiyur Police Station",Respond immediately,1.0,,2026-08-22T14:15:39+05:30,Draft,agent:action_planner,playbook,,,,INC-20260822-9512BA
ACT-d1c9e2bd91ff,,POL-GCP,,"SHO, Thiruvanmiyur Police Station",Register the case,2.0,,2026-08-22T15:27:39+05:30,Draft,agent:action_planner,playbook,,,,INC-20260822-9512BA
ACT-6e02c8de2bde,,POL-GCP,,"SHO, Thiruvanmiyur Police Station",Protect the victim,3.0,,2026-08-22T16:39:39+05:30,Draft,agent:action_planner,playbook,,,,INC-20260822-9512BA
ACT-69f6d241ee5f,,POL-GCP,,"SHO, Thiruvanmiyur Police Station",Arrest the accused,4.0,,2026-08-22T17:51:39+05:30,Draft,agent:action_planner,playbook,,,,INC-20260822-9512BA
ACT-16186ff25481,,POL-GCP,,Deputy Commissioner of Police,Close,5.0,,2026-08-22T19:03:39+05:30,Draft,agent:action_planner,playbook,,,,INC-20260822-9512BA
ACT-28de199dd576,,POL-GCP,,"SHO, Pulianthope Police Station",Respond immediately,1.0,,2026-08-22T08:13:17+05:30,Draft,agent:action_planner,playbook,,,,INC-20260822-F2E37C
ACT-a9704385b25f,,POL-GCP,,"SHO, Pulianthope Police Station",Register the case,2.0,,2026-08-22T09:25:17+05:30,Draft,agent:action_planner,playbook,,,,INC-20260822-F2E37C
ACT-47d4f8fc9c7d,,POL-GCP,,"SHO, Pulianthope Police Station",Protect the victim,3.0,,2026-08-22T10:37:17+05:30,Draft,agent:action_planner,playbook,,,,INC-20260822-F2E37C
ACT-f361e02e0487,,POL-GCP,,"SHO, Pulianthope Police Station",Arrest the accused,4.0,,2026-08-22T11:49:17+05:30,Draft,agent:action_planner,playbook,,,,INC-20260822-F2E37C
ACT-952ee1929474,,POL-GCP,,Deputy Commissioner of Police,Close,5.0,,2026-08-22T13:01:17+05:30,Draft,agent:action_planner,playbook,,,,INC-20260822-F2E37C
ACT-f8841f3e4974,,POL-GCP,,"SHO, Sembiam Police Station",Register the complaint,1.0,,2026-08-23T16:27:59+05:30,Draft,agent:action_planner,playbook,,,,INC-20260823-130E77
ACT-ebd03abe3c10,,POL-GCP,,"SHO, Sembiam Police Station",Circulate details,2.0,,2026-08-23T18:51:59+05:30,Draft,agent:action_planner,playbook,,,,INC-20260823-130E77
ACT-df9bb6388738,,POL-GCP,,"SHO, Sembiam Police Station",Search,3.0,,2026-08-23T21:15:59+05:30,Draft,agent:action_planner,playbook,,,,INC-20260823-130E77
ACT-e914593006f9,,POL-GCP,,"SHO, Sembiam Police Station",Trace,4.0,,2026-08-23T23:39:59+05:30,Draft,agent:action_planner,playbook,,,,INC-20260823-130E77
ACT-fbe3977babe0,,POL-GCP,,Deputy Commissioner of Police,Close,5.0,,2026-08-24T02:03:59+05:30,Draft,agent:action_planner,playbook,,,,INC-20260823-130E77
ACT-1ffe0a32aec2,,POL-GCP,,"SHO, Tondiarpet Police Station",Register the complaint,1.0,,2026-08-23T06:21:13+05:30,Draft,agent:action_planner,playbook,,,,INC-20260823-505D31
ACT-169c251359b9,,POL-GCP,,"SHO, Tondiarpet Police Station",Circulate details,2.0,,2026-08-23T08:45:13+05:30,Draft,agent:action_planner,playbook,,,,INC-20260823-505D31
ACT-504ba5e14c45,,POL-GCP,,"SHO, Tondiarpet Police Station",Search,3.0,,2026-08-23T11:09:13+05:30,Draft,agent:action_planner,playbook,,,,INC-20260823-505D31
ACT-2518577a2360,,POL-GCP,,"SHO, Tondiarpet Police Station",Trace,4.0,,2026-08-23T13:33:13+05:30,Draft,agent:action_planner,playbook,,,,INC-20260823-505D31
ACT-ff6553211352,,POL-GCP,,Deputy Commissioner of Police,Close,5.0,,2026-08-23T15:57:13+05:30,Draft,agent:action_planner,playbook,,,,INC-20260823-505D31
ACT-703e4c985442,,POL-GCP,,"SHO, Valasaravakkam Police Station",Respond immediately,1.0,,2026-08-23T00:33:59+05:30,Draft,agent:action_planner,playbook,,,,INC-20260823-FA394E
ACT-8ca5797ce98a,,POL-GCP,,"SHO, Valasaravakkam Police Station",Register the case,2.0,,2026-08-23T00:57:59+05:30,Draft,agent:action_planner,playbook,,,,INC-20260823-FA394E
ACT-d465ec379dea,,POL-GCP,,"SHO, Valasaravakkam Police Station",Protect the victim,3.0,,2026-08-23T01:21:59+05:30,Draft,agent:action_planner,playbook,,,,INC-20260823-FA394E
ACT-a66df3edf00d,,POL-GCP,,"SHO, Valasaravakkam Police Station",Arrest the accused,4.0,,2026-08-23T01:45:59+05:30,Draft,agent:action_planner,playbook,,,,INC-20260823-FA394E
ACT-f0cf51661627,,POL-GCP,,Deputy Commissioner of Police,Close,5.0,,2026-08-23T02:09:59+05:30,Draft,agent:action_planner,playbook,,,,INC-20260823-FA394E
ACT-abc4a1126b7f,,POL-GCP,,"SHO, Ambattur Police Station",Register the complaint,1.0,,2026-08-24T23:37:07+05:30,Draft,agent:action_planner,playbook,,,,INC-20260824-88D00B
ACT-9a6d55903bed,,POL-GCP,,"SHO, Ambattur Police Station",Circulate details,2.0,,2026-08-25T02:01:07+05:30,Draft,agent:action_planner,playbook,,,,INC-20260824-88D00B
ACT-234a125e695e,,POL-GCP,,"SHO, Ambattur Police Station",Search,3.0,,2026-08-25T04:25:07+05:30,Draft,agent:action_planner,playbook,,,,INC-20260824-88D00B
ACT-e9977f5d8516,,POL-GCP,,"SHO, Ambattur Police Station",Trace,4.0,,2026-08-25T06:49:07+05:30,Draft,agent:action_planner,playbook,,,,INC-20260824-88D00B
ACT-42fe7c55123c,,POL-GCP,,Deputy Commissioner of Police,Close,5.0,,2026-08-25T09:13:07+05:30,Draft,agent:action_planner,playbook,,,,INC-20260824-88D00B
ACT-ba26295e709a,,POL-GCP,,"SHO, Kilpauk Police Station",Register the complaint,1.0,,2026-08-24T13:44:25+05:30,Draft,agent:action_planner,playbook,,,,INC-20260824-CF2F8F
ACT-b0dd434db0ff,,POL-GCP,,"SHO, Kilpauk Police Station",Circulate details,2.0,,2026-08-24T16:08:25+05:30,Draft,agent:action_planner,playbook,,,,INC-20260824-CF2F8F
ACT-9b43cfb44278,,POL-GCP,,"SHO, Kilpauk Police Station",Search,3.0,,2026-08-24T18:32:25+05:30,Draft,agent:action_planner,playbook,,,,INC-20260824-CF2F8F
ACT-ed8c835646ec,,POL-GCP,,"SHO, Kilpauk Police Station",Trace,4.0,,2026-08-24T20:56:25+05:30,Draft,agent:action_planner,playbook,,,,INC-20260824-CF2F8F
ACT-b3c9d26f9c41,,POL-GCP,,Deputy Commissioner of Police,Close,5.0,,2026-08-24T23:20:25+05:30,Draft,agent:action_planner,playbook,,,,INC-20260824-CF2F8F
ACT-7564da2d42d7,,POL-GCP,,"SHO, Kilpauk Police Station",Register the complaint,1.0,,2026-08-24T08:40:42+05:30,Draft,agent:action_planner,playbook,,,,INC-20260824-EB6087
ACT-bddb724e0810,,POL-GCP,,"SHO, Kilpauk Police Station",Circulate details,2.0,,2026-08-24T11:04:42+05:30,Draft,agent:action_planner,playbook,,,,INC-20260824-EB6087
ACT-b30829a37aa0,,POL-GCP,,"SHO, Kilpauk Police Station",Search,3.0,,2026-08-24T13:28:42+05:30,Draft,agent:action_planner,playbook,,,,INC-20260824-EB6087
ACT-23a74fa286e1,,POL-GCP,,"SHO, Kilpauk Police Station",Trace,4.0,,2026-08-24T15:52:42+05:30,Draft,agent:action_planner,playbook,,,,INC-20260824-EB6087
ACT-1695802a8a76,,POL-GCP,,Deputy Commissioner of Police,Close,5.0,,2026-08-24T18:16:42+05:30,Draft,agent:action_planner,playbook,,,,INC-20260824-EB6087
ACT-2c5b112a0bab,,POL-GCP,,"SHO, Kannagi Nagar Police Station",Send patrol and ambulance,1.0,,2026-08-25T11:41:04+05:30,Draft,agent:action_planner,playbook,,,,INC-20260825-44DD6B
ACT-c2e219d90322,,POL-GCP,,"SHO, Kannagi Nagar Police Station",Clear the carriageway,2.0,,2026-08-25T12:53:04+05:30,Draft,agent:action_planner,playbook,,,,INC-20260825-44DD6B
ACT-ded49a7f2214,,POL-GCP,,"SHO, Kannagi Nagar Police Station",Register the case,3.0,,2026-08-25T14:05:04+05:30,Draft,agent:action_planner,playbook,,,,INC-20260825-44DD6B
ACT-d93baa468a7e,,POL-GCP,,"SHO, Kannagi Nagar Police Station",Check road defects at the spot,4.0,,2026-08-25T15:17:04+05:30,Draft,agent:action_planner,playbook,,,,INC-20260825-44DD6B
ACT-5fcc2e5cc2bd,,POL-GCP,,Deputy Commissioner of Police,Close with report,5.0,,2026-08-25T16:29:04+05:30,Draft,agent:action_planner,playbook,,,,INC-20260825-44DD6B
ACT-be2169a34542,,GCC-ENG,,Superintending Engineer,Support road accident response,,,2026-08-25T13:29:04+05:30,Draft,agent:action_planner,coordination,,,,INC-20260825-44DD6B
ACT-f2facaa2a6b7,,HLT-DMS,,Director of Medical Services,Support road accident response,,,2026-08-25T13:29:04+05:30,Draft,agent:action_planner,coordination,,,,INC-20260825-44DD6B
ACT-e36f7a6f311f,,POL-GCP,,"SHO, Saidapet Police Station",Respond immediately,1.0,,2026-08-25T17:40:39+05:30,Draft,agent:action_planner,playbook,,,,INC-20260825-51CF9C
ACT-91e14ec927f5,,POL-GCP,,"SHO, Saidapet Police Station",Register the case,2.0,,2026-08-25T18:52:39+05:30,Draft,agent:action_planner,playbook,,,,INC-20260825-51CF9C
ACT-21042bf8650d,,POL-GCP,,"SHO, Saidapet Police Station",Protect the victim,3.0,,2026-08-25T20:04:39+05:30,Draft,agent:action_planner,playbook,,,,INC-20260825-51CF9C
ACT-c439de55ffde,,POL-GCP,,"SHO, Saidapet Police Station",Arrest the accused,4.0,,2026-08-25T21:16:39+05:30,Draft,agent:action_planner,playbook,,,,INC-20260825-51CF9C
ACT-2ec01242fb16,,POL-GCP,,Deputy Commissioner of Police,Close,5.0,,2026-08-25T22:28:39+05:30,Draft,agent:action_planner,playbook,,,,INC-20260825-51CF9C
ACT-e97ce1938445,,POL-GCP,,"SHO, Adyar Police Station",Respond immediately,1.0,,2026-08-25T09:41:13+05:30,Draft,agent:action_planner,playbook,,,,INC-20260825-6D5ED0
ACT-335513bc4956,,POL-GCP,,"SHO, Adyar Police Station",Register the case,2.0,,2026-08-25T10:53:13+05:30,Draft,agent:action_planner,playbook,,,,INC-20260825-6D5ED0
ACT-1be09de12544,,POL-GCP,,"SHO, Adyar Police Station",Protect the victim,3.0,,2026-08-25T12:05:13+05:30,Draft,agent:action_planner,playbook,,,,INC-20260825-6D5ED0
ACT-3ed0e05a6b8a,,POL-GCP,,"SHO, Adyar Police Station",Arrest the accused,4.0,,2026-08-25T13:17:13+05:30,Draft,agent:action_planner,playbook,,,,INC-20260825-6D5ED0
ACT-77a1b82602e3,,POL-GCP,,Deputy Commissioner of Police,Close,5.0,,2026-08-25T14:29:13+05:30,Draft,agent:action_planner,playbook,,,,INC-20260825-6D5ED0
ACT-ec45cf989792,,POL-GCP,,"SHO, Ayanavaram Police Station",Register the complaint,1.0,,2026-08-26T00:32:30+05:30,Draft,agent:action_planner,playbook,,,,INC-20260825-C806F0
ACT-9c9cab4016a7,,POL-GCP,,"SHO, Ayanavaram Police Station",Circulate details,2.0,,2026-08-26T02:56:30+05:30,Draft,agent:action_planner,playbook,,,,INC-20260825-C806F0
ACT-d88b7e3e981c,,POL-GCP,,"SHO, Ayanavaram Police Station",Search,3.0,,2026-08-26T05:20:30+05:30,Draft,agent:action_planner,playbook,,,,INC-20260825-C806F0
ACT-2b3997250288,,POL-GCP,,"SHO, Ayanavaram Police Station",Trace,4.0,,2026-08-26T07:44:30+05:30,Draft,agent:action_planner,playbook,,,,INC-20260825-C806F0
ACT-43a20d534cf9,,POL-GCP,,Deputy Commissioner of Police,Close,5.0,,2026-08-26T10:08:30+05:30,Draft,agent:action_planner,playbook,,,,INC-20260825-C806F0
ACT-282bd901302a,,GCC-SWD,,"Assistant Engineer, Ward 150 (Valasaravakkam zone)",Deploy pumps and clear standing water,1.0,,2026-08-26T14:49:00+05:30,Draft,agent:action_planner,playbook,,,,INC-20260826-3C4ECA
ACT-0d16d969def2,,GCC-SWD,,"Assistant Engineer, Ward 150 (Valasaravakkam zone)",Clear drain inlets and silt,2.0,,2026-08-26T19:37:00+05:30,Draft,agent:action_planner,playbook,,,,INC-20260826-3C4ECA
ACT-9a01e65c4ba4,,GCC-SWD,,"Assistant Engineer, Ward 150 (Valasaravakkam zone)",Divert traffic and barricade,3.0,,2026-08-27T00:25:00+05:30,Draft,agent:action_planner,playbook,,,,INC-20260826-3C4ECA
ACT-ad600fdcecb7,,GCC-SWD,,"Assistant Engineer, Ward 150 (Valasaravakkam zone)",Check low-lying homes for evacuation,4.0,,2026-08-27T05:13:00+05:30,Draft,agent:action_planner,playbook,,,,INC-20260826-3C4ECA
ACT-1e2809930277,,GCC-SWD,,Superintending Engineer (SWD),Submit completion report with photo,5.0,,2026-08-27T10:01:00+05:30,Draft,agent:action_planner,playbook,,,,INC-20260826-3C4ECA
ACT-91fabdc2bc27,,POL-GCP,,Deputy Commissioner of Police,Support flooding & waterlogging response,,,2026-08-26T22:01:00+05:30,Draft,agent:action_planner,coordination,,,,INC-20260826-3C4ECA
ACT-985bd5e45cd5,,DIST-DM,,District Revenue Officer (Disaster),Support flooding & waterlogging response,,,2026-08-26T22:01:00+05:30,Draft,agent:action_planner,coordination,,,,INC-20260826-3C4ECA
ACT-ec5bff95a8fd,,POL-GCP,,"SHO, Royapuram Police Station",Register the complaint,1.0,,2026-08-26T05:30:19+05:30,Draft,agent:action_planner,playbook,,,,INC-20260826-45613B
ACT-1593643341d2,,POL-GCP,,"SHO, Royapuram Police Station",Circulate details,2.0,,2026-08-26T07:54:19+05:30,Draft,agent:action_planner,playbook,,,,INC-20260826-45613B
ACT-8faffa6f688d,,POL-GCP,,"SHO, Royapuram Police Station",Search,3.0,,2026-08-26T10:18:19+05:30,Draft,agent:action_planner,playbook,,,,INC-20260826-45613B
ACT-3127a3bd5dd3,,POL-GCP,,"SHO, Royapuram Police Station",Trace,4.0,,2026-08-26T12:42:19+05:30,Draft,agent:action_planner,playbook,,,,INC-20260826-45613B
ACT-714aae73f8ca,,POL-GCP,,Deputy Commissioner of Police,Close,5.0,,2026-08-26T15:06:19+05:30,Draft,agent:action_planner,playbook,,,,INC-20260826-45613B
ACT-f2f872324cea,,POL-GCP,,"SHO, Mambalam Police Station",Register the complaint,1.0,,2026-08-27T01:26:11+05:30,Draft,agent:action_planner,playbook,,,,INC-20260826-8A2404
ACT-03e8d512dd6b,,POL-GCP,,"SHO, Mambalam Police Station",Circulate details,2.0,,2026-08-27T03:50:11+05:30,Draft,agent:action_planner,playbook,,,,INC-20260826-8A2404
ACT-bab4b4708c17,,POL-GCP,,"SHO, Mambalam Police Station",Search,3.0,,2026-08-27T06:14:11+05:30,Draft,agent:action_planner,playbook,,,,INC-20260826-8A2404
ACT-7530a9ecb8a8,,POL-GCP,,"SHO, Mambalam Police Station",Trace,4.0,,2026-08-27T08:38:11+05:30,Draft,agent:action_planner,playbook,,,,INC-20260826-8A2404
ACT-84ed9efdb15e,,POL-GCP,,Deputy Commissioner of Police,Close,5.0,,2026-08-27T11:02:11+05:30,Draft,agent:action_planner,playbook,,,,INC-20260826-8A2404
ACT-012e13d98adc,,POL-GCP,,"SHO, Vadapalani Police Station",Register the complaint,1.0,,2026-08-26T03:57:35+05:30,Draft,agent:action_planner,playbook,,,,INC-20260826-A6222B
ACT-63d2664c5e6d,,POL-GCP,,"SHO, Vadapalani Police Station",Circulate details,2.0,,2026-08-26T06:21:35+05:30,Draft,agent:action_planner,playbook,,,,INC-20260826-A6222B
ACT-9d06bb78c3bc,,POL-GCP,,"SHO, Vadapalani Police Station",Search,3.0,,2026-08-26T08:45:35+05:30,Draft,agent:action_planner,playbook,,,,INC-20260826-A6222B
ACT-0088a02a5543,,POL-GCP,,"SHO, Vadapalani Police Station",Trace,4.0,,2026-08-26T11:09:35+05:30,Draft,agent:action_planner,playbook,,,,INC-20260826-A6222B
ACT-b8c4148c3075,,POL-GCP,,Deputy Commissioner of Police,Close,5.0,,2026-08-26T13:33:35+05:30,Draft,agent:action_planner,playbook,,,,INC-20260826-A6222B
ACT-113f9d0a8952,,POL-GCP,,"SHO, Kodungaiyur Police Station",Send patrol and ambulance,1.0,,2026-08-27T17:52:35+05:30,Draft,agent:action_planner,playbook,,,,INC-20260827-133CBC
ACT-63e2e6d97aa9,,POL-GCP,,"SHO, Kodungaiyur Police Station",Clear the carriageway,2.0,,2026-08-27T19:04:35+05:30,Draft,agent:action_planner,playbook,,,,INC-20260827-133CBC
ACT-15ee99e504d2,,POL-GCP,,"SHO, Kodungaiyur Police Station",Register the case,3.0,,2026-08-27T20:16:35+05:30,Draft,agent:action_planner,playbook,,,,INC-20260827-133CBC
ACT-026ce5613fa1,,POL-GCP,,"SHO, Kodungaiyur Police Station",Check road defects at the spot,4.0,,2026-08-27T21:28:35+05:30,Draft,agent:action_planner,playbook,,,,INC-20260827-133CBC
ACT-023c65bcd8b8,,POL-GCP,,Deputy Commissioner of Police,Close with report,5.0,,2026-08-27T22:40:35+05:30,Draft,agent:action_planner,playbook,,,,INC-20260827-133CBC
ACT-2c24f4f8c891,,GCC-ENG,,Superintending Engineer,Support road accident response,,,2026-08-27T19:40:35+05:30,Draft,agent:action_planner,coordination,,,,INC-20260827-133CBC
ACT-639782fd0f62,,HLT-DMS,,Director of Medical Services,Support road accident response,,,2026-08-27T19:40:35+05:30,Draft,agent:action_planner,coordination,,,,INC-20260827-133CBC
ACT-1fac9db33e6b,,POL-GCP,,"SHO, Royapuram Police Station",Respond immediately,1.0,,2026-08-27T19:10:01+05:30,Draft,agent:action_planner,playbook,,,,INC-20260827-1CC8E9
ACT-3571fdd54589,,POL-GCP,,"SHO, Royapuram Police Station",Register the case,2.0,,2026-08-27T20:22:01+05:30,Draft,agent:action_planner,playbook,,,,INC-20260827-1CC8E9
ACT-c4a9872e9891,,POL-GCP,,"SHO, Royapuram Police Station",Protect the victim,3.0,,2026-08-27T21:34:01+05:30,Draft,agent:action_planner,playbook,,,,INC-20260827-1CC8E9
ACT-6f1ed28af4dc,,POL-GCP,,"SHO, Royapuram Police Station",Arrest the accused,4.0,,2026-08-27T22:46:01+05:30,Draft,agent:action_planner,playbook,,,,INC-20260827-1CC8E9
ACT-9773bc49ba12,,POL-GCP,,Deputy Commissioner of Police,Close,5.0,,2026-08-27T23:58:01+05:30,Draft,agent:action_planner,playbook,,,,INC-20260827-1CC8E9
ACT-b1ff81786040,,PWD-WRD,,"Assistant Executive Engineer, Water Bodies Protection (Encroachment) Cell (S. Palanisamy)",Deploy pumps and clear standing water,1.0,,2026-08-28T07:57:36+05:30,Draft,agent:action_planner,playbook,,,,INC-20260828-087247
ACT-db34955beb9f,,PWD-WRD,,"Assistant Executive Engineer, Water Bodies Protection (Encroachment) Cell (S. Palanisamy)",Clear drain inlets and silt,2.0,,2026-08-28T12:45:36+05:30,Draft,agent:action_planner,playbook,,,,INC-20260828-087247
ACT-48e5f393f04e,,PWD-WRD,,"Assistant Executive Engineer, Water Bodies Protection (Encroachment) Cell (S. Palanisamy)",Divert traffic and barricade,3.0,,2026-08-28T17:33:36+05:30,Draft,agent:action_planner,playbook,,,,INC-20260828-087247
ACT-3f0e6fd323c3,,PWD-WRD,,"Assistant Executive Engineer, Water Bodies Protection (Encroachment) Cell (S. Palanisamy)",Check low-lying homes for evacuation,4.0,,2026-08-28T22:21:36+05:30,Draft,agent:action_planner,playbook,,,,INC-20260828-087247
ACT-f326a6abf15f,,PWD-WRD,,Superintending Engineer (WRD),Submit completion report with photo,5.0,,2026-08-29T03:09:36+05:30,Draft,agent:action_planner,playbook,,,,INC-20260828-087247
ACT-0e335ea097ba,,POL-GCP,,Deputy Commissioner of Police,Support flooding & waterlogging response,,,2026-08-28T15:09:36+05:30,Draft,agent:action_planner,coordination,,,,INC-20260828-087247
ACT-d8e6d078cc16,,DIST-DM,,District Revenue Officer (Disaster),Support flooding & waterlogging response,,,2026-08-28T15:09:36+05:30,Draft,agent:action_planner,coordination,,,,INC-20260828-087247
ACT-b2a524f2a318,,POL-GCP,,"SHO, Flower Bazaar Police Station",Register the complaint,1.0,,2026-08-29T01:30:36+05:30,Draft,agent:action_planner,playbook,,,,INC-20260828-15C854
ACT-7c5c461c1177,,POL-GCP,,"SHO, Flower Bazaar Police Station",Circulate details,2.0,,2026-08-29T03:54:36+05:30,Draft,agent:action_planner,playbook,,,,INC-20260828-15C854
ACT-36db9ed0db6f,,POL-GCP,,"SHO, Flower Bazaar Police Station",Search,3.0,,2026-08-29T06:18:36+05:30,Draft,agent:action_planner,playbook,,,,INC-20260828-15C854
ACT-e9f5d02fb9b6,,POL-GCP,,"SHO, Flower Bazaar Police Station",Trace,4.0,,2026-08-29T08:42:36+05:30,Draft,agent:action_planner,playbook,,,,INC-20260828-15C854
ACT-f2d0e25f9217,,POL-GCP,,Deputy Commissioner of Police,Close,5.0,,2026-08-29T11:06:36+05:30,Draft,agent:action_planner,playbook,,,,INC-20260828-15C854
ACT-34b87e344e84,,POL-GCP,,"SHO, Ambattur Police Station",Register the complaint,1.0,,2026-08-28T08:49:31+05:30,Draft,agent:action_planner,playbook,,,,INC-20260828-5A8D18
ACT-ecf8e847f6c9,,POL-GCP,,"SHO, Ambattur Police Station",Circulate details,2.0,,2026-08-28T11:13:31+05:30,Draft,agent:action_planner,playbook,,,,INC-20260828-5A8D18
ACT-271743394da8,,POL-GCP,,"SHO, Ambattur Police Station",Search,3.0,,2026-08-28T13:37:31+05:30,Draft,agent:action_planner,playbook,,,,INC-20260828-5A8D18
ACT-b8e700b39a5b,,POL-GCP,,"SHO, Ambattur Police Station",Trace,4.0,,2026-08-28T16:01:31+05:30,Draft,agent:action_planner,playbook,,,,INC-20260828-5A8D18
ACT-9269530b4c99,,POL-GCP,,Deputy Commissioner of Police,Close,5.0,,2026-08-28T18:25:31+05:30,Draft,agent:action_planner,playbook,,,,INC-20260828-5A8D18
ACT-a728b14b7937,,POL-GCP,,"SHO, Mylapore Police Station",Respond immediately,1.0,,2026-08-28T02:09:14+05:30,Draft,agent:action_planner,playbook,,,,INC-20260828-6FB544
ACT-36b40bffd1e4,,POL-GCP,,"SHO, Mylapore Police Station",Register the case,2.0,,2026-08-28T03:21:14+05:30,Draft,agent:action_planner,playbook,,,,INC-20260828-6FB544
ACT-c8bdec06eae8,,POL-GCP,,"SHO, Mylapore Police Station",Protect the victim,3.0,,2026-08-28T04:33:14+05:30,Draft,agent:action_planner,playbook,,,,INC-20260828-6FB544
ACT-fe047620e3db,,POL-GCP,,"SHO, Mylapore Police Station",Arrest the accused,4.0,,2026-08-28T05:45:14+05:30,Draft,agent:action_planner,playbook,,,,INC-20260828-6FB544
ACT-e0f027450fc2,,POL-GCP,,Deputy Commissioner of Police,Close,5.0,,2026-08-28T06:57:14+05:30,Draft,agent:action_planner,playbook,,,,INC-20260828-6FB544
ACT-f917f25b955a,,PWD-WRD,,"Assistant Executive Engineer, Adyar Sub-Division, Saidapet (V. Meenakshi)",Deploy pumps and clear standing water,1.0,,2026-08-28T20:52:34+05:30,Draft,agent:action_planner,playbook,,,,INC-20260828-BFF14B
ACT-3f7fc7a116de,,PWD-WRD,,"Assistant Executive Engineer, Adyar Sub-Division, Saidapet (V. Meenakshi)",Clear drain inlets and silt,2.0,,2026-08-29T01:40:34+05:30,Draft,agent:action_planner,playbook,,,,INC-20260828-BFF14B
ACT-b76628ad48c7,,PWD-WRD,,"Assistant Executive Engineer, Adyar Sub-Division, Saidapet (V. Meenakshi)",Divert traffic and barricade,3.0,,2026-08-29T06:28:34+05:30,Draft,agent:action_planner,playbook,,,,INC-20260828-BFF14B
ACT-1ff1a74637ea,,PWD-WRD,,"Assistant Executive Engineer, Adyar Sub-Division, Saidapet (V. Meenakshi)",Check low-lying homes for evacuation,4.0,,2026-08-29T11:16:34+05:30,Draft,agent:action_planner,playbook,,,,INC-20260828-BFF14B
ACT-319ac7374263,,PWD-WRD,,Superintending Engineer (WRD),Submit completion report with photo,5.0,,2026-08-29T16:04:34+05:30,Draft,agent:action_planner,playbook,,,,INC-20260828-BFF14B
ACT-39c59d3e3a37,,POL-GCP,,Deputy Commissioner of Police,Support flooding & waterlogging response,,,2026-08-29T04:04:34+05:30,Draft,agent:action_planner,coordination,,,,INC-20260828-BFF14B
ACT-a62a6d2a7a46,,DIST-DM,,District Revenue Officer (Disaster),Support flooding & waterlogging response,,,2026-08-29T04:04:34+05:30,Draft,agent:action_planner,coordination,,,,INC-20260828-BFF14B
ACT-1dfc17ca385c,,POL-GCP,,"SHO, Manali Police Station",Respond immediately,1.0,,2026-08-28T17:58:27+05:30,Draft,agent:action_planner,playbook,,,,INC-20260828-E339C3
ACT-157518708d33,,POL-GCP,,"SHO, Manali Police Station",Register the case,2.0,,2026-08-28T19:10:27+05:30,Draft,agent:action_planner,playbook,,,,INC-20260828-E339C3
ACT-f92bce71c099,,POL-GCP,,"SHO, Manali Police Station",Protect the victim,3.0,,2026-08-28T20:22:27+05:30,Draft,agent:action_planner,playbook,,,,INC-20260828-E339C3
ACT-a9b6c861d40f,,POL-GCP,,"SHO, Manali Police Station",Arrest the accused,4.0,,2026-08-28T21:34:27+05:30,Draft,agent:action_planner,playbook,,,,INC-20260828-E339C3
ACT-cd9c0eb0b633,,POL-GCP,,Deputy Commissioner of Police,Close,5.0,,2026-08-28T22:46:27+05:30,Draft,agent:action_planner,playbook,,,,INC-20260828-E339C3
ACT-d24a1d421308,,POL-GCP,,"SHO, Semmancheri Police Station",Respond immediately,1.0,,2026-08-28T22:11:00+05:30,Draft,agent:action_planner,playbook,,,,INC-20260828-E492B7
ACT-3879b9167119,,POL-GCP,,"SHO, Semmancheri Police Station",Register the case,2.0,,2026-08-28T22:35:00+05:30,Draft,agent:action_planner,playbook,,,,INC-20260828-E492B7
ACT-844fab7b2409,,POL-GCP,,"SHO, Semmancheri Police Station",Protect the victim,3.0,,2026-08-28T22:59:00+05:30,Draft,agent:action_planner,playbook,,,,INC-20260828-E492B7
ACT-36c3fde070e2,,POL-GCP,,"SHO, Semmancheri Police Station",Arrest the accused,4.0,,2026-08-28T23:23:00+05:30,Draft,agent:action_planner,playbook,,,,INC-20260828-E492B7
ACT-1a5a09181740,,POL-GCP,,Deputy Commissioner of Police,Close,5.0,,2026-08-28T23:47:00+05:30,Draft,agent:action_planner,playbook,,,,INC-20260828-E492B7
ACT-7b0d6ba13976,,POL-GCP,,"SHO, Madhavaram Police Station",Respond immediately,1.0,,2026-08-29T13:50:33+05:30,Draft,agent:action_planner,playbook,,,,INC-20260829-04AFBF
ACT-9a243b24d99c,,POL-GCP,,"SHO, Madhavaram Police Station",Register the case,2.0,,2026-08-29T14:14:33+05:30,Draft,agent:action_planner,playbook,,,,INC-20260829-04AFBF
ACT-e919e41b2f75,,POL-GCP,,"SHO, Madhavaram Police Station",Protect the victim,3.0,,2026-08-29T14:38:33+05:30,Draft,agent:action_planner,playbook,,,,INC-20260829-04AFBF
ACT-4f9a15c6989a,,POL-GCP,,"SHO, Madhavaram Police Station",Arrest the accused,4.0,,2026-08-29T15:02:33+05:30,Draft,agent:action_planner,playbook,,,,INC-20260829-04AFBF
ACT-648287d6bcad,,POL-GCP,,Deputy Commissioner of Police,Close,5.0,,2026-08-29T15:26:33+05:30,Draft,agent:action_planner,playbook,,,,INC-20260829-04AFBF
ACT-b2d549378cd6,,POL-GCP,,"SHO, Korattur Police Station",Send patrol and ambulance,1.0,,2026-08-29T09:49:28+05:30,Draft,agent:action_planner,playbook,,,,INC-20260829-1BA30D
ACT-ed155488b1e2,,POL-GCP,,"SHO, Korattur Police Station",Clear the carriageway,2.0,,2026-08-29T11:01:28+05:30,Draft,agent:action_planner,playbook,,,,INC-20260829-1BA30D
ACT-0cd853db85e6,,POL-GCP,,"SHO, Korattur Police Station",Register the case,3.0,,2026-08-29T12:13:28+05:30,Draft,agent:action_planner,playbook,,,,INC-20260829-1BA30D
ACT-c62cee39e0ae,,POL-GCP,,"SHO, Korattur Police Station",Check road defects at the spot,4.0,,2026-08-29T13:25:28+05:30,Draft,agent:action_planner,playbook,,,,INC-20260829-1BA30D
ACT-ffdf1221e167,,POL-GCP,,Deputy Commissioner of Police,Close with report,5.0,,2026-08-29T14:37:28+05:30,Draft,agent:action_planner,playbook,,,,INC-20260829-1BA30D
ACT-f30255876f8f,,GCC-ENG,,Superintending Engineer,Support road accident response,,,2026-08-29T11:37:28+05:30,Draft,agent:action_planner,coordination,,,,INC-20260829-1BA30D
ACT-ac0556ecae15,,HLT-DMS,,Director of Medical Services,Support road accident response,,,2026-08-29T11:37:28+05:30,Draft,agent:action_planner,coordination,,,,INC-20260829-1BA30D
ACT-6181532fc74b,,POL-GCP,,"SHO, Kodungaiyur Police Station",Register the complaint,1.0,,2026-08-29T06:10:09+05:30,Draft,agent:action_planner,playbook,,,,INC-20260829-C05C68
ACT-7d917aaccd0a,,POL-GCP,,"SHO, Kodungaiyur Police Station",Circulate details,2.0,,2026-08-29T08:34:09+05:30,Draft,agent:action_planner,playbook,,,,INC-20260829-C05C68
ACT-6d881ceb5dfe,,POL-GCP,,"SHO, Kodungaiyur Police Station",Search,3.0,,2026-08-29T10:58:09+05:30,Draft,agent:action_planner,playbook,,,,INC-20260829-C05C68
ACT-302374218b4d,,POL-GCP,,"SHO, Kodungaiyur Police Station",Trace,4.0,,2026-08-29T13:22:09+05:30,Draft,agent:action_planner,playbook,,,,INC-20260829-C05C68
ACT-2c6b5fe534ba,,POL-GCP,,Deputy Commissioner of Police,Close,5.0,,2026-08-29T15:46:09+05:30,Draft,agent:action_planner,playbook,,,,INC-20260829-C05C68
ACT-55e1082dc866,,POL-GCP,,"SHO, Thiruvanmiyur Police Station",Send patrol and ambulance,1.0,,2026-08-30T11:20:53+05:30,Draft,agent:action_planner,playbook,,,,INC-20260830-7515D0
ACT-5cf194307316,,POL-GCP,,"SHO, Thiruvanmiyur Police Station",Clear the carriageway,2.0,,2026-08-30T12:32:53+05:30,Draft,agent:action_planner,playbook,,,,INC-20260830-7515D0
ACT-1574364706cf,,POL-GCP,,"SHO, Thiruvanmiyur Police Station",Register the case,3.0,,2026-08-30T13:44:53+05:30,Draft,agent:action_planner,playbook,,,,INC-20260830-7515D0
ACT-eddedacf9de6,,POL-GCP,,"SHO, Thiruvanmiyur Police Station",Check road defects at the spot,4.0,,2026-08-30T14:56:53+05:30,Draft,agent:action_planner,playbook,,,,INC-20260830-7515D0
ACT-6edeb4b5a9a2,,POL-GCP,,Deputy Commissioner of Police,Close with report,5.0,,2026-08-30T16:08:53+05:30,Draft,agent:action_planner,playbook,,,,INC-20260830-7515D0
ACT-6bdd3c13749c,,GCC-ENG,,Superintending Engineer,Support road accident response,,,2026-08-30T13:08:53+05:30,Draft,agent:action_planner,coordination,,,,INC-20260830-7515D0
ACT-666fd0d030f8,,HLT-DMS,,Director of Medical Services,Support road accident response,,,2026-08-30T13:08:53+05:30,Draft,agent:action_planner,coordination,,,,INC-20260830-7515D0
ACT-d9d9238324d6,,POL-GCP,,"SHO, Thiruvottiyur Police Station",Send patrol and ambulance,1.0,,2026-08-30T13:39:47+05:30,Draft,agent:action_planner,playbook,,,,INC-20260830-9B92AE
ACT-a06e35544079,,POL-GCP,,"SHO, Thiruvottiyur Police Station",Clear the carriageway,2.0,,2026-08-30T14:03:47+05:30,Draft,agent:action_planner,playbook,,,,INC-20260830-9B92AE
ACT-804f4e5d1456,,POL-GCP,,"SHO, Thiruvottiyur Police Station",Register the case,3.0,,2026-08-30T14:27:47+05:30,Draft,agent:action_planner,playbook,,,,INC-20260830-9B92AE
ACT-800a12c5567b,,POL-GCP,,"SHO, Thiruvottiyur Police Station",Check road defects at the spot,4.0,,2026-08-30T14:51:47+05:30,Draft,agent:action_planner,playbook,,,,INC-20260830-9B92AE
ACT-3ca8f3d9c6ba,,POL-GCP,,Deputy Commissioner of Police,Close with report,5.0,,2026-08-30T15:15:47+05:30,Draft,agent:action_planner,playbook,,,,INC-20260830-9B92AE
ACT-08f64bd8de2c,,GCC-ENG,,Superintending Engineer,Support road accident response,,,2026-08-30T14:15:47+05:30,Draft,agent:action_planner,coordination,,,,INC-20260830-9B92AE
ACT-dd40e6d0c252,,HLT-DMS,,Director of Medical Services,Support road accident response,,,2026-08-30T14:15:47+05:30,Draft,agent:action_planner,coordination,,,,INC-20260830-9B92AE
ACT-42cf684f337c,,PWD-WRD,,"Assistant Executive Engineer, Chennai Lakes Sub-Division, Ambattur (S. Karthikeyan)",Inspect the structure,1.0,,2026-08-31T17:52:52+05:30,Draft,agent:action_planner,playbook,,,,INC-20260831-135F57
ACT-32fe2cc86e9b,,PWD-WRD,,"Assistant Executive Engineer, Chennai Lakes Sub-Division, Ambattur (S. Karthikeyan)",Warn downstream residents,2.0,,2026-08-31T19:04:52+05:30,Draft,agent:action_planner,playbook,,,,INC-20260831-135F57
ACT-4afe82a9c791,,PWD-WRD,,"Assistant Executive Engineer, Chennai Lakes Sub-Division, Ambattur (S. Karthikeyan)",Carry out repair,3.0,,2026-08-31T20:16:52+05:30,Draft,agent:action_planner,playbook,,,,INC-20260831-135F57
ACT-f445ce146191,,PWD-WRD,,"Assistant Executive Engineer, Chennai Lakes Sub-Division, Ambattur (S. Karthikeyan)",Monitor water level for 48 h,4.0,,2026-08-31T21:28:52+05:30,Draft,agent:action_planner,playbook,,,,INC-20260831-135F57
ACT-5aa7a721c9a2,,PWD-WRD,,Superintending Engineer (WRD),Submit report,5.0,,2026-08-31T22:40:52+05:30,Draft,agent:action_planner,playbook,,,,INC-20260831-135F57
ACT-714e5cc63a64,,DIST-DM,,District Revenue Officer (Disaster),"Support lakes, bunds & sluices response",,,2026-08-31T19:40:52+05:30,Draft,agent:action_planner,coordination,,,,INC-20260831-135F57
ACT-a7c54cab99cb,,POL-GCP,,"SHO, Pondy Bazaar Police Station",Respond immediately,1.0,,2026-08-31T02:27:03+05:30,Draft,agent:action_planner,playbook,,,,INC-20260831-52D3F7
ACT-cf35787158fd,,POL-GCP,,"SHO, Pondy Bazaar Police Station",Register the case,2.0,,2026-08-31T03:39:03+05:30,Draft,agent:action_planner,playbook,,,,INC-20260831-52D3F7
ACT-0801f261c4f1,,POL-GCP,,"SHO, Pondy Bazaar Police Station",Protect the victim,3.0,,2026-08-31T04:51:03+05:30,Draft,agent:action_planner,playbook,,,,INC-20260831-52D3F7
ACT-0a98dbcff63b,,POL-GCP,,"SHO, Pondy Bazaar Police Station",Arrest the accused,4.0,,2026-08-31T06:03:03+05:30,Draft,agent:action_planner,playbook,,,,INC-20260831-52D3F7
ACT-ef1fed257f0e,,POL-GCP,,Deputy Commissioner of Police,Close,5.0,,2026-08-31T07:15:03+05:30,Draft,agent:action_planner,playbook,,,,INC-20260831-52D3F7
ACT-71fb76d96df3,,POL-GCP,,"SHO, Madhavaram Milk Colony Police Station",Respond immediately,1.0,,2026-08-31T14:21:50+05:30,Draft,agent:action_planner,playbook,,,,INC-20260831-99D79C
ACT-b327fd8ad5d0,,POL-GCP,,"SHO, Madhavaram Milk Colony Police Station",Register the case,2.0,,2026-08-31T15:33:50+05:30,Draft,agent:action_planner,playbook,,,,INC-20260831-99D79C
ACT-f29c1a21ca46,,POL-GCP,,"SHO, Madhavaram Milk Colony Police Station",Protect the victim,3.0,,2026-08-31T16:45:50+05:30,Draft,agent:action_planner,playbook,,,,INC-20260831-99D79C
ACT-2f4c6f21c49e,,POL-GCP,,"SHO, Madhavaram Milk Colony Police Station",Arrest the accused,4.0,,2026-08-31T17:57:50+05:30,Draft,agent:action_planner,playbook,,,,INC-20260831-99D79C
ACT-a9c149c295fa,,POL-GCP,,Deputy Commissioner of Police,Close,5.0,,2026-08-31T19:09:50+05:30,Draft,agent:action_planner,playbook,,,,INC-20260831-99D79C
ACT-55ff5cb48e69,,POL-GCP,,"SHO, Royapettah Police Station",Respond immediately,1.0,,2026-09-01T09:10:01+05:30,Draft,agent:action_planner,playbook,,,,INC-20260901-8E8C36
ACT-b5c578caac69,,POL-GCP,,"SHO, Royapettah Police Station",Register the case,2.0,,2026-09-01T10:22:01+05:30,Draft,agent:action_planner,playbook,,,,INC-20260901-8E8C36
ACT-f4a6f9bee183,,POL-GCP,,"SHO, Royapettah Police Station",Protect the victim,3.0,,2026-09-01T11:34:01+05:30,Draft,agent:action_planner,playbook,,,,INC-20260901-8E8C36
ACT-3353e912da8f,,POL-GCP,,"SHO, Royapettah Police Station",Arrest the accused,4.0,,2026-09-01T12:46:01+05:30,Draft,agent:action_planner,playbook,,,,INC-20260901-8E8C36
ACT-e3b23309fab7,,POL-GCP,,Deputy Commissioner of Police,Close,5.0,,2026-09-01T13:58:01+05:30,Draft,agent:action_planner,playbook,,,,INC-20260901-8E8C36
ACT-a3c5575eddce,,POL-GCP,,"SHO, Velachery Police Station",Register the complaint,1.0,,2026-09-02T00:30:11+05:30,Draft,agent:action_planner,playbook,,,,INC-20260901-9D1E93
ACT-cb114f975ce6,,POL-GCP,,"SHO, Velachery Police Station",Circulate details,2.0,,2026-09-02T02:54:11+05:30,Draft,agent:action_planner,playbook,,,,INC-20260901-9D1E93
ACT-c95181bda1ca,,POL-GCP,,"SHO, Velachery Police Station",Search,3.0,,2026-09-02T05:18:11+05:30,Draft,agent:action_planner,playbook,,,,INC-20260901-9D1E93
ACT-13f09deb9356,,POL-GCP,,"SHO, Velachery Police Station",Trace,4.0,,2026-09-02T07:42:11+05:30,Draft,agent:action_planner,playbook,,,,INC-20260901-9D1E93
ACT-cbf6af73f392,,POL-GCP,,Deputy Commissioner of Police,Close,5.0,,2026-09-02T10:06:11+05:30,Draft,agent:action_planner,playbook,,,,INC-20260901-9D1E93
ACT-c9df064e2101,,POL-GCP,,"SHO, Kannagi Nagar Police Station",Respond immediately,1.0,,2026-09-02T11:21:49+05:30,Draft,agent:action_planner,playbook,,,,INC-20260902-13AD6C
ACT-8c4d5b902070,,POL-GCP,,"SHO, Kannagi Nagar Police Station",Register the case,2.0,,2026-09-02T12:33:49+05:30,Draft,agent:action_planner,playbook,,,,INC-20260902-13AD6C
ACT-932e707505e6,,POL-GCP,,"SHO, Kannagi Nagar Police Station",Protect the victim,3.0,,2026-09-02T13:45:49+05:30,Draft,agent:action_planner,playbook,,,,INC-20260902-13AD6C
ACT-aa073d13127f,,POL-GCP,,"SHO, Kannagi Nagar Police Station",Arrest the accused,4.0,,2026-09-02T14:57:49+05:30,Draft,agent:action_planner,playbook,,,,INC-20260902-13AD6C
ACT-3551f7d3bf14,,POL-GCP,,Deputy Commissioner of Police,Close,5.0,,2026-09-02T16:09:49+05:30,Draft,agent:action_planner,playbook,,,,INC-20260902-13AD6C
ACT-9e129d8e8a00,,POL-GCP,,"SHO, Ambattur Police Station",Register the complaint,1.0,,2026-09-02T20:03:14+05:30,Draft,agent:action_planner,playbook,,,,INC-20260902-1C5EC4
ACT-a2d2b82c9bc6,,POL-GCP,,"SHO, Ambattur Police Station",Circulate details,2.0,,2026-09-02T22:27:14+05:30,Draft,agent:action_planner,playbook,,,,INC-20260902-1C5EC4
ACT-4dca544d468d,,POL-GCP,,"SHO, Ambattur Police Station",Search,3.0,,2026-09-03T00:51:14+05:30,Draft,agent:action_planner,playbook,,,,INC-20260902-1C5EC4
ACT-ca764787af5a,,POL-GCP,,"SHO, Ambattur Police Station",Trace,4.0,,2026-09-03T03:15:14+05:30,Draft,agent:action_planner,playbook,,,,INC-20260902-1C5EC4
ACT-ea4604c2144d,,POL-GCP,,Deputy Commissioner of Police,Close,5.0,,2026-09-03T05:39:14+05:30,Draft,agent:action_planner,playbook,,,,INC-20260902-1C5EC4
ACT-643a12c86420,,GCC-ENG,,"Assistant Engineer, Ward 171 (Adyar zone)",Inspect and barricade,1.0,,2026-09-03T02:46:00+05:30,Draft,agent:action_planner,playbook,,,,INC-20260902-B77875
ACT-0f5d06c6a90f,,GCC-ENG,,"Assistant Engineer, Ward 171 (Adyar zone)",Patch with cold mix,2.0,,2026-09-03T17:10:00+05:30,Draft,agent:action_planner,playbook,,,,INC-20260902-B77875
ACT-8f1edba4c723,,GCC-ENG,,"Assistant Engineer, Ward 171 (Adyar zone)",Schedule relaying,3.0,,2026-09-04T07:34:00+05:30,Draft,agent:action_planner,playbook,,,,INC-20260902-B77875
ACT-46085a5ad9db,,GCC-ENG,,"Assistant Engineer, Ward 171 (Adyar zone)",Quality check,4.0,,2026-09-04T21:58:00+05:30,Draft,agent:action_planner,playbook,,,,INC-20260902-B77875
ACT-61551971a9e7,,GCC-ENG,,Superintending Engineer,Close with photo,5.0,,2026-09-05T12:22:00+05:30,Draft,agent:action_planner,playbook,,,,INC-20260902-B77875
ACT-46e07247ecae,,POL-GCP,,Deputy Commissioner of Police,"Support roads, footpaths & bridges response",,,2026-09-04T00:22:00+05:30,Draft,agent:action_planner,coordination,,,,INC-20260902-B77875
ACT-e4e675410bc9,,POL-GCP,,"SHO, Villivakkam Police Station",Send patrol and ambulance,1.0,,2026-09-02T22:05:17+05:30,Draft,agent:action_planner,playbook,,,,INC-20260902-EC1CF3
ACT-7b238e245b75,,POL-GCP,,"SHO, Villivakkam Police Station",Clear the carriageway,2.0,,2026-09-02T23:17:17+05:30,Draft,agent:action_planner,playbook,,,,INC-20260902-EC1CF3
ACT-a6b8c9b5e073,,POL-GCP,,"SHO, Villivakkam Police Station",Register the case,3.0,,2026-09-03T00:29:17+05:30,Draft,agent:action_planner,playbook,,,,INC-20260902-EC1CF3
ACT-020274d2d025,,POL-GCP,,"SHO, Villivakkam Police Station",Check road defects at the spot,4.0,,2026-09-03T01:41:17+05:30,Draft,agent:action_planner,playbook,,,,INC-20260902-EC1CF3
ACT-50e03e3826dc,,POL-GCP,,Deputy Commissioner of Police,Close with report,5.0,,2026-09-03T02:53:17+05:30,Draft,agent:action_planner,playbook,,,,INC-20260902-EC1CF3
ACT-9c40727e10f2,,GCC-ENG,,Superintending Engineer,Support road accident response,,,2026-09-02T23:53:17+05:30,Draft,agent:action_planner,coordination,,,,INC-20260902-EC1CF3
ACT-c71bc03a9477,,HLT-DMS,,Director of Medical Services,Support road accident response,,,2026-09-02T23:53:17+05:30,Draft,agent:action_planner,coordination,,,,INC-20260902-EC1CF3
ACT-931ab6a07a1f,,POL-GCP,,"SHO, Madhavaram Police Station",Send patrol and ambulance,1.0,,2026-09-03T21:10:17+05:30,Draft,agent:action_planner,playbook,,,,INC-20260903-B60C04
ACT-d09ebd839818,,POL-GCP,,"SHO, Madhavaram Police Station",Clear the carriageway,2.0,,2026-09-03T21:34:17+05:30,Draft,agent:action_planner,playbook,,,,INC-20260903-B60C04
ACT-6779f0d5f62c,,POL-GCP,,"SHO, Madhavaram Police Station",Register the case,3.0,,2026-09-03T21:58:17+05:30,Draft,agent:action_planner,playbook,,,,INC-20260903-B60C04
ACT-4a70ce8519d7,,POL-GCP,,"SHO, Madhavaram Police Station",Check road defects at the spot,4.0,,2026-09-03T22:22:17+05:30,Draft,agent:action_planner,playbook,,,,INC-20260903-B60C04
ACT-9ed3eee2a8ec,,POL-GCP,,Deputy Commissioner of Police,Close with report,5.0,,2026-09-03T22:46:17+05:30,Draft,agent:action_planner,playbook,,,,INC-20260903-B60C04
ACT-ae5929afeb92,,GCC-ENG,,Superintending Engineer,Support road accident response,,,2026-09-03T21:46:17+05:30,Draft,agent:action_planner,coordination,,,,INC-20260903-B60C04
ACT-73c6e307e096,,HLT-DMS,,Director of Medical Services,Support road accident response,,,2026-09-03T21:46:17+05:30,Draft,agent:action_planner,coordination,,,,INC-20260903-B60C04
ACT-5b11e14ac3cc,,POL-GCP,,"SHO, Thiruvottiyur Police Station",Respond immediately,1.0,,2026-09-03T20:15:34+05:30,Draft,agent:action_planner,playbook,,,,INC-20260903-CD59F0
ACT-495bf48cb9e9,,POL-GCP,,"SHO, Thiruvottiyur Police Station",Register the case,2.0,,2026-09-03T21:27:34+05:30,Draft,agent:action_planner,playbook,,,,INC-20260903-CD59F0
ACT-af25dfb27a2f,,POL-GCP,,"SHO, Thiruvottiyur Police Station",Protect the victim,3.0,,2026-09-03T22:39:34+05:30,Draft,agent:action_planner,playbook,,,,INC-20260903-CD59F0
ACT-523521e40476,,POL-GCP,,"SHO, Thiruvottiyur Police Station",Arrest the accused,4.0,,2026-09-03T23:51:34+05:30,Draft,agent:action_planner,playbook,,,,INC-20260903-CD59F0
ACT-5efc2c8e1871,,POL-GCP,,Deputy Commissioner of Police,Close,5.0,,2026-09-04T01:03:34+05:30,Draft,agent:action_planner,playbook,,,,INC-20260903-CD59F0
ACT-95f8554385b1,,POL-GCP,,"SHO, Korattur Police Station",Send patrol and ambulance,1.0,,2026-09-04T15:54:19+05:30,Draft,agent:action_planner,playbook,,,,INC-20260904-086C9C
ACT-5d428ec26631,,POL-GCP,,"SHO, Korattur Police Station",Clear the carriageway,2.0,,2026-09-04T17:06:19+05:30,Draft,agent:action_planner,playbook,,,,INC-20260904-086C9C
ACT-5a1c694efc0d,,POL-GCP,,"SHO, Korattur Police Station",Register the case,3.0,,2026-09-04T18:18:19+05:30,Draft,agent:action_planner,playbook,,,,INC-20260904-086C9C
ACT-a19e608f97a1,,POL-GCP,,"SHO, Korattur Police Station",Check road defects at the spot,4.0,,2026-09-04T19:30:19+05:30,Draft,agent:action_planner,playbook,,,,INC-20260904-086C9C
ACT-40d14f80ea46,,POL-GCP,,Deputy Commissioner of Police,Close with report,5.0,,2026-09-04T20:42:19+05:30,Draft,agent:action_planner,playbook,,,,INC-20260904-086C9C
ACT-a9175b74debe,,GCC-ENG,,Superintending Engineer,Support road accident response,,,2026-09-04T17:42:19+05:30,Draft,agent:action_planner,coordination,,,,INC-20260904-086C9C
ACT-5a1e2c19c0b5,,HLT-DMS,,Director of Medical Services,Support road accident response,,,2026-09-04T17:42:19+05:30,Draft,agent:action_planner,coordination,,,,INC-20260904-086C9C
ACT-37763731cc85,,POL-GCP,,"SHO, Tondiarpet Police Station",Send patrol and ambulance,1.0,,2026-09-04T03:07:23+05:30,Draft,agent:action_planner,playbook,,,,INC-20260904-73E6C4
ACT-9ab6c3f175ec,,POL-GCP,,"SHO, Tondiarpet Police Station",Clear the carriageway,2.0,,2026-09-04T04:19:23+05:30,Draft,agent:action_planner,playbook,,,,INC-20260904-73E6C4
ACT-4ffbca6beb5f,,POL-GCP,,"SHO, Tondiarpet Police Station",Register the case,3.0,,2026-09-04T05:31:23+05:30,Draft,agent:action_planner,playbook,,,,INC-20260904-73E6C4
ACT-ea63adc1c37c,,POL-GCP,,"SHO, Tondiarpet Police Station",Check road defects at the spot,4.0,,2026-09-04T06:43:23+05:30,Draft,agent:action_planner,playbook,,,,INC-20260904-73E6C4
ACT-4d25bce78c7f,,POL-GCP,,Deputy Commissioner of Police,Close with report,5.0,,2026-09-04T07:55:23+05:30,Draft,agent:action_planner,playbook,,,,INC-20260904-73E6C4
ACT-19151701070a,,GCC-ENG,,Superintending Engineer,Support road accident response,,,2026-09-04T04:55:23+05:30,Draft,agent:action_planner,coordination,,,,INC-20260904-73E6C4
ACT-3debd57b23a6,,HLT-DMS,,Director of Medical Services,Support road accident response,,,2026-09-04T04:55:23+05:30,Draft,agent:action_planner,coordination,,,,INC-20260904-73E6C4
ACT-4c7e7c66c1f3,,GCC-SWM,,"Assistant Engineer, Ward 91 (Ambattur zone)",Dispatch a compactor,1.0,,2026-09-05T00:44:00+05:30,Draft,agent:action_planner,playbook,,,,INC-20260904-DCD7BA
ACT-4f085630c830,,GCC-SWM,,"Assistant Engineer, Ward 91 (Ambattur zone)",Clear the waste,2.0,,2026-09-05T05:32:00+05:30,Draft,agent:action_planner,playbook,,,,INC-20260904-DCD7BA
ACT-380d8609066f,,GCC-SWM,,"Assistant Engineer, Ward 91 (Ambattur zone)",Disinfect the spot,3.0,,2026-09-05T10:20:00+05:30,Draft,agent:action_planner,playbook,,,,INC-20260904-DCD7BA
ACT-c355cdd9bd25,,GCC-SWM,,"Assistant Engineer, Ward 91 (Ambattur zone)",Increase pickup frequency,4.0,,2026-09-05T15:08:00+05:30,Draft,agent:action_planner,playbook,,,,INC-20260904-DCD7BA
ACT-326204d2155d,,GCC-SWM,,Zonal Officer (SWM),Close with photo,5.0,,2026-09-05T19:56:00+05:30,Draft,agent:action_planner,playbook,,,,INC-20260904-DCD7BA
ACT-02686abb0699,,GCC-HLT,,City Health Officer,Support garbage & solid waste response,,,2026-09-05T07:56:00+05:30,Draft,agent:action_planner,coordination,,,,INC-20260904-DCD7BA
ACT-46baaf5c17df,,POL-GCP,,"SHO, Pondy Bazaar Police Station",Respond immediately,1.0,,2026-09-04T05:23:31+05:30,Draft,agent:action_planner,playbook,,,,INC-20260904-E3459B
ACT-6a81b19ea49d,,POL-GCP,,"SHO, Pondy Bazaar Police Station",Register the case,2.0,,2026-09-04T05:47:31+05:30,Draft,agent:action_planner,playbook,,,,INC-20260904-E3459B
ACT-0fa45e8756c9,,POL-GCP,,"SHO, Pondy Bazaar Police Station",Protect the victim,3.0,,2026-09-04T06:11:31+05:30,Draft,agent:action_planner,playbook,,,,INC-20260904-E3459B
ACT-17e86b17b448,,POL-GCP,,"SHO, Pondy Bazaar Police Station",Arrest the accused,4.0,,2026-09-04T06:35:31+05:30,Draft,agent:action_planner,playbook,,,,INC-20260904-E3459B
ACT-d05e4c2e5617,,POL-GCP,,Deputy Commissioner of Police,Close,5.0,,2026-09-04T06:59:31+05:30,Draft,agent:action_planner,playbook,,,,INC-20260904-E3459B
ACT-9a6626345c93,,POL-GCP,,"SHO, Valasaravakkam Police Station",Register the complaint,1.0,,2026-09-04T23:18:44+05:30,Draft,agent:action_planner,playbook,,,,INC-20260904-E86A09
ACT-3a692fb09d1b,,POL-GCP,,"SHO, Valasaravakkam Police Station",Circulate details,2.0,,2026-09-05T01:42:44+05:30,Draft,agent:action_planner,playbook,,,,INC-20260904-E86A09
ACT-5fdc725c635d,,POL-GCP,,"SHO, Valasaravakkam Police Station",Search,3.0,,2026-09-05T04:06:44+05:30,Draft,agent:action_planner,playbook,,,,INC-20260904-E86A09
ACT-1d2338487fca,,POL-GCP,,"SHO, Valasaravakkam Police Station",Trace,4.0,,2026-09-05T06:30:44+05:30,Draft,agent:action_planner,playbook,,,,INC-20260904-E86A09
ACT-4c8653cf1ffa,,POL-GCP,,Deputy Commissioner of Police,Close,5.0,,2026-09-05T08:54:44+05:30,Draft,agent:action_planner,playbook,,,,INC-20260904-E86A09
ACT-ce7c3a43b4fd,,POL-GCP,,"SHO, Ayanavaram Police Station",Respond immediately,1.0,,2026-09-04T17:27:39+05:30,Draft,agent:action_planner,playbook,,,,INC-20260904-EDAC9B
ACT-06242b5985c7,,POL-GCP,,"SHO, Ayanavaram Police Station",Register the case,2.0,,2026-09-04T18:39:39+05:30,Draft,agent:action_planner,playbook,,,,INC-20260904-EDAC9B
ACT-4c499935df26,,POL-GCP,,"SHO, Ayanavaram Police Station",Protect the victim,3.0,,2026-09-04T19:51:39+05:30,Draft,agent:action_planner,playbook,,,,INC-20260904-EDAC9B
ACT-860a3ba25033,,POL-GCP,,"SHO, Ayanavaram Police Station",Arrest the accused,4.0,,2026-09-04T21:03:39+05:30,Draft,agent:action_planner,playbook,,,,INC-20260904-EDAC9B
ACT-31e1055826d6,,POL-GCP,,Deputy Commissioner of Police,Close,5.0,,2026-09-04T22:15:39+05:30,Draft,agent:action_planner,playbook,,,,INC-20260904-EDAC9B
ACT-9e0ff14b1834,,POL-GCP,,"SHO, Adyar Police Station",Register the complaint,1.0,,2026-09-05T03:58:14+05:30,Draft,agent:action_planner,playbook,,,,INC-20260905-133514
ACT-1109efcc60bc,,POL-GCP,,"SHO, Adyar Police Station",Circulate details,2.0,,2026-09-05T06:22:14+05:30,Draft,agent:action_planner,playbook,,,,INC-20260905-133514
ACT-fa65d392baba,,POL-GCP,,"SHO, Adyar Police Station",Search,3.0,,2026-09-05T08:46:14+05:30,Draft,agent:action_planner,playbook,,,,INC-20260905-133514
ACT-7d5d2c272a91,,POL-GCP,,"SHO, Adyar Police Station",Trace,4.0,,2026-09-05T11:10:14+05:30,Draft,agent:action_planner,playbook,,,,INC-20260905-133514
ACT-fae576941c85,,POL-GCP,,Deputy Commissioner of Police,Close,5.0,,2026-09-05T13:34:14+05:30,Draft,agent:action_planner,playbook,,,,INC-20260905-133514
ACT-4a2989f69e3d,,POL-GCP,,"SHO, Puzhal Police Station",Respond immediately,1.0,,2026-09-05T22:22:23+05:30,Draft,agent:action_planner,playbook,,,,INC-20260905-3F42B8
ACT-99ffe7523e8d,,POL-GCP,,"SHO, Puzhal Police Station",Register the case,2.0,,2026-09-05T23:34:23+05:30,Draft,agent:action_planner,playbook,,,,INC-20260905-3F42B8
ACT-2c6418075d2e,,POL-GCP,,"SHO, Puzhal Police Station",Protect the victim,3.0,,2026-09-06T00:46:23+05:30,Draft,agent:action_planner,playbook,,,,INC-20260905-3F42B8
ACT-64fa882849f9,,POL-GCP,,"SHO, Puzhal Police Station",Arrest the accused,4.0,,2026-09-06T01:58:23+05:30,Draft,agent:action_planner,playbook,,,,INC-20260905-3F42B8
ACT-86bf77a57dfd,,POL-GCP,,Deputy Commissioner of Police,Close,5.0,,2026-09-06T03:10:23+05:30,Draft,agent:action_planner,playbook,,,,INC-20260905-3F42B8
ACT-a8e1005a2e39,,POL-GCP,,"SHO, Kasimedu Fishing Harbour Police Station",Send patrol and ambulance,1.0,,2026-09-06T00:06:01+05:30,Draft,agent:action_planner,playbook,,,,INC-20260905-8CA43C
ACT-73a7dadee9f7,,POL-GCP,,"SHO, Kasimedu Fishing Harbour Police Station",Clear the carriageway,2.0,,2026-09-06T01:18:01+05:30,Draft,agent:action_planner,playbook,,,,INC-20260905-8CA43C
ACT-74433aa71f44,,POL-GCP,,"SHO, Kasimedu Fishing Harbour Police Station",Register the case,3.0,,2026-09-06T02:30:01+05:30,Draft,agent:action_planner,playbook,,,,INC-20260905-8CA43C
ACT-2faf848923c6,,POL-GCP,,"SHO, Kasimedu Fishing Harbour Police Station",Check road defects at the spot,4.0,,2026-09-06T03:42:01+05:30,Draft,agent:action_planner,playbook,,,,INC-20260905-8CA43C
ACT-3ed93a7c4fcd,,POL-GCP,,Deputy Commissioner of Police,Close with report,5.0,,2026-09-06T04:54:01+05:30,Draft,agent:action_planner,playbook,,,,INC-20260905-8CA43C
ACT-9591ed739714,,GCC-ENG,,Superintending Engineer,Support road accident response,,,2026-09-06T01:54:01+05:30,Draft,agent:action_planner,coordination,,,,INC-20260905-8CA43C
ACT-d220859c9a65,,HLT-DMS,,Director of Medical Services,Support road accident response,,,2026-09-06T01:54:01+05:30,Draft,agent:action_planner,coordination,,,,INC-20260905-8CA43C
ACT-31742b4ff227,,POL-GCP,,"SHO, K.K. Nagar Police Station",Deploy personnel,1.0,,2026-09-05T11:30:17+05:30,Draft,agent:action_planner,playbook,,,,INC-20260905-9FF139
ACT-ff47de1389be,,POL-GCP,,"SHO, K.K. Nagar Police Station",Manage crowd and traffic,2.0,,2026-09-05T12:42:17+05:30,Draft,agent:action_planner,playbook,,,,INC-20260905-9FF139
ACT-2eeeef6b3741,,POL-GCP,,"SHO, K.K. Nagar Police Station",Engage organisers,3.0,,2026-09-05T13:54:17+05:30,Draft,agent:action_planner,playbook,,,,INC-20260905-9FF139
ACT-2198cd1991cb,,POL-GCP,,"SHO, K.K. Nagar Police Station",Document the event,4.0,,2026-09-05T15:06:17+05:30,Draft,agent:action_planner,playbook,,,,INC-20260905-9FF139
ACT-5d5596dbdfb2,,POL-GCP,,Deputy Commissioner of Police,Close,5.0,,2026-09-05T16:18:17+05:30,Draft,agent:action_planner,playbook,,,,INC-20260905-9FF139
ACT-e2a1dc567469,,DIST-REV,,District Revenue Officer,Support protests & public nuisance response,,,2026-09-05T13:18:17+05:30,Draft,agent:action_planner,coordination,,,,INC-20260905-9FF139
ACT-3c760cbf6580,,POL-GCP,,"SHO, Ambattur Police Station",Register the complaint,1.0,,2026-09-05T07:17:43+05:30,Draft,agent:action_planner,playbook,,,,INC-20260905-B8212C
ACT-b7b4ee7c840b,,POL-GCP,,"SHO, Ambattur Police Station",Circulate details,2.0,,2026-09-05T09:41:43+05:30,Draft,agent:action_planner,playbook,,,,INC-20260905-B8212C
ACT-7100a4f2344a,,POL-GCP,,"SHO, Ambattur Police Station",Search,3.0,,2026-09-05T12:05:43+05:30,Draft,agent:action_planner,playbook,,,,INC-20260905-B8212C
ACT-2c2105efad4a,,POL-GCP,,"SHO, Ambattur Police Station",Trace,4.0,,2026-09-05T14:29:43+05:30,Draft,agent:action_planner,playbook,,,,INC-20260905-B8212C
ACT-5c0430c76184,,POL-GCP,,Deputy Commissioner of Police,Close,5.0,,2026-09-05T16:53:43+05:30,Draft,agent:action_planner,playbook,,,,INC-20260905-B8212C
ACT-e9ac4a5247f3,,GCC-SWD,,"Assistant Engineer, Ward 73 (Thiru-Vi-Ka-Nagar zone)",Inspect the drain,1.0,,2026-09-06T04:24:00+05:30,Draft,agent:action_planner,playbook,,,,INC-20260905-C9470A
ACT-4c8c11abd6fb,,GCC-SWD,,"Assistant Engineer, Ward 73 (Thiru-Vi-Ka-Nagar zone)",Desilt or clear the blockage,2.0,,2026-09-06T18:48:00+05:30,Draft,agent:action_planner,playbook,,,,INC-20260905-C9470A
ACT-fc6c59fa5f8b,,GCC-SWD,,"Assistant Engineer, Ward 73 (Thiru-Vi-Ka-Nagar zone)",Repair cover or pipe,3.0,,2026-09-07T09:12:00+05:30,Draft,agent:action_planner,playbook,,,,INC-20260905-C9470A
ACT-3a5b9c146110,,GCC-SWD,,"Assistant Engineer, Ward 73 (Thiru-Vi-Ka-Nagar zone)",Disinfect the area,4.0,,2026-09-07T23:36:00+05:30,Draft,agent:action_planner,playbook,,,,INC-20260905-C9470A
ACT-f531be219087,,GCC-SWD,,Superintending Engineer (SWD),Submit completion report,5.0,,2026-09-08T14:00:00+05:30,Draft,agent:action_planner,playbook,,,,INC-20260905-C9470A
ACT-35178eca7865,,CMWSSB,,Superintending Engineer,Support drainage & sewage response,,,2026-09-07T02:00:00+05:30,Draft,agent:action_planner,coordination,,,,INC-20260905-C9470A
ACT-373fffc2f9e8,,POL-GCP,,"SHO, Adambakkam Police Station",Respond immediately,1.0,,2026-09-05T01:15:21+05:30,Draft,agent:action_planner,playbook,,,,INC-20260905-E34FF8
ACT-84d65f4f6380,,POL-GCP,,"SHO, Adambakkam Police Station",Register the case,2.0,,2026-09-05T02:27:21+05:30,Draft,agent:action_planner,playbook,,,,INC-20260905-E34FF8
ACT-256d89c8b0c0,,POL-GCP,,"SHO, Adambakkam Police Station",Protect the victim,3.0,,2026-09-05T03:39:21+05:30,Draft,agent:action_planner,playbook,,,,INC-20260905-E34FF8
ACT-733626573a28,,POL-GCP,,"SHO, Adambakkam Police Station",Arrest the accused,4.0,,2026-09-05T04:51:21+05:30,Draft,agent:action_planner,playbook,,,,INC-20260905-E34FF8
ACT-f5cfd9067095,,POL-GCP,,Deputy Commissioner of Police,Close,5.0,,2026-09-05T06:03:21+05:30,Draft,agent:action_planner,playbook,,,,INC-20260905-E34FF8
ACT-e9d7d3b7a645,,POL-GCP,,"SHO, Saidapet Police Station",Deploy personnel,1.0,,2026-09-05T13:57:34+05:30,Draft,agent:action_planner,playbook,,,,INC-20260905-F8D022
ACT-99946fb8933b,,POL-GCP,,"SHO, Saidapet Police Station",Manage crowd and traffic,2.0,,2026-09-05T15:09:34+05:30,Draft,agent:action_planner,playbook,,,,INC-20260905-F8D022
ACT-883dbf144c70,,POL-GCP,,"SHO, Saidapet Police Station",Engage organisers,3.0,,2026-09-05T16:21:34+05:30,Draft,agent:action_planner,playbook,,,,INC-20260905-F8D022
ACT-220611bf107a,,POL-GCP,,"SHO, Saidapet Police Station",Document the event,4.0,,2026-09-05T17:33:34+05:30,Draft,agent:action_planner,playbook,,,,INC-20260905-F8D022
ACT-81ca60dfb258,,POL-GCP,,Deputy Commissioner of Police,Close,5.0,,2026-09-05T18:45:34+05:30,Draft,agent:action_planner,playbook,,,,INC-20260905-F8D022
ACT-fd9317d9d95a,,DIST-REV,,District Revenue Officer,Support protests & public nuisance response,,,2026-09-05T15:45:34+05:30,Draft,agent:action_planner,coordination,,,,INC-20260905-F8D022
ACT-c6f9a79d2e18,,PWD-WRD,,"Assistant Executive Engineer, Water Bodies Protection (Encroachment) Cell (S. Palanisamy)",Deploy pumps and clear standing water,1.0,,2026-09-06T20:38:35+05:30,Draft,agent:action_planner,playbook,,,,INC-20260906-03BB6A
ACT-b2b8509f75f8,,PWD-WRD,,"Assistant Executive Engineer, Water Bodies Protection (Encroachment) Cell (S. Palanisamy)",Clear drain inlets and silt,2.0,,2026-09-07T01:26:35+05:30,Draft,agent:action_planner,playbook,,,,INC-20260906-03BB6A
ACT-75820160e276,,PWD-WRD,,"Assistant Executive Engineer, Water Bodies Protection (Encroachment) Cell (S. Palanisamy)",Divert traffic and barricade,3.0,,2026-09-07T06:14:35+05:30,Draft,agent:action_planner,playbook,,,,INC-20260906-03BB6A
ACT-36e3de04f60b,,PWD-WRD,,"Assistant Executive Engineer, Water Bodies Protection (Encroachment) Cell (S. Palanisamy)",Check low-lying homes for evacuation,4.0,,2026-09-07T11:02:35+05:30,Draft,agent:action_planner,playbook,,,,INC-20260906-03BB6A
ACT-b637de3d4837,,PWD-WRD,,Superintending Engineer (WRD),Submit completion report with photo,5.0,,2026-09-07T15:50:35+05:30,Draft,agent:action_planner,playbook,,,,INC-20260906-03BB6A
ACT-2f6cbf2abc0d,,POL-GCP,,Deputy Commissioner of Police,Support flooding & waterlogging response,,,2026-09-07T03:50:35+05:30,Draft,agent:action_planner,coordination,,,,INC-20260906-03BB6A
ACT-1aa7d691c880,,DIST-DM,,District Revenue Officer (Disaster),Support flooding & waterlogging response,,,2026-09-07T03:50:35+05:30,Draft,agent:action_planner,coordination,,,,INC-20260906-03BB6A
ACT-e9bc8192a76b,,POL-GCP,,"SHO, Thiruvottiyur Police Station",Respond immediately,1.0,,2026-09-06T14:48:51+05:30,Draft,agent:action_planner,playbook,,,,INC-20260906-301474
ACT-4a866ab04fcd,,POL-GCP,,"SHO, Thiruvottiyur Police Station",Register the case,2.0,,2026-09-06T16:00:51+05:30,Draft,agent:action_planner,playbook,,,,INC-20260906-301474
ACT-85fdb5670f0e,,POL-GCP,,"SHO, Thiruvottiyur Police Station",Protect the victim,3.0,,2026-09-06T17:12:51+05:30,Draft,agent:action_planner,playbook,,,,INC-20260906-301474
ACT-129b6b2ed7b4,,POL-GCP,,"SHO, Thiruvottiyur Police Station",Arrest the accused,4.0,,2026-09-06T18:24:51+05:30,Draft,agent:action_planner,playbook,,,,INC-20260906-301474
ACT-773a481c85c8,,POL-GCP,,Deputy Commissioner of Police,Close,5.0,,2026-09-06T19:36:51+05:30,Draft,agent:action_planner,playbook,,,,INC-20260906-301474
ACT-4ff7e2bf97fd,,POL-GCP,,"SHO, Pulianthope Police Station",Respond immediately,1.0,,2026-09-06T11:18:00+05:30,Draft,agent:action_planner,playbook,,,,INC-20260906-442208
ACT-28f16ba17a18,,POL-GCP,,"SHO, Pulianthope Police Station",Register the case,2.0,,2026-09-06T11:42:00+05:30,Draft,agent:action_planner,playbook,,,,INC-20260906-442208
ACT-a286b0e9e1aa,,POL-GCP,,"SHO, Pulianthope Police Station",Protect the victim,3.0,,2026-09-06T12:06:00+05:30,Draft,agent:action_planner,playbook,,,,INC-20260906-442208
ACT-86d228d5588d,,POL-GCP,,"SHO, Pulianthope Police Station",Arrest the accused,4.0,,2026-09-06T12:30:00+05:30,Draft,agent:action_planner,playbook,,,,INC-20260906-442208
ACT-b2383083e745,,POL-GCP,,Deputy Commissioner of Police,Close,5.0,,2026-09-06T12:54:00+05:30,Draft,agent:action_planner,playbook,,,,INC-20260906-442208
ACT-465b4ccf52cf,,POL-GCP,,"SHO, Saidapet Police Station",Register the complaint,1.0,,2026-09-06T16:33:29+05:30,Draft,agent:action_planner,playbook,,,,INC-20260906-6B7747
ACT-437b16f62235,,POL-GCP,,"SHO, Saidapet Police Station",Circulate details,2.0,,2026-09-06T18:57:29+05:30,Draft,agent:action_planner,playbook,,,,INC-20260906-6B7747
ACT-9bfe00157306,,POL-GCP,,"SHO, Saidapet Police Station",Search,3.0,,2026-09-06T21:21:29+05:30,Draft,agent:action_planner,playbook,,,,INC-20260906-6B7747
ACT-084eff086f45,,POL-GCP,,"SHO, Saidapet Police Station",Trace,4.0,,2026-09-06T23:45:29+05:30,Draft,agent:action_planner,playbook,,,,INC-20260906-6B7747
ACT-7285e64949d8,,POL-GCP,,Deputy Commissioner of Police,Close,5.0,,2026-09-07T02:09:29+05:30,Draft,agent:action_planner,playbook,,,,INC-20260906-6B7747
ACT-400f065b71b5,,PWD-WRD,,"Assistant Executive Engineer, Water Bodies Protection (Encroachment) Cell (S. Palanisamy)",Deploy pumps and clear standing water,1.0,,2026-09-06T21:44:42+05:30,Draft,agent:action_planner,playbook,,,,INC-20260906-711A38
ACT-50f1ff04931a,,PWD-WRD,,"Assistant Executive Engineer, Water Bodies Protection (Encroachment) Cell (S. Palanisamy)",Clear drain inlets and silt,2.0,,2026-09-06T22:56:42+05:30,Draft,agent:action_planner,playbook,,,,INC-20260906-711A38
ACT-d9411a77f733,,PWD-WRD,,"Assistant Executive Engineer, Water Bodies Protection (Encroachment) Cell (S. Palanisamy)",Divert traffic and barricade,3.0,,2026-09-07T00:08:42+05:30,Draft,agent:action_planner,playbook,,,,INC-20260906-711A38
ACT-f01025eabf94,,PWD-WRD,,"Assistant Executive Engineer, Water Bodies Protection (Encroachment) Cell (S. Palanisamy)",Check low-lying homes for evacuation,4.0,,2026-09-07T01:20:42+05:30,Draft,agent:action_planner,playbook,,,,INC-20260906-711A38
ACT-bf6d8c495043,,PWD-WRD,,Superintending Engineer (WRD),Submit completion report with photo,5.0,,2026-09-07T02:32:42+05:30,Draft,agent:action_planner,playbook,,,,INC-20260906-711A38
ACT-95517204878e,,POL-GCP,,Deputy Commissioner of Police,Support flooding & waterlogging response,,,2026-09-06T23:32:42+05:30,Draft,agent:action_planner,coordination,,,,INC-20260906-711A38
ACT-f34d57d08ee6,,DIST-DM,,District Revenue Officer (Disaster),Support flooding & waterlogging response,,,2026-09-06T23:32:42+05:30,Draft,agent:action_planner,coordination,,,,INC-20260906-711A38
ACT-966f3b5197e4,,POL-GCP,,"SHO, Koyambedu Police Station",Respond immediately,1.0,,2026-09-06T10:25:14+05:30,Draft,agent:action_planner,playbook,,,,INC-20260906-899E74
ACT-f8532fc9bc16,,POL-GCP,,"SHO, Koyambedu Police Station",Register the case,2.0,,2026-09-06T10:49:14+05:30,Draft,agent:action_planner,playbook,,,,INC-20260906-899E74
ACT-8fd2ea1a8862,,POL-GCP,,"SHO, Koyambedu Police Station",Protect the victim,3.0,,2026-09-06T11:13:14+05:30,Draft,agent:action_planner,playbook,,,,INC-20260906-899E74
ACT-ac469dc3b433,,POL-GCP,,"SHO, Koyambedu Police Station",Arrest the accused,4.0,,2026-09-06T11:37:14+05:30,Draft,agent:action_planner,playbook,,,,INC-20260906-899E74
ACT-a26cd5d661c8,,POL-GCP,,Deputy Commissioner of Police,Close,5.0,,2026-09-06T12:01:14+05:30,Draft,agent:action_planner,playbook,,,,INC-20260906-899E74
ACT-e8cfab14134f,,POL-GCP,,"SHO, Kannagi Nagar Police Station",Send patrol and ambulance,1.0,,2026-09-06T02:33:00+05:30,Draft,agent:action_planner,playbook,,,,INC-20260906-911EAA
ACT-96c5ff447490,,POL-GCP,,"SHO, Kannagi Nagar Police Station",Clear the carriageway,2.0,,2026-09-06T02:57:00+05:30,Draft,agent:action_planner,playbook,,,,INC-20260906-911EAA
ACT-57859f83ffb8,,POL-GCP,,"SHO, Kannagi Nagar Police Station",Register the case,3.0,,2026-09-06T03:21:00+05:30,Draft,agent:action_planner,playbook,,,,INC-20260906-911EAA
ACT-592382b6dfbf,,POL-GCP,,"SHO, Kannagi Nagar Police Station",Check road defects at the spot,4.0,,2026-09-06T03:45:00+05:30,Draft,agent:action_planner,playbook,,,,INC-20260906-911EAA
ACT-f4218a6fff7e,,POL-GCP,,Deputy Commissioner of Police,Close with report,5.0,,2026-09-06T04:09:00+05:30,Draft,agent:action_planner,playbook,,,,INC-20260906-911EAA
ACT-78bc2e9aef45,,GCC-ENG,,Superintending Engineer,Support road accident response,,,2026-09-06T03:09:00+05:30,Draft,agent:action_planner,coordination,,,,INC-20260906-911EAA
ACT-d1383cc285a2,,HLT-DMS,,Director of Medical Services,Support road accident response,,,2026-09-06T03:09:00+05:30,Draft,agent:action_planner,coordination,,,,INC-20260906-911EAA
ACT-0775c01006ed,,POL-GCP,,"SHO, Periamet Police Station",Respond immediately,1.0,,2026-09-06T11:19:11+05:30,Draft,agent:action_planner,playbook,,,,INC-20260906-E1979B
ACT-cc264cd8d1e1,,POL-GCP,,"SHO, Periamet Police Station",Register the case,2.0,,2026-09-06T12:31:11+05:30,Draft,agent:action_planner,playbook,,,,INC-20260906-E1979B
ACT-14c517aa6b13,,POL-GCP,,"SHO, Periamet Police Station",Protect the victim,3.0,,2026-09-06T13:43:11+05:30,Draft,agent:action_planner,playbook,,,,INC-20260906-E1979B
ACT-91a5bceeb88b,,POL-GCP,,"SHO, Periamet Police Station",Arrest the accused,4.0,,2026-09-06T14:55:11+05:30,Draft,agent:action_planner,playbook,,,,INC-20260906-E1979B
ACT-1097e248e78d,,POL-GCP,,Deputy Commissioner of Police,Close,5.0,,2026-09-06T16:07:11+05:30,Draft,agent:action_planner,playbook,,,,INC-20260906-E1979B
ACT-a8127554da47,,POL-GCP,,"SHO, Ayanavaram Police Station",Respond immediately,1.0,,2026-09-06T20:12:15+05:30,Draft,agent:action_planner,playbook,,,,INC-20260906-ECA299
ACT-8c1125e85b62,,POL-GCP,,"SHO, Ayanavaram Police Station",Register the case,2.0,,2026-09-06T21:24:15+05:30,Draft,agent:action_planner,playbook,,,,INC-20260906-ECA299
ACT-4d2320fd1ed0,,POL-GCP,,"SHO, Ayanavaram Police Station",Protect the victim,3.0,,2026-09-06T22:36:15+05:30,Draft,agent:action_planner,playbook,,,,INC-20260906-ECA299
ACT-bdd01ea698fe,,POL-GCP,,"SHO, Ayanavaram Police Station",Arrest the accused,4.0,,2026-09-06T23:48:15+05:30,Draft,agent:action_planner,playbook,,,,INC-20260906-ECA299
ACT-7ebdc172538b,,POL-GCP,,Deputy Commissioner of Police,Close,5.0,,2026-09-07T01:00:15+05:30,Draft,agent:action_planner,playbook,,,,INC-20260906-ECA299
ACT-cbddf3d0eec8,,POL-GCP,,"SHO, Vyasarpadi Police Station",Send patrol and ambulance,1.0,,2026-09-07T11:45:38+05:30,Draft,agent:action_planner,playbook,,,,INC-20260907-2FFBB9
ACT-c7a73f51ac57,,POL-GCP,,"SHO, Vyasarpadi Police Station",Clear the carriageway,2.0,,2026-09-07T12:57:38+05:30,Draft,agent:action_planner,playbook,,,,INC-20260907-2FFBB9
ACT-5845fa5e40af,,POL-GCP,,"SHO, Vyasarpadi Police Station",Register the case,3.0,,2026-09-07T14:09:38+05:30,Draft,agent:action_planner,playbook,,,,INC-20260907-2FFBB9
ACT-ca14697173ac,,POL-GCP,,"SHO, Vyasarpadi Police Station",Check road defects at the spot,4.0,,2026-09-07T15:21:38+05:30,Draft,agent:action_planner,playbook,,,,INC-20260907-2FFBB9
ACT-2d53d8788f59,,POL-GCP,,Deputy Commissioner of Police,Close with report,5.0,,2026-09-07T16:33:38+05:30,Draft,agent:action_planner,playbook,,,,INC-20260907-2FFBB9
ACT-bfa932a00050,,GCC-ENG,,Superintending Engineer,Support road accident response,,,2026-09-07T13:33:38+05:30,Draft,agent:action_planner,coordination,,,,INC-20260907-2FFBB9
ACT-01752972ae07,,HLT-DMS,,Director of Medical Services,Support road accident response,,,2026-09-07T13:33:38+05:30,Draft,agent:action_planner,coordination,,,,INC-20260907-2FFBB9
ACT-3cc08bf883b9,,POL-GCP,,"SHO, Teynampet Police Station",Respond immediately,1.0,,2026-09-07T13:50:55+05:30,Draft,agent:action_planner,playbook,,,,INC-20260907-3E1491
ACT-5390b22b27f0,,POL-GCP,,"SHO, Teynampet Police Station",Register the case,2.0,,2026-09-07T14:14:55+05:30,Draft,agent:action_planner,playbook,,,,INC-20260907-3E1491
ACT-d72af1f3aaa8,,POL-GCP,,"SHO, Teynampet Police Station",Protect the victim,3.0,,2026-09-07T14:38:55+05:30,Draft,agent:action_planner,playbook,,,,INC-20260907-3E1491
ACT-40736af53eb2,,POL-GCP,,"SHO, Teynampet Police Station",Arrest the accused,4.0,,2026-09-07T15:02:55+05:30,Draft,agent:action_planner,playbook,,,,INC-20260907-3E1491
ACT-b8ed77948e2c,,POL-GCP,,Deputy Commissioner of Police,Close,5.0,,2026-09-07T15:26:55+05:30,Draft,agent:action_planner,playbook,,,,INC-20260907-3E1491
ACT-6083d9b0b078,,POL-GCP,,"SHO, Aminjikarai Police Station",Register the complaint,1.0,,2026-09-07T23:14:36+05:30,Draft,agent:action_planner,playbook,,,,INC-20260907-418B07
ACT-aabf8b8a45bf,,POL-GCP,,"SHO, Aminjikarai Police Station",Circulate details,2.0,,2026-09-08T01:38:36+05:30,Draft,agent:action_planner,playbook,,,,INC-20260907-418B07
ACT-0cb64bb81e1a,,POL-GCP,,"SHO, Aminjikarai Police Station",Search,3.0,,2026-09-08T04:02:36+05:30,Draft,agent:action_planner,playbook,,,,INC-20260907-418B07
ACT-8ac836bc3898,,POL-GCP,,"SHO, Aminjikarai Police Station",Trace,4.0,,2026-09-08T06:26:36+05:30,Draft,agent:action_planner,playbook,,,,INC-20260907-418B07
ACT-7b3edffa8a3f,,POL-GCP,,Deputy Commissioner of Police,Close,5.0,,2026-09-08T08:50:36+05:30,Draft,agent:action_planner,playbook,,,,INC-20260907-418B07
ACT-d263f985fee4,,POL-GCP,,"SHO, K.K. Nagar Police Station",Respond immediately,1.0,,2026-09-07T09:47:33+05:30,Draft,agent:action_planner,playbook,,,,INC-20260907-5BC373
ACT-a768da9454a3,,POL-GCP,,"SHO, K.K. Nagar Police Station",Register the case,2.0,,2026-09-07T10:59:33+05:30,Draft,agent:action_planner,playbook,,,,INC-20260907-5BC373
ACT-73a3398feb7a,,POL-GCP,,"SHO, K.K. Nagar Police Station",Protect the victim,3.0,,2026-09-07T12:11:33+05:30,Draft,agent:action_planner,playbook,,,,INC-20260907-5BC373
ACT-566e64f7d4df,,POL-GCP,,"SHO, K.K. Nagar Police Station",Arrest the accused,4.0,,2026-09-07T13:23:33+05:30,Draft,agent:action_planner,playbook,,,,INC-20260907-5BC373
ACT-8079eacce737,,POL-GCP,,Deputy Commissioner of Police,Close,5.0,,2026-09-07T14:35:33+05:30,Draft,agent:action_planner,playbook,,,,INC-20260907-5BC373
ACT-122b476ac5c9,,POL-GCP,,"SHO, Mylapore Police Station",Respond immediately,1.0,,2026-09-07T22:53:07+05:30,Draft,agent:action_planner,playbook,,,,INC-20260907-5E25B1
ACT-87890ed4f2b4,,POL-GCP,,"SHO, Mylapore Police Station",Register the case,2.0,,2026-09-08T00:05:07+05:30,Draft,agent:action_planner,playbook,,,,INC-20260907-5E25B1
ACT-794977df5be2,,POL-GCP,,"SHO, Mylapore Police Station",Protect the victim,3.0,,2026-09-08T01:17:07+05:30,Draft,agent:action_planner,playbook,,,,INC-20260907-5E25B1
ACT-f3aa87e03636,,POL-GCP,,"SHO, Mylapore Police Station",Arrest the accused,4.0,,2026-09-08T02:29:07+05:30,Draft,agent:action_planner,playbook,,,,INC-20260907-5E25B1
ACT-654a9742ea60,,POL-GCP,,Deputy Commissioner of Police,Close,5.0,,2026-09-08T03:41:07+05:30,Draft,agent:action_planner,playbook,,,,INC-20260907-5E25B1
ACT-48a1bcf3d065,,GCC-SWD,,"Assistant Engineer, Ward 40 (Tondiarpet zone)",Deploy pumps and clear standing water,1.0,,2026-09-07T12:24:00+05:30,Draft,agent:action_planner,playbook,,,,INC-20260907-87A4CB
ACT-cc21384bc49f,,GCC-SWD,,"Assistant Engineer, Ward 40 (Tondiarpet zone)",Clear drain inlets and silt,2.0,,2026-09-07T17:12:00+05:30,Draft,agent:action_planner,playbook,,,,INC-20260907-87A4CB
ACT-686532116259,,GCC-SWD,,"Assistant Engineer, Ward 40 (Tondiarpet zone)",Divert traffic and barricade,3.0,,2026-09-07T22:00:00+05:30,Draft,agent:action_planner,playbook,,,,INC-20260907-87A4CB
ACT-b3d3514ef990,,GCC-SWD,,"Assistant Engineer, Ward 40 (Tondiarpet zone)",Check low-lying homes for evacuation,4.0,,2026-09-08T02:48:00+05:30,Draft,agent:action_planner,playbook,,,,INC-20260907-87A4CB
ACT-d5eaee913427,,GCC-SWD,,Superintending Engineer (SWD),Submit completion report with photo,5.0,,2026-09-08T07:36:00+05:30,Draft,agent:action_planner,playbook,,,,INC-20260907-87A4CB
ACT-a27dca8268f8,,POL-GCP,,Deputy Commissioner of Police,Support flooding & waterlogging response,,,2026-09-07T19:36:00+05:30,Draft,agent:action_planner,coordination,,,,INC-20260907-87A4CB
ACT-383e9659bc54,,DIST-DM,,District Revenue Officer (Disaster),Support flooding & waterlogging response,,,2026-09-07T19:36:00+05:30,Draft,agent:action_planner,coordination,,,,INC-20260907-87A4CB
ACT-6ed13ed49f9d,,POL-GCP,,"SHO, Teynampet Police Station",Respond immediately,1.0,,2026-09-08T11:26:32+05:30,Draft,agent:action_planner,playbook,,,,INC-20260908-0C9F50
ACT-29d5f00a3913,,POL-GCP,,"SHO, Teynampet Police Station",Register the case,2.0,,2026-09-08T12:38:32+05:30,Draft,agent:action_planner,playbook,,,,INC-20260908-0C9F50
ACT-5df6173e51e0,,POL-GCP,,"SHO, Teynampet Police Station",Protect the victim,3.0,,2026-09-08T13:50:32+05:30,Draft,agent:action_planner,playbook,,,,INC-20260908-0C9F50
ACT-337856e77ac4,,POL-GCP,,"SHO, Teynampet Police Station",Arrest the accused,4.0,,2026-09-08T15:02:32+05:30,Draft,agent:action_planner,playbook,,,,INC-20260908-0C9F50
ACT-ebe41e897f4c,,POL-GCP,,Deputy Commissioner of Police,Close,5.0,,2026-09-08T16:14:32+05:30,Draft,agent:action_planner,playbook,,,,INC-20260908-0C9F50
ACT-3812fb1923a7,,POL-GCP,,"SHO, Sembiam Police Station",Respond immediately,1.0,,2026-09-08T08:33:08+05:30,Draft,agent:action_planner,playbook,,,,INC-20260908-47983A
ACT-96cebf977c46,,POL-GCP,,"SHO, Sembiam Police Station",Register the case,2.0,,2026-09-08T09:45:08+05:30,Draft,agent:action_planner,playbook,,,,INC-20260908-47983A
ACT-c5fb9e017af0,,POL-GCP,,"SHO, Sembiam Police Station",Protect the victim,3.0,,2026-09-08T10:57:08+05:30,Draft,agent:action_planner,playbook,,,,INC-20260908-47983A
ACT-aefaee3ac743,,POL-GCP,,"SHO, Sembiam Police Station",Arrest the accused,4.0,,2026-09-08T12:09:08+05:30,Draft,agent:action_planner,playbook,,,,INC-20260908-47983A
ACT-ed9735943d34,,POL-GCP,,Deputy Commissioner of Police,Close,5.0,,2026-09-08T13:21:08+05:30,Draft,agent:action_planner,playbook,,,,INC-20260908-47983A
ACT-e79b2195337d,,POL-GCP,,"SHO, Ennore Police Station",Respond immediately,1.0,,2026-09-08T22:23:01+05:30,Draft,agent:action_planner,playbook,,,,INC-20260908-786B09
ACT-49f37865be55,,POL-GCP,,"SHO, Ennore Police Station",Register the case,2.0,,2026-09-08T23:35:01+05:30,Draft,agent:action_planner,playbook,,,,INC-20260908-786B09
ACT-cb34b162286d,,POL-GCP,,"SHO, Ennore Police Station",Protect the victim,3.0,,2026-09-09T00:47:01+05:30,Draft,agent:action_planner,playbook,,,,INC-20260908-786B09
ACT-7f63d6594114,,POL-GCP,,"SHO, Ennore Police Station",Arrest the accused,4.0,,2026-09-09T01:59:01+05:30,Draft,agent:action_planner,playbook,,,,INC-20260908-786B09
ACT-7480190a1c4d,,POL-GCP,,Deputy Commissioner of Police,Close,5.0,,2026-09-09T03:11:01+05:30,Draft,agent:action_planner,playbook,,,,INC-20260908-786B09
ACT-f881eca6783c,,POL-GCP,,"SHO, Valasaravakkam Police Station",Register the complaint,1.0,,2026-09-08T10:31:39+05:30,Draft,agent:action_planner,playbook,,,,INC-20260908-7E42C0
ACT-60d96cee569f,,POL-GCP,,"SHO, Valasaravakkam Police Station",Circulate details,2.0,,2026-09-08T12:55:39+05:30,Draft,agent:action_planner,playbook,,,,INC-20260908-7E42C0
ACT-5fc4438453ee,,POL-GCP,,"SHO, Valasaravakkam Police Station",Search,3.0,,2026-09-08T15:19:39+05:30,Draft,agent:action_planner,playbook,,,,INC-20260908-7E42C0
ACT-06acf02c3664,,POL-GCP,,"SHO, Valasaravakkam Police Station",Trace,4.0,,2026-09-08T17:43:39+05:30,Draft,agent:action_planner,playbook,,,,INC-20260908-7E42C0
ACT-c312d226396a,,POL-GCP,,Deputy Commissioner of Police,Close,5.0,,2026-09-08T20:07:39+05:30,Draft,agent:action_planner,playbook,,,,INC-20260908-7E42C0
ACT-e97a6a1a2217,,POL-GCP,,"SHO, Saidapet Police Station",Respond immediately,1.0,,2026-09-08T22:46:34+05:30,Draft,agent:action_planner,playbook,,,,INC-20260908-953017
ACT-fbb040986571,,POL-GCP,,"SHO, Saidapet Police Station",Register the case,2.0,,2026-09-08T23:58:34+05:30,Draft,agent:action_planner,playbook,,,,INC-20260908-953017
ACT-078102e1d1ec,,POL-GCP,,"SHO, Saidapet Police Station",Protect the victim,3.0,,2026-09-09T01:10:34+05:30,Draft,agent:action_planner,playbook,,,,INC-20260908-953017
ACT-e2b0d4625a59,,POL-GCP,,"SHO, Saidapet Police Station",Arrest the accused,4.0,,2026-09-09T02:22:34+05:30,Draft,agent:action_planner,playbook,,,,INC-20260908-953017
ACT-fa4fe46577c6,,POL-GCP,,Deputy Commissioner of Police,Close,5.0,,2026-09-09T03:34:34+05:30,Draft,agent:action_planner,playbook,,,,INC-20260908-953017
ACT-ba568bdc146c,,GCC-SWD,,"Assistant Engineer, Ward 54 (Royapuram zone)",Inspect the worksite,1.0,,2026-09-09T05:14:00+05:30,Draft,agent:action_planner,playbook,,,,INC-20260908-C5F6CF
ACT-9f4c2dd25c19,,GCC-SWD,,"Assistant Engineer, Ward 54 (Royapuram zone)",Install barricades and signage,2.0,,2026-09-09T14:50:00+05:30,Draft,agent:action_planner,playbook,,,,INC-20260908-C5F6CF
ACT-1d3db7c70e18,,GCC-SWD,,"Assistant Engineer, Ward 54 (Royapuram zone)",Instruct the contractor,3.0,,2026-09-10T00:26:00+05:30,Draft,agent:action_planner,playbook,,,,INC-20260908-C5F6CF
ACT-08f5ed5ac641,,GCC-SWD,,"Assistant Engineer, Ward 54 (Royapuram zone)",Re-inspect,4.0,,2026-09-10T10:02:00+05:30,Draft,agent:action_planner,playbook,,,,INC-20260908-C5F6CF
ACT-5fdfa6162471,,GCC-SWD,,Superintending Engineer (SWD),Close with photo,5.0,,2026-09-10T19:38:00+05:30,Draft,agent:action_planner,playbook,,,,INC-20260908-C5F6CF
ACT-14b75ead0456,,POL-GCP,,Deputy Commissioner of Police,Support drain works site safety response,,,2026-09-09T19:38:00+05:30,Draft,agent:action_planner,coordination,,,,INC-20260908-C5F6CF
ACT-15021566e3a6,,GCC-ELE,,"Assistant Engineer, Ward 77 (Thiru-Vi-Ka-Nagar zone)",Inspect the feeder pillar,1.0,,2026-09-09T00:29:00+05:30,Draft,agent:action_planner,playbook,,,,INC-20260908-DB174F
ACT-f022a7e7992b,,GCC-ELE,,"Assistant Engineer, Ward 77 (Thiru-Vi-Ka-Nagar zone)",Isolate live parts,2.0,,2026-09-09T05:17:00+05:30,Draft,agent:action_planner,playbook,,,,INC-20260908-DB174F
ACT-443d0c00c9e3,,GCC-ELE,,"Assistant Engineer, Ward 77 (Thiru-Vi-Ka-Nagar zone)",Replace fittings,3.0,,2026-09-09T10:05:00+05:30,Draft,agent:action_planner,playbook,,,,INC-20260908-DB174F
ACT-c5e13e6461de,,GCC-ELE,,"Assistant Engineer, Ward 77 (Thiru-Vi-Ka-Nagar zone)",Restore supply,4.0,,2026-09-09T14:53:00+05:30,Draft,agent:action_planner,playbook,,,,INC-20260908-DB174F
ACT-27540523ab2e,,GCC-ELE,,Executive Engineer (Electrical),Close,5.0,,2026-09-09T19:41:00+05:30,Draft,agent:action_planner,playbook,,,,INC-20260908-DB174F
ACT-6ec031b9b6e3,,TANGEDCO,,Superintending Engineer,Support street lights & electrical hazards response,,,2026-09-09T07:41:00+05:30,Draft,agent:action_planner,coordination,,,,INC-20260908-DB174F
ACT-3976f1c73182,,POL-GCP,,"SHO, Anna Nagar Police Station",Respond immediately,1.0,,2026-09-08T02:45:04+05:30,Draft,agent:action_planner,playbook,,,,INC-20260908-F3D4C4
ACT-7d780b6bb67b,,POL-GCP,,"SHO, Anna Nagar Police Station",Register the case,2.0,,2026-09-08T03:09:04+05:30,Draft,agent:action_planner,playbook,,,,INC-20260908-F3D4C4
ACT-3bb8057786bc,,POL-GCP,,"SHO, Anna Nagar Police Station",Protect the victim,3.0,,2026-09-08T03:33:04+05:30,Draft,agent:action_planner,playbook,,,,INC-20260908-F3D4C4
ACT-f9aee1179bb6,,POL-GCP,,"SHO, Anna Nagar Police Station",Arrest the accused,4.0,,2026-09-08T03:57:04+05:30,Draft,agent:action_planner,playbook,,,,INC-20260908-F3D4C4
ACT-7fbe1fff5c0d,,POL-GCP,,Deputy Commissioner of Police,Close,5.0,,2026-09-08T04:21:04+05:30,Draft,agent:action_planner,playbook,,,,INC-20260908-F3D4C4
ACT-a126a4dfb9ff,,POL-GCP,,"SHO, Teynampet Police Station",Respond immediately,1.0,,2026-09-09T20:24:16+05:30,Draft,agent:action_planner,playbook,,,,INC-20260909-3F65AB
ACT-08f9b483c081,,POL-GCP,,"SHO, Teynampet Police Station",Register the case,2.0,,2026-09-09T20:48:16+05:30,Draft,agent:action_planner,playbook,,,,INC-20260909-3F65AB
ACT-1f66367f6d89,,POL-GCP,,"SHO, Teynampet Police Station",Protect the victim,3.0,,2026-09-09T21:12:16+05:30,Draft,agent:action_planner,playbook,,,,INC-20260909-3F65AB
ACT-125cd576bc68,,POL-GCP,,"SHO, Teynampet Police Station",Arrest the accused,4.0,,2026-09-09T21:36:16+05:30,Draft,agent:action_planner,playbook,,,,INC-20260909-3F65AB
ACT-e006aa7eb6bc,,POL-GCP,,Deputy Commissioner of Police,Close,5.0,,2026-09-09T22:00:16+05:30,Draft,agent:action_planner,playbook,,,,INC-20260909-3F65AB
ACT-1ef567b88c39,,POL-GCP,,"SHO, Thoraipakkam Police Station",Register the complaint,1.0,,2026-09-09T10:42:35+05:30,Draft,agent:action_planner,playbook,,,,INC-20260909-443977
ACT-338d92aea461,,POL-GCP,,"SHO, Thoraipakkam Police Station",Circulate details,2.0,,2026-09-09T13:06:35+05:30,Draft,agent:action_planner,playbook,,,,INC-20260909-443977
ACT-1cbab4f2b371,,POL-GCP,,"SHO, Thoraipakkam Police Station",Search,3.0,,2026-09-09T15:30:35+05:30,Draft,agent:action_planner,playbook,,,,INC-20260909-443977
ACT-86ee131c3cba,,POL-GCP,,"SHO, Thoraipakkam Police Station",Trace,4.0,,2026-09-09T17:54:35+05:30,Draft,agent:action_planner,playbook,,,,INC-20260909-443977
ACT-038404fee264,,POL-GCP,,Deputy Commissioner of Police,Close,5.0,,2026-09-09T20:18:35+05:30,Draft,agent:action_planner,playbook,,,,INC-20260909-443977
ACT-48da91bd7394,,POL-GCP,,"SHO, Saidapet Police Station",Register the complaint,1.0,,2026-09-09T08:10:10+05:30,Draft,agent:action_planner,playbook,,,,INC-20260909-D9A619
ACT-61c5e278a11b,,POL-GCP,,"SHO, Saidapet Police Station",Circulate details,2.0,,2026-09-09T10:34:10+05:30,Draft,agent:action_planner,playbook,,,,INC-20260909-D9A619
ACT-5dae8d9a35b3,,POL-GCP,,"SHO, Saidapet Police Station",Search,3.0,,2026-09-09T12:58:10+05:30,Draft,agent:action_planner,playbook,,,,INC-20260909-D9A619
ACT-4fefc00b3360,,POL-GCP,,"SHO, Saidapet Police Station",Trace,4.0,,2026-09-09T15:22:10+05:30,Draft,agent:action_planner,playbook,,,,INC-20260909-D9A619
ACT-e8272ead17c2,,POL-GCP,,Deputy Commissioner of Police,Close,5.0,,2026-09-09T17:46:10+05:30,Draft,agent:action_planner,playbook,,,,INC-20260909-D9A619
ACT-9361e9f4cae0,,POL-GCP,,"SHO, Kannagi Nagar Police Station",Respond immediately,1.0,,2026-09-09T11:40:19+05:30,Draft,agent:action_planner,playbook,,,,INC-20260909-DCEEC7
ACT-b0143155fc52,,POL-GCP,,"SHO, Kannagi Nagar Police Station",Register the case,2.0,,2026-09-09T12:04:19+05:30,Draft,agent:action_planner,playbook,,,,INC-20260909-DCEEC7
ACT-bfb74cf1d9e6,,POL-GCP,,"SHO, Kannagi Nagar Police Station",Protect the victim,3.0,,2026-09-09T12:28:19+05:30,Draft,agent:action_planner,playbook,,,,INC-20260909-DCEEC7
ACT-7f5be24f686e,,POL-GCP,,"SHO, Kannagi Nagar Police Station",Arrest the accused,4.0,,2026-09-09T12:52:19+05:30,Draft,agent:action_planner,playbook,,,,INC-20260909-DCEEC7
ACT-0664a559bfbd,,POL-GCP,,Deputy Commissioner of Police,Close,5.0,,2026-09-09T13:16:19+05:30,Draft,agent:action_planner,playbook,,,,INC-20260909-DCEEC7
ACT-00dc68a81175,,POL-GCP,,"SHO, Tondiarpet Police Station",Send patrol and ambulance,1.0,,2026-09-10T09:38:50+05:30,Draft,agent:action_planner,playbook,,,,INC-20260910-2B13CE
ACT-d17a8ec2fb5b,,POL-GCP,,"SHO, Tondiarpet Police Station",Clear the carriageway,2.0,,2026-09-10T10:50:50+05:30,Draft,agent:action_planner,playbook,,,,INC-20260910-2B13CE
ACT-f3b348bb0b62,,POL-GCP,,"SHO, Tondiarpet Police Station",Register the case,3.0,,2026-09-10T12:02:50+05:30,Draft,agent:action_planner,playbook,,,,INC-20260910-2B13CE
ACT-4e9284e23f31,,POL-GCP,,"SHO, Tondiarpet Police Station",Check road defects at the spot,4.0,,2026-09-10T13:14:50+05:30,Draft,agent:action_planner,playbook,,,,INC-20260910-2B13CE
ACT-50c8c439af8d,,POL-GCP,,Deputy Commissioner of Police,Close with report,5.0,,2026-09-10T14:26:50+05:30,Draft,agent:action_planner,playbook,,,,INC-20260910-2B13CE
ACT-2663dd53d22f,,GCC-ENG,,Superintending Engineer,Support road accident response,,,2026-09-10T11:26:50+05:30,Draft,agent:action_planner,coordination,,,,INC-20260910-2B13CE
ACT-8d7674b9e3a6,,HLT-DMS,,Director of Medical Services,Support road accident response,,,2026-09-10T11:26:50+05:30,Draft,agent:action_planner,coordination,,,,INC-20260910-2B13CE
ACT-d41d97e03a41,,POL-GCP,,"SHO, Alandur Police Station",Respond immediately,1.0,,2026-09-10T20:27:32+05:30,Draft,agent:action_planner,playbook,,,,INC-20260910-453566
ACT-1808ed2058f3,,POL-GCP,,"SHO, Alandur Police Station",Register the case,2.0,,2026-09-10T20:51:32+05:30,Draft,agent:action_planner,playbook,,,,INC-20260910-453566
ACT-fcb04d69ee63,,POL-GCP,,"SHO, Alandur Police Station",Protect the victim,3.0,,2026-09-10T21:15:32+05:30,Draft,agent:action_planner,playbook,,,,INC-20260910-453566
ACT-57f0ea9be41d,,POL-GCP,,"SHO, Alandur Police Station",Arrest the accused,4.0,,2026-09-10T21:39:32+05:30,Draft,agent:action_planner,playbook,,,,INC-20260910-453566
ACT-0cac96b54d5d,,POL-GCP,,Deputy Commissioner of Police,Close,5.0,,2026-09-10T22:03:32+05:30,Draft,agent:action_planner,playbook,,,,INC-20260910-453566
ACT-45b240dce0b6,,POL-GCP,,"SHO, Maduravoyal Police Station",Respond immediately,1.0,,2026-09-11T00:24:10+05:30,Draft,agent:action_planner,playbook,,,,INC-20260910-7BCF06
ACT-9092cbb08f81,,POL-GCP,,"SHO, Maduravoyal Police Station",Register the case,2.0,,2026-09-11T01:36:10+05:30,Draft,agent:action_planner,playbook,,,,INC-20260910-7BCF06
ACT-eb8524ee0b35,,POL-GCP,,"SHO, Maduravoyal Police Station",Protect the victim,3.0,,2026-09-11T02:48:10+05:30,Draft,agent:action_planner,playbook,,,,INC-20260910-7BCF06
ACT-c877249d07d4,,POL-GCP,,"SHO, Maduravoyal Police Station",Arrest the accused,4.0,,2026-09-11T04:00:10+05:30,Draft,agent:action_planner,playbook,,,,INC-20260910-7BCF06
ACT-2e82e14ac333,,POL-GCP,,Deputy Commissioner of Police,Close,5.0,,2026-09-11T05:12:10+05:30,Draft,agent:action_planner,playbook,,,,INC-20260910-7BCF06
ACT-91a802bc4bef,,GCC-SWD,,"Assistant Engineer, Ward 137 (Kodambakkam zone)",Inspect the drain,1.0,,2026-09-11T13:09:00+05:30,Draft,agent:action_planner,playbook,,,,INC-20260910-A1079B
ACT-58e40a098496,,GCC-SWD,,"Assistant Engineer, Ward 137 (Kodambakkam zone)",Desilt or clear the blockage,2.0,,2026-09-12T03:33:00+05:30,Draft,agent:action_planner,playbook,,,,INC-20260910-A1079B
ACT-a3b505b2fad2,,GCC-SWD,,"Assistant Engineer, Ward 137 (Kodambakkam zone)",Repair cover or pipe,3.0,,2026-09-12T17:57:00+05:30,Draft,agent:action_planner,playbook,,,,INC-20260910-A1079B
ACT-27e41b7675ec,,GCC-SWD,,"Assistant Engineer, Ward 137 (Kodambakkam zone)",Disinfect the area,4.0,,2026-09-13T08:21:00+05:30,Draft,agent:action_planner,playbook,,,,INC-20260910-A1079B
ACT-1e7c1198b7e5,,GCC-SWD,,Superintending Engineer (SWD),Submit completion report,5.0,,2026-09-13T22:45:00+05:30,Draft,agent:action_planner,playbook,,,,INC-20260910-A1079B
ACT-efc352bb708d,,CMWSSB,,Superintending Engineer,Support drainage & sewage response,,,2026-09-12T10:45:00+05:30,Draft,agent:action_planner,coordination,,,,INC-20260910-A1079B
ACT-f0869cceea4f,,POL-GCP,,"SHO, Pazhavanthangal Police Station",Respond immediately,1.0,,2026-09-10T23:02:42+05:30,Draft,agent:action_planner,playbook,,,,INC-20260910-BB0D75
ACT-8f85ef90615e,,POL-GCP,,"SHO, Pazhavanthangal Police Station",Register the case,2.0,,2026-09-10T23:26:42+05:30,Draft,agent:action_planner,playbook,,,,INC-20260910-BB0D75
ACT-cf02aff5360a,,POL-GCP,,"SHO, Pazhavanthangal Police Station",Protect the victim,3.0,,2026-09-10T23:50:42+05:30,Draft,agent:action_planner,playbook,,,,INC-20260910-BB0D75
ACT-9e9a57fd5e83,,POL-GCP,,"SHO, Pazhavanthangal Police Station",Arrest the accused,4.0,,2026-09-11T00:14:42+05:30,Draft,agent:action_planner,playbook,,,,INC-20260910-BB0D75
ACT-1c20a814a3be,,POL-GCP,,Deputy Commissioner of Police,Close,5.0,,2026-09-11T00:38:42+05:30,Draft,agent:action_planner,playbook,,,,INC-20260910-BB0D75
ACT-42626c439722,,POL-GCP,,"SHO, Chintadripet Police Station",Respond immediately,1.0,,2026-09-11T17:53:43+05:30,Draft,agent:action_planner,playbook,,,,INC-20260911-4F2991
ACT-20a59c0046f0,,POL-GCP,,"SHO, Chintadripet Police Station",Register the case,2.0,,2026-09-11T19:05:43+05:30,Draft,agent:action_planner,playbook,,,,INC-20260911-4F2991
ACT-94488646c4ee,,POL-GCP,,"SHO, Chintadripet Police Station",Protect the victim,3.0,,2026-09-11T20:17:43+05:30,Draft,agent:action_planner,playbook,,,,INC-20260911-4F2991
ACT-20a0f3cde6ac,,POL-GCP,,"SHO, Chintadripet Police Station",Arrest the accused,4.0,,2026-09-11T21:29:43+05:30,Draft,agent:action_planner,playbook,,,,INC-20260911-4F2991
ACT-cc823ed6b2fb,,POL-GCP,,Deputy Commissioner of Police,Close,5.0,,2026-09-11T22:41:43+05:30,Draft,agent:action_planner,playbook,,,,INC-20260911-4F2991
ACT-d02c3ea3249e,,POL-GCP,,"SHO, Kilpauk Police Station",Respond immediately,1.0,,2026-09-11T09:41:10+05:30,Draft,agent:action_planner,playbook,,,,INC-20260911-7B4C31
ACT-4f9e1a05feba,,POL-GCP,,"SHO, Kilpauk Police Station",Register the case,2.0,,2026-09-11T10:53:10+05:30,Draft,agent:action_planner,playbook,,,,INC-20260911-7B4C31
ACT-f30757838837,,POL-GCP,,"SHO, Kilpauk Police Station",Protect the victim,3.0,,2026-09-11T12:05:10+05:30,Draft,agent:action_planner,playbook,,,,INC-20260911-7B4C31
ACT-542281f1f2e0,,POL-GCP,,"SHO, Kilpauk Police Station",Arrest the accused,4.0,,2026-09-11T13:17:10+05:30,Draft,agent:action_planner,playbook,,,,INC-20260911-7B4C31
ACT-aaf01e609bb1,,POL-GCP,,Deputy Commissioner of Police,Close,5.0,,2026-09-11T14:29:10+05:30,Draft,agent:action_planner,playbook,,,,INC-20260911-7B4C31
ACT-ac9fe1572605,,POL-GCP,,"SHO, Kodungaiyur Police Station",Respond immediately,1.0,,2026-09-11T19:35:06+05:30,Draft,agent:action_planner,playbook,,,,INC-20260911-842097
ACT-d25bab1b6bd1,,POL-GCP,,"SHO, Kodungaiyur Police Station",Register the case,2.0,,2026-09-11T20:47:06+05:30,Draft,agent:action_planner,playbook,,,,INC-20260911-842097
ACT-87b8e31d3cc3,,POL-GCP,,"SHO, Kodungaiyur Police Station",Protect the victim,3.0,,2026-09-11T21:59:06+05:30,Draft,agent:action_planner,playbook,,,,INC-20260911-842097
ACT-d90713361a28,,POL-GCP,,"SHO, Kodungaiyur Police Station",Arrest the accused,4.0,,2026-09-11T23:11:06+05:30,Draft,agent:action_planner,playbook,,,,INC-20260911-842097
ACT-d5d36b9d5f71,,POL-GCP,,Deputy Commissioner of Police,Close,5.0,,2026-09-12T00:23:06+05:30,Draft,agent:action_planner,playbook,,,,INC-20260911-842097
ACT-3f41c49bb033,,POL-GCP,,"SHO, Saidapet Police Station",Register the complaint,1.0,,2026-09-11T11:02:26+05:30,Draft,agent:action_planner,playbook,,,,INC-20260911-906D1C
ACT-36001302492a,,POL-GCP,,"SHO, Saidapet Police Station",Circulate details,2.0,,2026-09-11T13:26:26+05:30,Draft,agent:action_planner,playbook,,,,INC-20260911-906D1C
ACT-be751e2e79a2,,POL-GCP,,"SHO, Saidapet Police Station",Search,3.0,,2026-09-11T15:50:26+05:30,Draft,agent:action_planner,playbook,,,,INC-20260911-906D1C
ACT-8a497b9cc5ca,,POL-GCP,,"SHO, Saidapet Police Station",Trace,4.0,,2026-09-11T18:14:26+05:30,Draft,agent:action_planner,playbook,,,,INC-20260911-906D1C
ACT-6476ec581436,,POL-GCP,,Deputy Commissioner of Police,Close,5.0,,2026-09-11T20:38:26+05:30,Draft,agent:action_planner,playbook,,,,INC-20260911-906D1C
ACT-33b07fac3330,,POL-GCP,,"SHO, Valasaravakkam Police Station",Respond immediately,1.0,,2026-09-12T20:19:55+05:30,Draft,agent:action_planner,playbook,,,,INC-20260912-206A0F
ACT-56b61927f4b4,,POL-GCP,,"SHO, Valasaravakkam Police Station",Register the case,2.0,,2026-09-12T20:43:55+05:30,Draft,agent:action_planner,playbook,,,,INC-20260912-206A0F
ACT-25af045938ee,,POL-GCP,,"SHO, Valasaravakkam Police Station",Protect the victim,3.0,,2026-09-12T21:07:55+05:30,Draft,agent:action_planner,playbook,,,,INC-20260912-206A0F
ACT-02eed43db827,,POL-GCP,,"SHO, Valasaravakkam Police Station",Arrest the accused,4.0,,2026-09-12T21:31:55+05:30,Draft,agent:action_planner,playbook,,,,INC-20260912-206A0F
ACT-df6b17c5da75,,POL-GCP,,Deputy Commissioner of Police,Close,5.0,,2026-09-12T21:55:55+05:30,Draft,agent:action_planner,playbook,,,,INC-20260912-206A0F
ACT-cb65bd29efa7,,POL-GCP,,"SHO, Tondiarpet Police Station",Respond immediately,1.0,,2026-09-12T07:38:44+05:30,Draft,agent:action_planner,playbook,,,,INC-20260912-2F9634
ACT-4fea14569dea,,POL-GCP,,"SHO, Tondiarpet Police Station",Register the case,2.0,,2026-09-12T08:02:44+05:30,Draft,agent:action_planner,playbook,,,,INC-20260912-2F9634
ACT-9cc04d89a0e5,,POL-GCP,,"SHO, Tondiarpet Police Station",Protect the victim,3.0,,2026-09-12T08:26:44+05:30,Draft,agent:action_planner,playbook,,,,INC-20260912-2F9634
ACT-08db3238d60c,,POL-GCP,,"SHO, Tondiarpet Police Station",Arrest the accused,4.0,,2026-09-12T08:50:44+05:30,Draft,agent:action_planner,playbook,,,,INC-20260912-2F9634
ACT-d85086855697,,POL-GCP,,Deputy Commissioner of Police,Close,5.0,,2026-09-12T09:14:44+05:30,Draft,agent:action_planner,playbook,,,,INC-20260912-2F9634
ACT-0995432f6f5f,,POL-GCP,,"SHO, Tondiarpet Police Station",Register the complaint,1.0,,2026-09-12T16:11:17+05:30,Draft,agent:action_planner,playbook,,,,INC-20260912-566815
ACT-c96096d5303b,,POL-GCP,,"SHO, Tondiarpet Police Station",Circulate details,2.0,,2026-09-12T18:35:17+05:30,Draft,agent:action_planner,playbook,,,,INC-20260912-566815
ACT-27d039988900,,POL-GCP,,"SHO, Tondiarpet Police Station",Search,3.0,,2026-09-12T20:59:17+05:30,Draft,agent:action_planner,playbook,,,,INC-20260912-566815
ACT-0552725707c2,,POL-GCP,,"SHO, Tondiarpet Police Station",Trace,4.0,,2026-09-12T23:23:17+05:30,Draft,agent:action_planner,playbook,,,,INC-20260912-566815
ACT-2992e54a8a4c,,POL-GCP,,Deputy Commissioner of Police,Close,5.0,,2026-09-13T01:47:17+05:30,Draft,agent:action_planner,playbook,,,,INC-20260912-566815
ACT-017845b3851e,,POL-GCP,,"SHO, Periamet Police Station",Respond immediately,1.0,,2026-09-13T01:05:07+05:30,Draft,agent:action_planner,playbook,,,,INC-20260912-8FA0EA
ACT-02e58c6d11fc,,POL-GCP,,"SHO, Periamet Police Station",Register the case,2.0,,2026-09-13T02:17:07+05:30,Draft,agent:action_planner,playbook,,,,INC-20260912-8FA0EA
ACT-4c30f899415c,,POL-GCP,,"SHO, Periamet Police Station",Protect the victim,3.0,,2026-09-13T03:29:07+05:30,Draft,agent:action_planner,playbook,,,,INC-20260912-8FA0EA
ACT-ed417566c5bd,,POL-GCP,,"SHO, Periamet Police Station",Arrest the accused,4.0,,2026-09-13T04:41:07+05:30,Draft,agent:action_planner,playbook,,,,INC-20260912-8FA0EA
ACT-d43853f2b21e,,POL-GCP,,Deputy Commissioner of Police,Close,5.0,,2026-09-13T05:53:07+05:30,Draft,agent:action_planner,playbook,,,,INC-20260912-8FA0EA
ACT-f01cb628d984,,POL-GCP,,"SHO, Sembiam Police Station",Register the complaint,1.0,,2026-09-13T14:16:26+05:30,Draft,agent:action_planner,playbook,,,,INC-20260913-09FDBB
ACT-eeb4d79503fa,,POL-GCP,,"SHO, Sembiam Police Station",Circulate details,2.0,,2026-09-13T16:40:26+05:30,Draft,agent:action_planner,playbook,,,,INC-20260913-09FDBB
ACT-d93100954411,,POL-GCP,,"SHO, Sembiam Police Station",Search,3.0,,2026-09-13T19:04:26+05:30,Draft,agent:action_planner,playbook,,,,INC-20260913-09FDBB
ACT-44c4eba1e2cc,,POL-GCP,,"SHO, Sembiam Police Station",Trace,4.0,,2026-09-13T21:28:26+05:30,Draft,agent:action_planner,playbook,,,,INC-20260913-09FDBB
ACT-3defa1c763ea,,POL-GCP,,Deputy Commissioner of Police,Close,5.0,,2026-09-13T23:52:26+05:30,Draft,agent:action_planner,playbook,,,,INC-20260913-09FDBB
ACT-8fd0d01923ae,,POL-GCP,,"SHO, Pondy Bazaar Police Station",Respond immediately,1.0,,2026-09-13T14:54:12+05:30,Draft,agent:action_planner,playbook,,,,INC-20260913-26D7FD
ACT-c68e0910ed2c,,POL-GCP,,"SHO, Pondy Bazaar Police Station",Register the case,2.0,,2026-09-13T16:06:12+05:30,Draft,agent:action_planner,playbook,,,,INC-20260913-26D7FD
ACT-0b13b8752546,,POL-GCP,,"SHO, Pondy Bazaar Police Station",Protect the victim,3.0,,2026-09-13T17:18:12+05:30,Draft,agent:action_planner,playbook,,,,INC-20260913-26D7FD
ACT-eb53ae42cd1d,,POL-GCP,,"SHO, Pondy Bazaar Police Station",Arrest the accused,4.0,,2026-09-13T18:30:12+05:30,Draft,agent:action_planner,playbook,,,,INC-20260913-26D7FD
ACT-69bcf5ffe016,,POL-GCP,,Deputy Commissioner of Police,Close,5.0,,2026-09-13T19:42:12+05:30,Draft,agent:action_planner,playbook,,,,INC-20260913-26D7FD
ACT-1abb4945a6a5,,POL-GCP,,"SHO, St. Thomas Mount Police Station",Respond immediately,1.0,,2026-09-13T14:24:56+05:30,Draft,agent:action_planner,playbook,,,,INC-20260913-43F40C
ACT-690af53fccd8,,POL-GCP,,"SHO, St. Thomas Mount Police Station",Register the case,2.0,,2026-09-13T14:48:56+05:30,Draft,agent:action_planner,playbook,,,,INC-20260913-43F40C
ACT-afc80081c357,,POL-GCP,,"SHO, St. Thomas Mount Police Station",Protect the victim,3.0,,2026-09-13T15:12:56+05:30,Draft,agent:action_planner,playbook,,,,INC-20260913-43F40C
ACT-e592ba05d40e,,POL-GCP,,"SHO, St. Thomas Mount Police Station",Arrest the accused,4.0,,2026-09-13T15:36:56+05:30,Draft,agent:action_planner,playbook,,,,INC-20260913-43F40C
ACT-c4dbb52d8921,,POL-GCP,,Deputy Commissioner of Police,Close,5.0,,2026-09-13T16:00:56+05:30,Draft,agent:action_planner,playbook,,,,INC-20260913-43F40C
ACT-d0d81bdc5195,,POL-GCP,,"SHO, Saidapet Police Station",Register the complaint,1.0,,2026-09-14T00:50:09+05:30,Draft,agent:action_planner,playbook,,,,INC-20260913-59365B
ACT-296e65055a92,,POL-GCP,,"SHO, Saidapet Police Station",Circulate details,2.0,,2026-09-14T03:14:09+05:30,Draft,agent:action_planner,playbook,,,,INC-20260913-59365B
ACT-a9b5c44c2e16,,POL-GCP,,"SHO, Saidapet Police Station",Search,3.0,,2026-09-14T05:38:09+05:30,Draft,agent:action_planner,playbook,,,,INC-20260913-59365B
ACT-7e129ab5d940,,POL-GCP,,"SHO, Saidapet Police Station",Trace,4.0,,2026-09-14T08:02:09+05:30,Draft,agent:action_planner,playbook,,,,INC-20260913-59365B
ACT-9f04947615aa,,POL-GCP,,Deputy Commissioner of Police,Close,5.0,,2026-09-14T10:26:09+05:30,Draft,agent:action_planner,playbook,,,,INC-20260913-59365B
ACT-3c5f5705a652,,POL-GCP,,"SHO, Tondiarpet Police Station",Send patrol and ambulance,1.0,,2026-09-13T22:31:22+05:30,Draft,agent:action_planner,playbook,,,,INC-20260913-BBAA15
ACT-e25264926a10,,POL-GCP,,"SHO, Tondiarpet Police Station",Clear the carriageway,2.0,,2026-09-13T23:43:22+05:30,Draft,agent:action_planner,playbook,,,,INC-20260913-BBAA15
ACT-25585f9f639f,,POL-GCP,,"SHO, Tondiarpet Police Station",Register the case,3.0,,2026-09-14T00:55:22+05:30,Draft,agent:action_planner,playbook,,,,INC-20260913-BBAA15
ACT-6fd25879c305,,POL-GCP,,"SHO, Tondiarpet Police Station",Check road defects at the spot,4.0,,2026-09-14T02:07:22+05:30,Draft,agent:action_planner,playbook,,,,INC-20260913-BBAA15
ACT-a2280b4119f9,,POL-GCP,,Deputy Commissioner of Police,Close with report,5.0,,2026-09-14T03:19:22+05:30,Draft,agent:action_planner,playbook,,,,INC-20260913-BBAA15
ACT-2507c5d08693,,GCC-ENG,,Superintending Engineer,Support road accident response,,,2026-09-14T00:19:22+05:30,Draft,agent:action_planner,coordination,,,,INC-20260913-BBAA15
ACT-cf8c28c14ec8,,HLT-DMS,,Director of Medical Services,Support road accident response,,,2026-09-14T00:19:22+05:30,Draft,agent:action_planner,coordination,,,,INC-20260913-BBAA15
ACT-df612797590a,,POL-GCP,,"SHO, Egmore Police Station",Respond immediately,1.0,,2026-09-14T03:34:01+05:30,Draft,agent:action_planner,playbook,,,,INC-20260914-0EA326
ACT-e2a1218767cd,,POL-GCP,,"SHO, Egmore Police Station",Register the case,2.0,,2026-09-14T04:46:01+05:30,Draft,agent:action_planner,playbook,,,,INC-20260914-0EA326
ACT-343f7ee6bba7,,POL-GCP,,"SHO, Egmore Police Station",Protect the victim,3.0,,2026-09-14T05:58:01+05:30,Draft,agent:action_planner,playbook,,,,INC-20260914-0EA326
ACT-8689f71b03f9,,POL-GCP,,"SHO, Egmore Police Station",Arrest the accused,4.0,,2026-09-14T07:10:01+05:30,Draft,agent:action_planner,playbook,,,,INC-20260914-0EA326
ACT-21c30dc9ee72,,POL-GCP,,Deputy Commissioner of Police,Close,5.0,,2026-09-14T08:22:01+05:30,Draft,agent:action_planner,playbook,,,,INC-20260914-0EA326
ACT-f4656239ed85,,POL-GCP,,"SHO, K.K. Nagar Police Station",Register the complaint,1.0,,2026-09-14T09:29:51+05:30,Draft,agent:action_planner,playbook,,,,INC-20260914-0F828E
ACT-b1c20eb6bf44,,POL-GCP,,"SHO, K.K. Nagar Police Station",Circulate details,2.0,,2026-09-14T11:53:51+05:30,Draft,agent:action_planner,playbook,,,,INC-20260914-0F828E
ACT-9f064bac0e80,,POL-GCP,,"SHO, K.K. Nagar Police Station",Search,3.0,,2026-09-14T14:17:51+05:30,Draft,agent:action_planner,playbook,,,,INC-20260914-0F828E
ACT-09f6978d5305,,POL-GCP,,"SHO, K.K. Nagar Police Station",Trace,4.0,,2026-09-14T16:41:51+05:30,Draft,agent:action_planner,playbook,,,,INC-20260914-0F828E
ACT-fb41554e9836,,POL-GCP,,Deputy Commissioner of Police,Close,5.0,,2026-09-14T19:05:51+05:30,Draft,agent:action_planner,playbook,,,,INC-20260914-0F828E
ACT-b574a3c371e9,,POL-GCP,,"SHO, Thiruvottiyur Police Station",Register the complaint,1.0,,2026-09-14T16:57:12+05:30,Draft,agent:action_planner,playbook,,,,INC-20260914-33B5CE
ACT-f96572657898,,POL-GCP,,"SHO, Thiruvottiyur Police Station",Circulate details,2.0,,2026-09-14T19:21:12+05:30,Draft,agent:action_planner,playbook,,,,INC-20260914-33B5CE
ACT-d9723a37a3bf,,POL-GCP,,"SHO, Thiruvottiyur Police Station",Search,3.0,,2026-09-14T21:45:12+05:30,Draft,agent:action_planner,playbook,,,,INC-20260914-33B5CE
ACT-14269c7c8c7e,,POL-GCP,,"SHO, Thiruvottiyur Police Station",Trace,4.0,,2026-09-15T00:09:12+05:30,Draft,agent:action_planner,playbook,,,,INC-20260914-33B5CE
ACT-282050813704,,POL-GCP,,Deputy Commissioner of Police,Close,5.0,,2026-09-15T02:33:12+05:30,Draft,agent:action_planner,playbook,,,,INC-20260914-33B5CE
ACT-844743d4a5e8,,POL-GCP,,"SHO, Teynampet Police Station",Respond immediately,1.0,,2026-09-14T22:58:12+05:30,Draft,agent:action_planner,playbook,,,,INC-20260914-4D2400
ACT-f4c42016652b,,POL-GCP,,"SHO, Teynampet Police Station",Register the case,2.0,,2026-09-15T00:10:12+05:30,Draft,agent:action_planner,playbook,,,,INC-20260914-4D2400
ACT-68241bcf92b3,,POL-GCP,,"SHO, Teynampet Police Station",Protect the victim,3.0,,2026-09-15T01:22:12+05:30,Draft,agent:action_planner,playbook,,,,INC-20260914-4D2400
ACT-7a38c45a6821,,POL-GCP,,"SHO, Teynampet Police Station",Arrest the accused,4.0,,2026-09-15T02:34:12+05:30,Draft,agent:action_planner,playbook,,,,INC-20260914-4D2400
ACT-8f171f0d0f8e,,POL-GCP,,Deputy Commissioner of Police,Close,5.0,,2026-09-15T03:46:12+05:30,Draft,agent:action_planner,playbook,,,,INC-20260914-4D2400
ACT-b2fbd61cd372,,PWD-WRD,,"Assistant Executive Engineer, Water Bodies Protection (Encroachment) Cell (S. Palanisamy)",Inspect and barricade,1.0,,2026-09-15T09:22:19+05:30,Draft,agent:action_planner,playbook,,,,INC-20260914-C87E45
ACT-82f3501ff100,,PWD-WRD,,"Assistant Executive Engineer, Water Bodies Protection (Encroachment) Cell (S. Palanisamy)",Patch with cold mix,2.0,,2026-09-15T23:46:19+05:30,Draft,agent:action_planner,playbook,,,,INC-20260914-C87E45
ACT-bcd1a598edb8,,PWD-WRD,,"Assistant Executive Engineer, Water Bodies Protection (Encroachment) Cell (S. Palanisamy)",Schedule relaying,3.0,,2026-09-16T14:10:19+05:30,Draft,agent:action_planner,playbook,,,,INC-20260914-C87E45
ACT-d7ca42b3f7f8,,PWD-WRD,,"Assistant Executive Engineer, Water Bodies Protection (Encroachment) Cell (S. Palanisamy)",Quality check,4.0,,2026-09-17T04:34:19+05:30,Draft,agent:action_planner,playbook,,,,INC-20260914-C87E45
ACT-a0bd95d03186,,PWD-WRD,,Superintending Engineer (WRD),Close with photo,5.0,,2026-09-17T18:58:19+05:30,Draft,agent:action_planner,playbook,,,,INC-20260914-C87E45
ACT-03bb1c61ca50,,POL-GCP,,Deputy Commissioner of Police,"Support roads, footpaths & bridges response",,,2026-09-16T06:58:19+05:30,Draft,agent:action_planner,coordination,,,,INC-20260914-C87E45
ACT-8798ac8bc269,,POL-GCP,,"SHO, Royapettah Police Station",Respond immediately,1.0,,2026-09-14T04:31:19+05:30,Draft,agent:action_planner,playbook,,,,INC-20260914-D5B648
ACT-9702660bae80,,POL-GCP,,"SHO, Royapettah Police Station",Register the case,2.0,,2026-09-14T05:43:19+05:30,Draft,agent:action_planner,playbook,,,,INC-20260914-D5B648
ACT-b70f3414239d,,POL-GCP,,"SHO, Royapettah Police Station",Protect the victim,3.0,,2026-09-14T06:55:19+05:30,Draft,agent:action_planner,playbook,,,,INC-20260914-D5B648
ACT-4bb2aba196b7,,POL-GCP,,"SHO, Royapettah Police Station",Arrest the accused,4.0,,2026-09-14T08:07:19+05:30,Draft,agent:action_planner,playbook,,,,INC-20260914-D5B648
ACT-0454a25e3a75,,POL-GCP,,Deputy Commissioner of Police,Close,5.0,,2026-09-14T09:19:19+05:30,Draft,agent:action_planner,playbook,,,,INC-20260914-D5B648
ACT-dca7eeaf310b,,POL-GCP,,"SHO, Egmore Police Station",Deploy personnel,1.0,,2026-09-14T20:36:44+05:30,Draft,agent:action_planner,playbook,,,,INC-20260914-E53D81
ACT-d1e07a0eebcc,,POL-GCP,,"SHO, Egmore Police Station",Manage crowd and traffic,2.0,,2026-09-14T21:48:44+05:30,Draft,agent:action_planner,playbook,,,,INC-20260914-E53D81
ACT-e58e6c6e13aa,,POL-GCP,,"SHO, Egmore Police Station",Engage organisers,3.0,,2026-09-14T23:00:44+05:30,Draft,agent:action_planner,playbook,,,,INC-20260914-E53D81
ACT-6b191dcc4425,,POL-GCP,,"SHO, Egmore Police Station",Document the event,4.0,,2026-09-15T00:12:44+05:30,Draft,agent:action_planner,playbook,,,,INC-20260914-E53D81
ACT-94654a0c22f1,,POL-GCP,,Deputy Commissioner of Police,Close,5.0,,2026-09-15T01:24:44+05:30,Draft,agent:action_planner,playbook,,,,INC-20260914-E53D81
ACT-6d2a814b20aa,,DIST-REV,,District Revenue Officer,Support protests & public nuisance response,,,2026-09-14T22:24:44+05:30,Draft,agent:action_planner,coordination,,,,INC-20260914-E53D81
ACT-d6e1f7903ae7,,POL-GCP,,"SHO, Thirumangalam Police Station",Send patrol and ambulance,1.0,,2026-09-15T05:22:02+05:30,Draft,agent:action_planner,playbook,,,,INC-20260915-0BE1EC
ACT-a8c7a8aafec0,,POL-GCP,,"SHO, Thirumangalam Police Station",Clear the carriageway,2.0,,2026-09-15T06:34:02+05:30,Draft,agent:action_planner,playbook,,,,INC-20260915-0BE1EC
ACT-48f63b3e148e,,POL-GCP,,"SHO, Thirumangalam Police Station",Register the case,3.0,,2026-09-15T07:46:02+05:30,Draft,agent:action_planner,playbook,,,,INC-20260915-0BE1EC
ACT-14fb27bb7c2f,,POL-GCP,,"SHO, Thirumangalam Police Station",Check road defects at the spot,4.0,,2026-09-15T08:58:02+05:30,Draft,agent:action_planner,playbook,,,,INC-20260915-0BE1EC
ACT-b34ec44cf649,,POL-GCP,,Deputy Commissioner of Police,Close with report,5.0,,2026-09-15T10:10:02+05:30,Draft,agent:action_planner,playbook,,,,INC-20260915-0BE1EC
ACT-bab91609089a,,GCC-ENG,,Superintending Engineer,Support road accident response,,,2026-09-15T07:10:02+05:30,Draft,agent:action_planner,coordination,,,,INC-20260915-0BE1EC
ACT-007aaa7b2187,,HLT-DMS,,Director of Medical Services,Support road accident response,,,2026-09-15T07:10:02+05:30,Draft,agent:action_planner,coordination,,,,INC-20260915-0BE1EC
ACT-9c2eb79c581f,,POL-GCP,,"SHO, Royapettah Police Station",Respond immediately,1.0,,2026-09-15T21:57:30+05:30,Draft,agent:action_planner,playbook,,,,INC-20260915-281D4E
ACT-f6d967d0ff4d,,POL-GCP,,"SHO, Royapettah Police Station",Register the case,2.0,,2026-09-15T23:09:30+05:30,Draft,agent:action_planner,playbook,,,,INC-20260915-281D4E
ACT-35ab111c9074,,POL-GCP,,"SHO, Royapettah Police Station",Protect the victim,3.0,,2026-09-16T00:21:30+05:30,Draft,agent:action_planner,playbook,,,,INC-20260915-281D4E
ACT-9ef7e4baea3a,,POL-GCP,,"SHO, Royapettah Police Station",Arrest the accused,4.0,,2026-09-16T01:33:30+05:30,Draft,agent:action_planner,playbook,,,,INC-20260915-281D4E
ACT-c3df51fa6e9e,,POL-GCP,,Deputy Commissioner of Police,Close,5.0,,2026-09-16T02:45:30+05:30,Draft,agent:action_planner,playbook,,,,INC-20260915-281D4E
ACT-1cd2297f8950,,POL-GCP,,"SHO, Thoraipakkam Police Station",Register the complaint,1.0,,2026-09-15T16:31:50+05:30,Draft,agent:action_planner,playbook,,,,INC-20260915-320C17
ACT-4f747849743a,,POL-GCP,,"SHO, Thoraipakkam Police Station",Circulate details,2.0,,2026-09-15T18:55:50+05:30,Draft,agent:action_planner,playbook,,,,INC-20260915-320C17
ACT-bbf5dbfdd929,,POL-GCP,,"SHO, Thoraipakkam Police Station",Search,3.0,,2026-09-15T21:19:50+05:30,Draft,agent:action_planner,playbook,,,,INC-20260915-320C17
ACT-0b9bf092c323,,POL-GCP,,"SHO, Thoraipakkam Police Station",Trace,4.0,,2026-09-15T23:43:50+05:30,Draft,agent:action_planner,playbook,,,,INC-20260915-320C17
ACT-f96276989824,,POL-GCP,,Deputy Commissioner of Police,Close,5.0,,2026-09-16T02:07:50+05:30,Draft,agent:action_planner,playbook,,,,INC-20260915-320C17
ACT-b3716a37e01e,,POL-GCP,,"SHO, Porur Police Station",Register the complaint,1.0,,2026-09-15T06:03:55+05:30,Draft,agent:action_planner,playbook,,,,INC-20260915-4F05C6
ACT-5ec869af9192,,POL-GCP,,"SHO, Porur Police Station",Circulate details,2.0,,2026-09-15T08:27:55+05:30,Draft,agent:action_planner,playbook,,,,INC-20260915-4F05C6
ACT-d7afe4fbcb67,,POL-GCP,,"SHO, Porur Police Station",Search,3.0,,2026-09-15T10:51:55+05:30,Draft,agent:action_planner,playbook,,,,INC-20260915-4F05C6
ACT-86f79ff67c8f,,POL-GCP,,"SHO, Porur Police Station",Trace,4.0,,2026-09-15T13:15:55+05:30,Draft,agent:action_planner,playbook,,,,INC-20260915-4F05C6
ACT-9509dd17b227,,POL-GCP,,Deputy Commissioner of Police,Close,5.0,,2026-09-15T15:39:55+05:30,Draft,agent:action_planner,playbook,,,,INC-20260915-4F05C6
ACT-025c8d06074d,,POL-GCP,,"SHO, Vyasarpadi Police Station",Respond immediately,1.0,,2026-09-15T21:21:48+05:30,Draft,agent:action_planner,playbook,,,,INC-20260915-6E02C2
ACT-329127289200,,POL-GCP,,"SHO, Vyasarpadi Police Station",Register the case,2.0,,2026-09-15T22:33:48+05:30,Draft,agent:action_planner,playbook,,,,INC-20260915-6E02C2
ACT-0c0b1e8d966e,,POL-GCP,,"SHO, Vyasarpadi Police Station",Protect the victim,3.0,,2026-09-15T23:45:48+05:30,Draft,agent:action_planner,playbook,,,,INC-20260915-6E02C2
ACT-298d29a7fe96,,POL-GCP,,"SHO, Vyasarpadi Police Station",Arrest the accused,4.0,,2026-09-16T00:57:48+05:30,Draft,agent:action_planner,playbook,,,,INC-20260915-6E02C2
ACT-abc38326f024,,POL-GCP,,Deputy Commissioner of Police,Close,5.0,,2026-09-16T02:09:48+05:30,Draft,agent:action_planner,playbook,,,,INC-20260915-6E02C2
ACT-415331c1ad4b,,POL-GCP,,"SHO, Pulianthope Police Station",Respond immediately,1.0,,2026-09-15T11:53:30+05:30,Draft,agent:action_planner,playbook,,,,INC-20260915-72B3A9
ACT-ccbb58b04354,,POL-GCP,,"SHO, Pulianthope Police Station",Register the case,2.0,,2026-09-15T13:05:30+05:30,Draft,agent:action_planner,playbook,,,,INC-20260915-72B3A9
ACT-e7244506342e,,POL-GCP,,"SHO, Pulianthope Police Station",Protect the victim,3.0,,2026-09-15T14:17:30+05:30,Draft,agent:action_planner,playbook,,,,INC-20260915-72B3A9
ACT-a073ffa916ca,,POL-GCP,,"SHO, Pulianthope Police Station",Arrest the accused,4.0,,2026-09-15T15:29:30+05:30,Draft,agent:action_planner,playbook,,,,INC-20260915-72B3A9
ACT-1b9dd6235ee7,,POL-GCP,,Deputy Commissioner of Police,Close,5.0,,2026-09-15T16:41:30+05:30,Draft,agent:action_planner,playbook,,,,INC-20260915-72B3A9
ACT-f4bfc61a5a34,,POL-GCP,,"SHO, Koyambedu Police Station",Register the complaint,1.0,,2026-09-15T04:55:14+05:30,Draft,agent:action_planner,playbook,,,,INC-20260915-88C961
ACT-1c943623d2af,,POL-GCP,,"SHO, Koyambedu Police Station",Circulate details,2.0,,2026-09-15T07:19:14+05:30,Draft,agent:action_planner,playbook,,,,INC-20260915-88C961
ACT-58e8a87e53db,,POL-GCP,,"SHO, Koyambedu Police Station",Search,3.0,,2026-09-15T09:43:14+05:30,Draft,agent:action_planner,playbook,,,,INC-20260915-88C961
ACT-e7b6b4e18b97,,POL-GCP,,"SHO, Koyambedu Police Station",Trace,4.0,,2026-09-15T12:07:14+05:30,Draft,agent:action_planner,playbook,,,,INC-20260915-88C961
ACT-69dfe1fe1bb6,,POL-GCP,,Deputy Commissioner of Police,Close,5.0,,2026-09-15T14:31:14+05:30,Draft,agent:action_planner,playbook,,,,INC-20260915-88C961
ACT-eab3850d9d72,,POL-GCP,,"SHO, Mambalam Police Station",Send patrol and ambulance,1.0,,2026-09-15T21:45:53+05:30,Draft,agent:action_planner,playbook,,,,INC-20260915-A8021C
ACT-da42aa43b6eb,,POL-GCP,,"SHO, Mambalam Police Station",Clear the carriageway,2.0,,2026-09-15T22:57:53+05:30,Draft,agent:action_planner,playbook,,,,INC-20260915-A8021C
ACT-7025438fead7,,POL-GCP,,"SHO, Mambalam Police Station",Register the case,3.0,,2026-09-16T00:09:53+05:30,Draft,agent:action_planner,playbook,,,,INC-20260915-A8021C
ACT-8e4c763ddf51,,POL-GCP,,"SHO, Mambalam Police Station",Check road defects at the spot,4.0,,2026-09-16T01:21:53+05:30,Draft,agent:action_planner,playbook,,,,INC-20260915-A8021C
ACT-20134e3f8598,,POL-GCP,,Deputy Commissioner of Police,Close with report,5.0,,2026-09-16T02:33:53+05:30,Draft,agent:action_planner,playbook,,,,INC-20260915-A8021C
ACT-0830fbb3bbe2,,GCC-ENG,,Superintending Engineer,Support road accident response,,,2026-09-15T23:33:53+05:30,Draft,agent:action_planner,coordination,,,,INC-20260915-A8021C
ACT-637f0fa8a000,,HLT-DMS,,Director of Medical Services,Support road accident response,,,2026-09-15T23:33:53+05:30,Draft,agent:action_planner,coordination,,,,INC-20260915-A8021C
ACT-bcc4990895e1,,POL-GCP,,"SHO, Chetpet Police Station",Send patrol and ambulance,1.0,,2026-09-15T11:00:03+05:30,Draft,agent:action_planner,playbook,,,,INC-20260915-A81FE2
ACT-cd04fd6bfe7b,,POL-GCP,,"SHO, Chetpet Police Station",Clear the carriageway,2.0,,2026-09-15T12:12:03+05:30,Draft,agent:action_planner,playbook,,,,INC-20260915-A81FE2
ACT-3ae9ec2485cc,,POL-GCP,,"SHO, Chetpet Police Station",Register the case,3.0,,2026-09-15T13:24:03+05:30,Draft,agent:action_planner,playbook,,,,INC-20260915-A81FE2
ACT-0577177a9351,,POL-GCP,,"SHO, Chetpet Police Station",Check road defects at the spot,4.0,,2026-09-15T14:36:03+05:30,Draft,agent:action_planner,playbook,,,,INC-20260915-A81FE2
ACT-ce7ffceca983,,POL-GCP,,Deputy Commissioner of Police,Close with report,5.0,,2026-09-15T15:48:03+05:30,Draft,agent:action_planner,playbook,,,,INC-20260915-A81FE2
ACT-4aab9f6ce5fc,,GCC-ENG,,Superintending Engineer,Support road accident response,,,2026-09-15T12:48:03+05:30,Draft,agent:action_planner,coordination,,,,INC-20260915-A81FE2
ACT-f32eb239a24c,,HLT-DMS,,Director of Medical Services,Support road accident response,,,2026-09-15T12:48:03+05:30,Draft,agent:action_planner,coordination,,,,INC-20260915-A81FE2
ACT-92e126d03bc0,,POL-GCP,,"SHO, Ayanavaram Police Station",Respond immediately,1.0,,2026-09-16T19:37:17+05:30,Draft,agent:action_planner,playbook,,,,INC-20260916-059EA1
ACT-ffbc7367392f,,POL-GCP,,"SHO, Ayanavaram Police Station",Register the case,2.0,,2026-09-16T20:49:17+05:30,Draft,agent:action_planner,playbook,,,,INC-20260916-059EA1
ACT-3314ef9b1cab,,POL-GCP,,"SHO, Ayanavaram Police Station",Protect the victim,3.0,,2026-09-16T22:01:17+05:30,Draft,agent:action_planner,playbook,,,,INC-20260916-059EA1
ACT-f256de611815,,POL-GCP,,"SHO, Ayanavaram Police Station",Arrest the accused,4.0,,2026-09-16T23:13:17+05:30,Draft,agent:action_planner,playbook,,,,INC-20260916-059EA1
ACT-8043c13f643a,,POL-GCP,,Deputy Commissioner of Police,Close,5.0,,2026-09-17T00:25:17+05:30,Draft,agent:action_planner,playbook,,,,INC-20260916-059EA1
ACT-be7e3893483d,,POL-GCP,,"SHO, Kilpauk Police Station",Respond immediately,1.0,,2026-09-16T16:00:26+05:30,Draft,agent:action_planner,playbook,,,,INC-20260916-0701C8
ACT-57c3be1f3f73,,POL-GCP,,"SHO, Kilpauk Police Station",Register the case,2.0,,2026-09-16T17:12:26+05:30,Draft,agent:action_planner,playbook,,,,INC-20260916-0701C8
ACT-456637988480,,POL-GCP,,"SHO, Kilpauk Police Station",Protect the victim,3.0,,2026-09-16T18:24:26+05:30,Draft,agent:action_planner,playbook,,,,INC-20260916-0701C8
ACT-896a84cbace0,,POL-GCP,,"SHO, Kilpauk Police Station",Arrest the accused,4.0,,2026-09-16T19:36:26+05:30,Draft,agent:action_planner,playbook,,,,INC-20260916-0701C8
ACT-2b93999ade39,,POL-GCP,,Deputy Commissioner of Police,Close,5.0,,2026-09-16T20:48:26+05:30,Draft,agent:action_planner,playbook,,,,INC-20260916-0701C8
ACT-d6e31d64db54,,POL-GCP,,"SHO, Pulianthope Police Station",Respond immediately,1.0,,2026-09-16T08:42:38+05:30,Draft,agent:action_planner,playbook,,,,INC-20260916-29EDFD
ACT-f59ea5e93ed2,,POL-GCP,,"SHO, Pulianthope Police Station",Register the case,2.0,,2026-09-16T09:54:38+05:30,Draft,agent:action_planner,playbook,,,,INC-20260916-29EDFD
ACT-c1ffd4531bcb,,POL-GCP,,"SHO, Pulianthope Police Station",Protect the victim,3.0,,2026-09-16T11:06:38+05:30,Draft,agent:action_planner,playbook,,,,INC-20260916-29EDFD
ACT-ad86611db86a,,POL-GCP,,"SHO, Pulianthope Police Station",Arrest the accused,4.0,,2026-09-16T12:18:38+05:30,Draft,agent:action_planner,playbook,,,,INC-20260916-29EDFD
ACT-5e2c16968f4c,,POL-GCP,,Deputy Commissioner of Police,Close,5.0,,2026-09-16T13:30:38+05:30,Draft,agent:action_planner,playbook,,,,INC-20260916-29EDFD
ACT-0aab31b16452,,POL-GCP,,"SHO, Teynampet Police Station",Respond immediately,1.0,,2026-09-16T09:37:33+05:30,Draft,agent:action_planner,playbook,,,,INC-20260916-4F8F6E
ACT-d9fc5324a53c,,POL-GCP,,"SHO, Teynampet Police Station",Register the case,2.0,,2026-09-16T10:49:33+05:30,Draft,agent:action_planner,playbook,,,,INC-20260916-4F8F6E
ACT-9435063abb43,,POL-GCP,,"SHO, Teynampet Police Station",Protect the victim,3.0,,2026-09-16T12:01:33+05:30,Draft,agent:action_planner,playbook,,,,INC-20260916-4F8F6E
ACT-7fda2eddf0ea,,POL-GCP,,"SHO, Teynampet Police Station",Arrest the accused,4.0,,2026-09-16T13:13:33+05:30,Draft,agent:action_planner,playbook,,,,INC-20260916-4F8F6E
ACT-83c2a9dfba57,,POL-GCP,,Deputy Commissioner of Police,Close,5.0,,2026-09-16T14:25:33+05:30,Draft,agent:action_planner,playbook,,,,INC-20260916-4F8F6E
ACT-176604f096e7,,POL-GCP,,"SHO, Kannagi Nagar Police Station",Respond immediately,1.0,,2026-09-16T01:58:26+05:30,Draft,agent:action_planner,playbook,,,,INC-20260916-7486F4
ACT-07c150c2c9a3,,POL-GCP,,"SHO, Kannagi Nagar Police Station",Register the case,2.0,,2026-09-16T03:10:26+05:30,Draft,agent:action_planner,playbook,,,,INC-20260916-7486F4
ACT-eb748562f3e5,,POL-GCP,,"SHO, Kannagi Nagar Police Station",Protect the victim,3.0,,2026-09-16T04:22:26+05:30,Draft,agent:action_planner,playbook,,,,INC-20260916-7486F4
ACT-8890210ca925,,POL-GCP,,"SHO, Kannagi Nagar Police Station",Arrest the accused,4.0,,2026-09-16T05:34:26+05:30,Draft,agent:action_planner,playbook,,,,INC-20260916-7486F4
ACT-9b22ae97228a,,POL-GCP,,Deputy Commissioner of Police,Close,5.0,,2026-09-16T06:46:26+05:30,Draft,agent:action_planner,playbook,,,,INC-20260916-7486F4
ACT-fbaed7a9ac5f,,POL-GCP,,"SHO, K.K. Nagar Police Station",Respond immediately,1.0,,2026-09-16T13:20:25+05:30,Draft,agent:action_planner,playbook,,,,INC-20260916-B95CE4
ACT-fd95095a7d16,,POL-GCP,,"SHO, K.K. Nagar Police Station",Register the case,2.0,,2026-09-16T13:44:25+05:30,Draft,agent:action_planner,playbook,,,,INC-20260916-B95CE4
ACT-87b13097a84e,,POL-GCP,,"SHO, K.K. Nagar Police Station",Protect the victim,3.0,,2026-09-16T14:08:25+05:30,Draft,agent:action_planner,playbook,,,,INC-20260916-B95CE4
ACT-6f82845418e6,,POL-GCP,,"SHO, K.K. Nagar Police Station",Arrest the accused,4.0,,2026-09-16T14:32:25+05:30,Draft,agent:action_planner,playbook,,,,INC-20260916-B95CE4
ACT-b7a2c491a364,,POL-GCP,,Deputy Commissioner of Police,Close,5.0,,2026-09-16T14:56:25+05:30,Draft,agent:action_planner,playbook,,,,INC-20260916-B95CE4
ACT-87e57e6c2e2c,,POL-GCP,,"SHO, Valasaravakkam Police Station",Register the complaint,1.0,,2026-09-16T22:25:00+05:30,Draft,agent:action_planner,playbook,,,,INC-20260916-DA4768
ACT-9c5c852e03a4,,POL-GCP,,"SHO, Valasaravakkam Police Station",Circulate details,2.0,,2026-09-17T00:49:00+05:30,Draft,agent:action_planner,playbook,,,,INC-20260916-DA4768
ACT-47886faa47f9,,POL-GCP,,"SHO, Valasaravakkam Police Station",Search,3.0,,2026-09-17T03:13:00+05:30,Draft,agent:action_planner,playbook,,,,INC-20260916-DA4768
ACT-4e0982ddc78f,,POL-GCP,,"SHO, Valasaravakkam Police Station",Trace,4.0,,2026-09-17T05:37:00+05:30,Draft,agent:action_planner,playbook,,,,INC-20260916-DA4768
ACT-3f60522077fb,,POL-GCP,,Deputy Commissioner of Police,Close,5.0,,2026-09-17T08:01:00+05:30,Draft,agent:action_planner,playbook,,,,INC-20260916-DA4768
ACT-8e06fda533ac,,POL-GCP,,"SHO, Puzhal Police Station",Respond immediately,1.0,,2026-09-17T01:49:54+05:30,Draft,agent:action_planner,playbook,,,,INC-20260917-047C29
ACT-78cadd9eb864,,POL-GCP,,"SHO, Puzhal Police Station",Register the case,2.0,,2026-09-17T03:01:54+05:30,Draft,agent:action_planner,playbook,,,,INC-20260917-047C29
ACT-92a9c26d4385,,POL-GCP,,"SHO, Puzhal Police Station",Protect the victim,3.0,,2026-09-17T04:13:54+05:30,Draft,agent:action_planner,playbook,,,,INC-20260917-047C29
ACT-1e1a1bf090f0,,POL-GCP,,"SHO, Puzhal Police Station",Arrest the accused,4.0,,2026-09-17T05:25:54+05:30,Draft,agent:action_planner,playbook,,,,INC-20260917-047C29
ACT-0267eb05b663,,POL-GCP,,Deputy Commissioner of Police,Close,5.0,,2026-09-17T06:37:54+05:30,Draft,agent:action_planner,playbook,,,,INC-20260917-047C29
ACT-c50c3e6f5484,,POL-GCP,,"SHO, Porur Police Station",Send patrol and ambulance,1.0,,2026-09-17T19:42:30+05:30,Draft,agent:action_planner,playbook,,,,INC-20260917-118804
ACT-81e6c4aaddea,,POL-GCP,,"SHO, Porur Police Station",Clear the carriageway,2.0,,2026-09-17T20:06:30+05:30,Draft,agent:action_planner,playbook,,,,INC-20260917-118804
ACT-10c9e4618b07,,POL-GCP,,"SHO, Porur Police Station",Register the case,3.0,,2026-09-17T20:30:30+05:30,Draft,agent:action_planner,playbook,,,,INC-20260917-118804
ACT-e668138874b0,,POL-GCP,,"SHO, Porur Police Station",Check road defects at the spot,4.0,,2026-09-17T20:54:30+05:30,Draft,agent:action_planner,playbook,,,,INC-20260917-118804
ACT-8e523418f2ad,,POL-GCP,,Deputy Commissioner of Police,Close with report,5.0,,2026-09-17T21:18:30+05:30,Draft,agent:action_planner,playbook,,,,INC-20260917-118804
ACT-2cb14fba30cc,,GCC-ENG,,Superintending Engineer,Support road accident response,,,2026-09-17T20:18:30+05:30,Draft,agent:action_planner,coordination,,,,INC-20260917-118804
ACT-2275a0ec76fa,,HLT-DMS,,Director of Medical Services,Support road accident response,,,2026-09-17T20:18:30+05:30,Draft,agent:action_planner,coordination,,,,INC-20260917-118804
ACT-14f2d45012db,,PWD-WRD,,"Assistant Executive Engineer, Water Bodies Protection (Encroachment) Cell (S. Palanisamy)",Inspect and barricade,1.0,,2026-09-17T23:23:35+05:30,Draft,agent:action_planner,playbook,,,,INC-20260917-1830DE
ACT-e9cd40d2452d,,PWD-WRD,,"Assistant Executive Engineer, Water Bodies Protection (Encroachment) Cell (S. Palanisamy)",Patch with cold mix,2.0,,2026-09-18T13:47:35+05:30,Draft,agent:action_planner,playbook,,,,INC-20260917-1830DE
ACT-af45a85f3c38,,PWD-WRD,,"Assistant Executive Engineer, Water Bodies Protection (Encroachment) Cell (S. Palanisamy)",Schedule relaying,3.0,,2026-09-19T04:11:35+05:30,Draft,agent:action_planner,playbook,,,,INC-20260917-1830DE
ACT-ac65c2e43399,,PWD-WRD,,"Assistant Executive Engineer, Water Bodies Protection (Encroachment) Cell (S. Palanisamy)",Quality check,4.0,,2026-09-19T18:35:35+05:30,Draft,agent:action_planner,playbook,,,,INC-20260917-1830DE
ACT-516f010321ac,,PWD-WRD,,Superintending Engineer (WRD),Close with photo,5.0,,2026-09-20T08:59:35+05:30,Draft,agent:action_planner,playbook,,,,INC-20260917-1830DE
ACT-fa09572605a7,,POL-GCP,,Deputy Commissioner of Police,"Support roads, footpaths & bridges response",,,2026-09-18T20:59:35+05:30,Draft,agent:action_planner,coordination,,,,INC-20260917-1830DE
ACT-742eb5f10050,,POL-GCP,,"SHO, Adambakkam Police Station",Register the complaint,1.0,,2026-09-17T09:37:22+05:30,Draft,agent:action_planner,playbook,,,,INC-20260917-2DE1FA
ACT-f62220dbedb7,,POL-GCP,,"SHO, Adambakkam Police Station",Circulate details,2.0,,2026-09-17T12:01:22+05:30,Draft,agent:action_planner,playbook,,,,INC-20260917-2DE1FA
ACT-456362c8019e,,POL-GCP,,"SHO, Adambakkam Police Station",Search,3.0,,2026-09-17T14:25:22+05:30,Draft,agent:action_planner,playbook,,,,INC-20260917-2DE1FA
ACT-9240b586b266,,POL-GCP,,"SHO, Adambakkam Police Station",Trace,4.0,,2026-09-17T16:49:22+05:30,Draft,agent:action_planner,playbook,,,,INC-20260917-2DE1FA
ACT-fae0ea78bb4d,,POL-GCP,,Deputy Commissioner of Police,Close,5.0,,2026-09-17T19:13:22+05:30,Draft,agent:action_planner,playbook,,,,INC-20260917-2DE1FA
ACT-7efdbc65ed2e,,POL-GCP,,"SHO, Maduravoyal Police Station",Send patrol and ambulance,1.0,,2026-09-17T17:45:58+05:30,Draft,agent:action_planner,playbook,,,,INC-20260917-3E3EAE
ACT-c3f0f253be54,,POL-GCP,,"SHO, Maduravoyal Police Station",Clear the carriageway,2.0,,2026-09-17T18:57:58+05:30,Draft,agent:action_planner,playbook,,,,INC-20260917-3E3EAE
ACT-ce59aa578341,,POL-GCP,,"SHO, Maduravoyal Police Station",Register the case,3.0,,2026-09-17T20:09:58+05:30,Draft,agent:action_planner,playbook,,,,INC-20260917-3E3EAE
ACT-c8412c6dacac,,POL-GCP,,"SHO, Maduravoyal Police Station",Check road defects at the spot,4.0,,2026-09-17T21:21:58+05:30,Draft,agent:action_planner,playbook,,,,INC-20260917-3E3EAE
ACT-2e28c6046938,,POL-GCP,,Deputy Commissioner of Police,Close with report,5.0,,2026-09-17T22:33:58+05:30,Draft,agent:action_planner,playbook,,,,INC-20260917-3E3EAE
ACT-390321b85a34,,GCC-ENG,,Superintending Engineer,Support road accident response,,,2026-09-17T19:33:58+05:30,Draft,agent:action_planner,coordination,,,,INC-20260917-3E3EAE
ACT-3a74d818c9d3,,HLT-DMS,,Director of Medical Services,Support road accident response,,,2026-09-17T19:33:58+05:30,Draft,agent:action_planner,coordination,,,,INC-20260917-3E3EAE
ACT-025df0a7f57d,,POL-GCP,,"SHO, Kannagi Nagar Police Station",Respond immediately,1.0,,2026-09-18T01:00:03+05:30,Draft,agent:action_planner,playbook,,,,INC-20260917-8DFD06
ACT-d2ebb63361c4,,POL-GCP,,"SHO, Kannagi Nagar Police Station",Register the case,2.0,,2026-09-18T02:12:03+05:30,Draft,agent:action_planner,playbook,,,,INC-20260917-8DFD06
ACT-1337ad0ceade,,POL-GCP,,"SHO, Kannagi Nagar Police Station",Protect the victim,3.0,,2026-09-18T03:24:03+05:30,Draft,agent:action_planner,playbook,,,,INC-20260917-8DFD06
ACT-bf15f92176e3,,POL-GCP,,"SHO, Kannagi Nagar Police Station",Arrest the accused,4.0,,2026-09-18T04:36:03+05:30,Draft,agent:action_planner,playbook,,,,INC-20260917-8DFD06
ACT-b05b7aed6e54,,POL-GCP,,Deputy Commissioner of Police,Close,5.0,,2026-09-18T05:48:03+05:30,Draft,agent:action_planner,playbook,,,,INC-20260917-8DFD06
ACT-d12d65e38322,,POL-GCP,,"SHO, Saidapet Police Station",Send patrol and ambulance,1.0,,2026-09-17T12:15:35+05:30,Draft,agent:action_planner,playbook,,,,INC-20260917-8EE352
ACT-69e7b4960d50,,POL-GCP,,"SHO, Saidapet Police Station",Clear the carriageway,2.0,,2026-09-17T13:27:35+05:30,Draft,agent:action_planner,playbook,,,,INC-20260917-8EE352
ACT-7caa41a974c8,,POL-GCP,,"SHO, Saidapet Police Station",Register the case,3.0,,2026-09-17T14:39:35+05:30,Draft,agent:action_planner,playbook,,,,INC-20260917-8EE352
ACT-e9f9b9506bd7,,POL-GCP,,"SHO, Saidapet Police Station",Check road defects at the spot,4.0,,2026-09-17T15:51:35+05:30,Draft,agent:action_planner,playbook,,,,INC-20260917-8EE352
ACT-92bc0f3bec79,,POL-GCP,,Deputy Commissioner of Police,Close with report,5.0,,2026-09-17T17:03:35+05:30,Draft,agent:action_planner,playbook,,,,INC-20260917-8EE352
ACT-898152a10d2f,,GCC-ENG,,Superintending Engineer,Support road accident response,,,2026-09-17T14:03:35+05:30,Draft,agent:action_planner,coordination,,,,INC-20260917-8EE352
ACT-470eceb85b49,,HLT-DMS,,Director of Medical Services,Support road accident response,,,2026-09-17T14:03:35+05:30,Draft,agent:action_planner,coordination,,,,INC-20260917-8EE352
ACT-8ce7278fd364,,PWD-WRD,,"Assistant Executive Engineer, Water Bodies Protection (Encroachment) Cell (S. Palanisamy)",Inspect and barricade,1.0,,2026-09-17T21:34:49+05:30,Draft,agent:action_planner,playbook,,,,INC-20260917-A1BE28
ACT-2607ea19be98,,PWD-WRD,,"Assistant Executive Engineer, Water Bodies Protection (Encroachment) Cell (S. Palanisamy)",Patch with cold mix,2.0,,2026-09-18T11:58:49+05:30,Draft,agent:action_planner,playbook,,,,INC-20260917-A1BE28
ACT-f2077ea972b8,,PWD-WRD,,"Assistant Executive Engineer, Water Bodies Protection (Encroachment) Cell (S. Palanisamy)",Schedule relaying,3.0,,2026-09-19T02:22:49+05:30,Draft,agent:action_planner,playbook,,,,INC-20260917-A1BE28
ACT-0827959db329,,PWD-WRD,,"Assistant Executive Engineer, Water Bodies Protection (Encroachment) Cell (S. Palanisamy)",Quality check,4.0,,2026-09-19T16:46:49+05:30,Draft,agent:action_planner,playbook,,,,INC-20260917-A1BE28
ACT-578fb97248c4,,PWD-WRD,,Superintending Engineer (WRD),Close with photo,5.0,,2026-09-20T07:10:49+05:30,Draft,agent:action_planner,playbook,,,,INC-20260917-A1BE28
ACT-5104660f8a81,,POL-GCP,,Deputy Commissioner of Police,"Support roads, footpaths & bridges response",,,2026-09-18T19:10:49+05:30,Draft,agent:action_planner,coordination,,,,INC-20260917-A1BE28
ACT-44c4a5babfd7,,POL-GCP,,"SHO, Kannagi Nagar Police Station",Respond immediately,1.0,,2026-09-17T17:22:15+05:30,Draft,agent:action_planner,playbook,,,,INC-20260917-AC22EA
ACT-785bdc32fe8d,,POL-GCP,,"SHO, Kannagi Nagar Police Station",Register the case,2.0,,2026-09-17T18:34:15+05:30,Draft,agent:action_planner,playbook,,,,INC-20260917-AC22EA
ACT-c0290ffb3560,,POL-GCP,,"SHO, Kannagi Nagar Police Station",Protect the victim,3.0,,2026-09-17T19:46:15+05:30,Draft,agent:action_planner,playbook,,,,INC-20260917-AC22EA
ACT-fc1d9756aff9,,POL-GCP,,"SHO, Kannagi Nagar Police Station",Arrest the accused,4.0,,2026-09-17T20:58:15+05:30,Draft,agent:action_planner,playbook,,,,INC-20260917-AC22EA
ACT-30d4be2246d0,,POL-GCP,,Deputy Commissioner of Police,Close,5.0,,2026-09-17T22:10:15+05:30,Draft,agent:action_planner,playbook,,,,INC-20260917-AC22EA
ACT-1896cba927a3,,POL-GCP,,"SHO, Guindy Police Station",Respond immediately,1.0,,2026-09-17T19:40:02+05:30,Draft,agent:action_planner,playbook,,,,INC-20260917-AC5526
ACT-f654dc5297b9,,POL-GCP,,"SHO, Guindy Police Station",Register the case,2.0,,2026-09-17T20:04:02+05:30,Draft,agent:action_planner,playbook,,,,INC-20260917-AC5526
ACT-e457061fa4d2,,POL-GCP,,"SHO, Guindy Police Station",Protect the victim,3.0,,2026-09-17T20:28:02+05:30,Draft,agent:action_planner,playbook,,,,INC-20260917-AC5526
ACT-ab4059b186dc,,POL-GCP,,"SHO, Guindy Police Station",Arrest the accused,4.0,,2026-09-17T20:52:02+05:30,Draft,agent:action_planner,playbook,,,,INC-20260917-AC5526
ACT-a6b109eda610,,POL-GCP,,Deputy Commissioner of Police,Close,5.0,,2026-09-17T21:16:02+05:30,Draft,agent:action_planner,playbook,,,,INC-20260917-AC5526
ACT-792e80923f25,,PWD-WRD,,"Assistant Executive Engineer, Water Bodies Protection (Encroachment) Cell (S. Palanisamy)",Inspect and barricade,1.0,,2026-09-17T21:57:49+05:30,Draft,agent:action_planner,playbook,,,,INC-20260917-CC02A9
ACT-7cc2a1a0b605,,PWD-WRD,,"Assistant Executive Engineer, Water Bodies Protection (Encroachment) Cell (S. Palanisamy)",Patch with cold mix,2.0,,2026-09-18T12:21:49+05:30,Draft,agent:action_planner,playbook,,,,INC-20260917-CC02A9
ACT-b7e3fa8e73ab,,PWD-WRD,,"Assistant Executive Engineer, Water Bodies Protection (Encroachment) Cell (S. Palanisamy)",Schedule relaying,3.0,,2026-09-19T02:45:49+05:30,Draft,agent:action_planner,playbook,,,,INC-20260917-CC02A9
ACT-e247b69aaad7,,PWD-WRD,,"Assistant Executive Engineer, Water Bodies Protection (Encroachment) Cell (S. Palanisamy)",Quality check,4.0,,2026-09-19T17:09:49+05:30,Draft,agent:action_planner,playbook,,,,INC-20260917-CC02A9
ACT-f4def4cea702,,PWD-WRD,,Superintending Engineer (WRD),Close with photo,5.0,,2026-09-20T07:33:49+05:30,Draft,agent:action_planner,playbook,,,,INC-20260917-CC02A9
ACT-6a87788938be,,POL-GCP,,Deputy Commissioner of Police,"Support roads, footpaths & bridges response",,,2026-09-18T19:33:49+05:30,Draft,agent:action_planner,coordination,,,,INC-20260917-CC02A9
ACT-b310c092cc12,,POL-GCP,,"SHO, Maduravoyal Police Station",Register the complaint,1.0,,2026-09-17T14:33:56+05:30,Draft,agent:action_planner,playbook,,,,INC-20260917-D56005
ACT-20f117b06ed0,,POL-GCP,,"SHO, Maduravoyal Police Station",Circulate details,2.0,,2026-09-17T16:57:56+05:30,Draft,agent:action_planner,playbook,,,,INC-20260917-D56005
ACT-7ffe0f9d5780,,POL-GCP,,"SHO, Maduravoyal Police Station",Search,3.0,,2026-09-17T19:21:56+05:30,Draft,agent:action_planner,playbook,,,,INC-20260917-D56005
ACT-7aa4377020a3,,POL-GCP,,"SHO, Maduravoyal Police Station",Trace,4.0,,2026-09-17T21:45:56+05:30,Draft,agent:action_planner,playbook,,,,INC-20260917-D56005
ACT-574ce124adc7,,POL-GCP,,Deputy Commissioner of Police,Close,5.0,,2026-09-18T00:09:56+05:30,Draft,agent:action_planner,playbook,,,,INC-20260917-D56005
ACT-cda6c5ce8870,,POL-GCP,,"SHO, M.K.B. Nagar Police Station",Send patrol and ambulance,1.0,,2026-09-17T02:39:52+05:30,Draft,agent:action_planner,playbook,,,,INC-20260917-E7B786
ACT-19f59068eb47,,POL-GCP,,"SHO, M.K.B. Nagar Police Station",Clear the carriageway,2.0,,2026-09-17T03:51:52+05:30,Draft,agent:action_planner,playbook,,,,INC-20260917-E7B786
ACT-5889cf873784,,POL-GCP,,"SHO, M.K.B. Nagar Police Station",Register the case,3.0,,2026-09-17T05:03:52+05:30,Draft,agent:action_planner,playbook,,,,INC-20260917-E7B786
ACT-94c685758632,,POL-GCP,,"SHO, M.K.B. Nagar Police Station",Check road defects at the spot,4.0,,2026-09-17T06:15:52+05:30,Draft,agent:action_planner,playbook,,,,INC-20260917-E7B786
ACT-daeaa19faac2,,POL-GCP,,Deputy Commissioner of Police,Close with report,5.0,,2026-09-17T07:27:52+05:30,Draft,agent:action_planner,playbook,,,,INC-20260917-E7B786
ACT-6e167c0c8211,,GCC-ENG,,Superintending Engineer,Support road accident response,,,2026-09-17T04:27:52+05:30,Draft,agent:action_planner,coordination,,,,INC-20260917-E7B786
ACT-78bdaf331daf,,HLT-DMS,,Director of Medical Services,Support road accident response,,,2026-09-17T04:27:52+05:30,Draft,agent:action_planner,coordination,,,,INC-20260917-E7B786
ACT-5ff6d454bbfd,,POL-GCP,,"SHO, Sembiam Police Station",Send patrol and ambulance,1.0,,2026-09-18T22:56:12+05:30,Draft,agent:action_planner,playbook,,,,INC-20260918-0496FB
ACT-32311b318a09,,POL-GCP,,"SHO, Sembiam Police Station",Clear the carriageway,2.0,,2026-09-19T00:08:12+05:30,Draft,agent:action_planner,playbook,,,,INC-20260918-0496FB
ACT-63785a039374,,POL-GCP,,"SHO, Sembiam Police Station",Register the case,3.0,,2026-09-19T01:20:12+05:30,Draft,agent:action_planner,playbook,,,,INC-20260918-0496FB
ACT-2a14ab6eb957,,POL-GCP,,"SHO, Sembiam Police Station",Check road defects at the spot,4.0,,2026-09-19T02:32:12+05:30,Draft,agent:action_planner,playbook,,,,INC-20260918-0496FB
ACT-bd3d5b73ae53,,POL-GCP,,Deputy Commissioner of Police,Close with report,5.0,,2026-09-19T03:44:12+05:30,Draft,agent:action_planner,playbook,,,,INC-20260918-0496FB
ACT-120d931fafe7,,GCC-ENG,,Superintending Engineer,Support road accident response,,,2026-09-19T00:44:12+05:30,Draft,agent:action_planner,coordination,,,,INC-20260918-0496FB
ACT-85ca78beb8a4,,HLT-DMS,,Director of Medical Services,Support road accident response,,,2026-09-19T00:44:12+05:30,Draft,agent:action_planner,coordination,,,,INC-20260918-0496FB
ACT-dcf03a5db3cd,,POL-GCP,,"SHO, K.K. Nagar Police Station",Deploy personnel,1.0,,2026-09-18T12:11:13+05:30,Draft,agent:action_planner,playbook,,,,INC-20260918-6D9EE6
ACT-4a085ffc80d7,,POL-GCP,,"SHO, K.K. Nagar Police Station",Manage crowd and traffic,2.0,,2026-09-18T13:23:13+05:30,Draft,agent:action_planner,playbook,,,,INC-20260918-6D9EE6
ACT-263a27cf20ba,,POL-GCP,,"SHO, K.K. Nagar Police Station",Engage organisers,3.0,,2026-09-18T14:35:13+05:30,Draft,agent:action_planner,playbook,,,,INC-20260918-6D9EE6
ACT-fdbf90d25919,,POL-GCP,,"SHO, K.K. Nagar Police Station",Document the event,4.0,,2026-09-18T15:47:13+05:30,Draft,agent:action_planner,playbook,,,,INC-20260918-6D9EE6
ACT-854faefcae98,,POL-GCP,,Deputy Commissioner of Police,Close,5.0,,2026-09-18T16:59:13+05:30,Draft,agent:action_planner,playbook,,,,INC-20260918-6D9EE6
ACT-ceaeaf15b732,,DIST-REV,,District Revenue Officer,Support protests & public nuisance response,,,2026-09-18T13:59:13+05:30,Draft,agent:action_planner,coordination,,,,INC-20260918-6D9EE6
ACT-5b258b60ab13,,POL-GCP,,"SHO, Porur Police Station",Register the complaint,1.0,,2026-09-18T19:30:52+05:30,Draft,agent:action_planner,playbook,,,,INC-20260918-903149
ACT-53cf3d03d060,,POL-GCP,,"SHO, Porur Police Station",Circulate details,2.0,,2026-09-18T21:54:52+05:30,Draft,agent:action_planner,playbook,,,,INC-20260918-903149
ACT-122aea2dae62,,POL-GCP,,"SHO, Porur Police Station",Search,3.0,,2026-09-19T00:18:52+05:30,Draft,agent:action_planner,playbook,,,,INC-20260918-903149
ACT-b7dc59c25b56,,POL-GCP,,"SHO, Porur Police Station",Trace,4.0,,2026-09-19T02:42:52+05:30,Draft,agent:action_planner,playbook,,,,INC-20260918-903149
ACT-fb8720b21f1a,,POL-GCP,,Deputy Commissioner of Police,Close,5.0,,2026-09-19T05:06:52+05:30,Draft,agent:action_planner,playbook,,,,INC-20260918-903149
ACT-fa3a3fb12803,,POL-GCP,,"SHO, Sembiam Police Station",Deploy personnel,1.0,,2026-09-18T12:28:39+05:30,Draft,agent:action_planner,playbook,,,,INC-20260918-C77AB0
ACT-9dce3beb0cf9,,POL-GCP,,"SHO, Sembiam Police Station",Manage crowd and traffic,2.0,,2026-09-18T13:40:39+05:30,Draft,agent:action_planner,playbook,,,,INC-20260918-C77AB0
ACT-89d1c80fd746,,POL-GCP,,"SHO, Sembiam Police Station",Engage organisers,3.0,,2026-09-18T14:52:39+05:30,Draft,agent:action_planner,playbook,,,,INC-20260918-C77AB0
ACT-c93c1cd27086,,POL-GCP,,"SHO, Sembiam Police Station",Document the event,4.0,,2026-09-18T16:04:39+05:30,Draft,agent:action_planner,playbook,,,,INC-20260918-C77AB0
ACT-bca000841113,,POL-GCP,,Deputy Commissioner of Police,Close,5.0,,2026-09-18T17:16:39+05:30,Draft,agent:action_planner,playbook,,,,INC-20260918-C77AB0
ACT-089e06b596c9,,DIST-REV,,District Revenue Officer,Support protests & public nuisance response,,,2026-09-18T14:16:39+05:30,Draft,agent:action_planner,coordination,,,,INC-20260918-C77AB0
ACT-2167d8713bb4,,POL-GCP,,"SHO, Neelankarai Police Station",Send patrol and ambulance,1.0,,2026-09-18T15:10:19+05:30,Draft,agent:action_planner,playbook,,,,INC-20260918-EF130C
ACT-c06104b42aaf,,POL-GCP,,"SHO, Neelankarai Police Station",Clear the carriageway,2.0,,2026-09-18T15:34:19+05:30,Draft,agent:action_planner,playbook,,,,INC-20260918-EF130C
ACT-bbceb1bddc5a,,POL-GCP,,"SHO, Neelankarai Police Station",Register the case,3.0,,2026-09-18T15:58:19+05:30,Draft,agent:action_planner,playbook,,,,INC-20260918-EF130C
ACT-29f68949dc35,,POL-GCP,,"SHO, Neelankarai Police Station",Check road defects at the spot,4.0,,2026-09-18T16:22:19+05:30,Draft,agent:action_planner,playbook,,,,INC-20260918-EF130C
ACT-a2426f6e578f,,POL-GCP,,Deputy Commissioner of Police,Close with report,5.0,,2026-09-18T16:46:19+05:30,Draft,agent:action_planner,playbook,,,,INC-20260918-EF130C
ACT-cbfc697c1e66,,GCC-ENG,,Superintending Engineer,Support road accident response,,,2026-09-18T15:46:19+05:30,Draft,agent:action_planner,coordination,,,,INC-20260918-EF130C
ACT-c13a24a70a01,,HLT-DMS,,Director of Medical Services,Support road accident response,,,2026-09-18T15:46:19+05:30,Draft,agent:action_planner,coordination,,,,INC-20260918-EF130C
ACT-01e919c3b47a,,GCC-SWD,,"Assistant Engineer, Ward 176 (Adyar zone)",Deploy pumps and clear standing water,1.0,,2026-09-18T15:58:00+05:30,Draft,agent:action_planner,playbook,,,,INC-20260918-FA8BEA
ACT-1ce21808527c,,GCC-SWD,,"Assistant Engineer, Ward 176 (Adyar zone)",Clear drain inlets and silt,2.0,,2026-09-18T20:46:00+05:30,Draft,agent:action_planner,playbook,,,,INC-20260918-FA8BEA
ACT-7c9ebf4b3206,,GCC-SWD,,"Assistant Engineer, Ward 176 (Adyar zone)",Divert traffic and barricade,3.0,,2026-09-19T01:34:00+05:30,Draft,agent:action_planner,playbook,,,,INC-20260918-FA8BEA
ACT-a3a618472afc,,GCC-SWD,,"Assistant Engineer, Ward 176 (Adyar zone)",Check low-lying homes for evacuation,4.0,,2026-09-19T06:22:00+05:30,Draft,agent:action_planner,playbook,,,,INC-20260918-FA8BEA
ACT-cacd7113ce78,,GCC-SWD,,Superintending Engineer (SWD),Submit completion report with photo,5.0,,2026-09-19T11:10:00+05:30,Draft,agent:action_planner,playbook,,,,INC-20260918-FA8BEA
ACT-81c94ff47dda,,POL-GCP,,Deputy Commissioner of Police,Support flooding & waterlogging response,,,2026-09-18T23:10:00+05:30,Draft,agent:action_planner,coordination,,,,INC-20260918-FA8BEA
ACT-261703c5fc14,,DIST-DM,,District Revenue Officer (Disaster),Support flooding & waterlogging response,,,2026-09-18T23:10:00+05:30,Draft,agent:action_planner,coordination,,,,INC-20260918-FA8BEA
ACT-23dffb6e030c,,POL-GCP,,"SHO, Neelankarai Police Station",Respond immediately,1.0,,2026-09-19T13:45:07+05:30,Draft,agent:action_planner,playbook,,,,INC-20260919-1069AB
ACT-ffed961dbf2f,,POL-GCP,,"SHO, Neelankarai Police Station",Register the case,2.0,,2026-09-19T14:57:07+05:30,Draft,agent:action_planner,playbook,,,,INC-20260919-1069AB
ACT-72d9e4d05498,,POL-GCP,,"SHO, Neelankarai Police Station",Protect the victim,3.0,,2026-09-19T16:09:07+05:30,Draft,agent:action_planner,playbook,,,,INC-20260919-1069AB
ACT-e6e891551e11,,POL-GCP,,"SHO, Neelankarai Police Station",Arrest the accused,4.0,,2026-09-19T17:21:07+05:30,Draft,agent:action_planner,playbook,,,,INC-20260919-1069AB
ACT-2dc6b34a987f,,POL-GCP,,Deputy Commissioner of Police,Close,5.0,,2026-09-19T18:33:07+05:30,Draft,agent:action_planner,playbook,,,,INC-20260919-1069AB
ACT-3c84c109a0bd,,POL-GCP,,"SHO, Teynampet Police Station",Send patrol and ambulance,1.0,,2026-09-20T01:03:16+05:30,Draft,agent:action_planner,playbook,,,,INC-20260919-11B2AF
ACT-11476c036d1c,,POL-GCP,,"SHO, Teynampet Police Station",Clear the carriageway,2.0,,2026-09-20T02:15:16+05:30,Draft,agent:action_planner,playbook,,,,INC-20260919-11B2AF
ACT-ce838ed14790,,POL-GCP,,"SHO, Teynampet Police Station",Register the case,3.0,,2026-09-20T03:27:16+05:30,Draft,agent:action_planner,playbook,,,,INC-20260919-11B2AF
ACT-ccfc0e24c0e8,,POL-GCP,,"SHO, Teynampet Police Station",Check road defects at the spot,4.0,,2026-09-20T04:39:16+05:30,Draft,agent:action_planner,playbook,,,,INC-20260919-11B2AF
ACT-219c65772549,,POL-GCP,,Deputy Commissioner of Police,Close with report,5.0,,2026-09-20T05:51:16+05:30,Draft,agent:action_planner,playbook,,,,INC-20260919-11B2AF
ACT-9aebf91a5429,,GCC-ENG,,Superintending Engineer,Support road accident response,,,2026-09-20T02:51:16+05:30,Draft,agent:action_planner,coordination,,,,INC-20260919-11B2AF
ACT-118539084263,,HLT-DMS,,Director of Medical Services,Support road accident response,,,2026-09-20T02:51:16+05:30,Draft,agent:action_planner,coordination,,,,INC-20260919-11B2AF
ACT-f9079d2e5ca2,,POL-GCP,,"SHO, Guindy Police Station",Send patrol and ambulance,1.0,,2026-09-20T01:10:43+05:30,Draft,agent:action_planner,playbook,,,,INC-20260919-62C778
ACT-d55e7cfc8e02,,POL-GCP,,"SHO, Guindy Police Station",Clear the carriageway,2.0,,2026-09-20T02:22:43+05:30,Draft,agent:action_planner,playbook,,,,INC-20260919-62C778
ACT-b7921a73d633,,POL-GCP,,"SHO, Guindy Police Station",Register the case,3.0,,2026-09-20T03:34:43+05:30,Draft,agent:action_planner,playbook,,,,INC-20260919-62C778
ACT-82b266b37501,,POL-GCP,,"SHO, Guindy Police Station",Check road defects at the spot,4.0,,2026-09-20T04:46:43+05:30,Draft,agent:action_planner,playbook,,,,INC-20260919-62C778
ACT-5f7921f1c561,,POL-GCP,,Deputy Commissioner of Police,Close with report,5.0,,2026-09-20T05:58:43+05:30,Draft,agent:action_planner,playbook,,,,INC-20260919-62C778
ACT-d963ea467b43,,GCC-ENG,,Superintending Engineer,Support road accident response,,,2026-09-20T02:58:43+05:30,Draft,agent:action_planner,coordination,,,,INC-20260919-62C778
ACT-99b71ada2abe,,HLT-DMS,,Director of Medical Services,Support road accident response,,,2026-09-20T02:58:43+05:30,Draft,agent:action_planner,coordination,,,,INC-20260919-62C778
ACT-76078fa2dd33,,POL-GCP,,"SHO, Ennore Police Station",Respond immediately,1.0,,2026-09-19T23:40:14+05:30,Draft,agent:action_planner,playbook,,,,INC-20260919-69C6F3
ACT-4628379da284,,POL-GCP,,"SHO, Ennore Police Station",Register the case,2.0,,2026-09-20T00:52:14+05:30,Draft,agent:action_planner,playbook,,,,INC-20260919-69C6F3
ACT-4a5947c064cb,,POL-GCP,,"SHO, Ennore Police Station",Protect the victim,3.0,,2026-09-20T02:04:14+05:30,Draft,agent:action_planner,playbook,,,,INC-20260919-69C6F3
ACT-a9635d3485db,,POL-GCP,,"SHO, Ennore Police Station",Arrest the accused,4.0,,2026-09-20T03:16:14+05:30,Draft,agent:action_planner,playbook,,,,INC-20260919-69C6F3
ACT-e53a25e2a721,,POL-GCP,,Deputy Commissioner of Police,Close,5.0,,2026-09-20T04:28:14+05:30,Draft,agent:action_planner,playbook,,,,INC-20260919-69C6F3
ACT-e5596c028f60,,GCC-HLT,,"Assistant Engineer, Ward 117 (Teynampet zone)",Send the catching team,1.0,,2026-09-19T23:15:00+05:30,Draft,agent:action_planner,playbook,,,,INC-20260919-966794
ACT-c93d02e359de,,GCC-HLT,,"Assistant Engineer, Ward 117 (Teynampet zone)",Vaccinate and sterilise,2.0,,2026-09-20T13:39:00+05:30,Draft,agent:action_planner,playbook,,,,INC-20260919-966794
ACT-a58f35809f5d,,GCC-HLT,,"Assistant Engineer, Ward 117 (Teynampet zone)",Remove carcasses,3.0,,2026-09-21T04:03:00+05:30,Draft,agent:action_planner,playbook,,,,INC-20260919-966794
ACT-93b4d88b9b8f,,GCC-HLT,,"Assistant Engineer, Ward 117 (Teynampet zone)",Follow up,4.0,,2026-09-21T18:27:00+05:30,Draft,agent:action_planner,playbook,,,,INC-20260919-966794
ACT-27e427f858d2,,GCC-HLT,,City Health Officer,Close,5.0,,2026-09-22T08:51:00+05:30,Draft,agent:action_planner,playbook,,,,INC-20260919-966794
ACT-56a9ee329685,,POL-GCP,,"SHO, Madhavaram Milk Colony Police Station",Register the complaint,1.0,,2026-09-19T02:55:42+05:30,Draft,agent:action_planner,playbook,,,,INC-20260919-9EB5CE
ACT-e04d97349bc5,,POL-GCP,,"SHO, Madhavaram Milk Colony Police Station",Circulate details,2.0,,2026-09-19T05:19:42+05:30,Draft,agent:action_planner,playbook,,,,INC-20260919-9EB5CE
ACT-063644386c3c,,POL-GCP,,"SHO, Madhavaram Milk Colony Police Station",Search,3.0,,2026-09-19T07:43:42+05:30,Draft,agent:action_planner,playbook,,,,INC-20260919-9EB5CE
ACT-190878672d88,,POL-GCP,,"SHO, Madhavaram Milk Colony Police Station",Trace,4.0,,2026-09-19T10:07:42+05:30,Draft,agent:action_planner,playbook,,,,INC-20260919-9EB5CE
ACT-b6f76f5cb483,,POL-GCP,,Deputy Commissioner of Police,Close,5.0,,2026-09-19T12:31:42+05:30,Draft,agent:action_planner,playbook,,,,INC-20260919-9EB5CE
ACT-ea9a004d583c,,PWD-WRD,,"Assistant Executive Engineer, Adyar Sub-Division, Saidapet (V. Meenakshi)",Deploy pumps and clear standing water,1.0,,2026-09-19T12:48:48+05:30,Draft,agent:action_planner,playbook,,,,INC-20260919-A461B0
ACT-1a672c5a7a80,,PWD-WRD,,"Assistant Executive Engineer, Adyar Sub-Division, Saidapet (V. Meenakshi)",Clear drain inlets and silt,2.0,,2026-09-19T17:36:48+05:30,Draft,agent:action_planner,playbook,,,,INC-20260919-A461B0
ACT-d7d455e35979,,PWD-WRD,,"Assistant Executive Engineer, Adyar Sub-Division, Saidapet (V. Meenakshi)",Divert traffic and barricade,3.0,,2026-09-19T22:24:48+05:30,Draft,agent:action_planner,playbook,,,,INC-20260919-A461B0
ACT-c48c12aa4f2f,,PWD-WRD,,"Assistant Executive Engineer, Adyar Sub-Division, Saidapet (V. Meenakshi)",Check low-lying homes for evacuation,4.0,,2026-09-20T03:12:48+05:30,Draft,agent:action_planner,playbook,,,,INC-20260919-A461B0
ACT-3d5eb74aacfd,,PWD-WRD,,Superintending Engineer (WRD),Submit completion report with photo,5.0,,2026-09-20T08:00:48+05:30,Draft,agent:action_planner,playbook,,,,INC-20260919-A461B0
ACT-d7a4c7776154,,POL-GCP,,Deputy Commissioner of Police,Support flooding & waterlogging response,,,2026-09-19T20:00:48+05:30,Draft,agent:action_planner,coordination,,,,INC-20260919-A461B0
ACT-365737bada25,,DIST-DM,,District Revenue Officer (Disaster),Support flooding & waterlogging response,,,2026-09-19T20:00:48+05:30,Draft,agent:action_planner,coordination,,,,INC-20260919-A461B0
ACT-220ce10021c7,,POL-GCP,,"SHO, Madhavaram Police Station",Send patrol and ambulance,1.0,,2026-09-19T08:51:50+05:30,Draft,agent:action_planner,playbook,,,,INC-20260919-A78D30
ACT-6dd0c1d1008d,,POL-GCP,,"SHO, Madhavaram Police Station",Clear the carriageway,2.0,,2026-09-19T09:15:50+05:30,Draft,agent:action_planner,playbook,,,,INC-20260919-A78D30
ACT-885381e33f7b,,POL-GCP,,"SHO, Madhavaram Police Station",Register the case,3.0,,2026-09-19T09:39:50+05:30,Draft,agent:action_planner,playbook,,,,INC-20260919-A78D30
ACT-7f5451d944c0,,POL-GCP,,"SHO, Madhavaram Police Station",Check road defects at the spot,4.0,,2026-09-19T10:03:50+05:30,Draft,agent:action_planner,playbook,,,,INC-20260919-A78D30
ACT-93cb5be69d71,,POL-GCP,,Deputy Commissioner of Police,Close with report,5.0,,2026-09-19T10:27:50+05:30,Draft,agent:action_planner,playbook,,,,INC-20260919-A78D30
ACT-52c6e3e02bc2,,GCC-ENG,,Superintending Engineer,Support road accident response,,,2026-09-19T09:27:50+05:30,Draft,agent:action_planner,coordination,,,,INC-20260919-A78D30
ACT-2d04005c878d,,HLT-DMS,,Director of Medical Services,Support road accident response,,,2026-09-19T09:27:50+05:30,Draft,agent:action_planner,coordination,,,,INC-20260919-A78D30
ACT-cb5d6cb51c48,,PWD-WRD,,"Assistant Executive Engineer, Water Bodies Protection (Encroachment) Cell (S. Palanisamy)",Inspect the structure,1.0,,2026-09-19T17:15:47+05:30,Draft,agent:action_planner,playbook,,,,INC-20260919-C34947
ACT-5e7492d49e9b,,PWD-WRD,,"Assistant Executive Engineer, Water Bodies Protection (Encroachment) Cell (S. Palanisamy)",Warn downstream residents,2.0,,2026-09-19T18:27:47+05:30,Draft,agent:action_planner,playbook,,,,INC-20260919-C34947
ACT-5a9671935aa9,,PWD-WRD,,"Assistant Executive Engineer, Water Bodies Protection (Encroachment) Cell (S. Palanisamy)",Carry out repair,3.0,,2026-09-19T19:39:47+05:30,Draft,agent:action_planner,playbook,,,,INC-20260919-C34947
ACT-d1d9d213759b,,PWD-WRD,,"Assistant Executive Engineer, Water Bodies Protection (Encroachment) Cell (S. Palanisamy)",Monitor water level for 48 h,4.0,,2026-09-19T20:51:47+05:30,Draft,agent:action_planner,playbook,,,,INC-20260919-C34947
ACT-f0131ee8d44f,,PWD-WRD,,Superintending Engineer (WRD),Submit report,5.0,,2026-09-19T22:03:47+05:30,Draft,agent:action_planner,playbook,,,,INC-20260919-C34947
ACT-12738b91dc31,,DIST-DM,,District Revenue Officer (Disaster),"Support lakes, bunds & sluices response",,,2026-09-19T19:03:47+05:30,Draft,agent:action_planner,coordination,,,,INC-20260919-C34947
ACT-3394748a0a00,,POL-GCP,,"SHO, Ambattur Estate Police Station",Register the complaint,1.0,,2026-09-19T19:19:12+05:30,Draft,agent:action_planner,playbook,,,,INC-20260919-C37B71
ACT-aed49cd225b9,,POL-GCP,,"SHO, Ambattur Estate Police Station",Circulate details,2.0,,2026-09-19T21:43:12+05:30,Draft,agent:action_planner,playbook,,,,INC-20260919-C37B71
ACT-12953880c55a,,POL-GCP,,"SHO, Ambattur Estate Police Station",Search,3.0,,2026-09-20T00:07:12+05:30,Draft,agent:action_planner,playbook,,,,INC-20260919-C37B71
ACT-791dc5a82358,,POL-GCP,,"SHO, Ambattur Estate Police Station",Trace,4.0,,2026-09-20T02:31:12+05:30,Draft,agent:action_planner,playbook,,,,INC-20260919-C37B71
ACT-c6e526475891,,POL-GCP,,Deputy Commissioner of Police,Close,5.0,,2026-09-20T04:55:12+05:30,Draft,agent:action_planner,playbook,,,,INC-20260919-C37B71
ACT-6b6b9671cc2d,,POL-GCP,,"SHO, Pulianthope Police Station",Register the complaint,1.0,,2026-09-19T12:08:17+05:30,Draft,agent:action_planner,playbook,,,,INC-20260919-C3966F
ACT-89ca47d4cd62,,POL-GCP,,"SHO, Pulianthope Police Station",Circulate details,2.0,,2026-09-19T14:32:17+05:30,Draft,agent:action_planner,playbook,,,,INC-20260919-C3966F
ACT-744bbbbdd35c,,POL-GCP,,"SHO, Pulianthope Police Station",Search,3.0,,2026-09-19T16:56:17+05:30,Draft,agent:action_planner,playbook,,,,INC-20260919-C3966F
ACT-cf47a56a1225,,POL-GCP,,"SHO, Pulianthope Police Station",Trace,4.0,,2026-09-19T19:20:17+05:30,Draft,agent:action_planner,playbook,,,,INC-20260919-C3966F
ACT-17d6d1069ad4,,POL-GCP,,Deputy Commissioner of Police,Close,5.0,,2026-09-19T21:44:17+05:30,Draft,agent:action_planner,playbook,,,,INC-20260919-C3966F
ACT-2bed09687b1e,,POL-GCP,,"SHO, Flower Bazaar Police Station",Send patrol and ambulance,1.0,,2026-09-19T20:07:49+05:30,Draft,agent:action_planner,playbook,,,,INC-20260919-C54EE0
ACT-acef95196a16,,POL-GCP,,"SHO, Flower Bazaar Police Station",Clear the carriageway,2.0,,2026-09-19T21:19:49+05:30,Draft,agent:action_planner,playbook,,,,INC-20260919-C54EE0
ACT-6a1bb7488bc4,,POL-GCP,,"SHO, Flower Bazaar Police Station",Register the case,3.0,,2026-09-19T22:31:49+05:30,Draft,agent:action_planner,playbook,,,,INC-20260919-C54EE0
ACT-70f2314162de,,POL-GCP,,"SHO, Flower Bazaar Police Station",Check road defects at the spot,4.0,,2026-09-19T23:43:49+05:30,Draft,agent:action_planner,playbook,,,,INC-20260919-C54EE0
ACT-e26c27c6b859,,POL-GCP,,Deputy Commissioner of Police,Close with report,5.0,,2026-09-20T00:55:49+05:30,Draft,agent:action_planner,playbook,,,,INC-20260919-C54EE0
ACT-543ea2b45596,,GCC-ENG,,Superintending Engineer,Support road accident response,,,2026-09-19T21:55:49+05:30,Draft,agent:action_planner,coordination,,,,INC-20260919-C54EE0
ACT-67af04e0cc1e,,HLT-DMS,,Director of Medical Services,Support road accident response,,,2026-09-19T21:55:49+05:30,Draft,agent:action_planner,coordination,,,,INC-20260919-C54EE0
ACT-06e7304c1ac2,,POL-GCP,,"SHO, Chetpet Police Station",Respond immediately,1.0,,2026-09-19T19:04:02+05:30,Draft,agent:action_planner,playbook,,,,INC-20260919-CFB18A
ACT-9cec485edb2c,,POL-GCP,,"SHO, Chetpet Police Station",Register the case,2.0,,2026-09-19T19:28:02+05:30,Draft,agent:action_planner,playbook,,,,INC-20260919-CFB18A
ACT-c9c9ba47abf4,,POL-GCP,,"SHO, Chetpet Police Station",Protect the victim,3.0,,2026-09-19T19:52:02+05:30,Draft,agent:action_planner,playbook,,,,INC-20260919-CFB18A
ACT-f79748764bf2,,POL-GCP,,"SHO, Chetpet Police Station",Arrest the accused,4.0,,2026-09-19T20:16:02+05:30,Draft,agent:action_planner,playbook,,,,INC-20260919-CFB18A
ACT-b8424e9f427c,,POL-GCP,,Deputy Commissioner of Police,Close,5.0,,2026-09-19T20:40:02+05:30,Draft,agent:action_planner,playbook,,,,INC-20260919-CFB18A
ACT-7b1696f4ba0b,,POL-GCP,,"SHO, Vadapalani Police Station",Register the complaint,1.0,,2026-09-19T09:52:34+05:30,Draft,agent:action_planner,playbook,,,,INC-20260919-D1C5A2
ACT-50fd982670cc,,POL-GCP,,"SHO, Vadapalani Police Station",Circulate details,2.0,,2026-09-19T12:16:34+05:30,Draft,agent:action_planner,playbook,,,,INC-20260919-D1C5A2
ACT-2bbe6f3a70a2,,POL-GCP,,"SHO, Vadapalani Police Station",Search,3.0,,2026-09-19T14:40:34+05:30,Draft,agent:action_planner,playbook,,,,INC-20260919-D1C5A2
ACT-41c804cbf514,,POL-GCP,,"SHO, Vadapalani Police Station",Trace,4.0,,2026-09-19T17:04:34+05:30,Draft,agent:action_planner,playbook,,,,INC-20260919-D1C5A2
ACT-dc1a54f9bc88,,POL-GCP,,Deputy Commissioner of Police,Close,5.0,,2026-09-19T19:28:34+05:30,Draft,agent:action_planner,playbook,,,,INC-20260919-D1C5A2
ACT-32d155853ba7,,POL-GCP,,"SHO, Kannagi Nagar Police Station",Respond immediately,1.0,,2026-09-19T07:10:56+05:30,Draft,agent:action_planner,playbook,,,,INC-20260919-D234AF
ACT-b60e0ed4ec2f,,POL-GCP,,"SHO, Kannagi Nagar Police Station",Register the case,2.0,,2026-09-19T08:22:56+05:30,Draft,agent:action_planner,playbook,,,,INC-20260919-D234AF
ACT-f6c328794c48,,POL-GCP,,"SHO, Kannagi Nagar Police Station",Protect the victim,3.0,,2026-09-19T09:34:56+05:30,Draft,agent:action_planner,playbook,,,,INC-20260919-D234AF
ACT-f9d923516551,,POL-GCP,,"SHO, Kannagi Nagar Police Station",Arrest the accused,4.0,,2026-09-19T10:46:56+05:30,Draft,agent:action_planner,playbook,,,,INC-20260919-D234AF
ACT-0793bdb2a73d,,POL-GCP,,Deputy Commissioner of Police,Close,5.0,,2026-09-19T11:58:56+05:30,Draft,agent:action_planner,playbook,,,,INC-20260919-D234AF
ACT-663eb8a1a06a,,POL-GCP,,"SHO, Korattur Police Station",Deploy pumps and clear standing water,1.0,,2026-09-20T01:21:21+05:30,Draft,agent:action_planner,playbook,,,,INC-20260919-DD9ECE
ACT-7af239a3d1e4,,POL-GCP,,"SHO, Korattur Police Station",Clear drain inlets and silt,2.0,,2026-09-20T06:09:21+05:30,Draft,agent:action_planner,playbook,,,,INC-20260919-DD9ECE
ACT-dc718d5c34c7,,POL-GCP,,"SHO, Korattur Police Station",Divert traffic and barricade,3.0,,2026-09-20T10:57:21+05:30,Draft,agent:action_planner,playbook,,,,INC-20260919-DD9ECE
ACT-a62df997fab1,,POL-GCP,,"SHO, Korattur Police Station",Check low-lying homes for evacuation,4.0,,2026-09-20T15:45:21+05:30,Draft,agent:action_planner,playbook,,,,INC-20260919-DD9ECE
ACT-61b95ff640e7,,POL-GCP,,Deputy Commissioner of Police,Submit completion report with photo,5.0,,2026-09-20T20:33:21+05:30,Draft,agent:action_planner,playbook,,,,INC-20260919-DD9ECE
ACT-0d2c8fbf799d,,DIST-DM,,District Revenue Officer (Disaster),Support flooding & waterlogging response,,,2026-09-20T08:33:21+05:30,Draft,agent:action_planner,coordination,,,,INC-20260919-DD9ECE
ACT-4d1b8b0c29a5,,POL-GCP,,SHO (nearest station),Deploy pumps and clear standing water,1.0,,2026-09-19T14:03:33+05:30,Draft,agent:action_planner,playbook,,,,INC-20260919-F4246B
ACT-cd35bf0bd410,,POL-GCP,,SHO (nearest station),Clear drain inlets and silt,2.0,,2026-09-19T18:51:33+05:30,Draft,agent:action_planner,playbook,,,,INC-20260919-F4246B
ACT-3aff26d151af,,POL-GCP,,SHO (nearest station),Divert traffic and barricade,3.0,,2026-09-19T23:39:33+05:30,Draft,agent:action_planner,playbook,,,,INC-20260919-F4246B
ACT-059a9f41f88b,,POL-GCP,,SHO (nearest station),Check low-lying homes for evacuation,4.0,,2026-09-20T04:27:33+05:30,Draft,agent:action_planner,playbook,,,,INC-20260919-F4246B
ACT-cc134d23aa7d,,POL-GCP,,Deputy Commissioner of Police,Submit completion report with photo,5.0,,2026-09-20T09:15:33+05:30,Draft,agent:action_planner,playbook,,,,INC-20260919-F4246B
ACT-e19306acae66,,DIST-DM,,District Revenue Officer (Disaster),Support flooding & waterlogging response,,,2026-09-19T21:15:33+05:30,Draft,agent:action_planner,coordination,,,,INC-20260919-F4246B
ACT-5b51a73c4911,,POL-GCP,,"SHO, Korattur Police Station",Send patrol and ambulance,1.0,,2026-09-20T21:05:54+05:30,Draft,agent:action_planner,playbook,,,,INC-20260920-07CA11
ACT-1769dc1cb17f,,POL-GCP,,"SHO, Korattur Police Station",Clear the carriageway,2.0,,2026-09-20T22:17:54+05:30,Draft,agent:action_planner,playbook,,,,INC-20260920-07CA11
ACT-6cfd81ff9e66,,POL-GCP,,"SHO, Korattur Police Station",Register the case,3.0,,2026-09-20T23:29:54+05:30,Draft,agent:action_planner,playbook,,,,INC-20260920-07CA11
ACT-62ca7e83d407,,POL-GCP,,"SHO, Korattur Police Station",Check road defects at the spot,4.0,,2026-09-21T00:41:54+05:30,Draft,agent:action_planner,playbook,,,,INC-20260920-07CA11
ACT-5d8688f99c6f,,POL-GCP,,Deputy Commissioner of Police,Close with report,5.0,,2026-09-21T01:53:54+05:30,Draft,agent:action_planner,playbook,,,,INC-20260920-07CA11
ACT-6cdfd18e7f65,,GCC-ENG,,Superintending Engineer,Support road accident response,,,2026-09-20T22:53:54+05:30,Draft,agent:action_planner,coordination,,,,INC-20260920-07CA11
ACT-9d5dd89dddd8,,HLT-DMS,,Director of Medical Services,Support road accident response,,,2026-09-20T22:53:54+05:30,Draft,agent:action_planner,coordination,,,,INC-20260920-07CA11
ACT-4731b386b8c4,,POL-GCP,,"SHO, Kilpauk Police Station",Register the case,1.0,,2026-09-20T07:46:21+05:30,Draft,agent:action_planner,playbook,,,,INC-20260920-0AB8D8
ACT-e699fd84fa65,,POL-GCP,,"SHO, Kilpauk Police Station",Patrol the hotspot,2.0,,2026-09-20T12:34:21+05:30,Draft,agent:action_planner,playbook,,,,INC-20260920-0AB8D8
ACT-22a7f2b3a2bb,,POL-GCP,,"SHO, Kilpauk Police Station",Review CCTV,3.0,,2026-09-20T17:22:21+05:30,Draft,agent:action_planner,playbook,,,,INC-20260920-0AB8D8
ACT-1033d7277f2f,,POL-GCP,,"SHO, Kilpauk Police Station",Recover property,4.0,,2026-09-20T22:10:21+05:30,Draft,agent:action_planner,playbook,,,,INC-20260920-0AB8D8
ACT-c5703d97c5e1,,POL-GCP,,Deputy Commissioner of Police,Close,5.0,,2026-09-21T02:58:21+05:30,Draft,agent:action_planner,playbook,,,,INC-20260920-0AB8D8
ACT-7500e818e894,,POL-GCP,,"SHO, Kasimedu Fishing Harbour Police Station",Deploy personnel,1.0,,2026-09-20T09:23:06+05:30,Draft,agent:action_planner,playbook,,,,INC-20260920-2D7A53
ACT-7ba5cf1627d1,,POL-GCP,,"SHO, Kasimedu Fishing Harbour Police Station",Manage crowd and traffic,2.0,,2026-09-20T10:35:06+05:30,Draft,agent:action_planner,playbook,,,,INC-20260920-2D7A53
ACT-d3bd1ef7d19f,,POL-GCP,,"SHO, Kasimedu Fishing Harbour Police Station",Engage organisers,3.0,,2026-09-20T11:47:06+05:30,Draft,agent:action_planner,playbook,,,,INC-20260920-2D7A53
ACT-7acb8316d62c,,POL-GCP,,"SHO, Kasimedu Fishing Harbour Police Station",Document the event,4.0,,2026-09-20T12:59:06+05:30,Draft,agent:action_planner,playbook,,,,INC-20260920-2D7A53
ACT-f1e953b45e67,,POL-GCP,,Deputy Commissioner of Police,Close,5.0,,2026-09-20T14:11:06+05:30,Draft,agent:action_planner,playbook,,,,INC-20260920-2D7A53
ACT-c41c2c7dd9ee,,DIST-REV,,District Revenue Officer,Support protests & public nuisance response,,,2026-09-20T11:11:06+05:30,Draft,agent:action_planner,coordination,,,,INC-20260920-2D7A53
ACT-b5cae7a5190f,,PWD-WRD,,"Assistant Executive Engineer, Water Bodies Protection (Encroachment) Cell (S. Palanisamy)",Inspect and barricade,1.0,,2026-09-20T22:47:08+05:30,Draft,agent:action_planner,playbook,,,,INC-20260920-3153B8
ACT-c3d217860130,,PWD-WRD,,"Assistant Executive Engineer, Water Bodies Protection (Encroachment) Cell (S. Palanisamy)",Patch with cold mix,2.0,,2026-09-21T13:11:08+05:30,Draft,agent:action_planner,playbook,,,,INC-20260920-3153B8
ACT-5ade2349055e,,PWD-WRD,,"Assistant Executive Engineer, Water Bodies Protection (Encroachment) Cell (S. Palanisamy)",Schedule relaying,3.0,,2026-09-22T03:35:08+05:30,Draft,agent:action_planner,playbook,,,,INC-20260920-3153B8
ACT-57772fe07e4e,,PWD-WRD,,"Assistant Executive Engineer, Water Bodies Protection (Encroachment) Cell (S. Palanisamy)",Quality check,4.0,,2026-09-22T17:59:08+05:30,Draft,agent:action_planner,playbook,,,,INC-20260920-3153B8
ACT-9d2104f25bfc,,PWD-WRD,,Superintending Engineer (WRD),Close with photo,5.0,,2026-09-23T08:23:08+05:30,Draft,agent:action_planner,playbook,,,,INC-20260920-3153B8
ACT-5bea9f9977ee,,POL-GCP,,Deputy Commissioner of Police,"Support roads, footpaths & bridges response",,,2026-09-21T20:23:08+05:30,Draft,agent:action_planner,coordination,,,,INC-20260920-3153B8
ACT-4939e8816291,,POL-GCP,,"SHO, Porur Police Station",Respond immediately,1.0,,2026-09-20T16:20:31+05:30,Draft,agent:action_planner,playbook,,,,INC-20260920-3797C9
ACT-4d8ff7fae59d,,POL-GCP,,"SHO, Porur Police Station",Register the case,2.0,,2026-09-20T17:32:31+05:30,Draft,agent:action_planner,playbook,,,,INC-20260920-3797C9
ACT-0f2973c3946c,,POL-GCP,,"SHO, Porur Police Station",Protect the victim,3.0,,2026-09-20T18:44:31+05:30,Draft,agent:action_planner,playbook,,,,INC-20260920-3797C9
ACT-978faf97dffc,,POL-GCP,,"SHO, Porur Police Station",Arrest the accused,4.0,,2026-09-20T19:56:31+05:30,Draft,agent:action_planner,playbook,,,,INC-20260920-3797C9
ACT-df8684dd2112,,POL-GCP,,Deputy Commissioner of Police,Close,5.0,,2026-09-20T21:08:31+05:30,Draft,agent:action_planner,playbook,,,,INC-20260920-3797C9
ACT-d3628d9e374e,,POL-GCP,,"SHO, Chetpet Police Station",Send patrol and ambulance,1.0,,2026-09-20T17:20:40+05:30,Draft,agent:action_planner,playbook,,,,INC-20260920-37AF30
ACT-134e2cb864b8,,POL-GCP,,"SHO, Chetpet Police Station",Clear the carriageway,2.0,,2026-09-20T18:32:40+05:30,Draft,agent:action_planner,playbook,,,,INC-20260920-37AF30
ACT-e32cd07fd360,,POL-GCP,,"SHO, Chetpet Police Station",Register the case,3.0,,2026-09-20T19:44:40+05:30,Draft,agent:action_planner,playbook,,,,INC-20260920-37AF30
ACT-a766fffc4c0b,,POL-GCP,,"SHO, Chetpet Police Station",Check road defects at the spot,4.0,,2026-09-20T20:56:40+05:30,Draft,agent:action_planner,playbook,,,,INC-20260920-37AF30
ACT-6322bd98da04,,POL-GCP,,Deputy Commissioner of Police,Close with report,5.0,,2026-09-20T22:08:40+05:30,Draft,agent:action_planner,playbook,,,,INC-20260920-37AF30
ACT-84bf4c4127f7,,GCC-ENG,,Superintending Engineer,Support road accident response,,,2026-09-20T19:08:40+05:30,Draft,agent:action_planner,coordination,,,,INC-20260920-37AF30
ACT-f360994d69cd,,HLT-DMS,,Director of Medical Services,Support road accident response,,,2026-09-20T19:08:40+05:30,Draft,agent:action_planner,coordination,,,,INC-20260920-37AF30
ACT-475ae5b1f9e5,,POL-GCP,,"SHO, Sathangadu Police Station",Send patrol and ambulance,1.0,,2026-09-20T11:23:19+05:30,Draft,agent:action_planner,playbook,,,,INC-20260920-3831CB
ACT-ea7dc2c5a5de,,POL-GCP,,"SHO, Sathangadu Police Station",Clear the carriageway,2.0,,2026-09-20T12:35:19+05:30,Draft,agent:action_planner,playbook,,,,INC-20260920-3831CB
ACT-d04c824a0cac,,POL-GCP,,"SHO, Sathangadu Police Station",Register the case,3.0,,2026-09-20T13:47:19+05:30,Draft,agent:action_planner,playbook,,,,INC-20260920-3831CB
ACT-df85563975b4,,POL-GCP,,"SHO, Sathangadu Police Station",Check road defects at the spot,4.0,,2026-09-20T14:59:19+05:30,Draft,agent:action_planner,playbook,,,,INC-20260920-3831CB
ACT-02ad8c0f40c8,,POL-GCP,,Deputy Commissioner of Police,Close with report,5.0,,2026-09-20T16:11:19+05:30,Draft,agent:action_planner,playbook,,,,INC-20260920-3831CB
ACT-13b4c3b6aa36,,GCC-ENG,,Superintending Engineer,Support road accident response,,,2026-09-20T13:11:19+05:30,Draft,agent:action_planner,coordination,,,,INC-20260920-3831CB
ACT-9862d3144639,,HLT-DMS,,Director of Medical Services,Support road accident response,,,2026-09-20T13:11:19+05:30,Draft,agent:action_planner,coordination,,,,INC-20260920-3831CB
ACT-869cb42a7541,,POL-GCP,,"SHO, Neelankarai Police Station",Register the complaint,1.0,,2026-09-20T11:19:07+05:30,Draft,agent:action_planner,playbook,,,,INC-20260920-5955B1
ACT-2434e4cb3425,,POL-GCP,,"SHO, Neelankarai Police Station",Circulate details,2.0,,2026-09-20T13:43:07+05:30,Draft,agent:action_planner,playbook,,,,INC-20260920-5955B1
ACT-87f569e927ed,,POL-GCP,,"SHO, Neelankarai Police Station",Search,3.0,,2026-09-20T16:07:07+05:30,Draft,agent:action_planner,playbook,,,,INC-20260920-5955B1
ACT-34be1d84f65a,,POL-GCP,,"SHO, Neelankarai Police Station",Trace,4.0,,2026-09-20T18:31:07+05:30,Draft,agent:action_planner,playbook,,,,INC-20260920-5955B1
ACT-6237da8a7673,,POL-GCP,,Deputy Commissioner of Police,Close,5.0,,2026-09-20T20:55:07+05:30,Draft,agent:action_planner,playbook,,,,INC-20260920-5955B1
ACT-2c7628a74d43,,HLT-DMS,,Director of Medical Services,Source reduction and fogging,1.0,,2026-09-20T13:28:06+05:30,Draft,agent:action_planner,playbook,,,,INC-20260920-5AF5D2
ACT-eb1516579a81,,HLT-DMS,,Director of Medical Services,Door-to-door fever survey,2.0,,2026-09-20T18:16:06+05:30,Draft,agent:action_planner,playbook,,,,INC-20260920-5AF5D2
ACT-433e95eb61a8,,HLT-DMS,,Director of Medical Services,Hold a fever camp,3.0,,2026-09-20T23:04:06+05:30,Draft,agent:action_planner,playbook,,,,INC-20260920-5AF5D2
ACT-9371ef029b5c,,HLT-DMS,,Director of Medical Services,Clear stagnant water,4.0,,2026-09-21T03:52:06+05:30,Draft,agent:action_planner,playbook,,,,INC-20260920-5AF5D2
ACT-c50e60760463,,HLT-DMS,,Director of Medical Services,Send daily situation report,5.0,,2026-09-21T08:40:06+05:30,Draft,agent:action_planner,playbook,,,,INC-20260920-5AF5D2
ACT-d30230091f45,,GCC-SWD,,Superintending Engineer (SWD),Support vector- & water-borne disease response,,,2026-09-20T20:40:06+05:30,Draft,agent:action_planner,coordination,,,,INC-20260920-5AF5D2
ACT-86f5aecb7ad9,,POL-GCP,,"SHO, Ambattur Estate Police Station",Respond immediately,1.0,,2026-09-20T10:25:01+05:30,Draft,agent:action_planner,playbook,,,,INC-20260920-65D1EB
ACT-b7b5a77bea92,,POL-GCP,,"SHO, Ambattur Estate Police Station",Register the case,2.0,,2026-09-20T10:49:01+05:30,Draft,agent:action_planner,playbook,,,,INC-20260920-65D1EB
ACT-5c5cb8aa764b,,POL-GCP,,"SHO, Ambattur Estate Police Station",Protect the victim,3.0,,2026-09-20T11:13:01+05:30,Draft,agent:action_planner,playbook,,,,INC-20260920-65D1EB
ACT-a428e60ed2f9,,POL-GCP,,"SHO, Ambattur Estate Police Station",Arrest the accused,4.0,,2026-09-20T11:37:01+05:30,Draft,agent:action_planner,playbook,,,,INC-20260920-65D1EB
ACT-3b6642f87445,,POL-GCP,,Deputy Commissioner of Police,Close,5.0,,2026-09-20T12:01:01+05:30,Draft,agent:action_planner,playbook,,,,INC-20260920-65D1EB
ACT-cceb9fac958d,,POL-GCP,,"SHO, Adyar Police Station",Register the complaint,1.0,,2026-09-21T01:11:32+05:30,Draft,agent:action_planner,playbook,,,,INC-20260920-76339C
ACT-0497e24eee54,,POL-GCP,,"SHO, Adyar Police Station",Circulate details,2.0,,2026-09-21T03:35:32+05:30,Draft,agent:action_planner,playbook,,,,INC-20260920-76339C
ACT-9ab93a6befc9,,POL-GCP,,"SHO, Adyar Police Station",Search,3.0,,2026-09-21T05:59:32+05:30,Draft,agent:action_planner,playbook,,,,INC-20260920-76339C
ACT-0c967dd5b536,,POL-GCP,,"SHO, Adyar Police Station",Trace,4.0,,2026-09-21T08:23:32+05:30,Draft,agent:action_planner,playbook,,,,INC-20260920-76339C
ACT-900c176597d9,,POL-GCP,,Deputy Commissioner of Police,Close,5.0,,2026-09-21T10:47:32+05:30,Draft,agent:action_planner,playbook,,,,INC-20260920-76339C
ACT-b9ace66ed673,,PWD-WRD,,"Assistant Executive Engineer, North Chennai Drainage Sub-Division (M. Gunasekaran)",Deploy pumps and clear standing water,1.0,,2026-09-20T12:37:46+05:30,Draft,agent:action_planner,playbook,,,,INC-20260920-940442
ACT-eb8a098f5345,,PWD-WRD,,"Assistant Executive Engineer, North Chennai Drainage Sub-Division (M. Gunasekaran)",Clear drain inlets and silt,2.0,,2026-09-20T17:25:46+05:30,Draft,agent:action_planner,playbook,,,,INC-20260920-940442
ACT-8c2b890695f3,,PWD-WRD,,"Assistant Executive Engineer, North Chennai Drainage Sub-Division (M. Gunasekaran)",Divert traffic and barricade,3.0,,2026-09-20T22:13:46+05:30,Draft,agent:action_planner,playbook,,,,INC-20260920-940442
ACT-0ebd9f8e865a,,PWD-WRD,,"Assistant Executive Engineer, North Chennai Drainage Sub-Division (M. Gunasekaran)",Check low-lying homes for evacuation,4.0,,2026-09-21T03:01:46+05:30,Draft,agent:action_planner,playbook,,,,INC-20260920-940442
ACT-c7cdb29813c1,,PWD-WRD,,Superintending Engineer (WRD),Submit completion report with photo,5.0,,2026-09-21T07:49:46+05:30,Draft,agent:action_planner,playbook,,,,INC-20260920-940442
ACT-00c88b3b4a2f,,POL-GCP,,Deputy Commissioner of Police,Support flooding & waterlogging response,,,2026-09-20T19:49:46+05:30,Draft,agent:action_planner,coordination,,,,INC-20260920-940442
ACT-2d66689d0d0f,,DIST-DM,,District Revenue Officer (Disaster),Support flooding & waterlogging response,,,2026-09-20T19:49:46+05:30,Draft,agent:action_planner,coordination,,,,INC-20260920-940442
ACT-bc1285ca98f9,,POL-GCP,,"SHO, Valasaravakkam Police Station",Send patrol and ambulance,1.0,,2026-09-20T17:37:31+05:30,Draft,agent:action_planner,playbook,,,,INC-20260920-965DB5
ACT-f238354fc830,,POL-GCP,,"SHO, Valasaravakkam Police Station",Clear the carriageway,2.0,,2026-09-20T18:49:31+05:30,Draft,agent:action_planner,playbook,,,,INC-20260920-965DB5
ACT-72dfebe1e436,,POL-GCP,,"SHO, Valasaravakkam Police Station",Register the case,3.0,,2026-09-20T20:01:31+05:30,Draft,agent:action_planner,playbook,,,,INC-20260920-965DB5
ACT-2e02ff0d9729,,POL-GCP,,"SHO, Valasaravakkam Police Station",Check road defects at the spot,4.0,,2026-09-20T21:13:31+05:30,Draft,agent:action_planner,playbook,,,,INC-20260920-965DB5
ACT-8a856f1127ba,,POL-GCP,,Deputy Commissioner of Police,Close with report,5.0,,2026-09-20T22:25:31+05:30,Draft,agent:action_planner,playbook,,,,INC-20260920-965DB5
ACT-f22ccb19ece0,,GCC-ENG,,Superintending Engineer,Support road accident response,,,2026-09-20T19:25:31+05:30,Draft,agent:action_planner,coordination,,,,INC-20260920-965DB5
ACT-581191fa2491,,HLT-DMS,,Director of Medical Services,Support road accident response,,,2026-09-20T19:25:31+05:30,Draft,agent:action_planner,coordination,,,,INC-20260920-965DB5
ACT-4b84edbae53e,,GCC-SWD,,"Assistant Engineer, Ward 154 (Valasaravakkam zone)",Inspect the worksite,1.0,,2026-09-21T04:41:00+05:30,Draft,agent:action_planner,playbook,,,,INC-20260920-9C738D
ACT-ac4a13e01d07,,GCC-SWD,,"Assistant Engineer, Ward 154 (Valasaravakkam zone)",Install barricades and signage,2.0,,2026-09-21T14:17:00+05:30,Draft,agent:action_planner,playbook,,,,INC-20260920-9C738D
ACT-e6a9ca40ccc4,,GCC-SWD,,"Assistant Engineer, Ward 154 (Valasaravakkam zone)",Instruct the contractor,3.0,,2026-09-21T23:53:00+05:30,Draft,agent:action_planner,playbook,,,,INC-20260920-9C738D
ACT-e0f52d8385d2,,GCC-SWD,,"Assistant Engineer, Ward 154 (Valasaravakkam zone)",Re-inspect,4.0,,2026-09-22T09:29:00+05:30,Draft,agent:action_planner,playbook,,,,INC-20260920-9C738D
ACT-b87b8ee65d07,,GCC-SWD,,Superintending Engineer (SWD),Close with photo,5.0,,2026-09-22T19:05:00+05:30,Draft,agent:action_planner,playbook,,,,INC-20260920-9C738D
ACT-f462cb9aa8a4,,POL-GCP,,Deputy Commissioner of Police,Support drain works site safety response,,,2026-09-21T19:05:00+05:30,Draft,agent:action_planner,coordination,,,,INC-20260920-9C738D
ACT-5a109d115984,,POL-GCP,,"SHO, Adyar Police Station",Respond immediately,1.0,,2026-09-20T11:02:59+05:30,Draft,agent:action_planner,playbook,,,,INC-20260920-C54BB4
ACT-63079371346a,,POL-GCP,,"SHO, Adyar Police Station",Register the case,2.0,,2026-09-20T12:14:59+05:30,Draft,agent:action_planner,playbook,,,,INC-20260920-C54BB4
ACT-b3d663414e2c,,POL-GCP,,"SHO, Adyar Police Station",Protect the victim,3.0,,2026-09-20T13:26:59+05:30,Draft,agent:action_planner,playbook,,,,INC-20260920-C54BB4
ACT-5618e26af0e0,,POL-GCP,,"SHO, Adyar Police Station",Arrest the accused,4.0,,2026-09-20T14:38:59+05:30,Draft,agent:action_planner,playbook,,,,INC-20260920-C54BB4
ACT-d646d8f609f1,,POL-GCP,,Deputy Commissioner of Police,Close,5.0,,2026-09-20T15:50:59+05:30,Draft,agent:action_planner,playbook,,,,INC-20260920-C54BB4
ACT-b2b0552c25b8,,POL-GCP,,"SHO, Pallikaranai Police Station",Deploy pumps and clear standing water,1.0,,2026-09-20T21:26:31+05:30,Draft,agent:action_planner,playbook,,,,INC-20260920-CD74DB
ACT-484a9cacc4de,,POL-GCP,,"SHO, Pallikaranai Police Station",Clear drain inlets and silt,2.0,,2026-09-21T02:14:31+05:30,Draft,agent:action_planner,playbook,,,,INC-20260920-CD74DB
ACT-e8fba08c7b03,,POL-GCP,,"SHO, Pallikaranai Police Station",Divert traffic and barricade,3.0,,2026-09-21T07:02:31+05:30,Draft,agent:action_planner,playbook,,,,INC-20260920-CD74DB
ACT-f5ecdb6cf0eb,,POL-GCP,,"SHO, Pallikaranai Police Station",Check low-lying homes for evacuation,4.0,,2026-09-21T11:50:31+05:30,Draft,agent:action_planner,playbook,,,,INC-20260920-CD74DB
ACT-3917b2503613,,POL-GCP,,Deputy Commissioner of Police,Submit completion report with photo,5.0,,2026-09-21T16:38:31+05:30,Draft,agent:action_planner,playbook,,,,INC-20260920-CD74DB
ACT-d99666c80158,,DIST-DM,,District Revenue Officer (Disaster),Support flooding & waterlogging response,,,2026-09-21T04:38:31+05:30,Draft,agent:action_planner,coordination,,,,INC-20260920-CD74DB
ACT-1ae680e4f2d2,,POL-GCP,,"SHO, St. Thomas Mount Police Station",Respond immediately,1.0,,2026-09-20T19:16:30+05:30,Draft,agent:action_planner,playbook,,,,INC-20260920-D53D00
ACT-741d2a64e6e4,,POL-GCP,,"SHO, St. Thomas Mount Police Station",Register the case,2.0,,2026-09-20T20:28:30+05:30,Draft,agent:action_planner,playbook,,,,INC-20260920-D53D00
ACT-a5b8db566e19,,POL-GCP,,"SHO, St. Thomas Mount Police Station",Protect the victim,3.0,,2026-09-20T21:40:30+05:30,Draft,agent:action_planner,playbook,,,,INC-20260920-D53D00
ACT-6c28b914afb2,,POL-GCP,,"SHO, St. Thomas Mount Police Station",Arrest the accused,4.0,,2026-09-20T22:52:30+05:30,Draft,agent:action_planner,playbook,,,,INC-20260920-D53D00
ACT-7a2e8a853bfa,,POL-GCP,,Deputy Commissioner of Police,Close,5.0,,2026-09-21T00:04:30+05:30,Draft,agent:action_planner,playbook,,,,INC-20260920-D53D00
ACT-2c8b47166472,,POL-GCP,,"SHO, Chetpet Police Station",Respond immediately,1.0,,2026-09-20T22:49:22+05:30,Draft,agent:action_planner,playbook,,,,INC-20260920-ECF159
ACT-6feebcf32dc4,,POL-GCP,,"SHO, Chetpet Police Station",Register the case,2.0,,2026-09-21T00:01:22+05:30,Draft,agent:action_planner,playbook,,,,INC-20260920-ECF159
ACT-e640b79df4d7,,POL-GCP,,"SHO, Chetpet Police Station",Protect the victim,3.0,,2026-09-21T01:13:22+05:30,Draft,agent:action_planner,playbook,,,,INC-20260920-ECF159
ACT-ce7b4092c874,,POL-GCP,,"SHO, Chetpet Police Station",Arrest the accused,4.0,,2026-09-21T02:25:22+05:30,Draft,agent:action_planner,playbook,,,,INC-20260920-ECF159
ACT-000ad73920c6,,POL-GCP,,Deputy Commissioner of Police,Close,5.0,,2026-09-21T03:37:22+05:30,Draft,agent:action_planner,playbook,,,,INC-20260920-ECF159
ACT-ec0dc656753f,,GCC-SWD,,"Assistant Engineer, Ward 183 (Perungudi zone)",Inspect the worksite,1.0,,2026-09-21T20:58:00+05:30,Draft,agent:action_planner,playbook,,,,INC-20260921-0C9CFF
ACT-80220d37d888,,GCC-SWD,,"Assistant Engineer, Ward 183 (Perungudi zone)",Install barricades and signage,2.0,,2026-09-22T06:34:00+05:30,Draft,agent:action_planner,playbook,,,,INC-20260921-0C9CFF
ACT-75d2d807c0f0,,GCC-SWD,,"Assistant Engineer, Ward 183 (Perungudi zone)",Instruct the contractor,3.0,,2026-09-22T16:10:00+05:30,Draft,agent:action_planner,playbook,,,,INC-20260921-0C9CFF
ACT-087eddd1ee7c,,GCC-SWD,,"Assistant Engineer, Ward 183 (Perungudi zone)",Re-inspect,4.0,,2026-09-23T01:46:00+05:30,Draft,agent:action_planner,playbook,,,,INC-20260921-0C9CFF
ACT-0740312685b1,,GCC-SWD,,Superintending Engineer (SWD),Close with photo,5.0,,2026-09-23T11:22:00+05:30,Draft,agent:action_planner,playbook,,,,INC-20260921-0C9CFF
ACT-fc646dac0c8f,,POL-GCP,,Deputy Commissioner of Police,Support drain works site safety response,,,2026-09-22T11:22:00+05:30,Draft,agent:action_planner,coordination,,,,INC-20260921-0C9CFF
ACT-78022ed69a9f,,GCC-SWD,,"Assistant Engineer, Ward 126 (Teynampet zone)",Deploy pumps and clear standing water,1.0,,2026-09-22T01:58:00+05:30,Draft,agent:action_planner,playbook,,,,INC-20260921-1F4420
ACT-348e568cbdb8,,GCC-SWD,,"Assistant Engineer, Ward 126 (Teynampet zone)",Clear drain inlets and silt,2.0,,2026-09-22T06:46:00+05:30,Draft,agent:action_planner,playbook,,,,INC-20260921-1F4420
ACT-92098bac2901,,GCC-SWD,,"Assistant Engineer, Ward 126 (Teynampet zone)",Divert traffic and barricade,3.0,,2026-09-22T11:34:00+05:30,Draft,agent:action_planner,playbook,,,,INC-20260921-1F4420
ACT-b9f4dc5cc990,,GCC-SWD,,"Assistant Engineer, Ward 126 (Teynampet zone)",Check low-lying homes for evacuation,4.0,,2026-09-22T16:22:00+05:30,Draft,agent:action_planner,playbook,,,,INC-20260921-1F4420
ACT-af56a406383a,,GCC-SWD,,Superintending Engineer (SWD),Submit completion report with photo,5.0,,2026-09-22T21:10:00+05:30,Draft,agent:action_planner,playbook,,,,INC-20260921-1F4420
ACT-d2e525b1c8cc,,POL-GCP,,Deputy Commissioner of Police,Support flooding & waterlogging response,,,2026-09-22T09:10:00+05:30,Draft,agent:action_planner,coordination,,,,INC-20260921-1F4420
ACT-15458eb2e3f7,,DIST-DM,,District Revenue Officer (Disaster),Support flooding & waterlogging response,,,2026-09-22T09:10:00+05:30,Draft,agent:action_planner,coordination,,,,INC-20260921-1F4420
ACT-b2b751bccf2b,,POL-GCP,,"SHO, Korattur Police Station",Respond immediately,1.0,,2026-09-21T16:24:15+05:30,Draft,agent:action_planner,playbook,,,,INC-20260921-201A44
ACT-5cef680baf17,,POL-GCP,,"SHO, Korattur Police Station",Register the case,2.0,,2026-09-21T17:36:15+05:30,Draft,agent:action_planner,playbook,,,,INC-20260921-201A44
ACT-f40628f49a9e,,POL-GCP,,"SHO, Korattur Police Station",Protect the victim,3.0,,2026-09-21T18:48:15+05:30,Draft,agent:action_planner,playbook,,,,INC-20260921-201A44
ACT-798e623fdcd3,,POL-GCP,,"SHO, Korattur Police Station",Arrest the accused,4.0,,2026-09-21T20:00:15+05:30,Draft,agent:action_planner,playbook,,,,INC-20260921-201A44
ACT-28f40a342ef6,,POL-GCP,,Deputy Commissioner of Police,Close,5.0,,2026-09-21T21:12:15+05:30,Draft,agent:action_planner,playbook,,,,INC-20260921-201A44
ACT-f6fd154f1460,,POL-GCP,,"SHO, M.K.B. Nagar Police Station",Register the complaint,1.0,,2026-09-21T23:02:03+05:30,Draft,agent:action_planner,playbook,,,,INC-20260921-28D101
ACT-eb80c1a49879,,POL-GCP,,"SHO, M.K.B. Nagar Police Station",Circulate details,2.0,,2026-09-22T01:26:03+05:30,Draft,agent:action_planner,playbook,,,,INC-20260921-28D101
ACT-72efc0e4e101,,POL-GCP,,"SHO, M.K.B. Nagar Police Station",Search,3.0,,2026-09-22T03:50:03+05:30,Draft,agent:action_planner,playbook,,,,INC-20260921-28D101
ACT-1c76ea8bfe18,,POL-GCP,,"SHO, M.K.B. Nagar Police Station",Trace,4.0,,2026-09-22T06:14:03+05:30,Draft,agent:action_planner,playbook,,,,INC-20260921-28D101
ACT-a556ed4dfaff,,POL-GCP,,Deputy Commissioner of Police,Close,5.0,,2026-09-22T08:38:03+05:30,Draft,agent:action_planner,playbook,,,,INC-20260921-28D101
ACT-1a835e03415f,,GCC-HLT,,"Assistant Engineer, Ward 150 (Valasaravakkam zone)",Dispatch a compactor,1.0,,2026-09-21T12:46:00+05:30,Draft,agent:action_planner,playbook,,,,INC-20260921-32CE71
ACT-eadbd92eb865,,GCC-HLT,,"Assistant Engineer, Ward 150 (Valasaravakkam zone)",Clear the waste,2.0,,2026-09-21T17:34:00+05:30,Draft,agent:action_planner,playbook,,,,INC-20260921-32CE71
ACT-d3b07acaa0e0,,GCC-HLT,,"Assistant Engineer, Ward 150 (Valasaravakkam zone)",Disinfect the spot,3.0,,2026-09-21T22:22:00+05:30,Draft,agent:action_planner,playbook,,,,INC-20260921-32CE71
ACT-574df562427b,,GCC-HLT,,"Assistant Engineer, Ward 150 (Valasaravakkam zone)",Increase pickup frequency,4.0,,2026-09-22T03:10:00+05:30,Draft,agent:action_planner,playbook,,,,INC-20260921-32CE71
ACT-b15365ab331b,,GCC-HLT,,City Health Officer,Close with photo,5.0,,2026-09-22T07:58:00+05:30,Draft,agent:action_planner,playbook,,,,INC-20260921-32CE71
ACT-840dfaf64c65,,POL-GCP,,"SHO, Vyasarpadi Police Station",Respond immediately,1.0,,2026-09-21T16:11:45+05:30,Draft,agent:action_planner,playbook,,,,INC-20260921-3493F3
ACT-e3b2ab73815d,,POL-GCP,,"SHO, Vyasarpadi Police Station",Register the case,2.0,,2026-09-21T17:23:45+05:30,Draft,agent:action_planner,playbook,,,,INC-20260921-3493F3
ACT-93df4b409e80,,POL-GCP,,"SHO, Vyasarpadi Police Station",Protect the victim,3.0,,2026-09-21T18:35:45+05:30,Draft,agent:action_planner,playbook,,,,INC-20260921-3493F3
ACT-b15a997ecc4d,,POL-GCP,,"SHO, Vyasarpadi Police Station",Arrest the accused,4.0,,2026-09-21T19:47:45+05:30,Draft,agent:action_planner,playbook,,,,INC-20260921-3493F3
ACT-fe22289749f8,,POL-GCP,,Deputy Commissioner of Police,Close,5.0,,2026-09-21T20:59:45+05:30,Draft,agent:action_planner,playbook,,,,INC-20260921-3493F3
ACT-42d1c534a085,,POL-GCP,,"SHO, ICF Police Station",Respond immediately,1.0,,2026-09-21T20:24:00+05:30,Draft,agent:action_planner,playbook,,,,INC-20260921-410AD2
ACT-f713b6f7b9a6,,POL-GCP,,"SHO, ICF Police Station",Register the case,2.0,,2026-09-21T21:36:00+05:30,Draft,agent:action_planner,playbook,,,,INC-20260921-410AD2
ACT-65f81850fd62,,POL-GCP,,"SHO, ICF Police Station",Protect the victim,3.0,,2026-09-21T22:48:00+05:30,Draft,agent:action_planner,playbook,,,,INC-20260921-410AD2
ACT-905aad991ed6,,POL-GCP,,"SHO, ICF Police Station",Arrest the accused,4.0,,2026-09-22T00:00:00+05:30,Draft,agent:action_planner,playbook,,,,INC-20260921-410AD2
ACT-69c8d82fc480,,POL-GCP,,Deputy Commissioner of Police,Close,5.0,,2026-09-22T01:12:00+05:30,Draft,agent:action_planner,playbook,,,,INC-20260921-410AD2
ACT-81bb4f3a77b5,,POL-GCP,,"SHO, Manali Police Station",Register the complaint,1.0,,2026-09-21T17:18:17+05:30,Draft,agent:action_planner,playbook,,,,INC-20260921-7539C3
ACT-53bb9e039a09,,POL-GCP,,"SHO, Manali Police Station",Circulate details,2.0,,2026-09-21T19:42:17+05:30,Draft,agent:action_planner,playbook,,,,INC-20260921-7539C3
ACT-51cb5d75e8dc,,POL-GCP,,"SHO, Manali Police Station",Search,3.0,,2026-09-21T22:06:17+05:30,Draft,agent:action_planner,playbook,,,,INC-20260921-7539C3
ACT-a8093d6982d9,,POL-GCP,,"SHO, Manali Police Station",Trace,4.0,,2026-09-22T00:30:17+05:30,Draft,agent:action_planner,playbook,,,,INC-20260921-7539C3
ACT-dcdf8c30ea58,,POL-GCP,,Deputy Commissioner of Police,Close,5.0,,2026-09-22T02:54:17+05:30,Draft,agent:action_planner,playbook,,,,INC-20260921-7539C3
ACT-9ea5e3060bad,,POL-GCP,,"SHO, Vyasarpadi Police Station",Register the complaint,1.0,,2026-09-21T14:03:59+05:30,Draft,agent:action_planner,playbook,,,,INC-20260921-769D35
ACT-932b9bb6df32,,POL-GCP,,"SHO, Vyasarpadi Police Station",Circulate details,2.0,,2026-09-21T16:27:59+05:30,Draft,agent:action_planner,playbook,,,,INC-20260921-769D35
ACT-20b6046c01e6,,POL-GCP,,"SHO, Vyasarpadi Police Station",Search,3.0,,2026-09-21T18:51:59+05:30,Draft,agent:action_planner,playbook,,,,INC-20260921-769D35
ACT-1723c4cdba9f,,POL-GCP,,"SHO, Vyasarpadi Police Station",Trace,4.0,,2026-09-21T21:15:59+05:30,Draft,agent:action_planner,playbook,,,,INC-20260921-769D35
ACT-9a1977f26bf7,,POL-GCP,,Deputy Commissioner of Police,Close,5.0,,2026-09-21T23:39:59+05:30,Draft,agent:action_planner,playbook,,,,INC-20260921-769D35
ACT-e272906d0c21,,POL-GCP,,"SHO, Ennore Police Station",Respond immediately,1.0,,2026-09-21T09:21:36+05:30,Draft,agent:action_planner,playbook,,,,INC-20260921-813C5A
ACT-7734cd861ff0,,POL-GCP,,"SHO, Ennore Police Station",Register the case,2.0,,2026-09-21T10:33:36+05:30,Draft,agent:action_planner,playbook,,,,INC-20260921-813C5A
ACT-ee07d5e7ef88,,POL-GCP,,"SHO, Ennore Police Station",Protect the victim,3.0,,2026-09-21T11:45:36+05:30,Draft,agent:action_planner,playbook,,,,INC-20260921-813C5A
ACT-f6566bbd5004,,POL-GCP,,"SHO, Ennore Police Station",Arrest the accused,4.0,,2026-09-21T12:57:36+05:30,Draft,agent:action_planner,playbook,,,,INC-20260921-813C5A
ACT-751af3cc6000,,POL-GCP,,Deputy Commissioner of Police,Close,5.0,,2026-09-21T14:09:36+05:30,Draft,agent:action_planner,playbook,,,,INC-20260921-813C5A
ACT-a9edddd94d5f,,POL-GCP,,"SHO, St. Thomas Mount Police Station",Send patrol and ambulance,1.0,,2026-09-21T18:29:05+05:30,Draft,agent:action_planner,playbook,,,,INC-20260921-818074
ACT-cb80f67c6ba3,,POL-GCP,,"SHO, St. Thomas Mount Police Station",Clear the carriageway,2.0,,2026-09-21T19:41:05+05:30,Draft,agent:action_planner,playbook,,,,INC-20260921-818074
ACT-4880a4a00de2,,POL-GCP,,"SHO, St. Thomas Mount Police Station",Register the case,3.0,,2026-09-21T20:53:05+05:30,Draft,agent:action_planner,playbook,,,,INC-20260921-818074
ACT-de36d0451313,,POL-GCP,,"SHO, St. Thomas Mount Police Station",Check road defects at the spot,4.0,,2026-09-21T22:05:05+05:30,Draft,agent:action_planner,playbook,,,,INC-20260921-818074
ACT-99ba9d25b55f,,POL-GCP,,Deputy Commissioner of Police,Close with report,5.0,,2026-09-21T23:17:05+05:30,Draft,agent:action_planner,playbook,,,,INC-20260921-818074
ACT-75f0682b727c,,GCC-ENG,,Superintending Engineer,Support road accident response,,,2026-09-21T20:17:05+05:30,Draft,agent:action_planner,coordination,,,,INC-20260921-818074
ACT-22ca55db6bda,,HLT-DMS,,Director of Medical Services,Support road accident response,,,2026-09-21T20:17:05+05:30,Draft,agent:action_planner,coordination,,,,INC-20260921-818074
ACT-4dbae6fee9a6,,GCC-SWD,,"Assistant Engineer, Ward 37 (Tondiarpet zone)",Deploy pumps and clear standing water,1.0,,2026-09-21T16:51:00+05:30,Draft,agent:action_planner,playbook,,,,INC-20260921-9F8316
ACT-c7ae1d2811b4,,GCC-SWD,,"Assistant Engineer, Ward 37 (Tondiarpet zone)",Clear drain inlets and silt,2.0,,2026-09-21T21:39:00+05:30,Draft,agent:action_planner,playbook,,,,INC-20260921-9F8316
ACT-8cdb392ff878,,GCC-SWD,,"Assistant Engineer, Ward 37 (Tondiarpet zone)",Divert traffic and barricade,3.0,,2026-09-22T02:27:00+05:30,Draft,agent:action_planner,playbook,,,,INC-20260921-9F8316
ACT-31c952cae17b,,GCC-SWD,,"Assistant Engineer, Ward 37 (Tondiarpet zone)",Check low-lying homes for evacuation,4.0,,2026-09-22T07:15:00+05:30,Draft,agent:action_planner,playbook,,,,INC-20260921-9F8316
ACT-6456f4ac3c01,,GCC-SWD,,Superintending Engineer (SWD),Submit completion report with photo,5.0,,2026-09-22T12:03:00+05:30,Draft,agent:action_planner,playbook,,,,INC-20260921-9F8316
ACT-25ec412c2849,,POL-GCP,,Deputy Commissioner of Police,Support flooding & waterlogging response,,,2026-09-22T00:03:00+05:30,Draft,agent:action_planner,coordination,,,,INC-20260921-9F8316
ACT-3191159d8687,,DIST-DM,,District Revenue Officer (Disaster),Support flooding & waterlogging response,,,2026-09-22T00:03:00+05:30,Draft,agent:action_planner,coordination,,,,INC-20260921-9F8316
ACT-455ad89c6c8d,,POL-GCP,,"SHO, Ayanavaram Police Station",Respond immediately,1.0,,2026-09-21T10:42:17+05:30,Draft,agent:action_planner,playbook,,,,INC-20260921-A30468
ACT-7fecba6942c1,,POL-GCP,,"SHO, Ayanavaram Police Station",Register the case,2.0,,2026-09-21T11:06:17+05:30,Draft,agent:action_planner,playbook,,,,INC-20260921-A30468
ACT-69d8fc5e3eb3,,POL-GCP,,"SHO, Ayanavaram Police Station",Protect the victim,3.0,,2026-09-21T11:30:17+05:30,Draft,agent:action_planner,playbook,,,,INC-20260921-A30468
ACT-6cb568a0ee80,,POL-GCP,,"SHO, Ayanavaram Police Station",Arrest the accused,4.0,,2026-09-21T11:54:17+05:30,Draft,agent:action_planner,playbook,,,,INC-20260921-A30468
ACT-fd79e82d33fa,,POL-GCP,,Deputy Commissioner of Police,Close,5.0,,2026-09-21T12:18:17+05:30,Draft,agent:action_planner,playbook,,,,INC-20260921-A30468
ACT-bb74b2f174e8,,POL-GCP,,"SHO, Flower Bazaar Police Station",Send patrol and ambulance,1.0,,2026-09-21T20:26:20+05:30,Draft,agent:action_planner,playbook,,,,INC-20260921-A5A414
ACT-2acfe0875ab8,,POL-GCP,,"SHO, Flower Bazaar Police Station",Clear the carriageway,2.0,,2026-09-21T21:38:20+05:30,Draft,agent:action_planner,playbook,,,,INC-20260921-A5A414
ACT-6f0f63961845,,POL-GCP,,"SHO, Flower Bazaar Police Station",Register the case,3.0,,2026-09-21T22:50:20+05:30,Draft,agent:action_planner,playbook,,,,INC-20260921-A5A414
ACT-e30297ef106c,,POL-GCP,,"SHO, Flower Bazaar Police Station",Check road defects at the spot,4.0,,2026-09-22T00:02:20+05:30,Draft,agent:action_planner,playbook,,,,INC-20260921-A5A414
ACT-d6a541944a96,,POL-GCP,,Deputy Commissioner of Police,Close with report,5.0,,2026-09-22T01:14:20+05:30,Draft,agent:action_planner,playbook,,,,INC-20260921-A5A414
ACT-ef40002b1eef,,GCC-ENG,,Superintending Engineer,Support road accident response,,,2026-09-21T22:14:20+05:30,Draft,agent:action_planner,coordination,,,,INC-20260921-A5A414
ACT-08730ef988c6,,HLT-DMS,,Director of Medical Services,Support road accident response,,,2026-09-21T22:14:20+05:30,Draft,agent:action_planner,coordination,,,,INC-20260921-A5A414
ACT-0c8035c11264,,POL-GCP,,"SHO, Mylapore Police Station",Respond immediately,1.0,,2026-09-21T12:32:45+05:30,Draft,agent:action_planner,playbook,,,,INC-20260921-BC911F
ACT-8f9d18afde75,,POL-GCP,,"SHO, Mylapore Police Station",Register the case,2.0,,2026-09-21T13:44:45+05:30,Draft,agent:action_planner,playbook,,,,INC-20260921-BC911F
ACT-66f39d8a02ba,,POL-GCP,,"SHO, Mylapore Police Station",Protect the victim,3.0,,2026-09-21T14:56:45+05:30,Draft,agent:action_planner,playbook,,,,INC-20260921-BC911F
ACT-b3f80c8e36d0,,POL-GCP,,"SHO, Mylapore Police Station",Arrest the accused,4.0,,2026-09-21T16:08:45+05:30,Draft,agent:action_planner,playbook,,,,INC-20260921-BC911F
ACT-ab93a8ef612e,,POL-GCP,,Deputy Commissioner of Police,Close,5.0,,2026-09-21T17:20:45+05:30,Draft,agent:action_planner,playbook,,,,INC-20260921-BC911F
ACT-86a00455da35,,POL-GCP,,"SHO, Pulianthope Police Station",Respond immediately,1.0,,2026-09-21T20:47:45+05:30,Draft,agent:action_planner,playbook,,,,INC-20260921-D1BFF8
ACT-a3a670a46cc4,,POL-GCP,,"SHO, Pulianthope Police Station",Register the case,2.0,,2026-09-21T21:59:45+05:30,Draft,agent:action_planner,playbook,,,,INC-20260921-D1BFF8
ACT-134fdeed8833,,POL-GCP,,"SHO, Pulianthope Police Station",Protect the victim,3.0,,2026-09-21T23:11:45+05:30,Draft,agent:action_planner,playbook,,,,INC-20260921-D1BFF8
ACT-37084ba76a7b,,POL-GCP,,"SHO, Pulianthope Police Station",Arrest the accused,4.0,,2026-09-22T00:23:45+05:30,Draft,agent:action_planner,playbook,,,,INC-20260921-D1BFF8
ACT-1604c05d98aa,,POL-GCP,,Deputy Commissioner of Police,Close,5.0,,2026-09-22T01:35:45+05:30,Draft,agent:action_planner,playbook,,,,INC-20260921-D1BFF8
ACT-78bf6d944ab4,,POL-GCP,,"SHO, Madhavaram Police Station",Respond immediately,1.0,,2026-09-21T13:07:01+05:30,Draft,agent:action_planner,playbook,,,,INC-20260921-ECE168
ACT-5bf068b9d8e8,,POL-GCP,,"SHO, Madhavaram Police Station",Register the case,2.0,,2026-09-21T14:19:01+05:30,Draft,agent:action_planner,playbook,,,,INC-20260921-ECE168
ACT-717f8a5e6dee,,POL-GCP,,"SHO, Madhavaram Police Station",Protect the victim,3.0,,2026-09-21T15:31:01+05:30,Draft,agent:action_planner,playbook,,,,INC-20260921-ECE168
ACT-3a944bb13232,,POL-GCP,,"SHO, Madhavaram Police Station",Arrest the accused,4.0,,2026-09-21T16:43:01+05:30,Draft,agent:action_planner,playbook,,,,INC-20260921-ECE168
ACT-60e956c8c35f,,POL-GCP,,Deputy Commissioner of Police,Close,5.0,,2026-09-21T17:55:01+05:30,Draft,agent:action_planner,playbook,,,,INC-20260921-ECE168
ACT-3e1bf0035cd7,,POL-GCP,,"SHO, M.K.B. Nagar Police Station",Respond immediately,1.0,,2026-09-22T00:33:10+05:30,Draft,agent:action_planner,playbook,,,,INC-20260922-000352
ACT-b912294cf27c,,POL-GCP,,"SHO, M.K.B. Nagar Police Station",Register the case,2.0,,2026-09-22T00:57:10+05:30,Draft,agent:action_planner,playbook,,,,INC-20260922-000352
ACT-c416b8b72f50,,POL-GCP,,"SHO, M.K.B. Nagar Police Station",Protect the victim,3.0,,2026-09-22T01:21:10+05:30,Draft,agent:action_planner,playbook,,,,INC-20260922-000352
ACT-07bbb9b12ffb,,POL-GCP,,"SHO, M.K.B. Nagar Police Station",Arrest the accused,4.0,,2026-09-22T01:45:10+05:30,Draft,agent:action_planner,playbook,,,,INC-20260922-000352
ACT-ab9e8fb6d119,,POL-GCP,,Deputy Commissioner of Police,Close,5.0,,2026-09-22T02:09:10+05:30,Draft,agent:action_planner,playbook,,,,INC-20260922-000352
ACT-81729a6f3672,,POL-GCP,,"SHO, Korattur Police Station",Respond immediately,1.0,,2026-09-22T19:15:55+05:30,Draft,agent:action_planner,playbook,,,,INC-20260922-00EE19
ACT-ec769be0b4c6,,POL-GCP,,"SHO, Korattur Police Station",Register the case,2.0,,2026-09-22T20:27:55+05:30,Draft,agent:action_planner,playbook,,,,INC-20260922-00EE19
ACT-5b3e6649ad80,,POL-GCP,,"SHO, Korattur Police Station",Protect the victim,3.0,,2026-09-22T21:39:55+05:30,Draft,agent:action_planner,playbook,,,,INC-20260922-00EE19
ACT-811674f6ddc8,,POL-GCP,,"SHO, Korattur Police Station",Arrest the accused,4.0,,2026-09-22T22:51:55+05:30,Draft,agent:action_planner,playbook,,,,INC-20260922-00EE19
ACT-6304cd1dbbdc,,POL-GCP,,Deputy Commissioner of Police,Close,5.0,,2026-09-23T00:03:55+05:30,Draft,agent:action_planner,playbook,,,,INC-20260922-00EE19
ACT-f72c7ce0d98e,,PWD-BLD,,"Assistant Executive Engineer, Buildings Sub-Division, Tondiarpet (G. Anbalagan)",Inspect the structure,1.0,,2026-09-22T15:53:06+05:30,Draft,agent:action_planner,playbook,,,,INC-20260922-094D13
ACT-9ae562bb41dc,,PWD-BLD,,"Assistant Executive Engineer, Buildings Sub-Division, Tondiarpet (G. Anbalagan)",Cordon off the area,2.0,,2026-09-22T20:41:06+05:30,Draft,agent:action_planner,playbook,,,,INC-20260922-094D13
ACT-ca43ea6c3ee0,,PWD-BLD,,"Assistant Executive Engineer, Buildings Sub-Division, Tondiarpet (G. Anbalagan)",Shift occupants if unsafe,3.0,,2026-09-23T01:29:06+05:30,Draft,agent:action_planner,playbook,,,,INC-20260922-094D13
ACT-7322f3b621c2,,PWD-BLD,,"Assistant Executive Engineer, Buildings Sub-Division, Tondiarpet (G. Anbalagan)",Repair or demolish,4.0,,2026-09-23T06:17:06+05:30,Draft,agent:action_planner,playbook,,,,INC-20260922-094D13
ACT-fa6c9e63aa74,,PWD-BLD,,Superintending Engineer (Buildings),Close with report,5.0,,2026-09-23T11:05:06+05:30,Draft,agent:action_planner,playbook,,,,INC-20260922-094D13
ACT-1cbfd2008399,,GCC-ENG,,Superintending Engineer,Support unsafe buildings & walls response,,,2026-09-22T23:05:06+05:30,Draft,agent:action_planner,coordination,,,,INC-20260922-094D13
ACT-07adbc8526ac,,DIST-DM,,District Revenue Officer (Disaster),Support unsafe buildings & walls response,,,2026-09-22T23:05:06+05:30,Draft,agent:action_planner,coordination,,,,INC-20260922-094D13
ACT-9073a5deb810,,POL-GCP,,"SHO, Madhavaram Milk Colony Police Station",Respond immediately,1.0,,2026-09-22T22:22:01+05:30,Draft,agent:action_planner,playbook,,,,INC-20260922-0AE33F
ACT-ee18943f7496,,POL-GCP,,"SHO, Madhavaram Milk Colony Police Station",Register the case,2.0,,2026-09-22T23:34:01+05:30,Draft,agent:action_planner,playbook,,,,INC-20260922-0AE33F
ACT-60e3de2fb1c0,,POL-GCP,,"SHO, Madhavaram Milk Colony Police Station",Protect the victim,3.0,,2026-09-23T00:46:01+05:30,Draft,agent:action_planner,playbook,,,,INC-20260922-0AE33F
ACT-b0aaa0bc2c9d,,POL-GCP,,"SHO, Madhavaram Milk Colony Police Station",Arrest the accused,4.0,,2026-09-23T01:58:01+05:30,Draft,agent:action_planner,playbook,,,,INC-20260922-0AE33F
ACT-9ced81f8778c,,POL-GCP,,Deputy Commissioner of Police,Close,5.0,,2026-09-23T03:10:01+05:30,Draft,agent:action_planner,playbook,,,,INC-20260922-0AE33F
ACT-3f1d55652dab,,POL-GCP,,"SHO, Mylapore Police Station",Respond immediately,1.0,,2026-09-22T10:23:23+05:30,Draft,agent:action_planner,playbook,,,,INC-20260922-200471
ACT-2db1125c2790,,POL-GCP,,"SHO, Mylapore Police Station",Register the case,2.0,,2026-09-22T11:35:23+05:30,Draft,agent:action_planner,playbook,,,,INC-20260922-200471
ACT-5937429ff265,,POL-GCP,,"SHO, Mylapore Police Station",Protect the victim,3.0,,2026-09-22T12:47:23+05:30,Draft,agent:action_planner,playbook,,,,INC-20260922-200471
ACT-47d1e128f682,,POL-GCP,,"SHO, Mylapore Police Station",Arrest the accused,4.0,,2026-09-22T13:59:23+05:30,Draft,agent:action_planner,playbook,,,,INC-20260922-200471
ACT-25f14f865ccb,,POL-GCP,,Deputy Commissioner of Police,Close,5.0,,2026-09-22T15:11:23+05:30,Draft,agent:action_planner,playbook,,,,INC-20260922-200471
ACT-6d69a1a14842,,POL-GCP,,"SHO, M.K.B. Nagar Police Station",Respond immediately,1.0,,2026-09-22T03:49:43+05:30,Draft,agent:action_planner,playbook,,,,INC-20260922-383548
ACT-effadb44a624,,POL-GCP,,"SHO, M.K.B. Nagar Police Station",Register the case,2.0,,2026-09-22T05:01:43+05:30,Draft,agent:action_planner,playbook,,,,INC-20260922-383548
ACT-0f1b06783d00,,POL-GCP,,"SHO, M.K.B. Nagar Police Station",Protect the victim,3.0,,2026-09-22T06:13:43+05:30,Draft,agent:action_planner,playbook,,,,INC-20260922-383548
ACT-31ff77186b9d,,POL-GCP,,"SHO, M.K.B. Nagar Police Station",Arrest the accused,4.0,,2026-09-22T07:25:43+05:30,Draft,agent:action_planner,playbook,,,,INC-20260922-383548
ACT-eb2af5bdd14a,,POL-GCP,,Deputy Commissioner of Police,Close,5.0,,2026-09-22T08:37:43+05:30,Draft,agent:action_planner,playbook,,,,INC-20260922-383548
ACT-61515cb19922,,GCC-SWD,,"Assistant Engineer, Ward 122 (Teynampet zone)",Inspect the drain,1.0,,2026-09-23T08:52:00+05:30,Draft,agent:action_planner,playbook,,,,INC-20260922-57CE2F
ACT-170260309fac,,GCC-SWD,,"Assistant Engineer, Ward 122 (Teynampet zone)",Desilt or clear the blockage,2.0,,2026-09-23T23:16:00+05:30,Draft,agent:action_planner,playbook,,,,INC-20260922-57CE2F
ACT-2a9cd8147684,,GCC-SWD,,"Assistant Engineer, Ward 122 (Teynampet zone)",Repair cover or pipe,3.0,,2026-09-24T13:40:00+05:30,Draft,agent:action_planner,playbook,,,,INC-20260922-57CE2F
ACT-8ab841ad3e3b,,GCC-SWD,,"Assistant Engineer, Ward 122 (Teynampet zone)",Disinfect the area,4.0,,2026-09-25T04:04:00+05:30,Draft,agent:action_planner,playbook,,,,INC-20260922-57CE2F
ACT-ea80548238b2,,GCC-SWD,,Superintending Engineer (SWD),Submit completion report,5.0,,2026-09-25T18:28:00+05:30,Draft,agent:action_planner,playbook,,,,INC-20260922-57CE2F
ACT-6e0b694f81dd,,CMWSSB,,Superintending Engineer,Support drainage & sewage response,,,2026-09-24T06:28:00+05:30,Draft,agent:action_planner,coordination,,,,INC-20260922-57CE2F
ACT-7e9e5f18582c,,POL-GCP,,"SHO, Sembiam Police Station",Send patrol and ambulance,1.0,,2026-09-23T01:08:13+05:30,Draft,agent:action_planner,playbook,,,,INC-20260922-747566
ACT-f5ae464dc63c,,POL-GCP,,"SHO, Sembiam Police Station",Clear the carriageway,2.0,,2026-09-23T02:20:13+05:30,Draft,agent:action_planner,playbook,,,,INC-20260922-747566
ACT-c2de392a1918,,POL-GCP,,"SHO, Sembiam Police Station",Register the case,3.0,,2026-09-23T03:32:13+05:30,Draft,agent:action_planner,playbook,,,,INC-20260922-747566
ACT-406cfe5b1935,,POL-GCP,,"SHO, Sembiam Police Station",Check road defects at the spot,4.0,,2026-09-23T04:44:13+05:30,Draft,agent:action_planner,playbook,,,,INC-20260922-747566
ACT-b027b44f24ee,,POL-GCP,,Deputy Commissioner of Police,Close with report,5.0,,2026-09-23T05:56:13+05:30,Draft,agent:action_planner,playbook,,,,INC-20260922-747566
ACT-1aab1d9ff81a,,GCC-ENG,,Superintending Engineer,Support road accident response,,,2026-09-23T02:56:13+05:30,Draft,agent:action_planner,coordination,,,,INC-20260922-747566
ACT-bd5a32810ab3,,HLT-DMS,,Director of Medical Services,Support road accident response,,,2026-09-23T02:56:13+05:30,Draft,agent:action_planner,coordination,,,,INC-20260922-747566
ACT-3f94a7a172db,,POL-GCP,,"SHO, Kilpauk Police Station",Respond immediately,1.0,,2026-09-22T10:31:06+05:30,Draft,agent:action_planner,playbook,,,,INC-20260922-877BA0
ACT-a164107865d4,,POL-GCP,,"SHO, Kilpauk Police Station",Register the case,2.0,,2026-09-22T10:55:06+05:30,Draft,agent:action_planner,playbook,,,,INC-20260922-877BA0
ACT-f9f71cf21396,,POL-GCP,,"SHO, Kilpauk Police Station",Protect the victim,3.0,,2026-09-22T11:19:06+05:30,Draft,agent:action_planner,playbook,,,,INC-20260922-877BA0
ACT-00380c670625,,POL-GCP,,"SHO, Kilpauk Police Station",Arrest the accused,4.0,,2026-09-22T11:43:06+05:30,Draft,agent:action_planner,playbook,,,,INC-20260922-877BA0
ACT-cd289b4b29dc,,POL-GCP,,Deputy Commissioner of Police,Close,5.0,,2026-09-22T12:07:06+05:30,Draft,agent:action_planner,playbook,,,,INC-20260922-877BA0
ACT-54adcba3c073,,PWD-WRD,,"Assistant Executive Engineer, Water Bodies Protection (Encroachment) Cell (S. Palanisamy)",Inspect and barricade,1.0,,2026-09-23T05:50:45+05:30,Draft,agent:action_planner,playbook,,,,INC-20260922-93ABB0
ACT-dd90c19fafdd,,PWD-WRD,,"Assistant Executive Engineer, Water Bodies Protection (Encroachment) Cell (S. Palanisamy)",Patch with cold mix,2.0,,2026-09-23T20:14:45+05:30,Draft,agent:action_planner,playbook,,,,INC-20260922-93ABB0
ACT-c65213310d4c,,PWD-WRD,,"Assistant Executive Engineer, Water Bodies Protection (Encroachment) Cell (S. Palanisamy)",Schedule relaying,3.0,,2026-09-24T10:38:45+05:30,Draft,agent:action_planner,playbook,,,,INC-20260922-93ABB0
ACT-1dc27e10e996,,PWD-WRD,,"Assistant Executive Engineer, Water Bodies Protection (Encroachment) Cell (S. Palanisamy)",Quality check,4.0,,2026-09-25T01:02:45+05:30,Draft,agent:action_planner,playbook,,,,INC-20260922-93ABB0
ACT-a9593e9c3af6,,PWD-WRD,,Superintending Engineer (WRD),Close with photo,5.0,,2026-09-25T15:26:45+05:30,Draft,agent:action_planner,playbook,,,,INC-20260922-93ABB0
ACT-d76ba3ce356e,,POL-GCP,,Deputy Commissioner of Police,"Support roads, footpaths & bridges response",,,2026-09-24T03:26:45+05:30,Draft,agent:action_planner,coordination,,,,INC-20260922-93ABB0
ACT-3d77df602316,,POL-GCP,,"SHO, Koyambedu Police Station",Send patrol and ambulance,1.0,,2026-09-23T00:11:42+05:30,Draft,agent:action_planner,playbook,,,,INC-20260922-9B3141
ACT-d5db8de98c52,,POL-GCP,,"SHO, Koyambedu Police Station",Clear the carriageway,2.0,,2026-09-23T01:23:42+05:30,Draft,agent:action_planner,playbook,,,,INC-20260922-9B3141
ACT-d67e500adcc5,,POL-GCP,,"SHO, Koyambedu Police Station",Register the case,3.0,,2026-09-23T02:35:42+05:30,Draft,agent:action_planner,playbook,,,,INC-20260922-9B3141
ACT-3e7e87871c64,,POL-GCP,,"SHO, Koyambedu Police Station",Check road defects at the spot,4.0,,2026-09-23T03:47:42+05:30,Draft,agent:action_planner,playbook,,,,INC-20260922-9B3141
ACT-f0d400e66bb7,,POL-GCP,,Deputy Commissioner of Police,Close with report,5.0,,2026-09-23T04:59:42+05:30,Draft,agent:action_planner,playbook,,,,INC-20260922-9B3141
ACT-1e09ecc8d0a9,,GCC-ENG,,Superintending Engineer,Support road accident response,,,2026-09-23T01:59:42+05:30,Draft,agent:action_planner,coordination,,,,INC-20260922-9B3141
ACT-d6f50a4b79db,,HLT-DMS,,Director of Medical Services,Support road accident response,,,2026-09-23T01:59:42+05:30,Draft,agent:action_planner,coordination,,,,INC-20260922-9B3141
ACT-58c03e817ba1,,POL-GCP,,"SHO, Kannagi Nagar Police Station",Register the complaint,1.0,,2026-09-22T10:50:16+05:30,Draft,agent:action_planner,playbook,,,,INC-20260922-A2F964
ACT-6387977b15e5,,POL-GCP,,"SHO, Kannagi Nagar Police Station",Circulate details,2.0,,2026-09-22T13:14:16+05:30,Draft,agent:action_planner,playbook,,,,INC-20260922-A2F964
ACT-f9028dd871b9,,POL-GCP,,"SHO, Kannagi Nagar Police Station",Search,3.0,,2026-09-22T15:38:16+05:30,Draft,agent:action_planner,playbook,,,,INC-20260922-A2F964
ACT-5e1496131032,,POL-GCP,,"SHO, Kannagi Nagar Police Station",Trace,4.0,,2026-09-22T18:02:16+05:30,Draft,agent:action_planner,playbook,,,,INC-20260922-A2F964
ACT-44dcd4ccaaec,,POL-GCP,,Deputy Commissioner of Police,Close,5.0,,2026-09-22T20:26:16+05:30,Draft,agent:action_planner,playbook,,,,INC-20260922-A2F964
ACT-76b08fc22233,,POL-GCP,,"SHO, Sembiam Police Station",Register the complaint,1.0,,2026-09-22T10:51:08+05:30,Draft,agent:action_planner,playbook,,,,INC-20260922-ACDF73
ACT-9a66c51f8eab,,POL-GCP,,"SHO, Sembiam Police Station",Circulate details,2.0,,2026-09-22T13:15:08+05:30,Draft,agent:action_planner,playbook,,,,INC-20260922-ACDF73
ACT-e90bbd1815c5,,POL-GCP,,"SHO, Sembiam Police Station",Search,3.0,,2026-09-22T15:39:08+05:30,Draft,agent:action_planner,playbook,,,,INC-20260922-ACDF73
ACT-e35f58ffd032,,POL-GCP,,"SHO, Sembiam Police Station",Trace,4.0,,2026-09-22T18:03:08+05:30,Draft,agent:action_planner,playbook,,,,INC-20260922-ACDF73
ACT-71ec52d60ce7,,POL-GCP,,Deputy Commissioner of Police,Close,5.0,,2026-09-22T20:27:08+05:30,Draft,agent:action_planner,playbook,,,,INC-20260922-ACDF73
ACT-5250ee74e318,,POL-GCP,,"SHO, Alandur Police Station",Send patrol and ambulance,1.0,,2026-09-22T14:56:22+05:30,Draft,agent:action_planner,playbook,,,,INC-20260922-BB4948
ACT-a39ad09a4f5f,,POL-GCP,,"SHO, Alandur Police Station",Clear the carriageway,2.0,,2026-09-22T16:08:22+05:30,Draft,agent:action_planner,playbook,,,,INC-20260922-BB4948
ACT-6752a8a39829,,POL-GCP,,"SHO, Alandur Police Station",Register the case,3.0,,2026-09-22T17:20:22+05:30,Draft,agent:action_planner,playbook,,,,INC-20260922-BB4948
ACT-5f328068e21b,,POL-GCP,,"SHO, Alandur Police Station",Check road defects at the spot,4.0,,2026-09-22T18:32:22+05:30,Draft,agent:action_planner,playbook,,,,INC-20260922-BB4948
ACT-c50c4eaf02cb,,POL-GCP,,Deputy Commissioner of Police,Close with report,5.0,,2026-09-22T19:44:22+05:30,Draft,agent:action_planner,playbook,,,,INC-20260922-BB4948
ACT-3499a8cbe679,,GCC-ENG,,Superintending Engineer,Support road accident response,,,2026-09-22T16:44:22+05:30,Draft,agent:action_planner,coordination,,,,INC-20260922-BB4948
ACT-e23843837ec5,,HLT-DMS,,Director of Medical Services,Support road accident response,,,2026-09-22T16:44:22+05:30,Draft,agent:action_planner,coordination,,,,INC-20260922-BB4948
ACT-59c0dfd45850,,POL-GCP,,"SHO, Kannagi Nagar Police Station",Register the complaint,1.0,,2026-09-22T23:13:42+05:30,Draft,agent:action_planner,playbook,,,,INC-20260922-CF0782
ACT-42dfcf381108,,POL-GCP,,"SHO, Kannagi Nagar Police Station",Circulate details,2.0,,2026-09-23T01:37:42+05:30,Draft,agent:action_planner,playbook,,,,INC-20260922-CF0782
ACT-5f3a972da622,,POL-GCP,,"SHO, Kannagi Nagar Police Station",Search,3.0,,2026-09-23T04:01:42+05:30,Draft,agent:action_planner,playbook,,,,INC-20260922-CF0782
ACT-3447d208243f,,POL-GCP,,"SHO, Kannagi Nagar Police Station",Trace,4.0,,2026-09-23T06:25:42+05:30,Draft,agent:action_planner,playbook,,,,INC-20260922-CF0782
ACT-458f12e075dc,,POL-GCP,,Deputy Commissioner of Police,Close,5.0,,2026-09-23T08:49:42+05:30,Draft,agent:action_planner,playbook,,,,INC-20260922-CF0782
ACT-4d6d2c989f5a,,GCC-SWD,,"Assistant Engineer, Ward 185 (Perungudi zone)",Deploy pumps and clear standing water,1.0,,2026-09-22T13:18:00+05:30,Draft,agent:action_planner,playbook,,,,INC-20260922-D2ED2C
ACT-2d10dfe02ec8,,GCC-SWD,,"Assistant Engineer, Ward 185 (Perungudi zone)",Clear drain inlets and silt,2.0,,2026-09-22T18:06:00+05:30,Draft,agent:action_planner,playbook,,,,INC-20260922-D2ED2C
ACT-5b02a6643c06,,GCC-SWD,,"Assistant Engineer, Ward 185 (Perungudi zone)",Divert traffic and barricade,3.0,,2026-09-22T22:54:00+05:30,Draft,agent:action_planner,playbook,,,,INC-20260922-D2ED2C
ACT-cdd76d13c032,,GCC-SWD,,"Assistant Engineer, Ward 185 (Perungudi zone)",Check low-lying homes for evacuation,4.0,,2026-09-23T03:42:00+05:30,Draft,agent:action_planner,playbook,,,,INC-20260922-D2ED2C
ACT-db25326f26f5,,GCC-SWD,,Superintending Engineer (SWD),Submit completion report with photo,5.0,,2026-09-23T08:30:00+05:30,Draft,agent:action_planner,playbook,,,,INC-20260922-D2ED2C
ACT-d21c2e3440fa,,POL-GCP,,Deputy Commissioner of Police,Support flooding & waterlogging response,,,2026-09-22T20:30:00+05:30,Draft,agent:action_planner,coordination,,,,INC-20260922-D2ED2C
ACT-6ed36d51a6ea,,DIST-DM,,District Revenue Officer (Disaster),Support flooding & waterlogging response,,,2026-09-22T20:30:00+05:30,Draft,agent:action_planner,coordination,,,,INC-20260922-D2ED2C
ACT-06733e4124c9,,GCC-SWD,,"Assistant Engineer, Ward 2 (Thiruvottiyur zone)",Inspect the drain,1.0,,2026-09-23T12:33:00+05:30,Draft,agent:action_planner,playbook,,,,INC-20260922-D5C2D3
ACT-9aa6e67f5e6d,,GCC-SWD,,"Assistant Engineer, Ward 2 (Thiruvottiyur zone)",Desilt or clear the blockage,2.0,,2026-09-24T02:57:00+05:30,Draft,agent:action_planner,playbook,,,,INC-20260922-D5C2D3
ACT-80a98a759aa9,,GCC-SWD,,"Assistant Engineer, Ward 2 (Thiruvottiyur zone)",Repair cover or pipe,3.0,,2026-09-24T17:21:00+05:30,Draft,agent:action_planner,playbook,,,,INC-20260922-D5C2D3
ACT-f4ea1d00bc11,,GCC-SWD,,"Assistant Engineer, Ward 2 (Thiruvottiyur zone)",Disinfect the area,4.0,,2026-09-25T07:45:00+05:30,Draft,agent:action_planner,playbook,,,,INC-20260922-D5C2D3
ACT-e9a5c256c7b6,,GCC-SWD,,Superintending Engineer (SWD),Submit completion report,5.0,,2026-09-25T22:09:00+05:30,Draft,agent:action_planner,playbook,,,,INC-20260922-D5C2D3
ACT-459a1927d58a,,CMWSSB,,Superintending Engineer,Support drainage & sewage response,,,2026-09-24T10:09:00+05:30,Draft,agent:action_planner,coordination,,,,INC-20260922-D5C2D3
ACT-ad1f35db1095,,POL-GCP,,"SHO, Mambalam Police Station",Send patrol and ambulance,1.0,,2026-09-22T22:01:45+05:30,Draft,agent:action_planner,playbook,,,,INC-20260922-EFDA67
ACT-da3182a9c6e0,,POL-GCP,,"SHO, Mambalam Police Station",Clear the carriageway,2.0,,2026-09-22T23:13:45+05:30,Draft,agent:action_planner,playbook,,,,INC-20260922-EFDA67
ACT-ff3fda5c5a3e,,POL-GCP,,"SHO, Mambalam Police Station",Register the case,3.0,,2026-09-23T00:25:45+05:30,Draft,agent:action_planner,playbook,,,,INC-20260922-EFDA67
ACT-a8df7594bd8f,,POL-GCP,,"SHO, Mambalam Police Station",Check road defects at the spot,4.0,,2026-09-23T01:37:45+05:30,Draft,agent:action_planner,playbook,,,,INC-20260922-EFDA67
ACT-ace07eb7d42e,,POL-GCP,,Deputy Commissioner of Police,Close with report,5.0,,2026-09-23T02:49:45+05:30,Draft,agent:action_planner,playbook,,,,INC-20260922-EFDA67
ACT-3d75ef5ba054,,GCC-ENG,,Superintending Engineer,Support road accident response,,,2026-09-22T23:49:45+05:30,Draft,agent:action_planner,coordination,,,,INC-20260922-EFDA67
ACT-6223a087ee3c,,HLT-DMS,,Director of Medical Services,Support road accident response,,,2026-09-22T23:49:45+05:30,Draft,agent:action_planner,coordination,,,,INC-20260922-EFDA67
ACT-bde7f7cd538d,,GCC-PRK,,"Assistant Engineer, Ward 132 (Kodambakkam zone)",Clear the fallen tree,1.0,,2026-09-23T19:22:00+05:30,Draft,agent:action_planner,playbook,,,,INC-20260923-0C1B19
ACT-e96ec9442c97,,GCC-PRK,,"Assistant Engineer, Ward 132 (Kodambakkam zone)",Prune trees,2.0,,2026-09-24T04:58:00+05:30,Draft,agent:action_planner,playbook,,,,INC-20260923-0C1B19
ACT-e2571e1f0280,,GCC-PRK,,"Assistant Engineer, Ward 132 (Kodambakkam zone)",Repair equipment,3.0,,2026-09-24T14:34:00+05:30,Draft,agent:action_planner,playbook,,,,INC-20260923-0C1B19
ACT-2809027f7c1d,,GCC-PRK,,"Assistant Engineer, Ward 132 (Kodambakkam zone)",Clean the park,4.0,,2026-09-25T00:10:00+05:30,Draft,agent:action_planner,playbook,,,,INC-20260923-0C1B19
ACT-f6816e35d59c,,GCC-PRK,,Executive Engineer (Parks),Close,5.0,,2026-09-25T09:46:00+05:30,Draft,agent:action_planner,playbook,,,,INC-20260923-0C1B19
ACT-362e34accd41,,POL-GCP,,Deputy Commissioner of Police,"Support trees, parks & playgrounds response",,,2026-09-24T09:46:00+05:30,Draft,agent:action_planner,coordination,,,,INC-20260923-0C1B19
ACT-7fac826e95bf,,POL-GCP,,"SHO, Thirumangalam Police Station",Register the complaint,1.0,,2026-09-23T06:59:07+05:30,Draft,agent:action_planner,playbook,,,,INC-20260923-0FBAC1
ACT-649125cc04aa,,POL-GCP,,"SHO, Thirumangalam Police Station",Circulate details,2.0,,2026-09-23T09:23:07+05:30,Draft,agent:action_planner,playbook,,,,INC-20260923-0FBAC1
ACT-c047f04d18a0,,POL-GCP,,"SHO, Thirumangalam Police Station",Search,3.0,,2026-09-23T11:47:07+05:30,Draft,agent:action_planner,playbook,,,,INC-20260923-0FBAC1
ACT-d968fc8dcc40,,POL-GCP,,"SHO, Thirumangalam Police Station",Trace,4.0,,2026-09-23T14:11:07+05:30,Draft,agent:action_planner,playbook,,,,INC-20260923-0FBAC1
ACT-3fb0151390f2,,POL-GCP,,Deputy Commissioner of Police,Close,5.0,,2026-09-23T16:35:07+05:30,Draft,agent:action_planner,playbook,,,,INC-20260923-0FBAC1
ACT-c4a6f37c64b2,,POL-GCP,,"SHO, Anna Nagar Police Station",Respond immediately,1.0,,2026-09-23T10:16:43+05:30,Draft,agent:action_planner,playbook,,,,INC-20260923-1216A3
ACT-9a8dd131d757,,POL-GCP,,"SHO, Anna Nagar Police Station",Register the case,2.0,,2026-09-23T11:28:43+05:30,Draft,agent:action_planner,playbook,,,,INC-20260923-1216A3
ACT-84cb033e86a8,,POL-GCP,,"SHO, Anna Nagar Police Station",Protect the victim,3.0,,2026-09-23T12:40:43+05:30,Draft,agent:action_planner,playbook,,,,INC-20260923-1216A3
ACT-7ef804a46be3,,POL-GCP,,"SHO, Anna Nagar Police Station",Arrest the accused,4.0,,2026-09-23T13:52:43+05:30,Draft,agent:action_planner,playbook,,,,INC-20260923-1216A3
ACT-68b60c2eaa01,,POL-GCP,,Deputy Commissioner of Police,Close,5.0,,2026-09-23T15:04:43+05:30,Draft,agent:action_planner,playbook,,,,INC-20260923-1216A3
ACT-a4d84b7327e7,,POL-GCP,,"SHO, Madhavaram Milk Colony Police Station",Deploy personnel,1.0,,2026-09-23T17:13:44+05:30,Draft,agent:action_planner,playbook,,,,INC-20260923-14A5AD
ACT-d970e6f0e919,,POL-GCP,,"SHO, Madhavaram Milk Colony Police Station",Manage crowd and traffic,2.0,,2026-09-23T18:25:44+05:30,Draft,agent:action_planner,playbook,,,,INC-20260923-14A5AD
ACT-727fdb822145,,POL-GCP,,"SHO, Madhavaram Milk Colony Police Station",Engage organisers,3.0,,2026-09-23T19:37:44+05:30,Draft,agent:action_planner,playbook,,,,INC-20260923-14A5AD
ACT-3e86983dcdf3,,POL-GCP,,"SHO, Madhavaram Milk Colony Police Station",Document the event,4.0,,2026-09-23T20:49:44+05:30,Draft,agent:action_planner,playbook,,,,INC-20260923-14A5AD
ACT-f691612608ec,,POL-GCP,,Deputy Commissioner of Police,Close,5.0,,2026-09-23T22:01:44+05:30,Draft,agent:action_planner,playbook,,,,INC-20260923-14A5AD
ACT-05ef9a270f97,,DIST-REV,,District Revenue Officer,Support protests & public nuisance response,,,2026-09-23T19:01:44+05:30,Draft,agent:action_planner,coordination,,,,INC-20260923-14A5AD
ACT-abfe539bba3e,,POL-GCP,,"SHO, Adyar Police Station",Send patrol and ambulance,1.0,,2026-09-23T14:48:49+05:30,Draft,agent:action_planner,playbook,,,,INC-20260923-32B654
ACT-213c5b57f9f5,,POL-GCP,,"SHO, Adyar Police Station",Clear the carriageway,2.0,,2026-09-23T16:00:49+05:30,Draft,agent:action_planner,playbook,,,,INC-20260923-32B654
ACT-a66265a8a01d,,POL-GCP,,"SHO, Adyar Police Station",Register the case,3.0,,2026-09-23T17:12:49+05:30,Draft,agent:action_planner,playbook,,,,INC-20260923-32B654
ACT-7780519fbbaf,,POL-GCP,,"SHO, Adyar Police Station",Check road defects at the spot,4.0,,2026-09-23T18:24:49+05:30,Draft,agent:action_planner,playbook,,,,INC-20260923-32B654
ACT-89d653810045,,POL-GCP,,Deputy Commissioner of Police,Close with report,5.0,,2026-09-23T19:36:49+05:30,Draft,agent:action_planner,playbook,,,,INC-20260923-32B654
ACT-91fb7d3e00c6,,GCC-ENG,,Superintending Engineer,Support road accident response,,,2026-09-23T16:36:49+05:30,Draft,agent:action_planner,coordination,,,,INC-20260923-32B654
ACT-30dce985da45,,HLT-DMS,,Director of Medical Services,Support road accident response,,,2026-09-23T16:36:49+05:30,Draft,agent:action_planner,coordination,,,,INC-20260923-32B654
ACT-2008124e56ef,,POL-GCP,,"SHO, Pallikaranai Police Station",Send patrol and ambulance,1.0,,2026-09-23T10:33:21+05:30,Draft,agent:action_planner,playbook,,,,INC-20260923-367E39
ACT-9d73e94b0bc4,,POL-GCP,,"SHO, Pallikaranai Police Station",Clear the carriageway,2.0,,2026-09-23T11:45:21+05:30,Draft,agent:action_planner,playbook,,,,INC-20260923-367E39
ACT-b970944fb03e,,POL-GCP,,"SHO, Pallikaranai Police Station",Register the case,3.0,,2026-09-23T12:57:21+05:30,Draft,agent:action_planner,playbook,,,,INC-20260923-367E39
ACT-fa3402055fab,,POL-GCP,,"SHO, Pallikaranai Police Station",Check road defects at the spot,4.0,,2026-09-23T14:09:21+05:30,Draft,agent:action_planner,playbook,,,,INC-20260923-367E39
ACT-c1f956d716c9,,POL-GCP,,Deputy Commissioner of Police,Close with report,5.0,,2026-09-23T15:21:21+05:30,Draft,agent:action_planner,playbook,,,,INC-20260923-367E39
ACT-2ca20c504e0a,,GCC-ENG,,Superintending Engineer,Support road accident response,,,2026-09-23T12:21:21+05:30,Draft,agent:action_planner,coordination,,,,INC-20260923-367E39
ACT-016fb6abc2d6,,HLT-DMS,,Director of Medical Services,Support road accident response,,,2026-09-23T12:21:21+05:30,Draft,agent:action_planner,coordination,,,,INC-20260923-367E39
ACT-5c203f11ff32,,POL-GCP,,"SHO, Tondiarpet Police Station",Send patrol and ambulance,1.0,,2026-09-23T15:16:28+05:30,Draft,agent:action_planner,playbook,,,,INC-20260923-4D59A6
ACT-bed43a39597e,,POL-GCP,,"SHO, Tondiarpet Police Station",Clear the carriageway,2.0,,2026-09-23T16:28:28+05:30,Draft,agent:action_planner,playbook,,,,INC-20260923-4D59A6
ACT-84ade508b328,,POL-GCP,,"SHO, Tondiarpet Police Station",Register the case,3.0,,2026-09-23T17:40:28+05:30,Draft,agent:action_planner,playbook,,,,INC-20260923-4D59A6
ACT-08ef0c1ef65b,,POL-GCP,,"SHO, Tondiarpet Police Station",Check road defects at the spot,4.0,,2026-09-23T18:52:28+05:30,Draft,agent:action_planner,playbook,,,,INC-20260923-4D59A6
ACT-5c93645d3e3c,,POL-GCP,,Deputy Commissioner of Police,Close with report,5.0,,2026-09-23T20:04:28+05:30,Draft,agent:action_planner,playbook,,,,INC-20260923-4D59A6
ACT-714d0f8d3add,,GCC-ENG,,Superintending Engineer,Support road accident response,,,2026-09-23T17:04:28+05:30,Draft,agent:action_planner,coordination,,,,INC-20260923-4D59A6
ACT-a99a64edf8b1,,HLT-DMS,,Director of Medical Services,Support road accident response,,,2026-09-23T17:04:28+05:30,Draft,agent:action_planner,coordination,,,,INC-20260923-4D59A6
ACT-e223ae3e2a0d,,POL-GCP,,"SHO, Porur Police Station",Send patrol and ambulance,1.0,,2026-09-23T01:40:31+05:30,Draft,agent:action_planner,playbook,,,,INC-20260923-6F84D3
ACT-297f73fb805b,,POL-GCP,,"SHO, Porur Police Station",Clear the carriageway,2.0,,2026-09-23T02:52:31+05:30,Draft,agent:action_planner,playbook,,,,INC-20260923-6F84D3
ACT-fe3a9aebbf18,,POL-GCP,,"SHO, Porur Police Station",Register the case,3.0,,2026-09-23T04:04:31+05:30,Draft,agent:action_planner,playbook,,,,INC-20260923-6F84D3
ACT-87e688f363c4,,POL-GCP,,"SHO, Porur Police Station",Check road defects at the spot,4.0,,2026-09-23T05:16:31+05:30,Draft,agent:action_planner,playbook,,,,INC-20260923-6F84D3
ACT-68603f0a4b1e,,POL-GCP,,Deputy Commissioner of Police,Close with report,5.0,,2026-09-23T06:28:31+05:30,Draft,agent:action_planner,playbook,,,,INC-20260923-6F84D3
ACT-dd4ecfbf1cf1,,GCC-ENG,,Superintending Engineer,Support road accident response,,,2026-09-23T03:28:31+05:30,Draft,agent:action_planner,coordination,,,,INC-20260923-6F84D3
ACT-c62c13f74176,,HLT-DMS,,Director of Medical Services,Support road accident response,,,2026-09-23T03:28:31+05:30,Draft,agent:action_planner,coordination,,,,INC-20260923-6F84D3
ACT-b273f43f5954,,PWD-WRD,,"Assistant Executive Engineer, Water Bodies Protection (Encroachment) Cell (S. Palanisamy)",Inspect the structure,1.0,,2026-09-24T00:44:26+05:30,Draft,agent:action_planner,playbook,,,,INC-20260923-816E5D
ACT-182f0e4c1cc2,,PWD-WRD,,"Assistant Executive Engineer, Water Bodies Protection (Encroachment) Cell (S. Palanisamy)",Cordon off the area,2.0,,2026-09-24T05:32:26+05:30,Draft,agent:action_planner,playbook,,,,INC-20260923-816E5D
ACT-441fa2edc197,,PWD-WRD,,"Assistant Executive Engineer, Water Bodies Protection (Encroachment) Cell (S. Palanisamy)",Shift occupants if unsafe,3.0,,2026-09-24T10:20:26+05:30,Draft,agent:action_planner,playbook,,,,INC-20260923-816E5D
ACT-bd3c59072a33,,PWD-WRD,,"Assistant Executive Engineer, Water Bodies Protection (Encroachment) Cell (S. Palanisamy)",Repair or demolish,4.0,,2026-09-24T15:08:26+05:30,Draft,agent:action_planner,playbook,,,,INC-20260923-816E5D
ACT-18757e754b9b,,PWD-WRD,,Superintending Engineer (WRD),Close with report,5.0,,2026-09-24T19:56:26+05:30,Draft,agent:action_planner,playbook,,,,INC-20260923-816E5D
ACT-789b3346a5ff,,GCC-ENG,,Superintending Engineer,Support unsafe buildings & walls response,,,2026-09-24T07:56:26+05:30,Draft,agent:action_planner,coordination,,,,INC-20260923-816E5D
ACT-6dab4f7a4e29,,DIST-DM,,District Revenue Officer (Disaster),Support unsafe buildings & walls response,,,2026-09-24T07:56:26+05:30,Draft,agent:action_planner,coordination,,,,INC-20260923-816E5D
ACT-4c2965045820,,POL-GCP,,"SHO, Madhavaram Police Station",Deploy personnel,1.0,,2026-09-23T09:04:14+05:30,Draft,agent:action_planner,playbook,,,,INC-20260923-A2B871
ACT-c4382489fa88,,POL-GCP,,"SHO, Madhavaram Police Station",Manage crowd and traffic,2.0,,2026-09-23T10:16:14+05:30,Draft,agent:action_planner,playbook,,,,INC-20260923-A2B871
ACT-fe4abe08004c,,POL-GCP,,"SHO, Madhavaram Police Station",Engage organisers,3.0,,2026-09-23T11:28:14+05:30,Draft,agent:action_planner,playbook,,,,INC-20260923-A2B871
ACT-d39ca0ad5fef,,POL-GCP,,"SHO, Madhavaram Police Station",Document the event,4.0,,2026-09-23T12:40:14+05:30,Draft,agent:action_planner,playbook,,,,INC-20260923-A2B871
ACT-1e134f235412,,POL-GCP,,Deputy Commissioner of Police,Close,5.0,,2026-09-23T13:52:14+05:30,Draft,agent:action_planner,playbook,,,,INC-20260923-A2B871
ACT-21f3d9b521ff,,DIST-REV,,District Revenue Officer,Support protests & public nuisance response,,,2026-09-23T10:52:14+05:30,Draft,agent:action_planner,coordination,,,,INC-20260923-A2B871
ACT-5a2bc08b951b,,POL-GCP,,"SHO, Ayanavaram Police Station",Respond immediately,1.0,,2026-09-23T03:05:17+05:30,Draft,agent:action_planner,playbook,,,,INC-20260923-C0E947
ACT-d15210af8162,,POL-GCP,,"SHO, Ayanavaram Police Station",Register the case,2.0,,2026-09-23T04:17:17+05:30,Draft,agent:action_planner,playbook,,,,INC-20260923-C0E947
ACT-f64960dcdc20,,POL-GCP,,"SHO, Ayanavaram Police Station",Protect the victim,3.0,,2026-09-23T05:29:17+05:30,Draft,agent:action_planner,playbook,,,,INC-20260923-C0E947
ACT-154dea927845,,POL-GCP,,"SHO, Ayanavaram Police Station",Arrest the accused,4.0,,2026-09-23T06:41:17+05:30,Draft,agent:action_planner,playbook,,,,INC-20260923-C0E947
ACT-2e6c26d46fe4,,POL-GCP,,Deputy Commissioner of Police,Close,5.0,,2026-09-23T07:53:17+05:30,Draft,agent:action_planner,playbook,,,,INC-20260923-C0E947
ACT-2f191bb53f67,,POL-GCP,,"SHO, Chetpet Police Station",Respond immediately,1.0,,2026-09-23T22:26:20+05:30,Draft,agent:action_planner,playbook,,,,INC-20260923-CBAAF5
ACT-3af90c545bc6,,POL-GCP,,"SHO, Chetpet Police Station",Register the case,2.0,,2026-09-23T22:50:20+05:30,Draft,agent:action_planner,playbook,,,,INC-20260923-CBAAF5
ACT-a30e0bfb5ab5,,POL-GCP,,"SHO, Chetpet Police Station",Protect the victim,3.0,,2026-09-23T23:14:20+05:30,Draft,agent:action_planner,playbook,,,,INC-20260923-CBAAF5
ACT-60ba64ef3820,,POL-GCP,,"SHO, Chetpet Police Station",Arrest the accused,4.0,,2026-09-23T23:38:20+05:30,Draft,agent:action_planner,playbook,,,,INC-20260923-CBAAF5
ACT-3766aa040114,,POL-GCP,,Deputy Commissioner of Police,Close,5.0,,2026-09-24T00:02:20+05:30,Draft,agent:action_planner,playbook,,,,INC-20260923-CBAAF5
ACT-9987152b66b1,,POL-GCP,,"SHO, Pallikaranai Police Station",Respond immediately,1.0,,2026-09-23T12:51:27+05:30,Draft,agent:action_planner,playbook,,,,INC-20260923-EE3CD1
ACT-a5d89b54f0e8,,POL-GCP,,"SHO, Pallikaranai Police Station",Register the case,2.0,,2026-09-23T14:03:27+05:30,Draft,agent:action_planner,playbook,,,,INC-20260923-EE3CD1
ACT-80bef1abb75f,,POL-GCP,,"SHO, Pallikaranai Police Station",Protect the victim,3.0,,2026-09-23T15:15:27+05:30,Draft,agent:action_planner,playbook,,,,INC-20260923-EE3CD1
ACT-52ec293c2b97,,POL-GCP,,"SHO, Pallikaranai Police Station",Arrest the accused,4.0,,2026-09-23T16:27:27+05:30,Draft,agent:action_planner,playbook,,,,INC-20260923-EE3CD1
ACT-137108232f18,,POL-GCP,,Deputy Commissioner of Police,Close,5.0,,2026-09-23T17:39:27+05:30,Draft,agent:action_planner,playbook,,,,INC-20260923-EE3CD1
ACT-74c51b24103c,,POL-GCP,,"SHO, Velachery Police Station",Respond immediately,1.0,,2026-09-24T10:07:53+05:30,Draft,agent:action_planner,playbook,,,,INC-20260924-03A0AB
ACT-97b14ee87c1a,,POL-GCP,,"SHO, Velachery Police Station",Register the case,2.0,,2026-09-24T10:31:53+05:30,Draft,agent:action_planner,playbook,,,,INC-20260924-03A0AB
ACT-56f2722b7531,,POL-GCP,,"SHO, Velachery Police Station",Protect the victim,3.0,,2026-09-24T10:55:53+05:30,Draft,agent:action_planner,playbook,,,,INC-20260924-03A0AB
ACT-192f15680333,,POL-GCP,,"SHO, Velachery Police Station",Arrest the accused,4.0,,2026-09-24T11:19:53+05:30,Draft,agent:action_planner,playbook,,,,INC-20260924-03A0AB
ACT-66e2324dea65,,POL-GCP,,Deputy Commissioner of Police,Close,5.0,,2026-09-24T11:43:53+05:30,Draft,agent:action_planner,playbook,,,,INC-20260924-03A0AB
ACT-816b5bdd5a39,,POL-GCP,,"SHO, Kannagi Nagar Police Station",Send patrol and ambulance,1.0,,2026-09-24T05:07:32+05:30,Draft,agent:action_planner,playbook,,,,INC-20260924-1C2A55
ACT-8eeb1ccbb751,,POL-GCP,,"SHO, Kannagi Nagar Police Station",Clear the carriageway,2.0,,2026-09-24T06:19:32+05:30,Draft,agent:action_planner,playbook,,,,INC-20260924-1C2A55
ACT-ec3f4d7bca72,,POL-GCP,,"SHO, Kannagi Nagar Police Station",Register the case,3.0,,2026-09-24T07:31:32+05:30,Draft,agent:action_planner,playbook,,,,INC-20260924-1C2A55
ACT-658550454afa,,POL-GCP,,"SHO, Kannagi Nagar Police Station",Check road defects at the spot,4.0,,2026-09-24T08:43:32+05:30,Draft,agent:action_planner,playbook,,,,INC-20260924-1C2A55
ACT-dd823a1952d7,,POL-GCP,,Deputy Commissioner of Police,Close with report,5.0,,2026-09-24T09:55:32+05:30,Draft,agent:action_planner,playbook,,,,INC-20260924-1C2A55
ACT-962ece31dc7c,,GCC-ENG,,Superintending Engineer,Support road accident response,,,2026-09-24T06:55:32+05:30,Draft,agent:action_planner,coordination,,,,INC-20260924-1C2A55
ACT-fab473997968,,HLT-DMS,,Director of Medical Services,Support road accident response,,,2026-09-24T06:55:32+05:30,Draft,agent:action_planner,coordination,,,,INC-20260924-1C2A55
ACT-4d2711f4984c,,POL-GCP,,"SHO, Anna Nagar Police Station",Respond immediately,1.0,,2026-09-24T01:36:28+05:30,Draft,agent:action_planner,playbook,,,,INC-20260924-23CC63
ACT-0ac8ada227ee,,POL-GCP,,"SHO, Anna Nagar Police Station",Register the case,2.0,,2026-09-24T02:48:28+05:30,Draft,agent:action_planner,playbook,,,,INC-20260924-23CC63
ACT-592ec2675b9e,,POL-GCP,,"SHO, Anna Nagar Police Station",Protect the victim,3.0,,2026-09-24T04:00:28+05:30,Draft,agent:action_planner,playbook,,,,INC-20260924-23CC63
ACT-5e58cce3aae5,,POL-GCP,,"SHO, Anna Nagar Police Station",Arrest the accused,4.0,,2026-09-24T05:12:28+05:30,Draft,agent:action_planner,playbook,,,,INC-20260924-23CC63
ACT-334d4d77b2ae,,POL-GCP,,Deputy Commissioner of Police,Close,5.0,,2026-09-24T06:24:28+05:30,Draft,agent:action_planner,playbook,,,,INC-20260924-23CC63
ACT-f933869451a4,,POL-GCP,,"SHO, Valasaravakkam Police Station",Register the complaint,1.0,,2026-09-24T16:42:38+05:30,Draft,agent:action_planner,playbook,,,,INC-20260924-515B7C
ACT-edd3cc199706,,POL-GCP,,"SHO, Valasaravakkam Police Station",Circulate details,2.0,,2026-09-24T19:06:38+05:30,Draft,agent:action_planner,playbook,,,,INC-20260924-515B7C
ACT-ff93c47d8628,,POL-GCP,,"SHO, Valasaravakkam Police Station",Search,3.0,,2026-09-24T21:30:38+05:30,Draft,agent:action_planner,playbook,,,,INC-20260924-515B7C
ACT-15ea776f1ff7,,POL-GCP,,"SHO, Valasaravakkam Police Station",Trace,4.0,,2026-09-24T23:54:38+05:30,Draft,agent:action_planner,playbook,,,,INC-20260924-515B7C
ACT-7c9585a64088,,POL-GCP,,Deputy Commissioner of Police,Close,5.0,,2026-09-25T02:18:38+05:30,Draft,agent:action_planner,playbook,,,,INC-20260924-515B7C
ACT-2c2987425a75,,POL-GCP,,"SHO, Kilpauk Police Station",Register the complaint,1.0,,2026-09-24T09:26:28+05:30,Draft,agent:action_planner,playbook,,,,INC-20260924-6937CC
ACT-0679d5082f83,,POL-GCP,,"SHO, Kilpauk Police Station",Circulate details,2.0,,2026-09-24T11:50:28+05:30,Draft,agent:action_planner,playbook,,,,INC-20260924-6937CC
ACT-c97f1cc0c516,,POL-GCP,,"SHO, Kilpauk Police Station",Search,3.0,,2026-09-24T14:14:28+05:30,Draft,agent:action_planner,playbook,,,,INC-20260924-6937CC
ACT-92bb5f5bdb8a,,POL-GCP,,"SHO, Kilpauk Police Station",Trace,4.0,,2026-09-24T16:38:28+05:30,Draft,agent:action_planner,playbook,,,,INC-20260924-6937CC
ACT-1ee21ff3370f,,POL-GCP,,Deputy Commissioner of Police,Close,5.0,,2026-09-24T19:02:28+05:30,Draft,agent:action_planner,playbook,,,,INC-20260924-6937CC
ACT-33a52073bbda,,POL-GCP,,"SHO, Madhavaram Milk Colony Police Station",Register the complaint,1.0,,2026-09-24T23:41:49+05:30,Draft,agent:action_planner,playbook,,,,INC-20260924-6EBF43
ACT-d77a59cede69,,POL-GCP,,"SHO, Madhavaram Milk Colony Police Station",Circulate details,2.0,,2026-09-25T02:05:49+05:30,Draft,agent:action_planner,playbook,,,,INC-20260924-6EBF43
ACT-54c00d78f60b,,POL-GCP,,"SHO, Madhavaram Milk Colony Police Station",Search,3.0,,2026-09-25T04:29:49+05:30,Draft,agent:action_planner,playbook,,,,INC-20260924-6EBF43
ACT-f07b7037d2e4,,POL-GCP,,"SHO, Madhavaram Milk Colony Police Station",Trace,4.0,,2026-09-25T06:53:49+05:30,Draft,agent:action_planner,playbook,,,,INC-20260924-6EBF43
ACT-5a01c341c421,,POL-GCP,,Deputy Commissioner of Police,Close,5.0,,2026-09-25T09:17:49+05:30,Draft,agent:action_planner,playbook,,,,INC-20260924-6EBF43
ACT-cb18ab3337f2,,POL-GCP,,"SHO, Kotturpuram Police Station",Respond immediately,1.0,,2026-09-24T15:59:30+05:30,Draft,agent:action_planner,playbook,,,,INC-20260924-851142
ACT-8795ddde71a4,,POL-GCP,,"SHO, Kotturpuram Police Station",Register the case,2.0,,2026-09-24T17:11:30+05:30,Draft,agent:action_planner,playbook,,,,INC-20260924-851142
ACT-a1875f11b49c,,POL-GCP,,"SHO, Kotturpuram Police Station",Protect the victim,3.0,,2026-09-24T18:23:30+05:30,Draft,agent:action_planner,playbook,,,,INC-20260924-851142
ACT-85b318bff5a7,,POL-GCP,,"SHO, Kotturpuram Police Station",Arrest the accused,4.0,,2026-09-24T19:35:30+05:30,Draft,agent:action_planner,playbook,,,,INC-20260924-851142
ACT-f3a92b5c0caf,,POL-GCP,,Deputy Commissioner of Police,Close,5.0,,2026-09-24T20:47:30+05:30,Draft,agent:action_planner,playbook,,,,INC-20260924-851142
ACT-794bd3973687,,POL-GCP,,"SHO, Madhavaram Milk Colony Police Station",Respond immediately,1.0,,2026-09-24T20:38:43+05:30,Draft,agent:action_planner,playbook,,,,INC-20260924-8E3471
ACT-cf5f9edd2d2a,,POL-GCP,,"SHO, Madhavaram Milk Colony Police Station",Register the case,2.0,,2026-09-24T21:50:43+05:30,Draft,agent:action_planner,playbook,,,,INC-20260924-8E3471
ACT-56f9962f9db3,,POL-GCP,,"SHO, Madhavaram Milk Colony Police Station",Protect the victim,3.0,,2026-09-24T23:02:43+05:30,Draft,agent:action_planner,playbook,,,,INC-20260924-8E3471
ACT-a24f610fc75e,,POL-GCP,,"SHO, Madhavaram Milk Colony Police Station",Arrest the accused,4.0,,2026-09-25T00:14:43+05:30,Draft,agent:action_planner,playbook,,,,INC-20260924-8E3471
ACT-66ca9a3bd913,,POL-GCP,,Deputy Commissioner of Police,Close,5.0,,2026-09-25T01:26:43+05:30,Draft,agent:action_planner,playbook,,,,INC-20260924-8E3471
ACT-f79cc9d7da5c,,POL-GCP,,"SHO, Pulianthope Police Station",Register the complaint,1.0,,2026-09-24T05:26:15+05:30,Draft,agent:action_planner,playbook,,,,INC-20260924-8FEFDF
ACT-b9c7a967228a,,POL-GCP,,"SHO, Pulianthope Police Station",Circulate details,2.0,,2026-09-24T07:50:15+05:30,Draft,agent:action_planner,playbook,,,,INC-20260924-8FEFDF
ACT-057e5941091c,,POL-GCP,,"SHO, Pulianthope Police Station",Search,3.0,,2026-09-24T10:14:15+05:30,Draft,agent:action_planner,playbook,,,,INC-20260924-8FEFDF
ACT-2ec76a884c0d,,POL-GCP,,"SHO, Pulianthope Police Station",Trace,4.0,,2026-09-24T12:38:15+05:30,Draft,agent:action_planner,playbook,,,,INC-20260924-8FEFDF
ACT-602f6e8773fe,,POL-GCP,,Deputy Commissioner of Police,Close,5.0,,2026-09-24T15:02:15+05:30,Draft,agent:action_planner,playbook,,,,INC-20260924-8FEFDF
ACT-d8224bc72211,,POL-GCP,,"SHO, Vadapalani Police Station",Respond immediately,1.0,,2026-09-24T01:02:53+05:30,Draft,agent:action_planner,playbook,,,,INC-20260924-963EF9
ACT-05e13d4c3051,,POL-GCP,,"SHO, Vadapalani Police Station",Register the case,2.0,,2026-09-24T01:26:53+05:30,Draft,agent:action_planner,playbook,,,,INC-20260924-963EF9
ACT-c83fbeed9a31,,POL-GCP,,"SHO, Vadapalani Police Station",Protect the victim,3.0,,2026-09-24T01:50:53+05:30,Draft,agent:action_planner,playbook,,,,INC-20260924-963EF9
ACT-082f7b27d37b,,POL-GCP,,"SHO, Vadapalani Police Station",Arrest the accused,4.0,,2026-09-24T02:14:53+05:30,Draft,agent:action_planner,playbook,,,,INC-20260924-963EF9
ACT-9a7d8456bc33,,POL-GCP,,Deputy Commissioner of Police,Close,5.0,,2026-09-24T02:38:53+05:30,Draft,agent:action_planner,playbook,,,,INC-20260924-963EF9
ACT-1e02738ca36d,,POL-GCP,,"SHO, Adambakkam Police Station",Send patrol and ambulance,1.0,,2026-09-25T00:04:14+05:30,Draft,agent:action_planner,playbook,,,,INC-20260924-A7CBAF
ACT-02dbb076e4c8,,POL-GCP,,"SHO, Adambakkam Police Station",Clear the carriageway,2.0,,2026-09-25T01:16:14+05:30,Draft,agent:action_planner,playbook,,,,INC-20260924-A7CBAF
ACT-f9a5c9f74b41,,POL-GCP,,"SHO, Adambakkam Police Station",Register the case,3.0,,2026-09-25T02:28:14+05:30,Draft,agent:action_planner,playbook,,,,INC-20260924-A7CBAF
ACT-77ae4478c8a7,,POL-GCP,,"SHO, Adambakkam Police Station",Check road defects at the spot,4.0,,2026-09-25T03:40:14+05:30,Draft,agent:action_planner,playbook,,,,INC-20260924-A7CBAF
ACT-4308f3ee6c60,,POL-GCP,,Deputy Commissioner of Police,Close with report,5.0,,2026-09-25T04:52:14+05:30,Draft,agent:action_planner,playbook,,,,INC-20260924-A7CBAF
ACT-40b0e996154d,,GCC-ENG,,Superintending Engineer,Support road accident response,,,2026-09-25T01:52:14+05:30,Draft,agent:action_planner,coordination,,,,INC-20260924-A7CBAF
ACT-f4fbe57c9d8e,,HLT-DMS,,Director of Medical Services,Support road accident response,,,2026-09-25T01:52:14+05:30,Draft,agent:action_planner,coordination,,,,INC-20260924-A7CBAF
ACT-2dcfb1ccd81a,,POL-GCP,,"SHO, Guindy Police Station",Deploy personnel,1.0,,2026-09-24T14:26:04+05:30,Draft,agent:action_planner,playbook,,,,INC-20260924-DA7EEB
ACT-ed39af66cbf8,,POL-GCP,,"SHO, Guindy Police Station",Manage crowd and traffic,2.0,,2026-09-24T15:38:04+05:30,Draft,agent:action_planner,playbook,,,,INC-20260924-DA7EEB
ACT-e0165dfef0a4,,POL-GCP,,"SHO, Guindy Police Station",Engage organisers,3.0,,2026-09-24T16:50:04+05:30,Draft,agent:action_planner,playbook,,,,INC-20260924-DA7EEB
ACT-8b9852d012d7,,POL-GCP,,"SHO, Guindy Police Station",Document the event,4.0,,2026-09-24T18:02:04+05:30,Draft,agent:action_planner,playbook,,,,INC-20260924-DA7EEB
ACT-7a06cb583121,,POL-GCP,,Deputy Commissioner of Police,Close,5.0,,2026-09-24T19:14:04+05:30,Draft,agent:action_planner,playbook,,,,INC-20260924-DA7EEB
ACT-a0a0df9fe8a8,,DIST-REV,,District Revenue Officer,Support protests & public nuisance response,,,2026-09-24T16:14:04+05:30,Draft,agent:action_planner,coordination,,,,INC-20260924-DA7EEB
ACT-b8d74222ec68,,POL-GCP,,"SHO, Pulianthope Police Station",Send patrol and ambulance,1.0,,2026-09-24T07:25:15+05:30,Draft,agent:action_planner,playbook,,,,INC-20260924-DF13DB
ACT-b2e022acd7ed,,POL-GCP,,"SHO, Pulianthope Police Station",Clear the carriageway,2.0,,2026-09-24T08:37:15+05:30,Draft,agent:action_planner,playbook,,,,INC-20260924-DF13DB
ACT-ad055286b490,,POL-GCP,,"SHO, Pulianthope Police Station",Register the case,3.0,,2026-09-24T09:49:15+05:30,Draft,agent:action_planner,playbook,,,,INC-20260924-DF13DB
ACT-4c11d8079c15,,POL-GCP,,"SHO, Pulianthope Police Station",Check road defects at the spot,4.0,,2026-09-24T11:01:15+05:30,Draft,agent:action_planner,playbook,,,,INC-20260924-DF13DB
ACT-197d376787e7,,POL-GCP,,Deputy Commissioner of Police,Close with report,5.0,,2026-09-24T12:13:15+05:30,Draft,agent:action_planner,playbook,,,,INC-20260924-DF13DB
ACT-d2fe8dcf23d6,,GCC-ENG,,Superintending Engineer,Support road accident response,,,2026-09-24T09:13:15+05:30,Draft,agent:action_planner,coordination,,,,INC-20260924-DF13DB
ACT-9ad94c281568,,HLT-DMS,,Director of Medical Services,Support road accident response,,,2026-09-24T09:13:15+05:30,Draft,agent:action_planner,coordination,,,,INC-20260924-DF13DB
ACT-015d344f3e13,,POL-GCP,,"SHO, Royapettah Police Station",Respond immediately,1.0,,2026-09-24T17:18:19+05:30,Draft,agent:action_planner,playbook,,,,INC-20260924-EE8BE2
ACT-05aeb37f5c80,,POL-GCP,,"SHO, Royapettah Police Station",Register the case,2.0,,2026-09-24T17:42:19+05:30,Draft,agent:action_planner,playbook,,,,INC-20260924-EE8BE2
ACT-46a0b40f8943,,POL-GCP,,"SHO, Royapettah Police Station",Protect the victim,3.0,,2026-09-24T18:06:19+05:30,Draft,agent:action_planner,playbook,,,,INC-20260924-EE8BE2
ACT-fde63eae5803,,POL-GCP,,"SHO, Royapettah Police Station",Arrest the accused,4.0,,2026-09-24T18:30:19+05:30,Draft,agent:action_planner,playbook,,,,INC-20260924-EE8BE2
ACT-c03cb443c5f8,,POL-GCP,,Deputy Commissioner of Police,Close,5.0,,2026-09-24T18:54:19+05:30,Draft,agent:action_planner,playbook,,,,INC-20260924-EE8BE2
ACT-284cfcc3329d,,POL-GCP,,"SHO, Thiruvottiyur Police Station",Register the complaint,1.0,,2026-09-25T13:34:48+05:30,Draft,agent:action_planner,playbook,,,,INC-20260925-180471
ACT-317429cc7bc2,,POL-GCP,,"SHO, Thiruvottiyur Police Station",Circulate details,2.0,,2026-09-25T15:58:48+05:30,Draft,agent:action_planner,playbook,,,,INC-20260925-180471
ACT-b3d5d4ed89cf,,POL-GCP,,"SHO, Thiruvottiyur Police Station",Search,3.0,,2026-09-25T18:22:48+05:30,Draft,agent:action_planner,playbook,,,,INC-20260925-180471
ACT-7f08359d97d0,,POL-GCP,,"SHO, Thiruvottiyur Police Station",Trace,4.0,,2026-09-25T20:46:48+05:30,Draft,agent:action_planner,playbook,,,,INC-20260925-180471
ACT-63afecab3e42,,POL-GCP,,Deputy Commissioner of Police,Close,5.0,,2026-09-25T23:10:48+05:30,Draft,agent:action_planner,playbook,,,,INC-20260925-180471
ACT-d2e6d22af254,,POL-GCP,,"SHO, Madhavaram Milk Colony Police Station",Register the complaint,1.0,,2026-09-25T11:41:07+05:30,Draft,agent:action_planner,playbook,,,,INC-20260925-30A802
ACT-88c041c09a0d,,POL-GCP,,"SHO, Madhavaram Milk Colony Police Station",Circulate details,2.0,,2026-09-25T14:05:07+05:30,Draft,agent:action_planner,playbook,,,,INC-20260925-30A802
ACT-ace44423d2f7,,POL-GCP,,"SHO, Madhavaram Milk Colony Police Station",Search,3.0,,2026-09-25T16:29:07+05:30,Draft,agent:action_planner,playbook,,,,INC-20260925-30A802
ACT-2a3ba8fe1bbd,,POL-GCP,,"SHO, Madhavaram Milk Colony Police Station",Trace,4.0,,2026-09-25T18:53:07+05:30,Draft,agent:action_planner,playbook,,,,INC-20260925-30A802
ACT-69c925377e7a,,POL-GCP,,Deputy Commissioner of Police,Close,5.0,,2026-09-25T21:17:07+05:30,Draft,agent:action_planner,playbook,,,,INC-20260925-30A802
ACT-313853cb8659,,GCC-ELE,,"Assistant Engineer, Ward 88 (Ambattur zone)",Inspect the feeder pillar,1.0,,2026-09-26T02:02:13+05:30,Draft,agent:action_planner,playbook,,,,INC-20260925-3D8969
ACT-38438b7cd20f,,GCC-ELE,,"Assistant Engineer, Ward 88 (Ambattur zone)",Isolate live parts,2.0,,2026-09-26T06:50:13+05:30,Draft,agent:action_planner,playbook,,,,INC-20260925-3D8969
ACT-75850efd0666,,GCC-ELE,,"Assistant Engineer, Ward 88 (Ambattur zone)",Replace fittings,3.0,,2026-09-26T11:38:13+05:30,Draft,agent:action_planner,playbook,,,,INC-20260925-3D8969
ACT-149243334f7a,,GCC-ELE,,"Assistant Engineer, Ward 88 (Ambattur zone)",Restore supply,4.0,,2026-09-26T16:26:13+05:30,Draft,agent:action_planner,playbook,,,,INC-20260925-3D8969
ACT-ca75f220c07e,,GCC-ELE,,Executive Engineer (Electrical),Close,5.0,,2026-09-26T21:14:13+05:30,Draft,agent:action_planner,playbook,,,,INC-20260925-3D8969
ACT-e71f8617cd7b,,TANGEDCO,,Superintending Engineer,Support street lights & electrical hazards response,,,2026-09-26T09:14:13+05:30,Draft,agent:action_planner,coordination,,,,INC-20260925-3D8969
ACT-8a0402feb698,,GCC-SWD,,"Assistant Engineer, Ward 120 (Teynampet zone)",Contact affected households,1.0,,2026-09-25T14:10:00+05:30,Draft,agent:action_planner,playbook,,,,INC-20260925-46C661
ACT-df7d07850fc1,,GCC-SWD,,"Assistant Engineer, Ward 120 (Teynampet zone)",Arrange food and drinking water,2.0,,2026-09-25T16:34:00+05:30,Draft,agent:action_planner,playbook,,,,INC-20260925-46C661
ACT-9fe30d5d7d3d,,GCC-SWD,,"Assistant Engineer, Ward 120 (Teynampet zone)",Arrange medical support,3.0,,2026-09-25T18:58:00+05:30,Draft,agent:action_planner,playbook,,,,INC-20260925-46C661
ACT-14cc8c2a115a,,GCC-SWD,,"Assistant Engineer, Ward 120 (Teynampet zone)",Shift to relief centre if needed,4.0,,2026-09-25T21:22:00+05:30,Draft,agent:action_planner,playbook,,,,INC-20260925-46C661
ACT-41f34faec5d3,,GCC-SWD,,Superintending Engineer (SWD),Close with report,5.0,,2026-09-25T23:46:00+05:30,Draft,agent:action_planner,playbook,,,,INC-20260925-46C661
ACT-11732265f8be,,GCC-HLT,,City Health Officer,Support flood relief needs response,,,2026-09-25T17:46:00+05:30,Draft,agent:action_planner,coordination,,,,INC-20260925-46C661
ACT-4aa23fdbe25f,,POL-GCP,,"SHO, Pondy Bazaar Police Station",Deploy personnel,1.0,,2026-09-25T16:43:33+05:30,Draft,agent:action_planner,playbook,,,,INC-20260925-5EEC19
ACT-15d969038123,,POL-GCP,,"SHO, Pondy Bazaar Police Station",Manage crowd and traffic,2.0,,2026-09-25T17:55:33+05:30,Draft,agent:action_planner,playbook,,,,INC-20260925-5EEC19
ACT-8946072d33dc,,POL-GCP,,"SHO, Pondy Bazaar Police Station",Engage organisers,3.0,,2026-09-25T19:07:33+05:30,Draft,agent:action_planner,playbook,,,,INC-20260925-5EEC19
ACT-f2f76b481311,,POL-GCP,,"SHO, Pondy Bazaar Police Station",Document the event,4.0,,2026-09-25T20:19:33+05:30,Draft,agent:action_planner,playbook,,,,INC-20260925-5EEC19
ACT-3b7440634f7b,,POL-GCP,,Deputy Commissioner of Police,Close,5.0,,2026-09-25T21:31:33+05:30,Draft,agent:action_planner,playbook,,,,INC-20260925-5EEC19
ACT-59d063298ef6,,DIST-REV,,District Revenue Officer,Support protests & public nuisance response,,,2026-09-25T18:31:33+05:30,Draft,agent:action_planner,coordination,,,,INC-20260925-5EEC19
ACT-6e53379c6d35,,POL-GCP,,"SHO, Velachery Police Station",Respond immediately,1.0,,2026-09-25T19:36:32+05:30,Draft,agent:action_planner,playbook,,,,INC-20260925-7ACCD5
ACT-dc822f5c54a6,,POL-GCP,,"SHO, Velachery Police Station",Register the case,2.0,,2026-09-25T20:48:32+05:30,Draft,agent:action_planner,playbook,,,,INC-20260925-7ACCD5
ACT-772e0daabb9d,,POL-GCP,,"SHO, Velachery Police Station",Protect the victim,3.0,,2026-09-25T22:00:32+05:30,Draft,agent:action_planner,playbook,,,,INC-20260925-7ACCD5
ACT-ba349a4613b0,,POL-GCP,,"SHO, Velachery Police Station",Arrest the accused,4.0,,2026-09-25T23:12:32+05:30,Draft,agent:action_planner,playbook,,,,INC-20260925-7ACCD5
ACT-b1bcfc3fef6f,,POL-GCP,,Deputy Commissioner of Police,Close,5.0,,2026-09-26T00:24:32+05:30,Draft,agent:action_planner,playbook,,,,INC-20260925-7ACCD5
ACT-e5c6b0c5ce07,,POL-GCP,,"SHO, Madhavaram Police Station",Respond immediately,1.0,,2026-09-25T06:57:56+05:30,Draft,agent:action_planner,playbook,,,,INC-20260925-7E2803
ACT-e6a79b59b04f,,POL-GCP,,"SHO, Madhavaram Police Station",Register the case,2.0,,2026-09-25T07:21:56+05:30,Draft,agent:action_planner,playbook,,,,INC-20260925-7E2803
ACT-ffa1a1c8847c,,POL-GCP,,"SHO, Madhavaram Police Station",Protect the victim,3.0,,2026-09-25T07:45:56+05:30,Draft,agent:action_planner,playbook,,,,INC-20260925-7E2803
ACT-422cdad9d02b,,POL-GCP,,"SHO, Madhavaram Police Station",Arrest the accused,4.0,,2026-09-25T08:09:56+05:30,Draft,agent:action_planner,playbook,,,,INC-20260925-7E2803
ACT-06fd510c7c06,,POL-GCP,,Deputy Commissioner of Police,Close,5.0,,2026-09-25T08:33:56+05:30,Draft,agent:action_planner,playbook,,,,INC-20260925-7E2803
ACT-dafb043af74b,,POL-GCP,,"SHO, Royapettah Police Station",Respond immediately,1.0,,2026-09-25T09:12:37+05:30,Draft,agent:action_planner,playbook,,,,INC-20260925-7FC356
ACT-43d25e04e9e0,,POL-GCP,,"SHO, Royapettah Police Station",Register the case,2.0,,2026-09-25T09:36:37+05:30,Draft,agent:action_planner,playbook,,,,INC-20260925-7FC356
ACT-a028ec18d4eb,,POL-GCP,,"SHO, Royapettah Police Station",Protect the victim,3.0,,2026-09-25T10:00:37+05:30,Draft,agent:action_planner,playbook,,,,INC-20260925-7FC356
ACT-bcc5810f1a2d,,POL-GCP,,"SHO, Royapettah Police Station",Arrest the accused,4.0,,2026-09-25T10:24:37+05:30,Draft,agent:action_planner,playbook,,,,INC-20260925-7FC356
ACT-cec18f896f46,,POL-GCP,,Deputy Commissioner of Police,Close,5.0,,2026-09-25T10:48:37+05:30,Draft,agent:action_planner,playbook,,,,INC-20260925-7FC356
ACT-e19efc3f819b,,POL-GCP,,"SHO, Alandur Police Station",Send patrol and ambulance,1.0,,2026-09-25T10:27:47+05:30,Draft,agent:action_planner,playbook,,,,INC-20260925-9543C5
ACT-89042ae13515,,POL-GCP,,"SHO, Alandur Police Station",Clear the carriageway,2.0,,2026-09-25T11:39:47+05:30,Draft,agent:action_planner,playbook,,,,INC-20260925-9543C5
ACT-96c3643dab5c,,POL-GCP,,"SHO, Alandur Police Station",Register the case,3.0,,2026-09-25T12:51:47+05:30,Draft,agent:action_planner,playbook,,,,INC-20260925-9543C5
ACT-96f075630afb,,POL-GCP,,"SHO, Alandur Police Station",Check road defects at the spot,4.0,,2026-09-25T14:03:47+05:30,Draft,agent:action_planner,playbook,,,,INC-20260925-9543C5
ACT-92d7bbe4a691,,POL-GCP,,Deputy Commissioner of Police,Close with report,5.0,,2026-09-25T15:15:47+05:30,Draft,agent:action_planner,playbook,,,,INC-20260925-9543C5
ACT-5b74843106a5,,GCC-ENG,,Superintending Engineer,Support road accident response,,,2026-09-25T12:15:47+05:30,Draft,agent:action_planner,coordination,,,,INC-20260925-9543C5
ACT-2de06d7e16be,,HLT-DMS,,Director of Medical Services,Support road accident response,,,2026-09-25T12:15:47+05:30,Draft,agent:action_planner,coordination,,,,INC-20260925-9543C5
ACT-06c6f957b834,,POL-GCP,,"SHO, Kolathur Police Station",Respond immediately,1.0,,2026-09-25T18:07:18+05:30,Draft,agent:action_planner,playbook,,,,INC-20260925-9807ED
ACT-626648148a0f,,POL-GCP,,"SHO, Kolathur Police Station",Register the case,2.0,,2026-09-25T18:31:18+05:30,Draft,agent:action_planner,playbook,,,,INC-20260925-9807ED
ACT-322f28552211,,POL-GCP,,"SHO, Kolathur Police Station",Protect the victim,3.0,,2026-09-25T18:55:18+05:30,Draft,agent:action_planner,playbook,,,,INC-20260925-9807ED
ACT-6766e77b01a5,,POL-GCP,,"SHO, Kolathur Police Station",Arrest the accused,4.0,,2026-09-25T19:19:18+05:30,Draft,agent:action_planner,playbook,,,,INC-20260925-9807ED
ACT-eb4e26c62838,,POL-GCP,,Deputy Commissioner of Police,Close,5.0,,2026-09-25T19:43:18+05:30,Draft,agent:action_planner,playbook,,,,INC-20260925-9807ED
ACT-d97119ea2989,,POL-GCP,,"SHO, Egmore Police Station",Send patrol and ambulance,1.0,,2026-09-25T18:27:54+05:30,Draft,agent:action_planner,playbook,,,,INC-20260925-AB4B89
ACT-b61ac57bcd9d,,POL-GCP,,"SHO, Egmore Police Station",Clear the carriageway,2.0,,2026-09-25T19:39:54+05:30,Draft,agent:action_planner,playbook,,,,INC-20260925-AB4B89
ACT-c6c2807f10af,,POL-GCP,,"SHO, Egmore Police Station",Register the case,3.0,,2026-09-25T20:51:54+05:30,Draft,agent:action_planner,playbook,,,,INC-20260925-AB4B89
ACT-2aee07761011,,POL-GCP,,"SHO, Egmore Police Station",Check road defects at the spot,4.0,,2026-09-25T22:03:54+05:30,Draft,agent:action_planner,playbook,,,,INC-20260925-AB4B89
ACT-2ca88beb3009,,POL-GCP,,Deputy Commissioner of Police,Close with report,5.0,,2026-09-25T23:15:54+05:30,Draft,agent:action_planner,playbook,,,,INC-20260925-AB4B89
ACT-ee3212724525,,GCC-ENG,,Superintending Engineer,Support road accident response,,,2026-09-25T20:15:54+05:30,Draft,agent:action_planner,coordination,,,,INC-20260925-AB4B89
ACT-a478028d07af,,HLT-DMS,,Director of Medical Services,Support road accident response,,,2026-09-25T20:15:54+05:30,Draft,agent:action_planner,coordination,,,,INC-20260925-AB4B89
ACT-154a7d8bbff6,,POL-GCP,,"SHO, Mylapore Police Station",Respond immediately,1.0,,2026-09-25T05:33:55+05:30,Draft,agent:action_planner,playbook,,,,INC-20260925-B3207B
ACT-58dfa4e0c677,,POL-GCP,,"SHO, Mylapore Police Station",Register the case,2.0,,2026-09-25T06:45:55+05:30,Draft,agent:action_planner,playbook,,,,INC-20260925-B3207B
ACT-24c54989004b,,POL-GCP,,"SHO, Mylapore Police Station",Protect the victim,3.0,,2026-09-25T07:57:55+05:30,Draft,agent:action_planner,playbook,,,,INC-20260925-B3207B
ACT-3c507d65e80f,,POL-GCP,,"SHO, Mylapore Police Station",Arrest the accused,4.0,,2026-09-25T09:09:55+05:30,Draft,agent:action_planner,playbook,,,,INC-20260925-B3207B
ACT-1642ad13a62c,,POL-GCP,,Deputy Commissioner of Police,Close,5.0,,2026-09-25T10:21:55+05:30,Draft,agent:action_planner,playbook,,,,INC-20260925-B3207B
ACT-376c94bbe84f,,PWD-WRD,,"Assistant Executive Engineer, Chennai Lakes Sub-Division, Ambattur (S. Karthikeyan)",Inspect the drain,1.0,,2026-09-26T09:28:48+05:30,Draft,agent:action_planner,playbook,,,,INC-20260925-B891B9
ACT-5115d0dc1adb,,PWD-WRD,,"Assistant Executive Engineer, Chennai Lakes Sub-Division, Ambattur (S. Karthikeyan)",Desilt or clear the blockage,2.0,,2026-09-26T23:52:48+05:30,Draft,agent:action_planner,playbook,,,,INC-20260925-B891B9
ACT-6b4a4f82a562,,PWD-WRD,,"Assistant Executive Engineer, Chennai Lakes Sub-Division, Ambattur (S. Karthikeyan)",Repair cover or pipe,3.0,,2026-09-27T14:16:48+05:30,Draft,agent:action_planner,playbook,,,,INC-20260925-B891B9
ACT-b21baf656565,,PWD-WRD,,"Assistant Executive Engineer, Chennai Lakes Sub-Division, Ambattur (S. Karthikeyan)",Disinfect the area,4.0,,2026-09-28T04:40:48+05:30,Draft,agent:action_planner,playbook,,,,INC-20260925-B891B9
ACT-123ba1d9e796,,PWD-WRD,,Superintending Engineer (WRD),Submit completion report,5.0,,2026-09-28T19:04:48+05:30,Draft,agent:action_planner,playbook,,,,INC-20260925-B891B9
ACT-bde898d2f28e,,CMWSSB,,Superintending Engineer,Support drainage & sewage response,,,2026-09-27T07:04:48+05:30,Draft,agent:action_planner,coordination,,,,INC-20260925-B891B9
ACT-504206c132b5,,POL-GCP,,"SHO, Maduravoyal Police Station",Respond immediately,1.0,,2026-09-25T20:52:48+05:30,Draft,agent:action_planner,playbook,,,,INC-20260925-BF6ED4
ACT-381c8744fcd2,,POL-GCP,,"SHO, Maduravoyal Police Station",Register the case,2.0,,2026-09-25T21:16:48+05:30,Draft,agent:action_planner,playbook,,,,INC-20260925-BF6ED4
ACT-7ebb3f574117,,POL-GCP,,"SHO, Maduravoyal Police Station",Protect the victim,3.0,,2026-09-25T21:40:48+05:30,Draft,agent:action_planner,playbook,,,,INC-20260925-BF6ED4
ACT-6b9fd86b5563,,POL-GCP,,"SHO, Maduravoyal Police Station",Arrest the accused,4.0,,2026-09-25T22:04:48+05:30,Draft,agent:action_planner,playbook,,,,INC-20260925-BF6ED4
ACT-c7b80d3afa71,,POL-GCP,,Deputy Commissioner of Police,Close,5.0,,2026-09-25T22:28:48+05:30,Draft,agent:action_planner,playbook,,,,INC-20260925-BF6ED4
ACT-18d2e0df331a,,POL-GCP,,"SHO, Saidapet Police Station",Send patrol and ambulance,1.0,,2026-09-25T10:05:39+05:30,Draft,agent:action_planner,playbook,,,,INC-20260925-CB6D28
ACT-bfc40898563f,,POL-GCP,,"SHO, Saidapet Police Station",Clear the carriageway,2.0,,2026-09-25T10:29:39+05:30,Draft,agent:action_planner,playbook,,,,INC-20260925-CB6D28
ACT-49690b0a7d9c,,POL-GCP,,"SHO, Saidapet Police Station",Register the case,3.0,,2026-09-25T10:53:39+05:30,Draft,agent:action_planner,playbook,,,,INC-20260925-CB6D28
ACT-a86b1a81eeb0,,POL-GCP,,"SHO, Saidapet Police Station",Check road defects at the spot,4.0,,2026-09-25T11:17:39+05:30,Draft,agent:action_planner,playbook,,,,INC-20260925-CB6D28
ACT-9b9d1c29267c,,POL-GCP,,Deputy Commissioner of Police,Close with report,5.0,,2026-09-25T11:41:39+05:30,Draft,agent:action_planner,playbook,,,,INC-20260925-CB6D28
ACT-1f2c7fd6d7ca,,GCC-ENG,,Superintending Engineer,Support road accident response,,,2026-09-25T10:41:39+05:30,Draft,agent:action_planner,coordination,,,,INC-20260925-CB6D28
ACT-b44d5c9f07a1,,HLT-DMS,,Director of Medical Services,Support road accident response,,,2026-09-25T10:41:39+05:30,Draft,agent:action_planner,coordination,,,,INC-20260925-CB6D28
ACT-2fdb5dbedeba,,POL-GCP,,"SHO, Egmore Police Station",Respond immediately,1.0,,2026-09-25T13:52:31+05:30,Draft,agent:action_planner,playbook,,,,INC-20260925-D0022B
ACT-245a6f5e133f,,POL-GCP,,"SHO, Egmore Police Station",Register the case,2.0,,2026-09-25T14:16:31+05:30,Draft,agent:action_planner,playbook,,,,INC-20260925-D0022B
ACT-eff6d5cbc0bf,,POL-GCP,,"SHO, Egmore Police Station",Protect the victim,3.0,,2026-09-25T14:40:31+05:30,Draft,agent:action_planner,playbook,,,,INC-20260925-D0022B
ACT-4d24fff2241c,,POL-GCP,,"SHO, Egmore Police Station",Arrest the accused,4.0,,2026-09-25T15:04:31+05:30,Draft,agent:action_planner,playbook,,,,INC-20260925-D0022B
ACT-c190dce71f9b,,POL-GCP,,Deputy Commissioner of Police,Close,5.0,,2026-09-25T15:28:31+05:30,Draft,agent:action_planner,playbook,,,,INC-20260925-D0022B
ACT-ab10e3326c78,,POL-GCP,,"SHO, Mogappair Police Station",Respond immediately,1.0,,2026-09-25T04:10:51+05:30,Draft,agent:action_planner,playbook,,,,INC-20260925-FD1A19
ACT-d3001dcea5bf,,POL-GCP,,"SHO, Mogappair Police Station",Register the case,2.0,,2026-09-25T05:22:51+05:30,Draft,agent:action_planner,playbook,,,,INC-20260925-FD1A19
ACT-317f711e3781,,POL-GCP,,"SHO, Mogappair Police Station",Protect the victim,3.0,,2026-09-25T06:34:51+05:30,Draft,agent:action_planner,playbook,,,,INC-20260925-FD1A19
ACT-d97b1bac55f8,,POL-GCP,,"SHO, Mogappair Police Station",Arrest the accused,4.0,,2026-09-25T07:46:51+05:30,Draft,agent:action_planner,playbook,,,,INC-20260925-FD1A19
ACT-7cb3258c2acf,,POL-GCP,,Deputy Commissioner of Police,Close,5.0,,2026-09-25T08:58:51+05:30,Draft,agent:action_planner,playbook,,,,INC-20260925-FD1A19
ACT-e28ff01aab1a,,POL-GCP,,"SHO, Ambattur Estate Police Station",Respond immediately,1.0,,2026-09-26T01:55:22+05:30,Draft,agent:action_planner,playbook,,,,INC-20260926-040700
ACT-72cf10d98793,,POL-GCP,,"SHO, Ambattur Estate Police Station",Register the case,2.0,,2026-09-26T03:07:22+05:30,Draft,agent:action_planner,playbook,,,,INC-20260926-040700
ACT-4c51346b45c2,,POL-GCP,,"SHO, Ambattur Estate Police Station",Protect the victim,3.0,,2026-09-26T04:19:22+05:30,Draft,agent:action_planner,playbook,,,,INC-20260926-040700
ACT-6b74922898df,,POL-GCP,,"SHO, Ambattur Estate Police Station",Arrest the accused,4.0,,2026-09-26T05:31:22+05:30,Draft,agent:action_planner,playbook,,,,INC-20260926-040700
ACT-ee2f8df18aa0,,POL-GCP,,Deputy Commissioner of Police,Close,5.0,,2026-09-26T06:43:22+05:30,Draft,agent:action_planner,playbook,,,,INC-20260926-040700
ACT-e6f3f0599a30,,POL-GCP,,"SHO, Ayanavaram Police Station",Respond immediately,1.0,,2026-09-26T16:20:38+05:30,Draft,agent:action_planner,playbook,,,,INC-20260926-0F0D05
ACT-9fcdacd0bb6e,,POL-GCP,,"SHO, Ayanavaram Police Station",Register the case,2.0,,2026-09-26T17:32:38+05:30,Draft,agent:action_planner,playbook,,,,INC-20260926-0F0D05
ACT-7a713b83d89b,,POL-GCP,,"SHO, Ayanavaram Police Station",Protect the victim,3.0,,2026-09-26T18:44:38+05:30,Draft,agent:action_planner,playbook,,,,INC-20260926-0F0D05
ACT-8f2545115447,,POL-GCP,,"SHO, Ayanavaram Police Station",Arrest the accused,4.0,,2026-09-26T19:56:38+05:30,Draft,agent:action_planner,playbook,,,,INC-20260926-0F0D05
ACT-6ce038febd11,,POL-GCP,,Deputy Commissioner of Police,Close,5.0,,2026-09-26T21:08:38+05:30,Draft,agent:action_planner,playbook,,,,INC-20260926-0F0D05
ACT-b26ebf9de7a1,,POL-GCP,,Deputy Commissioner of Police,Respond immediately,1.0,,2026-09-26T12:36:00+05:30,Draft,agent:action_planner,playbook,,,,INC-20260926-2D03BE
ACT-fcb4f4c99b25,,POL-GCP,,Deputy Commissioner of Police,Register the case,2.0,,2026-09-26T13:48:00+05:30,Draft,agent:action_planner,playbook,,,,INC-20260926-2D03BE
ACT-3958ab431bd2,,POL-GCP,,Deputy Commissioner of Police,Protect the victim,3.0,,2026-09-26T15:00:00+05:30,Draft,agent:action_planner,playbook,,,,INC-20260926-2D03BE
ACT-bfa7310ff9a4,,POL-GCP,,Deputy Commissioner of Police,Arrest the accused,4.0,,2026-09-26T16:12:00+05:30,Draft,agent:action_planner,playbook,,,,INC-20260926-2D03BE
ACT-7d0acef9af01,,POL-GCP,,Deputy Commissioner of Police,Close,5.0,,2026-09-26T17:24:00+05:30,Draft,agent:action_planner,playbook,,,,INC-20260926-2D03BE
ACT-644d5cd00538,,POL-GCP,,Deputy Commissioner of Police,Respond immediately,1.0,,2026-09-26T01:34:28+05:30,Draft,agent:action_planner,playbook,,,,INC-20260926-2D2359
ACT-c4741ee3f9bf,,POL-GCP,,Deputy Commissioner of Police,Register the case,2.0,,2026-09-26T02:46:28+05:30,Draft,agent:action_planner,playbook,,,,INC-20260926-2D2359
ACT-778767d8cc61,,POL-GCP,,Deputy Commissioner of Police,Protect the victim,3.0,,2026-09-26T03:58:28+05:30,Draft,agent:action_planner,playbook,,,,INC-20260926-2D2359
ACT-2d2899236fe0,,POL-GCP,,Deputy Commissioner of Police,Arrest the accused,4.0,,2026-09-26T05:10:28+05:30,Draft,agent:action_planner,playbook,,,,INC-20260926-2D2359
ACT-33d1073fe394,,POL-GCP,,Deputy Commissioner of Police,Close,5.0,,2026-09-26T06:22:28+05:30,Draft,agent:action_planner,playbook,,,,INC-20260926-2D2359
ACT-8a49ec18f7e9,,POL-GCP,,"SHO, Egmore Police Station",Send patrol and ambulance,1.0,,2026-09-26T06:39:32+05:30,Draft,agent:action_planner,playbook,,,,INC-20260926-3D4D6A
ACT-ee7519c28fa0,,POL-GCP,,"SHO, Egmore Police Station",Clear the carriageway,2.0,,2026-09-26T07:51:32+05:30,Draft,agent:action_planner,playbook,,,,INC-20260926-3D4D6A
ACT-5b2922ea99f3,,POL-GCP,,"SHO, Egmore Police Station",Register the case,3.0,,2026-09-26T09:03:32+05:30,Draft,agent:action_planner,playbook,,,,INC-20260926-3D4D6A
ACT-cc4f7c63024e,,POL-GCP,,"SHO, Egmore Police Station",Check road defects at the spot,4.0,,2026-09-26T10:15:32+05:30,Draft,agent:action_planner,playbook,,,,INC-20260926-3D4D6A
ACT-d747710a9c86,,POL-GCP,,Deputy Commissioner of Police,Close with report,5.0,,2026-09-26T11:27:32+05:30,Draft,agent:action_planner,playbook,,,,INC-20260926-3D4D6A
ACT-1d1f3ffa61f3,,GCC-ENG,,Superintending Engineer,Support road accident response,,,2026-09-26T08:27:32+05:30,Draft,agent:action_planner,coordination,,,,INC-20260926-3D4D6A
ACT-1ae3816819c7,,HLT-DMS,,Director of Medical Services,Support road accident response,,,2026-09-26T08:27:32+05:30,Draft,agent:action_planner,coordination,,,,INC-20260926-3D4D6A
ACT-c0fbc9b4e792,,POL-GCP,,"SHO, K.K. Nagar Police Station",Register the case,1.0,,2026-09-26T18:39:40+05:30,Draft,agent:action_planner,playbook,,,,INC-20260926-489AC3
ACT-86c6719258a0,,POL-GCP,,"SHO, K.K. Nagar Police Station",Patrol the hotspot,2.0,,2026-09-26T23:27:40+05:30,Draft,agent:action_planner,playbook,,,,INC-20260926-489AC3
ACT-0ea281726a59,,POL-GCP,,"SHO, K.K. Nagar Police Station",Review CCTV,3.0,,2026-09-27T04:15:40+05:30,Draft,agent:action_planner,playbook,,,,INC-20260926-489AC3
ACT-fa495282e79c,,POL-GCP,,"SHO, K.K. Nagar Police Station",Recover property,4.0,,2026-09-27T09:03:40+05:30,Draft,agent:action_planner,playbook,,,,INC-20260926-489AC3
ACT-56cb5d5fcd67,,POL-GCP,,Deputy Commissioner of Police,Close,5.0,,2026-09-27T13:51:40+05:30,Draft,agent:action_planner,playbook,,,,INC-20260926-489AC3
ACT-d8f2b6eb8ba5,,POL-GCP,,Deputy Commissioner of Police,Respond immediately,1.0,,2026-09-26T14:09:28+05:30,Draft,agent:action_planner,playbook,,,,INC-20260926-4EFF24
ACT-da4b3e3f08e8,,POL-GCP,,Deputy Commissioner of Police,Register the case,2.0,,2026-09-26T15:21:28+05:30,Draft,agent:action_planner,playbook,,,,INC-20260926-4EFF24
ACT-960b9a27dcfe,,POL-GCP,,Deputy Commissioner of Police,Protect the victim,3.0,,2026-09-26T16:33:28+05:30,Draft,agent:action_planner,playbook,,,,INC-20260926-4EFF24
ACT-44718df9cd5f,,POL-GCP,,Deputy Commissioner of Police,Arrest the accused,4.0,,2026-09-26T17:45:28+05:30,Draft,agent:action_planner,playbook,,,,INC-20260926-4EFF24
ACT-8335300d5bb3,,POL-GCP,,Deputy Commissioner of Police,Close,5.0,,2026-09-26T18:57:28+05:30,Draft,agent:action_planner,playbook,,,,INC-20260926-4EFF24
ACT-c5436753ef94,,POL-GCP,,Deputy Commissioner of Police,Respond immediately,1.0,,2026-09-26T14:34:49+05:30,Draft,agent:action_planner,playbook,,,,INC-20260926-562032
ACT-7b06a01e1279,,POL-GCP,,Deputy Commissioner of Police,Register the case,2.0,,2026-09-26T15:46:49+05:30,Draft,agent:action_planner,playbook,,,,INC-20260926-562032
ACT-56da86a47ccd,,POL-GCP,,Deputy Commissioner of Police,Protect the victim,3.0,,2026-09-26T16:58:49+05:30,Draft,agent:action_planner,playbook,,,,INC-20260926-562032
ACT-ebe64451781a,,POL-GCP,,Deputy Commissioner of Police,Arrest the accused,4.0,,2026-09-26T18:10:49+05:30,Draft,agent:action_planner,playbook,,,,INC-20260926-562032
ACT-54bfeb803a04,,POL-GCP,,Deputy Commissioner of Police,Close,5.0,,2026-09-26T19:22:49+05:30,Draft,agent:action_planner,playbook,,,,INC-20260926-562032
ACT-dcdce40884c2,,POL-GCP,,"SHO, Thiruvottiyur Police Station",Send patrol and ambulance,1.0,,2026-09-26T17:39:21+05:30,Draft,agent:action_planner,playbook,,,,INC-20260926-59F4E8
ACT-ff8fb7dc3ab1,,POL-GCP,,"SHO, Thiruvottiyur Police Station",Clear the carriageway,2.0,,2026-09-26T18:51:21+05:30,Draft,agent:action_planner,playbook,,,,INC-20260926-59F4E8
ACT-970511c8d4c2,,POL-GCP,,"SHO, Thiruvottiyur Police Station",Register the case,3.0,,2026-09-26T20:03:21+05:30,Draft,agent:action_planner,playbook,,,,INC-20260926-59F4E8
ACT-ed3c33a7dd81,,POL-GCP,,"SHO, Thiruvottiyur Police Station",Check road defects at the spot,4.0,,2026-09-26T21:15:21+05:30,Draft,agent:action_planner,playbook,,,,INC-20260926-59F4E8
ACT-c70727ec72eb,,POL-GCP,,Deputy Commissioner of Police,Close with report,5.0,,2026-09-26T22:27:21+05:30,Draft,agent:action_planner,playbook,,,,INC-20260926-59F4E8
ACT-c14a9e6f9822,,GCC-ENG,,Superintending Engineer,Support road accident response,,,2026-09-26T19:27:21+05:30,Draft,agent:action_planner,coordination,,,,INC-20260926-59F4E8
ACT-3aa05f5db54e,,HLT-DMS,,Director of Medical Services,Support road accident response,,,2026-09-26T19:27:21+05:30,Draft,agent:action_planner,coordination,,,,INC-20260926-59F4E8
ACT-f18b6909acb2,,POL-GCP,,Deputy Commissioner of Police,Respond immediately,1.0,,2026-09-26T21:29:32+05:30,Draft,agent:action_planner,playbook,,,,INC-20260926-608774
ACT-3b4e9748828d,,POL-GCP,,Deputy Commissioner of Police,Register the case,2.0,,2026-09-26T22:41:32+05:30,Draft,agent:action_planner,playbook,,,,INC-20260926-608774
ACT-9c4c1bd29ea7,,POL-GCP,,Deputy Commissioner of Police,Protect the victim,3.0,,2026-09-26T23:53:32+05:30,Draft,agent:action_planner,playbook,,,,INC-20260926-608774
ACT-3d59fcd45b41,,POL-GCP,,Deputy Commissioner of Police,Arrest the accused,4.0,,2026-09-27T01:05:32+05:30,Draft,agent:action_planner,playbook,,,,INC-20260926-608774
ACT-7d5d133d05e2,,POL-GCP,,Deputy Commissioner of Police,Close,5.0,,2026-09-27T02:17:32+05:30,Draft,agent:action_planner,playbook,,,,INC-20260926-608774
ACT-151a46bf4991,,GCC-ELE,,"Assistant Engineer, Ward 88 (Ambattur zone)",Inspect the feeder pillar,1.0,,2026-09-26T10:59:51+05:30,Draft,agent:action_planner,playbook,,,,INC-20260926-627DD0
ACT-3797542702bf,,GCC-ELE,,"Assistant Engineer, Ward 88 (Ambattur zone)",Isolate live parts,2.0,,2026-09-26T15:47:51+05:30,Draft,agent:action_planner,playbook,,,,INC-20260926-627DD0
ACT-86efa5957bea,,GCC-ELE,,"Assistant Engineer, Ward 88 (Ambattur zone)",Replace fittings,3.0,,2026-09-26T20:35:51+05:30,Draft,agent:action_planner,playbook,,,,INC-20260926-627DD0
ACT-4b949e9d39cb,,GCC-ELE,,"Assistant Engineer, Ward 88 (Ambattur zone)",Restore supply,4.0,,2026-09-27T01:23:51+05:30,Draft,agent:action_planner,playbook,,,,INC-20260926-627DD0
ACT-03624f61b279,,GCC-ELE,,Executive Engineer (Electrical),Close,5.0,,2026-09-27T06:11:51+05:30,Draft,agent:action_planner,playbook,,,,INC-20260926-627DD0
ACT-03b381f9d35e,,TANGEDCO,,Superintending Engineer,Support street lights & electrical hazards response,,,2026-09-26T18:11:51+05:30,Draft,agent:action_planner,coordination,,,,INC-20260926-627DD0
ACT-5bb0e8049ae1,,POL-GCP,,"SHO, Mambalam Police Station",Respond immediately,1.0,,2026-09-26T02:34:24+05:30,Draft,agent:action_planner,playbook,,,,INC-20260926-6BB4FE
ACT-fcc7a55eceec,,POL-GCP,,"SHO, Mambalam Police Station",Register the case,2.0,,2026-09-26T03:46:24+05:30,Draft,agent:action_planner,playbook,,,,INC-20260926-6BB4FE
ACT-1407218a9218,,POL-GCP,,"SHO, Mambalam Police Station",Protect the victim,3.0,,2026-09-26T04:58:24+05:30,Draft,agent:action_planner,playbook,,,,INC-20260926-6BB4FE
ACT-e2f66ae8e720,,POL-GCP,,"SHO, Mambalam Police Station",Arrest the accused,4.0,,2026-09-26T06:10:24+05:30,Draft,agent:action_planner,playbook,,,,INC-20260926-6BB4FE
ACT-301ca7918085,,POL-GCP,,Deputy Commissioner of Police,Close,5.0,,2026-09-26T07:22:24+05:30,Draft,agent:action_planner,playbook,,,,INC-20260926-6BB4FE
ACT-458cc7f0b3ab,,GCC-SWD,,Superintending Engineer (SWD),Deploy pumps and clear standing water,1.0,,2026-09-26T14:29:00+05:30,Draft,agent:action_planner,playbook,,,,INC-20260926-6D4DF9
ACT-ce0cfc5c2694,,GCC-SWD,,Superintending Engineer (SWD),Clear drain inlets and silt,2.0,,2026-09-26T19:17:00+05:30,Draft,agent:action_planner,playbook,,,,INC-20260926-6D4DF9
ACT-9a21f36f1057,,GCC-SWD,,Superintending Engineer (SWD),Divert traffic and barricade,3.0,,2026-09-27T00:05:00+05:30,Draft,agent:action_planner,playbook,,,,INC-20260926-6D4DF9
ACT-209148039d73,,GCC-SWD,,Superintending Engineer (SWD),Check low-lying homes for evacuation,4.0,,2026-09-27T04:53:00+05:30,Draft,agent:action_planner,playbook,,,,INC-20260926-6D4DF9
ACT-35db64c266da,,GCC-SWD,,Superintending Engineer (SWD),Submit completion report with photo,5.0,,2026-09-27T09:41:00+05:30,Draft,agent:action_planner,playbook,,,,INC-20260926-6D4DF9
ACT-1c9f912e272f,,POL-GCP,,Deputy Commissioner of Police,Support flooding & waterlogging response,,,2026-09-26T21:41:00+05:30,Draft,agent:action_planner,coordination,,,,INC-20260926-6D4DF9
ACT-9c5456e72305,,DIST-DM,,District Revenue Officer (Disaster),Support flooding & waterlogging response,,,2026-09-26T21:41:00+05:30,Draft,agent:action_planner,coordination,,,,INC-20260926-6D4DF9
ACT-e1b3c8bc4525,,POL-GCP,,Deputy Commissioner of Police,Respond immediately,1.0,,2026-09-26T22:07:22+05:30,Draft,agent:action_planner,playbook,,,,INC-20260926-77A92C
ACT-4f83a607324a,,POL-GCP,,Deputy Commissioner of Police,Register the case,2.0,,2026-09-26T23:19:22+05:30,Draft,agent:action_planner,playbook,,,,INC-20260926-77A92C
ACT-a1284f9ffb69,,POL-GCP,,Deputy Commissioner of Police,Protect the victim,3.0,,2026-09-27T00:31:22+05:30,Draft,agent:action_planner,playbook,,,,INC-20260926-77A92C
ACT-fe7174cf2de7,,POL-GCP,,Deputy Commissioner of Police,Arrest the accused,4.0,,2026-09-27T01:43:22+05:30,Draft,agent:action_planner,playbook,,,,INC-20260926-77A92C
ACT-fb1a1e2c002d,,POL-GCP,,Deputy Commissioner of Police,Close,5.0,,2026-09-27T02:55:22+05:30,Draft,agent:action_planner,playbook,,,,INC-20260926-77A92C
ACT-9ceda2b98025,,POL-GCP,,Deputy Commissioner of Police,Respond immediately,1.0,,2026-09-27T00:11:00+05:30,Draft,agent:action_planner,playbook,,,,INC-20260926-8144B2
ACT-5fcb9d0fa0da,,POL-GCP,,Deputy Commissioner of Police,Register the case,2.0,,2026-09-27T01:23:00+05:30,Draft,agent:action_planner,playbook,,,,INC-20260926-8144B2
ACT-6c3ae2f78c01,,POL-GCP,,Deputy Commissioner of Police,Protect the victim,3.0,,2026-09-27T02:35:00+05:30,Draft,agent:action_planner,playbook,,,,INC-20260926-8144B2
ACT-6538e9966326,,POL-GCP,,Deputy Commissioner of Police,Arrest the accused,4.0,,2026-09-27T03:47:00+05:30,Draft,agent:action_planner,playbook,,,,INC-20260926-8144B2
ACT-0027355740ec,,POL-GCP,,Deputy Commissioner of Police,Close,5.0,,2026-09-27T04:59:00+05:30,Draft,agent:action_planner,playbook,,,,INC-20260926-8144B2
ACT-297092f3d2ec,,POL-GCP,,"SHO, Thiruvottiyur Police Station",Send patrol and ambulance,1.0,,2026-09-26T11:44:47+05:30,Draft,agent:action_planner,playbook,,,,INC-20260926-9F25CF
ACT-e74c58060b44,,POL-GCP,,"SHO, Thiruvottiyur Police Station",Clear the carriageway,2.0,,2026-09-26T12:56:47+05:30,Draft,agent:action_planner,playbook,,,,INC-20260926-9F25CF
ACT-90c15d3da87e,,POL-GCP,,"SHO, Thiruvottiyur Police Station",Register the case,3.0,,2026-09-26T14:08:47+05:30,Draft,agent:action_planner,playbook,,,,INC-20260926-9F25CF
ACT-aed7762e79cb,,POL-GCP,,"SHO, Thiruvottiyur Police Station",Check road defects at the spot,4.0,,2026-09-26T15:20:47+05:30,Draft,agent:action_planner,playbook,,,,INC-20260926-9F25CF
ACT-e48fd03373bb,,POL-GCP,,Deputy Commissioner of Police,Close with report,5.0,,2026-09-26T16:32:47+05:30,Draft,agent:action_planner,playbook,,,,INC-20260926-9F25CF
ACT-ea2bd4137338,,GCC-ENG,,Superintending Engineer,Support road accident response,,,2026-09-26T13:32:47+05:30,Draft,agent:action_planner,coordination,,,,INC-20260926-9F25CF
ACT-8b75ac284082,,HLT-DMS,,Director of Medical Services,Support road accident response,,,2026-09-26T13:32:47+05:30,Draft,agent:action_planner,coordination,,,,INC-20260926-9F25CF
ACT-ddc4a84b826b,,PWD-BLD,,"Executive Engineer, Buildings Division (South), Chennai (G. Kalaiselvi)",Inspect the structure,1.0,,2026-09-26T13:05:25+05:30,Draft,agent:action_planner,playbook,,,,INC-20260926-BB0056
ACT-82528f15a4b4,,PWD-BLD,,"Executive Engineer, Buildings Division (South), Chennai (G. Kalaiselvi)",Cordon off the area,2.0,,2026-09-26T17:53:25+05:30,Draft,agent:action_planner,playbook,,,,INC-20260926-BB0056
ACT-ed401842c469,,PWD-BLD,,"Executive Engineer, Buildings Division (South), Chennai (G. Kalaiselvi)",Shift occupants if unsafe,3.0,,2026-09-26T22:41:25+05:30,Draft,agent:action_planner,playbook,,,,INC-20260926-BB0056
ACT-9e908b915c7c,,PWD-BLD,,"Executive Engineer, Buildings Division (South), Chennai (G. Kalaiselvi)",Repair or demolish,4.0,,2026-09-27T03:29:25+05:30,Draft,agent:action_planner,playbook,,,,INC-20260926-BB0056
ACT-749a91c0978b,,PWD-BLD,,Superintending Engineer (Buildings),Close with report,5.0,,2026-09-27T08:17:25+05:30,Draft,agent:action_planner,playbook,,,,INC-20260926-BB0056
ACT-c8960e6a22f2,,GCC-ENG,,Superintending Engineer,Support unsafe buildings & walls response,,,2026-09-26T20:17:25+05:30,Draft,agent:action_planner,coordination,,,,INC-20260926-BB0056
ACT-3650e9af372d,,DIST-DM,,District Revenue Officer (Disaster),Support unsafe buildings & walls response,,,2026-09-26T20:17:25+05:30,Draft,agent:action_planner,coordination,,,,INC-20260926-BB0056
ACT-6b28b6df4386,,POL-GCP,,"SHO, Ambattur Estate Police Station",Respond immediately,1.0,,2026-09-27T00:33:58+05:30,Draft,agent:action_planner,playbook,,,,INC-20260926-BDA02F
ACT-0b8999245d66,,POL-GCP,,"SHO, Ambattur Estate Police Station",Register the case,2.0,,2026-09-27T01:45:58+05:30,Draft,agent:action_planner,playbook,,,,INC-20260926-BDA02F
ACT-5ffeee3a048b,,POL-GCP,,"SHO, Ambattur Estate Police Station",Protect the victim,3.0,,2026-09-27T02:57:58+05:30,Draft,agent:action_planner,playbook,,,,INC-20260926-BDA02F
ACT-22f3397d936f,,POL-GCP,,"SHO, Ambattur Estate Police Station",Arrest the accused,4.0,,2026-09-27T04:09:58+05:30,Draft,agent:action_planner,playbook,,,,INC-20260926-BDA02F
ACT-8e3ca04cc910,,POL-GCP,,Deputy Commissioner of Police,Close,5.0,,2026-09-27T05:21:58+05:30,Draft,agent:action_planner,playbook,,,,INC-20260926-BDA02F
ACT-172addc48801,,POL-GCP,,Deputy Commissioner of Police,Respond immediately,1.0,,2026-09-26T14:23:33+05:30,Draft,agent:action_planner,playbook,,,,INC-20260926-C93E64
ACT-723571cae34a,,POL-GCP,,Deputy Commissioner of Police,Register the case,2.0,,2026-09-26T15:35:33+05:30,Draft,agent:action_planner,playbook,,,,INC-20260926-C93E64
ACT-58a8d5c7c1ba,,POL-GCP,,Deputy Commissioner of Police,Protect the victim,3.0,,2026-09-26T16:47:33+05:30,Draft,agent:action_planner,playbook,,,,INC-20260926-C93E64
ACT-43fec35bc199,,POL-GCP,,Deputy Commissioner of Police,Arrest the accused,4.0,,2026-09-26T17:59:33+05:30,Draft,agent:action_planner,playbook,,,,INC-20260926-C93E64
ACT-2c622bb095f1,,POL-GCP,,Deputy Commissioner of Police,Close,5.0,,2026-09-26T19:11:33+05:30,Draft,agent:action_planner,playbook,,,,INC-20260926-C93E64
ACT-867f15242e98,,POL-GCP,,"SHO, Egmore Police Station",Deploy personnel,1.0,,2026-09-26T10:06:53+05:30,Draft,agent:action_planner,playbook,,,,INC-20260926-CCDA60
ACT-7bfc3cbdda64,,POL-GCP,,"SHO, Egmore Police Station",Manage crowd and traffic,2.0,,2026-09-26T11:18:53+05:30,Draft,agent:action_planner,playbook,,,,INC-20260926-CCDA60
ACT-0205e435fd25,,POL-GCP,,"SHO, Egmore Police Station",Engage organisers,3.0,,2026-09-26T12:30:53+05:30,Draft,agent:action_planner,playbook,,,,INC-20260926-CCDA60
ACT-0d28264b7bab,,POL-GCP,,"SHO, Egmore Police Station",Document the event,4.0,,2026-09-26T13:42:53+05:30,Draft,agent:action_planner,playbook,,,,INC-20260926-CCDA60
ACT-60b22777d88e,,POL-GCP,,Deputy Commissioner of Police,Close,5.0,,2026-09-26T14:54:53+05:30,Draft,agent:action_planner,playbook,,,,INC-20260926-CCDA60
ACT-72141180f60f,,DIST-REV,,District Revenue Officer,Support protests & public nuisance response,,,2026-09-26T11:54:53+05:30,Draft,agent:action_planner,coordination,,,,INC-20260926-CCDA60
ACT-85b8479a103f,,POL-GCP,,"SHO, Saidapet Police Station",Send patrol and ambulance,1.0,,2026-09-26T19:30:00+05:30,Draft,agent:action_planner,playbook,,,,INC-20260926-D687CD
ACT-736cf71cdfc4,,POL-GCP,,"SHO, Saidapet Police Station",Clear the carriageway,2.0,,2026-09-26T20:42:00+05:30,Draft,agent:action_planner,playbook,,,,INC-20260926-D687CD
ACT-81993551c643,,POL-GCP,,"SHO, Saidapet Police Station",Register the case,3.0,,2026-09-26T21:54:00+05:30,Draft,agent:action_planner,playbook,,,,INC-20260926-D687CD
ACT-4e0bd99f069d,,POL-GCP,,"SHO, Saidapet Police Station",Check road defects at the spot,4.0,,2026-09-26T23:06:00+05:30,Draft,agent:action_planner,playbook,,,,INC-20260926-D687CD
ACT-acfb26c08f40,,POL-GCP,,Deputy Commissioner of Police,Close with report,5.0,,2026-09-27T00:18:00+05:30,Draft,agent:action_planner,playbook,,,,INC-20260926-D687CD
ACT-f807fe6952c2,,GCC-ENG,,Superintending Engineer,Support road accident response,,,2026-09-26T21:18:00+05:30,Draft,agent:action_planner,coordination,,,,INC-20260926-D687CD
ACT-a651e67446db,,HLT-DMS,,Director of Medical Services,Support road accident response,,,2026-09-26T21:18:00+05:30,Draft,agent:action_planner,coordination,,,,INC-20260926-D687CD
ACT-52c781add585,,POL-GCP,,"SHO, Velachery Police Station",Respond immediately,1.0,,2026-09-26T22:07:50+05:30,Draft,agent:action_planner,playbook,,,,INC-20260926-DAF72D
ACT-e6176d6056c0,,POL-GCP,,"SHO, Velachery Police Station",Register the case,2.0,,2026-09-26T22:31:50+05:30,Draft,agent:action_planner,playbook,,,,INC-20260926-DAF72D
ACT-7fece14a5984,,POL-GCP,,"SHO, Velachery Police Station",Protect the victim,3.0,,2026-09-26T22:55:50+05:30,Draft,agent:action_planner,playbook,,,,INC-20260926-DAF72D
ACT-d8627dd82848,,POL-GCP,,"SHO, Velachery Police Station",Arrest the accused,4.0,,2026-09-26T23:19:50+05:30,Draft,agent:action_planner,playbook,,,,INC-20260926-DAF72D
ACT-7f9127ac238f,,POL-GCP,,Deputy Commissioner of Police,Close,5.0,,2026-09-26T23:43:50+05:30,Draft,agent:action_planner,playbook,,,,INC-20260926-DAF72D
ACT-3b9b0b540ad9,,GCC-ENG,,"Assistant Engineer, Ward 173 (Adyar zone)",Add lighting,1.0,,2026-09-26T18:41:00+05:30,Draft,agent:action_planner,playbook,,,,INC-20260926-DF7EC6
ACT-d4d86c6c1ac4,,GCC-ENG,,"Assistant Engineer, Ward 173 (Adyar zone)",Increase patrols,2.0,,2026-09-27T04:17:00+05:30,Draft,agent:action_planner,playbook,,,,INC-20260926-DF7EC6
ACT-09d30415ee49,,GCC-ENG,,"Assistant Engineer, Ward 173 (Adyar zone)",Install CCTV if needed,3.0,,2026-09-27T13:53:00+05:30,Draft,agent:action_planner,playbook,,,,INC-20260926-DF7EC6
ACT-84ff76ad63d1,,GCC-ENG,,"Assistant Engineer, Ward 173 (Adyar zone)",Collect community feedback,4.0,,2026-09-27T23:29:00+05:30,Draft,agent:action_planner,playbook,,,,INC-20260926-DF7EC6
ACT-7fbcaa3f591c,,GCC-ENG,,Superintending Engineer,Close,5.0,,2026-09-28T09:05:00+05:30,Draft,agent:action_planner,playbook,,,,INC-20260926-DF7EC6
ACT-a0867cd22d30,,POL-GCP,,Deputy Commissioner of Police,Support dark spots & public safety response,,,2026-09-27T09:05:00+05:30,Draft,agent:action_planner,coordination,,,,INC-20260926-DF7EC6
ACT-2ba9d2bd6280,,POL-GCP,,"SHO, Sembiam Police Station",Register the complaint,1.0,,2026-09-27T00:38:40+05:30,Draft,agent:action_planner,playbook,,,,INC-20260926-E5F00B
ACT-963a55452cf1,,POL-GCP,,"SHO, Sembiam Police Station",Circulate details,2.0,,2026-09-27T03:02:40+05:30,Draft,agent:action_planner,playbook,,,,INC-20260926-E5F00B
ACT-e3ded986a54f,,POL-GCP,,"SHO, Sembiam Police Station",Search,3.0,,2026-09-27T05:26:40+05:30,Draft,agent:action_planner,playbook,,,,INC-20260926-E5F00B
ACT-924e6f8e506e,,POL-GCP,,"SHO, Sembiam Police Station",Trace,4.0,,2026-09-27T07:50:40+05:30,Draft,agent:action_planner,playbook,,,,INC-20260926-E5F00B
ACT-320af25bb620,,POL-GCP,,Deputy Commissioner of Police,Close,5.0,,2026-09-27T10:14:40+05:30,Draft,agent:action_planner,playbook,,,,INC-20260926-E5F00B
ACT-86c6eeb3d785,,POL-GCP,,"SHO, Royapuram Police Station",Send patrol and ambulance,1.0,,2026-09-26T15:52:04+05:30,Draft,agent:action_planner,playbook,,,,INC-20260926-E93D5B
ACT-20e336746e4a,,POL-GCP,,"SHO, Royapuram Police Station",Clear the carriageway,2.0,,2026-09-26T17:04:04+05:30,Draft,agent:action_planner,playbook,,,,INC-20260926-E93D5B
ACT-0e4e0175b2cc,,POL-GCP,,"SHO, Royapuram Police Station",Register the case,3.0,,2026-09-26T18:16:04+05:30,Draft,agent:action_planner,playbook,,,,INC-20260926-E93D5B
ACT-9590f916bde1,,POL-GCP,,"SHO, Royapuram Police Station",Check road defects at the spot,4.0,,2026-09-26T19:28:04+05:30,Draft,agent:action_planner,playbook,,,,INC-20260926-E93D5B
ACT-4d04f5bc6104,,POL-GCP,,Deputy Commissioner of Police,Close with report,5.0,,2026-09-26T20:40:04+05:30,Draft,agent:action_planner,playbook,,,,INC-20260926-E93D5B
ACT-a17d1e79c9a1,,GCC-ENG,,Superintending Engineer,Support road accident response,,,2026-09-26T17:40:04+05:30,Draft,agent:action_planner,coordination,,,,INC-20260926-E93D5B
ACT-6038b7674086,,HLT-DMS,,Director of Medical Services,Support road accident response,,,2026-09-26T17:40:04+05:30,Draft,agent:action_planner,coordination,,,,INC-20260926-E93D5B
ACT-49441e4e028f,,GCC-SWD,,"Assistant Engineer, Ward 30 (Madhavaram zone)",Contact affected households,1.0,,2026-09-26T21:45:00+05:30,Draft,agent:action_planner,playbook,,,,INC-20260926-EADE6E
ACT-94352f2ffd4a,,GCC-SWD,,"Assistant Engineer, Ward 30 (Madhavaram zone)",Arrange food and drinking water,2.0,,2026-09-27T00:09:00+05:30,Draft,agent:action_planner,playbook,,,,INC-20260926-EADE6E
ACT-dd0952f287f4,,GCC-SWD,,"Assistant Engineer, Ward 30 (Madhavaram zone)",Arrange medical support,3.0,,2026-09-27T02:33:00+05:30,Draft,agent:action_planner,playbook,,,,INC-20260926-EADE6E
ACT-57097b16437b,,GCC-SWD,,"Assistant Engineer, Ward 30 (Madhavaram zone)",Shift to relief centre if needed,4.0,,2026-09-27T04:57:00+05:30,Draft,agent:action_planner,playbook,,,,INC-20260926-EADE6E
ACT-be3e2e18bb81,,GCC-SWD,,Superintending Engineer (SWD),Close with report,5.0,,2026-09-27T07:21:00+05:30,Draft,agent:action_planner,playbook,,,,INC-20260926-EADE6E
ACT-08764db5e590,,GCC-HLT,,City Health Officer,Support flood relief needs response,,,2026-09-27T01:21:00+05:30,Draft,agent:action_planner,coordination,,,,INC-20260926-EADE6E
ACT-b0bcccd26ef9,,POL-GCP,,"SHO, Madhavaram Police Station",Send patrol and ambulance,1.0,,2026-09-26T09:24:47+05:30,Draft,agent:action_planner,playbook,,,,INC-20260926-F1CB85
ACT-d03922f730d4,,POL-GCP,,"SHO, Madhavaram Police Station",Clear the carriageway,2.0,,2026-09-26T09:48:47+05:30,Draft,agent:action_planner,playbook,,,,INC-20260926-F1CB85
ACT-112d41ab20c5,,POL-GCP,,"SHO, Madhavaram Police Station",Register the case,3.0,,2026-09-26T10:12:47+05:30,Draft,agent:action_planner,playbook,,,,INC-20260926-F1CB85
ACT-fb8d92188035,,POL-GCP,,"SHO, Madhavaram Police Station",Check road defects at the spot,4.0,,2026-09-26T10:36:47+05:30,Draft,agent:action_planner,playbook,,,,INC-20260926-F1CB85
ACT-1c4514551176,,POL-GCP,,Deputy Commissioner of Police,Close with report,5.0,,2026-09-26T11:00:47+05:30,Draft,agent:action_planner,playbook,,,,INC-20260926-F1CB85
ACT-7b16ce65e26c,,GCC-ENG,,Superintending Engineer,Support road accident response,,,2026-09-26T10:00:47+05:30,Draft,agent:action_planner,coordination,,,,INC-20260926-F1CB85
ACT-46b909e0c9c1,,HLT-DMS,,Director of Medical Services,Support road accident response,,,2026-09-26T10:00:47+05:30,Draft,agent:action_planner,coordination,,,,INC-20260926-F1CB85
ACT-8a03cb74ec1c,,POL-GCP,,Deputy Commissioner of Police,Respond immediately,1.0,,2026-09-26T08:46:15+05:30,Draft,agent:action_planner,playbook,,,,INC-20260926-F8487D
ACT-e99cb311c641,,POL-GCP,,Deputy Commissioner of Police,Register the case,2.0,,2026-09-26T09:58:15+05:30,Draft,agent:action_planner,playbook,,,,INC-20260926-F8487D
ACT-22d3da5850ea,,POL-GCP,,Deputy Commissioner of Police,Protect the victim,3.0,,2026-09-26T11:10:15+05:30,Draft,agent:action_planner,playbook,,,,INC-20260926-F8487D
ACT-84ae67c421cf,,POL-GCP,,Deputy Commissioner of Police,Arrest the accused,4.0,,2026-09-26T12:22:15+05:30,Draft,agent:action_planner,playbook,,,,INC-20260926-F8487D
ACT-ae0a5452095e,,POL-GCP,,Deputy Commissioner of Police,Close,5.0,,2026-09-26T13:34:15+05:30,Draft,agent:action_planner,playbook,,,,INC-20260926-F8487D
ACT-60b947714ecb,,GCC-ELE,,"Assistant Engineer, Ward 110 (Teynampet zone)",Inspect the feeder pillar,1.0,,2026-09-27T21:49:00+05:30,Draft,agent:action_planner,playbook,,,,INC-20260927-00A350
ACT-379d44b05f4a,,GCC-ELE,,"Assistant Engineer, Ward 110 (Teynampet zone)",Isolate live parts,2.0,,2026-09-28T02:37:00+05:30,Draft,agent:action_planner,playbook,,,,INC-20260927-00A350
ACT-fbfcdf2148b6,,GCC-ELE,,"Assistant Engineer, Ward 110 (Teynampet zone)",Replace fittings,3.0,,2026-09-28T07:25:00+05:30,Draft,agent:action_planner,playbook,,,,INC-20260927-00A350
ACT-72bd7a704dc1,,GCC-ELE,,"Assistant Engineer, Ward 110 (Teynampet zone)",Restore supply,4.0,,2026-09-28T12:13:00+05:30,Draft,agent:action_planner,playbook,,,,INC-20260927-00A350
ACT-4230d1a50fe0,,GCC-ELE,,Executive Engineer (Electrical),Close,5.0,,2026-09-28T17:01:00+05:30,Draft,agent:action_planner,playbook,,,,INC-20260927-00A350
ACT-50f0c55df791,,TANGEDCO,,Superintending Engineer,Support street lights & electrical hazards response,,,2026-09-28T05:01:00+05:30,Draft,agent:action_planner,coordination,,,,INC-20260927-00A350
ACT-711d14d61546,,POL-GCP,,"SHO, Kodungaiyur Police Station",Send patrol and ambulance,1.0,,2026-09-27T13:32:15+05:30,Draft,agent:action_planner,playbook,,,,INC-20260927-0B0CAC
ACT-349bffa7dd3c,,POL-GCP,,"SHO, Kodungaiyur Police Station",Clear the carriageway,2.0,,2026-09-27T14:44:15+05:30,Draft,agent:action_planner,playbook,,,,INC-20260927-0B0CAC
ACT-b2de43588fa2,,POL-GCP,,"SHO, Kodungaiyur Police Station",Register the case,3.0,,2026-09-27T15:56:15+05:30,Draft,agent:action_planner,playbook,,,,INC-20260927-0B0CAC
ACT-1b5cb7f067d7,,POL-GCP,,"SHO, Kodungaiyur Police Station",Check road defects at the spot,4.0,,2026-09-27T17:08:15+05:30,Draft,agent:action_planner,playbook,,,,INC-20260927-0B0CAC
ACT-f84fe955cecd,,POL-GCP,,Deputy Commissioner of Police,Close with report,5.0,,2026-09-27T18:20:15+05:30,Draft,agent:action_planner,playbook,,,,INC-20260927-0B0CAC
ACT-242d5bf87f57,,GCC-ENG,,Superintending Engineer,Support road accident response,,,2026-09-27T15:20:15+05:30,Draft,agent:action_planner,coordination,,,,INC-20260927-0B0CAC
ACT-6ea941243346,,HLT-DMS,,Director of Medical Services,Support road accident response,,,2026-09-27T15:20:15+05:30,Draft,agent:action_planner,coordination,,,,INC-20260927-0B0CAC
ACT-5ba370129eb5,,POL-GCP,,"SHO, Pulianthope Police Station",Register the complaint,1.0,,2026-09-27T21:02:10+05:30,Draft,agent:action_planner,playbook,,,,INC-20260927-2E729A
ACT-f071555ce553,,POL-GCP,,"SHO, Pulianthope Police Station",Circulate details,2.0,,2026-09-27T23:26:10+05:30,Draft,agent:action_planner,playbook,,,,INC-20260927-2E729A
ACT-2065cdd619fe,,POL-GCP,,"SHO, Pulianthope Police Station",Search,3.0,,2026-09-28T01:50:10+05:30,Draft,agent:action_planner,playbook,,,,INC-20260927-2E729A
ACT-da926fae4aec,,POL-GCP,,"SHO, Pulianthope Police Station",Trace,4.0,,2026-09-28T04:14:10+05:30,Draft,agent:action_planner,playbook,,,,INC-20260927-2E729A
ACT-8956a1e7b587,,POL-GCP,,Deputy Commissioner of Police,Close,5.0,,2026-09-28T06:38:10+05:30,Draft,agent:action_planner,playbook,,,,INC-20260927-2E729A
ACT-dd0bd600ae3d,,POL-GCP,,Deputy Commissioner of Police,Respond immediately,1.0,,2026-09-27T15:01:05+05:30,Draft,agent:action_planner,playbook,,,,INC-20260927-3528F0
ACT-75d1e95fc0e3,,POL-GCP,,Deputy Commissioner of Police,Register the case,2.0,,2026-09-27T16:13:05+05:30,Draft,agent:action_planner,playbook,,,,INC-20260927-3528F0
ACT-b1c6b6275966,,POL-GCP,,Deputy Commissioner of Police,Protect the victim,3.0,,2026-09-27T17:25:05+05:30,Draft,agent:action_planner,playbook,,,,INC-20260927-3528F0
ACT-c012188b1001,,POL-GCP,,Deputy Commissioner of Police,Arrest the accused,4.0,,2026-09-27T18:37:05+05:30,Draft,agent:action_planner,playbook,,,,INC-20260927-3528F0
ACT-ec1b7fe3ed82,,POL-GCP,,Deputy Commissioner of Police,Close,5.0,,2026-09-27T19:49:05+05:30,Draft,agent:action_planner,playbook,,,,INC-20260927-3528F0
ACT-8445fece8811,,POL-GCP,,"SHO, Madhavaram Milk Colony Police Station",Send patrol and ambulance,1.0,,2026-09-27T14:19:41+05:30,Draft,agent:action_planner,playbook,,,,INC-20260927-457945
ACT-dac5494cda53,,POL-GCP,,"SHO, Madhavaram Milk Colony Police Station",Clear the carriageway,2.0,,2026-09-27T15:31:41+05:30,Draft,agent:action_planner,playbook,,,,INC-20260927-457945
ACT-31dbaf3e2bde,,POL-GCP,,"SHO, Madhavaram Milk Colony Police Station",Register the case,3.0,,2026-09-27T16:43:41+05:30,Draft,agent:action_planner,playbook,,,,INC-20260927-457945
ACT-3d68918108b0,,POL-GCP,,"SHO, Madhavaram Milk Colony Police Station",Check road defects at the spot,4.0,,2026-09-27T17:55:41+05:30,Draft,agent:action_planner,playbook,,,,INC-20260927-457945
ACT-a7c9496b9d56,,POL-GCP,,Deputy Commissioner of Police,Close with report,5.0,,2026-09-27T19:07:41+05:30,Draft,agent:action_planner,playbook,,,,INC-20260927-457945
ACT-5dec559188b5,,GCC-ENG,,Superintending Engineer,Support road accident response,,,2026-09-27T16:07:41+05:30,Draft,agent:action_planner,coordination,,,,INC-20260927-457945
ACT-37201426b8b7,,HLT-DMS,,Director of Medical Services,Support road accident response,,,2026-09-27T16:07:41+05:30,Draft,agent:action_planner,coordination,,,,INC-20260927-457945
ACT-57f5dd100fdc,,POL-GCP,,"SHO, M.K.B. Nagar Police Station",Respond immediately,1.0,,2026-09-27T03:35:39+05:30,Draft,agent:action_planner,playbook,,,,INC-20260927-4F54EF
ACT-ed6afaabeff9,,POL-GCP,,"SHO, M.K.B. Nagar Police Station",Register the case,2.0,,2026-09-27T04:47:39+05:30,Draft,agent:action_planner,playbook,,,,INC-20260927-4F54EF
ACT-936a628ff6f5,,POL-GCP,,"SHO, M.K.B. Nagar Police Station",Protect the victim,3.0,,2026-09-27T05:59:39+05:30,Draft,agent:action_planner,playbook,,,,INC-20260927-4F54EF
ACT-590cbc9e4335,,POL-GCP,,"SHO, M.K.B. Nagar Police Station",Arrest the accused,4.0,,2026-09-27T07:11:39+05:30,Draft,agent:action_planner,playbook,,,,INC-20260927-4F54EF
ACT-e74ed72d8162,,POL-GCP,,Deputy Commissioner of Police,Close,5.0,,2026-09-27T08:23:39+05:30,Draft,agent:action_planner,playbook,,,,INC-20260927-4F54EF
ACT-99119d1b325e,,POL-GCP,,Deputy Commissioner of Police,Respond immediately,1.0,,2026-09-27T19:01:35+05:30,Draft,agent:action_planner,playbook,,,,INC-20260927-6CCA23
ACT-b63eb536a84a,,POL-GCP,,Deputy Commissioner of Police,Register the case,2.0,,2026-09-27T20:13:35+05:30,Draft,agent:action_planner,playbook,,,,INC-20260927-6CCA23
ACT-ba9d44d7b08e,,POL-GCP,,Deputy Commissioner of Police,Protect the victim,3.0,,2026-09-27T21:25:35+05:30,Draft,agent:action_planner,playbook,,,,INC-20260927-6CCA23
ACT-556a2122de26,,POL-GCP,,Deputy Commissioner of Police,Arrest the accused,4.0,,2026-09-27T22:37:35+05:30,Draft,agent:action_planner,playbook,,,,INC-20260927-6CCA23
ACT-47b5aaf3093b,,POL-GCP,,Deputy Commissioner of Police,Close,5.0,,2026-09-27T23:49:35+05:30,Draft,agent:action_planner,playbook,,,,INC-20260927-6CCA23
ACT-567ffc041058,,POL-GCP,,"SHO, Guindy Police Station",Register the complaint,1.0,,2026-09-27T07:42:34+05:30,Draft,agent:action_planner,playbook,,,,INC-20260927-6E2B80
ACT-f8f30709f68c,,POL-GCP,,"SHO, Guindy Police Station",Circulate details,2.0,,2026-09-27T10:06:34+05:30,Draft,agent:action_planner,playbook,,,,INC-20260927-6E2B80
ACT-351825209fd3,,POL-GCP,,"SHO, Guindy Police Station",Search,3.0,,2026-09-27T12:30:34+05:30,Draft,agent:action_planner,playbook,,,,INC-20260927-6E2B80
ACT-2e60b6c92873,,POL-GCP,,"SHO, Guindy Police Station",Trace,4.0,,2026-09-27T14:54:34+05:30,Draft,agent:action_planner,playbook,,,,INC-20260927-6E2B80
ACT-d6becd151796,,POL-GCP,,Deputy Commissioner of Police,Close,5.0,,2026-09-27T17:18:34+05:30,Draft,agent:action_planner,playbook,,,,INC-20260927-6E2B80
ACT-ab232a14fff8,,POL-GCP,,Deputy Commissioner of Police,Respond immediately,1.0,,2026-09-27T23:48:42+05:30,Draft,agent:action_planner,playbook,,,,INC-20260927-7547B8
ACT-5b866e34d580,,POL-GCP,,Deputy Commissioner of Police,Register the case,2.0,,2026-09-28T01:00:42+05:30,Draft,agent:action_planner,playbook,,,,INC-20260927-7547B8
ACT-81851ed070bd,,POL-GCP,,Deputy Commissioner of Police,Protect the victim,3.0,,2026-09-28T02:12:42+05:30,Draft,agent:action_planner,playbook,,,,INC-20260927-7547B8
ACT-4c7b84c96e9f,,POL-GCP,,Deputy Commissioner of Police,Arrest the accused,4.0,,2026-09-28T03:24:42+05:30,Draft,agent:action_planner,playbook,,,,INC-20260927-7547B8
ACT-d5057a02a73f,,POL-GCP,,Deputy Commissioner of Police,Close,5.0,,2026-09-28T04:36:42+05:30,Draft,agent:action_planner,playbook,,,,INC-20260927-7547B8
ACT-f2781266d28b,,POL-GCP,,"SHO, Mylapore Police Station",Respond immediately,1.0,,2026-09-27T04:15:25+05:30,Draft,agent:action_planner,playbook,,,,INC-20260927-7909D0
ACT-7802b0a8f0c2,,POL-GCP,,"SHO, Mylapore Police Station",Register the case,2.0,,2026-09-27T04:39:25+05:30,Draft,agent:action_planner,playbook,,,,INC-20260927-7909D0
ACT-81ceea9cafe3,,POL-GCP,,"SHO, Mylapore Police Station",Protect the victim,3.0,,2026-09-27T05:03:25+05:30,Draft,agent:action_planner,playbook,,,,INC-20260927-7909D0
ACT-cd78870d3d85,,POL-GCP,,"SHO, Mylapore Police Station",Arrest the accused,4.0,,2026-09-27T05:27:25+05:30,Draft,agent:action_planner,playbook,,,,INC-20260927-7909D0
ACT-37ae6ad9d527,,POL-GCP,,Deputy Commissioner of Police,Close,5.0,,2026-09-27T05:51:25+05:30,Draft,agent:action_planner,playbook,,,,INC-20260927-7909D0
ACT-dccc5c0ab54e,,POL-GCP,,"SHO, Madhavaram Police Station",Register the complaint,1.0,,2026-09-28T02:06:41+05:30,Draft,agent:action_planner,playbook,,,,INC-20260927-7B5A55
ACT-ef26c9d49285,,POL-GCP,,"SHO, Madhavaram Police Station",Circulate details,2.0,,2026-09-28T04:30:41+05:30,Draft,agent:action_planner,playbook,,,,INC-20260927-7B5A55
ACT-a47fea67ae00,,POL-GCP,,"SHO, Madhavaram Police Station",Search,3.0,,2026-09-28T06:54:41+05:30,Draft,agent:action_planner,playbook,,,,INC-20260927-7B5A55
ACT-001a97ac795e,,POL-GCP,,"SHO, Madhavaram Police Station",Trace,4.0,,2026-09-28T09:18:41+05:30,Draft,agent:action_planner,playbook,,,,INC-20260927-7B5A55
ACT-66418a17ef4e,,POL-GCP,,Deputy Commissioner of Police,Close,5.0,,2026-09-28T11:42:41+05:30,Draft,agent:action_planner,playbook,,,,INC-20260927-7B5A55
ACT-25736e885fb4,,POL-GCP,,Deputy Commissioner of Police,Respond immediately,1.0,,2026-09-28T00:17:48+05:30,Draft,agent:action_planner,playbook,,,,INC-20260927-A6D783
ACT-86ca57ef4f6a,,POL-GCP,,Deputy Commissioner of Police,Register the case,2.0,,2026-09-28T01:29:48+05:30,Draft,agent:action_planner,playbook,,,,INC-20260927-A6D783
ACT-6ef8a3f6d794,,POL-GCP,,Deputy Commissioner of Police,Protect the victim,3.0,,2026-09-28T02:41:48+05:30,Draft,agent:action_planner,playbook,,,,INC-20260927-A6D783
ACT-8ddf61d9288e,,POL-GCP,,Deputy Commissioner of Police,Arrest the accused,4.0,,2026-09-28T03:53:48+05:30,Draft,agent:action_planner,playbook,,,,INC-20260927-A6D783
ACT-8d59b8234355,,POL-GCP,,Deputy Commissioner of Police,Close,5.0,,2026-09-28T05:05:48+05:30,Draft,agent:action_planner,playbook,,,,INC-20260927-A6D783
ACT-3146d0bc03ed,,POL-GCP,,"SHO, Flower Bazaar Police Station",Respond immediately,1.0,,2026-09-27T14:04:43+05:30,Draft,agent:action_planner,playbook,,,,INC-20260927-AE9E07
ACT-c75aa3144ad7,,POL-GCP,,"SHO, Flower Bazaar Police Station",Register the case,2.0,,2026-09-27T15:16:43+05:30,Draft,agent:action_planner,playbook,,,,INC-20260927-AE9E07
ACT-ec117c4da136,,POL-GCP,,"SHO, Flower Bazaar Police Station",Protect the victim,3.0,,2026-09-27T16:28:43+05:30,Draft,agent:action_planner,playbook,,,,INC-20260927-AE9E07
ACT-4c7eb2d4b76a,,POL-GCP,,"SHO, Flower Bazaar Police Station",Arrest the accused,4.0,,2026-09-27T17:40:43+05:30,Draft,agent:action_planner,playbook,,,,INC-20260927-AE9E07
ACT-480edcc8d4a7,,POL-GCP,,Deputy Commissioner of Police,Close,5.0,,2026-09-27T18:52:43+05:30,Draft,agent:action_planner,playbook,,,,INC-20260927-AE9E07
ACT-2f369c6ffe0c,,POL-GCP,,"SHO, Korattur Police Station",Respond immediately,1.0,,2026-09-27T23:00:44+05:30,Draft,agent:action_planner,playbook,,,,INC-20260927-BCAE35
ACT-5385ee4e36f7,,POL-GCP,,"SHO, Korattur Police Station",Register the case,2.0,,2026-09-28T00:12:44+05:30,Draft,agent:action_planner,playbook,,,,INC-20260927-BCAE35
ACT-4010ed4da6e0,,POL-GCP,,"SHO, Korattur Police Station",Protect the victim,3.0,,2026-09-28T01:24:44+05:30,Draft,agent:action_planner,playbook,,,,INC-20260927-BCAE35
ACT-4d02bb020c99,,POL-GCP,,"SHO, Korattur Police Station",Arrest the accused,4.0,,2026-09-28T02:36:44+05:30,Draft,agent:action_planner,playbook,,,,INC-20260927-BCAE35
ACT-eae26ce724e1,,POL-GCP,,Deputy Commissioner of Police,Close,5.0,,2026-09-28T03:48:44+05:30,Draft,agent:action_planner,playbook,,,,INC-20260927-BCAE35
ACT-8d86c433f109,,POL-GCP,,Deputy Commissioner of Police,Respond immediately,1.0,,2026-09-27T15:00:58+05:30,Draft,agent:action_planner,playbook,,,,INC-20260927-C661DA
ACT-d25c51b8cea2,,POL-GCP,,Deputy Commissioner of Police,Register the case,2.0,,2026-09-27T16:12:58+05:30,Draft,agent:action_planner,playbook,,,,INC-20260927-C661DA
ACT-09a8e6b6dc0a,,POL-GCP,,Deputy Commissioner of Police,Protect the victim,3.0,,2026-09-27T17:24:58+05:30,Draft,agent:action_planner,playbook,,,,INC-20260927-C661DA
ACT-240030082264,,POL-GCP,,Deputy Commissioner of Police,Arrest the accused,4.0,,2026-09-27T18:36:58+05:30,Draft,agent:action_planner,playbook,,,,INC-20260927-C661DA
ACT-a224c48f887a,,POL-GCP,,Deputy Commissioner of Police,Close,5.0,,2026-09-27T19:48:58+05:30,Draft,agent:action_planner,playbook,,,,INC-20260927-C661DA
ACT-414ad90ec1fb,,POL-GCP,,"SHO, Kodungaiyur Police Station",Register the complaint,1.0,,2026-09-27T15:16:48+05:30,Draft,agent:action_planner,playbook,,,,INC-20260927-D32B05
ACT-3f78955f2337,,POL-GCP,,"SHO, Kodungaiyur Police Station",Circulate details,2.0,,2026-09-27T17:40:48+05:30,Draft,agent:action_planner,playbook,,,,INC-20260927-D32B05
ACT-e5486299308d,,POL-GCP,,"SHO, Kodungaiyur Police Station",Search,3.0,,2026-09-27T20:04:48+05:30,Draft,agent:action_planner,playbook,,,,INC-20260927-D32B05
ACT-c26d5607acb9,,POL-GCP,,"SHO, Kodungaiyur Police Station",Trace,4.0,,2026-09-27T22:28:48+05:30,Draft,agent:action_planner,playbook,,,,INC-20260927-D32B05
ACT-18f8f56d34ab,,POL-GCP,,Deputy Commissioner of Police,Close,5.0,,2026-09-28T00:52:48+05:30,Draft,agent:action_planner,playbook,,,,INC-20260927-D32B05
ACT-65170c249e43,,POL-GCP,,"SHO, Madhavaram Milk Colony Police Station",Send patrol and ambulance,1.0,,2026-09-27T22:54:26+05:30,Draft,agent:action_planner,playbook,,,,INC-20260927-E937C1
ACT-fbcaacd57bed,,POL-GCP,,"SHO, Madhavaram Milk Colony Police Station",Clear the carriageway,2.0,,2026-09-28T00:06:26+05:30,Draft,agent:action_planner,playbook,,,,INC-20260927-E937C1
ACT-d4538db089f2,,POL-GCP,,"SHO, Madhavaram Milk Colony Police Station",Register the case,3.0,,2026-09-28T01:18:26+05:30,Draft,agent:action_planner,playbook,,,,INC-20260927-E937C1
ACT-ba2203160f5f,,POL-GCP,,"SHO, Madhavaram Milk Colony Police Station",Check road defects at the spot,4.0,,2026-09-28T02:30:26+05:30,Draft,agent:action_planner,playbook,,,,INC-20260927-E937C1
ACT-2faf9350ada6,,POL-GCP,,Deputy Commissioner of Police,Close with report,5.0,,2026-09-28T03:42:26+05:30,Draft,agent:action_planner,playbook,,,,INC-20260927-E937C1
ACT-e238acd7fbf3,,GCC-ENG,,Superintending Engineer,Support road accident response,,,2026-09-28T00:42:26+05:30,Draft,agent:action_planner,coordination,,,,INC-20260927-E937C1
ACT-49412de1f86a,,HLT-DMS,,Director of Medical Services,Support road accident response,,,2026-09-28T00:42:26+05:30,Draft,agent:action_planner,coordination,,,,INC-20260927-E937C1
ACT-a5f151cea75a,,POL-GCP,,Deputy Commissioner of Police,Respond immediately,1.0,,2026-09-27T23:47:11+05:30,Draft,agent:action_planner,playbook,,,,INC-20260927-EE06A1
ACT-868c12e6a929,,POL-GCP,,Deputy Commissioner of Police,Register the case,2.0,,2026-09-28T00:59:11+05:30,Draft,agent:action_planner,playbook,,,,INC-20260927-EE06A1
ACT-e4998f33f47e,,POL-GCP,,Deputy Commissioner of Police,Protect the victim,3.0,,2026-09-28T02:11:11+05:30,Draft,agent:action_planner,playbook,,,,INC-20260927-EE06A1
ACT-5cbea5210107,,POL-GCP,,Deputy Commissioner of Police,Arrest the accused,4.0,,2026-09-28T03:23:11+05:30,Draft,agent:action_planner,playbook,,,,INC-20260927-EE06A1
ACT-1cf6844460f9,,POL-GCP,,Deputy Commissioner of Police,Close,5.0,,2026-09-28T04:35:11+05:30,Draft,agent:action_planner,playbook,,,,INC-20260927-EE06A1
ACT-8f2789fe4b33,,POL-GCP,,"SHO, Saidapet Police Station",Send patrol and ambulance,1.0,,2026-09-27T22:51:26+05:30,Draft,agent:action_planner,playbook,,,,INC-20260927-F022EB
ACT-6874607f30b2,,POL-GCP,,"SHO, Saidapet Police Station",Clear the carriageway,2.0,,2026-09-28T00:03:26+05:30,Draft,agent:action_planner,playbook,,,,INC-20260927-F022EB
ACT-3150bcc20901,,POL-GCP,,"SHO, Saidapet Police Station",Register the case,3.0,,2026-09-28T01:15:26+05:30,Draft,agent:action_planner,playbook,,,,INC-20260927-F022EB
ACT-8a4ed30dfa3a,,POL-GCP,,"SHO, Saidapet Police Station",Check road defects at the spot,4.0,,2026-09-28T02:27:26+05:30,Draft,agent:action_planner,playbook,,,,INC-20260927-F022EB
ACT-6a1db2784590,,POL-GCP,,Deputy Commissioner of Police,Close with report,5.0,,2026-09-28T03:39:26+05:30,Draft,agent:action_planner,playbook,,,,INC-20260927-F022EB
ACT-2f2879c7ec15,,GCC-ENG,,Superintending Engineer,Support road accident response,,,2026-09-28T00:39:26+05:30,Draft,agent:action_planner,coordination,,,,INC-20260927-F022EB
ACT-6dea6159d96e,,HLT-DMS,,Director of Medical Services,Support road accident response,,,2026-09-28T00:39:26+05:30,Draft,agent:action_planner,coordination,,,,INC-20260927-F022EB
ACT-33da42350e7b,,POL-GCP,,"SHO, Thoraipakkam Police Station",Respond immediately,1.0,,2026-09-28T12:43:04+05:30,Draft,agent:action_planner,playbook,,,,INC-20260928-18FB09
ACT-6ed3db47804f,,POL-GCP,,"SHO, Thoraipakkam Police Station",Register the case,2.0,,2026-09-28T13:55:04+05:30,Draft,agent:action_planner,playbook,,,,INC-20260928-18FB09
ACT-50efea45c843,,POL-GCP,,"SHO, Thoraipakkam Police Station",Protect the victim,3.0,,2026-09-28T15:07:04+05:30,Draft,agent:action_planner,playbook,,,,INC-20260928-18FB09
ACT-05ef64fa18c2,,POL-GCP,,"SHO, Thoraipakkam Police Station",Arrest the accused,4.0,,2026-09-28T16:19:04+05:30,Draft,agent:action_planner,playbook,,,,INC-20260928-18FB09
ACT-763cfe9db099,,POL-GCP,,Deputy Commissioner of Police,Close,5.0,,2026-09-28T17:31:04+05:30,Draft,agent:action_planner,playbook,,,,INC-20260928-18FB09
ACT-becb916e9564,,POL-GCP,,"SHO, Teynampet Police Station",Respond immediately,1.0,,2026-09-28T02:03:15+05:30,Draft,agent:action_planner,playbook,,,,INC-20260928-276900
ACT-beb1af2f9460,,POL-GCP,,"SHO, Teynampet Police Station",Register the case,2.0,,2026-09-28T03:15:15+05:30,Draft,agent:action_planner,playbook,,,,INC-20260928-276900
ACT-2f4cda1b7c41,,POL-GCP,,"SHO, Teynampet Police Station",Protect the victim,3.0,,2026-09-28T04:27:15+05:30,Draft,agent:action_planner,playbook,,,,INC-20260928-276900
ACT-ced5f48e6664,,POL-GCP,,"SHO, Teynampet Police Station",Arrest the accused,4.0,,2026-09-28T05:39:15+05:30,Draft,agent:action_planner,playbook,,,,INC-20260928-276900
ACT-71c04dbdb228,,POL-GCP,,Deputy Commissioner of Police,Close,5.0,,2026-09-28T06:51:15+05:30,Draft,agent:action_planner,playbook,,,,INC-20260928-276900
ACT-7d6e26c70387,,GCC-HLT,,"Assistant Engineer, Ward 83 (Ambattur zone)",Source reduction and fogging,1.0,,2026-09-28T19:07:00+05:30,Draft,agent:action_planner,playbook,,,,INC-20260928-2B6919
ACT-56ad86bbbedc,,GCC-HLT,,"Assistant Engineer, Ward 83 (Ambattur zone)",Door-to-door fever survey,2.0,,2026-09-28T23:55:00+05:30,Draft,agent:action_planner,playbook,,,,INC-20260928-2B6919
ACT-16be506f7d80,,GCC-HLT,,"Assistant Engineer, Ward 83 (Ambattur zone)",Hold a fever camp,3.0,,2026-09-29T04:43:00+05:30,Draft,agent:action_planner,playbook,,,,INC-20260928-2B6919
ACT-4fb7a16d977f,,GCC-HLT,,"Assistant Engineer, Ward 83 (Ambattur zone)",Clear stagnant water,4.0,,2026-09-29T09:31:00+05:30,Draft,agent:action_planner,playbook,,,,INC-20260928-2B6919
ACT-469c60b60f52,,GCC-HLT,,City Health Officer,Send daily situation report,5.0,,2026-09-29T14:19:00+05:30,Draft,agent:action_planner,playbook,,,,INC-20260928-2B6919
ACT-cebcd372a3b7,,HLT-DMS,,Director of Medical Services,Support vector- & water-borne disease response,,,2026-09-29T02:19:00+05:30,Draft,agent:action_planner,coordination,,,,INC-20260928-2B6919
ACT-2e9279618c31,,GCC-SWD,,Superintending Engineer (SWD),Support vector- & water-borne disease response,,,2026-09-29T02:19:00+05:30,Draft,agent:action_planner,coordination,,,,INC-20260928-2B6919
ACT-40984830757b,,POL-GCP,,"SHO, Teynampet Police Station",Respond immediately,1.0,,2026-09-29T00:29:40+05:30,Draft,agent:action_planner,playbook,,,,INC-20260928-448222
ACT-9891dbcfd8c5,,POL-GCP,,"SHO, Teynampet Police Station",Register the case,2.0,,2026-09-29T01:41:40+05:30,Draft,agent:action_planner,playbook,,,,INC-20260928-448222
ACT-c0ab967fd092,,POL-GCP,,"SHO, Teynampet Police Station",Protect the victim,3.0,,2026-09-29T02:53:40+05:30,Draft,agent:action_planner,playbook,,,,INC-20260928-448222
ACT-1beede770121,,POL-GCP,,"SHO, Teynampet Police Station",Arrest the accused,4.0,,2026-09-29T04:05:40+05:30,Draft,agent:action_planner,playbook,,,,INC-20260928-448222
ACT-370291284049,,POL-GCP,,Deputy Commissioner of Police,Close,5.0,,2026-09-29T05:17:40+05:30,Draft,agent:action_planner,playbook,,,,INC-20260928-448222
ACT-fa70e340f08b,,POL-GCP,,"SHO, Vadapalani Police Station",Send patrol and ambulance,1.0,,2026-09-29T01:11:15+05:30,Draft,agent:action_planner,playbook,,,,INC-20260928-45EEF0
ACT-676cb85b6083,,POL-GCP,,"SHO, Vadapalani Police Station",Clear the carriageway,2.0,,2026-09-29T02:23:15+05:30,Draft,agent:action_planner,playbook,,,,INC-20260928-45EEF0
ACT-3b7d84ff25c0,,POL-GCP,,"SHO, Vadapalani Police Station",Register the case,3.0,,2026-09-29T03:35:15+05:30,Draft,agent:action_planner,playbook,,,,INC-20260928-45EEF0
ACT-17bae5878806,,POL-GCP,,"SHO, Vadapalani Police Station",Check road defects at the spot,4.0,,2026-09-29T04:47:15+05:30,Draft,agent:action_planner,playbook,,,,INC-20260928-45EEF0
ACT-539a6c22d14e,,POL-GCP,,Deputy Commissioner of Police,Close with report,5.0,,2026-09-29T05:59:15+05:30,Draft,agent:action_planner,playbook,,,,INC-20260928-45EEF0
ACT-756e87449e03,,GCC-ENG,,Superintending Engineer,Support road accident response,,,2026-09-29T02:59:15+05:30,Draft,agent:action_planner,coordination,,,,INC-20260928-45EEF0
ACT-e3e3c20cf025,,HLT-DMS,,Director of Medical Services,Support road accident response,,,2026-09-29T02:59:15+05:30,Draft,agent:action_planner,coordination,,,,INC-20260928-45EEF0
ACT-15ce2bdd71e3,,POL-GCP,,"SHO, Korattur Police Station",Register the case,1.0,,2026-09-28T21:00:10+05:30,Draft,agent:action_planner,playbook,,,,INC-20260928-4C76C4
ACT-c3a6036614a8,,POL-GCP,,"SHO, Korattur Police Station",Patrol the hotspot,2.0,,2026-09-29T01:48:10+05:30,Draft,agent:action_planner,playbook,,,,INC-20260928-4C76C4
ACT-e5ddf6261f7c,,POL-GCP,,"SHO, Korattur Police Station",Review CCTV,3.0,,2026-09-29T06:36:10+05:30,Draft,agent:action_planner,playbook,,,,INC-20260928-4C76C4
ACT-d938f36d2fe3,,POL-GCP,,"SHO, Korattur Police Station",Recover property,4.0,,2026-09-29T11:24:10+05:30,Draft,agent:action_planner,playbook,,,,INC-20260928-4C76C4
ACT-5abf1b5fc5e9,,POL-GCP,,Deputy Commissioner of Police,Close,5.0,,2026-09-29T16:12:10+05:30,Draft,agent:action_planner,playbook,,,,INC-20260928-4C76C4
ACT-ba372ee7280f,,POL-GCP,,"SHO, Tondiarpet Police Station",Respond immediately,1.0,,2026-09-28T22:49:54+05:30,Draft,agent:action_planner,playbook,,,,INC-20260928-4DBBC6
ACT-a8713c3a4634,,POL-GCP,,"SHO, Tondiarpet Police Station",Register the case,2.0,,2026-09-28T23:13:54+05:30,Draft,agent:action_planner,playbook,,,,INC-20260928-4DBBC6
ACT-1eae16161fb8,,POL-GCP,,"SHO, Tondiarpet Police Station",Protect the victim,3.0,,2026-09-28T23:37:54+05:30,Draft,agent:action_planner,playbook,,,,INC-20260928-4DBBC6
ACT-bcc069d3d2b1,,POL-GCP,,"SHO, Tondiarpet Police Station",Arrest the accused,4.0,,2026-09-29T00:01:54+05:30,Draft,agent:action_planner,playbook,,,,INC-20260928-4DBBC6
ACT-2674c4a7f233,,POL-GCP,,Deputy Commissioner of Police,Close,5.0,,2026-09-29T00:25:54+05:30,Draft,agent:action_planner,playbook,,,,INC-20260928-4DBBC6
ACT-2932c12672af,,POL-GCP,,"SHO, Neelankarai Police Station",Respond immediately,1.0,,2026-09-28T16:55:16+05:30,Draft,agent:action_planner,playbook,,,,INC-20260928-5C5449
ACT-b3aed4edcc14,,POL-GCP,,"SHO, Neelankarai Police Station",Register the case,2.0,,2026-09-28T18:07:16+05:30,Draft,agent:action_planner,playbook,,,,INC-20260928-5C5449
ACT-855db16c5826,,POL-GCP,,"SHO, Neelankarai Police Station",Protect the victim,3.0,,2026-09-28T19:19:16+05:30,Draft,agent:action_planner,playbook,,,,INC-20260928-5C5449
ACT-d704727f6c39,,POL-GCP,,"SHO, Neelankarai Police Station",Arrest the accused,4.0,,2026-09-28T20:31:16+05:30,Draft,agent:action_planner,playbook,,,,INC-20260928-5C5449
ACT-ee9731e3cc77,,POL-GCP,,Deputy Commissioner of Police,Close,5.0,,2026-09-28T21:43:16+05:30,Draft,agent:action_planner,playbook,,,,INC-20260928-5C5449
ACT-36ff4a355c8b,,POL-GCP,,"SHO, Royapuram Police Station",Respond immediately,1.0,,2026-09-28T10:09:33+05:30,Draft,agent:action_planner,playbook,,,,INC-20260928-660E5B
ACT-99c0c5e9b08b,,POL-GCP,,"SHO, Royapuram Police Station",Register the case,2.0,,2026-09-28T11:21:33+05:30,Draft,agent:action_planner,playbook,,,,INC-20260928-660E5B
ACT-0bc8d655ca36,,POL-GCP,,"SHO, Royapuram Police Station",Protect the victim,3.0,,2026-09-28T12:33:33+05:30,Draft,agent:action_planner,playbook,,,,INC-20260928-660E5B
ACT-5ebf423ee7cc,,POL-GCP,,"SHO, Royapuram Police Station",Arrest the accused,4.0,,2026-09-28T13:45:33+05:30,Draft,agent:action_planner,playbook,,,,INC-20260928-660E5B
ACT-705432266e97,,POL-GCP,,Deputy Commissioner of Police,Close,5.0,,2026-09-28T14:57:33+05:30,Draft,agent:action_planner,playbook,,,,INC-20260928-660E5B
ACT-d6a19130fb41,,POL-GCP,,"SHO, Ambattur Estate Police Station",Respond immediately,1.0,,2026-09-28T06:47:39+05:30,Draft,agent:action_planner,playbook,,,,INC-20260928-6F36D1
ACT-13044ada6192,,POL-GCP,,"SHO, Ambattur Estate Police Station",Register the case,2.0,,2026-09-28T07:59:39+05:30,Draft,agent:action_planner,playbook,,,,INC-20260928-6F36D1
ACT-94439091cd48,,POL-GCP,,"SHO, Ambattur Estate Police Station",Protect the victim,3.0,,2026-09-28T09:11:39+05:30,Draft,agent:action_planner,playbook,,,,INC-20260928-6F36D1
ACT-c74f28a18bcf,,POL-GCP,,"SHO, Ambattur Estate Police Station",Arrest the accused,4.0,,2026-09-28T10:23:39+05:30,Draft,agent:action_planner,playbook,,,,INC-20260928-6F36D1
ACT-22757763a267,,POL-GCP,,Deputy Commissioner of Police,Close,5.0,,2026-09-28T11:35:39+05:30,Draft,agent:action_planner,playbook,,,,INC-20260928-6F36D1
ACT-1bf183f556e2,,POL-GCP,,"SHO, K.K. Nagar Police Station",Send patrol and ambulance,1.0,,2026-09-28T11:15:26+05:30,Draft,agent:action_planner,playbook,,,,INC-20260928-72EF33
ACT-926145d82c2d,,POL-GCP,,"SHO, K.K. Nagar Police Station",Clear the carriageway,2.0,,2026-09-28T12:27:26+05:30,Draft,agent:action_planner,playbook,,,,INC-20260928-72EF33
ACT-00cc9d1d31b6,,POL-GCP,,"SHO, K.K. Nagar Police Station",Register the case,3.0,,2026-09-28T13:39:26+05:30,Draft,agent:action_planner,playbook,,,,INC-20260928-72EF33
ACT-ffa9f2fed58f,,POL-GCP,,"SHO, K.K. Nagar Police Station",Check road defects at the spot,4.0,,2026-09-28T14:51:26+05:30,Draft,agent:action_planner,playbook,,,,INC-20260928-72EF33
ACT-e00ce1238e99,,POL-GCP,,Deputy Commissioner of Police,Close with report,5.0,,2026-09-28T16:03:26+05:30,Draft,agent:action_planner,playbook,,,,INC-20260928-72EF33
ACT-28da0b9d7b5a,,GCC-ENG,,Superintending Engineer,Support road accident response,,,2026-09-28T13:03:26+05:30,Draft,agent:action_planner,coordination,,,,INC-20260928-72EF33
ACT-56a6f1d306ff,,HLT-DMS,,Director of Medical Services,Support road accident response,,,2026-09-28T13:03:26+05:30,Draft,agent:action_planner,coordination,,,,INC-20260928-72EF33
ACT-05580a3e9ed3,,POL-GCP,,Deputy Commissioner of Police,Respond immediately,1.0,,2026-09-28T08:41:06+05:30,Draft,agent:action_planner,playbook,,,,INC-20260928-743634
ACT-ef2495dee96e,,POL-GCP,,Deputy Commissioner of Police,Register the case,2.0,,2026-09-28T09:53:06+05:30,Draft,agent:action_planner,playbook,,,,INC-20260928-743634
ACT-d36ef38216e4,,POL-GCP,,Deputy Commissioner of Police,Protect the victim,3.0,,2026-09-28T11:05:06+05:30,Draft,agent:action_planner,playbook,,,,INC-20260928-743634
ACT-d6a6bd65a9d4,,POL-GCP,,Deputy Commissioner of Police,Arrest the accused,4.0,,2026-09-28T12:17:06+05:30,Draft,agent:action_planner,playbook,,,,INC-20260928-743634
ACT-beabb5f8c4b5,,POL-GCP,,Deputy Commissioner of Police,Close,5.0,,2026-09-28T13:29:06+05:30,Draft,agent:action_planner,playbook,,,,INC-20260928-743634
ACT-5f13c35a553d,,POL-GCP,,"SHO, Thiruvottiyur Police Station",Respond immediately,1.0,,2026-09-28T22:26:56+05:30,Draft,agent:action_planner,playbook,,,,INC-20260928-7DF14B
ACT-3f6f5d50d1dc,,POL-GCP,,"SHO, Thiruvottiyur Police Station",Register the case,2.0,,2026-09-28T23:38:56+05:30,Draft,agent:action_planner,playbook,,,,INC-20260928-7DF14B
ACT-6c0797f8d48d,,POL-GCP,,"SHO, Thiruvottiyur Police Station",Protect the victim,3.0,,2026-09-29T00:50:56+05:30,Draft,agent:action_planner,playbook,,,,INC-20260928-7DF14B
ACT-68075c56edd5,,POL-GCP,,"SHO, Thiruvottiyur Police Station",Arrest the accused,4.0,,2026-09-29T02:02:56+05:30,Draft,agent:action_planner,playbook,,,,INC-20260928-7DF14B
ACT-d168d9d3aa66,,POL-GCP,,Deputy Commissioner of Police,Close,5.0,,2026-09-29T03:14:56+05:30,Draft,agent:action_planner,playbook,,,,INC-20260928-7DF14B
ACT-c50be3ab79f9,,POL-GCP,,"SHO, Madhavaram Police Station",Respond immediately,1.0,,2026-09-28T01:30:42+05:30,Draft,agent:action_planner,playbook,,,,INC-20260928-819AEB
ACT-ad7d8727775d,,POL-GCP,,"SHO, Madhavaram Police Station",Register the case,2.0,,2026-09-28T02:42:42+05:30,Draft,agent:action_planner,playbook,,,,INC-20260928-819AEB
ACT-da41988aacf9,,POL-GCP,,"SHO, Madhavaram Police Station",Protect the victim,3.0,,2026-09-28T03:54:42+05:30,Draft,agent:action_planner,playbook,,,,INC-20260928-819AEB
ACT-9fa67de73ae3,,POL-GCP,,"SHO, Madhavaram Police Station",Arrest the accused,4.0,,2026-09-28T05:06:42+05:30,Draft,agent:action_planner,playbook,,,,INC-20260928-819AEB
ACT-33e6c1344806,,POL-GCP,,Deputy Commissioner of Police,Close,5.0,,2026-09-28T06:18:42+05:30,Draft,agent:action_planner,playbook,,,,INC-20260928-819AEB
ACT-33b313ab0884,,POL-GCP,,"SHO, ICF Police Station",Send patrol and ambulance,1.0,,2026-09-28T22:42:22+05:30,Draft,agent:action_planner,playbook,,,,INC-20260928-8A8263
ACT-d3140168b23a,,POL-GCP,,"SHO, ICF Police Station",Clear the carriageway,2.0,,2026-09-28T23:54:22+05:30,Draft,agent:action_planner,playbook,,,,INC-20260928-8A8263
ACT-5b010a82260a,,POL-GCP,,"SHO, ICF Police Station",Register the case,3.0,,2026-09-29T01:06:22+05:30,Draft,agent:action_planner,playbook,,,,INC-20260928-8A8263
ACT-2f02cb21e8e8,,POL-GCP,,"SHO, ICF Police Station",Check road defects at the spot,4.0,,2026-09-29T02:18:22+05:30,Draft,agent:action_planner,playbook,,,,INC-20260928-8A8263
ACT-37137c6b4d0f,,POL-GCP,,Deputy Commissioner of Police,Close with report,5.0,,2026-09-29T03:30:22+05:30,Draft,agent:action_planner,playbook,,,,INC-20260928-8A8263
ACT-76b1bd9992cc,,GCC-ENG,,Superintending Engineer,Support road accident response,,,2026-09-29T00:30:22+05:30,Draft,agent:action_planner,coordination,,,,INC-20260928-8A8263
ACT-de69066adff2,,HLT-DMS,,Director of Medical Services,Support road accident response,,,2026-09-29T00:30:22+05:30,Draft,agent:action_planner,coordination,,,,INC-20260928-8A8263
ACT-a41a47f1b499,,POL-GCP,,"SHO, Vadapalani Police Station",Send patrol and ambulance,1.0,,2026-09-28T14:20:32+05:30,Draft,agent:action_planner,playbook,,,,INC-20260928-8BE724
ACT-aeefd894aa71,,POL-GCP,,"SHO, Vadapalani Police Station",Clear the carriageway,2.0,,2026-09-28T15:32:32+05:30,Draft,agent:action_planner,playbook,,,,INC-20260928-8BE724
ACT-b91e7214bc86,,POL-GCP,,"SHO, Vadapalani Police Station",Register the case,3.0,,2026-09-28T16:44:32+05:30,Draft,agent:action_planner,playbook,,,,INC-20260928-8BE724
ACT-672e023ad146,,POL-GCP,,"SHO, Vadapalani Police Station",Check road defects at the spot,4.0,,2026-09-28T17:56:32+05:30,Draft,agent:action_planner,playbook,,,,INC-20260928-8BE724
ACT-afdc8057b3db,,POL-GCP,,Deputy Commissioner of Police,Close with report,5.0,,2026-09-28T19:08:32+05:30,Draft,agent:action_planner,playbook,,,,INC-20260928-8BE724
ACT-da2bf898a210,,GCC-ENG,,Superintending Engineer,Support road accident response,,,2026-09-28T16:08:32+05:30,Draft,agent:action_planner,coordination,,,,INC-20260928-8BE724
ACT-41befb9af21c,,HLT-DMS,,Director of Medical Services,Support road accident response,,,2026-09-28T16:08:32+05:30,Draft,agent:action_planner,coordination,,,,INC-20260928-8BE724
ACT-5195f011e573,,POL-GCP,,"SHO, Aminjikarai Police Station",Send patrol and ambulance,1.0,,2026-09-29T00:38:45+05:30,Draft,agent:action_planner,playbook,,,,INC-20260928-8ECBC9
ACT-0fc26481f90e,,POL-GCP,,"SHO, Aminjikarai Police Station",Clear the carriageway,2.0,,2026-09-29T01:50:45+05:30,Draft,agent:action_planner,playbook,,,,INC-20260928-8ECBC9
ACT-8730839212e6,,POL-GCP,,"SHO, Aminjikarai Police Station",Register the case,3.0,,2026-09-29T03:02:45+05:30,Draft,agent:action_planner,playbook,,,,INC-20260928-8ECBC9
ACT-c1c96b40b6ab,,POL-GCP,,"SHO, Aminjikarai Police Station",Check road defects at the spot,4.0,,2026-09-29T04:14:45+05:30,Draft,agent:action_planner,playbook,,,,INC-20260928-8ECBC9
ACT-6032b2c77523,,POL-GCP,,Deputy Commissioner of Police,Close with report,5.0,,2026-09-29T05:26:45+05:30,Draft,agent:action_planner,playbook,,,,INC-20260928-8ECBC9
ACT-51e3a243437f,,GCC-ENG,,Superintending Engineer,Support road accident response,,,2026-09-29T02:26:45+05:30,Draft,agent:action_planner,coordination,,,,INC-20260928-8ECBC9
ACT-0076b8a872a6,,HLT-DMS,,Director of Medical Services,Support road accident response,,,2026-09-29T02:26:45+05:30,Draft,agent:action_planner,coordination,,,,INC-20260928-8ECBC9
ACT-72d38aa47d8e,,GCC-SWM,,"Assistant Engineer, Ward 118 (Teynampet zone)",Dispatch a compactor,1.0,,2026-09-28T17:57:00+05:30,Draft,agent:action_planner,playbook,,,,INC-20260928-99D563
ACT-2653a16eb752,,GCC-SWM,,"Assistant Engineer, Ward 118 (Teynampet zone)",Clear the waste,2.0,,2026-09-28T22:45:00+05:30,Draft,agent:action_planner,playbook,,,,INC-20260928-99D563
ACT-4cce03df4b39,,GCC-SWM,,"Assistant Engineer, Ward 118 (Teynampet zone)",Disinfect the spot,3.0,,2026-09-29T03:33:00+05:30,Draft,agent:action_planner,playbook,,,,INC-20260928-99D563
ACT-2b3276215981,,GCC-SWM,,"Assistant Engineer, Ward 118 (Teynampet zone)",Increase pickup frequency,4.0,,2026-09-29T08:21:00+05:30,Draft,agent:action_planner,playbook,,,,INC-20260928-99D563
ACT-4d00c142d4a9,,GCC-SWM,,Zonal Officer (SWM),Close with photo,5.0,,2026-09-29T13:09:00+05:30,Draft,agent:action_planner,playbook,,,,INC-20260928-99D563
ACT-09801c46ba5f,,GCC-HLT,,City Health Officer,Support garbage & solid waste response,,,2026-09-29T01:09:00+05:30,Draft,agent:action_planner,coordination,,,,INC-20260928-99D563
ACT-ecfea705dbb2,,POL-GCP,,"SHO, Egmore Police Station",Respond immediately,1.0,,2026-09-28T02:53:48+05:30,Draft,agent:action_planner,playbook,,,,INC-20260928-9B17C9
ACT-21eafef1de41,,POL-GCP,,"SHO, Egmore Police Station",Register the case,2.0,,2026-09-28T03:17:48+05:30,Draft,agent:action_planner,playbook,,,,INC-20260928-9B17C9
ACT-aeff0788dc43,,POL-GCP,,"SHO, Egmore Police Station",Protect the victim,3.0,,2026-09-28T03:41:48+05:30,Draft,agent:action_planner,playbook,,,,INC-20260928-9B17C9
ACT-92f5d170bdd3,,POL-GCP,,"SHO, Egmore Police Station",Arrest the accused,4.0,,2026-09-28T04:05:48+05:30,Draft,agent:action_planner,playbook,,,,INC-20260928-9B17C9
ACT-c02cf5cf62ec,,POL-GCP,,Deputy Commissioner of Police,Close,5.0,,2026-09-28T04:29:48+05:30,Draft,agent:action_planner,playbook,,,,INC-20260928-9B17C9
ACT-2b426a0874c7,,POL-GCP,,"SHO, Anna Nagar Police Station",Respond immediately,1.0,,2026-09-28T10:22:57+05:30,Draft,agent:action_planner,playbook,,,,INC-20260928-A168F2
ACT-b9987753d42e,,POL-GCP,,"SHO, Anna Nagar Police Station",Register the case,2.0,,2026-09-28T11:34:57+05:30,Draft,agent:action_planner,playbook,,,,INC-20260928-A168F2
ACT-591a9a794f01,,POL-GCP,,"SHO, Anna Nagar Police Station",Protect the victim,3.0,,2026-09-28T12:46:57+05:30,Draft,agent:action_planner,playbook,,,,INC-20260928-A168F2
ACT-607b06077d18,,POL-GCP,,"SHO, Anna Nagar Police Station",Arrest the accused,4.0,,2026-09-28T13:58:57+05:30,Draft,agent:action_planner,playbook,,,,INC-20260928-A168F2
ACT-d98cff32b935,,POL-GCP,,Deputy Commissioner of Police,Close,5.0,,2026-09-28T15:10:57+05:30,Draft,agent:action_planner,playbook,,,,INC-20260928-A168F2
ACT-d33f4b366054,,POL-GCP,,"SHO, Saidapet Police Station",Send patrol and ambulance,1.0,,2026-09-28T09:32:45+05:30,Draft,agent:action_planner,playbook,,,,INC-20260928-A4DC12
ACT-1c1ec1798502,,POL-GCP,,"SHO, Saidapet Police Station",Clear the carriageway,2.0,,2026-09-28T09:56:45+05:30,Draft,agent:action_planner,playbook,,,,INC-20260928-A4DC12
ACT-efd815dc01d9,,POL-GCP,,"SHO, Saidapet Police Station",Register the case,3.0,,2026-09-28T10:20:45+05:30,Draft,agent:action_planner,playbook,,,,INC-20260928-A4DC12
ACT-3dc684fcedfd,,POL-GCP,,"SHO, Saidapet Police Station",Check road defects at the spot,4.0,,2026-09-28T10:44:45+05:30,Draft,agent:action_planner,playbook,,,,INC-20260928-A4DC12
ACT-4f2606d6f023,,POL-GCP,,Deputy Commissioner of Police,Close with report,5.0,,2026-09-28T11:08:45+05:30,Draft,agent:action_planner,playbook,,,,INC-20260928-A4DC12
ACT-37af54237921,,GCC-ENG,,Superintending Engineer,Support road accident response,,,2026-09-28T10:08:45+05:30,Draft,agent:action_planner,coordination,,,,INC-20260928-A4DC12
ACT-1a88b61ec61a,,HLT-DMS,,Director of Medical Services,Support road accident response,,,2026-09-28T10:08:45+05:30,Draft,agent:action_planner,coordination,,,,INC-20260928-A4DC12
ACT-a7f46bd6b4bf,,GCC-SWD,,"Assistant Engineer, Ward 37 (Tondiarpet zone)",Inspect the drain,1.0,,2026-09-29T09:16:00+05:30,Draft,agent:action_planner,playbook,,,,INC-20260928-BBD08D
ACT-50d3a0e930db,,GCC-SWD,,"Assistant Engineer, Ward 37 (Tondiarpet zone)",Desilt or clear the blockage,2.0,,2026-09-29T23:40:00+05:30,Draft,agent:action_planner,playbook,,,,INC-20260928-BBD08D
ACT-b25a541aa35e,,GCC-SWD,,"Assistant Engineer, Ward 37 (Tondiarpet zone)",Repair cover or pipe,3.0,,2026-09-30T14:04:00+05:30,Draft,agent:action_planner,playbook,,,,INC-20260928-BBD08D
ACT-9a9aba4a0db3,,GCC-SWD,,"Assistant Engineer, Ward 37 (Tondiarpet zone)",Disinfect the area,4.0,,2026-10-01T04:28:00+05:30,Draft,agent:action_planner,playbook,,,,INC-20260928-BBD08D
ACT-00bfa2d4101a,,GCC-SWD,,Superintending Engineer (SWD),Submit completion report,5.0,,2026-10-01T18:52:00+05:30,Draft,agent:action_planner,playbook,,,,INC-20260928-BBD08D
ACT-de43dc85394a,,CMWSSB,,Superintending Engineer,Support drainage & sewage response,,,2026-09-30T06:52:00+05:30,Draft,agent:action_planner,coordination,,,,INC-20260928-BBD08D
ACT-dd4ffd6e067d,,HLT-DMS,,Director of Medical Services,Check bed and staff capacity,1.0,,2026-09-28T01:12:00+05:30,Draft,agent:action_planner,playbook,,,,INC-20260928-BF90AB
ACT-888bb51951dd,,HLT-DMS,,Director of Medical Services,Redeploy staff or beds,2.0,,2026-09-28T02:24:00+05:30,Draft,agent:action_planner,playbook,,,,INC-20260928-BF90AB
ACT-017d3e9c18fc,,HLT-DMS,,Director of Medical Services,Arrange medicines or ambulance,3.0,,2026-09-28T03:36:00+05:30,Draft,agent:action_planner,playbook,,,,INC-20260928-BF90AB
ACT-ed5a1c2849ec,,HLT-DMS,,Director of Medical Services,Report to DMS,4.0,,2026-09-28T04:48:00+05:30,Draft,agent:action_planner,playbook,,,,INC-20260928-BF90AB
ACT-777edd619f0c,,HLT-DMS,,Director of Medical Services,Close,5.0,,2026-09-28T06:00:00+05:30,Draft,agent:action_planner,playbook,,,,INC-20260928-BF90AB
ACT-bcf1706ac33d,,GCC-HLT,,City Health Officer,Support health services & hospital capacity response,,,2026-09-28T03:00:00+05:30,Draft,agent:action_planner,coordination,,,,INC-20260928-BF90AB
ACT-91034d67fdff,,POL-GCP,,"SHO, Ennore Police Station",Respond immediately,1.0,,2026-09-28T22:09:02+05:30,Draft,agent:action_planner,playbook,,,,INC-20260928-CA18D7
ACT-8e388e160423,,POL-GCP,,"SHO, Ennore Police Station",Register the case,2.0,,2026-09-28T23:21:02+05:30,Draft,agent:action_planner,playbook,,,,INC-20260928-CA18D7
ACT-47c35088f403,,POL-GCP,,"SHO, Ennore Police Station",Protect the victim,3.0,,2026-09-29T00:33:02+05:30,Draft,agent:action_planner,playbook,,,,INC-20260928-CA18D7
ACT-a197b0e745ae,,POL-GCP,,"SHO, Ennore Police Station",Arrest the accused,4.0,,2026-09-29T01:45:02+05:30,Draft,agent:action_planner,playbook,,,,INC-20260928-CA18D7
ACT-a03b83396d96,,POL-GCP,,Deputy Commissioner of Police,Close,5.0,,2026-09-29T02:57:02+05:30,Draft,agent:action_planner,playbook,,,,INC-20260928-CA18D7
ACT-30731ab5de45,,DIST-DM,,District Revenue Officer (Disaster),Contact affected households,1.0,,2026-09-28T04:25:00+05:30,Draft,agent:action_planner,playbook,,,,INC-20260928-D8D861
ACT-bda0745d8aa5,,DIST-DM,,District Revenue Officer (Disaster),Arrange food and drinking water,2.0,,2026-09-28T06:49:00+05:30,Draft,agent:action_planner,playbook,,,,INC-20260928-D8D861
ACT-1fea01338667,,DIST-DM,,District Revenue Officer (Disaster),Arrange medical support,3.0,,2026-09-28T09:13:00+05:30,Draft,agent:action_planner,playbook,,,,INC-20260928-D8D861
ACT-48cf1a834ed9,,DIST-DM,,District Revenue Officer (Disaster),Shift to relief centre if needed,4.0,,2026-09-28T11:37:00+05:30,Draft,agent:action_planner,playbook,,,,INC-20260928-D8D861
ACT-233ed57e9adb,,DIST-DM,,District Revenue Officer (Disaster),Close with report,5.0,,2026-09-28T14:01:00+05:30,Draft,agent:action_planner,playbook,,,,INC-20260928-D8D861
ACT-f07f9b62b5a3,,GCC-HLT,,City Health Officer,Support flood relief needs response,,,2026-09-28T08:01:00+05:30,Draft,agent:action_planner,coordination,,,,INC-20260928-D8D861
ACT-34691543385b,,GCC-SWD,,Superintending Engineer (SWD),Support flood relief needs response,,,2026-09-28T08:01:00+05:30,Draft,agent:action_planner,coordination,,,,INC-20260928-D8D861
ACT-1632b8b61e72,,POL-GCP,,Deputy Commissioner of Police,Respond immediately,1.0,,2026-09-28T08:43:05+05:30,Draft,agent:action_planner,playbook,,,,INC-20260928-E3763F
ACT-1e8994fcebaf,,POL-GCP,,Deputy Commissioner of Police,Register the case,2.0,,2026-09-28T09:55:05+05:30,Draft,agent:action_planner,playbook,,,,INC-20260928-E3763F
ACT-a2434720738b,,POL-GCP,,Deputy Commissioner of Police,Protect the victim,3.0,,2026-09-28T11:07:05+05:30,Draft,agent:action_planner,playbook,,,,INC-20260928-E3763F
ACT-b8cf0e7db2bd,,POL-GCP,,Deputy Commissioner of Police,Arrest the accused,4.0,,2026-09-28T12:19:05+05:30,Draft,agent:action_planner,playbook,,,,INC-20260928-E3763F
ACT-7059fc2bc279,,POL-GCP,,Deputy Commissioner of Police,Close,5.0,,2026-09-28T13:31:05+05:30,Draft,agent:action_planner,playbook,,,,INC-20260928-E3763F
ACT-cc1fc3fef67d,,POL-GCP,,Deputy Commissioner of Police,Respond immediately,1.0,,2026-09-30T00:55:44+05:30,Draft,agent:action_planner,playbook,,,,INC-20260929-045F5D
ACT-e1c1e53d4b6d,,POL-GCP,,Deputy Commissioner of Police,Register the case,2.0,,2026-09-30T02:07:44+05:30,Draft,agent:action_planner,playbook,,,,INC-20260929-045F5D
ACT-903a4786c3a4,,POL-GCP,,Deputy Commissioner of Police,Protect the victim,3.0,,2026-09-30T03:19:44+05:30,Draft,agent:action_planner,playbook,,,,INC-20260929-045F5D
ACT-7bd1bd85940d,,POL-GCP,,Deputy Commissioner of Police,Arrest the accused,4.0,,2026-09-30T04:31:44+05:30,Draft,agent:action_planner,playbook,,,,INC-20260929-045F5D
ACT-b2fdca019edf,,POL-GCP,,Deputy Commissioner of Police,Close,5.0,,2026-09-30T05:43:44+05:30,Draft,agent:action_planner,playbook,,,,INC-20260929-045F5D
ACT-7968b9be7336,,GCC-SWD,,"Assistant Engineer, Ward 151 (Valasaravakkam zone)",Deploy pumps and clear standing water,1.0,,2026-09-29T10:18:47+05:30,Draft,agent:action_planner,playbook,,,,INC-20260929-06B718
ACT-beffda33b6d7,,GCC-SWD,,"Assistant Engineer, Ward 151 (Valasaravakkam zone)",Clear drain inlets and silt,2.0,,2026-09-29T15:06:47+05:30,Draft,agent:action_planner,playbook,,,,INC-20260929-06B718
ACT-1bc09ebe27f6,,GCC-SWD,,"Assistant Engineer, Ward 151 (Valasaravakkam zone)",Divert traffic and barricade,3.0,,2026-09-29T19:54:47+05:30,Draft,agent:action_planner,playbook,,,,INC-20260929-06B718
ACT-f55aa7ebec81,,GCC-SWD,,"Assistant Engineer, Ward 151 (Valasaravakkam zone)",Check low-lying homes for evacuation,4.0,,2026-09-30T00:42:47+05:30,Draft,agent:action_planner,playbook,,,,INC-20260929-06B718
ACT-a85f683f52f0,,GCC-SWD,,Superintending Engineer (SWD),Submit completion report with photo,5.0,,2026-09-30T05:30:47+05:30,Draft,agent:action_planner,playbook,,,,INC-20260929-06B718
ACT-622384da0d0d,,POL-GCP,,Deputy Commissioner of Police,Support flooding & waterlogging response,,,2026-09-29T17:30:47+05:30,Draft,agent:action_planner,coordination,,,,INC-20260929-06B718
ACT-9e2b14ba21e5,,DIST-DM,,District Revenue Officer (Disaster),Support flooding & waterlogging response,,,2026-09-29T17:30:47+05:30,Draft,agent:action_planner,coordination,,,,INC-20260929-06B718
ACT-489c2ba4c830,,POL-GCP,,"SHO, Thiruvottiyur Police Station",Respond immediately,1.0,,2026-09-29T20:19:29+05:30,Draft,agent:action_planner,playbook,,,,INC-20260929-0D1DE3
ACT-caee863bc2a7,,POL-GCP,,"SHO, Thiruvottiyur Police Station",Register the case,2.0,,2026-09-29T21:31:29+05:30,Draft,agent:action_planner,playbook,,,,INC-20260929-0D1DE3
ACT-853c2a25bdaa,,POL-GCP,,"SHO, Thiruvottiyur Police Station",Protect the victim,3.0,,2026-09-29T22:43:29+05:30,Draft,agent:action_planner,playbook,,,,INC-20260929-0D1DE3
ACT-ccb1dede95b3,,POL-GCP,,"SHO, Thiruvottiyur Police Station",Arrest the accused,4.0,,2026-09-29T23:55:29+05:30,Draft,agent:action_planner,playbook,,,,INC-20260929-0D1DE3
ACT-af220626a176,,POL-GCP,,Deputy Commissioner of Police,Close,5.0,,2026-09-30T01:07:29+05:30,Draft,agent:action_planner,playbook,,,,INC-20260929-0D1DE3
ACT-320bc6d00834,,POL-GCP,,"SHO, Madhavaram Milk Colony Police Station",Send patrol and ambulance,1.0,,2026-09-29T11:15:58+05:30,Draft,agent:action_planner,playbook,,,,INC-20260929-1263ED
ACT-5f49fc951ff0,,POL-GCP,,"SHO, Madhavaram Milk Colony Police Station",Clear the carriageway,2.0,,2026-09-29T12:27:58+05:30,Draft,agent:action_planner,playbook,,,,INC-20260929-1263ED
ACT-818b166e75f3,,POL-GCP,,"SHO, Madhavaram Milk Colony Police Station",Register the case,3.0,,2026-09-29T13:39:58+05:30,Draft,agent:action_planner,playbook,,,,INC-20260929-1263ED
ACT-3f25971e300d,,POL-GCP,,"SHO, Madhavaram Milk Colony Police Station",Check road defects at the spot,4.0,,2026-09-29T14:51:58+05:30,Draft,agent:action_planner,playbook,,,,INC-20260929-1263ED
ACT-419faf916c27,,POL-GCP,,Deputy Commissioner of Police,Close with report,5.0,,2026-09-29T16:03:58+05:30,Draft,agent:action_planner,playbook,,,,INC-20260929-1263ED
ACT-70bf9f2e03f0,,GCC-ENG,,Superintending Engineer,Support road accident response,,,2026-09-29T13:03:58+05:30,Draft,agent:action_planner,coordination,,,,INC-20260929-1263ED
ACT-15996c83c14b,,HLT-DMS,,Director of Medical Services,Support road accident response,,,2026-09-29T13:03:58+05:30,Draft,agent:action_planner,coordination,,,,INC-20260929-1263ED
ACT-b68722591c81,,POL-GCP,,"SHO, Thoraipakkam Police Station",Respond immediately,1.0,,2026-09-29T21:15:57+05:30,Draft,agent:action_planner,playbook,,,,INC-20260929-14549C
ACT-429578ba2b00,,POL-GCP,,"SHO, Thoraipakkam Police Station",Register the case,2.0,,2026-09-29T22:27:57+05:30,Draft,agent:action_planner,playbook,,,,INC-20260929-14549C
ACT-ab5b1e454602,,POL-GCP,,"SHO, Thoraipakkam Police Station",Protect the victim,3.0,,2026-09-29T23:39:57+05:30,Draft,agent:action_planner,playbook,,,,INC-20260929-14549C
ACT-eaa0b8e8dfbf,,POL-GCP,,"SHO, Thoraipakkam Police Station",Arrest the accused,4.0,,2026-09-30T00:51:57+05:30,Draft,agent:action_planner,playbook,,,,INC-20260929-14549C
ACT-866eb457e8e0,,POL-GCP,,Deputy Commissioner of Police,Close,5.0,,2026-09-30T02:03:57+05:30,Draft,agent:action_planner,playbook,,,,INC-20260929-14549C
ACT-b622c3be0ddc,,POL-GCP,,"SHO, Thiruvanmiyur Police Station",Send patrol and ambulance,1.0,,2026-09-29T20:10:10+05:30,Draft,agent:action_planner,playbook,,,,INC-20260929-1AE187
ACT-48282d873a01,,POL-GCP,,"SHO, Thiruvanmiyur Police Station",Clear the carriageway,2.0,,2026-09-29T21:22:10+05:30,Draft,agent:action_planner,playbook,,,,INC-20260929-1AE187
ACT-85ecf9e77239,,POL-GCP,,"SHO, Thiruvanmiyur Police Station",Register the case,3.0,,2026-09-29T22:34:10+05:30,Draft,agent:action_planner,playbook,,,,INC-20260929-1AE187
ACT-0be9ebc42e82,,POL-GCP,,"SHO, Thiruvanmiyur Police Station",Check road defects at the spot,4.0,,2026-09-29T23:46:10+05:30,Draft,agent:action_planner,playbook,,,,INC-20260929-1AE187
ACT-9a5460f4b092,,POL-GCP,,Deputy Commissioner of Police,Close with report,5.0,,2026-09-30T00:58:10+05:30,Draft,agent:action_planner,playbook,,,,INC-20260929-1AE187
ACT-455a0362b731,,GCC-ENG,,Superintending Engineer,Support road accident response,,,2026-09-29T21:58:10+05:30,Draft,agent:action_planner,coordination,,,,INC-20260929-1AE187
ACT-ee8fa1b7ec6c,,HLT-DMS,,Director of Medical Services,Support road accident response,,,2026-09-29T21:58:10+05:30,Draft,agent:action_planner,coordination,,,,INC-20260929-1AE187
ACT-2a8466514edd,,PWD-WRD,,"Assistant Executive Engineer, North Chennai Drainage Sub-Division (M. Gunasekaran)",Inspect the structure,1.0,,2026-09-29T15:33:06+05:30,Draft,agent:action_planner,playbook,,,,INC-20260929-1C5575
ACT-95836ec8279c,,PWD-WRD,,"Assistant Executive Engineer, North Chennai Drainage Sub-Division (M. Gunasekaran)",Warn downstream residents,2.0,,2026-09-29T16:45:06+05:30,Draft,agent:action_planner,playbook,,,,INC-20260929-1C5575
ACT-4757dd73799b,,PWD-WRD,,"Assistant Executive Engineer, North Chennai Drainage Sub-Division (M. Gunasekaran)",Carry out repair,3.0,,2026-09-29T17:57:06+05:30,Draft,agent:action_planner,playbook,,,,INC-20260929-1C5575
ACT-a1913b3411ba,,PWD-WRD,,"Assistant Executive Engineer, North Chennai Drainage Sub-Division (M. Gunasekaran)",Monitor water level for 48 h,4.0,,2026-09-29T19:09:06+05:30,Draft,agent:action_planner,playbook,,,,INC-20260929-1C5575
ACT-5c74a730cdcc,,PWD-WRD,,Superintending Engineer (WRD),Submit report,5.0,,2026-09-29T20:21:06+05:30,Draft,agent:action_planner,playbook,,,,INC-20260929-1C5575
ACT-720a8f32a4ec,,DIST-DM,,District Revenue Officer (Disaster),"Support lakes, bunds & sluices response",,,2026-09-29T17:21:06+05:30,Draft,agent:action_planner,coordination,,,,INC-20260929-1C5575
ACT-526a0041f552,,GCC-ELE,,"Assistant Engineer, Ward 37 (Tondiarpet zone)",Inspect the feeder pillar,1.0,,2026-09-29T14:48:00+05:30,Draft,agent:action_planner,playbook,,,,INC-20260929-1CAAE4
ACT-667954aac7fe,,GCC-ELE,,"Assistant Engineer, Ward 37 (Tondiarpet zone)",Isolate live parts,2.0,,2026-09-29T19:36:00+05:30,Draft,agent:action_planner,playbook,,,,INC-20260929-1CAAE4
ACT-3846cd330d4b,,GCC-ELE,,"Assistant Engineer, Ward 37 (Tondiarpet zone)",Replace fittings,3.0,,2026-09-30T00:24:00+05:30,Draft,agent:action_planner,playbook,,,,INC-20260929-1CAAE4
ACT-73687b7d3f9e,,GCC-ELE,,"Assistant Engineer, Ward 37 (Tondiarpet zone)",Restore supply,4.0,,2026-09-30T05:12:00+05:30,Draft,agent:action_planner,playbook,,,,INC-20260929-1CAAE4
ACT-70b8730d9332,,GCC-ELE,,Executive Engineer (Electrical),Close,5.0,,2026-09-30T10:00:00+05:30,Draft,agent:action_planner,playbook,,,,INC-20260929-1CAAE4
ACT-4b4a6b5f89b6,,TANGEDCO,,Superintending Engineer,Support street lights & electrical hazards response,,,2026-09-29T22:00:00+05:30,Draft,agent:action_planner,coordination,,,,INC-20260929-1CAAE4
ACT-0bd4ecd429b8,,GCC-ELE,,"Assistant Engineer, Ward 86 (Ambattur zone)",Inspect the feeder pillar,1.0,,2026-09-29T14:22:00+05:30,Draft,agent:action_planner,playbook,,,,INC-20260929-1CE0A8
ACT-40ec402b78c1,,GCC-ELE,,"Assistant Engineer, Ward 86 (Ambattur zone)",Isolate live parts,2.0,,2026-09-29T19:10:00+05:30,Draft,agent:action_planner,playbook,,,,INC-20260929-1CE0A8
ACT-b8f0464de95b,,GCC-ELE,,"Assistant Engineer, Ward 86 (Ambattur zone)",Replace fittings,3.0,,2026-09-29T23:58:00+05:30,Draft,agent:action_planner,playbook,,,,INC-20260929-1CE0A8
ACT-8a2cf500eedf,,GCC-ELE,,"Assistant Engineer, Ward 86 (Ambattur zone)",Restore supply,4.0,,2026-09-30T04:46:00+05:30,Draft,agent:action_planner,playbook,,,,INC-20260929-1CE0A8
ACT-5255a93383d4,,GCC-ELE,,Executive Engineer (Electrical),Close,5.0,,2026-09-30T09:34:00+05:30,Draft,agent:action_planner,playbook,,,,INC-20260929-1CE0A8
ACT-0f4a6fd411d1,,TANGEDCO,,Superintending Engineer,Support street lights & electrical hazards response,,,2026-09-29T21:34:00+05:30,Draft,agent:action_planner,coordination,,,,INC-20260929-1CE0A8
ACT-bce1512626b2,,POL-GCP,,Deputy Commissioner of Police,Respond immediately,1.0,,2026-09-29T09:33:32+05:30,Draft,agent:action_planner,playbook,,,,INC-20260929-1CF052
ACT-765e2321353e,,POL-GCP,,Deputy Commissioner of Police,Register the case,2.0,,2026-09-29T10:45:32+05:30,Draft,agent:action_planner,playbook,,,,INC-20260929-1CF052
ACT-c330af0a78ba,,POL-GCP,,Deputy Commissioner of Police,Protect the victim,3.0,,2026-09-29T11:57:32+05:30,Draft,agent:action_planner,playbook,,,,INC-20260929-1CF052
ACT-ab7964bc121b,,POL-GCP,,Deputy Commissioner of Police,Arrest the accused,4.0,,2026-09-29T13:09:32+05:30,Draft,agent:action_planner,playbook,,,,INC-20260929-1CF052
ACT-3b7491610427,,POL-GCP,,Deputy Commissioner of Police,Close,5.0,,2026-09-29T14:21:32+05:30,Draft,agent:action_planner,playbook,,,,INC-20260929-1CF052
ACT-1324f218478b,,POL-GCP,,Deputy Commissioner of Police,Respond immediately,1.0,,2026-09-29T18:46:26+05:30,Draft,agent:action_planner,playbook,,,,INC-20260929-27A460
ACT-568b027e85eb,,POL-GCP,,Deputy Commissioner of Police,Register the case,2.0,,2026-09-29T19:58:26+05:30,Draft,agent:action_planner,playbook,,,,INC-20260929-27A460
ACT-96e379dfa076,,POL-GCP,,Deputy Commissioner of Police,Protect the victim,3.0,,2026-09-29T21:10:26+05:30,Draft,agent:action_planner,playbook,,,,INC-20260929-27A460
ACT-fde392129e2e,,POL-GCP,,Deputy Commissioner of Police,Arrest the accused,4.0,,2026-09-29T22:22:26+05:30,Draft,agent:action_planner,playbook,,,,INC-20260929-27A460
ACT-a638f212930e,,POL-GCP,,Deputy Commissioner of Police,Close,5.0,,2026-09-29T23:34:26+05:30,Draft,agent:action_planner,playbook,,,,INC-20260929-27A460
ACT-09c5916b6429,,GCC-ELE,,"Assistant Engineer, Ward 97 (Anna Nagar zone)",Inspect the feeder pillar,1.0,,2026-09-29T22:02:00+05:30,Draft,agent:action_planner,playbook,,,,INC-20260929-329469
ACT-964a8373c2a5,,GCC-ELE,,"Assistant Engineer, Ward 97 (Anna Nagar zone)",Isolate live parts,2.0,,2026-09-30T02:50:00+05:30,Draft,agent:action_planner,playbook,,,,INC-20260929-329469
ACT-35040276262d,,GCC-ELE,,"Assistant Engineer, Ward 97 (Anna Nagar zone)",Replace fittings,3.0,,2026-09-30T07:38:00+05:30,Draft,agent:action_planner,playbook,,,,INC-20260929-329469
ACT-43defcae1d4f,,GCC-ELE,,"Assistant Engineer, Ward 97 (Anna Nagar zone)",Restore supply,4.0,,2026-09-30T12:26:00+05:30,Draft,agent:action_planner,playbook,,,,INC-20260929-329469
ACT-e4136d91acca,,GCC-ELE,,Executive Engineer (Electrical),Close,5.0,,2026-09-30T17:14:00+05:30,Draft,agent:action_planner,playbook,,,,INC-20260929-329469
ACT-28089f5268cd,,TANGEDCO,,Superintending Engineer,Support street lights & electrical hazards response,,,2026-09-30T05:14:00+05:30,Draft,agent:action_planner,coordination,,,,INC-20260929-329469
ACT-0195a44c4d06,,POL-GCP,,"SHO, Kilpauk Police Station",Respond immediately,1.0,,2026-09-29T14:48:12+05:30,Draft,agent:action_planner,playbook,,,,INC-20260929-3372BA
ACT-579ca8c0eaa8,,POL-GCP,,"SHO, Kilpauk Police Station",Register the case,2.0,,2026-09-29T16:00:12+05:30,Draft,agent:action_planner,playbook,,,,INC-20260929-3372BA
ACT-f20bd98cd673,,POL-GCP,,"SHO, Kilpauk Police Station",Protect the victim,3.0,,2026-09-29T17:12:12+05:30,Draft,agent:action_planner,playbook,,,,INC-20260929-3372BA
ACT-2de83ce98d3b,,POL-GCP,,"SHO, Kilpauk Police Station",Arrest the accused,4.0,,2026-09-29T18:24:12+05:30,Draft,agent:action_planner,playbook,,,,INC-20260929-3372BA
ACT-937de25cb6af,,POL-GCP,,Deputy Commissioner of Police,Close,5.0,,2026-09-29T19:36:12+05:30,Draft,agent:action_planner,playbook,,,,INC-20260929-3372BA
ACT-619b072505d8,,POL-GCP,,"SHO, Pulianthope Police Station",Register the complaint,1.0,,2026-09-29T20:22:30+05:30,Draft,agent:action_planner,playbook,,,,INC-20260929-39B879
ACT-620de2f6cad7,,POL-GCP,,"SHO, Pulianthope Police Station",Circulate details,2.0,,2026-09-29T22:46:30+05:30,Draft,agent:action_planner,playbook,,,,INC-20260929-39B879
ACT-ac7992ddbffe,,POL-GCP,,"SHO, Pulianthope Police Station",Search,3.0,,2026-09-30T01:10:30+05:30,Draft,agent:action_planner,playbook,,,,INC-20260929-39B879
ACT-f1615428451c,,POL-GCP,,"SHO, Pulianthope Police Station",Trace,4.0,,2026-09-30T03:34:30+05:30,Draft,agent:action_planner,playbook,,,,INC-20260929-39B879
ACT-0a3ad686017d,,POL-GCP,,Deputy Commissioner of Police,Close,5.0,,2026-09-30T05:58:30+05:30,Draft,agent:action_planner,playbook,,,,INC-20260929-39B879
ACT-24d40b9aa4cd,,POL-GCP,,Deputy Commissioner of Police,Respond immediately,1.0,,2026-09-29T18:46:26+05:30,Draft,agent:action_planner,playbook,,,,INC-20260929-425283
ACT-7fa3ec0169d3,,POL-GCP,,Deputy Commissioner of Police,Register the case,2.0,,2026-09-29T19:58:26+05:30,Draft,agent:action_planner,playbook,,,,INC-20260929-425283
ACT-2c52f75c5a66,,POL-GCP,,Deputy Commissioner of Police,Protect the victim,3.0,,2026-09-29T21:10:26+05:30,Draft,agent:action_planner,playbook,,,,INC-20260929-425283
ACT-a704fdcb4a78,,POL-GCP,,Deputy Commissioner of Police,Arrest the accused,4.0,,2026-09-29T22:22:26+05:30,Draft,agent:action_planner,playbook,,,,INC-20260929-425283
ACT-5ee82d510006,,POL-GCP,,Deputy Commissioner of Police,Close,5.0,,2026-09-29T23:34:26+05:30,Draft,agent:action_planner,playbook,,,,INC-20260929-425283
ACT-f0ea4ec33ede,,POL-GCP,,"SHO, Chintadripet Police Station",Respond immediately,1.0,,2026-09-29T03:48:18+05:30,Draft,agent:action_planner,playbook,,,,INC-20260929-42702B
ACT-5ceb04cd65d5,,POL-GCP,,"SHO, Chintadripet Police Station",Register the case,2.0,,2026-09-29T05:00:18+05:30,Draft,agent:action_planner,playbook,,,,INC-20260929-42702B
ACT-c0c932bcca70,,POL-GCP,,"SHO, Chintadripet Police Station",Protect the victim,3.0,,2026-09-29T06:12:18+05:30,Draft,agent:action_planner,playbook,,,,INC-20260929-42702B
ACT-b30d2af9f518,,POL-GCP,,"SHO, Chintadripet Police Station",Arrest the accused,4.0,,2026-09-29T07:24:18+05:30,Draft,agent:action_planner,playbook,,,,INC-20260929-42702B
ACT-ed5e5037a3d3,,POL-GCP,,Deputy Commissioner of Police,Close,5.0,,2026-09-29T08:36:18+05:30,Draft,agent:action_planner,playbook,,,,INC-20260929-42702B
ACT-dcfe0ecfebe3,,GCC-ELE,,"Assistant Engineer, Ward 3 (Thiruvottiyur zone)",Inspect the feeder pillar,1.0,,2026-09-30T03:09:00+05:30,Draft,agent:action_planner,playbook,,,,INC-20260929-46543F
ACT-c847fb1aa7c0,,GCC-ELE,,"Assistant Engineer, Ward 3 (Thiruvottiyur zone)",Isolate live parts,2.0,,2026-09-30T07:57:00+05:30,Draft,agent:action_planner,playbook,,,,INC-20260929-46543F
ACT-cb56734b753f,,GCC-ELE,,"Assistant Engineer, Ward 3 (Thiruvottiyur zone)",Replace fittings,3.0,,2026-09-30T12:45:00+05:30,Draft,agent:action_planner,playbook,,,,INC-20260929-46543F
ACT-dcb9da9d42b5,,GCC-ELE,,"Assistant Engineer, Ward 3 (Thiruvottiyur zone)",Restore supply,4.0,,2026-09-30T17:33:00+05:30,Draft,agent:action_planner,playbook,,,,INC-20260929-46543F
ACT-d8764dd27b99,,GCC-ELE,,Executive Engineer (Electrical),Close,5.0,,2026-09-30T22:21:00+05:30,Draft,agent:action_planner,playbook,,,,INC-20260929-46543F
ACT-9755a1998165,,TANGEDCO,,Superintending Engineer,Support street lights & electrical hazards response,,,2026-09-30T10:21:00+05:30,Draft,agent:action_planner,coordination,,,,INC-20260929-46543F
ACT-a7bc075011a8,,POL-GCP,,"SHO, Kilpauk Police Station",Respond immediately,1.0,,2026-09-29T11:23:24+05:30,Draft,agent:action_planner,playbook,,,,INC-20260929-47124E
ACT-eddf9a41e32a,,POL-GCP,,"SHO, Kilpauk Police Station",Register the case,2.0,,2026-09-29T12:35:24+05:30,Draft,agent:action_planner,playbook,,,,INC-20260929-47124E
ACT-7e003f4ca6f3,,POL-GCP,,"SHO, Kilpauk Police Station",Protect the victim,3.0,,2026-09-29T13:47:24+05:30,Draft,agent:action_planner,playbook,,,,INC-20260929-47124E
ACT-99e090a4aa25,,POL-GCP,,"SHO, Kilpauk Police Station",Arrest the accused,4.0,,2026-09-29T14:59:24+05:30,Draft,agent:action_planner,playbook,,,,INC-20260929-47124E
ACT-bd1343d8b534,,POL-GCP,,Deputy Commissioner of Police,Close,5.0,,2026-09-29T16:11:24+05:30,Draft,agent:action_planner,playbook,,,,INC-20260929-47124E
ACT-576e06b8f7e3,,POL-GCP,,Deputy Commissioner of Police,Respond immediately,1.0,,2026-09-29T02:21:00+05:30,Draft,agent:action_planner,playbook,,,,INC-20260929-4B3E63
ACT-8009221ff006,,POL-GCP,,Deputy Commissioner of Police,Register the case,2.0,,2026-09-29T03:33:00+05:30,Draft,agent:action_planner,playbook,,,,INC-20260929-4B3E63
ACT-4e78758a9f4f,,POL-GCP,,Deputy Commissioner of Police,Protect the victim,3.0,,2026-09-29T04:45:00+05:30,Draft,agent:action_planner,playbook,,,,INC-20260929-4B3E63
ACT-5400b40a12b7,,POL-GCP,,Deputy Commissioner of Police,Arrest the accused,4.0,,2026-09-29T05:57:00+05:30,Draft,agent:action_planner,playbook,,,,INC-20260929-4B3E63
ACT-6831c7601acd,,POL-GCP,,Deputy Commissioner of Police,Close,5.0,,2026-09-29T07:09:00+05:30,Draft,agent:action_planner,playbook,,,,INC-20260929-4B3E63
ACT-0a6c2818660c,,POL-GCP,,Deputy Commissioner of Police,Respond immediately,1.0,,2026-09-29T15:17:02+05:30,Draft,agent:action_planner,playbook,,,,INC-20260929-4FCCEE
ACT-6fcf298c0082,,POL-GCP,,Deputy Commissioner of Police,Register the case,2.0,,2026-09-29T16:29:02+05:30,Draft,agent:action_planner,playbook,,,,INC-20260929-4FCCEE
ACT-6dd46d822175,,POL-GCP,,Deputy Commissioner of Police,Protect the victim,3.0,,2026-09-29T17:41:02+05:30,Draft,agent:action_planner,playbook,,,,INC-20260929-4FCCEE
ACT-859045324e60,,POL-GCP,,Deputy Commissioner of Police,Arrest the accused,4.0,,2026-09-29T18:53:02+05:30,Draft,agent:action_planner,playbook,,,,INC-20260929-4FCCEE
ACT-3accc702adfa,,POL-GCP,,Deputy Commissioner of Police,Close,5.0,,2026-09-29T20:05:02+05:30,Draft,agent:action_planner,playbook,,,,INC-20260929-4FCCEE
ACT-ae5b884d8e00,,POL-GCP,,Deputy Commissioner of Police,Respond immediately,1.0,,2026-09-29T18:04:59+05:30,Draft,agent:action_planner,playbook,,,,INC-20260929-5057F8
ACT-5398ed83cf89,,POL-GCP,,Deputy Commissioner of Police,Register the case,2.0,,2026-09-29T19:16:59+05:30,Draft,agent:action_planner,playbook,,,,INC-20260929-5057F8
ACT-f817e9fba6a1,,POL-GCP,,Deputy Commissioner of Police,Protect the victim,3.0,,2026-09-29T20:28:59+05:30,Draft,agent:action_planner,playbook,,,,INC-20260929-5057F8
ACT-26a334e8f5f8,,POL-GCP,,Deputy Commissioner of Police,Arrest the accused,4.0,,2026-09-29T21:40:59+05:30,Draft,agent:action_planner,playbook,,,,INC-20260929-5057F8
ACT-432762ca3e59,,POL-GCP,,Deputy Commissioner of Police,Close,5.0,,2026-09-29T22:52:59+05:30,Draft,agent:action_planner,playbook,,,,INC-20260929-5057F8
ACT-15348d900437,,POL-GCP,,Deputy Commissioner of Police,Respond immediately,1.0,,2026-09-29T13:53:58+05:30,Draft,agent:action_planner,playbook,,,,INC-20260929-536A6C
ACT-f2ef6a47e6df,,POL-GCP,,Deputy Commissioner of Police,Register the case,2.0,,2026-09-29T15:05:58+05:30,Draft,agent:action_planner,playbook,,,,INC-20260929-536A6C
ACT-f6ccfa32b598,,POL-GCP,,Deputy Commissioner of Police,Protect the victim,3.0,,2026-09-29T16:17:58+05:30,Draft,agent:action_planner,playbook,,,,INC-20260929-536A6C
ACT-18f705c76b0a,,POL-GCP,,Deputy Commissioner of Police,Arrest the accused,4.0,,2026-09-29T17:29:58+05:30,Draft,agent:action_planner,playbook,,,,INC-20260929-536A6C
ACT-52fef3d4931c,,POL-GCP,,Deputy Commissioner of Police,Close,5.0,,2026-09-29T18:41:58+05:30,Draft,agent:action_planner,playbook,,,,INC-20260929-536A6C
ACT-cad42aa5664e,,HLT-DMS,,Director of Medical Services,Source reduction and fogging,1.0,,2026-09-29T02:24:00+05:30,Draft,agent:action_planner,playbook,,,,INC-20260929-68BB95
ACT-4260879bdac3,,HLT-DMS,,Director of Medical Services,Door-to-door fever survey,2.0,,2026-09-29T04:48:00+05:30,Draft,agent:action_planner,playbook,,,,INC-20260929-68BB95
ACT-47794ae78060,,HLT-DMS,,Director of Medical Services,Hold a fever camp,3.0,,2026-09-29T07:12:00+05:30,Draft,agent:action_planner,playbook,,,,INC-20260929-68BB95
ACT-80472dd88fd4,,HLT-DMS,,Director of Medical Services,Clear stagnant water,4.0,,2026-09-29T09:36:00+05:30,Draft,agent:action_planner,playbook,,,,INC-20260929-68BB95
ACT-ae2eb2659fc6,,HLT-DMS,,Director of Medical Services,Send daily situation report,5.0,,2026-09-29T12:00:00+05:30,Draft,agent:action_planner,playbook,,,,INC-20260929-68BB95
ACT-fb7115d56a22,,GCC-SWD,,Superintending Engineer (SWD),Support vector- & water-borne disease response,,,2026-09-29T06:00:00+05:30,Draft,agent:action_planner,coordination,,,,INC-20260929-68BB95
ACT-69ca40147e72,,GCC-ELE,,"Assistant Engineer, Ward 188 (Perungudi zone)",Inspect the feeder pillar,1.0,,2026-09-29T16:22:00+05:30,Draft,agent:action_planner,playbook,,,,INC-20260929-6AAA9D
ACT-8eba1811bc88,,GCC-ELE,,"Assistant Engineer, Ward 188 (Perungudi zone)",Isolate live parts,2.0,,2026-09-29T21:10:00+05:30,Draft,agent:action_planner,playbook,,,,INC-20260929-6AAA9D
ACT-ccef4d3dcaf2,,GCC-ELE,,"Assistant Engineer, Ward 188 (Perungudi zone)",Replace fittings,3.0,,2026-09-30T01:58:00+05:30,Draft,agent:action_planner,playbook,,,,INC-20260929-6AAA9D
ACT-67815ba29fcf,,GCC-ELE,,"Assistant Engineer, Ward 188 (Perungudi zone)",Restore supply,4.0,,2026-09-30T06:46:00+05:30,Draft,agent:action_planner,playbook,,,,INC-20260929-6AAA9D
ACT-752c7c4c7baa,,GCC-ELE,,Executive Engineer (Electrical),Close,5.0,,2026-09-30T11:34:00+05:30,Draft,agent:action_planner,playbook,,,,INC-20260929-6AAA9D
ACT-f0be0cebf017,,TANGEDCO,,Superintending Engineer,Support street lights & electrical hazards response,,,2026-09-29T23:34:00+05:30,Draft,agent:action_planner,coordination,,,,INC-20260929-6AAA9D
ACT-9848bbec3361,,POL-GCP,,Deputy Commissioner of Police,Respond immediately,1.0,,2026-09-29T17:04:25+05:30,Draft,agent:action_planner,playbook,,,,INC-20260929-70AACF
ACT-e655eea2744c,,POL-GCP,,Deputy Commissioner of Police,Register the case,2.0,,2026-09-29T18:16:25+05:30,Draft,agent:action_planner,playbook,,,,INC-20260929-70AACF
ACT-55b05ea7da52,,POL-GCP,,Deputy Commissioner of Police,Protect the victim,3.0,,2026-09-29T19:28:25+05:30,Draft,agent:action_planner,playbook,,,,INC-20260929-70AACF
ACT-a1042aa85603,,POL-GCP,,Deputy Commissioner of Police,Arrest the accused,4.0,,2026-09-29T20:40:25+05:30,Draft,agent:action_planner,playbook,,,,INC-20260929-70AACF
ACT-39297231328b,,POL-GCP,,Deputy Commissioner of Police,Close,5.0,,2026-09-29T21:52:25+05:30,Draft,agent:action_planner,playbook,,,,INC-20260929-70AACF
ACT-60411b5f2cb0,,POL-GCP,,"SHO, Adambakkam Police Station",Deploy personnel,1.0,,2026-09-29T13:50:08+05:30,Draft,agent:action_planner,playbook,,,,INC-20260929-86323E
ACT-86ea858229ac,,POL-GCP,,"SHO, Adambakkam Police Station",Manage crowd and traffic,2.0,,2026-09-29T15:02:08+05:30,Draft,agent:action_planner,playbook,,,,INC-20260929-86323E
ACT-79fb830778d6,,POL-GCP,,"SHO, Adambakkam Police Station",Engage organisers,3.0,,2026-09-29T16:14:08+05:30,Draft,agent:action_planner,playbook,,,,INC-20260929-86323E
ACT-61e21fe7149f,,POL-GCP,,"SHO, Adambakkam Police Station",Document the event,4.0,,2026-09-29T17:26:08+05:30,Draft,agent:action_planner,playbook,,,,INC-20260929-86323E
ACT-3a9c4e8aceb1,,POL-GCP,,Deputy Commissioner of Police,Close,5.0,,2026-09-29T18:38:08+05:30,Draft,agent:action_planner,playbook,,,,INC-20260929-86323E
ACT-30ac14a50eeb,,DIST-REV,,District Revenue Officer,Support protests & public nuisance response,,,2026-09-29T15:38:08+05:30,Draft,agent:action_planner,coordination,,,,INC-20260929-86323E
ACT-c84d7b6be6cf,,POL-GCP,,"SHO, Royapuram Police Station",Send patrol and ambulance,1.0,,2026-09-29T22:28:47+05:30,Draft,agent:action_planner,playbook,,,,INC-20260929-98ABEA
ACT-115d07ddf435,,POL-GCP,,"SHO, Royapuram Police Station",Clear the carriageway,2.0,,2026-09-29T23:40:47+05:30,Draft,agent:action_planner,playbook,,,,INC-20260929-98ABEA
ACT-a71c473a3b82,,POL-GCP,,"SHO, Royapuram Police Station",Register the case,3.0,,2026-09-30T00:52:47+05:30,Draft,agent:action_planner,playbook,,,,INC-20260929-98ABEA
ACT-9c0d96ac2b2f,,POL-GCP,,"SHO, Royapuram Police Station",Check road defects at the spot,4.0,,2026-09-30T02:04:47+05:30,Draft,agent:action_planner,playbook,,,,INC-20260929-98ABEA
ACT-efebe35531f7,,POL-GCP,,Deputy Commissioner of Police,Close with report,5.0,,2026-09-30T03:16:47+05:30,Draft,agent:action_planner,playbook,,,,INC-20260929-98ABEA
ACT-ad92633c428f,,GCC-ENG,,Superintending Engineer,Support road accident response,,,2026-09-30T00:16:47+05:30,Draft,agent:action_planner,coordination,,,,INC-20260929-98ABEA
ACT-e37f8f7e6d8f,,HLT-DMS,,Director of Medical Services,Support road accident response,,,2026-09-30T00:16:47+05:30,Draft,agent:action_planner,coordination,,,,INC-20260929-98ABEA
ACT-a05caea858e5,,POL-GCP,,"SHO, Thoraipakkam Police Station",Respond immediately,1.0,,2026-09-29T15:49:50+05:30,Draft,agent:action_planner,playbook,,,,INC-20260929-9B4EE1
ACT-c22be52a8396,,POL-GCP,,"SHO, Thoraipakkam Police Station",Register the case,2.0,,2026-09-29T17:01:50+05:30,Draft,agent:action_planner,playbook,,,,INC-20260929-9B4EE1
ACT-2d3eb1b26261,,POL-GCP,,"SHO, Thoraipakkam Police Station",Protect the victim,3.0,,2026-09-29T18:13:50+05:30,Draft,agent:action_planner,playbook,,,,INC-20260929-9B4EE1
ACT-2b3a746b3f46,,POL-GCP,,"SHO, Thoraipakkam Police Station",Arrest the accused,4.0,,2026-09-29T19:25:50+05:30,Draft,agent:action_planner,playbook,,,,INC-20260929-9B4EE1
ACT-879ab1b9982e,,POL-GCP,,Deputy Commissioner of Police,Close,5.0,,2026-09-29T20:37:50+05:30,Draft,agent:action_planner,playbook,,,,INC-20260929-9B4EE1
ACT-b1745e45641d,,POL-GCP,,Deputy Commissioner of Police,Respond immediately,1.0,,2026-09-29T18:53:39+05:30,Draft,agent:action_planner,playbook,,,,INC-20260929-9C29E0
ACT-6f7ac07574f8,,POL-GCP,,Deputy Commissioner of Police,Register the case,2.0,,2026-09-29T20:05:39+05:30,Draft,agent:action_planner,playbook,,,,INC-20260929-9C29E0
ACT-2ca0970c4ca8,,POL-GCP,,Deputy Commissioner of Police,Protect the victim,3.0,,2026-09-29T21:17:39+05:30,Draft,agent:action_planner,playbook,,,,INC-20260929-9C29E0
ACT-55f5bc80788c,,POL-GCP,,Deputy Commissioner of Police,Arrest the accused,4.0,,2026-09-29T22:29:39+05:30,Draft,agent:action_planner,playbook,,,,INC-20260929-9C29E0
ACT-f1b02d126bcc,,POL-GCP,,Deputy Commissioner of Police,Close,5.0,,2026-09-29T23:41:39+05:30,Draft,agent:action_planner,playbook,,,,INC-20260929-9C29E0
ACT-015392693f54,,POL-GCP,,"SHO, Kannagi Nagar Police Station",Send patrol and ambulance,1.0,,2026-09-29T21:06:36+05:30,Draft,agent:action_planner,playbook,,,,INC-20260929-A7F8AC
ACT-a40a15be65bc,,POL-GCP,,"SHO, Kannagi Nagar Police Station",Clear the carriageway,2.0,,2026-09-29T22:18:36+05:30,Draft,agent:action_planner,playbook,,,,INC-20260929-A7F8AC
ACT-c494b38c2b43,,POL-GCP,,"SHO, Kannagi Nagar Police Station",Register the case,3.0,,2026-09-29T23:30:36+05:30,Draft,agent:action_planner,playbook,,,,INC-20260929-A7F8AC
ACT-7defe1df1067,,POL-GCP,,"SHO, Kannagi Nagar Police Station",Check road defects at the spot,4.0,,2026-09-30T00:42:36+05:30,Draft,agent:action_planner,playbook,,,,INC-20260929-A7F8AC
ACT-ec75122bad94,,POL-GCP,,Deputy Commissioner of Police,Close with report,5.0,,2026-09-30T01:54:36+05:30,Draft,agent:action_planner,playbook,,,,INC-20260929-A7F8AC
ACT-30cdfc857f0f,,GCC-ENG,,Superintending Engineer,Support road accident response,,,2026-09-29T22:54:36+05:30,Draft,agent:action_planner,coordination,,,,INC-20260929-A7F8AC
ACT-69717ddd7315,,HLT-DMS,,Director of Medical Services,Support road accident response,,,2026-09-29T22:54:36+05:30,Draft,agent:action_planner,coordination,,,,INC-20260929-A7F8AC
ACT-59dd9da0b114,,POL-GCP,,Deputy Commissioner of Police,Respond immediately,1.0,,2026-09-29T17:26:37+05:30,Draft,agent:action_planner,playbook,,,,INC-20260929-B764D9
ACT-7af718ecda74,,POL-GCP,,Deputy Commissioner of Police,Register the case,2.0,,2026-09-29T18:38:37+05:30,Draft,agent:action_planner,playbook,,,,INC-20260929-B764D9
ACT-dec16572eff6,,POL-GCP,,Deputy Commissioner of Police,Protect the victim,3.0,,2026-09-29T19:50:37+05:30,Draft,agent:action_planner,playbook,,,,INC-20260929-B764D9
ACT-7a49ffaf1161,,POL-GCP,,Deputy Commissioner of Police,Arrest the accused,4.0,,2026-09-29T21:02:37+05:30,Draft,agent:action_planner,playbook,,,,INC-20260929-B764D9
ACT-3e67b9e42521,,POL-GCP,,Deputy Commissioner of Police,Close,5.0,,2026-09-29T22:14:37+05:30,Draft,agent:action_planner,playbook,,,,INC-20260929-B764D9
ACT-afc96cc5d18a,,POL-GCP,,Deputy Commissioner of Police,Respond immediately,1.0,,2026-09-29T18:04:59+05:30,Draft,agent:action_planner,playbook,,,,INC-20260929-B89D38
ACT-31cd1658f3c6,,POL-GCP,,Deputy Commissioner of Police,Register the case,2.0,,2026-09-29T19:16:59+05:30,Draft,agent:action_planner,playbook,,,,INC-20260929-B89D38
ACT-9fd212ae2ae7,,POL-GCP,,Deputy Commissioner of Police,Protect the victim,3.0,,2026-09-29T20:28:59+05:30,Draft,agent:action_planner,playbook,,,,INC-20260929-B89D38
ACT-559a0176e8ea,,POL-GCP,,Deputy Commissioner of Police,Arrest the accused,4.0,,2026-09-29T21:40:59+05:30,Draft,agent:action_planner,playbook,,,,INC-20260929-B89D38
ACT-447a0103d08a,,POL-GCP,,Deputy Commissioner of Police,Close,5.0,,2026-09-29T22:52:59+05:30,Draft,agent:action_planner,playbook,,,,INC-20260929-B89D38
ACT-fef92f477520,,POL-GCP,,Deputy Commissioner of Police,Respond immediately,1.0,,2026-09-29T15:18:55+05:30,Draft,agent:action_planner,playbook,,,,INC-20260929-BC3863
ACT-1ef3194a085e,,POL-GCP,,Deputy Commissioner of Police,Register the case,2.0,,2026-09-29T16:30:55+05:30,Draft,agent:action_planner,playbook,,,,INC-20260929-BC3863
ACT-0ebca132d5f2,,POL-GCP,,Deputy Commissioner of Police,Protect the victim,3.0,,2026-09-29T17:42:55+05:30,Draft,agent:action_planner,playbook,,,,INC-20260929-BC3863
ACT-6694d1cc35c9,,POL-GCP,,Deputy Commissioner of Police,Arrest the accused,4.0,,2026-09-29T18:54:55+05:30,Draft,agent:action_planner,playbook,,,,INC-20260929-BC3863
ACT-4dbcebd10864,,POL-GCP,,Deputy Commissioner of Police,Close,5.0,,2026-09-29T20:06:55+05:30,Draft,agent:action_planner,playbook,,,,INC-20260929-BC3863
ACT-d67106ee8fda,,POL-GCP,,"SHO, Pazhavanthangal Police Station",Respond immediately,1.0,,2026-09-29T02:05:44+05:30,Draft,agent:action_planner,playbook,,,,INC-20260929-C413AB
ACT-3111d781535b,,POL-GCP,,"SHO, Pazhavanthangal Police Station",Register the case,2.0,,2026-09-29T03:17:44+05:30,Draft,agent:action_planner,playbook,,,,INC-20260929-C413AB
ACT-320adc79fcaf,,POL-GCP,,"SHO, Pazhavanthangal Police Station",Protect the victim,3.0,,2026-09-29T04:29:44+05:30,Draft,agent:action_planner,playbook,,,,INC-20260929-C413AB
ACT-a8f702f6cf70,,POL-GCP,,"SHO, Pazhavanthangal Police Station",Arrest the accused,4.0,,2026-09-29T05:41:44+05:30,Draft,agent:action_planner,playbook,,,,INC-20260929-C413AB
ACT-572cb51ffc70,,POL-GCP,,Deputy Commissioner of Police,Close,5.0,,2026-09-29T06:53:44+05:30,Draft,agent:action_planner,playbook,,,,INC-20260929-C413AB
ACT-196bf260873e,,POL-GCP,,"SHO, Neelankarai Police Station",Respond immediately,1.0,,2026-09-29T23:07:22+05:30,Draft,agent:action_planner,playbook,,,,INC-20260929-C7C6B3
ACT-7bad473e5cb8,,POL-GCP,,"SHO, Neelankarai Police Station",Register the case,2.0,,2026-09-30T00:19:22+05:30,Draft,agent:action_planner,playbook,,,,INC-20260929-C7C6B3
ACT-1c196292870b,,POL-GCP,,"SHO, Neelankarai Police Station",Protect the victim,3.0,,2026-09-30T01:31:22+05:30,Draft,agent:action_planner,playbook,,,,INC-20260929-C7C6B3
ACT-ddeeb5d433a1,,POL-GCP,,"SHO, Neelankarai Police Station",Arrest the accused,4.0,,2026-09-30T02:43:22+05:30,Draft,agent:action_planner,playbook,,,,INC-20260929-C7C6B3
ACT-4d809433cd93,,POL-GCP,,Deputy Commissioner of Police,Close,5.0,,2026-09-30T03:55:22+05:30,Draft,agent:action_planner,playbook,,,,INC-20260929-C7C6B3
ACT-0660e518888e,,POL-GCP,,"SHO, Mambalam Police Station",Respond immediately,1.0,,2026-09-29T14:09:49+05:30,Draft,agent:action_planner,playbook,,,,INC-20260929-C848B5
ACT-6937ce0ff485,,POL-GCP,,"SHO, Mambalam Police Station",Register the case,2.0,,2026-09-29T15:21:49+05:30,Draft,agent:action_planner,playbook,,,,INC-20260929-C848B5
ACT-d66dbf2f7a68,,POL-GCP,,"SHO, Mambalam Police Station",Protect the victim,3.0,,2026-09-29T16:33:49+05:30,Draft,agent:action_planner,playbook,,,,INC-20260929-C848B5
ACT-e883952d7860,,POL-GCP,,"SHO, Mambalam Police Station",Arrest the accused,4.0,,2026-09-29T17:45:49+05:30,Draft,agent:action_planner,playbook,,,,INC-20260929-C848B5
ACT-21d0e7f6de29,,POL-GCP,,Deputy Commissioner of Police,Close,5.0,,2026-09-29T18:57:49+05:30,Draft,agent:action_planner,playbook,,,,INC-20260929-C848B5
ACT-86457fbd8ee7,,POL-GCP,,"SHO, Manali Police Station",Register the complaint,1.0,,2026-09-29T23:17:07+05:30,Draft,agent:action_planner,playbook,,,,INC-20260929-C90BFC
ACT-41b5cbb8d914,,POL-GCP,,"SHO, Manali Police Station",Circulate details,2.0,,2026-09-30T01:41:07+05:30,Draft,agent:action_planner,playbook,,,,INC-20260929-C90BFC
ACT-2043f22ed37e,,POL-GCP,,"SHO, Manali Police Station",Search,3.0,,2026-09-30T04:05:07+05:30,Draft,agent:action_planner,playbook,,,,INC-20260929-C90BFC
ACT-22e0fd661b96,,POL-GCP,,"SHO, Manali Police Station",Trace,4.0,,2026-09-30T06:29:07+05:30,Draft,agent:action_planner,playbook,,,,INC-20260929-C90BFC
ACT-87c29198996c,,POL-GCP,,Deputy Commissioner of Police,Close,5.0,,2026-09-30T08:53:07+05:30,Draft,agent:action_planner,playbook,,,,INC-20260929-C90BFC
ACT-de895b4f5808,,POL-GCP,,Deputy Commissioner of Police,Respond immediately,1.0,,2026-09-29T14:38:28+05:30,Draft,agent:action_planner,playbook,,,,INC-20260929-D35C51
ACT-069fa4450642,,POL-GCP,,Deputy Commissioner of Police,Register the case,2.0,,2026-09-29T15:50:28+05:30,Draft,agent:action_planner,playbook,,,,INC-20260929-D35C51
ACT-01ed4e852d96,,POL-GCP,,Deputy Commissioner of Police,Protect the victim,3.0,,2026-09-29T17:02:28+05:30,Draft,agent:action_planner,playbook,,,,INC-20260929-D35C51
ACT-bedf0d67ca9e,,POL-GCP,,Deputy Commissioner of Police,Arrest the accused,4.0,,2026-09-29T18:14:28+05:30,Draft,agent:action_planner,playbook,,,,INC-20260929-D35C51
ACT-83cf982db356,,POL-GCP,,Deputy Commissioner of Police,Close,5.0,,2026-09-29T19:26:28+05:30,Draft,agent:action_planner,playbook,,,,INC-20260929-D35C51
ACT-ff088abdc3e7,,POL-GCP,,"SHO, Thirumangalam Police Station",Send patrol and ambulance,1.0,,2026-09-29T23:57:23+05:30,Draft,agent:action_planner,playbook,,,,INC-20260929-D487B8
ACT-9a309371eebf,,POL-GCP,,"SHO, Thirumangalam Police Station",Clear the carriageway,2.0,,2026-09-30T01:09:23+05:30,Draft,agent:action_planner,playbook,,,,INC-20260929-D487B8
ACT-5a4287defc00,,POL-GCP,,"SHO, Thirumangalam Police Station",Register the case,3.0,,2026-09-30T02:21:23+05:30,Draft,agent:action_planner,playbook,,,,INC-20260929-D487B8
ACT-82813797a787,,POL-GCP,,"SHO, Thirumangalam Police Station",Check road defects at the spot,4.0,,2026-09-30T03:33:23+05:30,Draft,agent:action_planner,playbook,,,,INC-20260929-D487B8
ACT-665bd66d1125,,POL-GCP,,Deputy Commissioner of Police,Close with report,5.0,,2026-09-30T04:45:23+05:30,Draft,agent:action_planner,playbook,,,,INC-20260929-D487B8
ACT-7ec576cf0673,,GCC-ENG,,Superintending Engineer,Support road accident response,,,2026-09-30T01:45:23+05:30,Draft,agent:action_planner,coordination,,,,INC-20260929-D487B8
ACT-c960bca788bf,,HLT-DMS,,Director of Medical Services,Support road accident response,,,2026-09-30T01:45:23+05:30,Draft,agent:action_planner,coordination,,,,INC-20260929-D487B8
ACT-8a73cca260b7,,POL-GCP,,Deputy Commissioner of Police,Send patrol and ambulance,1.0,,2026-09-30T00:51:24+05:30,Draft,agent:action_planner,playbook,,,,INC-20260929-DCC4C6
ACT-0ea4365e97cf,,POL-GCP,,Deputy Commissioner of Police,Clear the carriageway,2.0,,2026-09-30T02:03:24+05:30,Draft,agent:action_planner,playbook,,,,INC-20260929-DCC4C6
ACT-75c9d03514a3,,POL-GCP,,Deputy Commissioner of Police,Register the case,3.0,,2026-09-30T03:15:24+05:30,Draft,agent:action_planner,playbook,,,,INC-20260929-DCC4C6
ACT-70c214b44825,,POL-GCP,,Deputy Commissioner of Police,Check road defects at the spot,4.0,,2026-09-30T04:27:24+05:30,Draft,agent:action_planner,playbook,,,,INC-20260929-DCC4C6
ACT-b437a547406d,,POL-GCP,,Deputy Commissioner of Police,Close with report,5.0,,2026-09-30T05:39:24+05:30,Draft,agent:action_planner,playbook,,,,INC-20260929-DCC4C6
ACT-247779dcca74,,GCC-ENG,,Superintending Engineer,Support road accident response,,,2026-09-30T02:39:24+05:30,Draft,agent:action_planner,coordination,,,,INC-20260929-DCC4C6
ACT-9dcd72ab1547,,HLT-DMS,,Director of Medical Services,Support road accident response,,,2026-09-30T02:39:24+05:30,Draft,agent:action_planner,coordination,,,,INC-20260929-DCC4C6
ACT-6bd764a0a9e5,,POL-GCP,,Deputy Commissioner of Police,Respond immediately,1.0,,2026-09-29T15:24:36+05:30,Draft,agent:action_planner,playbook,,,,INC-20260929-DF1F36
ACT-7076a0b91059,,POL-GCP,,Deputy Commissioner of Police,Register the case,2.0,,2026-09-29T16:36:36+05:30,Draft,agent:action_planner,playbook,,,,INC-20260929-DF1F36
ACT-ce13b9b86fd2,,POL-GCP,,Deputy Commissioner of Police,Protect the victim,3.0,,2026-09-29T17:48:36+05:30,Draft,agent:action_planner,playbook,,,,INC-20260929-DF1F36
ACT-924b4b7fb69c,,POL-GCP,,Deputy Commissioner of Police,Arrest the accused,4.0,,2026-09-29T19:00:36+05:30,Draft,agent:action_planner,playbook,,,,INC-20260929-DF1F36
ACT-117fb4adb189,,POL-GCP,,Deputy Commissioner of Police,Close,5.0,,2026-09-29T20:12:36+05:30,Draft,agent:action_planner,playbook,,,,INC-20260929-DF1F36
ACT-7dba00033b79,,GCC-ELE,,"Assistant Engineer, Ward 53 (Royapuram zone)",Inspect the feeder pillar,1.0,,2026-09-30T01:00:00+05:30,Draft,agent:action_planner,playbook,,,,INC-20260929-E2B72C
ACT-b91150bfea90,,GCC-ELE,,"Assistant Engineer, Ward 53 (Royapuram zone)",Isolate live parts,2.0,,2026-09-30T05:48:00+05:30,Draft,agent:action_planner,playbook,,,,INC-20260929-E2B72C
ACT-51b76921e69f,,GCC-ELE,,"Assistant Engineer, Ward 53 (Royapuram zone)",Replace fittings,3.0,,2026-09-30T10:36:00+05:30,Draft,agent:action_planner,playbook,,,,INC-20260929-E2B72C
ACT-941bf6a6ce6e,,GCC-ELE,,"Assistant Engineer, Ward 53 (Royapuram zone)",Restore supply,4.0,,2026-09-30T15:24:00+05:30,Draft,agent:action_planner,playbook,,,,INC-20260929-E2B72C
ACT-2c0a112c9d3f,,GCC-ELE,,Executive Engineer (Electrical),Close,5.0,,2026-09-30T20:12:00+05:30,Draft,agent:action_planner,playbook,,,,INC-20260929-E2B72C
ACT-8a091e998945,,TANGEDCO,,Superintending Engineer,Support street lights & electrical hazards response,,,2026-09-30T08:12:00+05:30,Draft,agent:action_planner,coordination,,,,INC-20260929-E2B72C
ACT-0c20c0604f0b,,POL-GCP,,"SHO, Saidapet Police Station",Respond immediately,1.0,,2026-09-29T04:02:48+05:30,Draft,agent:action_planner,playbook,,,,INC-20260929-E94106
ACT-79575abd269c,,POL-GCP,,"SHO, Saidapet Police Station",Register the case,2.0,,2026-09-29T05:14:48+05:30,Draft,agent:action_planner,playbook,,,,INC-20260929-E94106
ACT-54791da34a0b,,POL-GCP,,"SHO, Saidapet Police Station",Protect the victim,3.0,,2026-09-29T06:26:48+05:30,Draft,agent:action_planner,playbook,,,,INC-20260929-E94106
ACT-bb7023e6d6ea,,POL-GCP,,"SHO, Saidapet Police Station",Arrest the accused,4.0,,2026-09-29T07:38:48+05:30,Draft,agent:action_planner,playbook,,,,INC-20260929-E94106
ACT-5c6c1071af14,,POL-GCP,,Deputy Commissioner of Police,Close,5.0,,2026-09-29T08:50:48+05:30,Draft,agent:action_planner,playbook,,,,INC-20260929-E94106
ACT-8270e4d816cb,,POL-GCP,,Deputy Commissioner of Police,Respond immediately,1.0,,2026-09-29T17:04:25+05:30,Draft,agent:action_planner,playbook,,,,INC-20260929-E9C086
ACT-8a03217b06c3,,POL-GCP,,Deputy Commissioner of Police,Register the case,2.0,,2026-09-29T18:16:25+05:30,Draft,agent:action_planner,playbook,,,,INC-20260929-E9C086
ACT-1813592ea4bb,,POL-GCP,,Deputy Commissioner of Police,Protect the victim,3.0,,2026-09-29T19:28:25+05:30,Draft,agent:action_planner,playbook,,,,INC-20260929-E9C086
ACT-ba86ed1dc78c,,POL-GCP,,Deputy Commissioner of Police,Arrest the accused,4.0,,2026-09-29T20:40:25+05:30,Draft,agent:action_planner,playbook,,,,INC-20260929-E9C086
ACT-0c1bfaf3ab4e,,POL-GCP,,Deputy Commissioner of Police,Close,5.0,,2026-09-29T21:52:25+05:30,Draft,agent:action_planner,playbook,,,,INC-20260929-E9C086
ACT-39cc2c2e8112,,POL-GCP,,Deputy Commissioner of Police,Respond immediately,1.0,,2026-09-29T15:32:32+05:30,Draft,agent:action_planner,playbook,,,,INC-20260929-F0A4F5
ACT-8993342c22bb,,POL-GCP,,Deputy Commissioner of Police,Register the case,2.0,,2026-09-29T16:44:32+05:30,Draft,agent:action_planner,playbook,,,,INC-20260929-F0A4F5
ACT-8f17f0c7cdd3,,POL-GCP,,Deputy Commissioner of Police,Protect the victim,3.0,,2026-09-29T17:56:32+05:30,Draft,agent:action_planner,playbook,,,,INC-20260929-F0A4F5
ACT-39e094abca2b,,POL-GCP,,Deputy Commissioner of Police,Arrest the accused,4.0,,2026-09-29T19:08:32+05:30,Draft,agent:action_planner,playbook,,,,INC-20260929-F0A4F5
ACT-70fa8e90337d,,POL-GCP,,Deputy Commissioner of Police,Close,5.0,,2026-09-29T20:20:32+05:30,Draft,agent:action_planner,playbook,,,,INC-20260929-F0A4F5
ACT-a62ebc71e54f,,POL-GCP,,Deputy Commissioner of Police,Respond immediately,1.0,,2026-09-29T14:44:28+05:30,Draft,agent:action_planner,playbook,,,,INC-20260929-FAB982
ACT-533e8590810f,,POL-GCP,,Deputy Commissioner of Police,Register the case,2.0,,2026-09-29T15:56:28+05:30,Draft,agent:action_planner,playbook,,,,INC-20260929-FAB982
ACT-99ea67e16064,,POL-GCP,,Deputy Commissioner of Police,Protect the victim,3.0,,2026-09-29T17:08:28+05:30,Draft,agent:action_planner,playbook,,,,INC-20260929-FAB982
ACT-fc1c5095afe8,,POL-GCP,,Deputy Commissioner of Police,Arrest the accused,4.0,,2026-09-29T18:20:28+05:30,Draft,agent:action_planner,playbook,,,,INC-20260929-FAB982
ACT-862fe7376d27,,POL-GCP,,Deputy Commissioner of Police,Close,5.0,,2026-09-29T19:32:28+05:30,Draft,agent:action_planner,playbook,,,,INC-20260929-FAB982
ACT-32010daf49e4,,POL-GCP,,"SHO, Vyasarpadi Police Station",Send patrol and ambulance,1.0,,2026-09-29T04:34:32+05:30,Draft,agent:action_planner,playbook,,,,INC-20260929-FB4536
ACT-eb9f15d1f585,,POL-GCP,,"SHO, Vyasarpadi Police Station",Clear the carriageway,2.0,,2026-09-29T05:46:32+05:30,Draft,agent:action_planner,playbook,,,,INC-20260929-FB4536
ACT-60aaf3bc07d2,,POL-GCP,,"SHO, Vyasarpadi Police Station",Register the case,3.0,,2026-09-29T06:58:32+05:30,Draft,agent:action_planner,playbook,,,,INC-20260929-FB4536
ACT-ea8c56163099,,POL-GCP,,"SHO, Vyasarpadi Police Station",Check road defects at the spot,4.0,,2026-09-29T08:10:32+05:30,Draft,agent:action_planner,playbook,,,,INC-20260929-FB4536
ACT-304816da34f5,,POL-GCP,,Deputy Commissioner of Police,Close with report,5.0,,2026-09-29T09:22:32+05:30,Draft,agent:action_planner,playbook,,,,INC-20260929-FB4536
ACT-b7188bfe16e6,,GCC-ENG,,Superintending Engineer,Support road accident response,,,2026-09-29T06:22:32+05:30,Draft,agent:action_planner,coordination,,,,INC-20260929-FB4536
ACT-a26eb1984bd7,,HLT-DMS,,Director of Medical Services,Support road accident response,,,2026-09-29T06:22:32+05:30,Draft,agent:action_planner,coordination,,,,INC-20260929-FB4536
ACT-5dcb0e2f9c6d,,POL-GCP,,Deputy Commissioner of Police,Respond immediately,1.0,,2026-09-29T17:49:01+05:30,Draft,agent:action_planner,playbook,,,,INC-20260929-FB7AE9
ACT-c7958edb8df4,,POL-GCP,,Deputy Commissioner of Police,Register the case,2.0,,2026-09-29T19:01:01+05:30,Draft,agent:action_planner,playbook,,,,INC-20260929-FB7AE9
ACT-3dab0587a348,,POL-GCP,,Deputy Commissioner of Police,Protect the victim,3.0,,2026-09-29T20:13:01+05:30,Draft,agent:action_planner,playbook,,,,INC-20260929-FB7AE9
ACT-34a75f9e87c4,,POL-GCP,,Deputy Commissioner of Police,Arrest the accused,4.0,,2026-09-29T21:25:01+05:30,Draft,agent:action_planner,playbook,,,,INC-20260929-FB7AE9
ACT-2b04a864321f,,POL-GCP,,Deputy Commissioner of Police,Close,5.0,,2026-09-29T22:37:01+05:30,Draft,agent:action_planner,playbook,,,,INC-20260929-FB7AE9
ACT-461a3693fe9b,,PWD-WRD,,"Assistant Executive Engineer, Water Bodies Protection (Encroachment) Cell (S. Palanisamy)",Inspect the structure,1.0,,2026-09-30T07:09:02+05:30,Draft,agent:action_planner,playbook,,,,INC-20260930-030D94
ACT-a1b9d83346a6,,PWD-WRD,,"Assistant Executive Engineer, Water Bodies Protection (Encroachment) Cell (S. Palanisamy)",Warn downstream residents,2.0,,2026-09-30T08:21:02+05:30,Draft,agent:action_planner,playbook,,,,INC-20260930-030D94
ACT-1b4229e3a5b8,,PWD-WRD,,"Assistant Executive Engineer, Water Bodies Protection (Encroachment) Cell (S. Palanisamy)",Carry out repair,3.0,,2026-09-30T09:33:02+05:30,Draft,agent:action_planner,playbook,,,,INC-20260930-030D94
ACT-a50a4a692f41,,PWD-WRD,,"Assistant Executive Engineer, Water Bodies Protection (Encroachment) Cell (S. Palanisamy)",Monitor water level for 48 h,4.0,,2026-09-30T10:45:02+05:30,Draft,agent:action_planner,playbook,,,,INC-20260930-030D94
ACT-fd41ecb9fa01,,PWD-WRD,,Superintending Engineer (WRD),Submit report,5.0,,2026-09-30T11:57:02+05:30,Draft,agent:action_planner,playbook,,,,INC-20260930-030D94
ACT-9974e11b5f9c,,DIST-DM,,District Revenue Officer (Disaster),"Support lakes, bunds & sluices response",,,2026-09-30T08:57:02+05:30,Draft,agent:action_planner,coordination,,,,INC-20260930-030D94
ACT-0f49012595e7,,POL-GCP,,Deputy Commissioner of Police,Respond immediately,1.0,,2026-09-30T09:16:47+05:30,Draft,agent:action_planner,playbook,,,,INC-20260930-0ABD69
ACT-976fc36d1785,,POL-GCP,,Deputy Commissioner of Police,Register the case,2.0,,2026-09-30T10:28:47+05:30,Draft,agent:action_planner,playbook,,,,INC-20260930-0ABD69
ACT-d24a9add4226,,POL-GCP,,Deputy Commissioner of Police,Protect the victim,3.0,,2026-09-30T11:40:47+05:30,Draft,agent:action_planner,playbook,,,,INC-20260930-0ABD69
ACT-62bcfa02ace1,,POL-GCP,,Deputy Commissioner of Police,Arrest the accused,4.0,,2026-09-30T12:52:47+05:30,Draft,agent:action_planner,playbook,,,,INC-20260930-0ABD69
ACT-0724c0518cd3,,POL-GCP,,Deputy Commissioner of Police,Close,5.0,,2026-09-30T14:04:47+05:30,Draft,agent:action_planner,playbook,,,,INC-20260930-0ABD69
ACT-e793d51153e5,,POL-GCP,,Deputy Commissioner of Police,Respond immediately,1.0,,2026-09-30T21:24:25+05:30,Draft,agent:action_planner,playbook,,,,INC-20260930-15AD24
ACT-e9a7beb31c31,,POL-GCP,,Deputy Commissioner of Police,Register the case,2.0,,2026-09-30T22:36:25+05:30,Draft,agent:action_planner,playbook,,,,INC-20260930-15AD24
ACT-87308c9c4d97,,POL-GCP,,Deputy Commissioner of Police,Protect the victim,3.0,,2026-09-30T23:48:25+05:30,Draft,agent:action_planner,playbook,,,,INC-20260930-15AD24
ACT-32b6a5ee995e,,POL-GCP,,Deputy Commissioner of Police,Arrest the accused,4.0,,2026-10-01T01:00:25+05:30,Draft,agent:action_planner,playbook,,,,INC-20260930-15AD24
ACT-749d684182aa,,POL-GCP,,Deputy Commissioner of Police,Close,5.0,,2026-10-01T02:12:25+05:30,Draft,agent:action_planner,playbook,,,,INC-20260930-15AD24
ACT-fd20c3d6de91,,POL-GCP,,Deputy Commissioner of Police,Respond immediately,1.0,,2026-09-30T02:15:00+05:30,Draft,agent:action_planner,playbook,,,,INC-20260930-1CA423
ACT-9aa9fb23ede7,,POL-GCP,,Deputy Commissioner of Police,Register the case,2.0,,2026-09-30T03:27:00+05:30,Draft,agent:action_planner,playbook,,,,INC-20260930-1CA423
ACT-89a883b0ddd0,,POL-GCP,,Deputy Commissioner of Police,Protect the victim,3.0,,2026-09-30T04:39:00+05:30,Draft,agent:action_planner,playbook,,,,INC-20260930-1CA423
ACT-ac4833a7ecdb,,POL-GCP,,Deputy Commissioner of Police,Arrest the accused,4.0,,2026-09-30T05:51:00+05:30,Draft,agent:action_planner,playbook,,,,INC-20260930-1CA423
ACT-c6c1a93eeae4,,POL-GCP,,Deputy Commissioner of Police,Close,5.0,,2026-09-30T07:03:00+05:30,Draft,agent:action_planner,playbook,,,,INC-20260930-1CA423
ACT-a95ce4cc3a6e,,POL-GCP,,Deputy Commissioner of Police,Respond immediately,1.0,,2026-09-30T11:12:23+05:30,Draft,agent:action_planner,playbook,,,,INC-20260930-20B919
ACT-8f02574f8dda,,POL-GCP,,Deputy Commissioner of Police,Register the case,2.0,,2026-09-30T12:24:23+05:30,Draft,agent:action_planner,playbook,,,,INC-20260930-20B919
ACT-81d77bb46c33,,POL-GCP,,Deputy Commissioner of Police,Protect the victim,3.0,,2026-09-30T13:36:23+05:30,Draft,agent:action_planner,playbook,,,,INC-20260930-20B919
ACT-d04cddc4dc32,,POL-GCP,,Deputy Commissioner of Police,Arrest the accused,4.0,,2026-09-30T14:48:23+05:30,Draft,agent:action_planner,playbook,,,,INC-20260930-20B919
ACT-b59cc537b3ab,,POL-GCP,,Deputy Commissioner of Police,Close,5.0,,2026-09-30T16:00:23+05:30,Draft,agent:action_planner,playbook,,,,INC-20260930-20B919
ACT-0ffc5b67a214,,HLT-DMS,,Director of Medical Services,Check bed and staff capacity,1.0,,2026-09-30T01:12:00+05:30,Draft,agent:action_planner,playbook,,,,INC-20260930-2CF0DC
ACT-a66c5c6b781e,,HLT-DMS,,Director of Medical Services,Redeploy staff or beds,2.0,,2026-09-30T02:24:00+05:30,Draft,agent:action_planner,playbook,,,,INC-20260930-2CF0DC
ACT-e96655d043e0,,HLT-DMS,,Director of Medical Services,Arrange medicines or ambulance,3.0,,2026-09-30T03:36:00+05:30,Draft,agent:action_planner,playbook,,,,INC-20260930-2CF0DC
ACT-435305f7db20,,HLT-DMS,,Director of Medical Services,Report to DMS,4.0,,2026-09-30T04:48:00+05:30,Draft,agent:action_planner,playbook,,,,INC-20260930-2CF0DC
ACT-9bf618896c1b,,HLT-DMS,,Director of Medical Services,Close,5.0,,2026-09-30T06:00:00+05:30,Draft,agent:action_planner,playbook,,,,INC-20260930-2CF0DC
ACT-bf3dfcdec206,,GCC-HLT,,City Health Officer,Support health services & hospital capacity response,,,2026-09-30T03:00:00+05:30,Draft,agent:action_planner,coordination,,,,INC-20260930-2CF0DC
ACT-8ffd9261cf1b,,POL-GCP,,"SHO, Sembiam Police Station",Send patrol and ambulance,1.0,,2026-09-30T07:32:19+05:30,Draft,agent:action_planner,playbook,,,,INC-20260930-345B29
ACT-7916e71c896e,,POL-GCP,,"SHO, Sembiam Police Station",Clear the carriageway,2.0,,2026-09-30T08:44:19+05:30,Draft,agent:action_planner,playbook,,,,INC-20260930-345B29
ACT-4cbd8b34c913,,POL-GCP,,"SHO, Sembiam Police Station",Register the case,3.0,,2026-09-30T09:56:19+05:30,Draft,agent:action_planner,playbook,,,,INC-20260930-345B29
ACT-83464b184537,,POL-GCP,,"SHO, Sembiam Police Station",Check road defects at the spot,4.0,,2026-09-30T11:08:19+05:30,Draft,agent:action_planner,playbook,,,,INC-20260930-345B29
ACT-12642163e628,,POL-GCP,,Deputy Commissioner of Police,Close with report,5.0,,2026-09-30T12:20:19+05:30,Draft,agent:action_planner,playbook,,,,INC-20260930-345B29
ACT-113f2703c381,,GCC-ENG,,Superintending Engineer,Support road accident response,,,2026-09-30T09:20:19+05:30,Draft,agent:action_planner,coordination,,,,INC-20260930-345B29
ACT-300f45b69ab1,,HLT-DMS,,Director of Medical Services,Support road accident response,,,2026-09-30T09:20:19+05:30,Draft,agent:action_planner,coordination,,,,INC-20260930-345B29
ACT-0ff9271232a1,,GCC-ELE,,"Assistant Engineer, Ward 76 (Thiru-Vi-Ka-Nagar zone)",Inspect the feeder pillar,1.0,,2026-09-30T15:44:00+05:30,Draft,agent:action_planner,playbook,,,,INC-20260930-3D391A
ACT-c315fc069ff4,,GCC-ELE,,"Assistant Engineer, Ward 76 (Thiru-Vi-Ka-Nagar zone)",Isolate live parts,2.0,,2026-09-30T20:32:00+05:30,Draft,agent:action_planner,playbook,,,,INC-20260930-3D391A
ACT-5f988f56baad,,GCC-ELE,,"Assistant Engineer, Ward 76 (Thiru-Vi-Ka-Nagar zone)",Replace fittings,3.0,,2026-10-01T01:20:00+05:30,Draft,agent:action_planner,playbook,,,,INC-20260930-3D391A
ACT-191347d5b6c5,,GCC-ELE,,"Assistant Engineer, Ward 76 (Thiru-Vi-Ka-Nagar zone)",Restore supply,4.0,,2026-10-01T06:08:00+05:30,Draft,agent:action_planner,playbook,,,,INC-20260930-3D391A
ACT-7b781ff82c34,,GCC-ELE,,Executive Engineer (Electrical),Close,5.0,,2026-10-01T10:56:00+05:30,Draft,agent:action_planner,playbook,,,,INC-20260930-3D391A
ACT-494d4be5321c,,TANGEDCO,,Superintending Engineer,Support street lights & electrical hazards response,,,2026-09-30T22:56:00+05:30,Draft,agent:action_planner,coordination,,,,INC-20260930-3D391A
ACT-e9a2f6591963,,POL-GCP,,"SHO, Kilpauk Police Station",Send patrol and ambulance,1.0,,2026-10-01T01:03:45+05:30,Draft,agent:action_planner,playbook,,,,INC-20260930-4481C5
ACT-9e45048df9e4,,POL-GCP,,"SHO, Kilpauk Police Station",Clear the carriageway,2.0,,2026-10-01T02:15:45+05:30,Draft,agent:action_planner,playbook,,,,INC-20260930-4481C5
ACT-b2cfa7fb3918,,POL-GCP,,"SHO, Kilpauk Police Station",Register the case,3.0,,2026-10-01T03:27:45+05:30,Draft,agent:action_planner,playbook,,,,INC-20260930-4481C5
ACT-228d878e2fa0,,POL-GCP,,"SHO, Kilpauk Police Station",Check road defects at the spot,4.0,,2026-10-01T04:39:45+05:30,Draft,agent:action_planner,playbook,,,,INC-20260930-4481C5
ACT-802f914a4a21,,POL-GCP,,Deputy Commissioner of Police,Close with report,5.0,,2026-10-01T05:51:45+05:30,Draft,agent:action_planner,playbook,,,,INC-20260930-4481C5
ACT-e1975b6a9aba,,GCC-ENG,,Superintending Engineer,Support road accident response,,,2026-10-01T02:51:45+05:30,Draft,agent:action_planner,coordination,,,,INC-20260930-4481C5
ACT-1c4649d4d742,,HLT-DMS,,Director of Medical Services,Support road accident response,,,2026-10-01T02:51:45+05:30,Draft,agent:action_planner,coordination,,,,INC-20260930-4481C5
ACT-aebe499b9949,,POL-GCP,,"SHO, Maduravoyal Police Station",Register the complaint,1.0,,2026-10-01T01:37:39+05:30,Draft,agent:action_planner,playbook,,,,INC-20260930-5221AB
ACT-b26e479a328b,,POL-GCP,,"SHO, Maduravoyal Police Station",Circulate details,2.0,,2026-10-01T04:01:39+05:30,Draft,agent:action_planner,playbook,,,,INC-20260930-5221AB
ACT-6bbe44afe8ab,,POL-GCP,,"SHO, Maduravoyal Police Station",Search,3.0,,2026-10-01T06:25:39+05:30,Draft,agent:action_planner,playbook,,,,INC-20260930-5221AB
ACT-3542b2ac68ae,,POL-GCP,,"SHO, Maduravoyal Police Station",Trace,4.0,,2026-10-01T08:49:39+05:30,Draft,agent:action_planner,playbook,,,,INC-20260930-5221AB
ACT-50c23d4d73f8,,POL-GCP,,Deputy Commissioner of Police,Close,5.0,,2026-10-01T11:13:39+05:30,Draft,agent:action_planner,playbook,,,,INC-20260930-5221AB
ACT-0d91ebb3af70,,POL-GCP,,"SHO, Pazhavanthangal Police Station",Respond immediately,1.0,,2026-09-30T17:04:51+05:30,Draft,agent:action_planner,playbook,,,,INC-20260930-53A4CD
ACT-bc6c8178e079,,POL-GCP,,"SHO, Pazhavanthangal Police Station",Register the case,2.0,,2026-09-30T17:28:51+05:30,Draft,agent:action_planner,playbook,,,,INC-20260930-53A4CD
ACT-596db07ceb4b,,POL-GCP,,"SHO, Pazhavanthangal Police Station",Protect the victim,3.0,,2026-09-30T17:52:51+05:30,Draft,agent:action_planner,playbook,,,,INC-20260930-53A4CD
ACT-7b963868906a,,POL-GCP,,"SHO, Pazhavanthangal Police Station",Arrest the accused,4.0,,2026-09-30T18:16:51+05:30,Draft,agent:action_planner,playbook,,,,INC-20260930-53A4CD
ACT-cda3fc7d683b,,POL-GCP,,Deputy Commissioner of Police,Close,5.0,,2026-09-30T18:40:51+05:30,Draft,agent:action_planner,playbook,,,,INC-20260930-53A4CD
ACT-01b2b625a097,,POL-GCP,,Deputy Commissioner of Police,Respond immediately,1.0,,2026-09-30T05:26:34+05:30,Draft,agent:action_planner,playbook,,,,INC-20260930-546B35
ACT-f7952af57843,,POL-GCP,,Deputy Commissioner of Police,Register the case,2.0,,2026-09-30T06:38:34+05:30,Draft,agent:action_planner,playbook,,,,INC-20260930-546B35
ACT-2f999a4f3f8e,,POL-GCP,,Deputy Commissioner of Police,Protect the victim,3.0,,2026-09-30T07:50:34+05:30,Draft,agent:action_planner,playbook,,,,INC-20260930-546B35
ACT-c35adbb1227e,,POL-GCP,,Deputy Commissioner of Police,Arrest the accused,4.0,,2026-09-30T09:02:34+05:30,Draft,agent:action_planner,playbook,,,,INC-20260930-546B35
ACT-71f195e40dcd,,POL-GCP,,Deputy Commissioner of Police,Close,5.0,,2026-09-30T10:14:34+05:30,Draft,agent:action_planner,playbook,,,,INC-20260930-546B35
ACT-20df80e86b71,,POL-GCP,,Deputy Commissioner of Police,Respond immediately,1.0,,2026-09-30T10:00:27+05:30,Draft,agent:action_planner,playbook,,,,INC-20260930-698739
ACT-1c9bdd8bace4,,POL-GCP,,Deputy Commissioner of Police,Register the case,2.0,,2026-09-30T11:12:27+05:30,Draft,agent:action_planner,playbook,,,,INC-20260930-698739
ACT-eb58b61da62d,,POL-GCP,,Deputy Commissioner of Police,Protect the victim,3.0,,2026-09-30T12:24:27+05:30,Draft,agent:action_planner,playbook,,,,INC-20260930-698739
ACT-f8e03469bac9,,POL-GCP,,Deputy Commissioner of Police,Arrest the accused,4.0,,2026-09-30T13:36:27+05:30,Draft,agent:action_planner,playbook,,,,INC-20260930-698739
ACT-0c208b0e2fee,,POL-GCP,,Deputy Commissioner of Police,Close,5.0,,2026-09-30T14:48:27+05:30,Draft,agent:action_planner,playbook,,,,INC-20260930-698739
ACT-357b3201794b,,POL-GCP,,"SHO, Royapuram Police Station",Respond immediately,1.0,,2026-09-30T16:56:13+05:30,Draft,agent:action_planner,playbook,,,,INC-20260930-6FD25A
ACT-fb033da590aa,,POL-GCP,,"SHO, Royapuram Police Station",Register the case,2.0,,2026-09-30T17:20:13+05:30,Draft,agent:action_planner,playbook,,,,INC-20260930-6FD25A
ACT-b2b0d6705f28,,POL-GCP,,"SHO, Royapuram Police Station",Protect the victim,3.0,,2026-09-30T17:44:13+05:30,Draft,agent:action_planner,playbook,,,,INC-20260930-6FD25A
ACT-29d6d1ba47db,,POL-GCP,,"SHO, Royapuram Police Station",Arrest the accused,4.0,,2026-09-30T18:08:13+05:30,Draft,agent:action_planner,playbook,,,,INC-20260930-6FD25A
ACT-49c4287d92c8,,POL-GCP,,Deputy Commissioner of Police,Close,5.0,,2026-09-30T18:32:13+05:30,Draft,agent:action_planner,playbook,,,,INC-20260930-6FD25A
ACT-e405ef351b25,,POL-GCP,,"SHO, K.K. Nagar Police Station",Register the complaint,1.0,,2026-09-30T04:57:13+05:30,Draft,agent:action_planner,playbook,,,,INC-20260930-79772B
ACT-5df80e6f4042,,POL-GCP,,"SHO, K.K. Nagar Police Station",Circulate details,2.0,,2026-09-30T07:21:13+05:30,Draft,agent:action_planner,playbook,,,,INC-20260930-79772B
ACT-c382c37df27c,,POL-GCP,,"SHO, K.K. Nagar Police Station",Search,3.0,,2026-09-30T09:45:13+05:30,Draft,agent:action_planner,playbook,,,,INC-20260930-79772B
ACT-1b8103a76f67,,POL-GCP,,"SHO, K.K. Nagar Police Station",Trace,4.0,,2026-09-30T12:09:13+05:30,Draft,agent:action_planner,playbook,,,,INC-20260930-79772B
ACT-d11a05060c48,,POL-GCP,,Deputy Commissioner of Police,Close,5.0,,2026-09-30T14:33:13+05:30,Draft,agent:action_planner,playbook,,,,INC-20260930-79772B
ACT-c8420600d83a,,POL-GCP,,"SHO, Mambalam Police Station",Register the complaint,1.0,,2026-09-30T18:38:29+05:30,Draft,agent:action_planner,playbook,,,,INC-20260930-7994E2
ACT-df4c4b4c09b5,,POL-GCP,,"SHO, Mambalam Police Station",Circulate details,2.0,,2026-09-30T21:02:29+05:30,Draft,agent:action_planner,playbook,,,,INC-20260930-7994E2
ACT-2208bd83c6b1,,POL-GCP,,"SHO, Mambalam Police Station",Search,3.0,,2026-09-30T23:26:29+05:30,Draft,agent:action_planner,playbook,,,,INC-20260930-7994E2
ACT-3b8e5c6a3ed5,,POL-GCP,,"SHO, Mambalam Police Station",Trace,4.0,,2026-10-01T01:50:29+05:30,Draft,agent:action_planner,playbook,,,,INC-20260930-7994E2
ACT-68bcf34990c4,,POL-GCP,,Deputy Commissioner of Police,Close,5.0,,2026-10-01T04:14:29+05:30,Draft,agent:action_planner,playbook,,,,INC-20260930-7994E2
ACT-86f2a87197b7,,POL-GCP,,"SHO, Manali Police Station",Register the complaint,1.0,,2026-09-30T23:38:24+05:30,Draft,agent:action_planner,playbook,,,,INC-20260930-7F64E7
ACT-f92e9afbfd93,,POL-GCP,,"SHO, Manali Police Station",Circulate details,2.0,,2026-10-01T02:02:24+05:30,Draft,agent:action_planner,playbook,,,,INC-20260930-7F64E7
ACT-570bcdc81f55,,POL-GCP,,"SHO, Manali Police Station",Search,3.0,,2026-10-01T04:26:24+05:30,Draft,agent:action_planner,playbook,,,,INC-20260930-7F64E7
ACT-9f897151f2eb,,POL-GCP,,"SHO, Manali Police Station",Trace,4.0,,2026-10-01T06:50:24+05:30,Draft,agent:action_planner,playbook,,,,INC-20260930-7F64E7
ACT-2ae953176b3c,,POL-GCP,,Deputy Commissioner of Police,Close,5.0,,2026-10-01T09:14:24+05:30,Draft,agent:action_planner,playbook,,,,INC-20260930-7F64E7
ACT-bb3f253e9095,,POL-GCP,,Deputy Commissioner of Police,Respond immediately,1.0,,2026-09-30T11:41:00+05:30,Draft,agent:action_planner,playbook,,,,INC-20260930-819ABD
ACT-d7e9d984a066,,POL-GCP,,Deputy Commissioner of Police,Register the case,2.0,,2026-09-30T12:53:00+05:30,Draft,agent:action_planner,playbook,,,,INC-20260930-819ABD
ACT-e00ef699edc0,,POL-GCP,,Deputy Commissioner of Police,Protect the victim,3.0,,2026-09-30T14:05:00+05:30,Draft,agent:action_planner,playbook,,,,INC-20260930-819ABD
ACT-2186f9726ed7,,POL-GCP,,Deputy Commissioner of Police,Arrest the accused,4.0,,2026-09-30T15:17:00+05:30,Draft,agent:action_planner,playbook,,,,INC-20260930-819ABD
ACT-e39075767346,,POL-GCP,,Deputy Commissioner of Police,Close,5.0,,2026-09-30T16:29:00+05:30,Draft,agent:action_planner,playbook,,,,INC-20260930-819ABD
ACT-74aef3214bbf,,POL-GCP,,"SHO, Aminjikarai Police Station",Send patrol and ambulance,1.0,,2026-09-30T02:27:24+05:30,Draft,agent:action_planner,playbook,,,,INC-20260930-89F5BE
ACT-250e5d4f2c65,,POL-GCP,,"SHO, Aminjikarai Police Station",Clear the carriageway,2.0,,2026-09-30T03:39:24+05:30,Draft,agent:action_planner,playbook,,,,INC-20260930-89F5BE
ACT-82a570184693,,POL-GCP,,"SHO, Aminjikarai Police Station",Register the case,3.0,,2026-09-30T04:51:24+05:30,Draft,agent:action_planner,playbook,,,,INC-20260930-89F5BE
ACT-c0749cffb70f,,POL-GCP,,"SHO, Aminjikarai Police Station",Check road defects at the spot,4.0,,2026-09-30T06:03:24+05:30,Draft,agent:action_planner,playbook,,,,INC-20260930-89F5BE
ACT-f13b33303e84,,POL-GCP,,Deputy Commissioner of Police,Close with report,5.0,,2026-09-30T07:15:24+05:30,Draft,agent:action_planner,playbook,,,,INC-20260930-89F5BE
ACT-2842e29ad257,,GCC-ENG,,Superintending Engineer,Support road accident response,,,2026-09-30T04:15:24+05:30,Draft,agent:action_planner,coordination,,,,INC-20260930-89F5BE
ACT-602729d1b376,,HLT-DMS,,Director of Medical Services,Support road accident response,,,2026-09-30T04:15:24+05:30,Draft,agent:action_planner,coordination,,,,INC-20260930-89F5BE
ACT-1aa2b49e1d45,,POL-GCP,,Deputy Commissioner of Police,Respond immediately,1.0,,2026-09-30T23:04:57+05:30,Draft,agent:action_planner,playbook,,,,INC-20260930-8D3CFA
ACT-d48aea28b147,,POL-GCP,,Deputy Commissioner of Police,Register the case,2.0,,2026-10-01T00:16:57+05:30,Draft,agent:action_planner,playbook,,,,INC-20260930-8D3CFA
ACT-34d09f26706d,,POL-GCP,,Deputy Commissioner of Police,Protect the victim,3.0,,2026-10-01T01:28:57+05:30,Draft,agent:action_planner,playbook,,,,INC-20260930-8D3CFA
ACT-2c36f9d0d176,,POL-GCP,,Deputy Commissioner of Police,Arrest the accused,4.0,,2026-10-01T02:40:57+05:30,Draft,agent:action_planner,playbook,,,,INC-20260930-8D3CFA
ACT-a3cb915444ad,,POL-GCP,,Deputy Commissioner of Police,Close,5.0,,2026-10-01T03:52:57+05:30,Draft,agent:action_planner,playbook,,,,INC-20260930-8D3CFA
ACT-6d31dfc566a6,,POL-GCP,,"SHO, Flower Bazaar Police Station",Respond immediately,1.0,,2026-09-30T22:13:11+05:30,Draft,agent:action_planner,playbook,,,,INC-20260930-A9F359
ACT-ede018ee6a18,,POL-GCP,,"SHO, Flower Bazaar Police Station",Register the case,2.0,,2026-09-30T22:37:11+05:30,Draft,agent:action_planner,playbook,,,,INC-20260930-A9F359
ACT-c2efb537f362,,POL-GCP,,"SHO, Flower Bazaar Police Station",Protect the victim,3.0,,2026-09-30T23:01:11+05:30,Draft,agent:action_planner,playbook,,,,INC-20260930-A9F359
ACT-b2e71b4ae2b2,,POL-GCP,,"SHO, Flower Bazaar Police Station",Arrest the accused,4.0,,2026-09-30T23:25:11+05:30,Draft,agent:action_planner,playbook,,,,INC-20260930-A9F359
ACT-47885ea28ac7,,POL-GCP,,Deputy Commissioner of Police,Close,5.0,,2026-09-30T23:49:11+05:30,Draft,agent:action_planner,playbook,,,,INC-20260930-A9F359
ACT-95212d59d96c,,POL-GCP,,"SHO, Ennore Police Station",Register the complaint,1.0,,2026-09-30T06:49:34+05:30,Draft,agent:action_planner,playbook,,,,INC-20260930-ADE870
ACT-2fe4d30fb5b5,,POL-GCP,,"SHO, Ennore Police Station",Circulate details,2.0,,2026-09-30T09:13:34+05:30,Draft,agent:action_planner,playbook,,,,INC-20260930-ADE870
ACT-6361d4ce4294,,POL-GCP,,"SHO, Ennore Police Station",Search,3.0,,2026-09-30T11:37:34+05:30,Draft,agent:action_planner,playbook,,,,INC-20260930-ADE870
ACT-70579626c169,,POL-GCP,,"SHO, Ennore Police Station",Trace,4.0,,2026-09-30T14:01:34+05:30,Draft,agent:action_planner,playbook,,,,INC-20260930-ADE870
ACT-51529c78a44f,,POL-GCP,,Deputy Commissioner of Police,Close,5.0,,2026-09-30T16:25:34+05:30,Draft,agent:action_planner,playbook,,,,INC-20260930-ADE870
ACT-450a21e22e5d,,GCC-SWM,,"Assistant Engineer, Ward 38 (Tondiarpet zone)",Dispatch a compactor,1.0,,2026-10-01T03:42:00+05:30,Draft,agent:action_planner,playbook,,,,INC-20260930-B1A5BF
ACT-539095e7f344,,GCC-SWM,,"Assistant Engineer, Ward 38 (Tondiarpet zone)",Clear the waste,2.0,,2026-10-01T08:30:00+05:30,Draft,agent:action_planner,playbook,,,,INC-20260930-B1A5BF
ACT-c33b373c70f0,,GCC-SWM,,"Assistant Engineer, Ward 38 (Tondiarpet zone)",Disinfect the spot,3.0,,2026-10-01T13:18:00+05:30,Draft,agent:action_planner,playbook,,,,INC-20260930-B1A5BF
ACT-22d1bbf44320,,GCC-SWM,,"Assistant Engineer, Ward 38 (Tondiarpet zone)",Increase pickup frequency,4.0,,2026-10-01T18:06:00+05:30,Draft,agent:action_planner,playbook,,,,INC-20260930-B1A5BF
ACT-8951d0793d36,,GCC-SWM,,Zonal Officer (SWM),Close with photo,5.0,,2026-10-01T22:54:00+05:30,Draft,agent:action_planner,playbook,,,,INC-20260930-B1A5BF
ACT-fc2ea52824ed,,GCC-HLT,,City Health Officer,Support garbage & solid waste response,,,2026-10-01T10:54:00+05:30,Draft,agent:action_planner,coordination,,,,INC-20260930-B1A5BF
ACT-5648191ad6b5,,POL-GCP,,Deputy Commissioner of Police,Respond immediately,1.0,,2026-09-30T11:20:48+05:30,Draft,agent:action_planner,playbook,,,,INC-20260930-B7B4DD
ACT-49959db0bf7c,,POL-GCP,,Deputy Commissioner of Police,Register the case,2.0,,2026-09-30T12:32:48+05:30,Draft,agent:action_planner,playbook,,,,INC-20260930-B7B4DD
ACT-51042d760306,,POL-GCP,,Deputy Commissioner of Police,Protect the victim,3.0,,2026-09-30T13:44:48+05:30,Draft,agent:action_planner,playbook,,,,INC-20260930-B7B4DD
ACT-582509ebab50,,POL-GCP,,Deputy Commissioner of Police,Arrest the accused,4.0,,2026-09-30T14:56:48+05:30,Draft,agent:action_planner,playbook,,,,INC-20260930-B7B4DD
ACT-ffae318dd368,,POL-GCP,,Deputy Commissioner of Police,Close,5.0,,2026-09-30T16:08:48+05:30,Draft,agent:action_planner,playbook,,,,INC-20260930-B7B4DD
ACT-339402929155,,POL-GCP,,"SHO, Ambattur Police Station",Send patrol and ambulance,1.0,,2026-09-30T07:01:45+05:30,Draft,agent:action_planner,playbook,,,,INC-20260930-C6549C
ACT-38fbec6359e1,,POL-GCP,,"SHO, Ambattur Police Station",Clear the carriageway,2.0,,2026-09-30T08:13:45+05:30,Draft,agent:action_planner,playbook,,,,INC-20260930-C6549C
ACT-1d38967f5eaf,,POL-GCP,,"SHO, Ambattur Police Station",Register the case,3.0,,2026-09-30T09:25:45+05:30,Draft,agent:action_planner,playbook,,,,INC-20260930-C6549C
ACT-e88c190d6382,,POL-GCP,,"SHO, Ambattur Police Station",Check road defects at the spot,4.0,,2026-09-30T10:37:45+05:30,Draft,agent:action_planner,playbook,,,,INC-20260930-C6549C
ACT-14311d8d8fa3,,POL-GCP,,Deputy Commissioner of Police,Close with report,5.0,,2026-09-30T11:49:45+05:30,Draft,agent:action_planner,playbook,,,,INC-20260930-C6549C
ACT-e87f63633590,,GCC-ENG,,Superintending Engineer,Support road accident response,,,2026-09-30T08:49:45+05:30,Draft,agent:action_planner,coordination,,,,INC-20260930-C6549C
ACT-d8b2c9592fe2,,HLT-DMS,,Director of Medical Services,Support road accident response,,,2026-09-30T08:49:45+05:30,Draft,agent:action_planner,coordination,,,,INC-20260930-C6549C
ACT-a8da781b7322,,POL-GCP,,"SHO, Mogappair Police Station",Send patrol and ambulance,1.0,,2026-09-30T17:20:28+05:30,Draft,agent:action_planner,playbook,,,,INC-20260930-D22EC7
ACT-fe8128d3e2ad,,POL-GCP,,"SHO, Mogappair Police Station",Clear the carriageway,2.0,,2026-09-30T18:32:28+05:30,Draft,agent:action_planner,playbook,,,,INC-20260930-D22EC7
ACT-94275022c31d,,POL-GCP,,"SHO, Mogappair Police Station",Register the case,3.0,,2026-09-30T19:44:28+05:30,Draft,agent:action_planner,playbook,,,,INC-20260930-D22EC7
ACT-5a76ebffb4cb,,POL-GCP,,"SHO, Mogappair Police Station",Check road defects at the spot,4.0,,2026-09-30T20:56:28+05:30,Draft,agent:action_planner,playbook,,,,INC-20260930-D22EC7
ACT-fcdeebb9066f,,POL-GCP,,Deputy Commissioner of Police,Close with report,5.0,,2026-09-30T22:08:28+05:30,Draft,agent:action_planner,playbook,,,,INC-20260930-D22EC7
ACT-5312a943540e,,GCC-ENG,,Superintending Engineer,Support road accident response,,,2026-09-30T19:08:28+05:30,Draft,agent:action_planner,coordination,,,,INC-20260930-D22EC7
ACT-420984cffdde,,HLT-DMS,,Director of Medical Services,Support road accident response,,,2026-09-30T19:08:28+05:30,Draft,agent:action_planner,coordination,,,,INC-20260930-D22EC7
ACT-39ba48bf7024,,POL-GCP,,Deputy Commissioner of Police,Respond immediately,1.0,,2026-09-30T12:36:52+05:30,Draft,agent:action_planner,playbook,,,,INC-20260930-D33A24
ACT-fbe7f3b59bc7,,POL-GCP,,Deputy Commissioner of Police,Register the case,2.0,,2026-09-30T13:48:52+05:30,Draft,agent:action_planner,playbook,,,,INC-20260930-D33A24
ACT-47e7c813fee7,,POL-GCP,,Deputy Commissioner of Police,Protect the victim,3.0,,2026-09-30T15:00:52+05:30,Draft,agent:action_planner,playbook,,,,INC-20260930-D33A24
ACT-947cd7e955f3,,POL-GCP,,Deputy Commissioner of Police,Arrest the accused,4.0,,2026-09-30T16:12:52+05:30,Draft,agent:action_planner,playbook,,,,INC-20260930-D33A24
ACT-b9f1cfb3732a,,POL-GCP,,Deputy Commissioner of Police,Close,5.0,,2026-09-30T17:24:52+05:30,Draft,agent:action_planner,playbook,,,,INC-20260930-D33A24
ACT-e214ffc792ee,,POL-GCP,,Deputy Commissioner of Police,Respond immediately,1.0,,2026-09-30T19:52:45+05:30,Draft,agent:action_planner,playbook,,,,INC-20260930-DC11FB
ACT-f6594e16d282,,POL-GCP,,Deputy Commissioner of Police,Register the case,2.0,,2026-09-30T21:04:45+05:30,Draft,agent:action_planner,playbook,,,,INC-20260930-DC11FB
ACT-2ebc5f1078e6,,POL-GCP,,Deputy Commissioner of Police,Protect the victim,3.0,,2026-09-30T22:16:45+05:30,Draft,agent:action_planner,playbook,,,,INC-20260930-DC11FB
ACT-97f90a368582,,POL-GCP,,Deputy Commissioner of Police,Arrest the accused,4.0,,2026-09-30T23:28:45+05:30,Draft,agent:action_planner,playbook,,,,INC-20260930-DC11FB
ACT-8e70ba18c493,,POL-GCP,,Deputy Commissioner of Police,Close,5.0,,2026-10-01T00:40:45+05:30,Draft,agent:action_planner,playbook,,,,INC-20260930-DC11FB
ACT-9a65b24b9af2,,POL-GCP,,"SHO, Ambattur Estate Police Station",Respond immediately,1.0,,2026-09-30T04:47:35+05:30,Draft,agent:action_planner,playbook,,,,INC-20260930-DDB13C
ACT-5d0960526d21,,POL-GCP,,"SHO, Ambattur Estate Police Station",Register the case,2.0,,2026-09-30T05:11:35+05:30,Draft,agent:action_planner,playbook,,,,INC-20260930-DDB13C
ACT-423a95fd5d6e,,POL-GCP,,"SHO, Ambattur Estate Police Station",Protect the victim,3.0,,2026-09-30T05:35:35+05:30,Draft,agent:action_planner,playbook,,,,INC-20260930-DDB13C
ACT-ba1362945875,,POL-GCP,,"SHO, Ambattur Estate Police Station",Arrest the accused,4.0,,2026-09-30T05:59:35+05:30,Draft,agent:action_planner,playbook,,,,INC-20260930-DDB13C
ACT-210e0bab309a,,POL-GCP,,Deputy Commissioner of Police,Close,5.0,,2026-09-30T06:23:35+05:30,Draft,agent:action_planner,playbook,,,,INC-20260930-DDB13C
ACT-06921fe0d1a8,,POL-GCP,,Deputy Commissioner of Police,Respond immediately,1.0,,2026-09-30T21:24:25+05:30,Draft,agent:action_planner,playbook,,,,INC-20260930-DE5A13
ACT-24cbf7e17e7f,,POL-GCP,,Deputy Commissioner of Police,Register the case,2.0,,2026-09-30T22:36:25+05:30,Draft,agent:action_planner,playbook,,,,INC-20260930-DE5A13
ACT-69d50af9261f,,POL-GCP,,Deputy Commissioner of Police,Protect the victim,3.0,,2026-09-30T23:48:25+05:30,Draft,agent:action_planner,playbook,,,,INC-20260930-DE5A13
ACT-afc1f5dba69f,,POL-GCP,,Deputy Commissioner of Police,Arrest the accused,4.0,,2026-10-01T01:00:25+05:30,Draft,agent:action_planner,playbook,,,,INC-20260930-DE5A13
ACT-60bbd077dc03,,POL-GCP,,Deputy Commissioner of Police,Close,5.0,,2026-10-01T02:12:25+05:30,Draft,agent:action_planner,playbook,,,,INC-20260930-DE5A13
ACT-7bb0b908a444,,POL-GCP,,"SHO, Koyambedu Police Station",Deploy personnel,1.0,,2026-09-30T18:44:40+05:30,Draft,agent:action_planner,playbook,,,,INC-20260930-E8955F
ACT-f0cd92f1f287,,POL-GCP,,"SHO, Koyambedu Police Station",Manage crowd and traffic,2.0,,2026-09-30T19:08:40+05:30,Draft,agent:action_planner,playbook,,,,INC-20260930-E8955F
ACT-2ebc1f6348f4,,POL-GCP,,"SHO, Koyambedu Police Station",Engage organisers,3.0,,2026-09-30T19:32:40+05:30,Draft,agent:action_planner,playbook,,,,INC-20260930-E8955F
ACT-07f93ce5f258,,POL-GCP,,"SHO, Koyambedu Police Station",Document the event,4.0,,2026-09-30T19:56:40+05:30,Draft,agent:action_planner,playbook,,,,INC-20260930-E8955F
ACT-e53f47c78b4c,,POL-GCP,,Deputy Commissioner of Police,Close,5.0,,2026-09-30T20:20:40+05:30,Draft,agent:action_planner,playbook,,,,INC-20260930-E8955F
ACT-2371e7f3cad0,,DIST-REV,,District Revenue Officer,Support protests & public nuisance response,,,2026-09-30T19:20:40+05:30,Draft,agent:action_planner,coordination,,,,INC-20260930-E8955F
ACT-be3532c4c460,,POL-GCP,,"SHO, Teynampet Police Station",Respond immediately,1.0,,2026-09-30T17:04:40+05:30,Draft,agent:action_planner,playbook,,,,INC-20260930-EDE84A
ACT-83283e3b3815,,POL-GCP,,"SHO, Teynampet Police Station",Register the case,2.0,,2026-09-30T17:28:40+05:30,Draft,agent:action_planner,playbook,,,,INC-20260930-EDE84A
ACT-1334126134ab,,POL-GCP,,"SHO, Teynampet Police Station",Protect the victim,3.0,,2026-09-30T17:52:40+05:30,Draft,agent:action_planner,playbook,,,,INC-20260930-EDE84A
ACT-4f8f06c2e6b8,,POL-GCP,,"SHO, Teynampet Police Station",Arrest the accused,4.0,,2026-09-30T18:16:40+05:30,Draft,agent:action_planner,playbook,,,,INC-20260930-EDE84A
ACT-1f92dff51bfb,,POL-GCP,,Deputy Commissioner of Police,Close,5.0,,2026-09-30T18:40:40+05:30,Draft,agent:action_planner,playbook,,,,INC-20260930-EDE84A
ACT-a48b6bc371c6,,PWD-WRD,,"Assistant Executive Engineer, Chennai Lakes Sub-Division, Ambattur (S. Karthikeyan)",Inspect the structure,1.0,,2026-09-30T08:49:28+05:30,Draft,agent:action_planner,playbook,,,,INC-20260930-F48000
ACT-e868a9db8aff,,PWD-WRD,,"Assistant Executive Engineer, Chennai Lakes Sub-Division, Ambattur (S. Karthikeyan)",Warn downstream residents,2.0,,2026-09-30T10:01:28+05:30,Draft,agent:action_planner,playbook,,,,INC-20260930-F48000
ACT-0a793f92d080,,PWD-WRD,,"Assistant Executive Engineer, Chennai Lakes Sub-Division, Ambattur (S. Karthikeyan)",Carry out repair,3.0,,2026-09-30T11:13:28+05:30,Draft,agent:action_planner,playbook,,,,INC-20260930-F48000
ACT-1749be0a8bb8,,PWD-WRD,,"Assistant Executive Engineer, Chennai Lakes Sub-Division, Ambattur (S. Karthikeyan)",Monitor water level for 48 h,4.0,,2026-09-30T12:25:28+05:30,Draft,agent:action_planner,playbook,,,,INC-20260930-F48000
ACT-086a1e11260e,,PWD-WRD,,Superintending Engineer (WRD),Submit report,5.0,,2026-09-30T13:37:28+05:30,Draft,agent:action_planner,playbook,,,,INC-20260930-F48000
ACT-4e7460b12395,,DIST-DM,,District Revenue Officer (Disaster),"Support lakes, bunds & sluices response",,,2026-09-30T10:37:28+05:30,Draft,agent:action_planner,coordination,,,,INC-20260930-F48000
ACT-1b618d9c2068,,POL-GCP,,"SHO, K.K. Nagar Police Station",Register the complaint,1.0,,2026-10-01T06:44:47+05:30,Draft,agent:action_planner,playbook,,,,INC-20261001-0287FC
ACT-50b959ac1a90,,POL-GCP,,"SHO, K.K. Nagar Police Station",Circulate details,2.0,,2026-10-01T09:08:47+05:30,Draft,agent:action_planner,playbook,,,,INC-20261001-0287FC
ACT-dc44f3702c52,,POL-GCP,,"SHO, K.K. Nagar Police Station",Search,3.0,,2026-10-01T11:32:47+05:30,Draft,agent:action_planner,playbook,,,,INC-20261001-0287FC
ACT-bd53a010186c,,POL-GCP,,"SHO, K.K. Nagar Police Station",Trace,4.0,,2026-10-01T13:56:47+05:30,Draft,agent:action_planner,playbook,,,,INC-20261001-0287FC
ACT-484bb8f3a811,,POL-GCP,,Deputy Commissioner of Police,Close,5.0,,2026-10-01T16:20:47+05:30,Draft,agent:action_planner,playbook,,,,INC-20261001-0287FC
ACT-8a562dab9127,,PWD-WRD,,"Assistant Executive Engineer, Water Bodies Protection (Encroachment) Cell (S. Palanisamy)",Deploy pumps and clear standing water,1.0,,2026-10-02T04:27:11+05:30,Draft,agent:action_planner,playbook,,,,INC-20261001-16845D
ACT-3c627f6b657a,,PWD-WRD,,"Assistant Executive Engineer, Water Bodies Protection (Encroachment) Cell (S. Palanisamy)",Clear drain inlets and silt,2.0,,2026-10-02T09:15:11+05:30,Draft,agent:action_planner,playbook,,,,INC-20261001-16845D
ACT-4fa865ff64cf,,PWD-WRD,,"Assistant Executive Engineer, Water Bodies Protection (Encroachment) Cell (S. Palanisamy)",Divert traffic and barricade,3.0,,2026-10-02T14:03:11+05:30,Draft,agent:action_planner,playbook,,,,INC-20261001-16845D
ACT-83e221a03f49,,PWD-WRD,,"Assistant Executive Engineer, Water Bodies Protection (Encroachment) Cell (S. Palanisamy)",Check low-lying homes for evacuation,4.0,,2026-10-02T18:51:11+05:30,Draft,agent:action_planner,playbook,,,,INC-20261001-16845D
ACT-1eddba6893a4,,PWD-WRD,,Superintending Engineer (WRD),Submit completion report with photo,5.0,,2026-10-02T23:39:11+05:30,Draft,agent:action_planner,playbook,,,,INC-20261001-16845D
ACT-52b6a588e1e8,,POL-GCP,,Deputy Commissioner of Police,Support flooding & waterlogging response,,,2026-10-02T11:39:11+05:30,Draft,agent:action_planner,coordination,,,,INC-20261001-16845D
ACT-c27c62f943b6,,DIST-DM,,District Revenue Officer (Disaster),Support flooding & waterlogging response,,,2026-10-02T11:39:11+05:30,Draft,agent:action_planner,coordination,,,,INC-20261001-16845D
ACT-c47549ca7428,,POL-GCP,,"SHO, Periamet Police Station",Send patrol and ambulance,1.0,,2026-10-01T07:59:58+05:30,Draft,agent:action_planner,playbook,,,,INC-20261001-28BD31
ACT-9cd60f7c9782,,POL-GCP,,"SHO, Periamet Police Station",Clear the carriageway,2.0,,2026-10-01T08:23:58+05:30,Draft,agent:action_planner,playbook,,,,INC-20261001-28BD31
ACT-da7c5ed7464d,,POL-GCP,,"SHO, Periamet Police Station",Register the case,3.0,,2026-10-01T08:47:58+05:30,Draft,agent:action_planner,playbook,,,,INC-20261001-28BD31
ACT-7099cdfa40c7,,POL-GCP,,"SHO, Periamet Police Station",Check road defects at the spot,4.0,,2026-10-01T09:11:58+05:30,Draft,agent:action_planner,playbook,,,,INC-20261001-28BD31
ACT-afbda3185fd7,,POL-GCP,,Deputy Commissioner of Police,Close with report,5.0,,2026-10-01T09:35:58+05:30,Draft,agent:action_planner,playbook,,,,INC-20261001-28BD31
ACT-a1feb1d612f5,,GCC-ENG,,Superintending Engineer,Support road accident response,,,2026-10-01T08:35:58+05:30,Draft,agent:action_planner,coordination,,,,INC-20261001-28BD31
ACT-96c700d182cf,,HLT-DMS,,Director of Medical Services,Support road accident response,,,2026-10-01T08:35:58+05:30,Draft,agent:action_planner,coordination,,,,INC-20261001-28BD31
ACT-4ea74314be7b,,POL-GCP,,"SHO, Maduravoyal Police Station",Send patrol and ambulance,1.0,,2026-10-01T02:30:12+05:30,Draft,agent:action_planner,playbook,,,,INC-20261001-2AEF28
ACT-480d6457be90,,POL-GCP,,"SHO, Maduravoyal Police Station",Clear the carriageway,2.0,,2026-10-01T03:42:12+05:30,Draft,agent:action_planner,playbook,,,,INC-20261001-2AEF28
ACT-c446068439d4,,POL-GCP,,"SHO, Maduravoyal Police Station",Register the case,3.0,,2026-10-01T04:54:12+05:30,Draft,agent:action_planner,playbook,,,,INC-20261001-2AEF28
ACT-2fc70cd2dad9,,POL-GCP,,"SHO, Maduravoyal Police Station",Check road defects at the spot,4.0,,2026-10-01T06:06:12+05:30,Draft,agent:action_planner,playbook,,,,INC-20261001-2AEF28
ACT-7b3aa1542c60,,POL-GCP,,Deputy Commissioner of Police,Close with report,5.0,,2026-10-01T07:18:12+05:30,Draft,agent:action_planner,playbook,,,,INC-20261001-2AEF28
ACT-b62758340f75,,GCC-ENG,,Superintending Engineer,Support road accident response,,,2026-10-01T04:18:12+05:30,Draft,agent:action_planner,coordination,,,,INC-20261001-2AEF28
ACT-6eacf0c83ee9,,HLT-DMS,,Director of Medical Services,Support road accident response,,,2026-10-01T04:18:12+05:30,Draft,agent:action_planner,coordination,,,,INC-20261001-2AEF28
ACT-6b3df589b0e2,,POL-GCP,,"SHO, Sembiam Police Station",Respond immediately,1.0,,2026-10-01T19:32:21+05:30,Draft,agent:action_planner,playbook,,,,INC-20261001-3B20D1
ACT-41a6a9cc1d4f,,POL-GCP,,"SHO, Sembiam Police Station",Register the case,2.0,,2026-10-01T20:44:21+05:30,Draft,agent:action_planner,playbook,,,,INC-20261001-3B20D1
ACT-61b6b0a89a67,,POL-GCP,,"SHO, Sembiam Police Station",Protect the victim,3.0,,2026-10-01T21:56:21+05:30,Draft,agent:action_planner,playbook,,,,INC-20261001-3B20D1
ACT-209c3f26cc5b,,POL-GCP,,"SHO, Sembiam Police Station",Arrest the accused,4.0,,2026-10-01T23:08:21+05:30,Draft,agent:action_planner,playbook,,,,INC-20261001-3B20D1
ACT-9bead6ef4d3a,,POL-GCP,,Deputy Commissioner of Police,Close,5.0,,2026-10-02T00:20:21+05:30,Draft,agent:action_planner,playbook,,,,INC-20261001-3B20D1
ACT-a72884644d2b,,PWD-WRD,,"Assistant Executive Engineer, North Chennai Drainage Sub-Division (M. Gunasekaran)",Deploy pumps and clear standing water,1.0,,2026-10-01T22:59:10+05:30,Draft,agent:action_planner,playbook,,,,INC-20261001-491110
ACT-ab721bffa7a7,,PWD-WRD,,"Assistant Executive Engineer, North Chennai Drainage Sub-Division (M. Gunasekaran)",Clear drain inlets and silt,2.0,,2026-10-02T03:47:10+05:30,Draft,agent:action_planner,playbook,,,,INC-20261001-491110
ACT-ca6a0d01e53f,,PWD-WRD,,"Assistant Executive Engineer, North Chennai Drainage Sub-Division (M. Gunasekaran)",Divert traffic and barricade,3.0,,2026-10-02T08:35:10+05:30,Draft,agent:action_planner,playbook,,,,INC-20261001-491110
ACT-47bc9e0768a8,,PWD-WRD,,"Assistant Executive Engineer, North Chennai Drainage Sub-Division (M. Gunasekaran)",Check low-lying homes for evacuation,4.0,,2026-10-02T13:23:10+05:30,Draft,agent:action_planner,playbook,,,,INC-20261001-491110
ACT-93a0da680efd,,PWD-WRD,,Superintending Engineer (WRD),Submit completion report with photo,5.0,,2026-10-02T18:11:10+05:30,Draft,agent:action_planner,playbook,,,,INC-20261001-491110
ACT-b2c47cd20812,,POL-GCP,,Deputy Commissioner of Police,Support flooding & waterlogging response,,,2026-10-02T06:11:10+05:30,Draft,agent:action_planner,coordination,,,,INC-20261001-491110
ACT-8450e13563b0,,DIST-DM,,District Revenue Officer (Disaster),Support flooding & waterlogging response,,,2026-10-02T06:11:10+05:30,Draft,agent:action_planner,coordination,,,,INC-20261001-491110
ACT-7364d843b151,,POL-GCP,,"SHO, Sembiam Police Station",Respond immediately,1.0,,2026-10-01T02:14:01+05:30,Draft,agent:action_planner,playbook,,,,INC-20261001-555A1E
ACT-6d646d3e2683,,POL-GCP,,"SHO, Sembiam Police Station",Register the case,2.0,,2026-10-01T03:26:01+05:30,Draft,agent:action_planner,playbook,,,,INC-20261001-555A1E
ACT-7cc4edd6f516,,POL-GCP,,"SHO, Sembiam Police Station",Protect the victim,3.0,,2026-10-01T04:38:01+05:30,Draft,agent:action_planner,playbook,,,,INC-20261001-555A1E
ACT-8f9e4088b83c,,POL-GCP,,"SHO, Sembiam Police Station",Arrest the accused,4.0,,2026-10-01T05:50:01+05:30,Draft,agent:action_planner,playbook,,,,INC-20261001-555A1E
ACT-c78f44df45e3,,POL-GCP,,Deputy Commissioner of Police,Close,5.0,,2026-10-01T07:02:01+05:30,Draft,agent:action_planner,playbook,,,,INC-20261001-555A1E
ACT-d7931c9f290d,,POL-GCP,,"SHO, Thiruvanmiyur Police Station",Send patrol and ambulance,1.0,,2026-10-01T09:15:40+05:30,Draft,agent:action_planner,playbook,,,,INC-20261001-6B48DC
ACT-283ebf54387e,,POL-GCP,,"SHO, Thiruvanmiyur Police Station",Clear the carriageway,2.0,,2026-10-01T10:27:40+05:30,Draft,agent:action_planner,playbook,,,,INC-20261001-6B48DC
ACT-88fd803e9784,,POL-GCP,,"SHO, Thiruvanmiyur Police Station",Register the case,3.0,,2026-10-01T11:39:40+05:30,Draft,agent:action_planner,playbook,,,,INC-20261001-6B48DC
ACT-a6183a28a8c1,,POL-GCP,,"SHO, Thiruvanmiyur Police Station",Check road defects at the spot,4.0,,2026-10-01T12:51:40+05:30,Draft,agent:action_planner,playbook,,,,INC-20261001-6B48DC
ACT-c209c0c08978,,POL-GCP,,Deputy Commissioner of Police,Close with report,5.0,,2026-10-01T14:03:40+05:30,Draft,agent:action_planner,playbook,,,,INC-20261001-6B48DC
ACT-c7bc4aa40559,,GCC-ENG,,Superintending Engineer,Support road accident response,,,2026-10-01T11:03:40+05:30,Draft,agent:action_planner,coordination,,,,INC-20261001-6B48DC
ACT-4d119d8cd2fa,,HLT-DMS,,Director of Medical Services,Support road accident response,,,2026-10-01T11:03:40+05:30,Draft,agent:action_planner,coordination,,,,INC-20261001-6B48DC
ACT-76ddff3654ae,,POL-GCP,,"SHO, K.K. Nagar Police Station",Send patrol and ambulance,1.0,,2026-10-01T19:41:27+05:30,Draft,agent:action_planner,playbook,,,,INC-20261001-700A10
ACT-7c368f4f9aa8,,POL-GCP,,"SHO, K.K. Nagar Police Station",Clear the carriageway,2.0,,2026-10-01T20:53:27+05:30,Draft,agent:action_planner,playbook,,,,INC-20261001-700A10
ACT-a4170b44bf7a,,POL-GCP,,"SHO, K.K. Nagar Police Station",Register the case,3.0,,2026-10-01T22:05:27+05:30,Draft,agent:action_planner,playbook,,,,INC-20261001-700A10
ACT-f3afac57dddd,,POL-GCP,,"SHO, K.K. Nagar Police Station",Check road defects at the spot,4.0,,2026-10-01T23:17:27+05:30,Draft,agent:action_planner,playbook,,,,INC-20261001-700A10
ACT-7e1cd2806274,,POL-GCP,,Deputy Commissioner of Police,Close with report,5.0,,2026-10-02T00:29:27+05:30,Draft,agent:action_planner,playbook,,,,INC-20261001-700A10
ACT-ec9a5f8fe798,,GCC-ENG,,Superintending Engineer,Support road accident response,,,2026-10-01T21:29:27+05:30,Draft,agent:action_planner,coordination,,,,INC-20261001-700A10
ACT-e125f51eff7e,,HLT-DMS,,Director of Medical Services,Support road accident response,,,2026-10-01T21:29:27+05:30,Draft,agent:action_planner,coordination,,,,INC-20261001-700A10
ACT-bc33d6cd7db7,,GCC-ELE,,"Assistant Engineer, Ward 91 (Ambattur zone)",Inspect the feeder pillar,1.0,,2026-10-02T00:06:00+05:30,Draft,agent:action_planner,playbook,,,,INC-20261001-7D8560
ACT-9d25773204e1,,GCC-ELE,,"Assistant Engineer, Ward 91 (Ambattur zone)",Isolate live parts,2.0,,2026-10-02T04:54:00+05:30,Draft,agent:action_planner,playbook,,,,INC-20261001-7D8560
ACT-88a247ecb299,,GCC-ELE,,"Assistant Engineer, Ward 91 (Ambattur zone)",Replace fittings,3.0,,2026-10-02T09:42:00+05:30,Draft,agent:action_planner,playbook,,,,INC-20261001-7D8560
ACT-9283d18fa34b,,GCC-ELE,,"Assistant Engineer, Ward 91 (Ambattur zone)",Restore supply,4.0,,2026-10-02T14:30:00+05:30,Draft,agent:action_planner,playbook,,,,INC-20261001-7D8560
ACT-3a4f939bdf24,,GCC-ELE,,Executive Engineer (Electrical),Close,5.0,,2026-10-02T19:18:00+05:30,Draft,agent:action_planner,playbook,,,,INC-20261001-7D8560
ACT-4ba823016335,,TANGEDCO,,Superintending Engineer,Support street lights & electrical hazards response,,,2026-10-02T07:18:00+05:30,Draft,agent:action_planner,coordination,,,,INC-20261001-7D8560
ACT-9541bba57931,,POL-GCP,,"SHO, Teynampet Police Station",Send patrol and ambulance,1.0,,2026-10-01T07:32:34+05:30,Draft,agent:action_planner,playbook,,,,INC-20261001-7F463B
ACT-149f2418f057,,POL-GCP,,"SHO, Teynampet Police Station",Clear the carriageway,2.0,,2026-10-01T08:44:34+05:30,Draft,agent:action_planner,playbook,,,,INC-20261001-7F463B
ACT-79a3671d08ee,,POL-GCP,,"SHO, Teynampet Police Station",Register the case,3.0,,2026-10-01T09:56:34+05:30,Draft,agent:action_planner,playbook,,,,INC-20261001-7F463B
ACT-245b2e6bc2bc,,POL-GCP,,"SHO, Teynampet Police Station",Check road defects at the spot,4.0,,2026-10-01T11:08:34+05:30,Draft,agent:action_planner,playbook,,,,INC-20261001-7F463B
ACT-d50bab56524a,,POL-GCP,,Deputy Commissioner of Police,Close with report,5.0,,2026-10-01T12:20:34+05:30,Draft,agent:action_planner,playbook,,,,INC-20261001-7F463B
ACT-272869a8c7d3,,GCC-ENG,,Superintending Engineer,Support road accident response,,,2026-10-01T09:20:34+05:30,Draft,agent:action_planner,coordination,,,,INC-20261001-7F463B
ACT-a12798c80acc,,HLT-DMS,,Director of Medical Services,Support road accident response,,,2026-10-01T09:20:34+05:30,Draft,agent:action_planner,coordination,,,,INC-20261001-7F463B
ACT-124105fcf114,,POL-GCP,,SHO (nearest station),Deploy pumps and clear standing water,1.0,,2026-10-01T09:55:04+05:30,Draft,agent:action_planner,playbook,,,,INC-20261001-86121E
ACT-dc24d9af20fe,,POL-GCP,,SHO (nearest station),Clear drain inlets and silt,2.0,,2026-10-01T14:43:04+05:30,Draft,agent:action_planner,playbook,,,,INC-20261001-86121E
ACT-f1e41c7bb523,,POL-GCP,,SHO (nearest station),Divert traffic and barricade,3.0,,2026-10-01T19:31:04+05:30,Draft,agent:action_planner,playbook,,,,INC-20261001-86121E
ACT-48ec1bffd9fa,,POL-GCP,,SHO (nearest station),Check low-lying homes for evacuation,4.0,,2026-10-02T00:19:04+05:30,Draft,agent:action_planner,playbook,,,,INC-20261001-86121E
ACT-6d95117a212f,,POL-GCP,,Deputy Commissioner of Police,Submit completion report with photo,5.0,,2026-10-02T05:07:04+05:30,Draft,agent:action_planner,playbook,,,,INC-20261001-86121E
ACT-779d00da970b,,DIST-DM,,District Revenue Officer (Disaster),Support flooding & waterlogging response,,,2026-10-01T17:07:04+05:30,Draft,agent:action_planner,coordination,,,,INC-20261001-86121E
ACT-9e077b41e96f,,POL-GCP,,"SHO, Sembiam Police Station",Send patrol and ambulance,1.0,,2026-10-01T03:48:21+05:30,Draft,agent:action_planner,playbook,,,,INC-20261001-A7C1D5
ACT-8de1ff57f337,,POL-GCP,,"SHO, Sembiam Police Station",Clear the carriageway,2.0,,2026-10-01T05:00:21+05:30,Draft,agent:action_planner,playbook,,,,INC-20261001-A7C1D5
ACT-4d367a5a0518,,POL-GCP,,"SHO, Sembiam Police Station",Register the case,3.0,,2026-10-01T06:12:21+05:30,Draft,agent:action_planner,playbook,,,,INC-20261001-A7C1D5
ACT-5c1bbb0c1282,,POL-GCP,,"SHO, Sembiam Police Station",Check road defects at the spot,4.0,,2026-10-01T07:24:21+05:30,Draft,agent:action_planner,playbook,,,,INC-20261001-A7C1D5
ACT-8b51135c0a4c,,POL-GCP,,Deputy Commissioner of Police,Close with report,5.0,,2026-10-01T08:36:21+05:30,Draft,agent:action_planner,playbook,,,,INC-20261001-A7C1D5
ACT-81e270720a59,,GCC-ENG,,Superintending Engineer,Support road accident response,,,2026-10-01T05:36:21+05:30,Draft,agent:action_planner,coordination,,,,INC-20261001-A7C1D5
ACT-150cc1e29e84,,HLT-DMS,,Director of Medical Services,Support road accident response,,,2026-10-01T05:36:21+05:30,Draft,agent:action_planner,coordination,,,,INC-20261001-A7C1D5
ACT-6a798a4fc62e,,GCC-ELE,,"Assistant Engineer, Ward 115 (Teynampet zone)",Inspect the feeder pillar,1.0,,2026-10-02T01:21:00+05:30,Draft,agent:action_planner,playbook,,,,INC-20261001-AAC2B3
ACT-d761620995a2,,GCC-ELE,,"Assistant Engineer, Ward 115 (Teynampet zone)",Isolate live parts,2.0,,2026-10-02T06:09:00+05:30,Draft,agent:action_planner,playbook,,,,INC-20261001-AAC2B3
ACT-c62d836bb705,,GCC-ELE,,"Assistant Engineer, Ward 115 (Teynampet zone)",Replace fittings,3.0,,2026-10-02T10:57:00+05:30,Draft,agent:action_planner,playbook,,,,INC-20261001-AAC2B3
ACT-e03624454a96,,GCC-ELE,,"Assistant Engineer, Ward 115 (Teynampet zone)",Restore supply,4.0,,2026-10-02T15:45:00+05:30,Draft,agent:action_planner,playbook,,,,INC-20261001-AAC2B3
ACT-c3f85283c618,,GCC-ELE,,Executive Engineer (Electrical),Close,5.0,,2026-10-02T20:33:00+05:30,Draft,agent:action_planner,playbook,,,,INC-20261001-AAC2B3
ACT-11e905445321,,TANGEDCO,,Superintending Engineer,Support street lights & electrical hazards response,,,2026-10-02T08:33:00+05:30,Draft,agent:action_planner,coordination,,,,INC-20261001-AAC2B3
ACT-94ac3542b997,,POL-GCP,,"SHO, Manali Police Station",Respond immediately,1.0,,2026-10-01T08:03:45+05:30,Draft,agent:action_planner,playbook,,,,INC-20261001-B5DE16
ACT-3bbf7be092b3,,POL-GCP,,"SHO, Manali Police Station",Register the case,2.0,,2026-10-01T08:27:45+05:30,Draft,agent:action_planner,playbook,,,,INC-20261001-B5DE16
ACT-292025b64ab2,,POL-GCP,,"SHO, Manali Police Station",Protect the victim,3.0,,2026-10-01T08:51:45+05:30,Draft,agent:action_planner,playbook,,,,INC-20261001-B5DE16
ACT-1434a4c6d1ab,,POL-GCP,,"SHO, Manali Police Station",Arrest the accused,4.0,,2026-10-01T09:15:45+05:30,Draft,agent:action_planner,playbook,,,,INC-20261001-B5DE16
ACT-cf6ca987295f,,POL-GCP,,Deputy Commissioner of Police,Close,5.0,,2026-10-01T09:39:45+05:30,Draft,agent:action_planner,playbook,,,,INC-20261001-B5DE16
ACT-00e04208e29e,,POL-GCP,,"SHO, Kolathur Police Station",Send patrol and ambulance,1.0,,2026-10-01T18:38:29+05:30,Draft,agent:action_planner,playbook,,,,INC-20261001-DEF164
ACT-efa9d77206e3,,POL-GCP,,"SHO, Kolathur Police Station",Clear the carriageway,2.0,,2026-10-01T19:50:29+05:30,Draft,agent:action_planner,playbook,,,,INC-20261001-DEF164
ACT-9da575824c4b,,POL-GCP,,"SHO, Kolathur Police Station",Register the case,3.0,,2026-10-01T21:02:29+05:30,Draft,agent:action_planner,playbook,,,,INC-20261001-DEF164
ACT-69f61acd5636,,POL-GCP,,"SHO, Kolathur Police Station",Check road defects at the spot,4.0,,2026-10-01T22:14:29+05:30,Draft,agent:action_planner,playbook,,,,INC-20261001-DEF164
ACT-a66ee577344c,,POL-GCP,,Deputy Commissioner of Police,Close with report,5.0,,2026-10-01T23:26:29+05:30,Draft,agent:action_planner,playbook,,,,INC-20261001-DEF164
ACT-1ae1752cd762,,GCC-ENG,,Superintending Engineer,Support road accident response,,,2026-10-01T20:26:29+05:30,Draft,agent:action_planner,coordination,,,,INC-20261001-DEF164
ACT-1c193afd652e,,HLT-DMS,,Director of Medical Services,Support road accident response,,,2026-10-01T20:26:29+05:30,Draft,agent:action_planner,coordination,,,,INC-20261001-DEF164
ACT-2583cac1a587,,POL-GCP,,"SHO, Sembiam Police Station",Respond immediately,1.0,,2026-10-01T22:16:42+05:30,Draft,agent:action_planner,playbook,,,,INC-20261001-E2DF98
ACT-5eb270cc7241,,POL-GCP,,"SHO, Sembiam Police Station",Register the case,2.0,,2026-10-01T23:28:42+05:30,Draft,agent:action_planner,playbook,,,,INC-20261001-E2DF98
ACT-a15162fd1ea0,,POL-GCP,,"SHO, Sembiam Police Station",Protect the victim,3.0,,2026-10-02T00:40:42+05:30,Draft,agent:action_planner,playbook,,,,INC-20261001-E2DF98
ACT-37ed4d83005f,,POL-GCP,,"SHO, Sembiam Police Station",Arrest the accused,4.0,,2026-10-02T01:52:42+05:30,Draft,agent:action_planner,playbook,,,,INC-20261001-E2DF98
ACT-97c2c3a71af5,,POL-GCP,,Deputy Commissioner of Police,Close,5.0,,2026-10-02T03:04:42+05:30,Draft,agent:action_planner,playbook,,,,INC-20261001-E2DF98
ACT-118bba628eaa,,POL-GCP,,"SHO, Koyambedu Police Station",Respond immediately,1.0,,2026-10-01T13:19:55+05:30,Draft,agent:action_planner,playbook,,,,INC-20261001-EAE218
ACT-0317fa9e920d,,POL-GCP,,"SHO, Koyambedu Police Station",Register the case,2.0,,2026-10-01T14:31:55+05:30,Draft,agent:action_planner,playbook,,,,INC-20261001-EAE218
ACT-0f6a46a79afe,,POL-GCP,,"SHO, Koyambedu Police Station",Protect the victim,3.0,,2026-10-01T15:43:55+05:30,Draft,agent:action_planner,playbook,,,,INC-20261001-EAE218
ACT-37894dbb9799,,POL-GCP,,"SHO, Koyambedu Police Station",Arrest the accused,4.0,,2026-10-01T16:55:55+05:30,Draft,agent:action_planner,playbook,,,,INC-20261001-EAE218
ACT-21c5dca06685,,POL-GCP,,Deputy Commissioner of Police,Close,5.0,,2026-10-01T18:07:55+05:30,Draft,agent:action_planner,playbook,,,,INC-20261001-EAE218
ACT-10d003e0d4a5,,POL-GCP,,"SHO, Neelankarai Police Station",Respond immediately,1.0,,2026-10-01T01:52:50+05:30,Draft,agent:action_planner,playbook,,,,INC-20261001-F41235
ACT-a1925a61559b,,POL-GCP,,"SHO, Neelankarai Police Station",Register the case,2.0,,2026-10-01T03:04:50+05:30,Draft,agent:action_planner,playbook,,,,INC-20261001-F41235
ACT-7fad4a63561c,,POL-GCP,,"SHO, Neelankarai Police Station",Protect the victim,3.0,,2026-10-01T04:16:50+05:30,Draft,agent:action_planner,playbook,,,,INC-20261001-F41235
ACT-67a7002d861c,,POL-GCP,,"SHO, Neelankarai Police Station",Arrest the accused,4.0,,2026-10-01T05:28:50+05:30,Draft,agent:action_planner,playbook,,,,INC-20261001-F41235
ACT-cddf051cafa9,,POL-GCP,,Deputy Commissioner of Police,Close,5.0,,2026-10-01T06:40:50+05:30,Draft,agent:action_planner,playbook,,,,INC-20261001-F41235
ACT-3eca971777d5,,POL-GCP,,"SHO, Ayanavaram Police Station",Respond immediately,1.0,,2026-10-01T07:14:27+05:30,Draft,agent:action_planner,playbook,,,,INC-20261001-FB63D7
ACT-a932215ddd11,,POL-GCP,,"SHO, Ayanavaram Police Station",Register the case,2.0,,2026-10-01T08:26:27+05:30,Draft,agent:action_planner,playbook,,,,INC-20261001-FB63D7
ACT-a1d4f28a621d,,POL-GCP,,"SHO, Ayanavaram Police Station",Protect the victim,3.0,,2026-10-01T09:38:27+05:30,Draft,agent:action_planner,playbook,,,,INC-20261001-FB63D7
ACT-a2cf2a0f899c,,POL-GCP,,"SHO, Ayanavaram Police Station",Arrest the accused,4.0,,2026-10-01T10:50:27+05:30,Draft,agent:action_planner,playbook,,,,INC-20261001-FB63D7
ACT-d5bb311f1867,,POL-GCP,,Deputy Commissioner of Police,Close,5.0,,2026-10-01T12:02:27+05:30,Draft,agent:action_planner,playbook,,,,INC-20261001-FB63D7
ACT-2e147313741f,,GCC-SWD,,"Assistant Engineer, Ward 107 (Anna Nagar zone)",Inspect the worksite,1.0,,2026-10-01T12:12:00+05:30,Draft,agent:action_planner,playbook,,,,INC-20261001-FD0068
ACT-6f8f0d179b74,,GCC-SWD,,"Assistant Engineer, Ward 107 (Anna Nagar zone)",Install barricades and signage,2.0,,2026-10-01T21:48:00+05:30,Draft,agent:action_planner,playbook,,,,INC-20261001-FD0068
ACT-7a32f2fbfe00,,GCC-SWD,,"Assistant Engineer, Ward 107 (Anna Nagar zone)",Instruct the contractor,3.0,,2026-10-02T07:24:00+05:30,Draft,agent:action_planner,playbook,,,,INC-20261001-FD0068
ACT-0904f7d02e58,,GCC-SWD,,"Assistant Engineer, Ward 107 (Anna Nagar zone)",Re-inspect,4.0,,2026-10-02T17:00:00+05:30,Draft,agent:action_planner,playbook,,,,INC-20261001-FD0068
ACT-cd3c408a4778,,GCC-SWD,,Superintending Engineer (SWD),Close with photo,5.0,,2026-10-03T02:36:00+05:30,Draft,agent:action_planner,playbook,,,,INC-20261001-FD0068
ACT-f472d6d2f101,,POL-GCP,,Deputy Commissioner of Police,Support drain works site safety response,,,2026-10-02T02:36:00+05:30,Draft,agent:action_planner,coordination,,,,INC-20261001-FD0068
ACT-d255b8d54ef4,,PWD-WRD,,"Assistant Executive Engineer, Water Bodies Protection (Encroachment) Cell (S. Palanisamy)",Inspect and barricade,1.0,,2026-10-02T13:42:21+05:30,Draft,agent:action_planner,playbook,,,,INC-20261002-06D1B6
ACT-75c23e83415a,,PWD-WRD,,"Assistant Executive Engineer, Water Bodies Protection (Encroachment) Cell (S. Palanisamy)",Patch with cold mix,2.0,,2026-10-02T18:30:21+05:30,Draft,agent:action_planner,playbook,,,,INC-20261002-06D1B6
ACT-469a5b5ca098,,PWD-WRD,,"Assistant Executive Engineer, Water Bodies Protection (Encroachment) Cell (S. Palanisamy)",Schedule relaying,3.0,,2026-10-02T23:18:21+05:30,Draft,agent:action_planner,playbook,,,,INC-20261002-06D1B6
ACT-bca8bf95cdb4,,PWD-WRD,,"Assistant Executive Engineer, Water Bodies Protection (Encroachment) Cell (S. Palanisamy)",Quality check,4.0,,2026-10-03T04:06:21+05:30,Draft,agent:action_planner,playbook,,,,INC-20261002-06D1B6
ACT-c60db2d05f59,,PWD-WRD,,Superintending Engineer (WRD),Close with photo,5.0,,2026-10-03T08:54:21+05:30,Draft,agent:action_planner,playbook,,,,INC-20261002-06D1B6
ACT-ebf7d1e27cab,,POL-GCP,,Deputy Commissioner of Police,"Support roads, footpaths & bridges response",,,2026-10-02T20:54:21+05:30,Draft,agent:action_planner,coordination,,,,INC-20261002-06D1B6
ACT-0104f01fae84,,GCC-SWD,,"Assistant Engineer, Ward 145 (Valasaravakkam zone)",Inspect the drain,1.0,,2026-10-03T00:03:00+05:30,Draft,agent:action_planner,playbook,,,,INC-20261002-0DA4AF
ACT-228537d448e8,,GCC-SWD,,"Assistant Engineer, Ward 145 (Valasaravakkam zone)",Desilt or clear the blockage,2.0,,2026-10-03T14:27:00+05:30,Draft,agent:action_planner,playbook,,,,INC-20261002-0DA4AF
ACT-b9c807a379a4,,GCC-SWD,,"Assistant Engineer, Ward 145 (Valasaravakkam zone)",Repair cover or pipe,3.0,,2026-10-04T04:51:00+05:30,Draft,agent:action_planner,playbook,,,,INC-20261002-0DA4AF
ACT-cb7ae4f87110,,GCC-SWD,,"Assistant Engineer, Ward 145 (Valasaravakkam zone)",Disinfect the area,4.0,,2026-10-04T19:15:00+05:30,Draft,agent:action_planner,playbook,,,,INC-20261002-0DA4AF
ACT-93374ff7530e,,GCC-SWD,,Superintending Engineer (SWD),Submit completion report,5.0,,2026-10-05T09:39:00+05:30,Draft,agent:action_planner,playbook,,,,INC-20261002-0DA4AF
ACT-8b41080324eb,,CMWSSB,,Superintending Engineer,Support drainage & sewage response,,,2026-10-03T21:39:00+05:30,Draft,agent:action_planner,coordination,,,,INC-20261002-0DA4AF
ACT-f6e188b67778,,HLT-DMS,,Director of Medical Services,Source reduction and fogging,1.0,,2026-10-02T02:24:00+05:30,Draft,agent:action_planner,playbook,,,,INC-20261002-18007D
ACT-571d746ea5c3,,HLT-DMS,,Director of Medical Services,Door-to-door fever survey,2.0,,2026-10-02T04:48:00+05:30,Draft,agent:action_planner,playbook,,,,INC-20261002-18007D
ACT-622db1a93736,,HLT-DMS,,Director of Medical Services,Hold a fever camp,3.0,,2026-10-02T07:12:00+05:30,Draft,agent:action_planner,playbook,,,,INC-20261002-18007D
ACT-d98ae6c6d336,,HLT-DMS,,Director of Medical Services,Clear stagnant water,4.0,,2026-10-02T09:36:00+05:30,Draft,agent:action_planner,playbook,,,,INC-20261002-18007D
ACT-f519c54c792d,,HLT-DMS,,Director of Medical Services,Send daily situation report,5.0,,2026-10-02T12:00:00+05:30,Draft,agent:action_planner,playbook,,,,INC-20261002-18007D
ACT-651892e47db6,,GCC-SWD,,Superintending Engineer (SWD),Support vector- & water-borne disease response,,,2026-10-02T06:00:00+05:30,Draft,agent:action_planner,coordination,,,,INC-20261002-18007D
ACT-3e3b6b770207,,PWD-WRD,,"Assistant Executive Engineer, Water Bodies Protection (Encroachment) Cell (S. Palanisamy)",Inspect and barricade,1.0,,2026-10-02T12:57:41+05:30,Draft,agent:action_planner,playbook,,,,INC-20261002-37C0B4
ACT-5fa4450568e2,,PWD-WRD,,"Assistant Executive Engineer, Water Bodies Protection (Encroachment) Cell (S. Palanisamy)",Patch with cold mix,2.0,,2026-10-02T17:45:41+05:30,Draft,agent:action_planner,playbook,,,,INC-20261002-37C0B4
ACT-7a58ef9fd784,,PWD-WRD,,"Assistant Executive Engineer, Water Bodies Protection (Encroachment) Cell (S. Palanisamy)",Schedule relaying,3.0,,2026-10-02T22:33:41+05:30,Draft,agent:action_planner,playbook,,,,INC-20261002-37C0B4
ACT-e52f1ccf8528,,PWD-WRD,,"Assistant Executive Engineer, Water Bodies Protection (Encroachment) Cell (S. Palanisamy)",Quality check,4.0,,2026-10-03T03:21:41+05:30,Draft,agent:action_planner,playbook,,,,INC-20261002-37C0B4
ACT-623c1b60612a,,PWD-WRD,,Superintending Engineer (WRD),Close with photo,5.0,,2026-10-03T08:09:41+05:30,Draft,agent:action_planner,playbook,,,,INC-20261002-37C0B4
ACT-8f0ba2473f8a,,POL-GCP,,Deputy Commissioner of Police,"Support roads, footpaths & bridges response",,,2026-10-02T20:09:41+05:30,Draft,agent:action_planner,coordination,,,,INC-20261002-37C0B4
ACT-70b7755f4401,,POL-GCP,,"SHO, Chintadripet Police Station",Send patrol and ambulance,1.0,,2026-10-02T01:54:04+05:30,Draft,agent:action_planner,playbook,,,,INC-20261002-40CE80
ACT-854f9d18e710,,POL-GCP,,"SHO, Chintadripet Police Station",Clear the carriageway,2.0,,2026-10-02T02:18:04+05:30,Draft,agent:action_planner,playbook,,,,INC-20261002-40CE80
ACT-f904a7fccaab,,POL-GCP,,"SHO, Chintadripet Police Station",Register the case,3.0,,2026-10-02T02:42:04+05:30,Draft,agent:action_planner,playbook,,,,INC-20261002-40CE80
ACT-f36176cbf32e,,POL-GCP,,"SHO, Chintadripet Police Station",Check road defects at the spot,4.0,,2026-10-02T03:06:04+05:30,Draft,agent:action_planner,playbook,,,,INC-20261002-40CE80
ACT-66ddd451bce5,,POL-GCP,,Deputy Commissioner of Police,Close with report,5.0,,2026-10-02T03:30:04+05:30,Draft,agent:action_planner,playbook,,,,INC-20261002-40CE80
ACT-c12f58761c6a,,GCC-ENG,,Superintending Engineer,Support road accident response,,,2026-10-02T02:30:04+05:30,Draft,agent:action_planner,coordination,,,,INC-20261002-40CE80
ACT-eee914e47b0c,,HLT-DMS,,Director of Medical Services,Support road accident response,,,2026-10-02T02:30:04+05:30,Draft,agent:action_planner,coordination,,,,INC-20261002-40CE80
ACT-15b8068490fa,,POL-GCP,,"SHO, Velachery Police Station",Send patrol and ambulance,1.0,,2026-10-02T08:10:29+05:30,Draft,agent:action_planner,playbook,,,,INC-20261002-503F57
ACT-af7fe859ff6f,,POL-GCP,,"SHO, Velachery Police Station",Clear the carriageway,2.0,,2026-10-02T09:22:29+05:30,Draft,agent:action_planner,playbook,,,,INC-20261002-503F57
ACT-5eb781b8db3d,,POL-GCP,,"SHO, Velachery Police Station",Register the case,3.0,,2026-10-02T10:34:29+05:30,Draft,agent:action_planner,playbook,,,,INC-20261002-503F57
ACT-7b12130d0f4d,,POL-GCP,,"SHO, Velachery Police Station",Check road defects at the spot,4.0,,2026-10-02T11:46:29+05:30,Draft,agent:action_planner,playbook,,,,INC-20261002-503F57
ACT-73fa8cc342d3,,POL-GCP,,Deputy Commissioner of Police,Close with report,5.0,,2026-10-02T12:58:29+05:30,Draft,agent:action_planner,playbook,,,,INC-20261002-503F57
ACT-d5b8bbb05847,,GCC-ENG,,Superintending Engineer,Support road accident response,,,2026-10-02T09:58:29+05:30,Draft,agent:action_planner,coordination,,,,INC-20261002-503F57
ACT-5d34fbf2d94e,,HLT-DMS,,Director of Medical Services,Support road accident response,,,2026-10-02T09:58:29+05:30,Draft,agent:action_planner,coordination,,,,INC-20261002-503F57
ACT-e8ad70716afb,,PWD-WRD,,"Assistant Executive Engineer, Chennai Lakes Sub-Division, Ambattur (S. Karthikeyan)",Deploy pumps and clear standing water,1.0,,2026-10-02T14:32:40+05:30,Draft,agent:action_planner,playbook,,,,INC-20261002-7DD90E
ACT-f170020f645d,,PWD-WRD,,"Assistant Executive Engineer, Chennai Lakes Sub-Division, Ambattur (S. Karthikeyan)",Clear drain inlets and silt,2.0,,2026-10-02T19:20:40+05:30,Draft,agent:action_planner,playbook,,,,INC-20261002-7DD90E
ACT-7251450cf05a,,PWD-WRD,,"Assistant Executive Engineer, Chennai Lakes Sub-Division, Ambattur (S. Karthikeyan)",Divert traffic and barricade,3.0,,2026-10-03T00:08:40+05:30,Draft,agent:action_planner,playbook,,,,INC-20261002-7DD90E
ACT-d0d084285b61,,PWD-WRD,,"Assistant Executive Engineer, Chennai Lakes Sub-Division, Ambattur (S. Karthikeyan)",Check low-lying homes for evacuation,4.0,,2026-10-03T04:56:40+05:30,Draft,agent:action_planner,playbook,,,,INC-20261002-7DD90E
ACT-e4846212a497,,PWD-WRD,,Superintending Engineer (WRD),Submit completion report with photo,5.0,,2026-10-03T09:44:40+05:30,Draft,agent:action_planner,playbook,,,,INC-20261002-7DD90E
ACT-85f655c3658a,,POL-GCP,,Deputy Commissioner of Police,Support flooding & waterlogging response,,,2026-10-02T21:44:40+05:30,Draft,agent:action_planner,coordination,,,,INC-20261002-7DD90E
ACT-7c908e7e5ae0,,DIST-DM,,District Revenue Officer (Disaster),Support flooding & waterlogging response,,,2026-10-02T21:44:40+05:30,Draft,agent:action_planner,coordination,,,,INC-20261002-7DD90E
ACT-26bb6a1ed887,,PWD-BLD,,"Executive Engineer, Buildings Division (South), Chennai (G. Kalaiselvi)",Inspect the structure,1.0,,2026-10-02T13:42:37+05:30,Draft,agent:action_planner,playbook,,,,INC-20261002-893DD2
ACT-82b2978badeb,,PWD-BLD,,"Executive Engineer, Buildings Division (South), Chennai (G. Kalaiselvi)",Cordon off the area,2.0,,2026-10-02T18:30:37+05:30,Draft,agent:action_planner,playbook,,,,INC-20261002-893DD2
ACT-5ba4f11a1f7c,,PWD-BLD,,"Executive Engineer, Buildings Division (South), Chennai (G. Kalaiselvi)",Shift occupants if unsafe,3.0,,2026-10-02T23:18:37+05:30,Draft,agent:action_planner,playbook,,,,INC-20261002-893DD2
ACT-f7487483761e,,PWD-BLD,,"Executive Engineer, Buildings Division (South), Chennai (G. Kalaiselvi)",Repair or demolish,4.0,,2026-10-03T04:06:37+05:30,Draft,agent:action_planner,playbook,,,,INC-20261002-893DD2
ACT-3de9f6bcd0e5,,PWD-BLD,,Superintending Engineer (Buildings),Close with report,5.0,,2026-10-03T08:54:37+05:30,Draft,agent:action_planner,playbook,,,,INC-20261002-893DD2
ACT-3775d0f29f21,,GCC-ENG,,Superintending Engineer,Support unsafe buildings & walls response,,,2026-10-02T20:54:37+05:30,Draft,agent:action_planner,coordination,,,,INC-20261002-893DD2
ACT-05eae7c8f04b,,DIST-DM,,District Revenue Officer (Disaster),Support unsafe buildings & walls response,,,2026-10-02T20:54:37+05:30,Draft,agent:action_planner,coordination,,,,INC-20261002-893DD2
ACT-0890ccaf7e45,,POL-GCP,,"SHO, Pulianthope Police Station",Register the complaint,1.0,,2026-10-02T07:47:26+05:30,Draft,agent:action_planner,playbook,,,,INC-20261002-E14EC8
ACT-807d37dab4ff,,POL-GCP,,"SHO, Pulianthope Police Station",Circulate details,2.0,,2026-10-02T10:11:26+05:30,Draft,agent:action_planner,playbook,,,,INC-20261002-E14EC8
ACT-f7d6c7bc0941,,POL-GCP,,"SHO, Pulianthope Police Station",Search,3.0,,2026-10-02T12:35:26+05:30,Draft,agent:action_planner,playbook,,,,INC-20261002-E14EC8
ACT-19e61496ee2f,,POL-GCP,,"SHO, Pulianthope Police Station",Trace,4.0,,2026-10-02T14:59:26+05:30,Draft,agent:action_planner,playbook,,,,INC-20261002-E14EC8
ACT-41f95c5949f8,,POL-GCP,,Deputy Commissioner of Police,Close,5.0,,2026-10-02T17:23:26+05:30,Draft,agent:action_planner,playbook,,,,INC-20261002-E14EC8
ACT-416bcd199a21,,PWD-WRD,,"Assistant Executive Engineer, Water Bodies Protection (Encroachment) Cell (S. Palanisamy)",Inspect and barricade,1.0,,2026-10-02T12:28:48+05:30,Draft,agent:action_planner,playbook,,,,INC-20261002-F7DAD6
ACT-6fed34a239c3,,PWD-WRD,,"Assistant Executive Engineer, Water Bodies Protection (Encroachment) Cell (S. Palanisamy)",Patch with cold mix,2.0,,2026-10-02T17:16:48+05:30,Draft,agent:action_planner,playbook,,,,INC-20261002-F7DAD6
ACT-0c64a65f2894,,PWD-WRD,,"Assistant Executive Engineer, Water Bodies Protection (Encroachment) Cell (S. Palanisamy)",Schedule relaying,3.0,,2026-10-02T22:04:48+05:30,Draft,agent:action_planner,playbook,,,,INC-20261002-F7DAD6
ACT-9bb706839074,,PWD-WRD,,"Assistant Executive Engineer, Water Bodies Protection (Encroachment) Cell (S. Palanisamy)",Quality check,4.0,,2026-10-03T02:52:48+05:30,Draft,agent:action_planner,playbook,,,,INC-20261002-F7DAD6
ACT-7980393abf4e,,PWD-WRD,,Superintending Engineer (WRD),Close with photo,5.0,,2026-10-03T07:40:48+05:30,Draft,agent:action_planner,playbook,,,,INC-20261002-F7DAD6
ACT-5dc9b7308008,,POL-GCP,,Deputy Commissioner of Police,"Support roads, footpaths & bridges response",,,2026-10-02T19:40:48+05:30,Draft,agent:action_planner,coordination,,,,INC-20261002-F7DAD6
ACT-f45e8b4369a6,,POL-GCP,,"SHO, Vyasarpadi Police Station",Respond immediately,1.0,,2026-10-02T11:15:07+05:30,Draft,agent:action_planner,playbook,,,,INC-20261002-FD5F4A
ACT-782fd07ce93c,,POL-GCP,,"SHO, Vyasarpadi Police Station",Register the case,2.0,,2026-10-02T11:39:07+05:30,Draft,agent:action_planner,playbook,,,,INC-20261002-FD5F4A
ACT-ceb138ae00bc,,POL-GCP,,"SHO, Vyasarpadi Police Station",Protect the victim,3.0,,2026-10-02T12:03:07+05:30,Draft,agent:action_planner,playbook,,,,INC-20261002-FD5F4A
ACT-ca68a72525b0,,POL-GCP,,"SHO, Vyasarpadi Police Station",Arrest the accused,4.0,,2026-10-02T12:27:07+05:30,Draft,agent:action_planner,playbook,,,,INC-20261002-FD5F4A
ACT-fa5509ff6386,,POL-GCP,,Deputy Commissioner of Police,Close,5.0,,2026-10-02T12:51:07+05:30,Draft,agent:action_planner,playbook,,,,INC-20261002-FD5F4A
