date,zone_no,category_code,source,count
2026-04-05,6,ENCROACHMENT,pwd,1
2026-04-05,8,ENCROACHMENT,pwd,1
2026-04-05,9,ROAD_DAMAGE,pwd,1
2026-04-05,11,ENCROACHMENT,pwd,1
2026-04-06,1,CRIME_PROPERTY,police,1
2026-04-06,1,DRAINAGE_SEWAGE,pwd,1
2026-04-06,1,SANITATION_TOILETS,grievance,1
2026-04-06,1,SOLID_WASTE,grievance,3
2026-04-06,1,STREETLIGHT_ELECTRICAL,grievance,1
2026-04-06,1,WATERBODY_INFRA,pwd,1
2026-04-06,2,DARK_SPOT_SAFETY,grievance,1
2026-04-06,3,CRIME_VIOLENT,police,1
2026-04-06,3,DRAIN_WORKS_SAFETY,grievance,1
2026-04-06,3,ENCROACHMENT,grievance,1
2026-04-06,4,CRIME_VIOLENT,police,3
2026-04-06,4,PUBLIC_ORDER,police,1
2026-04-06,4,ROAD_ACCIDENT,police,2
2026-04-06,4,ROAD_DAMAGE,grievance,3
2026-04-06,4,SANITATION_TOILETS,grievance,1
2026-04-06,4,SOLID_WASTE,grievance,4
2026-04-06,5,ADMIN_SERVICES,grievance,1
2026-04-06,5,AIR_POLLUTION,grievance,1
2026-04-06,5,CRIME_PROPERTY,police,1
2026-04-06,5,DRUGS_LIQUOR,police,2
2026-04-06,5,FLOOD_WATERLOGGING,grievance,1
2026-04-06,5,PUBLIC_ORDER,police,2
2026-04-06,5,ROAD_ACCIDENT,police,3
2026-04-06,5,SOLID_WASTE,grievance,1
2026-04-06,5,STREETLIGHT_ELECTRICAL,grievance,2
2026-04-06,5,TRAFFIC_OBSTRUCTION,police,1
2026-04-06,5,TREES_PARKS,grievance,2
2026-04-06,5,VECTOR_DISEASE,grievance,1
2026-04-06,5,VECTOR_DISEASE,hospital,1
2026-04-06,6,ADMIN_SERVICES,grievance,1
2026-04-06,6,CRIME_VIOLENT,police,3
2026-04-06,6,FOOD_SAFETY,grievance,1
2026-04-06,6,OTHER,grievance,1
2026-04-06,6,PUBLIC_ORDER,police,2
2026-04-06,6,PUBLIC_WORKS,grievance,1
2026-04-06,6,ROAD_DAMAGE,grievance,1
2026-04-06,6,SANITATION_TOILETS,grievance,1
2026-04-06,6,SOLID_WASTE,grievance,3
2026-04-06,6,STREETLIGHT_ELECTRICAL,grievance,1
2026-04-06,6,TRAFFIC_OBSTRUCTION,police,1
2026-04-06,6,VECTOR_DISEASE,grievance,4
2026-04-06,7,CRIME_PROPERTY,police,1
2026-04-06,7,CRIME_VIOLENT,police,1
2026-04-06,7,FLOOD_WATERLOGGING,grievance,1
2026-04-06,7,HEALTH_SERVICES,grievance,1
2026-04-06,7,POLICE_OTHER,police,1
2026-04-06,7,PUBLIC_ORDER,police,1
2026-04-06,7,PUBLIC_WORKS,grievance,1
2026-04-06,7,SOLID_WASTE,grievance,1
2026-04-06,8,CRIME_PROPERTY,police,3
2026-04-06,8,CRIME_VIOLENT,police,2
2026-04-06,8,DRAINAGE_SEWAGE,grievance,1
2026-04-06,8,DRAINAGE_SEWAGE,pwd,1
2026-04-06,8,FOOD_SAFETY,grievance,1
2026-04-06,8,PUBLIC_ORDER,police,1
2026-04-06,8,ROAD_DAMAGE,grievance,1
2026-04-06,8,SOLID_WASTE,grievance,3
2026-04-06,8,STRAY_ANIMALS,grievance,1
2026-04-06,8,STREETLIGHT_ELECTRICAL,grievance,2
2026-04-06,9,BUILDING_SAFETY,pwd,2
2026-04-06,9,CRIME_PROPERTY,police,2
2026-04-06,9,DARK_SPOT_SAFETY,grievance,1
2026-04-06,9,DRAIN_WORKS_SAFETY,grievance,1
2026-04-06,9,PUBLIC_ORDER,police,1
2026-04-06,9,SANITATION_TOILETS,grievance,1
2026-04-06,9,SOLID_WASTE,grievance,3
2026-04-06,9,STREETLIGHT_ELECTRICAL,grievance,1
2026-04-06,10,BUILDING_SAFETY,pwd,1
2026-04-06,10,CRIME_PROPERTY,police,2
2026-04-06,10,CRIME_VIOLENT,police,1
2026-04-06,10,DARK_SPOT_SAFETY,grievance,1
2026-04-06,10,FLOOD_WATERLOGGING,grievance,2
2026-04-06,10,FOOD_SAFETY,grievance,1
2026-04-06,10,SANITATION_TOILETS,grievance,2
2026-04-06,10,SOLID_WASTE,grievance,3
2026-04-06,10,STREETLIGHT_ELECTRICAL,grievance,1
2026-04-06,11,ADMIN_SERVICES,grievance,1
2026-04-06,11,CRIME_PROPERTY,police,2
2026-04-06,11,CRIME_VIOLENT,police,2
2026-04-06,11,OTHER,grievance,1
2026-04-06,11,ROAD_ACCIDENT,police,1
2026-04-06,11,ROAD_DAMAGE,grievance,1
2026-04-06,11,SOLID_WASTE,grievance,1
2026-04-06,11,STREETLIGHT_ELECTRICAL,grievance,1
2026-04-06,12,CRIME_PROPERTY,police,1
2026-04-06,12,CRIME_VIOLENT,police,1
2026-04-06,12,ROAD_ACCIDENT,police,2
2026-04-06,12,STREETLIGHT_ELECTRICAL,grievance,3
2026-04-06,12,WATERBODY_INFRA,pwd,1
2026-04-06,13,BUILDING_SAFETY,pwd,2
2026-04-06,13,CRIME_PROPERTY,police,3
2026-04-06,13,CRIME_VIOLENT,police,1
2026-04-06,13,DRAINAGE_SEWAGE,pwd,1
2026-04-06,13,ENCROACHMENT,pwd,1
2026-04-06,13,FLOOD_RELIEF,grievance,1
2026-04-06,13,OTHER,grievance,1
2026-04-06,13,ROAD_ACCIDENT,police,2
2026-04-06,13,ROAD_DAMAGE,pwd,1
2026-04-06,13,SOLID_WASTE,grievance,1
2026-04-06,13,TRAFFIC_OBSTRUCTION,police,2
2026-04-06,14,ADMIN_SERVICES,grievance,1
2026-04-06,14,SOLID_WASTE,grievance,2
2026-04-06,14,STREETLIGHT_ELECTRICAL,grievance,2
2026-04-06,14,VECTOR_DISEASE,grievance,1
2026-04-06,15,ADMIN_SERVICES,grievance,1
2026-04-06,15,BUILDING_SAFETY,pwd,1
2026-04-06,15,CRIME_VIOLENT,police,3
2026-04-06,15,HEALTH_SERVICES,grievance,1
2026-04-06,15,STRAY_ANIMALS,grievance,1
2026-04-06,,PUBLIC_ORDER,police,1
2026-04-07,1,CRIME_PROPERTY,police,1
2026-04-07,1,DRAINAGE_SEWAGE,pwd,1
2026-04-07,1,ROAD_ACCIDENT,police,3
2026-04-07,1,ROAD_DAMAGE,grievance,2
2026-04-07,1,SOLID_WASTE,grievance,2
2026-04-07,1,STREETLIGHT_ELECTRICAL,grievance,1
2026-04-07,2,ENCROACHMENT,grievance,1
2026-04-07,3,DRAINAGE_SEWAGE,grievance,1
2026-04-07,3,PUBLIC_WORKS,grievance,1
2026-04-07,3,ROAD_ACCIDENT,police,2
2026-04-07,3,ROAD_DAMAGE,grievance,1
2026-04-07,3,SANITATION_TOILETS,grievance,1
2026-04-07,4,CRIME_PROPERTY,police,1
2026-04-07,4,HEALTH_SERVICES,grievance,1
2026-04-07,4,OTHER,grievance,1
2026-04-07,4,ROAD_DAMAGE,grievance,3
2026-04-07,4,SOLID_WASTE,grievance,2
2026-04-07,4,STREETLIGHT_ELECTRICAL,grievance,2
2026-04-07,4,TRAFFIC_OBSTRUCTION,police,1
2026-04-07,5,CRIME_PROPERTY,police,3
2026-04-07,5,DARK_SPOT_SAFETY,grievance,1
2026-04-07,5,ENCROACHMENT,pwd,2
2026-04-07,5,HEALTH_SERVICES,hospital,1
2026-04-07,5,PUBLIC_ORDER,police,2
2026-04-07,5,ROAD_ACCIDENT,police,1
2026-04-07,5,SANITATION_TOILETS,grievance,1
2026-04-07,5,SOLID_WASTE,grievance,3
2026-04-07,5,STREETLIGHT_ELECTRICAL,grievance,2
2026-04-07,5,TRAFFIC_OBSTRUCTION,police,1
2026-04-07,5,TREES_PARKS,grievance,1
2026-04-07,6,DRAINAGE_SEWAGE,pwd,3
2026-04-07,6,FOOD_SAFETY,grievance,1
2026-04-07,6,OTHER,grievance,1
2026-04-07,6,PUBLIC_ORDER,police,2
2026-04-07,6,ROAD_ACCIDENT,police,1
2026-04-07,6,SANITATION_TOILETS,grievance,2
2026-04-07,6,STRAY_ANIMALS,grievance,1
2026-04-07,6,TRAFFIC_OBSTRUCTION,police,1
2026-04-07,7,CRIME_PROPERTY,police,1
2026-04-07,7,DARK_SPOT_SAFETY,grievance,1
2026-04-07,7,DRAINAGE_SEWAGE,grievance,1
2026-04-07,7,DRAIN_WORKS_SAFETY,grievance,1
2026-04-07,7,MISSING_PERSON,police,2
2026-04-07,7,PUBLIC_ORDER,police,1
2026-04-07,7,SANITATION_TOILETS,grievance,1
2026-04-07,7,SOLID_WASTE,grievance,6
2026-04-07,7,STREETLIGHT_ELECTRICAL,grievance,1
2026-04-07,7,TRAFFIC_OBSTRUCTION,grievance,1
2026-04-07,7,TREES_PARKS,grievance,1
2026-04-07,8,CRIME_PROPERTY,police,1
2026-04-07,8,FLOOD_WATERLOGGING,grievance,1
2026-04-07,8,PUBLIC_ORDER,police,2
2026-04-07,8,ROAD_DAMAGE,grievance,3
2026-04-07,8,SANITATION_TOILETS,grievance,1
2026-04-07,8,SOLID_WASTE,grievance,2
2026-04-07,8,TREES_PARKS,grievance,1
2026-04-07,9,ADMIN_SERVICES,grievance,1
2026-04-07,9,DRAINAGE_SEWAGE,grievance,1
2026-04-07,9,DRAIN_WORKS_SAFETY,grievance,1
2026-04-07,9,ENCROACHMENT,pwd,1
2026-04-07,9,OTHER,pwd,1
2026-04-07,9,ROAD_ACCIDENT,police,2
2026-04-07,9,SOLID_WASTE,grievance,2
2026-04-07,9,STRAY_ANIMALS,grievance,1
2026-04-07,9,STREETLIGHT_ELECTRICAL,grievance,1
2026-04-07,9,TRAFFIC_OBSTRUCTION,police,3
2026-04-07,9,VECTOR_DISEASE,grievance,1
2026-04-07,10,ADMIN_SERVICES,grievance,1
2026-04-07,10,CRIME_PROPERTY,police,2
2026-04-07,10,CRIME_VIOLENT,police,1
2026-04-07,10,ENCROACHMENT,grievance,1
2026-04-07,10,MISSING_PERSON,police,1
2026-04-07,10,ROAD_DAMAGE,grievance,1
2026-04-07,10,SANITATION_TOILETS,grievance,1
2026-04-07,10,SOLID_WASTE,grievance,1
2026-04-07,10,STREETLIGHT_ELECTRICAL,grievance,3
2026-04-07,10,TRAFFIC_OBSTRUCTION,police,1
2026-04-07,10,TREES_PARKS,grievance,1
2026-04-07,11,CRIME_PROPERTY,police,3
2026-04-07,11,CRIME_VIOLENT,police,1
2026-04-07,11,ENCROACHMENT,pwd,1
2026-04-07,11,FLOOD_WATERLOGGING,pwd,1
2026-04-07,11,HEALTH_SERVICES,grievance,1
2026-04-07,11,SOLID_WASTE,grievance,3
2026-04-07,11,STREETLIGHT_ELECTRICAL,grievance,1
2026-04-07,12,CRIME_PROPERTY,police,2
2026-04-07,12,FLOOD_WATERLOGGING,grievance,1
2026-04-07,12,MISSING_PERSON,police,1
2026-04-07,12,SOLID_WASTE,grievance,2
2026-04-07,12,STREETLIGHT_ELECTRICAL,grievance,3
2026-04-07,12,TRAFFIC_OBSTRUCTION,police,1
2026-04-07,13,BUILDING_SAFETY,pwd,2
2026-04-07,13,DRAINAGE_SEWAGE,pwd,1
2026-04-07,13,ENCROACHMENT,pwd,1
2026-04-07,13,OTHER,grievance,1
2026-04-07,13,PUBLIC_ORDER,police,3
2026-04-07,13,ROAD_ACCIDENT,police,2
2026-04-07,13,ROAD_DAMAGE,grievance,1
2026-04-07,13,SANITATION_TOILETS,grievance,2
2026-04-07,13,STREETLIGHT_ELECTRICAL,grievance,1
2026-04-07,13,TRAFFIC_OBSTRUCTION,grievance,1
2026-04-07,13,WATERBODY_INFRA,pwd,2
2026-04-07,14,CRIME_PROPERTY,police,1
2026-04-07,14,FLOOD_WATERLOGGING,grievance,1
2026-04-07,14,HEALTH_SERVICES,grievance,1
2026-04-07,14,SOLID_WASTE,grievance,1
2026-04-07,15,CRIME_PROPERTY,police,3
2026-04-07,15,PUBLIC_ORDER,police,2
2026-04-07,15,ROAD_DAMAGE,grievance,1
2026-04-07,15,SOLID_WASTE,grievance,2
2026-04-07,15,STRAY_ANIMALS,grievance,1
2026-04-07,15,TRAFFIC_OBSTRUCTION,police,1
2026-04-07,,CRIME_PROPERTY,police,3
2026-04-08,1,DRAINAGE_SEWAGE,pwd,1
2026-04-08,1,ENCROACHMENT,grievance,1
2026-04-08,1,FOOD_SAFETY,grievance,1
2026-04-08,1,SOLID_WASTE,grievance,1
2026-04-08,1,TRAFFIC_OBSTRUCTION,police,1
2026-04-08,2,CRIME_PROPERTY,police,1
2026-04-08,2,ROAD_ACCIDENT,police,1
2026-04-08,3,DARK_SPOT_SAFETY,grievance,1
2026-04-08,3,FOOD_SAFETY,grievance,1
2026-04-08,3,ROAD_ACCIDENT,police,2
2026-04-08,3,SOLID_WASTE,grievance,1
2026-04-08,4,CRIME_PROPERTY,police,1
2026-04-08,4,DRAIN_WORKS_SAFETY,grievance,1
2026-04-08,4,OTHER,grievance,1
2026-04-08,4,PUBLIC_ORDER,police,2
2026-04-08,4,STREETLIGHT_ELECTRICAL,grievance,1
2026-04-08,5,ADMIN_SERVICES,grievance,2
2026-04-08,5,CRIME_PROPERTY,police,2
2026-04-08,5,CRIME_VIOLENT,police,1
2026-04-08,5,DRAINAGE_SEWAGE,grievance,3
2026-04-08,5,DRUGS_LIQUOR,police,1
2026-04-08,5,ROAD_ACCIDENT,police,2
2026-04-08,5,ROAD_DAMAGE,grievance,1
2026-04-08,5,TRAFFIC_OBSTRUCTION,police,4
2026-04-08,6,ADMIN_SERVICES,grievance,1
2026-04-08,6,BUILDING_SAFETY,pwd,1
2026-04-08,6,DARK_SPOT_SAFETY,grievance,1
2026-04-08,6,DRAINAGE_SEWAGE,grievance,1
2026-04-08,6,DRAINAGE_SEWAGE,pwd,1
2026-04-08,6,DRAIN_WORKS_SAFETY,grievance,1
2026-04-08,6,OTHER,grievance,1
2026-04-08,6,PUBLIC_WORKS,grievance,2
2026-04-08,6,ROAD_ACCIDENT,police,2
2026-04-08,6,SANITATION_TOILETS,grievance,1
2026-04-08,6,SOLID_WASTE,grievance,2
2026-04-08,6,STREETLIGHT_ELECTRICAL,grievance,1
2026-04-08,7,BUILDING_SAFETY,pwd,1
2026-04-08,7,ENCROACHMENT,pwd,4
2026-04-08,7,FLOOD_WATERLOGGING,grievance,1
2026-04-08,7,MISSING_PERSON,police,2
2026-04-08,7,PUBLIC_ORDER,grievance,1
2026-04-08,7,PUBLIC_ORDER,police,1
2026-04-08,7,SANITATION_TOILETS,grievance,1
2026-04-08,7,SOLID_WASTE,grievance,4
2026-04-08,7,STRAY_ANIMALS,grievance,1
2026-04-08,7,STREETLIGHT_ELECTRICAL,grievance,1
2026-04-08,8,BUILDING_SAFETY,pwd,1
2026-04-08,8,CRIME_PROPERTY,police,3
2026-04-08,8,CRIME_VIOLENT,police,3
2026-04-08,8,DRAINAGE_SEWAGE,pwd,2
2026-04-08,8,DRAIN_WORKS_SAFETY,grievance,1
2026-04-08,8,OTHER,grievance,1
2026-04-08,8,PUBLIC_ORDER,police,1
2026-04-08,8,ROAD_ACCIDENT,police,2
2026-04-08,8,ROAD_DAMAGE,grievance,1
2026-04-08,8,SOLID_WASTE,grievance,2
2026-04-08,8,STREETLIGHT_ELECTRICAL,grievance,1
2026-04-08,8,TRAFFIC_OBSTRUCTION,police,1
2026-04-08,8,TREES_PARKS,grievance,1
2026-04-08,9,CRIME_VIOLENT,police,1
2026-04-08,9,DRAIN_WORKS_SAFETY,grievance,1
2026-04-08,9,FLOOD_RELIEF,grievance,1
2026-04-08,9,SOLID_WASTE,grievance,1
2026-04-08,9,STRAY_ANIMALS,grievance,2
2026-04-08,9,STREETLIGHT_ELECTRICAL,grievance,1
2026-04-08,10,CRIME_PROPERTY,police,2
2026-04-08,10,CRIME_VIOLENT,police,1
2026-04-08,10,DRUGS_LIQUOR,police,1
2026-04-08,10,FLOOD_WATERLOGGING,police,1
2026-04-08,10,PUBLIC_ORDER,police,5
2026-04-08,10,ROAD_ACCIDENT,police,1
2026-04-08,10,ROAD_DAMAGE,grievance,1
2026-04-08,10,SOLID_WASTE,grievance,1
2026-04-08,11,CRIME_PROPERTY,police,2
2026-04-08,11,CRIME_VIOLENT,police,1
2026-04-08,11,DARK_SPOT_SAFETY,grievance,1
2026-04-08,11,DRAINAGE_SEWAGE,pwd,1
2026-04-08,11,ENCROACHMENT,pwd,1
2026-04-08,11,FLOOD_WATERLOGGING,grievance,1
2026-04-08,11,SOLID_WASTE,grievance,1
2026-04-08,11,STREETLIGHT_ELECTRICAL,grievance,1
2026-04-08,12,ADMIN_SERVICES,grievance,1
2026-04-08,12,CIVIC_FACILITIES,grievance,1
2026-04-08,12,DRAIN_WORKS_SAFETY,grievance,1
2026-04-08,12,ENCROACHMENT,pwd,1
2026-04-08,12,FLOOD_WATERLOGGING,grievance,1
2026-04-08,12,MISSING_PERSON,police,3
2026-04-08,12,OTHER,grievance,1
2026-04-08,12,PUBLIC_ORDER,police,2
2026-04-08,12,ROAD_ACCIDENT,police,2
2026-04-08,12,SANITATION_TOILETS,grievance,2
2026-04-08,12,SOLID_WASTE,grievance,3
2026-04-08,12,TRAFFIC_OBSTRUCTION,grievance,1
2026-04-08,12,TRAFFIC_OBSTRUCTION,police,2
2026-04-08,13,ADMIN_SERVICES,grievance,1
2026-04-08,13,CRIME_PROPERTY,police,5
2026-04-08,13,CRIME_VIOLENT,police,1
2026-04-08,13,HEALTH_SERVICES,grievance,1
2026-04-08,13,PUBLIC_ORDER,police,3
2026-04-08,13,PUBLIC_WORKS,grievance,1
2026-04-08,13,ROAD_ACCIDENT,police,1
2026-04-08,13,SOLID_WASTE,grievance,1
2026-04-08,13,STRAY_ANIMALS,grievance,1
2026-04-08,13,STREETLIGHT_ELECTRICAL,grievance,1
2026-04-08,13,TRAFFIC_OBSTRUCTION,police,1
2026-04-08,14,CRIME_VIOLENT,police,2
2026-04-08,14,DRAINAGE_SEWAGE,grievance,1
2026-04-08,14,ROAD_ACCIDENT,police,1
2026-04-08,14,STRAY_ANIMALS,grievance,1
2026-04-08,14,STREETLIGHT_ELECTRICAL,grievance,1
2026-04-08,14,TREES_PARKS,grievance,1
2026-04-08,15,CRIME_PROPERTY,police,2
2026-04-08,15,CRIME_VIOLENT,police,1
2026-04-08,15,DRUGS_LIQUOR,police,1
2026-04-08,15,ENCROACHMENT,grievance,1
2026-04-08,15,PUBLIC_ORDER,police,1
2026-04-08,15,ROAD_ACCIDENT,police,3
2026-04-08,15,STREETLIGHT_ELECTRICAL,grievance,1
2026-04-08,,CRIME_PROPERTY,police,2
2026-04-09,1,CRIME_PROPERTY,police,1
2026-04-09,1,DARK_SPOT_SAFETY,grievance,3
2026-04-09,1,DRAINAGE_SEWAGE,grievance,1
2026-04-09,1,DRAIN_WORKS_SAFETY,grievance,1
2026-04-09,1,SOLID_WASTE,grievance,1
2026-04-09,1,TRAFFIC_OBSTRUCTION,police,1
2026-04-09,2,DRAINAGE_SEWAGE,grievance,1
2026-04-09,2,DRAIN_WORKS_SAFETY,grievance,1
2026-04-09,3,DRUGS_LIQUOR,police,1
2026-04-09,3,FLOOD_WATERLOGGING,pwd,1
2026-04-09,3,SANITATION_TOILETS,grievance,3
2026-04-09,3,SOLID_WASTE,grievance,2
2026-04-09,3,STREETLIGHT_ELECTRICAL,grievance,1
2026-04-09,4,CIVIC_FACILITIES,grievance,1
2026-04-09,4,CRIME_PROPERTY,police,4
2026-04-09,4,DRUGS_LIQUOR,police,1
2026-04-09,4,ENCROACHMENT,grievance,1
2026-04-09,4,ROAD_ACCIDENT,police,2
2026-04-09,4,ROAD_DAMAGE,grievance,2
2026-04-09,4,SOLID_WASTE,grievance,4
2026-04-09,4,STREETLIGHT_ELECTRICAL,grievance,3
2026-04-09,4,TRAFFIC_OBSTRUCTION,police,1
2026-04-09,5,ADMIN_SERVICES,grievance,1
2026-04-09,5,CRIME_PROPERTY,police,1
2026-04-09,5,CRIME_VIOLENT,police,1
2026-04-09,5,DARK_SPOT_SAFETY,grievance,1
2026-04-09,5,DRAINAGE_SEWAGE,grievance,1
2026-04-09,5,DRAIN_WORKS_SAFETY,grievance,1
2026-04-09,5,FLOOD_RELIEF,grievance,1
2026-04-09,5,MISSING_PERSON,police,2
2026-04-09,5,POLICE_OTHER,police,1
2026-04-09,5,ROAD_ACCIDENT,police,2
2026-04-09,5,ROAD_DAMAGE,grievance,2
2026-04-09,5,SOLID_WASTE,grievance,3
2026-04-09,5,STREETLIGHT_ELECTRICAL,grievance,1
2026-04-09,6,ADMIN_SERVICES,grievance,1
2026-04-09,6,BUILDING_SAFETY,pwd,1
2026-04-09,6,CRIME_PROPERTY,police,3
2026-04-09,6,DARK_SPOT_SAFETY,grievance,1
2026-04-09,6,ROAD_DAMAGE,grievance,2
2026-04-09,6,SOLID_WASTE,grievance,1
2026-04-09,6,STREETLIGHT_ELECTRICAL,grievance,1
2026-04-09,6,VECTOR_DISEASE,grievance,1
2026-04-09,7,CRIME_VIOLENT,police,1
2026-04-09,7,DRAINAGE_SEWAGE,grievance,1
2026-04-09,7,DRAIN_WORKS_SAFETY,grievance,1
2026-04-09,7,HEALTH_SERVICES,grievance,1
2026-04-09,7,MISSING_PERSON,police,1
2026-04-09,7,POLICE_OTHER,police,1
2026-04-09,7,PUBLIC_ORDER,police,4
2026-04-09,7,SANITATION_TOILETS,grievance,1
2026-04-09,7,TRAFFIC_OBSTRUCTION,police,1
2026-04-09,7,WATERBODY_INFRA,pwd,1
2026-04-09,8,DRAINAGE_SEWAGE,pwd,2
2026-04-09,8,ENCROACHMENT,pwd,1
2026-04-09,8,FLOOD_WATERLOGGING,pwd,2
2026-04-09,8,POLICE_OTHER,police,1
2026-04-09,8,PUBLIC_ORDER,police,3
2026-04-09,8,PUBLIC_WORKS,grievance,1
2026-04-09,8,ROAD_ACCIDENT,police,1
2026-04-09,8,ROAD_DAMAGE,grievance,1
2026-04-09,8,SANITATION_TOILETS,grievance,1
2026-04-09,8,STREETLIGHT_ELECTRICAL,grievance,1
2026-04-09,8,TRAFFIC_OBSTRUCTION,police,1
2026-04-09,9,CRIME_PROPERTY,police,1
2026-04-09,9,FOOD_SAFETY,grievance,1
2026-04-09,9,ROAD_DAMAGE,pwd,4
2026-04-09,9,SOLID_WASTE,grievance,2
2026-04-09,9,STRAY_ANIMALS,grievance,1
2026-04-09,9,TRAFFIC_OBSTRUCTION,grievance,1
2026-04-09,9,WATERBODY_INFRA,pwd,1
2026-04-09,10,CRIME_PROPERTY,police,3
2026-04-09,10,ENCROACHMENT,pwd,1
2026-04-09,10,FLOOD_WATERLOGGING,pwd,1
2026-04-09,10,FOOD_SAFETY,grievance,1
2026-04-09,10,ROAD_ACCIDENT,police,2
2026-04-09,10,ROAD_DAMAGE,grievance,1
2026-04-09,10,STRAY_ANIMALS,grievance,1
2026-04-09,10,TRAFFIC_OBSTRUCTION,police,1
2026-04-09,11,ADMIN_SERVICES,grievance,1
2026-04-09,11,CRIME_VIOLENT,police,1
2026-04-09,11,DRAINAGE_SEWAGE,pwd,1
2026-04-09,11,ENCROACHMENT,pwd,1
2026-04-09,11,PUBLIC_ORDER,police,1
2026-04-09,11,ROAD_ACCIDENT,police,2
2026-04-09,11,SOLID_WASTE,grievance,2
2026-04-09,11,STREETLIGHT_ELECTRICAL,grievance,1
2026-04-09,11,TRAFFIC_OBSTRUCTION,police,1
2026-04-09,12,BUILDING_SAFETY,pwd,1
2026-04-09,12,DARK_SPOT_SAFETY,grievance,1
2026-04-09,12,DRAINAGE_SEWAGE,pwd,1
2026-04-09,12,ENCROACHMENT,grievance,1
2026-04-09,12,FLOOD_RELIEF,grievance,1
2026-04-09,12,ROAD_ACCIDENT,police,1
2026-04-09,12,SANITATION_TOILETS,grievance,1
2026-04-09,12,SOLID_WASTE,grievance,1
2026-04-09,12,STREETLIGHT_ELECTRICAL,grievance,3
2026-04-09,13,BUILDING_SAFETY,pwd,2
2026-04-09,13,CRIME_PROPERTY,police,1
2026-04-09,13,DRAIN_WORKS_SAFETY,grievance,1
2026-04-09,13,PUBLIC_ORDER,police,1
2026-04-09,13,ROAD_ACCIDENT,police,1
2026-04-09,13,SANITATION_TOILETS,grievance,1
2026-04-09,13,SOLID_WASTE,grievance,2
2026-04-09,13,TREES_PARKS,grievance,1
2026-04-09,14,CRIME_PROPERTY,police,2
2026-04-09,14,CRIME_VIOLENT,police,1
2026-04-09,14,DRAIN_WORKS_SAFETY,grievance,1
2026-04-09,14,FLOOD_WATERLOGGING,grievance,1
2026-04-09,14,OTHER,grievance,1
2026-04-09,14,ROAD_ACCIDENT,police,1
2026-04-09,14,SOLID_WASTE,grievance,2
2026-04-09,14,TRAFFIC_OBSTRUCTION,police,1
2026-04-09,15,CRIME_PROPERTY,police,1
2026-04-09,15,FLOOD_WATERLOGGING,grievance,1
2026-04-10,1,ADMIN_SERVICES,grievance,1
2026-04-10,1,CIVIC_FACILITIES,grievance,1
2026-04-10,1,DARK_SPOT_SAFETY,grievance,1
2026-04-10,1,DRAINAGE_SEWAGE,pwd,1
2026-04-10,1,MISSING_PERSON,police,1
2026-04-10,1,PUBLIC_ORDER,police,1
2026-04-10,1,ROAD_ACCIDENT,police,1
2026-04-10,1,ROAD_DAMAGE,grievance,1
2026-04-10,1,SANITATION_TOILETS,grievance,1
2026-04-10,1,SOLID_WASTE,grievance,2
2026-04-10,1,STREETLIGHT_ELECTRICAL,grievance,3
2026-04-10,1,TREES_PARKS,grievance,1
2026-04-10,2,SOLID_WASTE,grievance,2
2026-04-10,3,CRIME_PROPERTY,police,1
2026-04-10,3,FOOD_SAFETY,grievance,1
2026-04-10,3,ROAD_ACCIDENT,police,1
2026-04-10,3,ROAD_DAMAGE,grievance,1
2026-04-10,3,STREETLIGHT_ELECTRICAL,grievance,4
2026-04-10,4,CRIME_PROPERTY,police,2
2026-04-10,4,DARK_SPOT_SAFETY,grievance,1
2026-04-10,4,DRAINAGE_SEWAGE,grievance,1
2026-04-10,4,ENCROACHMENT,grievance,1
2026-04-10,4,ENCROACHMENT,pwd,1
2026-04-10,4,OTHER,grievance,1
2026-04-10,4,ROAD_DAMAGE,grievance,1
2026-04-10,4,SOLID_WASTE,grievance,1
2026-04-10,4,STREETLIGHT_ELECTRICAL,grievance,1
2026-04-10,4,TRAFFIC_OBSTRUCTION,police,1
2026-04-10,5,AIR_POLLUTION,grievance,1
2026-04-10,5,CIVIC_FACILITIES,grievance,1
2026-04-10,5,CRIME_PROPERTY,police,3
2026-04-10,5,MISSING_PERSON,police,1
2026-04-10,5,ROAD_DAMAGE,grievance,2
2026-04-10,5,SANITATION_TOILETS,grievance,1
2026-04-10,5,STREETLIGHT_ELECTRICAL,grievance,3
2026-04-10,5,TRAFFIC_OBSTRUCTION,police,2
2026-04-10,5,TREES_PARKS,grievance,1
2026-04-10,6,ADMIN_SERVICES,grievance,1
2026-04-10,6,CIVIC_FACILITIES,grievance,1
2026-04-10,6,CRIME_PROPERTY,police,3
2026-04-10,6,CRIME_VIOLENT,police,2
2026-04-10,6,DRAINAGE_SEWAGE,grievance,1
2026-04-10,6,DRAINAGE_SEWAGE,pwd,1
2026-04-10,6,DRAIN_WORKS_SAFETY,grievance,1
2026-04-10,6,FLOOD_WATERLOGGING,grievance,1
2026-04-10,6,HEALTH_SERVICES,grievance,1
2026-04-10,6,SANITATION_TOILETS,grievance,1
2026-04-10,6,SOLID_WASTE,grievance,2
2026-04-10,6,STREETLIGHT_ELECTRICAL,grievance,1
2026-04-10,7,ADMIN_SERVICES,grievance,2
2026-04-10,7,CRIME_PROPERTY,police,1
2026-04-10,7,CRIME_VIOLENT,police,3
2026-04-10,7,DARK_SPOT_SAFETY,grievance,1
2026-04-10,7,PUBLIC_ORDER,police,1
2026-04-10,7,ROAD_DAMAGE,grievance,1
2026-04-10,7,SOLID_WASTE,grievance,2
2026-04-10,7,TRAFFIC_OBSTRUCTION,police,2
2026-04-10,7,TREES_PARKS,grievance,1
2026-04-10,7,VECTOR_DISEASE,grievance,1
2026-04-10,8,CRIME_VIOLENT,police,1
2026-04-10,8,DRAINAGE_SEWAGE,pwd,1
2026-04-10,8,ENCROACHMENT,pwd,1
2026-04-10,8,PUBLIC_ORDER,police,2
2026-04-10,8,ROAD_DAMAGE,grievance,1
2026-04-10,8,SOLID_WASTE,grievance,1
2026-04-10,8,STRAY_ANIMALS,police,1
2026-04-10,8,TRAFFIC_OBSTRUCTION,police,2
2026-04-10,8,WATERBODY_INFRA,pwd,1
2026-04-10,9,BUILDING_SAFETY,pwd,1
2026-04-10,9,CRIME_PROPERTY,police,2
2026-04-10,9,DRAINAGE_SEWAGE,grievance,1
2026-04-10,9,ENCROACHMENT,grievance,1
2026-04-10,9,ENCROACHMENT,pwd,1
2026-04-10,9,PUBLIC_ORDER,police,1
2026-04-10,9,ROAD_DAMAGE,grievance,2
2026-04-10,9,ROAD_DAMAGE,pwd,1
2026-04-10,9,SOLID_WASTE,grievance,3
2026-04-10,10,ADMIN_SERVICES,grievance,1
2026-04-10,10,CRIME_PROPERTY,police,2
2026-04-10,10,DRAINAGE_SEWAGE,pwd,1
2026-04-10,10,DRAIN_WORKS_SAFETY,grievance,1
2026-04-10,10,OTHER,grievance,1
2026-04-10,10,PUBLIC_ORDER,police,1
2026-04-10,10,ROAD_ACCIDENT,police,1
2026-04-10,10,ROAD_DAMAGE,grievance,1
2026-04-10,10,SANITATION_TOILETS,grievance,1
2026-04-10,10,SOLID_WASTE,grievance,1
2026-04-10,11,BUILDING_SAFETY,pwd,1
2026-04-10,11,MISSING_PERSON,police,1
2026-04-10,11,SOLID_WASTE,grievance,1
2026-04-10,12,CIVIC_FACILITIES,grievance,1
2026-04-10,12,CRIME_PROPERTY,police,1
2026-04-10,12,CRIME_VIOLENT,police,2
2026-04-10,12,DARK_SPOT_SAFETY,grievance,1
2026-04-10,12,FLOOD_WATERLOGGING,pwd,1
2026-04-10,12,MISSING_PERSON,police,2
2026-04-10,12,PUBLIC_ORDER,police,1
2026-04-10,12,STREETLIGHT_ELECTRICAL,grievance,1
2026-04-10,12,VECTOR_DISEASE,grievance,1
2026-04-10,13,BUILDING_SAFETY,pwd,1
2026-04-10,13,FLOOD_WATERLOGGING,pwd,1
2026-04-10,13,HEALTH_SERVICES,grievance,1
2026-04-10,13,ROAD_ACCIDENT,police,3
2026-04-10,13,ROAD_DAMAGE,grievance,1
2026-04-10,13,SOLID_WASTE,grievance,1
2026-04-10,14,CRIME_PROPERTY,police,3
2026-04-10,14,CRIME_VIOLENT,police,1
2026-04-10,14,FLOOD_WATERLOGGING,grievance,1
2026-04-10,14,ROAD_ACCIDENT,police,2
2026-04-10,14,ROAD_DAMAGE,grievance,1
2026-04-10,14,SOLID_WASTE,grievance,2
2026-04-10,14,TRAFFIC_OBSTRUCTION,police,1
2026-04-10,15,CRIME_PROPERTY,police,3
2026-04-10,15,DRUGS_LIQUOR,police,1
2026-04-10,15,POLICE_OTHER,police,1
2026-04-10,15,ROAD_ACCIDENT,police,1
2026-04-10,15,SANITATION_TOILETS,grievance,1
2026-04-10,15,SOLID_WASTE,grievance,1
2026-04-10,15,TRAFFIC_OBSTRUCTION,police,2
2026-04-10,15,WATERBODY_INFRA,pwd,1
2026-04-10,,ROAD_ACCIDENT,police,2
2026-04-10,,TRAFFIC_OBSTRUCTION,police,1
2026-04-11,1,DRAINAGE_SEWAGE,grievance,1
2026-04-11,1,ENCROACHMENT,pwd,1
2026-04-11,1,FLOOD_WATERLOGGING,grievance,1
2026-04-11,1,SANITATION_TOILETS,grievance,1
2026-04-11,2,STREETLIGHT_ELECTRICAL,grievance,1
2026-04-11,3,CRIME_PROPERTY,police,1
2026-04-11,3,DRAINAGE_SEWAGE,grievance,1
2026-04-11,3,FOOD_SAFETY,grievance,1
2026-04-11,3,SOLID_WASTE,grievance,2
2026-04-11,3,TRAFFIC_OBSTRUCTION,police,1
2026-04-11,4,CRIME_PROPERTY,police,2
2026-04-11,4,ENCROACHMENT,pwd,1
2026-04-11,4,PUBLIC_ORDER,police,1
2026-04-11,4,PUBLIC_WORKS,grievance,1
2026-04-11,4,ROAD_ACCIDENT,police,2
2026-04-11,4,ROAD_DAMAGE,grievance,1
2026-04-11,4,SANITATION_TOILETS,grievance,1
2026-04-11,4,SOLID_WASTE,grievance,3
2026-04-11,4,STREETLIGHT_ELECTRICAL,grievance,1
2026-04-11,5,CRIME_PROPERTY,police,1
2026-04-11,5,CRIME_VIOLENT,police,2
2026-04-11,5,DRAINAGE_SEWAGE,grievance,2
2026-04-11,5,DRUGS_LIQUOR,police,1
2026-04-11,5,ENCROACHMENT,grievance,1
2026-04-11,5,FLOOD_WATERLOGGING,grievance,1
2026-04-11,5,FLOOD_WATERLOGGING,pwd,1
2026-04-11,5,PUBLIC_ORDER,police,2
2026-04-11,5,ROAD_ACCIDENT,police,3
2026-04-11,5,ROAD_DAMAGE,grievance,1
2026-04-11,5,SOLID_WASTE,grievance,3
2026-04-11,5,TRAFFIC_OBSTRUCTION,grievance,2
2026-04-11,6,DRAINAGE_SEWAGE,pwd,1
2026-04-11,6,DRUGS_LIQUOR,police,1
2026-04-11,6,ENCROACHMENT,grievance,1
2026-04-11,6,ENCROACHMENT,pwd,1
2026-04-11,6,FLOOD_WATERLOGGING,pwd,2
2026-04-11,6,PUBLIC_ORDER,police,1
2026-04-11,6,SANITATION_TOILETS,grievance,1
2026-04-11,6,SOLID_WASTE,grievance,1
2026-04-11,6,TRAFFIC_OBSTRUCTION,grievance,1
2026-04-11,6,VECTOR_DISEASE,grievance,1
2026-04-11,7,ADMIN_SERVICES,grievance,1
2026-04-11,7,CRIME_PROPERTY,police,4
2026-04-11,7,DRAIN_WORKS_SAFETY,grievance,1
2026-04-11,7,ROAD_ACCIDENT,police,2
2026-04-11,7,ROAD_DAMAGE,grievance,2
2026-04-11,7,SOLID_WASTE,grievance,3
2026-04-11,7,STREETLIGHT_ELECTRICAL,grievance,1
2026-04-11,7,TREES_PARKS,grievance,1
2026-04-11,8,CRIME_PROPERTY,police,1
2026-04-11,8,CRIME_VIOLENT,police,1
2026-04-11,8,DARK_SPOT_SAFETY,grievance,1
2026-04-11,8,DRAIN_WORKS_SAFETY,grievance,2
2026-04-11,8,MISSING_PERSON,police,1
2026-04-11,8,POLICE_OTHER,police,1
2026-04-11,8,ROAD_ACCIDENT,police,1
2026-04-11,8,ROAD_DAMAGE,grievance,1
2026-04-11,8,SOLID_WASTE,grievance,1
2026-04-11,8,STRAY_ANIMALS,grievance,1
2026-04-11,8,TRAFFIC_OBSTRUCTION,police,1
2026-04-11,9,ADMIN_SERVICES,grievance,1
2026-04-11,9,BUILDING_SAFETY,pwd,1
2026-04-11,9,CRIME_PROPERTY,police,3
2026-04-11,9,DRAINAGE_SEWAGE,pwd,1
2026-04-11,9,ENCROACHMENT,pwd,1
2026-04-11,9,FOOD_SAFETY,grievance,1
2026-04-11,9,OTHER,grievance,2
2026-04-11,9,PUBLIC_ORDER,police,1
2026-04-11,9,PUBLIC_WORKS,grievance,1
2026-04-11,9,ROAD_DAMAGE,grievance,1
2026-04-11,9,SOLID_WASTE,grievance,3
2026-04-11,9,TRAFFIC_OBSTRUCTION,police,1
2026-04-11,9,TREES_PARKS,grievance,1
2026-04-11,9,VECTOR_DISEASE,grievance,1
2026-04-11,10,BUILDING_SAFETY,pwd,1
2026-04-11,10,CRIME_PROPERTY,police,2
2026-04-11,10,DARK_SPOT_SAFETY,grievance,1
2026-04-11,10,DRAIN_WORKS_SAFETY,grievance,1
2026-04-11,10,FOOD_SAFETY,grievance,1
2026-04-11,10,HEALTH_SERVICES,grievance,1
2026-04-11,10,OTHER,grievance,1
2026-04-11,10,POLICE_OTHER,police,1
2026-04-11,10,PUBLIC_ORDER,police,1
2026-04-11,10,ROAD_ACCIDENT,police,2
2026-04-11,10,ROAD_DAMAGE,grievance,1
2026-04-11,10,SOLID_WASTE,grievance,1
2026-04-11,10,STRAY_ANIMALS,grievance,2
2026-04-11,10,STREETLIGHT_ELECTRICAL,grievance,2
2026-04-11,11,CRIME_PROPERTY,police,2
2026-04-11,11,DRAIN_WORKS_SAFETY,grievance,1
2026-04-11,11,ENCROACHMENT,grievance,1
2026-04-11,11,MISSING_PERSON,police,2
2026-04-11,11,OTHER,grievance,1
2026-04-11,11,PUBLIC_ORDER,police,1
2026-04-11,11,PUBLIC_WORKS,grievance,1
2026-04-11,11,SOLID_WASTE,grievance,1
2026-04-11,11,STREETLIGHT_ELECTRICAL,grievance,2
2026-04-11,13,ADMIN_SERVICES,grievance,1
2026-04-11,13,BUILDING_SAFETY,pwd,1
2026-04-11,13,CRIME_PROPERTY,police,1
2026-04-11,13,DRAINAGE_SEWAGE,pwd,1
2026-04-11,13,DRAIN_WORKS_SAFETY,grievance,1
2026-04-11,13,FLOOD_WATERLOGGING,grievance,1
2026-04-11,13,MISSING_PERSON,police,2
2026-04-11,13,PUBLIC_ORDER,police,1
2026-04-11,13,ROAD_ACCIDENT,police,1
2026-04-11,13,ROAD_DAMAGE,pwd,1
2026-04-11,13,SOLID_WASTE,grievance,1
2026-04-11,13,STREETLIGHT_ELECTRICAL,grievance,1
2026-04-11,13,TRAFFIC_OBSTRUCTION,police,2
2026-04-11,14,CRIME_VIOLENT,police,2
2026-04-11,14,OTHER,grievance,1
2026-04-11,14,ROAD_ACCIDENT,police,1
2026-04-11,14,ROAD_DAMAGE,grievance,1
2026-04-11,14,STREETLIGHT_ELECTRICAL,grievance,1
2026-04-11,15,BUILDING_SAFETY,pwd,1
2026-04-11,15,DRAINAGE_SEWAGE,grievance,1
2026-04-11,15,POLICE_OTHER,police,2
2026-04-11,15,SANITATION_TOILETS,grievance,1
2026-04-12,1,CRIME_PROPERTY,police,2
2026-04-12,1,DRAINAGE_SEWAGE,grievance,1
2026-04-12,1,ENCROACHMENT,pwd,1
2026-04-12,1,FOOD_SAFETY,grievance,1
2026-04-12,1,SOLID_WASTE,grievance,1
2026-04-12,1,STREETLIGHT_ELECTRICAL,grievance,2
2026-04-12,1,TRAFFIC_OBSTRUCTION,police,2
2026-04-12,2,CRIME_PROPERTY,police,3
2026-04-12,2,PUBLIC_ORDER,police,1
2026-04-12,2,TRAFFIC_OBSTRUCTION,police,2
2026-04-12,3,CRIME_PROPERTY,police,1
2026-04-12,3,MISSING_PERSON,police,2
2026-04-12,3,ROAD_DAMAGE,grievance,1
2026-04-12,3,SANITATION_TOILETS,grievance,1
2026-04-12,4,ADMIN_SERVICES,grievance,1
2026-04-12,4,CRIME_PROPERTY,police,1
2026-04-12,4,DRAINAGE_SEWAGE,grievance,2
2026-04-12,4,OTHER,grievance,1
2026-04-12,4,PUBLIC_ORDER,police,3
2026-04-12,4,SANITATION_TOILETS,grievance,1
2026-04-12,4,SOLID_WASTE,grievance,2
2026-04-12,5,CRIME_PROPERTY,police,1
2026-04-12,5,DRAIN_WORKS_SAFETY,grievance,1
2026-04-12,5,DRUGS_LIQUOR,police,1
2026-04-12,5,FLOOD_WATERLOGGING,grievance,1
2026-04-12,5,HEALTH_SERVICES,grievance,1
2026-04-12,5,PUBLIC_ORDER,police,1
2026-04-12,5,ROAD_ACCIDENT,police,3
2026-04-12,5,ROAD_DAMAGE,grievance,1
2026-04-12,5,SOLID_WASTE,grievance,1
2026-04-12,5,STREETLIGHT_ELECTRICAL,grievance,1
2026-04-12,6,BUILDING_SAFETY,police,1
2026-04-12,6,BUILDING_SAFETY,pwd,1
2026-04-12,6,CIVIC_FACILITIES,grievance,1
2026-04-12,6,CRIME_PROPERTY,police,3
2026-04-12,6,DRAINAGE_SEWAGE,pwd,1
2026-04-12,6,DRAIN_WORKS_SAFETY,grievance,1
2026-04-12,6,FLOOD_WATERLOGGING,pwd,4
2026-04-12,6,PUBLIC_ORDER,police,1
2026-04-12,6,ROAD_ACCIDENT,police,1
2026-04-12,6,SOLID_WASTE,grievance,3
2026-04-12,6,STREETLIGHT_ELECTRICAL,grievance,2
2026-04-12,6,TRAFFIC_OBSTRUCTION,police,1
2026-04-12,6,TREES_PARKS,grievance,1
2026-04-12,7,CRIME_PROPERTY,police,3
2026-04-12,7,CRIME_VIOLENT,police,6
2026-04-12,7,HEALTH_SERVICES,grievance,1
2026-04-12,7,ROAD_ACCIDENT,police,1
2026-04-12,7,SOLID_WASTE,grievance,2
2026-04-12,7,TRAFFIC_OBSTRUCTION,police,1
2026-04-12,7,TREES_PARKS,grievance,1
2026-04-12,8,AIR_POLLUTION,grievance,1
2026-04-12,8,CRIME_PROPERTY,police,3
2026-04-12,8,DRUGS_LIQUOR,police,2
2026-04-12,8,FLOOD_WATERLOGGING,pwd,6
2026-04-12,8,HEALTH_SERVICES,grievance,1
2026-04-12,8,MISSING_PERSON,police,1
2026-04-12,8,OTHER,grievance,1
2026-04-12,8,SANITATION_TOILETS,grievance,1
2026-04-12,8,SOLID_WASTE,grievance,3
2026-04-12,8,STREETLIGHT_ELECTRICAL,grievance,3
2026-04-12,8,TREES_PARKS,grievance,1
2026-04-12,8,WATERBODY_INFRA,pwd,4
2026-04-12,9,CRIME_PROPERTY,police,2
2026-04-12,9,DRAIN_WORKS_SAFETY,grievance,1
2026-04-12,9,FOOD_SAFETY,grievance,1
2026-04-12,9,MISSING_PERSON,police,2
2026-04-12,9,PUBLIC_ORDER,police,2
2026-04-12,9,ROAD_ACCIDENT,police,2
2026-04-12,9,ROAD_DAMAGE,grievance,1
2026-04-12,9,SOLID_WASTE,grievance,1
2026-04-12,9,STREETLIGHT_ELECTRICAL,grievance,5
2026-04-12,9,TRAFFIC_OBSTRUCTION,police,1
2026-04-12,9,TREES_PARKS,grievance,1
2026-04-12,10,CRIME_PROPERTY,police,6
2026-04-12,10,CRIME_VIOLENT,police,1
2026-04-12,10,DRUGS_LIQUOR,police,1
2026-04-12,10,PUBLIC_ORDER,police,2
2026-04-12,10,ROAD_ACCIDENT,police,1
2026-04-12,10,ROAD_DAMAGE,grievance,1
2026-04-12,10,SOLID_WASTE,grievance,3
2026-04-12,10,STREETLIGHT_ELECTRICAL,grievance,1
2026-04-12,10,TRAFFIC_OBSTRUCTION,grievance,1
2026-04-12,10,TRAFFIC_OBSTRUCTION,police,3
2026-04-12,10,VECTOR_DISEASE,grievance,1
2026-04-12,11,ADMIN_SERVICES,grievance,1
2026-04-12,11,CRIME_VIOLENT,police,1
2026-04-12,11,MISSING_PERSON,police,1
2026-04-12,11,ROAD_DAMAGE,grievance,1
2026-04-12,11,STREETLIGHT_ELECTRICAL,grievance,1
2026-04-12,12,ADMIN_SERVICES,grievance,1
2026-04-12,12,CRIME_PROPERTY,police,2
2026-04-12,12,PUBLIC_ORDER,police,1
2026-04-12,12,SOLID_WASTE,grievance,1
2026-04-12,12,STREETLIGHT_ELECTRICAL,grievance,1
2026-04-12,12,TRAFFIC_OBSTRUCTION,police,1
2026-04-12,13,CRIME_PROPERTY,police,1
2026-04-12,13,ENCROACHMENT,pwd,1
2026-04-12,13,MISSING_PERSON,police,1
2026-04-12,13,PUBLIC_ORDER,police,1
2026-04-12,13,ROAD_ACCIDENT,police,2
2026-04-12,13,ROAD_DAMAGE,grievance,1
2026-04-12,14,ENCROACHMENT,grievance,1
2026-04-12,15,CRIME_PROPERTY,police,1
2026-04-12,15,TRAFFIC_OBSTRUCTION,police,2
2026-04-13,1,ADMIN_SERVICES,grievance,1
2026-04-13,1,CRIME_PROPERTY,police,1
2026-04-13,1,DRAIN_WORKS_SAFETY,grievance,1
2026-04-13,1,FLOOD_WATERLOGGING,grievance,1
2026-04-13,1,OTHER,grievance,1
2026-04-13,1,PUBLIC_ORDER,police,1
2026-04-13,1,ROAD_DAMAGE,pwd,1
2026-04-13,1,SOLID_WASTE,grievance,1
2026-04-13,2,ADMIN_SERVICES,grievance,1
2026-04-13,2,TREES_PARKS,grievance,1
2026-04-13,3,CRIME_PROPERTY,police,2
2026-04-13,3,CRIME_VIOLENT,police,4
2026-04-13,3,ENCROACHMENT,pwd,1
2026-04-13,3,ROAD_ACCIDENT,police,1
2026-04-13,3,STREETLIGHT_ELECTRICAL,grievance,1
2026-04-13,4,CRIME_VIOLENT,police,1
2026-04-13,4,DRAIN_WORKS_SAFETY,grievance,1
2026-04-13,4,PUBLIC_ORDER,police,1
2026-04-13,4,SOLID_WASTE,grievance,2
2026-04-13,4,STREETLIGHT_ELECTRICAL,grievance,5
2026-04-13,5,BUILDING_SAFETY,pwd,1
2026-04-13,5,CRIME_PROPERTY,police,3
2026-04-13,5,CRIME_VIOLENT,police,2
2026-04-13,5,DRAINAGE_SEWAGE,grievance,1
2026-04-13,5,FLOOD_WATERLOGGING,grievance,1
2026-04-13,5,HEALTH_SERVICES,grievance,3
2026-04-13,5,ROAD_ACCIDENT,police,6
2026-04-13,5,ROAD_DAMAGE,grievance,2
2026-04-13,5,SOLID_WASTE,grievance,2
2026-04-13,5,STREETLIGHT_ELECTRICAL,grievance,1
2026-04-13,6,BUILDING_SAFETY,pwd,1
2026-04-13,6,DRAIN_WORKS_SAFETY,grievance,1
2026-04-13,6,DRUGS_LIQUOR,police,1
2026-04-13,6,OTHER,grievance,1
2026-04-13,6,PUBLIC_WORKS,grievance,1
2026-04-13,6,ROAD_ACCIDENT,police,3
2026-04-13,6,ROAD_DAMAGE,grievance,2
2026-04-13,6,SANITATION_TOILETS,grievance,1
2026-04-13,6,SOLID_WASTE,grievance,1
2026-04-13,6,TRAFFIC_OBSTRUCTION,police,1
2026-04-13,6,VECTOR_DISEASE,grievance,1
2026-04-13,7,ADMIN_SERVICES,grievance,3
2026-04-13,7,CRIME_PROPERTY,police,2
2026-04-13,7,DRAINAGE_SEWAGE,grievance,1
2026-04-13,7,MISSING_PERSON,police,1
2026-04-13,7,OTHER,grievance,3
2026-04-13,7,PUBLIC_ORDER,police,2
2026-04-13,7,ROAD_ACCIDENT,police,1
2026-04-13,7,ROAD_DAMAGE,grievance,1
2026-04-13,7,SOLID_WASTE,grievance,2
2026-04-13,7,STREETLIGHT_ELECTRICAL,grievance,1
2026-04-13,7,WATERBODY_INFRA,pwd,2
2026-04-13,8,CRIME_PROPERTY,police,1
2026-04-13,8,DARK_SPOT_SAFETY,grievance,1
2026-04-13,8,DRUGS_LIQUOR,police,2
2026-04-13,8,ENCROACHMENT,grievance,1
2026-04-13,8,FLOOD_WATERLOGGING,grievance,1
2026-04-13,8,FLOOD_WATERLOGGING,pwd,1
2026-04-13,8,MISSING_PERSON,police,1
2026-04-13,8,OTHER,pwd,1
2026-04-13,8,ROAD_DAMAGE,grievance,1
2026-04-13,8,SANITATION_TOILETS,grievance,1
2026-04-13,8,SOLID_WASTE,grievance,3
2026-04-13,8,STREETLIGHT_ELECTRICAL,grievance,1
2026-04-13,9,BUILDING_SAFETY,pwd,1
2026-04-13,9,CRIME_PROPERTY,police,3
2026-04-13,9,DRAINAGE_SEWAGE,grievance,1
2026-04-13,9,DRAINAGE_SEWAGE,pwd,2
2026-04-13,9,OTHER,grievance,1
2026-04-13,9,PUBLIC_WORKS,grievance,1
2026-04-13,9,ROAD_DAMAGE,grievance,2
2026-04-13,9,SANITATION_TOILETS,grievance,1
2026-04-13,9,STREETLIGHT_ELECTRICAL,grievance,1
2026-04-13,9,WATERBODY_INFRA,pwd,1
2026-04-13,10,CIVIC_FACILITIES,grievance,1
2026-04-13,10,CRIME_PROPERTY,police,2
2026-04-13,10,CRIME_VIOLENT,police,1
2026-04-13,10,DARK_SPOT_SAFETY,grievance,1
2026-04-13,10,DRUGS_LIQUOR,police,1
2026-04-13,10,ENCROACHMENT,grievance,1
2026-04-13,10,FLOOD_WATERLOGGING,grievance,1
2026-04-13,10,OTHER,grievance,2
2026-04-13,10,PUBLIC_ORDER,police,2
2026-04-13,10,ROAD_ACCIDENT,police,3
2026-04-13,10,ROAD_DAMAGE,grievance,2
2026-04-13,10,SOLID_WASTE,grievance,3
2026-04-13,10,STRAY_ANIMALS,grievance,1
2026-04-13,10,TRAFFIC_OBSTRUCTION,police,1
2026-04-13,11,ADMIN_SERVICES,grievance,2
2026-04-13,11,CRIME_PROPERTY,police,3
2026-04-13,11,DRAINAGE_SEWAGE,grievance,1
2026-04-13,11,ENCROACHMENT,grievance,1
2026-04-13,12,ADMIN_SERVICES,grievance,1
2026-04-13,12,CRIME_PROPERTY,police,2
2026-04-13,12,DRAIN_WORKS_SAFETY,grievance,1
2026-04-13,12,FLOOD_WATERLOGGING,police,1
2026-04-13,12,FOOD_SAFETY,grievance,1
2026-04-13,12,ROAD_ACCIDENT,police,1
2026-04-13,12,TRAFFIC_OBSTRUCTION,police,2
2026-04-13,13,ADMIN_SERVICES,grievance,1
2026-04-13,13,BUILDING_SAFETY,pwd,1
2026-04-13,13,CRIME_PROPERTY,police,3
2026-04-13,13,CRIME_VIOLENT,police,2
2026-04-13,13,DRAINAGE_SEWAGE,grievance,1
2026-04-13,13,ENCROACHMENT,pwd,4
2026-04-13,13,FLOOD_WATERLOGGING,pwd,1
2026-04-13,13,MISSING_PERSON,police,1
2026-04-13,13,PUBLIC_ORDER,police,1
2026-04-13,13,ROAD_DAMAGE,grievance,1
2026-04-13,13,STREETLIGHT_ELECTRICAL,grievance,1
2026-04-13,13,TRAFFIC_OBSTRUCTION,police,1
2026-04-13,13,WATERBODY_INFRA,pwd,1
2026-04-13,14,CRIME_PROPERTY,police,1
2026-04-13,14,CRIME_VIOLENT,police,3
2026-04-13,14,ENCROACHMENT,grievance,1
2026-04-13,14,FOOD_SAFETY,grievance,1
2026-04-13,14,PUBLIC_ORDER,police,1
2026-04-13,14,ROAD_ACCIDENT,police,2
2026-04-13,14,ROAD_DAMAGE,grievance,1
2026-04-13,14,SANITATION_TOILETS,grievance,1
2026-04-13,14,SOLID_WASTE,grievance,1
2026-04-13,14,TREES_PARKS,grievance,2
2026-04-13,15,AIR_POLLUTION,grievance,1
2026-04-13,15,CRIME_PROPERTY,police,2
2026-04-13,15,DRAINAGE_SEWAGE,pwd,1
2026-04-13,15,DRAIN_WORKS_SAFETY,grievance,1
2026-04-13,15,ROAD_ACCIDENT,police,2
2026-04-13,15,SOLID_WASTE,grievance,1
2026-04-13,15,STREETLIGHT_ELECTRICAL,grievance,2
2026-04-14,1,CRIME_PROPERTY,police,1
2026-04-14,1,DRAIN_WORKS_SAFETY,grievance,1
2026-04-14,1,DRUGS_LIQUOR,police,2
2026-04-14,1,PUBLIC_ORDER,police,1
2026-04-14,1,ROAD_ACCIDENT,police,1
2026-04-14,1,ROAD_DAMAGE,grievance,1
2026-04-14,1,ROAD_DAMAGE,pwd,1
2026-04-14,1,STREETLIGHT_ELECTRICAL,grievance,1
2026-04-14,3,DRAINAGE_SEWAGE,grievance,1
2026-04-14,3,DRAIN_WORKS_SAFETY,grievance,1
2026-04-14,3,FLOOD_WATERLOGGING,grievance,1
2026-04-14,3,HEALTH_SERVICES,grievance,1
2026-04-14,3,ROAD_DAMAGE,grievance,1
2026-04-14,3,SANITATION_TOILETS,grievance,2
2026-04-14,3,STREETLIGHT_ELECTRICAL,grievance,1
2026-04-14,4,CRIME_PROPERTY,police,2
2026-04-14,4,DRAINAGE_SEWAGE,grievance,1
2026-04-14,4,ROAD_DAMAGE,grievance,1
2026-04-14,4,SOLID_WASTE,grievance,1
2026-04-14,5,CRIME_PROPERTY,police,2
2026-04-14,5,CRIME_VIOLENT,police,1
2026-04-14,5,DARK_SPOT_SAFETY,grievance,1
2026-04-14,5,DRAINAGE_SEWAGE,grievance,2
2026-04-14,5,POLICE_OTHER,police,1
2026-04-14,5,PUBLIC_ORDER,police,2
2026-04-14,5,ROAD_DAMAGE,grievance,2
2026-04-14,5,SANITATION_TOILETS,grievance,1
2026-04-14,5,SOLID_WASTE,grievance,9
2026-04-14,5,STREETLIGHT_ELECTRICAL,grievance,2
2026-04-14,5,TREES_PARKS,grievance,1
2026-04-14,5,VECTOR_DISEASE,grievance,1
2026-04-14,6,CRIME_PROPERTY,police,1
2026-04-14,6,DRAINAGE_SEWAGE,grievance,1
2026-04-14,6,DRAIN_WORKS_SAFETY,grievance,1
2026-04-14,6,PUBLIC_ORDER,police,1
2026-04-14,6,ROAD_ACCIDENT,police,2
2026-04-14,6,ROAD_DAMAGE,grievance,1
2026-04-14,6,SOLID_WASTE,grievance,3
2026-04-14,6,STREETLIGHT_ELECTRICAL,grievance,2
2026-04-14,6,VECTOR_DISEASE,grievance,1
2026-04-14,7,ADMIN_SERVICES,grievance,1
2026-04-14,7,DARK_SPOT_SAFETY,grievance,1
2026-04-14,7,PUBLIC_ORDER,police,1
2026-04-14,7,SOLID_WASTE,grievance,1
2026-04-14,7,STREETLIGHT_ELECTRICAL,grievance,1
2026-04-14,8,CRIME_PROPERTY,police,2
2026-04-14,8,DARK_SPOT_SAFETY,grievance,1
2026-04-14,8,DRAINAGE_SEWAGE,grievance,1
2026-04-14,8,DRAIN_WORKS_SAFETY,grievance,1
2026-04-14,8,DRUGS_LIQUOR,police,1
2026-04-14,8,ENCROACHMENT,grievance,1
2026-04-14,8,HEALTH_SERVICES,hospital,1
2026-04-14,8,MISSING_PERSON,police,1
2026-04-14,8,POLICE_OTHER,police,1
2026-04-14,8,PUBLIC_ORDER,police,1
2026-04-14,8,ROAD_ACCIDENT,police,1
2026-04-14,8,ROAD_DAMAGE,grievance,1
2026-04-14,8,SOLID_WASTE,grievance,1
2026-04-14,8,TRAFFIC_OBSTRUCTION,police,1
2026-04-14,9,CRIME_PROPERTY,police,2
2026-04-14,9,DRAINAGE_SEWAGE,grievance,4
2026-04-14,9,FLOOD_WATERLOGGING,grievance,1
2026-04-14,9,SOLID_WASTE,grievance,2
2026-04-14,9,STRAY_ANIMALS,grievance,1
2026-04-14,9,STREETLIGHT_ELECTRICAL,grievance,1
2026-04-14,9,TRAFFIC_OBSTRUCTION,police,1
2026-04-14,9,TREES_PARKS,grievance,1
2026-04-14,9,VECTOR_DISEASE,grievance,1
2026-04-14,10,CIVIC_FACILITIES,grievance,1
2026-04-14,10,CRIME_PROPERTY,police,4
2026-04-14,10,DRUGS_LIQUOR,police,1
2026-04-14,10,PUBLIC_ORDER,police,2
2026-04-14,10,SOLID_WASTE,grievance,1
2026-04-14,10,TRAFFIC_OBSTRUCTION,police,1
2026-04-14,11,DRAINAGE_SEWAGE,pwd,1
2026-04-14,11,ENCROACHMENT,grievance,1
2026-04-14,11,ENCROACHMENT,pwd,1
2026-04-14,11,OTHER,grievance,1
2026-04-14,11,PUBLIC_ORDER,police,1
2026-04-14,11,ROAD_ACCIDENT,police,1
2026-04-14,11,ROAD_DAMAGE,grievance,2
2026-04-14,11,SANITATION_TOILETS,grievance,1
2026-04-14,11,SOLID_WASTE,grievance,2
2026-04-14,11,TREES_PARKS,grievance,2
2026-04-14,11,VECTOR_DISEASE,grievance,1
2026-04-14,12,CRIME_VIOLENT,police,1
2026-04-14,12,FLOOD_WATERLOGGING,grievance,1
2026-04-14,12,FLOOD_WATERLOGGING,police,1
2026-04-14,12,OTHER,grievance,1
2026-04-14,12,SOLID_WASTE,grievance,2
2026-04-14,13,ADMIN_SERVICES,grievance,1
2026-04-14,13,BUILDING_SAFETY,pwd,1
2026-04-14,13,CRIME_PROPERTY,police,4
2026-04-14,13,CRIME_VIOLENT,police,2
2026-04-14,13,DRAINAGE_SEWAGE,grievance,2
2026-04-14,13,POLICE_OTHER,police,3
2026-04-14,13,PUBLIC_ORDER,police,2
2026-04-14,13,SOLID_WASTE,grievance,1
2026-04-14,14,AIR_POLLUTION,grievance,1
2026-04-14,14,CRIME_PROPERTY,police,2
2026-04-14,14,POLICE_OTHER,police,2
2026-04-14,14,ROAD_ACCIDENT,police,1
2026-04-14,14,ROAD_DAMAGE,grievance,1
2026-04-14,14,SANITATION_TOILETS,grievance,1
2026-04-14,14,SOLID_WASTE,grievance,3
2026-04-14,15,CRIME_PROPERTY,police,1
2026-04-14,15,CRIME_VIOLENT,police,1
2026-04-14,15,SOLID_WASTE,grievance,2
2026-04-14,,CRIME_PROPERTY,police,1
2026-04-15,1,ADMIN_SERVICES,grievance,1
2026-04-15,1,DRAINAGE_SEWAGE,grievance,1
2026-04-15,1,FOOD_SAFETY,grievance,1
2026-04-15,1,OTHER,grievance,1
2026-04-15,1,ROAD_ACCIDENT,police,1
2026-04-15,1,ROAD_DAMAGE,grievance,2
2026-04-15,1,SOLID_WASTE,grievance,3
2026-04-15,1,VECTOR_DISEASE,grievance,1
2026-04-15,2,MISSING_PERSON,police,1
2026-04-15,2,SOLID_WASTE,grievance,1
2026-04-15,2,TRAFFIC_OBSTRUCTION,police,1
2026-04-15,3,CRIME_PROPERTY,police,1
2026-04-15,3,ENCROACHMENT,pwd,1
2026-04-15,3,FLOOD_WATERLOGGING,grievance,1
2026-04-15,3,ROAD_DAMAGE,grievance,2
2026-04-15,3,VECTOR_DISEASE,grievance,1
2026-04-15,4,CRIME_PROPERTY,police,1
2026-04-15,4,OTHER,grievance,1
2026-04-15,4,SOLID_WASTE,grievance,1
2026-04-15,4,STREETLIGHT_ELECTRICAL,grievance,3
2026-04-15,4,TRAFFIC_OBSTRUCTION,police,1
2026-04-15,5,BUILDING_SAFETY,pwd,1
2026-04-15,5,CRIME_PROPERTY,police,2
2026-04-15,5,ENCROACHMENT,grievance,1
2026-04-15,5,FLOOD_WATERLOGGING,grievance,1
2026-04-15,5,ROAD_ACCIDENT,police,1
2026-04-15,5,SANITATION_TOILETS,grievance,1
2026-04-15,5,TRAFFIC_OBSTRUCTION,police,1
2026-04-15,5,VECTOR_DISEASE,grievance,1
2026-04-15,6,ADMIN_SERVICES,grievance,1
2026-04-15,6,CRIME_VIOLENT,police,2
2026-04-15,6,DRAINAGE_SEWAGE,grievance,1
2026-04-15,6,DRAIN_WORKS_SAFETY,grievance,1
2026-04-15,6,ENCROACHMENT,pwd,1
2026-04-15,6,ROAD_DAMAGE,grievance,2
2026-04-15,6,SOLID_WASTE,grievance,2
2026-04-15,7,CRIME_PROPERTY,police,1
2026-04-15,7,DRAINAGE_SEWAGE,grievance,2
2026-04-15,7,DRUGS_LIQUOR,police,2
2026-04-15,7,HEALTH_SERVICES,grievance,3
2026-04-15,7,PUBLIC_WORKS,grievance,1
2026-04-15,7,ROAD_ACCIDENT,police,1
2026-04-15,7,STREETLIGHT_ELECTRICAL,grievance,1
2026-04-15,7,TRAFFIC_OBSTRUCTION,police,1
2026-04-15,8,ADMIN_SERVICES,grievance,1
2026-04-15,8,CRIME_PROPERTY,police,2
2026-04-15,8,DRAINAGE_SEWAGE,grievance,1
2026-04-15,8,DRAIN_WORKS_SAFETY,grievance,1
2026-04-15,8,FLOOD_WATERLOGGING,police,1
2026-04-15,8,FOOD_SAFETY,grievance,1
2026-04-15,8,MISSING_PERSON,police,1
2026-04-15,8,PUBLIC_ORDER,police,1
2026-04-15,8,ROAD_ACCIDENT,police,1
2026-04-15,8,SANITATION_TOILETS,grievance,1
2026-04-15,8,SOLID_WASTE,grievance,1
2026-04-15,8,TRAFFIC_OBSTRUCTION,police,1
2026-04-15,8,TREES_PARKS,grievance,1
2026-04-15,9,CRIME_PROPERTY,police,1
2026-04-15,9,CRIME_VIOLENT,police,1
2026-04-15,9,DARK_SPOT_SAFETY,grievance,1
2026-04-15,9,DRAINAGE_SEWAGE,grievance,1
2026-04-15,9,OTHER,grievance,2
2026-04-15,9,POLICE_OTHER,police,1
2026-04-15,9,PUBLIC_WORKS,grievance,1
2026-04-15,9,ROAD_DAMAGE,grievance,2
2026-04-15,9,SOLID_WASTE,grievance,6
2026-04-15,9,STREETLIGHT_ELECTRICAL,grievance,1
2026-04-15,9,TRAFFIC_OBSTRUCTION,police,2
2026-04-15,9,TREES_PARKS,grievance,2
2026-04-15,10,CRIME_PROPERTY,police,3
2026-04-15,10,CRIME_VIOLENT,police,3
2026-04-15,10,DARK_SPOT_SAFETY,grievance,2
2026-04-15,10,OTHER,grievance,1
2026-04-15,10,PUBLIC_ORDER,police,2
2026-04-15,10,ROAD_ACCIDENT,police,3
2026-04-15,10,SOLID_WASTE,grievance,3
2026-04-15,10,TREES_PARKS,grievance,1
2026-04-15,11,CRIME_VIOLENT,police,1
2026-04-15,11,DRAINAGE_SEWAGE,grievance,2
2026-04-15,11,ENCROACHMENT,pwd,1
2026-04-15,11,ROAD_DAMAGE,grievance,1
2026-04-15,11,SOLID_WASTE,grievance,2
2026-04-15,11,TRAFFIC_OBSTRUCTION,police,2
2026-04-15,12,DRAIN_WORKS_SAFETY,grievance,1
2026-04-15,12,ROAD_ACCIDENT,police,1
2026-04-15,12,ROAD_DAMAGE,grievance,2
2026-04-15,12,SANITATION_TOILETS,grievance,1
2026-04-15,12,TRAFFIC_OBSTRUCTION,police,1
2026-04-15,13,CRIME_PROPERTY,police,5
2026-04-15,13,ENCROACHMENT,pwd,2
2026-04-15,13,MISSING_PERSON,police,1
2026-04-15,13,PUBLIC_ORDER,police,1
2026-04-15,13,ROAD_ACCIDENT,police,1
2026-04-15,13,SANITATION_TOILETS,grievance,1
2026-04-15,13,STREETLIGHT_ELECTRICAL,grievance,2
2026-04-15,13,WATERBODY_INFRA,pwd,1
2026-04-15,14,CRIME_PROPERTY,police,2
2026-04-15,14,PUBLIC_ORDER,police,1
2026-04-15,14,PUBLIC_WORKS,grievance,1
2026-04-15,14,ROAD_DAMAGE,grievance,1
2026-04-15,14,SOLID_WASTE,grievance,2
2026-04-15,14,STREETLIGHT_ELECTRICAL,grievance,1
2026-04-15,15,AIR_POLLUTION,grievance,1
2026-04-15,15,CRIME_VIOLENT,police,1
2026-04-15,15,DRUGS_LIQUOR,police,2
2026-04-15,15,PUBLIC_ORDER,police,1
2026-04-15,15,ROAD_ACCIDENT,police,2
2026-04-15,15,SOLID_WASTE,grievance,1
2026-04-15,,PUBLIC_ORDER,police,1
2026-04-16,1,ADMIN_SERVICES,grievance,1
2026-04-16,1,CRIME_PROPERTY,police,2
2026-04-16,1,ROAD_DAMAGE,grievance,1
2026-04-16,1,STRAY_ANIMALS,police,1
2026-04-16,1,STREETLIGHT_ELECTRICAL,grievance,2
2026-04-16,2,ADMIN_SERVICES,grievance,1
2026-04-16,2,CRIME_PROPERTY,police,6
2026-04-16,2,MISSING_PERSON,police,1
2026-04-16,2,SOLID_WASTE,grievance,1
2026-04-16,3,ADMIN_SERVICES,grievance,1
2026-04-16,3,CRIME_PROPERTY,police,2
2026-04-16,3,DRAIN_WORKS_SAFETY,grievance,1
2026-04-16,3,ENCROACHMENT,grievance,1
2026-04-16,3,PUBLIC_WORKS,grievance,1
2026-04-16,3,ROAD_ACCIDENT,police,1
2026-04-16,3,SOLID_WASTE,grievance,1
2026-04-16,4,BUILDING_SAFETY,pwd,1
2026-04-16,4,CRIME_PROPERTY,police,4
2026-04-16,4,FLOOD_WATERLOGGING,grievance,2
2026-04-16,4,OTHER,pwd,1
2026-04-16,4,SANITATION_TOILETS,grievance,1
2026-04-16,4,SOLID_WASTE,grievance,2
2026-04-16,4,STRAY_ANIMALS,grievance,1
2026-04-16,4,TRAFFIC_OBSTRUCTION,police,1
2026-04-16,4,TREES_PARKS,grievance,1
2026-04-16,5,CIVIC_FACILITIES,grievance,1
2026-04-16,5,CRIME_PROPERTY,police,4
2026-04-16,5,ROAD_ACCIDENT,police,2
2026-04-16,5,SANITATION_TOILETS,grievance,1
2026-04-16,5,SOLID_WASTE,grievance,1
2026-04-16,6,ADMIN_SERVICES,grievance,1
2026-04-16,6,CRIME_PROPERTY,police,1
2026-04-16,6,CRIME_VIOLENT,police,1
2026-04-16,6,DARK_SPOT_SAFETY,grievance,1
2026-04-16,6,ENCROACHMENT,grievance,1
2026-04-16,6,ENCROACHMENT,pwd,1
2026-04-16,6,OTHER,grievance,1
2026-04-16,6,PUBLIC_ORDER,police,3
2026-04-16,6,VECTOR_DISEASE,grievance,1
2026-04-16,7,CRIME_PROPERTY,police,2
2026-04-16,7,CRIME_VIOLENT,police,2
2026-04-16,7,DRAINAGE_SEWAGE,grievance,1
2026-04-16,7,DRUGS_LIQUOR,police,1
2026-04-16,7,ROAD_ACCIDENT,police,2
2026-04-16,7,SANITATION_TOILETS,grievance,1
2026-04-16,7,SOLID_WASTE,grievance,4
2026-04-16,7,STREETLIGHT_ELECTRICAL,grievance,1
2026-04-16,7,WATERBODY_INFRA,pwd,1
2026-04-16,8,CRIME_PROPERTY,police,3
2026-04-16,8,CRIME_VIOLENT,police,1
2026-04-16,8,DARK_SPOT_SAFETY,grievance,1
2026-04-16,8,DRAIN_WORKS_SAFETY,grievance,1
2026-04-16,8,FLOOD_WATERLOGGING,grievance,1
2026-04-16,8,ROAD_DAMAGE,pwd,1
2026-04-16,8,SANITATION_TOILETS,grievance,1
2026-04-16,8,SOLID_WASTE,grievance,1
2026-04-16,8,STREETLIGHT_ELECTRICAL,grievance,1
2026-04-16,9,BUILDING_SAFETY,pwd,2
2026-04-16,9,DRAINAGE_SEWAGE,grievance,1
2026-04-16,9,ENCROACHMENT,grievance,1
2026-04-16,9,FLOOD_RELIEF,grievance,1
2026-04-16,9,FLOOD_WATERLOGGING,grievance,1
2026-04-16,9,ROAD_ACCIDENT,police,3
2026-04-16,9,ROAD_DAMAGE,grievance,1
2026-04-16,9,ROAD_DAMAGE,pwd,1
2026-04-16,9,SANITATION_TOILETS,grievance,1
2026-04-16,9,STRAY_ANIMALS,grievance,1
2026-04-16,9,TRAFFIC_OBSTRUCTION,police,1
2026-04-16,9,TREES_PARKS,grievance,2
2026-04-16,9,VECTOR_DISEASE,grievance,1
2026-04-16,10,BUILDING_SAFETY,pwd,1
2026-04-16,10,CRIME_PROPERTY,police,2
2026-04-16,10,CRIME_VIOLENT,police,2
2026-04-16,10,DRAINAGE_SEWAGE,pwd,1
2026-04-16,10,ROAD_ACCIDENT,police,3
2026-04-16,10,ROAD_DAMAGE,grievance,4
2026-04-16,10,SOLID_WASTE,grievance,2
2026-04-16,10,STRAY_ANIMALS,grievance,1
2026-04-16,10,STREETLIGHT_ELECTRICAL,grievance,1
2026-04-16,11,CRIME_PROPERTY,police,1
2026-04-16,11,DRAINAGE_SEWAGE,grievance,1
2026-04-16,11,FOOD_SAFETY,grievance,1
2026-04-16,11,OTHER,grievance,1
2026-04-16,11,ROAD_ACCIDENT,police,4
2026-04-16,11,ROAD_DAMAGE,grievance,1
2026-04-16,11,SANITATION_TOILETS,grievance,2
2026-04-16,12,CRIME_PROPERTY,police,2
2026-04-16,12,CRIME_VIOLENT,police,2
2026-04-16,12,ROAD_ACCIDENT,police,1
2026-04-16,12,ROAD_DAMAGE,grievance,1
2026-04-16,12,SOLID_WASTE,grievance,3
2026-04-16,12,TREES_PARKS,grievance,1
2026-04-16,13,ADMIN_SERVICES,grievance,1
2026-04-16,13,BUILDING_SAFETY,pwd,1
2026-04-16,13,CRIME_PROPERTY,police,1
2026-04-16,13,CRIME_VIOLENT,police,1
2026-04-16,13,DRAINAGE_SEWAGE,grievance,1
2026-04-16,13,DRAINAGE_SEWAGE,pwd,1
2026-04-16,13,DRUGS_LIQUOR,police,1
2026-04-16,13,ENCROACHMENT,pwd,1
2026-04-16,13,FLOOD_WATERLOGGING,grievance,2
2026-04-16,13,OTHER,grievance,1
2026-04-16,13,ROAD_ACCIDENT,police,1
2026-04-16,14,HEALTH_SERVICES,grievance,1
2026-04-16,14,ROAD_ACCIDENT,police,1
2026-04-16,14,ROAD_DAMAGE,grievance,1
2026-04-16,14,SOLID_WASTE,grievance,2
2026-04-16,14,STREETLIGHT_ELECTRICAL,grievance,1
2026-04-16,15,CRIME_PROPERTY,police,1
2026-04-16,15,DRAINAGE_SEWAGE,grievance,1
2026-04-16,15,ENCROACHMENT,pwd,1
2026-04-16,15,ROAD_ACCIDENT,police,1
2026-04-16,15,SOLID_WASTE,grievance,1
2026-04-16,15,STREETLIGHT_ELECTRICAL,grievance,1
2026-04-16,15,TREES_PARKS,grievance,1
2026-04-16,,PUBLIC_ORDER,police,1
2026-04-17,1,ADMIN_SERVICES,grievance,1
2026-04-17,1,DRAIN_WORKS_SAFETY,grievance,1
2026-04-17,1,ROAD_DAMAGE,pwd,2
2026-04-17,1,SOLID_WASTE,grievance,2
2026-04-17,1,TRAFFIC_OBSTRUCTION,police,1
2026-04-17,1,VECTOR_DISEASE,grievance,1
2026-04-17,1,WATERBODY_INFRA,pwd,1
2026-04-17,2,PUBLIC_ORDER,police,1
2026-04-17,2,STREETLIGHT_ELECTRICAL,grievance,1
2026-04-17,3,ADMIN_SERVICES,grievance,1
2026-04-17,3,CRIME_PROPERTY,police,1
2026-04-17,3,DRAINAGE_SEWAGE,pwd,1
2026-04-17,3,ENCROACHMENT,pwd,1
2026-04-17,3,PUBLIC_ORDER,police,1
2026-04-17,3,WATERBODY_INFRA,pwd,1
2026-04-17,3,WATER_SUPPLY,grievance,1
2026-04-17,4,BUILDING_SAFETY,pwd,1
2026-04-17,4,CRIME_PROPERTY,police,1
2026-04-17,4,CRIME_VIOLENT,police,1
2026-04-17,4,DRAINAGE_SEWAGE,pwd,1
2026-04-17,4,FLOOD_WATERLOGGING,grievance,1
2026-04-17,4,ROAD_ACCIDENT,police,1
2026-04-17,4,ROAD_DAMAGE,grievance,1
2026-04-17,4,SANITATION_TOILETS,grievance,2
2026-04-17,4,SOLID_WASTE,grievance,2
2026-04-17,4,TRAFFIC_OBSTRUCTION,police,3
2026-04-17,4,TREES_PARKS,grievance,1
2026-04-17,5,ADMIN_SERVICES,grievance,2
2026-04-17,5,CRIME_PROPERTY,police,1
2026-04-17,5,CRIME_VIOLENT,police,1
2026-04-17,5,DARK_SPOT_SAFETY,grievance,1
2026-04-17,5,DRUGS_LIQUOR,police,1
2026-04-17,5,ROAD_DAMAGE,pwd,2
2026-04-17,5,SANITATION_TOILETS,grievance,1
2026-04-17,5,SOLID_WASTE,grievance,3
2026-04-17,5,TREES_PARKS,grievance,2
2026-04-17,6,CRIME_PROPERTY,police,3
2026-04-17,6,CRIME_VIOLENT,police,1
2026-04-17,6,DARK_SPOT_SAFETY,grievance,1
2026-04-17,6,ENCROACHMENT,grievance,2
2026-04-17,6,FLOOD_WATERLOGGING,grievance,1
2026-04-17,6,ROAD_DAMAGE,grievance,2
2026-04-17,6,SANITATION_TOILETS,grievance,1
2026-04-17,6,SOLID_WASTE,grievance,2
2026-04-17,6,STREETLIGHT_ELECTRICAL,grievance,1
2026-04-17,7,CRIME_PROPERTY,police,1
2026-04-17,7,CRIME_VIOLENT,police,2
2026-04-17,7,DRAINAGE_SEWAGE,pwd,1
2026-04-17,7,ENCROACHMENT,pwd,1
2026-04-17,7,OTHER,grievance,3
2026-04-17,7,ROAD_DAMAGE,grievance,1
2026-04-17,7,SOLID_WASTE,grievance,3
2026-04-17,7,STREETLIGHT_ELECTRICAL,grievance,2
2026-04-17,7,WATERBODY_INFRA,pwd,1
2026-04-17,8,CRIME_PROPERTY,police,2
2026-04-17,8,CRIME_VIOLENT,police,2
2026-04-17,8,DRAINAGE_SEWAGE,grievance,1
2026-04-17,8,FOOD_SAFETY,grievance,1
2026-04-17,8,PUBLIC_ORDER,police,1
2026-04-17,8,ROAD_ACCIDENT,police,2
2026-04-17,8,ROAD_DAMAGE,pwd,2
2026-04-17,8,SANITATION_TOILETS,grievance,1
2026-04-17,8,STREETLIGHT_ELECTRICAL,grievance,1
2026-04-17,8,TRAFFIC_OBSTRUCTION,police,2
2026-04-17,9,DRAIN_WORKS_SAFETY,grievance,1
2026-04-17,9,ENCROACHMENT,grievance,1
2026-04-17,9,FLOOD_WATERLOGGING,grievance,1
2026-04-17,9,OTHER,grievance,1
2026-04-17,9,ROAD_DAMAGE,grievance,1
2026-04-17,9,SANITATION_TOILETS,grievance,1
2026-04-17,9,SOLID_WASTE,grievance,1
2026-04-17,9,TRAFFIC_OBSTRUCTION,grievance,1
2026-04-17,10,ADMIN_SERVICES,grievance,1
2026-04-17,10,CRIME_PROPERTY,police,2
2026-04-17,10,CRIME_VIOLENT,police,1
2026-04-17,10,ROAD_ACCIDENT,police,1
2026-04-17,10,SANITATION_TOILETS,grievance,1
2026-04-17,10,SOLID_WASTE,grievance,3
2026-04-17,10,STREETLIGHT_ELECTRICAL,grievance,1
2026-04-17,10,TRAFFIC_OBSTRUCTION,grievance,1
2026-04-17,10,TRAFFIC_OBSTRUCTION,police,1
2026-04-17,10,TREES_PARKS,grievance,1
2026-04-17,11,ADMIN_SERVICES,grievance,1
2026-04-17,11,ENCROACHMENT,grievance,1
2026-04-17,11,ROAD_ACCIDENT,police,3
2026-04-17,11,SANITATION_TOILETS,grievance,1
2026-04-17,11,SOLID_WASTE,grievance,1
2026-04-17,11,STREETLIGHT_ELECTRICAL,grievance,2
2026-04-17,11,VECTOR_DISEASE,grievance,2
2026-04-17,12,CRIME_PROPERTY,police,1
2026-04-17,12,FLOOD_WATERLOGGING,grievance,1
2026-04-17,12,HEALTH_SERVICES,grievance,1
2026-04-17,13,ADMIN_SERVICES,grievance,2
2026-04-17,13,DRUGS_LIQUOR,police,1
2026-04-17,13,ENCROACHMENT,pwd,1
2026-04-17,13,PUBLIC_ORDER,police,1
2026-04-17,13,ROAD_DAMAGE,grievance,2
2026-04-17,13,SANITATION_TOILETS,grievance,1
2026-04-17,13,SOLID_WASTE,grievance,2
2026-04-17,13,STRAY_ANIMALS,police,1
2026-04-17,13,STREETLIGHT_ELECTRICAL,grievance,1
2026-04-17,13,TRAFFIC_OBSTRUCTION,police,1
2026-04-17,14,DARK_SPOT_SAFETY,grievance,1
2026-04-17,14,DRAIN_WORKS_SAFETY,grievance,1
2026-04-17,14,PUBLIC_ORDER,police,1
2026-04-17,14,ROAD_ACCIDENT,police,1
2026-04-17,14,SOLID_WASTE,grievance,2
2026-04-17,14,STREETLIGHT_ELECTRICAL,grievance,2
2026-04-17,15,CRIME_VIOLENT,police,1
2026-04-17,15,DARK_SPOT_SAFETY,grievance,1
2026-04-17,15,ENCROACHMENT,pwd,1
2026-04-17,15,FOOD_SAFETY,grievance,1
2026-04-17,15,ROAD_ACCIDENT,police,1
2026-04-17,15,SOLID_WASTE,grievance,1
2026-04-17,,CRIME_PROPERTY,police,1
2026-04-18,1,CRIME_VIOLENT,police,1
2026-04-18,1,DARK_SPOT_SAFETY,grievance,1
2026-04-18,1,ROAD_ACCIDENT,police,1
2026-04-18,1,STREETLIGHT_ELECTRICAL,grievance,3
2026-04-18,1,STREETLIGHT_ELECTRICAL,police,1
2026-04-18,2,DRAINAGE_SEWAGE,grievance,1
2026-04-18,3,ADMIN_SERVICES,grievance,1
2026-04-18,3,CRIME_PROPERTY,police,2
2026-04-18,3,FOOD_SAFETY,grievance,1
2026-04-18,3,PUBLIC_ORDER,police,1
2026-04-18,3,SOLID_WASTE,grievance,2
2026-04-18,4,CRIME_PROPERTY,police,1
2026-04-18,4,FLOOD_RELIEF,grievance,1
2026-04-18,4,ROAD_ACCIDENT,police,1
2026-04-18,4,ROAD_DAMAGE,grievance,1
2026-04-18,4,SANITATION_TOILETS,grievance,1
2026-04-18,4,SOLID_WASTE,grievance,1
2026-04-18,4,STREETLIGHT_ELECTRICAL,grievance,1
2026-04-18,4,TREES_PARKS,grievance,1
2026-04-18,4,VECTOR_DISEASE,grievance,1
2026-04-18,5,BUILDING_SAFETY,pwd,1
2026-04-18,5,CRIME_PROPERTY,police,1
2026-04-18,5,CRIME_VIOLENT,police,1
2026-04-18,5,DRAINAGE_SEWAGE,grievance,1
2026-04-18,5,DRUGS_LIQUOR,police,1
2026-04-18,5,ENCROACHMENT,grievance,1
2026-04-18,5,ROAD_ACCIDENT,police,1
2026-04-18,5,ROAD_DAMAGE,grievance,1
2026-04-18,5,STREETLIGHT_ELECTRICAL,grievance,1
2026-04-18,5,TRAFFIC_OBSTRUCTION,grievance,1
2026-04-18,6,CRIME_PROPERTY,police,1
2026-04-18,6,DRAINAGE_SEWAGE,pwd,1
2026-04-18,6,DRAIN_WORKS_SAFETY,grievance,1
2026-04-18,6,ENCROACHMENT,pwd,1
2026-04-18,6,MISSING_PERSON,police,1
2026-04-18,6,SOLID_WASTE,grievance,5
2026-04-18,6,STREETLIGHT_ELECTRICAL,grievance,2
2026-04-18,6,TREES_PARKS,grievance,1
2026-04-18,7,BUILDING_SAFETY,pwd,1
2026-04-18,7,CRIME_PROPERTY,police,3
2026-04-18,7,CRIME_VIOLENT,police,3
2026-04-18,7,DARK_SPOT_SAFETY,grievance,1
2026-04-18,7,DRAIN_WORKS_SAFETY,grievance,1
2026-04-18,7,PUBLIC_ORDER,police,2
2026-04-18,7,ROAD_ACCIDENT,police,1
2026-04-18,7,ROAD_DAMAGE,grievance,1
2026-04-18,7,VECTOR_DISEASE,grievance,1
2026-04-18,8,CRIME_PROPERTY,police,2
2026-04-18,8,CRIME_VIOLENT,police,1
2026-04-18,8,MISSING_PERSON,police,1
2026-04-18,8,PUBLIC_ORDER,police,2
2026-04-18,8,ROAD_ACCIDENT,police,1
2026-04-18,8,ROAD_DAMAGE,grievance,1
2026-04-18,8,STREETLIGHT_ELECTRICAL,grievance,2
2026-04-18,9,CRIME_PROPERTY,police,1
2026-04-18,9,FOOD_SAFETY,grievance,1
2026-04-18,9,ROAD_ACCIDENT,police,1
2026-04-18,9,ROAD_DAMAGE,grievance,2
2026-04-18,9,STRAY_ANIMALS,grievance,1
2026-04-18,9,STREETLIGHT_ELECTRICAL,grievance,2
2026-04-18,9,TREES_PARKS,grievance,1
2026-04-18,9,VECTOR_DISEASE,grievance,1
2026-04-18,10,AIR_POLLUTION,grievance,1
2026-04-18,10,CRIME_PROPERTY,police,4
2026-04-18,10,DRAIN_WORKS_SAFETY,grievance,1
2026-04-18,10,SOLID_WASTE,grievance,2
2026-04-18,10,STRAY_ANIMALS,grievance,1
2026-04-18,10,STREETLIGHT_ELECTRICAL,grievance,1
2026-04-18,10,TREES_PARKS,grievance,1
2026-04-18,11,AIR_POLLUTION,grievance,1
2026-04-18,11,CRIME_PROPERTY,police,1
2026-04-18,11,CRIME_VIOLENT,police,1
2026-04-18,11,FOOD_SAFETY,grievance,1
2026-04-18,11,ROAD_ACCIDENT,police,1
2026-04-18,11,ROAD_DAMAGE,grievance,1
2026-04-18,11,SANITATION_TOILETS,grievance,2
2026-04-18,11,SOLID_WASTE,grievance,1
2026-04-18,11,STREETLIGHT_ELECTRICAL,grievance,4
2026-04-18,12,CRIME_PROPERTY,police,1
2026-04-18,12,DRAINAGE_SEWAGE,grievance,1
2026-04-18,12,ROAD_ACCIDENT,police,1
2026-04-18,12,SOLID_WASTE,grievance,1
2026-04-18,13,CRIME_PROPERTY,police,4
2026-04-18,13,DARK_SPOT_SAFETY,grievance,1
2026-04-18,13,DRAINAGE_SEWAGE,grievance,1
2026-04-18,13,DRAINAGE_SEWAGE,pwd,4
2026-04-18,13,HEALTH_SERVICES,grievance,1
2026-04-18,13,PUBLIC_ORDER,police,2
2026-04-18,13,ROAD_ACCIDENT,police,1
2026-04-18,13,TRAFFIC_OBSTRUCTION,police,1
2026-04-18,14,ADMIN_SERVICES,grievance,1
2026-04-18,14,CRIME_PROPERTY,police,1
2026-04-18,14,DARK_SPOT_SAFETY,grievance,2
2026-04-18,14,ENCROACHMENT,grievance,1
2026-04-18,14,STREETLIGHT_ELECTRICAL,grievance,1
2026-04-18,15,ADMIN_SERVICES,grievance,1
2026-04-18,15,PUBLIC_ORDER,police,1
2026-04-18,15,ROAD_ACCIDENT,police,1
2026-04-18,15,STREETLIGHT_ELECTRICAL,grievance,1
2026-04-18,,CRIME_PROPERTY,police,2
2026-04-19,1,DRAIN_WORKS_SAFETY,grievance,1
2026-04-19,1,PUBLIC_WORKS,grievance,1
2026-04-19,1,ROAD_ACCIDENT,police,2
2026-04-19,1,ROAD_DAMAGE,grievance,1
2026-04-19,1,SOLID_WASTE,grievance,1
2026-04-19,1,STREETLIGHT_ELECTRICAL,grievance,1
2026-04-19,1,TRAFFIC_OBSTRUCTION,police,1
2026-04-19,2,HEALTH_SERVICES,grievance,1
2026-04-19,2,ROAD_ACCIDENT,police,2
2026-04-19,2,ROAD_DAMAGE,grievance,1
2026-04-19,2,TRAFFIC_OBSTRUCTION,police,1
2026-04-19,3,CRIME_PROPERTY,police,2
2026-04-19,3,PUBLIC_ORDER,police,1
2026-04-19,3,SOLID_WASTE,grievance,1
2026-04-19,3,TREES_PARKS,grievance,1
2026-04-19,4,BUILDING_SAFETY,pwd,1
2026-04-19,4,DRAINAGE_SEWAGE,grievance,1
2026-04-19,4,PUBLIC_ORDER,police,1
2026-04-19,4,ROAD_ACCIDENT,police,1
2026-04-19,4,SOLID_WASTE,grievance,2
2026-04-19,4,STREETLIGHT_ELECTRICAL,grievance,1
2026-04-19,4,TREES_PARKS,grievance,1
2026-04-19,4,VECTOR_DISEASE,grievance,1
2026-04-19,5,CRIME_PROPERTY,police,2
2026-04-19,5,ENCROACHMENT,pwd,1
2026-04-19,5,HEALTH_SERVICES,hospital,1
2026-04-19,5,PUBLIC_ORDER,police,1
2026-04-19,5,SANITATION_TOILETS,grievance,1
2026-04-19,5,SOLID_WASTE,grievance,4
2026-04-19,5,STREETLIGHT_ELECTRICAL,grievance,1
2026-04-19,5,TRAFFIC_OBSTRUCTION,police,1
2026-04-19,5,VECTOR_DISEASE,grievance,5
2026-04-19,6,CRIME_PROPERTY,police,5
2026-04-19,6,CRIME_VIOLENT,police,2
2026-04-19,6,DARK_SPOT_SAFETY,grievance,1
2026-04-19,6,DRAINAGE_SEWAGE,grievance,2
2026-04-19,6,DRAIN_WORKS_SAFETY,grievance,1
2026-04-19,6,ROAD_ACCIDENT,police,2
2026-04-19,6,SOLID_WASTE,grievance,1
2026-04-19,6,STREETLIGHT_ELECTRICAL,grievance,1
2026-04-19,7,ADMIN_SERVICES,grievance,1
2026-04-19,7,BUILDING_SAFETY,pwd,2
2026-04-19,7,CRIME_PROPERTY,police,1
2026-04-19,7,DARK_SPOT_SAFETY,grievance,1
2026-04-19,7,DRUGS_LIQUOR,police,2
2026-04-19,7,PUBLIC_ORDER,police,2
2026-04-19,7,ROAD_ACCIDENT,police,1
2026-04-19,7,SANITATION_TOILETS,grievance,1
2026-04-19,7,SOLID_WASTE,grievance,2
2026-04-19,7,STRAY_ANIMALS,grievance,1
2026-04-19,7,STREETLIGHT_ELECTRICAL,grievance,1
2026-04-19,7,TRAFFIC_OBSTRUCTION,police,2
2026-04-19,8,AIR_POLLUTION,grievance,1
2026-04-19,8,CRIME_PROPERTY,police,3
2026-04-19,8,DRAINAGE_SEWAGE,pwd,1
2026-04-19,8,DRAIN_WORKS_SAFETY,grievance,2
2026-04-19,8,DRUGS_LIQUOR,police,1
2026-04-19,8,ENCROACHMENT,pwd,1
2026-04-19,8,FLOOD_WATERLOGGING,grievance,1
2026-04-19,8,MISSING_PERSON,police,1
2026-04-19,8,PUBLIC_WORKS,grievance,1
2026-04-19,8,ROAD_ACCIDENT,police,2
2026-04-19,8,ROAD_DAMAGE,grievance,3
2026-04-19,8,SOLID_WASTE,grievance,2
2026-04-19,8,STREETLIGHT_ELECTRICAL,grievance,1
2026-04-19,8,VECTOR_DISEASE,grievance,3
2026-04-19,9,ADMIN_SERVICES,grievance,1
2026-04-19,9,CRIME_PROPERTY,police,3
2026-04-19,9,CRIME_VIOLENT,police,1
2026-04-19,9,DRAINAGE_SEWAGE,grievance,1
2026-04-19,9,DRAIN_WORKS_SAFETY,grievance,1
2026-04-19,9,ENCROACHMENT,grievance,1
2026-04-19,9,SANITATION_TOILETS,grievance,1
2026-04-19,9,SOLID_WASTE,grievance,1
2026-04-19,9,STREETLIGHT_ELECTRICAL,grievance,1
2026-04-19,9,TRAFFIC_OBSTRUCTION,police,1
2026-04-19,9,VECTOR_DISEASE,grievance,1
2026-04-19,10,ADMIN_SERVICES,grievance,2
2026-04-19,10,CRIME_PROPERTY,police,4
2026-04-19,10,DARK_SPOT_SAFETY,grievance,2
2026-04-19,10,POLICE_OTHER,police,1
2026-04-19,10,PUBLIC_ORDER,police,1
2026-04-19,10,ROAD_ACCIDENT,police,2
2026-04-19,10,STREETLIGHT_ELECTRICAL,grievance,3
2026-04-19,11,PUBLIC_ORDER,police,2
2026-04-19,11,PUBLIC_WORKS,grievance,1
2026-04-19,11,SOLID_WASTE,grievance,1
2026-04-19,11,VECTOR_DISEASE,grievance,1
2026-04-19,12,CRIME_PROPERTY,police,5
2026-04-19,12,ENCROACHMENT,pwd,1
2026-04-19,13,CRIME_PROPERTY,police,2
2026-04-19,13,DRAIN_WORKS_SAFETY,grievance,1
2026-04-19,13,ENCROACHMENT,grievance,1
2026-04-19,13,MISSING_PERSON,police,1
2026-04-19,13,PUBLIC_ORDER,police,1
2026-04-19,13,TRAFFIC_OBSTRUCTION,police,2
2026-04-19,14,CRIME_PROPERTY,police,2
2026-04-19,14,PUBLIC_ORDER,police,1
2026-04-19,14,SOLID_WASTE,grievance,1
2026-04-19,15,CRIME_VIOLENT,police,1
2026-04-19,15,PUBLIC_ORDER,police,1
2026-04-19,,CRIME_PROPERTY,police,1
2026-04-20,1,ADMIN_SERVICES,grievance,1
2026-04-20,1,CRIME_PROPERTY,police,1
2026-04-20,1,MISSING_PERSON,police,2
2026-04-20,1,PUBLIC_ORDER,police,2
2026-04-20,1,SANITATION_TOILETS,grievance,2
2026-04-20,1,SOLID_WASTE,grievance,3
2026-04-20,2,STREETLIGHT_ELECTRICAL,grievance,1
2026-04-20,2,TREES_PARKS,grievance,1
2026-04-20,3,FLOOD_WATERLOGGING,grievance,1
2026-04-20,3,ROAD_DAMAGE,grievance,1
2026-04-20,3,SOLID_WASTE,grievance,2
2026-04-20,3,STREETLIGHT_ELECTRICAL,grievance,1
2026-04-20,4,CRIME_PROPERTY,police,1
2026-04-20,4,CRIME_VIOLENT,police,3
2026-04-20,4,ENCROACHMENT,pwd,1
2026-04-20,4,FLOOD_RELIEF,grievance,1
2026-04-20,4,FLOOD_WATERLOGGING,grievance,1
2026-04-20,4,FLOOD_WATERLOGGING,pwd,1
2026-04-20,4,ROAD_ACCIDENT,police,1
2026-04-20,4,SOLID_WASTE,grievance,1
2026-04-20,4,TRAFFIC_OBSTRUCTION,police,1
2026-04-20,5,CRIME_VIOLENT,police,2
2026-04-20,5,DARK_SPOT_SAFETY,grievance,1
2026-04-20,5,ENCROACHMENT,grievance,1
2026-04-20,5,FOOD_SAFETY,grievance,1
2026-04-20,5,PUBLIC_WORKS,grievance,1
2026-04-20,5,ROAD_ACCIDENT,police,2
2026-04-20,5,ROAD_DAMAGE,grievance,2
2026-04-20,5,SOLID_WASTE,grievance,3
2026-04-20,5,STREETLIGHT_ELECTRICAL,grievance,2
2026-04-20,5,VECTOR_DISEASE,grievance,1
2026-04-20,6,AIR_POLLUTION,grievance,1
2026-04-20,6,BUILDING_SAFETY,pwd,1
2026-04-20,6,CRIME_PROPERTY,police,1
2026-04-20,6,DARK_SPOT_SAFETY,grievance,1
2026-04-20,6,DRAINAGE_SEWAGE,grievance,1
2026-04-20,6,DRAINAGE_SEWAGE,pwd,1
2026-04-20,6,FLOOD_WATERLOGGING,grievance,1
2026-04-20,6,PUBLIC_WORKS,grievance,1
2026-04-20,6,ROAD_ACCIDENT,police,2
2026-04-20,6,STREETLIGHT_ELECTRICAL,grievance,2
2026-04-20,7,DARK_SPOT_SAFETY,grievance,1
2026-04-20,7,PUBLIC_WORKS,grievance,1
2026-04-20,7,STRAY_ANIMALS,grievance,1
2026-04-20,7,TRAFFIC_OBSTRUCTION,grievance,1
2026-04-20,7,TRAFFIC_OBSTRUCTION,police,1
2026-04-20,7,WATERBODY_INFRA,pwd,1
2026-04-20,8,BUILDING_SAFETY,pwd,1
2026-04-20,8,CRIME_PROPERTY,police,2
2026-04-20,8,CRIME_VIOLENT,police,4
2026-04-20,8,DARK_SPOT_SAFETY,grievance,1
2026-04-20,8,DRAINAGE_SEWAGE,grievance,1
2026-04-20,8,DRAINAGE_SEWAGE,pwd,1
2026-04-20,8,ENCROACHMENT,grievance,1
2026-04-20,8,ENCROACHMENT,pwd,1
2026-04-20,8,FLOOD_WATERLOGGING,pwd,1
2026-04-20,8,PUBLIC_ORDER,police,1
2026-04-20,8,ROAD_ACCIDENT,police,2
2026-04-20,8,SANITATION_TOILETS,grievance,2
2026-04-20,8,SOLID_WASTE,grievance,2
2026-04-20,8,STREETLIGHT_ELECTRICAL,grievance,3
2026-04-20,8,TRAFFIC_OBSTRUCTION,police,2
2026-04-20,8,VECTOR_DISEASE,grievance,2
2026-04-20,9,CRIME_VIOLENT,police,1
2026-04-20,9,DRAINAGE_SEWAGE,grievance,1
2026-04-20,9,ENCROACHMENT,grievance,1
2026-04-20,9,FLOOD_WATERLOGGING,grievance,1
2026-04-20,9,PUBLIC_ORDER,police,1
2026-04-20,9,PUBLIC_WORKS,grievance,1
2026-04-20,9,ROAD_ACCIDENT,police,2
2026-04-20,9,ROAD_DAMAGE,grievance,6
2026-04-20,9,SANITATION_TOILETS,grievance,1
2026-04-20,9,SOLID_WASTE,grievance,5
2026-04-20,10,CRIME_PROPERTY,police,12
2026-04-20,10,DARK_SPOT_SAFETY,grievance,1
2026-04-20,10,ENCROACHMENT,pwd,1
2026-04-20,10,OTHER,grievance,2
2026-04-20,10,PUBLIC_WORKS,grievance,1
2026-04-20,10,ROAD_ACCIDENT,police,4
2026-04-20,11,DRAINAGE_SEWAGE,grievance,1
2026-04-20,11,DRAIN_WORKS_SAFETY,grievance,1
2026-04-20,11,PUBLIC_ORDER,police,2
2026-04-20,11,ROAD_ACCIDENT,police,4
2026-04-20,11,SANITATION_TOILETS,grievance,1
2026-04-20,11,SOLID_WASTE,grievance,1
2026-04-20,11,VECTOR_DISEASE,grievance,2
2026-04-20,12,ADMIN_SERVICES,grievance,1
2026-04-20,12,BUILDING_SAFETY,pwd,1
2026-04-20,12,DRAIN_WORKS_SAFETY,grievance,1
2026-04-20,12,ENCROACHMENT,pwd,1
2026-04-20,12,FLOOD_WATERLOGGING,grievance,1
2026-04-20,12,FOOD_SAFETY,grievance,1
2026-04-20,12,MISSING_PERSON,police,1
2026-04-20,12,ROAD_ACCIDENT,police,2
2026-04-20,12,SOLID_WASTE,grievance,3
2026-04-20,12,TRAFFIC_OBSTRUCTION,police,1
2026-04-20,13,ADMIN_SERVICES,grievance,1
2026-04-20,13,BUILDING_SAFETY,pwd,1
2026-04-20,13,CRIME_PROPERTY,police,1
2026-04-20,13,DRAINAGE_SEWAGE,grievance,1
2026-04-20,13,ENCROACHMENT,grievance,1
2026-04-20,13,ENCROACHMENT,pwd,2
2026-04-20,13,MISSING_PERSON,police,1
2026-04-20,14,ADMIN_SERVICES,grievance,1
2026-04-20,14,AIR_POLLUTION,grievance,1
2026-04-20,14,PUBLIC_WORKS,grievance,1
2026-04-20,14,ROAD_ACCIDENT,police,1
2026-04-20,14,SANITATION_TOILETS,grievance,1
2026-04-20,15,AIR_POLLUTION,grievance,1
2026-04-20,15,BUILDING_SAFETY,pwd,1
2026-04-20,15,CRIME_PROPERTY,police,1
2026-04-20,15,DRAINAGE_SEWAGE,grievance,1
2026-04-20,15,PUBLIC_ORDER,police,1
2026-04-20,15,PUBLIC_WORKS,grievance,1
2026-04-20,15,SOLID_WASTE,grievance,1
2026-04-20,,CRIME_VIOLENT,police,1
2026-04-21,1,SANITATION_TOILETS,grievance,1
2026-04-21,2,CRIME_VIOLENT,police,1
2026-04-21,2,SOLID_WASTE,grievance,2
2026-04-21,3,ADMIN_SERVICES,grievance,1
2026-04-21,3,CRIME_PROPERTY,police,2
2026-04-21,3,DRAIN_WORKS_SAFETY,grievance,1
2026-04-21,3,FOOD_SAFETY,grievance,1
2026-04-21,3,HEALTH_SERVICES,grievance,1
2026-04-21,3,PUBLIC_ORDER,police,1
2026-04-21,3,SOLID_WASTE,grievance,1
2026-04-21,4,AIR_POLLUTION,grievance,1
2026-04-21,4,BUILDING_SAFETY,pwd,1
2026-04-21,4,CRIME_PROPERTY,police,3
2026-04-21,4,DARK_SPOT_SAFETY,grievance,1
2026-04-21,4,MISSING_PERSON,police,1
2026-04-21,4,ROAD_DAMAGE,grievance,1
2026-04-21,4,SOLID_WASTE,grievance,2
2026-04-21,4,TREES_PARKS,grievance,1
2026-04-21,5,BUILDING_SAFETY,pwd,1
2026-04-21,5,CRIME_PROPERTY,police,3
2026-04-21,5,CRIME_VIOLENT,police,3
2026-04-21,5,DRUGS_LIQUOR,police,2
2026-04-21,5,HEALTH_SERVICES,hospital,1
2026-04-21,5,MISSING_PERSON,police,1
2026-04-21,5,OTHER,grievance,1
2026-04-21,5,ROAD_ACCIDENT,police,5
2026-04-21,5,ROAD_DAMAGE,pwd,1
2026-04-21,5,SOLID_WASTE,grievance,3
2026-04-21,6,ADMIN_SERVICES,grievance,1
2026-04-21,6,CRIME_PROPERTY,police,1
2026-04-21,6,CRIME_VIOLENT,police,1
2026-04-21,6,DARK_SPOT_SAFETY,grievance,1
2026-04-21,6,DRAINAGE_SEWAGE,pwd,1
2026-04-21,6,MISSING_PERSON,police,1
2026-04-21,6,SANITATION_TOILETS,grievance,1
2026-04-21,6,SOLID_WASTE,grievance,5
2026-04-21,7,ADMIN_SERVICES,grievance,1
2026-04-21,7,DRUGS_LIQUOR,police,1
2026-04-21,7,FLOOD_WATERLOGGING,grievance,2
2026-04-21,7,PUBLIC_ORDER,police,1
2026-04-21,7,SANITATION_TOILETS,grievance,1
2026-04-21,7,VECTOR_DISEASE,grievance,1
2026-04-21,8,ADMIN_SERVICES,grievance,1
2026-04-21,8,CRIME_VIOLENT,police,4
2026-04-21,8,DRAIN_WORKS_SAFETY,grievance,1
2026-04-21,8,MISSING_PERSON,police,2
2026-04-21,8,PUBLIC_ORDER,police,1
2026-04-21,8,ROAD_DAMAGE,grievance,1
2026-04-21,8,ROAD_DAMAGE,pwd,1
2026-04-21,8,SANITATION_TOILETS,grievance,1
2026-04-21,8,SOLID_WASTE,grievance,1
2026-04-21,8,STREETLIGHT_ELECTRICAL,grievance,1
2026-04-21,8,TREES_PARKS,grievance,1
2026-04-21,8,VECTOR_DISEASE,grievance,2
2026-04-21,8,WATERBODY_INFRA,pwd,1
2026-04-21,9,ADMIN_SERVICES,grievance,1
2026-04-21,9,SOLID_WASTE,grievance,2
2026-04-21,9,STREETLIGHT_ELECTRICAL,grievance,1
2026-04-21,10,AIR_POLLUTION,grievance,1
2026-04-21,10,CRIME_PROPERTY,police,7
2026-04-21,10,DRAINAGE_SEWAGE,grievance,1
2026-04-21,10,DRAINAGE_SEWAGE,pwd,1
2026-04-21,10,ENCROACHMENT,grievance,2
2026-04-21,10,ENCROACHMENT,pwd,1
2026-04-21,10,HEALTH_SERVICES,grievance,2
2026-04-21,10,OTHER,grievance,2
2026-04-21,10,PUBLIC_ORDER,police,2
2026-04-21,10,SOLID_WASTE,grievance,2
2026-04-21,11,CRIME_VIOLENT,police,2
2026-04-21,11,PUBLIC_ORDER,police,1
2026-04-21,11,PUBLIC_WORKS,grievance,1
2026-04-21,11,ROAD_ACCIDENT,police,4
2026-04-21,12,DRUGS_LIQUOR,police,1
2026-04-21,12,OTHER,grievance,1
2026-04-21,12,ROAD_ACCIDENT,police,1
2026-04-21,12,STREETLIGHT_ELECTRICAL,grievance,1
2026-04-21,13,CRIME_PROPERTY,police,7
2026-04-21,13,ENCROACHMENT,pwd,2
2026-04-21,13,FLOOD_WATERLOGGING,grievance,1
2026-04-21,13,PUBLIC_ORDER,police,1
2026-04-21,13,ROAD_ACCIDENT,police,3
2026-04-21,13,ROAD_DAMAGE,grievance,1
2026-04-21,13,SOLID_WASTE,grievance,5
2026-04-21,13,STREETLIGHT_ELECTRICAL,grievance,1
2026-04-21,14,CRIME_PROPERTY,police,1
2026-04-21,14,DRUGS_LIQUOR,police,1
2026-04-21,14,SOLID_WASTE,grievance,4
2026-04-21,14,VECTOR_DISEASE,grievance,1
2026-04-21,15,CRIME_PROPERTY,police,4
2026-04-21,15,DRUGS_LIQUOR,police,1
2026-04-21,15,PUBLIC_ORDER,police,1
2026-04-21,15,ROAD_ACCIDENT,police,1
2026-04-21,15,ROAD_DAMAGE,grievance,1
2026-04-21,15,SOLID_WASTE,grievance,2
2026-04-22,1,CRIME_PROPERTY,police,2
2026-04-22,1,CRIME_VIOLENT,police,2
2026-04-22,1,DRAINAGE_SEWAGE,grievance,2
2026-04-22,1,OTHER,grievance,1
2026-04-22,1,PUBLIC_ORDER,police,1
2026-04-22,1,ROAD_DAMAGE,grievance,1
2026-04-22,1,SANITATION_TOILETS,grievance,1
2026-04-22,1,SOLID_WASTE,grievance,1
2026-04-22,1,STREETLIGHT_ELECTRICAL,grievance,1
2026-04-22,2,MISSING_PERSON,police,1
2026-04-22,2,PUBLIC_ORDER,police,1
2026-04-22,2,ROAD_ACCIDENT,police,4
2026-04-22,2,TRAFFIC_OBSTRUCTION,police,1
2026-04-22,3,CRIME_PROPERTY,police,1
2026-04-22,3,ENCROACHMENT,grievance,1
2026-04-22,3,PUBLIC_ORDER,police,1
2026-04-22,3,ROAD_DAMAGE,grievance,3
2026-04-22,3,SANITATION_TOILETS,grievance,1
2026-04-22,3,STREETLIGHT_ELECTRICAL,grievance,3
2026-04-22,3,TREES_PARKS,grievance,1
2026-04-22,4,AIR_POLLUTION,grievance,1
2026-04-22,4,BUILDING_SAFETY,pwd,1
2026-04-22,4,CRIME_PROPERTY,police,1
2026-04-22,4,CRIME_VIOLENT,police,1
2026-04-22,4,OTHER,grievance,1
2026-04-22,4,PUBLIC_ORDER,police,1
2026-04-22,4,SOLID_WASTE,grievance,2
2026-04-22,4,STREETLIGHT_ELECTRICAL,grievance,3
2026-04-22,4,STREETLIGHT_ELECTRICAL,police,1
2026-04-22,4,TRAFFIC_OBSTRUCTION,police,1
2026-04-22,5,DRAINAGE_SEWAGE,grievance,2
2026-04-22,5,DRAINAGE_SEWAGE,pwd,1
2026-04-22,5,DRUGS_LIQUOR,police,3
2026-04-22,5,PUBLIC_ORDER,police,3
2026-04-22,5,ROAD_ACCIDENT,police,4
2026-04-22,5,ROAD_DAMAGE,grievance,2
2026-04-22,5,SOLID_WASTE,grievance,2
2026-04-22,5,STREETLIGHT_ELECTRICAL,grievance,1
2026-04-22,5,TRAFFIC_OBSTRUCTION,police,1
2026-04-22,5,VECTOR_DISEASE,hospital,1
2026-04-22,6,ADMIN_SERVICES,grievance,1
2026-04-22,6,CRIME_PROPERTY,police,1
2026-04-22,6,FLOOD_WATERLOGGING,grievance,1
2026-04-22,6,PUBLIC_ORDER,police,1
2026-04-22,6,SOLID_WASTE,grievance,1
2026-04-22,6,VECTOR_DISEASE,grievance,1
2026-04-22,7,CRIME_PROPERTY,police,1
2026-04-22,7,CRIME_VIOLENT,police,2
2026-04-22,7,FLOOD_WATERLOGGING,grievance,1
2026-04-22,7,MISSING_PERSON,police,2
2026-04-22,7,PUBLIC_ORDER,police,1
2026-04-22,7,PUBLIC_WORKS,grievance,1
2026-04-22,7,ROAD_DAMAGE,grievance,2
2026-04-22,7,SOLID_WASTE,grievance,2
2026-04-22,7,STRAY_ANIMALS,grievance,1
2026-04-22,7,STREETLIGHT_ELECTRICAL,grievance,1
2026-04-22,8,CRIME_VIOLENT,police,1
2026-04-22,8,FLOOD_WATERLOGGING,police,1
2026-04-22,8,MISSING_PERSON,police,2
2026-04-22,8,SOLID_WASTE,grievance,3
2026-04-22,8,STRAY_ANIMALS,grievance,1
2026-04-22,8,STREETLIGHT_ELECTRICAL,grievance,1
2026-04-22,8,TRAFFIC_OBSTRUCTION,police,3
2026-04-22,8,VECTOR_DISEASE,grievance,1
2026-04-22,9,CIVIC_FACILITIES,grievance,1
2026-04-22,9,CRIME_PROPERTY,police,1
2026-04-22,9,DRAIN_WORKS_SAFETY,grievance,1
2026-04-22,9,ENCROACHMENT,grievance,1
2026-04-22,9,FLOOD_WATERLOGGING,grievance,4
2026-04-22,9,OTHER,grievance,1
2026-04-22,9,POLICE_OTHER,police,1
2026-04-22,9,ROAD_ACCIDENT,police,1
2026-04-22,9,ROAD_DAMAGE,grievance,1
2026-04-22,9,SANITATION_TOILETS,grievance,1
2026-04-22,9,SOLID_WASTE,grievance,2
2026-04-22,9,STREETLIGHT_ELECTRICAL,grievance,3
2026-04-22,10,BUILDING_SAFETY,pwd,3
2026-04-22,10,CRIME_PROPERTY,police,2
2026-04-22,10,MISSING_PERSON,police,1
2026-04-22,10,OTHER,grievance,1
2026-04-22,10,PUBLIC_ORDER,police,1
2026-04-22,10,ROAD_DAMAGE,grievance,1
2026-04-22,10,SOLID_WASTE,grievance,2
2026-04-22,11,CRIME_PROPERTY,police,2
2026-04-22,11,CRIME_VIOLENT,police,1
2026-04-22,11,DRAINAGE_SEWAGE,grievance,1
2026-04-22,11,DRAIN_WORKS_SAFETY,grievance,1
2026-04-22,11,MISSING_PERSON,police,1
2026-04-22,11,OTHER,grievance,1
2026-04-22,11,PUBLIC_ORDER,police,1
2026-04-22,11,ROAD_ACCIDENT,police,1
2026-04-22,11,SANITATION_TOILETS,grievance,1
2026-04-22,11,SOLID_WASTE,grievance,2
2026-04-22,11,STREETLIGHT_ELECTRICAL,grievance,1
2026-04-22,11,TRAFFIC_OBSTRUCTION,police,1
2026-04-22,11,WATERBODY_INFRA,pwd,1
2026-04-22,12,DRUGS_LIQUOR,police,1
2026-04-22,12,FLOOD_WATERLOGGING,grievance,1
2026-04-22,12,PUBLIC_ORDER,police,1
2026-04-22,12,TRAFFIC_OBSTRUCTION,police,2
2026-04-22,13,CRIME_PROPERTY,police,1
2026-04-22,13,DRAINAGE_SEWAGE,pwd,1
2026-04-22,13,ENCROACHMENT,grievance,1
2026-04-22,13,FLOOD_RELIEF,grievance,1
2026-04-22,13,ROAD_ACCIDENT,police,1
2026-04-22,13,SANITATION_TOILETS,grievance,1
2026-04-22,13,SOLID_WASTE,grievance,2
2026-04-22,14,DRAIN_WORKS_SAFETY,grievance,2
2026-04-22,14,DRUGS_LIQUOR,police,2
2026-04-22,14,STREETLIGHT_ELECTRICAL,grievance,1
2026-04-22,15,CRIME_PROPERTY,police,1
2026-04-22,15,TREES_PARKS,grievance,3
2026-04-22,,CRIME_PROPERTY,police,1
2026-04-23,1,CRIME_PROPERTY,police,1
2026-04-23,1,CRIME_VIOLENT,police,1
2026-04-23,1,FLOOD_WATERLOGGING,pwd,2
2026-04-23,1,PUBLIC_WORKS,grievance,1
2026-04-23,1,SOLID_WASTE,grievance,1
2026-04-23,1,STREETLIGHT_ELECTRICAL,grievance,1
2026-04-23,2,DRAINAGE_SEWAGE,grievance,1
2026-04-23,2,DRAIN_WORKS_SAFETY,grievance,1
2026-04-23,2,TRAFFIC_OBSTRUCTION,police,1
2026-04-23,3,ADMIN_SERVICES,grievance,1
2026-04-23,3,CRIME_PROPERTY,police,1
2026-04-23,3,DRAIN_WORKS_SAFETY,grievance,2
2026-04-23,3,ENCROACHMENT,grievance,2
2026-04-23,3,ENCROACHMENT,pwd,1
2026-04-23,3,FLOOD_WATERLOGGING,grievance,1
2026-04-23,3,SOLID_WASTE,grievance,2
2026-04-23,3,STREETLIGHT_ELECTRICAL,grievance,1
2026-04-23,4,DRAINAGE_SEWAGE,grievance,1
2026-04-23,4,MISSING_PERSON,police,1
2026-04-23,4,ROAD_ACCIDENT,police,2
2026-04-23,4,SOLID_WASTE,grievance,3
2026-04-23,4,STREETLIGHT_ELECTRICAL,grievance,1
2026-04-23,5,ADMIN_SERVICES,grievance,1
2026-04-23,5,BUILDING_SAFETY,pwd,1
2026-04-23,5,CRIME_PROPERTY,police,5
2026-04-23,5,DRAINAGE_SEWAGE,pwd,1
2026-04-23,5,PUBLIC_ORDER,police,2
2026-04-23,5,SOLID_WASTE,grievance,1
2026-04-23,5,TRAFFIC_OBSTRUCTION,police,1
2026-04-23,5,TREES_PARKS,grievance,1
2026-04-23,5,VECTOR_DISEASE,grievance,3
2026-04-23,5,VECTOR_DISEASE,hospital,1
2026-04-23,6,CRIME_PROPERTY,police,1
2026-04-23,6,CRIME_VIOLENT,police,3
2026-04-23,6,DRAIN_WORKS_SAFETY,grievance,1
2026-04-23,6,ENCROACHMENT,grievance,1
2026-04-23,6,FLOOD_RELIEF,grievance,1
2026-04-23,6,FLOOD_WATERLOGGING,grievance,1
2026-04-23,6,PUBLIC_ORDER,police,1
2026-04-23,6,SOLID_WASTE,grievance,4
2026-04-23,6,STREETLIGHT_ELECTRICAL,grievance,1
2026-04-23,6,TRAFFIC_OBSTRUCTION,police,3
2026-04-23,7,CRIME_PROPERTY,police,2
2026-04-23,7,CRIME_VIOLENT,police,1
2026-04-23,7,DARK_SPOT_SAFETY,grievance,1
2026-04-23,7,FLOOD_WATERLOGGING,pwd,1
2026-04-23,7,PUBLIC_ORDER,police,1
2026-04-23,7,SOLID_WASTE,grievance,1
2026-04-23,7,TRAFFIC_OBSTRUCTION,police,3
2026-04-23,8,CRIME_PROPERTY,police,7
2026-04-23,8,CRIME_VIOLENT,police,5
2026-04-23,8,DRAIN_WORKS_SAFETY,grievance,1
2026-04-23,8,ENCROACHMENT,grievance,1
2026-04-23,8,FLOOD_WATERLOGGING,grievance,1
2026-04-23,8,PUBLIC_ORDER,police,2
2026-04-23,8,SOLID_WASTE,grievance,1
2026-04-23,8,TRAFFIC_OBSTRUCTION,police,4
2026-04-23,9,CRIME_PROPERTY,police,1
2026-04-23,9,CRIME_VIOLENT,police,1
2026-04-23,9,DARK_SPOT_SAFETY,grievance,1
2026-04-23,9,FOOD_SAFETY,grievance,1
2026-04-23,9,OTHER,grievance,1
2026-04-23,9,PUBLIC_ORDER,police,1
2026-04-23,9,ROAD_ACCIDENT,police,1
2026-04-23,9,ROAD_DAMAGE,grievance,1
2026-04-23,9,SOLID_WASTE,grievance,3
2026-04-23,9,STREETLIGHT_ELECTRICAL,grievance,1
2026-04-23,10,ADMIN_SERVICES,grievance,1
2026-04-23,10,CRIME_VIOLENT,police,1
2026-04-23,10,DRUGS_LIQUOR,police,1
2026-04-23,10,ENCROACHMENT,grievance,2
2026-04-23,10,MISSING_PERSON,police,1
2026-04-23,10,OTHER,grievance,1
2026-04-23,10,POLICE_OTHER,police,1
2026-04-23,10,PUBLIC_ORDER,police,2
2026-04-23,10,PUBLIC_WORKS,grievance,2
2026-04-23,10,SANITATION_TOILETS,grievance,1
2026-04-23,10,SOLID_WASTE,grievance,5
2026-04-23,10,TRAFFIC_OBSTRUCTION,grievance,1
2026-04-23,10,TRAFFIC_OBSTRUCTION,police,1
2026-04-23,11,DRAIN_WORKS_SAFETY,grievance,1
2026-04-23,11,PUBLIC_ORDER,police,1
2026-04-23,11,ROAD_DAMAGE,grievance,1
2026-04-23,11,SOLID_WASTE,grievance,3
2026-04-23,12,CRIME_PROPERTY,police,1
2026-04-23,12,DRAINAGE_SEWAGE,grievance,2
2026-04-23,12,ENCROACHMENT,pwd,1
2026-04-23,12,MISSING_PERSON,police,1
2026-04-23,12,SANITATION_TOILETS,grievance,1
2026-04-23,12,STREETLIGHT_ELECTRICAL,grievance,1
2026-04-23,12,TREES_PARKS,grievance,1
2026-04-23,12,WATERBODY_INFRA,pwd,1
2026-04-23,13,CIVIC_FACILITIES,grievance,1
2026-04-23,13,CRIME_PROPERTY,police,3
2026-04-23,13,CRIME_VIOLENT,police,1
2026-04-23,13,ENCROACHMENT,pwd,1
2026-04-23,13,MISSING_PERSON,police,3
2026-04-23,13,PUBLIC_ORDER,police,1
2026-04-23,13,ROAD_ACCIDENT,police,1
2026-04-23,13,ROAD_DAMAGE,grievance,1
2026-04-23,13,ROAD_DAMAGE,pwd,1
2026-04-23,13,SOLID_WASTE,grievance,3
2026-04-23,13,TRAFFIC_OBSTRUCTION,police,2
2026-04-23,14,ROAD_ACCIDENT,police,1
2026-04-23,14,ROAD_DAMAGE,grievance,1
2026-04-23,14,STREETLIGHT_ELECTRICAL,grievance,2
2026-04-23,14,TRAFFIC_OBSTRUCTION,police,1
2026-04-23,15,BUILDING_SAFETY,pwd,1
2026-04-23,15,CRIME_PROPERTY,police,1
2026-04-23,15,DRAINAGE_SEWAGE,pwd,1
2026-04-24,1,CRIME_PROPERTY,police,1
2026-04-24,1,FLOOD_WATERLOGGING,pwd,1
2026-04-24,1,OTHER,grievance,1
2026-04-24,1,PUBLIC_ORDER,grievance,1
2026-04-24,1,SOLID_WASTE,grievance,2
2026-04-24,2,CRIME_PROPERTY,police,1
2026-04-24,2,CRIME_VIOLENT,police,1
2026-04-24,2,HEALTH_SERVICES,grievance,1
2026-04-24,2,ROAD_ACCIDENT,police,2
2026-04-24,2,SOLID_WASTE,grievance,1
2026-04-24,3,CRIME_PROPERTY,police,1
2026-04-24,3,ENCROACHMENT,grievance,1
2026-04-24,3,FOOD_SAFETY,grievance,1
2026-04-24,3,PUBLIC_ORDER,police,1
2026-04-24,3,ROAD_DAMAGE,grievance,1
2026-04-24,3,SOLID_WASTE,grievance,1
2026-04-24,3,STREETLIGHT_ELECTRICAL,grievance,1
2026-04-24,3,TREES_PARKS,grievance,1
2026-04-24,4,CRIME_PROPERTY,police,4
2026-04-24,4,DRAINAGE_SEWAGE,grievance,1
2026-04-24,4,HEALTH_SERVICES,grievance,1
2026-04-24,4,MISSING_PERSON,police,2
2026-04-24,5,CRIME_PROPERTY,police,6
2026-04-24,5,PUBLIC_ORDER,police,1
2026-04-24,5,ROAD_ACCIDENT,police,1
2026-04-24,5,ROAD_DAMAGE,grievance,2
2026-04-24,5,SOLID_WASTE,grievance,1
2026-04-24,6,CRIME_PROPERTY,police,2
2026-04-24,6,ENCROACHMENT,grievance,1
2026-04-24,6,FLOOD_WATERLOGGING,police,2
2026-04-24,6,PUBLIC_ORDER,police,3
2026-04-24,6,ROAD_ACCIDENT,police,1
2026-04-24,6,SOLID_WASTE,grievance,4
2026-04-24,6,STRAY_ANIMALS,grievance,1
2026-04-24,6,VECTOR_DISEASE,grievance,1
2026-04-24,7,CRIME_PROPERTY,police,3
2026-04-24,7,CRIME_VIOLENT,police,1
2026-04-24,7,POLICE_OTHER,police,2
2026-04-24,7,PUBLIC_WORKS,grievance,1
2026-04-24,7,ROAD_ACCIDENT,police,3
2026-04-24,7,SANITATION_TOILETS,grievance,2
2026-04-24,7,SOLID_WASTE,grievance,2
2026-04-24,7,STREETLIGHT_ELECTRICAL,grievance,2
2026-04-24,7,WATERBODY_INFRA,pwd,2
2026-04-24,8,ADMIN_SERVICES,grievance,2
2026-04-24,8,CRIME_VIOLENT,police,1
2026-04-24,8,DRAINAGE_SEWAGE,grievance,1
2026-04-24,8,DRAIN_WORKS_SAFETY,grievance,1
2026-04-24,8,ROAD_ACCIDENT,police,2
2026-04-24,8,SOLID_WASTE,grievance,1
2026-04-24,8,STREETLIGHT_ELECTRICAL,grievance,1
2026-04-24,8,TRAFFIC_OBSTRUCTION,police,3
2026-04-24,8,TREES_PARKS,grievance,1
2026-04-24,9,ADMIN_SERVICES,grievance,1
2026-04-24,9,CRIME_PROPERTY,police,3
2026-04-24,9,DRAIN_WORKS_SAFETY,grievance,1
2026-04-24,9,HEALTH_SERVICES,grievance,1
2026-04-24,9,ROAD_DAMAGE,grievance,1
2026-04-24,9,SOLID_WASTE,grievance,4
2026-04-24,9,STREETLIGHT_ELECTRICAL,grievance,2
2026-04-24,9,VECTOR_DISEASE,grievance,1
2026-04-24,10,BUILDING_SAFETY,pwd,1
2026-04-24,10,CRIME_VIOLENT,police,1
2026-04-24,10,DRAINAGE_SEWAGE,grievance,2
2026-04-24,10,ENCROACHMENT,grievance,1
2026-04-24,10,MISSING_PERSON,police,1
2026-04-24,10,PUBLIC_ORDER,police,2
2026-04-24,10,ROAD_ACCIDENT,police,2
2026-04-24,10,SANITATION_TOILETS,grievance,1
2026-04-24,10,SOLID_WASTE,grievance,1
2026-04-24,11,ENCROACHMENT,grievance,1
2026-04-24,11,PUBLIC_ORDER,police,1
2026-04-24,11,ROAD_ACCIDENT,police,1
2026-04-24,11,ROAD_DAMAGE,grievance,1
2026-04-24,11,SANITATION_TOILETS,grievance,1
2026-04-24,11,SOLID_WASTE,grievance,1
2026-04-24,11,TRAFFIC_OBSTRUCTION,police,2
2026-04-24,11,VECTOR_DISEASE,grievance,1
2026-04-24,12,CRIME_PROPERTY,police,2
2026-04-24,12,DRUGS_LIQUOR,police,1
2026-04-24,12,FLOOD_WATERLOGGING,pwd,8
2026-04-24,12,STRAY_ANIMALS,grievance,1
2026-04-24,13,CRIME_PROPERTY,police,1
2026-04-24,13,CRIME_VIOLENT,police,1
2026-04-24,13,ENCROACHMENT,pwd,2
2026-04-24,13,FLOOD_WATERLOGGING,pwd,12
2026-04-24,13,MISSING_PERSON,police,1
2026-04-24,13,PUBLIC_WORKS,grievance,1
2026-04-24,13,ROAD_ACCIDENT,police,1
2026-04-24,13,ROAD_DAMAGE,pwd,1
2026-04-24,13,SOLID_WASTE,grievance,2
2026-04-24,13,STRAY_ANIMALS,grievance,1
2026-04-24,13,STREETLIGHT_ELECTRICAL,grievance,1
2026-04-24,13,TRAFFIC_OBSTRUCTION,grievance,1
2026-04-24,13,WATERBODY_INFRA,pwd,3
2026-04-24,14,CRIME_VIOLENT,police,2
2026-04-24,14,DRAINAGE_SEWAGE,grievance,1
2026-04-24,14,DRAIN_WORKS_SAFETY,grievance,2
2026-04-24,14,ROAD_ACCIDENT,police,2
2026-04-24,14,STREETLIGHT_ELECTRICAL,grievance,1
2026-04-24,15,CRIME_VIOLENT,police,1
2026-04-24,15,MISSING_PERSON,police,1
2026-04-24,15,ROAD_ACCIDENT,police,1
2026-04-24,15,SANITATION_TOILETS,grievance,2
2026-04-24,15,SOLID_WASTE,grievance,3
2026-04-24,15,STREETLIGHT_ELECTRICAL,grievance,1
2026-04-25,1,CRIME_PROPERTY,police,1
2026-04-25,1,CRIME_VIOLENT,police,1
2026-04-25,1,FLOOD_WATERLOGGING,grievance,1
2026-04-25,1,PUBLIC_WORKS,grievance,1
2026-04-25,1,ROAD_ACCIDENT,police,1
2026-04-25,1,ROAD_DAMAGE,grievance,1
2026-04-25,1,SOLID_WASTE,grievance,1
2026-04-25,1,STRAY_ANIMALS,grievance,1
2026-04-25,1,STREETLIGHT_ELECTRICAL,grievance,1
2026-04-25,2,CRIME_PROPERTY,police,1
2026-04-25,2,ROAD_ACCIDENT,police,1
2026-04-25,2,SANITATION_TOILETS,grievance,1
2026-04-25,3,CRIME_PROPERTY,police,2
2026-04-25,3,DARK_SPOT_SAFETY,grievance,1
2026-04-25,3,FLOOD_WATERLOGGING,police,1
2026-04-25,3,STREETLIGHT_ELECTRICAL,grievance,2
2026-04-25,3,VECTOR_DISEASE,grievance,1
2026-04-25,4,CRIME_PROPERTY,police,1
2026-04-25,4,ROAD_DAMAGE,grievance,2
2026-04-25,4,SOLID_WASTE,grievance,2
2026-04-25,4,STREETLIGHT_ELECTRICAL,grievance,1
2026-04-25,4,TREES_PARKS,grievance,1
2026-04-25,5,DRAINAGE_SEWAGE,pwd,1
2026-04-25,5,DRAIN_WORKS_SAFETY,grievance,1
2026-04-25,5,DRUGS_LIQUOR,police,1
2026-04-25,5,PUBLIC_ORDER,police,5
2026-04-25,5,SOLID_WASTE,grievance,1
2026-04-25,5,STREETLIGHT_ELECTRICAL,grievance,1
2026-04-25,5,TREES_PARKS,grievance,1
2026-04-25,6,CRIME_PROPERTY,police,5
2026-04-25,6,DARK_SPOT_SAFETY,grievance,1
2026-04-25,6,DRAINAGE_SEWAGE,grievance,1
2026-04-25,6,DRAIN_WORKS_SAFETY,grievance,2
2026-04-25,6,PUBLIC_ORDER,police,1
2026-04-25,6,ROAD_ACCIDENT,police,1
2026-04-25,6,SOLID_WASTE,grievance,1
2026-04-25,6,TRAFFIC_OBSTRUCTION,police,1
2026-04-25,6,VECTOR_DISEASE,grievance,1
2026-04-25,7,CRIME_PROPERTY,police,1
2026-04-25,7,CRIME_VIOLENT,police,3
2026-04-25,7,FOOD_SAFETY,grievance,1
2026-04-25,7,PUBLIC_WORKS,grievance,1
2026-04-25,7,ROAD_DAMAGE,grievance,2
2026-04-25,7,SANITATION_TOILETS,grievance,1
2026-04-25,7,SOLID_WASTE,grievance,2
2026-04-25,7,STRAY_ANIMALS,grievance,1
2026-04-25,7,STREETLIGHT_ELECTRICAL,grievance,3
2026-04-25,7,TRAFFIC_OBSTRUCTION,police,1
2026-04-25,7,TREES_PARKS,grievance,1
2026-04-25,8,CRIME_PROPERTY,police,5
2026-04-25,8,CRIME_VIOLENT,police,1
2026-04-25,8,DARK_SPOT_SAFETY,grievance,1
2026-04-25,8,ENCROACHMENT,grievance,1
2026-04-25,8,ENCROACHMENT,pwd,1
2026-04-25,8,FLOOD_WATERLOGGING,grievance,1
2026-04-25,8,HEALTH_SERVICES,grievance,1
2026-04-25,8,PUBLIC_ORDER,police,1
2026-04-25,8,ROAD_ACCIDENT,police,2
2026-04-25,8,SANITATION_TOILETS,grievance,1
2026-04-25,8,SOLID_WASTE,grievance,2
2026-04-25,8,STREETLIGHT_ELECTRICAL,grievance,3
2026-04-25,8,TRAFFIC_OBSTRUCTION,police,3
2026-04-25,8,TREES_PARKS,grievance,1
2026-04-25,9,CRIME_PROPERTY,police,1
2026-04-25,9,CRIME_VIOLENT,police,1
2026-04-25,9,DARK_SPOT_SAFETY,grievance,3
2026-04-25,9,DRAINAGE_SEWAGE,grievance,1
2026-04-25,9,FLOOD_WATERLOGGING,grievance,1
2026-04-25,9,OTHER,grievance,1
2026-04-25,9,ROAD_DAMAGE,grievance,1
2026-04-25,9,ROAD_DAMAGE,pwd,1
2026-04-25,9,SOLID_WASTE,grievance,2
2026-04-25,9,STREETLIGHT_ELECTRICAL,grievance,1
2026-04-25,10,CRIME_PROPERTY,police,1
2026-04-25,10,DARK_SPOT_SAFETY,grievance,1
2026-04-25,10,DRAIN_WORKS_SAFETY,grievance,1
2026-04-25,10,MISSING_PERSON,police,1
2026-04-25,10,PUBLIC_ORDER,police,4
2026-04-25,10,ROAD_ACCIDENT,police,4
2026-04-25,10,ROAD_DAMAGE,grievance,1
2026-04-25,10,SOLID_WASTE,grievance,5
2026-04-25,10,STREETLIGHT_ELECTRICAL,grievance,1
2026-04-25,10,TRAFFIC_OBSTRUCTION,police,2
2026-04-25,10,TREES_PARKS,grievance,2
2026-04-25,11,FLOOD_RELIEF,grievance,1
2026-04-25,11,PUBLIC_ORDER,police,2
2026-04-25,11,ROAD_DAMAGE,grievance,3
2026-04-25,11,STREETLIGHT_ELECTRICAL,grievance,2
2026-04-25,11,TREES_PARKS,grievance,1
2026-04-25,12,DRUGS_LIQUOR,police,1
2026-04-25,12,ENCROACHMENT,grievance,1
2026-04-25,12,ROAD_DAMAGE,grievance,1
2026-04-25,12,SOLID_WASTE,grievance,1
2026-04-25,12,STRAY_ANIMALS,grievance,1
2026-04-25,12,STREETLIGHT_ELECTRICAL,grievance,1
2026-04-25,13,CRIME_PROPERTY,police,3
2026-04-25,13,CRIME_VIOLENT,police,1
2026-04-25,13,DRAIN_WORKS_SAFETY,grievance,1
2026-04-25,13,FLOOD_WATERLOGGING,grievance,1
2026-04-25,13,PUBLIC_ORDER,police,1
2026-04-25,13,SOLID_WASTE,grievance,1
2026-04-25,14,ADMIN_SERVICES,grievance,1
2026-04-25,14,CRIME_PROPERTY,police,2
2026-04-25,14,DRAINAGE_SEWAGE,grievance,1
2026-04-25,14,MISSING_PERSON,police,1
2026-04-25,14,SANITATION_TOILETS,grievance,1
2026-04-25,14,SOLID_WASTE,grievance,1
2026-04-25,14,STREETLIGHT_ELECTRICAL,grievance,1
2026-04-25,15,DRUGS_LIQUOR,police,1
2026-04-25,15,TRAFFIC_OBSTRUCTION,police,1
2026-04-25,,CRIME_PROPERTY,police,1
2026-04-25,,ROAD_ACCIDENT,police,1
2026-04-25,,TRAFFIC_OBSTRUCTION,police,1
2026-04-26,1,ADMIN_SERVICES,grievance,1
2026-04-26,1,BUILDING_SAFETY,pwd,1
2026-04-26,1,DRUGS_LIQUOR,police,1
2026-04-26,1,FLOOD_WATERLOGGING,pwd,1
2026-04-26,1,SOLID_WASTE,grievance,2
2026-04-26,2,HEALTH_SERVICES,grievance,1
2026-04-26,2,ROAD_ACCIDENT,police,1
2026-04-26,2,TRAFFIC_OBSTRUCTION,grievance,1
2026-04-26,3,FLOOD_WATERLOGGING,grievance,1
2026-04-26,3,HEALTH_SERVICES,grievance,1
2026-04-26,4,ADMIN_SERVICES,grievance,2
2026-04-26,4,PUBLIC_ORDER,police,2
2026-04-26,4,ROAD_ACCIDENT,police,2
2026-04-26,4,SOLID_WASTE,grievance,3
2026-04-26,4,TRAFFIC_OBSTRUCTION,police,1
2026-04-26,5,BUILDING_SAFETY,pwd,2
2026-04-26,5,CRIME_PROPERTY,police,2
2026-04-26,5,CRIME_VIOLENT,police,1
2026-04-26,5,MISSING_PERSON,police,1
2026-04-26,5,PUBLIC_ORDER,police,1
2026-04-26,5,ROAD_DAMAGE,grievance,2
2026-04-26,5,SOLID_WASTE,grievance,4
2026-04-26,6,ADMIN_SERVICES,grievance,1
2026-04-26,6,CRIME_PROPERTY,police,2
2026-04-26,6,CRIME_VIOLENT,police,4
2026-04-26,6,DRAINAGE_SEWAGE,grievance,2
2026-04-26,6,DRAINAGE_SEWAGE,pwd,1
2026-04-26,6,DRAIN_WORKS_SAFETY,grievance,1
2026-04-26,6,DRUGS_LIQUOR,police,1
2026-04-26,6,MISSING_PERSON,police,1
2026-04-26,6,OTHER,grievance,1
2026-04-26,6,PUBLIC_ORDER,police,1
2026-04-26,6,ROAD_ACCIDENT,police,4
2026-04-26,6,ROAD_DAMAGE,grievance,2
2026-04-26,6,STREETLIGHT_ELECTRICAL,grievance,1
2026-04-26,6,TRAFFIC_OBSTRUCTION,police,4
2026-04-26,6,TREES_PARKS,grievance,2
2026-04-26,7,BUILDING_SAFETY,pwd,1
2026-04-26,7,CRIME_VIOLENT,police,4
2026-04-26,7,DRAIN_WORKS_SAFETY,grievance,1
2026-04-26,7,MISSING_PERSON,police,1
2026-04-26,7,STREETLIGHT_ELECTRICAL,grievance,1
2026-04-26,7,VECTOR_DISEASE,grievance,1
2026-04-26,8,AIR_POLLUTION,grievance,1
2026-04-26,8,CRIME_PROPERTY,police,1
2026-04-26,8,CRIME_VIOLENT,police,1
2026-04-26,8,DRAINAGE_SEWAGE,grievance,1
2026-04-26,8,DRAINAGE_SEWAGE,pwd,1
2026-04-26,8,ENCROACHMENT,grievance,1
2026-04-26,8,FLOOD_WATERLOGGING,pwd,2
2026-04-26,8,HEALTH_SERVICES,grievance,1
2026-04-26,8,MISSING_PERSON,police,1
2026-04-26,8,SOLID_WASTE,grievance,1
2026-04-26,8,STREETLIGHT_ELECTRICAL,grievance,1
2026-04-26,9,CRIME_PROPERTY,police,3
2026-04-26,9,CRIME_VIOLENT,police,1
2026-04-26,9,DARK_SPOT_SAFETY,grievance,1
2026-04-26,9,HEALTH_SERVICES,grievance,1
2026-04-26,9,OTHER,grievance,1
2026-04-26,9,ROAD_ACCIDENT,police,3
2026-04-26,9,SANITATION_TOILETS,grievance,1
2026-04-26,9,SOLID_WASTE,grievance,3
2026-04-26,9,STREETLIGHT_ELECTRICAL,grievance,2
2026-04-26,10,CRIME_PROPERTY,police,1
2026-04-26,10,CRIME_VIOLENT,police,2
2026-04-26,10,DRAINAGE_SEWAGE,grievance,2
2026-04-26,10,ROAD_ACCIDENT,police,1
2026-04-26,10,SOLID_WASTE,grievance,2
2026-04-26,10,TRAFFIC_OBSTRUCTION,police,1
2026-04-26,10,TREES_PARKS,grievance,1
2026-04-26,11,CRIME_PROPERTY,police,2
2026-04-26,11,DRAINAGE_SEWAGE,grievance,1
2026-04-26,11,MISSING_PERSON,police,1
2026-04-26,11,PUBLIC_WORKS,grievance,1
2026-04-26,12,CRIME_PROPERTY,police,1
2026-04-26,12,HEALTH_SERVICES,grievance,1
2026-04-26,12,PUBLIC_ORDER,police,1
2026-04-26,12,PUBLIC_WORKS,grievance,1
2026-04-26,12,ROAD_ACCIDENT,police,4
2026-04-26,12,SOLID_WASTE,grievance,2
2026-04-26,12,TRAFFIC_OBSTRUCTION,police,1
2026-04-26,13,ADMIN_SERVICES,grievance,1
2026-04-26,13,CRIME_PROPERTY,police,2
2026-04-26,13,CRIME_VIOLENT,police,1
2026-04-26,13,ENCROACHMENT,grievance,1
2026-04-26,13,PUBLIC_WORKS,grievance,1
2026-04-26,13,ROAD_ACCIDENT,police,1
2026-04-26,13,ROAD_DAMAGE,grievance,1
2026-04-26,13,TRAFFIC_OBSTRUCTION,police,1
2026-04-26,14,ADMIN_SERVICES,grievance,1
2026-04-26,14,CRIME_PROPERTY,police,2
2026-04-26,14,DRAINAGE_SEWAGE,grievance,2
2026-04-26,14,PUBLIC_ORDER,police,2
2026-04-26,14,PUBLIC_WORKS,grievance,1
2026-04-26,14,ROAD_ACCIDENT,police,2
2026-04-26,14,SOLID_WASTE,grievance,1
2026-04-26,15,CRIME_PROPERTY,police,1
2026-04-26,15,DRAINAGE_SEWAGE,grievance,1
2026-04-26,15,DRAINAGE_SEWAGE,pwd,1
2026-04-26,15,ENCROACHMENT,pwd,1
2026-04-26,15,FLOOD_WATERLOGGING,grievance,1
2026-04-26,15,ROAD_ACCIDENT,police,1
2026-04-26,15,SOLID_WASTE,grievance,3
2026-04-26,,DRUGS_LIQUOR,police,2
2026-04-26,,TRAFFIC_OBSTRUCTION,police,1
2026-04-27,1,ADMIN_SERVICES,grievance,2
2026-04-27,1,CRIME_PROPERTY,police,1
2026-04-27,1,DARK_SPOT_SAFETY,grievance,1
2026-04-27,1,FLOOD_WATERLOGGING,police,1
2026-04-27,1,TRAFFIC_OBSTRUCTION,police,1
2026-04-27,2,OTHER,grievance,1
2026-04-27,2,PUBLIC_ORDER,police,1
2026-04-27,3,CRIME_PROPERTY,police,1
2026-04-27,3,CRIME_VIOLENT,police,1
2026-04-27,3,DARK_SPOT_SAFETY,grievance,1
2026-04-27,3,DRAIN_WORKS_SAFETY,grievance,1
2026-04-27,3,DRUGS_LIQUOR,police,1
2026-04-27,3,ENCROACHMENT,grievance,1
2026-04-27,3,FLOOD_WATERLOGGING,grievance,1
2026-04-27,3,SOLID_WASTE,grievance,3
2026-04-27,4,BUILDING_SAFETY,pwd,1
2026-04-27,4,CRIME_PROPERTY,police,1
2026-04-27,4,HEALTH_SERVICES,grievance,1
2026-04-27,4,ROAD_ACCIDENT,police,1
2026-04-27,4,ROAD_DAMAGE,grievance,2
2026-04-27,4,SOLID_WASTE,grievance,1
2026-04-27,4,TRAFFIC_OBSTRUCTION,police,1
2026-04-27,5,CRIME_PROPERTY,police,1
2026-04-27,5,CRIME_VIOLENT,police,5
2026-04-27,5,DARK_SPOT_SAFETY,grievance,1
2026-04-27,5,DRAINAGE_SEWAGE,grievance,4
2026-04-27,5,FLOOD_WATERLOGGING,grievance,1
2026-04-27,5,ROAD_ACCIDENT,police,2
2026-04-27,5,ROAD_DAMAGE,grievance,1
2026-04-27,5,SOLID_WASTE,grievance,3
2026-04-27,5,STREETLIGHT_ELECTRICAL,grievance,1
2026-04-27,5,STREETLIGHT_ELECTRICAL,police,1
2026-04-27,5,TRAFFIC_OBSTRUCTION,police,1
2026-04-27,5,VECTOR_DISEASE,hospital,1
2026-04-27,6,BUILDING_SAFETY,pwd,1
2026-04-27,6,CRIME_VIOLENT,police,2
2026-04-27,6,DRAINAGE_SEWAGE,grievance,2
2026-04-27,6,FLOOD_WATERLOGGING,grievance,1
2026-04-27,6,OTHER,grievance,1
2026-04-27,6,ROAD_ACCIDENT,police,4
2026-04-27,6,SOLID_WASTE,grievance,1
2026-04-27,6,STREETLIGHT_ELECTRICAL,grievance,1
2026-04-27,6,TRAFFIC_OBSTRUCTION,police,1
2026-04-27,6,VECTOR_DISEASE,grievance,1
2026-04-27,7,CRIME_PROPERTY,police,1
2026-04-27,7,ENCROACHMENT,grievance,1
2026-04-27,7,PUBLIC_ORDER,police,3
2026-04-27,7,ROAD_ACCIDENT,police,2
2026-04-27,7,ROAD_DAMAGE,grievance,1
2026-04-27,7,SANITATION_TOILETS,grievance,2
2026-04-27,7,STREETLIGHT_ELECTRICAL,grievance,1
2026-04-27,7,TRAFFIC_OBSTRUCTION,police,2
2026-04-27,8,CRIME_PROPERTY,police,1
2026-04-27,8,CRIME_VIOLENT,police,1
2026-04-27,8,DRAINAGE_SEWAGE,pwd,1
2026-04-27,8,MISSING_PERSON,police,1
2026-04-27,8,OTHER,grievance,1
2026-04-27,8,PUBLIC_ORDER,police,2
2026-04-27,8,ROAD_DAMAGE,grievance,1
2026-04-27,8,SANITATION_TOILETS,grievance,1
2026-04-27,8,SOLID_WASTE,grievance,1
2026-04-27,8,STREETLIGHT_ELECTRICAL,grievance,2
2026-04-27,8,TRAFFIC_OBSTRUCTION,grievance,2
2026-04-27,8,TRAFFIC_OBSTRUCTION,police,4
2026-04-27,8,VECTOR_DISEASE,hospital,1
2026-04-27,9,BUILDING_SAFETY,pwd,2
2026-04-27,9,DARK_SPOT_SAFETY,grievance,1
2026-04-27,9,DRAINAGE_SEWAGE,grievance,2
2026-04-27,9,ROAD_DAMAGE,grievance,1
2026-04-27,9,SOLID_WASTE,grievance,2
2026-04-27,9,STRAY_ANIMALS,grievance,1
2026-04-27,9,STREETLIGHT_ELECTRICAL,grievance,1
2026-04-27,9,TRAFFIC_OBSTRUCTION,police,1
2026-04-27,10,CRIME_PROPERTY,police,4
2026-04-27,10,CRIME_VIOLENT,police,6
2026-04-27,10,DRAINAGE_SEWAGE,grievance,1
2026-04-27,10,DRAINAGE_SEWAGE,pwd,2
2026-04-27,10,DRUGS_LIQUOR,police,2
2026-04-27,10,FLOOD_WATERLOGGING,pwd,1
2026-04-27,10,ROAD_DAMAGE,grievance,1
2026-04-27,10,SOLID_WASTE,grievance,2
2026-04-27,10,STRAY_ANIMALS,grievance,1
2026-04-27,11,CRIME_PROPERTY,police,1
2026-04-27,11,DARK_SPOT_SAFETY,grievance,1
2026-04-27,11,ROAD_DAMAGE,grievance,1
2026-04-27,11,SOLID_WASTE,grievance,1
2026-04-27,11,STREETLIGHT_ELECTRICAL,grievance,1
2026-04-27,11,TRAFFIC_OBSTRUCTION,grievance,1
2026-04-27,12,CRIME_VIOLENT,police,1
2026-04-27,12,DRAIN_WORKS_SAFETY,grievance,1
2026-04-27,12,ROAD_ACCIDENT,police,1
2026-04-27,12,ROAD_DAMAGE,grievance,1
2026-04-27,12,SANITATION_TOILETS,grievance,2
2026-04-27,12,SOLID_WASTE,grievance,3
2026-04-27,12,WATERBODY_INFRA,pwd,1
2026-04-27,13,AIR_POLLUTION,grievance,1
2026-04-27,13,CRIME_PROPERTY,police,4
2026-04-27,13,CRIME_VIOLENT,police,2
2026-04-27,13,DRAIN_WORKS_SAFETY,grievance,1
2026-04-27,13,OTHER,grievance,1
2026-04-27,13,POLICE_OTHER,police,1
2026-04-27,13,PUBLIC_ORDER,police,5
2026-04-27,13,ROAD_ACCIDENT,police,3
2026-04-27,13,SOLID_WASTE,grievance,1
2026-04-27,13,STREETLIGHT_ELECTRICAL,grievance,3
2026-04-27,14,ADMIN_SERVICES,grievance,1
2026-04-27,14,FOOD_SAFETY,grievance,1
2026-04-27,14,ROAD_ACCIDENT,police,1
2026-04-27,14,STRAY_ANIMALS,grievance,1
2026-04-27,14,STREETLIGHT_ELECTRICAL,grievance,2
2026-04-27,14,VECTOR_DISEASE,grievance,1
2026-04-27,15,ADMIN_SERVICES,grievance,1
2026-04-27,15,AIR_POLLUTION,grievance,1
2026-04-27,15,CRIME_PROPERTY,police,1
2026-04-27,15,ENCROACHMENT,grievance,1
2026-04-27,15,POLICE_OTHER,police,1
2026-04-27,15,ROAD_ACCIDENT,police,3
2026-04-27,15,SOLID_WASTE,grievance,2
2026-04-27,15,STREETLIGHT_ELECTRICAL,grievance,3
2026-04-27,15,TREES_PARKS,grievance,1
2026-04-27,,PUBLIC_ORDER,police,1
2026-04-27,,ROAD_ACCIDENT,police,1
2026-04-28,1,CRIME_PROPERTY,police,2
2026-04-28,1,CRIME_VIOLENT,police,1
2026-04-28,1,DRAINAGE_SEWAGE,pwd,1
2026-04-28,1,FOOD_SAFETY,grievance,1
2026-04-28,1,ROAD_ACCIDENT,police,1
2026-04-28,1,SOLID_WASTE,grievance,3
2026-04-28,1,STRAY_ANIMALS,grievance,1
2026-04-28,1,TRAFFIC_OBSTRUCTION,police,1
2026-04-28,1,WATERBODY_INFRA,pwd,2
2026-04-28,2,FLOOD_WATERLOGGING,grievance,1
2026-04-28,2,SOLID_WASTE,grievance,1
2026-04-28,2,VECTOR_DISEASE,grievance,1
2026-04-28,3,CRIME_PROPERTY,police,2
2026-04-28,3,OTHER,grievance,1
2026-04-28,3,SOLID_WASTE,grievance,2
2026-04-28,3,VECTOR_DISEASE,grievance,1
2026-04-28,4,ADMIN_SERVICES,grievance,3
2026-04-28,4,BUILDING_SAFETY,pwd,1
2026-04-28,4,CRIME_VIOLENT,police,1
2026-04-28,4,DARK_SPOT_SAFETY,grievance,1
2026-04-28,4,DRAINAGE_SEWAGE,grievance,1
2026-04-28,4,FLOOD_WATERLOGGING,police,1
2026-04-28,4,ROAD_ACCIDENT,police,1
2026-04-28,4,SOLID_WASTE,grievance,2
2026-04-28,4,STREETLIGHT_ELECTRICAL,grievance,2
2026-04-28,4,TRAFFIC_OBSTRUCTION,police,1
2026-04-28,5,ADMIN_SERVICES,grievance,1
2026-04-28,5,BUILDING_SAFETY,pwd,1
2026-04-28,5,CRIME_PROPERTY,police,3
2026-04-28,5,CRIME_VIOLENT,police,1
2026-04-28,5,DRAINAGE_SEWAGE,pwd,2
2026-04-28,5,FLOOD_WATERLOGGING,grievance,2
2026-04-28,5,FLOOD_WATERLOGGING,pwd,1
2026-04-28,5,MISSING_PERSON,police,1
2026-04-28,5,ROAD_ACCIDENT,police,1
2026-04-28,5,ROAD_DAMAGE,grievance,2
2026-04-28,5,SANITATION_TOILETS,grievance,1
2026-04-28,5,SOLID_WASTE,grievance,1
2026-04-28,5,STREETLIGHT_ELECTRICAL,grievance,3
2026-04-28,6,CRIME_VIOLENT,police,2
2026-04-28,6,DARK_SPOT_SAFETY,grievance,1
2026-04-28,6,DRAIN_WORKS_SAFETY,grievance,1
2026-04-28,6,PUBLIC_WORKS,grievance,1
2026-04-28,6,ROAD_DAMAGE,grievance,2
2026-04-28,6,SANITATION_TOILETS,grievance,1
2026-04-28,6,SOLID_WASTE,grievance,4
2026-04-28,6,STREETLIGHT_ELECTRICAL,grievance,1
2026-04-28,6,TRAFFIC_OBSTRUCTION,grievance,1
2026-04-28,7,CRIME_PROPERTY,police,1
2026-04-28,7,CRIME_VIOLENT,police,1
2026-04-28,7,DRAINAGE_SEWAGE,grievance,1
2026-04-28,7,DRAIN_WORKS_SAFETY,grievance,1
2026-04-28,7,FLOOD_WATERLOGGING,grievance,1
2026-04-28,7,PUBLIC_ORDER,police,4
2026-04-28,7,ROAD_DAMAGE,grievance,1
2026-04-28,7,SANITATION_TOILETS,grievance,1
2026-04-28,7,STREETLIGHT_ELECTRICAL,grievance,2
2026-04-28,8,CRIME_PROPERTY,police,2
2026-04-28,8,CRIME_VIOLENT,police,2
2026-04-28,8,DRAINAGE_SEWAGE,grievance,1
2026-04-28,8,ENCROACHMENT,grievance,1
2026-04-28,8,FLOOD_WATERLOGGING,grievance,1
2026-04-28,8,FLOOD_WATERLOGGING,police,1
2026-04-28,8,PUBLIC_ORDER,police,3
2026-04-28,8,SOLID_WASTE,grievance,1
2026-04-28,8,STREETLIGHT_ELECTRICAL,grievance,1
2026-04-28,9,CRIME_PROPERTY,police,2
2026-04-28,9,CRIME_VIOLENT,police,3
2026-04-28,9,DRAINAGE_SEWAGE,grievance,1
2026-04-28,9,DRAIN_WORKS_SAFETY,grievance,3
2026-04-28,9,FLOOD_WATERLOGGING,grievance,1
2026-04-28,9,FOOD_SAFETY,grievance,1
2026-04-28,9,ROAD_ACCIDENT,police,2
2026-04-28,9,ROAD_DAMAGE,grievance,2
2026-04-28,9,SANITATION_TOILETS,grievance,1
2026-04-28,9,STREETLIGHT_ELECTRICAL,grievance,4
2026-04-28,9,TRAFFIC_OBSTRUCTION,grievance,1
2026-04-28,9,TRAFFIC_OBSTRUCTION,police,1
2026-04-28,9,TREES_PARKS,grievance,1
2026-04-28,10,CIVIC_FACILITIES,grievance,1
2026-04-28,10,CRIME_PROPERTY,police,4
2026-04-28,10,CRIME_VIOLENT,police,6
2026-04-28,10,DRAIN_WORKS_SAFETY,grievance,1
2026-04-28,10,DRUGS_LIQUOR,police,1
2026-04-28,10,ENCROACHMENT,grievance,1
2026-04-28,10,OTHER,grievance,1
2026-04-28,10,PUBLIC_ORDER,police,1
2026-04-28,10,SOLID_WASTE,grievance,1
2026-04-28,10,STREETLIGHT_ELECTRICAL,grievance,2
2026-04-28,11,CRIME_PROPERTY,police,2
2026-04-28,11,DRAINAGE_SEWAGE,pwd,1
2026-04-28,11,OTHER,grievance,1
2026-04-28,12,ADMIN_SERVICES,grievance,1
2026-04-28,12,BUILDING_SAFETY,pwd,1
2026-04-28,12,DRAINAGE_SEWAGE,pwd,1
2026-04-28,12,PUBLIC_ORDER,police,1
2026-04-28,12,SANITATION_TOILETS,grievance,1
2026-04-28,12,SOLID_WASTE,grievance,1
2026-04-28,12,STREETLIGHT_ELECTRICAL,grievance,1
2026-04-28,12,TRAFFIC_OBSTRUCTION,police,1
2026-04-28,13,ADMIN_SERVICES,grievance,1
2026-04-28,13,CRIME_PROPERTY,police,2
2026-04-28,13,CRIME_VIOLENT,police,1
2026-04-28,13,DRAINAGE_SEWAGE,pwd,1
2026-04-28,13,ENCROACHMENT,grievance,3
2026-04-28,13,PUBLIC_ORDER,police,1
2026-04-28,13,ROAD_ACCIDENT,police,1
2026-04-28,13,SOLID_WASTE,grievance,1
2026-04-28,14,ADMIN_SERVICES,grievance,1
2026-04-28,14,AIR_POLLUTION,grievance,2
2026-04-28,14,CRIME_VIOLENT,police,1
2026-04-28,14,DRAIN_WORKS_SAFETY,grievance,1
2026-04-28,14,FOOD_SAFETY,grievance,1
2026-04-28,14,PUBLIC_ORDER,police,1
2026-04-28,14,ROAD_ACCIDENT,police,4
2026-04-28,14,SOLID_WASTE,grievance,1
2026-04-28,15,CRIME_VIOLENT,police,1
2026-04-28,15,DRAINAGE_SEWAGE,pwd,1
2026-04-28,15,MISSING_PERSON,police,1
2026-04-28,15,POLICE_OTHER,police,1
2026-04-28,15,PUBLIC_ORDER,police,1
2026-04-28,15,ROAD_ACCIDENT,police,1
2026-04-29,1,ENCROACHMENT,grievance,1
2026-04-29,1,FLOOD_RELIEF,grievance,1
2026-04-29,1,ROAD_ACCIDENT,police,3
2026-04-29,1,ROAD_DAMAGE,grievance,1
2026-04-29,1,ROAD_DAMAGE,pwd,1
2026-04-29,1,STRAY_ANIMALS,grievance,2
2026-04-29,1,TRAFFIC_OBSTRUCTION,police,1
2026-04-29,2,DRAINAGE_SEWAGE,grievance,1
2026-04-29,2,DRUGS_LIQUOR,police,1
2026-04-29,2,SOLID_WASTE,grievance,1
2026-04-29,3,ADMIN_SERVICES,grievance,1
2026-04-29,3,CRIME_PROPERTY,police,3
2026-04-29,3,SANITATION_TOILETS,grievance,1
2026-04-29,3,SOLID_WASTE,grievance,1
2026-04-29,3,WATERBODY_INFRA,pwd,1
2026-04-29,4,ADMIN_SERVICES,grievance,1
2026-04-29,4,CRIME_PROPERTY,police,1
2026-04-29,4,DARK_SPOT_SAFETY,grievance,1
2026-04-29,4,ENCROACHMENT,pwd,1
2026-04-29,4,SANITATION_TOILETS,grievance,1
2026-04-29,4,SOLID_WASTE,grievance,2
2026-04-29,4,STREETLIGHT_ELECTRICAL,grievance,2
2026-04-29,5,CRIME_PROPERTY,police,2
2026-04-29,5,CRIME_VIOLENT,police,1
2026-04-29,5,DRUGS_LIQUOR,police,1
2026-04-29,5,FLOOD_WATERLOGGING,grievance,1
2026-04-29,5,MISSING_PERSON,police,3
2026-04-29,5,POLICE_OTHER,police,1
2026-04-29,5,ROAD_DAMAGE,grievance,2
2026-04-29,5,SANITATION_TOILETS,grievance,1
2026-04-29,5,SOLID_WASTE,grievance,1
2026-04-29,5,STRAY_ANIMALS,grievance,1
2026-04-29,5,STREETLIGHT_ELECTRICAL,grievance,3
2026-04-29,6,ADMIN_SERVICES,grievance,2
2026-04-29,6,CRIME_VIOLENT,police,2
2026-04-29,6,ENCROACHMENT,grievance,1
2026-04-29,6,FLOOD_RELIEF,grievance,1
2026-04-29,6,ROAD_ACCIDENT,police,1
2026-04-29,6,SOLID_WASTE,grievance,1
2026-04-29,6,STREETLIGHT_ELECTRICAL,grievance,2
2026-04-29,6,VECTOR_DISEASE,grievance,1
2026-04-29,7,ADMIN_SERVICES,grievance,1
2026-04-29,7,CRIME_PROPERTY,police,1
2026-04-29,7,SANITATION_TOILETS,grievance,1
2026-04-29,7,STREETLIGHT_ELECTRICAL,grievance,1
2026-04-29,7,WATERBODY_INFRA,pwd,3
2026-04-29,8,CRIME_PROPERTY,police,4
2026-04-29,8,CRIME_VIOLENT,police,2
2026-04-29,8,DRAINAGE_SEWAGE,grievance,1
2026-04-29,8,DRAINAGE_SEWAGE,pwd,1
2026-04-29,8,DRUGS_LIQUOR,police,1
2026-04-29,8,OTHER,grievance,1
2026-04-29,8,PUBLIC_ORDER,police,1
2026-04-29,8,SANITATION_TOILETS,grievance,1
2026-04-29,8,STREETLIGHT_ELECTRICAL,grievance,1
2026-04-29,8,TRAFFIC_OBSTRUCTION,police,1
2026-04-29,9,ADMIN_SERVICES,grievance,2
2026-04-29,9,CRIME_PROPERTY,police,1
2026-04-29,9,CRIME_VIOLENT,police,5
2026-04-29,9,DRAIN_WORKS_SAFETY,grievance,2
2026-04-29,9,ENCROACHMENT,pwd,1
2026-04-29,9,ROAD_ACCIDENT,police,1
2026-04-29,9,STRAY_ANIMALS,grievance,2
2026-04-29,9,WATERBODY_INFRA,pwd,1
2026-04-29,10,ADMIN_SERVICES,grievance,1
2026-04-29,10,CRIME_PROPERTY,police,5
2026-04-29,10,DRAINAGE_SEWAGE,grievance,1
2026-04-29,10,DRUGS_LIQUOR,police,2
2026-04-29,10,FLOOD_RELIEF,grievance,1
2026-04-29,10,FLOOD_WATERLOGGING,grievance,1
2026-04-29,10,PUBLIC_ORDER,police,1
2026-04-29,10,SANITATION_TOILETS,grievance,1
2026-04-29,10,SOLID_WASTE,grievance,3
2026-04-29,10,STRAY_ANIMALS,grievance,1
2026-04-29,10,TRAFFIC_OBSTRUCTION,police,1
2026-04-29,11,FLOOD_WATERLOGGING,grievance,1
2026-04-29,11,SOLID_WASTE,grievance,1
2026-04-29,11,STREETLIGHT_ELECTRICAL,grievance,1
2026-04-29,11,TREES_PARKS,grievance,1
2026-04-29,12,CRIME_PROPERTY,police,1
2026-04-29,12,DRAIN_WORKS_SAFETY,grievance,1
2026-04-29,12,MISSING_PERSON,police,1
2026-04-29,12,SOLID_WASTE,grievance,2
2026-04-29,13,BUILDING_SAFETY,pwd,1
2026-04-29,13,CRIME_PROPERTY,police,6
2026-04-29,13,DRAINAGE_SEWAGE,grievance,1
2026-04-29,13,DRUGS_LIQUOR,police,1
2026-04-29,13,ENCROACHMENT,pwd,1
2026-04-29,13,FLOOD_WATERLOGGING,pwd,1
2026-04-29,13,MISSING_PERSON,police,1
2026-04-29,13,PUBLIC_ORDER,grievance,1
2026-04-29,13,ROAD_ACCIDENT,police,2
2026-04-29,13,SOLID_WASTE,grievance,1
2026-04-29,13,TRAFFIC_OBSTRUCTION,police,1
2026-04-29,14,CRIME_PROPERTY,police,1
2026-04-29,14,CRIME_VIOLENT,police,1
2026-04-29,14,FLOOD_WATERLOGGING,grievance,1
2026-04-29,14,MISSING_PERSON,police,1
2026-04-29,14,ROAD_ACCIDENT,police,1
2026-04-29,14,SOLID_WASTE,grievance,2
2026-04-29,14,STREETLIGHT_ELECTRICAL,grievance,2
2026-04-29,15,AIR_POLLUTION,grievance,1
2026-04-29,15,CRIME_PROPERTY,police,3
2026-04-29,15,DRAINAGE_SEWAGE,grievance,1
2026-04-29,15,OTHER,grievance,1
2026-04-29,15,STREETLIGHT_ELECTRICAL,grievance,2
2026-04-30,1,CRIME_PROPERTY,police,2
2026-04-30,1,DRAINAGE_SEWAGE,pwd,4
2026-04-30,1,SOLID_WASTE,grievance,1
2026-04-30,1,TRAFFIC_OBSTRUCTION,police,2
2026-04-30,1,WATERBODY_INFRA,pwd,1
2026-04-30,2,FLOOD_WATERLOGGING,grievance,1
2026-04-30,2,OTHER,grievance,1
2026-04-30,3,DRAIN_WORKS_SAFETY,grievance,1
2026-04-30,3,ENCROACHMENT,pwd,1
2026-04-30,3,PUBLIC_ORDER,police,1
2026-04-30,3,PUBLIC_WORKS,grievance,1
2026-04-30,3,ROAD_ACCIDENT,police,1
2026-04-30,3,ROAD_DAMAGE,grievance,1
2026-04-30,3,TRAFFIC_OBSTRUCTION,police,3
2026-04-30,3,VECTOR_DISEASE,grievance,1
2026-04-30,3,WATERBODY_INFRA,pwd,1
2026-04-30,4,ADMIN_SERVICES,grievance,1
2026-04-30,4,CRIME_PROPERTY,police,1
2026-04-30,4,CRIME_VIOLENT,police,1
2026-04-30,4,ENCROACHMENT,grievance,2
2026-04-30,4,ENCROACHMENT,pwd,1
2026-04-30,4,ROAD_ACCIDENT,police,1
2026-04-30,4,ROAD_DAMAGE,grievance,4
2026-04-30,4,STREETLIGHT_ELECTRICAL,grievance,1
2026-04-30,5,CRIME_PROPERTY,police,1
2026-04-30,5,FLOOD_WATERLOGGING,grievance,1
2026-04-30,5,PUBLIC_ORDER,police,2
2026-04-30,5,ROAD_ACCIDENT,police,2
2026-04-30,5,ROAD_DAMAGE,grievance,2
2026-04-30,5,SOLID_WASTE,grievance,1
2026-04-30,5,STRAY_ANIMALS,grievance,1
2026-04-30,5,TREES_PARKS,grievance,1
2026-04-30,6,CRIME_VIOLENT,police,1
2026-04-30,6,DRAINAGE_SEWAGE,pwd,1
2026-04-30,6,MISSING_PERSON,police,2
2026-04-30,6,PUBLIC_ORDER,police,1
2026-04-30,6,ROAD_ACCIDENT,police,1
2026-04-30,6,SOLID_WASTE,grievance,4
2026-04-30,6,STRAY_ANIMALS,grievance,1
2026-04-30,6,STREETLIGHT_ELECTRICAL,grievance,2
2026-04-30,6,TRAFFIC_OBSTRUCTION,police,4
2026-04-30,6,VECTOR_DISEASE,grievance,1
2026-04-30,7,ADMIN_SERVICES,grievance,2
2026-04-30,7,BUILDING_SAFETY,pwd,1
2026-04-30,7,CRIME_PROPERTY,police,1
2026-04-30,7,ENCROACHMENT,pwd,1
2026-04-30,7,ROAD_DAMAGE,grievance,1
2026-04-30,7,SANITATION_TOILETS,grievance,1
2026-04-30,7,STRAY_ANIMALS,grievance,1
2026-04-30,7,STREETLIGHT_ELECTRICAL,grievance,1
2026-04-30,7,VECTOR_DISEASE,grievance,1
2026-04-30,8,CRIME_PROPERTY,police,2
2026-04-30,8,CRIME_VIOLENT,police,1
2026-04-30,8,DRAINAGE_SEWAGE,pwd,2
2026-04-30,8,ENCROACHMENT,grievance,1
2026-04-30,8,FLOOD_WATERLOGGING,pwd,1
2026-04-30,8,HEALTH_SERVICES,grievance,1
2026-04-30,8,PUBLIC_ORDER,police,1
2026-04-30,8,SANITATION_TOILETS,grievance,2
2026-04-30,8,SOLID_WASTE,grievance,1
2026-04-30,8,STREETLIGHT_ELECTRICAL,grievance,1
2026-04-30,8,VECTOR_DISEASE,grievance,1
2026-04-30,8,WATERBODY_INFRA,pwd,1
2026-04-30,9,ADMIN_SERVICES,grievance,1
2026-04-30,9,CRIME_VIOLENT,police,1
2026-04-30,9,ENCROACHMENT,pwd,1
2026-04-30,9,PUBLIC_ORDER,police,1
2026-04-30,9,PUBLIC_WORKS,grievance,2
2026-04-30,9,ROAD_ACCIDENT,police,1
2026-04-30,9,ROAD_DAMAGE,grievance,1
2026-04-30,9,SANITATION_TOILETS,grievance,2
2026-04-30,9,SOLID_WASTE,grievance,2
2026-04-30,9,TRAFFIC_OBSTRUCTION,police,1
2026-04-30,9,TREES_PARKS,grievance,2
2026-04-30,10,CRIME_PROPERTY,police,1
2026-04-30,10,CRIME_VIOLENT,police,2
2026-04-30,10,DARK_SPOT_SAFETY,grievance,1
2026-04-30,10,DRAINAGE_SEWAGE,grievance,1
2026-04-30,10,MISSING_PERSON,police,1
2026-04-30,10,ROAD_DAMAGE,grievance,1
2026-04-30,10,SOLID_WASTE,grievance,2
2026-04-30,10,TREES_PARKS,grievance,1
2026-04-30,11,CRIME_PROPERTY,police,2
2026-04-30,11,DRUGS_LIQUOR,police,1
2026-04-30,11,ENCROACHMENT,pwd,2
2026-04-30,11,SOLID_WASTE,grievance,1
2026-04-30,12,ADMIN_SERVICES,grievance,1
2026-04-30,12,DRAIN_WORKS_SAFETY,grievance,1
2026-04-30,12,FOOD_SAFETY,grievance,1
2026-04-30,12,STRAY_ANIMALS,grievance,1
2026-04-30,12,STREETLIGHT_ELECTRICAL,grievance,1
2026-04-30,12,TRAFFIC_OBSTRUCTION,police,1
2026-04-30,12,WATERBODY_INFRA,pwd,1
2026-04-30,13,CRIME_PROPERTY,police,3
2026-04-30,13,CRIME_VIOLENT,police,5
2026-04-30,13,ENCROACHMENT,grievance,1
2026-04-30,13,ENCROACHMENT,pwd,1
2026-04-30,13,HEALTH_SERVICES,grievance,1
2026-04-30,13,PUBLIC_ORDER,police,2
2026-04-30,13,ROAD_ACCIDENT,police,1
2026-04-30,13,SOLID_WASTE,grievance,1
2026-04-30,14,ADMIN_SERVICES,grievance,2
2026-04-30,14,AIR_POLLUTION,grievance,1
2026-04-30,14,CRIME_PROPERTY,police,1
2026-04-30,14,ROAD_ACCIDENT,police,2
2026-04-30,15,BUILDING_SAFETY,pwd,1
2026-04-30,15,CRIME_PROPERTY,police,2
2026-04-30,15,CRIME_VIOLENT,police,4
2026-04-30,15,DRAINAGE_SEWAGE,pwd,1
2026-04-30,15,ENCROACHMENT,grievance,1
2026-04-30,15,FLOOD_WATERLOGGING,grievance,1
2026-04-30,15,OTHER,grievance,1
2026-04-30,15,ROAD_ACCIDENT,police,2
2026-04-30,15,ROAD_DAMAGE,grievance,1
2026-04-30,15,SOLID_WASTE,grievance,3
2026-04-30,15,TREES_PARKS,grievance,1
2026-04-30,,PUBLIC_ORDER,police,1
2026-05-01,1,DARK_SPOT_SAFETY,grievance,1
2026-05-01,1,DRAIN_WORKS_SAFETY,grievance,1
2026-05-01,1,ENCROACHMENT,grievance,1
2026-05-01,1,ROAD_DAMAGE,grievance,1
2026-05-01,1,SOLID_WASTE,grievance,1
2026-05-01,1,STRAY_ANIMALS,grievance,1
2026-05-01,1,STREETLIGHT_ELECTRICAL,grievance,1
2026-05-01,1,TRAFFIC_OBSTRUCTION,police,1
2026-05-01,2,HEALTH_SERVICES,grievance,1
2026-05-01,2,SOLID_WASTE,grievance,2
2026-05-01,3,DRAINAGE_SEWAGE,grievance,1
2026-05-01,3,ROAD_ACCIDENT,police,1
2026-05-01,3,SOLID_WASTE,grievance,2
2026-05-01,3,VECTOR_DISEASE,grievance,1
2026-05-01,4,BUILDING_SAFETY,pwd,1
2026-05-01,4,CIVIC_FACILITIES,grievance,1
2026-05-01,4,CRIME_PROPERTY,police,3
2026-05-01,4,FLOOD_RELIEF,grievance,1
2026-05-01,4,SANITATION_TOILETS,grievance,1
2026-05-01,4,TRAFFIC_OBSTRUCTION,police,2
2026-05-01,5,ADMIN_SERVICES,grievance,1
2026-05-01,5,CIVIC_FACILITIES,grievance,1
2026-05-01,5,DRUGS_LIQUOR,police,1
2026-05-01,5,PUBLIC_ORDER,grievance,1
2026-05-01,5,ROAD_ACCIDENT,police,1
2026-05-01,5,ROAD_DAMAGE,grievance,1
2026-05-01,5,SOLID_WASTE,grievance,4
2026-05-01,5,STREETLIGHT_ELECTRICAL,grievance,1
2026-05-01,5,TRAFFIC_OBSTRUCTION,police,3
2026-05-01,6,BUILDING_SAFETY,pwd,1
2026-05-01,6,CRIME_PROPERTY,police,6
2026-05-01,6,CRIME_VIOLENT,police,1
2026-05-01,6,DARK_SPOT_SAFETY,grievance,1
2026-05-01,6,DRAINAGE_SEWAGE,pwd,1
2026-05-01,6,PUBLIC_ORDER,police,3
2026-05-01,6,ROAD_DAMAGE,grievance,1
2026-05-01,6,SANITATION_TOILETS,grievance,1
2026-05-01,6,SOLID_WASTE,grievance,1
2026-05-01,6,STREETLIGHT_ELECTRICAL,grievance,2
2026-05-01,6,TRAFFIC_OBSTRUCTION,police,1
2026-05-01,7,ADMIN_SERVICES,grievance,1
2026-05-01,7,CRIME_PROPERTY,police,2
2026-05-01,7,PUBLIC_ORDER,police,3
2026-05-01,7,SOLID_WASTE,grievance,1
2026-05-01,7,STREETLIGHT_ELECTRICAL,grievance,1
2026-05-01,7,TRAFFIC_OBSTRUCTION,police,3
2026-05-01,7,VECTOR_DISEASE,grievance,1
2026-05-01,8,CRIME_PROPERTY,police,2
2026-05-01,8,DARK_SPOT_SAFETY,grievance,1
2026-05-01,8,DRAINAGE_SEWAGE,grievance,1
2026-05-01,8,DRAIN_WORKS_SAFETY,grievance,1
2026-05-01,8,FLOOD_WATERLOGGING,police,1
2026-05-01,8,OTHER,grievance,1
2026-05-01,8,PUBLIC_ORDER,police,1
2026-05-01,8,ROAD_ACCIDENT,police,1
2026-05-01,8,ROAD_DAMAGE,pwd,1
2026-05-01,8,SANITATION_TOILETS,grievance,1
2026-05-01,8,SOLID_WASTE,grievance,3
2026-05-01,8,STREETLIGHT_ELECTRICAL,grievance,1
2026-05-01,8,VECTOR_DISEASE,grievance,3
2026-05-01,9,ADMIN_SERVICES,grievance,2
2026-05-01,9,CRIME_PROPERTY,police,1
2026-05-01,9,CRIME_VIOLENT,police,1
2026-05-01,9,DRAINAGE_SEWAGE,grievance,1
2026-05-01,9,ENCROACHMENT,pwd,1
2026-05-01,9,FLOOD_WATERLOGGING,grievance,1
2026-05-01,9,ROAD_DAMAGE,grievance,1
2026-05-01,9,SANITATION_TOILETS,grievance,2
2026-05-01,9,SOLID_WASTE,grievance,2
2026-05-01,9,TRAFFIC_OBSTRUCTION,police,1
2026-05-01,9,VECTOR_DISEASE,grievance,1
2026-05-01,10,CRIME_PROPERTY,police,8
2026-05-01,10,CRIME_VIOLENT,police,2
2026-05-01,10,DRAINAGE_SEWAGE,grievance,1
2026-05-01,10,DRAIN_WORKS_SAFETY,grievance,1
2026-05-01,10,DRUGS_LIQUOR,police,1
2026-05-01,10,POLICE_OTHER,police,2
2026-05-01,10,PUBLIC_ORDER,police,2
2026-05-01,10,PUBLIC_WORKS,grievance,1
2026-05-01,10,SOLID_WASTE,grievance,3
2026-05-01,10,TRAFFIC_OBSTRUCTION,police,1
2026-05-01,11,CRIME_VIOLENT,police,1
2026-05-01,11,ROAD_DAMAGE,grievance,3
2026-05-01,11,SOLID_WASTE,grievance,1
2026-05-01,12,SOLID_WASTE,grievance,4
2026-05-01,13,BUILDING_SAFETY,pwd,1
2026-05-01,13,CRIME_PROPERTY,police,6
2026-05-01,13,CRIME_VIOLENT,police,3
2026-05-01,13,FLOOD_WATERLOGGING,grievance,1
2026-05-01,13,HEALTH_SERVICES,grievance,1
2026-05-01,13,PUBLIC_ORDER,police,2
2026-05-01,13,SOLID_WASTE,grievance,2
2026-05-01,14,AIR_POLLUTION,grievance,1
2026-05-01,14,SOLID_WASTE,grievance,1
2026-05-01,14,STREETLIGHT_ELECTRICAL,grievance,1
2026-05-01,15,BUILDING_SAFETY,pwd,1
2026-05-01,15,CRIME_PROPERTY,police,2
2026-05-01,15,OTHER,grievance,2
2026-05-01,15,ROAD_ACCIDENT,police,1
2026-05-01,15,SOLID_WASTE,grievance,1
2026-05-01,15,TRAFFIC_OBSTRUCTION,police,1
2026-05-02,1,DARK_SPOT_SAFETY,grievance,2
2026-05-02,1,DRAIN_WORKS_SAFETY,grievance,3
2026-05-02,1,HEALTH_SERVICES,grievance,1
2026-05-02,1,PUBLIC_ORDER,police,1
2026-05-02,1,ROAD_DAMAGE,grievance,3
2026-05-02,1,SOLID_WASTE,grievance,3
2026-05-02,1,STREETLIGHT_ELECTRICAL,grievance,1
2026-05-02,1,TREES_PARKS,grievance,1
2026-05-02,2,SANITATION_TOILETS,grievance,1
2026-05-02,2,TRAFFIC_OBSTRUCTION,police,1
2026-05-02,3,CRIME_PROPERTY,police,1
2026-05-02,3,DRAINAGE_SEWAGE,grievance,1
2026-05-02,3,ROAD_ACCIDENT,police,4
2026-05-02,3,SOLID_WASTE,grievance,1
2026-05-02,4,DRAINAGE_SEWAGE,grievance,1
2026-05-02,4,DRAIN_WORKS_SAFETY,grievance,1
2026-05-02,4,SANITATION_TOILETS,grievance,1
2026-05-02,4,SOLID_WASTE,grievance,2
2026-05-02,4,STRAY_ANIMALS,grievance,1
2026-05-02,4,STREETLIGHT_ELECTRICAL,grievance,1
2026-05-02,4,TREES_PARKS,grievance,1
2026-05-02,5,CRIME_PROPERTY,police,1
2026-05-02,5,CRIME_VIOLENT,police,1
2026-05-02,5,DARK_SPOT_SAFETY,grievance,1
2026-05-02,5,ENCROACHMENT,grievance,1
2026-05-02,5,PUBLIC_ORDER,police,3
2026-05-02,5,PUBLIC_WORKS,grievance,1
2026-05-02,5,ROAD_ACCIDENT,police,2
2026-05-02,5,TRAFFIC_OBSTRUCTION,grievance,1
2026-05-02,5,TRAFFIC_OBSTRUCTION,police,1
2026-05-02,6,CRIME_PROPERTY,police,1
2026-05-02,6,CRIME_VIOLENT,police,2
2026-05-02,6,DRAINAGE_SEWAGE,pwd,1
2026-05-02,6,DRAIN_WORKS_SAFETY,grievance,1
2026-05-02,6,DRUGS_LIQUOR,police,1
2026-05-02,6,FLOOD_WATERLOGGING,grievance,1
2026-05-02,6,PUBLIC_WORKS,grievance,1
2026-05-02,6,SANITATION_TOILETS,grievance,1
2026-05-02,6,SOLID_WASTE,grievance,1
2026-05-02,6,STREETLIGHT_ELECTRICAL,grievance,1
2026-05-02,7,CRIME_PROPERTY,police,2
2026-05-02,7,DRAIN_WORKS_SAFETY,grievance,1
2026-05-02,7,FOOD_SAFETY,grievance,1
2026-05-02,7,PUBLIC_ORDER,police,2
2026-05-02,7,PUBLIC_WORKS,grievance,1
2026-05-02,7,ROAD_ACCIDENT,police,1
2026-05-02,7,SOLID_WASTE,grievance,4
2026-05-02,8,ADMIN_SERVICES,grievance,2
2026-05-02,8,BUILDING_SAFETY,pwd,1
2026-05-02,8,CRIME_PROPERTY,police,2
2026-05-02,8,DARK_SPOT_SAFETY,grievance,1
2026-05-02,8,DRAINAGE_SEWAGE,grievance,1
2026-05-02,8,DRAINAGE_SEWAGE,pwd,1
2026-05-02,8,DRUGS_LIQUOR,police,1
2026-05-02,8,HEALTH_SERVICES,grievance,1
2026-05-02,8,PUBLIC_ORDER,police,1
2026-05-02,8,ROAD_ACCIDENT,police,1
2026-05-02,8,ROAD_DAMAGE,grievance,1
2026-05-02,8,SOLID_WASTE,grievance,1
2026-05-02,8,STREETLIGHT_ELECTRICAL,grievance,3
2026-05-02,8,TRAFFIC_OBSTRUCTION,police,2
2026-05-02,8,VECTOR_DISEASE,grievance,2
2026-05-02,9,AIR_POLLUTION,grievance,1
2026-05-02,9,DRUGS_LIQUOR,police,2
2026-05-02,9,ENCROACHMENT,grievance,1
2026-05-02,9,ROAD_DAMAGE,grievance,1
2026-05-02,9,SOLID_WASTE,grievance,2
2026-05-02,9,TRAFFIC_OBSTRUCTION,police,1
2026-05-02,9,TREES_PARKS,grievance,1
2026-05-02,10,BUILDING_SAFETY,pwd,1
2026-05-02,10,CRIME_PROPERTY,police,3
2026-05-02,10,FLOOD_WATERLOGGING,grievance,1
2026-05-02,10,POLICE_OTHER,police,1
2026-05-02,10,PUBLIC_ORDER,police,7
2026-05-02,10,ROAD_ACCIDENT,police,1
2026-05-02,10,ROAD_DAMAGE,grievance,1
2026-05-02,10,SOLID_WASTE,grievance,1
2026-05-02,10,TRAFFIC_OBSTRUCTION,police,2
2026-05-02,11,ADMIN_SERVICES,grievance,3
2026-05-02,11,CRIME_PROPERTY,police,1
2026-05-02,11,DRAINAGE_SEWAGE,grievance,2
2026-05-02,11,DRAIN_WORKS_SAFETY,grievance,1
2026-05-02,11,OTHER,grievance,1
2026-05-02,11,ROAD_DAMAGE,grievance,1
2026-05-02,11,SOLID_WASTE,grievance,1
2026-05-02,12,DARK_SPOT_SAFETY,grievance,1
2026-05-02,12,MISSING_PERSON,police,1
2026-05-02,12,SANITATION_TOILETS,grievance,2
2026-05-02,12,SOLID_WASTE,grievance,2
2026-05-02,12,STRAY_ANIMALS,police,1
2026-05-02,12,STREETLIGHT_ELECTRICAL,grievance,1
2026-05-02,12,TRAFFIC_OBSTRUCTION,grievance,1
2026-05-02,13,CRIME_PROPERTY,police,4
2026-05-02,13,DRAINAGE_SEWAGE,grievance,1
2026-05-02,13,MISSING_PERSON,police,1
2026-05-02,13,PUBLIC_ORDER,police,2
2026-05-02,13,ROAD_ACCIDENT,police,4
2026-05-02,13,ROAD_DAMAGE,grievance,1
2026-05-02,13,ROAD_DAMAGE,pwd,1
2026-05-02,13,SOLID_WASTE,grievance,3
2026-05-02,13,STREETLIGHT_ELECTRICAL,grievance,1
2026-05-02,13,TRAFFIC_OBSTRUCTION,police,2
2026-05-02,14,CRIME_PROPERTY,police,1
2026-05-02,14,CRIME_VIOLENT,police,2
2026-05-02,14,MISSING_PERSON,police,1
2026-05-02,14,PUBLIC_ORDER,police,1
2026-05-02,14,ROAD_ACCIDENT,police,1
2026-05-02,15,CRIME_PROPERTY,police,4
2026-05-02,15,PUBLIC_ORDER,police,1
2026-05-02,15,SOLID_WASTE,grievance,1
2026-05-02,15,STREETLIGHT_ELECTRICAL,grievance,1
2026-05-03,1,DRAINAGE_SEWAGE,pwd,1
2026-05-03,1,PUBLIC_ORDER,police,1
2026-05-03,1,ROAD_ACCIDENT,police,1
2026-05-03,1,ROAD_DAMAGE,grievance,1
2026-05-03,1,SOLID_WASTE,grievance,1
2026-05-03,1,STREETLIGHT_ELECTRICAL,grievance,2
2026-05-03,1,TREES_PARKS,grievance,1
2026-05-03,2,PUBLIC_ORDER,police,1
2026-05-03,2,TRAFFIC_OBSTRUCTION,police,1
2026-05-03,3,CRIME_PROPERTY,police,4
2026-05-03,3,CRIME_VIOLENT,police,1
2026-05-03,3,DRAINAGE_SEWAGE,grievance,1
2026-05-03,3,ENCROACHMENT,grievance,1
2026-05-03,3,PUBLIC_ORDER,police,1
2026-05-03,3,ROAD_ACCIDENT,police,1
2026-05-03,3,SANITATION_TOILETS,grievance,1
2026-05-03,3,STREETLIGHT_ELECTRICAL,grievance,1
2026-05-03,3,TREES_PARKS,grievance,1
2026-05-03,3,WATERBODY_INFRA,pwd,1
2026-05-03,4,AIR_POLLUTION,grievance,2
2026-05-03,4,CRIME_PROPERTY,police,1
2026-05-03,4,DRAIN_WORKS_SAFETY,grievance,1
2026-05-03,4,PUBLIC_WORKS,grievance,1
2026-05-03,4,SOLID_WASTE,grievance,1
2026-05-03,4,STREETLIGHT_ELECTRICAL,grievance,1
2026-05-03,5,CIVIC_FACILITIES,grievance,1
2026-05-03,5,CRIME_PROPERTY,police,6
2026-05-03,5,HEALTH_SERVICES,grievance,1
2026-05-03,5,OTHER,grievance,1
2026-05-03,5,POLICE_OTHER,police,1
2026-05-03,5,PUBLIC_ORDER,police,1
2026-05-03,5,PUBLIC_WORKS,grievance,1
2026-05-03,5,STREETLIGHT_ELECTRICAL,grievance,1
2026-05-03,5,TRAFFIC_OBSTRUCTION,police,1
2026-05-03,6,ADMIN_SERVICES,grievance,1
2026-05-03,6,CRIME_PROPERTY,police,3
2026-05-03,6,FLOOD_WATERLOGGING,grievance,1
2026-05-03,6,PUBLIC_ORDER,police,2
2026-05-03,6,ROAD_ACCIDENT,police,3
2026-05-03,6,ROAD_DAMAGE,grievance,2
2026-05-03,6,SANITATION_TOILETS,grievance,1
2026-05-03,6,SOLID_WASTE,grievance,1
2026-05-03,6,STRAY_ANIMALS,grievance,1
2026-05-03,6,STREETLIGHT_ELECTRICAL,grievance,1
2026-05-03,7,CRIME_PROPERTY,police,4
2026-05-03,7,DARK_SPOT_SAFETY,grievance,1
2026-05-03,7,DRAINAGE_SEWAGE,grievance,1
2026-05-03,7,ROAD_ACCIDENT,police,3
2026-05-03,7,ROAD_DAMAGE,grievance,1
2026-05-03,7,SOLID_WASTE,grievance,2
2026-05-03,8,ADMIN_SERVICES,grievance,1
2026-05-03,8,CRIME_PROPERTY,police,2
2026-05-03,8,CRIME_VIOLENT,police,1
2026-05-03,8,DRAIN_WORKS_SAFETY,grievance,1
2026-05-03,8,FLOOD_WATERLOGGING,grievance,2
2026-05-03,8,PUBLIC_ORDER,police,2
2026-05-03,8,ROAD_ACCIDENT,police,1
2026-05-03,8,SOLID_WASTE,grievance,2
2026-05-03,8,STREETLIGHT_ELECTRICAL,grievance,1
2026-05-03,8,VECTOR_DISEASE,grievance,1
2026-05-03,9,CRIME_PROPERTY,police,3
2026-05-03,9,DRAIN_WORKS_SAFETY,grievance,1
2026-05-03,9,PUBLIC_ORDER,police,1
2026-05-03,9,PUBLIC_WORKS,grievance,1
2026-05-03,9,ROAD_ACCIDENT,police,2
2026-05-03,9,SANITATION_TOILETS,grievance,1
2026-05-03,9,SOLID_WASTE,grievance,1
2026-05-03,9,STREETLIGHT_ELECTRICAL,grievance,2
2026-05-03,9,TRAFFIC_OBSTRUCTION,police,2
2026-05-03,9,TREES_PARKS,grievance,1
2026-05-03,10,CRIME_PROPERTY,police,1
2026-05-03,10,CRIME_VIOLENT,police,2
2026-05-03,10,DRUGS_LIQUOR,police,1
2026-05-03,10,ENCROACHMENT,grievance,1
2026-05-03,10,FLOOD_WATERLOGGING,grievance,1
2026-05-03,10,MISSING_PERSON,police,1
2026-05-03,10,OTHER,grievance,1
2026-05-03,10,PUBLIC_ORDER,police,5
2026-05-03,10,SOLID_WASTE,grievance,3
2026-05-03,11,ADMIN_SERVICES,grievance,1
2026-05-03,11,CRIME_PROPERTY,police,1
2026-05-03,11,OTHER,grievance,1
2026-05-03,11,PUBLIC_WORKS,grievance,2
2026-05-03,11,ROAD_ACCIDENT,police,1
2026-05-03,11,SANITATION_TOILETS,grievance,3
2026-05-03,11,SOLID_WASTE,grievance,1
2026-05-03,11,TRAFFIC_OBSTRUCTION,police,1
2026-05-03,11,TREES_PARKS,grievance,1
2026-05-03,12,ADMIN_SERVICES,grievance,1
2026-05-03,12,CRIME_PROPERTY,police,2
2026-05-03,12,ENCROACHMENT,grievance,1
2026-05-03,12,STREETLIGHT_ELECTRICAL,grievance,1
2026-05-03,13,BUILDING_SAFETY,pwd,1
2026-05-03,13,CRIME_PROPERTY,police,6
2026-05-03,13,CRIME_VIOLENT,police,1
2026-05-03,13,ENCROACHMENT,pwd,1
2026-05-03,13,SOLID_WASTE,grievance,1
2026-05-03,13,TRAFFIC_OBSTRUCTION,police,1
2026-05-03,13,TREES_PARKS,grievance,1
2026-05-03,14,FLOOD_WATERLOGGING,grievance,1
2026-05-03,14,OTHER,grievance,1
2026-05-03,14,PUBLIC_WORKS,grievance,1
2026-05-03,14,SOLID_WASTE,grievance,1
2026-05-03,15,BUILDING_SAFETY,pwd,1
2026-05-03,15,CRIME_PROPERTY,police,1
2026-05-03,15,PUBLIC_ORDER,police,1
2026-05-03,15,ROAD_ACCIDENT,police,1
2026-05-03,15,ROAD_DAMAGE,pwd,2
2026-05-03,15,SOLID_WASTE,grievance,1
2026-05-03,,CRIME_PROPERTY,police,1
2026-05-03,,PUBLIC_ORDER,police,1
2026-05-04,1,DRAINAGE_SEWAGE,grievance,2
2026-05-04,1,DRAINAGE_SEWAGE,pwd,2
2026-05-04,1,PUBLIC_ORDER,police,1
2026-05-04,1,ROAD_DAMAGE,grievance,2
2026-05-04,1,SOLID_WASTE,grievance,2
2026-05-04,2,DRAINAGE_SEWAGE,grievance,1
2026-05-04,2,SANITATION_TOILETS,grievance,1
2026-05-04,2,STREETLIGHT_ELECTRICAL,grievance,1
2026-05-04,3,ADMIN_SERVICES,grievance,1
2026-05-04,3,CRIME_VIOLENT,police,3
2026-05-04,3,DRAINAGE_SEWAGE,grievance,1
2026-05-04,3,ROAD_DAMAGE,grievance,1
2026-05-04,3,STREETLIGHT_ELECTRICAL,grievance,2
2026-05-04,3,WATERBODY_INFRA,pwd,1
2026-05-04,4,ADMIN_SERVICES,grievance,1
2026-05-04,4,CRIME_PROPERTY,police,1
2026-05-04,4,DARK_SPOT_SAFETY,grievance,1
2026-05-04,4,FOOD_SAFETY,grievance,1
2026-05-04,4,POLICE_OTHER,police,1
2026-05-04,4,PUBLIC_ORDER,police,1
2026-05-04,4,ROAD_ACCIDENT,police,1
2026-05-04,4,STREETLIGHT_ELECTRICAL,grievance,4
2026-05-04,5,ADMIN_SERVICES,grievance,1
2026-05-04,5,CRIME_PROPERTY,police,1
2026-05-04,5,CRIME_VIOLENT,police,1
2026-05-04,5,DARK_SPOT_SAFETY,grievance,1
2026-05-04,5,FLOOD_WATERLOGGING,grievance,1
2026-05-04,5,PUBLIC_ORDER,police,1
2026-05-04,5,ROAD_ACCIDENT,police,2
2026-05-04,5,SOLID_WASTE,grievance,1
2026-05-04,5,STREETLIGHT_ELECTRICAL,grievance,1
2026-05-04,5,TRAFFIC_OBSTRUCTION,police,1
2026-05-04,5,TREES_PARKS,grievance,1
2026-05-04,6,CRIME_PROPERTY,police,3
2026-05-04,6,DARK_SPOT_SAFETY,grievance,2
2026-05-04,6,FLOOD_WATERLOGGING,grievance,2
2026-05-04,6,FLOOD_WATERLOGGING,pwd,1
2026-05-04,6,OTHER,grievance,1
2026-05-04,6,SANITATION_TOILETS,grievance,1
2026-05-04,6,SOLID_WASTE,grievance,3
2026-05-04,6,STREETLIGHT_ELECTRICAL,grievance,3
2026-05-04,6,TREES_PARKS,grievance,1
2026-05-04,6,WATERBODY_INFRA,pwd,1
2026-05-04,7,DRAINAGE_SEWAGE,grievance,2
2026-05-04,7,DRAIN_WORKS_SAFETY,grievance,1
2026-05-04,7,DRUGS_LIQUOR,police,1
2026-05-04,7,ENCROACHMENT,grievance,1
2026-05-04,7,PUBLIC_ORDER,police,1
2026-05-04,7,ROAD_ACCIDENT,police,2
2026-05-04,7,SOLID_WASTE,grievance,3
2026-05-04,7,STREETLIGHT_ELECTRICAL,grievance,1
2026-05-04,7,TREES_PARKS,grievance,2
2026-05-04,7,VECTOR_DISEASE,grievance,1
2026-05-04,8,ADMIN_SERVICES,grievance,2
2026-05-04,8,BUILDING_SAFETY,pwd,1
2026-05-04,8,CRIME_PROPERTY,police,3
2026-05-04,8,DRAIN_WORKS_SAFETY,grievance,1
2026-05-04,8,DRUGS_LIQUOR,police,1
2026-05-04,8,ROAD_DAMAGE,grievance,1
2026-05-04,8,SOLID_WASTE,grievance,3
2026-05-04,8,STREETLIGHT_ELECTRICAL,grievance,3
2026-05-04,8,VECTOR_DISEASE,grievance,5
2026-05-04,9,CRIME_PROPERTY,police,1
2026-05-04,9,DRAINAGE_SEWAGE,grievance,1
2026-05-04,9,DRAIN_WORKS_SAFETY,grievance,1
2026-05-04,9,DRUGS_LIQUOR,police,1
2026-05-04,9,FLOOD_WATERLOGGING,grievance,1
2026-05-04,9,PUBLIC_ORDER,police,2
2026-05-04,9,ROAD_ACCIDENT,police,3
2026-05-04,9,ROAD_DAMAGE,pwd,1
2026-05-04,9,SOLID_WASTE,grievance,2
2026-05-04,9,STRAY_ANIMALS,grievance,1
2026-05-04,9,TREES_PARKS,grievance,2
2026-05-04,10,BUILDING_SAFETY,pwd,1
2026-05-04,10,CIVIC_FACILITIES,grievance,1
2026-05-04,10,CRIME_PROPERTY,police,3
2026-05-04,10,CRIME_VIOLENT,police,2
2026-05-04,10,ENCROACHMENT,grievance,1
2026-05-04,10,FLOOD_WATERLOGGING,pwd,1
2026-05-04,10,OTHER,grievance,1
2026-05-04,10,PUBLIC_WORKS,grievance,1
2026-05-04,10,ROAD_ACCIDENT,police,2
2026-05-04,10,ROAD_DAMAGE,grievance,2
2026-05-04,10,SANITATION_TOILETS,grievance,1
2026-05-04,10,SOLID_WASTE,grievance,3
2026-05-04,10,STREETLIGHT_ELECTRICAL,grievance,3
2026-05-04,10,TRAFFIC_OBSTRUCTION,police,2
2026-05-04,11,ADMIN_SERVICES,grievance,1
2026-05-04,11,BUILDING_SAFETY,pwd,2
2026-05-04,11,CRIME_PROPERTY,police,1
2026-05-04,11,CRIME_VIOLENT,police,1
2026-05-04,11,MISSING_PERSON,police,1
2026-05-04,11,OTHER,grievance,1
2026-05-04,11,ROAD_DAMAGE,grievance,1
2026-05-04,11,SANITATION_TOILETS,grievance,1
2026-05-04,11,SOLID_WASTE,grievance,3
2026-05-04,12,ADMIN_SERVICES,grievance,1
2026-05-04,12,CRIME_PROPERTY,police,4
2026-05-04,12,CRIME_VIOLENT,police,1
2026-05-04,12,DRAINAGE_SEWAGE,pwd,1
2026-05-04,12,ROAD_ACCIDENT,police,1
2026-05-04,12,ROAD_DAMAGE,grievance,1
2026-05-04,12,SOLID_WASTE,grievance,1
2026-05-04,12,STRAY_ANIMALS,grievance,2
2026-05-04,12,TRAFFIC_OBSTRUCTION,police,1
2026-05-04,13,CRIME_PROPERTY,police,1
2026-05-04,13,DRAINAGE_SEWAGE,grievance,1
2026-05-04,13,DRAIN_WORKS_SAFETY,grievance,1
2026-05-04,13,DRUGS_LIQUOR,police,1
2026-05-04,13,ENCROACHMENT,pwd,1
2026-05-04,13,FLOOD_WATERLOGGING,police,1
2026-05-04,13,ROAD_ACCIDENT,police,1
2026-05-04,13,ROAD_DAMAGE,grievance,1
2026-05-04,13,SOLID_WASTE,grievance,1
2026-05-04,13,TRAFFIC_OBSTRUCTION,police,1
2026-05-04,14,FLOOD_RELIEF,grievance,1
2026-05-04,14,OTHER,grievance,1
2026-05-04,14,PUBLIC_ORDER,police,5
2026-05-04,14,PUBLIC_WORKS,grievance,1
2026-05-04,14,ROAD_DAMAGE,grievance,2
2026-05-04,14,SOLID_WASTE,grievance,2
2026-05-04,14,TREES_PARKS,grievance,1
2026-05-04,15,CRIME_PROPERTY,police,2
2026-05-04,15,CRIME_VIOLENT,police,1
2026-05-04,15,OTHER,grievance,1
2026-05-04,15,PUBLIC_ORDER,police,1
2026-05-04,15,ROAD_ACCIDENT,police,4
2026-05-04,15,ROAD_DAMAGE,grievance,2
2026-05-04,15,SANITATION_TOILETS,grievance,1
2026-05-04,15,SOLID_WASTE,grievance,2
2026-05-04,15,STREETLIGHT_ELECTRICAL,grievance,1
2026-05-04,,CRIME_PROPERTY,police,1
2026-05-04,,ROAD_ACCIDENT,police,2
2026-05-05,1,BUILDING_SAFETY,pwd,1
2026-05-05,1,CRIME_PROPERTY,police,4
2026-05-05,1,PUBLIC_ORDER,police,1
2026-05-05,1,ROAD_ACCIDENT,police,1
2026-05-05,1,ROAD_DAMAGE,grievance,1
2026-05-05,1,SOLID_WASTE,grievance,2
2026-05-05,1,STREETLIGHT_ELECTRICAL,grievance,1
2026-05-05,1,TRAFFIC_OBSTRUCTION,police,1
2026-05-05,1,TREES_PARKS,grievance,1
2026-05-05,2,ADMIN_SERVICES,grievance,1
2026-05-05,2,MISSING_PERSON,police,1
2026-05-05,2,ROAD_ACCIDENT,police,2
2026-05-05,2,SOLID_WASTE,grievance,1
2026-05-05,2,VECTOR_DISEASE,grievance,1
2026-05-05,3,CRIME_PROPERTY,police,1
2026-05-05,3,DRAIN_WORKS_SAFETY,grievance,1
2026-05-05,3,ENCROACHMENT,pwd,1
2026-05-05,3,FLOOD_WATERLOGGING,grievance,1
2026-05-05,3,PUBLIC_ORDER,police,2
2026-05-05,3,ROAD_ACCIDENT,police,1
2026-05-05,3,ROAD_DAMAGE,grievance,2
2026-05-05,3,WATERBODY_INFRA,pwd,1
2026-05-05,4,CRIME_VIOLENT,police,1
2026-05-05,4,DRAINAGE_SEWAGE,grievance,1
2026-05-05,4,DRAIN_WORKS_SAFETY,grievance,2
2026-05-05,4,FLOOD_WATERLOGGING,grievance,1
2026-05-05,4,OTHER,grievance,2
2026-05-05,4,ROAD_ACCIDENT,police,1
2026-05-05,4,ROAD_DAMAGE,grievance,1
2026-05-05,4,SOLID_WASTE,grievance,1
2026-05-05,4,TREES_PARKS,grievance,1
2026-05-05,5,AIR_POLLUTION,grievance,1
2026-05-05,5,CRIME_PROPERTY,police,5
2026-05-05,5,CRIME_VIOLENT,police,1
2026-05-05,5,DARK_SPOT_SAFETY,grievance,1
2026-05-05,5,PUBLIC_ORDER,police,3
2026-05-05,5,ROAD_DAMAGE,grievance,3
2026-05-05,5,STREETLIGHT_ELECTRICAL,grievance,2
2026-05-05,6,BUILDING_SAFETY,pwd,1
2026-05-05,6,CRIME_PROPERTY,police,1
2026-05-05,6,CRIME_VIOLENT,police,2
2026-05-05,6,DARK_SPOT_SAFETY,grievance,2
2026-05-05,6,FLOOD_WATERLOGGING,grievance,1
2026-05-05,6,ROAD_DAMAGE,grievance,1
2026-05-05,6,SANITATION_TOILETS,grievance,1
2026-05-05,6,SOLID_WASTE,grievance,1
2026-05-05,6,STREETLIGHT_ELECTRICAL,grievance,1
2026-05-05,6,STREETLIGHT_ELECTRICAL,police,1
2026-05-05,7,DRAIN_WORKS_SAFETY,grievance,1
2026-05-05,7,DRUGS_LIQUOR,police,1
2026-05-05,7,ROAD_ACCIDENT,police,1
2026-05-05,7,SANITATION_TOILETS,grievance,2
2026-05-05,7,SOLID_WASTE,grievance,2
2026-05-05,7,STRAY_ANIMALS,grievance,1
2026-05-05,7,STREETLIGHT_ELECTRICAL,grievance,2
2026-05-05,8,ADMIN_SERVICES,grievance,1
2026-05-05,8,CRIME_PROPERTY,police,2
2026-05-05,8,CRIME_VIOLENT,police,2
2026-05-05,8,MISSING_PERSON,police,1
2026-05-05,8,ROAD_DAMAGE,grievance,1
2026-05-05,8,SOLID_WASTE,grievance,3
2026-05-05,8,STREETLIGHT_ELECTRICAL,grievance,3
2026-05-05,8,TRAFFIC_OBSTRUCTION,grievance,1
2026-05-05,8,TRAFFIC_OBSTRUCTION,police,1
2026-05-05,8,VECTOR_DISEASE,grievance,1
2026-05-05,9,ADMIN_SERVICES,grievance,1
2026-05-05,9,BUILDING_SAFETY,pwd,1
2026-05-05,9,CRIME_PROPERTY,police,2
2026-05-05,9,CRIME_VIOLENT,police,1
2026-05-05,9,DRAINAGE_SEWAGE,grievance,2
2026-05-05,9,FLOOD_WATERLOGGING,pwd,1
2026-05-05,9,ROAD_ACCIDENT,police,1
2026-05-05,9,ROAD_DAMAGE,grievance,1
2026-05-05,9,SOLID_WASTE,grievance,4
2026-05-05,9,STREETLIGHT_ELECTRICAL,grievance,2
2026-05-05,9,VECTOR_DISEASE,grievance,1
2026-05-05,10,BUILDING_SAFETY,pwd,1
2026-05-05,10,CRIME_VIOLENT,police,2
2026-05-05,10,DRAIN_WORKS_SAFETY,grievance,1
2026-05-05,10,DRUGS_LIQUOR,police,1
2026-05-05,10,OTHER,grievance,1
2026-05-05,10,PUBLIC_ORDER,police,1
2026-05-05,10,ROAD_ACCIDENT,police,2
2026-05-05,10,SANITATION_TOILETS,grievance,3
2026-05-05,10,SOLID_WASTE,grievance,1
2026-05-05,10,STREETLIGHT_ELECTRICAL,grievance,1
2026-05-05,10,TRAFFIC_OBSTRUCTION,grievance,1
2026-05-05,10,TRAFFIC_OBSTRUCTION,police,1
2026-05-05,11,ADMIN_SERVICES,grievance,1
2026-05-05,11,MISSING_PERSON,police,1
2026-05-05,11,PUBLIC_ORDER,police,1
2026-05-05,11,STREETLIGHT_ELECTRICAL,grievance,1
2026-05-05,12,CRIME_PROPERTY,police,2
2026-05-05,12,CRIME_VIOLENT,police,1
2026-05-05,12,OTHER,grievance,1
2026-05-05,12,SOLID_WASTE,grievance,1
2026-05-05,12,TREES_PARKS,grievance,1
2026-05-05,13,CRIME_PROPERTY,police,1
2026-05-05,13,DARK_SPOT_SAFETY,grievance,1
2026-05-05,13,OTHER,pwd,1
2026-05-05,13,ROAD_ACCIDENT,police,1
2026-05-05,13,ROAD_DAMAGE,grievance,1
2026-05-05,13,SANITATION_TOILETS,grievance,1
2026-05-05,13,SOLID_WASTE,grievance,3
2026-05-05,13,STREETLIGHT_ELECTRICAL,grievance,1
2026-05-05,14,CRIME_PROPERTY,police,1
2026-05-05,14,FLOOD_WATERLOGGING,grievance,1
2026-05-05,14,ROAD_ACCIDENT,police,1
2026-05-05,15,CIVIC_FACILITIES,grievance,1
2026-05-05,15,CRIME_VIOLENT,police,1
2026-05-05,15,FOOD_SAFETY,grievance,1
2026-05-05,15,PUBLIC_ORDER,police,1
2026-05-05,15,ROAD_ACCIDENT,police,1
2026-05-05,15,SOLID_WASTE,grievance,2
2026-05-05,,CRIME_PROPERTY,police,2
2026-05-06,1,CRIME_PROPERTY,police,2
2026-05-06,1,CRIME_VIOLENT,police,1
2026-05-06,1,DRAINAGE_SEWAGE,pwd,1
2026-05-06,1,FLOOD_WATERLOGGING,grievance,1
2026-05-06,1,MISSING_PERSON,police,2
2026-05-06,1,ROAD_ACCIDENT,police,1
2026-05-06,1,SANITATION_TOILETS,grievance,1
2026-05-06,1,SOLID_WASTE,grievance,1
2026-05-06,1,STREETLIGHT_ELECTRICAL,grievance,2
2026-05-06,2,FOOD_SAFETY,grievance,1
2026-05-06,2,PUBLIC_ORDER,police,2
2026-05-06,2,TRAFFIC_OBSTRUCTION,police,2
2026-05-06,3,CRIME_PROPERTY,police,4
2026-05-06,3,CRIME_VIOLENT,police,1
2026-05-06,3,MISSING_PERSON,police,1
2026-05-06,3,ROAD_DAMAGE,grievance,1
2026-05-06,3,SOLID_WASTE,grievance,1
2026-05-06,3,STREETLIGHT_ELECTRICAL,grievance,1
2026-05-06,4,BUILDING_SAFETY,pwd,2
2026-05-06,4,POLICE_OTHER,police,1
2026-05-06,4,STREETLIGHT_ELECTRICAL,grievance,2
2026-05-06,4,TRAFFIC_OBSTRUCTION,grievance,1
2026-05-06,4,VECTOR_DISEASE,grievance,1
2026-05-06,5,ADMIN_SERVICES,grievance,1
2026-05-06,5,CRIME_PROPERTY,police,5
2026-05-06,5,CRIME_VIOLENT,police,1
2026-05-06,5,ENCROACHMENT,grievance,1
2026-05-06,5,PUBLIC_WORKS,grievance,1
2026-05-06,5,ROAD_ACCIDENT,police,1
2026-05-06,5,STREETLIGHT_ELECTRICAL,grievance,2
2026-05-06,5,VECTOR_DISEASE,grievance,1
2026-05-06,6,CRIME_PROPERTY,police,1
2026-05-06,6,CRIME_VIOLENT,police,1
2026-05-06,6,DRAINAGE_SEWAGE,grievance,1
2026-05-06,6,FLOOD_WATERLOGGING,pwd,1
2026-05-06,6,ROAD_DAMAGE,grievance,1
2026-05-06,6,SANITATION_TOILETS,grievance,2
2026-05-06,6,SOLID_WASTE,grievance,1
2026-05-06,6,STREETLIGHT_ELECTRICAL,grievance,1
2026-05-06,7,CRIME_PROPERTY,police,1
2026-05-06,7,FOOD_SAFETY,grievance,1
2026-05-06,7,HEALTH_SERVICES,grievance,1
2026-05-06,7,PUBLIC_ORDER,police,1
2026-05-06,7,SOLID_WASTE,grievance,1
2026-05-06,7,STREETLIGHT_ELECTRICAL,grievance,2
2026-05-06,8,CRIME_PROPERTY,police,5
2026-05-06,8,CRIME_VIOLENT,police,1
2026-05-06,8,DARK_SPOT_SAFETY,grievance,1
2026-05-06,8,DRAINAGE_SEWAGE,grievance,1
2026-05-06,8,DRUGS_LIQUOR,police,1
2026-05-06,8,FLOOD_WATERLOGGING,grievance,2
2026-05-06,8,HEALTH_SERVICES,grievance,1
2026-05-06,8,PUBLIC_WORKS,grievance,1
2026-05-06,8,SOLID_WASTE,grievance,4
2026-05-06,8,STREETLIGHT_ELECTRICAL,grievance,1
2026-05-06,8,TRAFFIC_OBSTRUCTION,grievance,1
2026-05-06,8,VECTOR_DISEASE,grievance,1
2026-05-06,9,CRIME_PROPERTY,police,1
2026-05-06,9,DRAIN_WORKS_SAFETY,grievance,2
2026-05-06,9,OTHER,grievance,1
2026-05-06,9,ROAD_ACCIDENT,police,1
2026-05-06,9,ROAD_DAMAGE,grievance,3
2026-05-06,9,SOLID_WASTE,grievance,1
2026-05-06,9,STREETLIGHT_ELECTRICAL,grievance,2
2026-05-06,9,TRAFFIC_OBSTRUCTION,police,1
2026-05-06,9,TREES_PARKS,grievance,1
2026-05-06,10,ADMIN_SERVICES,grievance,1
2026-05-06,10,CRIME_PROPERTY,police,1
2026-05-06,10,DARK_SPOT_SAFETY,grievance,2
2026-05-06,10,FOOD_SAFETY,grievance,1
2026-05-06,10,MISSING_PERSON,police,1
2026-05-06,10,PUBLIC_ORDER,police,1
2026-05-06,10,SANITATION_TOILETS,grievance,1
2026-05-06,10,SOLID_WASTE,grievance,1
2026-05-06,10,STREETLIGHT_ELECTRICAL,grievance,1
2026-05-06,11,DRAIN_WORKS_SAFETY,grievance,1
2026-05-06,11,ENCROACHMENT,pwd,1
2026-05-06,11,PUBLIC_WORKS,grievance,1
2026-05-06,11,ROAD_ACCIDENT,police,2
2026-05-06,11,ROAD_DAMAGE,grievance,1
2026-05-06,11,SOLID_WASTE,grievance,2
2026-05-06,11,STREETLIGHT_ELECTRICAL,police,1
2026-05-06,12,CRIME_PROPERTY,police,1
2026-05-06,12,CRIME_VIOLENT,police,1
2026-05-06,12,DRAINAGE_SEWAGE,pwd,1
2026-05-06,12,PUBLIC_ORDER,police,2
2026-05-06,12,ROAD_DAMAGE,grievance,1
2026-05-06,12,WATERBODY_INFRA,pwd,1
2026-05-06,13,CRIME_PROPERTY,police,5
2026-05-06,13,CRIME_VIOLENT,police,1
2026-05-06,13,DRAINAGE_SEWAGE,pwd,3
2026-05-06,13,MISSING_PERSON,police,1
2026-05-06,13,OTHER,grievance,1
2026-05-06,13,ROAD_ACCIDENT,police,1
2026-05-06,13,ROAD_DAMAGE,grievance,1
2026-05-06,13,SANITATION_TOILETS,grievance,1
2026-05-06,13,SOLID_WASTE,grievance,1
2026-05-06,13,TRAFFIC_OBSTRUCTION,police,3
2026-05-06,14,CRIME_VIOLENT,police,1
2026-05-06,14,OTHER,grievance,1
2026-05-06,14,PUBLIC_ORDER,police,2
2026-05-06,14,SANITATION_TOILETS,grievance,1
2026-05-06,14,SOLID_WASTE,grievance,3
2026-05-06,15,CRIME_PROPERTY,police,1
2026-05-06,15,CRIME_VIOLENT,police,1
2026-05-06,15,FLOOD_WATERLOGGING,pwd,1
2026-05-06,15,SOLID_WASTE,grievance,1
2026-05-06,15,STREETLIGHT_ELECTRICAL,grievance,1
2026-05-07,1,ADMIN_SERVICES,grievance,1
2026-05-07,1,DRAINAGE_SEWAGE,pwd,1
2026-05-07,1,OTHER,grievance,1
2026-05-07,1,ROAD_DAMAGE,grievance,2
2026-05-07,1,SANITATION_TOILETS,grievance,1
2026-05-07,1,SOLID_WASTE,grievance,2
2026-05-07,1,STREETLIGHT_ELECTRICAL,grievance,1
2026-05-07,1,WATERBODY_INFRA,pwd,2
2026-05-07,2,FOOD_SAFETY,grievance,1
2026-05-07,2,OTHER,grievance,1
2026-05-07,2,POLICE_OTHER,police,1
2026-05-07,2,STREETLIGHT_ELECTRICAL,grievance,2
2026-05-07,3,CRIME_PROPERTY,police,1
2026-05-07,3,CRIME_VIOLENT,police,2
2026-05-07,3,DARK_SPOT_SAFETY,grievance,2
2026-05-07,3,FOOD_SAFETY,grievance,1
2026-05-07,3,MISSING_PERSON,police,1
2026-05-07,3,OTHER,grievance,1
2026-05-07,3,PUBLIC_WORKS,grievance,1
2026-05-07,3,ROAD_ACCIDENT,police,1
2026-05-07,3,ROAD_DAMAGE,grievance,2
2026-05-07,3,SANITATION_TOILETS,grievance,1
2026-05-07,3,STRAY_ANIMALS,grievance,1
2026-05-07,3,STREETLIGHT_ELECTRICAL,grievance,1
2026-05-07,4,ADMIN_SERVICES,grievance,2
2026-05-07,4,CRIME_PROPERTY,police,1
2026-05-07,4,FLOOD_WATERLOGGING,grievance,1
2026-05-07,4,FOOD_SAFETY,grievance,1
2026-05-07,4,POLICE_OTHER,police,1
2026-05-07,4,ROAD_ACCIDENT,police,2
2026-05-07,4,SOLID_WASTE,grievance,3
2026-05-07,4,STRAY_ANIMALS,grievance,1
2026-05-07,4,TRAFFIC_OBSTRUCTION,grievance,1
2026-05-07,4,TRAFFIC_OBSTRUCTION,police,1
2026-05-07,4,TREES_PARKS,grievance,1
2026-05-07,5,BUILDING_SAFETY,pwd,2
2026-05-07,5,CRIME_PROPERTY,police,2
2026-05-07,5,CRIME_VIOLENT,police,2
2026-05-07,5,HEALTH_SERVICES,grievance,1
2026-05-07,5,PUBLIC_WORKS,grievance,1
2026-05-07,5,ROAD_ACCIDENT,police,2
2026-05-07,5,SANITATION_TOILETS,grievance,1
2026-05-07,5,SOLID_WASTE,grievance,1
2026-05-07,5,STREETLIGHT_ELECTRICAL,grievance,3
2026-05-07,5,STREETLIGHT_ELECTRICAL,police,1
2026-05-07,6,ADMIN_SERVICES,grievance,1
2026-05-07,6,CRIME_PROPERTY,police,1
2026-05-07,6,CRIME_VIOLENT,police,2
2026-05-07,6,DRAINAGE_SEWAGE,grievance,1
2026-05-07,6,HEALTH_SERVICES,grievance,1
2026-05-07,6,ROAD_ACCIDENT,police,2
2026-05-07,6,SANITATION_TOILETS,grievance,1
2026-05-07,6,SOLID_WASTE,grievance,1
2026-05-07,6,STRAY_ANIMALS,grievance,1
2026-05-07,6,STREETLIGHT_ELECTRICAL,grievance,3
2026-05-07,7,CRIME_PROPERTY,police,2
2026-05-07,7,DRAINAGE_SEWAGE,grievance,2
2026-05-07,7,DRAIN_WORKS_SAFETY,grievance,1
2026-05-07,7,PUBLIC_ORDER,police,1
2026-05-07,7,SANITATION_TOILETS,grievance,1
2026-05-07,8,AIR_POLLUTION,grievance,1
2026-05-07,8,CRIME_VIOLENT,police,2
2026-05-07,8,DRUGS_LIQUOR,police,1
2026-05-07,8,ENCROACHMENT,pwd,1
2026-05-07,8,MISSING_PERSON,police,1
2026-05-07,8,PUBLIC_ORDER,police,1
2026-05-07,8,ROAD_DAMAGE,grievance,1
2026-05-07,8,SANITATION_TOILETS,grievance,1
2026-05-07,8,SOLID_WASTE,grievance,2
2026-05-07,8,STRAY_ANIMALS,grievance,1
2026-05-07,8,STREETLIGHT_ELECTRICAL,grievance,2
2026-05-07,9,ADMIN_SERVICES,grievance,1
2026-05-07,9,CRIME_PROPERTY,police,1
2026-05-07,9,DRAIN_WORKS_SAFETY,grievance,1
2026-05-07,9,FLOOD_WATERLOGGING,pwd,1
2026-05-07,9,MISSING_PERSON,police,2
2026-05-07,9,PUBLIC_ORDER,police,2
2026-05-07,9,ROAD_DAMAGE,grievance,2
2026-05-07,9,SOLID_WASTE,grievance,2
2026-05-07,9,VECTOR_DISEASE,grievance,1
2026-05-07,9,WATERBODY_INFRA,pwd,1
2026-05-07,10,CRIME_PROPERTY,police,2
2026-05-07,10,CRIME_VIOLENT,police,1
2026-05-07,10,FLOOD_WATERLOGGING,police,1
2026-05-07,10,ROAD_ACCIDENT,police,1
2026-05-07,10,ROAD_DAMAGE,grievance,1
2026-05-07,10,SOLID_WASTE,grievance,3
2026-05-07,10,STREETLIGHT_ELECTRICAL,grievance,2
2026-05-07,10,TRAFFIC_OBSTRUCTION,police,1
2026-05-07,10,VECTOR_DISEASE,grievance,1
2026-05-07,11,ADMIN_SERVICES,grievance,1
2026-05-07,11,CRIME_PROPERTY,police,1
2026-05-07,11,DRAINAGE_SEWAGE,pwd,1
2026-05-07,11,ENCROACHMENT,pwd,1
2026-05-07,11,MISSING_PERSON,police,2
2026-05-07,11,PUBLIC_ORDER,police,3
2026-05-07,11,ROAD_ACCIDENT,police,2
2026-05-07,11,ROAD_DAMAGE,grievance,1
2026-05-07,11,SOLID_WASTE,grievance,2
2026-05-07,11,STREETLIGHT_ELECTRICAL,grievance,2
2026-05-07,12,ADMIN_SERVICES,grievance,1
2026-05-07,12,CRIME_VIOLENT,police,1
2026-05-07,12,FLOOD_WATERLOGGING,police,2
2026-05-07,12,FLOOD_WATERLOGGING,pwd,1
2026-05-07,12,PUBLIC_ORDER,police,1
2026-05-07,12,SOLID_WASTE,grievance,2
2026-05-07,12,STREETLIGHT_ELECTRICAL,grievance,1
2026-05-07,12,WATERBODY_INFRA,pwd,1
2026-05-07,13,CRIME_PROPERTY,police,4
2026-05-07,13,DRAINAGE_SEWAGE,pwd,1
2026-05-07,13,PUBLIC_ORDER,police,2
2026-05-07,13,SANITATION_TOILETS,grievance,1
2026-05-07,13,SOLID_WASTE,grievance,1
2026-05-07,13,TREES_PARKS,grievance,2
2026-05-07,14,ADMIN_SERVICES,grievance,1
2026-05-07,14,PUBLIC_ORDER,police,3
2026-05-07,14,SOLID_WASTE,grievance,2
2026-05-07,15,CRIME_PROPERTY,police,3
2026-05-07,15,CRIME_VIOLENT,police,2
2026-05-07,15,FLOOD_WATERLOGGING,pwd,1
2026-05-07,15,OTHER,grievance,1
2026-05-07,15,ROAD_ACCIDENT,police,2
2026-05-07,15,SOLID_WASTE,grievance,1
2026-05-08,1,CIVIC_FACILITIES,grievance,1
2026-05-08,1,FLOOD_WATERLOGGING,police,3
2026-05-08,1,ROAD_ACCIDENT,police,1
2026-05-08,1,ROAD_DAMAGE,grievance,1
2026-05-08,1,WATERBODY_INFRA,pwd,1
2026-05-08,2,MISSING_PERSON,police,3
2026-05-08,2,ROAD_DAMAGE,grievance,1
2026-05-08,3,ENCROACHMENT,grievance,1
2026-05-08,3,FLOOD_WATERLOGGING,grievance,1
2026-05-08,3,ROAD_ACCIDENT,police,1
2026-05-08,3,ROAD_DAMAGE,grievance,1
2026-05-08,3,SANITATION_TOILETS,grievance,1
2026-05-08,3,SOLID_WASTE,grievance,1
2026-05-08,3,TRAFFIC_OBSTRUCTION,police,1
2026-05-08,3,TREES_PARKS,grievance,2
2026-05-08,4,CRIME_PROPERTY,police,2
2026-05-08,4,CRIME_VIOLENT,police,1
2026-05-08,4,FLOOD_WATERLOGGING,pwd,1
2026-05-08,4,PUBLIC_WORKS,grievance,1
2026-05-08,4,SOLID_WASTE,grievance,1
2026-05-08,4,STREETLIGHT_ELECTRICAL,grievance,1
2026-05-08,4,TRAFFIC_OBSTRUCTION,police,1
2026-05-08,5,CIVIC_FACILITIES,grievance,1
2026-05-08,5,CRIME_VIOLENT,police,1
2026-05-08,5,DRAINAGE_SEWAGE,grievance,1
2026-05-08,5,FLOOD_RELIEF,grievance,1
2026-05-08,5,FLOOD_WATERLOGGING,grievance,1
2026-05-08,5,FLOOD_WATERLOGGING,police,1
2026-05-08,5,HEALTH_SERVICES,grievance,1
2026-05-08,5,MISSING_PERSON,police,1
2026-05-08,5,OTHER,grievance,2
2026-05-08,5,PUBLIC_ORDER,police,2
2026-05-08,5,ROAD_ACCIDENT,police,2
2026-05-08,5,SOLID_WASTE,grievance,2
2026-05-08,5,STREETLIGHT_ELECTRICAL,grievance,2
2026-05-08,5,TRAFFIC_OBSTRUCTION,police,2
2026-05-08,6,CRIME_VIOLENT,police,2
2026-05-08,6,DRAINAGE_SEWAGE,pwd,1
2026-05-08,6,DRUGS_LIQUOR,police,1
2026-05-08,6,ENCROACHMENT,grievance,1
2026-05-08,6,ENCROACHMENT,pwd,1
2026-05-08,6,OTHER,grievance,1
2026-05-08,6,ROAD_ACCIDENT,police,1
2026-05-08,6,STRAY_ANIMALS,grievance,1
2026-05-08,6,STREETLIGHT_ELECTRICAL,grievance,1
2026-05-08,7,CRIME_PROPERTY,police,2
2026-05-08,7,ROAD_ACCIDENT,police,3
2026-05-08,7,SANITATION_TOILETS,grievance,1
2026-05-08,7,SOLID_WASTE,grievance,2
2026-05-08,7,WATERBODY_INFRA,pwd,1
2026-05-08,8,CRIME_VIOLENT,police,1
2026-05-08,8,FLOOD_WATERLOGGING,grievance,1
2026-05-08,8,FOOD_SAFETY,grievance,1
2026-05-08,8,OTHER,grievance,1
2026-05-08,8,PUBLIC_ORDER,police,1
2026-05-08,8,ROAD_ACCIDENT,police,2
2026-05-08,8,SANITATION_TOILETS,grievance,1
2026-05-08,8,SOLID_WASTE,grievance,1
2026-05-08,8,TRAFFIC_OBSTRUCTION,police,1
2026-05-08,8,TREES_PARKS,grievance,1
2026-05-08,8,VECTOR_DISEASE,grievance,2
2026-05-08,9,CIVIC_FACILITIES,grievance,1
2026-05-08,9,CRIME_PROPERTY,police,1
2026-05-08,9,DRAIN_WORKS_SAFETY,grievance,1
2026-05-08,9,ENCROACHMENT,grievance,1
2026-05-08,9,FLOOD_RELIEF,grievance,1
2026-05-08,9,FLOOD_WATERLOGGING,grievance,1
2026-05-08,9,FLOOD_WATERLOGGING,pwd,1
2026-05-08,9,MISSING_PERSON,police,2
2026-05-08,9,PUBLIC_ORDER,police,2
2026-05-08,9,ROAD_ACCIDENT,police,1
2026-05-08,9,ROAD_DAMAGE,grievance,2
2026-05-08,9,SANITATION_TOILETS,grievance,1
2026-05-08,9,SOLID_WASTE,grievance,3
2026-05-08,9,STRAY_ANIMALS,grievance,1
2026-05-08,9,STREETLIGHT_ELECTRICAL,grievance,1
2026-05-08,10,CRIME_PROPERTY,police,1
2026-05-08,10,DRAIN_WORKS_SAFETY,grievance,1
2026-05-08,10,MISSING_PERSON,police,3
2026-05-08,10,PUBLIC_ORDER,police,3
2026-05-08,10,ROAD_ACCIDENT,police,3
2026-05-08,10,STREETLIGHT_ELECTRICAL,grievance,1
2026-05-08,10,TRAFFIC_OBSTRUCTION,police,2
2026-05-08,11,ADMIN_SERVICES,grievance,1
2026-05-08,11,DRAINAGE_SEWAGE,pwd,1
2026-05-08,11,DRUGS_LIQUOR,police,1
2026-05-08,11,FLOOD_WATERLOGGING,pwd,1
2026-05-08,11,MISSING_PERSON,police,1
2026-05-08,11,OTHER,grievance,1
2026-05-08,11,PUBLIC_WORKS,grievance,1
2026-05-08,11,ROAD_ACCIDENT,police,3
2026-05-08,11,SANITATION_TOILETS,grievance,3
2026-05-08,12,DRAINAGE_SEWAGE,pwd,1
2026-05-08,12,FOOD_SAFETY,grievance,1
2026-05-08,12,ROAD_ACCIDENT,police,1
2026-05-08,12,ROAD_DAMAGE,grievance,3
2026-05-08,12,SOLID_WASTE,grievance,3
2026-05-08,12,STREETLIGHT_ELECTRICAL,grievance,2
2026-05-08,13,CRIME_PROPERTY,police,3
2026-05-08,13,DRAINAGE_SEWAGE,grievance,1
2026-05-08,13,DRAINAGE_SEWAGE,pwd,1
2026-05-08,13,DRAIN_WORKS_SAFETY,grievance,1
2026-05-08,13,DRUGS_LIQUOR,police,3
2026-05-08,13,ENCROACHMENT,grievance,1
2026-05-08,13,ENCROACHMENT,pwd,1
2026-05-08,13,FLOOD_WATERLOGGING,police,2
2026-05-08,13,STREETLIGHT_ELECTRICAL,grievance,1
2026-05-08,13,TRAFFIC_OBSTRUCTION,police,1
2026-05-08,13,TREES_PARKS,grievance,1
2026-05-08,13,VECTOR_DISEASE,grievance,1
2026-05-08,13,WATERBODY_INFRA,pwd,1
2026-05-08,14,CRIME_PROPERTY,police,1
2026-05-08,14,CRIME_VIOLENT,police,1
2026-05-08,14,FLOOD_WATERLOGGING,grievance,1
2026-05-08,14,FOOD_SAFETY,grievance,1
2026-05-08,14,PUBLIC_ORDER,police,1
2026-05-08,14,ROAD_ACCIDENT,police,1
2026-05-08,14,ROAD_DAMAGE,grievance,1
2026-05-08,14,SOLID_WASTE,grievance,1
2026-05-08,15,CRIME_PROPERTY,police,5
2026-05-08,15,CRIME_VIOLENT,police,1
2026-05-08,15,DRAINAGE_SEWAGE,pwd,2
2026-05-08,15,SOLID_WASTE,grievance,2
2026-05-08,,CRIME_PROPERTY,police,2
2026-05-08,,CRIME_VIOLENT,police,2
2026-05-08,,PUBLIC_ORDER,police,1
2026-05-09,1,DARK_SPOT_SAFETY,grievance,1
2026-05-09,1,DRAIN_WORKS_SAFETY,grievance,1
2026-05-09,1,DRUGS_LIQUOR,police,2
2026-05-09,1,FLOOD_WATERLOGGING,police,1
2026-05-09,1,MISSING_PERSON,police,2
2026-05-09,1,SOLID_WASTE,grievance,2
2026-05-09,1,STREETLIGHT_ELECTRICAL,grievance,3
2026-05-09,1,TREES_PARKS,grievance,1
2026-05-09,2,MISSING_PERSON,police,1
2026-05-09,2,ROAD_ACCIDENT,police,1
2026-05-09,2,SOLID_WASTE,grievance,1
2026-05-09,2,STRAY_ANIMALS,grievance,1
2026-05-09,2,TRAFFIC_OBSTRUCTION,police,1
2026-05-09,3,DRAINAGE_SEWAGE,pwd,1
2026-05-09,3,FLOOD_WATERLOGGING,pwd,1
2026-05-09,3,STREETLIGHT_ELECTRICAL,grievance,2
2026-05-09,4,CRIME_PROPERTY,police,1
2026-05-09,4,DRAINAGE_SEWAGE,grievance,1
2026-05-09,4,ENCROACHMENT,grievance,1
2026-05-09,4,FOOD_SAFETY,grievance,1
2026-05-09,4,MISSING_PERSON,police,1
2026-05-09,4,ROAD_DAMAGE,grievance,1
2026-05-09,4,SOLID_WASTE,grievance,2
2026-05-09,4,STREETLIGHT_ELECTRICAL,grievance,2
2026-05-09,4,TRAFFIC_OBSTRUCTION,police,1
2026-05-09,5,BUILDING_SAFETY,pwd,2
2026-05-09,5,CIVIC_FACILITIES,grievance,1
2026-05-09,5,CRIME_VIOLENT,police,1
2026-05-09,5,HEALTH_SERVICES,grievance,1
2026-05-09,5,OTHER,grievance,1
2026-05-09,5,ROAD_DAMAGE,grievance,4
2026-05-09,5,SOLID_WASTE,grievance,1
2026-05-09,5,STRAY_ANIMALS,grievance,1
2026-05-09,5,VECTOR_DISEASE,hospital,1
2026-05-09,6,ADMIN_SERVICES,grievance,1
2026-05-09,6,CRIME_PROPERTY,police,2
2026-05-09,6,DRAINAGE_SEWAGE,pwd,1
2026-05-09,6,DRAIN_WORKS_SAFETY,grievance,1
2026-05-09,6,HEALTH_SERVICES,grievance,1
2026-05-09,6,ROAD_DAMAGE,grievance,1
2026-05-09,6,TRAFFIC_OBSTRUCTION,police,1
2026-05-09,7,DRAIN_WORKS_SAFETY,grievance,2
2026-05-09,7,FLOOD_WATERLOGGING,grievance,1
2026-05-09,7,PUBLIC_ORDER,police,3
2026-05-09,7,SOLID_WASTE,grievance,2
2026-05-09,7,STREETLIGHT_ELECTRICAL,grievance,1
2026-05-09,8,CRIME_PROPERTY,police,3
2026-05-09,8,DARK_SPOT_SAFETY,grievance,1
2026-05-09,8,FOOD_SAFETY,grievance,1
2026-05-09,8,PUBLIC_ORDER,police,2
2026-05-09,8,ROAD_ACCIDENT,police,2
2026-05-09,8,SOLID_WASTE,grievance,3
2026-05-09,8,STREETLIGHT_ELECTRICAL,grievance,1
2026-05-09,8,TRAFFIC_OBSTRUCTION,grievance,1
2026-05-09,8,VECTOR_DISEASE,grievance,1
2026-05-09,9,CRIME_PROPERTY,police,1
2026-05-09,9,DRAINAGE_SEWAGE,grievance,1
2026-05-09,9,DRAIN_WORKS_SAFETY,grievance,1
2026-05-09,9,HEALTH_SERVICES,grievance,1
2026-05-09,9,ROAD_ACCIDENT,police,1
2026-05-09,9,SANITATION_TOILETS,grievance,1
2026-05-09,9,STRAY_ANIMALS,grievance,1
2026-05-09,9,STREETLIGHT_ELECTRICAL,grievance,2
2026-05-09,10,ADMIN_SERVICES,grievance,1
2026-05-09,10,CRIME_PROPERTY,police,2
2026-05-09,10,CRIME_VIOLENT,police,1
2026-05-09,10,DARK_SPOT_SAFETY,grievance,1
2026-05-09,10,DRAINAGE_SEWAGE,grievance,1
2026-05-09,10,MISSING_PERSON,police,6
2026-05-09,10,PUBLIC_ORDER,police,5
2026-05-09,10,ROAD_ACCIDENT,police,5
2026-05-09,10,ROAD_DAMAGE,grievance,4
2026-05-09,10,SOLID_WASTE,grievance,1
2026-05-09,10,STREETLIGHT_ELECTRICAL,grievance,3
2026-05-09,10,TRAFFIC_OBSTRUCTION,police,2
2026-05-09,11,ROAD_ACCIDENT,police,4
2026-05-09,11,SOLID_WASTE,grievance,1
2026-05-09,12,DARK_SPOT_SAFETY,grievance,1
2026-05-09,12,POLICE_OTHER,police,1
2026-05-09,12,ROAD_ACCIDENT,police,2
2026-05-09,12,ROAD_DAMAGE,grievance,4
2026-05-09,12,WATERBODY_INFRA,pwd,2
2026-05-09,13,DRUGS_LIQUOR,police,2
2026-05-09,13,PUBLIC_ORDER,police,1
2026-05-09,13,ROAD_ACCIDENT,police,1
2026-05-09,13,STREETLIGHT_ELECTRICAL,grievance,1
2026-05-09,13,TRAFFIC_OBSTRUCTION,police,1
2026-05-09,14,ADMIN_SERVICES,grievance,1
2026-05-09,14,CRIME_PROPERTY,police,1
2026-05-09,14,ENCROACHMENT,grievance,1
2026-05-09,14,FOOD_SAFETY,grievance,1
2026-05-09,14,ROAD_DAMAGE,grievance,1
2026-05-09,14,SOLID_WASTE,grievance,1
2026-05-09,15,CRIME_PROPERTY,police,1
2026-05-09,15,CRIME_VIOLENT,police,3
2026-05-09,15,FLOOD_WATERLOGGING,police,1
2026-05-09,15,FOOD_SAFETY,grievance,1
2026-05-09,15,OTHER,grievance,1
2026-05-09,15,ROAD_ACCIDENT,police,1
2026-05-09,15,TRAFFIC_OBSTRUCTION,police,2
2026-05-09,,CRIME_PROPERTY,police,1
2026-05-09,,FLOOD_WATERLOGGING,police,3
2026-05-09,,ROAD_ACCIDENT,police,2
2026-05-10,1,DARK_SPOT_SAFETY,grievance,1
2026-05-10,1,PUBLIC_ORDER,police,1
2026-05-10,1,ROAD_ACCIDENT,police,3
2026-05-10,1,ROAD_DAMAGE,grievance,1
2026-05-10,1,SOLID_WASTE,grievance,1
2026-05-10,1,STREETLIGHT_ELECTRICAL,grievance,1
2026-05-10,2,CRIME_PROPERTY,police,1
2026-05-10,2,TRAFFIC_OBSTRUCTION,police,1
2026-05-10,3,CRIME_PROPERTY,police,2
2026-05-10,3,FLOOD_WATERLOGGING,grievance,1
2026-05-10,3,PUBLIC_ORDER,police,1
2026-05-10,3,SANITATION_TOILETS,grievance,1
2026-05-10,3,WATERBODY_INFRA,pwd,1
2026-05-10,4,ADMIN_SERVICES,grievance,2
2026-05-10,4,CRIME_VIOLENT,police,2
2026-05-10,4,DRAINAGE_SEWAGE,grievance,1
2026-05-10,4,ENCROACHMENT,grievance,1
2026-05-10,4,FLOOD_WATERLOGGING,pwd,1
2026-05-10,4,MISSING_PERSON,police,1
2026-05-10,4,ROAD_DAMAGE,grievance,1
2026-05-10,4,STREETLIGHT_ELECTRICAL,grievance,1
2026-05-10,5,AIR_POLLUTION,grievance,1
2026-05-10,5,BUILDING_SAFETY,pwd,1
2026-05-10,5,CRIME_PROPERTY,police,3
2026-05-10,5,FLOOD_WATERLOGGING,police,2
2026-05-10,5,MISSING_PERSON,police,1
2026-05-10,5,POLICE_OTHER,police,1
2026-05-10,5,PUBLIC_ORDER,police,4
2026-05-10,5,ROAD_ACCIDENT,police,1
2026-05-10,5,ROAD_DAMAGE,grievance,1
2026-05-10,5,SANITATION_TOILETS,grievance,1
2026-05-10,5,SOLID_WASTE,grievance,3
2026-05-10,5,TRAFFIC_OBSTRUCTION,police,1
2026-05-10,5,TREES_PARKS,grievance,1
2026-05-10,6,CRIME_PROPERTY,police,3
2026-05-10,6,CRIME_VIOLENT,police,1
2026-05-10,6,DRAINAGE_SEWAGE,pwd,1
2026-05-10,6,DRAIN_WORKS_SAFETY,grievance,1
2026-05-10,6,MISSING_PERSON,police,1
2026-05-10,6,PUBLIC_ORDER,police,2
2026-05-10,6,ROAD_DAMAGE,grievance,1
2026-05-10,6,SANITATION_TOILETS,grievance,1
2026-05-10,6,TRAFFIC_OBSTRUCTION,police,1
2026-05-10,6,TREES_PARKS,grievance,1
2026-05-10,7,ENCROACHMENT,grievance,1
2026-05-10,7,ROAD_DAMAGE,grievance,1
2026-05-10,8,CRIME_PROPERTY,police,1
2026-05-10,8,DRAINAGE_SEWAGE,grievance,1
2026-05-10,8,MISSING_PERSON,police,1
2026-05-10,8,PUBLIC_ORDER,police,1
2026-05-10,8,SOLID_WASTE,grievance,2
2026-05-10,8,STREETLIGHT_ELECTRICAL,grievance,1
2026-05-10,9,PUBLIC_ORDER,police,1
2026-05-10,9,ROAD_ACCIDENT,police,1
2026-05-10,9,ROAD_DAMAGE,grievance,1
2026-05-10,9,SOLID_WASTE,grievance,1
2026-05-10,9,STREETLIGHT_ELECTRICAL,grievance,2
2026-05-10,10,CRIME_PROPERTY,police,3
2026-05-10,10,DRUGS_LIQUOR,police,1
2026-05-10,10,PUBLIC_ORDER,police,3
2026-05-10,10,ROAD_ACCIDENT,police,2
2026-05-10,10,SANITATION_TOILETS,grievance,1
2026-05-10,10,SOLID_WASTE,grievance,1
2026-05-10,10,STREETLIGHT_ELECTRICAL,grievance,1
2026-05-10,10,TRAFFIC_OBSTRUCTION,police,4
2026-05-10,11,AIR_POLLUTION,grievance,1
2026-05-10,11,CRIME_PROPERTY,police,1
2026-05-10,11,ROAD_DAMAGE,grievance,1
2026-05-10,11,SANITATION_TOILETS,grievance,1
2026-05-10,11,TRAFFIC_OBSTRUCTION,police,1
2026-05-10,12,CRIME_PROPERTY,police,1
2026-05-10,12,DRAIN_WORKS_SAFETY,grievance,1
2026-05-10,12,DRUGS_LIQUOR,police,1
2026-05-10,12,FLOOD_WATERLOGGING,grievance,1
2026-05-10,12,ROAD_ACCIDENT,police,1
2026-05-10,12,STREETLIGHT_ELECTRICAL,grievance,1
2026-05-10,12,TRAFFIC_OBSTRUCTION,police,1
2026-05-10,13,DRUGS_LIQUOR,police,2
2026-05-10,13,PUBLIC_ORDER,police,2
2026-05-10,13,ROAD_ACCIDENT,police,1
2026-05-10,13,SANITATION_TOILETS,grievance,1
2026-05-10,13,SOLID_WASTE,grievance,1
2026-05-10,14,ADMIN_SERVICES,grievance,1
2026-05-10,14,CRIME_PROPERTY,police,1
2026-05-10,14,PUBLIC_ORDER,police,1
2026-05-10,15,SOLID_WASTE,grievance,1
2026-05-10,,ROAD_ACCIDENT,police,1
2026-05-11,1,CRIME_PROPERTY,police,1
2026-05-11,1,DRAINAGE_SEWAGE,grievance,1
2026-05-11,1,DRUGS_LIQUOR,police,1
2026-05-11,1,FLOOD_WATERLOGGING,grievance,1
2026-05-11,1,ROAD_ACCIDENT,police,1
2026-05-11,1,STREETLIGHT_ELECTRICAL,grievance,1
2026-05-11,1,TRAFFIC_OBSTRUCTION,police,1
2026-05-11,1,WATERBODY_INFRA,pwd,3
2026-05-11,2,CRIME_PROPERTY,police,1
2026-05-11,2,CRIME_VIOLENT,police,3
2026-05-11,2,SOLID_WASTE,grievance,1
2026-05-11,2,STREETLIGHT_ELECTRICAL,grievance,1
2026-05-11,2,TRAFFIC_OBSTRUCTION,police,1
2026-05-11,3,ADMIN_SERVICES,grievance,1
2026-05-11,3,CRIME_PROPERTY,police,2
2026-05-11,3,DRAIN_WORKS_SAFETY,grievance,1
2026-05-11,3,SANITATION_TOILETS,grievance,2
2026-05-11,4,ADMIN_SERVICES,grievance,1
2026-05-11,4,CRIME_PROPERTY,police,1
2026-05-11,4,CRIME_VIOLENT,police,1
2026-05-11,4,DRAINAGE_SEWAGE,grievance,1
2026-05-11,4,ENCROACHMENT,grievance,1
2026-05-11,4,FLOOD_RELIEF,grievance,1
2026-05-11,4,MISSING_PERSON,police,1
2026-05-11,4,ROAD_ACCIDENT,police,1
2026-05-11,4,SOLID_WASTE,grievance,2
2026-05-11,4,STREETLIGHT_ELECTRICAL,grievance,1
2026-05-11,5,ADMIN_SERVICES,grievance,2
2026-05-11,5,AIR_POLLUTION,grievance,2
2026-05-11,5,BUILDING_SAFETY,pwd,2
2026-05-11,5,CRIME_PROPERTY,police,4
2026-05-11,5,DRAINAGE_SEWAGE,grievance,1
2026-05-11,5,FLOOD_WATERLOGGING,grievance,1
2026-05-11,5,OTHER,grievance,1
2026-05-11,5,PUBLIC_ORDER,police,4
2026-05-11,5,ROAD_ACCIDENT,police,3
2026-05-11,5,ROAD_DAMAGE,grievance,2
2026-05-11,5,ROAD_DAMAGE,pwd,1
2026-05-11,5,SANITATION_TOILETS,grievance,1
2026-05-11,5,STREETLIGHT_ELECTRICAL,grievance,1
2026-05-11,5,WATERBODY_INFRA,pwd,1
2026-05-11,6,CRIME_PROPERTY,police,2
2026-05-11,6,DARK_SPOT_SAFETY,grievance,1
2026-05-11,6,DRAINAGE_SEWAGE,pwd,1
2026-05-11,6,FLOOD_WATERLOGGING,grievance,1
2026-05-11,6,HEALTH_SERVICES,grievance,1
2026-05-11,6,OTHER,grievance,1
2026-05-11,6,PUBLIC_ORDER,police,1
2026-05-11,6,ROAD_ACCIDENT,police,2
2026-05-11,6,SOLID_WASTE,grievance,1
2026-05-11,6,STRAY_ANIMALS,police,1
2026-05-11,6,STREETLIGHT_ELECTRICAL,grievance,2
2026-05-11,6,TRAFFIC_OBSTRUCTION,grievance,1
2026-05-11,6,VECTOR_DISEASE,grievance,1
2026-05-11,7,AIR_POLLUTION,grievance,1
2026-05-11,7,BUILDING_SAFETY,pwd,1
2026-05-11,7,CRIME_VIOLENT,police,1
2026-05-11,7,DRAINAGE_SEWAGE,grievance,1
2026-05-11,7,DRAIN_WORKS_SAFETY,grievance,2
2026-05-11,7,ENCROACHMENT,grievance,1
2026-05-11,7,ROAD_DAMAGE,grievance,1
2026-05-11,7,SOLID_WASTE,grievance,2
2026-05-11,7,STRAY_ANIMALS,grievance,1
2026-05-11,7,TREES_PARKS,grievance,1
2026-05-11,8,CRIME_PROPERTY,police,2
2026-05-11,8,CRIME_VIOLENT,police,2
2026-05-11,8,ENCROACHMENT,pwd,1
2026-05-11,8,FLOOD_WATERLOGGING,grievance,1
2026-05-11,8,POLICE_OTHER,police,1
2026-05-11,8,PUBLIC_ORDER,police,1
2026-05-11,8,ROAD_ACCIDENT,police,2
2026-05-11,8,ROAD_DAMAGE,grievance,1
2026-05-11,8,SOLID_WASTE,grievance,3
2026-05-11,8,STREETLIGHT_ELECTRICAL,grievance,1
2026-05-11,8,TRAFFIC_OBSTRUCTION,grievance,1
2026-05-11,8,VECTOR_DISEASE,hospital,1
2026-05-11,9,ADMIN_SERVICES,grievance,1
2026-05-11,9,CRIME_PROPERTY,police,2
2026-05-11,9,FLOOD_WATERLOGGING,grievance,1
2026-05-11,9,HEALTH_SERVICES,grievance,1
2026-05-11,9,MISSING_PERSON,police,1
2026-05-11,9,ROAD_ACCIDENT,police,2
2026-05-11,9,SOLID_WASTE,grievance,1
2026-05-11,9,STREETLIGHT_ELECTRICAL,grievance,2
2026-05-11,10,ADMIN_SERVICES,grievance,1
2026-05-11,10,CRIME_PROPERTY,police,1
2026-05-11,10,DARK_SPOT_SAFETY,grievance,2
2026-05-11,10,DRAIN_WORKS_SAFETY,grievance,1
2026-05-11,10,DRUGS_LIQUOR,police,1
2026-05-11,10,ENCROACHMENT,grievance,2
2026-05-11,10,MISSING_PERSON,police,1
2026-05-11,10,OTHER,grievance,1
2026-05-11,10,PUBLIC_ORDER,police,1
2026-05-11,10,ROAD_ACCIDENT,police,2
2026-05-11,10,ROAD_DAMAGE,grievance,2
2026-05-11,10,SANITATION_TOILETS,grievance,1
2026-05-11,10,SOLID_WASTE,grievance,4
2026-05-11,10,STREETLIGHT_ELECTRICAL,grievance,2
2026-05-11,11,ADMIN_SERVICES,grievance,1
2026-05-11,11,DRAIN_WORKS_SAFETY,grievance,1
2026-05-11,11,ENCROACHMENT,pwd,1
2026-05-11,11,FLOOD_WATERLOGGING,pwd,1
2026-05-11,11,ROAD_DAMAGE,grievance,1
2026-05-11,11,SOLID_WASTE,grievance,2
2026-05-11,11,STREETLIGHT_ELECTRICAL,grievance,2
2026-05-11,12,ADMIN_SERVICES,grievance,1
2026-05-11,12,CRIME_PROPERTY,police,1
2026-05-11,12,CRIME_VIOLENT,police,1
2026-05-11,12,DRAIN_WORKS_SAFETY,grievance,1
2026-05-11,12,SANITATION_TOILETS,grievance,1
2026-05-11,12,SOLID_WASTE,grievance,1
2026-05-11,12,TRAFFIC_OBSTRUCTION,grievance,1
2026-05-11,13,CRIME_VIOLENT,police,2
2026-05-11,13,DRAINAGE_SEWAGE,pwd,2
2026-05-11,13,DRAIN_WORKS_SAFETY,grievance,1
2026-05-11,13,OTHER,grievance,1
2026-05-11,13,ROAD_DAMAGE,grievance,3
2026-05-11,13,STREETLIGHT_ELECTRICAL,grievance,1
2026-05-11,14,AIR_POLLUTION,grievance,1
2026-05-11,14,CIVIC_FACILITIES,grievance,1
2026-05-11,14,CRIME_PROPERTY,police,1
2026-05-11,14,CRIME_VIOLENT,police,1
2026-05-11,14,DRAINAGE_SEWAGE,grievance,1
2026-05-11,14,DRAIN_WORKS_SAFETY,grievance,1
2026-05-11,14,ROAD_ACCIDENT,police,1
2026-05-11,14,ROAD_DAMAGE,grievance,1
2026-05-11,14,SOLID_WASTE,grievance,1
2026-05-11,15,CRIME_VIOLENT,police,2
2026-05-11,15,FLOOD_WATERLOGGING,grievance,1
2026-05-11,15,OTHER,grievance,2
2026-05-11,15,SOLID_WASTE,grievance,2
2026-05-11,,ROAD_ACCIDENT,police,3
2026-05-12,1,CRIME_PROPERTY,police,2
2026-05-12,1,DRAINAGE_SEWAGE,grievance,1
2026-05-12,1,ENCROACHMENT,pwd,1
2026-05-12,1,FLOOD_WATERLOGGING,police,1
2026-05-12,1,MISSING_PERSON,police,3
2026-05-12,1,OTHER,grievance,1
2026-05-12,1,ROAD_DAMAGE,grievance,1
2026-05-12,1,STREETLIGHT_ELECTRICAL,grievance,1
2026-05-12,1,TRAFFIC_OBSTRUCTION,police,1
2026-05-12,1,TREES_PARKS,grievance,1
2026-05-12,2,CRIME_PROPERTY,police,1
2026-05-12,2,SOLID_WASTE,grievance,1
2026-05-12,2,TREES_PARKS,grievance,1
2026-05-12,3,ADMIN_SERVICES,grievance,1
2026-05-12,3,DARK_SPOT_SAFETY,grievance,1
2026-05-12,3,ENCROACHMENT,pwd,1
2026-05-12,3,FLOOD_RELIEF,grievance,1
2026-05-12,3,PUBLIC_WORKS,grievance,1
2026-05-12,3,TRAFFIC_OBSTRUCTION,police,1
2026-05-12,4,BUILDING_SAFETY,pwd,1
2026-05-12,4,DRAINAGE_SEWAGE,grievance,1
2026-05-12,4,FLOOD_WATERLOGGING,grievance,1
2026-05-12,4,PUBLIC_ORDER,police,1
2026-05-12,4,SOLID_WASTE,grievance,5
2026-05-12,4,STREETLIGHT_ELECTRICAL,grievance,1
2026-05-12,4,TRAFFIC_OBSTRUCTION,police,2
2026-05-12,5,ADMIN_SERVICES,grievance,1
2026-05-12,5,AIR_POLLUTION,grievance,1
2026-05-12,5,BUILDING_SAFETY,police,1
2026-05-12,5,BUILDING_SAFETY,pwd,1
2026-05-12,5,CRIME_PROPERTY,police,3
2026-05-12,5,DRAINAGE_SEWAGE,grievance,1
2026-05-12,5,MISSING_PERSON,police,1
2026-05-12,5,OTHER,grievance,1
2026-05-12,5,ROAD_ACCIDENT,police,2
2026-05-12,5,SOLID_WASTE,grievance,3
2026-05-12,5,STREETLIGHT_ELECTRICAL,grievance,1
2026-05-12,5,TRAFFIC_OBSTRUCTION,grievance,1
2026-05-12,5,TREES_PARKS,grievance,1
2026-05-12,6,CRIME_VIOLENT,police,1
2026-05-12,6,DRAINAGE_SEWAGE,grievance,1
2026-05-12,6,DRAIN_WORKS_SAFETY,grievance,1
2026-05-12,6,DRUGS_LIQUOR,police,1
2026-05-12,6,HEALTH_SERVICES,grievance,1
2026-05-12,6,PUBLIC_ORDER,police,1
2026-05-12,6,ROAD_ACCIDENT,police,1
2026-05-12,6,SOLID_WASTE,grievance,5
2026-05-12,6,STREETLIGHT_ELECTRICAL,grievance,2
2026-05-12,6,VECTOR_DISEASE,grievance,1
2026-05-12,7,DRAINAGE_SEWAGE,grievance,2
2026-05-12,7,DRAIN_WORKS_SAFETY,grievance,1
2026-05-12,7,DRUGS_LIQUOR,police,1
2026-05-12,7,ROAD_ACCIDENT,police,1
2026-05-12,7,ROAD_DAMAGE,grievance,1
2026-05-12,7,SOLID_WASTE,grievance,2
2026-05-12,8,CRIME_VIOLENT,police,1
2026-05-12,8,DRAINAGE_SEWAGE,pwd,1
2026-05-12,8,ENCROACHMENT,pwd,1
2026-05-12,8,FLOOD_WATERLOGGING,grievance,1
2026-05-12,8,FOOD_SAFETY,grievance,1
2026-05-12,8,MISSING_PERSON,police,1
2026-05-12,8,POLICE_OTHER,police,2
2026-05-12,8,PUBLIC_WORKS,grievance,1
2026-05-12,8,SOLID_WASTE,grievance,2
2026-05-12,8,STREETLIGHT_ELECTRICAL,grievance,1
2026-05-12,8,TRAFFIC_OBSTRUCTION,police,1
2026-05-12,8,WATERBODY_INFRA,pwd,1
2026-05-12,9,BUILDING_SAFETY,pwd,1
2026-05-12,9,CRIME_PROPERTY,police,1
2026-05-12,9,DRAINAGE_SEWAGE,grievance,1
2026-05-12,9,MISSING_PERSON,police,1
2026-05-12,9,ROAD_DAMAGE,grievance,1
2026-05-12,9,SANITATION_TOILETS,grievance,2
2026-05-12,9,SOLID_WASTE,grievance,3
2026-05-12,9,STREETLIGHT_ELECTRICAL,grievance,1
2026-05-12,9,TREES_PARKS,grievance,1
2026-05-12,10,DARK_SPOT_SAFETY,grievance,1
2026-05-12,10,DRAINAGE_SEWAGE,grievance,1
2026-05-12,10,FLOOD_WATERLOGGING,grievance,1
2026-05-12,10,OTHER,grievance,1
2026-05-12,10,PUBLIC_ORDER,police,1
2026-05-12,10,ROAD_ACCIDENT,police,1
2026-05-12,10,ROAD_DAMAGE,grievance,1
2026-05-12,10,SOLID_WASTE,grievance,2
2026-05-12,11,CRIME_PROPERTY,police,1
2026-05-12,11,CRIME_VIOLENT,police,1
2026-05-12,11,DARK_SPOT_SAFETY,grievance,1
2026-05-12,11,FLOOD_WATERLOGGING,grievance,1
2026-05-12,11,OTHER,grievance,1
2026-05-12,11,SANITATION_TOILETS,grievance,1
2026-05-12,11,SOLID_WASTE,grievance,3
2026-05-12,11,TRAFFIC_OBSTRUCTION,grievance,1
2026-05-12,12,CRIME_PROPERTY,police,2
2026-05-12,12,ROAD_ACCIDENT,police,1
2026-05-12,12,SOLID_WASTE,grievance,1
2026-05-12,13,OTHER,grievance,1
2026-05-12,13,ROAD_ACCIDENT,police,2
2026-05-12,13,SOLID_WASTE,grievance,2
2026-05-12,13,STREETLIGHT_ELECTRICAL,grievance,1
2026-05-12,13,TRAFFIC_OBSTRUCTION,police,2
2026-05-12,13,WATERBODY_INFRA,pwd,1
2026-05-12,14,CRIME_PROPERTY,police,2
2026-05-12,14,ENCROACHMENT,grievance,1
2026-05-12,14,ROAD_ACCIDENT,police,4
2026-05-12,14,SOLID_WASTE,grievance,1
2026-05-12,14,STREETLIGHT_ELECTRICAL,grievance,1
2026-05-12,14,VECTOR_DISEASE,grievance,1
2026-05-12,15,CRIME_PROPERTY,police,2
2026-05-12,15,ROAD_ACCIDENT,police,2
2026-05-12,15,SOLID_WASTE,grievance,1
2026-05-12,15,STREETLIGHT_ELECTRICAL,grievance,3
2026-05-12,,ROAD_ACCIDENT,police,2
2026-05-13,1,DARK_SPOT_SAFETY,grievance,1
2026-05-13,1,DRAINAGE_SEWAGE,grievance,1
2026-05-13,1,DRAIN_WORKS_SAFETY,grievance,1
2026-05-13,1,ENCROACHMENT,pwd,1
2026-05-13,1,FLOOD_RELIEF,grievance,1
2026-05-13,1,FLOOD_WATERLOGGING,grievance,1
2026-05-13,1,SOLID_WASTE,grievance,2
2026-05-13,1,STREETLIGHT_ELECTRICAL,grievance,1
2026-05-13,1,TREES_PARKS,grievance,1
2026-05-13,2,ADMIN_SERVICES,grievance,1
2026-05-13,2,TRAFFIC_OBSTRUCTION,grievance,1
2026-05-13,3,ENCROACHMENT,grievance,1
2026-05-13,3,ROAD_DAMAGE,grievance,1
2026-05-13,3,SOLID_WASTE,grievance,1
2026-05-13,4,AIR_POLLUTION,grievance,1
2026-05-13,4,CRIME_VIOLENT,police,1
2026-05-13,4,DRAIN_WORKS_SAFETY,grievance,1
2026-05-13,4,FLOOD_WATERLOGGING,grievance,1
2026-05-13,4,MISSING_PERSON,police,1
2026-05-13,4,OTHER,grievance,1
2026-05-13,4,PUBLIC_ORDER,police,2
2026-05-13,4,ROAD_ACCIDENT,police,1
2026-05-13,4,SOLID_WASTE,grievance,3
2026-05-13,4,STREETLIGHT_ELECTRICAL,grievance,4
2026-05-13,4,STREETLIGHT_ELECTRICAL,police,1
2026-05-13,5,BUILDING_SAFETY,pwd,2
2026-05-13,5,DRAINAGE_SEWAGE,grievance,2
2026-05-13,5,MISSING_PERSON,police,1
2026-05-13,5,OTHER,grievance,2
2026-05-13,5,PUBLIC_ORDER,police,2
2026-05-13,5,SOLID_WASTE,grievance,2
2026-05-13,5,STREETLIGHT_ELECTRICAL,grievance,2
2026-05-13,5,TRAFFIC_OBSTRUCTION,police,1
2026-05-13,6,ADMIN_SERVICES,grievance,1
2026-05-13,6,CRIME_PROPERTY,police,3
2026-05-13,6,DRAINAGE_SEWAGE,pwd,1
2026-05-13,6,DRAIN_WORKS_SAFETY,grievance,1
2026-05-13,6,HEALTH_SERVICES,grievance,1
2026-05-13,6,ROAD_DAMAGE,grievance,1
2026-05-13,6,SANITATION_TOILETS,grievance,1
2026-05-13,6,SOLID_WASTE,grievance,3
2026-05-13,6,TRAFFIC_OBSTRUCTION,police,1
2026-05-13,6,TREES_PARKS,grievance,1
2026-05-13,7,AIR_POLLUTION,grievance,1
2026-05-13,7,CRIME_PROPERTY,police,4
2026-05-13,7,CRIME_VIOLENT,police,2
2026-05-13,7,DRUGS_LIQUOR,police,2
2026-05-13,7,ENCROACHMENT,grievance,1
2026-05-13,7,ROAD_ACCIDENT,police,2
2026-05-13,7,ROAD_DAMAGE,grievance,1
2026-05-13,7,SOLID_WASTE,grievance,3
2026-05-13,7,TREES_PARKS,grievance,1
2026-05-13,7,WATERBODY_INFRA,pwd,1
2026-05-13,8,BUILDING_SAFETY,pwd,1
2026-05-13,8,CRIME_PROPERTY,police,2
2026-05-13,8,DRUGS_LIQUOR,police,2
2026-05-13,8,ROAD_ACCIDENT,police,1
2026-05-13,8,ROAD_DAMAGE,grievance,1
2026-05-13,8,SOLID_WASTE,grievance,3
2026-05-13,8,TRAFFIC_OBSTRUCTION,police,1
2026-05-13,8,TREES_PARKS,grievance,1
2026-05-13,9,ADMIN_SERVICES,grievance,1
2026-05-13,9,BUILDING_SAFETY,pwd,1
2026-05-13,9,CRIME_VIOLENT,police,2
2026-05-13,9,ENCROACHMENT,pwd,1
2026-05-13,9,FOOD_SAFETY,grievance,2
2026-05-13,9,OTHER,grievance,1
2026-05-13,9,ROAD_DAMAGE,grievance,3
2026-05-13,9,SOLID_WASTE,grievance,2
2026-05-13,9,TREES_PARKS,grievance,1
2026-05-13,10,BUILDING_SAFETY,pwd,1
2026-05-13,10,CRIME_PROPERTY,police,3
2026-05-13,10,CRIME_VIOLENT,police,4
2026-05-13,10,DRAINAGE_SEWAGE,grievance,2
2026-05-13,10,ROAD_ACCIDENT,police,1
2026-05-13,10,ROAD_DAMAGE,grievance,1
2026-05-13,10,SOLID_WASTE,grievance,1
2026-05-13,10,STREETLIGHT_ELECTRICAL,grievance,2
2026-05-13,10,TREES_PARKS,grievance,1
2026-05-13,11,CRIME_VIOLENT,police,1
2026-05-13,11,DRAINAGE_SEWAGE,grievance,1
2026-05-13,11,ENCROACHMENT,pwd,1
2026-05-13,11,MISSING_PERSON,police,1
2026-05-13,11,ROAD_ACCIDENT,police,4
2026-05-13,11,ROAD_DAMAGE,grievance,1
2026-05-13,11,SOLID_WASTE,grievance,4
2026-05-13,12,CRIME_PROPERTY,police,1
2026-05-13,12,DRAIN_WORKS_SAFETY,grievance,1
2026-05-13,12,ROAD_ACCIDENT,police,1
2026-05-13,12,SANITATION_TOILETS,grievance,1
2026-05-13,12,TREES_PARKS,grievance,1
2026-05-13,13,CRIME_VIOLENT,police,2
2026-05-13,13,DRAINAGE_SEWAGE,grievance,1
2026-05-13,13,ENCROACHMENT,pwd,1
2026-05-13,13,FLOOD_RELIEF,grievance,1
2026-05-13,13,ROAD_ACCIDENT,police,2
2026-05-13,13,ROAD_DAMAGE,grievance,1
2026-05-13,13,SANITATION_TOILETS,grievance,1
2026-05-13,13,SOLID_WASTE,grievance,1
2026-05-13,14,CRIME_PROPERTY,police,3
2026-05-13,14,DRAINAGE_SEWAGE,grievance,1
2026-05-13,14,DRAIN_WORKS_SAFETY,grievance,1
2026-05-13,14,OTHER,grievance,1
2026-05-13,14,ROAD_ACCIDENT,police,2
2026-05-13,14,SOLID_WASTE,grievance,4
2026-05-13,14,STRAY_ANIMALS,grievance,1
2026-05-13,15,CRIME_PROPERTY,police,1
2026-05-13,15,DARK_SPOT_SAFETY,grievance,1
2026-05-13,15,ROAD_DAMAGE,pwd,1
2026-05-13,15,SOLID_WASTE,grievance,1
2026-05-13,15,STREETLIGHT_ELECTRICAL,grievance,1
2026-05-13,15,TRAFFIC_OBSTRUCTION,police,1
2026-05-14,1,CRIME_VIOLENT,police,1
2026-05-14,1,DRAINAGE_SEWAGE,grievance,1
2026-05-14,1,ENCROACHMENT,grievance,1
2026-05-14,1,ENCROACHMENT,pwd,1
2026-05-14,1,SOLID_WASTE,grievance,2
2026-05-14,1,TRAFFIC_OBSTRUCTION,police,2
2026-05-14,2,ADMIN_SERVICES,grievance,1
2026-05-14,2,STREETLIGHT_ELECTRICAL,grievance,1
2026-05-14,3,CRIME_PROPERTY,police,1
2026-05-14,3,CRIME_VIOLENT,police,1
2026-05-14,3,DRAIN_WORKS_SAFETY,grievance,1
2026-05-14,3,ENCROACHMENT,grievance,1
2026-05-14,3,OTHER,grievance,1
2026-05-14,3,SANITATION_TOILETS,grievance,1
2026-05-14,4,CRIME_PROPERTY,police,2
2026-05-14,4,CRIME_VIOLENT,police,1
2026-05-14,4,DRAIN_WORKS_SAFETY,grievance,1
2026-05-14,4,MISSING_PERSON,police,2
2026-05-14,4,PUBLIC_ORDER,police,2
2026-05-14,4,SANITATION_TOILETS,grievance,2
2026-05-14,4,SOLID_WASTE,grievance,4
2026-05-14,4,STRAY_ANIMALS,grievance,1
2026-05-14,4,STREETLIGHT_ELECTRICAL,grievance,2
2026-05-14,4,VECTOR_DISEASE,grievance,1
2026-05-14,5,BUILDING_SAFETY,pwd,5
2026-05-14,5,CRIME_PROPERTY,police,4
2026-05-14,5,DRAINAGE_SEWAGE,grievance,2
2026-05-14,5,FOOD_SAFETY,grievance,1
2026-05-14,5,PUBLIC_ORDER,police,2
2026-05-14,5,ROAD_DAMAGE,grievance,1
2026-05-14,5,SOLID_WASTE,grievance,4
2026-05-14,5,STREETLIGHT_ELECTRICAL,grievance,1
2026-05-14,5,TRAFFIC_OBSTRUCTION,police,2
2026-05-14,5,VECTOR_DISEASE,grievance,1
2026-05-14,6,CRIME_PROPERTY,police,1
2026-05-14,6,DRAINAGE_SEWAGE,grievance,1
2026-05-14,6,DRAIN_WORKS_SAFETY,grievance,1
2026-05-14,6,FLOOD_RELIEF,grievance,1
2026-05-14,6,PUBLIC_ORDER,police,1
2026-05-14,6,ROAD_ACCIDENT,police,1
2026-05-14,6,ROAD_DAMAGE,grievance,1
2026-05-14,6,SANITATION_TOILETS,grievance,3
2026-05-14,6,SOLID_WASTE,grievance,1
2026-05-14,6,STRAY_ANIMALS,grievance,1
2026-05-14,7,ADMIN_SERVICES,grievance,1
2026-05-14,7,CRIME_PROPERTY,police,2
2026-05-14,7,CRIME_VIOLENT,police,1
2026-05-14,7,ENCROACHMENT,grievance,1
2026-05-14,7,FLOOD_WATERLOGGING,grievance,1
2026-05-14,7,FOOD_SAFETY,grievance,1
2026-05-14,7,PUBLIC_WORKS,grievance,1
2026-05-14,7,ROAD_DAMAGE,grievance,1
2026-05-14,7,SANITATION_TOILETS,grievance,2
2026-05-14,7,SOLID_WASTE,grievance,6
2026-05-14,7,STRAY_ANIMALS,grievance,1
2026-05-14,7,TRAFFIC_OBSTRUCTION,police,1
2026-05-14,8,CRIME_PROPERTY,police,2
2026-05-14,8,CRIME_VIOLENT,police,1
2026-05-14,8,ENCROACHMENT,grievance,1
2026-05-14,8,ENCROACHMENT,pwd,1
2026-05-14,8,MISSING_PERSON,police,1
2026-05-14,8,ROAD_ACCIDENT,police,4
2026-05-14,8,SOLID_WASTE,grievance,2
2026-05-14,8,STRAY_ANIMALS,grievance,1
2026-05-14,8,STREETLIGHT_ELECTRICAL,grievance,1
2026-05-14,8,TRAFFIC_OBSTRUCTION,grievance,1
2026-05-14,8,TRAFFIC_OBSTRUCTION,police,3
2026-05-14,9,CRIME_PROPERTY,police,1
2026-05-14,9,CRIME_VIOLENT,police,1
2026-05-14,9,ENCROACHMENT,grievance,1
2026-05-14,9,ENCROACHMENT,pwd,1
2026-05-14,9,FOOD_SAFETY,grievance,1
2026-05-14,9,MISSING_PERSON,police,1
2026-05-14,9,ROAD_ACCIDENT,police,1
2026-05-14,9,ROAD_DAMAGE,grievance,2
2026-05-14,9,SANITATION_TOILETS,grievance,2
2026-05-14,9,SOLID_WASTE,grievance,6
2026-05-14,9,STRAY_ANIMALS,grievance,2
2026-05-14,9,STREETLIGHT_ELECTRICAL,grievance,1
2026-05-14,9,TRAFFIC_OBSTRUCTION,police,1
2026-05-14,10,AIR_POLLUTION,grievance,1
2026-05-14,10,CRIME_PROPERTY,police,3
2026-05-14,10,CRIME_VIOLENT,police,2
2026-05-14,10,DRAINAGE_SEWAGE,grievance,1
2026-05-14,10,PUBLIC_ORDER,police,1
2026-05-14,10,ROAD_ACCIDENT,police,5
2026-05-14,10,SANITATION_TOILETS,grievance,1
2026-05-14,10,SOLID_WASTE,grievance,5
2026-05-14,10,STREETLIGHT_ELECTRICAL,grievance,1
2026-05-14,11,CRIME_VIOLENT,police,1
2026-05-14,11,DRAINAGE_SEWAGE,grievance,1
2026-05-14,11,ENCROACHMENT,pwd,1
2026-05-14,11,FLOOD_RELIEF,grievance,1
2026-05-14,11,FLOOD_WATERLOGGING,grievance,1
2026-05-14,11,PUBLIC_ORDER,police,1
2026-05-14,11,PUBLIC_WORKS,grievance,1
2026-05-14,11,ROAD_ACCIDENT,police,5
2026-05-14,11,SANITATION_TOILETS,grievance,2
2026-05-14,11,SOLID_WASTE,grievance,2
2026-05-14,12,ADMIN_SERVICES,grievance,1
2026-05-14,12,CRIME_PROPERTY,police,1
2026-05-14,12,DRAINAGE_SEWAGE,pwd,1
2026-05-14,12,ENCROACHMENT,pwd,1
2026-05-14,12,FOOD_SAFETY,grievance,1
2026-05-14,12,POLICE_OTHER,police,1
2026-05-14,12,SOLID_WASTE,grievance,1
2026-05-14,12,WATERBODY_INFRA,pwd,1
2026-05-14,13,ADMIN_SERVICES,grievance,1
2026-05-14,13,BUILDING_SAFETY,pwd,1
2026-05-14,13,CRIME_VIOLENT,police,1
2026-05-14,13,DARK_SPOT_SAFETY,grievance,1
2026-05-14,13,DRAINAGE_SEWAGE,pwd,1
2026-05-14,13,ENCROACHMENT,pwd,1
2026-05-14,13,ROAD_ACCIDENT,police,5
2026-05-14,13,ROAD_DAMAGE,grievance,1
2026-05-14,13,SOLID_WASTE,grievance,1
2026-05-14,13,STRAY_ANIMALS,grievance,1
2026-05-14,13,TRAFFIC_OBSTRUCTION,police,1
2026-05-14,14,ADMIN_SERVICES,grievance,1
2026-05-14,14,CRIME_PROPERTY,police,1
2026-05-14,14,FLOOD_WATERLOGGING,grievance,1
2026-05-14,14,MISSING_PERSON,police,2
2026-05-14,14,SOLID_WASTE,grievance,1
2026-05-14,14,STREETLIGHT_ELECTRICAL,grievance,1
2026-05-14,15,BUILDING_SAFETY,pwd,1
2026-05-14,15,CRIME_PROPERTY,police,3
2026-05-14,15,DRAINAGE_SEWAGE,pwd,1
2026-05-14,15,ROAD_ACCIDENT,police,1
2026-05-14,15,SOLID_WASTE,grievance,2
2026-05-14,15,STREETLIGHT_ELECTRICAL,grievance,1
2026-05-14,15,TRAFFIC_OBSTRUCTION,police,1
2026-05-14,,CRIME_PROPERTY,police,1
2026-05-15,1,CRIME_PROPERTY,police,1
2026-05-15,1,FLOOD_RELIEF,grievance,1
2026-05-15,1,STREETLIGHT_ELECTRICAL,grievance,1
2026-05-15,1,TRAFFIC_OBSTRUCTION,police,2
2026-05-15,1,VECTOR_DISEASE,grievance,1
2026-05-15,2,CRIME_VIOLENT,police,1
2026-05-15,2,TREES_PARKS,grievance,1
2026-05-15,3,CRIME_PROPERTY,police,1
2026-05-15,3,DRAIN_WORKS_SAFETY,grievance,1
2026-05-15,3,PUBLIC_ORDER,police,5
2026-05-15,3,SOLID_WASTE,grievance,1
2026-05-15,3,STREETLIGHT_ELECTRICAL,grievance,1
2026-05-15,4,ADMIN_SERVICES,grievance,1
2026-05-15,4,CRIME_PROPERTY,police,3
2026-05-15,4,DRAIN_WORKS_SAFETY,grievance,1
2026-05-15,4,FLOOD_WATERLOGGING,pwd,1
2026-05-15,4,SANITATION_TOILETS,grievance,1
2026-05-15,4,STREETLIGHT_ELECTRICAL,grievance,3
2026-05-15,4,TRAFFIC_OBSTRUCTION,police,2
2026-05-15,4,TREES_PARKS,grievance,1
2026-05-15,5,BUILDING_SAFETY,pwd,2
2026-05-15,5,CIVIC_FACILITIES,grievance,1
2026-05-15,5,CRIME_PROPERTY,police,7
2026-05-15,5,CRIME_VIOLENT,police,2
2026-05-15,5,ENCROACHMENT,pwd,1
2026-05-15,5,ROAD_DAMAGE,grievance,1
2026-05-15,5,SANITATION_TOILETS,grievance,1
2026-05-15,5,SOLID_WASTE,grievance,3
2026-05-15,5,TRAFFIC_OBSTRUCTION,police,1
2026-05-15,6,CRIME_PROPERTY,police,3
2026-05-15,6,CRIME_VIOLENT,police,1
2026-05-15,6,DRAINAGE_SEWAGE,grievance,1
2026-05-15,6,DRUGS_LIQUOR,police,1
2026-05-15,6,MISSING_PERSON,police,2
2026-05-15,6,OTHER,grievance,1
2026-05-15,6,ROAD_DAMAGE,grievance,2
2026-05-15,6,SOLID_WASTE,grievance,3
2026-05-15,6,STREETLIGHT_ELECTRICAL,grievance,2
2026-05-15,7,ADMIN_SERVICES,grievance,3
2026-05-15,7,AIR_POLLUTION,grievance,1
2026-05-15,7,CRIME_PROPERTY,police,2
2026-05-15,7,ENCROACHMENT,pwd,1
2026-05-15,7,FOOD_SAFETY,grievance,1
2026-05-15,7,OTHER,grievance,2
2026-05-15,7,PUBLIC_WORKS,grievance,1
2026-05-15,7,ROAD_ACCIDENT,police,3
2026-05-15,7,STREETLIGHT_ELECTRICAL,grievance,1
2026-05-15,7,TRAFFIC_OBSTRUCTION,police,2
2026-05-15,7,VECTOR_DISEASE,grievance,1
2026-05-15,8,AIR_POLLUTION,grievance,1
2026-05-15,8,BUILDING_SAFETY,pwd,1
2026-05-15,8,CRIME_PROPERTY,police,2
2026-05-15,8,CRIME_VIOLENT,police,4
2026-05-15,8,DARK_SPOT_SAFETY,grievance,1
2026-05-15,8,DRAINAGE_SEWAGE,grievance,1
2026-05-15,8,DRAINAGE_SEWAGE,pwd,1
2026-05-15,8,DRAIN_WORKS_SAFETY,grievance,1
2026-05-15,8,OTHER,grievance,1
2026-05-15,8,ROAD_ACCIDENT,police,3
2026-05-15,8,SOLID_WASTE,grievance,5
2026-05-15,8,STREETLIGHT_ELECTRICAL,grievance,2
2026-05-15,8,TREES_PARKS,grievance,1
2026-05-15,8,WATERBODY_INFRA,pwd,1
2026-05-15,9,ADMIN_SERVICES,grievance,1
2026-05-15,9,CRIME_PROPERTY,police,1
2026-05-15,9,DRAIN_WORKS_SAFETY,grievance,1
2026-05-15,9,FLOOD_WATERLOGGING,grievance,1
2026-05-15,9,HEALTH_SERVICES,grievance,1
2026-05-15,9,MISSING_PERSON,police,3
2026-05-15,9,ROAD_DAMAGE,grievance,2
2026-05-15,9,SANITATION_TOILETS,grievance,1
2026-05-15,9,SOLID_WASTE,grievance,2
2026-05-15,10,ADMIN_SERVICES,grievance,1
2026-05-15,10,CRIME_PROPERTY,police,8
2026-05-15,10,CRIME_VIOLENT,police,1
2026-05-15,10,HEALTH_SERVICES,grievance,1
2026-05-15,10,MISSING_PERSON,police,1
2026-05-15,10,ROAD_ACCIDENT,police,1
2026-05-15,10,ROAD_DAMAGE,grievance,2
2026-05-15,10,SOLID_WASTE,grievance,2
2026-05-15,10,STREETLIGHT_ELECTRICAL,grievance,2
2026-05-15,11,DRAIN_WORKS_SAFETY,grievance,1
2026-05-15,11,ROAD_ACCIDENT,police,2
2026-05-15,11,SOLID_WASTE,grievance,1
2026-05-15,11,STREETLIGHT_ELECTRICAL,grievance,1
2026-05-15,11,TREES_PARKS,grievance,1
2026-05-15,12,DRAIN_WORKS_SAFETY,grievance,1
2026-05-15,12,SOLID_WASTE,grievance,1
2026-05-15,12,STREETLIGHT_ELECTRICAL,grievance,1
2026-05-15,13,CRIME_PROPERTY,police,1
2026-05-15,13,CRIME_VIOLENT,police,2
2026-05-15,13,MISSING_PERSON,police,1
2026-05-15,13,SOLID_WASTE,grievance,3
2026-05-15,13,STREETLIGHT_ELECTRICAL,grievance,1
2026-05-15,13,TRAFFIC_OBSTRUCTION,police,1
2026-05-15,14,CRIME_PROPERTY,police,2
2026-05-15,14,HEALTH_SERVICES,grievance,1
2026-05-15,14,OTHER,grievance,1
2026-05-15,14,SANITATION_TOILETS,grievance,1
2026-05-15,15,CRIME_VIOLENT,police,1
2026-05-15,15,ROAD_ACCIDENT,police,3
2026-05-15,,CRIME_VIOLENT,police,1
2026-05-15,,MISSING_PERSON,police,2
2026-05-16,1,ADMIN_SERVICES,grievance,1
2026-05-16,1,AIR_POLLUTION,grievance,1
2026-05-16,1,CRIME_PROPERTY,police,1
2026-05-16,1,CRIME_VIOLENT,police,1
2026-05-16,1,DARK_SPOT_SAFETY,grievance,1
2026-05-16,1,ENCROACHMENT,grievance,1
2026-05-16,1,HEALTH_SERVICES,grievance,2
2026-05-16,1,OTHER,grievance,1
2026-05-16,1,POLICE_OTHER,police,1
2026-05-16,1,PUBLIC_WORKS,grievance,1
2026-05-16,1,ROAD_DAMAGE,grievance,1
2026-05-16,1,SOLID_WASTE,grievance,3
2026-05-16,1,STRAY_ANIMALS,grievance,1
2026-05-16,1,STREETLIGHT_ELECTRICAL,grievance,1
2026-05-16,1,VECTOR_DISEASE,grievance,1
2026-05-16,2,CRIME_PROPERTY,police,1
2026-05-16,2,ROAD_ACCIDENT,police,1
2026-05-16,2,SOLID_WASTE,grievance,2
2026-05-16,3,CRIME_PROPERTY,police,3
2026-05-16,3,DRAIN_WORKS_SAFETY,grievance,1
2026-05-16,3,POLICE_OTHER,police,1
2026-05-16,3,PUBLIC_ORDER,police,1
2026-05-16,3,ROAD_ACCIDENT,police,3
2026-05-16,3,ROAD_DAMAGE,grievance,1
2026-05-16,3,STREETLIGHT_ELECTRICAL,grievance,1
2026-05-16,3,TRAFFIC_OBSTRUCTION,grievance,1
2026-05-16,4,CRIME_VIOLENT,police,1
2026-05-16,4,FOOD_SAFETY,grievance,1
2026-05-16,4,PUBLIC_ORDER,police,1
2026-05-16,4,ROAD_ACCIDENT,police,2
2026-05-16,4,SANITATION_TOILETS,grievance,1
2026-05-16,4,STREETLIGHT_ELECTRICAL,grievance,2
2026-05-16,4,TRAFFIC_OBSTRUCTION,police,3
2026-05-16,4,TREES_PARKS,grievance,1
2026-05-16,5,CRIME_PROPERTY,police,3
2026-05-16,5,CRIME_VIOLENT,police,2
2026-05-16,5,FLOOD_WATERLOGGING,grievance,1
2026-05-16,5,PUBLIC_ORDER,police,1
2026-05-16,5,ROAD_ACCIDENT,police,3
2026-05-16,5,ROAD_DAMAGE,grievance,1
2026-05-16,5,SOLID_WASTE,grievance,2
2026-05-16,5,STREETLIGHT_ELECTRICAL,grievance,2
2026-05-16,5,TRAFFIC_OBSTRUCTION,police,1
2026-05-16,6,ADMIN_SERVICES,grievance,2
2026-05-16,6,BUILDING_SAFETY,pwd,1
2026-05-16,6,CRIME_PROPERTY,police,1
2026-05-16,6,CRIME_VIOLENT,police,4
2026-05-16,6,DARK_SPOT_SAFETY,grievance,1
2026-05-16,6,DRAINAGE_SEWAGE,grievance,1
2026-05-16,6,DRAINAGE_SEWAGE,pwd,2
2026-05-16,6,MISSING_PERSON,police,2
2026-05-16,6,ROAD_ACCIDENT,police,5
2026-05-16,6,SOLID_WASTE,grievance,2
2026-05-16,6,STREETLIGHT_ELECTRICAL,grievance,1
2026-05-16,6,VECTOR_DISEASE,grievance,1
2026-05-16,7,ADMIN_SERVICES,grievance,1
2026-05-16,7,CRIME_PROPERTY,police,3
2026-05-16,7,DRUGS_LIQUOR,police,1
2026-05-16,7,FLOOD_WATERLOGGING,pwd,1
2026-05-16,7,HEALTH_SERVICES,grievance,1
2026-05-16,7,SOLID_WASTE,grievance,2
2026-05-16,7,STREETLIGHT_ELECTRICAL,grievance,1
2026-05-16,7,WATERBODY_INFRA,pwd,1
2026-05-16,8,ADMIN_SERVICES,grievance,1
2026-05-16,8,DRAINAGE_SEWAGE,grievance,1
2026-05-16,8,HEALTH_SERVICES,grievance,1
2026-05-16,8,PUBLIC_ORDER,police,1
2026-05-16,8,ROAD_ACCIDENT,police,4
2026-05-16,8,ROAD_DAMAGE,pwd,1
2026-05-16,8,SOLID_WASTE,grievance,2
2026-05-16,8,STRAY_ANIMALS,grievance,1
2026-05-16,9,CRIME_PROPERTY,police,2
2026-05-16,9,DRAIN_WORKS_SAFETY,grievance,1
2026-05-16,9,PUBLIC_ORDER,police,2
2026-05-16,9,ROAD_ACCIDENT,police,1
2026-05-16,9,STREETLIGHT_ELECTRICAL,grievance,2
2026-05-16,9,VECTOR_DISEASE,grievance,1
2026-05-16,10,ADMIN_SERVICES,grievance,1
2026-05-16,10,BUILDING_SAFETY,pwd,3
2026-05-16,10,CRIME_PROPERTY,police,1
2026-05-16,10,DRUGS_LIQUOR,police,1
2026-05-16,10,ENCROACHMENT,grievance,1
2026-05-16,10,OTHER,grievance,1
2026-05-16,10,ROAD_DAMAGE,grievance,1
2026-05-16,10,SOLID_WASTE,grievance,2
2026-05-16,10,STRAY_ANIMALS,grievance,1
2026-05-16,10,STREETLIGHT_ELECTRICAL,grievance,1
2026-05-16,10,TRAFFIC_OBSTRUCTION,police,1
2026-05-16,11,ADMIN_SERVICES,grievance,1
2026-05-16,11,CRIME_PROPERTY,police,2
2026-05-16,11,ENCROACHMENT,grievance,1
2026-05-16,11,STREETLIGHT_ELECTRICAL,grievance,3
2026-05-16,11,TRAFFIC_OBSTRUCTION,police,1
2026-05-16,11,TREES_PARKS,grievance,1
2026-05-16,12,ADMIN_SERVICES,grievance,1
2026-05-16,12,CRIME_PROPERTY,police,2
2026-05-16,12,PUBLIC_ORDER,police,1
2026-05-16,12,ROAD_ACCIDENT,police,1
2026-05-16,12,ROAD_DAMAGE,grievance,1
2026-05-16,12,SOLID_WASTE,grievance,2
2026-05-16,12,STREETLIGHT_ELECTRICAL,grievance,1
2026-05-16,12,TRAFFIC_OBSTRUCTION,grievance,1
2026-05-16,13,CRIME_PROPERTY,police,1
2026-05-16,13,CRIME_VIOLENT,police,1
2026-05-16,13,DRAINAGE_SEWAGE,grievance,1
2026-05-16,13,DRAIN_WORKS_SAFETY,grievance,1
2026-05-16,13,ENCROACHMENT,pwd,1
2026-05-16,13,FLOOD_WATERLOGGING,grievance,1
2026-05-16,13,FLOOD_WATERLOGGING,pwd,1
2026-05-16,13,ROAD_ACCIDENT,police,1
2026-05-16,13,SOLID_WASTE,grievance,1
2026-05-16,13,TRAFFIC_OBSTRUCTION,police,2
2026-05-16,14,CRIME_PROPERTY,police,1
2026-05-16,14,DRUGS_LIQUOR,police,1
2026-05-16,14,SANITATION_TOILETS,grievance,1
2026-05-16,14,STREETLIGHT_ELECTRICAL,grievance,1
2026-05-16,15,CRIME_PROPERTY,police,4
2026-05-16,15,POLICE_OTHER,police,1
2026-05-16,15,ROAD_ACCIDENT,police,2
2026-05-16,15,VECTOR_DISEASE,grievance,1
2026-05-16,,TRAFFIC_OBSTRUCTION,police,1
2026-05-17,1,CRIME_PROPERTY,police,1
2026-05-17,1,FLOOD_WATERLOGGING,grievance,1
2026-05-17,1,ROAD_ACCIDENT,police,5
2026-05-17,1,SANITATION_TOILETS,grievance,1
2026-05-17,1,SOLID_WASTE,grievance,2
2026-05-17,1,TRAFFIC_OBSTRUCTION,police,3
2026-05-17,2,CRIME_VIOLENT,police,2
2026-05-17,2,PUBLIC_ORDER,police,1
2026-05-17,2,SOLID_WASTE,grievance,2
2026-05-17,3,DRAINAGE_SEWAGE,pwd,1
2026-05-17,3,HEALTH_SERVICES,grievance,1
2026-05-17,3,OTHER,grievance,1
2026-05-17,3,PUBLIC_WORKS,grievance,1
2026-05-17,3,ROAD_ACCIDENT,police,1
2026-05-17,4,BUILDING_SAFETY,pwd,1
2026-05-17,4,CRIME_PROPERTY,police,2
2026-05-17,4,DRAINAGE_SEWAGE,grievance,3
2026-05-17,4,FLOOD_WATERLOGGING,grievance,1
2026-05-17,4,PUBLIC_ORDER,police,2
2026-05-17,4,SANITATION_TOILETS,grievance,1
2026-05-17,4,STREETLIGHT_ELECTRICAL,grievance,1
2026-05-17,4,TRAFFIC_OBSTRUCTION,police,1
2026-05-17,4,WATER_SUPPLY,grievance,1
2026-05-17,5,ADMIN_SERVICES,grievance,1
2026-05-17,5,CRIME_PROPERTY,police,2
2026-05-17,5,CRIME_VIOLENT,police,1
2026-05-17,5,FOOD_SAFETY,grievance,1
2026-05-17,5,MISSING_PERSON,police,1
2026-05-17,5,ROAD_ACCIDENT,police,1
2026-05-17,5,SOLID_WASTE,grievance,2
2026-05-17,5,STREETLIGHT_ELECTRICAL,grievance,1
2026-05-17,5,TRAFFIC_OBSTRUCTION,police,1
2026-05-17,5,TREES_PARKS,grievance,1
2026-05-17,6,DRAINAGE_SEWAGE,grievance,2
2026-05-17,6,ENCROACHMENT,pwd,1
2026-05-17,6,OTHER,grievance,2
2026-05-17,6,PUBLIC_ORDER,police,1
2026-05-17,6,ROAD_ACCIDENT,police,2
2026-05-17,6,SOLID_WASTE,grievance,1
2026-05-17,6,STRAY_ANIMALS,grievance,1
2026-05-17,6,STREETLIGHT_ELECTRICAL,grievance,1
2026-05-17,6,TRAFFIC_OBSTRUCTION,grievance,1
2026-05-17,7,ADMIN_SERVICES,grievance,1
2026-05-17,7,CRIME_PROPERTY,police,1
2026-05-17,7,CRIME_VIOLENT,police,1
2026-05-17,7,DARK_SPOT_SAFETY,grievance,1
2026-05-17,7,ROAD_DAMAGE,grievance,1
2026-05-17,7,SOLID_WASTE,grievance,2
2026-05-17,7,STREETLIGHT_ELECTRICAL,grievance,1
2026-05-17,8,CRIME_PROPERTY,police,1
2026-05-17,8,DRAIN_WORKS_SAFETY,grievance,1
2026-05-17,8,ENCROACHMENT,pwd,1
2026-05-17,8,PUBLIC_ORDER,police,1
2026-05-17,8,ROAD_ACCIDENT,police,1
2026-05-17,8,SANITATION_TOILETS,grievance,1
2026-05-17,8,SOLID_WASTE,grievance,1
2026-05-17,8,STRAY_ANIMALS,grievance,1
2026-05-17,8,TRAFFIC_OBSTRUCTION,grievance,1
2026-05-17,9,FLOOD_WATERLOGGING,grievance,1
2026-05-17,9,ROAD_ACCIDENT,police,2
2026-05-17,9,SOLID_WASTE,grievance,4
2026-05-17,9,STREETLIGHT_ELECTRICAL,grievance,1
2026-05-17,10,CRIME_PROPERTY,police,1
2026-05-17,10,CRIME_VIOLENT,police,1
2026-05-17,10,DARK_SPOT_SAFETY,grievance,1
2026-05-17,10,OTHER,grievance,1
2026-05-17,10,PUBLIC_ORDER,police,1
2026-05-17,10,SANITATION_TOILETS,grievance,2
2026-05-17,10,SOLID_WASTE,grievance,2
2026-05-17,10,STREETLIGHT_ELECTRICAL,grievance,1
2026-05-17,11,CRIME_PROPERTY,police,1
2026-05-17,11,DARK_SPOT_SAFETY,grievance,1
2026-05-17,11,FOOD_SAFETY,grievance,1
2026-05-17,11,PUBLIC_ORDER,police,1
2026-05-17,11,ROAD_ACCIDENT,police,2
2026-05-17,12,CRIME_PROPERTY,police,1
2026-05-17,12,FLOOD_WATERLOGGING,pwd,1
2026-05-17,12,OTHER,grievance,1
2026-05-17,12,PUBLIC_ORDER,police,2
2026-05-17,12,SOLID_WASTE,grievance,1
2026-05-17,13,BUILDING_SAFETY,pwd,1
2026-05-17,13,CRIME_PROPERTY,police,2
2026-05-17,13,MISSING_PERSON,police,1
2026-05-17,13,PUBLIC_ORDER,police,1
2026-05-17,13,ROAD_ACCIDENT,police,1
2026-05-17,13,SANITATION_TOILETS,grievance,1
2026-05-17,13,STREETLIGHT_ELECTRICAL,grievance,3
2026-05-17,14,CRIME_VIOLENT,police,1
2026-05-17,14,DRAIN_WORKS_SAFETY,grievance,1
2026-05-17,14,HEALTH_SERVICES,grievance,1
2026-05-17,14,ROAD_DAMAGE,grievance,1
2026-05-17,14,SOLID_WASTE,grievance,2
2026-05-17,15,ENCROACHMENT,pwd,1
2026-05-17,15,ROAD_DAMAGE,grievance,1
2026-05-17,15,TREES_PARKS,grievance,1
2026-05-17,,CRIME_PROPERTY,police,1
2026-05-17,,POLICE_OTHER,police,1
2026-05-18,1,AIR_POLLUTION,grievance,1
2026-05-18,1,CRIME_PROPERTY,police,1
2026-05-18,1,OTHER,grievance,1
2026-05-18,1,ROAD_ACCIDENT,police,2
2026-05-18,1,SOLID_WASTE,grievance,1
2026-05-18,1,STRAY_ANIMALS,grievance,1
2026-05-18,1,STREETLIGHT_ELECTRICAL,grievance,1
2026-05-18,1,TRAFFIC_OBSTRUCTION,police,3
2026-05-18,1,WATERBODY_INFRA,pwd,1
2026-05-18,2,ADMIN_SERVICES,grievance,1
2026-05-18,2,DRUGS_LIQUOR,police,2
2026-05-18,2,SANITATION_TOILETS,grievance,1
2026-05-18,3,CRIME_VIOLENT,police,1
2026-05-18,3,DARK_SPOT_SAFETY,grievance,1
2026-05-18,3,FLOOD_WATERLOGGING,grievance,1
2026-05-18,3,ROAD_ACCIDENT,police,1
2026-05-18,3,ROAD_DAMAGE,grievance,1
2026-05-18,3,STREETLIGHT_ELECTRICAL,grievance,1
2026-05-18,4,DRAINAGE_SEWAGE,grievance,1
2026-05-18,4,FLOOD_WATERLOGGING,grievance,1
2026-05-18,4,FLOOD_WATERLOGGING,pwd,1
2026-05-18,4,OTHER,grievance,2
2026-05-18,4,PUBLIC_ORDER,police,3
2026-05-18,4,ROAD_ACCIDENT,police,1
2026-05-18,4,ROAD_DAMAGE,grievance,1
2026-05-18,4,SOLID_WASTE,grievance,1
2026-05-18,4,STREETLIGHT_ELECTRICAL,grievance,3
2026-05-18,4,TRAFFIC_OBSTRUCTION,grievance,1
2026-05-18,4,TRAFFIC_OBSTRUCTION,police,2
2026-05-18,4,TREES_PARKS,grievance,2
2026-05-18,5,ADMIN_SERVICES,grievance,1
2026-05-18,5,BUILDING_SAFETY,pwd,1
2026-05-18,5,CRIME_PROPERTY,police,2
2026-05-18,5,HEALTH_SERVICES,grievance,1
2026-05-18,5,HEALTH_SERVICES,hospital,1
2026-05-18,5,ROAD_ACCIDENT,police,1
2026-05-18,5,ROAD_DAMAGE,grievance,1
2026-05-18,5,SOLID_WASTE,grievance,3
2026-05-18,5,STREETLIGHT_ELECTRICAL,grievance,1
2026-05-18,5,VECTOR_DISEASE,grievance,1
2026-05-18,6,ADMIN_SERVICES,grievance,1
2026-05-18,6,CRIME_PROPERTY,police,1
2026-05-18,6,DRAINAGE_SEWAGE,pwd,1
2026-05-18,6,DRAIN_WORKS_SAFETY,grievance,1
2026-05-18,6,FLOOD_WATERLOGGING,grievance,2
2026-05-18,6,OTHER,pwd,1
2026-05-18,6,SOLID_WASTE,grievance,1
2026-05-18,6,STREETLIGHT_ELECTRICAL,grievance,2
2026-05-18,6,TRAFFIC_OBSTRUCTION,police,1
2026-05-18,6,TREES_PARKS,grievance,1
2026-05-18,7,ADMIN_SERVICES,grievance,1
2026-05-18,7,CRIME_PROPERTY,police,1
2026-05-18,7,CRIME_VIOLENT,police,4
2026-05-18,7,DRAINAGE_SEWAGE,grievance,1
2026-05-18,7,DRAIN_WORKS_SAFETY,grievance,1
2026-05-18,7,ENCROACHMENT,pwd,1
2026-05-18,7,ROAD_DAMAGE,grievance,1
2026-05-18,7,SOLID_WASTE,grievance,2
2026-05-18,7,TRAFFIC_OBSTRUCTION,police,1
2026-05-18,7,WATERBODY_INFRA,pwd,1
2026-05-18,8,BUILDING_SAFETY,pwd,1
2026-05-18,8,CRIME_PROPERTY,police,1
2026-05-18,8,DRAINAGE_SEWAGE,grievance,1
2026-05-18,8,DRAINAGE_SEWAGE,pwd,1
2026-05-18,8,DRAIN_WORKS_SAFETY,grievance,1
2026-05-18,8,FLOOD_WATERLOGGING,pwd,1
2026-05-18,8,MISSING_PERSON,police,1
2026-05-18,8,ROAD_ACCIDENT,police,3
2026-05-18,8,ROAD_DAMAGE,grievance,1
2026-05-18,8,STREETLIGHT_ELECTRICAL,grievance,1
2026-05-18,8,TRAFFIC_OBSTRUCTION,grievance,1
2026-05-18,9,BUILDING_SAFETY,pwd,1
2026-05-18,9,CRIME_PROPERTY,police,1
2026-05-18,9,CRIME_VIOLENT,police,2
2026-05-18,9,DRAINAGE_SEWAGE,grievance,2
2026-05-18,9,DRAINAGE_SEWAGE,pwd,1
2026-05-18,9,OTHER,grievance,1
2026-05-18,9,ROAD_DAMAGE,grievance,3
2026-05-18,9,SOLID_WASTE,grievance,2
2026-05-18,9,STRAY_ANIMALS,grievance,1
2026-05-18,9,STREETLIGHT_ELECTRICAL,grievance,3
2026-05-18,9,TRAFFIC_OBSTRUCTION,police,1
2026-05-18,9,TREES_PARKS,grievance,1
2026-05-18,10,CRIME_PROPERTY,police,2
2026-05-18,10,CRIME_VIOLENT,police,2
2026-05-18,10,DARK_SPOT_SAFETY,grievance,2
2026-05-18,10,ENCROACHMENT,grievance,1
2026-05-18,10,HEALTH_SERVICES,grievance,1
2026-05-18,10,PUBLIC_ORDER,police,2
2026-05-18,10,ROAD_ACCIDENT,police,1
2026-05-18,10,ROAD_DAMAGE,grievance,1
2026-05-18,10,SANITATION_TOILETS,grievance,1
2026-05-18,10,SOLID_WASTE,grievance,5
2026-05-18,10,STREETLIGHT_ELECTRICAL,grievance,1
2026-05-18,10,TREES_PARKS,grievance,1
2026-05-18,11,DRAINAGE_SEWAGE,pwd,2
2026-05-18,11,FLOOD_WATERLOGGING,pwd,1
2026-05-18,11,FOOD_SAFETY,grievance,1
2026-05-18,11,OTHER,pwd,1
2026-05-18,11,SOLID_WASTE,grievance,1
2026-05-18,11,STREETLIGHT_ELECTRICAL,grievance,3
2026-05-18,12,DRAIN_WORKS_SAFETY,grievance,1
2026-05-18,12,PUBLIC_ORDER,police,2
2026-05-18,12,ROAD_ACCIDENT,police,2
2026-05-18,12,SOLID_WASTE,grievance,2
2026-05-18,12,STREETLIGHT_ELECTRICAL,grievance,1
2026-05-18,12,TRAFFIC_OBSTRUCTION,police,1
2026-05-18,12,TREES_PARKS,grievance,1
2026-05-18,13,DRAINAGE_SEWAGE,grievance,2
2026-05-18,13,DRAIN_WORKS_SAFETY,grievance,1
2026-05-18,13,DRUGS_LIQUOR,police,1
2026-05-18,13,PUBLIC_WORKS,grievance,1
2026-05-18,13,ROAD_ACCIDENT,police,2
2026-05-18,13,STREETLIGHT_ELECTRICAL,grievance,3
2026-05-18,13,TRAFFIC_OBSTRUCTION,police,1
2026-05-18,13,WATERBODY_INFRA,pwd,1
2026-05-18,14,DARK_SPOT_SAFETY,grievance,1
2026-05-18,14,DRAIN_WORKS_SAFETY,grievance,1
2026-05-18,14,ROAD_DAMAGE,grievance,1
2026-05-18,15,CRIME_PROPERTY,police,2
2026-05-18,15,CRIME_VIOLENT,police,1
2026-05-18,15,ROAD_ACCIDENT,police,1
2026-05-18,15,SOLID_WASTE,grievance,1
2026-05-18,15,TRAFFIC_OBSTRUCTION,police,1
2026-05-18,,CRIME_VIOLENT,police,1
2026-05-18,,ROAD_ACCIDENT,police,1
2026-05-19,1,CRIME_VIOLENT,police,2
2026-05-19,1,FLOOD_WATERLOGGING,grievance,2
2026-05-19,1,ROAD_ACCIDENT,police,1
2026-05-19,1,ROAD_DAMAGE,grievance,1
2026-05-19,1,TREES_PARKS,grievance,1
2026-05-19,1,WATER_SUPPLY,grievance,1
2026-05-19,2,DRAINAGE_SEWAGE,grievance,1
2026-05-19,2,FLOOD_WATERLOGGING,police,1
2026-05-19,2,TRAFFIC_OBSTRUCTION,police,1
2026-05-19,3,BUILDING_SAFETY,pwd,1
2026-05-19,3,CRIME_VIOLENT,police,1
2026-05-19,3,DRAINAGE_SEWAGE,grievance,1
2026-05-19,3,FLOOD_WATERLOGGING,police,1
2026-05-19,3,FLOOD_WATERLOGGING,pwd,5
2026-05-19,3,OTHER,grievance,1
2026-05-19,3,ROAD_DAMAGE,grievance,1
2026-05-19,3,SOLID_WASTE,grievance,3
2026-05-19,3,TRAFFIC_OBSTRUCTION,grievance,1
2026-05-19,3,TRAFFIC_OBSTRUCTION,police,1
2026-05-19,3,WATERBODY_INFRA,pwd,1
2026-05-19,4,ADMIN_SERVICES,grievance,1
2026-05-19,4,CRIME_PROPERTY,police,1
2026-05-19,4,DRAINAGE_SEWAGE,grievance,1
2026-05-19,4,DRAIN_WORKS_SAFETY,grievance,3
2026-05-19,4,FLOOD_WATERLOGGING,police,1
2026-05-19,4,FLOOD_WATERLOGGING,pwd,1
2026-05-19,4,ROAD_ACCIDENT,police,2
2026-05-19,4,ROAD_DAMAGE,grievance,1
2026-05-19,4,SANITATION_TOILETS,grievance,1
2026-05-19,4,SOLID_WASTE,grievance,2
2026-05-19,4,STREETLIGHT_ELECTRICAL,grievance,2
2026-05-19,4,TRAFFIC_OBSTRUCTION,police,1
2026-05-19,4,VECTOR_DISEASE,grievance,1
2026-05-19,5,BUILDING_SAFETY,pwd,1
2026-05-19,5,CRIME_PROPERTY,police,4
2026-05-19,5,CRIME_VIOLENT,police,1
2026-05-19,5,DRAINAGE_SEWAGE,grievance,2
2026-05-19,5,DRAIN_WORKS_SAFETY,grievance,2
2026-05-19,5,FLOOD_RELIEF,grievance,1
2026-05-19,5,FLOOD_WATERLOGGING,grievance,5
2026-05-19,5,FLOOD_WATERLOGGING,police,1
2026-05-19,5,FLOOD_WATERLOGGING,pwd,2
2026-05-19,5,MISSING_PERSON,police,1
2026-05-19,5,POLICE_OTHER,police,1
2026-05-19,5,PUBLIC_ORDER,police,2
2026-05-19,5,ROAD_ACCIDENT,police,1
2026-05-19,5,ROAD_DAMAGE,grievance,2
2026-05-19,5,ROAD_DAMAGE,pwd,1
2026-05-19,5,SOLID_WASTE,grievance,4
2026-05-19,5,STREETLIGHT_ELECTRICAL,grievance,5
2026-05-19,5,TRAFFIC_OBSTRUCTION,police,2
2026-05-19,5,VECTOR_DISEASE,grievance,2
2026-05-19,6,BUILDING_SAFETY,police,1
2026-05-19,6,BUILDING_SAFETY,pwd,3
2026-05-19,6,CRIME_PROPERTY,police,2
2026-05-19,6,DRAINAGE_SEWAGE,grievance,1
2026-05-19,6,DRAIN_WORKS_SAFETY,grievance,1
2026-05-19,6,FLOOD_WATERLOGGING,grievance,1
2026-05-19,6,FLOOD_WATERLOGGING,police,4
2026-05-19,6,FLOOD_WATERLOGGING,pwd,3
2026-05-19,6,ROAD_ACCIDENT,police,1
2026-05-19,6,SOLID_WASTE,grievance,2
2026-05-19,6,STREETLIGHT_ELECTRICAL,grievance,1
2026-05-19,6,TRAFFIC_OBSTRUCTION,police,2
2026-05-19,7,BUILDING_SAFETY,pwd,4
2026-05-19,7,CRIME_PROPERTY,police,2
2026-05-19,7,DRAINAGE_SEWAGE,grievance,1
2026-05-19,7,FLOOD_WATERLOGGING,grievance,5
2026-05-19,7,FLOOD_WATERLOGGING,police,1
2026-05-19,7,FLOOD_WATERLOGGING,pwd,5
2026-05-19,7,PUBLIC_ORDER,police,1
2026-05-19,7,ROAD_DAMAGE,grievance,1
2026-05-19,7,SANITATION_TOILETS,grievance,1
2026-05-19,7,STREETLIGHT_ELECTRICAL,grievance,1
2026-05-19,7,WATERBODY_INFRA,pwd,1
2026-05-19,8,CRIME_PROPERTY,police,2
2026-05-19,8,DRAINAGE_SEWAGE,pwd,1
2026-05-19,8,DRAIN_WORKS_SAFETY,grievance,2
2026-05-19,8,ENCROACHMENT,pwd,1
2026-05-19,8,FLOOD_WATERLOGGING,grievance,3
2026-05-19,8,FLOOD_WATERLOGGING,police,4
2026-05-19,8,FLOOD_WATERLOGGING,pwd,1
2026-05-19,8,PUBLIC_ORDER,police,1
2026-05-19,8,PUBLIC_WORKS,grievance,1
2026-05-19,8,ROAD_ACCIDENT,police,3
2026-05-19,8,ROAD_DAMAGE,grievance,1
2026-05-19,8,SOLID_WASTE,grievance,3
2026-05-19,8,TRAFFIC_OBSTRUCTION,police,2
2026-05-19,9,ADMIN_SERVICES,grievance,1
2026-05-19,9,BUILDING_SAFETY,police,1
2026-05-19,9,BUILDING_SAFETY,pwd,1
2026-05-19,9,DRAINAGE_SEWAGE,grievance,1
2026-05-19,9,DRAIN_WORKS_SAFETY,grievance,5
2026-05-19,9,FLOOD_WATERLOGGING,grievance,3
2026-05-19,9,FLOOD_WATERLOGGING,police,3
2026-05-19,9,FLOOD_WATERLOGGING,pwd,2
2026-05-19,9,MISSING_PERSON,police,1
2026-05-19,9,ROAD_ACCIDENT,police,1
2026-05-19,9,ROAD_DAMAGE,grievance,2
2026-05-19,9,SOLID_WASTE,grievance,5
2026-05-19,9,STREETLIGHT_ELECTRICAL,grievance,5
2026-05-19,9,TRAFFIC_OBSTRUCTION,police,2
2026-05-19,9,TREES_PARKS,grievance,3
2026-05-19,10,BUILDING_SAFETY,pwd,1
2026-05-19,10,DRAINAGE_SEWAGE,grievance,1
2026-05-19,10,DRAIN_WORKS_SAFETY,grievance,5
2026-05-19,10,FLOOD_WATERLOGGING,police,1
2026-05-19,10,FLOOD_WATERLOGGING,pwd,2
2026-05-19,10,OTHER,grievance,1
2026-05-19,10,ROAD_ACCIDENT,police,3
2026-05-19,10,ROAD_DAMAGE,grievance,1
2026-05-19,10,SOLID_WASTE,grievance,2
2026-05-19,10,STREETLIGHT_ELECTRICAL,grievance,2
2026-05-19,10,VECTOR_DISEASE,grievance,1
2026-05-19,11,CRIME_PROPERTY,police,2
2026-05-19,11,DRAINAGE_SEWAGE,pwd,1
2026-05-19,11,DRAIN_WORKS_SAFETY,grievance,1
2026-05-19,11,FLOOD_WATERLOGGING,grievance,5
2026-05-19,11,FLOOD_WATERLOGGING,police,2
2026-05-19,11,FLOOD_WATERLOGGING,pwd,2
2026-05-19,11,ROAD_ACCIDENT,police,1
2026-05-19,11,SOLID_WASTE,grievance,3
2026-05-19,11,STREETLIGHT_ELECTRICAL,grievance,3
2026-05-19,11,TRAFFIC_OBSTRUCTION,police,1
2026-05-19,11,WATERBODY_INFRA,pwd,1
2026-05-19,12,FLOOD_WATERLOGGING,grievance,1
2026-05-19,12,FLOOD_WATERLOGGING,police,5
2026-05-19,12,FLOOD_WATERLOGGING,pwd,3
2026-05-19,12,HEALTH_SERVICES,grievance,1
2026-05-19,12,MISSING_PERSON,police,2
2026-05-19,12,ROAD_ACCIDENT,police,2
2026-05-19,12,SANITATION_TOILETS,grievance,1
2026-05-19,12,STREETLIGHT_ELECTRICAL,grievance,2
2026-05-19,12,TRAFFIC_OBSTRUCTION,police,1
2026-05-19,12,VECTOR_DISEASE,grievance,1
2026-05-19,12,WATERBODY_INFRA,pwd,1
2026-05-19,13,BUILDING_SAFETY,pwd,2
2026-05-19,13,CRIME_PROPERTY,police,1
2026-05-19,13,DRAINAGE_SEWAGE,grievance,1
2026-05-19,13,DRAINAGE_SEWAGE,pwd,1
2026-05-19,13,DRAIN_WORKS_SAFETY,grievance,3
2026-05-19,13,FLOOD_WATERLOGGING,grievance,2
2026-05-19,13,FLOOD_WATERLOGGING,police,2
2026-05-19,13,FLOOD_WATERLOGGING,pwd,5
2026-05-19,13,FOOD_SAFETY,grievance,1
2026-05-19,13,ROAD_ACCIDENT,police,1
2026-05-19,13,ROAD_DAMAGE,grievance,2
2026-05-19,13,TREES_PARKS,grievance,3
2026-05-19,13,WATERBODY_INFRA,pwd,1
2026-05-19,14,DRAIN_WORKS_SAFETY,grievance,1
2026-05-19,14,ENCROACHMENT,grievance,1
2026-05-19,14,FLOOD_RELIEF,grievance,1
2026-05-19,14,FLOOD_WATERLOGGING,grievance,3
2026-05-19,14,SANITATION_TOILETS,grievance,1
2026-05-19,15,CRIME_PROPERTY,police,2
2026-05-19,15,DRAINAGE_SEWAGE,grievance,1
2026-05-19,15,DRAIN_WORKS_SAFETY,grievance,1
2026-05-19,15,FLOOD_WATERLOGGING,grievance,2
2026-05-19,15,FLOOD_WATERLOGGING,police,1
2026-05-19,15,FLOOD_WATERLOGGING,pwd,3
2026-05-19,15,PUBLIC_ORDER,police,2
2026-05-19,15,WATERBODY_INFRA,pwd,1
2026-05-20,1,CRIME_PROPERTY,police,2
2026-05-20,1,DRAIN_WORKS_SAFETY,grievance,1
2026-05-20,1,OTHER,grievance,1
2026-05-20,1,ROAD_ACCIDENT,police,1
2026-05-20,1,SOLID_WASTE,grievance,1
2026-05-20,1,TRAFFIC_OBSTRUCTION,grievance,1
2026-05-20,1,TRAFFIC_OBSTRUCTION,police,1
2026-05-20,1,WATERBODY_INFRA,pwd,2
2026-05-20,2,CRIME_PROPERTY,police,1
2026-05-20,2,SOLID_WASTE,grievance,1
2026-05-20,3,CRIME_PROPERTY,police,1
2026-05-20,3,CRIME_VIOLENT,police,2
2026-05-20,3,FLOOD_WATERLOGGING,grievance,1
2026-05-20,3,SANITATION_TOILETS,grievance,1
2026-05-20,3,WATERBODY_INFRA,pwd,1
2026-05-20,4,CRIME_PROPERTY,police,2
2026-05-20,4,CRIME_VIOLENT,police,1
2026-05-20,4,DRAINAGE_SEWAGE,grievance,1
2026-05-20,4,DRAIN_WORKS_SAFETY,grievance,2
2026-05-20,4,FLOOD_RELIEF,grievance,2
2026-05-20,4,FLOOD_WATERLOGGING,grievance,2
2026-05-20,4,FLOOD_WATERLOGGING,police,1
2026-05-20,4,FLOOD_WATERLOGGING,pwd,1
2026-05-20,4,MISSING_PERSON,police,3
2026-05-20,4,PUBLIC_WORKS,grievance,1
2026-05-20,4,ROAD_ACCIDENT,police,1
2026-05-20,4,ROAD_DAMAGE,grievance,1
2026-05-20,4,SOLID_WASTE,grievance,2
2026-05-20,4,STREETLIGHT_ELECTRICAL,grievance,5
2026-05-20,5,BUILDING_SAFETY,pwd,1
2026-05-20,5,CRIME_PROPERTY,police,2
2026-05-20,5,CRIME_VIOLENT,police,1
2026-05-20,5,DRAINAGE_SEWAGE,grievance,3
2026-05-20,5,DRAIN_WORKS_SAFETY,grievance,2
2026-05-20,5,FLOOD_WATERLOGGING,grievance,8
2026-05-20,5,MISSING_PERSON,police,1
2026-05-20,5,PUBLIC_ORDER,police,1
2026-05-20,5,ROAD_DAMAGE,grievance,3
2026-05-20,5,SOLID_WASTE,grievance,1
2026-05-20,5,STREETLIGHT_ELECTRICAL,grievance,1
2026-05-20,5,VECTOR_DISEASE,grievance,1
2026-05-20,6,CRIME_PROPERTY,police,3
2026-05-20,6,CRIME_VIOLENT,police,3
2026-05-20,6,FLOOD_WATERLOGGING,police,1
2026-05-20,6,MISSING_PERSON,police,2
2026-05-20,6,ROAD_DAMAGE,grievance,1
2026-05-20,6,SOLID_WASTE,grievance,3
2026-05-20,6,STREETLIGHT_ELECTRICAL,grievance,2
2026-05-20,6,TRAFFIC_OBSTRUCTION,police,2
2026-05-20,7,CIVIC_FACILITIES,grievance,1
2026-05-20,7,CRIME_VIOLENT,police,2
2026-05-20,7,DRAINAGE_SEWAGE,grievance,3
2026-05-20,7,FLOOD_WATERLOGGING,grievance,8
2026-05-20,7,PUBLIC_ORDER,police,1
2026-05-20,7,PUBLIC_WORKS,grievance,1
2026-05-20,7,SANITATION_TOILETS,grievance,1
2026-05-20,7,STREETLIGHT_ELECTRICAL,grievance,1
2026-05-20,7,WATERBODY_INFRA,pwd,1
2026-05-20,8,CRIME_PROPERTY,police,7
2026-05-20,8,CRIME_VIOLENT,police,1
2026-05-20,8,FLOOD_WATERLOGGING,grievance,1
2026-05-20,8,OTHER,grievance,1
2026-05-20,8,POLICE_OTHER,police,1
2026-05-20,8,ROAD_ACCIDENT,police,3
2026-05-20,8,SOLID_WASTE,grievance,2
2026-05-20,8,STREETLIGHT_ELECTRICAL,grievance,2
2026-05-20,8,TRAFFIC_OBSTRUCTION,police,1
2026-05-20,9,ADMIN_SERVICES,grievance,3
2026-05-20,9,BUILDING_SAFETY,pwd,1
2026-05-20,9,DARK_SPOT_SAFETY,grievance,1
2026-05-20,9,DRAIN_WORKS_SAFETY,grievance,2
2026-05-20,9,FLOOD_RELIEF,grievance,1
2026-05-20,9,FLOOD_WATERLOGGING,grievance,1
2026-05-20,9,FLOOD_WATERLOGGING,pwd,1
2026-05-20,9,ROAD_ACCIDENT,police,1
2026-05-20,9,STREETLIGHT_ELECTRICAL,grievance,2
2026-05-20,9,TREES_PARKS,grievance,6
2026-05-20,10,CRIME_PROPERTY,police,1
2026-05-20,10,DRAINAGE_SEWAGE,grievance,1
2026-05-20,10,DRAIN_WORKS_SAFETY,grievance,3
2026-05-20,10,ENCROACHMENT,grievance,2
2026-05-20,10,FLOOD_WATERLOGGING,grievance,3
2026-05-20,10,ROAD_ACCIDENT,police,1
2026-05-20,10,SOLID_WASTE,grievance,2
2026-05-20,10,STREETLIGHT_ELECTRICAL,grievance,1
2026-05-20,11,DRAINAGE_SEWAGE,grievance,3
2026-05-20,11,DRAINAGE_SEWAGE,pwd,1
2026-05-20,11,DRAIN_WORKS_SAFETY,grievance,2
2026-05-20,11,ENCROACHMENT,pwd,2
2026-05-20,11,FLOOD_RELIEF,grievance,1
2026-05-20,11,FLOOD_WATERLOGGING,grievance,1
2026-05-20,11,FLOOD_WATERLOGGING,police,1
2026-05-20,11,ROAD_ACCIDENT,police,1
2026-05-20,11,ROAD_DAMAGE,grievance,1
2026-05-20,11,SOLID_WASTE,grievance,3
2026-05-20,11,STRAY_ANIMALS,grievance,1
2026-05-20,11,STREETLIGHT_ELECTRICAL,grievance,1
2026-05-20,11,WATERBODY_INFRA,pwd,1
2026-05-20,12,DRUGS_LIQUOR,police,3
2026-05-20,12,FLOOD_RELIEF,grievance,1
2026-05-20,12,ROAD_DAMAGE,grievance,1
2026-05-20,12,SANITATION_TOILETS,grievance,2
2026-05-20,12,STRAY_ANIMALS,grievance,1
2026-05-20,13,ADMIN_SERVICES,grievance,1
2026-05-20,13,BUILDING_SAFETY,pwd,2
2026-05-20,13,CRIME_PROPERTY,police,1
2026-05-20,13,DRAIN_WORKS_SAFETY,grievance,1
2026-05-20,13,FLOOD_WATERLOGGING,grievance,2
2026-05-20,13,PUBLIC_WORKS,grievance,1
2026-05-20,13,ROAD_ACCIDENT,police,3
2026-05-20,13,SOLID_WASTE,grievance,3
2026-05-20,13,STREETLIGHT_ELECTRICAL,grievance,4
2026-05-20,13,TREES_PARKS,grievance,4
2026-05-20,14,ADMIN_SERVICES,grievance,1
2026-05-20,14,CRIME_PROPERTY,police,2
2026-05-20,14,DRAINAGE_SEWAGE,grievance,1
2026-05-20,14,DRAIN_WORKS_SAFETY,grievance,1
2026-05-20,14,ENCROACHMENT,grievance,1
2026-05-20,14,FLOOD_WATERLOGGING,grievance,1
2026-05-20,14,FLOOD_WATERLOGGING,pwd,3
2026-05-20,14,POLICE_OTHER,police,1
2026-05-20,14,SANITATION_TOILETS,grievance,1
2026-05-20,14,SOLID_WASTE,grievance,1
2026-05-20,14,STREETLIGHT_ELECTRICAL,grievance,1
2026-05-20,14,TREES_PARKS,grievance,1
2026-05-20,15,CRIME_PROPERTY,police,2
2026-05-20,15,DRAINAGE_SEWAGE,pwd,1
2026-05-20,15,DRAIN_WORKS_SAFETY,grievance,2
2026-05-20,15,DRUGS_LIQUOR,police,1
2026-05-20,15,FLOOD_WATERLOGGING,grievance,2
2026-05-20,15,ROAD_ACCIDENT,police,7
2026-05-20,15,ROAD_DAMAGE,pwd,1
2026-05-20,15,SANITATION_TOILETS,grievance,1
2026-05-20,15,SOLID_WASTE,grievance,1
2026-05-20,,CRIME_VIOLENT,police,1
2026-05-21,1,DRAIN_WORKS_SAFETY,grievance,1
2026-05-21,1,OTHER,grievance,1
2026-05-21,1,ROAD_ACCIDENT,police,1
2026-05-21,1,SOLID_WASTE,grievance,2
2026-05-21,1,STREETLIGHT_ELECTRICAL,grievance,1
2026-05-21,1,VECTOR_DISEASE,grievance,1
2026-05-21,2,FOOD_SAFETY,grievance,1
2026-05-21,2,SOLID_WASTE,grievance,2
2026-05-21,2,STREETLIGHT_ELECTRICAL,grievance,1
2026-05-21,3,CRIME_PROPERTY,police,1
2026-05-21,3,ENCROACHMENT,pwd,1
2026-05-21,3,SOLID_WASTE,grievance,1
2026-05-21,4,CRIME_PROPERTY,police,1
2026-05-21,4,CRIME_VIOLENT,police,1
2026-05-21,4,DRAINAGE_SEWAGE,grievance,2
2026-05-21,4,DRAIN_WORKS_SAFETY,grievance,2
2026-05-21,4,FLOOD_WATERLOGGING,grievance,1
2026-05-21,4,MISSING_PERSON,police,1
2026-05-21,4,ROAD_ACCIDENT,police,1
2026-05-21,4,ROAD_DAMAGE,grievance,1
2026-05-21,4,SOLID_WASTE,grievance,1
2026-05-21,4,STRAY_ANIMALS,grievance,1
2026-05-21,4,STREETLIGHT_ELECTRICAL,grievance,4
2026-05-21,4,TRAFFIC_OBSTRUCTION,police,1
2026-05-21,5,CRIME_PROPERTY,police,1
2026-05-21,5,CRIME_VIOLENT,police,4
2026-05-21,5,DARK_SPOT_SAFETY,grievance,1
2026-05-21,5,DRAINAGE_SEWAGE,grievance,3
2026-05-21,5,ENCROACHMENT,pwd,1
2026-05-21,5,FLOOD_WATERLOGGING,grievance,1
2026-05-21,5,HEALTH_SERVICES,hospital,1
2026-05-21,5,SANITATION_TOILETS,grievance,1
2026-05-21,5,SOLID_WASTE,grievance,1
2026-05-21,5,STREETLIGHT_ELECTRICAL,grievance,2
2026-05-21,5,VECTOR_DISEASE,grievance,2
2026-05-21,6,CRIME_PROPERTY,police,2
2026-05-21,6,CRIME_VIOLENT,police,1
2026-05-21,6,DRAIN_WORKS_SAFETY,grievance,1
2026-05-21,6,MISSING_PERSON,police,1
2026-05-21,6,PUBLIC_ORDER,police,1
2026-05-21,6,PUBLIC_WORKS,grievance,1
2026-05-21,6,ROAD_DAMAGE,grievance,1
2026-05-21,6,SOLID_WASTE,grievance,2
2026-05-21,6,STRAY_ANIMALS,grievance,1
2026-05-21,6,STREETLIGHT_ELECTRICAL,grievance,1
2026-05-21,6,TRAFFIC_OBSTRUCTION,police,2
2026-05-21,7,CRIME_PROPERTY,police,2
2026-05-21,7,CRIME_VIOLENT,police,1
2026-05-21,7,FLOOD_WATERLOGGING,grievance,2
2026-05-21,7,MISSING_PERSON,police,1
2026-05-21,7,OTHER,grievance,1
2026-05-21,7,PUBLIC_ORDER,grievance,1
2026-05-21,7,ROAD_DAMAGE,grievance,1
2026-05-21,7,SOLID_WASTE,grievance,1
2026-05-21,7,WATERBODY_INFRA,pwd,1
2026-05-21,8,CRIME_PROPERTY,police,2
2026-05-21,8,CRIME_VIOLENT,police,1
2026-05-21,8,DRAINAGE_SEWAGE,grievance,1
2026-05-21,8,DRAINAGE_SEWAGE,pwd,1
2026-05-21,8,DRUGS_LIQUOR,police,1
2026-05-21,8,FLOOD_WATERLOGGING,grievance,2
2026-05-21,8,FLOOD_WATERLOGGING,pwd,2
2026-05-21,8,MISSING_PERSON,police,4
2026-05-21,8,OTHER,grievance,1
2026-05-21,8,ROAD_ACCIDENT,police,2
2026-05-21,8,ROAD_DAMAGE,grievance,2
2026-05-21,8,SOLID_WASTE,grievance,4
2026-05-21,8,STRAY_ANIMALS,grievance,1
2026-05-21,9,ADMIN_SERVICES,grievance,1
2026-05-21,9,BUILDING_SAFETY,pwd,2
2026-05-21,9,DARK_SPOT_SAFETY,grievance,2
2026-05-21,9,DRAIN_WORKS_SAFETY,grievance,2
2026-05-21,9,DRUGS_LIQUOR,police,1
2026-05-21,9,FLOOD_WATERLOGGING,grievance,2
2026-05-21,9,FLOOD_WATERLOGGING,pwd,1
2026-05-21,9,FOOD_SAFETY,grievance,1
2026-05-21,9,HEALTH_SERVICES,grievance,1
2026-05-21,9,OTHER,grievance,1
2026-05-21,9,PUBLIC_ORDER,police,2
2026-05-21,9,PUBLIC_WORKS,grievance,1
2026-05-21,9,ROAD_DAMAGE,grievance,2
2026-05-21,9,SOLID_WASTE,grievance,2
2026-05-21,9,STREETLIGHT_ELECTRICAL,grievance,3
2026-05-21,10,CRIME_PROPERTY,police,2
2026-05-21,10,DRAINAGE_SEWAGE,grievance,5
2026-05-21,10,DRAIN_WORKS_SAFETY,grievance,2
2026-05-21,10,ENCROACHMENT,grievance,1
2026-05-21,10,FLOOD_RELIEF,grievance,1
2026-05-21,10,FLOOD_WATERLOGGING,grievance,4
2026-05-21,10,POLICE_OTHER,police,1
2026-05-21,10,PUBLIC_ORDER,police,4
2026-05-21,10,ROAD_ACCIDENT,police,1
2026-05-21,10,SOLID_WASTE,grievance,3
2026-05-21,10,STREETLIGHT_ELECTRICAL,grievance,4
2026-05-21,11,ADMIN_SERVICES,grievance,1
2026-05-21,11,CRIME_PROPERTY,police,1
2026-05-21,11,DRAIN_WORKS_SAFETY,grievance,1
2026-05-21,11,DRUGS_LIQUOR,police,1
2026-05-21,11,ENCROACHMENT,pwd,3
2026-05-21,11,FLOOD_WATERLOGGING,police,1
2026-05-21,11,PUBLIC_ORDER,police,1
2026-05-21,11,SOLID_WASTE,grievance,1
2026-05-21,11,STREETLIGHT_ELECTRICAL,grievance,4
2026-05-21,12,CRIME_PROPERTY,police,1
2026-05-21,12,CRIME_VIOLENT,police,1
2026-05-21,12,DRAINAGE_SEWAGE,grievance,1
2026-05-21,12,SOLID_WASTE,grievance,1
2026-05-21,12,STRAY_ANIMALS,grievance,1
2026-05-21,12,WATERBODY_INFRA,pwd,1
2026-05-21,13,DARK_SPOT_SAFETY,grievance,1
2026-05-21,13,DRAINAGE_SEWAGE,grievance,1
2026-05-21,13,DRAIN_WORKS_SAFETY,grievance,5
2026-05-21,13,FLOOD_WATERLOGGING,grievance,2
2026-05-21,13,FLOOD_WATERLOGGING,pwd,1
2026-05-21,13,ROAD_DAMAGE,grievance,1
2026-05-21,13,SOLID_WASTE,grievance,1
2026-05-21,13,STREETLIGHT_ELECTRICAL,grievance,4
2026-05-21,13,TREES_PARKS,grievance,1
2026-05-21,13,VECTOR_DISEASE,grievance,2
2026-05-21,14,CRIME_VIOLENT,police,1
2026-05-21,14,DRAIN_WORKS_SAFETY,grievance,3
2026-05-21,14,FLOOD_WATERLOGGING,grievance,2
2026-05-21,14,ROAD_ACCIDENT,police,1
2026-05-21,14,ROAD_DAMAGE,grievance,1
2026-05-21,14,SANITATION_TOILETS,grievance,2
2026-05-21,14,SOLID_WASTE,grievance,3
2026-05-21,15,CRIME_PROPERTY,police,2
2026-05-21,15,DRAIN_WORKS_SAFETY,grievance,1
2026-05-21,15,ENCROACHMENT,grievance,1
2026-05-21,15,ROAD_DAMAGE,pwd,1
2026-05-21,15,STREETLIGHT_ELECTRICAL,grievance,2
2026-05-21,,PUBLIC_ORDER,police,2
2026-05-22,1,CRIME_PROPERTY,police,4
2026-05-22,1,DRAINAGE_SEWAGE,grievance,1
2026-05-22,1,OTHER,grievance,1
2026-05-22,1,ROAD_DAMAGE,grievance,2
2026-05-22,1,SOLID_WASTE,grievance,3
2026-05-22,1,STREETLIGHT_ELECTRICAL,grievance,2
2026-05-22,1,VECTOR_DISEASE,grievance,1
2026-05-22,2,CRIME_PROPERTY,police,1
2026-05-22,2,CRIME_VIOLENT,police,1
2026-05-22,3,CRIME_VIOLENT,police,1
2026-05-22,3,FLOOD_WATERLOGGING,grievance,1
2026-05-22,3,PUBLIC_ORDER,police,1
2026-05-22,3,ROAD_ACCIDENT,police,1
2026-05-22,3,TRAFFIC_OBSTRUCTION,police,1
2026-05-22,4,CRIME_PROPERTY,police,1
2026-05-22,4,DARK_SPOT_SAFETY,grievance,1
2026-05-22,4,OTHER,grievance,1
2026-05-22,4,ROAD_ACCIDENT,police,1
2026-05-22,4,ROAD_DAMAGE,grievance,1
2026-05-22,4,SANITATION_TOILETS,grievance,2
2026-05-22,4,SOLID_WASTE,grievance,4
2026-05-22,4,STRAY_ANIMALS,grievance,1
2026-05-22,4,TRAFFIC_OBSTRUCTION,police,1
2026-05-22,5,AIR_POLLUTION,grievance,1
2026-05-22,5,CRIME_PROPERTY,police,1
2026-05-22,5,CRIME_VIOLENT,police,1
2026-05-22,5,DRAINAGE_SEWAGE,grievance,1
2026-05-22,5,DRAIN_WORKS_SAFETY,grievance,1
2026-05-22,5,POLICE_OTHER,police,1
2026-05-22,5,PUBLIC_ORDER,police,1
2026-05-22,5,ROAD_ACCIDENT,police,1
2026-05-22,5,ROAD_DAMAGE,grievance,1
2026-05-22,5,SOLID_WASTE,grievance,3
2026-05-22,5,STREETLIGHT_ELECTRICAL,grievance,1
2026-05-22,6,CRIME_PROPERTY,police,1
2026-05-22,6,DRAINAGE_SEWAGE,pwd,1
2026-05-22,6,FLOOD_WATERLOGGING,grievance,1
2026-05-22,6,FOOD_SAFETY,grievance,1
2026-05-22,6,PUBLIC_ORDER,police,1
2026-05-22,6,PUBLIC_WORKS,grievance,1
2026-05-22,6,SOLID_WASTE,grievance,1
2026-05-22,6,STREETLIGHT_ELECTRICAL,grievance,1
2026-05-22,7,ADMIN_SERVICES,grievance,1
2026-05-22,7,CRIME_PROPERTY,police,1
2026-05-22,7,OTHER,grievance,1
2026-05-22,7,PUBLIC_ORDER,police,1
2026-05-22,7,SANITATION_TOILETS,grievance,3
2026-05-22,7,SOLID_WASTE,grievance,1
2026-05-22,7,STREETLIGHT_ELECTRICAL,grievance,1
2026-05-22,7,TREES_PARKS,grievance,1
2026-05-22,8,ADMIN_SERVICES,grievance,2
2026-05-22,8,CRIME_PROPERTY,police,3
2026-05-22,8,CRIME_VIOLENT,police,2
2026-05-22,8,ENCROACHMENT,pwd,1
2026-05-22,8,MISSING_PERSON,police,3
2026-05-22,8,PUBLIC_WORKS,grievance,1
2026-05-22,8,ROAD_DAMAGE,grievance,1
2026-05-22,8,SANITATION_TOILETS,grievance,3
2026-05-22,8,SOLID_WASTE,grievance,1
2026-05-22,8,STREETLIGHT_ELECTRICAL,grievance,1
2026-05-22,9,ADMIN_SERVICES,grievance,1
2026-05-22,9,AIR_POLLUTION,grievance,1
2026-05-22,9,BUILDING_SAFETY,pwd,1
2026-05-22,9,CRIME_PROPERTY,police,2
2026-05-22,9,FLOOD_WATERLOGGING,grievance,2
2026-05-22,9,OTHER,grievance,2
2026-05-22,9,POLICE_OTHER,police,2
2026-05-22,9,PUBLIC_WORKS,grievance,1
2026-05-22,9,ROAD_DAMAGE,grievance,2
2026-05-22,9,SOLID_WASTE,grievance,5
2026-05-22,9,STREETLIGHT_ELECTRICAL,grievance,3
2026-05-22,10,BUILDING_SAFETY,pwd,1
2026-05-22,10,CRIME_PROPERTY,police,5
2026-05-22,10,CRIME_VIOLENT,police,3
2026-05-22,10,DRUGS_LIQUOR,police,1
2026-05-22,10,FLOOD_WATERLOGGING,grievance,1
2026-05-22,10,FOOD_SAFETY,grievance,1
2026-05-22,10,MISSING_PERSON,police,2
2026-05-22,10,OTHER,grievance,1
2026-05-22,10,PUBLIC_ORDER,police,1
2026-05-22,10,ROAD_DAMAGE,grievance,2
2026-05-22,10,SOLID_WASTE,grievance,1
2026-05-22,10,STREETLIGHT_ELECTRICAL,grievance,2
2026-05-22,10,VECTOR_DISEASE,grievance,1
2026-05-22,11,CRIME_PROPERTY,police,1
2026-05-22,11,CRIME_VIOLENT,police,1
2026-05-22,11,DRAIN_WORKS_SAFETY,grievance,1
2026-05-22,11,DRUGS_LIQUOR,police,4
2026-05-22,11,FLOOD_RELIEF,grievance,1
2026-05-22,11,FLOOD_WATERLOGGING,grievance,1
2026-05-22,11,PUBLIC_WORKS,grievance,1
2026-05-22,11,SANITATION_TOILETS,grievance,1
2026-05-22,11,VECTOR_DISEASE,grievance,1
2026-05-22,12,CRIME_PROPERTY,police,1
2026-05-22,12,CRIME_VIOLENT,police,1
2026-05-22,12,ENCROACHMENT,pwd,1
2026-05-22,12,FLOOD_WATERLOGGING,grievance,1
2026-05-22,12,OTHER,grievance,1
2026-05-22,12,SOLID_WASTE,grievance,1
2026-05-22,12,STRAY_ANIMALS,grievance,1
2026-05-22,12,STREETLIGHT_ELECTRICAL,grievance,1
2026-05-22,13,CRIME_PROPERTY,police,2
2026-05-22,13,ENCROACHMENT,pwd,1
2026-05-22,13,FLOOD_WATERLOGGING,grievance,1
2026-05-22,13,OTHER,grievance,1
2026-05-22,13,ROAD_DAMAGE,grievance,3
2026-05-22,13,SOLID_WASTE,grievance,3
2026-05-22,13,STREETLIGHT_ELECTRICAL,grievance,1
2026-05-22,13,TREES_PARKS,grievance,1
2026-05-22,14,PUBLIC_ORDER,police,2
2026-05-22,14,SOLID_WASTE,grievance,1
2026-05-22,14,STREETLIGHT_ELECTRICAL,grievance,1
2026-05-22,15,MISSING_PERSON,police,1
2026-05-22,15,PUBLIC_ORDER,police,1
2026-05-22,15,ROAD_ACCIDENT,police,1
2026-05-22,15,ROAD_DAMAGE,pwd,1
2026-05-22,15,SOLID_WASTE,grievance,2
2026-05-22,15,STREETLIGHT_ELECTRICAL,grievance,1
2026-05-23,1,CRIME_PROPERTY,police,2
2026-05-23,1,DARK_SPOT_SAFETY,grievance,1
2026-05-23,1,DRAINAGE_SEWAGE,grievance,1
2026-05-23,1,DRAIN_WORKS_SAFETY,grievance,1
2026-05-23,1,ENCROACHMENT,pwd,1
2026-05-23,1,FLOOD_WATERLOGGING,grievance,1
2026-05-23,1,ROAD_ACCIDENT,police,2
2026-05-23,1,ROAD_DAMAGE,grievance,1
2026-05-23,1,SANITATION_TOILETS,grievance,1
2026-05-23,1,SOLID_WASTE,grievance,1
2026-05-23,1,STRAY_ANIMALS,grievance,1
2026-05-23,2,CRIME_PROPERTY,police,1
2026-05-23,2,ROAD_ACCIDENT,police,1
2026-05-23,2,TRAFFIC_OBSTRUCTION,police,1
2026-05-23,3,PUBLIC_WORKS,grievance,1
2026-05-23,3,ROAD_ACCIDENT,police,1
2026-05-23,3,SOLID_WASTE,grievance,2
2026-05-23,3,STREETLIGHT_ELECTRICAL,grievance,1
2026-05-23,4,BUILDING_SAFETY,pwd,1
2026-05-23,4,DRAIN_WORKS_SAFETY,grievance,1
2026-05-23,4,ROAD_DAMAGE,grievance,2
2026-05-23,4,SOLID_WASTE,grievance,2
2026-05-23,4,STREETLIGHT_ELECTRICAL,grievance,1
2026-05-23,4,VECTOR_DISEASE,grievance,1
2026-05-23,5,BUILDING_SAFETY,pwd,1
2026-05-23,5,CIVIC_FACILITIES,grievance,1
2026-05-23,5,CRIME_PROPERTY,police,1
2026-05-23,5,DRAINAGE_SEWAGE,grievance,2
2026-05-23,5,DRAIN_WORKS_SAFETY,grievance,2
2026-05-23,5,DRUGS_LIQUOR,police,1
2026-05-23,5,HEALTH_SERVICES,hospital,1
2026-05-23,5,MISSING_PERSON,police,1
2026-05-23,5,OTHER,grievance,1
2026-05-23,5,ROAD_ACCIDENT,police,2
2026-05-23,5,ROAD_DAMAGE,grievance,1
2026-05-23,5,SOLID_WASTE,grievance,3
2026-05-23,5,STREETLIGHT_ELECTRICAL,grievance,2
2026-05-23,5,TREES_PARKS,grievance,1
2026-05-23,5,VECTOR_DISEASE,hospital,1
2026-05-23,6,CRIME_PROPERTY,police,1
2026-05-23,6,DARK_SPOT_SAFETY,grievance,1
2026-05-23,6,DRAINAGE_SEWAGE,grievance,2
2026-05-23,6,DRAIN_WORKS_SAFETY,grievance,1
2026-05-23,6,FOOD_SAFETY,grievance,2
2026-05-23,6,OTHER,grievance,1
2026-05-23,6,POLICE_OTHER,police,1
2026-05-23,6,ROAD_ACCIDENT,police,3
2026-05-23,6,ROAD_DAMAGE,grievance,1
2026-05-23,6,SANITATION_TOILETS,grievance,1
2026-05-23,6,SOLID_WASTE,grievance,3
2026-05-23,6,STREETLIGHT_ELECTRICAL,grievance,2
2026-05-23,7,PUBLIC_WORKS,grievance,1
2026-05-23,7,ROAD_DAMAGE,grievance,1
2026-05-23,7,SOLID_WASTE,grievance,1
2026-05-23,7,TRAFFIC_OBSTRUCTION,grievance,1
2026-05-23,7,TRAFFIC_OBSTRUCTION,police,2
2026-05-23,8,CIVIC_FACILITIES,grievance,1
2026-05-23,8,CRIME_PROPERTY,police,1
2026-05-23,8,CRIME_VIOLENT,police,2
2026-05-23,8,PUBLIC_WORKS,grievance,1
2026-05-23,8,SOLID_WASTE,grievance,1
2026-05-23,8,TRAFFIC_OBSTRUCTION,police,1
2026-05-23,9,ADMIN_SERVICES,grievance,3
2026-05-23,9,DRUGS_LIQUOR,police,1
2026-05-23,9,FLOOD_WATERLOGGING,grievance,1
2026-05-23,9,PUBLIC_WORKS,grievance,2
2026-05-23,9,SOLID_WASTE,grievance,4
2026-05-23,9,TRAFFIC_OBSTRUCTION,police,2
2026-05-23,9,VECTOR_DISEASE,grievance,1
2026-05-23,10,CRIME_PROPERTY,police,2
2026-05-23,10,MISSING_PERSON,police,1
2026-05-23,10,PUBLIC_ORDER,police,2
2026-05-23,10,PUBLIC_WORKS,grievance,1
2026-05-23,10,ROAD_ACCIDENT,police,4
2026-05-23,10,SOLID_WASTE,grievance,5
2026-05-23,10,TREES_PARKS,grievance,1
2026-05-23,10,VECTOR_DISEASE,grievance,1
2026-05-23,11,CRIME_PROPERTY,police,2
2026-05-23,11,FLOOD_WATERLOGGING,grievance,1
2026-05-23,11,SANITATION_TOILETS,grievance,1
2026-05-23,11,STREETLIGHT_ELECTRICAL,grievance,1
2026-05-23,12,ENCROACHMENT,grievance,1
2026-05-23,12,FLOOD_WATERLOGGING,grievance,1
2026-05-23,12,ROAD_ACCIDENT,police,3
2026-05-23,12,SOLID_WASTE,grievance,1
2026-05-23,13,CRIME_PROPERTY,police,4
2026-05-23,13,DARK_SPOT_SAFETY,grievance,1
2026-05-23,13,ENCROACHMENT,pwd,1
2026-05-23,13,ROAD_ACCIDENT,police,2
2026-05-23,13,SANITATION_TOILETS,grievance,1
2026-05-23,13,TRAFFIC_OBSTRUCTION,police,1
2026-05-23,13,TREES_PARKS,grievance,1
2026-05-23,14,AIR_POLLUTION,grievance,1
2026-05-23,14,CRIME_PROPERTY,police,2
2026-05-23,14,DRAINAGE_SEWAGE,grievance,1
2026-05-23,14,DRAIN_WORKS_SAFETY,grievance,1
2026-05-23,14,DRUGS_LIQUOR,police,3
2026-05-23,14,OTHER,grievance,1
2026-05-23,14,SOLID_WASTE,grievance,1
2026-05-23,14,TREES_PARKS,grievance,1
2026-05-23,15,CRIME_PROPERTY,police,2
2026-05-23,15,ROAD_ACCIDENT,police,3
2026-05-23,15,ROAD_DAMAGE,pwd,1
2026-05-23,15,SOLID_WASTE,grievance,1
2026-05-23,15,TREES_PARKS,grievance,1
2026-05-24,1,CRIME_PROPERTY,police,1
2026-05-24,1,DRAINAGE_SEWAGE,grievance,2
2026-05-24,1,DRAINAGE_SEWAGE,pwd,1
2026-05-24,1,PUBLIC_ORDER,police,2
2026-05-24,1,ROAD_ACCIDENT,police,1
2026-05-24,1,ROAD_DAMAGE,grievance,1
2026-05-24,1,STRAY_ANIMALS,grievance,1
2026-05-24,1,TRAFFIC_OBSTRUCTION,police,1
2026-05-24,2,PUBLIC_ORDER,police,1
2026-05-24,2,STRAY_ANIMALS,grievance,1
2026-05-24,3,CRIME_PROPERTY,police,3
2026-05-24,3,PUBLIC_ORDER,police,2
2026-05-24,3,SOLID_WASTE,grievance,3
2026-05-24,3,STREETLIGHT_ELECTRICAL,grievance,1
2026-05-24,4,FLOOD_WATERLOGGING,grievance,1
2026-05-24,4,POLICE_OTHER,police,1
2026-05-24,4,PUBLIC_WORKS,grievance,1
2026-05-24,4,ROAD_ACCIDENT,police,1
2026-05-24,4,SANITATION_TOILETS,grievance,1
2026-05-24,4,SOLID_WASTE,grievance,1
2026-05-24,5,BUILDING_SAFETY,pwd,1
2026-05-24,5,CRIME_PROPERTY,police,1
2026-05-24,5,CRIME_VIOLENT,police,2
2026-05-24,5,DRAIN_WORKS_SAFETY,grievance,2
2026-05-24,5,FLOOD_WATERLOGGING,pwd,7
2026-05-24,5,MISSING_PERSON,police,1
2026-05-24,5,PUBLIC_ORDER,police,2
2026-05-24,5,STREETLIGHT_ELECTRICAL,grievance,1
2026-05-24,5,TRAFFIC_OBSTRUCTION,police,3
2026-05-24,5,VECTOR_DISEASE,grievance,1
2026-05-24,5,WATERBODY_INFRA,pwd,5
2026-05-24,6,FLOOD_WATERLOGGING,pwd,1
2026-05-24,6,HEALTH_SERVICES,grievance,1
2026-05-24,6,OTHER,grievance,2
2026-05-24,6,SANITATION_TOILETS,grievance,1
2026-05-24,6,SOLID_WASTE,grievance,1
2026-05-24,6,TRAFFIC_OBSTRUCTION,police,1
2026-05-24,7,ENCROACHMENT,grievance,1
2026-05-24,7,FLOOD_WATERLOGGING,grievance,1
2026-05-24,7,PUBLIC_ORDER,police,2
2026-05-24,7,ROAD_ACCIDENT,police,3
2026-05-24,7,STREETLIGHT_ELECTRICAL,grievance,2
2026-05-24,7,TRAFFIC_OBSTRUCTION,police,1
2026-05-24,7,WATERBODY_INFRA,pwd,1
2026-05-24,8,BUILDING_SAFETY,pwd,2
2026-05-24,8,CRIME_PROPERTY,police,1
2026-05-24,8,CRIME_VIOLENT,police,3
2026-05-24,8,DRAINAGE_SEWAGE,pwd,1
2026-05-24,8,ENCROACHMENT,pwd,1
2026-05-24,8,FLOOD_WATERLOGGING,pwd,2
2026-05-24,8,HEALTH_SERVICES,hospital,1
2026-05-24,8,MISSING_PERSON,police,1
2026-05-24,8,PUBLIC_WORKS,grievance,1
2026-05-24,8,ROAD_ACCIDENT,police,1
2026-05-24,8,SOLID_WASTE,grievance,1
2026-05-24,8,STREETLIGHT_ELECTRICAL,grievance,1
2026-05-24,8,TRAFFIC_OBSTRUCTION,grievance,1
2026-05-24,8,WATERBODY_INFRA,pwd,2
2026-05-24,9,ADMIN_SERVICES,grievance,1
2026-05-24,9,BUILDING_SAFETY,pwd,1
2026-05-24,9,CRIME_PROPERTY,police,1
2026-05-24,9,CRIME_VIOLENT,police,1
2026-05-24,9,DRAINAGE_SEWAGE,grievance,1
2026-05-24,9,DRUGS_LIQUOR,police,1
2026-05-24,9,OTHER,grievance,1
2026-05-24,9,PUBLIC_ORDER,police,1
2026-05-24,9,SOLID_WASTE,grievance,4
2026-05-24,9,STREETLIGHT_ELECTRICAL,grievance,1
2026-05-24,9,TRAFFIC_OBSTRUCTION,police,1
2026-05-24,10,CIVIC_FACILITIES,grievance,2
2026-05-24,10,CRIME_PROPERTY,police,2
2026-05-24,10,DARK_SPOT_SAFETY,grievance,1
2026-05-24,10,HEALTH_SERVICES,grievance,1
2026-05-24,10,ROAD_ACCIDENT,police,3
2026-05-24,10,ROAD_DAMAGE,grievance,1
2026-05-24,10,SOLID_WASTE,grievance,1
2026-05-24,10,TRAFFIC_OBSTRUCTION,police,1
2026-05-24,10,TREES_PARKS,grievance,1
2026-05-24,11,CRIME_PROPERTY,police,1
2026-05-24,11,DRAIN_WORKS_SAFETY,grievance,1
2026-05-24,11,FLOOD_WATERLOGGING,grievance,1
2026-05-24,11,ROAD_ACCIDENT,police,1
2026-05-24,11,SOLID_WASTE,grievance,1
2026-05-24,11,STREETLIGHT_ELECTRICAL,grievance,2
2026-05-24,11,TRAFFIC_OBSTRUCTION,police,1
2026-05-24,11,TREES_PARKS,grievance,2
2026-05-24,12,AIR_POLLUTION,grievance,1
2026-05-24,12,CRIME_PROPERTY,police,4
2026-05-24,12,ROAD_ACCIDENT,police,2
2026-05-24,13,BUILDING_SAFETY,pwd,2
2026-05-24,13,CRIME_PROPERTY,police,3
2026-05-24,13,ENCROACHMENT,grievance,1
2026-05-24,13,ROAD_ACCIDENT,police,2
2026-05-24,13,SOLID_WASTE,grievance,3
2026-05-24,13,TRAFFIC_OBSTRUCTION,police,1
2026-05-24,14,SOLID_WASTE,grievance,2
2026-05-24,15,CRIME_PROPERTY,police,1
2026-05-24,15,CRIME_VIOLENT,police,1
2026-05-24,15,DARK_SPOT_SAFETY,grievance,1
2026-05-24,15,DRAIN_WORKS_SAFETY,grievance,1
2026-05-24,15,ENCROACHMENT,pwd,1
2026-05-24,15,FLOOD_WATERLOGGING,pwd,4
2026-05-24,15,ROAD_ACCIDENT,police,2
2026-05-24,15,SOLID_WASTE,grievance,1
2026-05-24,15,STREETLIGHT_ELECTRICAL,grievance,1
2026-05-24,15,TREES_PARKS,grievance,1
2026-05-24,,CRIME_PROPERTY,police,2
2026-05-25,1,DRAINAGE_SEWAGE,grievance,2
2026-05-25,1,DRAINAGE_SEWAGE,pwd,1
2026-05-25,1,DRUGS_LIQUOR,police,1
2026-05-25,1,ENCROACHMENT,pwd,1
2026-05-25,1,OTHER,grievance,1
2026-05-25,1,ROAD_DAMAGE,grievance,1
2026-05-25,1,SOLID_WASTE,grievance,2
2026-05-25,2,CRIME_VIOLENT,police,1
2026-05-25,2,PUBLIC_ORDER,police,1
2026-05-25,2,SOLID_WASTE,grievance,1
2026-05-25,2,STREETLIGHT_ELECTRICAL,grievance,1
2026-05-25,3,CRIME_PROPERTY,police,1
2026-05-25,3,DRUGS_LIQUOR,police,1
2026-05-25,3,HEALTH_SERVICES,grievance,1
2026-05-25,3,OTHER,grievance,1
2026-05-25,3,ROAD_DAMAGE,grievance,1
2026-05-25,3,SOLID_WASTE,grievance,5
2026-05-25,3,TREES_PARKS,grievance,1
2026-05-25,4,ROAD_DAMAGE,grievance,1
2026-05-25,4,SOLID_WASTE,grievance,1
2026-05-25,4,STRAY_ANIMALS,grievance,2
2026-05-25,5,AIR_POLLUTION,grievance,1
2026-05-25,5,CRIME_PROPERTY,police,1
2026-05-25,5,CRIME_VIOLENT,police,2
2026-05-25,5,DARK_SPOT_SAFETY,grievance,1
2026-05-25,5,PUBLIC_ORDER,police,2
2026-05-25,5,SOLID_WASTE,grievance,2
2026-05-25,5,STRAY_ANIMALS,grievance,1
2026-05-25,5,STREETLIGHT_ELECTRICAL,grievance,1
2026-05-25,5,TRAFFIC_OBSTRUCTION,police,1
2026-05-25,6,ADMIN_SERVICES,grievance,1
2026-05-25,6,BUILDING_SAFETY,pwd,1
2026-05-25,6,CRIME_VIOLENT,police,3
2026-05-25,6,DARK_SPOT_SAFETY,grievance,1
2026-05-25,6,DRAINAGE_SEWAGE,pwd,1
2026-05-25,6,MISSING_PERSON,police,1
2026-05-25,6,ROAD_ACCIDENT,police,1
2026-05-25,6,SOLID_WASTE,grievance,2
2026-05-25,7,CRIME_PROPERTY,police,2
2026-05-25,7,DRAIN_WORKS_SAFETY,grievance,1
2026-05-25,7,MISSING_PERSON,police,1
2026-05-25,7,ROAD_DAMAGE,grievance,1
2026-05-25,7,SANITATION_TOILETS,grievance,1
2026-05-25,7,SOLID_WASTE,grievance,2
2026-05-25,7,STREETLIGHT_ELECTRICAL,grievance,3
2026-05-25,7,WATERBODY_INFRA,pwd,1
2026-05-25,8,ADMIN_SERVICES,grievance,1
2026-05-25,8,CRIME_PROPERTY,police,4
2026-05-25,8,CRIME_VIOLENT,police,1
2026-05-25,8,DRAINAGE_SEWAGE,pwd,1
2026-05-25,8,DRAIN_WORKS_SAFETY,grievance,1
2026-05-25,8,FLOOD_WATERLOGGING,grievance,1
2026-05-25,8,PUBLIC_ORDER,police,1
2026-05-25,8,ROAD_ACCIDENT,police,2
2026-05-25,8,ROAD_DAMAGE,grievance,1
2026-05-25,8,SOLID_WASTE,grievance,1
2026-05-25,8,STREETLIGHT_ELECTRICAL,grievance,3
2026-05-25,9,AIR_POLLUTION,grievance,1
2026-05-25,9,CRIME_PROPERTY,police,1
2026-05-25,9,CRIME_VIOLENT,police,2
2026-05-25,9,FOOD_SAFETY,grievance,1
2026-05-25,9,ROAD_ACCIDENT,police,1
2026-05-25,9,SOLID_WASTE,grievance,5
2026-05-25,10,CRIME_PROPERTY,police,3
2026-05-25,10,DRAIN_WORKS_SAFETY,grievance,1
2026-05-25,10,FOOD_SAFETY,grievance,1
2026-05-25,10,PUBLIC_ORDER,police,3
2026-05-25,10,SOLID_WASTE,grievance,3
2026-05-25,10,STREETLIGHT_ELECTRICAL,grievance,1
2026-05-25,10,TREES_PARKS,grievance,1
2026-05-25,11,CRIME_PROPERTY,police,4
2026-05-25,11,DRAINAGE_SEWAGE,grievance,1
2026-05-25,11,OTHER,grievance,1
2026-05-25,11,PUBLIC_ORDER,police,1
2026-05-25,11,ROAD_DAMAGE,grievance,1
2026-05-25,11,SOLID_WASTE,grievance,1
2026-05-25,11,STREETLIGHT_ELECTRICAL,grievance,2
2026-05-25,12,DARK_SPOT_SAFETY,grievance,1
2026-05-25,12,DRAINAGE_SEWAGE,grievance,1
2026-05-25,12,PUBLIC_ORDER,police,1
2026-05-25,12,PUBLIC_WORKS,grievance,1
2026-05-25,12,SOLID_WASTE,grievance,4
2026-05-25,12,TRAFFIC_OBSTRUCTION,grievance,1
2026-05-25,12,WATER_SUPPLY,grievance,1
2026-05-25,13,AIR_POLLUTION,grievance,1
2026-05-25,13,BUILDING_SAFETY,pwd,2
2026-05-25,13,CRIME_PROPERTY,police,5
2026-05-25,13,DARK_SPOT_SAFETY,grievance,1
2026-05-25,13,DRAIN_WORKS_SAFETY,grievance,1
2026-05-25,13,FLOOD_WATERLOGGING,pwd,1
2026-05-25,13,ROAD_ACCIDENT,police,1
2026-05-25,13,ROAD_DAMAGE,grievance,1
2026-05-25,13,SANITATION_TOILETS,grievance,1
2026-05-25,13,STREETLIGHT_ELECTRICAL,grievance,1
2026-05-25,14,ADMIN_SERVICES,grievance,1
2026-05-25,14,CRIME_PROPERTY,police,1
2026-05-25,14,POLICE_OTHER,police,1
2026-05-25,14,ROAD_ACCIDENT,police,2
2026-05-25,14,SOLID_WASTE,grievance,1
2026-05-25,14,STREETLIGHT_ELECTRICAL,grievance,1
2026-05-25,15,ADMIN_SERVICES,grievance,1
2026-05-25,15,DARK_SPOT_SAFETY,grievance,1
2026-05-25,15,FOOD_SAFETY,grievance,1
2026-05-25,15,MISSING_PERSON,police,1
2026-05-25,15,OTHER,grievance,1
2026-05-25,15,POLICE_OTHER,police,1
2026-05-25,15,ROAD_ACCIDENT,police,1
2026-05-25,15,ROAD_DAMAGE,pwd,1
2026-05-26,1,ADMIN_SERVICES,grievance,2
2026-05-26,1,CRIME_PROPERTY,police,1
2026-05-26,1,CRIME_VIOLENT,police,4
2026-05-26,1,DRUGS_LIQUOR,police,1
2026-05-26,1,FLOOD_WATERLOGGING,grievance,1
2026-05-26,1,MISSING_PERSON,police,1
2026-05-26,1,PUBLIC_ORDER,police,1
2026-05-26,1,ROAD_ACCIDENT,police,1
2026-05-26,1,SANITATION_TOILETS,grievance,1
2026-05-26,1,SOLID_WASTE,grievance,2
2026-05-26,1,STREETLIGHT_ELECTRICAL,grievance,1
2026-05-26,1,TRAFFIC_OBSTRUCTION,police,1
2026-05-26,2,SOLID_WASTE,grievance,1
2026-05-26,2,TREES_PARKS,grievance,1
2026-05-26,3,ADMIN_SERVICES,grievance,1
2026-05-26,3,DRAINAGE_SEWAGE,grievance,1
2026-05-26,3,PUBLIC_ORDER,police,1
2026-05-26,3,SOLID_WASTE,grievance,2
2026-05-26,4,CRIME_PROPERTY,police,1
2026-05-26,4,CRIME_VIOLENT,police,1
2026-05-26,4,DARK_SPOT_SAFETY,grievance,2
2026-05-26,4,FLOOD_WATERLOGGING,grievance,2
2026-05-26,4,PUBLIC_ORDER,police,1
2026-05-26,4,ROAD_DAMAGE,grievance,2
2026-05-26,4,SOLID_WASTE,grievance,1
2026-05-26,4,STREETLIGHT_ELECTRICAL,grievance,2
2026-05-26,5,AIR_POLLUTION,grievance,1
2026-05-26,5,BUILDING_SAFETY,pwd,4
2026-05-26,5,CRIME_PROPERTY,police,3
2026-05-26,5,DRAINAGE_SEWAGE,grievance,1
2026-05-26,5,ROAD_ACCIDENT,police,1
2026-05-26,5,ROAD_DAMAGE,grievance,1
2026-05-26,5,SANITATION_TOILETS,grievance,1
2026-05-26,5,SOLID_WASTE,grievance,2
2026-05-26,5,TRAFFIC_OBSTRUCTION,grievance,1
2026-05-26,5,TRAFFIC_OBSTRUCTION,police,1
2026-05-26,5,TREES_PARKS,grievance,1
2026-05-26,5,WATERBODY_INFRA,pwd,1
2026-05-26,6,CRIME_PROPERTY,police,4
2026-05-26,6,CRIME_VIOLENT,police,2
2026-05-26,6,DRAIN_WORKS_SAFETY,grievance,1
2026-05-26,6,ENCROACHMENT,pwd,1
2026-05-26,6,FLOOD_WATERLOGGING,grievance,1
2026-05-26,6,SOLID_WASTE,grievance,7
2026-05-26,6,TRAFFIC_OBSTRUCTION,grievance,1
2026-05-26,7,CRIME_PROPERTY,police,1
2026-05-26,7,CRIME_VIOLENT,police,1
2026-05-26,7,FOOD_SAFETY,grievance,1
2026-05-26,7,PUBLIC_ORDER,police,1
2026-05-26,7,ROAD_ACCIDENT,police,2
2026-05-26,7,ROAD_DAMAGE,grievance,1
2026-05-26,7,SOLID_WASTE,grievance,3
2026-05-26,7,STRAY_ANIMALS,grievance,1
2026-05-26,8,ADMIN_SERVICES,grievance,3
2026-05-26,8,CRIME_PROPERTY,police,3
2026-05-26,8,DRAINAGE_SEWAGE,pwd,1
2026-05-26,8,ROAD_ACCIDENT,police,2
2026-05-26,8,ROAD_DAMAGE,grievance,2
2026-05-26,8,SANITATION_TOILETS,grievance,2
2026-05-26,8,STREETLIGHT_ELECTRICAL,grievance,3
2026-05-26,8,TRAFFIC_OBSTRUCTION,police,2
2026-05-26,9,ADMIN_SERVICES,grievance,2
2026-05-26,9,CRIME_PROPERTY,police,2
2026-05-26,9,DRUGS_LIQUOR,police,1
2026-05-26,9,MISSING_PERSON,police,1
2026-05-26,9,SANITATION_TOILETS,grievance,1
2026-05-26,9,STREETLIGHT_ELECTRICAL,grievance,1
2026-05-26,10,BUILDING_SAFETY,pwd,1
2026-05-26,10,CRIME_PROPERTY,police,7
2026-05-26,10,CRIME_VIOLENT,police,2
2026-05-26,10,DRAIN_WORKS_SAFETY,grievance,1
2026-05-26,10,ENCROACHMENT,grievance,1
2026-05-26,10,FLOOD_WATERLOGGING,grievance,1
2026-05-26,10,FOOD_SAFETY,grievance,1
2026-05-26,10,POLICE_OTHER,police,1
2026-05-26,10,ROAD_ACCIDENT,police,1
2026-05-26,10,SOLID_WASTE,grievance,2
2026-05-26,10,STREETLIGHT_ELECTRICAL,grievance,1
2026-05-26,10,TRAFFIC_OBSTRUCTION,police,1
2026-05-26,10,TREES_PARKS,grievance,1
2026-05-26,11,CRIME_PROPERTY,police,2
2026-05-26,11,DRAINAGE_SEWAGE,pwd,1
2026-05-26,11,DRUGS_LIQUOR,police,1
2026-05-26,11,FLOOD_WATERLOGGING,grievance,1
2026-05-26,11,ROAD_ACCIDENT,police,1
2026-05-26,11,SOLID_WASTE,grievance,4
2026-05-26,11,STREETLIGHT_ELECTRICAL,grievance,1
2026-05-26,11,TRAFFIC_OBSTRUCTION,police,1
2026-05-26,12,ADMIN_SERVICES,grievance,1
2026-05-26,12,DRAINAGE_SEWAGE,grievance,1
2026-05-26,12,FLOOD_WATERLOGGING,grievance,1
2026-05-26,12,PUBLIC_ORDER,police,1
2026-05-26,12,SOLID_WASTE,grievance,2
2026-05-26,12,TRAFFIC_OBSTRUCTION,police,2
2026-05-26,13,DRAINAGE_SEWAGE,pwd,2
2026-05-26,13,DRAIN_WORKS_SAFETY,grievance,1
2026-05-26,13,POLICE_OTHER,police,1
2026-05-26,13,ROAD_ACCIDENT,police,2
2026-05-26,13,ROAD_DAMAGE,grievance,1
2026-05-26,13,STREETLIGHT_ELECTRICAL,grievance,1
2026-05-26,13,VECTOR_DISEASE,grievance,1
2026-05-26,14,CRIME_PROPERTY,police,1
2026-05-26,14,DRAINAGE_SEWAGE,grievance,1
2026-05-26,14,FLOOD_WATERLOGGING,grievance,2
2026-05-26,14,HEALTH_SERVICES,grievance,1
2026-05-26,14,ROAD_DAMAGE,grievance,1
2026-05-26,14,SOLID_WASTE,grievance,3
2026-05-26,15,ENCROACHMENT,grievance,1
2026-05-26,15,FLOOD_RELIEF,grievance,1
2026-05-26,15,MISSING_PERSON,police,1
2026-05-26,15,POLICE_OTHER,police,1
2026-05-26,15,ROAD_ACCIDENT,police,1
2026-05-26,15,SANITATION_TOILETS,grievance,1
2026-05-26,15,SOLID_WASTE,grievance,1
2026-05-26,,TRAFFIC_OBSTRUCTION,police,1
2026-05-27,1,CRIME_PROPERTY,police,1
2026-05-27,1,POLICE_OTHER,police,1
2026-05-27,1,PUBLIC_WORKS,grievance,1
2026-05-27,1,SOLID_WASTE,grievance,2
2026-05-27,1,TRAFFIC_OBSTRUCTION,police,1
2026-05-27,2,CRIME_VIOLENT,police,1
2026-05-27,2,DRAINAGE_SEWAGE,grievance,1
2026-05-27,2,ROAD_DAMAGE,grievance,1
2026-05-27,2,SOLID_WASTE,grievance,1
2026-05-27,3,CRIME_PROPERTY,police,1
2026-05-27,3,DRAINAGE_SEWAGE,grievance,2
2026-05-27,3,HEALTH_SERVICES,grievance,1
2026-05-27,3,OTHER,grievance,1
2026-05-27,3,ROAD_DAMAGE,grievance,1
2026-05-27,4,CRIME_VIOLENT,police,1
2026-05-27,4,FLOOD_WATERLOGGING,grievance,1
2026-05-27,4,PUBLIC_ORDER,police,1
2026-05-27,4,ROAD_DAMAGE,grievance,1
2026-05-27,4,SOLID_WASTE,grievance,3
2026-05-27,4,STREETLIGHT_ELECTRICAL,grievance,2
2026-05-27,4,TREES_PARKS,grievance,1
2026-05-27,5,ADMIN_SERVICES,grievance,2
2026-05-27,5,CRIME_PROPERTY,police,2
2026-05-27,5,DRAINAGE_SEWAGE,grievance,1
2026-05-27,5,ENCROACHMENT,grievance,2
2026-05-27,5,FOOD_SAFETY,grievance,1
2026-05-27,5,ROAD_ACCIDENT,police,2
2026-05-27,5,ROAD_DAMAGE,grievance,1
2026-05-27,5,ROAD_DAMAGE,pwd,1
2026-05-27,5,SOLID_WASTE,grievance,2
2026-05-27,5,TRAFFIC_OBSTRUCTION,grievance,1
2026-05-27,5,TRAFFIC_OBSTRUCTION,police,5
2026-05-27,6,CRIME_PROPERTY,police,1
2026-05-27,6,CRIME_VIOLENT,police,3
2026-05-27,6,DARK_SPOT_SAFETY,grievance,1
2026-05-27,6,PUBLIC_ORDER,police,1
2026-05-27,6,SANITATION_TOILETS,grievance,1
2026-05-27,6,SOLID_WASTE,grievance,2
2026-05-27,6,STREETLIGHT_ELECTRICAL,grievance,1
2026-05-27,7,DRUGS_LIQUOR,police,1
2026-05-27,7,PUBLIC_ORDER,police,1
2026-05-27,7,ROAD_ACCIDENT,police,2
2026-05-27,7,SANITATION_TOILETS,grievance,1
2026-05-27,7,SOLID_WASTE,grievance,2
2026-05-27,7,TRAFFIC_OBSTRUCTION,police,1
2026-05-27,7,VECTOR_DISEASE,grievance,1
2026-05-27,8,ADMIN_SERVICES,grievance,1
2026-05-27,8,CRIME_PROPERTY,police,3
2026-05-27,8,DARK_SPOT_SAFETY,grievance,1
2026-05-27,8,DRAINAGE_SEWAGE,grievance,1
2026-05-27,8,PUBLIC_ORDER,police,1
2026-05-27,8,ROAD_ACCIDENT,police,1
2026-05-27,8,ROAD_DAMAGE,grievance,1
2026-05-27,8,TRAFFIC_OBSTRUCTION,police,2
2026-05-27,9,CRIME_PROPERTY,police,1
2026-05-27,9,DRAINAGE_SEWAGE,grievance,1
2026-05-27,9,POLICE_OTHER,police,1
2026-05-27,9,ROAD_ACCIDENT,police,3
2026-05-27,9,ROAD_DAMAGE,grievance,3
2026-05-27,9,SANITATION_TOILETS,grievance,2
2026-05-27,9,SOLID_WASTE,grievance,2
2026-05-27,9,TRAFFIC_OBSTRUCTION,police,1
2026-05-27,10,CRIME_VIOLENT,police,1
2026-05-27,10,DRAINAGE_SEWAGE,grievance,1
2026-05-27,10,DRAIN_WORKS_SAFETY,grievance,1
2026-05-27,10,DRUGS_LIQUOR,police,1
2026-05-27,10,MISSING_PERSON,police,3
2026-05-27,10,ROAD_ACCIDENT,police,1
2026-05-27,10,STREETLIGHT_ELECTRICAL,grievance,3
2026-05-27,10,TREES_PARKS,grievance,1
2026-05-27,11,CIVIC_FACILITIES,grievance,1
2026-05-27,11,DRAIN_WORKS_SAFETY,grievance,1
2026-05-27,11,OTHER,grievance,2
2026-05-27,11,ROAD_ACCIDENT,police,5
2026-05-27,11,SOLID_WASTE,grievance,1
2026-05-27,11,VECTOR_DISEASE,grievance,1
2026-05-27,12,CRIME_PROPERTY,police,1
2026-05-27,12,DRAINAGE_SEWAGE,grievance,1
2026-05-27,12,DRUGS_LIQUOR,police,1
2026-05-27,12,ROAD_DAMAGE,grievance,1
2026-05-27,12,SANITATION_TOILETS,grievance,1
2026-05-27,12,SOLID_WASTE,grievance,2
2026-05-27,12,TRAFFIC_OBSTRUCTION,police,1
2026-05-27,13,BUILDING_SAFETY,pwd,1
2026-05-27,13,DARK_SPOT_SAFETY,grievance,1
2026-05-27,13,OTHER,grievance,1
2026-05-27,13,PUBLIC_ORDER,police,1
2026-05-27,13,ROAD_ACCIDENT,police,1
2026-05-27,13,ROAD_DAMAGE,grievance,1
2026-05-27,13,SOLID_WASTE,grievance,2
2026-05-27,13,TRAFFIC_OBSTRUCTION,police,2
2026-05-27,14,ADMIN_SERVICES,grievance,2
2026-05-27,14,CRIME_PROPERTY,police,1
2026-05-27,14,ENCROACHMENT,grievance,1
2026-05-27,14,ROAD_DAMAGE,grievance,1
2026-05-27,14,STREETLIGHT_ELECTRICAL,grievance,1
2026-05-27,15,CRIME_PROPERTY,police,2
2026-05-27,15,DRAIN_WORKS_SAFETY,grievance,1
2026-05-27,15,ENCROACHMENT,grievance,2
2026-05-27,15,HEALTH_SERVICES,grievance,1
2026-05-27,,ROAD_ACCIDENT,police,2
2026-05-28,1,DRAINAGE_SEWAGE,grievance,1
2026-05-28,1,DRAINAGE_SEWAGE,pwd,1
2026-05-28,1,ROAD_ACCIDENT,police,1
2026-05-28,1,SOLID_WASTE,grievance,3
2026-05-28,1,STREETLIGHT_ELECTRICAL,grievance,2
2026-05-28,1,TRAFFIC_OBSTRUCTION,police,1
2026-05-28,1,WATERBODY_INFRA,pwd,1
2026-05-28,2,CRIME_PROPERTY,police,2
2026-05-28,2,SOLID_WASTE,grievance,1
2026-05-28,3,CRIME_PROPERTY,police,2
2026-05-28,3,DRAINAGE_SEWAGE,grievance,1
2026-05-28,3,DRAINAGE_SEWAGE,pwd,1
2026-05-28,3,FOOD_SAFETY,grievance,1
2026-05-28,3,HEALTH_SERVICES,grievance,1
2026-05-28,3,ROAD_ACCIDENT,police,2
2026-05-28,3,SOLID_WASTE,grievance,4
2026-05-28,4,DRAINAGE_SEWAGE,pwd,2
2026-05-28,4,ENCROACHMENT,grievance,1
2026-05-28,4,HEALTH_SERVICES,grievance,1
2026-05-28,4,MISSING_PERSON,police,1
2026-05-28,4,OTHER,grievance,1
2026-05-28,4,ROAD_DAMAGE,grievance,2
2026-05-28,4,SANITATION_TOILETS,grievance,1
2026-05-28,4,SOLID_WASTE,grievance,3
2026-05-28,4,STREETLIGHT_ELECTRICAL,grievance,2
2026-05-28,4,TRAFFIC_OBSTRUCTION,police,1
2026-05-28,5,BUILDING_SAFETY,pwd,1
2026-05-28,5,CRIME_PROPERTY,police,3
2026-05-28,5,CRIME_VIOLENT,police,1
2026-05-28,5,DRAINAGE_SEWAGE,grievance,1
2026-05-28,5,FLOOD_WATERLOGGING,pwd,3
2026-05-28,5,MISSING_PERSON,police,1
2026-05-28,5,OTHER,grievance,1
2026-05-28,5,PUBLIC_ORDER,police,1
2026-05-28,5,ROAD_ACCIDENT,police,1
2026-05-28,5,SOLID_WASTE,grievance,1
2026-05-28,5,TRAFFIC_OBSTRUCTION,police,2
2026-05-28,6,CRIME_PROPERTY,police,1
2026-05-28,6,DRAINAGE_SEWAGE,grievance,1
2026-05-28,6,FOOD_SAFETY,grievance,1
2026-05-28,6,ROAD_DAMAGE,grievance,2
2026-05-28,6,SANITATION_TOILETS,grievance,2
2026-05-28,6,SOLID_WASTE,grievance,4
2026-05-28,6,STREETLIGHT_ELECTRICAL,grievance,2
2026-05-28,6,TRAFFIC_OBSTRUCTION,grievance,1
2026-05-28,7,CRIME_PROPERTY,police,1
2026-05-28,7,CRIME_VIOLENT,police,3
2026-05-28,7,ROAD_ACCIDENT,police,1
2026-05-28,7,SOLID_WASTE,grievance,2
2026-05-28,7,STREETLIGHT_ELECTRICAL,grievance,1
2026-05-28,7,WATERBODY_INFRA,pwd,1
2026-05-28,8,ADMIN_SERVICES,grievance,1
2026-05-28,8,CRIME_PROPERTY,police,1
2026-05-28,8,CRIME_VIOLENT,police,1
2026-05-28,8,DARK_SPOT_SAFETY,grievance,1
2026-05-28,8,DRUGS_LIQUOR,police,2
2026-05-28,8,SANITATION_TOILETS,grievance,1
2026-05-28,8,WATERBODY_INFRA,pwd,1
2026-05-28,9,ADMIN_SERVICES,grievance,1
2026-05-28,9,CRIME_VIOLENT,police,2
2026-05-28,9,FLOOD_WATERLOGGING,grievance,1
2026-05-28,9,HEALTH_SERVICES,grievance,1
2026-05-28,9,PUBLIC_WORKS,grievance,1
2026-05-28,9,ROAD_DAMAGE,grievance,1
2026-05-28,9,SOLID_WASTE,grievance,6
2026-05-28,9,STREETLIGHT_ELECTRICAL,grievance,1
2026-05-28,9,TREES_PARKS,grievance,1
2026-05-28,10,BUILDING_SAFETY,pwd,2
2026-05-28,10,CRIME_PROPERTY,police,2
2026-05-28,10,CRIME_VIOLENT,police,2
2026-05-28,10,DRAINAGE_SEWAGE,grievance,2
2026-05-28,10,DRAINAGE_SEWAGE,pwd,1
2026-05-28,10,ENCROACHMENT,grievance,1
2026-05-28,10,FLOOD_WATERLOGGING,grievance,1
2026-05-28,10,PUBLIC_ORDER,police,1
2026-05-28,10,ROAD_ACCIDENT,police,1
2026-05-28,10,ROAD_DAMAGE,grievance,1
2026-05-28,10,SOLID_WASTE,grievance,1
2026-05-28,10,STREETLIGHT_ELECTRICAL,grievance,2
2026-05-28,10,TRAFFIC_OBSTRUCTION,police,1
2026-05-28,11,DRAINAGE_SEWAGE,grievance,1
2026-05-28,11,DRAIN_WORKS_SAFETY,grievance,2
2026-05-28,11,SANITATION_TOILETS,grievance,1
2026-05-28,11,SOLID_WASTE,grievance,2
2026-05-28,11,STRAY_ANIMALS,grievance,1
2026-05-28,11,STREETLIGHT_ELECTRICAL,grievance,2
2026-05-28,12,CRIME_PROPERTY,police,1
2026-05-28,12,DRAIN_WORKS_SAFETY,grievance,1
2026-05-28,12,OTHER,grievance,1
2026-05-28,12,SOLID_WASTE,grievance,1
2026-05-28,12,STREETLIGHT_ELECTRICAL,grievance,1
2026-05-28,12,TRAFFIC_OBSTRUCTION,police,1
2026-05-28,13,CRIME_PROPERTY,police,1
2026-05-28,13,DRAINAGE_SEWAGE,grievance,1
2026-05-28,13,DRAIN_WORKS_SAFETY,grievance,1
2026-05-28,13,ENCROACHMENT,pwd,1
2026-05-28,13,MISSING_PERSON,police,1
2026-05-28,13,PUBLIC_ORDER,police,1
2026-05-28,13,PUBLIC_WORKS,grievance,1
2026-05-28,13,ROAD_ACCIDENT,police,1
2026-05-28,13,ROAD_DAMAGE,grievance,3
2026-05-28,13,ROAD_DAMAGE,pwd,1
2026-05-28,13,SANITATION_TOILETS,grievance,2
2026-05-28,13,SOLID_WASTE,grievance,4
2026-05-28,13,TRAFFIC_OBSTRUCTION,police,1
2026-05-28,13,VECTOR_DISEASE,grievance,1
2026-05-28,14,ADMIN_SERVICES,grievance,1
2026-05-28,14,CRIME_VIOLENT,police,2
2026-05-28,14,DRAIN_WORKS_SAFETY,grievance,1
2026-05-28,14,ENCROACHMENT,grievance,1
2026-05-28,14,SANITATION_TOILETS,grievance,2
2026-05-28,14,SOLID_WASTE,grievance,2
2026-05-28,14,STRAY_ANIMALS,grievance,1
2026-05-28,14,STREETLIGHT_ELECTRICAL,grievance,1
2026-05-28,14,TREES_PARKS,grievance,1
2026-05-28,15,DRAINAGE_SEWAGE,grievance,1
2026-05-28,15,ENCROACHMENT,grievance,1
2026-05-28,15,TRAFFIC_OBSTRUCTION,police,1
2026-05-28,15,TREES_PARKS,grievance,2
2026-05-29,1,ADMIN_SERVICES,grievance,1
2026-05-29,1,CRIME_PROPERTY,police,2
2026-05-29,1,DRAINAGE_SEWAGE,grievance,2
2026-05-29,1,DRAINAGE_SEWAGE,pwd,1
2026-05-29,1,DRAIN_WORKS_SAFETY,grievance,1
2026-05-29,1,FLOOD_WATERLOGGING,grievance,1
2026-05-29,1,PUBLIC_ORDER,police,6
2026-05-29,1,ROAD_ACCIDENT,police,2
2026-05-29,1,ROAD_DAMAGE,grievance,1
2026-05-29,1,SOLID_WASTE,grievance,1
2026-05-29,2,ROAD_DAMAGE,grievance,1
2026-05-29,3,CRIME_PROPERTY,police,2
2026-05-29,3,DRAINAGE_SEWAGE,grievance,1
2026-05-29,3,DRUGS_LIQUOR,police,1
2026-05-29,3,ROAD_DAMAGE,grievance,1
2026-05-29,3,SOLID_WASTE,grievance,1
2026-05-29,4,AIR_POLLUTION,grievance,1
2026-05-29,4,CRIME_PROPERTY,police,4
2026-05-29,4,DARK_SPOT_SAFETY,grievance,2
2026-05-29,4,DRAINAGE_SEWAGE,grievance,1
2026-05-29,4,DRAINAGE_SEWAGE,pwd,3
2026-05-29,4,DRAIN_WORKS_SAFETY,grievance,1
2026-05-29,4,ENCROACHMENT,pwd,1
2026-05-29,4,PUBLIC_ORDER,police,1
2026-05-29,4,ROAD_DAMAGE,grievance,1
2026-05-29,4,SOLID_WASTE,grievance,5
2026-05-29,4,STREETLIGHT_ELECTRICAL,grievance,2
2026-05-29,5,CRIME_PROPERTY,police,3
2026-05-29,5,DRAINAGE_SEWAGE,grievance,1
2026-05-29,5,DRUGS_LIQUOR,police,1
2026-05-29,5,MISSING_PERSON,police,3
2026-05-29,5,ROAD_ACCIDENT,police,2
2026-05-29,5,SOLID_WASTE,grievance,2
2026-05-29,5,STREETLIGHT_ELECTRICAL,grievance,3
2026-05-29,6,ADMIN_SERVICES,grievance,1
2026-05-29,6,CRIME_PROPERTY,police,1
2026-05-29,6,DRAINAGE_SEWAGE,pwd,1
2026-05-29,6,FLOOD_WATERLOGGING,pwd,1
2026-05-29,6,MISSING_PERSON,police,1
2026-05-29,6,PUBLIC_WORKS,grievance,1
2026-05-29,6,SANITATION_TOILETS,grievance,1
2026-05-29,6,SOLID_WASTE,grievance,4
2026-05-29,6,STRAY_ANIMALS,grievance,1
2026-05-29,6,STREETLIGHT_ELECTRICAL,grievance,1
2026-05-29,6,TRAFFIC_OBSTRUCTION,police,1
2026-05-29,6,VECTOR_DISEASE,grievance,1
2026-05-29,7,CRIME_PROPERTY,police,1
2026-05-29,7,CRIME_VIOLENT,police,2
2026-05-29,7,MISSING_PERSON,police,2
2026-05-29,7,PUBLIC_ORDER,police,1
2026-05-29,7,ROAD_ACCIDENT,police,2
2026-05-29,7,SOLID_WASTE,grievance,1
2026-05-29,7,STREETLIGHT_ELECTRICAL,grievance,1
2026-05-29,7,WATERBODY_INFRA,pwd,1
2026-05-29,8,ADMIN_SERVICES,grievance,1
2026-05-29,8,BUILDING_SAFETY,pwd,1
2026-05-29,8,CRIME_PROPERTY,police,2
2026-05-29,8,CRIME_VIOLENT,police,1
2026-05-29,8,DRAINAGE_SEWAGE,grievance,1
2026-05-29,8,DRAINAGE_SEWAGE,pwd,1
2026-05-29,8,DRAIN_WORKS_SAFETY,grievance,1
2026-05-29,8,DRUGS_LIQUOR,police,1
2026-05-29,8,ENCROACHMENT,grievance,1
2026-05-29,8,OTHER,grievance,1
2026-05-29,8,ROAD_ACCIDENT,police,1
2026-05-29,8,SOLID_WASTE,grievance,2
2026-05-29,8,STREETLIGHT_ELECTRICAL,grievance,3
2026-05-29,8,TREES_PARKS,grievance,1
2026-05-29,9,CRIME_PROPERTY,police,2
2026-05-29,9,CRIME_VIOLENT,police,1
2026-05-29,9,DRUGS_LIQUOR,police,1
2026-05-29,9,FLOOD_WATERLOGGING,grievance,1
2026-05-29,9,FOOD_SAFETY,grievance,1
2026-05-29,9,OTHER,grievance,1
2026-05-29,9,PUBLIC_ORDER,police,1
2026-05-29,9,ROAD_DAMAGE,grievance,1
2026-05-29,9,SANITATION_TOILETS,grievance,1
2026-05-29,9,SOLID_WASTE,grievance,3
2026-05-29,9,STREETLIGHT_ELECTRICAL,grievance,2
2026-05-29,10,BUILDING_SAFETY,pwd,1
2026-05-29,10,CRIME_PROPERTY,police,6
2026-05-29,10,CRIME_VIOLENT,police,1
2026-05-29,10,ENCROACHMENT,grievance,1
2026-05-29,10,FLOOD_WATERLOGGING,grievance,1
2026-05-29,10,HEALTH_SERVICES,grievance,1
2026-05-29,10,ROAD_ACCIDENT,police,5
2026-05-29,10,ROAD_DAMAGE,grievance,1
2026-05-29,10,SANITATION_TOILETS,grievance,1
2026-05-29,10,SOLID_WASTE,grievance,1
2026-05-29,10,STRAY_ANIMALS,grievance,1
2026-05-29,11,BUILDING_SAFETY,pwd,1
2026-05-29,11,CRIME_PROPERTY,police,1
2026-05-29,11,DRAINAGE_SEWAGE,grievance,1
2026-05-29,11,DRAINAGE_SEWAGE,pwd,1
2026-05-29,11,PUBLIC_ORDER,police,1
2026-05-29,11,SOLID_WASTE,grievance,3
2026-05-29,11,TRAFFIC_OBSTRUCTION,police,1
2026-05-29,11,TREES_PARKS,grievance,1
2026-05-29,12,ADMIN_SERVICES,grievance,1
2026-05-29,12,CRIME_VIOLENT,police,1
2026-05-29,12,DRAINAGE_SEWAGE,grievance,1
2026-05-29,12,DRAIN_WORKS_SAFETY,grievance,1
2026-05-29,12,MISSING_PERSON,police,1
2026-05-29,12,PUBLIC_ORDER,police,1
2026-05-29,12,SOLID_WASTE,grievance,1
2026-05-29,12,STREETLIGHT_ELECTRICAL,grievance,1
2026-05-29,12,VECTOR_DISEASE,grievance,1
2026-05-29,13,CRIME_PROPERTY,police,2
2026-05-29,13,DARK_SPOT_SAFETY,grievance,1
2026-05-29,13,DRAINAGE_SEWAGE,grievance,1
2026-05-29,13,ENCROACHMENT,pwd,1
2026-05-29,13,PUBLIC_ORDER,police,1
2026-05-29,13,ROAD_ACCIDENT,police,5
2026-05-29,13,SOLID_WASTE,grievance,2
2026-05-29,13,STREETLIGHT_ELECTRICAL,grievance,2
2026-05-29,13,WATERBODY_INFRA,pwd,1
2026-05-29,14,CRIME_PROPERTY,police,1
2026-05-29,14,CRIME_VIOLENT,police,1
2026-05-29,14,DRAINAGE_SEWAGE,grievance,1
2026-05-29,14,OTHER,grievance,1
2026-05-29,14,SOLID_WASTE,grievance,1
2026-05-29,15,ADMIN_SERVICES,grievance,1
2026-05-29,15,CRIME_PROPERTY,police,1
2026-05-29,15,MISSING_PERSON,police,1
2026-05-29,15,ROAD_ACCIDENT,police,1
2026-05-29,15,SOLID_WASTE,grievance,1
2026-05-29,,CRIME_PROPERTY,police,2
2026-05-30,1,CRIME_PROPERTY,police,1
2026-05-30,1,DARK_SPOT_SAFETY,grievance,1
2026-05-30,1,DRAINAGE_SEWAGE,grievance,2
2026-05-30,1,ENCROACHMENT,grievance,2
2026-05-30,1,OTHER,grievance,1
2026-05-30,1,PUBLIC_ORDER,police,2
2026-05-30,1,ROAD_DAMAGE,grievance,3
2026-05-30,1,SANITATION_TOILETS,grievance,1
2026-05-30,1,TREES_PARKS,grievance,1
2026-05-30,2,DRAIN_WORKS_SAFETY,grievance,1
2026-05-30,2,SOLID_WASTE,grievance,1
2026-05-30,2,TRAFFIC_OBSTRUCTION,police,2
2026-05-30,3,BUILDING_SAFETY,police,1
2026-05-30,3,BUILDING_SAFETY,pwd,1
2026-05-30,3,CRIME_PROPERTY,police,2
2026-05-30,3,CRIME_VIOLENT,police,2
2026-05-30,3,OTHER,grievance,1
2026-05-30,3,STREETLIGHT_ELECTRICAL,grievance,2
2026-05-30,4,CRIME_PROPERTY,police,1
2026-05-30,4,DRAINAGE_SEWAGE,pwd,2
2026-05-30,4,ENCROACHMENT,pwd,1
2026-05-30,4,FLOOD_WATERLOGGING,grievance,1
2026-05-30,4,FOOD_SAFETY,grievance,1
2026-05-30,4,ROAD_ACCIDENT,police,2
2026-05-30,4,SOLID_WASTE,grievance,6
2026-05-30,4,STREETLIGHT_ELECTRICAL,grievance,2
2026-05-30,4,TRAFFIC_OBSTRUCTION,police,1
2026-05-30,4,TREES_PARKS,grievance,1
2026-05-30,5,ADMIN_SERVICES,grievance,1
2026-05-30,5,CIVIC_FACILITIES,grievance,1
2026-05-30,5,CRIME_PROPERTY,police,4
2026-05-30,5,DARK_SPOT_SAFETY,grievance,1
2026-05-30,5,MISSING_PERSON,police,4
2026-05-30,5,PUBLIC_ORDER,police,3
2026-05-30,5,ROAD_ACCIDENT,police,1
2026-05-30,5,SOLID_WASTE,grievance,1
2026-05-30,5,STREETLIGHT_ELECTRICAL,grievance,2
2026-05-30,6,CRIME_PROPERTY,police,4
2026-05-30,6,CRIME_VIOLENT,police,2
2026-05-30,6,DRAINAGE_SEWAGE,pwd,1
2026-05-30,6,FLOOD_WATERLOGGING,pwd,1
2026-05-30,6,MISSING_PERSON,police,1
2026-05-30,6,ROAD_ACCIDENT,police,1
2026-05-30,6,SANITATION_TOILETS,grievance,1
2026-05-30,6,SOLID_WASTE,grievance,4
2026-05-30,7,ENCROACHMENT,pwd,1
2026-05-30,7,FOOD_SAFETY,grievance,1
2026-05-30,7,PUBLIC_ORDER,police,5
2026-05-30,7,ROAD_ACCIDENT,police,1
2026-05-30,7,SOLID_WASTE,grievance,2
2026-05-30,7,TREES_PARKS,grievance,1
2026-05-30,7,VECTOR_DISEASE,grievance,1
2026-05-30,8,BUILDING_SAFETY,pwd,3
2026-05-30,8,CRIME_PROPERTY,police,3
2026-05-30,8,DRUGS_LIQUOR,police,1
2026-05-30,8,FOOD_SAFETY,grievance,1
2026-05-30,8,PUBLIC_ORDER,police,1
2026-05-30,8,ROAD_ACCIDENT,police,1
2026-05-30,8,SOLID_WASTE,grievance,1
2026-05-30,8,STREETLIGHT_ELECTRICAL,grievance,2
2026-05-30,9,ADMIN_SERVICES,grievance,1
2026-05-30,9,DRAINAGE_SEWAGE,pwd,1
2026-05-30,9,DRUGS_LIQUOR,police,1
2026-05-30,9,ENCROACHMENT,grievance,1
2026-05-30,9,PUBLIC_ORDER,police,3
2026-05-30,9,PUBLIC_WORKS,grievance,1
2026-05-30,9,SOLID_WASTE,grievance,2
2026-05-30,9,STRAY_ANIMALS,grievance,1
2026-05-30,9,STREETLIGHT_ELECTRICAL,grievance,1
2026-05-30,9,TRAFFIC_OBSTRUCTION,police,1
2026-05-30,10,ADMIN_SERVICES,grievance,1
2026-05-30,10,CRIME_PROPERTY,police,5
2026-05-30,10,CRIME_VIOLENT,police,1
2026-05-30,10,DARK_SPOT_SAFETY,grievance,2
2026-05-30,10,MISSING_PERSON,police,3
2026-05-30,10,PUBLIC_ORDER,police,2
2026-05-30,10,ROAD_ACCIDENT,police,1
2026-05-30,10,SANITATION_TOILETS,grievance,1
2026-05-30,10,SOLID_WASTE,grievance,2
2026-05-30,10,TRAFFIC_OBSTRUCTION,police,3
2026-05-30,11,CRIME_VIOLENT,police,1
2026-05-30,11,SOLID_WASTE,grievance,1
2026-05-30,11,STREETLIGHT_ELECTRICAL,grievance,1
2026-05-30,12,CRIME_PROPERTY,police,1
2026-05-30,12,FOOD_SAFETY,grievance,1
2026-05-30,12,SANITATION_TOILETS,grievance,1
2026-05-30,12,SOLID_WASTE,grievance,1
2026-05-30,12,WATERBODY_INFRA,pwd,1
2026-05-30,13,ADMIN_SERVICES,grievance,1
2026-05-30,13,BUILDING_SAFETY,pwd,1
2026-05-30,13,CRIME_PROPERTY,police,9
2026-05-30,13,ENCROACHMENT,grievance,1
2026-05-30,13,FLOOD_WATERLOGGING,pwd,1
2026-05-30,13,HEALTH_SERVICES,grievance,1
2026-05-30,13,PUBLIC_ORDER,police,1
2026-05-30,13,ROAD_ACCIDENT,police,2
2026-05-30,13,SANITATION_TOILETS,grievance,1
2026-05-30,13,SOLID_WASTE,grievance,3
2026-05-30,14,CRIME_VIOLENT,police,2
2026-05-30,14,DARK_SPOT_SAFETY,grievance,1
2026-05-30,14,OTHER,grievance,1
2026-05-30,14,ROAD_DAMAGE,grievance,1
2026-05-30,14,STREETLIGHT_ELECTRICAL,grievance,1
2026-05-30,15,DRUGS_LIQUOR,police,1
2026-05-30,15,OTHER,grievance,1
2026-05-30,15,ROAD_DAMAGE,grievance,1
2026-05-31,1,CRIME_PROPERTY,police,3
2026-05-31,1,FLOOD_RELIEF,grievance,1
2026-05-31,1,ROAD_DAMAGE,grievance,1
2026-05-31,1,SOLID_WASTE,grievance,3
2026-05-31,1,TRAFFIC_OBSTRUCTION,grievance,1
2026-05-31,2,STREETLIGHT_ELECTRICAL,grievance,1
2026-05-31,3,ADMIN_SERVICES,grievance,1
2026-05-31,3,CRIME_PROPERTY,police,1
2026-05-31,3,ENCROACHMENT,grievance,1
2026-05-31,3,PUBLIC_ORDER,police,1
2026-05-31,3,ROAD_DAMAGE,grievance,1
2026-05-31,3,SANITATION_TOILETS,grievance,1
2026-05-31,3,SOLID_WASTE,grievance,1
2026-05-31,3,STREETLIGHT_ELECTRICAL,grievance,1
2026-05-31,3,TRAFFIC_OBSTRUCTION,police,1
2026-05-31,4,ADMIN_SERVICES,grievance,1
2026-05-31,4,BUILDING_SAFETY,pwd,1
2026-05-31,4,CRIME_PROPERTY,police,1
2026-05-31,4,DRAINAGE_SEWAGE,grievance,1
2026-05-31,4,DRUGS_LIQUOR,police,1
2026-05-31,4,ENCROACHMENT,pwd,1
2026-05-31,4,ROAD_ACCIDENT,police,4
2026-05-31,4,TREES_PARKS,grievance,2
2026-05-31,4,VECTOR_DISEASE,grievance,1
2026-05-31,5,ADMIN_SERVICES,grievance,1
2026-05-31,5,BUILDING_SAFETY,pwd,1
2026-05-31,5,CRIME_PROPERTY,police,4
2026-05-31,5,MISSING_PERSON,police,5
2026-05-31,5,PUBLIC_ORDER,police,1
2026-05-31,5,PUBLIC_WORKS,grievance,1
2026-05-31,5,ROAD_ACCIDENT,police,1
2026-05-31,5,SOLID_WASTE,grievance,3
2026-05-31,5,TRAFFIC_OBSTRUCTION,police,2
2026-05-31,6,ADMIN_SERVICES,grievance,2
2026-05-31,6,CRIME_PROPERTY,police,1
2026-05-31,6,CRIME_VIOLENT,police,1
2026-05-31,6,DRAINAGE_SEWAGE,grievance,1
2026-05-31,6,DRAINAGE_SEWAGE,pwd,1
2026-05-31,6,FLOOD_WATERLOGGING,pwd,1
2026-05-31,6,ROAD_ACCIDENT,police,1
2026-05-31,6,ROAD_DAMAGE,grievance,2
2026-05-31,6,SANITATION_TOILETS,grievance,1
2026-05-31,6,SOLID_WASTE,grievance,3
2026-05-31,6,STRAY_ANIMALS,grievance,1
2026-05-31,6,VECTOR_DISEASE,grievance,1
2026-05-31,7,CRIME_VIOLENT,police,3
2026-05-31,7,DARK_SPOT_SAFETY,grievance,1
2026-05-31,7,ROAD_ACCIDENT,police,2
2026-05-31,7,ROAD_DAMAGE,grievance,1
2026-05-31,7,STREETLIGHT_ELECTRICAL,grievance,1
2026-05-31,7,TRAFFIC_OBSTRUCTION,police,2
2026-05-31,8,ADMIN_SERVICES,grievance,2
2026-05-31,8,CRIME_PROPERTY,police,4
2026-05-31,8,ENCROACHMENT,pwd,1
2026-05-31,8,FLOOD_RELIEF,grievance,1
2026-05-31,8,MISSING_PERSON,police,2
2026-05-31,8,ROAD_ACCIDENT,police,3
2026-05-31,8,ROAD_DAMAGE,grievance,2
2026-05-31,8,SOLID_WASTE,grievance,1
2026-05-31,8,TRAFFIC_OBSTRUCTION,police,1
2026-05-31,8,TREES_PARKS,grievance,1
2026-05-31,9,DARK_SPOT_SAFETY,grievance,1
2026-05-31,9,MISSING_PERSON,police,1
2026-05-31,9,OTHER,grievance,1
2026-05-31,9,ROAD_DAMAGE,grievance,1
2026-05-31,9,SOLID_WASTE,grievance,4
2026-05-31,9,STREETLIGHT_ELECTRICAL,grievance,1
2026-05-31,10,BUILDING_SAFETY,pwd,1
2026-05-31,10,CRIME_PROPERTY,police,6
2026-05-31,10,CRIME_VIOLENT,police,2
2026-05-31,10,FLOOD_WATERLOGGING,police,2
2026-05-31,10,MISSING_PERSON,police,1
2026-05-31,10,PUBLIC_ORDER,police,1
2026-05-31,10,ROAD_ACCIDENT,police,3
2026-05-31,10,ROAD_DAMAGE,grievance,1
2026-05-31,10,SOLID_WASTE,grievance,1
2026-05-31,10,STREETLIGHT_ELECTRICAL,grievance,1
2026-05-31,10,TRAFFIC_OBSTRUCTION,police,6
2026-05-31,11,CRIME_PROPERTY,police,1
2026-05-31,11,CRIME_VIOLENT,police,1
2026-05-31,11,OTHER,grievance,1
2026-05-31,11,ROAD_ACCIDENT,police,1
2026-05-31,11,SOLID_WASTE,grievance,2
2026-05-31,11,TRAFFIC_OBSTRUCTION,police,1
2026-05-31,11,TREES_PARKS,grievance,1
2026-05-31,12,CRIME_VIOLENT,police,1
2026-05-31,12,DARK_SPOT_SAFETY,grievance,1
2026-05-31,12,ROAD_ACCIDENT,police,1
2026-05-31,12,ROAD_DAMAGE,grievance,1
2026-05-31,12,SOLID_WASTE,grievance,1
2026-05-31,12,STREETLIGHT_ELECTRICAL,grievance,1
2026-05-31,13,BUILDING_SAFETY,pwd,1
2026-05-31,13,CRIME_PROPERTY,police,4
2026-05-31,13,CRIME_VIOLENT,police,2
2026-05-31,13,FLOOD_WATERLOGGING,police,3
2026-05-31,13,PUBLIC_ORDER,police,1
2026-05-31,13,ROAD_ACCIDENT,police,2
2026-05-31,13,ROAD_DAMAGE,grievance,1
2026-05-31,13,STRAY_ANIMALS,grievance,1
2026-05-31,13,STREETLIGHT_ELECTRICAL,grievance,1
2026-05-31,13,TRAFFIC_OBSTRUCTION,police,2
2026-05-31,14,ADMIN_SERVICES,grievance,2
2026-05-31,14,DRAINAGE_SEWAGE,grievance,1
2026-05-31,14,PUBLIC_WORKS,grievance,1
2026-05-31,14,ROAD_ACCIDENT,police,1
2026-05-31,14,TRAFFIC_OBSTRUCTION,police,1
2026-05-31,15,CRIME_PROPERTY,police,3
2026-05-31,15,DRAINAGE_SEWAGE,grievance,1
2026-05-31,15,ROAD_ACCIDENT,police,1
2026-05-31,15,SOLID_WASTE,grievance,1
2026-05-31,15,STRAY_ANIMALS,grievance,1
2026-05-31,15,TREES_PARKS,grievance,1
2026-05-31,,CRIME_PROPERTY,police,3
2026-06-01,1,CRIME_PROPERTY,police,1
2026-06-01,1,DARK_SPOT_SAFETY,grievance,1
2026-06-01,1,MISSING_PERSON,police,1
2026-06-01,1,OTHER,grievance,1
2026-06-01,1,ROAD_ACCIDENT,police,1
2026-06-01,1,ROAD_DAMAGE,grievance,1
2026-06-01,1,SANITATION_TOILETS,grievance,1
2026-06-01,2,CRIME_PROPERTY,police,1
2026-06-01,2,DRAIN_WORKS_SAFETY,grievance,1
2026-06-01,2,FLOOD_WATERLOGGING,police,1
2026-06-01,3,AIR_POLLUTION,grievance,1
2026-06-01,3,DARK_SPOT_SAFETY,grievance,1
2026-06-01,3,FLOOD_RELIEF,grievance,1
2026-06-01,3,FLOOD_WATERLOGGING,grievance,1
2026-06-01,3,PUBLIC_ORDER,police,1
2026-06-01,3,ROAD_DAMAGE,grievance,10
2026-06-01,3,SOLID_WASTE,grievance,1
2026-06-01,3,STREETLIGHT_ELECTRICAL,grievance,1
2026-06-01,3,WATERBODY_INFRA,pwd,1
2026-06-01,4,ADMIN_SERVICES,grievance,1
2026-06-01,4,BUILDING_SAFETY,pwd,1
2026-06-01,4,CRIME_VIOLENT,police,1
2026-06-01,4,DARK_SPOT_SAFETY,grievance,1
2026-06-01,4,HEALTH_SERVICES,grievance,2
2026-06-01,4,ROAD_ACCIDENT,police,1
2026-06-01,4,SANITATION_TOILETS,grievance,1
2026-06-01,4,SOLID_WASTE,grievance,3
2026-06-01,4,STREETLIGHT_ELECTRICAL,grievance,2
2026-06-01,4,VECTOR_DISEASE,grievance,1
2026-06-01,5,CRIME_PROPERTY,police,1
2026-06-01,5,CRIME_VIOLENT,police,2
2026-06-01,5,DRAIN_WORKS_SAFETY,grievance,1
2026-06-01,5,HEALTH_SERVICES,grievance,1
2026-06-01,5,HEALTH_SERVICES,hospital,1
2026-06-01,5,PUBLIC_ORDER,police,3
2026-06-01,5,ROAD_ACCIDENT,police,1
2026-06-01,5,ROAD_DAMAGE,grievance,1
2026-06-01,5,STREETLIGHT_ELECTRICAL,grievance,2
2026-06-01,5,TRAFFIC_OBSTRUCTION,police,1
2026-06-01,5,TREES_PARKS,grievance,1
2026-06-01,5,VECTOR_DISEASE,grievance,1
2026-06-01,5,VECTOR_DISEASE,hospital,1
2026-06-01,6,CRIME_PROPERTY,police,1
2026-06-01,6,CRIME_VIOLENT,police,1
2026-06-01,6,DARK_SPOT_SAFETY,grievance,1
2026-06-01,6,DRAINAGE_SEWAGE,grievance,1
2026-06-01,6,DRAINAGE_SEWAGE,pwd,1
2026-06-01,6,FOOD_SAFETY,grievance,1
2026-06-01,6,PUBLIC_ORDER,police,1
2026-06-01,6,PUBLIC_WORKS,grievance,1
2026-06-01,6,SANITATION_TOILETS,grievance,2
2026-06-01,6,SOLID_WASTE,grievance,2
2026-06-01,6,STREETLIGHT_ELECTRICAL,grievance,2
2026-06-01,6,STREETLIGHT_ELECTRICAL,police,1
2026-06-01,6,TRAFFIC_OBSTRUCTION,police,1
2026-06-01,7,CRIME_PROPERTY,police,3
2026-06-01,7,CRIME_VIOLENT,police,1
2026-06-01,7,DARK_SPOT_SAFETY,grievance,1
2026-06-01,7,STREETLIGHT_ELECTRICAL,grievance,1
2026-06-01,7,VECTOR_DISEASE,grievance,1
2026-06-01,7,WATERBODY_INFRA,pwd,2
2026-06-01,8,AIR_POLLUTION,grievance,1
2026-06-01,8,CRIME_PROPERTY,police,2
2026-06-01,8,CRIME_VIOLENT,police,1
2026-06-01,8,DRUGS_LIQUOR,police,1
2026-06-01,8,ENCROACHMENT,grievance,1
2026-06-01,8,FLOOD_WATERLOGGING,grievance,1
2026-06-01,8,FLOOD_WATERLOGGING,pwd,2
2026-06-01,8,MISSING_PERSON,police,2
2026-06-01,8,PUBLIC_ORDER,police,4
2026-06-01,8,PUBLIC_WORKS,grievance,1
2026-06-01,8,ROAD_ACCIDENT,police,3
2026-06-01,8,ROAD_DAMAGE,grievance,2
2026-06-01,8,SANITATION_TOILETS,grievance,1
2026-06-01,8,SOLID_WASTE,grievance,1
2026-06-01,8,STREETLIGHT_ELECTRICAL,grievance,2
2026-06-01,8,TRAFFIC_OBSTRUCTION,police,1
2026-06-01,9,ADMIN_SERVICES,grievance,2
2026-06-01,9,CRIME_PROPERTY,police,5
2026-06-01,9,CRIME_VIOLENT,police,3
2026-06-01,9,FLOOD_WATERLOGGING,grievance,2
2026-06-01,9,OTHER,grievance,1
2026-06-01,9,PUBLIC_ORDER,police,1
2026-06-01,9,ROAD_ACCIDENT,police,2
2026-06-01,9,SOLID_WASTE,grievance,4
2026-06-01,9,STREETLIGHT_ELECTRICAL,grievance,1
2026-06-01,9,VECTOR_DISEASE,grievance,1
2026-06-01,10,ENCROACHMENT,grievance,1
2026-06-01,10,FOOD_SAFETY,grievance,1
2026-06-01,10,MISSING_PERSON,police,1
2026-06-01,10,POLICE_OTHER,police,1
2026-06-01,10,ROAD_ACCIDENT,police,3
2026-06-01,10,ROAD_DAMAGE,grievance,1
2026-06-01,10,SOLID_WASTE,grievance,1
2026-06-01,10,STREETLIGHT_ELECTRICAL,grievance,2
2026-06-01,10,TRAFFIC_OBSTRUCTION,police,2
2026-06-01,11,DRAINAGE_SEWAGE,pwd,1
2026-06-01,11,DRUGS_LIQUOR,police,1
2026-06-01,11,FLOOD_WATERLOGGING,grievance,1
2026-06-01,11,ROAD_DAMAGE,grievance,1
2026-06-01,11,SOLID_WASTE,grievance,1
2026-06-01,11,STREETLIGHT_ELECTRICAL,grievance,1
2026-06-01,11,TRAFFIC_OBSTRUCTION,grievance,1
2026-06-01,11,TRAFFIC_OBSTRUCTION,police,1
2026-06-01,12,ADMIN_SERVICES,grievance,1
2026-06-01,12,CRIME_PROPERTY,police,1
2026-06-01,12,FLOOD_WATERLOGGING,grievance,1
2026-06-01,12,FOOD_SAFETY,grievance,1
2026-06-01,12,SOLID_WASTE,grievance,5
2026-06-01,12,STREETLIGHT_ELECTRICAL,grievance,1
2026-06-01,12,VECTOR_DISEASE,grievance,1
2026-06-01,13,ADMIN_SERVICES,grievance,1
2026-06-01,13,CIVIC_FACILITIES,grievance,1
2026-06-01,13,CRIME_PROPERTY,police,3
2026-06-01,13,CRIME_VIOLENT,police,1
2026-06-01,13,DRAINAGE_SEWAGE,grievance,1
2026-06-01,13,DRUGS_LIQUOR,police,1
2026-06-01,13,FLOOD_WATERLOGGING,pwd,1
2026-06-01,13,PUBLIC_ORDER,police,2
2026-06-01,13,PUBLIC_WORKS,grievance,1
2026-06-01,13,ROAD_ACCIDENT,police,2
2026-06-01,13,STRAY_ANIMALS,grievance,1
2026-06-01,13,STREETLIGHT_ELECTRICAL,grievance,1
2026-06-01,13,WATERBODY_INFRA,pwd,1
2026-06-01,14,CRIME_PROPERTY,police,2
2026-06-01,14,ENCROACHMENT,grievance,1
2026-06-01,14,SOLID_WASTE,grievance,1
2026-06-01,15,DRUGS_LIQUOR,police,1
2026-06-01,15,ENCROACHMENT,pwd,1
2026-06-01,15,PUBLIC_ORDER,police,2
2026-06-01,15,ROAD_ACCIDENT,police,1
2026-06-01,15,ROAD_DAMAGE,pwd,1
2026-06-01,15,SOLID_WASTE,grievance,1
2026-06-01,,CRIME_VIOLENT,police,2
2026-06-02,1,CRIME_PROPERTY,police,2
2026-06-02,1,DRAINAGE_SEWAGE,pwd,4
2026-06-02,1,FLOOD_WATERLOGGING,grievance,1
2026-06-02,1,MISSING_PERSON,police,3
2026-06-02,1,ROAD_ACCIDENT,police,1
2026-06-02,1,SANITATION_TOILETS,grievance,1
2026-06-02,1,SOLID_WASTE,grievance,1
2026-06-02,1,STREETLIGHT_ELECTRICAL,grievance,1
2026-06-02,1,TREES_PARKS,grievance,1
2026-06-02,2,CRIME_PROPERTY,police,1
2026-06-02,2,DRAIN_WORKS_SAFETY,grievance,1
2026-06-02,2,HEALTH_SERVICES,grievance,1
2026-06-02,2,MISSING_PERSON,police,1
2026-06-02,3,CRIME_VIOLENT,police,1
2026-06-02,3,ENCROACHMENT,pwd,1
2026-06-02,3,ROAD_DAMAGE,grievance,8
2026-06-02,3,TREES_PARKS,grievance,1
2026-06-02,4,CRIME_PROPERTY,police,1
2026-06-02,4,PUBLIC_ORDER,police,1
2026-06-02,4,SOLID_WASTE,grievance,2
2026-06-02,5,CRIME_PROPERTY,police,5
2026-06-02,5,CRIME_VIOLENT,police,2
2026-06-02,5,DRAINAGE_SEWAGE,grievance,1
2026-06-02,5,DRUGS_LIQUOR,police,2
2026-06-02,5,ENCROACHMENT,pwd,1
2026-06-02,5,HEALTH_SERVICES,grievance,1
2026-06-02,5,PUBLIC_ORDER,police,3
2026-06-02,5,SANITATION_TOILETS,grievance,1
2026-06-02,5,SOLID_WASTE,grievance,4
2026-06-02,5,TRAFFIC_OBSTRUCTION,police,1
2026-06-02,6,ADMIN_SERVICES,grievance,1
2026-06-02,6,CIVIC_FACILITIES,grievance,1
2026-06-02,6,CRIME_VIOLENT,police,1
2026-06-02,6,DRAINAGE_SEWAGE,pwd,1
2026-06-02,6,DRUGS_LIQUOR,police,2
2026-06-02,6,ROAD_ACCIDENT,police,1
2026-06-02,6,ROAD_DAMAGE,grievance,2
2026-06-02,6,SOLID_WASTE,grievance,1
2026-06-02,6,TRAFFIC_OBSTRUCTION,police,2
2026-06-02,7,CRIME_PROPERTY,police,1
2026-06-02,7,DRAIN_WORKS_SAFETY,grievance,1
2026-06-02,7,DRUGS_LIQUOR,police,1
2026-06-02,7,ENCROACHMENT,pwd,2
2026-06-02,7,FLOOD_WATERLOGGING,grievance,1
2026-06-02,7,MISSING_PERSON,police,1
2026-06-02,7,PUBLIC_ORDER,police,1
2026-06-02,7,ROAD_DAMAGE,grievance,2
2026-06-02,7,SOLID_WASTE,grievance,1
2026-06-02,7,TRAFFIC_OBSTRUCTION,police,1
2026-06-02,7,WATERBODY_INFRA,pwd,1
2026-06-02,8,ADMIN_SERVICES,grievance,1
2026-06-02,8,CRIME_PROPERTY,police,1
2026-06-02,8,CRIME_VIOLENT,police,3
2026-06-02,8,DRAIN_WORKS_SAFETY,grievance,1
2026-06-02,8,FLOOD_WATERLOGGING,police,1
2026-06-02,8,MISSING_PERSON,police,1
2026-06-02,8,PUBLIC_ORDER,police,3
2026-06-02,8,SANITATION_TOILETS,grievance,1
2026-06-02,8,SOLID_WASTE,grievance,1
2026-06-02,8,STRAY_ANIMALS,grievance,1
2026-06-02,8,STREETLIGHT_ELECTRICAL,grievance,1
2026-06-02,8,TRAFFIC_OBSTRUCTION,grievance,2
2026-06-02,8,TRAFFIC_OBSTRUCTION,police,3
2026-06-02,8,TREES_PARKS,grievance,1
2026-06-02,9,BUILDING_SAFETY,pwd,1
2026-06-02,9,DRAIN_WORKS_SAFETY,grievance,1
2026-06-02,9,FLOOD_WATERLOGGING,grievance,1
2026-06-02,9,PUBLIC_ORDER,police,2
2026-06-02,9,ROAD_DAMAGE,grievance,1
2026-06-02,9,SANITATION_TOILETS,grievance,2
2026-06-02,9,STREETLIGHT_ELECTRICAL,grievance,1
2026-06-02,10,CRIME_PROPERTY,police,1
2026-06-02,10,CRIME_VIOLENT,police,1
2026-06-02,10,ENCROACHMENT,grievance,1
2026-06-02,10,FLOOD_WATERLOGGING,grievance,1
2026-06-02,10,FLOOD_WATERLOGGING,police,1
2026-06-02,10,POLICE_OTHER,police,1
2026-06-02,10,PUBLIC_ORDER,police,1
2026-06-02,10,ROAD_DAMAGE,grievance,2
2026-06-02,10,SANITATION_TOILETS,grievance,1
2026-06-02,10,SOLID_WASTE,grievance,2
2026-06-02,10,STRAY_ANIMALS,grievance,1
2026-06-02,10,STREETLIGHT_ELECTRICAL,grievance,2
2026-06-02,11,CRIME_PROPERTY,police,1
2026-06-02,11,ENCROACHMENT,pwd,1
2026-06-02,11,ROAD_DAMAGE,grievance,1
2026-06-02,11,SOLID_WASTE,grievance,1
2026-06-02,11,STRAY_ANIMALS,grievance,1
2026-06-02,11,STREETLIGHT_ELECTRICAL,grievance,3
2026-06-02,11,WATERBODY_INFRA,pwd,1
2026-06-02,12,CRIME_VIOLENT,police,1
2026-06-02,12,DRAINAGE_SEWAGE,pwd,1
2026-06-02,12,FLOOD_WATERLOGGING,grievance,2
2026-06-02,12,ROAD_DAMAGE,grievance,1
2026-06-02,12,SOLID_WASTE,grievance,1
2026-06-02,13,BUILDING_SAFETY,pwd,1
2026-06-02,13,CRIME_PROPERTY,police,1
2026-06-02,13,CRIME_VIOLENT,police,1
2026-06-02,13,FLOOD_WATERLOGGING,grievance,1
2026-06-02,13,FLOOD_WATERLOGGING,pwd,1
2026-06-02,13,ROAD_ACCIDENT,police,2
2026-06-02,13,ROAD_DAMAGE,grievance,2
2026-06-02,13,STREETLIGHT_ELECTRICAL,grievance,2
2026-06-02,13,TRAFFIC_OBSTRUCTION,police,1
2026-06-02,14,ADMIN_SERVICES,grievance,1
2026-06-02,14,CRIME_PROPERTY,police,1
2026-06-02,14,DRAINAGE_SEWAGE,grievance,2
2026-06-02,14,FLOOD_WATERLOGGING,grievance,1
2026-06-02,14,POLICE_OTHER,police,1
2026-06-02,14,PUBLIC_ORDER,police,1
2026-06-02,15,CRIME_PROPERTY,police,1
2026-06-02,15,DRAINAGE_SEWAGE,grievance,1
2026-06-02,15,DRUGS_LIQUOR,police,1
2026-06-02,15,PUBLIC_ORDER,police,1
2026-06-02,15,ROAD_DAMAGE,grievance,2
2026-06-02,15,SOLID_WASTE,grievance,1
2026-06-02,15,STRAY_ANIMALS,grievance,1
2026-06-02,,CRIME_PROPERTY,police,1
2026-06-03,1,AIR_POLLUTION,grievance,1
2026-06-03,1,BUILDING_SAFETY,pwd,1
2026-06-03,1,CRIME_PROPERTY,police,3
2026-06-03,1,DRAIN_WORKS_SAFETY,grievance,1
2026-06-03,1,HEALTH_SERVICES,grievance,1
2026-06-03,1,PUBLIC_ORDER,police,1
2026-06-03,1,PUBLIC_WORKS,grievance,1
2026-06-03,1,ROAD_ACCIDENT,police,1
2026-06-03,1,SANITATION_TOILETS,grievance,2
2026-06-03,1,SOLID_WASTE,grievance,1
2026-06-03,1,STRAY_ANIMALS,grievance,1
2026-06-03,1,STREETLIGHT_ELECTRICAL,grievance,2
2026-06-03,1,TREES_PARKS,grievance,1
2026-06-03,3,CRIME_PROPERTY,police,1
2026-06-03,3,DRAINAGE_SEWAGE,grievance,2
2026-06-03,3,ENCROACHMENT,grievance,1
2026-06-03,3,ROAD_DAMAGE,grievance,1
2026-06-03,3,SANITATION_TOILETS,grievance,2
2026-06-03,3,TRAFFIC_OBSTRUCTION,police,1
2026-06-03,3,TREES_PARKS,grievance,1
2026-06-03,4,ADMIN_SERVICES,grievance,1
2026-06-03,4,CRIME_PROPERTY,police,1
2026-06-03,4,CRIME_VIOLENT,police,1
2026-06-03,4,FLOOD_WATERLOGGING,grievance,1
2026-06-03,4,OTHER,grievance,1
2026-06-03,4,SANITATION_TOILETS,grievance,1
2026-06-03,4,SOLID_WASTE,grievance,2
2026-06-03,4,TREES_PARKS,grievance,1
2026-06-03,5,CRIME_PROPERTY,police,1
2026-06-03,5,DRAINAGE_SEWAGE,grievance,1
2026-06-03,5,OTHER,grievance,1
2026-06-03,5,PUBLIC_ORDER,police,2
2026-06-03,5,ROAD_ACCIDENT,police,2
2026-06-03,5,ROAD_DAMAGE,grievance,2
2026-06-03,5,SOLID_WASTE,grievance,1
2026-06-03,5,STREETLIGHT_ELECTRICAL,grievance,1
2026-06-03,5,TRAFFIC_OBSTRUCTION,police,2
2026-06-03,6,ADMIN_SERVICES,grievance,1
2026-06-03,6,CRIME_PROPERTY,police,2
2026-06-03,6,CRIME_VIOLENT,police,2
2026-06-03,6,OTHER,grievance,1
2026-06-03,6,ROAD_ACCIDENT,police,2
2026-06-03,6,SOLID_WASTE,grievance,2
2026-06-03,6,STREETLIGHT_ELECTRICAL,grievance,1
2026-06-03,7,ADMIN_SERVICES,grievance,1
2026-06-03,7,DRAINAGE_SEWAGE,grievance,1
2026-06-03,7,FLOOD_WATERLOGGING,grievance,1
2026-06-03,7,ROAD_ACCIDENT,police,1
2026-06-03,7,ROAD_DAMAGE,grievance,1
2026-06-03,7,SOLID_WASTE,grievance,3
2026-06-03,8,CRIME_PROPERTY,police,1
2026-06-03,8,CRIME_VIOLENT,police,2
2026-06-03,8,DARK_SPOT_SAFETY,grievance,1
2026-06-03,8,DRAINAGE_SEWAGE,grievance,2
2026-06-03,8,DRAINAGE_SEWAGE,pwd,1
2026-06-03,8,FLOOD_WATERLOGGING,police,2
2026-06-03,8,MISSING_PERSON,police,1
2026-06-03,8,PUBLIC_ORDER,police,1
2026-06-03,8,ROAD_ACCIDENT,police,1
2026-06-03,8,ROAD_DAMAGE,grievance,2
2026-06-03,8,STREETLIGHT_ELECTRICAL,grievance,2
2026-06-03,8,TRAFFIC_OBSTRUCTION,grievance,1
2026-06-03,9,CRIME_PROPERTY,police,3
2026-06-03,9,DARK_SPOT_SAFETY,grievance,1
2026-06-03,9,DRAIN_WORKS_SAFETY,grievance,2
2026-06-03,9,DRUGS_LIQUOR,police,1
2026-06-03,9,FOOD_SAFETY,grievance,1
2026-06-03,9,MISSING_PERSON,police,1
2026-06-03,9,OTHER,grievance,1
2026-06-03,9,ROAD_ACCIDENT,police,2
2026-06-03,9,SOLID_WASTE,grievance,7
2026-06-03,9,STRAY_ANIMALS,grievance,1
2026-06-03,9,STREETLIGHT_ELECTRICAL,grievance,1
2026-06-03,9,TRAFFIC_OBSTRUCTION,grievance,1
2026-06-03,9,TREES_PARKS,grievance,1
2026-06-03,10,CRIME_PROPERTY,police,1
2026-06-03,10,CRIME_VIOLENT,police,1
2026-06-03,10,DRAINAGE_SEWAGE,grievance,1
2026-06-03,10,PUBLIC_WORKS,grievance,1
2026-06-03,10,ROAD_ACCIDENT,police,1
2026-06-03,10,ROAD_DAMAGE,grievance,1
2026-06-03,10,SOLID_WASTE,grievance,2
2026-06-03,10,TRAFFIC_OBSTRUCTION,grievance,1
2026-06-03,10,TRAFFIC_OBSTRUCTION,police,4
2026-06-03,11,ENCROACHMENT,grievance,1
2026-06-03,11,ROAD_ACCIDENT,police,2
2026-06-03,11,TRAFFIC_OBSTRUCTION,police,2
2026-06-03,11,TREES_PARKS,grievance,1
2026-06-03,12,CRIME_PROPERTY,police,1
2026-06-03,12,DRAINAGE_SEWAGE,grievance,1
2026-06-03,12,DRAIN_WORKS_SAFETY,grievance,1
2026-06-03,12,OTHER,grievance,1
2026-06-03,12,ROAD_ACCIDENT,police,1
2026-06-03,12,SOLID_WASTE,grievance,2
2026-06-03,12,STREETLIGHT_ELECTRICAL,grievance,1
2026-06-03,13,CRIME_PROPERTY,police,3
2026-06-03,13,DRAINAGE_SEWAGE,pwd,3
2026-06-03,13,DRAIN_WORKS_SAFETY,grievance,1
2026-06-03,13,FLOOD_WATERLOGGING,grievance,1
2026-06-03,13,ROAD_DAMAGE,grievance,2
2026-06-03,13,SOLID_WASTE,grievance,3
2026-06-03,14,CRIME_PROPERTY,police,1
2026-06-03,14,FOOD_SAFETY,grievance,1
2026-06-03,14,OTHER,grievance,1
2026-06-03,14,SOLID_WASTE,grievance,1
2026-06-03,14,STREETLIGHT_ELECTRICAL,grievance,1
2026-06-03,14,TREES_PARKS,grievance,1
2026-06-03,15,CRIME_PROPERTY,police,1
2026-06-03,15,DRAINAGE_SEWAGE,pwd,1
2026-06-03,15,ENCROACHMENT,grievance,1
2026-06-03,15,FOOD_SAFETY,grievance,1
2026-06-03,15,PUBLIC_WORKS,grievance,1
2026-06-03,15,ROAD_ACCIDENT,police,1
2026-06-03,,CRIME_PROPERTY,police,1
2026-06-03,,PUBLIC_ORDER,police,1
2026-06-04,1,CRIME_PROPERTY,police,1
2026-06-04,1,FLOOD_WATERLOGGING,pwd,1
2026-06-04,1,FOOD_SAFETY,grievance,1
2026-06-04,1,PUBLIC_ORDER,police,1
2026-06-04,1,ROAD_ACCIDENT,police,1
2026-06-04,1,ROAD_DAMAGE,grievance,1
2026-06-04,1,SOLID_WASTE,grievance,3
2026-06-04,1,STRAY_ANIMALS,grievance,1
2026-06-04,1,TRAFFIC_OBSTRUCTION,police,1
2026-06-04,2,FLOOD_WATERLOGGING,grievance,1
2026-06-04,2,SOLID_WASTE,grievance,1
2026-06-04,3,CIVIC_FACILITIES,grievance,1
2026-06-04,3,CRIME_PROPERTY,police,1
2026-06-04,3,CRIME_VIOLENT,police,1
2026-06-04,3,DRUGS_LIQUOR,police,1
2026-06-04,3,ROAD_DAMAGE,grievance,1
2026-06-04,3,STREETLIGHT_ELECTRICAL,grievance,1
2026-06-04,3,TRAFFIC_OBSTRUCTION,police,1
2026-06-04,4,BUILDING_SAFETY,pwd,1
2026-06-04,4,CRIME_VIOLENT,police,1
2026-06-04,4,ENCROACHMENT,grievance,1
2026-06-04,4,FLOOD_WATERLOGGING,grievance,1
2026-06-04,4,HEALTH_SERVICES,grievance,1
2026-06-04,4,MISSING_PERSON,police,1
2026-06-04,4,PUBLIC_ORDER,police,1
2026-06-04,4,ROAD_ACCIDENT,police,1
2026-06-04,4,ROAD_DAMAGE,grievance,1
2026-06-04,4,SOLID_WASTE,grievance,3
2026-06-04,4,STREETLIGHT_ELECTRICAL,grievance,1
2026-06-04,4,TREES_PARKS,grievance,1
2026-06-04,5,BUILDING_SAFETY,pwd,1
2026-06-04,5,CRIME_PROPERTY,police,2
2026-06-04,5,DRAIN_WORKS_SAFETY,grievance,1
2026-06-04,5,ROAD_DAMAGE,grievance,1
2026-06-04,5,SOLID_WASTE,grievance,2
2026-06-04,5,STREETLIGHT_ELECTRICAL,grievance,1
2026-06-04,6,CRIME_PROPERTY,police,2
2026-06-04,6,DRAINAGE_SEWAGE,pwd,2
2026-06-04,6,DRUGS_LIQUOR,police,1
2026-06-04,6,FLOOD_WATERLOGGING,grievance,1
2026-06-04,6,PUBLIC_ORDER,police,1
2026-06-04,6,ROAD_DAMAGE,grievance,1
2026-06-04,6,SANITATION_TOILETS,grievance,1
2026-06-04,6,SOLID_WASTE,grievance,5
2026-06-04,6,STREETLIGHT_ELECTRICAL,grievance,1
2026-06-04,6,VECTOR_DISEASE,grievance,1
2026-06-04,7,CRIME_PROPERTY,police,2
2026-06-04,7,ENCROACHMENT,pwd,1
2026-06-04,7,FOOD_SAFETY,grievance,1
2026-06-04,7,PUBLIC_ORDER,police,2
2026-06-04,7,ROAD_ACCIDENT,police,1
2026-06-04,7,ROAD_DAMAGE,grievance,1
2026-06-04,7,SOLID_WASTE,grievance,2
2026-06-04,7,STREETLIGHT_ELECTRICAL,grievance,1
2026-06-04,8,CRIME_PROPERTY,police,5
2026-06-04,8,CRIME_VIOLENT,police,1
2026-06-04,8,FLOOD_WATERLOGGING,pwd,1
2026-06-04,8,HEALTH_SERVICES,grievance,1
2026-06-04,8,PUBLIC_ORDER,police,1
2026-06-04,8,ROAD_ACCIDENT,police,2
2026-06-04,8,SANITATION_TOILETS,grievance,4
2026-06-04,8,SOLID_WASTE,grievance,3
2026-06-04,8,STREETLIGHT_ELECTRICAL,grievance,1
2026-06-04,8,TRAFFIC_OBSTRUCTION,police,1
2026-06-04,8,TREES_PARKS,grievance,1
2026-06-04,9,CRIME_VIOLENT,police,2
2026-06-04,9,FLOOD_WATERLOGGING,grievance,1
2026-06-04,9,OTHER,grievance,2
2026-06-04,9,ROAD_ACCIDENT,police,1
2026-06-04,9,ROAD_DAMAGE,grievance,1
2026-06-04,9,SANITATION_TOILETS,grievance,2
2026-06-04,9,SOLID_WASTE,grievance,4
2026-06-04,9,STREETLIGHT_ELECTRICAL,grievance,1
2026-06-04,9,TREES_PARKS,grievance,2
2026-06-04,9,VECTOR_DISEASE,grievance,2
2026-06-04,10,CIVIC_FACILITIES,grievance,1
2026-06-04,10,CRIME_PROPERTY,police,1
2026-06-04,10,DRAINAGE_SEWAGE,grievance,2
2026-06-04,10,ENCROACHMENT,grievance,1
2026-06-04,10,MISSING_PERSON,police,1
2026-06-04,10,ROAD_ACCIDENT,police,1
2026-06-04,10,SOLID_WASTE,grievance,4
2026-06-04,10,STREETLIGHT_ELECTRICAL,grievance,1
2026-06-04,10,TRAFFIC_OBSTRUCTION,police,2
2026-06-04,11,ADMIN_SERVICES,grievance,1
2026-06-04,11,CRIME_PROPERTY,police,1
2026-06-04,11,DRAINAGE_SEWAGE,pwd,1
2026-06-04,11,FLOOD_WATERLOGGING,grievance,1
2026-06-04,11,ROAD_DAMAGE,grievance,1
2026-06-04,11,SANITATION_TOILETS,grievance,1
2026-06-04,11,SOLID_WASTE,grievance,2
2026-06-04,11,STREETLIGHT_ELECTRICAL,grievance,1
2026-06-04,12,CRIME_PROPERTY,police,2
2026-06-04,12,DRAIN_WORKS_SAFETY,grievance,1
2026-06-04,12,FLOOD_WATERLOGGING,grievance,1
2026-06-04,12,MISSING_PERSON,police,1
2026-06-04,12,PUBLIC_ORDER,police,2
2026-06-04,12,ROAD_DAMAGE,grievance,2
2026-06-04,12,SOLID_WASTE,grievance,2
2026-06-04,12,STREETLIGHT_ELECTRICAL,grievance,1
2026-06-04,13,ADMIN_SERVICES,grievance,1
2026-06-04,13,BUILDING_SAFETY,pwd,1
2026-06-04,13,CRIME_VIOLENT,police,1
2026-06-04,13,DRAIN_WORKS_SAFETY,grievance,1
2026-06-04,13,DRUGS_LIQUOR,police,1
2026-06-04,13,ENCROACHMENT,pwd,1
2026-06-04,13,FLOOD_WATERLOGGING,pwd,1
2026-06-04,13,MISSING_PERSON,police,1
2026-06-04,13,OTHER,grievance,1
2026-06-04,13,PUBLIC_ORDER,police,2
2026-06-04,13,ROAD_DAMAGE,grievance,1
2026-06-04,13,STRAY_ANIMALS,grievance,1
2026-06-04,13,STREETLIGHT_ELECTRICAL,grievance,1
2026-06-04,13,TRAFFIC_OBSTRUCTION,police,2
2026-06-04,14,DRAIN_WORKS_SAFETY,grievance,2
2026-06-04,14,FLOOD_WATERLOGGING,grievance,1
2026-06-04,14,MISSING_PERSON,police,1
2026-06-04,14,SOLID_WASTE,grievance,2
2026-06-04,14,STREETLIGHT_ELECTRICAL,grievance,1
2026-06-04,15,CRIME_PROPERTY,police,3
2026-06-04,15,CRIME_VIOLENT,police,3
2026-06-04,15,DARK_SPOT_SAFETY,grievance,1
2026-06-04,15,DRAINAGE_SEWAGE,grievance,1
2026-06-04,15,ROAD_ACCIDENT,police,1
2026-06-04,15,SOLID_WASTE,grievance,1
2026-06-04,15,STREETLIGHT_ELECTRICAL,grievance,2
2026-06-05,1,CRIME_PROPERTY,police,1
2026-06-05,1,DARK_SPOT_SAFETY,grievance,1
2026-06-05,1,ENCROACHMENT,grievance,1
2026-06-05,1,ENCROACHMENT,pwd,1
2026-06-05,1,ROAD_ACCIDENT,police,3
2026-06-05,1,SOLID_WASTE,grievance,1
2026-06-05,1,STREETLIGHT_ELECTRICAL,grievance,4
2026-06-05,1,TRAFFIC_OBSTRUCTION,police,1
2026-06-05,3,DRUGS_LIQUOR,police,1
2026-06-05,3,ENCROACHMENT,pwd,1
2026-06-05,3,HEALTH_SERVICES,grievance,1
2026-06-05,3,SOLID_WASTE,grievance,1
2026-06-05,3,STREETLIGHT_ELECTRICAL,grievance,2
2026-06-05,4,ADMIN_SERVICES,grievance,1
2026-06-05,4,AIR_POLLUTION,grievance,1
2026-06-05,4,CIVIC_FACILITIES,grievance,1
2026-06-05,4,CRIME_PROPERTY,police,7
2026-06-05,4,FLOOD_WATERLOGGING,pwd,1
2026-06-05,4,ROAD_ACCIDENT,police,2
2026-06-05,4,TREES_PARKS,grievance,1
2026-06-05,4,VECTOR_DISEASE,grievance,1
2026-06-05,5,CRIME_VIOLENT,police,1
2026-06-05,5,DRAIN_WORKS_SAFETY,grievance,1
2026-06-05,5,MISSING_PERSON,police,2
2026-06-05,5,POLICE_OTHER,police,2
2026-06-05,5,ROAD_ACCIDENT,police,1
2026-06-05,5,SOLID_WASTE,grievance,7
2026-06-05,6,BUILDING_SAFETY,pwd,3
2026-06-05,6,CRIME_PROPERTY,police,2
2026-06-05,6,DRAINAGE_SEWAGE,pwd,1
2026-06-05,6,DRAIN_WORKS_SAFETY,grievance,1
2026-06-05,6,MISSING_PERSON,police,2
2026-06-05,6,ROAD_DAMAGE,grievance,2
2026-06-05,6,SANITATION_TOILETS,grievance,1
2026-06-05,6,SOLID_WASTE,grievance,1
2026-06-05,6,STRAY_ANIMALS,grievance,1
2026-06-05,7,ADMIN_SERVICES,grievance,1
2026-06-05,7,BUILDING_SAFETY,pwd,1
2026-06-05,7,CRIME_PROPERTY,police,1
2026-06-05,7,FLOOD_WATERLOGGING,grievance,1
2026-06-05,7,ROAD_ACCIDENT,police,2
2026-06-05,7,ROAD_DAMAGE,grievance,1
2026-06-05,7,SOLID_WASTE,grievance,1
2026-06-05,7,STREETLIGHT_ELECTRICAL,grievance,1
2026-06-05,7,VECTOR_DISEASE,grievance,1
2026-06-05,8,CRIME_PROPERTY,police,5
2026-06-05,8,CRIME_VIOLENT,police,4
2026-06-05,8,DRAINAGE_SEWAGE,grievance,2
2026-06-05,8,DRAIN_WORKS_SAFETY,grievance,1
2026-06-05,8,OTHER,grievance,2
2026-06-05,8,PUBLIC_ORDER,police,1
2026-06-05,8,PUBLIC_WORKS,grievance,1
2026-06-05,8,ROAD_DAMAGE,grievance,1
2026-06-05,8,SOLID_WASTE,grievance,1
2026-06-05,8,STRAY_ANIMALS,grievance,1
2026-06-05,8,STREETLIGHT_ELECTRICAL,grievance,2
2026-06-05,9,CRIME_PROPERTY,police,2
2026-06-05,9,CRIME_VIOLENT,police,2
2026-06-05,9,DRAINAGE_SEWAGE,pwd,2
2026-06-05,9,PUBLIC_ORDER,police,1
2026-06-05,9,ROAD_DAMAGE,grievance,2
2026-06-05,9,SANITATION_TOILETS,grievance,1
2026-06-05,9,SOLID_WASTE,grievance,5
2026-06-05,10,BUILDING_SAFETY,pwd,1
2026-06-05,10,CIVIC_FACILITIES,grievance,1
2026-06-05,10,CRIME_PROPERTY,police,5
2026-06-05,10,DARK_SPOT_SAFETY,grievance,1
2026-06-05,10,FLOOD_WATERLOGGING,grievance,1
2026-06-05,10,PUBLIC_ORDER,police,1
2026-06-05,10,ROAD_ACCIDENT,police,1
2026-06-05,10,STREETLIGHT_ELECTRICAL,grievance,4
2026-06-05,10,TRAFFIC_OBSTRUCTION,police,2
2026-06-05,10,TREES_PARKS,grievance,2
2026-06-05,10,VECTOR_DISEASE,grievance,1
2026-06-05,11,CRIME_VIOLENT,police,1
2026-06-05,11,DRAINAGE_SEWAGE,grievance,1
2026-06-05,11,DRUGS_LIQUOR,police,1
2026-06-05,11,PUBLIC_ORDER,police,2
2026-06-05,11,ROAD_ACCIDENT,police,2
2026-06-05,11,SOLID_WASTE,grievance,1
2026-06-05,11,STREETLIGHT_ELECTRICAL,grievance,2
2026-06-05,12,CRIME_PROPERTY,police,2
2026-06-05,12,DRAIN_WORKS_SAFETY,grievance,1
2026-06-05,12,MISSING_PERSON,police,1
2026-06-05,12,ROAD_ACCIDENT,police,1
2026-06-05,12,STRAY_ANIMALS,grievance,1
2026-06-05,13,CRIME_PROPERTY,police,4
2026-06-05,13,CRIME_VIOLENT,police,2
2026-06-05,13,DARK_SPOT_SAFETY,grievance,1
2026-06-05,13,MISSING_PERSON,police,1
2026-06-05,13,OTHER,grievance,1
2026-06-05,13,POLICE_OTHER,police,1
2026-06-05,13,ROAD_DAMAGE,grievance,1
2026-06-05,13,STREETLIGHT_ELECTRICAL,grievance,2
2026-06-05,13,TRAFFIC_OBSTRUCTION,police,2
2026-06-05,14,ADMIN_SERVICES,grievance,1
2026-06-05,14,DARK_SPOT_SAFETY,grievance,1
2026-06-05,14,ENCROACHMENT,grievance,1
2026-06-05,14,ROAD_ACCIDENT,police,1
2026-06-05,14,SOLID_WASTE,grievance,1
2026-06-05,15,CRIME_PROPERTY,police,2
2026-06-05,15,CRIME_VIOLENT,police,2
2026-06-05,15,ROAD_ACCIDENT,police,1
2026-06-05,15,STREETLIGHT_ELECTRICAL,grievance,1
2026-06-05,15,TRAFFIC_OBSTRUCTION,police,1
2026-06-06,1,FLOOD_WATERLOGGING,grievance,1
2026-06-06,1,HEALTH_SERVICES,grievance,1
2026-06-06,1,ROAD_ACCIDENT,police,1
2026-06-06,1,ROAD_DAMAGE,grievance,2
2026-06-06,1,SOLID_WASTE,grievance,1
2026-06-06,1,STREETLIGHT_ELECTRICAL,grievance,1
2026-06-06,1,VECTOR_DISEASE,grievance,1
2026-06-06,2,ADMIN_SERVICES,grievance,1
2026-06-06,2,CRIME_VIOLENT,police,1
2026-06-06,2,MISSING_PERSON,police,1
2026-06-06,2,PUBLIC_ORDER,police,1
2026-06-06,3,DRAIN_WORKS_SAFETY,grievance,1
2026-06-06,3,MISSING_PERSON,police,1
2026-06-06,3,PUBLIC_WORKS,grievance,1
2026-06-06,3,ROAD_ACCIDENT,police,1
2026-06-06,3,ROAD_DAMAGE,grievance,1
2026-06-06,3,SOLID_WASTE,grievance,1
2026-06-06,3,STRAY_ANIMALS,grievance,1
2026-06-06,3,STREETLIGHT_ELECTRICAL,grievance,1
2026-06-06,4,ADMIN_SERVICES,grievance,1
2026-06-06,4,CIVIC_FACILITIES,grievance,1
2026-06-06,4,CRIME_VIOLENT,police,2
2026-06-06,4,ENCROACHMENT,grievance,1
2026-06-06,4,FLOOD_WATERLOGGING,grievance,1
2026-06-06,4,OTHER,grievance,1
2026-06-06,4,PUBLIC_ORDER,police,1
2026-06-06,4,SOLID_WASTE,grievance,1
2026-06-06,4,STREETLIGHT_ELECTRICAL,grievance,1
2026-06-06,4,TRAFFIC_OBSTRUCTION,grievance,1
2026-06-06,5,ADMIN_SERVICES,grievance,2
2026-06-06,5,AIR_POLLUTION,grievance,1
2026-06-06,5,CRIME_PROPERTY,police,3
2026-06-06,5,CRIME_VIOLENT,police,3
2026-06-06,5,DRAINAGE_SEWAGE,pwd,1
2026-06-06,5,DRAIN_WORKS_SAFETY,grievance,1
2026-06-06,5,DRUGS_LIQUOR,police,1
2026-06-06,5,PUBLIC_ORDER,police,1
2026-06-06,5,ROAD_ACCIDENT,police,4
2026-06-06,5,ROAD_DAMAGE,grievance,3
2026-06-06,5,STREETLIGHT_ELECTRICAL,grievance,3
2026-06-06,6,ADMIN_SERVICES,grievance,1
2026-06-06,6,CRIME_PROPERTY,police,1
2026-06-06,6,DARK_SPOT_SAFETY,grievance,1
2026-06-06,6,DRAINAGE_SEWAGE,grievance,2
2026-06-06,6,DRAIN_WORKS_SAFETY,grievance,1
2026-06-06,6,FLOOD_WATERLOGGING,grievance,1
2026-06-06,6,FLOOD_WATERLOGGING,police,2
2026-06-06,6,MISSING_PERSON,police,2
2026-06-06,6,OTHER,grievance,2
2026-06-06,6,ROAD_DAMAGE,grievance,1
2026-06-06,6,SANITATION_TOILETS,grievance,2
2026-06-06,6,SOLID_WASTE,grievance,1
2026-06-06,7,ADMIN_SERVICES,grievance,1
2026-06-06,7,CRIME_PROPERTY,police,4
2026-06-06,7,CRIME_VIOLENT,police,3
2026-06-06,7,DRAINAGE_SEWAGE,grievance,1
2026-06-06,7,FLOOD_WATERLOGGING,grievance,1
2026-06-06,7,PUBLIC_WORKS,grievance,1
2026-06-06,7,SOLID_WASTE,grievance,1
2026-06-06,7,STRAY_ANIMALS,police,1
2026-06-06,7,TRAFFIC_OBSTRUCTION,police,1
2026-06-06,7,TREES_PARKS,grievance,2
2026-06-06,8,DRAINAGE_SEWAGE,grievance,2
2026-06-06,8,FLOOD_WATERLOGGING,pwd,1
2026-06-06,8,MISSING_PERSON,police,1
2026-06-06,8,POLICE_OTHER,police,1
2026-06-06,8,PUBLIC_ORDER,police,1
2026-06-06,8,PUBLIC_WORKS,grievance,1
2026-06-06,8,ROAD_ACCIDENT,police,1
2026-06-06,8,SANITATION_TOILETS,grievance,1
2026-06-06,8,SOLID_WASTE,grievance,2
2026-06-06,8,STREETLIGHT_ELECTRICAL,grievance,1
2026-06-06,8,TRAFFIC_OBSTRUCTION,police,2
2026-06-06,9,CRIME_VIOLENT,police,4
2026-06-06,9,DARK_SPOT_SAFETY,grievance,1
2026-06-06,9,FLOOD_RELIEF,grievance,1
2026-06-06,9,FOOD_SAFETY,grievance,1
2026-06-06,9,HEALTH_SERVICES,grievance,1
2026-06-06,9,OTHER,grievance,1
2026-06-06,9,PUBLIC_ORDER,police,2
2026-06-06,9,ROAD_ACCIDENT,police,1
2026-06-06,9,ROAD_DAMAGE,grievance,1
2026-06-06,9,SOLID_WASTE,grievance,5
2026-06-06,9,STREETLIGHT_ELECTRICAL,grievance,1
2026-06-06,9,TRAFFIC_OBSTRUCTION,police,1
2026-06-06,10,ADMIN_SERVICES,grievance,1
2026-06-06,10,CRIME_PROPERTY,police,3
2026-06-06,10,CRIME_VIOLENT,police,1
2026-06-06,10,DRAINAGE_SEWAGE,grievance,2
2026-06-06,10,FOOD_SAFETY,grievance,1
2026-06-06,10,OTHER,grievance,1
2026-06-06,10,ROAD_ACCIDENT,police,2
2026-06-06,10,SOLID_WASTE,grievance,3
2026-06-06,10,STREETLIGHT_ELECTRICAL,grievance,1
2026-06-06,11,CRIME_VIOLENT,police,1
2026-06-06,11,DRAIN_WORKS_SAFETY,grievance,1
2026-06-06,11,DRUGS_LIQUOR,police,2
2026-06-06,11,FLOOD_RELIEF,grievance,1
2026-06-06,11,OTHER,grievance,2
2026-06-06,11,STREETLIGHT_ELECTRICAL,grievance,2
2026-06-06,12,CRIME_VIOLENT,police,1
2026-06-06,12,DRAINAGE_SEWAGE,grievance,1
2026-06-06,12,FLOOD_WATERLOGGING,grievance,1
2026-06-06,12,PUBLIC_ORDER,police,1
2026-06-06,12,ROAD_ACCIDENT,police,3
2026-06-06,12,SOLID_WASTE,grievance,1
2026-06-06,13,BUILDING_SAFETY,pwd,1
2026-06-06,13,CRIME_PROPERTY,police,1
2026-06-06,13,CRIME_VIOLENT,police,1
2026-06-06,13,DARK_SPOT_SAFETY,grievance,1
2026-06-06,13,HEALTH_SERVICES,grievance,1
2026-06-06,13,PUBLIC_ORDER,police,1
2026-06-06,13,ROAD_ACCIDENT,police,1
2026-06-06,13,SOLID_WASTE,grievance,2
2026-06-06,13,STREETLIGHT_ELECTRICAL,grievance,2
2026-06-06,14,AIR_POLLUTION,grievance,1
2026-06-06,14,CRIME_PROPERTY,police,1
2026-06-06,14,HEALTH_SERVICES,grievance,1
2026-06-06,14,STREETLIGHT_ELECTRICAL,grievance,2
2026-06-06,14,TRAFFIC_OBSTRUCTION,grievance,1
2026-06-06,15,CRIME_PROPERTY,police,3
2026-06-06,15,CRIME_VIOLENT,police,3
2026-06-06,15,SANITATION_TOILETS,grievance,1
2026-06-06,15,TRAFFIC_OBSTRUCTION,police,2
2026-06-07,1,CRIME_PROPERTY,police,2
2026-06-07,1,DARK_SPOT_SAFETY,grievance,1
2026-06-07,1,ENCROACHMENT,pwd,1
2026-06-07,1,HEALTH_SERVICES,grievance,1
2026-06-07,1,ROAD_ACCIDENT,police,1
2026-06-07,1,SOLID_WASTE,grievance,2
2026-06-07,1,TRAFFIC_OBSTRUCTION,police,1
2026-06-07,2,ROAD_ACCIDENT,police,1
2026-06-07,3,CRIME_VIOLENT,police,1
2026-06-07,3,OTHER,grievance,1
2026-06-07,3,ROAD_ACCIDENT,police,2
2026-06-07,3,ROAD_DAMAGE,grievance,1
2026-06-07,3,STREETLIGHT_ELECTRICAL,grievance,2
2026-06-07,3,TRAFFIC_OBSTRUCTION,grievance,1
2026-06-07,3,TRAFFIC_OBSTRUCTION,police,1
2026-06-07,4,CRIME_VIOLENT,police,1
2026-06-07,4,DRAINAGE_SEWAGE,grievance,1
2026-06-07,4,DRUGS_LIQUOR,police,1
2026-06-07,4,PUBLIC_WORKS,grievance,1
2026-06-07,4,SANITATION_TOILETS,grievance,1
2026-06-07,4,SOLID_WASTE,grievance,4
2026-06-07,4,STRAY_ANIMALS,grievance,1
2026-06-07,4,TRAFFIC_OBSTRUCTION,police,1
2026-06-07,5,CRIME_PROPERTY,police,3
2026-06-07,5,CRIME_VIOLENT,police,3
2026-06-07,5,DRAINAGE_SEWAGE,grievance,1
2026-06-07,5,FLOOD_WATERLOGGING,grievance,1
2026-06-07,5,FOOD_SAFETY,grievance,1
2026-06-07,5,PUBLIC_ORDER,police,1
2026-06-07,5,ROAD_ACCIDENT,police,2
2026-06-07,5,ROAD_DAMAGE,grievance,2
2026-06-07,5,SANITATION_TOILETS,grievance,1
2026-06-07,5,STREETLIGHT_ELECTRICAL,grievance,2
2026-06-07,6,CRIME_PROPERTY,police,1
2026-06-07,6,FLOOD_WATERLOGGING,police,1
2026-06-07,6,POLICE_OTHER,police,1
2026-06-07,6,ROAD_ACCIDENT,police,2
2026-06-07,6,SOLID_WASTE,grievance,2
2026-06-07,6,STREETLIGHT_ELECTRICAL,grievance,1
2026-06-07,7,CRIME_PROPERTY,police,2
2026-06-07,7,DRAIN_WORKS_SAFETY,grievance,1
2026-06-07,7,ROAD_DAMAGE,grievance,1
2026-06-07,7,SANITATION_TOILETS,grievance,1
2026-06-07,7,SOLID_WASTE,grievance,1
2026-06-07,7,STREETLIGHT_ELECTRICAL,grievance,2
2026-06-07,8,CIVIC_FACILITIES,grievance,1
2026-06-07,8,CRIME_PROPERTY,police,1
2026-06-07,8,CRIME_VIOLENT,police,1
2026-06-07,8,DRAINAGE_SEWAGE,pwd,1
2026-06-07,8,ENCROACHMENT,pwd,1
2026-06-07,8,FLOOD_WATERLOGGING,police,2
2026-06-07,8,PUBLIC_ORDER,police,2
2026-06-07,8,ROAD_DAMAGE,grievance,3
2026-06-07,8,SANITATION_TOILETS,grievance,2
2026-06-07,8,SOLID_WASTE,grievance,2
2026-06-07,8,STREETLIGHT_ELECTRICAL,grievance,1
2026-06-07,8,TRAFFIC_OBSTRUCTION,police,1
2026-06-07,8,VECTOR_DISEASE,grievance,1
2026-06-07,8,WATERBODY_INFRA,pwd,1
2026-06-07,9,ADMIN_SERVICES,grievance,1
2026-06-07,9,BUILDING_SAFETY,pwd,1
2026-06-07,9,CRIME_PROPERTY,police,1
2026-06-07,9,CRIME_VIOLENT,police,1
2026-06-07,9,FLOOD_WATERLOGGING,grievance,1
2026-06-07,9,OTHER,grievance,1
2026-06-07,9,PUBLIC_ORDER,police,1
2026-06-07,9,ROAD_ACCIDENT,police,1
2026-06-07,9,ROAD_DAMAGE,grievance,1
2026-06-07,9,ROAD_DAMAGE,pwd,1
2026-06-07,9,SOLID_WASTE,grievance,2
2026-06-07,9,STREETLIGHT_ELECTRICAL,grievance,1
2026-06-07,9,TRAFFIC_OBSTRUCTION,police,1
2026-06-07,10,BUILDING_SAFETY,pwd,2
2026-06-07,10,CRIME_PROPERTY,police,2
2026-06-07,10,CRIME_VIOLENT,police,1
2026-06-07,10,DRAINAGE_SEWAGE,grievance,1
2026-06-07,10,OTHER,grievance,1
2026-06-07,10,PUBLIC_ORDER,police,3
2026-06-07,10,ROAD_DAMAGE,grievance,1
2026-06-07,10,SANITATION_TOILETS,grievance,1
2026-06-07,10,SOLID_WASTE,grievance,1
2026-06-07,10,TRAFFIC_OBSTRUCTION,police,1
2026-06-07,11,CRIME_VIOLENT,police,1
2026-06-07,11,DRAINAGE_SEWAGE,grievance,1
2026-06-07,11,PUBLIC_ORDER,police,1
2026-06-07,11,SOLID_WASTE,grievance,1
2026-06-07,11,STREETLIGHT_ELECTRICAL,grievance,2
2026-06-07,12,BUILDING_SAFETY,pwd,1
2026-06-07,12,ENCROACHMENT,grievance,1
2026-06-07,12,MISSING_PERSON,police,1
2026-06-07,13,CRIME_PROPERTY,police,1
2026-06-07,13,CRIME_VIOLENT,police,2
2026-06-07,13,DRAINAGE_SEWAGE,grievance,1
2026-06-07,13,PUBLIC_ORDER,police,1
2026-06-07,13,ROAD_ACCIDENT,police,4
2026-06-07,13,ROAD_DAMAGE,grievance,1
2026-06-07,13,SANITATION_TOILETS,grievance,2
2026-06-07,13,SOLID_WASTE,grievance,3
2026-06-07,13,STREETLIGHT_ELECTRICAL,grievance,1
2026-06-07,13,TRAFFIC_OBSTRUCTION,police,2
2026-06-07,14,CRIME_PROPERTY,police,1
2026-06-07,14,ROAD_ACCIDENT,police,1
2026-06-07,14,STREETLIGHT_ELECTRICAL,grievance,2
2026-06-07,14,TRAFFIC_OBSTRUCTION,grievance,1
2026-06-07,15,PUBLIC_WORKS,grievance,1
2026-06-07,15,ROAD_DAMAGE,grievance,1
2026-06-08,1,CRIME_PROPERTY,police,1
2026-06-08,1,HEALTH_SERVICES,grievance,2
2026-06-08,1,ROAD_ACCIDENT,police,1
2026-06-08,1,ROAD_DAMAGE,pwd,1
2026-06-08,1,STREETLIGHT_ELECTRICAL,grievance,1
2026-06-08,1,TRAFFIC_OBSTRUCTION,police,2
2026-06-08,2,CRIME_PROPERTY,police,2
2026-06-08,2,CRIME_VIOLENT,police,2
2026-06-08,3,DRAIN_WORKS_SAFETY,grievance,1
2026-06-08,3,MISSING_PERSON,police,1
2026-06-08,3,POLICE_OTHER,police,1
2026-06-08,3,STREETLIGHT_ELECTRICAL,grievance,1
2026-06-08,3,TRAFFIC_OBSTRUCTION,grievance,2
2026-06-08,4,CIVIC_FACILITIES,grievance,1
2026-06-08,4,CRIME_PROPERTY,police,2
2026-06-08,4,ENCROACHMENT,grievance,3
2026-06-08,4,FLOOD_WATERLOGGING,grievance,3
2026-06-08,4,MISSING_PERSON,police,1
2026-06-08,4,ROAD_ACCIDENT,police,1
2026-06-08,4,ROAD_DAMAGE,grievance,2
2026-06-08,4,SOLID_WASTE,grievance,3
2026-06-08,4,STRAY_ANIMALS,grievance,1
2026-06-08,4,TRAFFIC_OBSTRUCTION,police,3
2026-06-08,5,ADMIN_SERVICES,grievance,1
2026-06-08,5,CRIME_PROPERTY,police,1
2026-06-08,5,DRAIN_WORKS_SAFETY,grievance,1
2026-06-08,5,HEALTH_SERVICES,grievance,1
2026-06-08,5,MISSING_PERSON,police,1
2026-06-08,5,ROAD_ACCIDENT,police,1
2026-06-08,5,ROAD_DAMAGE,grievance,1
2026-06-08,5,SOLID_WASTE,grievance,3
2026-06-08,5,STREETLIGHT_ELECTRICAL,grievance,2
2026-06-08,6,ADMIN_SERVICES,grievance,1
2026-06-08,6,CRIME_PROPERTY,police,2
2026-06-08,6,CRIME_VIOLENT,police,1
2026-06-08,6,FLOOD_WATERLOGGING,pwd,1
2026-06-08,6,FOOD_SAFETY,grievance,1
2026-06-08,6,OTHER,grievance,1
2026-06-08,6,ROAD_DAMAGE,grievance,2
2026-06-08,6,SOLID_WASTE,grievance,2
2026-06-08,6,STREETLIGHT_ELECTRICAL,grievance,1
2026-06-08,6,TREES_PARKS,grievance,1
2026-06-08,6,VECTOR_DISEASE,grievance,1
2026-06-08,7,CRIME_VIOLENT,police,4
2026-06-08,7,DRUGS_LIQUOR,police,1
2026-06-08,7,FOOD_SAFETY,grievance,1
2026-06-08,7,ROAD_ACCIDENT,police,4
2026-06-08,7,ROAD_DAMAGE,grievance,3
2026-06-08,7,SANITATION_TOILETS,grievance,1
2026-06-08,7,SOLID_WASTE,grievance,1
2026-06-08,7,STREETLIGHT_ELECTRICAL,grievance,1
2026-06-08,7,TREES_PARKS,grievance,1
2026-06-08,8,BUILDING_SAFETY,pwd,1
2026-06-08,8,CRIME_PROPERTY,police,4
2026-06-08,8,CRIME_VIOLENT,police,1
2026-06-08,8,DARK_SPOT_SAFETY,grievance,1
2026-06-08,8,FLOOD_WATERLOGGING,police,2
2026-06-08,8,FOOD_SAFETY,grievance,1
2026-06-08,8,OTHER,grievance,1
2026-06-08,8,PUBLIC_ORDER,police,1
2026-06-08,8,STREETLIGHT_ELECTRICAL,grievance,1
2026-06-08,8,TRAFFIC_OBSTRUCTION,police,1
2026-06-08,8,TREES_PARKS,grievance,1
2026-06-08,9,ADMIN_SERVICES,grievance,1
2026-06-08,9,CRIME_PROPERTY,police,1
2026-06-08,9,DRAINAGE_SEWAGE,grievance,1
2026-06-08,9,FLOOD_RELIEF,grievance,1
2026-06-08,9,FLOOD_WATERLOGGING,grievance,1
2026-06-08,9,MISSING_PERSON,police,1
2026-06-08,9,OTHER,grievance,1
2026-06-08,9,ROAD_ACCIDENT,police,1
2026-06-08,9,ROAD_DAMAGE,grievance,1
2026-06-08,9,SANITATION_TOILETS,grievance,2
2026-06-08,9,SOLID_WASTE,grievance,5
2026-06-08,9,STRAY_ANIMALS,grievance,1
2026-06-08,9,STREETLIGHT_ELECTRICAL,grievance,3
2026-06-08,9,TRAFFIC_OBSTRUCTION,police,1
2026-06-08,10,CRIME_PROPERTY,police,1
2026-06-08,10,CRIME_VIOLENT,police,1
2026-06-08,10,DRAIN_WORKS_SAFETY,grievance,1
2026-06-08,10,PUBLIC_ORDER,police,2
2026-06-08,10,ROAD_ACCIDENT,police,1
2026-06-08,10,ROAD_DAMAGE,grievance,1
2026-06-08,10,SOLID_WASTE,grievance,3
2026-06-08,10,STREETLIGHT_ELECTRICAL,grievance,2
2026-06-08,11,CRIME_PROPERTY,police,2
2026-06-08,11,DARK_SPOT_SAFETY,grievance,1
2026-06-08,11,FLOOD_WATERLOGGING,grievance,1
2026-06-08,11,PUBLIC_ORDER,police,3
2026-06-08,11,SOLID_WASTE,grievance,1
2026-06-08,11,STREETLIGHT_ELECTRICAL,grievance,2
2026-06-08,12,CRIME_VIOLENT,police,1
2026-06-08,12,DRAINAGE_SEWAGE,grievance,1
2026-06-08,12,ENCROACHMENT,pwd,1
2026-06-08,12,FLOOD_WATERLOGGING,grievance,1
2026-06-08,12,MISSING_PERSON,police,1
2026-06-08,12,PUBLIC_ORDER,police,1
2026-06-08,12,PUBLIC_WORKS,grievance,1
2026-06-08,12,SOLID_WASTE,grievance,2
2026-06-08,12,TRAFFIC_OBSTRUCTION,police,1
2026-06-08,12,TREES_PARKS,grievance,1
2026-06-08,13,ADMIN_SERVICES,grievance,1
2026-06-08,13,BUILDING_SAFETY,pwd,1
2026-06-08,13,CRIME_PROPERTY,police,1
2026-06-08,13,CRIME_VIOLENT,police,2
2026-06-08,13,ENCROACHMENT,grievance,1
2026-06-08,13,PUBLIC_ORDER,police,1
2026-06-08,13,PUBLIC_WORKS,grievance,1
2026-06-08,13,ROAD_DAMAGE,grievance,2
2026-06-08,13,SOLID_WASTE,grievance,2
2026-06-08,13,STREETLIGHT_ELECTRICAL,grievance,1
2026-06-08,14,ADMIN_SERVICES,grievance,1
2026-06-08,14,CRIME_PROPERTY,police,4
2026-06-08,14,CRIME_VIOLENT,police,1
2026-06-08,14,ENCROACHMENT,grievance,1
2026-06-08,14,FLOOD_WATERLOGGING,grievance,1
2026-06-08,14,MISSING_PERSON,police,1
2026-06-08,14,STREETLIGHT_ELECTRICAL,grievance,3
2026-06-08,15,BUILDING_SAFETY,pwd,1
2026-06-08,15,CRIME_PROPERTY,police,1
2026-06-08,15,CRIME_VIOLENT,police,1
2026-06-08,15,DARK_SPOT_SAFETY,grievance,1
2026-06-08,15,ENCROACHMENT,grievance,1
2026-06-08,15,OTHER,grievance,1
2026-06-08,15,ROAD_DAMAGE,pwd,1
2026-06-08,,FLOOD_WATERLOGGING,police,2
2026-06-08,,ROAD_ACCIDENT,police,1
2026-06-09,1,BUILDING_SAFETY,pwd,1
2026-06-09,1,CRIME_PROPERTY,police,1
2026-06-09,1,FLOOD_WATERLOGGING,pwd,1
2026-06-09,1,PUBLIC_ORDER,police,1
2026-06-09,1,ROAD_DAMAGE,grievance,1
2026-06-09,1,SANITATION_TOILETS,grievance,1
2026-06-09,1,SOLID_WASTE,grievance,3
2026-06-09,1,STREETLIGHT_ELECTRICAL,grievance,1
2026-06-09,1,WATERBODY_INFRA,pwd,1
2026-06-09,2,ENCROACHMENT,grievance,1
2026-06-09,2,HEALTH_SERVICES,grievance,1
2026-06-09,2,SOLID_WASTE,grievance,1
2026-06-09,3,AIR_POLLUTION,grievance,1
2026-06-09,3,CRIME_PROPERTY,police,1
2026-06-09,3,MISSING_PERSON,police,1
2026-06-09,3,ROAD_DAMAGE,grievance,2
2026-06-09,3,SOLID_WASTE,grievance,3
2026-06-09,3,STRAY_ANIMALS,grievance,1
2026-06-09,3,STREETLIGHT_ELECTRICAL,grievance,2
2026-06-09,4,BUILDING_SAFETY,pwd,1
2026-06-09,4,CRIME_PROPERTY,police,2
2026-06-09,4,CRIME_VIOLENT,police,1
2026-06-09,4,FOOD_SAFETY,grievance,1
2026-06-09,4,OTHER,grievance,2
2026-06-09,4,ROAD_DAMAGE,grievance,1
2026-06-09,4,SOLID_WASTE,grievance,1
2026-06-09,4,STREETLIGHT_ELECTRICAL,grievance,2
2026-06-09,4,VECTOR_DISEASE,grievance,1
2026-06-09,5,BUILDING_SAFETY,pwd,1
2026-06-09,5,CIVIC_FACILITIES,grievance,1
2026-06-09,5,CRIME_PROPERTY,police,2
2026-06-09,5,CRIME_VIOLENT,police,2
2026-06-09,5,PUBLIC_ORDER,police,2
2026-06-09,5,ROAD_DAMAGE,grievance,2
2026-06-09,5,SANITATION_TOILETS,grievance,1
2026-06-09,5,SOLID_WASTE,grievance,4
2026-06-09,5,STREETLIGHT_ELECTRICAL,grievance,1
2026-06-09,5,TREES_PARKS,grievance,1
2026-06-09,6,CRIME_PROPERTY,police,1
2026-06-09,6,CRIME_VIOLENT,police,1
2026-06-09,6,DARK_SPOT_SAFETY,grievance,1
2026-06-09,6,DRAINAGE_SEWAGE,grievance,2
2026-06-09,6,DRAIN_WORKS_SAFETY,grievance,1
2026-06-09,6,FLOOD_WATERLOGGING,police,1
2026-06-09,6,FLOOD_WATERLOGGING,pwd,1
2026-06-09,6,MISSING_PERSON,police,1
2026-06-09,6,PUBLIC_ORDER,police,1
2026-06-09,6,ROAD_ACCIDENT,police,3
2026-06-09,6,SOLID_WASTE,grievance,1
2026-06-09,6,STREETLIGHT_ELECTRICAL,grievance,3
2026-06-09,6,TREES_PARKS,grievance,1
2026-06-09,7,CRIME_PROPERTY,police,1
2026-06-09,7,DARK_SPOT_SAFETY,grievance,1
2026-06-09,7,DRAIN_WORKS_SAFETY,grievance,1
2026-06-09,7,PUBLIC_WORKS,grievance,1
2026-06-09,7,ROAD_ACCIDENT,police,4
2026-06-09,7,SOLID_WASTE,grievance,2
2026-06-09,7,STREETLIGHT_ELECTRICAL,grievance,1
2026-06-09,7,TRAFFIC_OBSTRUCTION,police,1
2026-06-09,8,ADMIN_SERVICES,grievance,1
2026-06-09,8,CRIME_PROPERTY,police,4
2026-06-09,8,DRAINAGE_SEWAGE,pwd,1
2026-06-09,8,OTHER,grievance,1
2026-06-09,8,PUBLIC_ORDER,police,1
2026-06-09,8,PUBLIC_WORKS,grievance,1
2026-06-09,8,SOLID_WASTE,grievance,2
2026-06-09,8,STREETLIGHT_ELECTRICAL,grievance,1
2026-06-09,9,ADMIN_SERVICES,grievance,1
2026-06-09,9,CRIME_PROPERTY,police,1
2026-06-09,9,CRIME_VIOLENT,police,1
2026-06-09,9,DRAINAGE_SEWAGE,grievance,2
2026-06-09,9,FLOOD_RELIEF,grievance,1
2026-06-09,9,FLOOD_WATERLOGGING,grievance,1
2026-06-09,9,FOOD_SAFETY,grievance,1
2026-06-09,9,SANITATION_TOILETS,grievance,1
2026-06-09,9,SOLID_WASTE,grievance,5
2026-06-09,9,STREETLIGHT_ELECTRICAL,grievance,2
2026-06-09,9,TRAFFIC_OBSTRUCTION,grievance,1
2026-06-09,10,CIVIC_FACILITIES,grievance,1
2026-06-09,10,CRIME_PROPERTY,police,3
2026-06-09,10,CRIME_VIOLENT,police,1
2026-06-09,10,DARK_SPOT_SAFETY,grievance,1
2026-06-09,10,DRAINAGE_SEWAGE,grievance,1
2026-06-09,10,ROAD_ACCIDENT,police,3
2026-06-09,10,SOLID_WASTE,grievance,2
2026-06-09,10,TRAFFIC_OBSTRUCTION,grievance,1
2026-06-09,11,CRIME_PROPERTY,police,1
2026-06-09,11,SOLID_WASTE,grievance,1
2026-06-09,11,STREETLIGHT_ELECTRICAL,grievance,1
2026-06-09,11,VECTOR_DISEASE,grievance,1
2026-06-09,12,FLOOD_WATERLOGGING,grievance,1
2026-06-09,12,MISSING_PERSON,police,1
2026-06-09,12,PUBLIC_WORKS,grievance,2
2026-06-09,12,SOLID_WASTE,grievance,2
2026-06-09,12,STREETLIGHT_ELECTRICAL,grievance,1
2026-06-09,13,CRIME_PROPERTY,police,3
2026-06-09,13,DARK_SPOT_SAFETY,grievance,1
2026-06-09,13,ENCROACHMENT,pwd,1
2026-06-09,13,MISSING_PERSON,police,2
2026-06-09,13,PUBLIC_ORDER,police,2
2026-06-09,13,SANITATION_TOILETS,grievance,1
2026-06-09,13,SOLID_WASTE,grievance,3
2026-06-09,13,STREETLIGHT_ELECTRICAL,grievance,1
2026-06-09,13,TRAFFIC_OBSTRUCTION,police,2
2026-06-09,14,CRIME_PROPERTY,police,1
2026-06-09,14,DRAIN_WORKS_SAFETY,grievance,1
2026-06-09,14,PUBLIC_ORDER,police,1
2026-06-09,14,SOLID_WASTE,grievance,3
2026-06-09,14,STREETLIGHT_ELECTRICAL,grievance,1
2026-06-09,15,BUILDING_SAFETY,pwd,1
2026-06-09,15,SOLID_WASTE,grievance,1
2026-06-09,,POLICE_OTHER,police,1
2026-06-09,,PUBLIC_ORDER,police,1
2026-06-10,1,CRIME_PROPERTY,police,1
2026-06-10,1,DRAIN_WORKS_SAFETY,grievance,1
2026-06-10,1,PUBLIC_ORDER,police,1
2026-06-10,1,SANITATION_TOILETS,grievance,1
2026-06-10,1,SOLID_WASTE,grievance,2
2026-06-10,1,TRAFFIC_OBSTRUCTION,grievance,1
2026-06-10,1,TREES_PARKS,grievance,1
2026-06-10,2,STREETLIGHT_ELECTRICAL,grievance,1
2026-06-10,3,AIR_POLLUTION,grievance,1
2026-06-10,3,CRIME_PROPERTY,police,4
2026-06-10,3,VECTOR_DISEASE,grievance,1
2026-06-10,4,CRIME_PROPERTY,police,1
2026-06-10,4,ENCROACHMENT,grievance,1
2026-06-10,4,FLOOD_RELIEF,grievance,1
2026-06-10,4,OTHER,grievance,1
2026-06-10,4,PUBLIC_ORDER,police,1
2026-06-10,4,ROAD_DAMAGE,grievance,1
2026-06-10,4,SOLID_WASTE,grievance,5
2026-06-10,4,STREETLIGHT_ELECTRICAL,grievance,1
2026-06-10,5,CRIME_PROPERTY,police,1
2026-06-10,5,DRAIN_WORKS_SAFETY,grievance,1
2026-06-10,5,FLOOD_WATERLOGGING,grievance,1
2026-06-10,5,FLOOD_WATERLOGGING,police,1
2026-06-10,5,PUBLIC_ORDER,police,2
2026-06-10,5,PUBLIC_WORKS,grievance,1
2026-06-10,5,ROAD_DAMAGE,grievance,1
2026-06-10,5,SANITATION_TOILETS,grievance,2
2026-06-10,5,SOLID_WASTE,grievance,1
2026-06-10,5,VECTOR_DISEASE,grievance,1
2026-06-10,6,CRIME_PROPERTY,police,2
2026-06-10,6,CRIME_VIOLENT,police,1
2026-06-10,6,DARK_SPOT_SAFETY,grievance,1
2026-06-10,6,DRAINAGE_SEWAGE,grievance,2
2026-06-10,6,ENCROACHMENT,grievance,1
2026-06-10,6,FLOOD_WATERLOGGING,grievance,1
2026-06-10,6,FLOOD_WATERLOGGING,pwd,1
2026-06-10,6,PUBLIC_ORDER,police,2
2026-06-10,6,ROAD_DAMAGE,grievance,1
2026-06-10,6,SANITATION_TOILETS,grievance,1
2026-06-10,6,SOLID_WASTE,grievance,7
2026-06-10,6,TRAFFIC_OBSTRUCTION,police,1
2026-06-10,7,BUILDING_SAFETY,pwd,1
2026-06-10,7,CRIME_PROPERTY,police,1
2026-06-10,7,DRAINAGE_SEWAGE,grievance,1
2026-06-10,7,DRAIN_WORKS_SAFETY,grievance,1
2026-06-10,7,PUBLIC_ORDER,police,1
2026-06-10,7,ROAD_ACCIDENT,police,1
2026-06-10,7,ROAD_DAMAGE,grievance,1
2026-06-10,7,STREETLIGHT_ELECTRICAL,grievance,2
2026-06-10,8,ADMIN_SERVICES,grievance,3
2026-06-10,8,DRAINAGE_SEWAGE,grievance,2
2026-06-10,8,MISSING_PERSON,police,2
2026-06-10,8,ROAD_ACCIDENT,police,2
2026-06-10,8,ROAD_DAMAGE,grievance,1
2026-06-10,8,STREETLIGHT_ELECTRICAL,grievance,2
2026-06-10,8,TRAFFIC_OBSTRUCTION,police,1
2026-06-10,8,TREES_PARKS,grievance,1
2026-06-10,9,ADMIN_SERVICES,grievance,2
2026-06-10,9,DRAINAGE_SEWAGE,grievance,1
2026-06-10,9,FLOOD_RELIEF,grievance,1
2026-06-10,9,OTHER,grievance,1
2026-06-10,9,PUBLIC_ORDER,police,4
2026-06-10,9,SANITATION_TOILETS,grievance,1
2026-06-10,9,STRAY_ANIMALS,grievance,1
2026-06-10,9,STREETLIGHT_ELECTRICAL,grievance,1
2026-06-10,10,ADMIN_SERVICES,grievance,1
2026-06-10,10,CRIME_PROPERTY,police,5
2026-06-10,10,DRUGS_LIQUOR,police,1
2026-06-10,10,ROAD_ACCIDENT,police,3
2026-06-10,10,SOLID_WASTE,grievance,1
2026-06-10,10,STREETLIGHT_ELECTRICAL,grievance,1
2026-06-10,11,CIVIC_FACILITIES,grievance,1
2026-06-10,11,OTHER,grievance,2
2026-06-10,11,ROAD_ACCIDENT,police,1
2026-06-10,11,SOLID_WASTE,grievance,1
2026-06-10,11,STREETLIGHT_ELECTRICAL,grievance,1
2026-06-10,11,TRAFFIC_OBSTRUCTION,police,2
2026-06-10,11,TREES_PARKS,grievance,1
2026-06-10,11,VECTOR_DISEASE,grievance,2
2026-06-10,12,CRIME_PROPERTY,police,2
2026-06-10,12,MISSING_PERSON,police,1
2026-06-10,12,SOLID_WASTE,grievance,1
2026-06-10,13,ADMIN_SERVICES,grievance,1
2026-06-10,13,BUILDING_SAFETY,pwd,2
2026-06-10,13,CRIME_PROPERTY,police,6
2026-06-10,13,DRAINAGE_SEWAGE,grievance,1
2026-06-10,13,ENCROACHMENT,pwd,2
2026-06-10,13,HEALTH_SERVICES,grievance,1
2026-06-10,13,PUBLIC_ORDER,police,1
2026-06-10,13,PUBLIC_WORKS,grievance,1
2026-06-10,13,ROAD_ACCIDENT,police,3
2026-06-10,13,ROAD_DAMAGE,grievance,1
2026-06-10,13,SANITATION_TOILETS,grievance,2
2026-06-10,13,SOLID_WASTE,grievance,2
2026-06-10,14,CRIME_PROPERTY,police,2
2026-06-10,14,DRUGS_LIQUOR,police,1
2026-06-10,14,PUBLIC_ORDER,police,1
2026-06-10,14,ROAD_DAMAGE,grievance,2
2026-06-10,14,SOLID_WASTE,grievance,3
2026-06-10,15,ADMIN_SERVICES,grievance,1
2026-06-10,15,CIVIC_FACILITIES,grievance,1
2026-06-10,15,CRIME_PROPERTY,police,2
2026-06-10,15,CRIME_VIOLENT,police,5
2026-06-10,15,ENCROACHMENT,pwd,1
2026-06-10,15,FOOD_SAFETY,grievance,1
2026-06-10,15,PUBLIC_ORDER,police,1
2026-06-10,15,SANITATION_TOILETS,grievance,2
2026-06-10,15,STREETLIGHT_ELECTRICAL,police,1
2026-06-10,,CRIME_PROPERTY,police,1
2026-06-10,,TRAFFIC_OBSTRUCTION,police,1
2026-06-11,1,ADMIN_SERVICES,grievance,1
2026-06-11,1,CRIME_PROPERTY,police,2
2026-06-11,1,DARK_SPOT_SAFETY,grievance,1
2026-06-11,1,DRUGS_LIQUOR,police,1
2026-06-11,1,FLOOD_WATERLOGGING,grievance,1
2026-06-11,1,FOOD_SAFETY,grievance,1
2026-06-11,1,SOLID_WASTE,grievance,4
2026-06-11,1,STREETLIGHT_ELECTRICAL,grievance,2
2026-06-11,1,WATERBODY_INFRA,pwd,1
2026-06-11,2,CRIME_PROPERTY,police,5
2026-06-11,2,DRAINAGE_SEWAGE,grievance,1
2026-06-11,2,DRAIN_WORKS_SAFETY,grievance,1
2026-06-11,2,FLOOD_WATERLOGGING,grievance,1
2026-06-11,2,PUBLIC_WORKS,grievance,1
2026-06-11,2,SOLID_WASTE,grievance,2
2026-06-11,2,TREES_PARKS,grievance,1
2026-06-11,3,CRIME_PROPERTY,police,3
2026-06-11,3,SANITATION_TOILETS,grievance,1
2026-06-11,3,SOLID_WASTE,grievance,1
2026-06-11,3,STREETLIGHT_ELECTRICAL,grievance,1
2026-06-11,4,FOOD_SAFETY,grievance,1
2026-06-11,4,SOLID_WASTE,grievance,2
2026-06-11,4,STRAY_ANIMALS,grievance,1
2026-06-11,5,ADMIN_SERVICES,grievance,1
2026-06-11,5,CRIME_PROPERTY,police,4
2026-06-11,5,PUBLIC_ORDER,police,1
2026-06-11,5,ROAD_ACCIDENT,police,1
2026-06-11,5,SOLID_WASTE,grievance,1
2026-06-11,5,TRAFFIC_OBSTRUCTION,police,6
2026-06-11,5,VECTOR_DISEASE,grievance,1
2026-06-11,5,VECTOR_DISEASE,hospital,1
2026-06-11,5,WATERBODY_INFRA,pwd,1
2026-06-11,6,CRIME_PROPERTY,police,1
2026-06-11,6,DRAINAGE_SEWAGE,grievance,1
2026-06-11,6,FLOOD_WATERLOGGING,grievance,1
2026-06-11,6,PUBLIC_ORDER,police,2
2026-06-11,6,PUBLIC_WORKS,grievance,1
2026-06-11,6,ROAD_ACCIDENT,police,1
2026-06-11,6,SANITATION_TOILETS,grievance,1
2026-06-11,6,SOLID_WASTE,grievance,2
2026-06-11,6,TRAFFIC_OBSTRUCTION,police,2
2026-06-11,7,ADMIN_SERVICES,grievance,1
2026-06-11,7,CRIME_PROPERTY,police,1
2026-06-11,7,DARK_SPOT_SAFETY,grievance,1
2026-06-11,7,DRAINAGE_SEWAGE,grievance,1
2026-06-11,7,DRUGS_LIQUOR,police,1
2026-06-11,7,FLOOD_WATERLOGGING,grievance,1
2026-06-11,7,FOOD_SAFETY,grievance,1
2026-06-11,7,ROAD_ACCIDENT,police,1
2026-06-11,7,SANITATION_TOILETS,grievance,2
2026-06-11,7,STREETLIGHT_ELECTRICAL,grievance,1
2026-06-11,8,CRIME_VIOLENT,police,1
2026-06-11,8,DRAINAGE_SEWAGE,pwd,1
2026-06-11,8,DRAIN_WORKS_SAFETY,grievance,1
2026-06-11,8,DRUGS_LIQUOR,police,1
2026-06-11,8,FLOOD_RELIEF,grievance,1
2026-06-11,8,MISSING_PERSON,police,1
2026-06-11,8,PUBLIC_ORDER,police,2
2026-06-11,8,ROAD_ACCIDENT,police,2
2026-06-11,8,SANITATION_TOILETS,grievance,1
2026-06-11,8,SOLID_WASTE,grievance,2
2026-06-11,9,ADMIN_SERVICES,grievance,1
2026-06-11,9,AIR_POLLUTION,grievance,1
2026-06-11,9,DRAIN_WORKS_SAFETY,grievance,2
2026-06-11,9,ENCROACHMENT,grievance,1
2026-06-11,9,FLOOD_WATERLOGGING,pwd,1
2026-06-11,9,ROAD_ACCIDENT,police,1
2026-06-11,9,ROAD_DAMAGE,grievance,1
2026-06-11,9,SOLID_WASTE,grievance,3
2026-06-11,9,STREETLIGHT_ELECTRICAL,grievance,1
2026-06-11,9,VECTOR_DISEASE,grievance,1
2026-06-11,10,BUILDING_SAFETY,pwd,1
2026-06-11,10,CRIME_PROPERTY,police,5
2026-06-11,10,DRUGS_LIQUOR,police,1
2026-06-11,10,FLOOD_WATERLOGGING,grievance,2
2026-06-11,10,PUBLIC_ORDER,police,4
2026-06-11,10,ROAD_DAMAGE,grievance,2
2026-06-11,10,SOLID_WASTE,grievance,1
2026-06-11,10,TRAFFIC_OBSTRUCTION,police,1
2026-06-11,11,CRIME_PROPERTY,police,1
2026-06-11,11,DRAIN_WORKS_SAFETY,grievance,1
2026-06-11,11,OTHER,grievance,1
2026-06-11,11,ROAD_DAMAGE,grievance,1
2026-06-11,11,TRAFFIC_OBSTRUCTION,grievance,1
2026-06-11,12,ADMIN_SERVICES,grievance,1
2026-06-11,12,CRIME_PROPERTY,police,1
2026-06-11,12,DRAINAGE_SEWAGE,grievance,1
2026-06-11,12,PUBLIC_WORKS,grievance,1
2026-06-11,12,ROAD_ACCIDENT,police,2
2026-06-11,12,SOLID_WASTE,grievance,4
2026-06-11,12,STREETLIGHT_ELECTRICAL,grievance,1
2026-06-11,12,TREES_PARKS,grievance,1
2026-06-11,12,VECTOR_DISEASE,grievance,1
2026-06-11,13,AIR_POLLUTION,grievance,1
2026-06-11,13,CRIME_PROPERTY,police,1
2026-06-11,13,CRIME_VIOLENT,police,2
2026-06-11,13,FLOOD_WATERLOGGING,pwd,1
2026-06-11,13,ROAD_ACCIDENT,police,2
2026-06-11,13,ROAD_DAMAGE,grievance,1
2026-06-11,13,SOLID_WASTE,grievance,1
2026-06-11,13,STREETLIGHT_ELECTRICAL,grievance,1
2026-06-11,14,CRIME_PROPERTY,police,3
2026-06-11,14,CRIME_VIOLENT,police,3
2026-06-11,14,DRAINAGE_SEWAGE,grievance,1
2026-06-11,14,PUBLIC_ORDER,police,2
2026-06-11,14,SOLID_WASTE,grievance,1
2026-06-11,14,STREETLIGHT_ELECTRICAL,grievance,1
2026-06-11,15,ADMIN_SERVICES,grievance,1
2026-06-11,15,BUILDING_SAFETY,pwd,1
2026-06-11,15,CRIME_PROPERTY,police,1
2026-06-11,15,ENCROACHMENT,grievance,1
2026-06-11,15,FLOOD_WATERLOGGING,grievance,2
2026-06-11,15,FLOOD_WATERLOGGING,pwd,1
2026-06-11,15,PUBLIC_ORDER,police,1
2026-06-11,15,ROAD_ACCIDENT,police,1
2026-06-11,15,STREETLIGHT_ELECTRICAL,grievance,1
2026-06-11,15,TREES_PARKS,grievance,1
2026-06-11,,CRIME_PROPERTY,police,3
2026-06-11,,CRIME_VIOLENT,police,1
2026-06-11,,PUBLIC_ORDER,police,1
2026-06-12,1,DRAINAGE_SEWAGE,pwd,1
2026-06-12,1,DRUGS_LIQUOR,police,2
2026-06-12,1,FLOOD_WATERLOGGING,grievance,1
2026-06-12,1,FOOD_SAFETY,grievance,1
2026-06-12,1,ROAD_ACCIDENT,police,2
2026-06-12,1,ROAD_DAMAGE,grievance,2
2026-06-12,1,SANITATION_TOILETS,grievance,1
2026-06-12,1,SOLID_WASTE,grievance,1
2026-06-12,1,TRAFFIC_OBSTRUCTION,grievance,1
2026-06-12,2,PUBLIC_WORKS,grievance,1
2026-06-12,2,SANITATION_TOILETS,grievance,1
2026-06-12,2,STREETLIGHT_ELECTRICAL,grievance,1
2026-06-12,3,CRIME_PROPERTY,police,3
2026-06-12,3,DARK_SPOT_SAFETY,grievance,1
2026-06-12,3,SOLID_WASTE,grievance,2
2026-06-12,3,STRAY_ANIMALS,grievance,1
2026-06-12,4,ADMIN_SERVICES,grievance,1
2026-06-12,4,CRIME_PROPERTY,police,3
2026-06-12,4,DRAIN_WORKS_SAFETY,grievance,1
2026-06-12,4,ENCROACHMENT,grievance,2
2026-06-12,4,FOOD_SAFETY,grievance,1
2026-06-12,4,ROAD_ACCIDENT,police,1
2026-06-12,4,ROAD_DAMAGE,grievance,2
2026-06-12,4,SOLID_WASTE,grievance,2
2026-06-12,4,STREETLIGHT_ELECTRICAL,grievance,1
2026-06-12,5,BUILDING_SAFETY,pwd,2
2026-06-12,5,CRIME_VIOLENT,police,1
2026-06-12,5,DRUGS_LIQUOR,police,1
2026-06-12,5,FLOOD_WATERLOGGING,pwd,1
2026-06-12,5,PUBLIC_ORDER,police,1
2026-06-12,5,PUBLIC_WORKS,grievance,1
2026-06-12,5,ROAD_ACCIDENT,police,2
2026-06-12,5,SOLID_WASTE,grievance,4
2026-06-12,5,STRAY_ANIMALS,grievance,1
2026-06-12,5,STREETLIGHT_ELECTRICAL,grievance,2
2026-06-12,6,ADMIN_SERVICES,grievance,1
2026-06-12,6,CRIME_PROPERTY,police,3
2026-06-12,6,CRIME_VIOLENT,police,1
2026-06-12,6,DRAINAGE_SEWAGE,grievance,1
2026-06-12,6,HEALTH_SERVICES,grievance,1
2026-06-12,6,SANITATION_TOILETS,grievance,2
2026-06-12,6,SOLID_WASTE,grievance,4
2026-06-12,7,AIR_POLLUTION,grievance,2
2026-06-12,7,BUILDING_SAFETY,pwd,1
2026-06-12,7,CRIME_PROPERTY,police,2
2026-06-12,7,DARK_SPOT_SAFETY,grievance,1
2026-06-12,7,FLOOD_WATERLOGGING,grievance,1
2026-06-12,7,ROAD_ACCIDENT,police,2
2026-06-12,7,ROAD_DAMAGE,grievance,2
2026-06-12,7,STRAY_ANIMALS,grievance,1
2026-06-12,7,STREETLIGHT_ELECTRICAL,grievance,1
2026-06-12,7,TRAFFIC_OBSTRUCTION,police,1
2026-06-12,8,CIVIC_FACILITIES,grievance,1
2026-06-12,8,CRIME_PROPERTY,police,2
2026-06-12,8,DARK_SPOT_SAFETY,grievance,1
2026-06-12,8,DRAINAGE_SEWAGE,grievance,1
2026-06-12,8,DRUGS_LIQUOR,police,1
2026-06-12,8,MISSING_PERSON,police,2
2026-06-12,8,ROAD_ACCIDENT,police,1
2026-06-12,8,ROAD_DAMAGE,grievance,1
2026-06-12,8,SOLID_WASTE,grievance,2
2026-06-12,8,VECTOR_DISEASE,grievance,1
2026-06-12,9,CRIME_PROPERTY,police,1
2026-06-12,9,CRIME_VIOLENT,police,1
2026-06-12,9,DRAINAGE_SEWAGE,grievance,1
2026-06-12,9,ENCROACHMENT,grievance,1
2026-06-12,9,FOOD_SAFETY,grievance,1
2026-06-12,9,ROAD_ACCIDENT,police,2
2026-06-12,9,ROAD_DAMAGE,grievance,2
2026-06-12,9,SOLID_WASTE,grievance,2
2026-06-12,9,STRAY_ANIMALS,grievance,1
2026-06-12,9,STREETLIGHT_ELECTRICAL,grievance,2
2026-06-12,10,ADMIN_SERVICES,grievance,3
2026-06-12,10,CRIME_PROPERTY,police,3
2026-06-12,10,DRAINAGE_SEWAGE,pwd,2
2026-06-12,10,DRUGS_LIQUOR,police,2
2026-06-12,10,FLOOD_WATERLOGGING,grievance,1
2026-06-12,10,SANITATION_TOILETS,grievance,1
2026-06-12,10,SOLID_WASTE,grievance,2
2026-06-12,10,TRAFFIC_OBSTRUCTION,police,1
2026-06-12,11,AIR_POLLUTION,grievance,1
2026-06-12,11,ENCROACHMENT,pwd,1
2026-06-12,11,SANITATION_TOILETS,grievance,1
2026-06-12,12,CRIME_VIOLENT,police,2
2026-06-12,12,DRAINAGE_SEWAGE,grievance,1
2026-06-12,12,DRAINAGE_SEWAGE,pwd,1
2026-06-12,12,SANITATION_TOILETS,grievance,1
2026-06-12,13,ADMIN_SERVICES,grievance,1
2026-06-12,13,CRIME_PROPERTY,police,1
2026-06-12,13,DRAINAGE_SEWAGE,pwd,1
2026-06-12,13,ENCROACHMENT,pwd,1
2026-06-12,13,ROAD_ACCIDENT,police,4
2026-06-12,13,ROAD_DAMAGE,pwd,1
2026-06-12,13,SOLID_WASTE,grievance,1
2026-06-12,13,STREETLIGHT_ELECTRICAL,grievance,1
2026-06-12,14,CRIME_PROPERTY,police,1
2026-06-12,14,DARK_SPOT_SAFETY,grievance,1
2026-06-12,14,ROAD_ACCIDENT,police,2
2026-06-12,14,ROAD_DAMAGE,grievance,1
2026-06-12,14,STREETLIGHT_ELECTRICAL,grievance,2
2026-06-12,15,ADMIN_SERVICES,grievance,1
2026-06-12,15,CRIME_PROPERTY,police,3
2026-06-12,15,DRAINAGE_SEWAGE,grievance,1
2026-06-12,15,ROAD_ACCIDENT,police,2
2026-06-12,15,ROAD_DAMAGE,grievance,1
2026-06-12,15,SANITATION_TOILETS,grievance,1
2026-06-12,15,SOLID_WASTE,grievance,1
2026-06-12,,CRIME_PROPERTY,police,1
2026-06-12,,PUBLIC_ORDER,police,1
2026-06-13,1,DRAINAGE_SEWAGE,grievance,1
2026-06-13,1,ENCROACHMENT,pwd,1
2026-06-13,1,ROAD_ACCIDENT,police,2
2026-06-13,1,ROAD_DAMAGE,grievance,1
2026-06-13,1,SOLID_WASTE,grievance,2
2026-06-13,1,STREETLIGHT_ELECTRICAL,grievance,1
2026-06-13,3,CIVIC_FACILITIES,grievance,1
2026-06-13,3,CRIME_PROPERTY,police,1
2026-06-13,3,CRIME_VIOLENT,police,4
2026-06-13,3,DRAINAGE_SEWAGE,pwd,1
2026-06-13,3,FLOOD_WATERLOGGING,grievance,1
2026-06-13,3,OTHER,grievance,1
2026-06-13,3,ROAD_ACCIDENT,police,4
2026-06-13,3,ROAD_DAMAGE,grievance,1
2026-06-13,3,TREES_PARKS,grievance,1
2026-06-13,3,VECTOR_DISEASE,grievance,1
2026-06-13,4,DARK_SPOT_SAFETY,grievance,1
2026-06-13,4,DRAINAGE_SEWAGE,grievance,1
2026-06-13,4,DRAIN_WORKS_SAFETY,grievance,1
2026-06-13,4,PUBLIC_WORKS,grievance,1
2026-06-13,4,ROAD_ACCIDENT,police,3
2026-06-13,4,SOLID_WASTE,grievance,1
2026-06-13,4,STREETLIGHT_ELECTRICAL,grievance,1
2026-06-13,4,TRAFFIC_OBSTRUCTION,police,1
2026-06-13,4,TREES_PARKS,grievance,1
2026-06-13,5,CRIME_PROPERTY,police,3
2026-06-13,5,CRIME_VIOLENT,police,2
2026-06-13,5,DARK_SPOT_SAFETY,grievance,1
2026-06-13,5,DRAINAGE_SEWAGE,grievance,1
2026-06-13,5,DRUGS_LIQUOR,police,1
2026-06-13,5,FLOOD_WATERLOGGING,grievance,1
2026-06-13,5,MISSING_PERSON,police,1
2026-06-13,5,PUBLIC_ORDER,police,1
2026-06-13,5,ROAD_ACCIDENT,police,1
2026-06-13,5,SOLID_WASTE,grievance,2
2026-06-13,5,STRAY_ANIMALS,grievance,1
2026-06-13,5,STREETLIGHT_ELECTRICAL,grievance,1
2026-06-13,5,TRAFFIC_OBSTRUCTION,police,3
2026-06-13,5,TREES_PARKS,grievance,1
2026-06-13,5,VECTOR_DISEASE,grievance,2
2026-06-13,6,ADMIN_SERVICES,grievance,1
2026-06-13,6,CRIME_PROPERTY,police,2
2026-06-13,6,DRAINAGE_SEWAGE,grievance,2
2026-06-13,6,DRAINAGE_SEWAGE,pwd,1
2026-06-13,6,PUBLIC_ORDER,police,5
2026-06-13,6,SOLID_WASTE,grievance,1
2026-06-13,6,STRAY_ANIMALS,grievance,1
2026-06-13,6,STREETLIGHT_ELECTRICAL,grievance,1
2026-06-13,6,VECTOR_DISEASE,grievance,1
2026-06-13,7,CRIME_PROPERTY,police,2
2026-06-13,7,ROAD_ACCIDENT,police,3
2026-06-13,7,ROAD_DAMAGE,grievance,2
2026-06-13,7,SOLID_WASTE,grievance,3
2026-06-13,7,STREETLIGHT_ELECTRICAL,grievance,1
2026-06-13,7,WATERBODY_INFRA,pwd,1
2026-06-13,8,CRIME_PROPERTY,police,2
2026-06-13,8,DRAINAGE_SEWAGE,grievance,3
2026-06-13,8,FLOOD_WATERLOGGING,grievance,1
2026-06-13,8,MISSING_PERSON,police,1
2026-06-13,8,PUBLIC_ORDER,police,2
2026-06-13,8,PUBLIC_WORKS,grievance,1
2026-06-13,8,ROAD_ACCIDENT,police,1
2026-06-13,8,SOLID_WASTE,grievance,2
2026-06-13,8,STRAY_ANIMALS,grievance,1
2026-06-13,8,STREETLIGHT_ELECTRICAL,grievance,2
2026-06-13,8,TRAFFIC_OBSTRUCTION,police,1
2026-06-13,9,ADMIN_SERVICES,grievance,2
2026-06-13,9,CIVIC_FACILITIES,grievance,1
2026-06-13,9,CRIME_VIOLENT,police,1
2026-06-13,9,DARK_SPOT_SAFETY,grievance,1
2026-06-13,9,FLOOD_WATERLOGGING,grievance,1
2026-06-13,9,FLOOD_WATERLOGGING,police,2
2026-06-13,9,FOOD_SAFETY,grievance,1
2026-06-13,9,ROAD_ACCIDENT,police,1
2026-06-13,9,SANITATION_TOILETS,grievance,2
2026-06-13,9,SOLID_WASTE,grievance,2
2026-06-13,9,STREETLIGHT_ELECTRICAL,grievance,2
2026-06-13,9,TRAFFIC_OBSTRUCTION,police,1
2026-06-13,10,CRIME_PROPERTY,police,1
2026-06-13,10,CRIME_VIOLENT,police,1
2026-06-13,10,DRAIN_WORKS_SAFETY,grievance,2
2026-06-13,10,ROAD_DAMAGE,grievance,1
2026-06-13,10,STREETLIGHT_ELECTRICAL,grievance,1
2026-06-13,11,ADMIN_SERVICES,grievance,1
2026-06-13,11,BUILDING_SAFETY,pwd,1
2026-06-13,11,DARK_SPOT_SAFETY,grievance,1
2026-06-13,11,HEALTH_SERVICES,grievance,1
2026-06-13,11,OTHER,grievance,1
2026-06-13,11,PUBLIC_ORDER,police,1
2026-06-13,11,ROAD_ACCIDENT,police,1
2026-06-13,11,SOLID_WASTE,grievance,1
2026-06-13,11,STREETLIGHT_ELECTRICAL,police,1
2026-06-13,11,TREES_PARKS,grievance,1
2026-06-13,12,CIVIC_FACILITIES,grievance,1
2026-06-13,12,CRIME_PROPERTY,police,1
2026-06-13,12,OTHER,grievance,1
2026-06-13,13,ADMIN_SERVICES,grievance,1
2026-06-13,13,CIVIC_FACILITIES,grievance,1
2026-06-13,13,CRIME_PROPERTY,police,2
2026-06-13,13,CRIME_VIOLENT,police,1
2026-06-13,13,DRAINAGE_SEWAGE,grievance,1
2026-06-13,13,FOOD_SAFETY,grievance,1
2026-06-13,13,PUBLIC_ORDER,police,3
2026-06-13,13,ROAD_ACCIDENT,police,4
2026-06-13,13,SOLID_WASTE,grievance,2
2026-06-13,13,STREETLIGHT_ELECTRICAL,grievance,1
2026-06-13,13,TRAFFIC_OBSTRUCTION,police,1
2026-06-13,13,WATERBODY_INFRA,pwd,1
2026-06-13,14,AIR_POLLUTION,grievance,1
2026-06-13,14,CRIME_PROPERTY,police,1
2026-06-13,14,PUBLIC_WORKS,grievance,1
2026-06-13,14,ROAD_ACCIDENT,police,2
2026-06-13,14,STRAY_ANIMALS,grievance,1
2026-06-13,14,STREETLIGHT_ELECTRICAL,grievance,1
2026-06-13,15,CRIME_PROPERTY,police,5
2026-06-13,15,CRIME_VIOLENT,police,2
2026-06-13,15,MISSING_PERSON,police,1
2026-06-13,15,ROAD_ACCIDENT,police,2
2026-06-13,15,ROAD_DAMAGE,pwd,1
2026-06-13,15,TRAFFIC_OBSTRUCTION,police,3
2026-06-14,1,CRIME_PROPERTY,police,1
2026-06-14,1,DRAINAGE_SEWAGE,pwd,1
2026-06-14,1,FLOOD_WATERLOGGING,grievance,1
2026-06-14,1,ROAD_DAMAGE,grievance,1
2026-06-14,1,SOLID_WASTE,grievance,2
2026-06-14,2,ADMIN_SERVICES,grievance,1
2026-06-14,3,CRIME_VIOLENT,police,1
2026-06-14,3,DRUGS_LIQUOR,police,1
2026-06-14,3,HEALTH_SERVICES,grievance,1
2026-06-14,3,OTHER,grievance,1
2026-06-14,3,ROAD_ACCIDENT,police,2
2026-06-14,3,SANITATION_TOILETS,grievance,1
2026-06-14,3,SOLID_WASTE,grievance,2
2026-06-14,3,STREETLIGHT_ELECTRICAL,grievance,1
2026-06-14,4,ADMIN_SERVICES,grievance,1
2026-06-14,4,CRIME_VIOLENT,police,1
2026-06-14,4,DARK_SPOT_SAFETY,grievance,1
2026-06-14,4,DRAINAGE_SEWAGE,grievance,1
2026-06-14,4,DRAIN_WORKS_SAFETY,grievance,1
2026-06-14,4,ROAD_DAMAGE,grievance,1
2026-06-14,4,TRAFFIC_OBSTRUCTION,grievance,1
2026-06-14,4,TRAFFIC_OBSTRUCTION,police,1
2026-06-14,5,CIVIC_FACILITIES,grievance,1
2026-06-14,5,CRIME_PROPERTY,police,1
2026-06-14,5,CRIME_VIOLENT,police,1
2026-06-14,5,DRAINAGE_SEWAGE,grievance,3
2026-06-14,5,DRAINAGE_SEWAGE,pwd,1
2026-06-14,5,DRAIN_WORKS_SAFETY,grievance,1
2026-06-14,5,PUBLIC_ORDER,police,3
2026-06-14,5,ROAD_ACCIDENT,police,2
2026-06-14,5,SOLID_WASTE,grievance,3
2026-06-14,5,STREETLIGHT_ELECTRICAL,grievance,1
2026-06-14,5,TRAFFIC_OBSTRUCTION,police,1
2026-06-14,6,CRIME_PROPERTY,police,1
2026-06-14,6,CRIME_VIOLENT,police,1
2026-06-14,6,DRAINAGE_SEWAGE,grievance,1
2026-06-14,6,MISSING_PERSON,police,1
2026-06-14,6,ROAD_ACCIDENT,police,1
2026-06-14,6,ROAD_DAMAGE,grievance,1
2026-06-14,6,SOLID_WASTE,grievance,2
2026-06-14,6,TRAFFIC_OBSTRUCTION,police,1
2026-06-14,7,BUILDING_SAFETY,pwd,1
2026-06-14,7,CRIME_PROPERTY,police,2
2026-06-14,7,DRUGS_LIQUOR,police,1
2026-06-14,7,PUBLIC_ORDER,police,1
2026-06-14,7,SANITATION_TOILETS,grievance,1
2026-06-14,7,SOLID_WASTE,grievance,10
2026-06-14,7,STREETLIGHT_ELECTRICAL,grievance,2
2026-06-14,8,CRIME_PROPERTY,police,2
2026-06-14,8,CRIME_VIOLENT,police,2
2026-06-14,8,DARK_SPOT_SAFETY,grievance,1
2026-06-14,8,PUBLIC_ORDER,police,2
2026-06-14,8,ROAD_DAMAGE,grievance,1
2026-06-14,8,SOLID_WASTE,grievance,2
2026-06-14,8,STREETLIGHT_ELECTRICAL,grievance,1
2026-06-14,8,TRAFFIC_OBSTRUCTION,police,2
2026-06-14,8,WATERBODY_INFRA,pwd,1
2026-06-14,9,ADMIN_SERVICES,grievance,1
2026-06-14,9,CRIME_PROPERTY,police,1
2026-06-14,9,CRIME_VIOLENT,police,4
2026-06-14,9,OTHER,grievance,1
2026-06-14,9,ROAD_DAMAGE,grievance,1
2026-06-14,9,TREES_PARKS,grievance,1
2026-06-14,10,CRIME_PROPERTY,police,2
2026-06-14,10,FLOOD_RELIEF,grievance,1
2026-06-14,10,FLOOD_WATERLOGGING,grievance,1
2026-06-14,10,FOOD_SAFETY,grievance,1
2026-06-14,10,MISSING_PERSON,police,1
2026-06-14,10,OTHER,grievance,1
2026-06-14,10,STRAY_ANIMALS,grievance,1
2026-06-14,10,STREETLIGHT_ELECTRICAL,grievance,2
2026-06-14,10,TRAFFIC_OBSTRUCTION,police,1
2026-06-14,11,CRIME_VIOLENT,police,1
2026-06-14,11,DRAINAGE_SEWAGE,grievance,1
2026-06-14,11,SOLID_WASTE,grievance,1
2026-06-14,11,STREETLIGHT_ELECTRICAL,grievance,1
2026-06-14,11,TREES_PARKS,grievance,1
2026-06-14,12,CRIME_PROPERTY,police,1
2026-06-14,12,CRIME_VIOLENT,police,1
2026-06-14,12,ENCROACHMENT,pwd,1
2026-06-14,12,SOLID_WASTE,grievance,1
2026-06-14,13,CRIME_PROPERTY,police,1
2026-06-14,13,FLOOD_WATERLOGGING,grievance,1
2026-06-14,13,MISSING_PERSON,police,1
2026-06-14,13,ROAD_ACCIDENT,police,3
2026-06-14,13,SANITATION_TOILETS,grievance,1
2026-06-14,13,SOLID_WASTE,grievance,2
2026-06-14,14,PUBLIC_ORDER,police,2
2026-06-14,14,STRAY_ANIMALS,grievance,1
2026-06-14,15,CRIME_PROPERTY,police,3
2026-06-14,15,DRAINAGE_SEWAGE,pwd,1
2026-06-14,15,OTHER,grievance,1
2026-06-14,15,ROAD_ACCIDENT,police,3
2026-06-14,15,TRAFFIC_OBSTRUCTION,police,1
2026-06-15,1,DRAINAGE_SEWAGE,grievance,1
2026-06-15,1,DRAINAGE_SEWAGE,pwd,2
2026-06-15,1,DRAIN_WORKS_SAFETY,grievance,1
2026-06-15,1,ENCROACHMENT,grievance,1
2026-06-15,1,FLOOD_WATERLOGGING,grievance,1
2026-06-15,1,MISSING_PERSON,police,1
2026-06-15,1,SOLID_WASTE,grievance,4
2026-06-15,1,STREETLIGHT_ELECTRICAL,grievance,1
2026-06-15,2,CRIME_VIOLENT,police,1
2026-06-15,2,ENCROACHMENT,grievance,1
2026-06-15,2,FLOOD_WATERLOGGING,grievance,1
2026-06-15,2,SOLID_WASTE,grievance,1
2026-06-15,3,DRAINAGE_SEWAGE,grievance,1
2026-06-15,3,FLOOD_WATERLOGGING,grievance,1
2026-06-15,3,FLOOD_WATERLOGGING,pwd,2
2026-06-15,3,HEALTH_SERVICES,grievance,2
2026-06-15,3,ROAD_DAMAGE,grievance,1
2026-06-15,3,SOLID_WASTE,grievance,2
2026-06-15,3,STREETLIGHT_ELECTRICAL,grievance,2
2026-06-15,3,STREETLIGHT_ELECTRICAL,police,1
2026-06-15,4,CRIME_VIOLENT,police,1
2026-06-15,4,DRAINAGE_SEWAGE,grievance,1
2026-06-15,4,DRAIN_WORKS_SAFETY,grievance,1
2026-06-15,4,OTHER,grievance,1
2026-06-15,4,ROAD_ACCIDENT,police,2
2026-06-15,4,SOLID_WASTE,grievance,5
2026-06-15,4,STREETLIGHT_ELECTRICAL,grievance,2
2026-06-15,4,TRAFFIC_OBSTRUCTION,grievance,1
2026-06-15,4,TRAFFIC_OBSTRUCTION,police,1
2026-06-15,4,VECTOR_DISEASE,grievance,1
2026-06-15,5,CIVIC_FACILITIES,grievance,2
2026-06-15,5,CRIME_VIOLENT,police,2
2026-06-15,5,DRAINAGE_SEWAGE,grievance,1
2026-06-15,5,DRUGS_LIQUOR,police,1
2026-06-15,5,ENCROACHMENT,grievance,1
2026-06-15,5,FLOOD_WATERLOGGING,grievance,1
2026-06-15,5,PUBLIC_ORDER,police,6
2026-06-15,5,ROAD_ACCIDENT,police,3
2026-06-15,5,SANITATION_TOILETS,grievance,1
2026-06-15,5,SOLID_WASTE,grievance,4
2026-06-15,5,TREES_PARKS,grievance,1
2026-06-15,6,CRIME_VIOLENT,police,1
2026-06-15,6,DARK_SPOT_SAFETY,grievance,3
2026-06-15,6,PUBLIC_WORKS,grievance,1
2026-06-15,6,ROAD_ACCIDENT,police,3
2026-06-15,6,SANITATION_TOILETS,grievance,2
2026-06-15,6,SOLID_WASTE,grievance,1
2026-06-15,6,STREETLIGHT_ELECTRICAL,grievance,2
2026-06-15,7,BUILDING_SAFETY,pwd,1
2026-06-15,7,CRIME_PROPERTY,police,1
2026-06-15,7,FOOD_SAFETY,grievance,1
2026-06-15,7,POLICE_OTHER,police,1
2026-06-15,7,PUBLIC_ORDER,police,1
2026-06-15,7,ROAD_ACCIDENT,police,1
2026-06-15,7,ROAD_DAMAGE,grievance,1
2026-06-15,7,SOLID_WASTE,grievance,4
2026-06-15,7,STREETLIGHT_ELECTRICAL,grievance,3
2026-06-15,7,TRAFFIC_OBSTRUCTION,police,1
2026-06-15,8,ADMIN_SERVICES,grievance,1
2026-06-15,8,AIR_POLLUTION,grievance,1
2026-06-15,8,CRIME_PROPERTY,police,4
2026-06-15,8,CRIME_VIOLENT,police,1
2026-06-15,8,DRAINAGE_SEWAGE,pwd,2
2026-06-15,8,FOOD_SAFETY,grievance,2
2026-06-15,8,OTHER,grievance,1
2026-06-15,8,PUBLIC_ORDER,police,1
2026-06-15,8,SOLID_WASTE,grievance,1
2026-06-15,8,TRAFFIC_OBSTRUCTION,police,4
2026-06-15,9,ADMIN_SERVICES,grievance,1
2026-06-15,9,CRIME_VIOLENT,police,2
2026-06-15,9,DARK_SPOT_SAFETY,grievance,1
2026-06-15,9,DRAINAGE_SEWAGE,grievance,1
2026-06-15,9,DRAIN_WORKS_SAFETY,grievance,1
2026-06-15,9,ENCROACHMENT,pwd,2
2026-06-15,9,FLOOD_WATERLOGGING,grievance,1
2026-06-15,9,FOOD_SAFETY,grievance,1
2026-06-15,9,MISSING_PERSON,police,1
2026-06-15,9,ROAD_ACCIDENT,police,1
2026-06-15,9,SANITATION_TOILETS,grievance,1
2026-06-15,9,SOLID_WASTE,grievance,3
2026-06-15,10,ADMIN_SERVICES,grievance,2
2026-06-15,10,CRIME_PROPERTY,police,3
2026-06-15,10,CRIME_VIOLENT,police,1
2026-06-15,10,DARK_SPOT_SAFETY,grievance,1
2026-06-15,10,FLOOD_RELIEF,grievance,1
2026-06-15,10,FLOOD_WATERLOGGING,grievance,3
2026-06-15,10,ROAD_ACCIDENT,police,2
2026-06-15,10,STRAY_ANIMALS,grievance,1
2026-06-15,11,CRIME_PROPERTY,police,1
2026-06-15,11,CRIME_VIOLENT,police,2
2026-06-15,11,DRAINAGE_SEWAGE,pwd,2
2026-06-15,11,FOOD_SAFETY,grievance,1
2026-06-15,11,OTHER,grievance,1
2026-06-15,11,ROAD_DAMAGE,grievance,1
2026-06-15,11,SOLID_WASTE,grievance,1
2026-06-15,11,STREETLIGHT_ELECTRICAL,grievance,1
2026-06-15,11,TRAFFIC_OBSTRUCTION,police,1
2026-06-15,12,CRIME_PROPERTY,police,2
2026-06-15,12,FLOOD_WATERLOGGING,pwd,1
2026-06-15,12,SANITATION_TOILETS,grievance,1
2026-06-15,12,STREETLIGHT_ELECTRICAL,grievance,1
2026-06-15,12,TREES_PARKS,grievance,1
2026-06-15,13,CRIME_PROPERTY,police,2
2026-06-15,13,CRIME_VIOLENT,police,1
2026-06-15,13,DRAINAGE_SEWAGE,grievance,1
2026-06-15,13,DRUGS_LIQUOR,police,1
2026-06-15,13,ENCROACHMENT,grievance,1
2026-06-15,13,PUBLIC_ORDER,police,1
2026-06-15,13,ROAD_DAMAGE,pwd,3
2026-06-15,13,SANITATION_TOILETS,grievance,1
2026-06-15,13,SOLID_WASTE,grievance,3
2026-06-15,13,STREETLIGHT_ELECTRICAL,grievance,1
2026-06-15,14,CRIME_PROPERTY,police,1
2026-06-15,14,FLOOD_RELIEF,grievance,1
2026-06-15,14,FLOOD_WATERLOGGING,grievance,2
2026-06-15,14,PUBLIC_WORKS,grievance,1
2026-06-15,14,ROAD_ACCIDENT,police,2
2026-06-15,14,ROAD_DAMAGE,grievance,2
2026-06-15,14,SOLID_WASTE,grievance,1
2026-06-15,14,STREETLIGHT_ELECTRICAL,grievance,1
2026-06-15,15,CRIME_PROPERTY,police,1
2026-06-15,15,ROAD_ACCIDENT,police,1
2026-06-15,15,ROAD_DAMAGE,grievance,1
2026-06-16,1,CRIME_VIOLENT,police,1
2026-06-16,1,DRAINAGE_SEWAGE,grievance,1
2026-06-16,1,DRAIN_WORKS_SAFETY,grievance,1
2026-06-16,1,FLOOD_RELIEF,grievance,1
2026-06-16,1,HEALTH_SERVICES,grievance,1
2026-06-16,1,SANITATION_TOILETS,grievance,1
2026-06-16,1,SOLID_WASTE,grievance,2
2026-06-16,1,STREETLIGHT_ELECTRICAL,grievance,1
2026-06-16,2,CRIME_VIOLENT,police,1
2026-06-16,2,HEALTH_SERVICES,grievance,1
2026-06-16,2,SOLID_WASTE,grievance,1
2026-06-16,2,STREETLIGHT_ELECTRICAL,grievance,1
2026-06-16,3,CRIME_PROPERTY,police,1
2026-06-16,3,DRAIN_WORKS_SAFETY,grievance,1
2026-06-16,3,DRUGS_LIQUOR,police,1
2026-06-16,3,OTHER,grievance,1
2026-06-16,3,ROAD_ACCIDENT,police,1
2026-06-16,4,CRIME_VIOLENT,police,1
2026-06-16,4,ROAD_ACCIDENT,police,1
2026-06-16,4,SOLID_WASTE,grievance,2
2026-06-16,5,CIVIC_FACILITIES,grievance,1
2026-06-16,5,CRIME_PROPERTY,police,1
2026-06-16,5,CRIME_VIOLENT,police,6
2026-06-16,5,DRUGS_LIQUOR,police,1
2026-06-16,5,FLOOD_WATERLOGGING,grievance,1
2026-06-16,5,POLICE_OTHER,police,1
2026-06-16,5,PUBLIC_ORDER,police,3
2026-06-16,5,ROAD_ACCIDENT,police,3
2026-06-16,5,SOLID_WASTE,grievance,4
2026-06-16,5,STRAY_ANIMALS,grievance,1
2026-06-16,5,STREETLIGHT_ELECTRICAL,grievance,1
2026-06-16,5,TRAFFIC_OBSTRUCTION,grievance,1
2026-06-16,5,TRAFFIC_OBSTRUCTION,police,1
2026-06-16,6,AIR_POLLUTION,grievance,1
2026-06-16,6,BUILDING_SAFETY,pwd,1
2026-06-16,6,DRAIN_WORKS_SAFETY,grievance,1
2026-06-16,6,DRUGS_LIQUOR,police,4
2026-06-16,6,FLOOD_WATERLOGGING,pwd,1
2026-06-16,6,MISSING_PERSON,police,1
2026-06-16,6,OTHER,grievance,1
2026-06-16,6,PUBLIC_WORKS,grievance,1
2026-06-16,6,ROAD_ACCIDENT,police,3
2026-06-16,6,ROAD_DAMAGE,grievance,1
2026-06-16,6,SOLID_WASTE,grievance,3
2026-06-16,6,STRAY_ANIMALS,grievance,1
2026-06-16,7,FOOD_SAFETY,grievance,1
2026-06-16,7,SOLID_WASTE,grievance,1
2026-06-16,7,STRAY_ANIMALS,grievance,1
2026-06-16,7,TRAFFIC_OBSTRUCTION,police,1
2026-06-16,8,CRIME_PROPERTY,police,4
2026-06-16,8,DRAINAGE_SEWAGE,grievance,2
2026-06-16,8,FOOD_SAFETY,grievance,1
2026-06-16,8,SOLID_WASTE,grievance,1
2026-06-16,8,STREETLIGHT_ELECTRICAL,grievance,2
2026-06-16,8,TREES_PARKS,grievance,1
2026-06-16,9,BUILDING_SAFETY,pwd,2
2026-06-16,9,CRIME_VIOLENT,police,1
2026-06-16,9,DRAINAGE_SEWAGE,grievance,1
2026-06-16,9,DRUGS_LIQUOR,police,1
2026-06-16,9,PUBLIC_ORDER,police,1
2026-06-16,9,ROAD_ACCIDENT,police,1
2026-06-16,9,ROAD_DAMAGE,grievance,2
2026-06-16,9,SANITATION_TOILETS,grievance,1
2026-06-16,9,SOLID_WASTE,grievance,1
2026-06-16,9,TREES_PARKS,grievance,1
2026-06-16,9,VECTOR_DISEASE,grievance,1
2026-06-16,10,CRIME_PROPERTY,police,1
2026-06-16,10,CRIME_VIOLENT,police,2
2026-06-16,10,HEALTH_SERVICES,grievance,1
2026-06-16,10,PUBLIC_ORDER,police,1
2026-06-16,10,ROAD_ACCIDENT,police,5
2026-06-16,10,SOLID_WASTE,grievance,3
2026-06-16,11,ADMIN_SERVICES,grievance,1
2026-06-16,11,CRIME_VIOLENT,police,2
2026-06-16,11,ROAD_ACCIDENT,police,2
2026-06-16,11,SANITATION_TOILETS,grievance,1
2026-06-16,11,SOLID_WASTE,grievance,1
2026-06-16,12,CRIME_PROPERTY,police,2
2026-06-16,12,DARK_SPOT_SAFETY,grievance,1
2026-06-16,12,HEALTH_SERVICES,grievance,1
2026-06-16,12,SOLID_WASTE,grievance,1
2026-06-16,12,TREES_PARKS,grievance,1
2026-06-16,13,BUILDING_SAFETY,pwd,1
2026-06-16,13,DRAINAGE_SEWAGE,grievance,2
2026-06-16,13,ENCROACHMENT,pwd,1
2026-06-16,13,ROAD_ACCIDENT,police,4
2026-06-16,13,SOLID_WASTE,grievance,4
2026-06-16,14,DARK_SPOT_SAFETY,grievance,1
2026-06-16,14,ENCROACHMENT,grievance,1
2026-06-16,14,MISSING_PERSON,police,2
2026-06-16,14,SOLID_WASTE,grievance,2
2026-06-16,14,STREETLIGHT_ELECTRICAL,grievance,2
2026-06-16,15,ADMIN_SERVICES,grievance,1
2026-06-16,15,CRIME_PROPERTY,police,6
2026-06-16,15,DARK_SPOT_SAFETY,grievance,1
2026-06-16,15,PUBLIC_ORDER,police,2
2026-06-16,15,ROAD_ACCIDENT,police,1
2026-06-16,15,TRAFFIC_OBSTRUCTION,police,1
2026-06-16,15,VECTOR_DISEASE,grievance,1
2026-06-17,1,CRIME_PROPERTY,police,1
2026-06-17,1,DRAINAGE_SEWAGE,pwd,1
2026-06-17,1,ENCROACHMENT,grievance,1
2026-06-17,1,OTHER,grievance,1
2026-06-17,1,PUBLIC_ORDER,police,1
2026-06-17,1,ROAD_DAMAGE,grievance,2
2026-06-17,1,ROAD_DAMAGE,pwd,1
2026-06-17,1,SOLID_WASTE,grievance,2
2026-06-17,1,STRAY_ANIMALS,grievance,1
2026-06-17,1,TRAFFIC_OBSTRUCTION,police,1
2026-06-17,2,CRIME_VIOLENT,police,1
2026-06-17,2,DRAINAGE_SEWAGE,grievance,1
2026-06-17,2,STREETLIGHT_ELECTRICAL,grievance,1
2026-06-17,3,CIVIC_FACILITIES,grievance,2
2026-06-17,3,CRIME_PROPERTY,police,1
2026-06-17,3,ENCROACHMENT,pwd,1
2026-06-17,3,FLOOD_WATERLOGGING,grievance,1
2026-06-17,3,ROAD_ACCIDENT,police,1
2026-06-17,3,ROAD_DAMAGE,grievance,1
2026-06-17,3,SOLID_WASTE,grievance,1
2026-06-17,3,STRAY_ANIMALS,grievance,1
2026-06-17,3,STREETLIGHT_ELECTRICAL,grievance,1
2026-06-17,3,TRAFFIC_OBSTRUCTION,police,2
2026-06-17,4,CRIME_PROPERTY,police,2
2026-06-17,4,DRAINAGE_SEWAGE,grievance,1
2026-06-17,4,DRAIN_WORKS_SAFETY,grievance,1
2026-06-17,4,OTHER,grievance,1
2026-06-17,4,ROAD_ACCIDENT,police,2
2026-06-17,4,SOLID_WASTE,grievance,3
2026-06-17,4,STREETLIGHT_ELECTRICAL,grievance,2
2026-06-17,4,TREES_PARKS,grievance,1
2026-06-17,5,ADMIN_SERVICES,grievance,2
2026-06-17,5,CRIME_PROPERTY,police,1
2026-06-17,5,DARK_SPOT_SAFETY,grievance,1
2026-06-17,5,DRUGS_LIQUOR,police,2
2026-06-17,5,FLOOD_WATERLOGGING,grievance,1
2026-06-17,5,MISSING_PERSON,police,1
2026-06-17,5,PUBLIC_ORDER,police,1
2026-06-17,5,PUBLIC_WORKS,grievance,1
2026-06-17,5,ROAD_ACCIDENT,police,1
2026-06-17,5,ROAD_DAMAGE,grievance,1
2026-06-17,5,SOLID_WASTE,grievance,2
2026-06-17,6,ADMIN_SERVICES,grievance,1
2026-06-17,6,CIVIC_FACILITIES,grievance,1
2026-06-17,6,CRIME_PROPERTY,police,2
2026-06-17,6,HEALTH_SERVICES,grievance,1
2026-06-17,6,OTHER,grievance,1
2026-06-17,6,PUBLIC_WORKS,grievance,2
2026-06-17,6,ROAD_DAMAGE,grievance,2
2026-06-17,6,SOLID_WASTE,grievance,3
2026-06-17,6,TRAFFIC_OBSTRUCTION,police,1
2026-06-17,7,BUILDING_SAFETY,pwd,1
2026-06-17,7,CRIME_VIOLENT,police,1
2026-06-17,7,ENCROACHMENT,grievance,1
2026-06-17,7,PUBLIC_ORDER,police,1
2026-06-17,7,ROAD_ACCIDENT,police,1
2026-06-17,7,SOLID_WASTE,grievance,1
2026-06-17,7,STREETLIGHT_ELECTRICAL,grievance,2
2026-06-17,7,VECTOR_DISEASE,grievance,1
2026-06-17,8,CRIME_PROPERTY,police,1
2026-06-17,8,CRIME_VIOLENT,police,2
2026-06-17,8,FLOOD_WATERLOGGING,grievance,1
2026-06-17,8,MISSING_PERSON,police,1
2026-06-17,8,OTHER,grievance,1
2026-06-17,8,ROAD_DAMAGE,grievance,4
2026-06-17,8,ROAD_DAMAGE,pwd,1
2026-06-17,8,SOLID_WASTE,grievance,3
2026-06-17,8,STREETLIGHT_ELECTRICAL,grievance,1
2026-06-17,8,TRAFFIC_OBSTRUCTION,police,1
2026-06-17,8,VECTOR_DISEASE,grievance,1
2026-06-17,9,DRAINAGE_SEWAGE,grievance,2
2026-06-17,9,ENCROACHMENT,grievance,1
2026-06-17,9,FLOOD_WATERLOGGING,grievance,1
2026-06-17,9,SOLID_WASTE,grievance,3
2026-06-17,9,STRAY_ANIMALS,grievance,1
2026-06-17,9,STREETLIGHT_ELECTRICAL,grievance,1
2026-06-17,9,VECTOR_DISEASE,grievance,1
2026-06-17,10,ADMIN_SERVICES,grievance,1
2026-06-17,10,CRIME_PROPERTY,police,1
2026-06-17,10,DRAINAGE_SEWAGE,pwd,3
2026-06-17,10,HEALTH_SERVICES,grievance,1
2026-06-17,10,ROAD_DAMAGE,grievance,2
2026-06-17,10,SANITATION_TOILETS,grievance,2
2026-06-17,10,SOLID_WASTE,grievance,1
2026-06-17,10,STRAY_ANIMALS,grievance,1
2026-06-17,10,STREETLIGHT_ELECTRICAL,grievance,1
2026-06-17,10,VECTOR_DISEASE,grievance,1
2026-06-17,11,CRIME_VIOLENT,police,2
2026-06-17,11,ENCROACHMENT,pwd,1
2026-06-17,11,HEALTH_SERVICES,grievance,1
2026-06-17,11,ROAD_ACCIDENT,police,1
2026-06-17,11,SOLID_WASTE,grievance,1
2026-06-17,11,STRAY_ANIMALS,grievance,1
2026-06-17,12,ADMIN_SERVICES,grievance,1
2026-06-17,12,DARK_SPOT_SAFETY,grievance,1
2026-06-17,12,DRAINAGE_SEWAGE,grievance,1
2026-06-17,12,POLICE_OTHER,police,2
2026-06-17,12,PUBLIC_ORDER,police,1
2026-06-17,12,SOLID_WASTE,grievance,3
2026-06-17,12,STRAY_ANIMALS,grievance,1
2026-06-17,12,TRAFFIC_OBSTRUCTION,police,1
2026-06-17,13,CRIME_PROPERTY,police,1
2026-06-17,13,CRIME_VIOLENT,police,1
2026-06-17,13,DRAINAGE_SEWAGE,grievance,1
2026-06-17,13,DRAIN_WORKS_SAFETY,grievance,1
2026-06-17,13,ROAD_ACCIDENT,police,2
2026-06-17,13,ROAD_DAMAGE,grievance,1
2026-06-17,13,STREETLIGHT_ELECTRICAL,grievance,1
2026-06-17,13,TRAFFIC_OBSTRUCTION,police,1
2026-06-17,14,DRAIN_WORKS_SAFETY,grievance,1
2026-06-17,14,SOLID_WASTE,grievance,1
2026-06-17,14,TREES_PARKS,grievance,1
2026-06-17,15,BUILDING_SAFETY,pwd,1
2026-06-17,15,CRIME_PROPERTY,police,2
2026-06-17,15,CRIME_VIOLENT,police,1
2026-06-17,15,DRAINAGE_SEWAGE,pwd,2
2026-06-17,15,FLOOD_WATERLOGGING,grievance,1
2026-06-17,15,PUBLIC_ORDER,police,3
2026-06-17,15,ROAD_ACCIDENT,police,2
2026-06-17,15,ROAD_DAMAGE,grievance,2
2026-06-17,15,TRAFFIC_OBSTRUCTION,police,1
2026-06-17,,CRIME_VIOLENT,police,1
2026-06-18,1,ADMIN_SERVICES,grievance,1
2026-06-18,1,CRIME_PROPERTY,police,1
2026-06-18,1,ENCROACHMENT,pwd,1
2026-06-18,1,ROAD_ACCIDENT,police,2
2026-06-18,1,ROAD_DAMAGE,pwd,1
2026-06-18,1,TRAFFIC_OBSTRUCTION,police,1
2026-06-18,2,ROAD_ACCIDENT,police,1
2026-06-18,2,STRAY_ANIMALS,grievance,1
2026-06-18,3,DRAIN_WORKS_SAFETY,grievance,1
2026-06-18,3,ROAD_ACCIDENT,police,1
2026-06-18,3,STRAY_ANIMALS,grievance,1
2026-06-18,4,CRIME_PROPERTY,police,1
2026-06-18,4,CRIME_VIOLENT,police,1
2026-06-18,4,DARK_SPOT_SAFETY,grievance,1
2026-06-18,4,DRAIN_WORKS_SAFETY,grievance,1
2026-06-18,4,OTHER,grievance,1
2026-06-18,4,SANITATION_TOILETS,grievance,2
2026-06-18,4,SOLID_WASTE,grievance,2
2026-06-18,5,ADMIN_SERVICES,grievance,2
2026-06-18,5,CIVIC_FACILITIES,grievance,1
2026-06-18,5,CRIME_VIOLENT,police,2
2026-06-18,5,DRAINAGE_SEWAGE,grievance,1
2026-06-18,5,FLOOD_WATERLOGGING,grievance,1
2026-06-18,5,PUBLIC_ORDER,police,1
2026-06-18,5,ROAD_ACCIDENT,police,1
2026-06-18,5,ROAD_DAMAGE,grievance,1
2026-06-18,5,SOLID_WASTE,grievance,1
2026-06-18,5,STREETLIGHT_ELECTRICAL,grievance,2
2026-06-18,5,TRAFFIC_OBSTRUCTION,grievance,1
2026-06-18,5,VECTOR_DISEASE,grievance,1
2026-06-18,5,VECTOR_DISEASE,hospital,1
2026-06-18,6,CIVIC_FACILITIES,grievance,1
2026-06-18,6,FOOD_SAFETY,grievance,1
2026-06-18,6,ROAD_DAMAGE,grievance,2
2026-06-18,6,SOLID_WASTE,grievance,1
2026-06-18,6,STREETLIGHT_ELECTRICAL,grievance,2
2026-06-18,7,CRIME_VIOLENT,police,1
2026-06-18,7,DARK_SPOT_SAFETY,grievance,1
2026-06-18,7,DRAIN_WORKS_SAFETY,grievance,2
2026-06-18,7,HEALTH_SERVICES,grievance,1
2026-06-18,7,PUBLIC_ORDER,police,2
2026-06-18,7,SOLID_WASTE,grievance,2
2026-06-18,7,STREETLIGHT_ELECTRICAL,grievance,2
2026-06-18,8,CRIME_PROPERTY,police,2
2026-06-18,8,DRAINAGE_SEWAGE,pwd,1
2026-06-18,8,DRUGS_LIQUOR,police,3
2026-06-18,8,ENCROACHMENT,grievance,1
2026-06-18,8,HEALTH_SERVICES,hospital,1
2026-06-18,8,OTHER,grievance,1
2026-06-18,8,PUBLIC_ORDER,police,1
2026-06-18,8,ROAD_DAMAGE,grievance,1
2026-06-18,8,SOLID_WASTE,grievance,2
2026-06-18,8,STRAY_ANIMALS,grievance,1
2026-06-18,8,STREETLIGHT_ELECTRICAL,grievance,2
2026-06-18,8,TRAFFIC_OBSTRUCTION,police,2
2026-06-18,9,ADMIN_SERVICES,grievance,1
2026-06-18,9,AIR_POLLUTION,grievance,1
2026-06-18,9,CRIME_VIOLENT,police,1
2026-06-18,9,ROAD_ACCIDENT,police,3
2026-06-18,9,SANITATION_TOILETS,grievance,3
2026-06-18,9,SOLID_WASTE,grievance,4
2026-06-18,9,STREETLIGHT_ELECTRICAL,grievance,2
2026-06-18,9,VECTOR_DISEASE,grievance,1
2026-06-18,10,ADMIN_SERVICES,grievance,1
2026-06-18,10,BUILDING_SAFETY,pwd,4
2026-06-18,10,CRIME_PROPERTY,police,3
2026-06-18,10,DRAINAGE_SEWAGE,grievance,1
2026-06-18,10,FLOOD_WATERLOGGING,grievance,1
2026-06-18,10,MISSING_PERSON,police,2
2026-06-18,10,PUBLIC_ORDER,police,2
2026-06-18,10,ROAD_ACCIDENT,police,1
2026-06-18,10,ROAD_DAMAGE,grievance,1
2026-06-18,10,SANITATION_TOILETS,grievance,1
2026-06-18,10,SOLID_WASTE,grievance,5
2026-06-18,10,STREETLIGHT_ELECTRICAL,grievance,1
2026-06-18,11,DRUGS_LIQUOR,police,1
2026-06-18,11,MISSING_PERSON,police,1
2026-06-18,11,ROAD_DAMAGE,grievance,1
2026-06-18,11,SOLID_WASTE,grievance,2
2026-06-18,11,STREETLIGHT_ELECTRICAL,grievance,3
2026-06-18,12,CRIME_PROPERTY,police,1
2026-06-18,12,CRIME_VIOLENT,police,3
2026-06-18,12,FLOOD_WATERLOGGING,grievance,1
2026-06-18,12,FOOD_SAFETY,grievance,1
2026-06-18,12,ROAD_ACCIDENT,police,1
2026-06-18,12,ROAD_DAMAGE,grievance,2
2026-06-18,12,SANITATION_TOILETS,grievance,1
2026-06-18,12,SOLID_WASTE,grievance,1
2026-06-18,12,STREETLIGHT_ELECTRICAL,grievance,2
2026-06-18,12,TRAFFIC_OBSTRUCTION,grievance,1
2026-06-18,13,DRAINAGE_SEWAGE,pwd,1
2026-06-18,13,HEALTH_SERVICES,grievance,1
2026-06-18,13,PUBLIC_WORKS,grievance,1
2026-06-18,13,ROAD_ACCIDENT,police,2
2026-06-18,13,SOLID_WASTE,grievance,3
2026-06-18,13,TRAFFIC_OBSTRUCTION,police,1
2026-06-18,14,PUBLIC_WORKS,grievance,2
2026-06-18,14,ROAD_DAMAGE,grievance,1
2026-06-18,14,SOLID_WASTE,grievance,3
2026-06-18,14,TRAFFIC_OBSTRUCTION,grievance,1
2026-06-18,15,TRAFFIC_OBSTRUCTION,police,1
2026-06-18,15,VECTOR_DISEASE,grievance,1
2026-06-18,,ROAD_ACCIDENT,police,1
2026-06-19,1,CRIME_PROPERTY,police,1
2026-06-19,1,DRAINAGE_SEWAGE,pwd,1
2026-06-19,1,ROAD_DAMAGE,grievance,2
2026-06-19,1,SOLID_WASTE,grievance,1
2026-06-19,1,STRAY_ANIMALS,grievance,1
2026-06-19,1,TRAFFIC_OBSTRUCTION,police,3
2026-06-19,2,CRIME_PROPERTY,police,3
2026-06-19,2,DARK_SPOT_SAFETY,grievance,1
2026-06-19,2,PUBLIC_WORKS,grievance,1
2026-06-19,3,CRIME_PROPERTY,police,3
2026-06-19,3,CRIME_VIOLENT,police,1
2026-06-19,3,DRAINAGE_SEWAGE,grievance,1
2026-06-19,3,DRAIN_WORKS_SAFETY,grievance,1
2026-06-19,3,ROAD_DAMAGE,grievance,1
2026-06-19,3,SOLID_WASTE,grievance,2
2026-06-19,3,VECTOR_DISEASE,grievance,1
2026-06-19,4,ADMIN_SERVICES,grievance,1
2026-06-19,4,DARK_SPOT_SAFETY,grievance,1
2026-06-19,4,ROAD_DAMAGE,grievance,1
2026-06-19,4,SANITATION_TOILETS,grievance,3
2026-06-19,4,SOLID_WASTE,grievance,4
2026-06-19,4,STREETLIGHT_ELECTRICAL,grievance,2
2026-06-19,5,ADMIN_SERVICES,grievance,1
2026-06-19,5,AIR_POLLUTION,grievance,1
2026-06-19,5,CRIME_PROPERTY,police,2
2026-06-19,5,CRIME_VIOLENT,police,2
2026-06-19,5,DRAIN_WORKS_SAFETY,grievance,1
2026-06-19,5,FLOOD_WATERLOGGING,grievance,1
2026-06-19,5,PUBLIC_ORDER,police,2
2026-06-19,5,ROAD_ACCIDENT,police,4
2026-06-19,5,SOLID_WASTE,grievance,3
2026-06-19,5,STREETLIGHT_ELECTRICAL,grievance,4
2026-06-19,6,ADMIN_SERVICES,grievance,1
2026-06-19,6,CRIME_PROPERTY,police,2
2026-06-19,6,DRAINAGE_SEWAGE,grievance,1
2026-06-19,6,ENCROACHMENT,grievance,2
2026-06-19,6,FOOD_SAFETY,grievance,1
2026-06-19,6,HEALTH_SERVICES,grievance,1
2026-06-19,6,PUBLIC_WORKS,grievance,2
2026-06-19,6,ROAD_ACCIDENT,police,1
2026-06-19,6,SOLID_WASTE,grievance,3
2026-06-19,6,STREETLIGHT_ELECTRICAL,grievance,2
2026-06-19,7,CRIME_PROPERTY,police,5
2026-06-19,7,DARK_SPOT_SAFETY,grievance,1
2026-06-19,7,PUBLIC_ORDER,police,2
2026-06-19,7,SOLID_WASTE,grievance,1
2026-06-19,7,STREETLIGHT_ELECTRICAL,grievance,2
2026-06-19,7,VECTOR_DISEASE,grievance,1
2026-06-19,8,CRIME_PROPERTY,police,6
2026-06-19,8,CRIME_VIOLENT,police,1
2026-06-19,8,DRAINAGE_SEWAGE,grievance,1
2026-06-19,8,DRUGS_LIQUOR,police,1
2026-06-19,8,HEALTH_SERVICES,grievance,1
2026-06-19,8,ROAD_ACCIDENT,police,2
2026-06-19,8,ROAD_DAMAGE,grievance,2
2026-06-19,8,SOLID_WASTE,grievance,3
2026-06-19,8,STREETLIGHT_ELECTRICAL,grievance,2
2026-06-19,9,CRIME_PROPERTY,police,3
2026-06-19,9,DARK_SPOT_SAFETY,grievance,1
2026-06-19,9,DRAINAGE_SEWAGE,grievance,1
2026-06-19,9,DRUGS_LIQUOR,police,1
2026-06-19,9,ENCROACHMENT,grievance,2
2026-06-19,9,FLOOD_WATERLOGGING,grievance,1
2026-06-19,9,SANITATION_TOILETS,grievance,1
2026-06-19,9,STRAY_ANIMALS,grievance,2
2026-06-19,9,VECTOR_DISEASE,grievance,1
2026-06-19,10,AIR_POLLUTION,grievance,1
2026-06-19,10,CRIME_PROPERTY,police,1
2026-06-19,10,MISSING_PERSON,police,1
2026-06-19,10,PUBLIC_ORDER,police,4
2026-06-19,10,ROAD_ACCIDENT,police,1
2026-06-19,10,ROAD_DAMAGE,grievance,1
2026-06-19,10,STREETLIGHT_ELECTRICAL,grievance,1
2026-06-19,11,CRIME_PROPERTY,police,2
2026-06-19,11,ENCROACHMENT,pwd,2
2026-06-19,11,SANITATION_TOILETS,grievance,1
2026-06-19,11,SOLID_WASTE,grievance,1
2026-06-19,12,CRIME_VIOLENT,police,1
2026-06-19,12,DARK_SPOT_SAFETY,grievance,1
2026-06-19,12,ENCROACHMENT,pwd,1
2026-06-19,12,FLOOD_WATERLOGGING,grievance,1
2026-06-19,12,SANITATION_TOILETS,grievance,1
2026-06-19,12,SOLID_WASTE,grievance,1
2026-06-19,12,STREETLIGHT_ELECTRICAL,grievance,1
2026-06-19,12,TRAFFIC_OBSTRUCTION,police,4
2026-06-19,13,CRIME_PROPERTY,police,1
2026-06-19,13,CRIME_VIOLENT,police,3
2026-06-19,13,DRAINAGE_SEWAGE,grievance,2
2026-06-19,13,DRAIN_WORKS_SAFETY,grievance,1
2026-06-19,13,MISSING_PERSON,police,2
2026-06-19,13,PUBLIC_ORDER,police,1
2026-06-19,13,ROAD_ACCIDENT,police,2
2026-06-19,13,ROAD_DAMAGE,grievance,1
2026-06-19,13,SANITATION_TOILETS,grievance,2
2026-06-19,13,SOLID_WASTE,grievance,2
2026-06-19,13,TRAFFIC_OBSTRUCTION,police,1
2026-06-19,14,CRIME_PROPERTY,police,2
2026-06-19,14,DRAINAGE_SEWAGE,grievance,1
2026-06-19,14,OTHER,grievance,1
2026-06-19,14,SANITATION_TOILETS,grievance,1
2026-06-19,14,STREETLIGHT_ELECTRICAL,grievance,3
2026-06-19,15,CRIME_PROPERTY,police,2
2026-06-19,15,DRUGS_LIQUOR,police,1
2026-06-19,15,ENCROACHMENT,grievance,1
2026-06-19,15,MISSING_PERSON,police,1
2026-06-19,15,ROAD_ACCIDENT,police,1
2026-06-19,15,VECTOR_DISEASE,grievance,1
2026-06-20,1,CRIME_PROPERTY,police,2
2026-06-20,1,DARK_SPOT_SAFETY,grievance,1
2026-06-20,1,STREETLIGHT_ELECTRICAL,grievance,1
2026-06-20,1,TRAFFIC_OBSTRUCTION,grievance,1
2026-06-20,1,TRAFFIC_OBSTRUCTION,police,1
2026-06-20,2,SOLID_WASTE,grievance,1
2026-06-20,3,CRIME_PROPERTY,police,1
2026-06-20,3,ENCROACHMENT,grievance,1
2026-06-20,3,ENCROACHMENT,pwd,1
2026-06-20,3,FOOD_SAFETY,grievance,2
2026-06-20,3,ROAD_ACCIDENT,police,1
2026-06-20,3,SANITATION_TOILETS,grievance,3
2026-06-20,3,SOLID_WASTE,grievance,2
2026-06-20,3,STREETLIGHT_ELECTRICAL,grievance,1
2026-06-20,4,AIR_POLLUTION,grievance,1
2026-06-20,4,CIVIC_FACILITIES,grievance,1
2026-06-20,4,CRIME_PROPERTY,police,4
2026-06-20,4,CRIME_VIOLENT,police,1
2026-06-20,4,DRAINAGE_SEWAGE,grievance,2
2026-06-20,4,DRAINAGE_SEWAGE,pwd,2
2026-06-20,4,ENCROACHMENT,pwd,1
2026-06-20,4,POLICE_OTHER,police,1
2026-06-20,4,PUBLIC_ORDER,police,1
2026-06-20,4,ROAD_ACCIDENT,police,1
2026-06-20,4,SOLID_WASTE,grievance,1
2026-06-20,4,STREETLIGHT_ELECTRICAL,grievance,3
2026-06-20,5,CRIME_PROPERTY,police,2
2026-06-20,5,CRIME_VIOLENT,police,1
2026-06-20,5,DRAIN_WORKS_SAFETY,grievance,1
2026-06-20,5,FLOOD_WATERLOGGING,grievance,1
2026-06-20,5,MISSING_PERSON,police,1
2026-06-20,5,PUBLIC_ORDER,police,3
2026-06-20,5,ROAD_ACCIDENT,police,1
2026-06-20,5,ROAD_DAMAGE,grievance,1
2026-06-20,5,SANITATION_TOILETS,grievance,1
2026-06-20,5,SOLID_WASTE,grievance,2
2026-06-20,5,STREETLIGHT_ELECTRICAL,grievance,2
2026-06-20,5,TRAFFIC_OBSTRUCTION,grievance,1
2026-06-20,5,TRAFFIC_OBSTRUCTION,police,1
2026-06-20,5,TREES_PARKS,grievance,1
2026-06-20,5,VECTOR_DISEASE,grievance,1
2026-06-20,6,CRIME_PROPERTY,police,5
2026-06-20,6,DRAIN_WORKS_SAFETY,grievance,1
2026-06-20,6,FLOOD_WATERLOGGING,grievance,1
2026-06-20,6,ROAD_DAMAGE,grievance,1
2026-06-20,6,SANITATION_TOILETS,grievance,2
2026-06-20,6,STRAY_ANIMALS,grievance,1
2026-06-20,7,ENCROACHMENT,grievance,1
2026-06-20,7,PUBLIC_ORDER,police,1
2026-06-20,7,ROAD_ACCIDENT,police,2
2026-06-20,7,SOLID_WASTE,grievance,3
2026-06-20,7,STRAY_ANIMALS,grievance,2
2026-06-20,7,STREETLIGHT_ELECTRICAL,grievance,2
2026-06-20,7,TREES_PARKS,grievance,1
2026-06-20,8,CRIME_PROPERTY,police,1
2026-06-20,8,CRIME_VIOLENT,police,1
2026-06-20,8,DRAINAGE_SEWAGE,grievance,2
2026-06-20,8,DRAIN_WORKS_SAFETY,grievance,1
2026-06-20,8,DRUGS_LIQUOR,police,1
2026-06-20,8,ENCROACHMENT,pwd,1
2026-06-20,8,PUBLIC_ORDER,police,2
2026-06-20,8,ROAD_ACCIDENT,police,2
2026-06-20,8,SOLID_WASTE,grievance,1
2026-06-20,8,STREETLIGHT_ELECTRICAL,grievance,1
2026-06-20,8,TREES_PARKS,grievance,1
2026-06-20,9,CIVIC_FACILITIES,grievance,1
2026-06-20,9,CRIME_PROPERTY,police,2
2026-06-20,9,PUBLIC_ORDER,police,4
2026-06-20,9,SANITATION_TOILETS,grievance,1
2026-06-20,9,SOLID_WASTE,grievance,4
2026-06-20,9,STREETLIGHT_ELECTRICAL,grievance,3
2026-06-20,10,CRIME_PROPERTY,police,1
2026-06-20,10,CRIME_VIOLENT,police,2
2026-06-20,10,MISSING_PERSON,police,3
2026-06-20,10,OTHER,grievance,2
2026-06-20,10,ROAD_ACCIDENT,police,2
2026-06-20,10,ROAD_DAMAGE,grievance,1
2026-06-20,10,SOLID_WASTE,grievance,2
2026-06-20,10,STRAY_ANIMALS,grievance,1
2026-06-20,11,CRIME_PROPERTY,police,3
2026-06-20,11,ENCROACHMENT,grievance,1
2026-06-20,11,MISSING_PERSON,police,2
2026-06-20,11,ROAD_DAMAGE,grievance,2
2026-06-20,11,SOLID_WASTE,grievance,1
2026-06-20,12,CIVIC_FACILITIES,grievance,1
2026-06-20,12,DRAINAGE_SEWAGE,grievance,2
2026-06-20,12,DRAIN_WORKS_SAFETY,grievance,1
2026-06-20,12,ENCROACHMENT,pwd,1
2026-06-20,12,PUBLIC_WORKS,grievance,1
2026-06-20,12,ROAD_ACCIDENT,police,2
2026-06-20,12,ROAD_DAMAGE,grievance,1
2026-06-20,12,SOLID_WASTE,grievance,1
2026-06-20,12,STREETLIGHT_ELECTRICAL,grievance,1
2026-06-20,12,TRAFFIC_OBSTRUCTION,police,1
2026-06-20,13,ADMIN_SERVICES,grievance,1
2026-06-20,13,CRIME_VIOLENT,police,2
2026-06-20,13,DRAINAGE_SEWAGE,grievance,1
2026-06-20,13,DRAINAGE_SEWAGE,pwd,1
2026-06-20,13,ENCROACHMENT,grievance,1
2026-06-20,13,ENCROACHMENT,pwd,1
2026-06-20,13,FLOOD_WATERLOGGING,pwd,1
2026-06-20,13,PUBLIC_ORDER,police,3
2026-06-20,13,STREETLIGHT_ELECTRICAL,grievance,2
2026-06-20,13,WATERBODY_INFRA,pwd,1
2026-06-20,14,CRIME_PROPERTY,police,2
2026-06-20,14,DRAINAGE_SEWAGE,grievance,1
2026-06-20,14,ROAD_ACCIDENT,police,1
2026-06-20,14,SOLID_WASTE,grievance,3
2026-06-20,14,STREETLIGHT_ELECTRICAL,grievance,4
2026-06-20,15,CRIME_PROPERTY,police,3
2026-06-20,15,DRUGS_LIQUOR,police,1
2026-06-20,15,MISSING_PERSON,police,4
2026-06-20,15,PUBLIC_WORKS,grievance,1
2026-06-20,15,ROAD_DAMAGE,pwd,1
2026-06-20,15,SOLID_WASTE,grievance,1
2026-06-21,1,CRIME_PROPERTY,police,3
2026-06-21,1,DRAINAGE_SEWAGE,pwd,1
2026-06-21,1,PUBLIC_ORDER,police,1
2026-06-21,1,PUBLIC_WORKS,grievance,2
2026-06-21,1,ROAD_ACCIDENT,police,2
2026-06-21,1,SOLID_WASTE,grievance,1
2026-06-21,1,STREETLIGHT_ELECTRICAL,grievance,5
2026-06-21,1,STREETLIGHT_ELECTRICAL,police,1
2026-06-21,1,TRAFFIC_OBSTRUCTION,grievance,1
2026-06-21,2,CRIME_PROPERTY,police,3
2026-06-21,2,SOLID_WASTE,grievance,2
2026-06-21,3,CRIME_PROPERTY,police,1
2026-06-21,3,DARK_SPOT_SAFETY,grievance,1
2026-06-21,3,DRUGS_LIQUOR,police,1
2026-06-21,3,ROAD_ACCIDENT,police,2
2026-06-21,3,SOLID_WASTE,grievance,2
2026-06-21,3,TRAFFIC_OBSTRUCTION,police,1
2026-06-21,4,CRIME_VIOLENT,police,1
2026-06-21,4,DRAINAGE_SEWAGE,grievance,1
2026-06-21,4,FOOD_SAFETY,grievance,1
2026-06-21,4,PUBLIC_ORDER,police,1
2026-06-21,4,ROAD_DAMAGE,grievance,2
2026-06-21,4,STREETLIGHT_ELECTRICAL,grievance,1
2026-06-21,4,VECTOR_DISEASE,grievance,1
2026-06-21,5,CRIME_PROPERTY,police,2
2026-06-21,5,DRAIN_WORKS_SAFETY,grievance,1
2026-06-21,5,ENCROACHMENT,pwd,2
2026-06-21,5,OTHER,grievance,1
2026-06-21,5,PUBLIC_ORDER,police,2
2026-06-21,5,ROAD_ACCIDENT,police,2
2026-06-21,5,ROAD_DAMAGE,grievance,2
2026-06-21,5,SOLID_WASTE,grievance,1
2026-06-21,5,TRAFFIC_OBSTRUCTION,police,2
2026-06-21,5,TREES_PARKS,grievance,1
2026-06-21,6,CRIME_PROPERTY,police,2
2026-06-21,6,DRAIN_WORKS_SAFETY,grievance,1
2026-06-21,6,FLOOD_WATERLOGGING,police,3
2026-06-21,6,PUBLIC_ORDER,police,1
2026-06-21,6,ROAD_ACCIDENT,police,2
2026-06-21,6,STRAY_ANIMALS,grievance,1
2026-06-21,6,STREETLIGHT_ELECTRICAL,grievance,1
2026-06-21,7,CRIME_PROPERTY,police,3
2026-06-21,7,FLOOD_WATERLOGGING,grievance,1
2026-06-21,7,MISSING_PERSON,police,1
2026-06-21,7,PUBLIC_ORDER,police,1
2026-06-21,7,ROAD_ACCIDENT,police,1
2026-06-21,7,ROAD_DAMAGE,grievance,1
2026-06-21,7,SANITATION_TOILETS,grievance,1
2026-06-21,7,SOLID_WASTE,grievance,1
2026-06-21,7,STRAY_ANIMALS,grievance,1
2026-06-21,7,TREES_PARKS,grievance,1
2026-06-21,8,BUILDING_SAFETY,pwd,1
2026-06-21,8,CRIME_PROPERTY,police,6
2026-06-21,8,CRIME_VIOLENT,police,1
2026-06-21,8,DRAIN_WORKS_SAFETY,grievance,2
2026-06-21,8,FLOOD_RELIEF,grievance,1
2026-06-21,8,FLOOD_WATERLOGGING,police,1
2026-06-21,8,MISSING_PERSON,police,1
2026-06-21,8,PUBLIC_ORDER,police,2
2026-06-21,8,ROAD_ACCIDENT,police,2
2026-06-21,8,ROAD_DAMAGE,grievance,2
2026-06-21,8,SANITATION_TOILETS,grievance,1
2026-06-21,9,CRIME_PROPERTY,police,2
2026-06-21,9,DRAINAGE_SEWAGE,grievance,1
2026-06-21,9,DRUGS_LIQUOR,police,2
2026-06-21,9,ENCROACHMENT,grievance,1
2026-06-21,9,HEALTH_SERVICES,grievance,1
2026-06-21,9,OTHER,grievance,1
2026-06-21,9,PUBLIC_ORDER,police,1
2026-06-21,9,ROAD_ACCIDENT,police,1
2026-06-21,9,SANITATION_TOILETS,grievance,1
2026-06-21,9,SOLID_WASTE,grievance,3
2026-06-21,9,STREETLIGHT_ELECTRICAL,grievance,3
2026-06-21,9,TRAFFIC_OBSTRUCTION,police,1
2026-06-21,9,TREES_PARKS,grievance,2
2026-06-21,10,CRIME_PROPERTY,police,2
2026-06-21,10,CRIME_VIOLENT,police,1
2026-06-21,10,DRAINAGE_SEWAGE,grievance,1
2026-06-21,10,FLOOD_WATERLOGGING,grievance,2
2026-06-21,10,PUBLIC_ORDER,police,1
2026-06-21,11,CRIME_PROPERTY,police,1
2026-06-21,11,DRAIN_WORKS_SAFETY,grievance,1
2026-06-21,11,POLICE_OTHER,police,1
2026-06-21,11,PUBLIC_ORDER,police,1
2026-06-21,11,SOLID_WASTE,grievance,2
2026-06-21,11,STREETLIGHT_ELECTRICAL,grievance,1
2026-06-21,12,ADMIN_SERVICES,grievance,1
2026-06-21,12,CRIME_PROPERTY,police,1
2026-06-21,12,PUBLIC_ORDER,police,2
2026-06-21,12,ROAD_ACCIDENT,police,1
2026-06-21,12,SOLID_WASTE,grievance,1
2026-06-21,13,ADMIN_SERVICES,grievance,1
2026-06-21,13,CRIME_PROPERTY,police,1
2026-06-21,13,CRIME_VIOLENT,police,1
2026-06-21,13,FLOOD_WATERLOGGING,pwd,1
2026-06-21,13,MISSING_PERSON,police,1
2026-06-21,14,CRIME_PROPERTY,police,4
2026-06-21,14,DRAINAGE_SEWAGE,grievance,1
2026-06-21,14,PUBLIC_ORDER,police,1
2026-06-21,14,ROAD_ACCIDENT,police,2
2026-06-21,14,SANITATION_TOILETS,grievance,1
2026-06-21,15,CRIME_PROPERTY,police,1
2026-06-21,15,DRUGS_LIQUOR,police,1
2026-06-21,15,ENCROACHMENT,pwd,1
2026-06-21,15,SOLID_WASTE,grievance,2
2026-06-21,15,STRAY_ANIMALS,grievance,1
2026-06-21,15,STREETLIGHT_ELECTRICAL,grievance,1
2026-06-21,15,TRAFFIC_OBSTRUCTION,police,1
2026-06-21,15,VECTOR_DISEASE,grievance,1
2026-06-21,,CRIME_VIOLENT,police,1
2026-06-21,,ROAD_ACCIDENT,police,1
2026-06-22,1,CRIME_PROPERTY,police,3
2026-06-22,1,ROAD_ACCIDENT,police,3
2026-06-22,1,SANITATION_TOILETS,grievance,1
2026-06-22,1,SOLID_WASTE,grievance,2
2026-06-22,1,TRAFFIC_OBSTRUCTION,police,1
2026-06-22,1,TREES_PARKS,grievance,1
2026-06-22,2,ADMIN_SERVICES,grievance,1
2026-06-22,3,DARK_SPOT_SAFETY,grievance,1
2026-06-22,3,DRAINAGE_SEWAGE,grievance,1
2026-06-22,3,FLOOD_WATERLOGGING,grievance,1
2026-06-22,3,PUBLIC_ORDER,police,1
2026-06-22,3,ROAD_ACCIDENT,police,2
2026-06-22,3,SOLID_WASTE,grievance,5
2026-06-22,4,ADMIN_SERVICES,grievance,1
2026-06-22,4,CIVIC_FACILITIES,grievance,1
2026-06-22,4,CRIME_PROPERTY,police,2
2026-06-22,4,DRAINAGE_SEWAGE,grievance,2
2026-06-22,4,DRAINAGE_SEWAGE,pwd,2
2026-06-22,4,DRUGS_LIQUOR,police,1
2026-06-22,4,FOOD_SAFETY,grievance,1
2026-06-22,4,PUBLIC_ORDER,police,1
2026-06-22,4,SANITATION_TOILETS,grievance,2
2026-06-22,4,SOLID_WASTE,grievance,1
2026-06-22,4,STRAY_ANIMALS,grievance,1
2026-06-22,4,TRAFFIC_OBSTRUCTION,grievance,1
2026-06-22,5,AIR_POLLUTION,grievance,1
2026-06-22,5,BUILDING_SAFETY,pwd,2
2026-06-22,5,CRIME_PROPERTY,police,1
2026-06-22,5,DRAINAGE_SEWAGE,grievance,2
2026-06-22,5,DRUGS_LIQUOR,police,1
2026-06-22,5,ENCROACHMENT,grievance,1
2026-06-22,5,OTHER,grievance,1
2026-06-22,5,PUBLIC_ORDER,police,1
2026-06-22,5,ROAD_DAMAGE,grievance,4
2026-06-22,5,SOLID_WASTE,grievance,1
2026-06-22,5,VECTOR_DISEASE,grievance,1
2026-06-22,6,BUILDING_SAFETY,pwd,1
2026-06-22,6,CRIME_PROPERTY,police,1
2026-06-22,6,DRAINAGE_SEWAGE,grievance,2
2026-06-22,6,DRAINAGE_SEWAGE,pwd,1
2026-06-22,6,DRUGS_LIQUOR,police,1
2026-06-22,6,HEALTH_SERVICES,grievance,1
2026-06-22,6,MISSING_PERSON,police,1
2026-06-22,6,ROAD_ACCIDENT,police,1
2026-06-22,6,ROAD_DAMAGE,grievance,2
2026-06-22,6,STRAY_ANIMALS,grievance,1
2026-06-22,6,STREETLIGHT_ELECTRICAL,grievance,1
2026-06-22,6,TRAFFIC_OBSTRUCTION,grievance,1
2026-06-22,6,TRAFFIC_OBSTRUCTION,police,2
2026-06-22,6,TREES_PARKS,grievance,1
2026-06-22,7,DRAIN_WORKS_SAFETY,grievance,1
2026-06-22,7,ENCROACHMENT,pwd,1
2026-06-22,7,PUBLIC_ORDER,police,1
2026-06-22,7,SANITATION_TOILETS,grievance,1
2026-06-22,7,SOLID_WASTE,grievance,1
2026-06-22,8,CRIME_PROPERTY,police,1
2026-06-22,8,DRAINAGE_SEWAGE,pwd,1
2026-06-22,8,DRAIN_WORKS_SAFETY,grievance,1
2026-06-22,8,ENCROACHMENT,pwd,1
2026-06-22,8,FLOOD_WATERLOGGING,grievance,1
2026-06-22,8,FLOOD_WATERLOGGING,police,1
2026-06-22,8,ROAD_ACCIDENT,police,2
2026-06-22,8,SANITATION_TOILETS,grievance,1
2026-06-22,8,SOLID_WASTE,grievance,3
2026-06-22,8,STREETLIGHT_ELECTRICAL,grievance,1
2026-06-22,8,WATERBODY_INFRA,pwd,1
2026-06-22,9,CRIME_PROPERTY,police,1
2026-06-22,9,DRAIN_WORKS_SAFETY,grievance,1
2026-06-22,9,DRUGS_LIQUOR,police,1
2026-06-22,9,ENCROACHMENT,grievance,1
2026-06-22,9,FLOOD_WATERLOGGING,grievance,1
2026-06-22,9,POLICE_OTHER,police,1
2026-06-22,9,ROAD_DAMAGE,grievance,1
2026-06-22,9,SANITATION_TOILETS,grievance,1
2026-06-22,9,SOLID_WASTE,grievance,3
2026-06-22,9,STREETLIGHT_ELECTRICAL,grievance,4
2026-06-22,9,VECTOR_DISEASE,grievance,1
2026-06-22,10,BUILDING_SAFETY,pwd,1
2026-06-22,10,CIVIC_FACILITIES,grievance,1
2026-06-22,10,CRIME_VIOLENT,police,3
2026-06-22,10,DARK_SPOT_SAFETY,grievance,1
2026-06-22,10,DRAINAGE_SEWAGE,grievance,2
2026-06-22,10,DRAIN_WORKS_SAFETY,grievance,1
2026-06-22,10,ENCROACHMENT,pwd,1
2026-06-22,10,OTHER,grievance,1
2026-06-22,10,PUBLIC_ORDER,police,1
2026-06-22,10,ROAD_ACCIDENT,police,3
2026-06-22,10,ROAD_DAMAGE,grievance,1
2026-06-22,10,SOLID_WASTE,grievance,2
2026-06-22,10,STREETLIGHT_ELECTRICAL,grievance,1
2026-06-22,11,ROAD_ACCIDENT,police,1
2026-06-22,11,STREETLIGHT_ELECTRICAL,grievance,1
2026-06-22,11,TREES_PARKS,grievance,1
2026-06-22,12,DRAIN_WORKS_SAFETY,grievance,2
2026-06-22,12,ENCROACHMENT,grievance,1
2026-06-22,12,FLOOD_WATERLOGGING,grievance,1
2026-06-22,12,HEALTH_SERVICES,grievance,2
2026-06-22,12,ROAD_ACCIDENT,police,3
2026-06-22,13,CRIME_PROPERTY,police,4
2026-06-22,13,CRIME_VIOLENT,police,1
2026-06-22,13,DRAIN_WORKS_SAFETY,grievance,1
2026-06-22,13,ROAD_ACCIDENT,police,2
2026-06-22,13,ROAD_DAMAGE,grievance,1
2026-06-22,13,STREETLIGHT_ELECTRICAL,grievance,1
2026-06-22,14,CRIME_PROPERTY,police,1
2026-06-22,14,CRIME_VIOLENT,police,2
2026-06-22,14,HEALTH_SERVICES,grievance,1
2026-06-22,14,PUBLIC_WORKS,grievance,1
2026-06-22,14,SANITATION_TOILETS,grievance,1
2026-06-22,14,SOLID_WASTE,grievance,3
2026-06-22,15,BUILDING_SAFETY,pwd,1
2026-06-22,15,CRIME_PROPERTY,police,1
2026-06-22,15,CRIME_VIOLENT,police,1
2026-06-22,15,DRAINAGE_SEWAGE,grievance,1
2026-06-22,15,DRAINAGE_SEWAGE,pwd,1
2026-06-22,15,DRUGS_LIQUOR,police,1
2026-06-22,15,FLOOD_WATERLOGGING,police,2
2026-06-22,15,HEALTH_SERVICES,grievance,1
2026-06-22,15,ROAD_ACCIDENT,police,1
2026-06-22,15,ROAD_DAMAGE,grievance,1
2026-06-22,15,SOLID_WASTE,grievance,1
2026-06-22,,CRIME_PROPERTY,police,1
2026-06-23,1,ADMIN_SERVICES,grievance,1
2026-06-23,1,MISSING_PERSON,police,1
2026-06-23,1,OTHER,grievance,1
2026-06-23,1,ROAD_ACCIDENT,police,1
2026-06-23,1,ROAD_DAMAGE,grievance,2
2026-06-23,1,STRAY_ANIMALS,grievance,1
2026-06-23,1,TRAFFIC_OBSTRUCTION,grievance,1
2026-06-23,1,TRAFFIC_OBSTRUCTION,police,4
2026-06-23,2,CRIME_VIOLENT,police,1
2026-06-23,3,DARK_SPOT_SAFETY,grievance,1
2026-06-23,3,ENCROACHMENT,pwd,1
2026-06-23,3,FOOD_SAFETY,grievance,1
2026-06-23,3,SOLID_WASTE,grievance,2
2026-06-23,3,STREETLIGHT_ELECTRICAL,grievance,1
2026-06-23,3,WATERBODY_INFRA,pwd,1
2026-06-23,4,CRIME_PROPERTY,police,1
2026-06-23,4,OTHER,grievance,1
2026-06-23,4,PUBLIC_ORDER,police,3
2026-06-23,4,ROAD_DAMAGE,grievance,1
2026-06-23,4,SOLID_WASTE,grievance,1
2026-06-23,4,STREETLIGHT_ELECTRICAL,grievance,5
2026-06-23,5,AIR_POLLUTION,grievance,1
2026-06-23,5,CRIME_PROPERTY,police,4
2026-06-23,5,CRIME_VIOLENT,police,2
2026-06-23,5,DRAIN_WORKS_SAFETY,grievance,1
2026-06-23,5,ENCROACHMENT,pwd,1
2026-06-23,5,FLOOD_WATERLOGGING,pwd,1
2026-06-23,5,POLICE_OTHER,police,2
2026-06-23,5,PUBLIC_ORDER,police,1
2026-06-23,5,ROAD_ACCIDENT,police,1
2026-06-23,5,ROAD_DAMAGE,grievance,1
2026-06-23,5,SOLID_WASTE,grievance,2
2026-06-23,5,STRAY_ANIMALS,grievance,1
2026-06-23,5,STREETLIGHT_ELECTRICAL,grievance,2
2026-06-23,5,VECTOR_DISEASE,grievance,1
2026-06-23,6,CRIME_PROPERTY,police,1
2026-06-23,6,DRAINAGE_SEWAGE,grievance,1
2026-06-23,6,DRAIN_WORKS_SAFETY,grievance,1
2026-06-23,6,ROAD_DAMAGE,grievance,3
2026-06-23,6,SOLID_WASTE,grievance,5
2026-06-23,6,STREETLIGHT_ELECTRICAL,grievance,1
2026-06-23,6,TRAFFIC_OBSTRUCTION,grievance,1
2026-06-23,6,TREES_PARKS,grievance,1
2026-06-23,7,CRIME_PROPERTY,police,3
2026-06-23,7,FLOOD_WATERLOGGING,grievance,1
2026-06-23,7,SOLID_WASTE,grievance,1
2026-06-23,7,STREETLIGHT_ELECTRICAL,grievance,3
2026-06-23,7,STREETLIGHT_ELECTRICAL,police,1
2026-06-23,8,DRUGS_LIQUOR,police,1
2026-06-23,8,FLOOD_WATERLOGGING,grievance,1
2026-06-23,8,FLOOD_WATERLOGGING,pwd,1
2026-06-23,8,HEALTH_SERVICES,grievance,1
2026-06-23,8,PUBLIC_ORDER,police,1
2026-06-23,8,ROAD_ACCIDENT,police,1
2026-06-23,8,ROAD_DAMAGE,grievance,1
2026-06-23,8,STREETLIGHT_ELECTRICAL,grievance,1
2026-06-23,8,TRAFFIC_OBSTRUCTION,police,1
2026-06-23,9,DARK_SPOT_SAFETY,grievance,1
2026-06-23,9,DRUGS_LIQUOR,police,1
2026-06-23,9,OTHER,grievance,1
2026-06-23,9,ROAD_ACCIDENT,police,1
2026-06-23,9,SOLID_WASTE,grievance,2
2026-06-23,9,STRAY_ANIMALS,grievance,1
2026-06-23,10,CRIME_PROPERTY,police,1
2026-06-23,10,DRAINAGE_SEWAGE,grievance,2
2026-06-23,10,FLOOD_RELIEF,grievance,1
2026-06-23,10,FLOOD_WATERLOGGING,grievance,1
2026-06-23,10,ROAD_DAMAGE,grievance,1
2026-06-23,10,SANITATION_TOILETS,grievance,1
2026-06-23,10,SOLID_WASTE,grievance,3
2026-06-23,10,STRAY_ANIMALS,grievance,1
2026-06-23,10,STREETLIGHT_ELECTRICAL,grievance,2
2026-06-23,11,CRIME_VIOLENT,police,3
2026-06-23,11,DRAINAGE_SEWAGE,grievance,1
2026-06-23,11,ENCROACHMENT,pwd,1
2026-06-23,11,ROAD_ACCIDENT,police,1
2026-06-23,11,SANITATION_TOILETS,grievance,1
2026-06-23,12,CRIME_PROPERTY,police,3
2026-06-23,12,DRAIN_WORKS_SAFETY,grievance,1
2026-06-23,12,ROAD_DAMAGE,grievance,1
2026-06-23,12,WATERBODY_INFRA,pwd,1
2026-06-23,13,BUILDING_SAFETY,pwd,1
2026-06-23,13,CRIME_PROPERTY,police,3
2026-06-23,13,DRAINAGE_SEWAGE,grievance,1
2026-06-23,13,ENCROACHMENT,grievance,1
2026-06-23,13,FLOOD_WATERLOGGING,grievance,1
2026-06-23,13,FOOD_SAFETY,grievance,1
2026-06-23,13,PUBLIC_ORDER,police,1
2026-06-23,13,ROAD_ACCIDENT,police,2
2026-06-23,13,SANITATION_TOILETS,grievance,1
2026-06-23,13,SOLID_WASTE,grievance,2
2026-06-23,13,STREETLIGHT_ELECTRICAL,grievance,3
2026-06-23,13,WATERBODY_INFRA,pwd,1
2026-06-23,14,ADMIN_SERVICES,grievance,1
2026-06-23,14,CRIME_VIOLENT,police,3
2026-06-23,14,SOLID_WASTE,grievance,4
2026-06-23,14,STREETLIGHT_ELECTRICAL,grievance,1
2026-06-23,14,STREETLIGHT_ELECTRICAL,police,1
2026-06-23,15,CRIME_PROPERTY,police,4
2026-06-23,15,FLOOD_WATERLOGGING,police,1
2026-06-23,15,FOOD_SAFETY,grievance,1
2026-06-23,15,MISSING_PERSON,police,1
2026-06-23,15,PUBLIC_ORDER,police,1
2026-06-23,15,PUBLIC_WORKS,grievance,1
2026-06-23,15,ROAD_ACCIDENT,police,1
2026-06-23,15,SOLID_WASTE,grievance,1
2026-06-24,1,CIVIC_FACILITIES,grievance,1
2026-06-24,1,CRIME_VIOLENT,police,1
2026-06-24,1,OTHER,grievance,1
2026-06-24,1,ROAD_DAMAGE,grievance,1
2026-06-24,1,SOLID_WASTE,grievance,1
2026-06-24,1,STREETLIGHT_ELECTRICAL,grievance,3
2026-06-24,1,TREES_PARKS,grievance,1
2026-06-24,2,CRIME_PROPERTY,police,2
2026-06-24,2,DRAINAGE_SEWAGE,grievance,1
2026-06-24,3,CRIME_VIOLENT,police,1
2026-06-24,3,DRAINAGE_SEWAGE,pwd,1
2026-06-24,3,FLOOD_WATERLOGGING,pwd,1
2026-06-24,3,OTHER,grievance,1
2026-06-24,3,SOLID_WASTE,grievance,5
2026-06-24,3,TREES_PARKS,grievance,1
2026-06-24,4,CRIME_PROPERTY,police,1
2026-06-24,4,CRIME_VIOLENT,police,1
2026-06-24,4,DRAINAGE_SEWAGE,grievance,2
2026-06-24,4,FLOOD_RELIEF,grievance,1
2026-06-24,4,FLOOD_WATERLOGGING,grievance,2
2026-06-24,4,FOOD_SAFETY,grievance,1
2026-06-24,4,OTHER,grievance,2
2026-06-24,4,PUBLIC_ORDER,police,2
2026-06-24,4,ROAD_DAMAGE,grievance,1
2026-06-24,4,SOLID_WASTE,grievance,1
2026-06-24,4,STREETLIGHT_ELECTRICAL,grievance,1
2026-06-24,5,BUILDING_SAFETY,pwd,2
2026-06-24,5,CRIME_PROPERTY,police,3
2026-06-24,5,CRIME_VIOLENT,police,1
2026-06-24,5,DRAINAGE_SEWAGE,grievance,1
2026-06-24,5,FLOOD_WATERLOGGING,grievance,1
2026-06-24,5,ROAD_ACCIDENT,police,5
2026-06-24,5,SANITATION_TOILETS,grievance,1
2026-06-24,5,SOLID_WASTE,grievance,4
2026-06-24,5,TREES_PARKS,grievance,1
2026-06-24,6,BUILDING_SAFETY,pwd,1
2026-06-24,6,CRIME_PROPERTY,police,2
2026-06-24,6,DARK_SPOT_SAFETY,grievance,1
2026-06-24,6,DRAINAGE_SEWAGE,pwd,1
2026-06-24,6,SANITATION_TOILETS,grievance,1
2026-06-24,6,SOLID_WASTE,grievance,3
2026-06-24,6,STRAY_ANIMALS,grievance,1
2026-06-24,7,BUILDING_SAFETY,pwd,2
2026-06-24,7,CRIME_PROPERTY,police,6
2026-06-24,7,CRIME_VIOLENT,police,5
2026-06-24,7,DRUGS_LIQUOR,police,1
2026-06-24,7,ENCROACHMENT,grievance,1
2026-06-24,7,ENCROACHMENT,pwd,1
2026-06-24,7,FOOD_SAFETY,grievance,1
2026-06-24,7,MISSING_PERSON,police,1
2026-06-24,7,PUBLIC_ORDER,police,1
2026-06-24,7,ROAD_ACCIDENT,police,1
2026-06-24,7,STREETLIGHT_ELECTRICAL,grievance,1
2026-06-24,7,TREES_PARKS,grievance,1
2026-06-24,8,ADMIN_SERVICES,grievance,1
2026-06-24,8,CRIME_PROPERTY,police,1
2026-06-24,8,CRIME_VIOLENT,police,1
2026-06-24,8,DRAINAGE_SEWAGE,pwd,1
2026-06-24,8,OTHER,grievance,1
2026-06-24,8,PUBLIC_ORDER,police,1
2026-06-24,8,ROAD_ACCIDENT,police,3
2026-06-24,8,SOLID_WASTE,grievance,2
2026-06-24,8,STREETLIGHT_ELECTRICAL,grievance,2
2026-06-24,8,STREETLIGHT_ELECTRICAL,police,3
2026-06-24,8,TRAFFIC_OBSTRUCTION,police,4
2026-06-24,9,CRIME_PROPERTY,police,1
2026-06-24,9,DRAINAGE_SEWAGE,grievance,1
2026-06-24,9,ENCROACHMENT,grievance,1
2026-06-24,9,OTHER,grievance,1
2026-06-24,9,PUBLIC_ORDER,police,1
2026-06-24,9,ROAD_ACCIDENT,police,1
2026-06-24,9,ROAD_DAMAGE,grievance,1
2026-06-24,9,STREETLIGHT_ELECTRICAL,grievance,1
2026-06-24,9,TREES_PARKS,grievance,1
2026-06-24,10,ADMIN_SERVICES,grievance,1
2026-06-24,10,CRIME_PROPERTY,police,2
2026-06-24,10,DRAIN_WORKS_SAFETY,grievance,1
2026-06-24,10,FLOOD_WATERLOGGING,grievance,2
2026-06-24,10,POLICE_OTHER,police,1
2026-06-24,10,PUBLIC_ORDER,police,1
2026-06-24,10,PUBLIC_WORKS,grievance,1
2026-06-24,10,ROAD_ACCIDENT,police,1
2026-06-24,10,ROAD_DAMAGE,grievance,1
2026-06-24,10,SANITATION_TOILETS,grievance,1
2026-06-24,10,STREETLIGHT_ELECTRICAL,grievance,1
2026-06-24,11,CRIME_PROPERTY,police,1
2026-06-24,11,CRIME_VIOLENT,police,2
2026-06-24,11,PUBLIC_ORDER,police,1
2026-06-24,11,ROAD_ACCIDENT,police,1
2026-06-24,11,ROAD_DAMAGE,grievance,1
2026-06-24,11,SANITATION_TOILETS,grievance,2
2026-06-24,11,SOLID_WASTE,grievance,3
2026-06-24,11,STREETLIGHT_ELECTRICAL,grievance,1
2026-06-24,12,CRIME_PROPERTY,police,4
2026-06-24,12,DRAINAGE_SEWAGE,grievance,1
2026-06-24,12,POLICE_OTHER,police,1
2026-06-24,12,ROAD_ACCIDENT,police,3
2026-06-24,12,ROAD_DAMAGE,grievance,1
2026-06-24,12,STREETLIGHT_ELECTRICAL,grievance,1
2026-06-24,13,BUILDING_SAFETY,pwd,1
2026-06-24,13,CRIME_PROPERTY,police,1
2026-06-24,13,CRIME_VIOLENT,police,1
2026-06-24,13,ENCROACHMENT,grievance,1
2026-06-24,13,HEALTH_SERVICES,grievance,1
2026-06-24,13,ROAD_ACCIDENT,police,1
2026-06-24,13,SOLID_WASTE,grievance,1
2026-06-24,13,STRAY_ANIMALS,grievance,1
2026-06-24,13,STREETLIGHT_ELECTRICAL,grievance,1
2026-06-24,14,CRIME_VIOLENT,police,2
2026-06-24,14,FLOOD_RELIEF,grievance,1
2026-06-24,14,FLOOD_WATERLOGGING,grievance,1
2026-06-24,14,STREETLIGHT_ELECTRICAL,grievance,1
2026-06-24,15,ADMIN_SERVICES,grievance,2
2026-06-24,15,CRIME_PROPERTY,police,1
2026-06-24,15,HEALTH_SERVICES,grievance,1
2026-06-24,15,ROAD_ACCIDENT,police,1
2026-06-24,15,SOLID_WASTE,grievance,1
2026-06-24,15,STREETLIGHT_ELECTRICAL,grievance,1
2026-06-25,1,CRIME_PROPERTY,police,1
2026-06-25,1,DRAINAGE_SEWAGE,grievance,2
2026-06-25,1,DRAIN_WORKS_SAFETY,grievance,1
2026-06-25,1,DRUGS_LIQUOR,police,1
2026-06-25,1,OTHER,grievance,1
2026-06-25,1,ROAD_ACCIDENT,police,1
2026-06-25,1,ROAD_DAMAGE,grievance,1
2026-06-25,1,STREETLIGHT_ELECTRICAL,grievance,2
2026-06-25,1,WATERBODY_INFRA,pwd,1
2026-06-25,2,DRAINAGE_SEWAGE,grievance,1
2026-06-25,2,ROAD_ACCIDENT,police,1
2026-06-25,2,TRAFFIC_OBSTRUCTION,police,1
2026-06-25,3,CRIME_PROPERTY,police,1
2026-06-25,3,DRAINAGE_SEWAGE,grievance,1
2026-06-25,3,ROAD_ACCIDENT,police,1
2026-06-25,3,ROAD_DAMAGE,grievance,1
2026-06-25,3,STREETLIGHT_ELECTRICAL,grievance,1
2026-06-25,3,TRAFFIC_OBSTRUCTION,police,1
2026-06-25,3,TREES_PARKS,grievance,2
2026-06-25,4,BUILDING_SAFETY,pwd,1
2026-06-25,4,CRIME_VIOLENT,police,4
2026-06-25,4,DARK_SPOT_SAFETY,grievance,1
2026-06-25,4,DRAINAGE_SEWAGE,grievance,1
2026-06-25,4,DRUGS_LIQUOR,police,1
2026-06-25,4,PUBLIC_WORKS,grievance,1
2026-06-25,4,ROAD_ACCIDENT,police,1
2026-06-25,4,ROAD_DAMAGE,grievance,2
2026-06-25,4,SANITATION_TOILETS,grievance,1
2026-06-25,4,TRAFFIC_OBSTRUCTION,police,1
2026-06-25,4,VECTOR_DISEASE,grievance,1
2026-06-25,5,AIR_POLLUTION,grievance,1
2026-06-25,5,BUILDING_SAFETY,pwd,1
2026-06-25,5,CRIME_PROPERTY,police,4
2026-06-25,5,CRIME_VIOLENT,police,2
2026-06-25,5,DARK_SPOT_SAFETY,grievance,1
2026-06-25,5,DRUGS_LIQUOR,police,2
2026-06-25,5,ENCROACHMENT,grievance,1
2026-06-25,5,ENCROACHMENT,pwd,1
2026-06-25,5,FLOOD_RELIEF,grievance,1
2026-06-25,5,FLOOD_WATERLOGGING,police,3
2026-06-25,5,FOOD_SAFETY,grievance,1
2026-06-25,5,OTHER,grievance,1
2026-06-25,5,PUBLIC_ORDER,police,1
2026-06-25,5,ROAD_ACCIDENT,police,1
2026-06-25,5,SOLID_WASTE,grievance,1
2026-06-25,5,TREES_PARKS,grievance,1
2026-06-25,6,ADMIN_SERVICES,grievance,1
2026-06-25,6,AIR_POLLUTION,grievance,1
2026-06-25,6,DRAINAGE_SEWAGE,grievance,1
2026-06-25,6,ENCROACHMENT,pwd,1
2026-06-25,6,FLOOD_WATERLOGGING,grievance,1
2026-06-25,6,FOOD_SAFETY,grievance,2
2026-06-25,6,MISSING_PERSON,police,3
2026-06-25,6,SOLID_WASTE,grievance,4
2026-06-25,6,STREETLIGHT_ELECTRICAL,grievance,1
2026-06-25,6,TRAFFIC_OBSTRUCTION,grievance,1
2026-06-25,7,CRIME_PROPERTY,police,4
2026-06-25,7,DRAIN_WORKS_SAFETY,grievance,1
2026-06-25,7,DRUGS_LIQUOR,police,1
2026-06-25,7,FLOOD_WATERLOGGING,pwd,1
2026-06-25,7,ROAD_ACCIDENT,police,1
2026-06-25,7,ROAD_DAMAGE,grievance,1
2026-06-25,7,SOLID_WASTE,grievance,1
2026-06-25,7,STREETLIGHT_ELECTRICAL,grievance,1
2026-06-25,8,CRIME_PROPERTY,police,5
2026-06-25,8,CRIME_VIOLENT,police,1
2026-06-25,8,DRAINAGE_SEWAGE,grievance,2
2026-06-25,8,ENCROACHMENT,grievance,1
2026-06-25,8,SOLID_WASTE,grievance,2
2026-06-25,8,STREETLIGHT_ELECTRICAL,grievance,3
2026-06-25,8,TRAFFIC_OBSTRUCTION,police,1
2026-06-25,8,TREES_PARKS,grievance,1
2026-06-25,9,ADMIN_SERVICES,grievance,1
2026-06-25,9,CRIME_PROPERTY,police,1
2026-06-25,9,DRAINAGE_SEWAGE,grievance,2
2026-06-25,9,DRAINAGE_SEWAGE,pwd,1
2026-06-25,9,PUBLIC_ORDER,police,1
2026-06-25,9,ROAD_DAMAGE,grievance,1
2026-06-25,9,SOLID_WASTE,grievance,1
2026-06-25,10,CRIME_PROPERTY,police,3
2026-06-25,10,DRUGS_LIQUOR,police,1
2026-06-25,10,POLICE_OTHER,police,1
2026-06-25,10,PUBLIC_ORDER,police,1
2026-06-25,10,ROAD_ACCIDENT,police,1
2026-06-25,10,ROAD_DAMAGE,grievance,2
2026-06-25,10,SANITATION_TOILETS,grievance,1
2026-06-25,10,SOLID_WASTE,grievance,2
2026-06-25,10,STREETLIGHT_ELECTRICAL,grievance,1
2026-06-25,10,TREES_PARKS,grievance,1
2026-06-25,11,ADMIN_SERVICES,grievance,1
2026-06-25,11,CIVIC_FACILITIES,grievance,1
2026-06-25,11,CRIME_PROPERTY,police,2
2026-06-25,11,DRAINAGE_SEWAGE,grievance,1
2026-06-25,11,MISSING_PERSON,police,1
2026-06-25,11,ROAD_DAMAGE,grievance,1
2026-06-25,11,SANITATION_TOILETS,grievance,2
2026-06-25,12,CRIME_PROPERTY,police,1
2026-06-25,12,ROAD_ACCIDENT,police,2
2026-06-25,12,STREETLIGHT_ELECTRICAL,grievance,1
2026-06-25,12,WATERBODY_INFRA,pwd,1
2026-06-25,13,FLOOD_WATERLOGGING,grievance,1
2026-06-25,13,FLOOD_WATERLOGGING,police,2
2026-06-25,13,ROAD_ACCIDENT,police,1
2026-06-25,13,ROAD_DAMAGE,grievance,1
2026-06-25,13,SANITATION_TOILETS,grievance,1
2026-06-25,13,SOLID_WASTE,grievance,1
2026-06-25,13,STREETLIGHT_ELECTRICAL,grievance,1
2026-06-25,14,AIR_POLLUTION,grievance,2
2026-06-25,14,CRIME_VIOLENT,police,1
2026-06-25,14,SANITATION_TOILETS,grievance,1
2026-06-25,14,SOLID_WASTE,grievance,1
2026-06-25,15,CRIME_PROPERTY,police,1
2026-06-25,15,DARK_SPOT_SAFETY,grievance,1
2026-06-25,15,FLOOD_WATERLOGGING,pwd,2
2026-06-25,15,ROAD_ACCIDENT,police,1
2026-06-25,15,STREETLIGHT_ELECTRICAL,grievance,1
2026-06-25,15,TRAFFIC_OBSTRUCTION,grievance,1
2026-06-25,15,TRAFFIC_OBSTRUCTION,police,1
2026-06-25,,MISSING_PERSON,police,1
2026-06-26,1,ADMIN_SERVICES,grievance,1
2026-06-26,1,CRIME_PROPERTY,police,3
2026-06-26,1,DARK_SPOT_SAFETY,grievance,1
2026-06-26,1,ENCROACHMENT,grievance,1
2026-06-26,1,FLOOD_WATERLOGGING,grievance,1
2026-06-26,1,ROAD_ACCIDENT,police,2
2026-06-26,1,SANITATION_TOILETS,grievance,1
2026-06-26,1,VECTOR_DISEASE,grievance,1
2026-06-26,2,CRIME_VIOLENT,police,1
2026-06-26,2,DRAINAGE_SEWAGE,grievance,1
2026-06-26,3,AIR_POLLUTION,grievance,1
2026-06-26,3,CRIME_PROPERTY,police,1
2026-06-26,3,CRIME_VIOLENT,police,1
2026-06-26,3,ROAD_DAMAGE,grievance,1
2026-06-26,3,SOLID_WASTE,grievance,1
2026-06-26,3,STRAY_ANIMALS,grievance,1
2026-06-26,3,STREETLIGHT_ELECTRICAL,grievance,2
2026-06-26,4,CRIME_VIOLENT,police,2
2026-06-26,4,DARK_SPOT_SAFETY,grievance,1
2026-06-26,4,DRAINAGE_SEWAGE,grievance,1
2026-06-26,4,DRUGS_LIQUOR,police,1
2026-06-26,4,ENCROACHMENT,grievance,1
2026-06-26,4,FOOD_SAFETY,grievance,1
2026-06-26,4,HEALTH_SERVICES,grievance,1
2026-06-26,4,POLICE_OTHER,police,1
2026-06-26,4,ROAD_DAMAGE,grievance,2
2026-06-26,4,SANITATION_TOILETS,grievance,1
2026-06-26,4,SOLID_WASTE,grievance,3
2026-06-26,4,TRAFFIC_OBSTRUCTION,police,1
2026-06-26,5,CRIME_VIOLENT,police,2
2026-06-26,5,DRAINAGE_SEWAGE,grievance,1
2026-06-26,5,FLOOD_WATERLOGGING,grievance,1
2026-06-26,5,FOOD_SAFETY,grievance,1
2026-06-26,5,HEALTH_SERVICES,hospital,1
2026-06-26,5,ROAD_ACCIDENT,police,1
2026-06-26,5,ROAD_DAMAGE,grievance,1
2026-06-26,5,SOLID_WASTE,grievance,1
2026-06-26,5,STRAY_ANIMALS,grievance,1
2026-06-26,5,STREETLIGHT_ELECTRICAL,grievance,2
2026-06-26,5,TRAFFIC_OBSTRUCTION,police,3
2026-06-26,6,AIR_POLLUTION,grievance,1
2026-06-26,6,CRIME_PROPERTY,police,4
2026-06-26,6,DRAINAGE_SEWAGE,grievance,1
2026-06-26,6,FLOOD_RELIEF,grievance,1
2026-06-26,6,POLICE_OTHER,police,1
2026-06-26,6,ROAD_ACCIDENT,police,1
2026-06-26,6,SOLID_WASTE,grievance,1
2026-06-26,6,STRAY_ANIMALS,police,1
2026-06-26,6,STREETLIGHT_ELECTRICAL,grievance,1
2026-06-26,7,ADMIN_SERVICES,grievance,1
2026-06-26,7,CRIME_PROPERTY,police,2
2026-06-26,7,FLOOD_WATERLOGGING,pwd,1
2026-06-26,7,MISSING_PERSON,police,1
2026-06-26,7,PUBLIC_ORDER,police,1
2026-06-26,7,ROAD_DAMAGE,grievance,3
2026-06-26,7,SOLID_WASTE,grievance,2
2026-06-26,7,STRAY_ANIMALS,grievance,1
2026-06-26,7,STREETLIGHT_ELECTRICAL,grievance,2
2026-06-26,7,WATERBODY_INFRA,pwd,1
2026-06-26,8,CRIME_PROPERTY,police,1
2026-06-26,8,ENCROACHMENT,pwd,1
2026-06-26,8,FLOOD_WATERLOGGING,grievance,1
2026-06-26,8,FOOD_SAFETY,grievance,1
2026-06-26,8,MISSING_PERSON,police,1
2026-06-26,8,OTHER,grievance,1
2026-06-26,8,PUBLIC_ORDER,police,1
2026-06-26,8,ROAD_DAMAGE,grievance,1
2026-06-26,9,CRIME_PROPERTY,police,1
2026-06-26,9,CRIME_VIOLENT,police,1
2026-06-26,9,DRUGS_LIQUOR,police,1
2026-06-26,9,FOOD_SAFETY,grievance,2
2026-06-26,9,PUBLIC_WORKS,grievance,1
2026-06-26,9,ROAD_DAMAGE,grievance,1
2026-06-26,9,SOLID_WASTE,grievance,2
2026-06-26,10,ADMIN_SERVICES,grievance,1
2026-06-26,10,CRIME_PROPERTY,police,6
2026-06-26,10,CRIME_VIOLENT,police,6
2026-06-26,10,DARK_SPOT_SAFETY,grievance,2
2026-06-26,10,MISSING_PERSON,police,2
2026-06-26,10,PUBLIC_ORDER,police,1
2026-06-26,10,ROAD_ACCIDENT,police,8
2026-06-26,10,SANITATION_TOILETS,grievance,1
2026-06-26,10,SOLID_WASTE,grievance,1
2026-06-26,10,STREETLIGHT_ELECTRICAL,grievance,1
2026-06-26,11,DRAINAGE_SEWAGE,grievance,1
2026-06-26,11,DRAIN_WORKS_SAFETY,grievance,1
2026-06-26,11,PUBLIC_WORKS,grievance,1
2026-06-26,11,SANITATION_TOILETS,grievance,1
2026-06-26,11,SOLID_WASTE,grievance,4
2026-06-26,11,STRAY_ANIMALS,grievance,1
2026-06-26,12,CRIME_PROPERTY,police,2
2026-06-26,12,DRAINAGE_SEWAGE,grievance,1
2026-06-26,12,DRAIN_WORKS_SAFETY,grievance,1
2026-06-26,12,PUBLIC_WORKS,grievance,1
2026-06-26,12,SANITATION_TOILETS,grievance,2
2026-06-26,12,SOLID_WASTE,grievance,1
2026-06-26,12,STREETLIGHT_ELECTRICAL,grievance,3
2026-06-26,13,ADMIN_SERVICES,grievance,1
2026-06-26,13,DRAINAGE_SEWAGE,pwd,1
2026-06-26,13,DRUGS_LIQUOR,police,2
2026-06-26,13,FLOOD_WATERLOGGING,grievance,1
2026-06-26,13,FLOOD_WATERLOGGING,police,1
2026-06-26,13,HEALTH_SERVICES,grievance,1
2026-06-26,13,PUBLIC_ORDER,police,1
2026-06-26,13,SANITATION_TOILETS,grievance,1
2026-06-26,13,STREETLIGHT_ELECTRICAL,grievance,1
2026-06-26,13,TRAFFIC_OBSTRUCTION,police,1
2026-06-26,14,CRIME_PROPERTY,police,2
2026-06-26,14,DRUGS_LIQUOR,police,1
2026-06-26,14,FLOOD_WATERLOGGING,grievance,1
2026-06-26,14,PUBLIC_ORDER,police,1
2026-06-26,14,SOLID_WASTE,grievance,2
2026-06-26,15,ROAD_DAMAGE,pwd,1
2026-06-27,1,ENCROACHMENT,grievance,1
2026-06-27,1,FOOD_SAFETY,grievance,1
2026-06-27,1,OTHER,grievance,1
2026-06-27,1,PUBLIC_ORDER,grievance,1
2026-06-27,1,PUBLIC_ORDER,police,1
2026-06-27,1,STRAY_ANIMALS,grievance,1
2026-06-27,1,STREETLIGHT_ELECTRICAL,grievance,1
2026-06-27,2,FOOD_SAFETY,grievance,1
2026-06-27,2,SOLID_WASTE,grievance,1
2026-06-27,2,STREETLIGHT_ELECTRICAL,grievance,1
2026-06-27,3,CRIME_PROPERTY,police,1
2026-06-27,3,CRIME_VIOLENT,police,4
2026-06-27,3,ROAD_DAMAGE,grievance,1
2026-06-27,3,SOLID_WASTE,grievance,1
2026-06-27,3,STRAY_ANIMALS,grievance,2
2026-06-27,3,STREETLIGHT_ELECTRICAL,grievance,1
2026-06-27,4,CIVIC_FACILITIES,grievance,1
2026-06-27,4,CRIME_VIOLENT,police,1
2026-06-27,4,PUBLIC_ORDER,police,1
2026-06-27,4,PUBLIC_WORKS,grievance,2
2026-06-27,4,SOLID_WASTE,grievance,3
2026-06-27,4,STREETLIGHT_ELECTRICAL,grievance,1
2026-06-27,5,ADMIN_SERVICES,grievance,2
2026-06-27,5,CRIME_VIOLENT,police,1
2026-06-27,5,DRUGS_LIQUOR,police,1
2026-06-27,5,FLOOD_RELIEF,grievance,1
2026-06-27,5,FOOD_SAFETY,grievance,1
2026-06-27,5,STRAY_ANIMALS,grievance,1
2026-06-27,5,STREETLIGHT_ELECTRICAL,grievance,1
2026-06-27,6,ADMIN_SERVICES,grievance,1
2026-06-27,6,CIVIC_FACILITIES,grievance,1
2026-06-27,6,CRIME_VIOLENT,police,1
2026-06-27,6,PUBLIC_ORDER,police,1
2026-06-27,6,ROAD_DAMAGE,grievance,1
2026-06-27,6,SOLID_WASTE,grievance,1
2026-06-27,6,STRAY_ANIMALS,grievance,1
2026-06-27,6,STREETLIGHT_ELECTRICAL,grievance,1
2026-06-27,7,FLOOD_RELIEF,grievance,1
2026-06-27,7,PUBLIC_ORDER,police,1
2026-06-27,7,ROAD_ACCIDENT,police,3
2026-06-27,7,ROAD_DAMAGE,grievance,1
2026-06-27,7,SOLID_WASTE,grievance,1
2026-06-27,7,STRAY_ANIMALS,grievance,1
2026-06-27,7,VECTOR_DISEASE,grievance,1
2026-06-27,8,BUILDING_SAFETY,pwd,1
2026-06-27,8,CRIME_PROPERTY,police,2
2026-06-27,8,CRIME_VIOLENT,police,1
2026-06-27,8,DARK_SPOT_SAFETY,grievance,1
2026-06-27,8,DRAINAGE_SEWAGE,grievance,1
2026-06-27,8,FLOOD_WATERLOGGING,pwd,1
2026-06-27,8,MISSING_PERSON,police,2
2026-06-27,8,ROAD_ACCIDENT,police,2
2026-06-27,8,ROAD_DAMAGE,grievance,1
2026-06-27,8,SANITATION_TOILETS,grievance,1
2026-06-27,8,SOLID_WASTE,grievance,1
2026-06-27,8,STREETLIGHT_ELECTRICAL,grievance,2
2026-06-27,8,TRAFFIC_OBSTRUCTION,police,2
2026-06-27,9,CRIME_PROPERTY,police,2
2026-06-27,9,CRIME_VIOLENT,police,2
2026-06-27,9,DRUGS_LIQUOR,police,1
2026-06-27,9,FLOOD_WATERLOGGING,police,1
2026-06-27,9,PUBLIC_WORKS,grievance,1
2026-06-27,9,ROAD_ACCIDENT,police,1
2026-06-27,9,SANITATION_TOILETS,grievance,1
2026-06-27,9,SOLID_WASTE,grievance,3
2026-06-27,9,STRAY_ANIMALS,grievance,2
2026-06-27,9,TREES_PARKS,grievance,1
2026-06-27,10,BUILDING_SAFETY,pwd,1
2026-06-27,10,CRIME_PROPERTY,police,2
2026-06-27,10,DARK_SPOT_SAFETY,grievance,1
2026-06-27,10,PUBLIC_ORDER,police,1
2026-06-27,10,ROAD_DAMAGE,grievance,1
2026-06-27,10,STREETLIGHT_ELECTRICAL,grievance,3
2026-06-27,10,TRAFFIC_OBSTRUCTION,police,1
2026-06-27,11,CRIME_PROPERTY,police,2
2026-06-27,11,CRIME_VIOLENT,police,2
2026-06-27,11,DARK_SPOT_SAFETY,grievance,1
2026-06-27,11,DRAIN_WORKS_SAFETY,grievance,1
2026-06-27,11,MISSING_PERSON,police,1
2026-06-27,11,ROAD_DAMAGE,grievance,2
2026-06-27,11,SANITATION_TOILETS,grievance,1
2026-06-27,11,SOLID_WASTE,grievance,2
2026-06-27,11,VECTOR_DISEASE,grievance,1
2026-06-27,12,CRIME_VIOLENT,police,1
2026-06-27,12,DARK_SPOT_SAFETY,grievance,1
2026-06-27,12,DRAINAGE_SEWAGE,grievance,1
2026-06-27,12,DRUGS_LIQUOR,police,1
2026-06-27,12,SOLID_WASTE,grievance,1
2026-06-27,13,CRIME_PROPERTY,police,2
2026-06-27,13,DARK_SPOT_SAFETY,grievance,1
2026-06-27,13,ENCROACHMENT,grievance,1
2026-06-27,13,FLOOD_WATERLOGGING,grievance,1
2026-06-27,13,PUBLIC_ORDER,police,1
2026-06-27,13,ROAD_ACCIDENT,police,1
2026-06-27,13,ROAD_DAMAGE,grievance,1
2026-06-27,13,SANITATION_TOILETS,grievance,1
2026-06-27,14,DRAINAGE_SEWAGE,grievance,1
2026-06-27,14,SOLID_WASTE,grievance,3
2026-06-27,15,CRIME_PROPERTY,police,1
2026-06-27,15,ROAD_ACCIDENT,police,2
2026-06-27,15,SOLID_WASTE,grievance,1
2026-06-27,15,STREETLIGHT_ELECTRICAL,grievance,2
2026-06-27,,CRIME_PROPERTY,police,1
2026-06-28,1,CRIME_PROPERTY,police,1
2026-06-28,1,STREETLIGHT_ELECTRICAL,grievance,1
2026-06-28,1,TRAFFIC_OBSTRUCTION,police,1
2026-06-28,2,CRIME_PROPERTY,police,1
2026-06-28,3,CRIME_VIOLENT,police,4
2026-06-28,3,HEALTH_SERVICES,grievance,1
2026-06-28,3,SOLID_WASTE,grievance,1
2026-06-28,4,BUILDING_SAFETY,pwd,1
2026-06-28,4,PUBLIC_ORDER,police,2
2026-06-28,4,ROAD_ACCIDENT,police,2
2026-06-28,4,ROAD_DAMAGE,grievance,1
2026-06-28,4,SOLID_WASTE,grievance,2
2026-06-28,4,TRAFFIC_OBSTRUCTION,police,1
2026-06-28,5,DARK_SPOT_SAFETY,grievance,1
2026-06-28,5,ROAD_ACCIDENT,police,2
2026-06-28,5,TRAFFIC_OBSTRUCTION,police,1
2026-06-28,6,ADMIN_SERVICES,grievance,1
2026-06-28,6,DRAINAGE_SEWAGE,grievance,1
2026-06-28,6,ENCROACHMENT,pwd,2
2026-06-28,6,FLOOD_WATERLOGGING,grievance,2
2026-06-28,6,MISSING_PERSON,police,4
2026-06-28,6,OTHER,grievance,1
2026-06-28,6,PUBLIC_ORDER,police,1
2026-06-28,6,ROAD_ACCIDENT,police,2
2026-06-28,6,SOLID_WASTE,grievance,1
2026-06-28,6,STREETLIGHT_ELECTRICAL,grievance,3
2026-06-28,6,TRAFFIC_OBSTRUCTION,grievance,1
2026-06-28,7,CRIME_PROPERTY,police,3
2026-06-28,7,CRIME_VIOLENT,police,1
2026-06-28,7,DARK_SPOT_SAFETY,grievance,1
2026-06-28,7,DRAINAGE_SEWAGE,grievance,2
2026-06-28,7,HEALTH_SERVICES,grievance,1
2026-06-28,7,ROAD_ACCIDENT,police,2
2026-06-28,7,SANITATION_TOILETS,grievance,1
2026-06-28,7,STREETLIGHT_ELECTRICAL,grievance,2
2026-06-28,7,VECTOR_DISEASE,grievance,1
2026-06-28,8,CRIME_PROPERTY,police,4
2026-06-28,8,CRIME_VIOLENT,police,4
2026-06-28,8,DRAIN_WORKS_SAFETY,grievance,1
2026-06-28,8,FLOOD_WATERLOGGING,grievance,1
2026-06-28,8,FLOOD_WATERLOGGING,pwd,1
2026-06-28,8,FOOD_SAFETY,grievance,1
2026-06-28,8,PUBLIC_ORDER,police,1
2026-06-28,8,ROAD_ACCIDENT,police,2
2026-06-28,8,SOLID_WASTE,grievance,2
2026-06-28,8,STREETLIGHT_ELECTRICAL,grievance,1
2026-06-28,8,TRAFFIC_OBSTRUCTION,police,5
2026-06-28,9,ADMIN_SERVICES,grievance,2
2026-06-28,9,DARK_SPOT_SAFETY,grievance,1
2026-06-28,9,DRAIN_WORKS_SAFETY,grievance,1
2026-06-28,9,FOOD_SAFETY,grievance,1
2026-06-28,9,PUBLIC_ORDER,police,3
2026-06-28,9,ROAD_DAMAGE,grievance,1
2026-06-28,9,SANITATION_TOILETS,grievance,2
2026-06-28,9,STRAY_ANIMALS,grievance,2
2026-06-28,9,STREETLIGHT_ELECTRICAL,grievance,2
2026-06-28,10,ADMIN_SERVICES,grievance,1
2026-06-28,10,CRIME_PROPERTY,police,2
2026-06-28,10,ENCROACHMENT,grievance,1
2026-06-28,10,MISSING_PERSON,police,1
2026-06-28,10,OTHER,grievance,1
2026-06-28,10,PUBLIC_ORDER,police,2
2026-06-28,10,ROAD_ACCIDENT,police,2
2026-06-28,10,SOLID_WASTE,grievance,2
2026-06-28,10,STREETLIGHT_ELECTRICAL,grievance,2
2026-06-28,10,VECTOR_DISEASE,grievance,1
2026-06-28,11,ROAD_ACCIDENT,police,1
2026-06-28,11,ROAD_DAMAGE,grievance,1
2026-06-28,12,ADMIN_SERVICES,grievance,1
2026-06-28,12,CRIME_VIOLENT,police,3
2026-06-28,12,DRUGS_LIQUOR,police,4
2026-06-28,12,SOLID_WASTE,grievance,1
2026-06-28,12,STRAY_ANIMALS,grievance,1
2026-06-28,12,STRAY_ANIMALS,police,1
2026-06-28,13,ADMIN_SERVICES,grievance,1
2026-06-28,13,CRIME_VIOLENT,police,2
2026-06-28,13,ENCROACHMENT,pwd,1
2026-06-28,13,FOOD_SAFETY,grievance,1
2026-06-28,13,PUBLIC_ORDER,police,1
2026-06-28,13,ROAD_ACCIDENT,police,1
2026-06-28,13,ROAD_DAMAGE,grievance,1
2026-06-28,13,SOLID_WASTE,grievance,2
2026-06-28,14,DARK_SPOT_SAFETY,grievance,1
2026-06-28,14,MISSING_PERSON,police,1
2026-06-28,14,ROAD_DAMAGE,grievance,2
2026-06-28,15,CRIME_PROPERTY,police,4
2026-06-28,15,CRIME_VIOLENT,police,2
2026-06-28,15,DRAINAGE_SEWAGE,grievance,1
2026-06-28,15,ENCROACHMENT,pwd,1
2026-06-28,15,OTHER,grievance,1
2026-06-29,1,ADMIN_SERVICES,grievance,1
2026-06-29,1,CRIME_PROPERTY,police,2
2026-06-29,1,DRAINAGE_SEWAGE,grievance,1
2026-06-29,1,DRAINAGE_SEWAGE,pwd,1
2026-06-29,1,DRUGS_LIQUOR,police,1
2026-06-29,1,FLOOD_WATERLOGGING,grievance,1
2026-06-29,1,ROAD_ACCIDENT,police,1
2026-06-29,1,SOLID_WASTE,grievance,2
2026-06-29,1,STREETLIGHT_ELECTRICAL,grievance,1
2026-06-29,1,TRAFFIC_OBSTRUCTION,police,1
2026-06-29,2,CRIME_VIOLENT,police,1
2026-06-29,2,ROAD_ACCIDENT,police,1
2026-06-29,2,VECTOR_DISEASE,grievance,1
2026-06-29,3,CRIME_PROPERTY,police,1
2026-06-29,3,CRIME_VIOLENT,police,1
2026-06-29,3,DARK_SPOT_SAFETY,grievance,1
2026-06-29,3,FLOOD_WATERLOGGING,pwd,1
2026-06-29,3,MISSING_PERSON,police,2
2026-06-29,3,SOLID_WASTE,grievance,2
2026-06-29,3,STRAY_ANIMALS,grievance,2
2026-06-29,4,CRIME_PROPERTY,police,1
2026-06-29,4,CRIME_VIOLENT,police,1
2026-06-29,4,DARK_SPOT_SAFETY,grievance,1
2026-06-29,4,DRAINAGE_SEWAGE,grievance,3
2026-06-29,4,ROAD_ACCIDENT,police,1
2026-06-29,4,ROAD_DAMAGE,grievance,2
2026-06-29,4,SANITATION_TOILETS,grievance,1
2026-06-29,4,SOLID_WASTE,grievance,7
2026-06-29,4,STREETLIGHT_ELECTRICAL,grievance,1
2026-06-29,4,TRAFFIC_OBSTRUCTION,police,2
2026-06-29,5,BUILDING_SAFETY,pwd,1
2026-06-29,5,CRIME_PROPERTY,police,2
2026-06-29,5,DRAINAGE_SEWAGE,grievance,1
2026-06-29,5,DRAIN_WORKS_SAFETY,grievance,1
2026-06-29,5,OTHER,grievance,1
2026-06-29,5,PUBLIC_ORDER,police,2
2026-06-29,5,ROAD_DAMAGE,grievance,1
2026-06-29,5,SOLID_WASTE,grievance,4
2026-06-29,6,ADMIN_SERVICES,grievance,3
2026-06-29,6,CRIME_PROPERTY,police,4
2026-06-29,6,CRIME_VIOLENT,police,2
2026-06-29,6,DRAINAGE_SEWAGE,grievance,1
2026-06-29,6,ENCROACHMENT,pwd,1
2026-06-29,6,OTHER,grievance,1
2026-06-29,6,PUBLIC_ORDER,police,1
2026-06-29,6,PUBLIC_WORKS,grievance,1
2026-06-29,6,ROAD_ACCIDENT,police,1
2026-06-29,6,ROAD_DAMAGE,grievance,1
2026-06-29,6,SANITATION_TOILETS,grievance,1
2026-06-29,6,SOLID_WASTE,grievance,1
2026-06-29,7,CRIME_PROPERTY,police,1
2026-06-29,7,DARK_SPOT_SAFETY,grievance,1
2026-06-29,7,DRAINAGE_SEWAGE,grievance,2
2026-06-29,7,DRAINAGE_SEWAGE,pwd,1
2026-06-29,7,ENCROACHMENT,grievance,2
2026-06-29,7,PUBLIC_ORDER,police,4
2026-06-29,7,ROAD_ACCIDENT,police,1
2026-06-29,7,SANITATION_TOILETS,grievance,2
2026-06-29,7,SOLID_WASTE,grievance,4
2026-06-29,7,STRAY_ANIMALS,grievance,2
2026-06-29,7,WATERBODY_INFRA,pwd,1
2026-06-29,8,CIVIC_FACILITIES,grievance,1
2026-06-29,8,CRIME_PROPERTY,police,2
2026-06-29,8,CRIME_VIOLENT,police,1
2026-06-29,8,DRAINAGE_SEWAGE,pwd,1
2026-06-29,8,FLOOD_WATERLOGGING,police,1
2026-06-29,8,PUBLIC_ORDER,police,3
2026-06-29,8,ROAD_ACCIDENT,police,4
2026-06-29,8,ROAD_DAMAGE,grievance,1
2026-06-29,8,SOLID_WASTE,grievance,6
2026-06-29,8,STREETLIGHT_ELECTRICAL,grievance,2
2026-06-29,8,TRAFFIC_OBSTRUCTION,police,1
2026-06-29,8,WATERBODY_INFRA,pwd,1
2026-06-29,9,CRIME_PROPERTY,police,1
2026-06-29,9,DRAIN_WORKS_SAFETY,grievance,1
2026-06-29,9,MISSING_PERSON,police,2
2026-06-29,9,PUBLIC_ORDER,police,1
2026-06-29,9,SANITATION_TOILETS,grievance,1
2026-06-29,9,SOLID_WASTE,grievance,6
2026-06-29,9,STRAY_ANIMALS,grievance,2
2026-06-29,9,STREETLIGHT_ELECTRICAL,grievance,2
2026-06-29,9,VECTOR_DISEASE,grievance,1
2026-06-29,10,CRIME_PROPERTY,police,2
2026-06-29,10,DRAINAGE_SEWAGE,pwd,1
2026-06-29,10,FLOOD_WATERLOGGING,grievance,1
2026-06-29,10,PUBLIC_WORKS,grievance,2
2026-06-29,10,SANITATION_TOILETS,grievance,1
2026-06-29,10,SOLID_WASTE,grievance,3
2026-06-29,10,STREETLIGHT_ELECTRICAL,grievance,1
2026-06-29,10,TRAFFIC_OBSTRUCTION,police,1
2026-06-29,10,TREES_PARKS,grievance,1
2026-06-29,11,CIVIC_FACILITIES,grievance,1
2026-06-29,11,CRIME_PROPERTY,police,1
2026-06-29,11,DARK_SPOT_SAFETY,grievance,1
2026-06-29,11,DRAIN_WORKS_SAFETY,grievance,1
2026-06-29,11,PUBLIC_ORDER,police,2
2026-06-29,11,STREETLIGHT_ELECTRICAL,grievance,2
2026-06-29,12,ADMIN_SERVICES,grievance,1
2026-06-29,12,CRIME_PROPERTY,police,1
2026-06-29,12,CRIME_VIOLENT,police,2
2026-06-29,12,DRAINAGE_SEWAGE,grievance,1
2026-06-29,12,DRUGS_LIQUOR,police,1
2026-06-29,12,ROAD_ACCIDENT,police,1
2026-06-29,12,ROAD_DAMAGE,grievance,2
2026-06-29,12,SOLID_WASTE,grievance,1
2026-06-29,12,STREETLIGHT_ELECTRICAL,grievance,1
2026-06-29,13,CRIME_VIOLENT,police,1
2026-06-29,13,DRAINAGE_SEWAGE,pwd,4
2026-06-29,13,DRAIN_WORKS_SAFETY,grievance,1
2026-06-29,13,HEALTH_SERVICES,grievance,1
2026-06-29,13,PUBLIC_ORDER,police,1
2026-06-29,13,STREETLIGHT_ELECTRICAL,grievance,2
2026-06-29,13,VECTOR_DISEASE,grievance,1
2026-06-29,14,ADMIN_SERVICES,grievance,1
2026-06-29,14,ENCROACHMENT,grievance,1
2026-06-29,14,ROAD_DAMAGE,grievance,1
2026-06-29,14,SOLID_WASTE,grievance,2
2026-06-29,14,STREETLIGHT_ELECTRICAL,grievance,2
2026-06-29,15,CRIME_PROPERTY,police,3
2026-06-29,15,CRIME_VIOLENT,police,1
2026-06-29,15,DARK_SPOT_SAFETY,grievance,1
2026-06-29,15,FOOD_SAFETY,grievance,1
2026-06-29,15,PUBLIC_ORDER,police,1
2026-06-29,15,ROAD_ACCIDENT,police,3
2026-06-29,15,STREETLIGHT_ELECTRICAL,grievance,1
2026-06-29,15,TRAFFIC_OBSTRUCTION,police,1
2026-06-29,,CRIME_PROPERTY,police,1
2026-06-29,,CRIME_VIOLENT,police,1
2026-06-30,1,DRAINAGE_SEWAGE,grievance,1
2026-06-30,1,DRUGS_LIQUOR,police,2
2026-06-30,1,FLOOD_RELIEF,grievance,1
2026-06-30,1,PUBLIC_ORDER,police,3
2026-06-30,1,SOLID_WASTE,grievance,1
2026-06-30,1,TRAFFIC_OBSTRUCTION,police,1
2026-06-30,2,OTHER,grievance,1
2026-06-30,2,VECTOR_DISEASE,grievance,1
2026-06-30,3,ADMIN_SERVICES,grievance,1
2026-06-30,3,CRIME_PROPERTY,police,2
2026-06-30,3,ROAD_DAMAGE,grievance,1
2026-06-30,4,BUILDING_SAFETY,pwd,1
2026-06-30,4,CRIME_VIOLENT,police,2
2026-06-30,4,DRAINAGE_SEWAGE,grievance,1
2026-06-30,4,SANITATION_TOILETS,grievance,1
2026-06-30,4,SOLID_WASTE,grievance,1
2026-06-30,4,STREETLIGHT_ELECTRICAL,grievance,1
2026-06-30,5,CRIME_PROPERTY,police,4
2026-06-30,5,CRIME_VIOLENT,police,2
2026-06-30,5,DARK_SPOT_SAFETY,grievance,1
2026-06-30,5,FOOD_SAFETY,grievance,1
2026-06-30,5,OTHER,grievance,1
2026-06-30,5,PUBLIC_ORDER,police,1
2026-06-30,5,SOLID_WASTE,grievance,6
2026-06-30,5,STREETLIGHT_ELECTRICAL,grievance,1
2026-06-30,5,TREES_PARKS,grievance,1
2026-06-30,6,ADMIN_SERVICES,grievance,1
2026-06-30,6,CRIME_PROPERTY,police,3
2026-06-30,6,CRIME_VIOLENT,police,1
2026-06-30,6,DARK_SPOT_SAFETY,grievance,1
2026-06-30,6,DRAINAGE_SEWAGE,pwd,2
2026-06-30,6,DRUGS_LIQUOR,police,3
2026-06-30,6,ENCROACHMENT,grievance,1
2026-06-30,6,PUBLIC_ORDER,police,1
2026-06-30,6,ROAD_ACCIDENT,police,4
2026-06-30,6,SOLID_WASTE,grievance,2
2026-06-30,6,STREETLIGHT_ELECTRICAL,grievance,1
2026-06-30,7,BUILDING_SAFETY,pwd,1
2026-06-30,7,CRIME_PROPERTY,police,4
2026-06-30,7,DARK_SPOT_SAFETY,grievance,1
2026-06-30,7,DRAINAGE_SEWAGE,grievance,1
2026-06-30,7,HEALTH_SERVICES,grievance,1
2026-06-30,7,ROAD_ACCIDENT,police,1
2026-06-30,7,SOLID_WASTE,grievance,2
2026-06-30,7,TRAFFIC_OBSTRUCTION,police,2
2026-06-30,7,WATERBODY_INFRA,pwd,2
2026-06-30,8,CRIME_PROPERTY,police,3
2026-06-30,8,CRIME_VIOLENT,police,3
2026-06-30,8,DRAINAGE_SEWAGE,pwd,1
2026-06-30,8,DRAIN_WORKS_SAFETY,grievance,1
2026-06-30,8,FLOOD_WATERLOGGING,police,2
2026-06-30,8,PUBLIC_ORDER,police,1
2026-06-30,8,PUBLIC_WORKS,grievance,1
2026-06-30,8,SANITATION_TOILETS,grievance,2
2026-06-30,8,SOLID_WASTE,grievance,1
2026-06-30,8,TRAFFIC_OBSTRUCTION,police,2
2026-06-30,9,BUILDING_SAFETY,pwd,1
2026-06-30,9,CRIME_VIOLENT,police,1
2026-06-30,9,FLOOD_WATERLOGGING,pwd,1
2026-06-30,9,OTHER,grievance,1
2026-06-30,9,POLICE_OTHER,police,1
2026-06-30,9,SANITATION_TOILETS,grievance,1
2026-06-30,9,SOLID_WASTE,grievance,4
2026-06-30,9,STRAY_ANIMALS,grievance,1
2026-06-30,9,STREETLIGHT_ELECTRICAL,grievance,2
2026-06-30,9,TRAFFIC_OBSTRUCTION,police,1
2026-06-30,10,BUILDING_SAFETY,pwd,1
2026-06-30,10,CRIME_PROPERTY,police,1
2026-06-30,10,DRAINAGE_SEWAGE,grievance,2
2026-06-30,10,DRAIN_WORKS_SAFETY,grievance,1
2026-06-30,10,PUBLIC_ORDER,police,1
2026-06-30,10,SANITATION_TOILETS,grievance,1
2026-06-30,11,ENCROACHMENT,grievance,1
2026-06-30,11,FLOOD_WATERLOGGING,pwd,1
2026-06-30,11,PUBLIC_ORDER,police,2
2026-06-30,11,PUBLIC_WORKS,grievance,2
2026-06-30,11,SOLID_WASTE,grievance,2
2026-06-30,11,STREETLIGHT_ELECTRICAL,grievance,1
2026-06-30,12,CIVIC_FACILITIES,grievance,1
2026-06-30,12,CRIME_PROPERTY,police,3
2026-06-30,12,CRIME_VIOLENT,police,2
2026-06-30,12,DRAIN_WORKS_SAFETY,grievance,1
2026-06-30,12,PUBLIC_ORDER,police,1
2026-06-30,12,SANITATION_TOILETS,grievance,2
2026-06-30,12,WATERBODY_INFRA,pwd,1
2026-06-30,13,ADMIN_SERVICES,grievance,1
2026-06-30,13,CRIME_PROPERTY,police,1
2026-06-30,13,DARK_SPOT_SAFETY,grievance,3
2026-06-30,13,DRAINAGE_SEWAGE,pwd,2
2026-06-30,13,FLOOD_WATERLOGGING,grievance,1
2026-06-30,13,ROAD_DAMAGE,grievance,1
2026-06-30,13,SANITATION_TOILETS,grievance,1
2026-06-30,13,SOLID_WASTE,grievance,3
2026-06-30,13,STRAY_ANIMALS,grievance,1
2026-06-30,13,STREETLIGHT_ELECTRICAL,grievance,1
2026-06-30,14,ENCROACHMENT,grievance,1
2026-06-30,14,STREETLIGHT_ELECTRICAL,grievance,1
2026-06-30,15,CIVIC_FACILITIES,grievance,1
2026-06-30,15,CRIME_PROPERTY,police,3
2026-06-30,15,PUBLIC_ORDER,police,1
2026-06-30,15,ROAD_ACCIDENT,police,2
2026-06-30,15,SANITATION_TOILETS,grievance,1
2026-06-30,15,STRAY_ANIMALS,grievance,1
2026-07-01,1,DARK_SPOT_SAFETY,grievance,1
2026-07-01,1,ENCROACHMENT,pwd,1
2026-07-01,1,FLOOD_WATERLOGGING,pwd,1
2026-07-01,1,PUBLIC_ORDER,police,1
2026-07-01,1,ROAD_ACCIDENT,police,1
2026-07-01,1,SOLID_WASTE,grievance,2
2026-07-01,1,STREETLIGHT_ELECTRICAL,grievance,1
2026-07-01,1,TREES_PARKS,grievance,1
2026-07-01,2,ADMIN_SERVICES,grievance,1
2026-07-01,2,CRIME_PROPERTY,police,1
2026-07-01,3,ADMIN_SERVICES,grievance,1
2026-07-01,3,CRIME_PROPERTY,police,3
2026-07-01,3,DRAIN_WORKS_SAFETY,grievance,1
2026-07-01,4,CIVIC_FACILITIES,grievance,1
2026-07-01,4,ENCROACHMENT,pwd,1
2026-07-01,4,FLOOD_RELIEF,grievance,1
2026-07-01,4,PUBLIC_ORDER,police,1
2026-07-01,4,ROAD_DAMAGE,grievance,1
2026-07-01,4,SOLID_WASTE,grievance,1
2026-07-01,4,STRAY_ANIMALS,grievance,1
2026-07-01,4,STREETLIGHT_ELECTRICAL,police,1
2026-07-01,4,TRAFFIC_OBSTRUCTION,police,1
2026-07-01,5,BUILDING_SAFETY,pwd,1
2026-07-01,5,CRIME_PROPERTY,police,4
2026-07-01,5,CRIME_VIOLENT,police,1
2026-07-01,5,ENCROACHMENT,grievance,2
2026-07-01,5,PUBLIC_ORDER,police,1
2026-07-01,5,SANITATION_TOILETS,grievance,1
2026-07-01,5,SOLID_WASTE,grievance,3
2026-07-01,5,STRAY_ANIMALS,grievance,1
2026-07-01,6,BUILDING_SAFETY,pwd,1
2026-07-01,6,CRIME_PROPERTY,police,2
2026-07-01,6,DRAINAGE_SEWAGE,grievance,1
2026-07-01,6,DRAIN_WORKS_SAFETY,grievance,1
2026-07-01,6,ENCROACHMENT,grievance,2
2026-07-01,6,FOOD_SAFETY,grievance,1
2026-07-01,6,PUBLIC_ORDER,police,2
2026-07-01,6,ROAD_ACCIDENT,police,2
2026-07-01,6,SOLID_WASTE,grievance,2
2026-07-01,6,STREETLIGHT_ELECTRICAL,grievance,2
2026-07-01,6,VECTOR_DISEASE,grievance,1
2026-07-01,7,CRIME_PROPERTY,police,1
2026-07-01,7,DRAIN_WORKS_SAFETY,grievance,1
2026-07-01,7,DRUGS_LIQUOR,police,2
2026-07-01,7,FOOD_SAFETY,grievance,1
2026-07-01,7,PUBLIC_ORDER,police,1
2026-07-01,7,SOLID_WASTE,grievance,4
2026-07-01,8,ADMIN_SERVICES,grievance,1
2026-07-01,8,CRIME_PROPERTY,police,1
2026-07-01,8,DARK_SPOT_SAFETY,grievance,1
2026-07-01,8,DRAIN_WORKS_SAFETY,grievance,1
2026-07-01,8,DRUGS_LIQUOR,police,1
2026-07-01,8,ENCROACHMENT,grievance,1
2026-07-01,8,FLOOD_WATERLOGGING,police,2
2026-07-01,8,PUBLIC_WORKS,grievance,1
2026-07-01,8,ROAD_ACCIDENT,police,5
2026-07-01,8,ROAD_DAMAGE,grievance,1
2026-07-01,8,SANITATION_TOILETS,grievance,1
2026-07-01,8,SOLID_WASTE,grievance,1
2026-07-01,9,ADMIN_SERVICES,grievance,1
2026-07-01,9,BUILDING_SAFETY,pwd,1
2026-07-01,9,CRIME_PROPERTY,police,2
2026-07-01,9,DARK_SPOT_SAFETY,grievance,1
2026-07-01,9,FOOD_SAFETY,grievance,2
2026-07-01,9,ROAD_DAMAGE,grievance,2
2026-07-01,9,ROAD_DAMAGE,pwd,1
2026-07-01,9,SANITATION_TOILETS,grievance,1
2026-07-01,9,SOLID_WASTE,grievance,4
2026-07-01,9,VECTOR_DISEASE,grievance,1
2026-07-01,10,ADMIN_SERVICES,grievance,1
2026-07-01,10,CIVIC_FACILITIES,grievance,1
2026-07-01,10,CRIME_PROPERTY,police,1
2026-07-01,10,CRIME_VIOLENT,police,2
2026-07-01,10,ROAD_ACCIDENT,police,1
2026-07-01,10,SOLID_WASTE,grievance,1
2026-07-01,10,STRAY_ANIMALS,grievance,1
2026-07-01,10,STREETLIGHT_ELECTRICAL,grievance,1
2026-07-01,11,CRIME_VIOLENT,police,1
2026-07-01,11,DARK_SPOT_SAFETY,grievance,1
2026-07-01,11,FLOOD_WATERLOGGING,grievance,1
2026-07-01,11,OTHER,grievance,1
2026-07-01,11,STREETLIGHT_ELECTRICAL,grievance,1
2026-07-01,12,PUBLIC_ORDER,police,4
2026-07-01,12,ROAD_DAMAGE,grievance,1
2026-07-01,12,SANITATION_TOILETS,grievance,1
2026-07-01,12,WATERBODY_INFRA,pwd,1
2026-07-01,13,CIVIC_FACILITIES,grievance,1
2026-07-01,13,CRIME_PROPERTY,police,2
2026-07-01,13,DRAINAGE_SEWAGE,grievance,1
2026-07-01,13,DRAIN_WORKS_SAFETY,grievance,1
2026-07-01,13,ENCROACHMENT,grievance,2
2026-07-01,13,FLOOD_WATERLOGGING,grievance,1
2026-07-01,13,HEALTH_SERVICES,grievance,1
2026-07-01,13,PUBLIC_ORDER,police,1
2026-07-01,13,ROAD_ACCIDENT,police,1
2026-07-01,13,ROAD_DAMAGE,grievance,1
2026-07-01,13,SOLID_WASTE,grievance,3
2026-07-01,13,TRAFFIC_OBSTRUCTION,police,2
2026-07-01,13,TREES_PARKS,grievance,1
2026-07-01,14,CRIME_PROPERTY,police,1
2026-07-01,14,DRAIN_WORKS_SAFETY,grievance,1
2026-07-01,14,FLOOD_WATERLOGGING,grievance,1
2026-07-01,14,SOLID_WASTE,grievance,1
2026-07-01,14,STREETLIGHT_ELECTRICAL,grievance,1
2026-07-01,15,BUILDING_SAFETY,pwd,1
2026-07-01,15,CRIME_PROPERTY,police,1
2026-07-01,15,ENCROACHMENT,pwd,1
2026-07-01,15,PUBLIC_ORDER,police,3
2026-07-01,15,ROAD_DAMAGE,grievance,2
2026-07-01,15,SOLID_WASTE,grievance,1
2026-07-01,,DRUGS_LIQUOR,police,1
2026-07-01,,POLICE_OTHER,police,1
2026-07-02,1,CRIME_PROPERTY,police,3
2026-07-02,1,DRAINAGE_SEWAGE,pwd,1
2026-07-02,1,MISSING_PERSON,police,1
2026-07-02,1,SANITATION_TOILETS,grievance,1
2026-07-02,1,SOLID_WASTE,grievance,5
2026-07-02,1,STREETLIGHT_ELECTRICAL,grievance,1
2026-07-02,1,TRAFFIC_OBSTRUCTION,police,3
2026-07-02,2,DRAINAGE_SEWAGE,grievance,1
2026-07-02,2,ROAD_DAMAGE,grievance,1
2026-07-02,3,ADMIN_SERVICES,grievance,1
2026-07-02,3,CRIME_VIOLENT,police,1
2026-07-02,3,FLOOD_WATERLOGGING,grievance,1
2026-07-02,3,ROAD_ACCIDENT,police,2
2026-07-02,3,SOLID_WASTE,grievance,2
2026-07-02,3,STRAY_ANIMALS,grievance,1
2026-07-02,4,CRIME_VIOLENT,police,1
2026-07-02,4,DARK_SPOT_SAFETY,grievance,1
2026-07-02,4,DRAINAGE_SEWAGE,grievance,1
2026-07-02,4,DRAIN_WORKS_SAFETY,grievance,1
2026-07-02,4,DRUGS_LIQUOR,police,1
2026-07-02,4,PUBLIC_ORDER,police,2
2026-07-02,4,PUBLIC_WORKS,grievance,1
2026-07-02,4,SOLID_WASTE,grievance,2
2026-07-02,4,STRAY_ANIMALS,grievance,1
2026-07-02,4,STREETLIGHT_ELECTRICAL,grievance,1
2026-07-02,5,CRIME_PROPERTY,police,3
2026-07-02,5,DRAINAGE_SEWAGE,grievance,1
2026-07-02,5,DRAIN_WORKS_SAFETY,grievance,1
2026-07-02,5,ENCROACHMENT,pwd,1
2026-07-02,5,FOOD_SAFETY,grievance,1
2026-07-02,5,ROAD_DAMAGE,grievance,4
2026-07-02,5,SOLID_WASTE,grievance,1
2026-07-02,6,ADMIN_SERVICES,grievance,1
2026-07-02,6,DRAIN_WORKS_SAFETY,grievance,1
2026-07-02,6,OTHER,grievance,1
2026-07-02,6,ROAD_DAMAGE,grievance,1
2026-07-02,6,SOLID_WASTE,grievance,2
2026-07-02,6,STREETLIGHT_ELECTRICAL,grievance,2
2026-07-02,6,TRAFFIC_OBSTRUCTION,police,2
2026-07-02,6,TREES_PARKS,grievance,2
2026-07-02,7,ADMIN_SERVICES,grievance,2
2026-07-02,7,CRIME_PROPERTY,police,2
2026-07-02,7,DRUGS_LIQUOR,police,1
2026-07-02,7,ENCROACHMENT,grievance,1
2026-07-02,7,FLOOD_WATERLOGGING,pwd,1
2026-07-02,7,MISSING_PERSON,police,1
2026-07-02,7,PUBLIC_ORDER,police,2
2026-07-02,7,ROAD_DAMAGE,grievance,2
2026-07-02,7,SOLID_WASTE,grievance,3
2026-07-02,8,CRIME_PROPERTY,police,5
2026-07-02,8,CRIME_VIOLENT,police,1
2026-07-02,8,DRUGS_LIQUOR,police,1
2026-07-02,8,FLOOD_WATERLOGGING,police,2
2026-07-02,8,PUBLIC_ORDER,police,1
2026-07-02,8,ROAD_ACCIDENT,police,2
2026-07-02,8,ROAD_DAMAGE,grievance,3
2026-07-02,8,TRAFFIC_OBSTRUCTION,police,1
2026-07-02,9,ADMIN_SERVICES,grievance,2
2026-07-02,9,CRIME_PROPERTY,police,3
2026-07-02,9,CRIME_VIOLENT,police,1
2026-07-02,9,ENCROACHMENT,grievance,1
2026-07-02,9,HEALTH_SERVICES,grievance,1
2026-07-02,9,PUBLIC_ORDER,police,1
2026-07-02,9,ROAD_DAMAGE,grievance,2
2026-07-02,9,SANITATION_TOILETS,grievance,1
2026-07-02,9,SOLID_WASTE,grievance,5
2026-07-02,9,STREETLIGHT_ELECTRICAL,grievance,1
2026-07-02,9,TRAFFIC_OBSTRUCTION,police,5
2026-07-02,9,TREES_PARKS,grievance,2
2026-07-02,10,ADMIN_SERVICES,grievance,2
2026-07-02,10,BUILDING_SAFETY,pwd,1
2026-07-02,10,CRIME_PROPERTY,police,2
2026-07-02,10,CRIME_VIOLENT,police,1
2026-07-02,10,DRAINAGE_SEWAGE,grievance,1
2026-07-02,10,DRAIN_WORKS_SAFETY,grievance,2
2026-07-02,10,ENCROACHMENT,grievance,1
2026-07-02,10,HEALTH_SERVICES,grievance,1
2026-07-02,10,OTHER,grievance,1
2026-07-02,10,ROAD_ACCIDENT,police,1
2026-07-02,10,ROAD_DAMAGE,grievance,1
2026-07-02,10,SANITATION_TOILETS,grievance,1
2026-07-02,10,SOLID_WASTE,grievance,5
2026-07-02,11,ADMIN_SERVICES,grievance,1
2026-07-02,11,CRIME_PROPERTY,police,2
2026-07-02,11,CRIME_VIOLENT,police,1
2026-07-02,11,ENCROACHMENT,pwd,1
2026-07-02,11,PUBLIC_ORDER,police,1
2026-07-02,11,PUBLIC_WORKS,grievance,1
2026-07-02,11,ROAD_ACCIDENT,police,1
2026-07-02,11,SOLID_WASTE,grievance,1
2026-07-02,12,CRIME_PROPERTY,police,2
2026-07-02,12,DARK_SPOT_SAFETY,grievance,1
2026-07-02,12,ENCROACHMENT,pwd,1
2026-07-02,12,POLICE_OTHER,police,1
2026-07-02,12,ROAD_ACCIDENT,police,2
2026-07-02,12,STREETLIGHT_ELECTRICAL,grievance,1
2026-07-02,12,TREES_PARKS,grievance,1
2026-07-02,13,CRIME_PROPERTY,police,2
2026-07-02,13,CRIME_VIOLENT,police,2
2026-07-02,13,DRAIN_WORKS_SAFETY,grievance,1
2026-07-02,13,PUBLIC_ORDER,police,1
2026-07-02,13,PUBLIC_WORKS,grievance,1
2026-07-02,13,ROAD_ACCIDENT,police,1
2026-07-02,13,SOLID_WASTE,grievance,2
2026-07-02,13,STREETLIGHT_ELECTRICAL,grievance,1
2026-07-02,14,ADMIN_SERVICES,grievance,1
2026-07-02,14,ROAD_DAMAGE,grievance,1
2026-07-02,14,SOLID_WASTE,grievance,1
2026-07-02,14,TRAFFIC_OBSTRUCTION,police,1
2026-07-02,15,BUILDING_SAFETY,pwd,1
2026-07-02,15,CRIME_PROPERTY,police,1
2026-07-02,15,DRAIN_WORKS_SAFETY,grievance,1
2026-07-02,15,HEALTH_SERVICES,grievance,1
2026-07-02,15,ROAD_ACCIDENT,police,1
2026-07-02,15,SOLID_WASTE,grievance,2
2026-07-02,15,TRAFFIC_OBSTRUCTION,police,1
2026-07-03,1,CRIME_PROPERTY,police,1
2026-07-03,1,CRIME_VIOLENT,police,2
2026-07-03,1,TRAFFIC_OBSTRUCTION,police,2
2026-07-03,1,VECTOR_DISEASE,grievance,1
2026-07-03,2,SOLID_WASTE,grievance,2
2026-07-03,2,TRAFFIC_OBSTRUCTION,police,1
2026-07-03,3,CRIME_PROPERTY,police,1
2026-07-03,3,CRIME_VIOLENT,police,1
2026-07-03,3,ROAD_ACCIDENT,police,1
2026-07-03,3,STRAY_ANIMALS,grievance,1
2026-07-03,3,TRAFFIC_OBSTRUCTION,police,1
2026-07-03,4,ADMIN_SERVICES,grievance,1
2026-07-03,4,BUILDING_SAFETY,pwd,1
2026-07-03,4,DRAINAGE_SEWAGE,grievance,1
2026-07-03,4,MISSING_PERSON,police,1
2026-07-03,4,OTHER,grievance,1
2026-07-03,4,PUBLIC_ORDER,police,1
2026-07-03,4,ROAD_DAMAGE,grievance,2
2026-07-03,4,SANITATION_TOILETS,grievance,2
2026-07-03,4,SOLID_WASTE,grievance,4
2026-07-03,4,TREES_PARKS,grievance,1
2026-07-03,4,VECTOR_DISEASE,grievance,1
2026-07-03,5,BUILDING_SAFETY,pwd,1
2026-07-03,5,CRIME_PROPERTY,police,2
2026-07-03,5,DRUGS_LIQUOR,police,1
2026-07-03,5,HEALTH_SERVICES,hospital,1
2026-07-03,5,PUBLIC_WORKS,grievance,1
2026-07-03,5,ROAD_DAMAGE,grievance,2
2026-07-03,5,STREETLIGHT_ELECTRICAL,grievance,2
2026-07-03,5,TRAFFIC_OBSTRUCTION,police,1
2026-07-03,6,ADMIN_SERVICES,grievance,1
2026-07-03,6,BUILDING_SAFETY,pwd,1
2026-07-03,6,CRIME_PROPERTY,police,1
2026-07-03,6,CRIME_VIOLENT,police,1
2026-07-03,6,DARK_SPOT_SAFETY,grievance,1
2026-07-03,6,DRAINAGE_SEWAGE,pwd,2
2026-07-03,6,FLOOD_WATERLOGGING,pwd,1
2026-07-03,6,ROAD_ACCIDENT,police,3
2026-07-03,6,SOLID_WASTE,grievance,2
2026-07-03,6,STREETLIGHT_ELECTRICAL,grievance,1
2026-07-03,6,TRAFFIC_OBSTRUCTION,police,2
2026-07-03,7,CRIME_PROPERTY,police,1
2026-07-03,7,DRAINAGE_SEWAGE,grievance,1
2026-07-03,7,ENCROACHMENT,pwd,1
2026-07-03,7,FOOD_SAFETY,grievance,1
2026-07-03,7,POLICE_OTHER,police,1
2026-07-03,7,ROAD_DAMAGE,grievance,1
2026-07-03,7,SANITATION_TOILETS,grievance,1
2026-07-03,8,ADMIN_SERVICES,grievance,1
2026-07-03,8,BUILDING_SAFETY,police,1
2026-07-03,8,BUILDING_SAFETY,pwd,1
2026-07-03,8,CRIME_PROPERTY,police,2
2026-07-03,8,ENCROACHMENT,pwd,1
2026-07-03,8,PUBLIC_ORDER,police,1
2026-07-03,8,PUBLIC_WORKS,grievance,1
2026-07-03,8,ROAD_ACCIDENT,police,2
2026-07-03,8,SANITATION_TOILETS,grievance,1
2026-07-03,8,SOLID_WASTE,grievance,1
2026-07-03,8,STREETLIGHT_ELECTRICAL,grievance,2
2026-07-03,9,AIR_POLLUTION,grievance,1
2026-07-03,9,DRAIN_WORKS_SAFETY,grievance,1
2026-07-03,9,FLOOD_WATERLOGGING,grievance,1
2026-07-03,9,OTHER,pwd,1
2026-07-03,9,ROAD_ACCIDENT,police,1
2026-07-03,9,SOLID_WASTE,grievance,2
2026-07-03,9,STREETLIGHT_ELECTRICAL,grievance,2
2026-07-03,9,TREES_PARKS,grievance,1
2026-07-03,10,CRIME_PROPERTY,police,7
2026-07-03,10,CRIME_VIOLENT,police,1
2026-07-03,10,DRAINAGE_SEWAGE,grievance,2
2026-07-03,10,DRUGS_LIQUOR,police,1
2026-07-03,10,MISSING_PERSON,police,1
2026-07-03,10,PUBLIC_ORDER,police,1
2026-07-03,10,ROAD_ACCIDENT,police,1
2026-07-03,10,SOLID_WASTE,grievance,2
2026-07-03,10,TRAFFIC_OBSTRUCTION,police,2
2026-07-03,11,ADMIN_SERVICES,grievance,1
2026-07-03,11,CRIME_PROPERTY,police,1
2026-07-03,11,CRIME_VIOLENT,police,2
2026-07-03,11,ENCROACHMENT,pwd,1
2026-07-03,11,OTHER,grievance,1
2026-07-03,11,SOLID_WASTE,grievance,3
2026-07-03,12,CRIME_PROPERTY,police,1
2026-07-03,12,FLOOD_WATERLOGGING,grievance,1
2026-07-03,12,PUBLIC_ORDER,police,1
2026-07-03,12,ROAD_ACCIDENT,police,3
2026-07-03,12,TRAFFIC_OBSTRUCTION,police,1
2026-07-03,12,TREES_PARKS,grievance,1
2026-07-03,12,WATERBODY_INFRA,pwd,1
2026-07-03,13,CRIME_PROPERTY,police,1
2026-07-03,13,CRIME_VIOLENT,police,2
2026-07-03,13,ENCROACHMENT,grievance,1
2026-07-03,13,FLOOD_WATERLOGGING,police,1
2026-07-03,13,MISSING_PERSON,police,1
2026-07-03,13,PUBLIC_ORDER,police,5
2026-07-03,13,ROAD_ACCIDENT,police,5
2026-07-03,13,ROAD_DAMAGE,grievance,1
2026-07-03,13,STREETLIGHT_ELECTRICAL,grievance,2
2026-07-03,13,TRAFFIC_OBSTRUCTION,police,1
2026-07-03,13,TREES_PARKS,grievance,2
2026-07-03,14,CRIME_VIOLENT,police,1
2026-07-03,14,SOLID_WASTE,grievance,2
2026-07-03,15,CRIME_PROPERTY,police,1
2026-07-03,15,CRIME_VIOLENT,police,1
2026-07-03,15,ENCROACHMENT,grievance,1
2026-07-03,15,PUBLIC_ORDER,police,1
2026-07-03,15,ROAD_DAMAGE,grievance,1
2026-07-03,15,SOLID_WASTE,grievance,1
2026-07-03,15,STREETLIGHT_ELECTRICAL,grievance,1
2026-07-04,1,ADMIN_SERVICES,grievance,1
2026-07-04,1,CIVIC_FACILITIES,grievance,1
2026-07-04,1,CRIME_VIOLENT,police,1
2026-07-04,1,FOOD_SAFETY,grievance,1
2026-07-04,1,PUBLIC_ORDER,police,1
2026-07-04,1,ROAD_DAMAGE,grievance,1
2026-07-04,1,STREETLIGHT_ELECTRICAL,grievance,1
2026-07-04,2,ENCROACHMENT,grievance,1
2026-07-04,2,STREETLIGHT_ELECTRICAL,grievance,1
2026-07-04,3,CRIME_PROPERTY,police,1
2026-07-04,3,DRAINAGE_SEWAGE,grievance,1
2026-07-04,3,PUBLIC_ORDER,police,2
2026-07-04,3,ROAD_ACCIDENT,police,1
2026-07-04,3,ROAD_DAMAGE,grievance,1
2026-07-04,3,SOLID_WASTE,grievance,2
2026-07-04,4,DRAINAGE_SEWAGE,grievance,1
2026-07-04,4,ENCROACHMENT,grievance,1
2026-07-04,4,ROAD_ACCIDENT,police,1
2026-07-04,4,ROAD_DAMAGE,grievance,2
2026-07-04,4,SANITATION_TOILETS,grievance,1
2026-07-04,4,SOLID_WASTE,grievance,1
2026-07-04,5,BUILDING_SAFETY,pwd,1
2026-07-04,5,CRIME_PROPERTY,police,3
2026-07-04,5,CRIME_VIOLENT,police,1
2026-07-04,5,DARK_SPOT_SAFETY,grievance,1
2026-07-04,5,DRAINAGE_SEWAGE,grievance,1
2026-07-04,5,FLOOD_RELIEF,grievance,1
2026-07-04,5,MISSING_PERSON,police,2
2026-07-04,5,OTHER,grievance,1
2026-07-04,5,ROAD_ACCIDENT,police,6
2026-07-04,5,ROAD_DAMAGE,grievance,2
2026-07-04,5,SOLID_WASTE,grievance,2
2026-07-04,5,STREETLIGHT_ELECTRICAL,grievance,1
2026-07-04,5,TRAFFIC_OBSTRUCTION,police,1
2026-07-04,6,DRAINAGE_SEWAGE,grievance,2
2026-07-04,6,FLOOD_WATERLOGGING,grievance,1
2026-07-04,6,HEALTH_SERVICES,grievance,1
2026-07-04,6,OTHER,grievance,1
2026-07-04,6,PUBLIC_ORDER,police,1
2026-07-04,6,ROAD_ACCIDENT,police,1
2026-07-04,6,ROAD_DAMAGE,grievance,1
2026-07-04,6,SOLID_WASTE,grievance,2
2026-07-04,6,STREETLIGHT_ELECTRICAL,grievance,1
2026-07-04,6,TRAFFIC_OBSTRUCTION,police,1
2026-07-04,7,CRIME_PROPERTY,police,4
2026-07-04,7,POLICE_OTHER,police,3
2026-07-04,7,ROAD_ACCIDENT,police,1
2026-07-04,7,SOLID_WASTE,grievance,1
2026-07-04,7,STREETLIGHT_ELECTRICAL,grievance,1
2026-07-04,7,WATERBODY_INFRA,pwd,1
2026-07-04,8,CRIME_PROPERTY,police,5
2026-07-04,8,OTHER,grievance,1
2026-07-04,8,PUBLIC_ORDER,police,5
2026-07-04,8,PUBLIC_WORKS,grievance,1
2026-07-04,8,SANITATION_TOILETS,grievance,3
2026-07-04,8,SOLID_WASTE,grievance,1
2026-07-04,8,TRAFFIC_OBSTRUCTION,police,3
2026-07-04,9,AIR_POLLUTION,grievance,1
2026-07-04,9,BUILDING_SAFETY,pwd,1
2026-07-04,9,DRAINAGE_SEWAGE,grievance,1
2026-07-04,9,DRAIN_WORKS_SAFETY,grievance,1
2026-07-04,9,DRUGS_LIQUOR,police,1
2026-07-04,9,PUBLIC_ORDER,police,1
2026-07-04,9,ROAD_DAMAGE,pwd,1
2026-07-04,9,SANITATION_TOILETS,grievance,1
2026-07-04,9,SOLID_WASTE,grievance,3
2026-07-04,9,STREETLIGHT_ELECTRICAL,grievance,1
2026-07-04,10,ADMIN_SERVICES,grievance,1
2026-07-04,10,CRIME_PROPERTY,police,5
2026-07-04,10,DRAINAGE_SEWAGE,grievance,2
2026-07-04,10,FLOOD_RELIEF,grievance,1
2026-07-04,10,ROAD_ACCIDENT,police,1
2026-07-04,10,SOLID_WASTE,grievance,5
2026-07-04,10,VECTOR_DISEASE,grievance,1
2026-07-04,11,CRIME_PROPERTY,police,2
2026-07-04,11,PUBLIC_WORKS,grievance,1
2026-07-04,11,ROAD_DAMAGE,grievance,2
2026-07-04,11,VECTOR_DISEASE,grievance,2
2026-07-04,12,DRAINAGE_SEWAGE,grievance,1
2026-07-04,12,ROAD_DAMAGE,grievance,2
2026-07-04,12,SANITATION_TOILETS,grievance,1
2026-07-04,12,SOLID_WASTE,grievance,1
2026-07-04,12,STRAY_ANIMALS,grievance,1
2026-07-04,13,ADMIN_SERVICES,grievance,2
2026-07-04,13,BUILDING_SAFETY,pwd,1
2026-07-04,13,CRIME_PROPERTY,police,4
2026-07-04,13,DRAINAGE_SEWAGE,grievance,1
2026-07-04,13,FLOOD_WATERLOGGING,pwd,1
2026-07-04,13,HEALTH_SERVICES,grievance,1
2026-07-04,13,MISSING_PERSON,police,1
2026-07-04,13,ROAD_ACCIDENT,police,3
2026-07-04,13,ROAD_DAMAGE,grievance,1
2026-07-04,13,SOLID_WASTE,grievance,1
2026-07-04,13,STREETLIGHT_ELECTRICAL,grievance,2
2026-07-04,14,ADMIN_SERVICES,grievance,1
2026-07-04,14,CRIME_PROPERTY,police,1
2026-07-04,14,ROAD_ACCIDENT,police,2
2026-07-04,14,STREETLIGHT_ELECTRICAL,grievance,1
2026-07-04,15,CRIME_PROPERTY,police,1
2026-07-04,15,CRIME_VIOLENT,police,3
2026-07-04,15,ROAD_ACCIDENT,police,2
2026-07-04,,ENCROACHMENT,news,1
2026-07-04,,ROAD_ACCIDENT,news,1
2026-07-04,,WATER_SUPPLY,news,2
2026-07-05,1,CRIME_PROPERTY,police,1
2026-07-05,1,FLOOD_WATERLOGGING,grievance,1
2026-07-05,1,MISSING_PERSON,police,1
2026-07-05,1,PUBLIC_ORDER,police,1
2026-07-05,1,PUBLIC_WORKS,grievance,1
2026-07-05,1,SOLID_WASTE,grievance,2
2026-07-05,1,VECTOR_DISEASE,grievance,1
2026-07-05,2,CRIME_PROPERTY,police,1
2026-07-05,2,FLOOD_WATERLOGGING,grievance,1
2026-07-05,3,CRIME_VIOLENT,news,1
2026-07-05,3,DRAINAGE_SEWAGE,grievance,1
2026-07-05,3,SOLID_WASTE,grievance,2
2026-07-05,4,CRIME_PROPERTY,police,1
2026-07-05,4,CRIME_VIOLENT,police,1
2026-07-05,4,ENCROACHMENT,grievance,1
2026-07-05,4,FLOOD_RELIEF,grievance,1
2026-07-05,4,FLOOD_WATERLOGGING,grievance,1
2026-07-05,4,MISSING_PERSON,police,1
2026-07-05,4,POLICE_OTHER,police,1
2026-07-05,4,PUBLIC_ORDER,police,2
2026-07-05,4,ROAD_DAMAGE,grievance,1
2026-07-05,4,SANITATION_TOILETS,grievance,1
2026-07-05,4,SOLID_WASTE,grievance,1
2026-07-05,4,STRAY_ANIMALS,grievance,2
2026-07-05,4,STREETLIGHT_ELECTRICAL,grievance,1
2026-07-05,4,TRAFFIC_OBSTRUCTION,police,1
2026-07-05,5,BUILDING_SAFETY,pwd,1
2026-07-05,5,DARK_SPOT_SAFETY,grievance,1
2026-07-05,5,DRUGS_LIQUOR,police,1
2026-07-05,5,HEALTH_SERVICES,hospital,1
2026-07-05,5,PUBLIC_WORKS,grievance,1
2026-07-05,5,ROAD_ACCIDENT,police,2
2026-07-05,5,SANITATION_TOILETS,grievance,1
2026-07-05,5,SOLID_WASTE,grievance,2
2026-07-05,5,STREETLIGHT_ELECTRICAL,grievance,1
2026-07-05,5,TRAFFIC_OBSTRUCTION,police,3
2026-07-05,6,CRIME_VIOLENT,police,1
2026-07-05,6,ENCROACHMENT,grievance,1
2026-07-05,6,FLOOD_WATERLOGGING,grievance,1
2026-07-05,6,HEALTH_SERVICES,grievance,1
2026-07-05,6,PUBLIC_ORDER,police,1
2026-07-05,6,ROAD_ACCIDENT,police,3
2026-07-05,6,ROAD_DAMAGE,grievance,1
2026-07-05,6,SOLID_WASTE,grievance,1
2026-07-05,6,STRAY_ANIMALS,grievance,1
2026-07-05,6,STREETLIGHT_ELECTRICAL,grievance,1
2026-07-05,7,BUILDING_SAFETY,pwd,1
2026-07-05,7,CRIME_PROPERTY,police,2
2026-07-05,7,ROAD_ACCIDENT,police,1
2026-07-05,7,ROAD_DAMAGE,grievance,1
2026-07-05,7,SOLID_WASTE,grievance,4
2026-07-05,7,STREETLIGHT_ELECTRICAL,grievance,2
2026-07-05,7,WATERBODY_INFRA,pwd,1
2026-07-05,8,ADMIN_SERVICES,grievance,2
2026-07-05,8,CRIME_PROPERTY,police,5
2026-07-05,8,FOOD_SAFETY,grievance,1
2026-07-05,8,PUBLIC_ORDER,grievance,1
2026-07-05,8,PUBLIC_ORDER,police,1
2026-07-05,8,ROAD_ACCIDENT,police,1
2026-07-05,8,SANITATION_TOILETS,grievance,1
2026-07-05,8,SOLID_WASTE,grievance,1
2026-07-05,8,VECTOR_DISEASE,grievance,1
2026-07-05,9,CRIME_PROPERTY,police,1
2026-07-05,9,DRAINAGE_SEWAGE,grievance,1
2026-07-05,9,MISSING_PERSON,police,2
2026-07-05,9,OTHER,grievance,1
2026-07-05,9,PUBLIC_ORDER,police,1
2026-07-05,9,ROAD_ACCIDENT,police,2
2026-07-05,9,ROAD_DAMAGE,grievance,1
2026-07-05,9,ROAD_DAMAGE,pwd,1
2026-07-05,9,SANITATION_TOILETS,grievance,1
2026-07-05,9,SOLID_WASTE,grievance,2
2026-07-05,9,STREETLIGHT_ELECTRICAL,grievance,2
2026-07-05,10,CRIME_PROPERTY,police,1
2026-07-05,10,CRIME_VIOLENT,police,1
2026-07-05,10,DRAINAGE_SEWAGE,grievance,1
2026-07-05,10,DRUGS_LIQUOR,police,3
2026-07-05,10,FLOOD_WATERLOGGING,police,2
2026-07-05,10,PUBLIC_ORDER,police,1
2026-07-05,10,ROAD_ACCIDENT,police,1
2026-07-05,10,SOLID_WASTE,grievance,7
2026-07-05,10,SOLID_WASTE,news,1
2026-07-05,10,STRAY_ANIMALS,grievance,1
2026-07-05,10,STREETLIGHT_ELECTRICAL,grievance,2
2026-07-05,11,CRIME_VIOLENT,police,1
2026-07-05,11,DRAINAGE_SEWAGE,grievance,1
2026-07-05,11,DRAIN_WORKS_SAFETY,grievance,1
2026-07-05,11,FOOD_SAFETY,grievance,1
2026-07-05,11,OTHER,grievance,1
2026-07-05,11,ROAD_ACCIDENT,police,1
2026-07-05,11,ROAD_DAMAGE,grievance,1
2026-07-05,11,STREETLIGHT_ELECTRICAL,grievance,1
2026-07-05,11,TRAFFIC_OBSTRUCTION,police,1
2026-07-05,12,ADMIN_SERVICES,grievance,1
2026-07-05,12,CRIME_PROPERTY,police,2
2026-07-05,12,ROAD_ACCIDENT,police,1
2026-07-05,12,ROAD_DAMAGE,grievance,1
2026-07-05,12,SOLID_WASTE,grievance,1
2026-07-05,12,TRAFFIC_OBSTRUCTION,police,1
2026-07-05,13,ADMIN_SERVICES,grievance,1
2026-07-05,13,CRIME_PROPERTY,police,2
2026-07-05,13,HEALTH_SERVICES,grievance,1
2026-07-05,13,OTHER,grievance,1
2026-07-05,13,PUBLIC_ORDER,police,4
2026-07-05,13,ROAD_ACCIDENT,police,1
2026-07-05,13,SOLID_WASTE,grievance,2
2026-07-05,13,TRAFFIC_OBSTRUCTION,police,1
2026-07-05,14,CRIME_PROPERTY,police,1
2026-07-05,14,CRIME_VIOLENT,police,1
2026-07-05,14,DARK_SPOT_SAFETY,grievance,1
2026-07-05,14,SOLID_WASTE,grievance,2
2026-07-05,15,CRIME_PROPERTY,police,2
2026-07-05,15,PUBLIC_ORDER,police,1
2026-07-05,15,ROAD_ACCIDENT,police,3
2026-07-05,15,ROAD_DAMAGE,grievance,1
2026-07-05,15,STREETLIGHT_ELECTRICAL,grievance,1
2026-07-06,1,BUILDING_SAFETY,police,1
2026-07-06,1,BUILDING_SAFETY,pwd,1
2026-07-06,1,CRIME_PROPERTY,police,2
2026-07-06,1,MISSING_PERSON,police,1
2026-07-06,1,ROAD_DAMAGE,pwd,1
2026-07-06,1,SOLID_WASTE,grievance,1
2026-07-06,1,STREETLIGHT_ELECTRICAL,grievance,2
2026-07-06,1,TRAFFIC_OBSTRUCTION,police,1
2026-07-06,2,FLOOD_WATERLOGGING,grievance,1
2026-07-06,3,CRIME_PROPERTY,police,1
2026-07-06,3,CRIME_VIOLENT,news,1
2026-07-06,3,CRIME_VIOLENT,police,1
2026-07-06,3,DARK_SPOT_SAFETY,grievance,1
2026-07-06,3,DRUGS_LIQUOR,police,1
2026-07-06,3,PUBLIC_WORKS,grievance,1
2026-07-06,3,SANITATION_TOILETS,grievance,1
2026-07-06,3,SOLID_WASTE,grievance,1
2026-07-06,3,STREETLIGHT_ELECTRICAL,grievance,1
2026-07-06,3,TREES_PARKS,grievance,1
2026-07-06,4,ADMIN_SERVICES,grievance,1
2026-07-06,4,CRIME_PROPERTY,police,1
2026-07-06,4,CRIME_VIOLENT,police,2
2026-07-06,4,DARK_SPOT_SAFETY,grievance,1
2026-07-06,4,DRAINAGE_SEWAGE,grievance,2
2026-07-06,4,DRAINAGE_SEWAGE,pwd,2
2026-07-06,4,DRAIN_WORKS_SAFETY,grievance,1
2026-07-06,4,ENCROACHMENT,grievance,1
2026-07-06,4,OTHER,grievance,1
2026-07-06,4,PUBLIC_ORDER,police,1
2026-07-06,4,ROAD_ACCIDENT,police,1
2026-07-06,4,ROAD_DAMAGE,grievance,1
2026-07-06,4,SOLID_WASTE,grievance,1
2026-07-06,4,STREETLIGHT_ELECTRICAL,grievance,2
2026-07-06,4,TRAFFIC_OBSTRUCTION,police,3
2026-07-06,5,ADMIN_SERVICES,grievance,1
2026-07-06,5,BUILDING_SAFETY,pwd,1
2026-07-06,5,CRIME_PROPERTY,police,2
2026-07-06,5,FLOOD_WATERLOGGING,grievance,1
2026-07-06,5,ROAD_DAMAGE,grievance,1
2026-07-06,5,SANITATION_TOILETS,grievance,1
2026-07-06,5,SOLID_WASTE,grievance,4
2026-07-06,5,STREETLIGHT_ELECTRICAL,grievance,2
2026-07-06,5,TRAFFIC_OBSTRUCTION,grievance,1
2026-07-06,5,TRAFFIC_OBSTRUCTION,police,1
2026-07-06,6,CRIME_PROPERTY,police,2
2026-07-06,6,CRIME_VIOLENT,police,1
2026-07-06,6,DRAINAGE_SEWAGE,grievance,1
2026-07-06,6,DRAINAGE_SEWAGE,pwd,1
2026-07-06,6,FLOOD_WATERLOGGING,grievance,1
2026-07-06,6,FLOOD_WATERLOGGING,police,2
2026-07-06,6,HEALTH_SERVICES,grievance,1
2026-07-06,6,OTHER,pwd,1
2026-07-06,6,ROAD_ACCIDENT,news,1
2026-07-06,6,ROAD_ACCIDENT,police,3
2026-07-06,6,ROAD_DAMAGE,grievance,1
2026-07-06,6,SOLID_WASTE,grievance,3
2026-07-06,6,STREETLIGHT_ELECTRICAL,grievance,3
2026-07-06,6,STREETLIGHT_ELECTRICAL,news,1
2026-07-06,6,TRAFFIC_OBSTRUCTION,police,1
2026-07-06,6,TREES_PARKS,grievance,2
2026-07-06,7,CRIME_PROPERTY,police,3
2026-07-06,7,DARK_SPOT_SAFETY,grievance,1
2026-07-06,7,FLOOD_WATERLOGGING,grievance,1
2026-07-06,7,PUBLIC_ORDER,police,1
2026-07-06,7,ROAD_ACCIDENT,police,2
2026-07-06,7,ROAD_DAMAGE,grievance,2
2026-07-06,7,SOLID_WASTE,grievance,2
2026-07-06,7,STREETLIGHT_ELECTRICAL,grievance,1
2026-07-06,8,DRAINAGE_SEWAGE,pwd,2
2026-07-06,8,DRUGS_LIQUOR,police,1
2026-07-06,8,ENCROACHMENT,grievance,1
2026-07-06,8,HEALTH_SERVICES,grievance,1
2026-07-06,8,PUBLIC_ORDER,police,1
2026-07-06,8,SOLID_WASTE,grievance,1
2026-07-06,8,STRAY_ANIMALS,grievance,1
2026-07-06,8,STREETLIGHT_ELECTRICAL,grievance,1
2026-07-06,9,ADMIN_SERVICES,grievance,2
2026-07-06,9,CIVIC_FACILITIES,grievance,1
2026-07-06,9,DRAIN_WORKS_SAFETY,grievance,1
2026-07-06,9,ENCROACHMENT,grievance,1
2026-07-06,9,FLOOD_WATERLOGGING,grievance,1
2026-07-06,9,PUBLIC_ORDER,police,3
2026-07-06,9,SANITATION_TOILETS,grievance,2
2026-07-06,9,SOLID_WASTE,grievance,2
2026-07-06,9,TRAFFIC_OBSTRUCTION,police,1
2026-07-06,10,CRIME_PROPERTY,police,2
2026-07-06,10,CRIME_VIOLENT,police,2
2026-07-06,10,FLOOD_WATERLOGGING,grievance,1
2026-07-06,10,FOOD_SAFETY,grievance,1
2026-07-06,10,MISSING_PERSON,police,1
2026-07-06,10,PUBLIC_ORDER,police,1
2026-07-06,10,SANITATION_TOILETS,grievance,2
2026-07-06,11,CRIME_PROPERTY,police,1
2026-07-06,11,DRAINAGE_SEWAGE,grievance,1
2026-07-06,11,PUBLIC_ORDER,police,3
2026-07-06,11,ROAD_ACCIDENT,police,3
2026-07-06,11,ROAD_DAMAGE,grievance,1
2026-07-06,11,STREETLIGHT_ELECTRICAL,grievance,2
2026-07-06,11,TRAFFIC_OBSTRUCTION,police,1
2026-07-06,11,VECTOR_DISEASE,grievance,1
2026-07-06,12,DRAIN_WORKS_SAFETY,grievance,1
2026-07-06,12,PUBLIC_ORDER,police,1
2026-07-06,12,SOLID_WASTE,grievance,2
2026-07-06,12,STREETLIGHT_ELECTRICAL,grievance,2
2026-07-06,13,ADMIN_SERVICES,grievance,1
2026-07-06,13,CRIME_PROPERTY,police,1
2026-07-06,13,CRIME_VIOLENT,police,2
2026-07-06,13,DRAINAGE_SEWAGE,grievance,1
2026-07-06,13,FLOOD_WATERLOGGING,pwd,1
2026-07-06,13,MISSING_PERSON,police,1
2026-07-06,13,PUBLIC_ORDER,police,1
2026-07-06,13,PUBLIC_WORKS,grievance,1
2026-07-06,13,ROAD_ACCIDENT,police,1
2026-07-06,13,TRAFFIC_OBSTRUCTION,police,3
2026-07-06,13,TREES_PARKS,grievance,2
2026-07-06,13,WATERBODY_INFRA,pwd,1
2026-07-06,14,DRAINAGE_SEWAGE,grievance,1
2026-07-06,14,PUBLIC_ORDER,police,1
2026-07-06,14,ROAD_ACCIDENT,police,1
2026-07-06,14,SOLID_WASTE,grievance,1
2026-07-06,14,STREETLIGHT_ELECTRICAL,grievance,2
2026-07-06,15,CRIME_PROPERTY,police,1
2026-07-06,15,CRIME_VIOLENT,police,1
2026-07-06,15,PUBLIC_ORDER,police,5
2026-07-06,15,ROAD_ACCIDENT,police,1
2026-07-06,15,SOLID_WASTE,grievance,3
2026-07-06,15,STRAY_ANIMALS,grievance,1
2026-07-06,,CRIME_PROPERTY,news,2
2026-07-06,,CRIME_VIOLENT,news,1
2026-07-06,,FLOOD_WATERLOGGING,news,1
2026-07-06,,ROAD_ACCIDENT,news,1
2026-07-06,,ROAD_ACCIDENT,police,1
2026-07-06,,WATER_SUPPLY,news,1
2026-07-07,1,ADMIN_SERVICES,grievance,1
2026-07-07,1,CRIME_PROPERTY,police,1
2026-07-07,1,CRIME_VIOLENT,police,3
2026-07-07,1,DRAINAGE_SEWAGE,grievance,1
2026-07-07,1,FLOOD_WATERLOGGING,pwd,1
2026-07-07,1,FOOD_SAFETY,grievance,1
2026-07-07,1,ROAD_ACCIDENT,police,2
2026-07-07,1,ROAD_DAMAGE,grievance,3
2026-07-07,1,SANITATION_TOILETS,grievance,1
2026-07-07,1,SOLID_WASTE,grievance,2
2026-07-07,3,CRIME_PROPERTY,police,1
2026-07-07,3,DRAINAGE_SEWAGE,grievance,1
2026-07-07,3,DRAIN_WORKS_SAFETY,grievance,1
2026-07-07,3,PUBLIC_ORDER,police,1
2026-07-07,3,ROAD_ACCIDENT,police,1
2026-07-07,3,STRAY_ANIMALS,police,1
2026-07-07,4,CRIME_PROPERTY,police,3
2026-07-07,4,CRIME_VIOLENT,police,2
2026-07-07,4,DARK_SPOT_SAFETY,grievance,1
2026-07-07,4,DRAINAGE_SEWAGE,grievance,3
2026-07-07,4,DRAIN_WORKS_SAFETY,grievance,1
2026-07-07,4,DRUGS_LIQUOR,police,1
2026-07-07,4,ENCROACHMENT,pwd,1
2026-07-07,4,FLOOD_WATERLOGGING,grievance,1
2026-07-07,4,HEALTH_SERVICES,grievance,1
2026-07-07,4,PUBLIC_WORKS,grievance,1
2026-07-07,4,ROAD_DAMAGE,grievance,1
2026-07-07,4,SANITATION_TOILETS,grievance,1
2026-07-07,4,SOLID_WASTE,grievance,3
2026-07-07,4,TRAFFIC_OBSTRUCTION,police,2
2026-07-07,5,ADMIN_SERVICES,grievance,1
2026-07-07,5,CRIME_PROPERTY,police,3
2026-07-07,5,DRAINAGE_SEWAGE,grievance,1
2026-07-07,5,DRAINAGE_SEWAGE,pwd,1
2026-07-07,5,DRUGS_LIQUOR,police,1
2026-07-07,5,PUBLIC_ORDER,police,4
2026-07-07,5,ROAD_ACCIDENT,police,2
2026-07-07,5,SOLID_WASTE,grievance,2
2026-07-07,5,STREETLIGHT_ELECTRICAL,grievance,1
2026-07-07,5,TRAFFIC_OBSTRUCTION,grievance,1
2026-07-07,5,TRAFFIC_OBSTRUCTION,police,1
2026-07-07,6,CRIME_PROPERTY,police,1
2026-07-07,6,DRAINAGE_SEWAGE,grievance,1
2026-07-07,6,DRAIN_WORKS_SAFETY,grievance,2
2026-07-07,6,PUBLIC_WORKS,grievance,1
2026-07-07,6,ROAD_ACCIDENT,police,1
2026-07-07,6,ROAD_DAMAGE,grievance,1
2026-07-07,6,SANITATION_TOILETS,grievance,1
2026-07-07,6,STRAY_ANIMALS,grievance,1
2026-07-07,6,STREETLIGHT_ELECTRICAL,grievance,1
2026-07-07,6,TRAFFIC_OBSTRUCTION,police,1
2026-07-07,7,CRIME_PROPERTY,police,1
2026-07-07,7,DARK_SPOT_SAFETY,grievance,1
2026-07-07,7,DRAINAGE_SEWAGE,grievance,1
2026-07-07,7,HEALTH_SERVICES,grievance,1
2026-07-07,7,ROAD_ACCIDENT,police,1
2026-07-07,7,SOLID_WASTE,grievance,2
2026-07-07,7,STREETLIGHT_ELECTRICAL,grievance,2
2026-07-07,8,ADMIN_SERVICES,grievance,1
2026-07-07,8,AIR_POLLUTION,grievance,1
2026-07-07,8,CRIME_PROPERTY,police,3
2026-07-07,8,FLOOD_WATERLOGGING,pwd,1
2026-07-07,8,MISSING_PERSON,police,1
2026-07-07,8,ROAD_DAMAGE,grievance,1
2026-07-07,8,SANITATION_TOILETS,grievance,1
2026-07-07,8,SOLID_WASTE,grievance,1
2026-07-07,8,STRAY_ANIMALS,grievance,7
2026-07-07,8,STREETLIGHT_ELECTRICAL,grievance,1
2026-07-07,8,VECTOR_DISEASE,grievance,1
2026-07-07,9,BUILDING_SAFETY,pwd,1
2026-07-07,9,CRIME_PROPERTY,police,2
2026-07-07,9,CRIME_VIOLENT,police,1
2026-07-07,9,DRAIN_WORKS_SAFETY,grievance,1
2026-07-07,9,HEALTH_SERVICES,grievance,1
2026-07-07,9,OTHER,grievance,1
2026-07-07,9,SOLID_WASTE,grievance,5
2026-07-07,9,TREES_PARKS,grievance,1
2026-07-07,10,CRIME_PROPERTY,police,3
2026-07-07,10,DRAINAGE_SEWAGE,grievance,2
2026-07-07,10,FLOOD_WATERLOGGING,grievance,1
2026-07-07,10,ROAD_ACCIDENT,police,2
2026-07-07,10,SOLID_WASTE,grievance,4
2026-07-07,10,STRAY_ANIMALS,grievance,1
2026-07-07,10,STREETLIGHT_ELECTRICAL,grievance,1
2026-07-07,10,TRAFFIC_OBSTRUCTION,police,1
2026-07-07,11,CIVIC_FACILITIES,grievance,1
2026-07-07,11,CRIME_PROPERTY,police,1
2026-07-07,11,ENCROACHMENT,grievance,1
2026-07-07,11,MISSING_PERSON,police,1
2026-07-07,11,OTHER,grievance,1
2026-07-07,11,PUBLIC_ORDER,police,1
2026-07-07,11,PUBLIC_WORKS,grievance,1
2026-07-07,11,ROAD_ACCIDENT,police,1
2026-07-07,11,SANITATION_TOILETS,grievance,1
2026-07-07,11,SOLID_WASTE,grievance,1
2026-07-07,11,VECTOR_DISEASE,grievance,1
2026-07-07,12,FLOOD_WATERLOGGING,grievance,1
2026-07-07,12,FOOD_SAFETY,grievance,1
2026-07-07,12,OTHER,grievance,1
2026-07-07,12,PUBLIC_ORDER,police,1
2026-07-07,12,PUBLIC_WORKS,grievance,1
2026-07-07,12,ROAD_DAMAGE,grievance,1
2026-07-07,12,WATERBODY_INFRA,pwd,1
2026-07-07,13,SOLID_WASTE,grievance,3
2026-07-07,13,TRAFFIC_OBSTRUCTION,police,2
2026-07-07,14,CRIME_PROPERTY,police,1
2026-07-07,14,CRIME_VIOLENT,police,1
2026-07-07,14,DRAIN_WORKS_SAFETY,grievance,1
2026-07-07,14,FLOOD_WATERLOGGING,police,1
2026-07-07,14,PUBLIC_ORDER,police,1
2026-07-07,14,ROAD_ACCIDENT,police,1
2026-07-07,14,SOLID_WASTE,grievance,1
2026-07-07,14,VECTOR_DISEASE,grievance,1
2026-07-07,15,CRIME_VIOLENT,police,1
2026-07-07,15,PUBLIC_ORDER,police,1
2026-07-07,15,ROAD_ACCIDENT,police,2
2026-07-07,15,SOLID_WASTE,grievance,1
2026-07-07,,CRIME_PROPERTY,news,1
2026-07-07,,DARK_SPOT_SAFETY,news,1
2026-07-07,,DRAINAGE_SEWAGE,news,1
2026-07-07,,DRUGS_LIQUOR,police,1
2026-07-07,,MISSING_PERSON,police,1
2026-07-08,1,CRIME_PROPERTY,police,1
2026-07-08,1,CRIME_VIOLENT,police,1
2026-07-08,1,ROAD_ACCIDENT,police,1
2026-07-08,1,ROAD_DAMAGE,grievance,1
2026-07-08,1,SANITATION_TOILETS,grievance,1
2026-07-08,1,SOLID_WASTE,grievance,1
2026-07-08,1,STREETLIGHT_ELECTRICAL,grievance,1
2026-07-08,2,ROAD_ACCIDENT,police,1
2026-07-08,3,CRIME_PROPERTY,police,1
2026-07-08,3,DARK_SPOT_SAFETY,grievance,1
2026-07-08,3,PUBLIC_WORKS,grievance,1
2026-07-08,3,ROAD_ACCIDENT,police,3
2026-07-08,3,STREETLIGHT_ELECTRICAL,grievance,1
2026-07-08,4,CRIME_PROPERTY,police,2
2026-07-08,4,FLOOD_WATERLOGGING,grievance,1
2026-07-08,4,PUBLIC_WORKS,grievance,1
2026-07-08,4,ROAD_DAMAGE,grievance,1
2026-07-08,4,SOLID_WASTE,grievance,4
2026-07-08,4,STREETLIGHT_ELECTRICAL,grievance,2
2026-07-08,5,CRIME_PROPERTY,police,5
2026-07-08,5,CRIME_VIOLENT,police,2
2026-07-08,5,DARK_SPOT_SAFETY,grievance,1
2026-07-08,5,DRAINAGE_SEWAGE,grievance,1
2026-07-08,5,DRAIN_WORKS_SAFETY,grievance,1
2026-07-08,5,FLOOD_WATERLOGGING,pwd,1
2026-07-08,5,PUBLIC_ORDER,police,1
2026-07-08,5,ROAD_ACCIDENT,police,1
2026-07-08,5,ROAD_DAMAGE,grievance,1
2026-07-08,5,SANITATION_TOILETS,grievance,1
2026-07-08,5,SOLID_WASTE,grievance,1
2026-07-08,5,STREETLIGHT_ELECTRICAL,grievance,3
2026-07-08,5,TRAFFIC_OBSTRUCTION,grievance,1
2026-07-08,5,TRAFFIC_OBSTRUCTION,police,2
2026-07-08,5,VECTOR_DISEASE,grievance,1
2026-07-08,6,CRIME_PROPERTY,police,2
2026-07-08,6,DRAINAGE_SEWAGE,pwd,2
2026-07-08,6,FLOOD_WATERLOGGING,grievance,1
2026-07-08,6,HEALTH_SERVICES,grievance,1
2026-07-08,6,MISSING_PERSON,police,1
2026-07-08,6,ROAD_DAMAGE,grievance,2
2026-07-08,6,SANITATION_TOILETS,grievance,2
2026-07-08,6,SOLID_WASTE,grievance,2
2026-07-08,7,CRIME_PROPERTY,police,1
2026-07-08,7,DRAIN_WORKS_SAFETY,grievance,1
2026-07-08,7,MISSING_PERSON,police,1
2026-07-08,7,ROAD_ACCIDENT,police,1
2026-07-08,7,SOLID_WASTE,grievance,3
2026-07-08,7,STRAY_ANIMALS,grievance,1
2026-07-08,7,STREETLIGHT_ELECTRICAL,grievance,1
2026-07-08,7,TRAFFIC_OBSTRUCTION,police,1
2026-07-08,8,CRIME_PROPERTY,police,6
2026-07-08,8,DRAINAGE_SEWAGE,pwd,1
2026-07-08,8,DRUGS_LIQUOR,police,1
2026-07-08,8,FLOOD_WATERLOGGING,pwd,1
2026-07-08,8,ROAD_ACCIDENT,police,1
2026-07-08,8,SANITATION_TOILETS,grievance,1
2026-07-08,8,STRAY_ANIMALS,grievance,4
2026-07-08,8,STREETLIGHT_ELECTRICAL,grievance,1
2026-07-08,8,TRAFFIC_OBSTRUCTION,police,2
2026-07-08,8,VECTOR_DISEASE,grievance,2
2026-07-08,8,VECTOR_DISEASE,hospital,1
2026-07-08,9,BUILDING_SAFETY,pwd,2
2026-07-08,9,CIVIC_FACILITIES,grievance,1
2026-07-08,9,CRIME_VIOLENT,police,1
2026-07-08,9,DARK_SPOT_SAFETY,grievance,1
2026-07-08,9,DRAINAGE_SEWAGE,grievance,1
2026-07-08,9,DRAINAGE_SEWAGE,pwd,1
2026-07-08,9,DRAIN_WORKS_SAFETY,grievance,1
2026-07-08,9,MISSING_PERSON,police,4
2026-07-08,9,ROAD_ACCIDENT,police,1
2026-07-08,9,SOLID_WASTE,grievance,3
2026-07-08,9,STREETLIGHT_ELECTRICAL,grievance,1
2026-07-08,9,TREES_PARKS,grievance,2
2026-07-08,10,BUILDING_SAFETY,pwd,1
2026-07-08,10,CIVIC_FACILITIES,grievance,1
2026-07-08,10,CRIME_PROPERTY,police,5
2026-07-08,10,DARK_SPOT_SAFETY,grievance,1
2026-07-08,10,DRAINAGE_SEWAGE,grievance,1
2026-07-08,10,DRAIN_WORKS_SAFETY,grievance,1
2026-07-08,10,HEALTH_SERVICES,grievance,1
2026-07-08,10,PUBLIC_ORDER,police,1
2026-07-08,10,ROAD_DAMAGE,grievance,1
2026-07-08,10,SOLID_WASTE,grievance,3
2026-07-08,10,SOLID_WASTE,news,1
2026-07-08,10,STREETLIGHT_ELECTRICAL,grievance,2
2026-07-08,11,AIR_POLLUTION,grievance,1
2026-07-08,11,CRIME_PROPERTY,police,2
2026-07-08,11,CRIME_VIOLENT,police,2
2026-07-08,11,DRAIN_WORKS_SAFETY,grievance,1
2026-07-08,11,MISSING_PERSON,police,1
2026-07-08,11,PUBLIC_ORDER,police,1
2026-07-08,11,PUBLIC_WORKS,grievance,2
2026-07-08,11,STRAY_ANIMALS,grievance,1
2026-07-08,11,TRAFFIC_OBSTRUCTION,police,1
2026-07-08,12,CRIME_PROPERTY,police,2
2026-07-08,12,DRAINAGE_SEWAGE,grievance,1
2026-07-08,12,ENCROACHMENT,grievance,1
2026-07-08,12,PUBLIC_ORDER,police,3
2026-07-08,12,ROAD_ACCIDENT,police,1
2026-07-08,12,ROAD_DAMAGE,grievance,1
2026-07-08,12,SANITATION_TOILETS,grievance,2
2026-07-08,12,SOLID_WASTE,grievance,3
2026-07-08,13,ADMIN_SERVICES,grievance,1
2026-07-08,13,CRIME_VIOLENT,police,1
2026-07-08,13,DRAINAGE_SEWAGE,grievance,1
2026-07-08,13,DRAINAGE_SEWAGE,pwd,1
2026-07-08,13,DRAIN_WORKS_SAFETY,grievance,1
2026-07-08,13,PUBLIC_ORDER,police,2
2026-07-08,13,ROAD_ACCIDENT,police,1
2026-07-08,13,SOLID_WASTE,grievance,2
2026-07-08,13,STREETLIGHT_ELECTRICAL,grievance,1
2026-07-08,14,CRIME_PROPERTY,police,1
2026-07-08,14,DRUGS_LIQUOR,police,1
2026-07-08,14,FOOD_SAFETY,grievance,1
2026-07-08,14,MISSING_PERSON,police,3
2026-07-08,14,ROAD_ACCIDENT,police,1
2026-07-08,14,SANITATION_TOILETS,grievance,2
2026-07-08,14,SOLID_WASTE,grievance,1
2026-07-08,14,STREETLIGHT_ELECTRICAL,grievance,1
2026-07-08,14,VECTOR_DISEASE,grievance,1
2026-07-08,15,BUILDING_SAFETY,pwd,1
2026-07-08,,DRUGS_LIQUOR,police,1
2026-07-08,,STREETLIGHT_ELECTRICAL,news,1
2026-07-09,1,CRIME_PROPERTY,police,2
2026-07-09,1,ENCROACHMENT,pwd,1
2026-07-09,1,PUBLIC_ORDER,police,4
2026-07-09,1,PUBLIC_WORKS,grievance,1
2026-07-09,1,ROAD_ACCIDENT,police,1
2026-07-09,1,ROAD_DAMAGE,grievance,3
2026-07-09,1,STRAY_ANIMALS,grievance,1
2026-07-09,1,STREETLIGHT_ELECTRICAL,grievance,4
2026-07-09,1,STREETLIGHT_ELECTRICAL,police,1
2026-07-09,2,ADMIN_SERVICES,grievance,1
2026-07-09,2,DRAIN_WORKS_SAFETY,grievance,1
2026-07-09,2,FLOOD_WATERLOGGING,grievance,1
2026-07-09,2,ROAD_ACCIDENT,police,1
2026-07-09,2,STREETLIGHT_ELECTRICAL,grievance,1
2026-07-09,3,ADMIN_SERVICES,grievance,1
2026-07-09,3,ENCROACHMENT,grievance,1
2026-07-09,3,MISSING_PERSON,police,2
2026-07-09,3,STREETLIGHT_ELECTRICAL,grievance,2
2026-07-09,3,TRAFFIC_OBSTRUCTION,police,1
2026-07-09,4,CIVIC_FACILITIES,grievance,1
2026-07-09,4,CRIME_PROPERTY,police,1
2026-07-09,4,DARK_SPOT_SAFETY,grievance,2
2026-07-09,4,DRAINAGE_SEWAGE,grievance,1
2026-07-09,4,DRAIN_WORKS_SAFETY,grievance,1
2026-07-09,4,ENCROACHMENT,pwd,1
2026-07-09,4,MISSING_PERSON,police,1
2026-07-09,4,POLICE_OTHER,police,1
2026-07-09,4,PUBLIC_ORDER,police,1
2026-07-09,4,ROAD_ACCIDENT,police,1
2026-07-09,4,SANITATION_TOILETS,grievance,1
2026-07-09,4,SOLID_WASTE,grievance,2
2026-07-09,4,STREETLIGHT_ELECTRICAL,grievance,2
2026-07-09,4,TREES_PARKS,grievance,1
2026-07-09,5,BUILDING_SAFETY,pwd,1
2026-07-09,5,ENCROACHMENT,pwd,1
2026-07-09,5,PUBLIC_ORDER,police,8
2026-07-09,5,ROAD_ACCIDENT,police,1
2026-07-09,5,SANITATION_TOILETS,grievance,1
2026-07-09,5,SOLID_WASTE,grievance,3
2026-07-09,5,STRAY_ANIMALS,grievance,1
2026-07-09,6,ADMIN_SERVICES,grievance,1
2026-07-09,6,BUILDING_SAFETY,pwd,1
2026-07-09,6,CRIME_PROPERTY,police,2
2026-07-09,6,CRIME_VIOLENT,police,2
2026-07-09,6,DARK_SPOT_SAFETY,grievance,1
2026-07-09,6,DRAINAGE_SEWAGE,pwd,1
2026-07-09,6,ENCROACHMENT,grievance,1
2026-07-09,6,SANITATION_TOILETS,grievance,2
2026-07-09,6,SOLID_WASTE,grievance,2
2026-07-09,6,TREES_PARKS,grievance,1
2026-07-09,7,ADMIN_SERVICES,grievance,1
2026-07-09,7,FLOOD_WATERLOGGING,grievance,1
2026-07-09,7,ROAD_ACCIDENT,police,2
2026-07-09,7,ROAD_DAMAGE,grievance,1
2026-07-09,7,SANITATION_TOILETS,grievance,1
2026-07-09,7,SOLID_WASTE,grievance,4
2026-07-09,7,WATERBODY_INFRA,pwd,1
2026-07-09,8,ADMIN_SERVICES,grievance,1
2026-07-09,8,CRIME_PROPERTY,police,4
2026-07-09,8,CRIME_VIOLENT,police,1
2026-07-09,8,DRAINAGE_SEWAGE,pwd,1
2026-07-09,8,DRAIN_WORKS_SAFETY,grievance,1
2026-07-09,8,ENCROACHMENT,pwd,2
2026-07-09,8,MISSING_PERSON,police,1
2026-07-09,8,PUBLIC_ORDER,police,1
2026-07-09,8,ROAD_ACCIDENT,police,2
2026-07-09,8,ROAD_DAMAGE,pwd,1
2026-07-09,8,STREETLIGHT_ELECTRICAL,grievance,2
2026-07-09,8,VECTOR_DISEASE,grievance,1
2026-07-09,9,CRIME_PROPERTY,police,2
2026-07-09,9,DRAIN_WORKS_SAFETY,grievance,2
2026-07-09,9,MISSING_PERSON,police,1
2026-07-09,9,OTHER,grievance,1
2026-07-09,9,ROAD_ACCIDENT,police,2
2026-07-09,9,ROAD_DAMAGE,grievance,1
2026-07-09,9,ROAD_DAMAGE,pwd,1
2026-07-09,9,SANITATION_TOILETS,grievance,1
2026-07-09,9,SOLID_WASTE,grievance,6
2026-07-09,9,TRAFFIC_OBSTRUCTION,grievance,1
2026-07-09,9,TREES_PARKS,grievance,1
2026-07-09,10,CIVIC_FACILITIES,grievance,1
2026-07-09,10,CRIME_PROPERTY,police,2
2026-07-09,10,FLOOD_WATERLOGGING,grievance,1
2026-07-09,10,PUBLIC_ORDER,police,1
2026-07-09,10,ROAD_DAMAGE,grievance,2
2026-07-09,10,SANITATION_TOILETS,grievance,1
2026-07-09,10,SOLID_WASTE,grievance,3
2026-07-09,10,STREETLIGHT_ELECTRICAL,grievance,2
2026-07-09,10,TRAFFIC_OBSTRUCTION,police,4
2026-07-09,11,ADMIN_SERVICES,grievance,1
2026-07-09,11,ROAD_DAMAGE,grievance,1
2026-07-09,11,STRAY_ANIMALS,grievance,1
2026-07-09,11,VECTOR_DISEASE,grievance,2
2026-07-09,12,CRIME_PROPERTY,police,1
2026-07-09,12,DRAINAGE_SEWAGE,grievance,1
2026-07-09,12,DRUGS_LIQUOR,police,1
2026-07-09,12,FLOOD_WATERLOGGING,pwd,6
2026-07-09,12,MISSING_PERSON,police,1
2026-07-09,12,PUBLIC_ORDER,police,1
2026-07-09,12,SOLID_WASTE,grievance,1
2026-07-09,12,STREETLIGHT_ELECTRICAL,grievance,1
2026-07-09,12,TRAFFIC_OBSTRUCTION,grievance,1
2026-07-09,12,WATERBODY_INFRA,pwd,3
2026-07-09,13,CRIME_PROPERTY,police,1
2026-07-09,13,CRIME_VIOLENT,police,4
2026-07-09,13,DRAINAGE_SEWAGE,grievance,1
2026-07-09,13,ENCROACHMENT,pwd,1
2026-07-09,13,FLOOD_WATERLOGGING,pwd,7
2026-07-09,13,MISSING_PERSON,police,1
2026-07-09,13,PUBLIC_ORDER,police,4
2026-07-09,13,SANITATION_TOILETS,grievance,1
2026-07-09,14,CRIME_PROPERTY,police,1
2026-07-09,14,FLOOD_WATERLOGGING,grievance,1
2026-07-09,14,SOLID_WASTE,grievance,1
2026-07-09,15,BUILDING_SAFETY,pwd,2
2026-07-09,15,CRIME_VIOLENT,police,1
2026-07-09,15,DRAINAGE_SEWAGE,pwd,1
2026-07-09,15,ROAD_ACCIDENT,police,2
2026-07-09,15,SOLID_WASTE,grievance,1
2026-07-09,15,STREETLIGHT_ELECTRICAL,grievance,1
2026-07-09,15,TRAFFIC_OBSTRUCTION,police,2
2026-07-09,,CRIME_PROPERTY,news,1
2026-07-09,,CRIME_VIOLENT,news,1
2026-07-09,,STREETLIGHT_ELECTRICAL,news,1
2026-07-10,1,CRIME_PROPERTY,police,2
2026-07-10,1,CRIME_VIOLENT,police,1
2026-07-10,1,DRAINAGE_SEWAGE,pwd,1
2026-07-10,1,MISSING_PERSON,police,1
2026-07-10,1,PUBLIC_ORDER,news,1
2026-07-10,1,ROAD_DAMAGE,grievance,1
2026-07-10,1,SANITATION_TOILETS,grievance,1
2026-07-10,1,SOLID_WASTE,grievance,2
2026-07-10,2,CRIME_VIOLENT,police,1
2026-07-10,2,DRAINAGE_SEWAGE,grievance,1
2026-07-10,2,DRAIN_WORKS_SAFETY,grievance,1
2026-07-10,2,HEALTH_SERVICES,grievance,1
2026-07-10,2,PUBLIC_ORDER,police,1
2026-07-10,2,SOLID_WASTE,grievance,2
2026-07-10,2,TREES_PARKS,grievance,1
2026-07-10,2,VECTOR_DISEASE,grievance,1
2026-07-10,3,OTHER,grievance,1
2026-07-10,3,SOLID_WASTE,grievance,1
2026-07-10,4,CIVIC_FACILITIES,grievance,1
2026-07-10,4,CRIME_PROPERTY,police,1
2026-07-10,4,CRIME_VIOLENT,news,1
2026-07-10,4,DRAIN_WORKS_SAFETY,grievance,1
2026-07-10,4,MISSING_PERSON,police,1
2026-07-10,4,OTHER,grievance,2
2026-07-10,4,STREETLIGHT_ELECTRICAL,grievance,3
2026-07-10,4,TRAFFIC_OBSTRUCTION,police,1
2026-07-10,4,VECTOR_DISEASE,grievance,1
2026-07-10,5,AIR_POLLUTION,grievance,1
2026-07-10,5,CRIME_PROPERTY,police,1
2026-07-10,5,CRIME_VIOLENT,police,1
2026-07-10,5,DRAINAGE_SEWAGE,grievance,1
2026-07-10,5,DRAIN_WORKS_SAFETY,grievance,1
2026-07-10,5,ENCROACHMENT,grievance,1
2026-07-10,5,PUBLIC_ORDER,police,2
2026-07-10,5,ROAD_DAMAGE,grievance,1
2026-07-10,5,SOLID_WASTE,grievance,1
2026-07-10,5,STREETLIGHT_ELECTRICAL,grievance,1
2026-07-10,5,VECTOR_DISEASE,grievance,2
2026-07-10,6,DRAINAGE_SEWAGE,pwd,2
2026-07-10,6,ENCROACHMENT,grievance,1
2026-07-10,6,FOOD_SAFETY,grievance,1
2026-07-10,6,ROAD_ACCIDENT,police,1
2026-07-10,6,ROAD_DAMAGE,grievance,1
2026-07-10,6,SOLID_WASTE,grievance,1
2026-07-10,6,STRAY_ANIMALS,grievance,1
2026-07-10,6,STREETLIGHT_ELECTRICAL,grievance,2
2026-07-10,6,VECTOR_DISEASE,grievance,1
2026-07-10,7,CRIME_PROPERTY,police,1
2026-07-10,7,DARK_SPOT_SAFETY,grievance,1
2026-07-10,7,ENCROACHMENT,grievance,2
2026-07-10,7,HEALTH_SERVICES,grievance,1
2026-07-10,7,SOLID_WASTE,grievance,2
2026-07-10,7,STREETLIGHT_ELECTRICAL,grievance,1
2026-07-10,7,TRAFFIC_OBSTRUCTION,police,1
2026-07-10,8,CRIME_PROPERTY,police,4
2026-07-10,8,CRIME_VIOLENT,police,1
2026-07-10,8,DRAINAGE_SEWAGE,grievance,1
2026-07-10,8,DRAIN_WORKS_SAFETY,grievance,1
2026-07-10,8,DRUGS_LIQUOR,police,1
2026-07-10,8,FLOOD_WATERLOGGING,grievance,1
2026-07-10,8,ROAD_ACCIDENT,police,1
2026-07-10,8,TRAFFIC_OBSTRUCTION,police,1
2026-07-10,8,TREES_PARKS,grievance,1
2026-07-10,9,BUILDING_SAFETY,pwd,1
2026-07-10,9,CIVIC_FACILITIES,grievance,1
2026-07-10,9,CRIME_PROPERTY,police,1
2026-07-10,9,FLOOD_WATERLOGGING,grievance,1
2026-07-10,9,FOOD_SAFETY,grievance,1
2026-07-10,9,ROAD_ACCIDENT,police,3
2026-07-10,9,SOLID_WASTE,grievance,3
2026-07-10,9,STREETLIGHT_ELECTRICAL,grievance,5
2026-07-10,9,TREES_PARKS,grievance,1
2026-07-10,10,CRIME_PROPERTY,police,2
2026-07-10,10,CRIME_VIOLENT,police,1
2026-07-10,10,MISSING_PERSON,police,1
2026-07-10,10,ROAD_ACCIDENT,police,1
2026-07-10,10,SOLID_WASTE,grievance,5
2026-07-10,10,STREETLIGHT_ELECTRICAL,grievance,1
2026-07-10,10,TRAFFIC_OBSTRUCTION,police,1
2026-07-10,10,TREES_PARKS,grievance,1
2026-07-10,10,VECTOR_DISEASE,grievance,1
2026-07-10,11,DRAINAGE_SEWAGE,pwd,1
2026-07-10,11,ROAD_ACCIDENT,police,3
2026-07-10,11,ROAD_DAMAGE,grievance,1
2026-07-10,11,SOLID_WASTE,grievance,2
2026-07-10,11,STREETLIGHT_ELECTRICAL,grievance,1
2026-07-10,12,FLOOD_WATERLOGGING,grievance,1
2026-07-10,12,ROAD_ACCIDENT,police,1
2026-07-10,12,ROAD_DAMAGE,grievance,1
2026-07-10,12,SOLID_WASTE,grievance,1
2026-07-10,12,TREES_PARKS,grievance,1
2026-07-10,13,CRIME_PROPERTY,police,4
2026-07-10,13,CRIME_VIOLENT,police,3
2026-07-10,13,FOOD_SAFETY,grievance,1
2026-07-10,13,ROAD_ACCIDENT,police,4
2026-07-10,13,SOLID_WASTE,grievance,3
2026-07-10,13,STREETLIGHT_ELECTRICAL,grievance,2
2026-07-10,14,CRIME_PROPERTY,police,2
2026-07-10,14,FOOD_SAFETY,grievance,1
2026-07-10,14,ROAD_ACCIDENT,police,1
2026-07-10,14,SOLID_WASTE,grievance,3
2026-07-10,15,BUILDING_SAFETY,pwd,1
2026-07-10,15,DRAIN_WORKS_SAFETY,grievance,1
2026-07-10,15,SANITATION_TOILETS,grievance,1
2026-07-10,15,SOLID_WASTE,grievance,1
2026-07-10,,CRIME_VIOLENT,news,1
2026-07-10,,DRAINAGE_SEWAGE,news,1
2026-07-10,,ROAD_ACCIDENT,news,1
2026-07-11,1,ADMIN_SERVICES,grievance,2
2026-07-11,1,CIVIC_FACILITIES,grievance,2
2026-07-11,1,ENCROACHMENT,grievance,1
2026-07-11,1,FOOD_SAFETY,grievance,1
2026-07-11,1,HEALTH_SERVICES,grievance,1
2026-07-11,1,MISSING_PERSON,police,1
2026-07-11,1,SOLID_WASTE,grievance,1
2026-07-11,1,TRAFFIC_OBSTRUCTION,police,2
2026-07-11,2,SANITATION_TOILETS,grievance,2
2026-07-11,3,CRIME_PROPERTY,police,1
2026-07-11,3,FLOOD_WATERLOGGING,grievance,1
2026-07-11,3,PUBLIC_WORKS,grievance,1
2026-07-11,3,ROAD_ACCIDENT,news,1
2026-07-11,3,ROAD_ACCIDENT,police,3
2026-07-11,3,SOLID_WASTE,grievance,1
2026-07-11,3,STREETLIGHT_ELECTRICAL,grievance,1
2026-07-11,4,CRIME_PROPERTY,police,1
2026-07-11,4,DRAINAGE_SEWAGE,grievance,2
2026-07-11,4,ENCROACHMENT,grievance,1
2026-07-11,4,ROAD_ACCIDENT,police,3
2026-07-11,4,ROAD_DAMAGE,grievance,1
2026-07-11,4,SOLID_WASTE,grievance,2
2026-07-11,4,STRAY_ANIMALS,grievance,1
2026-07-11,4,STREETLIGHT_ELECTRICAL,grievance,3
2026-07-11,4,TRAFFIC_OBSTRUCTION,police,1
2026-07-11,4,VECTOR_DISEASE,grievance,1
2026-07-11,5,ADMIN_SERVICES,grievance,2
2026-07-11,5,BUILDING_SAFETY,pwd,2
2026-07-11,5,DARK_SPOT_SAFETY,grievance,1
2026-07-11,5,DRAIN_WORKS_SAFETY,grievance,1
2026-07-11,5,FOOD_SAFETY,grievance,1
2026-07-11,5,MISSING_PERSON,police,1
2026-07-11,5,PUBLIC_ORDER,police,1
2026-07-11,5,SANITATION_TOILETS,grievance,1
2026-07-11,5,SOLID_WASTE,grievance,3
2026-07-11,5,STRAY_ANIMALS,grievance,1
2026-07-11,5,STREETLIGHT_ELECTRICAL,grievance,4
2026-07-11,5,VECTOR_DISEASE,grievance,1
2026-07-11,6,BUILDING_SAFETY,pwd,1
2026-07-11,6,CRIME_PROPERTY,police,2
2026-07-11,6,DRAINAGE_SEWAGE,grievance,1
2026-07-11,6,DRAIN_WORKS_SAFETY,grievance,1
2026-07-11,6,DRUGS_LIQUOR,police,1
2026-07-11,6,ENCROACHMENT,grievance,1
2026-07-11,6,FLOOD_WATERLOGGING,grievance,1
2026-07-11,6,ROAD_ACCIDENT,police,5
2026-07-11,6,ROAD_DAMAGE,grievance,2
2026-07-11,6,SOLID_WASTE,grievance,1
2026-07-11,6,STRAY_ANIMALS,grievance,1
2026-07-11,6,STREETLIGHT_ELECTRICAL,grievance,1
2026-07-11,6,TRAFFIC_OBSTRUCTION,police,1
2026-07-11,7,AIR_POLLUTION,grievance,1
2026-07-11,7,CRIME_PROPERTY,police,2
2026-07-11,7,ENCROACHMENT,grievance,1
2026-07-11,7,PUBLIC_ORDER,police,1
2026-07-11,7,ROAD_DAMAGE,grievance,1
2026-07-11,7,SOLID_WASTE,grievance,3
2026-07-11,7,STREETLIGHT_ELECTRICAL,grievance,1
2026-07-11,8,ADMIN_SERVICES,grievance,1
2026-07-11,8,CRIME_PROPERTY,police,3
2026-07-11,8,FOOD_SAFETY,grievance,1
2026-07-11,8,MISSING_PERSON,police,1
2026-07-11,8,PUBLIC_ORDER,police,1
2026-07-11,8,ROAD_ACCIDENT,police,2
2026-07-11,8,ROAD_DAMAGE,grievance,1
2026-07-11,8,SOLID_WASTE,grievance,1
2026-07-11,8,TRAFFIC_OBSTRUCTION,police,2
2026-07-11,9,CRIME_PROPERTY,news,1
2026-07-11,9,CRIME_PROPERTY,police,4
2026-07-11,9,DRAINAGE_SEWAGE,grievance,1
2026-07-11,9,DRAIN_WORKS_SAFETY,grievance,1
2026-07-11,9,PUBLIC_WORKS,grievance,1
2026-07-11,9,ROAD_DAMAGE,grievance,1
2026-07-11,9,SANITATION_TOILETS,grievance,1
2026-07-11,9,SOLID_WASTE,grievance,1
2026-07-11,9,TRAFFIC_OBSTRUCTION,police,1
2026-07-11,10,CRIME_PROPERTY,police,4
2026-07-11,10,CRIME_VIOLENT,police,1
2026-07-11,10,DARK_SPOT_SAFETY,grievance,1
2026-07-11,10,MISSING_PERSON,police,1
2026-07-11,10,PUBLIC_ORDER,police,1
2026-07-11,10,ROAD_DAMAGE,grievance,3
2026-07-11,10,SANITATION_TOILETS,grievance,1
2026-07-11,10,SOLID_WASTE,grievance,6
2026-07-11,10,TRAFFIC_OBSTRUCTION,police,2
2026-07-11,10,VECTOR_DISEASE,grievance,1
2026-07-11,11,ADMIN_SERVICES,grievance,1
2026-07-11,11,DRAIN_WORKS_SAFETY,grievance,1
2026-07-11,11,FLOOD_WATERLOGGING,pwd,1
2026-07-11,11,OTHER,grievance,1
2026-07-11,11,ROAD_DAMAGE,grievance,1
2026-07-11,11,SANITATION_TOILETS,grievance,2
2026-07-11,11,SOLID_WASTE,grievance,1
2026-07-11,11,STREETLIGHT_ELECTRICAL,grievance,1
2026-07-11,12,ADMIN_SERVICES,grievance,1
2026-07-11,12,CRIME_VIOLENT,police,3
2026-07-11,12,DRAINAGE_SEWAGE,grievance,1
2026-07-11,12,DRAINAGE_SEWAGE,pwd,1
2026-07-11,12,PUBLIC_ORDER,police,1
2026-07-11,12,ROAD_DAMAGE,grievance,4
2026-07-11,12,SOLID_WASTE,grievance,2
2026-07-11,12,STREETLIGHT_ELECTRICAL,grievance,1
2026-07-11,12,TRAFFIC_OBSTRUCTION,police,1
2026-07-11,12,WATERBODY_INFRA,pwd,1
2026-07-11,13,BUILDING_SAFETY,pwd,1
2026-07-11,13,CRIME_PROPERTY,police,1
2026-07-11,13,CRIME_VIOLENT,police,2
2026-07-11,13,DRAIN_WORKS_SAFETY,grievance,1
2026-07-11,13,MISSING_PERSON,police,2
2026-07-11,13,PUBLIC_ORDER,police,3
2026-07-11,13,ROAD_ACCIDENT,police,2
2026-07-11,13,VECTOR_DISEASE,grievance,1
2026-07-11,13,WATERBODY_INFRA,pwd,1
2026-07-11,13,WATER_SUPPLY,news,1
2026-07-11,14,CRIME_PROPERTY,police,1
2026-07-11,14,PUBLIC_ORDER,police,1
2026-07-11,14,ROAD_DAMAGE,grievance,1
2026-07-11,14,SOLID_WASTE,grievance,1
2026-07-11,14,STREETLIGHT_ELECTRICAL,grievance,1
2026-07-11,15,CRIME_PROPERTY,police,1
2026-07-11,15,CRIME_VIOLENT,police,1
2026-07-11,15,HEALTH_SERVICES,grievance,1
2026-07-11,15,ROAD_ACCIDENT,police,1
2026-07-11,15,SOLID_WASTE,grievance,1
2026-07-11,15,STREETLIGHT_ELECTRICAL,grievance,3
2026-07-11,15,TRAFFIC_OBSTRUCTION,police,1
2026-07-11,15,TREES_PARKS,grievance,1
2026-07-11,,DRUGS_LIQUOR,news,1
2026-07-11,,ROAD_ACCIDENT,news,2
2026-07-11,,SOLID_WASTE,news,1
2026-07-11,,STREETLIGHT_ELECTRICAL,news,1
2026-07-11,,TRAFFIC_OBSTRUCTION,police,2
2026-07-12,1,DRAINAGE_SEWAGE,pwd,1
2026-07-12,1,FLOOD_RELIEF,news,1
2026-07-12,1,ROAD_ACCIDENT,police,1
2026-07-12,1,ROAD_DAMAGE,grievance,1
2026-07-12,1,SOLID_WASTE,grievance,4
2026-07-12,1,STREETLIGHT_ELECTRICAL,grievance,2
2026-07-12,1,TRAFFIC_OBSTRUCTION,police,2
2026-07-12,2,ROAD_ACCIDENT,police,1
2026-07-12,2,SOLID_WASTE,grievance,1
2026-07-12,3,CRIME_VIOLENT,police,1
2026-07-12,3,DRAINAGE_SEWAGE,grievance,1
2026-07-12,3,PUBLIC_ORDER,police,1
2026-07-12,3,ROAD_ACCIDENT,news,1
2026-07-12,3,ROAD_ACCIDENT,police,1
2026-07-12,3,SOLID_WASTE,grievance,1
2026-07-12,3,STREETLIGHT_ELECTRICAL,grievance,1
2026-07-12,3,VECTOR_DISEASE,grievance,1
2026-07-12,4,CIVIC_FACILITIES,grievance,1
2026-07-12,4,CRIME_PROPERTY,police,3
2026-07-12,4,DRAINAGE_SEWAGE,grievance,1
2026-07-12,4,MISSING_PERSON,police,2
2026-07-12,4,PUBLIC_ORDER,police,1
2026-07-12,4,SOLID_WASTE,grievance,1
2026-07-12,4,STREETLIGHT_ELECTRICAL,grievance,3
2026-07-12,5,ADMIN_SERVICES,grievance,1
2026-07-12,5,AIR_POLLUTION,grievance,1
2026-07-12,5,BUILDING_SAFETY,pwd,2
2026-07-12,5,CRIME_PROPERTY,police,1
2026-07-12,5,DRAINAGE_SEWAGE,grievance,1
2026-07-12,5,ENCROACHMENT,grievance,1
2026-07-12,5,PUBLIC_ORDER,police,2
2026-07-12,5,ROAD_ACCIDENT,police,2
2026-07-12,5,SOLID_WASTE,grievance,4
2026-07-12,5,VECTOR_DISEASE,grievance,1
2026-07-12,6,BUILDING_SAFETY,news,1
2026-07-12,6,DRAINAGE_SEWAGE,grievance,1
2026-07-12,6,DRUGS_LIQUOR,police,1
2026-07-12,6,ENCROACHMENT,pwd,1
2026-07-12,6,FOOD_SAFETY,grievance,1
2026-07-12,6,HEALTH_SERVICES,grievance,1
2026-07-12,6,STREETLIGHT_ELECTRICAL,grievance,1
2026-07-12,6,TRAFFIC_OBSTRUCTION,grievance,1
2026-07-12,6,TRAFFIC_OBSTRUCTION,police,1
2026-07-12,6,TREES_PARKS,grievance,1
2026-07-12,7,CRIME_PROPERTY,police,1
2026-07-12,7,CRIME_VIOLENT,police,1
2026-07-12,7,PUBLIC_ORDER,police,3
2026-07-12,7,ROAD_ACCIDENT,police,1
2026-07-12,7,ROAD_DAMAGE,grievance,1
2026-07-12,7,SOLID_WASTE,grievance,1
2026-07-12,7,STREETLIGHT_ELECTRICAL,grievance,1
2026-07-12,7,VECTOR_DISEASE,grievance,1
2026-07-12,7,WATERBODY_INFRA,pwd,1
2026-07-12,8,BUILDING_SAFETY,pwd,1
2026-07-12,8,FLOOD_WATERLOGGING,police,1
2026-07-12,8,ROAD_ACCIDENT,police,7
2026-07-12,8,ROAD_DAMAGE,grievance,1
2026-07-12,8,ROAD_DAMAGE,pwd,1
2026-07-12,8,SOLID_WASTE,grievance,2
2026-07-12,8,STRAY_ANIMALS,grievance,1
2026-07-12,8,STREETLIGHT_ELECTRICAL,grievance,1
2026-07-12,8,TRAFFIC_OBSTRUCTION,police,1
2026-07-12,9,CIVIC_FACILITIES,grievance,1
2026-07-12,9,CRIME_VIOLENT,police,1
2026-07-12,9,MISSING_PERSON,police,1
2026-07-12,9,ROAD_DAMAGE,grievance,1
2026-07-12,9,SOLID_WASTE,grievance,3
2026-07-12,9,STRAY_ANIMALS,police,1
2026-07-12,9,TRAFFIC_OBSTRUCTION,police,1
2026-07-12,9,TREES_PARKS,grievance,1
2026-07-12,10,ADMIN_SERVICES,grievance,1
2026-07-12,10,CRIME_PROPERTY,police,4
2026-07-12,10,MISSING_PERSON,police,1
2026-07-12,10,OTHER,grievance,1
2026-07-12,10,PUBLIC_ORDER,police,4
2026-07-12,10,ROAD_ACCIDENT,police,1
2026-07-12,10,ROAD_DAMAGE,grievance,2
2026-07-12,10,SANITATION_TOILETS,grievance,1
2026-07-12,10,SOLID_WASTE,grievance,2
2026-07-12,10,STREETLIGHT_ELECTRICAL,grievance,1
2026-07-12,10,VECTOR_DISEASE,grievance,1
2026-07-12,11,CRIME_PROPERTY,police,1
2026-07-12,11,CRIME_VIOLENT,police,1
2026-07-12,11,DRAINAGE_SEWAGE,grievance,1
2026-07-12,11,DRUGS_LIQUOR,police,1
2026-07-12,11,FLOOD_WATERLOGGING,pwd,1
2026-07-12,11,SOLID_WASTE,grievance,1
2026-07-12,12,CRIME_VIOLENT,police,1
2026-07-12,12,ENCROACHMENT,pwd,1
2026-07-12,12,FLOOD_WATERLOGGING,grievance,1
2026-07-12,12,PUBLIC_ORDER,police,1
2026-07-12,12,ROAD_DAMAGE,grievance,2
2026-07-12,12,STREETLIGHT_ELECTRICAL,grievance,1
2026-07-12,12,TRAFFIC_OBSTRUCTION,police,1
2026-07-12,13,BUILDING_SAFETY,pwd,1
2026-07-12,13,CRIME_PROPERTY,police,1
2026-07-12,13,MISSING_PERSON,police,1
2026-07-12,13,PUBLIC_ORDER,police,2
2026-07-12,13,ROAD_ACCIDENT,police,1
2026-07-12,13,SOLID_WASTE,grievance,3
2026-07-12,13,STREETLIGHT_ELECTRICAL,grievance,1
2026-07-12,14,CRIME_PROPERTY,police,1
2026-07-12,14,CRIME_VIOLENT,police,1
2026-07-12,14,HEALTH_SERVICES,grievance,1
2026-07-12,14,ROAD_ACCIDENT,police,2
2026-07-12,14,ROAD_DAMAGE,grievance,2
2026-07-12,14,SOLID_WASTE,grievance,1
2026-07-12,15,ADMIN_SERVICES,grievance,1
2026-07-12,15,CRIME_VIOLENT,police,1
2026-07-12,15,ROAD_ACCIDENT,police,1
2026-07-12,15,SOLID_WASTE,grievance,3
2026-07-12,15,STREETLIGHT_ELECTRICAL,grievance,1
2026-07-12,15,STREETLIGHT_ELECTRICAL,news,1
2026-07-12,15,TRAFFIC_OBSTRUCTION,police,1
2026-07-12,,BUILDING_SAFETY,news,1
2026-07-12,,DRAINAGE_SEWAGE,news,2
2026-07-12,,ROAD_ACCIDENT,police,1
2026-07-12,,SOLID_WASTE,news,1
2026-07-12,,TRAFFIC_OBSTRUCTION,police,1
2026-07-13,1,ENCROACHMENT,grievance,1
2026-07-13,1,STREETLIGHT_ELECTRICAL,grievance,2
2026-07-13,1,TRAFFIC_OBSTRUCTION,police,3
2026-07-13,2,OTHER,grievance,1
2026-07-13,2,ROAD_ACCIDENT,news,1
2026-07-13,2,SOLID_WASTE,grievance,1
2026-07-13,3,CRIME_PROPERTY,police,4
2026-07-13,3,ENCROACHMENT,grievance,1
2026-07-13,3,ENCROACHMENT,pwd,1
2026-07-13,3,FLOOD_RELIEF,grievance,1
2026-07-13,3,HEALTH_SERVICES,grievance,1
2026-07-13,3,PUBLIC_ORDER,police,1
2026-07-13,4,DRAINAGE_SEWAGE,grievance,1
2026-07-13,4,MISSING_PERSON,police,1
2026-07-13,4,PUBLIC_ORDER,police,1
2026-07-13,4,ROAD_DAMAGE,grievance,2
2026-07-13,4,SANITATION_TOILETS,grievance,1
2026-07-13,4,STREETLIGHT_ELECTRICAL,grievance,3
2026-07-13,5,CRIME_PROPERTY,police,2
2026-07-13,5,DARK_SPOT_SAFETY,grievance,1
2026-07-13,5,DRAINAGE_SEWAGE,grievance,1
2026-07-13,5,HEALTH_SERVICES,grievance,1
2026-07-13,5,MISSING_PERSON,police,1
2026-07-13,5,PUBLIC_ORDER,police,1
2026-07-13,5,ROAD_DAMAGE,grievance,1
2026-07-13,5,SOLID_WASTE,grievance,2
2026-07-13,5,TRAFFIC_OBSTRUCTION,police,3
2026-07-13,5,VECTOR_DISEASE,grievance,2
2026-07-13,5,VECTOR_DISEASE,hospital,1
2026-07-13,6,ADMIN_SERVICES,grievance,2
2026-07-13,6,AIR_POLLUTION,grievance,1
2026-07-13,6,BUILDING_SAFETY,news,1
2026-07-13,6,CRIME_PROPERTY,police,2
2026-07-13,6,CRIME_VIOLENT,police,1
2026-07-13,6,DARK_SPOT_SAFETY,grievance,1
2026-07-13,6,DRAINAGE_SEWAGE,grievance,1
2026-07-13,6,DRAIN_WORKS_SAFETY,grievance,1
2026-07-13,6,PUBLIC_ORDER,police,2
2026-07-13,6,ROAD_ACCIDENT,police,1
2026-07-13,6,SANITATION_TOILETS,grievance,1
2026-07-13,6,SOLID_WASTE,grievance,2
2026-07-13,6,STREETLIGHT_ELECTRICAL,grievance,4
2026-07-13,7,ADMIN_SERVICES,grievance,1
2026-07-13,7,CRIME_PROPERTY,police,1
2026-07-13,7,CRIME_VIOLENT,police,1
2026-07-13,7,ENCROACHMENT,grievance,1
2026-07-13,7,FOOD_SAFETY,grievance,1
2026-07-13,7,HEALTH_SERVICES,grievance,1
2026-07-13,7,PUBLIC_ORDER,police,1
2026-07-13,7,ROAD_DAMAGE,grievance,2
2026-07-13,7,SOLID_WASTE,grievance,2
2026-07-13,7,STREETLIGHT_ELECTRICAL,grievance,2
2026-07-13,8,CIVIC_FACILITIES,grievance,1
2026-07-13,8,DRAINAGE_SEWAGE,grievance,1
2026-07-13,8,ENCROACHMENT,pwd,2
2026-07-13,8,PUBLIC_ORDER,police,2
2026-07-13,8,ROAD_ACCIDENT,police,1
2026-07-13,8,SOLID_WASTE,grievance,3
2026-07-13,8,STREETLIGHT_ELECTRICAL,grievance,1
2026-07-13,8,TRAFFIC_OBSTRUCTION,police,2
2026-07-13,8,VECTOR_DISEASE,grievance,1
2026-07-13,9,BUILDING_SAFETY,pwd,1
2026-07-13,9,DRAINAGE_SEWAGE,grievance,1
2026-07-13,9,FLOOD_WATERLOGGING,grievance,1
2026-07-13,9,PUBLIC_ORDER,police,1
2026-07-13,9,ROAD_DAMAGE,grievance,1
2026-07-13,9,SANITATION_TOILETS,grievance,3
2026-07-13,9,SOLID_WASTE,grievance,4
2026-07-13,9,STRAY_ANIMALS,grievance,1
2026-07-13,9,TRAFFIC_OBSTRUCTION,police,1
2026-07-13,10,CRIME_PROPERTY,police,3
2026-07-13,10,DRAIN_WORKS_SAFETY,grievance,1
2026-07-13,10,ROAD_ACCIDENT,police,2
2026-07-13,10,SOLID_WASTE,grievance,2
2026-07-13,11,DRAIN_WORKS_SAFETY,grievance,1
2026-07-13,11,ENCROACHMENT,pwd,1
2026-07-13,11,HEALTH_SERVICES,grievance,1
2026-07-13,11,SOLID_WASTE,grievance,2
2026-07-13,12,ADMIN_SERVICES,grievance,1
2026-07-13,12,DARK_SPOT_SAFETY,grievance,1
2026-07-13,12,STRAY_ANIMALS,grievance,1
2026-07-13,12,TREES_PARKS,grievance,1
2026-07-13,12,WATERBODY_INFRA,pwd,2
2026-07-13,13,BUILDING_SAFETY,pwd,1
2026-07-13,13,CRIME_PROPERTY,police,1
2026-07-13,13,CRIME_VIOLENT,police,1
2026-07-13,13,DARK_SPOT_SAFETY,grievance,1
2026-07-13,13,DRAINAGE_SEWAGE,grievance,1
2026-07-13,13,OTHER,grievance,2
2026-07-13,13,PUBLIC_WORKS,grievance,1
2026-07-13,13,ROAD_ACCIDENT,police,1
2026-07-13,13,SANITATION_TOILETS,grievance,1
2026-07-13,13,SOLID_WASTE,grievance,1
2026-07-13,13,STREETLIGHT_ELECTRICAL,grievance,1
2026-07-13,13,TRAFFIC_OBSTRUCTION,grievance,1
2026-07-13,14,ADMIN_SERVICES,grievance,1
2026-07-13,14,CRIME_PROPERTY,police,2
2026-07-13,14,FLOOD_WATERLOGGING,grievance,1
2026-07-13,14,MISSING_PERSON,police,1
2026-07-13,14,SOLID_WASTE,grievance,1
2026-07-13,14,STREETLIGHT_ELECTRICAL,grievance,1
2026-07-13,15,ADMIN_SERVICES,grievance,1
2026-07-13,15,CRIME_PROPERTY,police,1
2026-07-13,15,DRUGS_LIQUOR,police,1
2026-07-13,15,ENCROACHMENT,pwd,1
2026-07-13,15,PUBLIC_ORDER,police,2
2026-07-13,15,ROAD_ACCIDENT,police,1
2026-07-13,15,SOLID_WASTE,grievance,1
2026-07-13,15,TREES_PARKS,grievance,1
2026-07-13,,CRIME_VIOLENT,news,1
2026-07-13,,ROAD_ACCIDENT,news,6
2026-07-13,,STREETLIGHT_ELECTRICAL,news,1
2026-07-14,1,CRIME_PROPERTY,police,2
2026-07-14,1,DARK_SPOT_SAFETY,grievance,2
2026-07-14,1,DRAINAGE_SEWAGE,pwd,1
2026-07-14,1,FLOOD_WATERLOGGING,grievance,1
2026-07-14,1,OTHER,grievance,1
2026-07-14,1,ROAD_DAMAGE,grievance,1
2026-07-14,1,SOLID_WASTE,grievance,2
2026-07-14,1,STRAY_ANIMALS,grievance,1
2026-07-14,1,STREETLIGHT_ELECTRICAL,grievance,1
2026-07-14,1,WATERBODY_INFRA,pwd,1
2026-07-14,3,AIR_POLLUTION,grievance,1
2026-07-14,3,CRIME_PROPERTY,police,1
2026-07-14,3,ROAD_ACCIDENT,police,1
2026-07-14,3,ROAD_DAMAGE,grievance,1
2026-07-14,3,SOLID_WASTE,grievance,1
2026-07-14,3,STREETLIGHT_ELECTRICAL,grievance,1
2026-07-14,4,CRIME_PROPERTY,police,1
2026-07-14,4,CRIME_VIOLENT,police,1
2026-07-14,4,DRAIN_WORKS_SAFETY,grievance,1
2026-07-14,4,ENCROACHMENT,grievance,1
2026-07-14,4,PUBLIC_ORDER,police,1
2026-07-14,4,ROAD_ACCIDENT,police,1
2026-07-14,4,SANITATION_TOILETS,grievance,1
2026-07-14,4,SOLID_WASTE,grievance,2
2026-07-14,4,STREETLIGHT_ELECTRICAL,grievance,1
2026-07-14,4,VECTOR_DISEASE,grievance,1
2026-07-14,5,BUILDING_SAFETY,pwd,1
2026-07-14,5,CRIME_PROPERTY,police,4
2026-07-14,5,CRIME_VIOLENT,police,1
2026-07-14,5,DARK_SPOT_SAFETY,grievance,1
2026-07-14,5,DRUGS_LIQUOR,police,1
2026-07-14,5,FLOOD_WATERLOGGING,police,1
2026-07-14,5,PUBLIC_ORDER,police,3
2026-07-14,5,PUBLIC_WORKS,grievance,1
2026-07-14,5,ROAD_ACCIDENT,police,1
2026-07-14,5,SOLID_WASTE,grievance,2
2026-07-14,5,TRAFFIC_OBSTRUCTION,police,1
2026-07-14,6,BUILDING_SAFETY,pwd,1
2026-07-14,6,CIVIC_FACILITIES,grievance,1
2026-07-14,6,CRIME_PROPERTY,police,1
2026-07-14,6,DRAINAGE_SEWAGE,grievance,1
2026-07-14,6,FLOOD_WATERLOGGING,grievance,1
2026-07-14,6,ROAD_DAMAGE,grievance,2
2026-07-14,6,SOLID_WASTE,grievance,3
2026-07-14,6,STRAY_ANIMALS,grievance,1
2026-07-14,6,TRAFFIC_OBSTRUCTION,police,1
2026-07-14,6,VECTOR_DISEASE,grievance,1
2026-07-14,7,ADMIN_SERVICES,grievance,2
2026-07-14,7,CRIME_PROPERTY,police,1
2026-07-14,7,ENCROACHMENT,pwd,1
2026-07-14,7,HEALTH_SERVICES,grievance,1
2026-07-14,7,OTHER,grievance,1
2026-07-14,7,ROAD_ACCIDENT,police,4
2026-07-14,7,ROAD_DAMAGE,grievance,2
2026-07-14,7,SANITATION_TOILETS,grievance,1
2026-07-14,7,SOLID_WASTE,grievance,1
2026-07-14,7,STREETLIGHT_ELECTRICAL,grievance,2
2026-07-14,7,TRAFFIC_OBSTRUCTION,police,1
2026-07-14,8,ADMIN_SERVICES,grievance,1
2026-07-14,8,CRIME_PROPERTY,police,2
2026-07-14,8,ENCROACHMENT,pwd,1
2026-07-14,8,FLOOD_WATERLOGGING,pwd,1
2026-07-14,8,PUBLIC_ORDER,police,6
2026-07-14,8,ROAD_ACCIDENT,police,1
2026-07-14,8,ROAD_DAMAGE,grievance,1
2026-07-14,8,SOLID_WASTE,grievance,1
2026-07-14,8,STREETLIGHT_ELECTRICAL,grievance,2
2026-07-14,9,ADMIN_SERVICES,grievance,2
2026-07-14,9,CRIME_VIOLENT,police,1
2026-07-14,9,DRAINAGE_SEWAGE,grievance,1
2026-07-14,9,DRAINAGE_SEWAGE,news,2
2026-07-14,9,MISSING_PERSON,police,1
2026-07-14,9,ROAD_DAMAGE,pwd,1
2026-07-14,9,SANITATION_TOILETS,grievance,1
2026-07-14,9,SOLID_WASTE,grievance,4
2026-07-14,9,TRAFFIC_OBSTRUCTION,police,1
2026-07-14,10,ADMIN_SERVICES,grievance,3
2026-07-14,10,CRIME_PROPERTY,police,4
2026-07-14,10,OTHER,grievance,1
2026-07-14,10,ROAD_ACCIDENT,police,3
2026-07-14,10,ROAD_DAMAGE,grievance,2
2026-07-14,10,SANITATION_TOILETS,grievance,1
2026-07-14,10,SOLID_WASTE,grievance,1
2026-07-14,10,STRAY_ANIMALS,grievance,1
2026-07-14,11,POLICE_OTHER,police,1
2026-07-14,11,SANITATION_TOILETS,grievance,1
2026-07-14,11,SOLID_WASTE,grievance,1
2026-07-14,11,STREETLIGHT_ELECTRICAL,grievance,1
2026-07-14,12,CRIME_PROPERTY,police,1
2026-07-14,12,CRIME_VIOLENT,police,1
2026-07-14,12,ENCROACHMENT,pwd,1
2026-07-14,12,ROAD_DAMAGE,grievance,1
2026-07-14,12,SOLID_WASTE,grievance,2
2026-07-14,13,CRIME_PROPERTY,police,2
2026-07-14,13,DRAINAGE_SEWAGE,grievance,1
2026-07-14,13,DRAINAGE_SEWAGE,pwd,1
2026-07-14,13,ENCROACHMENT,grievance,1
2026-07-14,13,ENCROACHMENT,pwd,2
2026-07-14,13,MISSING_PERSON,police,1
2026-07-14,13,PUBLIC_ORDER,police,2
2026-07-14,13,ROAD_ACCIDENT,police,2
2026-07-14,13,STREETLIGHT_ELECTRICAL,grievance,1
2026-07-14,14,SOLID_WASTE,grievance,1
2026-07-14,15,CRIME_PROPERTY,police,3
2026-07-14,15,DRUGS_LIQUOR,police,1
2026-07-14,15,ENCROACHMENT,grievance,1
2026-07-14,15,SOLID_WASTE,grievance,1
2026-07-14,,CRIME_VIOLENT,news,1
2026-07-14,,DRUGS_LIQUOR,police,1
2026-07-14,,ROAD_ACCIDENT,news,5
2026-07-14,,ROAD_DAMAGE,news,1
2026-07-14,,SOLID_WASTE,news,1
2026-07-14,,STREETLIGHT_ELECTRICAL,news,1
2026-07-14,,VECTOR_DISEASE,news,1
2026-07-15,1,CRIME_VIOLENT,police,1
2026-07-15,1,DRAINAGE_SEWAGE,grievance,1
2026-07-15,1,DRAIN_WORKS_SAFETY,grievance,1
2026-07-15,1,MISSING_PERSON,police,1
2026-07-15,1,POLICE_OTHER,police,1
2026-07-15,1,ROAD_ACCIDENT,police,3
2026-07-15,1,ROAD_DAMAGE,grievance,1
2026-07-15,1,ROAD_DAMAGE,pwd,1
2026-07-15,1,SOLID_WASTE,grievance,2
2026-07-15,1,TRAFFIC_OBSTRUCTION,grievance,1
2026-07-15,2,ROAD_DAMAGE,grievance,1
2026-07-15,3,ROAD_ACCIDENT,police,2
2026-07-15,3,SOLID_WASTE,grievance,1
2026-07-15,3,TREES_PARKS,grievance,1
2026-07-15,4,CRIME_PROPERTY,police,2
2026-07-15,4,DRAINAGE_SEWAGE,grievance,1
2026-07-15,4,DRAINAGE_SEWAGE,pwd,1
2026-07-15,4,DRAIN_WORKS_SAFETY,grievance,1
2026-07-15,4,ENCROACHMENT,pwd,2
2026-07-15,4,PUBLIC_ORDER,police,3
2026-07-15,4,ROAD_ACCIDENT,police,1
2026-07-15,4,SOLID_WASTE,grievance,3
2026-07-15,4,STREETLIGHT_ELECTRICAL,grievance,1
2026-07-15,5,CRIME_PROPERTY,police,2
2026-07-15,5,CRIME_VIOLENT,police,1
2026-07-15,5,DRAINAGE_SEWAGE,grievance,1
2026-07-15,5,OTHER,grievance,2
2026-07-15,5,SANITATION_TOILETS,grievance,1
2026-07-15,6,CRIME_VIOLENT,police,1
2026-07-15,6,DRAINAGE_SEWAGE,grievance,1
2026-07-15,6,DRAINAGE_SEWAGE,pwd,1
2026-07-15,6,FOOD_SAFETY,grievance,1
2026-07-15,6,PUBLIC_ORDER,police,1
2026-07-15,6,ROAD_ACCIDENT,police,1
2026-07-15,6,ROAD_DAMAGE,grievance,1
2026-07-15,6,SOLID_WASTE,grievance,1
2026-07-15,6,STRAY_ANIMALS,grievance,1
2026-07-15,6,STREETLIGHT_ELECTRICAL,grievance,1
2026-07-15,7,CIVIC_FACILITIES,grievance,1
2026-07-15,7,CRIME_PROPERTY,police,1
2026-07-15,7,CRIME_VIOLENT,police,1
2026-07-15,7,DRAINAGE_SEWAGE,grievance,1
2026-07-15,7,FLOOD_WATERLOGGING,grievance,1
2026-07-15,7,PUBLIC_ORDER,police,2
2026-07-15,7,ROAD_ACCIDENT,police,1
2026-07-15,7,ROAD_DAMAGE,grievance,1
2026-07-15,7,SOLID_WASTE,grievance,1
2026-07-15,7,TRAFFIC_OBSTRUCTION,police,1
2026-07-15,8,ADMIN_SERVICES,grievance,1
2026-07-15,8,BUILDING_SAFETY,pwd,1
2026-07-15,8,CRIME_PROPERTY,police,4
2026-07-15,8,DARK_SPOT_SAFETY,grievance,1
2026-07-15,8,PUBLIC_ORDER,police,1
2026-07-15,8,ROAD_DAMAGE,grievance,2
2026-07-15,8,ROAD_DAMAGE,pwd,1
2026-07-15,8,SOLID_WASTE,grievance,2
2026-07-15,8,STRAY_ANIMALS,grievance,1
2026-07-15,8,STRAY_ANIMALS,police,1
2026-07-15,8,STREETLIGHT_ELECTRICAL,grievance,3
2026-07-15,8,TRAFFIC_OBSTRUCTION,police,2
2026-07-15,9,ADMIN_SERVICES,grievance,2
2026-07-15,9,BUILDING_SAFETY,pwd,2
2026-07-15,9,CRIME_VIOLENT,police,2
2026-07-15,9,DRAINAGE_SEWAGE,pwd,1
2026-07-15,9,FLOOD_WATERLOGGING,grievance,1
2026-07-15,9,ROAD_ACCIDENT,police,1
2026-07-15,9,ROAD_DAMAGE,grievance,1
2026-07-15,9,SOLID_WASTE,grievance,3
2026-07-15,9,STREETLIGHT_ELECTRICAL,grievance,1
2026-07-15,9,TRAFFIC_OBSTRUCTION,police,1
2026-07-15,10,ADMIN_SERVICES,grievance,1
2026-07-15,10,AIR_POLLUTION,grievance,1
2026-07-15,10,CIVIC_FACILITIES,grievance,1
2026-07-15,10,DARK_SPOT_SAFETY,grievance,1
2026-07-15,10,DRAIN_WORKS_SAFETY,news,1
2026-07-15,10,FLOOD_WATERLOGGING,grievance,1
2026-07-15,10,HEALTH_SERVICES,grievance,1
2026-07-15,10,MISSING_PERSON,police,3
2026-07-15,10,ROAD_ACCIDENT,police,2
2026-07-15,10,ROAD_DAMAGE,grievance,2
2026-07-15,11,CRIME_VIOLENT,police,3
2026-07-15,11,ENCROACHMENT,pwd,1
2026-07-15,11,FLOOD_WATERLOGGING,grievance,1
2026-07-15,11,OTHER,grievance,1
2026-07-15,11,ROAD_ACCIDENT,police,3
2026-07-15,11,SOLID_WASTE,grievance,1
2026-07-15,12,CRIME_VIOLENT,police,2
2026-07-15,12,DRAINAGE_SEWAGE,pwd,1
2026-07-15,12,STRAY_ANIMALS,grievance,1
2026-07-15,12,VECTOR_DISEASE,grievance,1
2026-07-15,13,AIR_POLLUTION,grievance,1
2026-07-15,13,CRIME_PROPERTY,police,4
2026-07-15,13,CRIME_VIOLENT,police,2
2026-07-15,13,DARK_SPOT_SAFETY,grievance,1
2026-07-15,13,DRAINAGE_SEWAGE,pwd,1
2026-07-15,13,FLOOD_RELIEF,grievance,1
2026-07-15,13,MISSING_PERSON,police,3
2026-07-15,13,PUBLIC_ORDER,police,1
2026-07-15,13,ROAD_ACCIDENT,police,2
2026-07-15,13,SANITATION_TOILETS,grievance,1
2026-07-15,13,SOLID_WASTE,grievance,1
2026-07-15,13,STREETLIGHT_ELECTRICAL,grievance,2
2026-07-15,13,TRAFFIC_OBSTRUCTION,police,1
2026-07-15,13,TREES_PARKS,grievance,1
2026-07-15,13,VECTOR_DISEASE,grievance,1
2026-07-15,14,ENCROACHMENT,grievance,1
2026-07-15,14,PUBLIC_ORDER,police,1
2026-07-15,14,STREETLIGHT_ELECTRICAL,grievance,3
2026-07-15,15,CRIME_PROPERTY,police,4
2026-07-15,15,CRIME_VIOLENT,police,1
2026-07-15,15,PUBLIC_ORDER,police,1
2026-07-15,15,TREES_PARKS,grievance,1
2026-07-15,,CRIME_VIOLENT,news,1
2026-07-15,,ROAD_ACCIDENT,police,1
2026-07-15,,STRAY_ANIMALS,news,1
2026-07-15,,STREETLIGHT_ELECTRICAL,news,1
2026-07-16,1,CRIME_VIOLENT,police,2
2026-07-16,1,DRAIN_WORKS_SAFETY,grievance,1
2026-07-16,1,FLOOD_WATERLOGGING,grievance,1
2026-07-16,1,PUBLIC_ORDER,police,1
2026-07-16,1,ROAD_ACCIDENT,police,1
2026-07-16,1,SOLID_WASTE,grievance,1
2026-07-16,1,WATERBODY_INFRA,pwd,1
2026-07-16,2,ROAD_DAMAGE,grievance,1
2026-07-16,3,CRIME_PROPERTY,police,1
2026-07-16,3,CRIME_VIOLENT,police,1
2026-07-16,3,DRAINAGE_SEWAGE,grievance,1
2026-07-16,3,DRAINAGE_SEWAGE,pwd,1
2026-07-16,3,FLOOD_WATERLOGGING,pwd,1
2026-07-16,3,PUBLIC_ORDER,news,1
2026-07-16,3,ROAD_ACCIDENT,police,1
2026-07-16,3,SOLID_WASTE,grievance,1
2026-07-16,3,STREETLIGHT_ELECTRICAL,grievance,1
2026-07-16,3,TREES_PARKS,grievance,1
2026-07-16,4,DRAINAGE_SEWAGE,grievance,1
2026-07-16,4,DRAIN_WORKS_SAFETY,grievance,1
2026-07-16,4,HEALTH_SERVICES,grievance,1
2026-07-16,4,SOLID_WASTE,grievance,2
2026-07-16,4,TRAFFIC_OBSTRUCTION,police,2
2026-07-16,5,AIR_POLLUTION,grievance,1
2026-07-16,5,BUILDING_SAFETY,pwd,1
2026-07-16,5,CRIME_PROPERTY,police,3
2026-07-16,5,DRAINAGE_SEWAGE,grievance,3
2026-07-16,5,DRAINAGE_SEWAGE,pwd,1
2026-07-16,5,ENCROACHMENT,grievance,1
2026-07-16,5,FOOD_SAFETY,grievance,1
2026-07-16,5,PUBLIC_ORDER,police,3
2026-07-16,5,ROAD_ACCIDENT,police,1
2026-07-16,5,ROAD_DAMAGE,grievance,1
2026-07-16,5,SOLID_WASTE,grievance,3
2026-07-16,5,STREETLIGHT_ELECTRICAL,grievance,1
2026-07-16,6,ADMIN_SERVICES,grievance,2
2026-07-16,6,CRIME_PROPERTY,police,2
2026-07-16,6,DRAINAGE_SEWAGE,grievance,1
2026-07-16,6,DRAIN_WORKS_SAFETY,grievance,2
2026-07-16,6,FLOOD_WATERLOGGING,grievance,1
2026-07-16,6,OTHER,grievance,1
2026-07-16,6,PUBLIC_ORDER,police,1
2026-07-16,6,ROAD_ACCIDENT,police,2
2026-07-16,6,SANITATION_TOILETS,grievance,1
2026-07-16,6,SOLID_WASTE,grievance,5
2026-07-16,6,STRAY_ANIMALS,grievance,1
2026-07-16,6,STREETLIGHT_ELECTRICAL,grievance,1
2026-07-16,7,CRIME_PROPERTY,police,1
2026-07-16,7,CRIME_VIOLENT,police,1
2026-07-16,7,FOOD_SAFETY,grievance,1
2026-07-16,7,HEALTH_SERVICES,grievance,1
2026-07-16,7,ROAD_ACCIDENT,police,6
2026-07-16,7,ROAD_DAMAGE,grievance,1
2026-07-16,7,SOLID_WASTE,grievance,1
2026-07-16,7,STREETLIGHT_ELECTRICAL,grievance,1
2026-07-16,8,ADMIN_SERVICES,grievance,1
2026-07-16,8,CRIME_PROPERTY,police,1
2026-07-16,8,CRIME_VIOLENT,police,1
2026-07-16,8,DRAIN_WORKS_SAFETY,grievance,1
2026-07-16,8,ENCROACHMENT,pwd,1
2026-07-16,8,FLOOD_WATERLOGGING,grievance,2
2026-07-16,8,MISSING_PERSON,police,1
2026-07-16,8,OTHER,grievance,1
2026-07-16,8,PUBLIC_ORDER,police,1
2026-07-16,8,ROAD_DAMAGE,grievance,1
2026-07-16,8,SOLID_WASTE,grievance,3
2026-07-16,9,BUILDING_SAFETY,pwd,1
2026-07-16,9,DARK_SPOT_SAFETY,grievance,2
2026-07-16,9,HEALTH_SERVICES,grievance,1
2026-07-16,9,ROAD_DAMAGE,grievance,3
2026-07-16,9,SANITATION_TOILETS,grievance,1
2026-07-16,9,SOLID_WASTE,grievance,4
2026-07-16,9,STREETLIGHT_ELECTRICAL,grievance,3
2026-07-16,9,TRAFFIC_OBSTRUCTION,police,2
2026-07-16,9,VECTOR_DISEASE,grievance,1
2026-07-16,10,CRIME_PROPERTY,police,2
2026-07-16,10,CRIME_VIOLENT,police,2
2026-07-16,10,DARK_SPOT_SAFETY,grievance,1
2026-07-16,10,DRAIN_WORKS_SAFETY,grievance,1
2026-07-16,10,OTHER,grievance,1
2026-07-16,10,PUBLIC_ORDER,police,1
2026-07-16,10,ROAD_ACCIDENT,police,1
2026-07-16,10,ROAD_DAMAGE,grievance,4
2026-07-16,10,ROAD_DAMAGE,news,1
2026-07-16,10,SOLID_WASTE,grievance,1
2026-07-16,10,STREETLIGHT_ELECTRICAL,grievance,1
2026-07-16,10,TRAFFIC_OBSTRUCTION,police,4
2026-07-16,11,ADMIN_SERVICES,grievance,1
2026-07-16,11,CRIME_PROPERTY,police,4
2026-07-16,11,POLICE_OTHER,police,1
2026-07-16,11,ROAD_ACCIDENT,police,3
2026-07-16,11,SANITATION_TOILETS,grievance,1
2026-07-16,11,SOLID_WASTE,grievance,1
2026-07-16,11,STREETLIGHT_ELECTRICAL,grievance,2
2026-07-16,12,CRIME_PROPERTY,police,1
2026-07-16,12,ENCROACHMENT,news,1
2026-07-16,12,TREES_PARKS,grievance,2
2026-07-16,13,CRIME_PROPERTY,police,1
2026-07-16,13,DRAINAGE_SEWAGE,grievance,1
2026-07-16,13,MISSING_PERSON,police,1
2026-07-16,13,PUBLIC_ORDER,police,2
2026-07-16,13,ROAD_ACCIDENT,police,2
2026-07-16,13,ROAD_DAMAGE,grievance,1
2026-07-16,13,SOLID_WASTE,grievance,1
2026-07-16,13,TREES_PARKS,grievance,1
2026-07-16,13,WATERBODY_INFRA,pwd,2
2026-07-16,14,CRIME_PROPERTY,police,1
2026-07-16,14,CRIME_VIOLENT,news,1
2026-07-16,14,DRAINAGE_SEWAGE,grievance,1
2026-07-16,14,ENCROACHMENT,grievance,1
2026-07-16,14,SOLID_WASTE,grievance,1
2026-07-16,14,STRAY_ANIMALS,grievance,1
2026-07-16,14,TREES_PARKS,grievance,1
2026-07-16,15,FLOOD_RELIEF,grievance,1
2026-07-16,15,PUBLIC_ORDER,police,1
2026-07-16,15,ROAD_ACCIDENT,police,1
2026-07-16,15,SOLID_WASTE,grievance,2
2026-07-16,15,STREETLIGHT_ELECTRICAL,grievance,2
2026-07-16,15,TREES_PARKS,grievance,1
2026-07-16,,DRAINAGE_SEWAGE,news,2
2026-07-16,,PUBLIC_ORDER,news,1
2026-07-16,,ROAD_ACCIDENT,news,1
2026-07-16,,WATER_SUPPLY,news,1
2026-07-17,1,DRAINAGE_SEWAGE,grievance,1
2026-07-17,1,DRAIN_WORKS_SAFETY,grievance,1
2026-07-17,1,STREETLIGHT_ELECTRICAL,grievance,1
2026-07-17,1,TRAFFIC_OBSTRUCTION,police,2
2026-07-17,1,VECTOR_DISEASE,grievance,1
2026-07-17,1,WATERBODY_INFRA,pwd,1
2026-07-17,2,CIVIC_FACILITIES,grievance,1
2026-07-17,2,DARK_SPOT_SAFETY,grievance,1
2026-07-17,2,SANITATION_TOILETS,grievance,1
2026-07-17,2,STRAY_ANIMALS,grievance,1
2026-07-17,3,CRIME_PROPERTY,police,1
2026-07-17,3,HEALTH_SERVICES,grievance,1
2026-07-17,3,PUBLIC_ORDER,police,2
2026-07-17,3,ROAD_ACCIDENT,police,2
2026-07-17,3,SANITATION_TOILETS,grievance,1
2026-07-17,3,SOLID_WASTE,grievance,3
2026-07-17,3,STREETLIGHT_ELECTRICAL,grievance,2
2026-07-17,4,BUILDING_SAFETY,pwd,1
2026-07-17,4,CRIME_PROPERTY,police,1
2026-07-17,4,CRIME_VIOLENT,police,1
2026-07-17,4,DRAINAGE_SEWAGE,grievance,1
2026-07-17,4,HEALTH_SERVICES,grievance,1
2026-07-17,4,PUBLIC_ORDER,police,1
2026-07-17,4,PUBLIC_WORKS,grievance,1
2026-07-17,4,ROAD_ACCIDENT,police,1
2026-07-17,4,ROAD_DAMAGE,grievance,3
2026-07-17,4,SOLID_WASTE,grievance,2
2026-07-17,4,STREETLIGHT_ELECTRICAL,grievance,1
2026-07-17,4,TRAFFIC_OBSTRUCTION,grievance,1
2026-07-17,5,CRIME_PROPERTY,police,3
2026-07-17,5,CRIME_VIOLENT,police,3
2026-07-17,5,FLOOD_WATERLOGGING,grievance,1
2026-07-17,5,HEALTH_SERVICES,grievance,2
2026-07-17,5,ROAD_ACCIDENT,police,1
2026-07-17,5,ROAD_DAMAGE,grievance,2
2026-07-17,5,ROAD_DAMAGE,pwd,1
2026-07-17,5,SOLID_WASTE,grievance,3
2026-07-17,5,STREETLIGHT_ELECTRICAL,grievance,1
2026-07-17,5,TRAFFIC_OBSTRUCTION,police,1
2026-07-17,6,CRIME_PROPERTY,police,1
2026-07-17,6,DARK_SPOT_SAFETY,grievance,1
2026-07-17,6,FLOOD_WATERLOGGING,grievance,1
2026-07-17,6,FLOOD_WATERLOGGING,police,1
2026-07-17,6,OTHER,grievance,2
2026-07-17,6,PUBLIC_ORDER,police,2
2026-07-17,6,ROAD_ACCIDENT,police,2
2026-07-17,6,SOLID_WASTE,grievance,1
2026-07-17,6,TRAFFIC_OBSTRUCTION,police,1
2026-07-17,7,CRIME_PROPERTY,police,1
2026-07-17,7,DRUGS_LIQUOR,police,2
2026-07-17,7,ENCROACHMENT,grievance,1
2026-07-17,7,ROAD_ACCIDENT,police,1
2026-07-17,7,ROAD_DAMAGE,grievance,1
2026-07-17,7,SOLID_WASTE,grievance,1
2026-07-17,7,STREETLIGHT_ELECTRICAL,grievance,1
2026-07-17,7,TRAFFIC_OBSTRUCTION,police,1
2026-07-17,7,TREES_PARKS,grievance,1
2026-07-17,8,ADMIN_SERVICES,grievance,1
2026-07-17,8,CRIME_PROPERTY,police,2
2026-07-17,8,CRIME_VIOLENT,police,1
2026-07-17,8,DARK_SPOT_SAFETY,grievance,1
2026-07-17,8,DRAINAGE_SEWAGE,pwd,1
2026-07-17,8,DRAIN_WORKS_SAFETY,grievance,1
2026-07-17,8,ENCROACHMENT,grievance,1
2026-07-17,8,FLOOD_WATERLOGGING,grievance,1
2026-07-17,8,MISSING_PERSON,police,1
2026-07-17,8,OTHER,grievance,1
2026-07-17,8,ROAD_ACCIDENT,police,2
2026-07-17,8,SANITATION_TOILETS,grievance,1
2026-07-17,8,STREETLIGHT_ELECTRICAL,grievance,1
2026-07-17,8,TREES_PARKS,grievance,2
2026-07-17,9,BUILDING_SAFETY,pwd,2
2026-07-17,9,DARK_SPOT_SAFETY,grievance,1
2026-07-17,9,DRAINAGE_SEWAGE,grievance,1
2026-07-17,9,FOOD_SAFETY,grievance,1
2026-07-17,9,HEALTH_SERVICES,grievance,2
2026-07-17,9,ROAD_DAMAGE,grievance,1
2026-07-17,9,SANITATION_TOILETS,grievance,1
2026-07-17,9,SOLID_WASTE,grievance,4
2026-07-17,9,TRAFFIC_OBSTRUCTION,police,1
2026-07-17,9,VECTOR_DISEASE,grievance,3
2026-07-17,10,BUILDING_SAFETY,pwd,1
2026-07-17,10,CRIME_VIOLENT,police,2
2026-07-17,10,DRAIN_WORKS_SAFETY,grievance,1
2026-07-17,10,MISSING_PERSON,police,1
2026-07-17,10,ROAD_ACCIDENT,police,1
2026-07-17,10,SOLID_WASTE,grievance,3
2026-07-17,10,STREETLIGHT_ELECTRICAL,grievance,1
2026-07-17,11,CRIME_PROPERTY,police,1
2026-07-17,11,MISSING_PERSON,police,1
2026-07-17,11,POLICE_OTHER,police,1
2026-07-17,11,ROAD_ACCIDENT,police,1
2026-07-17,11,SOLID_WASTE,grievance,2
2026-07-17,12,ADMIN_SERVICES,grievance,1
2026-07-17,12,CRIME_PROPERTY,police,2
2026-07-17,12,DRAINAGE_SEWAGE,grievance,1
2026-07-17,12,PUBLIC_ORDER,police,1
2026-07-17,12,SOLID_WASTE,grievance,1
2026-07-17,12,STRAY_ANIMALS,grievance,1
2026-07-17,12,STREETLIGHT_ELECTRICAL,grievance,2
2026-07-17,13,CRIME_PROPERTY,news,1
2026-07-17,13,CRIME_PROPERTY,police,1
2026-07-17,13,FLOOD_WATERLOGGING,grievance,1
2026-07-17,13,FLOOD_WATERLOGGING,police,2
2026-07-17,13,OTHER,grievance,1
2026-07-17,13,SOLID_WASTE,grievance,1
2026-07-17,13,STREETLIGHT_ELECTRICAL,grievance,2
2026-07-17,13,WATER_SUPPLY,news,1
2026-07-17,14,FLOOD_WATERLOGGING,grievance,2
2026-07-17,14,SOLID_WASTE,grievance,2
2026-07-17,14,STREETLIGHT_ELECTRICAL,grievance,2
2026-07-17,15,CRIME_PROPERTY,police,1
2026-07-17,15,ROAD_ACCIDENT,police,1
2026-07-17,15,SOLID_WASTE,grievance,1
2026-07-17,,CRIME_PROPERTY,news,1
2026-07-17,,CRIME_VIOLENT,news,1
2026-07-17,,STREETLIGHT_ELECTRICAL,news,1
2026-07-18,1,ADMIN_SERVICES,grievance,1
2026-07-18,1,CIVIC_FACILITIES,grievance,1
2026-07-18,1,DARK_SPOT_SAFETY,grievance,1
2026-07-18,1,DRAINAGE_SEWAGE,pwd,1
2026-07-18,1,ENCROACHMENT,grievance,1
2026-07-18,1,FLOOD_WATERLOGGING,grievance,1
2026-07-18,1,FLOOD_WATERLOGGING,police,6
2026-07-18,1,FLOOD_WATERLOGGING,pwd,2
2026-07-18,1,MISSING_PERSON,police,1
2026-07-18,1,ROAD_ACCIDENT,police,4
2026-07-18,1,SANITATION_TOILETS,grievance,1
2026-07-18,1,SOLID_WASTE,grievance,1
2026-07-18,1,STRAY_ANIMALS,news,1
2026-07-18,1,TRAFFIC_OBSTRUCTION,police,3
2026-07-18,2,CRIME_PROPERTY,police,1
2026-07-18,2,SOLID_WASTE,grievance,1
2026-07-18,3,DRAINAGE_SEWAGE,pwd,1
2026-07-18,3,ENCROACHMENT,grievance,1
2026-07-18,3,FLOOD_WATERLOGGING,grievance,1
2026-07-18,3,FLOOD_WATERLOGGING,police,1
2026-07-18,3,FLOOD_WATERLOGGING,pwd,1
2026-07-18,3,OTHER,grievance,1
2026-07-18,3,PUBLIC_ORDER,police,1
2026-07-18,3,ROAD_ACCIDENT,police,2
2026-07-18,3,TRAFFIC_OBSTRUCTION,grievance,1
2026-07-18,3,TRAFFIC_OBSTRUCTION,police,2
2026-07-18,4,BUILDING_SAFETY,pwd,1
2026-07-18,4,CRIME_PROPERTY,police,1
2026-07-18,4,CRIME_VIOLENT,police,1
2026-07-18,4,DRAINAGE_SEWAGE,grievance,4
2026-07-18,4,DRAIN_WORKS_SAFETY,grievance,2
2026-07-18,4,DRUGS_LIQUOR,police,1
2026-07-18,4,FLOOD_WATERLOGGING,grievance,2
2026-07-18,4,FLOOD_WATERLOGGING,pwd,2
2026-07-18,4,FOOD_SAFETY,grievance,1
2026-07-18,4,OTHER,grievance,1
2026-07-18,4,PUBLIC_ORDER,police,1
2026-07-18,4,ROAD_ACCIDENT,police,3
2026-07-18,4,SANITATION_TOILETS,grievance,1
2026-07-18,4,SOLID_WASTE,grievance,2
2026-07-18,4,STREETLIGHT_ELECTRICAL,grievance,5
2026-07-18,4,TRAFFIC_OBSTRUCTION,police,2
2026-07-18,5,ADMIN_SERVICES,grievance,1
2026-07-18,5,CRIME_PROPERTY,police,2
2026-07-18,5,DRAINAGE_SEWAGE,grievance,3
2026-07-18,5,FLOOD_WATERLOGGING,grievance,2
2026-07-18,5,FLOOD_WATERLOGGING,police,2
2026-07-18,5,FLOOD_WATERLOGGING,pwd,5
2026-07-18,5,OTHER,grievance,2
2026-07-18,5,PUBLIC_ORDER,police,2
2026-07-18,5,ROAD_ACCIDENT,police,1
2026-07-18,5,ROAD_DAMAGE,grievance,2
2026-07-18,5,STREETLIGHT_ELECTRICAL,grievance,1
2026-07-18,5,TRAFFIC_OBSTRUCTION,grievance,1
2026-07-18,5,TRAFFIC_OBSTRUCTION,police,1
2026-07-18,6,CRIME_PROPERTY,police,1
2026-07-18,6,DRAIN_WORKS_SAFETY,grievance,1
2026-07-18,6,DRUGS_LIQUOR,police,1
2026-07-18,6,ENCROACHMENT,grievance,1
2026-07-18,6,FLOOD_WATERLOGGING,grievance,3
2026-07-18,6,FLOOD_WATERLOGGING,police,2
2026-07-18,6,FLOOD_WATERLOGGING,pwd,2
2026-07-18,6,OTHER,grievance,1
2026-07-18,6,ROAD_DAMAGE,grievance,1
2026-07-18,6,SANITATION_TOILETS,grievance,1
2026-07-18,6,SOLID_WASTE,grievance,2
2026-07-18,6,STREETLIGHT_ELECTRICAL,grievance,1
2026-07-18,7,CRIME_PROPERTY,police,1
2026-07-18,7,DRAINAGE_SEWAGE,grievance,1
2026-07-18,7,DRAIN_WORKS_SAFETY,grievance,1
2026-07-18,7,FLOOD_WATERLOGGING,grievance,6
2026-07-18,7,FLOOD_WATERLOGGING,pwd,2
2026-07-18,7,ROAD_ACCIDENT,police,2
2026-07-18,7,SOLID_WASTE,grievance,1
2026-07-18,7,STREETLIGHT_ELECTRICAL,grievance,1
2026-07-18,7,WATERBODY_INFRA,pwd,4
2026-07-18,8,BUILDING_SAFETY,pwd,1
2026-07-18,8,CIVIC_FACILITIES,grievance,1
2026-07-18,8,CRIME_PROPERTY,police,2
2026-07-18,8,CRIME_VIOLENT,police,1
2026-07-18,8,DRAINAGE_SEWAGE,grievance,1
2026-07-18,8,DRUGS_LIQUOR,police,1
2026-07-18,8,FLOOD_WATERLOGGING,pwd,3
2026-07-18,8,MISSING_PERSON,police,1
2026-07-18,8,PUBLIC_ORDER,police,1
2026-07-18,8,ROAD_ACCIDENT,police,5
2026-07-18,8,SOLID_WASTE,grievance,1
2026-07-18,8,STREETLIGHT_ELECTRICAL,grievance,3
2026-07-18,9,BUILDING_SAFETY,pwd,2
2026-07-18,9,DRAINAGE_SEWAGE,grievance,3
2026-07-18,9,DRAIN_WORKS_SAFETY,grievance,2
2026-07-18,9,FLOOD_WATERLOGGING,grievance,6
2026-07-18,9,FLOOD_WATERLOGGING,police,4
2026-07-18,9,FLOOD_WATERLOGGING,pwd,7
2026-07-18,9,FOOD_SAFETY,grievance,1
2026-07-18,9,PUBLIC_ORDER,police,1
2026-07-18,9,SANITATION_TOILETS,grievance,1
2026-07-18,9,SOLID_WASTE,grievance,3
2026-07-18,9,STREETLIGHT_ELECTRICAL,grievance,1
2026-07-18,9,TRAFFIC_OBSTRUCTION,police,2
2026-07-18,9,VECTOR_DISEASE,grievance,2
2026-07-18,10,CRIME_PROPERTY,police,2
2026-07-18,10,CRIME_VIOLENT,police,1
2026-07-18,10,DRAINAGE_SEWAGE,grievance,1
2026-07-18,10,DRAIN_WORKS_SAFETY,grievance,2
2026-07-18,10,FOOD_SAFETY,grievance,1
2026-07-18,10,PUBLIC_ORDER,police,1
2026-07-18,10,ROAD_ACCIDENT,police,1
2026-07-18,10,SOLID_WASTE,grievance,7
2026-07-18,10,STREETLIGHT_ELECTRICAL,grievance,3
2026-07-18,10,TRAFFIC_OBSTRUCTION,police,1
2026-07-18,11,CRIME_PROPERTY,police,2
2026-07-18,11,DRAINAGE_SEWAGE,grievance,1
2026-07-18,11,DRAINAGE_SEWAGE,pwd,1
2026-07-18,11,DRAIN_WORKS_SAFETY,grievance,2
2026-07-18,11,FLOOD_WATERLOGGING,grievance,1
2026-07-18,11,FLOOD_WATERLOGGING,pwd,2
2026-07-18,11,ROAD_DAMAGE,pwd,1
2026-07-18,11,SOLID_WASTE,grievance,1
2026-07-18,11,TRAFFIC_OBSTRUCTION,police,1
2026-07-18,11,WATERBODY_INFRA,pwd,1
2026-07-18,12,CRIME_PROPERTY,police,5
2026-07-18,12,DRAINAGE_SEWAGE,pwd,1
2026-07-18,12,FLOOD_WATERLOGGING,pwd,4
2026-07-18,12,OTHER,grievance,1
2026-07-18,12,PUBLIC_WORKS,grievance,1
2026-07-18,12,SOLID_WASTE,grievance,1
2026-07-18,12,WATERBODY_INFRA,pwd,2
2026-07-18,13,CRIME_PROPERTY,police,6
2026-07-18,13,DRAINAGE_SEWAGE,grievance,2
2026-07-18,13,DRAIN_WORKS_SAFETY,grievance,1
2026-07-18,13,FLOOD_RELIEF,grievance,1
2026-07-18,13,FLOOD_WATERLOGGING,grievance,7
2026-07-18,13,FLOOD_WATERLOGGING,police,5
2026-07-18,13,FLOOD_WATERLOGGING,pwd,4
2026-07-18,13,ROAD_ACCIDENT,police,5
2026-07-18,13,ROAD_DAMAGE,grievance,1
2026-07-18,13,ROAD_DAMAGE,pwd,1
2026-07-18,13,SOLID_WASTE,grievance,1
2026-07-18,13,STREETLIGHT_ELECTRICAL,grievance,5
2026-07-18,13,TRAFFIC_OBSTRUCTION,police,2
2026-07-18,14,ADMIN_SERVICES,grievance,1
2026-07-18,14,CRIME_PROPERTY,police,1
2026-07-18,14,ENCROACHMENT,grievance,1
2026-07-18,14,FLOOD_WATERLOGGING,grievance,4
2026-07-18,14,FLOOD_WATERLOGGING,police,3
2026-07-18,14,FLOOD_WATERLOGGING,pwd,1
2026-07-18,14,POLICE_OTHER,police,1
2026-07-18,14,PUBLIC_ORDER,police,1
2026-07-18,14,ROAD_DAMAGE,grievance,1
2026-07-18,14,SOLID_WASTE,grievance,1
2026-07-18,14,STREETLIGHT_ELECTRICAL,grievance,1
2026-07-18,14,TRAFFIC_OBSTRUCTION,police,1
2026-07-18,15,AIR_POLLUTION,grievance,1
2026-07-18,15,CRIME_PROPERTY,police,1
2026-07-18,15,CRIME_VIOLENT,police,1
2026-07-18,15,DARK_SPOT_SAFETY,grievance,1
2026-07-18,15,DRAINAGE_SEWAGE,grievance,1
2026-07-18,15,DRAINAGE_SEWAGE,pwd,3
2026-07-18,15,FLOOD_WATERLOGGING,police,3
2026-07-18,15,FLOOD_WATERLOGGING,pwd,2
2026-07-18,15,PUBLIC_ORDER,police,1
2026-07-18,15,ROAD_ACCIDENT,police,1
2026-07-18,15,STREETLIGHT_ELECTRICAL,grievance,1
2026-07-18,,CRIME_PROPERTY,news,1
2026-07-18,,DARK_SPOT_SAFETY,news,1
2026-07-18,,PUBLIC_ORDER,news,1
2026-07-18,,ROAD_ACCIDENT,news,1
2026-07-18,,STREETLIGHT_ELECTRICAL,news,1
2026-07-18,,VECTOR_DISEASE,news,1
2026-07-19,1,ENCROACHMENT,grievance,1
2026-07-19,1,FLOOD_WATERLOGGING,grievance,2
2026-07-19,1,FLOOD_WATERLOGGING,police,3
2026-07-19,1,OTHER,grievance,1
2026-07-19,1,PUBLIC_ORDER,news,1
2026-07-19,1,PUBLIC_ORDER,police,1
2026-07-19,1,SOLID_WASTE,grievance,1
2026-07-19,1,TRAFFIC_OBSTRUCTION,police,1
2026-07-19,2,CRIME_PROPERTY,police,1
2026-07-19,3,CRIME_VIOLENT,police,2
2026-07-19,3,PUBLIC_WORKS,grievance,1
2026-07-19,3,ROAD_DAMAGE,grievance,1
2026-07-19,3,STREETLIGHT_ELECTRICAL,police,1
2026-07-19,4,CIVIC_FACILITIES,grievance,1
2026-07-19,4,CRIME_PROPERTY,police,1
2026-07-19,4,DARK_SPOT_SAFETY,grievance,1
2026-07-19,4,DRAINAGE_SEWAGE,grievance,1
2026-07-19,4,DRAINAGE_SEWAGE,pwd,1
2026-07-19,4,DRAIN_WORKS_SAFETY,grievance,1
2026-07-19,4,POLICE_OTHER,police,1
2026-07-19,4,PUBLIC_ORDER,police,3
2026-07-19,4,ROAD_ACCIDENT,police,2
2026-07-19,4,ROAD_DAMAGE,grievance,2
2026-07-19,4,SANITATION_TOILETS,grievance,1
2026-07-19,4,SOLID_WASTE,grievance,2
2026-07-19,4,STREETLIGHT_ELECTRICAL,grievance,1
2026-07-19,4,STREETLIGHT_ELECTRICAL,police,1
2026-07-19,5,DRAINAGE_SEWAGE,grievance,2
2026-07-19,5,DRAIN_WORKS_SAFETY,grievance,3
2026-07-19,5,ENCROACHMENT,grievance,1
2026-07-19,5,ROAD_ACCIDENT,police,2
2026-07-19,5,STREETLIGHT_ELECTRICAL,grievance,3
2026-07-19,5,TRAFFIC_OBSTRUCTION,police,1
2026-07-19,5,VECTOR_DISEASE,hospital,1
2026-07-19,6,CRIME_PROPERTY,police,2
2026-07-19,6,DRAINAGE_SEWAGE,grievance,1
2026-07-19,6,DRAINAGE_SEWAGE,pwd,1
2026-07-19,6,FLOOD_WATERLOGGING,grievance,1
2026-07-19,6,ROAD_ACCIDENT,police,1
2026-07-19,6,ROAD_DAMAGE,grievance,2
2026-07-19,6,SANITATION_TOILETS,grievance,1
2026-07-19,6,SOLID_WASTE,grievance,4
2026-07-19,6,STREETLIGHT_ELECTRICAL,news,1
2026-07-19,6,TRAFFIC_OBSTRUCTION,police,1
2026-07-19,6,WATER_SUPPLY,grievance,1
2026-07-19,7,ADMIN_SERVICES,grievance,1
2026-07-19,7,CRIME_PROPERTY,police,3
2026-07-19,7,DRAINAGE_SEWAGE,grievance,2
2026-07-19,7,ENCROACHMENT,grievance,1
2026-07-19,7,FLOOD_WATERLOGGING,grievance,1
2026-07-19,7,HEALTH_SERVICES,grievance,1
2026-07-19,7,MISSING_PERSON,police,1
2026-07-19,7,OTHER,grievance,1
2026-07-19,7,ROAD_ACCIDENT,police,3
2026-07-19,7,SOLID_WASTE,grievance,2
2026-07-19,8,ADMIN_SERVICES,grievance,2
2026-07-19,8,BUILDING_SAFETY,police,1
2026-07-19,8,BUILDING_SAFETY,pwd,1
2026-07-19,8,CRIME_PROPERTY,police,6
2026-07-19,8,DRAINAGE_SEWAGE,pwd,1
2026-07-19,8,OTHER,grievance,1
2026-07-19,8,PUBLIC_ORDER,police,1
2026-07-19,8,ROAD_ACCIDENT,police,3
2026-07-19,8,SOLID_WASTE,grievance,3
2026-07-19,8,STREETLIGHT_ELECTRICAL,grievance,2
2026-07-19,9,BUILDING_SAFETY,pwd,1
2026-07-19,9,DRAIN_WORKS_SAFETY,grievance,1
2026-07-19,9,FLOOD_RELIEF,grievance,1
2026-07-19,9,FLOOD_WATERLOGGING,police,3
2026-07-19,9,FOOD_SAFETY,grievance,1
2026-07-19,9,ROAD_DAMAGE,grievance,1
2026-07-19,9,SANITATION_TOILETS,grievance,1
2026-07-19,9,SOLID_WASTE,grievance,5
2026-07-19,9,STREETLIGHT_ELECTRICAL,grievance,2
2026-07-19,10,CRIME_PROPERTY,police,4
2026-07-19,10,DARK_SPOT_SAFETY,grievance,2
2026-07-19,10,DRAINAGE_SEWAGE,grievance,1
2026-07-19,10,PUBLIC_ORDER,police,1
2026-07-19,10,ROAD_ACCIDENT,police,2
2026-07-19,10,ROAD_DAMAGE,grievance,1
2026-07-19,10,SANITATION_TOILETS,grievance,1
2026-07-19,10,SOLID_WASTE,grievance,1
2026-07-19,10,SOLID_WASTE,news,1
2026-07-19,10,STREETLIGHT_ELECTRICAL,grievance,1
2026-07-19,11,CRIME_PROPERTY,police,2
2026-07-19,11,DRAINAGE_SEWAGE,grievance,2
2026-07-19,11,DRAIN_WORKS_SAFETY,grievance,1
2026-07-19,11,HEALTH_SERVICES,grievance,1
2026-07-19,11,SOLID_WASTE,grievance,1
2026-07-19,11,STREETLIGHT_ELECTRICAL,grievance,3
2026-07-19,11,TRAFFIC_OBSTRUCTION,grievance,1
2026-07-19,11,TREES_PARKS,grievance,1
2026-07-19,12,CRIME_VIOLENT,police,2
2026-07-19,12,DRAINAGE_SEWAGE,pwd,1
2026-07-19,12,ROAD_ACCIDENT,police,2
2026-07-19,12,ROAD_DAMAGE,grievance,2
2026-07-19,12,TRAFFIC_OBSTRUCTION,police,1
2026-07-19,13,BUILDING_SAFETY,pwd,1
2026-07-19,13,CRIME_PROPERTY,police,3
2026-07-19,13,CRIME_VIOLENT,police,1
2026-07-19,13,DRAINAGE_SEWAGE,pwd,1
2026-07-19,13,DRAIN_WORKS_SAFETY,grievance,1
2026-07-19,13,FLOOD_WATERLOGGING,grievance,3
2026-07-19,13,ROAD_ACCIDENT,police,3
2026-07-19,13,ROAD_DAMAGE,pwd,1
2026-07-19,13,TREES_PARKS,grievance,1
2026-07-19,14,CRIME_VIOLENT,police,1
2026-07-19,14,DRAIN_WORKS_SAFETY,grievance,1
2026-07-19,14,ENCROACHMENT,grievance,1
2026-07-19,14,SOLID_WASTE,grievance,4
2026-07-19,14,STREETLIGHT_ELECTRICAL,grievance,2
2026-07-19,15,CRIME_VIOLENT,police,2
2026-07-19,15,DRAINAGE_SEWAGE,grievance,1
2026-07-19,15,PUBLIC_ORDER,police,1
2026-07-19,15,ROAD_ACCIDENT,news,1
2026-07-19,15,ROAD_ACCIDENT,police,1
2026-07-19,15,ROAD_DAMAGE,grievance,1
2026-07-19,15,SOLID_WASTE,grievance,1
2026-07-19,15,STREETLIGHT_ELECTRICAL,grievance,1
2026-07-19,15,TRAFFIC_OBSTRUCTION,police,1
2026-07-19,15,TREES_PARKS,grievance,1
2026-07-19,,CRIME_PROPERTY,news,2
2026-07-19,,CRIME_VIOLENT,news,2
2026-07-19,,MISSING_PERSON,news,1
2026-07-20,1,BUILDING_SAFETY,pwd,1
2026-07-20,1,CRIME_VIOLENT,police,3
2026-07-20,1,DARK_SPOT_SAFETY,grievance,1
2026-07-20,1,DRAIN_WORKS_SAFETY,grievance,1
2026-07-20,1,FLOOD_WATERLOGGING,grievance,1
2026-07-20,1,OTHER,grievance,1
2026-07-20,1,ROAD_ACCIDENT,news,1
2026-07-20,2,CRIME_PROPERTY,police,1
2026-07-20,2,DARK_SPOT_SAFETY,grievance,1
2026-07-20,2,ROAD_ACCIDENT,police,1
2026-07-20,3,CRIME_PROPERTY,police,1
2026-07-20,3,CRIME_VIOLENT,police,1
2026-07-20,3,DRAIN_WORKS_SAFETY,grievance,1
2026-07-20,3,HEALTH_SERVICES,grievance,1
2026-07-20,3,PUBLIC_ORDER,police,2
2026-07-20,3,SOLID_WASTE,grievance,2
2026-07-20,4,ADMIN_SERVICES,grievance,1
2026-07-20,4,DRAINAGE_SEWAGE,grievance,1
2026-07-20,4,DRAIN_WORKS_SAFETY,grievance,3
2026-07-20,4,ENCROACHMENT,pwd,1
2026-07-20,4,FLOOD_WATERLOGGING,grievance,1
2026-07-20,4,FOOD_SAFETY,grievance,1
2026-07-20,4,ROAD_ACCIDENT,police,5
2026-07-20,4,SOLID_WASTE,grievance,3
2026-07-20,4,TRAFFIC_OBSTRUCTION,police,1
2026-07-20,4,TREES_PARKS,grievance,1
2026-07-20,5,CRIME_PROPERTY,police,4
2026-07-20,5,CRIME_VIOLENT,police,2
2026-07-20,5,DRAINAGE_SEWAGE,grievance,2
2026-07-20,5,DRAIN_WORKS_SAFETY,grievance,1
2026-07-20,5,ENCROACHMENT,pwd,1
2026-07-20,5,PUBLIC_ORDER,police,2
2026-07-20,5,PUBLIC_WORKS,grievance,1
2026-07-20,5,ROAD_ACCIDENT,police,1
2026-07-20,5,ROAD_DAMAGE,grievance,1
2026-07-20,5,STREETLIGHT_ELECTRICAL,grievance,2
2026-07-20,6,CIVIC_FACILITIES,grievance,1
2026-07-20,6,CRIME_PROPERTY,police,3
2026-07-20,6,DRAIN_WORKS_SAFETY,grievance,1
2026-07-20,6,FLOOD_RELIEF,grievance,2
2026-07-20,6,ROAD_DAMAGE,grievance,1
2026-07-20,6,STREETLIGHT_ELECTRICAL,grievance,2
2026-07-20,6,TRAFFIC_OBSTRUCTION,police,2
2026-07-20,7,CRIME_PROPERTY,police,1
2026-07-20,7,DRAIN_WORKS_SAFETY,grievance,1
2026-07-20,7,ENCROACHMENT,grievance,1
2026-07-20,7,OTHER,grievance,1
2026-07-20,7,PUBLIC_ORDER,police,1
2026-07-20,7,PUBLIC_WORKS,grievance,1
2026-07-20,7,ROAD_ACCIDENT,police,1
2026-07-20,7,SOLID_WASTE,grievance,4
2026-07-20,7,STREETLIGHT_ELECTRICAL,grievance,1
2026-07-20,7,WATERBODY_INFRA,pwd,1
2026-07-20,8,CRIME_PROPERTY,police,1
2026-07-20,8,DRAINAGE_SEWAGE,grievance,1
2026-07-20,8,DRAIN_WORKS_SAFETY,grievance,1
2026-07-20,8,FOOD_SAFETY,grievance,1
2026-07-20,8,PUBLIC_ORDER,police,1
2026-07-20,8,ROAD_DAMAGE,grievance,1
2026-07-20,8,SANITATION_TOILETS,grievance,1
2026-07-20,8,SOLID_WASTE,grievance,3
2026-07-20,8,STREETLIGHT_ELECTRICAL,police,1
2026-07-20,8,TRAFFIC_OBSTRUCTION,police,1
2026-07-20,8,VECTOR_DISEASE,grievance,1
2026-07-20,9,BUILDING_SAFETY,pwd,1
2026-07-20,9,CRIME_PROPERTY,police,1
2026-07-20,9,DRAINAGE_SEWAGE,grievance,3
2026-07-20,9,DRAIN_WORKS_SAFETY,grievance,1
2026-07-20,9,FLOOD_WATERLOGGING,grievance,2
2026-07-20,9,ROAD_DAMAGE,pwd,2
2026-07-20,9,SOLID_WASTE,grievance,2
2026-07-20,9,STRAY_ANIMALS,grievance,1
2026-07-20,9,STREETLIGHT_ELECTRICAL,grievance,3
2026-07-20,10,ADMIN_SERVICES,grievance,1
2026-07-20,10,CRIME_PROPERTY,police,2
2026-07-20,10,CRIME_VIOLENT,police,1
2026-07-20,10,DRAINAGE_SEWAGE,grievance,2
2026-07-20,10,DRAINAGE_SEWAGE,pwd,1
2026-07-20,10,DRAIN_WORKS_SAFETY,grievance,2
2026-07-20,10,FLOOD_WATERLOGGING,grievance,1
2026-07-20,10,MISSING_PERSON,police,1
2026-07-20,10,PUBLIC_ORDER,police,1
2026-07-20,10,SOLID_WASTE,grievance,2
2026-07-20,10,STREETLIGHT_ELECTRICAL,grievance,3
2026-07-20,11,CIVIC_FACILITIES,grievance,1
2026-07-20,11,CRIME_PROPERTY,police,3
2026-07-20,11,DRAINAGE_SEWAGE,grievance,2
2026-07-20,11,DRAIN_WORKS_SAFETY,grievance,3
2026-07-20,11,FOOD_SAFETY,grievance,1
2026-07-20,11,OTHER,grievance,1
2026-07-20,11,POLICE_OTHER,police,1
2026-07-20,11,SANITATION_TOILETS,grievance,2
2026-07-20,11,SOLID_WASTE,grievance,2
2026-07-20,11,STREETLIGHT_ELECTRICAL,grievance,1
2026-07-20,11,TRAFFIC_OBSTRUCTION,police,1
2026-07-20,12,DRAINAGE_SEWAGE,grievance,1
2026-07-20,12,DRAIN_WORKS_SAFETY,grievance,1
2026-07-20,12,ENCROACHMENT,grievance,1
2026-07-20,12,SANITATION_TOILETS,grievance,1
2026-07-20,12,SOLID_WASTE,grievance,1
2026-07-20,13,CIVIC_FACILITIES,grievance,1
2026-07-20,13,CRIME_PROPERTY,police,1
2026-07-20,13,DRAINAGE_SEWAGE,grievance,2
2026-07-20,13,ENCROACHMENT,pwd,1
2026-07-20,13,FLOOD_WATERLOGGING,grievance,3
2026-07-20,13,ROAD_ACCIDENT,police,1
2026-07-20,13,SANITATION_TOILETS,grievance,1
2026-07-20,13,TRAFFIC_OBSTRUCTION,police,1
2026-07-20,14,CRIME_VIOLENT,news,1
2026-07-20,14,CRIME_VIOLENT,police,2
2026-07-20,14,DRAINAGE_SEWAGE,grievance,3
2026-07-20,14,FLOOD_WATERLOGGING,grievance,1
2026-07-20,14,ROAD_ACCIDENT,police,1
2026-07-20,14,ROAD_DAMAGE,grievance,1
2026-07-20,14,SOLID_WASTE,grievance,1
2026-07-20,14,STREETLIGHT_ELECTRICAL,grievance,2
2026-07-20,14,TRAFFIC_OBSTRUCTION,grievance,1
2026-07-20,15,BUILDING_SAFETY,pwd,1
2026-07-20,15,DRAINAGE_SEWAGE,grievance,1
2026-07-20,15,DRAINAGE_SEWAGE,pwd,1
2026-07-20,15,DRAIN_WORKS_SAFETY,grievance,1
2026-07-20,15,ROAD_ACCIDENT,police,1
2026-07-20,15,ROAD_DAMAGE,pwd,1
2026-07-20,15,STRAY_ANIMALS,grievance,1
2026-07-20,15,STREETLIGHT_ELECTRICAL,grievance,1
2026-07-20,15,TRAFFIC_OBSTRUCTION,police,1
2026-07-20,,CRIME_VIOLENT,news,4
2026-07-20,,STREETLIGHT_ELECTRICAL,news,2
2026-07-21,1,CRIME_VIOLENT,police,1
2026-07-21,1,FLOOD_WATERLOGGING,grievance,1
2026-07-21,1,ROAD_ACCIDENT,police,2
2026-07-21,1,TRAFFIC_OBSTRUCTION,police,1
2026-07-21,2,OTHER,grievance,1
2026-07-21,2,ROAD_DAMAGE,grievance,1
2026-07-21,2,VECTOR_DISEASE,grievance,1
2026-07-21,3,CRIME_PROPERTY,police,2
2026-07-21,3,ENCROACHMENT,pwd,1
2026-07-21,3,PUBLIC_ORDER,police,1
2026-07-21,3,SOLID_WASTE,grievance,2
2026-07-21,3,STREETLIGHT_ELECTRICAL,grievance,1
2026-07-21,3,TREES_PARKS,grievance,1
2026-07-21,3,VECTOR_DISEASE,grievance,1
2026-07-21,4,DRAINAGE_SEWAGE,grievance,1
2026-07-21,4,FLOOD_WATERLOGGING,police,1
2026-07-21,4,OTHER,grievance,1
2026-07-21,4,PUBLIC_ORDER,news,1
2026-07-21,4,PUBLIC_ORDER,police,1
2026-07-21,4,PUBLIC_WORKS,grievance,1
2026-07-21,4,ROAD_ACCIDENT,police,3
2026-07-21,4,SOLID_WASTE,grievance,1
2026-07-21,4,STREETLIGHT_ELECTRICAL,grievance,1
2026-07-21,5,ADMIN_SERVICES,grievance,1
2026-07-21,5,DARK_SPOT_SAFETY,grievance,1
2026-07-21,5,DRAINAGE_SEWAGE,grievance,3
2026-07-21,5,OTHER,grievance,1
2026-07-21,5,PUBLIC_ORDER,police,1
2026-07-21,5,PUBLIC_WORKS,grievance,1
2026-07-21,5,ROAD_ACCIDENT,police,3
2026-07-21,5,SOLID_WASTE,grievance,2
2026-07-21,5,STREETLIGHT_ELECTRICAL,grievance,1
2026-07-21,5,TRAFFIC_OBSTRUCTION,police,1
2026-07-21,6,ADMIN_SERVICES,grievance,2
2026-07-21,6,CRIME_PROPERTY,police,3
2026-07-21,6,CRIME_VIOLENT,police,1
2026-07-21,6,DARK_SPOT_SAFETY,grievance,1
2026-07-21,6,DRAINAGE_SEWAGE,grievance,1
2026-07-21,6,FLOOD_RELIEF,grievance,1
2026-07-21,6,FLOOD_WATERLOGGING,grievance,1
2026-07-21,6,FOOD_SAFETY,grievance,1
2026-07-21,6,OTHER,grievance,2
2026-07-21,6,PUBLIC_ORDER,police,2
2026-07-21,6,ROAD_DAMAGE,grievance,1
2026-07-21,6,SANITATION_TOILETS,grievance,1
2026-07-21,6,STREETLIGHT_ELECTRICAL,grievance,1
2026-07-21,7,ADMIN_SERVICES,grievance,1
2026-07-21,7,CRIME_PROPERTY,police,7
2026-07-21,7,DARK_SPOT_SAFETY,grievance,1
2026-07-21,7,SOLID_WASTE,grievance,2
2026-07-21,7,STREETLIGHT_ELECTRICAL,grievance,1
2026-07-21,7,WATERBODY_INFRA,pwd,1
2026-07-21,8,ADMIN_SERVICES,grievance,1
2026-07-21,8,CRIME_PROPERTY,police,5
2026-07-21,8,DRAINAGE_SEWAGE,grievance,1
2026-07-21,8,DRAINAGE_SEWAGE,pwd,1
2026-07-21,8,FLOOD_WATERLOGGING,pwd,1
2026-07-21,8,MISSING_PERSON,police,1
2026-07-21,8,OTHER,grievance,2
2026-07-21,8,PUBLIC_ORDER,police,1
2026-07-21,8,ROAD_ACCIDENT,police,1
2026-07-21,8,SANITATION_TOILETS,grievance,1
2026-07-21,8,SOLID_WASTE,grievance,2
2026-07-21,8,STREETLIGHT_ELECTRICAL,grievance,1
2026-07-21,8,TRAFFIC_OBSTRUCTION,police,1
2026-07-21,9,CRIME_PROPERTY,police,2
2026-07-21,9,CRIME_VIOLENT,police,2
2026-07-21,9,ENCROACHMENT,pwd,1
2026-07-21,9,PUBLIC_WORKS,grievance,1
2026-07-21,9,ROAD_DAMAGE,pwd,1
2026-07-21,9,SANITATION_TOILETS,grievance,1
2026-07-21,9,SOLID_WASTE,grievance,2
2026-07-21,9,STRAY_ANIMALS,grievance,1
2026-07-21,9,TREES_PARKS,grievance,1
2026-07-21,10,ADMIN_SERVICES,grievance,1
2026-07-21,10,CRIME_PROPERTY,police,3
2026-07-21,10,CRIME_VIOLENT,police,1
2026-07-21,10,ROAD_ACCIDENT,police,1
2026-07-21,10,SANITATION_TOILETS,grievance,2
2026-07-21,10,SOLID_WASTE,grievance,2
2026-07-21,10,STREETLIGHT_ELECTRICAL,grievance,1
2026-07-21,11,CRIME_PROPERTY,police,1
2026-07-21,11,ENCROACHMENT,pwd,1
2026-07-21,11,FOOD_SAFETY,grievance,1
2026-07-21,11,ROAD_ACCIDENT,police,1
2026-07-21,12,DRAINAGE_SEWAGE,pwd,1
2026-07-21,12,FLOOD_WATERLOGGING,grievance,1
2026-07-21,12,ROAD_ACCIDENT,police,3
2026-07-21,12,SOLID_WASTE,grievance,2
2026-07-21,12,TRAFFIC_OBSTRUCTION,police,2
2026-07-21,13,CRIME_PROPERTY,police,1
2026-07-21,13,CRIME_VIOLENT,police,3
2026-07-21,13,DRAINAGE_SEWAGE,grievance,1
2026-07-21,13,FLOOD_WATERLOGGING,pwd,2
2026-07-21,13,HEALTH_SERVICES,grievance,1
2026-07-21,13,PUBLIC_ORDER,police,1
2026-07-21,13,ROAD_ACCIDENT,police,1
2026-07-21,13,SANITATION_TOILETS,grievance,1
2026-07-21,13,SOLID_WASTE,grievance,4
2026-07-21,13,TRAFFIC_OBSTRUCTION,police,1
2026-07-21,13,TREES_PARKS,grievance,1
2026-07-21,14,DRAIN_WORKS_SAFETY,grievance,1
2026-07-21,14,OTHER,grievance,1
2026-07-21,14,PUBLIC_ORDER,police,2
2026-07-21,14,SOLID_WASTE,grievance,2
2026-07-21,15,BUILDING_SAFETY,pwd,1
2026-07-21,15,CRIME_PROPERTY,police,1
2026-07-21,15,DRAINAGE_SEWAGE,grievance,1
2026-07-21,15,FLOOD_WATERLOGGING,grievance,1
2026-07-21,15,MISSING_PERSON,police,1
2026-07-21,15,PUBLIC_ORDER,police,3
2026-07-21,15,SANITATION_TOILETS,grievance,1
2026-07-21,15,SOLID_WASTE,grievance,2
2026-07-21,15,TRAFFIC_OBSTRUCTION,police,1
2026-07-21,,CRIME_VIOLENT,news,3
2026-07-21,,CRIME_VIOLENT,police,1
2026-07-21,,PUBLIC_ORDER,news,2
2026-07-21,,SOLID_WASTE,news,1
2026-07-22,1,ADMIN_SERVICES,grievance,1
2026-07-22,1,CIVIC_FACILITIES,grievance,1
2026-07-22,1,DRAINAGE_SEWAGE,grievance,1
2026-07-22,1,DRAIN_WORKS_SAFETY,grievance,1
2026-07-22,1,OTHER,grievance,1
2026-07-22,1,ROAD_DAMAGE,grievance,1
2026-07-22,1,TREES_PARKS,grievance,1
2026-07-22,2,MISSING_PERSON,police,2
2026-07-22,2,TREES_PARKS,grievance,1
2026-07-22,3,CRIME_PROPERTY,police,1
2026-07-22,3,DRAIN_WORKS_SAFETY,grievance,1
2026-07-22,3,OTHER,grievance,1
2026-07-22,3,SOLID_WASTE,grievance,2
2026-07-22,3,TRAFFIC_OBSTRUCTION,police,4
2026-07-22,4,CRIME_PROPERTY,police,2
2026-07-22,4,DRAINAGE_SEWAGE,pwd,1
2026-07-22,4,FLOOD_WATERLOGGING,grievance,2
2026-07-22,4,POLICE_OTHER,police,2
2026-07-22,4,PUBLIC_WORKS,grievance,1
2026-07-22,4,ROAD_ACCIDENT,police,3
2026-07-22,4,SOLID_WASTE,grievance,2
2026-07-22,4,TRAFFIC_OBSTRUCTION,police,1
2026-07-22,4,TREES_PARKS,grievance,1
2026-07-22,5,ADMIN_SERVICES,grievance,1
2026-07-22,5,CRIME_VIOLENT,police,1
2026-07-22,5,ENCROACHMENT,pwd,1
2026-07-22,5,OTHER,grievance,1
2026-07-22,5,POLICE_OTHER,news,1
2026-07-22,5,PUBLIC_ORDER,police,1
2026-07-22,5,ROAD_ACCIDENT,police,1
2026-07-22,5,SOLID_WASTE,grievance,1
2026-07-22,5,STREETLIGHT_ELECTRICAL,grievance,1
2026-07-22,5,TRAFFIC_OBSTRUCTION,police,1
2026-07-22,5,TREES_PARKS,grievance,2
2026-07-22,5,VECTOR_DISEASE,grievance,2
2026-07-22,6,ADMIN_SERVICES,grievance,1
2026-07-22,6,CRIME_PROPERTY,news,1
2026-07-22,6,CRIME_PROPERTY,police,1
2026-07-22,6,DRAINAGE_SEWAGE,pwd,1
2026-07-22,6,ENCROACHMENT,pwd,1
2026-07-22,6,PUBLIC_ORDER,police,2
2026-07-22,6,ROAD_ACCIDENT,police,3
2026-07-22,6,SANITATION_TOILETS,grievance,1
2026-07-22,6,SOLID_WASTE,grievance,1
2026-07-22,6,STREETLIGHT_ELECTRICAL,grievance,2
2026-07-22,6,TRAFFIC_OBSTRUCTION,grievance,1
2026-07-22,6,TREES_PARKS,grievance,1
2026-07-22,7,DRUGS_LIQUOR,police,1
2026-07-22,7,ROAD_ACCIDENT,police,1
2026-07-22,7,ROAD_DAMAGE,grievance,2
2026-07-22,7,SANITATION_TOILETS,grievance,1
2026-07-22,7,STRAY_ANIMALS,grievance,1
2026-07-22,7,TRAFFIC_OBSTRUCTION,police,1
2026-07-22,7,WATERBODY_INFRA,pwd,1
2026-07-22,8,BUILDING_SAFETY,pwd,1
2026-07-22,8,CRIME_VIOLENT,police,1
2026-07-22,8,PUBLIC_ORDER,police,2
2026-07-22,8,ROAD_ACCIDENT,police,1
2026-07-22,8,ROAD_DAMAGE,pwd,1
2026-07-22,8,SOLID_WASTE,grievance,1
2026-07-22,8,STREETLIGHT_ELECTRICAL,grievance,1
2026-07-22,8,TRAFFIC_OBSTRUCTION,news,1
2026-07-22,8,TRAFFIC_OBSTRUCTION,police,2
2026-07-22,9,CRIME_VIOLENT,news,1
2026-07-22,9,CRIME_VIOLENT,police,1
2026-07-22,9,DRAINAGE_SEWAGE,grievance,1
2026-07-22,9,FLOOD_RELIEF,grievance,1
2026-07-22,9,FLOOD_WATERLOGGING,grievance,3
2026-07-22,9,PUBLIC_ORDER,police,1
2026-07-22,9,PUBLIC_WORKS,grievance,1
2026-07-22,9,ROAD_ACCIDENT,police,1
2026-07-22,9,ROAD_DAMAGE,grievance,1
2026-07-22,9,SOLID_WASTE,grievance,2
2026-07-22,9,STREETLIGHT_ELECTRICAL,grievance,1
2026-07-22,9,TREES_PARKS,grievance,1
2026-07-22,9,VECTOR_DISEASE,grievance,1
2026-07-22,10,CIVIC_FACILITIES,grievance,1
2026-07-22,10,CRIME_PROPERTY,police,3
2026-07-22,10,POLICE_OTHER,police,1
2026-07-22,10,ROAD_ACCIDENT,police,2
2026-07-22,10,SOLID_WASTE,grievance,1
2026-07-22,11,ENCROACHMENT,grievance,1
2026-07-22,11,PUBLIC_ORDER,police,1
2026-07-22,11,SOLID_WASTE,grievance,1
2026-07-22,11,STREETLIGHT_ELECTRICAL,grievance,1
2026-07-22,12,ADMIN_SERVICES,grievance,1
2026-07-22,12,DRAINAGE_SEWAGE,grievance,1
2026-07-22,12,ENCROACHMENT,pwd,1
2026-07-22,12,ROAD_DAMAGE,grievance,2
2026-07-22,12,SANITATION_TOILETS,grievance,1
2026-07-22,13,BUILDING_SAFETY,pwd,1
2026-07-22,13,CRIME_PROPERTY,police,4
2026-07-22,13,CRIME_VIOLENT,police,1
2026-07-22,13,DARK_SPOT_SAFETY,grievance,1
2026-07-22,13,DRAINAGE_SEWAGE,grievance,1
2026-07-22,13,FLOOD_RISK_SIGNAL,news,1
2026-07-22,13,ROAD_ACCIDENT,police,2
2026-07-22,13,ROAD_DAMAGE,grievance,1
2026-07-22,13,SOLID_WASTE,grievance,2
2026-07-22,13,STREETLIGHT_ELECTRICAL,grievance,3
2026-07-22,14,FLOOD_RELIEF,grievance,1
2026-07-22,14,SOLID_WASTE,grievance,1
2026-07-22,14,TRAFFIC_OBSTRUCTION,police,1
2026-07-22,15,CRIME_PROPERTY,police,2
2026-07-22,15,DRAINAGE_SEWAGE,pwd,2
2026-07-22,15,ROAD_ACCIDENT,police,1
2026-07-22,15,SOLID_WASTE,grievance,1
2026-07-22,,CRIME_PROPERTY,news,1
2026-07-22,,CRIME_VIOLENT,news,3
2026-07-22,,CRIME_VIOLENT,police,1
2026-07-22,,PUBLIC_ORDER,news,1
2026-07-22,,PUBLIC_ORDER,police,1
2026-07-22,,ROAD_ACCIDENT,news,1
2026-07-23,1,ROAD_DAMAGE,grievance,1
2026-07-23,1,SOLID_WASTE,grievance,1
2026-07-23,1,STREETLIGHT_ELECTRICAL,grievance,2
2026-07-23,1,WATERBODY_INFRA,pwd,1
2026-07-23,2,CRIME_PROPERTY,police,2
2026-07-23,2,CRIME_VIOLENT,police,1
2026-07-23,2,DRAIN_WORKS_SAFETY,grievance,1
2026-07-23,2,ROAD_DAMAGE,grievance,1
2026-07-23,2,SOLID_WASTE,grievance,1
2026-07-23,3,STRAY_ANIMALS,grievance,2
2026-07-23,3,STREETLIGHT_ELECTRICAL,grievance,1
2026-07-23,3,TREES_PARKS,grievance,1
2026-07-23,4,ADMIN_SERVICES,grievance,2
2026-07-23,4,DRAIN_WORKS_SAFETY,grievance,1
2026-07-23,4,OTHER,grievance,1
2026-07-23,4,POLICE_OTHER,police,1
2026-07-23,4,PUBLIC_WORKS,grievance,1
2026-07-23,4,ROAD_DAMAGE,grievance,2
2026-07-23,4,SANITATION_TOILETS,grievance,1
2026-07-23,4,SOLID_WASTE,grievance,2
2026-07-23,4,STRAY_ANIMALS,police,1
2026-07-23,4,STREETLIGHT_ELECTRICAL,grievance,2
2026-07-23,4,TREES_PARKS,grievance,1
2026-07-23,5,ADMIN_SERVICES,grievance,1
2026-07-23,5,DRAIN_WORKS_SAFETY,grievance,1
2026-07-23,5,DRUGS_LIQUOR,police,1
2026-07-23,5,HEALTH_SERVICES,hospital,1
2026-07-23,5,OTHER,grievance,1
2026-07-23,5,POLICE_OTHER,police,1
2026-07-23,5,PUBLIC_ORDER,police,3
2026-07-23,5,ROAD_ACCIDENT,police,1
2026-07-23,5,ROAD_DAMAGE,grievance,1
2026-07-23,5,SANITATION_TOILETS,grievance,1
2026-07-23,5,SOLID_WASTE,grievance,1
2026-07-23,5,TRAFFIC_OBSTRUCTION,police,5
2026-07-23,5,VECTOR_DISEASE,grievance,1
2026-07-23,6,DRAIN_WORKS_SAFETY,grievance,1
2026-07-23,6,DRUGS_LIQUOR,police,1
2026-07-23,6,FLOOD_WATERLOGGING,grievance,2
2026-07-23,6,MISSING_PERSON,police,1
2026-07-23,6,ROAD_ACCIDENT,police,2
2026-07-23,6,SOLID_WASTE,grievance,1
2026-07-23,6,STREETLIGHT_ELECTRICAL,grievance,2
2026-07-23,6,TRAFFIC_OBSTRUCTION,police,2
2026-07-23,7,ADMIN_SERVICES,grievance,1
2026-07-23,7,CRIME_PROPERTY,police,3
2026-07-23,7,DRUGS_LIQUOR,police,1
2026-07-23,7,ROAD_DAMAGE,grievance,1
2026-07-23,7,SOLID_WASTE,grievance,2
2026-07-23,8,ADMIN_SERVICES,grievance,1
2026-07-23,8,AIR_POLLUTION,grievance,1
2026-07-23,8,CRIME_PROPERTY,police,1
2026-07-23,8,CRIME_VIOLENT,police,1
2026-07-23,8,DRAIN_WORKS_SAFETY,grievance,1
2026-07-23,8,MISSING_PERSON,police,1
2026-07-23,8,PUBLIC_ORDER,police,4
2026-07-23,8,ROAD_DAMAGE,grievance,1
2026-07-23,8,SOLID_WASTE,grievance,1
2026-07-23,9,ADMIN_SERVICES,grievance,1
2026-07-23,9,CRIME_VIOLENT,police,1
2026-07-23,9,DRAINAGE_SEWAGE,pwd,1
2026-07-23,9,DRUGS_LIQUOR,police,2
2026-07-23,9,MISSING_PERSON,police,1
2026-07-23,9,OTHER,grievance,2
2026-07-23,9,PUBLIC_ORDER,police,2
2026-07-23,9,SOLID_WASTE,grievance,3
2026-07-23,9,STRAY_ANIMALS,grievance,1
2026-07-23,9,STREETLIGHT_ELECTRICAL,grievance,2
2026-07-23,10,ADMIN_SERVICES,grievance,2
2026-07-23,10,CRIME_PROPERTY,police,2
2026-07-23,10,DRAIN_WORKS_SAFETY,grievance,2
2026-07-23,10,MISSING_PERSON,police,2
2026-07-23,10,PUBLIC_ORDER,police,1
2026-07-23,10,ROAD_ACCIDENT,police,1
2026-07-23,10,ROAD_DAMAGE,grievance,1
2026-07-23,10,SOLID_WASTE,grievance,1
2026-07-23,10,STREETLIGHT_ELECTRICAL,grievance,1
2026-07-23,10,TREES_PARKS,grievance,1
2026-07-23,11,CRIME_PROPERTY,police,1
2026-07-23,11,ENCROACHMENT,pwd,2
2026-07-23,11,ROAD_ACCIDENT,police,1
2026-07-23,11,ROAD_DAMAGE,grievance,1
2026-07-23,11,SOLID_WASTE,grievance,2
2026-07-23,11,TRAFFIC_OBSTRUCTION,police,1
2026-07-23,12,CRIME_PROPERTY,police,3
2026-07-23,12,CRIME_VIOLENT,police,1
2026-07-23,12,DARK_SPOT_SAFETY,grievance,1
2026-07-23,12,SANITATION_TOILETS,grievance,1
2026-07-23,12,SOLID_WASTE,grievance,1
2026-07-23,13,BUILDING_SAFETY,pwd,1
2026-07-23,13,CRIME_PROPERTY,police,2
2026-07-23,13,CRIME_VIOLENT,police,2
2026-07-23,13,ENCROACHMENT,pwd,1
2026-07-23,13,ROAD_ACCIDENT,news,1
2026-07-23,13,ROAD_ACCIDENT,police,1
2026-07-23,13,ROAD_DAMAGE,grievance,1
2026-07-23,13,SOLID_WASTE,grievance,1
2026-07-23,13,STREETLIGHT_ELECTRICAL,grievance,1
2026-07-23,13,TRAFFIC_OBSTRUCTION,police,1
2026-07-23,13,WATERBODY_INFRA,pwd,1
2026-07-23,14,CRIME_PROPERTY,police,2
2026-07-23,14,DARK_SPOT_SAFETY,grievance,1
2026-07-23,14,DRAINAGE_SEWAGE,grievance,1
2026-07-23,14,DRAIN_WORKS_SAFETY,grievance,1
2026-07-23,14,OTHER,grievance,1
2026-07-23,14,ROAD_ACCIDENT,police,1
2026-07-23,14,SOLID_WASTE,grievance,2
2026-07-23,14,STREETLIGHT_ELECTRICAL,grievance,1
2026-07-23,15,CRIME_VIOLENT,police,1
2026-07-23,15,DRAINAGE_SEWAGE,pwd,1
2026-07-23,15,ROAD_DAMAGE,grievance,2
2026-07-23,15,STRAY_ANIMALS,grievance,1
2026-07-23,15,STREETLIGHT_ELECTRICAL,grievance,1
2026-07-23,,CRIME_PROPERTY,news,2
2026-07-23,,CRIME_PROPERTY,police,1
2026-07-23,,HEALTH_SERVICES,hospital,1
2026-07-23,,PUBLIC_ORDER,news,2
2026-07-23,,WATER_SUPPLY,news,1
2026-07-24,1,DRUGS_LIQUOR,police,1
2026-07-24,1,FOOD_SAFETY,grievance,1
2026-07-24,1,PUBLIC_WORKS,grievance,1
2026-07-24,1,ROAD_ACCIDENT,police,1
2026-07-24,1,ROAD_DAMAGE,grievance,2
2026-07-24,1,SOLID_WASTE,grievance,1
2026-07-24,1,STRAY_ANIMALS,grievance,1
2026-07-24,2,DRAINAGE_SEWAGE,grievance,1
2026-07-24,2,STREETLIGHT_ELECTRICAL,grievance,1
2026-07-24,3,ADMIN_SERVICES,grievance,1
2026-07-24,3,CRIME_PROPERTY,police,1
2026-07-24,3,DARK_SPOT_SAFETY,news,1
2026-07-24,3,PUBLIC_ORDER,police,1
2026-07-24,3,STRAY_ANIMALS,news,1
2026-07-24,3,STREETLIGHT_ELECTRICAL,grievance,1
2026-07-24,4,CRIME_PROPERTY,police,1
2026-07-24,4,DRAIN_WORKS_SAFETY,grievance,1
2026-07-24,4,FLOOD_WATERLOGGING,grievance,1
2026-07-24,4,FOOD_SAFETY,grievance,1
2026-07-24,4,MISSING_PERSON,police,1
2026-07-24,4,SOLID_WASTE,grievance,3
2026-07-24,4,STREETLIGHT_ELECTRICAL,grievance,1
2026-07-24,4,TREES_PARKS,grievance,1
2026-07-24,5,CRIME_PROPERTY,police,1
2026-07-24,5,FLOOD_WATERLOGGING,grievance,1
2026-07-24,5,ROAD_ACCIDENT,police,1
2026-07-24,5,ROAD_DAMAGE,grievance,2
2026-07-24,5,SOLID_WASTE,grievance,2
2026-07-24,5,VECTOR_DISEASE,grievance,1
2026-07-24,6,CRIME_PROPERTY,police,1
2026-07-24,6,CRIME_VIOLENT,police,1
2026-07-24,6,DARK_SPOT_SAFETY,grievance,1
2026-07-24,6,DRUGS_LIQUOR,police,3
2026-07-24,6,FLOOD_WATERLOGGING,grievance,2
2026-07-24,6,MISSING_PERSON,police,1
2026-07-24,6,SOLID_WASTE,grievance,4
2026-07-24,6,STREETLIGHT_ELECTRICAL,grievance,2
2026-07-24,6,TRAFFIC_OBSTRUCTION,grievance,1
2026-07-24,7,CRIME_PROPERTY,police,2
2026-07-24,7,ENCROACHMENT,pwd,1
2026-07-24,7,FLOOD_WATERLOGGING,grievance,1
2026-07-24,7,PUBLIC_ORDER,police,2
2026-07-24,7,SOLID_WASTE,grievance,1
2026-07-24,8,CRIME_PROPERTY,police,1
2026-07-24,8,CRIME_VIOLENT,news,1
2026-07-24,8,CRIME_VIOLENT,police,1
2026-07-24,8,MISSING_PERSON,police,1
2026-07-24,8,PUBLIC_ORDER,police,6
2026-07-24,8,ROAD_ACCIDENT,police,3
2026-07-24,8,SANITATION_TOILETS,grievance,1
2026-07-24,8,SOLID_WASTE,grievance,4
2026-07-24,8,STRAY_ANIMALS,grievance,1
2026-07-24,8,TRAFFIC_OBSTRUCTION,police,2
2026-07-24,9,DRAINAGE_SEWAGE,grievance,1
2026-07-24,9,ENCROACHMENT,grievance,1
2026-07-24,9,FLOOD_RELIEF,grievance,1
2026-07-24,9,FLOOD_WATERLOGGING,grievance,1
2026-07-24,9,MISSING_PERSON,police,1
2026-07-24,9,SOLID_WASTE,grievance,2
2026-07-24,10,CRIME_PROPERTY,police,2
2026-07-24,10,DRAINAGE_SEWAGE,grievance,1
2026-07-24,10,DRUGS_LIQUOR,police,2
2026-07-24,10,OTHER,grievance,1
2026-07-24,10,ROAD_DAMAGE,grievance,4
2026-07-24,10,SOLID_WASTE,grievance,1
2026-07-24,10,STRAY_ANIMALS,grievance,3
2026-07-24,10,STREETLIGHT_ELECTRICAL,grievance,1
2026-07-24,11,ADMIN_SERVICES,grievance,1
2026-07-24,11,CRIME_PROPERTY,police,1
2026-07-24,11,DARK_SPOT_SAFETY,grievance,1
2026-07-24,11,DRUGS_LIQUOR,police,1
2026-07-24,11,OTHER,grievance,1
2026-07-24,11,ROAD_ACCIDENT,police,1
2026-07-24,11,ROAD_DAMAGE,grievance,1
2026-07-24,11,SOLID_WASTE,grievance,1
2026-07-24,12,ADMIN_SERVICES,grievance,1
2026-07-24,12,CRIME_PROPERTY,police,1
2026-07-24,12,ROAD_ACCIDENT,police,1
2026-07-24,12,ROAD_DAMAGE,grievance,1
2026-07-24,12,STRAY_ANIMALS,grievance,1
2026-07-24,12,STREETLIGHT_ELECTRICAL,grievance,2
2026-07-24,12,TRAFFIC_OBSTRUCTION,grievance,1
2026-07-24,12,TRAFFIC_OBSTRUCTION,police,3
2026-07-24,13,ADMIN_SERVICES,grievance,1
2026-07-24,13,BUILDING_SAFETY,pwd,1
2026-07-24,13,CIVIC_FACILITIES,grievance,1
2026-07-24,13,CRIME_PROPERTY,police,1
2026-07-24,13,CRIME_VIOLENT,police,1
2026-07-24,13,FLOOD_WATERLOGGING,grievance,1
2026-07-24,13,PUBLIC_ORDER,police,1
2026-07-24,13,ROAD_DAMAGE,grievance,1
2026-07-24,13,SANITATION_TOILETS,grievance,1
2026-07-24,13,SOLID_WASTE,grievance,1
2026-07-24,13,STREETLIGHT_ELECTRICAL,grievance,1
2026-07-24,13,WATER_SUPPLY,news,1
2026-07-24,14,ENCROACHMENT,grievance,1
2026-07-24,14,ROAD_ACCIDENT,police,1
2026-07-24,14,ROAD_DAMAGE,grievance,1
2026-07-24,14,STREETLIGHT_ELECTRICAL,grievance,1
2026-07-24,15,CRIME_PROPERTY,police,2
2026-07-24,15,DARK_SPOT_SAFETY,grievance,1
2026-07-24,15,ROAD_DAMAGE,grievance,1
2026-07-24,15,STREETLIGHT_ELECTRICAL,grievance,1
2026-07-24,,MISSING_PERSON,police,1
2026-07-24,,ROAD_ACCIDENT,news,4
2026-07-24,,WATER_SUPPLY,news,3
2026-07-25,1,ADMIN_SERVICES,grievance,1
2026-07-25,1,CRIME_VIOLENT,police,2
2026-07-25,1,FLOOD_WATERLOGGING,grievance,1
2026-07-25,1,ROAD_ACCIDENT,police,2
2026-07-25,1,ROAD_DAMAGE,grievance,1
2026-07-25,1,SANITATION_TOILETS,grievance,1
2026-07-25,1,SOLID_WASTE,grievance,2
2026-07-25,1,TRAFFIC_OBSTRUCTION,police,1
2026-07-25,2,DRAINAGE_SEWAGE,grievance,1
2026-07-25,3,ADMIN_SERVICES,grievance,1
2026-07-25,3,CRIME_PROPERTY,police,2
2026-07-25,3,DARK_SPOT_SAFETY,grievance,1
2026-07-25,3,FOOD_SAFETY,grievance,1
2026-07-25,3,SANITATION_TOILETS,grievance,3
2026-07-25,4,CRIME_PROPERTY,police,1
2026-07-25,4,PUBLIC_ORDER,police,1
2026-07-25,4,ROAD_ACCIDENT,police,1
2026-07-25,4,ROAD_DAMAGE,grievance,1
2026-07-25,4,SOLID_WASTE,grievance,1
2026-07-25,4,STREETLIGHT_ELECTRICAL,grievance,1
2026-07-25,4,TRAFFIC_OBSTRUCTION,grievance,1
2026-07-25,4,TRAFFIC_OBSTRUCTION,police,2
2026-07-25,5,ADMIN_SERVICES,grievance,1
2026-07-25,5,CRIME_PROPERTY,police,2
2026-07-25,5,CRIME_VIOLENT,police,1
2026-07-25,5,DRUGS_LIQUOR,police,2
2026-07-25,5,HEALTH_SERVICES,grievance,1
2026-07-25,5,MISSING_PERSON,police,1
2026-07-25,5,PUBLIC_ORDER,police,2
2026-07-25,5,ROAD_ACCIDENT,police,1
2026-07-25,5,SOLID_WASTE,grievance,2
2026-07-25,5,TRAFFIC_OBSTRUCTION,police,1
2026-07-25,5,VECTOR_DISEASE,grievance,1
2026-07-25,6,BUILDING_SAFETY,pwd,1
2026-07-25,6,CRIME_VIOLENT,police,2
2026-07-25,6,HEALTH_SERVICES,grievance,2
2026-07-25,6,ROAD_DAMAGE,grievance,2
2026-07-25,6,SANITATION_TOILETS,grievance,1
2026-07-25,6,SOLID_WASTE,grievance,3
2026-07-25,6,STRAY_ANIMALS,grievance,1
2026-07-25,6,STREETLIGHT_ELECTRICAL,grievance,1
2026-07-25,6,TREES_PARKS,grievance,1
2026-07-25,6,VECTOR_DISEASE,grievance,1
2026-07-25,7,DRUGS_LIQUOR,police,2
2026-07-25,7,FOOD_SAFETY,grievance,1
2026-07-25,7,PUBLIC_ORDER,police,1
2026-07-25,7,ROAD_ACCIDENT,police,1
2026-07-25,7,SOLID_WASTE,grievance,5
2026-07-25,7,STREETLIGHT_ELECTRICAL,grievance,1
2026-07-25,8,CIVIC_FACILITIES,grievance,1
2026-07-25,8,CRIME_PROPERTY,police,1
2026-07-25,8,CRIME_VIOLENT,news,1
2026-07-25,8,DRAINAGE_SEWAGE,pwd,1
2026-07-25,8,DRAIN_WORKS_SAFETY,grievance,1
2026-07-25,8,FLOOD_WATERLOGGING,grievance,1
2026-07-25,8,MISSING_PERSON,police,2
2026-07-25,8,PUBLIC_ORDER,police,3
2026-07-25,8,ROAD_DAMAGE,pwd,1
2026-07-25,8,SOLID_WASTE,grievance,2
2026-07-25,8,STREETLIGHT_ELECTRICAL,grievance,1
2026-07-25,8,STREETLIGHT_ELECTRICAL,police,1
2026-07-25,8,TRAFFIC_OBSTRUCTION,grievance,1
2026-07-25,9,CRIME_VIOLENT,police,1
2026-07-25,9,MISSING_PERSON,police,1
2026-07-25,9,OTHER,grievance,1
2026-07-25,9,PUBLIC_ORDER,police,1
2026-07-25,9,ROAD_ACCIDENT,police,3
2026-07-25,9,SANITATION_TOILETS,grievance,1
2026-07-25,9,SOLID_WASTE,grievance,3
2026-07-25,9,STREETLIGHT_ELECTRICAL,grievance,2
2026-07-25,9,TREES_PARKS,grievance,1
2026-07-25,9,WATER_SUPPLY,news,1
2026-07-25,10,CRIME_PROPERTY,police,1
2026-07-25,10,DRAINAGE_SEWAGE,grievance,1
2026-07-25,10,ENCROACHMENT,grievance,1
2026-07-25,10,HEALTH_SERVICES,grievance,1
2026-07-25,10,OTHER,grievance,1
2026-07-25,10,POLICE_OTHER,police,1
2026-07-25,10,PUBLIC_ORDER,police,1
2026-07-25,10,SANITATION_TOILETS,grievance,1
2026-07-25,10,SOLID_WASTE,grievance,1
2026-07-25,10,TRAFFIC_OBSTRUCTION,police,1
2026-07-25,11,ADMIN_SERVICES,grievance,1
2026-07-25,11,CRIME_PROPERTY,police,5
2026-07-25,11,DRAINAGE_SEWAGE,pwd,1
2026-07-25,11,MISSING_PERSON,police,1
2026-07-25,11,OTHER,grievance,2
2026-07-25,11,ROAD_DAMAGE,grievance,1
2026-07-25,11,STREETLIGHT_ELECTRICAL,grievance,1
2026-07-25,12,DRAINAGE_SEWAGE,grievance,1
2026-07-25,12,DRUGS_LIQUOR,police,1
2026-07-25,12,HEALTH_SERVICES,grievance,1
2026-07-25,12,ROAD_DAMAGE,grievance,1
2026-07-25,12,SOLID_WASTE,grievance,1
2026-07-25,12,TRAFFIC_OBSTRUCTION,police,1
2026-07-25,13,CRIME_PROPERTY,police,2
2026-07-25,13,CRIME_VIOLENT,police,1
2026-07-25,13,ENCROACHMENT,grievance,1
2026-07-25,13,ENCROACHMENT,pwd,1
2026-07-25,13,ROAD_ACCIDENT,police,1
2026-07-25,13,SANITATION_TOILETS,grievance,1
2026-07-25,13,SOLID_WASTE,grievance,1
2026-07-25,13,STREETLIGHT_ELECTRICAL,grievance,1
2026-07-25,14,CRIME_PROPERTY,police,1
2026-07-25,14,DRAIN_WORKS_SAFETY,grievance,1
2026-07-25,14,DRUGS_LIQUOR,police,1
2026-07-25,14,PUBLIC_ORDER,police,1
2026-07-25,14,ROAD_DAMAGE,grievance,1
2026-07-25,14,SANITATION_TOILETS,grievance,1
2026-07-25,14,STREETLIGHT_ELECTRICAL,grievance,1
2026-07-25,15,ADMIN_SERVICES,grievance,1
2026-07-25,15,CRIME_PROPERTY,police,1
2026-07-25,15,PUBLIC_ORDER,police,2
2026-07-25,15,STREETLIGHT_ELECTRICAL,grievance,1
2026-07-25,,DARK_SPOT_SAFETY,news,1
2026-07-25,,HEALTH_SERVICES,hospital,1
2026-07-25,,ROAD_ACCIDENT,news,2
2026-07-25,,WATER_SUPPLY,news,1
2026-07-26,1,CRIME_PROPERTY,police,2
2026-07-26,1,DRAINAGE_SEWAGE,grievance,1
2026-07-26,1,DRUGS_LIQUOR,police,1
2026-07-26,1,ROAD_DAMAGE,grievance,1
2026-07-26,1,STREETLIGHT_ELECTRICAL,grievance,2
2026-07-26,1,WATERBODY_INFRA,pwd,1
2026-07-26,2,CRIME_VIOLENT,police,1
2026-07-26,2,OTHER,grievance,1
2026-07-26,2,SOLID_WASTE,grievance,1
2026-07-26,3,ADMIN_SERVICES,grievance,1
2026-07-26,3,CRIME_VIOLENT,police,3
2026-07-26,3,DRUGS_LIQUOR,police,1
2026-07-26,3,SOLID_WASTE,grievance,1
2026-07-26,3,STRAY_ANIMALS,grievance,1
2026-07-26,4,CRIME_PROPERTY,police,1
2026-07-26,4,DRUGS_LIQUOR,police,1
2026-07-26,4,ROAD_ACCIDENT,police,1
2026-07-26,4,ROAD_DAMAGE,grievance,1
2026-07-26,4,SANITATION_TOILETS,grievance,1
2026-07-26,4,SOLID_WASTE,grievance,4
2026-07-26,4,STREETLIGHT_ELECTRICAL,grievance,1
2026-07-26,4,TRAFFIC_OBSTRUCTION,police,1
2026-07-26,5,BUILDING_SAFETY,pwd,1
2026-07-26,5,CRIME_PROPERTY,police,3
2026-07-26,5,DARK_SPOT_SAFETY,grievance,1
2026-07-26,5,DRUGS_LIQUOR,police,1
2026-07-26,5,FLOOD_WATERLOGGING,grievance,1
2026-07-26,5,PUBLIC_ORDER,police,1
2026-07-26,5,ROAD_ACCIDENT,police,3
2026-07-26,5,SANITATION_TOILETS,grievance,1
2026-07-26,5,SOLID_WASTE,grievance,2
2026-07-26,5,STREETLIGHT_ELECTRICAL,grievance,1
2026-07-26,5,TRAFFIC_OBSTRUCTION,police,3
2026-07-26,6,AIR_POLLUTION,grievance,1
2026-07-26,6,CRIME_PROPERTY,police,1
2026-07-26,6,DRAINAGE_SEWAGE,grievance,1
2026-07-26,6,ENCROACHMENT,grievance,1
2026-07-26,6,HEALTH_SERVICES,grievance,1
2026-07-26,6,MISSING_PERSON,police,1
2026-07-26,6,OTHER,grievance,1
2026-07-26,6,PUBLIC_ORDER,police,3
2026-07-26,6,ROAD_ACCIDENT,police,1
2026-07-26,6,SOLID_WASTE,grievance,2
2026-07-26,6,STRAY_ANIMALS,grievance,1
2026-07-26,6,STREETLIGHT_ELECTRICAL,grievance,1
2026-07-26,6,TRAFFIC_OBSTRUCTION,police,1
2026-07-26,7,ADMIN_SERVICES,grievance,2
2026-07-26,7,AIR_POLLUTION,grievance,1
2026-07-26,7,BUILDING_SAFETY,pwd,1
2026-07-26,7,CRIME_PROPERTY,police,1
2026-07-26,7,CRIME_VIOLENT,police,1
2026-07-26,7,DRAINAGE_SEWAGE,grievance,1
2026-07-26,7,DRUGS_LIQUOR,police,1
2026-07-26,7,OTHER,grievance,1
2026-07-26,7,POLICE_OTHER,police,1
2026-07-26,7,PUBLIC_WORKS,grievance,1
2026-07-26,7,STREETLIGHT_ELECTRICAL,grievance,1
2026-07-26,8,ADMIN_SERVICES,grievance,1
2026-07-26,8,CRIME_PROPERTY,police,1
2026-07-26,8,DARK_SPOT_SAFETY,grievance,1
2026-07-26,8,DRAINAGE_SEWAGE,grievance,5
2026-07-26,8,PUBLIC_ORDER,police,3
2026-07-26,8,ROAD_ACCIDENT,police,1
2026-07-26,8,STREETLIGHT_ELECTRICAL,grievance,1
2026-07-26,8,TRAFFIC_OBSTRUCTION,police,1
2026-07-26,9,CRIME_PROPERTY,police,3
2026-07-26,9,CRIME_VIOLENT,police,2
2026-07-26,9,DRAINAGE_SEWAGE,grievance,1
2026-07-26,9,DRUGS_LIQUOR,police,2
2026-07-26,9,HEALTH_SERVICES,grievance,2
2026-07-26,9,OTHER,grievance,1
2026-07-26,9,ROAD_DAMAGE,grievance,1
2026-07-26,9,SANITATION_TOILETS,grievance,1
2026-07-26,9,SOLID_WASTE,grievance,1
2026-07-26,9,TRAFFIC_OBSTRUCTION,police,1
2026-07-26,10,AIR_POLLUTION,grievance,1
2026-07-26,10,BUILDING_SAFETY,pwd,1
2026-07-26,10,CRIME_PROPERTY,police,1
2026-07-26,10,MISSING_PERSON,police,1
2026-07-26,10,POLICE_OTHER,police,1
2026-07-26,10,PUBLIC_ORDER,police,3
2026-07-26,10,ROAD_ACCIDENT,police,2
2026-07-26,10,STREETLIGHT_ELECTRICAL,grievance,1
2026-07-26,10,TRAFFIC_OBSTRUCTION,grievance,1
2026-07-26,11,CRIME_PROPERTY,police,4
2026-07-26,11,DRAIN_WORKS_SAFETY,grievance,2
2026-07-26,11,ENCROACHMENT,grievance,1
2026-07-26,11,PUBLIC_ORDER,police,1
2026-07-26,11,PUBLIC_WORKS,grievance,1
2026-07-26,11,SANITATION_TOILETS,grievance,1
2026-07-26,11,SOLID_WASTE,grievance,2
2026-07-26,12,DRUGS_LIQUOR,police,1
2026-07-26,12,ROAD_DAMAGE,grievance,1
2026-07-26,12,STRAY_ANIMALS,grievance,1
2026-07-26,12,TRAFFIC_OBSTRUCTION,police,1
2026-07-26,13,CRIME_PROPERTY,police,6
2026-07-26,13,CRIME_VIOLENT,police,1
2026-07-26,13,DRAIN_WORKS_SAFETY,grievance,1
2026-07-26,13,ENCROACHMENT,grievance,2
2026-07-26,13,MISSING_PERSON,police,1
2026-07-26,13,ROAD_ACCIDENT,police,1
2026-07-26,13,SOLID_WASTE,grievance,2
2026-07-26,13,STREETLIGHT_ELECTRICAL,grievance,1
2026-07-26,13,TRAFFIC_OBSTRUCTION,police,1
2026-07-26,14,CRIME_PROPERTY,police,2
2026-07-26,14,FLOOD_WATERLOGGING,grievance,3
2026-07-26,14,PUBLIC_ORDER,police,1
2026-07-26,14,ROAD_ACCIDENT,police,1
2026-07-26,14,SOLID_WASTE,grievance,1
2026-07-26,15,ADMIN_SERVICES,grievance,1
2026-07-26,15,CRIME_PROPERTY,police,1
2026-07-26,15,CRIME_VIOLENT,police,2
2026-07-26,15,ENCROACHMENT,pwd,1
2026-07-26,15,SOLID_WASTE,grievance,1
2026-07-26,15,STREETLIGHT_ELECTRICAL,grievance,1
2026-07-26,,CRIME_PROPERTY,police,1
2026-07-26,,PUBLIC_ORDER,news,1
2026-07-26,,PUBLIC_ORDER,police,1
2026-07-26,,ROAD_ACCIDENT,news,1
2026-07-26,,ROAD_ACCIDENT,police,3
2026-07-26,,STREETLIGHT_ELECTRICAL,news,3
2026-07-26,,TRAFFIC_OBSTRUCTION,news,1
2026-07-26,,TRAFFIC_OBSTRUCTION,police,2
2026-07-27,1,CRIME_PROPERTY,police,1
2026-07-27,1,DRUGS_LIQUOR,police,1
2026-07-27,1,MISSING_PERSON,police,1
2026-07-27,1,PUBLIC_WORKS,grievance,1
2026-07-27,1,ROAD_ACCIDENT,police,2
2026-07-27,1,SANITATION_TOILETS,grievance,1
2026-07-27,1,SOLID_WASTE,grievance,3
2026-07-27,1,STREETLIGHT_ELECTRICAL,grievance,2
2026-07-27,1,WATERBODY_INFRA,pwd,1
2026-07-27,2,ROAD_ACCIDENT,police,2
2026-07-27,3,CRIME_VIOLENT,police,2
2026-07-27,3,DRAINAGE_SEWAGE,grievance,1
2026-07-27,3,MISSING_PERSON,police,1
2026-07-27,3,ROAD_DAMAGE,grievance,1
2026-07-27,3,STREETLIGHT_ELECTRICAL,grievance,2
2026-07-27,4,DRAINAGE_SEWAGE,grievance,1
2026-07-27,4,MISSING_PERSON,police,1
2026-07-27,4,PUBLIC_ORDER,police,1
2026-07-27,4,ROAD_ACCIDENT,police,2
2026-07-27,4,ROAD_DAMAGE,grievance,3
2026-07-27,4,SANITATION_TOILETS,grievance,1
2026-07-27,4,SOLID_WASTE,grievance,2
2026-07-27,4,STREETLIGHT_ELECTRICAL,grievance,2
2026-07-27,5,DRUGS_LIQUOR,police,1
2026-07-27,5,PUBLIC_ORDER,police,1
2026-07-27,5,PUBLIC_WORKS,grievance,1
2026-07-27,5,SANITATION_TOILETS,grievance,1
2026-07-27,5,STREETLIGHT_ELECTRICAL,grievance,1
2026-07-27,5,TRAFFIC_OBSTRUCTION,police,1
2026-07-27,5,TREES_PARKS,grievance,1
2026-07-27,5,WATERBODY_INFRA,pwd,1
2026-07-27,6,AIR_POLLUTION,grievance,1
2026-07-27,6,BUILDING_SAFETY,pwd,2
2026-07-27,6,CRIME_PROPERTY,police,1
2026-07-27,6,CRIME_VIOLENT,police,1
2026-07-27,6,DRAINAGE_SEWAGE,grievance,1
2026-07-27,6,DRAINAGE_SEWAGE,pwd,1
2026-07-27,6,ENCROACHMENT,pwd,1
2026-07-27,6,PUBLIC_ORDER,police,3
2026-07-27,6,ROAD_ACCIDENT,police,1
2026-07-27,6,ROAD_DAMAGE,grievance,1
2026-07-27,6,SOLID_WASTE,grievance,3
2026-07-27,6,STREETLIGHT_ELECTRICAL,grievance,1
2026-07-27,6,TRAFFIC_OBSTRUCTION,police,1
2026-07-27,7,ADMIN_SERVICES,grievance,1
2026-07-27,7,CRIME_PROPERTY,police,3
2026-07-27,7,DRAIN_WORKS_SAFETY,grievance,1
2026-07-27,7,MISSING_PERSON,police,1
2026-07-27,7,ROAD_ACCIDENT,police,2
2026-07-27,7,ROAD_DAMAGE,grievance,1
2026-07-27,7,SOLID_WASTE,grievance,1
2026-07-27,7,STREETLIGHT_ELECTRICAL,police,1
2026-07-27,7,TRAFFIC_OBSTRUCTION,police,5
2026-07-27,7,TREES_PARKS,grievance,1
2026-07-27,7,WATERBODY_INFRA,pwd,2
2026-07-27,8,CRIME_PROPERTY,police,2
2026-07-27,8,DRAINAGE_SEWAGE,grievance,1
2026-07-27,8,DRAINAGE_SEWAGE,pwd,1
2026-07-27,8,DRAIN_WORKS_SAFETY,grievance,2
2026-07-27,8,FLOOD_WATERLOGGING,grievance,1
2026-07-27,8,FLOOD_WATERLOGGING,pwd,1
2026-07-27,8,FOOD_SAFETY,grievance,1
2026-07-27,8,ROAD_DAMAGE,pwd,1
2026-07-27,8,SOLID_WASTE,grievance,4
2026-07-27,8,STREETLIGHT_ELECTRICAL,grievance,1
2026-07-27,9,AIR_POLLUTION,grievance,1
2026-07-27,9,CRIME_VIOLENT,police,1
2026-07-27,9,DARK_SPOT_SAFETY,grievance,1
2026-07-27,9,DRAIN_WORKS_SAFETY,grievance,1
2026-07-27,9,MISSING_PERSON,police,1
2026-07-27,9,PUBLIC_ORDER,news,1
2026-07-27,9,PUBLIC_ORDER,police,1
2026-07-27,9,ROAD_DAMAGE,grievance,1
2026-07-27,9,SOLID_WASTE,grievance,2
2026-07-27,9,STRAY_ANIMALS,grievance,1
2026-07-27,9,STREETLIGHT_ELECTRICAL,grievance,1
2026-07-27,9,VECTOR_DISEASE,grievance,1
2026-07-27,10,BUILDING_SAFETY,pwd,1
2026-07-27,10,CRIME_PROPERTY,police,3
2026-07-27,10,CRIME_VIOLENT,police,1
2026-07-27,10,DRAINAGE_SEWAGE,grievance,1
2026-07-27,10,DRAINAGE_SEWAGE,news,1
2026-07-27,10,DRAIN_WORKS_SAFETY,grievance,1
2026-07-27,10,FLOOD_WATERLOGGING,pwd,1
2026-07-27,10,MISSING_PERSON,police,4
2026-07-27,10,PUBLIC_ORDER,police,1
2026-07-27,10,ROAD_ACCIDENT,police,1
2026-07-27,10,SOLID_WASTE,grievance,3
2026-07-27,10,STRAY_ANIMALS,grievance,1
2026-07-27,11,CRIME_PROPERTY,police,4
2026-07-27,11,DRAINAGE_SEWAGE,grievance,1
2026-07-27,11,DRAINAGE_SEWAGE,pwd,2
2026-07-27,11,OTHER,grievance,1
2026-07-27,11,ROAD_DAMAGE,grievance,1
2026-07-27,11,SOLID_WASTE,grievance,5
2026-07-27,11,STREETLIGHT_ELECTRICAL,grievance,1
2026-07-27,11,VECTOR_DISEASE,grievance,1
2026-07-27,12,ADMIN_SERVICES,grievance,1
2026-07-27,12,AIR_POLLUTION,grievance,1
2026-07-27,12,DRAINAGE_SEWAGE,pwd,1
2026-07-27,12,DRUGS_LIQUOR,police,1
2026-07-27,12,FOOD_SAFETY,grievance,1
2026-07-27,12,POLICE_OTHER,police,1
2026-07-27,12,ROAD_ACCIDENT,police,1
2026-07-27,12,SOLID_WASTE,grievance,2
2026-07-27,12,STREETLIGHT_ELECTRICAL,grievance,1
2026-07-27,12,TRAFFIC_OBSTRUCTION,police,1
2026-07-27,13,BUILDING_SAFETY,pwd,2
2026-07-27,13,CRIME_PROPERTY,police,3
2026-07-27,13,DARK_SPOT_SAFETY,grievance,1
2026-07-27,13,DRAINAGE_SEWAGE,grievance,1
2026-07-27,13,MISSING_PERSON,police,1
2026-07-27,13,SOLID_WASTE,grievance,1
2026-07-27,13,STREETLIGHT_ELECTRICAL,grievance,2
2026-07-27,13,TRAFFIC_OBSTRUCTION,police,1
2026-07-27,13,WATER_SUPPLY,news,1
2026-07-27,14,FLOOD_WATERLOGGING,news,1
2026-07-27,14,FLOOD_WATERLOGGING,pwd,1
2026-07-27,14,PUBLIC_WORKS,grievance,1
2026-07-27,14,SOLID_WASTE,grievance,1
2026-07-27,14,STRAY_ANIMALS,grievance,1
2026-07-27,15,CRIME_PROPERTY,police,2
2026-07-27,15,DRAINAGE_SEWAGE,grievance,1
2026-07-27,15,DRAINAGE_SEWAGE,pwd,1
2026-07-27,15,DRUGS_LIQUOR,police,1
2026-07-27,15,FOOD_SAFETY,grievance,1
2026-07-27,15,PUBLIC_WORKS,grievance,1
2026-07-27,15,SOLID_WASTE,grievance,2
2026-07-27,15,TRAFFIC_OBSTRUCTION,police,2
2026-07-27,,CRIME_PROPERTY,news,1
2026-07-27,,STREETLIGHT_ELECTRICAL,news,2
2026-07-27,,WATER_SUPPLY,news,1
2026-07-28,1,DRAINAGE_SEWAGE,grievance,2
2026-07-28,1,DRAINAGE_SEWAGE,pwd,1
2026-07-28,1,DRAIN_WORKS_SAFETY,grievance,1
2026-07-28,1,FLOOD_WATERLOGGING,grievance,1
2026-07-28,1,MISSING_PERSON,police,1
2026-07-28,1,ROAD_ACCIDENT,police,1
2026-07-28,1,ROAD_DAMAGE,grievance,2
2026-07-28,1,SOLID_WASTE,grievance,2
2026-07-28,1,STREETLIGHT_ELECTRICAL,grievance,2
2026-07-28,1,TRAFFIC_OBSTRUCTION,police,1
2026-07-28,1,WATERBODY_INFRA,pwd,1
2026-07-28,2,CRIME_VIOLENT,police,1
2026-07-28,2,DRAIN_WORKS_SAFETY,grievance,1
2026-07-28,2,PUBLIC_ORDER,police,1
2026-07-28,2,ROAD_DAMAGE,grievance,1
2026-07-28,2,SOLID_WASTE,grievance,1
2026-07-28,3,ADMIN_SERVICES,grievance,1
2026-07-28,3,DRAIN_WORKS_SAFETY,grievance,1
2026-07-28,3,HEALTH_SERVICES,grievance,1
2026-07-28,3,PUBLIC_WORKS,grievance,1
2026-07-28,3,SOLID_WASTE,grievance,3
2026-07-28,3,STREETLIGHT_ELECTRICAL,grievance,1
2026-07-28,4,CRIME_PROPERTY,police,1
2026-07-28,4,CRIME_VIOLENT,police,1
2026-07-28,4,DRAINAGE_SEWAGE,news,1
2026-07-28,4,ENCROACHMENT,pwd,1
2026-07-28,4,OTHER,grievance,1
2026-07-28,4,ROAD_ACCIDENT,police,1
2026-07-28,4,ROAD_DAMAGE,grievance,4
2026-07-28,4,SOLID_WASTE,grievance,3
2026-07-28,4,STREETLIGHT_ELECTRICAL,grievance,1
2026-07-28,4,TRAFFIC_OBSTRUCTION,police,1
2026-07-28,5,ADMIN_SERVICES,grievance,1
2026-07-28,5,CRIME_VIOLENT,police,1
2026-07-28,5,DRAIN_WORKS_SAFETY,grievance,1
2026-07-28,5,FOOD_SAFETY,grievance,1
2026-07-28,5,HEALTH_SERVICES,hospital,1
2026-07-28,5,MISSING_PERSON,police,1
2026-07-28,5,POLICE_OTHER,police,1
2026-07-28,5,PUBLIC_ORDER,police,1
2026-07-28,5,ROAD_ACCIDENT,police,1
2026-07-28,5,SANITATION_TOILETS,grievance,1
2026-07-28,5,SOLID_WASTE,grievance,2
2026-07-28,5,STREETLIGHT_ELECTRICAL,grievance,2
2026-07-28,5,TRAFFIC_OBSTRUCTION,grievance,1
2026-07-28,5,VECTOR_DISEASE,hospital,1
2026-07-28,6,ENCROACHMENT,grievance,1
2026-07-28,6,ROAD_ACCIDENT,police,1
2026-07-28,6,SOLID_WASTE,grievance,3
2026-07-28,6,STREETLIGHT_ELECTRICAL,grievance,3
2026-07-28,6,TRAFFIC_OBSTRUCTION,police,1
2026-07-28,7,AIR_POLLUTION,grievance,1
2026-07-28,7,CRIME_VIOLENT,police,2
2026-07-28,7,DRAINAGE_SEWAGE,grievance,1
2026-07-28,7,ROAD_ACCIDENT,police,1
2026-07-28,7,ROAD_DAMAGE,grievance,1
2026-07-28,7,TRAFFIC_OBSTRUCTION,police,1
2026-07-28,8,ADMIN_SERVICES,grievance,2
2026-07-28,8,CRIME_PROPERTY,news,1
2026-07-28,8,CRIME_PROPERTY,police,2
2026-07-28,8,CRIME_VIOLENT,police,1
2026-07-28,8,DRAINAGE_SEWAGE,grievance,1
2026-07-28,8,DRUGS_LIQUOR,police,1
2026-07-28,8,FOOD_SAFETY,grievance,1
2026-07-28,8,PUBLIC_ORDER,grievance,1
2026-07-28,8,PUBLIC_ORDER,police,3
2026-07-28,8,ROAD_ACCIDENT,police,2
2026-07-28,8,ROAD_DAMAGE,grievance,4
2026-07-28,8,SANITATION_TOILETS,grievance,1
2026-07-28,8,SOLID_WASTE,grievance,2
2026-07-28,8,STREETLIGHT_ELECTRICAL,grievance,1
2026-07-28,8,TRAFFIC_OBSTRUCTION,police,1
2026-07-28,9,ADMIN_SERVICES,grievance,1
2026-07-28,9,CRIME_PROPERTY,police,2
2026-07-28,9,DARK_SPOT_SAFETY,grievance,1
2026-07-28,9,FLOOD_WATERLOGGING,grievance,1
2026-07-28,9,MISSING_PERSON,police,1
2026-07-28,9,ROAD_ACCIDENT,police,2
2026-07-28,9,ROAD_DAMAGE,grievance,1
2026-07-28,9,SOLID_WASTE,grievance,2
2026-07-28,9,VECTOR_DISEASE,grievance,1
2026-07-28,10,CRIME_PROPERTY,police,1
2026-07-28,10,MISSING_PERSON,police,1
2026-07-28,10,ROAD_ACCIDENT,police,5
2026-07-28,10,ROAD_DAMAGE,grievance,1
2026-07-28,10,SANITATION_TOILETS,grievance,2
2026-07-28,10,SOLID_WASTE,grievance,4
2026-07-28,10,STREETLIGHT_ELECTRICAL,grievance,1
2026-07-28,10,TRAFFIC_OBSTRUCTION,police,1
2026-07-28,11,CRIME_PROPERTY,police,2
2026-07-28,11,CRIME_VIOLENT,police,4
2026-07-28,11,DARK_SPOT_SAFETY,grievance,1
2026-07-28,11,ENCROACHMENT,grievance,2
2026-07-28,11,ENCROACHMENT,pwd,2
2026-07-28,11,FOOD_SAFETY,grievance,1
2026-07-28,11,OTHER,grievance,1
2026-07-28,11,PUBLIC_ORDER,police,1
2026-07-28,11,SOLID_WASTE,grievance,2
2026-07-28,11,TRAFFIC_OBSTRUCTION,police,1
2026-07-28,11,VECTOR_DISEASE,grievance,1
2026-07-28,12,CRIME_PROPERTY,police,1
2026-07-28,12,DARK_SPOT_SAFETY,grievance,2
2026-07-28,12,FLOOD_WATERLOGGING,pwd,1
2026-07-28,12,SOLID_WASTE,grievance,1
2026-07-28,12,STRAY_ANIMALS,grievance,1
2026-07-28,13,ADMIN_SERVICES,grievance,2
2026-07-28,13,BUILDING_SAFETY,pwd,1
2026-07-28,13,CRIME_PROPERTY,police,3
2026-07-28,13,CRIME_VIOLENT,news,1
2026-07-28,13,DRAINAGE_SEWAGE,grievance,1
2026-07-28,13,PUBLIC_ORDER,police,1
2026-07-28,13,STREETLIGHT_ELECTRICAL,grievance,1
2026-07-28,13,TREES_PARKS,grievance,1
2026-07-28,13,WATERBODY_INFRA,pwd,1
2026-07-28,14,ADMIN_SERVICES,grievance,2
2026-07-28,14,DARK_SPOT_SAFETY,grievance,1
2026-07-28,14,SOLID_WASTE,grievance,2
2026-07-28,14,STRAY_ANIMALS,grievance,1
2026-07-28,14,TREES_PARKS,grievance,1
2026-07-28,15,ADMIN_SERVICES,grievance,1
2026-07-28,15,CRIME_PROPERTY,police,1
2026-07-28,15,ENCROACHMENT,grievance,1
2026-07-28,15,ROAD_ACCIDENT,police,2
2026-07-28,,CRIME_VIOLENT,news,2
2026-07-28,,CRIME_VIOLENT,police,1
2026-07-28,,ROAD_ACCIDENT,news,2
2026-07-29,1,CRIME_PROPERTY,police,1
2026-07-29,1,DRAINAGE_SEWAGE,grievance,1
2026-07-29,1,DRAINAGE_SEWAGE,pwd,1
2026-07-29,1,MISSING_PERSON,police,1
2026-07-29,1,ROAD_DAMAGE,pwd,1
2026-07-29,1,SOLID_WASTE,grievance,1
2026-07-29,2,CRIME_PROPERTY,police,1
2026-07-29,2,ROAD_DAMAGE,grievance,1
2026-07-29,3,ADMIN_SERVICES,grievance,2
2026-07-29,3,PUBLIC_ORDER,police,1
2026-07-29,3,PUBLIC_WORKS,grievance,1
2026-07-29,3,ROAD_ACCIDENT,police,2
2026-07-29,3,SANITATION_TOILETS,grievance,1
2026-07-29,3,STREETLIGHT_ELECTRICAL,grievance,1
2026-07-29,4,CRIME_VIOLENT,police,1
2026-07-29,4,DRAIN_WORKS_SAFETY,grievance,1
2026-07-29,4,ENCROACHMENT,grievance,1
2026-07-29,4,ROAD_DAMAGE,grievance,1
2026-07-29,4,SANITATION_TOILETS,grievance,1
2026-07-29,4,SOLID_WASTE,grievance,1
2026-07-29,4,STRAY_ANIMALS,grievance,1
2026-07-29,5,ADMIN_SERVICES,grievance,1
2026-07-29,5,DRUGS_LIQUOR,news,1
2026-07-29,5,DRUGS_LIQUOR,police,1
2026-07-29,5,ROAD_ACCIDENT,police,2
2026-07-29,5,ROAD_DAMAGE,grievance,1
2026-07-29,5,SOLID_WASTE,grievance,3
2026-07-29,5,TRAFFIC_OBSTRUCTION,police,2
2026-07-29,6,CRIME_PROPERTY,police,1
2026-07-29,6,CRIME_VIOLENT,police,2
2026-07-29,6,DRAINAGE_SEWAGE,grievance,2
2026-07-29,6,ENCROACHMENT,grievance,1
2026-07-29,6,SANITATION_TOILETS,grievance,3
2026-07-29,6,SOLID_WASTE,grievance,2
2026-07-29,6,STREETLIGHT_ELECTRICAL,grievance,1
2026-07-29,6,TRAFFIC_OBSTRUCTION,police,1
2026-07-29,7,ADMIN_SERVICES,grievance,1
2026-07-29,7,BUILDING_SAFETY,pwd,1
2026-07-29,7,CRIME_PROPERTY,police,6
2026-07-29,7,CRIME_VIOLENT,police,1
2026-07-29,7,DRAIN_WORKS_SAFETY,grievance,1
2026-07-29,7,ENCROACHMENT,grievance,1
2026-07-29,7,HEALTH_SERVICES,grievance,1
2026-07-29,7,MISSING_PERSON,police,1
2026-07-29,7,PUBLIC_ORDER,police,1
2026-07-29,7,STREETLIGHT_ELECTRICAL,grievance,2
2026-07-29,7,WATERBODY_INFRA,pwd,1
2026-07-29,8,ADMIN_SERVICES,grievance,1
2026-07-29,8,AIR_POLLUTION,grievance,1
2026-07-29,8,CRIME_PROPERTY,police,1
2026-07-29,8,DRAINAGE_SEWAGE,pwd,1
2026-07-29,8,DRUGS_LIQUOR,police,1
2026-07-29,8,ROAD_ACCIDENT,police,3
2026-07-29,8,SOLID_WASTE,grievance,4
2026-07-29,8,TRAFFIC_OBSTRUCTION,police,1
2026-07-29,9,CRIME_PROPERTY,police,1
2026-07-29,9,DRAINAGE_SEWAGE,grievance,1
2026-07-29,9,DRAIN_WORKS_SAFETY,grievance,1
2026-07-29,9,ENCROACHMENT,grievance,1
2026-07-29,9,ENCROACHMENT,pwd,1
2026-07-29,9,FLOOD_WATERLOGGING,grievance,1
2026-07-29,9,ROAD_DAMAGE,grievance,2
2026-07-29,9,SANITATION_TOILETS,grievance,2
2026-07-29,9,SOLID_WASTE,grievance,2
2026-07-29,9,STRAY_ANIMALS,grievance,1
2026-07-29,9,STREETLIGHT_ELECTRICAL,grievance,4
2026-07-29,10,BUILDING_SAFETY,pwd,1
2026-07-29,10,CRIME_PROPERTY,news,1
2026-07-29,10,CRIME_PROPERTY,police,1
2026-07-29,10,CRIME_VIOLENT,police,1
2026-07-29,10,DRAIN_WORKS_SAFETY,grievance,3
2026-07-29,10,ENCROACHMENT,grievance,1
2026-07-29,10,MISSING_PERSON,police,2
2026-07-29,10,PUBLIC_ORDER,police,4
2026-07-29,10,ROAD_ACCIDENT,police,1
2026-07-29,10,ROAD_DAMAGE,grievance,1
2026-07-29,10,SANITATION_TOILETS,grievance,1
2026-07-29,10,SOLID_WASTE,grievance,3
2026-07-29,10,STREETLIGHT_ELECTRICAL,grievance,1
2026-07-29,10,TRAFFIC_OBSTRUCTION,police,2
2026-07-29,10,VECTOR_DISEASE,grievance,1
2026-07-29,11,BUILDING_SAFETY,pwd,1
2026-07-29,11,DRAINAGE_SEWAGE,grievance,1
2026-07-29,11,DRAINAGE_SEWAGE,pwd,1
2026-07-29,11,PUBLIC_ORDER,police,1
2026-07-29,11,SOLID_WASTE,grievance,1
2026-07-29,11,TRAFFIC_OBSTRUCTION,police,1
2026-07-29,12,CRIME_PROPERTY,police,1
2026-07-29,12,MISSING_PERSON,police,1
2026-07-29,12,PUBLIC_ORDER,police,1
2026-07-29,12,ROAD_ACCIDENT,police,1
2026-07-29,12,ROAD_DAMAGE,grievance,1
2026-07-29,12,SOLID_WASTE,grievance,3
2026-07-29,12,STREETLIGHT_ELECTRICAL,grievance,1
2026-07-29,13,BUILDING_SAFETY,pwd,2
2026-07-29,13,CRIME_VIOLENT,police,1
2026-07-29,13,FLOOD_WATERLOGGING,grievance,1
2026-07-29,13,FOOD_SAFETY,grievance,1
2026-07-29,13,PUBLIC_ORDER,police,2
2026-07-29,13,PUBLIC_WORKS,grievance,1
2026-07-29,13,ROAD_DAMAGE,grievance,1
2026-07-29,13,SOLID_WASTE,grievance,2
2026-07-29,13,TRAFFIC_OBSTRUCTION,police,1
2026-07-29,14,DRAINAGE_SEWAGE,grievance,1
2026-07-29,14,ROAD_ACCIDENT,police,1
2026-07-29,14,SANITATION_TOILETS,grievance,1
2026-07-29,14,SOLID_WASTE,grievance,1
2026-07-29,14,STRAY_ANIMALS,grievance,1
2026-07-29,14,STRAY_ANIMALS,police,1
2026-07-29,15,BUILDING_SAFETY,pwd,1
2026-07-29,15,CRIME_PROPERTY,police,2
2026-07-29,15,ENCROACHMENT,pwd,1
2026-07-29,15,HEALTH_SERVICES,grievance,1
2026-07-29,15,PUBLIC_ORDER,police,3
2026-07-29,15,ROAD_ACCIDENT,police,1
2026-07-29,,CRIME_VIOLENT,news,2
2026-07-29,,DARK_SPOT_SAFETY,news,1
2026-07-29,,DRUGS_LIQUOR,news,1
2026-07-29,,PUBLIC_ORDER,news,1
2026-07-29,,STREETLIGHT_ELECTRICAL,news,1
2026-07-30,1,ROAD_ACCIDENT,police,1
2026-07-30,1,SOLID_WASTE,grievance,4
2026-07-30,1,STREETLIGHT_ELECTRICAL,grievance,1
2026-07-30,2,STREETLIGHT_ELECTRICAL,grievance,1
2026-07-30,3,DRAIN_WORKS_SAFETY,grievance,1
2026-07-30,3,PUBLIC_ORDER,police,2
2026-07-30,3,STREETLIGHT_ELECTRICAL,grievance,2
2026-07-30,3,TRAFFIC_OBSTRUCTION,police,1
2026-07-30,3,TREES_PARKS,grievance,1
2026-07-30,4,CIVIC_FACILITIES,grievance,1
2026-07-30,4,CRIME_PROPERTY,police,1
2026-07-30,4,CRIME_VIOLENT,police,1
2026-07-30,4,DRAINAGE_SEWAGE,grievance,1
2026-07-30,4,ENCROACHMENT,pwd,1
2026-07-30,4,FOOD_SAFETY,grievance,1
2026-07-30,4,HEALTH_SERVICES,grievance,1
2026-07-30,4,MISSING_PERSON,police,1
2026-07-30,4,OTHER,grievance,2
2026-07-30,4,ROAD_ACCIDENT,police,1
2026-07-30,4,ROAD_DAMAGE,grievance,3
2026-07-30,4,SOLID_WASTE,grievance,1
2026-07-30,4,STREETLIGHT_ELECTRICAL,grievance,2
2026-07-30,4,TRAFFIC_OBSTRUCTION,police,1
2026-07-30,5,CIVIC_FACILITIES,grievance,1
2026-07-30,5,CRIME_PROPERTY,police,4
2026-07-30,5,DRUGS_LIQUOR,police,1
2026-07-30,5,PUBLIC_ORDER,police,1
2026-07-30,5,ROAD_ACCIDENT,police,1
2026-07-30,5,ROAD_DAMAGE,grievance,1
2026-07-30,5,SANITATION_TOILETS,grievance,1
2026-07-30,5,SOLID_WASTE,grievance,2
2026-07-30,5,TREES_PARKS,grievance,1
2026-07-30,6,ADMIN_SERVICES,grievance,1
2026-07-30,6,CIVIC_FACILITIES,grievance,1
2026-07-30,6,DRAINAGE_SEWAGE,grievance,1
2026-07-30,6,OTHER,grievance,1
2026-07-30,6,PUBLIC_ORDER,police,1
2026-07-30,6,SANITATION_TOILETS,grievance,1
2026-07-30,6,SOLID_WASTE,grievance,1
2026-07-30,6,STREETLIGHT_ELECTRICAL,grievance,2
2026-07-30,7,ADMIN_SERVICES,grievance,1
2026-07-30,7,FOOD_SAFETY,grievance,1
2026-07-30,7,MISSING_PERSON,police,2
2026-07-30,7,OTHER,pwd,1
2026-07-30,7,SANITATION_TOILETS,grievance,1
2026-07-30,7,STREETLIGHT_ELECTRICAL,grievance,1
2026-07-30,8,AIR_POLLUTION,grievance,1
2026-07-30,8,CRIME_PROPERTY,police,3
2026-07-30,8,DRAINAGE_SEWAGE,grievance,1
2026-07-30,8,DRAINAGE_SEWAGE,pwd,2
2026-07-30,8,FLOOD_RELIEF,grievance,1
2026-07-30,8,FLOOD_WATERLOGGING,pwd,3
2026-07-30,8,MISSING_PERSON,police,1
2026-07-30,8,PUBLIC_ORDER,police,1
2026-07-30,8,PUBLIC_WORKS,grievance,1
2026-07-30,8,ROAD_ACCIDENT,police,1
2026-07-30,8,SANITATION_TOILETS,grievance,1
2026-07-30,8,SOLID_WASTE,grievance,3
2026-07-30,8,SOLID_WASTE,news,1
2026-07-30,8,TRAFFIC_OBSTRUCTION,police,1
2026-07-30,8,VECTOR_DISEASE,grievance,1
2026-07-30,8,WATERBODY_INFRA,pwd,1
2026-07-30,9,BUILDING_SAFETY,pwd,1
2026-07-30,9,CRIME_PROPERTY,police,1
2026-07-30,9,FLOOD_WATERLOGGING,grievance,1
2026-07-30,9,HEALTH_SERVICES,grievance,2
2026-07-30,9,ROAD_ACCIDENT,police,1
2026-07-30,9,SOLID_WASTE,grievance,2
2026-07-30,9,STREETLIGHT_ELECTRICAL,grievance,1
2026-07-30,10,BUILDING_SAFETY,pwd,1
2026-07-30,10,CRIME_PROPERTY,news,2
2026-07-30,10,CRIME_PROPERTY,police,3
2026-07-30,10,CRIME_VIOLENT,police,4
2026-07-30,10,DRAIN_WORKS_SAFETY,grievance,1
2026-07-30,10,FLOOD_WATERLOGGING,grievance,1
2026-07-30,10,OTHER,grievance,1
2026-07-30,10,ROAD_ACCIDENT,police,1
2026-07-30,10,ROAD_DAMAGE,grievance,1
2026-07-30,10,SOLID_WASTE,grievance,1
2026-07-30,10,STRAY_ANIMALS,grievance,1
2026-07-30,11,CRIME_PROPERTY,police,1
2026-07-30,11,DRAINAGE_SEWAGE,pwd,1
2026-07-30,11,DRAIN_WORKS_SAFETY,grievance,2
2026-07-30,11,ENCROACHMENT,pwd,1
2026-07-30,11,OTHER,grievance,1
2026-07-30,11,ROAD_ACCIDENT,police,1
2026-07-30,11,ROAD_DAMAGE,grievance,1
2026-07-30,11,SOLID_WASTE,grievance,1
2026-07-30,11,STREETLIGHT_ELECTRICAL,grievance,1
2026-07-30,12,CRIME_PROPERTY,police,1
2026-07-30,12,OTHER,grievance,1
2026-07-30,12,SOLID_WASTE,grievance,2
2026-07-30,12,STRAY_ANIMALS,grievance,1
2026-07-30,12,STREETLIGHT_ELECTRICAL,grievance,1
2026-07-30,13,ADMIN_SERVICES,grievance,1
2026-07-30,13,BUILDING_SAFETY,pwd,2
2026-07-30,13,CRIME_PROPERTY,police,2
2026-07-30,13,DRAINAGE_SEWAGE,grievance,1
2026-07-30,13,DRUGS_LIQUOR,police,2
2026-07-30,13,FLOOD_WATERLOGGING,grievance,1
2026-07-30,13,OTHER,grievance,1
2026-07-30,13,ROAD_ACCIDENT,police,1
2026-07-30,13,SOLID_WASTE,grievance,1
2026-07-30,13,STRAY_ANIMALS,grievance,1
2026-07-30,13,STREETLIGHT_ELECTRICAL,grievance,2
2026-07-30,13,TRAFFIC_OBSTRUCTION,police,1
2026-07-30,14,FLOOD_WATERLOGGING,grievance,1
2026-07-30,14,PUBLIC_ORDER,police,2
2026-07-30,14,SOLID_WASTE,grievance,2
2026-07-30,15,CRIME_PROPERTY,police,2
2026-07-30,15,DRAINAGE_SEWAGE,pwd,1
2026-07-30,15,DRAIN_WORKS_SAFETY,grievance,1
2026-07-30,15,DRUGS_LIQUOR,police,1
2026-07-30,15,ROAD_ACCIDENT,news,1
2026-07-30,15,ROAD_ACCIDENT,police,4
2026-07-30,15,TRAFFIC_OBSTRUCTION,police,2
2026-07-30,,CRIME_PROPERTY,news,1
2026-07-30,,CRIME_VIOLENT,news,2
2026-07-30,,STREETLIGHT_ELECTRICAL,news,2
2026-07-31,1,ADMIN_SERVICES,grievance,1
2026-07-31,1,CRIME_VIOLENT,police,1
2026-07-31,1,DRAINAGE_SEWAGE,grievance,1
2026-07-31,1,FLOOD_WATERLOGGING,grievance,2
2026-07-31,1,HEALTH_SERVICES,grievance,2
2026-07-31,1,PUBLIC_ORDER,police,1
2026-07-31,1,SOLID_WASTE,grievance,1
2026-07-31,2,DARK_SPOT_SAFETY,grievance,1
2026-07-31,2,PUBLIC_ORDER,grievance,1
2026-07-31,3,CRIME_PROPERTY,police,1
2026-07-31,3,CRIME_VIOLENT,police,1
2026-07-31,3,FLOOD_WATERLOGGING,police,1
2026-07-31,3,ROAD_ACCIDENT,police,2
2026-07-31,3,SOLID_WASTE,grievance,2
2026-07-31,3,TRAFFIC_OBSTRUCTION,police,1
2026-07-31,3,WATERBODY_INFRA,pwd,1
2026-07-31,4,BUILDING_SAFETY,pwd,1
2026-07-31,4,CRIME_PROPERTY,police,2
2026-07-31,4,CRIME_VIOLENT,police,1
2026-07-31,4,DARK_SPOT_SAFETY,grievance,1
2026-07-31,4,DRAINAGE_SEWAGE,grievance,1
2026-07-31,4,DRAINAGE_SEWAGE,pwd,1
2026-07-31,4,DRAIN_WORKS_SAFETY,grievance,1
2026-07-31,4,DRUGS_LIQUOR,police,1
2026-07-31,4,FLOOD_WATERLOGGING,grievance,1
2026-07-31,4,PUBLIC_ORDER,police,2
2026-07-31,4,ROAD_ACCIDENT,police,1
2026-07-31,4,ROAD_DAMAGE,grievance,3
2026-07-31,4,SANITATION_TOILETS,grievance,3
2026-07-31,4,SOLID_WASTE,grievance,1
2026-07-31,4,STREETLIGHT_ELECTRICAL,grievance,1
2026-07-31,4,TRAFFIC_OBSTRUCTION,police,3
2026-07-31,5,CRIME_PROPERTY,police,1
2026-07-31,5,DARK_SPOT_SAFETY,grievance,1
2026-07-31,5,DRUGS_LIQUOR,police,1
2026-07-31,5,OTHER,grievance,1
2026-07-31,5,PUBLIC_ORDER,police,1
2026-07-31,5,ROAD_ACCIDENT,police,1
2026-07-31,5,SOLID_WASTE,grievance,2
2026-07-31,5,STREETLIGHT_ELECTRICAL,grievance,2
2026-07-31,5,TRAFFIC_OBSTRUCTION,police,3
2026-07-31,5,VECTOR_DISEASE,hospital,1
2026-07-31,6,ADMIN_SERVICES,grievance,1
2026-07-31,6,CRIME_PROPERTY,police,2
2026-07-31,6,CRIME_VIOLENT,police,1
2026-07-31,6,DRAINAGE_SEWAGE,grievance,1
2026-07-31,6,FOOD_SAFETY,grievance,1
2026-07-31,6,ROAD_ACCIDENT,police,1
2026-07-31,6,SANITATION_TOILETS,grievance,1
2026-07-31,6,SOLID_WASTE,grievance,1
2026-07-31,6,STREETLIGHT_ELECTRICAL,grievance,2
2026-07-31,7,CRIME_PROPERTY,police,3
2026-07-31,7,DRAIN_WORKS_SAFETY,grievance,1
2026-07-31,7,ENCROACHMENT,pwd,1
2026-07-31,7,PUBLIC_ORDER,police,1
2026-07-31,7,SOLID_WASTE,grievance,3
2026-07-31,7,VECTOR_DISEASE,grievance,1
2026-07-31,8,ADMIN_SERVICES,grievance,2
2026-07-31,8,CRIME_PROPERTY,police,7
2026-07-31,8,CRIME_VIOLENT,news,4
2026-07-31,8,DRAIN_WORKS_SAFETY,grievance,1
2026-07-31,8,FOOD_SAFETY,grievance,1
2026-07-31,8,HEALTH_SERVICES,grievance,1
2026-07-31,8,PUBLIC_WORKS,grievance,1
2026-07-31,8,ROAD_ACCIDENT,police,6
2026-07-31,8,SOLID_WASTE,grievance,3
2026-07-31,9,ADMIN_SERVICES,grievance,1
2026-07-31,9,BUILDING_SAFETY,pwd,1
2026-07-31,9,CRIME_PROPERTY,police,4
2026-07-31,9,ENCROACHMENT,grievance,1
2026-07-31,9,ENCROACHMENT,pwd,1
2026-07-31,9,OTHER,grievance,1
2026-07-31,9,PUBLIC_ORDER,police,1
2026-07-31,9,ROAD_DAMAGE,grievance,3
2026-07-31,9,SOLID_WASTE,grievance,1
2026-07-31,9,TREES_PARKS,grievance,1
2026-07-31,10,CRIME_VIOLENT,police,1
2026-07-31,10,DRAIN_WORKS_SAFETY,grievance,1
2026-07-31,10,FLOOD_WATERLOGGING,pwd,1
2026-07-31,10,OTHER,grievance,2
2026-07-31,10,PUBLIC_ORDER,police,1
2026-07-31,10,ROAD_ACCIDENT,police,4
2026-07-31,10,SOLID_WASTE,grievance,7
2026-07-31,10,VECTOR_DISEASE,grievance,1
2026-07-31,11,DRAINAGE_SEWAGE,grievance,1
2026-07-31,11,DRAINAGE_SEWAGE,pwd,1
2026-07-31,11,ROAD_DAMAGE,grievance,1
2026-07-31,11,SOLID_WASTE,grievance,2
2026-07-31,11,STREETLIGHT_ELECTRICAL,grievance,2
2026-07-31,12,CRIME_PROPERTY,police,2
2026-07-31,12,FLOOD_RELIEF,grievance,1
2026-07-31,12,FOOD_SAFETY,grievance,1
2026-07-31,12,SOLID_WASTE,grievance,2
2026-07-31,12,STREETLIGHT_ELECTRICAL,grievance,1
2026-07-31,12,VECTOR_DISEASE,grievance,1
2026-07-31,13,CRIME_PROPERTY,police,5
2026-07-31,13,CRIME_VIOLENT,police,1
2026-07-31,13,DRAINAGE_SEWAGE,pwd,1
2026-07-31,13,ENCROACHMENT,pwd,1
2026-07-31,13,FLOOD_RELIEF,news,1
2026-07-31,13,HEALTH_SERVICES,grievance,1
2026-07-31,13,OTHER,grievance,1
2026-07-31,13,ROAD_ACCIDENT,police,2
2026-07-31,13,ROAD_DAMAGE,grievance,1
2026-07-31,13,SANITATION_TOILETS,grievance,1
2026-07-31,13,TRAFFIC_OBSTRUCTION,police,2
2026-07-31,14,CRIME_PROPERTY,police,1
2026-07-31,14,HEALTH_SERVICES,grievance,1
2026-07-31,14,PUBLIC_WORKS,grievance,1
2026-07-31,14,SANITATION_TOILETS,grievance,1
2026-07-31,14,STRAY_ANIMALS,grievance,1
2026-07-31,15,CRIME_PROPERTY,police,1
2026-07-31,15,DARK_SPOT_SAFETY,grievance,1
2026-07-31,15,ENCROACHMENT,grievance,1
2026-07-31,15,MISSING_PERSON,police,1
2026-07-31,15,PUBLIC_WORKS,grievance,1
2026-07-31,15,ROAD_ACCIDENT,police,1
2026-07-31,15,SANITATION_TOILETS,grievance,1
2026-07-31,,CRIME_PROPERTY,news,1
2026-07-31,,CRIME_PROPERTY,police,1
2026-07-31,,CRIME_VIOLENT,news,2
2026-08-01,1,CRIME_VIOLENT,police,1
2026-08-01,1,DRUGS_LIQUOR,police,1
2026-08-01,1,ENCROACHMENT,grievance,1
2026-08-01,1,OTHER,grievance,1
2026-08-01,1,PUBLIC_ORDER,police,1
2026-08-01,1,STREETLIGHT_ELECTRICAL,grievance,1
2026-08-01,2,DRAINAGE_SEWAGE,grievance,1
2026-08-01,3,FLOOD_WATERLOGGING,grievance,1
2026-08-01,3,MISSING_PERSON,police,1
2026-08-01,3,PUBLIC_ORDER,police,2
2026-08-01,3,ROAD_ACCIDENT,police,2
2026-08-01,3,SOLID_WASTE,grievance,1
2026-08-01,3,STREETLIGHT_ELECTRICAL,grievance,2
2026-08-01,4,CRIME_PROPERTY,police,1
2026-08-01,4,PUBLIC_ORDER,police,1
2026-08-01,4,ROAD_ACCIDENT,police,1
2026-08-01,4,SOLID_WASTE,grievance,2
2026-08-01,4,STREETLIGHT_ELECTRICAL,grievance,2
2026-08-01,4,TREES_PARKS,grievance,1
2026-08-01,5,CRIME_PROPERTY,police,3
2026-08-01,5,ENCROACHMENT,grievance,1
2026-08-01,5,HEALTH_SERVICES,hospital,1
2026-08-01,5,POLICE_OTHER,police,1
2026-08-01,5,PUBLIC_ORDER,police,5
2026-08-01,5,ROAD_ACCIDENT,police,3
2026-08-01,5,SANITATION_TOILETS,grievance,1
2026-08-01,5,SOLID_WASTE,grievance,1
2026-08-01,5,STRAY_ANIMALS,grievance,1
2026-08-01,5,TRAFFIC_OBSTRUCTION,police,5
2026-08-01,6,BUILDING_SAFETY,pwd,1
2026-08-01,6,CRIME_PROPERTY,police,1
2026-08-01,6,CRIME_VIOLENT,police,1
2026-08-01,6,DRAINAGE_SEWAGE,grievance,1
2026-08-01,6,DRAIN_WORKS_SAFETY,grievance,1
2026-08-01,6,PUBLIC_ORDER,police,1
2026-08-01,6,ROAD_ACCIDENT,police,1
2026-08-01,6,ROAD_DAMAGE,grievance,1
2026-08-01,6,VECTOR_DISEASE,grievance,1
2026-08-01,7,ADMIN_SERVICES,grievance,2
2026-08-01,7,CRIME_PROPERTY,police,2
2026-08-01,7,DRUGS_LIQUOR,police,2
2026-08-01,7,FLOOD_WATERLOGGING,grievance,1
2026-08-01,7,SOLID_WASTE,grievance,1
2026-08-01,7,STREETLIGHT_ELECTRICAL,grievance,1
2026-08-01,8,CRIME_PROPERTY,police,1
2026-08-01,8,DRAINAGE_SEWAGE,grievance,1
2026-08-01,8,ENCROACHMENT,grievance,3
2026-08-01,8,FLOOD_WATERLOGGING,grievance,2
2026-08-01,8,FLOOD_WATERLOGGING,police,1
2026-08-01,8,OTHER,grievance,1
2026-08-01,8,PUBLIC_ORDER,police,2
2026-08-01,8,ROAD_ACCIDENT,police,2
2026-08-01,8,ROAD_DAMAGE,grievance,2
2026-08-01,8,SOLID_WASTE,grievance,2
2026-08-01,8,TRAFFIC_OBSTRUCTION,police,2
2026-08-01,9,CRIME_VIOLENT,police,1
2026-08-01,9,FLOOD_WATERLOGGING,grievance,2
2026-08-01,9,MISSING_PERSON,police,1
2026-08-01,9,SOLID_WASTE,grievance,2
2026-08-01,9,STREETLIGHT_ELECTRICAL,grievance,1
2026-08-01,10,CRIME_PROPERTY,police,1
2026-08-01,10,DRAINAGE_SEWAGE,grievance,1
2026-08-01,10,DRAIN_WORKS_SAFETY,grievance,3
2026-08-01,10,FLOOD_WATERLOGGING,grievance,1
2026-08-01,10,PUBLIC_ORDER,police,1
2026-08-01,10,ROAD_ACCIDENT,police,1
2026-08-01,10,ROAD_DAMAGE,grievance,1
2026-08-01,10,SOLID_WASTE,grievance,2
2026-08-01,10,STREETLIGHT_ELECTRICAL,grievance,2
2026-08-01,10,TRAFFIC_OBSTRUCTION,police,1
2026-08-01,10,VECTOR_DISEASE,grievance,1
2026-08-01,11,CRIME_PROPERTY,police,1
2026-08-01,11,STREETLIGHT_ELECTRICAL,grievance,1
2026-08-01,12,CRIME_VIOLENT,police,1
2026-08-01,12,DARK_SPOT_SAFETY,grievance,1
2026-08-01,12,DRAINAGE_SEWAGE,grievance,1
2026-08-01,12,DRAIN_WORKS_SAFETY,grievance,1
2026-08-01,12,PUBLIC_WORKS,grievance,1
2026-08-01,12,SOLID_WASTE,grievance,1
2026-08-01,12,STREETLIGHT_ELECTRICAL,grievance,1
2026-08-01,12,TRAFFIC_OBSTRUCTION,police,1
2026-08-01,13,CRIME_PROPERTY,police,6
2026-08-01,13,DRAINAGE_SEWAGE,grievance,1
2026-08-01,13,DRAIN_WORKS_SAFETY,grievance,1
2026-08-01,13,FOOD_SAFETY,grievance,2
2026-08-01,13,MISSING_PERSON,police,1
2026-08-01,13,OTHER,grievance,1
2026-08-01,13,PUBLIC_ORDER,police,1
2026-08-01,13,ROAD_ACCIDENT,police,5
2026-08-01,13,ROAD_DAMAGE,grievance,1
2026-08-01,13,SOLID_WASTE,grievance,1
2026-08-01,13,STREETLIGHT_ELECTRICAL,grievance,1
2026-08-01,13,STREETLIGHT_ELECTRICAL,police,1
2026-08-01,14,CRIME_PROPERTY,police,5
2026-08-01,14,CRIME_VIOLENT,police,1
2026-08-01,14,FOOD_SAFETY,grievance,1
2026-08-01,14,SOLID_WASTE,grievance,2
2026-08-01,14,TRAFFIC_OBSTRUCTION,grievance,1
2026-08-01,14,TREES_PARKS,grievance,1
2026-08-01,15,CRIME_VIOLENT,police,2
2026-08-01,15,DRAINAGE_SEWAGE,pwd,1
2026-08-01,15,ENCROACHMENT,pwd,1
2026-08-01,15,HEALTH_SERVICES,grievance,1
2026-08-01,15,STREETLIGHT_ELECTRICAL,grievance,1
2026-08-01,,CRIME_PROPERTY,police,1
2026-08-01,,CRIME_VIOLENT,news,3
2026-08-01,,PUBLIC_ORDER,news,2
2026-08-01,,ROAD_ACCIDENT,police,1
2026-08-02,1,DARK_SPOT_SAFETY,grievance,1
2026-08-02,1,DRAINAGE_SEWAGE,grievance,1
2026-08-02,1,ROAD_ACCIDENT,police,1
2026-08-02,1,STREETLIGHT_ELECTRICAL,grievance,1
2026-08-02,1,TRAFFIC_OBSTRUCTION,police,1
2026-08-02,2,CRIME_PROPERTY,police,1
2026-08-02,2,DRUGS_LIQUOR,news,1
2026-08-02,2,STREETLIGHT_ELECTRICAL,grievance,1
2026-08-02,3,CRIME_PROPERTY,police,3
2026-08-02,3,CRIME_VIOLENT,police,1
2026-08-02,3,STREETLIGHT_ELECTRICAL,grievance,1
2026-08-02,4,BUILDING_SAFETY,pwd,1
2026-08-02,4,CRIME_PROPERTY,police,1
2026-08-02,4,DRAIN_WORKS_SAFETY,grievance,1
2026-08-02,4,FLOOD_WATERLOGGING,grievance,1
2026-08-02,4,HEALTH_SERVICES,grievance,1
2026-08-02,4,PUBLIC_WORKS,grievance,1
2026-08-02,4,ROAD_ACCIDENT,police,1
2026-08-02,5,ADMIN_SERVICES,grievance,1
2026-08-02,5,CRIME_PROPERTY,police,1
2026-08-02,5,DRAINAGE_SEWAGE,pwd,1
2026-08-02,5,DRUGS_LIQUOR,police,1
2026-08-02,5,HEALTH_SERVICES,hospital,1
2026-08-02,5,MISSING_PERSON,police,3
2026-08-02,5,PUBLIC_ORDER,police,3
2026-08-02,5,ROAD_ACCIDENT,police,3
2026-08-02,5,ROAD_DAMAGE,grievance,1
2026-08-02,5,STRAY_ANIMALS,grievance,1
2026-08-02,5,VECTOR_DISEASE,grievance,1
2026-08-02,6,ADMIN_SERVICES,grievance,1
2026-08-02,6,BUILDING_SAFETY,pwd,1
2026-08-02,6,CRIME_VIOLENT,police,2
2026-08-02,6,DRUGS_LIQUOR,police,1
2026-08-02,6,PUBLIC_ORDER,police,1
2026-08-02,6,ROAD_ACCIDENT,police,1
2026-08-02,6,STREETLIGHT_ELECTRICAL,grievance,1
2026-08-02,6,TREES_PARKS,grievance,1
2026-08-02,7,CRIME_PROPERTY,police,5
2026-08-02,7,CRIME_VIOLENT,police,2
2026-08-02,7,DARK_SPOT_SAFETY,grievance,1
2026-08-02,7,DRAIN_WORKS_SAFETY,grievance,1
2026-08-02,7,FLOOD_WATERLOGGING,grievance,1
2026-08-02,7,MISSING_PERSON,police,1
2026-08-02,7,OTHER,grievance,1
2026-08-02,7,SOLID_WASTE,grievance,3
2026-08-02,8,ADMIN_SERVICES,grievance,1
2026-08-02,8,CRIME_PROPERTY,police,5
2026-08-02,8,DRUGS_LIQUOR,police,1
2026-08-02,8,ENCROACHMENT,grievance,3
2026-08-02,8,MISSING_PERSON,police,2
2026-08-02,8,PUBLIC_ORDER,police,1
2026-08-02,8,ROAD_ACCIDENT,police,1
2026-08-02,8,ROAD_DAMAGE,grievance,1
2026-08-02,8,SOLID_WASTE,grievance,1
2026-08-02,8,TRAFFIC_OBSTRUCTION,police,2
2026-08-02,8,TREES_PARKS,grievance,1
2026-08-02,9,CRIME_PROPERTY,police,2
2026-08-02,9,CRIME_VIOLENT,police,1
2026-08-02,9,DRAINAGE_SEWAGE,pwd,1
2026-08-02,9,FLOOD_WATERLOGGING,grievance,1
2026-08-02,9,ROAD_ACCIDENT,police,1
2026-08-02,9,ROAD_DAMAGE,grievance,1
2026-08-02,9,SOLID_WASTE,grievance,4
2026-08-02,9,STREETLIGHT_ELECTRICAL,grievance,2
2026-08-02,9,TREES_PARKS,grievance,1
2026-08-02,9,VECTOR_DISEASE,grievance,1
2026-08-02,10,CRIME_PROPERTY,police,2
2026-08-02,10,CRIME_VIOLENT,police,2
2026-08-02,10,DRAINAGE_SEWAGE,grievance,1
2026-08-02,10,DRUGS_LIQUOR,police,1
2026-08-02,10,ENCROACHMENT,grievance,1
2026-08-02,10,FLOOD_WATERLOGGING,grievance,1
2026-08-02,10,HEALTH_SERVICES,grievance,1
2026-08-02,10,POLICE_OTHER,police,1
2026-08-02,10,PUBLIC_ORDER,police,1
2026-08-02,10,STREETLIGHT_ELECTRICAL,grievance,1
2026-08-02,11,DRUGS_LIQUOR,police,1
2026-08-02,11,OTHER,grievance,1
2026-08-02,11,SANITATION_TOILETS,grievance,1
2026-08-02,11,SOLID_WASTE,grievance,1
2026-08-02,12,DRUGS_LIQUOR,police,1
2026-08-02,13,CRIME_PROPERTY,police,3
2026-08-02,13,DRAINAGE_SEWAGE,grievance,1
2026-08-02,13,PUBLIC_ORDER,police,3
2026-08-02,13,ROAD_ACCIDENT,police,4
2026-08-02,13,SOLID_WASTE,grievance,1
2026-08-02,13,STRAY_ANIMALS,grievance,1
2026-08-02,13,TREES_PARKS,grievance,1
2026-08-02,14,CRIME_PROPERTY,police,1
2026-08-02,14,CRIME_VIOLENT,police,2
2026-08-02,14,ROAD_DAMAGE,grievance,1
2026-08-02,15,CRIME_PROPERTY,police,2
2026-08-02,15,SOLID_WASTE,grievance,1
2026-08-02,,CRIME_PROPERTY,news,1
2026-08-02,,CRIME_VIOLENT,news,1
2026-08-02,,PUBLIC_ORDER,news,2
2026-08-02,,ROAD_ACCIDENT,news,2
2026-08-02,,STRAY_ANIMALS,news,1
2026-08-02,,STREETLIGHT_ELECTRICAL,news,1
2026-08-02,,WATER_SUPPLY,news,1
2026-08-03,1,ADMIN_SERVICES,grievance,1
2026-08-03,1,AIR_POLLUTION,grievance,1
2026-08-03,1,CRIME_PROPERTY,police,2
2026-08-03,1,CRIME_VIOLENT,police,1
2026-08-03,1,ENCROACHMENT,pwd,1
2026-08-03,1,FLOOD_WATERLOGGING,pwd,1
2026-08-03,1,FOOD_SAFETY,grievance,1
2026-08-03,1,MISSING_PERSON,police,1
2026-08-03,1,STRAY_ANIMALS,police,1
2026-08-03,1,STREETLIGHT_ELECTRICAL,grievance,2
2026-08-03,1,TRAFFIC_OBSTRUCTION,grievance,1
2026-08-03,1,TRAFFIC_OBSTRUCTION,police,1
2026-08-03,2,DRAINAGE_SEWAGE,grievance,1
2026-08-03,2,SOLID_WASTE,grievance,1
2026-08-03,2,STREETLIGHT_ELECTRICAL,grievance,1
2026-08-03,3,ADMIN_SERVICES,grievance,1
2026-08-03,3,CRIME_PROPERTY,police,1
2026-08-03,3,DARK_SPOT_SAFETY,grievance,1
2026-08-03,3,DRAINAGE_SEWAGE,grievance,2
2026-08-03,3,OTHER,grievance,1
2026-08-03,3,ROAD_DAMAGE,grievance,1
2026-08-03,3,SOLID_WASTE,grievance,3
2026-08-03,3,STREETLIGHT_ELECTRICAL,grievance,1
2026-08-03,4,BUILDING_SAFETY,pwd,1
2026-08-03,4,CRIME_PROPERTY,police,2
2026-08-03,4,DRAINAGE_SEWAGE,grievance,1
2026-08-03,4,ROAD_DAMAGE,grievance,1
2026-08-03,4,SOLID_WASTE,grievance,3
2026-08-03,4,STRAY_ANIMALS,grievance,2
2026-08-03,5,ADMIN_SERVICES,grievance,1
2026-08-03,5,BUILDING_SAFETY,pwd,1
2026-08-03,5,CRIME_PROPERTY,police,2
2026-08-03,5,DRAINAGE_SEWAGE,grievance,2
2026-08-03,5,DRUGS_LIQUOR,police,1
2026-08-03,5,ENCROACHMENT,grievance,1
2026-08-03,5,FOOD_SAFETY,grievance,1
2026-08-03,5,HEALTH_SERVICES,grievance,1
2026-08-03,5,MISSING_PERSON,police,1
2026-08-03,5,PUBLIC_ORDER,police,2
2026-08-03,5,ROAD_DAMAGE,grievance,2
2026-08-03,5,SOLID_WASTE,grievance,1
2026-08-03,5,STRAY_ANIMALS,grievance,1
2026-08-03,5,STREETLIGHT_ELECTRICAL,grievance,1
2026-08-03,5,TREES_PARKS,grievance,1
2026-08-03,6,CRIME_VIOLENT,police,1
2026-08-03,6,DRAINAGE_SEWAGE,pwd,1
2026-08-03,6,DRAIN_WORKS_SAFETY,grievance,1
2026-08-03,6,ENCROACHMENT,pwd,1
2026-08-03,6,SANITATION_TOILETS,grievance,1
2026-08-03,6,SOLID_WASTE,grievance,1
2026-08-03,6,TREES_PARKS,grievance,1
2026-08-03,7,ADMIN_SERVICES,grievance,1
2026-08-03,7,CRIME_VIOLENT,police,1
2026-08-03,7,DRAINAGE_SEWAGE,grievance,1
2026-08-03,7,FOOD_SAFETY,grievance,1
2026-08-03,7,PUBLIC_ORDER,police,1
2026-08-03,7,ROAD_DAMAGE,grievance,1
2026-08-03,7,SOLID_WASTE,grievance,1
2026-08-03,7,TRAFFIC_OBSTRUCTION,grievance,2
2026-08-03,8,CRIME_PROPERTY,police,6
2026-08-03,8,CRIME_VIOLENT,police,1
2026-08-03,8,DRAIN_WORKS_SAFETY,grievance,1
2026-08-03,8,DRUGS_LIQUOR,police,1
2026-08-03,8,FLOOD_WATERLOGGING,police,1
2026-08-03,8,MISSING_PERSON,police,1
2026-08-03,8,OTHER,pwd,1
2026-08-03,8,PUBLIC_ORDER,police,1
2026-08-03,8,ROAD_ACCIDENT,police,1
2026-08-03,8,SOLID_WASTE,grievance,1
2026-08-03,8,STRAY_ANIMALS,grievance,1
2026-08-03,8,STREETLIGHT_ELECTRICAL,grievance,1
2026-08-03,8,TRAFFIC_OBSTRUCTION,police,1
2026-08-03,8,TREES_PARKS,grievance,2
2026-08-03,8,VECTOR_DISEASE,grievance,1
2026-08-03,9,BUILDING_SAFETY,pwd,1
2026-08-03,9,CRIME_PROPERTY,police,1
2026-08-03,9,DARK_SPOT_SAFETY,grievance,1
2026-08-03,9,DRAINAGE_SEWAGE,grievance,1
2026-08-03,9,FLOOD_RELIEF,grievance,1
2026-08-03,9,OTHER,pwd,1
2026-08-03,9,POLICE_OTHER,police,1
2026-08-03,9,PUBLIC_WORKS,grievance,1
2026-08-03,9,ROAD_ACCIDENT,police,3
2026-08-03,9,ROAD_DAMAGE,grievance,1
2026-08-03,9,ROAD_DAMAGE,pwd,2
2026-08-03,9,SANITATION_TOILETS,grievance,1
2026-08-03,9,VECTOR_DISEASE,grievance,1
2026-08-03,10,ADMIN_SERVICES,grievance,1
2026-08-03,10,CRIME_PROPERTY,police,2
2026-08-03,10,CRIME_VIOLENT,police,2
2026-08-03,10,DARK_SPOT_SAFETY,grievance,1
2026-08-03,10,DRAINAGE_SEWAGE,grievance,1
2026-08-03,10,ENCROACHMENT,grievance,1
2026-08-03,10,FLOOD_WATERLOGGING,grievance,1
2026-08-03,10,OTHER,grievance,1
2026-08-03,10,PUBLIC_ORDER,police,1
2026-08-03,10,ROAD_DAMAGE,grievance,1
2026-08-03,10,SOLID_WASTE,grievance,5
2026-08-03,10,STREETLIGHT_ELECTRICAL,grievance,1
2026-08-03,10,TRAFFIC_OBSTRUCTION,police,2
2026-08-03,10,VECTOR_DISEASE,grievance,1
2026-08-03,11,CRIME_PROPERTY,police,3
2026-08-03,11,CRIME_VIOLENT,police,1
2026-08-03,11,DRAINAGE_SEWAGE,grievance,1
2026-08-03,11,DRAIN_WORKS_SAFETY,grievance,2
2026-08-03,11,FLOOD_RELIEF,grievance,1
2026-08-03,11,SOLID_WASTE,grievance,1
2026-08-03,11,STREETLIGHT_ELECTRICAL,grievance,3
2026-08-03,11,TREES_PARKS,grievance,2
2026-08-03,11,VECTOR_DISEASE,grievance,1
2026-08-03,12,DRAINAGE_SEWAGE,grievance,1
2026-08-03,12,PUBLIC_ORDER,police,1
2026-08-03,12,SANITATION_TOILETS,grievance,1
2026-08-03,12,SOLID_WASTE,grievance,2
2026-08-03,13,BUILDING_SAFETY,pwd,1
2026-08-03,13,CRIME_PROPERTY,police,2
2026-08-03,13,DRAINAGE_SEWAGE,pwd,1
2026-08-03,13,DRUGS_LIQUOR,police,1
2026-08-03,13,ENCROACHMENT,pwd,1
2026-08-03,13,PUBLIC_ORDER,police,1
2026-08-03,13,ROAD_ACCIDENT,police,4
2026-08-03,13,SOLID_WASTE,grievance,3
2026-08-03,13,TRAFFIC_OBSTRUCTION,police,2
2026-08-03,14,CRIME_PROPERTY,police,2
2026-08-03,14,FLOOD_WATERLOGGING,police,3
2026-08-03,14,POLICE_OTHER,police,1
2026-08-03,14,PUBLIC_ORDER,police,1
2026-08-03,14,ROAD_DAMAGE,grievance,1
2026-08-03,14,SANITATION_TOILETS,grievance,1
2026-08-03,14,SOLID_WASTE,grievance,1
2026-08-03,15,BUILDING_SAFETY,pwd,2
2026-08-03,15,CRIME_PROPERTY,police,1
2026-08-03,15,CRIME_VIOLENT,police,1
2026-08-03,15,OTHER,grievance,1
2026-08-03,15,ROAD_ACCIDENT,police,1
2026-08-03,15,SOLID_WASTE,grievance,1
2026-08-03,,CRIME_PROPERTY,police,1
2026-08-03,,DRUGS_LIQUOR,police,1
2026-08-03,,FLOOD_WATERLOGGING,news,1
2026-08-03,,ROAD_ACCIDENT,news,1
2026-08-03,,SOLID_WASTE,news,1
2026-08-03,,STREETLIGHT_ELECTRICAL,news,1
2026-08-04,1,CRIME_PROPERTY,police,1
2026-08-04,1,DRAINAGE_SEWAGE,grievance,2
2026-08-04,1,DRAIN_WORKS_SAFETY,grievance,1
2026-08-04,1,MISSING_PERSON,police,1
2026-08-04,1,SOLID_WASTE,grievance,5
2026-08-04,1,STRAY_ANIMALS,grievance,1
2026-08-04,2,ADMIN_SERVICES,grievance,1
2026-08-04,2,DRAIN_WORKS_SAFETY,grievance,1
2026-08-04,2,FOOD_SAFETY,grievance,1
2026-08-04,2,PUBLIC_ORDER,police,1
2026-08-04,2,PUBLIC_WORKS,grievance,1
2026-08-04,3,CRIME_PROPERTY,police,1
2026-08-04,3,CRIME_VIOLENT,police,4
2026-08-04,3,FLOOD_WATERLOGGING,pwd,1
2026-08-04,3,ROAD_ACCIDENT,police,1
2026-08-04,3,SANITATION_TOILETS,grievance,2
2026-08-04,3,STREETLIGHT_ELECTRICAL,grievance,2
2026-08-04,3,TRAFFIC_OBSTRUCTION,police,1
2026-08-04,4,ADMIN_SERVICES,grievance,1
2026-08-04,4,BUILDING_SAFETY,pwd,1
2026-08-04,4,CRIME_PROPERTY,police,1
2026-08-04,4,CRIME_VIOLENT,police,2
2026-08-04,4,DRAIN_WORKS_SAFETY,grievance,1
2026-08-04,4,PUBLIC_ORDER,police,1
2026-08-04,4,PUBLIC_WORKS,grievance,1
2026-08-04,4,SANITATION_TOILETS,grievance,1
2026-08-04,4,SOLID_WASTE,grievance,1
2026-08-04,4,STREETLIGHT_ELECTRICAL,grievance,4
2026-08-04,5,CIVIC_FACILITIES,grievance,1
2026-08-04,5,CRIME_VIOLENT,police,2
2026-08-04,5,DARK_SPOT_SAFETY,grievance,1
2026-08-04,5,OTHER,grievance,1
2026-08-04,5,TRAFFIC_OBSTRUCTION,police,2
2026-08-04,5,TREES_PARKS,grievance,1
2026-08-04,5,WATER_SUPPLY,grievance,1
2026-08-04,6,BUILDING_SAFETY,pwd,1
2026-08-04,6,CRIME_PROPERTY,police,1
2026-08-04,6,DARK_SPOT_SAFETY,grievance,1
2026-08-04,6,DRAINAGE_SEWAGE,pwd,1
2026-08-04,6,ROAD_DAMAGE,grievance,1
2026-08-04,6,STREETLIGHT_ELECTRICAL,grievance,1
2026-08-04,6,TREES_PARKS,grievance,2
2026-08-04,6,VECTOR_DISEASE,grievance,1
2026-08-04,7,CRIME_PROPERTY,police,2
2026-08-04,7,ROAD_DAMAGE,grievance,1
2026-08-04,7,STREETLIGHT_ELECTRICAL,grievance,2
2026-08-04,8,CIVIC_FACILITIES,grievance,1
2026-08-04,8,CRIME_PROPERTY,police,1
2026-08-04,8,DARK_SPOT_SAFETY,grievance,2
2026-08-04,8,FLOOD_WATERLOGGING,grievance,3
2026-08-04,8,OTHER,grievance,2
2026-08-04,8,ROAD_ACCIDENT,police,1
2026-08-04,8,SOLID_WASTE,grievance,1
2026-08-04,8,STREETLIGHT_ELECTRICAL,grievance,2
2026-08-04,8,TRAFFIC_OBSTRUCTION,police,3
2026-08-04,8,VECTOR_DISEASE,grievance,1
2026-08-04,8,WATERBODY_INFRA,pwd,1
2026-08-04,9,BUILDING_SAFETY,pwd,1
2026-08-04,9,DRAINAGE_SEWAGE,pwd,3
2026-08-04,9,FLOOD_WATERLOGGING,grievance,1
2026-08-04,9,SOLID_WASTE,grievance,4
2026-08-04,9,TRAFFIC_OBSTRUCTION,police,2
2026-08-04,10,CRIME_PROPERTY,police,2
2026-08-04,10,DRAINAGE_SEWAGE,grievance,1
2026-08-04,10,DRAIN_WORKS_SAFETY,grievance,1
2026-08-04,10,PUBLIC_ORDER,police,1
2026-08-04,10,ROAD_ACCIDENT,police,1
2026-08-04,10,SANITATION_TOILETS,grievance,3
2026-08-04,10,STREETLIGHT_ELECTRICAL,grievance,2
2026-08-04,10,TRAFFIC_OBSTRUCTION,police,3
2026-08-04,11,ADMIN_SERVICES,grievance,1
2026-08-04,11,CRIME_PROPERTY,police,1
2026-08-04,11,CRIME_VIOLENT,news,1
2026-08-04,11,DRAIN_WORKS_SAFETY,grievance,1
2026-08-04,11,MISSING_PERSON,police,1
2026-08-04,11,ROAD_ACCIDENT,police,1
2026-08-04,11,SANITATION_TOILETS,grievance,1
2026-08-04,11,SOLID_WASTE,grievance,2
2026-08-04,11,STREETLIGHT_ELECTRICAL,grievance,3
2026-08-04,12,DRAINAGE_SEWAGE,grievance,1
2026-08-04,12,DRAINAGE_SEWAGE,pwd,1
2026-08-04,12,ROAD_ACCIDENT,police,1
2026-08-04,12,ROAD_DAMAGE,grievance,1
2026-08-04,12,SANITATION_TOILETS,grievance,2
2026-08-04,12,SOLID_WASTE,grievance,1
2026-08-04,12,TREES_PARKS,grievance,1
2026-08-04,12,WATERBODY_INFRA,pwd,1
2026-08-04,13,CRIME_VIOLENT,police,1
2026-08-04,13,OTHER,grievance,1
2026-08-04,13,SANITATION_TOILETS,grievance,1
2026-08-04,13,SOLID_WASTE,grievance,2
2026-08-04,13,STRAY_ANIMALS,grievance,1
2026-08-04,13,STREETLIGHT_ELECTRICAL,grievance,1
2026-08-04,13,TRAFFIC_OBSTRUCTION,police,1
2026-08-04,14,DRAIN_WORKS_SAFETY,grievance,1
2026-08-04,14,ROAD_DAMAGE,grievance,1
2026-08-04,15,ADMIN_SERVICES,grievance,1
2026-08-04,15,FLOOD_WATERLOGGING,grievance,1
2026-08-04,15,ROAD_ACCIDENT,news,1
2026-08-04,15,ROAD_ACCIDENT,police,2
2026-08-04,15,ROAD_DAMAGE,grievance,1
2026-08-04,,CRIME_PROPERTY,police,3
2026-08-04,,MISSING_PERSON,news,1
2026-08-04,,PUBLIC_ORDER,news,1
2026-08-05,1,CRIME_PROPERTY,police,1
2026-08-05,1,CRIME_VIOLENT,police,1
2026-08-05,1,ENCROACHMENT,grievance,1
2026-08-05,1,OTHER,grievance,1
2026-08-05,1,PUBLIC_ORDER,police,1
2026-08-05,1,ROAD_ACCIDENT,police,2
2026-08-05,1,SOLID_WASTE,grievance,2
2026-08-05,1,STREETLIGHT_ELECTRICAL,grievance,4
2026-08-05,1,TRAFFIC_OBSTRUCTION,police,4
2026-08-05,2,ADMIN_SERVICES,grievance,1
2026-08-05,2,PUBLIC_ORDER,police,1
2026-08-05,2,TRAFFIC_OBSTRUCTION,police,1
2026-08-05,3,CRIME_PROPERTY,police,1
2026-08-05,3,CRIME_VIOLENT,police,2
2026-08-05,3,SOLID_WASTE,grievance,3
2026-08-05,3,STREETLIGHT_ELECTRICAL,grievance,1
2026-08-05,3,TRAFFIC_OBSTRUCTION,police,2
2026-08-05,3,WATERBODY_INFRA,pwd,1
2026-08-05,4,ADMIN_SERVICES,grievance,1
2026-08-05,4,CIVIC_FACILITIES,grievance,1
2026-08-05,4,CRIME_PROPERTY,police,1
2026-08-05,4,CRIME_VIOLENT,police,1
2026-08-05,4,DARK_SPOT_SAFETY,grievance,3
2026-08-05,4,DRAINAGE_SEWAGE,grievance,1
2026-08-05,4,DRAIN_WORKS_SAFETY,grievance,2
2026-08-05,4,FLOOD_WATERLOGGING,grievance,1
2026-08-05,4,PUBLIC_ORDER,police,1
2026-08-05,4,SANITATION_TOILETS,grievance,2
2026-08-05,4,SOLID_WASTE,grievance,1
2026-08-05,4,STRAY_ANIMALS,grievance,1
2026-08-05,4,STREETLIGHT_ELECTRICAL,grievance,1
2026-08-05,4,TRAFFIC_OBSTRUCTION,police,2
2026-08-05,5,ADMIN_SERVICES,grievance,1
2026-08-05,5,BUILDING_SAFETY,pwd,2
2026-08-05,5,CIVIC_FACILITIES,grievance,1
2026-08-05,5,CRIME_VIOLENT,police,4
2026-08-05,5,DARK_SPOT_SAFETY,grievance,1
2026-08-05,5,DRAIN_WORKS_SAFETY,grievance,1
2026-08-05,5,DRUGS_LIQUOR,police,1
2026-08-05,5,MISSING_PERSON,police,5
2026-08-05,5,POLICE_OTHER,police,1
2026-08-05,5,PUBLIC_ORDER,police,2
2026-08-05,5,SANITATION_TOILETS,grievance,1
2026-08-05,5,SOLID_WASTE,grievance,2
2026-08-05,5,STREETLIGHT_ELECTRICAL,grievance,2
2026-08-05,6,ADMIN_SERVICES,grievance,2
2026-08-05,6,CRIME_PROPERTY,police,1
2026-08-05,6,CRIME_VIOLENT,police,1
2026-08-05,6,DARK_SPOT_SAFETY,grievance,1
2026-08-05,6,DRAINAGE_SEWAGE,grievance,1
2026-08-05,6,DRAINAGE_SEWAGE,pwd,1
2026-08-05,6,DRAIN_WORKS_SAFETY,grievance,1
2026-08-05,6,PUBLIC_ORDER,police,2
2026-08-05,6,SOLID_WASTE,grievance,2
2026-08-05,6,STRAY_ANIMALS,grievance,1
2026-08-05,6,TRAFFIC_OBSTRUCTION,police,1
2026-08-05,7,ADMIN_SERVICES,grievance,2
2026-08-05,7,CIVIC_FACILITIES,grievance,1
2026-08-05,7,CRIME_PROPERTY,police,1
2026-08-05,7,CRIME_VIOLENT,police,2
2026-08-05,7,DRAINAGE_SEWAGE,grievance,1
2026-08-05,7,DRUGS_LIQUOR,police,2
2026-08-05,7,ROAD_ACCIDENT,police,3
2026-08-05,7,ROAD_DAMAGE,grievance,1
2026-08-05,7,SOLID_WASTE,grievance,1
2026-08-05,7,STREETLIGHT_ELECTRICAL,grievance,1
2026-08-05,7,VECTOR_DISEASE,grievance,1
2026-08-05,8,ADMIN_SERVICES,grievance,1
2026-08-05,8,AIR_POLLUTION,grievance,1
2026-08-05,8,CIVIC_FACILITIES,grievance,1
2026-08-05,8,CRIME_PROPERTY,police,2
2026-08-05,8,CRIME_VIOLENT,police,1
2026-08-05,8,DARK_SPOT_SAFETY,grievance,2
2026-08-05,8,ENCROACHMENT,grievance,1
2026-08-05,8,FLOOD_WATERLOGGING,grievance,1
2026-08-05,8,POLICE_OTHER,police,1
2026-08-05,8,PUBLIC_ORDER,police,2
2026-08-05,8,ROAD_ACCIDENT,police,1
2026-08-05,8,SOLID_WASTE,grievance,2
2026-08-05,8,STRAY_ANIMALS,grievance,1
2026-08-05,8,STREETLIGHT_ELECTRICAL,grievance,3
2026-08-05,8,TREES_PARKS,grievance,1
2026-08-05,9,CRIME_PROPERTY,police,2
2026-08-05,9,CRIME_VIOLENT,police,2
2026-08-05,9,DARK_SPOT_SAFETY,grievance,1
2026-08-05,9,DRAINAGE_SEWAGE,grievance,1
2026-08-05,9,DRAINAGE_SEWAGE,pwd,1
2026-08-05,9,PUBLIC_ORDER,police,2
2026-08-05,9,ROAD_ACCIDENT,police,2
2026-08-05,9,SANITATION_TOILETS,grievance,1
2026-08-05,9,SOLID_WASTE,grievance,2
2026-08-05,9,STREETLIGHT_ELECTRICAL,grievance,1
2026-08-05,9,VECTOR_DISEASE,grievance,1
2026-08-05,10,CRIME_PROPERTY,police,2
2026-08-05,10,CRIME_VIOLENT,police,1
2026-08-05,10,FLOOD_WATERLOGGING,grievance,3
2026-08-05,10,MISSING_PERSON,police,2
2026-08-05,10,PUBLIC_ORDER,police,3
2026-08-05,10,SANITATION_TOILETS,grievance,1
2026-08-05,10,SOLID_WASTE,grievance,1
2026-08-05,10,STREETLIGHT_ELECTRICAL,grievance,2
2026-08-05,10,TRAFFIC_OBSTRUCTION,police,2
2026-08-05,11,CRIME_PROPERTY,police,1
2026-08-05,11,DRAINAGE_SEWAGE,grievance,1
2026-08-05,11,DRAIN_WORKS_SAFETY,grievance,1
2026-08-05,11,ENCROACHMENT,pwd,1
2026-08-05,11,FLOOD_WATERLOGGING,grievance,1
2026-08-05,11,FLOOD_WATERLOGGING,pwd,1
2026-08-05,11,OTHER,pwd,1
2026-08-05,11,SANITATION_TOILETS,grievance,1
2026-08-05,11,SOLID_WASTE,grievance,3
2026-08-05,12,CIVIC_FACILITIES,grievance,1
2026-08-05,12,CRIME_PROPERTY,police,2
2026-08-05,12,MISSING_PERSON,police,1
2026-08-05,12,ROAD_DAMAGE,grievance,1
2026-08-05,12,SOLID_WASTE,grievance,1
2026-08-05,13,ADMIN_SERVICES,grievance,1
2026-08-05,13,CRIME_PROPERTY,police,2
2026-08-05,13,FLOOD_WATERLOGGING,grievance,1
2026-08-05,13,MISSING_PERSON,police,1
2026-08-05,13,PUBLIC_ORDER,police,3
2026-08-05,13,SANITATION_TOILETS,grievance,2
2026-08-05,13,SOLID_WASTE,grievance,1
2026-08-05,13,TREES_PARKS,grievance,1
2026-08-05,14,ADMIN_SERVICES,grievance,1
2026-08-05,14,FLOOD_RELIEF,grievance,1
2026-08-05,14,OTHER,grievance,1
2026-08-05,14,ROAD_ACCIDENT,police,3
2026-08-05,14,ROAD_DAMAGE,grievance,1
2026-08-05,14,SOLID_WASTE,grievance,3
2026-08-05,15,CIVIC_FACILITIES,grievance,1
2026-08-05,15,CRIME_PROPERTY,police,1
2026-08-05,15,CRIME_VIOLENT,police,3
2026-08-05,15,DARK_SPOT_SAFETY,grievance,1
2026-08-05,15,DRAINAGE_SEWAGE,pwd,1
2026-08-05,15,PUBLIC_ORDER,police,1
2026-08-05,15,ROAD_DAMAGE,pwd,1
2026-08-05,,CRIME_VIOLENT,police,1
2026-08-05,,DRAINAGE_SEWAGE,news,1
2026-08-05,,STREETLIGHT_ELECTRICAL,news,1
2026-08-06,1,CRIME_PROPERTY,police,1
2026-08-06,1,CRIME_VIOLENT,police,1
2026-08-06,1,DRUGS_LIQUOR,police,1
2026-08-06,1,FOOD_SAFETY,grievance,1
2026-08-06,1,PUBLIC_ORDER,police,1
2026-08-06,1,ROAD_ACCIDENT,police,1
2026-08-06,1,SANITATION_TOILETS,grievance,1
2026-08-06,1,STREETLIGHT_ELECTRICAL,grievance,1
2026-08-06,2,DARK_SPOT_SAFETY,grievance,1
2026-08-06,3,CRIME_PROPERTY,police,3
2026-08-06,3,CRIME_VIOLENT,police,1
2026-08-06,3,SOLID_WASTE,grievance,1
2026-08-06,3,STREETLIGHT_ELECTRICAL,grievance,1
2026-08-06,4,CRIME_PROPERTY,police,1
2026-08-06,4,CRIME_VIOLENT,police,1
2026-08-06,4,DRAINAGE_SEWAGE,grievance,1
2026-08-06,4,DRAINAGE_SEWAGE,pwd,2
2026-08-06,4,ENCROACHMENT,grievance,1
2026-08-06,4,FLOOD_WATERLOGGING,grievance,1
2026-08-06,4,HEALTH_SERVICES,grievance,2
2026-08-06,4,PUBLIC_ORDER,police,1
2026-08-06,4,ROAD_ACCIDENT,police,3
2026-08-06,4,SANITATION_TOILETS,grievance,1
2026-08-06,4,SOLID_WASTE,grievance,3
2026-08-06,5,ADMIN_SERVICES,grievance,2
2026-08-06,5,CRIME_PROPERTY,police,1
2026-08-06,5,DRAINAGE_SEWAGE,grievance,1
2026-08-06,5,ENCROACHMENT,pwd,1
2026-08-06,5,PUBLIC_ORDER,police,4
2026-08-06,5,ROAD_ACCIDENT,police,2
2026-08-06,5,ROAD_DAMAGE,grievance,1
2026-08-06,5,SOLID_WASTE,grievance,2
2026-08-06,5,STREETLIGHT_ELECTRICAL,grievance,1
2026-08-06,5,TRAFFIC_OBSTRUCTION,police,3
2026-08-06,6,ADMIN_SERVICES,grievance,1
2026-08-06,6,CRIME_VIOLENT,police,3
2026-08-06,6,PUBLIC_ORDER,police,2
2026-08-06,6,ROAD_DAMAGE,grievance,1
2026-08-06,6,SOLID_WASTE,grievance,1
2026-08-06,6,STREETLIGHT_ELECTRICAL,grievance,1
2026-08-06,6,TRAFFIC_OBSTRUCTION,grievance,1
2026-08-06,7,ADMIN_SERVICES,grievance,1
2026-08-06,7,CRIME_PROPERTY,police,1
2026-08-06,7,DRAIN_WORKS_SAFETY,grievance,1
2026-08-06,7,DRUGS_LIQUOR,police,1
2026-08-06,7,ENCROACHMENT,pwd,3
2026-08-06,7,FLOOD_WATERLOGGING,grievance,1
2026-08-06,7,OTHER,grievance,2
2026-08-06,7,PUBLIC_ORDER,police,1
2026-08-06,7,ROAD_ACCIDENT,police,2
2026-08-06,7,ROAD_DAMAGE,grievance,1
2026-08-06,7,SOLID_WASTE,grievance,2
2026-08-06,7,STREETLIGHT_ELECTRICAL,grievance,1
2026-08-06,7,TRAFFIC_OBSTRUCTION,grievance,1
2026-08-06,7,WATERBODY_INFRA,pwd,1
2026-08-06,8,CIVIC_FACILITIES,grievance,2
2026-08-06,8,CRIME_PROPERTY,police,6
2026-08-06,8,DRAINAGE_SEWAGE,pwd,1
2026-08-06,8,FLOOD_WATERLOGGING,grievance,1
2026-08-06,8,ROAD_ACCIDENT,police,2
2026-08-06,8,ROAD_DAMAGE,grievance,1
2026-08-06,8,SOLID_WASTE,grievance,1
2026-08-06,8,TRAFFIC_OBSTRUCTION,police,1
2026-08-06,8,TREES_PARKS,grievance,1
2026-08-06,9,CRIME_VIOLENT,police,2
2026-08-06,9,DRAINAGE_SEWAGE,grievance,2
2026-08-06,9,ENCROACHMENT,pwd,2
2026-08-06,9,FLOOD_WATERLOGGING,grievance,2
2026-08-06,9,HEALTH_SERVICES,grievance,1
2026-08-06,9,ROAD_ACCIDENT,police,1
2026-08-06,9,ROAD_DAMAGE,grievance,1
2026-08-06,9,SANITATION_TOILETS,grievance,3
2026-08-06,9,SOLID_WASTE,grievance,5
2026-08-06,9,STRAY_ANIMALS,grievance,1
2026-08-06,10,BUILDING_SAFETY,pwd,1
2026-08-06,10,CRIME_PROPERTY,police,1
2026-08-06,10,DRUGS_LIQUOR,police,1
2026-08-06,10,ROAD_DAMAGE,grievance,3
2026-08-06,10,SOLID_WASTE,grievance,3
2026-08-06,10,STREETLIGHT_ELECTRICAL,grievance,1
2026-08-06,10,TREES_PARKS,grievance,1
2026-08-06,11,DRAIN_WORKS_SAFETY,grievance,1
2026-08-06,11,ENCROACHMENT,pwd,1
2026-08-06,11,OTHER,grievance,1
2026-08-06,11,ROAD_ACCIDENT,police,1
2026-08-06,11,SANITATION_TOILETS,grievance,1
2026-08-06,11,STREETLIGHT_ELECTRICAL,grievance,1
2026-08-06,12,CRIME_PROPERTY,police,4
2026-08-06,12,MISSING_PERSON,police,1
2026-08-06,12,SOLID_WASTE,grievance,1
2026-08-06,12,STREETLIGHT_ELECTRICAL,grievance,1
2026-08-06,12,TRAFFIC_OBSTRUCTION,police,2
2026-08-06,13,CRIME_PROPERTY,police,3
2026-08-06,13,DRAINAGE_SEWAGE,pwd,1
2026-08-06,13,DRUGS_LIQUOR,police,1
2026-08-06,13,PUBLIC_ORDER,police,2
2026-08-06,13,ROAD_ACCIDENT,police,1
2026-08-06,13,SANITATION_TOILETS,grievance,1
2026-08-06,13,SOLID_WASTE,grievance,4
2026-08-06,14,DRAIN_WORKS_SAFETY,grievance,2
2026-08-06,14,OTHER,grievance,1
2026-08-06,14,ROAD_ACCIDENT,police,3
2026-08-06,14,ROAD_DAMAGE,grievance,1
2026-08-06,14,SOLID_WASTE,grievance,2
2026-08-06,14,STRAY_ANIMALS,grievance,1
2026-08-06,15,BUILDING_SAFETY,pwd,1
2026-08-06,15,CRIME_PROPERTY,police,2
2026-08-06,15,CRIME_VIOLENT,police,1
2026-08-06,15,DRAINAGE_SEWAGE,pwd,2
2026-08-06,15,HEALTH_SERVICES,grievance,1
2026-08-06,15,ROAD_ACCIDENT,police,2
2026-08-06,15,SOLID_WASTE,grievance,1
2026-08-06,15,STREETLIGHT_ELECTRICAL,grievance,1
2026-08-06,,CRIME_PROPERTY,police,1
2026-08-06,,CRIME_VIOLENT,police,1
2026-08-06,,FLOOD_WATERLOGGING,police,1
2026-08-06,,STRAY_ANIMALS,news,1
2026-08-07,1,ADMIN_SERVICES,grievance,1
2026-08-07,1,CRIME_VIOLENT,police,4
2026-08-07,1,DRAINAGE_SEWAGE,grievance,1
2026-08-07,1,DRAINAGE_SEWAGE,pwd,1
2026-08-07,1,DRAIN_WORKS_SAFETY,grievance,1
2026-08-07,1,MISSING_PERSON,police,2
2026-08-07,1,ROAD_ACCIDENT,police,1
2026-08-07,1,SANITATION_TOILETS,grievance,1
2026-08-07,1,SOLID_WASTE,grievance,2
2026-08-07,1,STRAY_ANIMALS,grievance,1
2026-08-07,1,STREETLIGHT_ELECTRICAL,grievance,2
2026-08-07,2,ROAD_DAMAGE,grievance,1
2026-08-07,3,CRIME_PROPERTY,police,2
2026-08-07,3,CRIME_VIOLENT,police,1
2026-08-07,3,FLOOD_WATERLOGGING,pwd,1
2026-08-07,3,SOLID_WASTE,grievance,1
2026-08-07,3,TRAFFIC_OBSTRUCTION,police,1
2026-08-07,4,ADMIN_SERVICES,grievance,1
2026-08-07,4,CRIME_PROPERTY,police,1
2026-08-07,4,CRIME_VIOLENT,police,2
2026-08-07,4,DRAINAGE_SEWAGE,grievance,2
2026-08-07,4,DRAINAGE_SEWAGE,pwd,1
2026-08-07,4,ROAD_ACCIDENT,police,1
2026-08-07,4,SANITATION_TOILETS,grievance,1
2026-08-07,4,SOLID_WASTE,grievance,2
2026-08-07,5,BUILDING_SAFETY,pwd,1
2026-08-07,5,CRIME_PROPERTY,police,6
2026-08-07,5,CRIME_VIOLENT,police,2
2026-08-07,5,FLOOD_WATERLOGGING,grievance,1
2026-08-07,5,HEALTH_SERVICES,hospital,1
2026-08-07,5,PUBLIC_ORDER,police,2
2026-08-07,5,ROAD_ACCIDENT,police,2
2026-08-07,5,SOLID_WASTE,grievance,3
2026-08-07,5,STREETLIGHT_ELECTRICAL,grievance,1
2026-08-07,5,TRAFFIC_OBSTRUCTION,police,1
2026-08-07,5,TREES_PARKS,grievance,1
2026-08-07,5,VECTOR_DISEASE,grievance,2
2026-08-07,5,VECTOR_DISEASE,hospital,1
2026-08-07,6,CRIME_PROPERTY,police,5
2026-08-07,6,CRIME_VIOLENT,police,1
2026-08-07,6,DRAINAGE_SEWAGE,pwd,3
2026-08-07,6,DRUGS_LIQUOR,police,2
2026-08-07,6,FLOOD_WATERLOGGING,police,2
2026-08-07,6,PUBLIC_ORDER,police,1
2026-08-07,6,SOLID_WASTE,grievance,4
2026-08-07,6,STREETLIGHT_ELECTRICAL,grievance,1
2026-08-07,6,TREES_PARKS,grievance,1
2026-08-07,7,CRIME_PROPERTY,police,1
2026-08-07,7,CRIME_VIOLENT,police,2
2026-08-07,7,ENCROACHMENT,grievance,1
2026-08-07,7,FLOOD_WATERLOGGING,grievance,1
2026-08-07,7,FOOD_SAFETY,grievance,1
2026-08-07,7,MISSING_PERSON,police,1
2026-08-07,7,PUBLIC_ORDER,police,1
2026-08-07,7,ROAD_ACCIDENT,police,2
2026-08-07,7,SOLID_WASTE,grievance,1
2026-08-07,7,STREETLIGHT_ELECTRICAL,grievance,2
2026-08-07,7,TRAFFIC_OBSTRUCTION,grievance,1
2026-08-07,7,TRAFFIC_OBSTRUCTION,police,1
2026-08-07,8,BUILDING_SAFETY,pwd,1
2026-08-07,8,CRIME_PROPERTY,police,2
2026-08-07,8,CRIME_VIOLENT,police,1
2026-08-07,8,DARK_SPOT_SAFETY,grievance,1
2026-08-07,8,DRAINAGE_SEWAGE,pwd,2
2026-08-07,8,ENCROACHMENT,grievance,1
2026-08-07,8,ENCROACHMENT,pwd,1
2026-08-07,8,PUBLIC_ORDER,police,4
2026-08-07,8,SANITATION_TOILETS,grievance,1
2026-08-07,8,SOLID_WASTE,grievance,2
2026-08-07,8,STREETLIGHT_ELECTRICAL,grievance,1
2026-08-07,8,TRAFFIC_OBSTRUCTION,police,2
2026-08-07,9,BUILDING_SAFETY,police,1
2026-08-07,9,BUILDING_SAFETY,pwd,1
2026-08-07,9,CRIME_PROPERTY,police,2
2026-08-07,9,DRAINAGE_SEWAGE,grievance,1
2026-08-07,9,FLOOD_WATERLOGGING,grievance,3
2026-08-07,9,OTHER,grievance,1
2026-08-07,9,PUBLIC_ORDER,police,1
2026-08-07,9,ROAD_DAMAGE,grievance,1
2026-08-07,9,SANITATION_TOILETS,grievance,1
2026-08-07,9,SOLID_WASTE,grievance,2
2026-08-07,9,STRAY_ANIMALS,grievance,1
2026-08-07,9,TRAFFIC_OBSTRUCTION,police,1
2026-08-07,9,TREES_PARKS,grievance,1
2026-08-07,10,DARK_SPOT_SAFETY,grievance,1
2026-08-07,10,DRAINAGE_SEWAGE,pwd,1
2026-08-07,10,FLOOD_RELIEF,grievance,1
2026-08-07,10,SANITATION_TOILETS,grievance,1
2026-08-07,10,SOLID_WASTE,grievance,1
2026-08-07,10,TRAFFIC_OBSTRUCTION,police,1
2026-08-07,11,CRIME_PROPERTY,police,2
2026-08-07,11,ENCROACHMENT,pwd,1
2026-08-07,11,OTHER,grievance,2
2026-08-07,11,ROAD_ACCIDENT,police,1
2026-08-07,11,ROAD_DAMAGE,grievance,1
2026-08-07,11,SANITATION_TOILETS,grievance,1
2026-08-07,11,SOLID_WASTE,grievance,1
2026-08-07,12,FLOOD_RELIEF,grievance,1
2026-08-07,12,OTHER,grievance,1
2026-08-07,12,ROAD_DAMAGE,grievance,1
2026-08-07,12,STRAY_ANIMALS,grievance,1
2026-08-07,12,TREES_PARKS,grievance,1
2026-08-07,13,ADMIN_SERVICES,grievance,1
2026-08-07,13,CRIME_PROPERTY,police,3
2026-08-07,13,DARK_SPOT_SAFETY,grievance,1
2026-08-07,13,MISSING_PERSON,news,1
2026-08-07,13,ROAD_ACCIDENT,police,2
2026-08-07,13,ROAD_DAMAGE,grievance,1
2026-08-07,13,SANITATION_TOILETS,grievance,1
2026-08-07,13,SOLID_WASTE,grievance,7
2026-08-07,13,TRAFFIC_OBSTRUCTION,police,1
2026-08-07,14,DRAIN_WORKS_SAFETY,grievance,1
2026-08-07,14,FLOOD_WATERLOGGING,grievance,1
2026-08-07,14,OTHER,grievance,1
2026-08-07,14,PUBLIC_ORDER,police,1
2026-08-07,14,ROAD_ACCIDENT,police,1
2026-08-07,14,ROAD_DAMAGE,grievance,1
2026-08-07,14,SOLID_WASTE,grievance,1
2026-08-07,14,STRAY_ANIMALS,grievance,2
2026-08-07,15,STREETLIGHT_ELECTRICAL,grievance,1
2026-08-07,,CRIME_PROPERTY,police,1
2026-08-07,,DRUGS_LIQUOR,news,1
2026-08-08,1,CRIME_PROPERTY,police,1
2026-08-08,1,FLOOD_WATERLOGGING,grievance,1
2026-08-08,1,PUBLIC_WORKS,grievance,1
2026-08-08,1,ROAD_ACCIDENT,police,2
2026-08-08,1,STREETLIGHT_ELECTRICAL,grievance,1
2026-08-08,3,ADMIN_SERVICES,grievance,1
2026-08-08,3,CRIME_PROPERTY,police,1
2026-08-08,3,FLOOD_WATERLOGGING,police,3
2026-08-08,3,ROAD_ACCIDENT,police,2
2026-08-08,3,SOLID_WASTE,grievance,3
2026-08-08,3,STRAY_ANIMALS,grievance,1
2026-08-08,3,TREES_PARKS,grievance,1
2026-08-08,4,ADMIN_SERVICES,grievance,2
2026-08-08,4,CRIME_PROPERTY,police,1
2026-08-08,4,HEALTH_SERVICES,grievance,1
2026-08-08,4,SOLID_WASTE,grievance,3
2026-08-08,4,STREETLIGHT_ELECTRICAL,grievance,1
2026-08-08,5,CRIME_PROPERTY,police,5
2026-08-08,5,FLOOD_WATERLOGGING,grievance,1
2026-08-08,5,FOOD_SAFETY,grievance,1
2026-08-08,5,PUBLIC_ORDER,police,2
2026-08-08,5,SANITATION_TOILETS,grievance,1
2026-08-08,5,SOLID_WASTE,grievance,1
2026-08-08,5,STREETLIGHT_ELECTRICAL,grievance,1
2026-08-08,6,CRIME_PROPERTY,police,3
2026-08-08,6,CRIME_VIOLENT,police,1
2026-08-08,6,DRAIN_WORKS_SAFETY,grievance,3
2026-08-08,6,MISSING_PERSON,police,1
2026-08-08,6,OTHER,grievance,1
2026-08-08,6,ROAD_ACCIDENT,police,3
2026-08-08,6,ROAD_DAMAGE,grievance,2
2026-08-08,6,SANITATION_TOILETS,grievance,2
2026-08-08,6,SOLID_WASTE,grievance,2
2026-08-08,6,STREETLIGHT_ELECTRICAL,grievance,1
2026-08-08,7,ADMIN_SERVICES,grievance,1
2026-08-08,7,AIR_POLLUTION,grievance,1
2026-08-08,7,CRIME_PROPERTY,police,1
2026-08-08,7,CRIME_VIOLENT,police,1
2026-08-08,7,ENCROACHMENT,pwd,1
2026-08-08,7,FLOOD_WATERLOGGING,grievance,1
2026-08-08,7,PUBLIC_ORDER,police,1
2026-08-08,7,ROAD_DAMAGE,grievance,2
2026-08-08,7,SANITATION_TOILETS,grievance,1
2026-08-08,7,SOLID_WASTE,grievance,4
2026-08-08,7,TRAFFIC_OBSTRUCTION,grievance,1
2026-08-08,8,CRIME_PROPERTY,police,2
2026-08-08,8,DRUGS_LIQUOR,police,1
2026-08-08,8,PUBLIC_ORDER,police,1
2026-08-08,8,ROAD_DAMAGE,grievance,1
2026-08-08,8,SOLID_WASTE,grievance,2
2026-08-08,8,STRAY_ANIMALS,grievance,2
2026-08-08,8,STREETLIGHT_ELECTRICAL,grievance,1
2026-08-08,8,TRAFFIC_OBSTRUCTION,police,3
2026-08-08,8,WATERBODY_INFRA,pwd,1
2026-08-08,9,ADMIN_SERVICES,grievance,1
2026-08-08,9,CIVIC_FACILITIES,grievance,1
2026-08-08,9,DRAINAGE_SEWAGE,grievance,1
2026-08-08,9,DRUGS_LIQUOR,police,1
2026-08-08,9,FLOOD_WATERLOGGING,grievance,2
2026-08-08,9,FLOOD_WATERLOGGING,news,1
2026-08-08,9,FLOOD_WATERLOGGING,pwd,1
2026-08-08,9,PUBLIC_ORDER,police,1
2026-08-08,9,ROAD_ACCIDENT,police,1
2026-08-08,9,ROAD_DAMAGE,pwd,1
2026-08-08,9,SANITATION_TOILETS,grievance,1
2026-08-08,9,STREETLIGHT_ELECTRICAL,grievance,1
2026-08-08,9,TREES_PARKS,grievance,1
2026-08-08,10,CRIME_PROPERTY,police,4
2026-08-08,10,DRAINAGE_SEWAGE,grievance,1
2026-08-08,10,DRAIN_WORKS_SAFETY,grievance,2
2026-08-08,10,MISSING_PERSON,police,1
2026-08-08,10,OTHER,grievance,1
2026-08-08,10,PUBLIC_ORDER,police,1
2026-08-08,10,ROAD_ACCIDENT,police,3
2026-08-08,10,ROAD_DAMAGE,grievance,1
2026-08-08,10,SANITATION_TOILETS,grievance,1
2026-08-08,10,SOLID_WASTE,grievance,2
2026-08-08,10,STRAY_ANIMALS,police,1
2026-08-08,10,TRAFFIC_OBSTRUCTION,police,1
2026-08-08,10,TREES_PARKS,grievance,1
2026-08-08,10,VECTOR_DISEASE,grievance,1
2026-08-08,11,CIVIC_FACILITIES,grievance,1
2026-08-08,11,CRIME_PROPERTY,police,5
2026-08-08,11,CRIME_VIOLENT,police,1
2026-08-08,11,DRAINAGE_SEWAGE,grievance,1
2026-08-08,11,ENCROACHMENT,pwd,1
2026-08-08,11,PUBLIC_ORDER,police,1
2026-08-08,11,SOLID_WASTE,grievance,4
2026-08-08,12,CIVIC_FACILITIES,grievance,1
2026-08-08,12,CRIME_VIOLENT,police,2
2026-08-08,12,FLOOD_WATERLOGGING,pwd,1
2026-08-08,12,SOLID_WASTE,grievance,3
2026-08-08,12,STREETLIGHT_ELECTRICAL,grievance,2
2026-08-08,12,WATERBODY_INFRA,pwd,1
2026-08-08,13,ADMIN_SERVICES,grievance,1
2026-08-08,13,CRIME_PROPERTY,police,5
2026-08-08,13,OTHER,grievance,1
2026-08-08,13,PUBLIC_ORDER,police,1
2026-08-08,13,ROAD_ACCIDENT,police,3
2026-08-08,13,ROAD_DAMAGE,grievance,2
2026-08-08,13,SANITATION_TOILETS,grievance,1
2026-08-08,13,TRAFFIC_OBSTRUCTION,police,1
2026-08-08,13,WATERBODY_INFRA,pwd,1
2026-08-08,14,CRIME_VIOLENT,police,1
2026-08-08,14,DRAIN_WORKS_SAFETY,grievance,2
2026-08-08,14,ROAD_DAMAGE,grievance,1
2026-08-08,14,SOLID_WASTE,grievance,2
2026-08-08,15,CRIME_PROPERTY,police,1
2026-08-08,15,CRIME_VIOLENT,police,1
2026-08-08,15,HEALTH_SERVICES,grievance,1
2026-08-08,15,POLICE_OTHER,police,1
2026-08-08,15,PUBLIC_ORDER,police,2
2026-08-08,15,ROAD_ACCIDENT,police,1
2026-08-08,,CRIME_VIOLENT,news,1
2026-08-09,1,DRAINAGE_SEWAGE,grievance,2
2026-08-09,1,FLOOD_RELIEF,grievance,1
2026-08-09,1,FLOOD_WATERLOGGING,grievance,1
2026-08-09,1,FLOOD_WATERLOGGING,police,1
2026-08-09,1,FLOOD_WATERLOGGING,pwd,8
2026-08-09,1,ROAD_ACCIDENT,police,1
2026-08-09,1,ROAD_DAMAGE,pwd,1
2026-08-09,1,SOLID_WASTE,grievance,1
2026-08-09,1,TRAFFIC_OBSTRUCTION,police,3
2026-08-09,1,TREES_PARKS,grievance,2
2026-08-09,2,CRIME_VIOLENT,police,1
2026-08-09,2,ROAD_ACCIDENT,police,3
2026-08-09,2,TRAFFIC_OBSTRUCTION,police,1
2026-08-09,3,ADMIN_SERVICES,grievance,2
2026-08-09,3,DRAIN_WORKS_SAFETY,grievance,1
2026-08-09,3,FLOOD_WATERLOGGING,police,1
2026-08-09,3,FLOOD_WATERLOGGING,pwd,1
2026-08-09,3,MISSING_PERSON,police,1
2026-08-09,3,POLICE_OTHER,police,2
2026-08-09,3,PUBLIC_ORDER,police,1
2026-08-09,3,ROAD_ACCIDENT,police,2
2026-08-09,4,AIR_POLLUTION,grievance,2
2026-08-09,4,CRIME_VIOLENT,police,2
2026-08-09,4,DARK_SPOT_SAFETY,grievance,1
2026-08-09,4,DRAINAGE_SEWAGE,grievance,3
2026-08-09,4,DRAINAGE_SEWAGE,pwd,2
2026-08-09,4,DRAIN_WORKS_SAFETY,grievance,3
2026-08-09,4,FLOOD_WATERLOGGING,grievance,1
2026-08-09,4,FLOOD_WATERLOGGING,pwd,2
2026-08-09,4,OTHER,grievance,1
2026-08-09,4,PUBLIC_ORDER,police,1
2026-08-09,4,ROAD_DAMAGE,grievance,1
2026-08-09,4,SANITATION_TOILETS,grievance,1
2026-08-09,4,SOLID_WASTE,grievance,2
2026-08-09,4,TRAFFIC_OBSTRUCTION,police,2
2026-08-09,5,AIR_POLLUTION,grievance,1
2026-08-09,5,CRIME_PROPERTY,police,3
2026-08-09,5,CRIME_VIOLENT,police,2
2026-08-09,5,DRAINAGE_SEWAGE,grievance,3
2026-08-09,5,DRAIN_WORKS_SAFETY,grievance,1
2026-08-09,5,FLOOD_WATERLOGGING,grievance,9
2026-08-09,5,FLOOD_WATERLOGGING,police,6
2026-08-09,5,FLOOD_WATERLOGGING,pwd,3
2026-08-09,5,PUBLIC_ORDER,police,3
2026-08-09,5,ROAD_ACCIDENT,police,4
2026-08-09,5,ROAD_DAMAGE,grievance,1
2026-08-09,5,TRAFFIC_OBSTRUCTION,police,3
2026-08-09,5,VECTOR_DISEASE,hospital,1
2026-08-09,5,WATERBODY_INFRA,pwd,1
2026-08-09,6,ADMIN_SERVICES,grievance,1
2026-08-09,6,BUILDING_SAFETY,pwd,1
2026-08-09,6,CRIME_PROPERTY,police,5
2026-08-09,6,DRAINAGE_SEWAGE,grievance,1
2026-08-09,6,FLOOD_WATERLOGGING,police,2
2026-08-09,6,FLOOD_WATERLOGGING,pwd,4
2026-08-09,6,ROAD_ACCIDENT,police,2
2026-08-09,6,SOLID_WASTE,grievance,1
2026-08-09,6,TRAFFIC_OBSTRUCTION,police,2
2026-08-09,6,VECTOR_DISEASE,grievance,1
2026-08-09,7,DRAINAGE_SEWAGE,grievance,1
2026-08-09,7,DRAINAGE_SEWAGE,pwd,1
2026-08-09,7,FLOOD_WATERLOGGING,grievance,1
2026-08-09,7,FLOOD_WATERLOGGING,police,2
2026-08-09,7,FLOOD_WATERLOGGING,pwd,4
2026-08-09,7,FOOD_SAFETY,grievance,1
2026-08-09,7,ROAD_ACCIDENT,police,2
2026-08-09,7,ROAD_DAMAGE,grievance,1
2026-08-09,7,WATERBODY_INFRA,pwd,3
2026-08-09,8,BUILDING_SAFETY,pwd,2
2026-08-09,8,CRIME_VIOLENT,police,1
2026-08-09,8,ENCROACHMENT,grievance,1
2026-08-09,8,FLOOD_WATERLOGGING,grievance,1
2026-08-09,8,FLOOD_WATERLOGGING,police,2
2026-08-09,8,FLOOD_WATERLOGGING,pwd,5
2026-08-09,8,ROAD_ACCIDENT,police,6
2026-08-09,8,SOLID_WASTE,grievance,1
2026-08-09,8,STREETLIGHT_ELECTRICAL,grievance,1
2026-08-09,9,CRIME_VIOLENT,police,2
2026-08-09,9,DARK_SPOT_SAFETY,grievance,1
2026-08-09,9,DRAINAGE_SEWAGE,grievance,3
2026-08-09,9,DRAINAGE_SEWAGE,pwd,1
2026-08-09,9,DRAIN_WORKS_SAFETY,grievance,3
2026-08-09,9,FLOOD_WATERLOGGING,grievance,2
2026-08-09,9,FLOOD_WATERLOGGING,police,1
2026-08-09,9,FLOOD_WATERLOGGING,pwd,1
2026-08-09,9,PUBLIC_ORDER,police,1
2026-08-09,9,PUBLIC_WORKS,grievance,1
2026-08-09,9,ROAD_ACCIDENT,police,1
2026-08-09,9,SANITATION_TOILETS,grievance,1
2026-08-09,9,SOLID_WASTE,grievance,2
2026-08-09,9,STREETLIGHT_ELECTRICAL,grievance,3
2026-08-09,9,TREES_PARKS,grievance,1
2026-08-09,10,ADMIN_SERVICES,grievance,1
2026-08-09,10,BUILDING_SAFETY,pwd,1
2026-08-09,10,CRIME_PROPERTY,police,2
2026-08-09,10,CRIME_VIOLENT,police,1
2026-08-09,10,DRAINAGE_SEWAGE,grievance,1
2026-08-09,10,FLOOD_WATERLOGGING,grievance,4
2026-08-09,10,FLOOD_WATERLOGGING,police,2
2026-08-09,10,FLOOD_WATERLOGGING,pwd,1
2026-08-09,10,MISSING_PERSON,police,1
2026-08-09,10,ROAD_ACCIDENT,police,1
2026-08-09,10,SOLID_WASTE,grievance,2
2026-08-09,10,STREETLIGHT_ELECTRICAL,grievance,3
2026-08-09,10,TRAFFIC_OBSTRUCTION,police,2
2026-08-09,10,TREES_PARKS,grievance,2
2026-08-09,11,BUILDING_SAFETY,pwd,1
2026-08-09,11,CRIME_PROPERTY,police,2
2026-08-09,11,DRAINAGE_SEWAGE,grievance,3
2026-08-09,11,FLOOD_WATERLOGGING,grievance,1
2026-08-09,11,FLOOD_WATERLOGGING,police,2
2026-08-09,11,OTHER,grievance,1
2026-08-09,11,SOLID_WASTE,grievance,1
2026-08-09,11,STREETLIGHT_ELECTRICAL,grievance,5
2026-08-09,12,ADMIN_SERVICES,grievance,1
2026-08-09,12,DRAINAGE_SEWAGE,grievance,1
2026-08-09,12,FLOOD_WATERLOGGING,grievance,1
2026-08-09,12,FLOOD_WATERLOGGING,police,2
2026-08-09,12,PUBLIC_ORDER,police,2
2026-08-09,12,STREETLIGHT_ELECTRICAL,grievance,1
2026-08-09,12,WATERBODY_INFRA,pwd,2
2026-08-09,13,BUILDING_SAFETY,pwd,1
2026-08-09,13,CRIME_PROPERTY,police,5
2026-08-09,13,DRAINAGE_SEWAGE,grievance,3
2026-08-09,13,DRAINAGE_SEWAGE,pwd,2
2026-08-09,13,FLOOD_WATERLOGGING,grievance,4
2026-08-09,13,FLOOD_WATERLOGGING,police,7
2026-08-09,13,FLOOD_WATERLOGGING,pwd,6
2026-08-09,13,ROAD_ACCIDENT,police,3
2026-08-09,13,SOLID_WASTE,grievance,1
2026-08-09,13,TRAFFIC_OBSTRUCTION,police,5
2026-08-09,13,WATERBODY_INFRA,pwd,1
2026-08-09,14,DRAIN_WORKS_SAFETY,grievance,2
2026-08-09,14,FLOOD_WATERLOGGING,grievance,1
2026-08-09,14,FLOOD_WATERLOGGING,police,3
2026-08-09,14,FLOOD_WATERLOGGING,pwd,5
2026-08-09,14,SOLID_WASTE,grievance,1
2026-08-09,15,ADMIN_SERVICES,grievance,1
2026-08-09,15,CRIME_PROPERTY,police,2
2026-08-09,15,DRAINAGE_SEWAGE,grievance,1
2026-08-09,15,DRAIN_WORKS_SAFETY,grievance,2
2026-08-09,15,FLOOD_WATERLOGGING,grievance,5
2026-08-09,15,FLOOD_WATERLOGGING,police,1
2026-08-09,15,FLOOD_WATERLOGGING,pwd,1
2026-08-09,,ROAD_DAMAGE,news,1
2026-08-09,,TRAFFIC_OBSTRUCTION,police,1
2026-08-09,,WATER_SUPPLY,news,1
2026-08-10,1,CRIME_PROPERTY,police,1
2026-08-10,1,FLOOD_WATERLOGGING,pwd,1
2026-08-10,1,FOOD_SAFETY,grievance,1
2026-08-10,1,SOLID_WASTE,grievance,3
2026-08-10,1,STREETLIGHT_ELECTRICAL,grievance,2
2026-08-10,2,CRIME_VIOLENT,police,1
2026-08-10,2,FOOD_SAFETY,grievance,1
2026-08-10,2,OTHER,grievance,1
2026-08-10,2,PUBLIC_WORKS,grievance,1
2026-08-10,2,SOLID_WASTE,grievance,1
2026-08-10,2,TREES_PARKS,grievance,1
2026-08-10,3,DRAINAGE_SEWAGE,grievance,1
2026-08-10,3,DRAINAGE_SEWAGE,pwd,1
2026-08-10,3,DRAIN_WORKS_SAFETY,grievance,1
2026-08-10,3,FLOOD_WATERLOGGING,grievance,1
2026-08-10,3,FLOOD_WATERLOGGING,pwd,1
2026-08-10,3,FOOD_SAFETY,grievance,1
2026-08-10,3,HEALTH_SERVICES,grievance,1
2026-08-10,3,PUBLIC_WORKS,grievance,1
2026-08-10,3,TRAFFIC_OBSTRUCTION,police,1
2026-08-10,4,CRIME_PROPERTY,police,5
2026-08-10,4,DARK_SPOT_SAFETY,grievance,1
2026-08-10,4,DRAINAGE_SEWAGE,grievance,2
2026-08-10,4,DRAIN_WORKS_SAFETY,grievance,1
2026-08-10,4,FLOOD_RELIEF,grievance,1
2026-08-10,4,FLOOD_WATERLOGGING,grievance,1
2026-08-10,4,FLOOD_WATERLOGGING,police,1
2026-08-10,4,FLOOD_WATERLOGGING,pwd,3
2026-08-10,4,POLICE_OTHER,police,1
2026-08-10,4,PUBLIC_ORDER,police,1
2026-08-10,4,SANITATION_TOILETS,grievance,1
2026-08-10,4,SOLID_WASTE,grievance,3
2026-08-10,4,STREETLIGHT_ELECTRICAL,grievance,5
2026-08-10,4,TRAFFIC_OBSTRUCTION,grievance,1
2026-08-10,4,TREES_PARKS,grievance,1
2026-08-10,5,BUILDING_SAFETY,pwd,3
2026-08-10,5,CRIME_VIOLENT,police,2
2026-08-10,5,DRAINAGE_SEWAGE,grievance,3
2026-08-10,5,DRAINAGE_SEWAGE,pwd,1
2026-08-10,5,DRAIN_WORKS_SAFETY,grievance,1
2026-08-10,5,FLOOD_WATERLOGGING,grievance,1
2026-08-10,5,FLOOD_WATERLOGGING,police,9
2026-08-10,5,FLOOD_WATERLOGGING,pwd,2
2026-08-10,5,PUBLIC_ORDER,police,2
2026-08-10,5,SANITATION_TOILETS,grievance,2
2026-08-10,5,SOLID_WASTE,grievance,7
2026-08-10,5,STREETLIGHT_ELECTRICAL,grievance,6
2026-08-10,5,STREETLIGHT_ELECTRICAL,police,1
2026-08-10,5,TRAFFIC_OBSTRUCTION,police,2
2026-08-10,5,VECTOR_DISEASE,hospital,1
2026-08-10,6,BUILDING_SAFETY,pwd,2
2026-08-10,6,CRIME_PROPERTY,police,1
2026-08-10,6,DARK_SPOT_SAFETY,grievance,1
2026-08-10,6,DRAINAGE_SEWAGE,pwd,1
2026-08-10,6,FLOOD_WATERLOGGING,grievance,2
2026-08-10,6,FLOOD_WATERLOGGING,police,2
2026-08-10,6,FLOOD_WATERLOGGING,pwd,7
2026-08-10,6,ROAD_DAMAGE,grievance,2
2026-08-10,6,ROAD_DAMAGE,pwd,1
2026-08-10,6,SOLID_WASTE,grievance,5
2026-08-10,6,TRAFFIC_OBSTRUCTION,police,1
2026-08-10,7,ADMIN_SERVICES,grievance,1
2026-08-10,7,CRIME_PROPERTY,police,1
2026-08-10,7,DRAINAGE_SEWAGE,grievance,1
2026-08-10,7,DRAIN_WORKS_SAFETY,grievance,1
2026-08-10,7,FLOOD_WATERLOGGING,grievance,1
2026-08-10,7,FLOOD_WATERLOGGING,pwd,1
2026-08-10,7,OTHER,grievance,1
2026-08-10,7,ROAD_ACCIDENT,police,1
2026-08-10,7,SANITATION_TOILETS,grievance,1
2026-08-10,7,SOLID_WASTE,grievance,1
2026-08-10,7,STREETLIGHT_ELECTRICAL,grievance,1
2026-08-10,7,TRAFFIC_OBSTRUCTION,police,1
2026-08-10,8,BUILDING_SAFETY,pwd,1
2026-08-10,8,CRIME_PROPERTY,police,1
2026-08-10,8,DRAINAGE_SEWAGE,pwd,3
2026-08-10,8,FLOOD_WATERLOGGING,grievance,3
2026-08-10,8,FLOOD_WATERLOGGING,police,1
2026-08-10,8,FLOOD_WATERLOGGING,pwd,5
2026-08-10,8,MISSING_PERSON,police,1
2026-08-10,8,ROAD_ACCIDENT,police,3
2026-08-10,8,SANITATION_TOILETS,grievance,1
2026-08-10,8,SOLID_WASTE,grievance,3
2026-08-10,8,TRAFFIC_OBSTRUCTION,police,2
2026-08-10,8,TREES_PARKS,grievance,2
2026-08-10,9,DARK_SPOT_SAFETY,grievance,2
2026-08-10,9,DRAINAGE_SEWAGE,grievance,5
2026-08-10,9,DRAINAGE_SEWAGE,pwd,1
2026-08-10,9,DRAIN_WORKS_SAFETY,grievance,2
2026-08-10,9,FLOOD_WATERLOGGING,grievance,6
2026-08-10,9,FLOOD_WATERLOGGING,police,2
2026-08-10,9,FLOOD_WATERLOGGING,pwd,8
2026-08-10,9,POLICE_OTHER,police,3
2026-08-10,9,ROAD_ACCIDENT,police,1
2026-08-10,9,ROAD_DAMAGE,grievance,1
2026-08-10,9,SANITATION_TOILETS,grievance,1
2026-08-10,9,SOLID_WASTE,grievance,2
2026-08-10,9,STREETLIGHT_ELECTRICAL,grievance,3
2026-08-10,9,TRAFFIC_OBSTRUCTION,police,3
2026-08-10,9,TREES_PARKS,grievance,1
2026-08-10,10,ADMIN_SERVICES,grievance,1
2026-08-10,10,CRIME_VIOLENT,police,1
2026-08-10,10,DRAINAGE_SEWAGE,grievance,3
2026-08-10,10,DRAINAGE_SEWAGE,pwd,2
2026-08-10,10,DRAIN_WORKS_SAFETY,grievance,1
2026-08-10,10,FLOOD_RELIEF,grievance,1
2026-08-10,10,FLOOD_WATERLOGGING,grievance,9
2026-08-10,10,FLOOD_WATERLOGGING,police,1
2026-08-10,10,FLOOD_WATERLOGGING,pwd,1
2026-08-10,10,ROAD_ACCIDENT,police,6
2026-08-10,10,SANITATION_TOILETS,grievance,1
2026-08-10,10,SOLID_WASTE,grievance,2
2026-08-10,10,STREETLIGHT_ELECTRICAL,grievance,1
2026-08-10,11,DRAINAGE_SEWAGE,grievance,1
2026-08-10,11,DRUGS_LIQUOR,police,1
2026-08-10,11,FLOOD_WATERLOGGING,grievance,2
2026-08-10,11,FLOOD_WATERLOGGING,police,1
2026-08-10,11,FLOOD_WATERLOGGING,pwd,1
2026-08-10,11,OTHER,grievance,1
2026-08-10,11,ROAD_ACCIDENT,police,1
2026-08-10,11,SOLID_WASTE,grievance,2
2026-08-10,11,STREETLIGHT_ELECTRICAL,grievance,2
2026-08-10,12,BUILDING_SAFETY,pwd,1
2026-08-10,12,DRAINAGE_SEWAGE,grievance,1
2026-08-10,12,DRAIN_WORKS_SAFETY,grievance,1
2026-08-10,12,ENCROACHMENT,pwd,1
2026-08-10,12,FLOOD_RELIEF,grievance,1
2026-08-10,12,FLOOD_WATERLOGGING,pwd,1
2026-08-10,12,SOLID_WASTE,grievance,1
2026-08-10,12,STREETLIGHT_ELECTRICAL,grievance,1
2026-08-10,13,ADMIN_SERVICES,grievance,1
2026-08-10,13,BUILDING_SAFETY,pwd,3
2026-08-10,13,CRIME_PROPERTY,police,3
2026-08-10,13,DARK_SPOT_SAFETY,grievance,1
2026-08-10,13,DRAINAGE_SEWAGE,grievance,1
2026-08-10,13,ENCROACHMENT,grievance,1
2026-08-10,13,FLOOD_WATERLOGGING,grievance,1
2026-08-10,13,FLOOD_WATERLOGGING,police,3
2026-08-10,13,FLOOD_WATERLOGGING,pwd,2
2026-08-10,13,MISSING_PERSON,police,2
2026-08-10,13,ROAD_ACCIDENT,news,1
2026-08-10,13,ROAD_ACCIDENT,police,1
2026-08-10,13,SOLID_WASTE,grievance,2
2026-08-10,13,STREETLIGHT_ELECTRICAL,grievance,3
2026-08-10,13,TRAFFIC_OBSTRUCTION,police,1
2026-08-10,13,TREES_PARKS,grievance,1
2026-08-10,13,WATERBODY_INFRA,pwd,1
2026-08-10,14,DRAINAGE_SEWAGE,grievance,2
2026-08-10,14,DRAIN_WORKS_SAFETY,grievance,3
2026-08-10,14,FLOOD_WATERLOGGING,grievance,2
2026-08-10,14,SOLID_WASTE,grievance,1
2026-08-10,14,STREETLIGHT_ELECTRICAL,grievance,1
2026-08-10,14,TREES_PARKS,grievance,1
2026-08-10,15,CRIME_PROPERTY,police,4
2026-08-10,15,DRAINAGE_SEWAGE,grievance,1
2026-08-10,15,DRAINAGE_SEWAGE,pwd,1
2026-08-10,15,DRAIN_WORKS_SAFETY,grievance,1
2026-08-10,15,FLOOD_WATERLOGGING,grievance,9
2026-08-10,15,FLOOD_WATERLOGGING,police,3
2026-08-10,15,FLOOD_WATERLOGGING,pwd,3
2026-08-10,15,OTHER,grievance,1
2026-08-10,15,SOLID_WASTE,grievance,2
2026-08-10,15,STREETLIGHT_ELECTRICAL,grievance,2
2026-08-10,15,TRAFFIC_OBSTRUCTION,police,1
2026-08-10,,CRIME_VIOLENT,police,1
2026-08-10,,ROAD_ACCIDENT,news,7
2026-08-11,1,DRAINAGE_SEWAGE,pwd,1
2026-08-11,1,FOOD_SAFETY,grievance,1
2026-08-11,1,OTHER,grievance,2
2026-08-11,1,STREETLIGHT_ELECTRICAL,grievance,2
2026-08-11,2,STREETLIGHT_ELECTRICAL,grievance,1
2026-08-11,3,CRIME_PROPERTY,police,1
2026-08-11,3,FLOOD_WATERLOGGING,grievance,2
2026-08-11,3,MISSING_PERSON,police,1
2026-08-11,3,ROAD_ACCIDENT,police,1
2026-08-11,3,SANITATION_TOILETS,grievance,1
2026-08-11,3,VECTOR_DISEASE,grievance,1
2026-08-11,4,ADMIN_SERVICES,grievance,1
2026-08-11,4,CRIME_PROPERTY,police,5
2026-08-11,4,DRAINAGE_SEWAGE,grievance,3
2026-08-11,4,FLOOD_WATERLOGGING,grievance,2
2026-08-11,4,ROAD_ACCIDENT,police,1
2026-08-11,4,SANITATION_TOILETS,grievance,1
2026-08-11,4,STREETLIGHT_ELECTRICAL,grievance,4
2026-08-11,5,ADMIN_SERVICES,grievance,1
2026-08-11,5,CRIME_PROPERTY,police,1
2026-08-11,5,CRIME_VIOLENT,police,5
2026-08-11,5,DRAINAGE_SEWAGE,grievance,3
2026-08-11,5,DRAIN_WORKS_SAFETY,grievance,1
2026-08-11,5,DRUGS_LIQUOR,police,1
2026-08-11,5,ENCROACHMENT,grievance,1
2026-08-11,5,FLOOD_RELIEF,grievance,2
2026-08-11,5,FLOOD_WATERLOGGING,grievance,3
2026-08-11,5,PUBLIC_ORDER,police,1
2026-08-11,5,ROAD_ACCIDENT,police,1
2026-08-11,5,ROAD_DAMAGE,grievance,1
2026-08-11,5,SOLID_WASTE,grievance,3
2026-08-11,5,STRAY_ANIMALS,grievance,1
2026-08-11,5,STREETLIGHT_ELECTRICAL,grievance,1
2026-08-11,6,CRIME_PROPERTY,police,1
2026-08-11,6,CRIME_VIOLENT,police,1
2026-08-11,6,DRAINAGE_SEWAGE,grievance,1
2026-08-11,6,DRAIN_WORKS_SAFETY,grievance,1
2026-08-11,6,ENCROACHMENT,pwd,1
2026-08-11,6,FLOOD_RELIEF,grievance,1
2026-08-11,6,FLOOD_WATERLOGGING,grievance,2
2026-08-11,6,OTHER,grievance,1
2026-08-11,6,PUBLIC_ORDER,police,1
2026-08-11,6,ROAD_DAMAGE,grievance,1
2026-08-11,6,SANITATION_TOILETS,grievance,1
2026-08-11,6,SOLID_WASTE,grievance,1
2026-08-11,6,STREETLIGHT_ELECTRICAL,grievance,1
2026-08-11,6,TREES_PARKS,grievance,1
2026-08-11,7,CRIME_VIOLENT,police,1
2026-08-11,7,DRAINAGE_SEWAGE,grievance,2
2026-08-11,7,DRAIN_WORKS_SAFETY,grievance,1
2026-08-11,7,PUBLIC_ORDER,police,2
2026-08-11,7,ROAD_ACCIDENT,police,1
2026-08-11,7,ROAD_DAMAGE,grievance,2
2026-08-11,7,SOLID_WASTE,grievance,2
2026-08-11,7,STRAY_ANIMALS,grievance,2
2026-08-11,8,DRAIN_WORKS_SAFETY,grievance,2
2026-08-11,8,FLOOD_WATERLOGGING,grievance,1
2026-08-11,8,FLOOD_WATERLOGGING,police,2
2026-08-11,8,OTHER,grievance,1
2026-08-11,8,POLICE_OTHER,police,1
2026-08-11,8,PUBLIC_ORDER,police,1
2026-08-11,8,ROAD_ACCIDENT,police,3
2026-08-11,8,ROAD_DAMAGE,grievance,1
2026-08-11,8,SOLID_WASTE,grievance,2
2026-08-11,8,STREETLIGHT_ELECTRICAL,grievance,2
2026-08-11,8,TRAFFIC_OBSTRUCTION,grievance,1
2026-08-11,8,TRAFFIC_OBSTRUCTION,police,2
2026-08-11,9,BUILDING_SAFETY,pwd,1
2026-08-11,9,CRIME_PROPERTY,news,1
2026-08-11,9,CRIME_PROPERTY,police,3
2026-08-11,9,DARK_SPOT_SAFETY,grievance,1
2026-08-11,9,DRAINAGE_SEWAGE,grievance,4
2026-08-11,9,DRAIN_WORKS_SAFETY,grievance,3
2026-08-11,9,FLOOD_RELIEF,grievance,1
2026-08-11,9,FLOOD_WATERLOGGING,grievance,2
2026-08-11,9,PUBLIC_ORDER,police,1
2026-08-11,9,PUBLIC_WORKS,grievance,1
2026-08-11,9,ROAD_DAMAGE,grievance,1
2026-08-11,9,SANITATION_TOILETS,grievance,1
2026-08-11,9,SOLID_WASTE,grievance,2
2026-08-11,9,STRAY_ANIMALS,grievance,1
2026-08-11,9,STREETLIGHT_ELECTRICAL,grievance,4
2026-08-11,9,TREES_PARKS,grievance,1
2026-08-11,10,CRIME_PROPERTY,police,1
2026-08-11,10,DARK_SPOT_SAFETY,grievance,2
2026-08-11,10,DRAINAGE_SEWAGE,grievance,11
2026-08-11,10,DRAINAGE_SEWAGE,pwd,1
2026-08-11,10,DRAIN_WORKS_SAFETY,grievance,1
2026-08-11,10,FLOOD_RELIEF,grievance,1
2026-08-11,10,FLOOD_WATERLOGGING,grievance,5
2026-08-11,10,MISSING_PERSON,police,1
2026-08-11,10,PUBLIC_ORDER,police,1
2026-08-11,10,ROAD_ACCIDENT,police,2
2026-08-11,10,SANITATION_TOILETS,grievance,1
2026-08-11,10,STREETLIGHT_ELECTRICAL,grievance,5
2026-08-11,10,TRAFFIC_OBSTRUCTION,grievance,1
2026-08-11,10,TREES_PARKS,grievance,1
2026-08-11,11,AIR_POLLUTION,grievance,1
2026-08-11,11,DRAINAGE_SEWAGE,grievance,1
2026-08-11,11,DRAINAGE_SEWAGE,pwd,4
2026-08-11,11,DRAIN_WORKS_SAFETY,grievance,1
2026-08-11,11,ENCROACHMENT,grievance,1
2026-08-11,11,HEALTH_SERVICES,grievance,1
2026-08-11,11,ROAD_ACCIDENT,police,1
2026-08-11,11,STRAY_ANIMALS,grievance,1
2026-08-11,11,STREETLIGHT_ELECTRICAL,grievance,4
2026-08-11,12,CRIME_PROPERTY,police,1
2026-08-11,12,DRAINAGE_SEWAGE,grievance,1
2026-08-11,12,DRUGS_LIQUOR,police,2
2026-08-11,12,TRAFFIC_OBSTRUCTION,police,1
2026-08-11,12,VECTOR_DISEASE,grievance,1
2026-08-11,13,CRIME_PROPERTY,police,1
2026-08-11,13,CRIME_VIOLENT,police,1
2026-08-11,13,DARK_SPOT_SAFETY,grievance,1
2026-08-11,13,DRAINAGE_SEWAGE,grievance,3
2026-08-11,13,ROAD_ACCIDENT,police,1
2026-08-11,13,STRAY_ANIMALS,grievance,1
2026-08-11,13,STREETLIGHT_ELECTRICAL,grievance,1
2026-08-11,14,DRAINAGE_SEWAGE,grievance,1
2026-08-11,14,DRAIN_WORKS_SAFETY,grievance,1
2026-08-11,14,FLOOD_WATERLOGGING,grievance,1
2026-08-11,14,FOOD_SAFETY,grievance,1
2026-08-11,14,ROAD_DAMAGE,grievance,1
2026-08-11,14,STREETLIGHT_ELECTRICAL,grievance,2
2026-08-11,14,TRAFFIC_OBSTRUCTION,police,1
2026-08-11,15,DRAINAGE_SEWAGE,pwd,1
2026-08-11,15,DRUGS_LIQUOR,police,1
2026-08-11,15,FLOOD_WATERLOGGING,pwd,1
2026-08-11,15,PUBLIC_ORDER,police,1
2026-08-11,15,ROAD_ACCIDENT,police,1
2026-08-11,15,ROAD_DAMAGE,grievance,1
2026-08-11,15,SOLID_WASTE,grievance,1
2026-08-11,15,STREETLIGHT_ELECTRICAL,grievance,2
2026-08-11,,MISSING_PERSON,news,1
2026-08-11,,ROAD_ACCIDENT,news,5
2026-08-11,,STREETLIGHT_ELECTRICAL,news,1
2026-08-12,1,DRUGS_LIQUOR,police,1
2026-08-12,1,FOOD_SAFETY,grievance,1
2026-08-12,1,OTHER,grievance,1
2026-08-12,1,ROAD_ACCIDENT,police,2
2026-08-12,1,ROAD_DAMAGE,grievance,1
2026-08-12,1,SOLID_WASTE,grievance,2
2026-08-12,1,TREES_PARKS,grievance,1
2026-08-12,2,ADMIN_SERVICES,grievance,1
2026-08-12,2,CRIME_PROPERTY,police,1
2026-08-12,2,ROAD_ACCIDENT,police,2
2026-08-12,3,CRIME_VIOLENT,police,1
2026-08-12,3,PUBLIC_WORKS,grievance,1
2026-08-12,3,ROAD_ACCIDENT,police,1
2026-08-12,3,STREETLIGHT_ELECTRICAL,grievance,1
2026-08-12,3,TREES_PARKS,grievance,1
2026-08-12,4,BUILDING_SAFETY,pwd,1
2026-08-12,4,DRAINAGE_SEWAGE,grievance,3
2026-08-12,4,DRAIN_WORKS_SAFETY,grievance,2
2026-08-12,4,FLOOD_WATERLOGGING,grievance,2
2026-08-12,4,ROAD_ACCIDENT,police,2
2026-08-12,4,STRAY_ANIMALS,grievance,1
2026-08-12,4,STREETLIGHT_ELECTRICAL,grievance,1
2026-08-12,5,ADMIN_SERVICES,grievance,1
2026-08-12,5,AIR_POLLUTION,grievance,1
2026-08-12,5,CRIME_PROPERTY,police,1
2026-08-12,5,CRIME_VIOLENT,police,2
2026-08-12,5,DARK_SPOT_SAFETY,grievance,1
2026-08-12,5,DRAINAGE_SEWAGE,grievance,4
2026-08-12,5,DRAIN_WORKS_SAFETY,grievance,2
2026-08-12,5,FLOOD_WATERLOGGING,grievance,2
2026-08-12,5,MISSING_PERSON,police,1
2026-08-12,5,ROAD_ACCIDENT,police,2
2026-08-12,5,SANITATION_TOILETS,grievance,2
2026-08-12,5,SOLID_WASTE,grievance,2
2026-08-12,5,STREETLIGHT_ELECTRICAL,grievance,3
2026-08-12,5,TRAFFIC_OBSTRUCTION,grievance,1
2026-08-12,6,CRIME_PROPERTY,police,3
2026-08-12,6,FLOOD_WATERLOGGING,grievance,1
2026-08-12,6,FLOOD_WATERLOGGING,police,1
2026-08-12,6,OTHER,grievance,1
2026-08-12,6,PUBLIC_WORKS,grievance,1
2026-08-12,6,ROAD_ACCIDENT,police,1
2026-08-12,6,SOLID_WASTE,grievance,2
2026-08-12,6,STREETLIGHT_ELECTRICAL,grievance,1
2026-08-12,6,VECTOR_DISEASE,grievance,1
2026-08-12,7,CIVIC_FACILITIES,grievance,1
2026-08-12,7,CRIME_PROPERTY,police,2
2026-08-12,7,CRIME_VIOLENT,news,1
2026-08-12,7,CRIME_VIOLENT,police,2
2026-08-12,7,DRAINAGE_SEWAGE,grievance,1
2026-08-12,7,DRAIN_WORKS_SAFETY,grievance,1
2026-08-12,7,ENCROACHMENT,grievance,1
2026-08-12,7,ROAD_ACCIDENT,police,1
2026-08-12,7,ROAD_DAMAGE,grievance,1
2026-08-12,7,SOLID_WASTE,grievance,1
2026-08-12,8,DARK_SPOT_SAFETY,grievance,1
2026-08-12,8,DRAIN_WORKS_SAFETY,grievance,1
2026-08-12,8,PUBLIC_ORDER,police,2
2026-08-12,8,ROAD_ACCIDENT,police,4
2026-08-12,8,ROAD_DAMAGE,grievance,1
2026-08-12,8,TRAFFIC_OBSTRUCTION,police,3
2026-08-12,9,CRIME_PROPERTY,police,2
2026-08-12,9,CRIME_VIOLENT,police,4
2026-08-12,9,DRAINAGE_SEWAGE,grievance,4
2026-08-12,9,DRAIN_WORKS_SAFETY,grievance,1
2026-08-12,9,FLOOD_WATERLOGGING,grievance,3
2026-08-12,9,SANITATION_TOILETS,grievance,1
2026-08-12,9,SOLID_WASTE,grievance,2
2026-08-12,9,STREETLIGHT_ELECTRICAL,grievance,1
2026-08-12,9,TRAFFIC_OBSTRUCTION,grievance,1
2026-08-12,10,CRIME_PROPERTY,police,2
2026-08-12,10,CRIME_VIOLENT,police,1
2026-08-12,10,DRAINAGE_SEWAGE,grievance,3
2026-08-12,10,FLOOD_RELIEF,grievance,1
2026-08-12,10,FLOOD_WATERLOGGING,grievance,1
2026-08-12,10,FLOOD_WATERLOGGING,pwd,1
2026-08-12,10,PUBLIC_ORDER,police,1
2026-08-12,10,ROAD_ACCIDENT,police,1
2026-08-12,10,SOLID_WASTE,grievance,1
2026-08-12,10,STRAY_ANIMALS,grievance,1
2026-08-12,10,STREETLIGHT_ELECTRICAL,grievance,2
2026-08-12,11,CIVIC_FACILITIES,grievance,1
2026-08-12,11,CRIME_PROPERTY,police,1
2026-08-12,11,CRIME_VIOLENT,police,1
2026-08-12,11,DARK_SPOT_SAFETY,grievance,1
2026-08-12,11,DRAINAGE_SEWAGE,grievance,2
2026-08-12,11,DRAIN_WORKS_SAFETY,grievance,3
2026-08-12,11,ENCROACHMENT,pwd,1
2026-08-12,11,ROAD_DAMAGE,grievance,1
2026-08-12,11,SOLID_WASTE,grievance,2
2026-08-12,11,STRAY_ANIMALS,grievance,1
2026-08-12,11,STREETLIGHT_ELECTRICAL,grievance,2
2026-08-12,11,TRAFFIC_OBSTRUCTION,police,1
2026-08-12,12,ADMIN_SERVICES,grievance,1
2026-08-12,12,AIR_POLLUTION,grievance,2
2026-08-12,12,CRIME_PROPERTY,police,1
2026-08-12,12,CRIME_VIOLENT,police,1
2026-08-12,12,DRAINAGE_SEWAGE,grievance,2
2026-08-12,12,FLOOD_WATERLOGGING,grievance,2
2026-08-12,12,FLOOD_WATERLOGGING,pwd,1
2026-08-12,12,SOLID_WASTE,grievance,4
2026-08-12,12,STREETLIGHT_ELECTRICAL,grievance,1
2026-08-12,12,TREES_PARKS,grievance,1
2026-08-12,13,CRIME_PROPERTY,police,3
2026-08-12,13,DRAIN_WORKS_SAFETY,grievance,3
2026-08-12,13,ENCROACHMENT,pwd,1
2026-08-12,13,FOOD_SAFETY,grievance,1
2026-08-12,13,OTHER,grievance,1
2026-08-12,13,ROAD_ACCIDENT,police,1
2026-08-12,13,ROAD_DAMAGE,grievance,1
2026-08-12,13,SANITATION_TOILETS,grievance,2
2026-08-12,13,SOLID_WASTE,grievance,3
2026-08-12,13,STRAY_ANIMALS,grievance,1
2026-08-12,13,STREETLIGHT_ELECTRICAL,grievance,2
2026-08-12,13,TRAFFIC_OBSTRUCTION,police,3
2026-08-12,13,VECTOR_DISEASE,grievance,1
2026-08-12,14,DRAINAGE_SEWAGE,grievance,1
2026-08-12,14,FLOOD_WATERLOGGING,police,1
2026-08-12,14,TRAFFIC_OBSTRUCTION,police,4
2026-08-12,15,DRAINAGE_SEWAGE,pwd,1
2026-08-12,15,DRAIN_WORKS_SAFETY,grievance,1
2026-08-12,15,FLOOD_RELIEF,grievance,1
2026-08-12,15,FLOOD_WATERLOGGING,grievance,2
2026-08-12,15,FLOOD_WATERLOGGING,police,1
2026-08-12,15,ROAD_ACCIDENT,police,1
2026-08-12,15,ROAD_DAMAGE,pwd,1
2026-08-12,15,STREETLIGHT_ELECTRICAL,grievance,2
2026-08-12,,CRIME_PROPERTY,police,1
2026-08-12,,CRIME_VIOLENT,news,2
2026-08-13,1,ADMIN_SERVICES,grievance,1
2026-08-13,1,CRIME_VIOLENT,police,1
2026-08-13,1,DRAINAGE_SEWAGE,grievance,1
2026-08-13,1,DRAIN_WORKS_SAFETY,grievance,1
2026-08-13,1,PUBLIC_ORDER,police,1
2026-08-13,1,ROAD_ACCIDENT,police,3
2026-08-13,1,SANITATION_TOILETS,grievance,1
2026-08-13,1,VECTOR_DISEASE,grievance,2
2026-08-13,2,CRIME_PROPERTY,police,1
2026-08-13,2,DRUGS_LIQUOR,police,1
2026-08-13,3,AIR_POLLUTION,grievance,1
2026-08-13,3,CRIME_PROPERTY,police,1
2026-08-13,3,CRIME_VIOLENT,police,1
2026-08-13,3,FLOOD_WATERLOGGING,pwd,1
2026-08-13,3,PUBLIC_ORDER,police,1
2026-08-13,3,ROAD_ACCIDENT,police,1
2026-08-13,3,ROAD_DAMAGE,grievance,1
2026-08-13,3,SOLID_WASTE,grievance,1
2026-08-13,3,STREETLIGHT_ELECTRICAL,grievance,1
2026-08-13,3,TREES_PARKS,grievance,1
2026-08-13,4,ADMIN_SERVICES,grievance,1
2026-08-13,4,CRIME_PROPERTY,police,3
2026-08-13,4,CRIME_VIOLENT,police,1
2026-08-13,4,OTHER,grievance,1
2026-08-13,4,ROAD_ACCIDENT,police,2
2026-08-13,4,SOLID_WASTE,grievance,3
2026-08-13,4,TREES_PARKS,grievance,1
2026-08-13,5,CRIME_PROPERTY,police,4
2026-08-13,5,CRIME_VIOLENT,police,3
2026-08-13,5,DRAINAGE_SEWAGE,grievance,1
2026-08-13,5,DRAIN_WORKS_SAFETY,grievance,1
2026-08-13,5,DRUGS_LIQUOR,police,1
2026-08-13,5,FLOOD_WATERLOGGING,grievance,1
2026-08-13,5,FOOD_SAFETY,grievance,1
2026-08-13,5,ROAD_ACCIDENT,police,4
2026-08-13,5,SOLID_WASTE,grievance,3
2026-08-13,5,STREETLIGHT_ELECTRICAL,grievance,1
2026-08-13,6,CRIME_PROPERTY,news,1
2026-08-13,6,CRIME_PROPERTY,police,3
2026-08-13,6,DRAINAGE_SEWAGE,grievance,1
2026-08-13,6,DRAINAGE_SEWAGE,pwd,1
2026-08-13,6,ENCROACHMENT,grievance,1
2026-08-13,6,FLOOD_RELIEF,grievance,1
2026-08-13,6,FLOOD_WATERLOGGING,grievance,1
2026-08-13,6,MISSING_PERSON,police,1
2026-08-13,6,ROAD_ACCIDENT,police,1
2026-08-13,6,SOLID_WASTE,grievance,2
2026-08-13,6,STRAY_ANIMALS,police,1
2026-08-13,6,STREETLIGHT_ELECTRICAL,grievance,2
2026-08-13,7,ADMIN_SERVICES,grievance,1
2026-08-13,7,BUILDING_SAFETY,pwd,1
2026-08-13,7,CRIME_VIOLENT,news,1
2026-08-13,7,FOOD_SAFETY,grievance,1
2026-08-13,7,OTHER,grievance,1
2026-08-13,7,ROAD_ACCIDENT,police,4
2026-08-13,7,STREETLIGHT_ELECTRICAL,grievance,3
2026-08-13,8,CIVIC_FACILITIES,grievance,3
2026-08-13,8,CRIME_PROPERTY,police,1
2026-08-13,8,CRIME_VIOLENT,police,1
2026-08-13,8,DRAINAGE_SEWAGE,grievance,1
2026-08-13,8,ROAD_ACCIDENT,police,2
2026-08-13,8,ROAD_DAMAGE,grievance,1
2026-08-13,8,ROAD_DAMAGE,pwd,1
2026-08-13,8,SOLID_WASTE,grievance,2
2026-08-13,8,STREETLIGHT_ELECTRICAL,grievance,2
2026-08-13,8,TRAFFIC_OBSTRUCTION,police,1
2026-08-13,9,BUILDING_SAFETY,pwd,2
2026-08-13,9,CRIME_PROPERTY,police,2
2026-08-13,9,DRAIN_WORKS_SAFETY,grievance,1
2026-08-13,9,FOOD_SAFETY,grievance,1
2026-08-13,9,HEALTH_SERVICES,grievance,2
2026-08-13,9,ROAD_DAMAGE,grievance,1
2026-08-13,9,SOLID_WASTE,grievance,1
2026-08-13,9,STREETLIGHT_ELECTRICAL,grievance,1
2026-08-13,9,TRAFFIC_OBSTRUCTION,grievance,1
2026-08-13,9,TRAFFIC_OBSTRUCTION,police,2
2026-08-13,10,BUILDING_SAFETY,pwd,4
2026-08-13,10,CRIME_PROPERTY,police,2
2026-08-13,10,DRAINAGE_SEWAGE,grievance,1
2026-08-13,10,FLOOD_WATERLOGGING,grievance,1
2026-08-13,10,FOOD_SAFETY,grievance,1
2026-08-13,10,MISSING_PERSON,police,1
2026-08-13,10,PUBLIC_ORDER,police,1
2026-08-13,10,PUBLIC_WORKS,grievance,2
2026-08-13,10,ROAD_ACCIDENT,police,1
2026-08-13,10,SANITATION_TOILETS,grievance,1
2026-08-13,10,SOLID_WASTE,grievance,2
2026-08-13,10,TREES_PARKS,grievance,1
2026-08-13,11,CRIME_PROPERTY,police,2
2026-08-13,11,DRAINAGE_SEWAGE,grievance,1
2026-08-13,11,DRAINAGE_SEWAGE,pwd,1
2026-08-13,11,DRUGS_LIQUOR,police,1
2026-08-13,11,ROAD_ACCIDENT,police,4
2026-08-13,11,SOLID_WASTE,grievance,2
2026-08-13,11,STREETLIGHT_ELECTRICAL,grievance,1
2026-08-13,11,VECTOR_DISEASE,grievance,1
2026-08-13,12,CRIME_PROPERTY,police,1
2026-08-13,12,DARK_SPOT_SAFETY,grievance,1
2026-08-13,12,SOLID_WASTE,grievance,2
2026-08-13,12,TRAFFIC_OBSTRUCTION,police,2
2026-08-13,12,TREES_PARKS,grievance,1
2026-08-13,13,CRIME_PROPERTY,police,3
2026-08-13,13,CRIME_VIOLENT,police,1
2026-08-13,13,DARK_SPOT_SAFETY,grievance,1
2026-08-13,13,PUBLIC_ORDER,police,1
2026-08-13,13,PUBLIC_WORKS,grievance,1
2026-08-13,13,ROAD_DAMAGE,grievance,1
2026-08-13,13,SOLID_WASTE,grievance,2
2026-08-13,13,TRAFFIC_OBSTRUCTION,police,2
2026-08-13,14,DRAINAGE_SEWAGE,grievance,1
2026-08-13,14,DRAIN_WORKS_SAFETY,grievance,1
2026-08-13,14,FLOOD_RELIEF,grievance,1
2026-08-13,14,MISSING_PERSON,police,1
2026-08-13,14,SANITATION_TOILETS,grievance,1
2026-08-13,14,SOLID_WASTE,grievance,1
2026-08-13,15,CRIME_PROPERTY,police,1
2026-08-13,15,FLOOD_WATERLOGGING,grievance,1
2026-08-13,15,SANITATION_TOILETS,grievance,1
2026-08-13,15,SOLID_WASTE,grievance,1
2026-08-13,,DRUGS_LIQUOR,news,1
2026-08-13,,TREES_PARKS,news,1
2026-08-14,1,CRIME_PROPERTY,police,2
2026-08-14,1,CRIME_VIOLENT,police,1
2026-08-14,1,DRAINAGE_SEWAGE,grievance,1
2026-08-14,1,DRAINAGE_SEWAGE,pwd,1
2026-08-14,1,FLOOD_WATERLOGGING,grievance,1
2026-08-14,1,ROAD_DAMAGE,grievance,1
2026-08-14,1,SANITATION_TOILETS,grievance,1
2026-08-14,1,SOLID_WASTE,grievance,1
2026-08-14,1,STREETLIGHT_ELECTRICAL,grievance,1
2026-08-14,1,VECTOR_DISEASE,grievance,1
2026-08-14,2,SANITATION_TOILETS,grievance,1
2026-08-14,2,STREETLIGHT_ELECTRICAL,grievance,1
2026-08-14,2,TREES_PARKS,grievance,1
2026-08-14,3,CRIME_VIOLENT,police,2
2026-08-14,3,DRUGS_LIQUOR,police,1
2026-08-14,3,FLOOD_WATERLOGGING,grievance,1
2026-08-14,3,SANITATION_TOILETS,grievance,1
2026-08-14,3,SOLID_WASTE,grievance,1
2026-08-14,4,ADMIN_SERVICES,grievance,1
2026-08-14,4,CRIME_VIOLENT,police,1
2026-08-14,4,MISSING_PERSON,police,1
2026-08-14,4,PUBLIC_ORDER,police,2
2026-08-14,4,ROAD_ACCIDENT,police,1
2026-08-14,4,ROAD_DAMAGE,grievance,1
2026-08-14,4,SOLID_WASTE,grievance,5
2026-08-14,4,STRAY_ANIMALS,grievance,1
2026-08-14,4,STREETLIGHT_ELECTRICAL,grievance,1
2026-08-14,5,CRIME_PROPERTY,police,2
2026-08-14,5,FOOD_SAFETY,grievance,1
2026-08-14,5,HEALTH_SERVICES,hospital,1
2026-08-14,5,PUBLIC_ORDER,police,1
2026-08-14,5,SANITATION_TOILETS,grievance,1
2026-08-14,5,SOLID_WASTE,grievance,3
2026-08-14,6,ADMIN_SERVICES,grievance,1
2026-08-14,6,CRIME_PROPERTY,police,2
2026-08-14,6,DRAINAGE_SEWAGE,grievance,1
2026-08-14,6,DRUGS_LIQUOR,police,1
2026-08-14,6,FLOOD_RELIEF,grievance,1
2026-08-14,6,POLICE_OTHER,police,1
2026-08-14,6,PUBLIC_ORDER,police,1
2026-08-14,6,PUBLIC_WORKS,grievance,1
2026-08-14,6,ROAD_DAMAGE,grievance,1
2026-08-14,6,SOLID_WASTE,grievance,1
2026-08-14,6,STRAY_ANIMALS,grievance,1
2026-08-14,6,STREETLIGHT_ELECTRICAL,grievance,3
2026-08-14,6,VECTOR_DISEASE,grievance,1
2026-08-14,7,CRIME_PROPERTY,police,1
2026-08-14,7,DRAIN_WORKS_SAFETY,grievance,1
2026-08-14,7,FLOOD_RELIEF,grievance,1
2026-08-14,7,FLOOD_WATERLOGGING,grievance,1
2026-08-14,7,POLICE_OTHER,police,1
2026-08-14,7,ROAD_ACCIDENT,police,4
2026-08-14,7,SOLID_WASTE,grievance,1
2026-08-14,7,STREETLIGHT_ELECTRICAL,grievance,1
2026-08-14,8,ENCROACHMENT,grievance,1
2026-08-14,8,FLOOD_WATERLOGGING,grievance,1
2026-08-14,8,MISSING_PERSON,police,2
2026-08-14,8,ROAD_DAMAGE,grievance,1
2026-08-14,8,STRAY_ANIMALS,news,1
2026-08-14,8,STREETLIGHT_ELECTRICAL,grievance,1
2026-08-14,8,TRAFFIC_OBSTRUCTION,police,1
2026-08-14,9,AIR_POLLUTION,grievance,1
2026-08-14,9,CRIME_PROPERTY,police,5
2026-08-14,9,CRIME_VIOLENT,news,1
2026-08-14,9,CRIME_VIOLENT,police,2
2026-08-14,9,DRAIN_WORKS_SAFETY,grievance,1
2026-08-14,9,FLOOD_RELIEF,grievance,1
2026-08-14,9,OTHER,grievance,1
2026-08-14,9,PUBLIC_ORDER,police,1
2026-08-14,9,SANITATION_TOILETS,grievance,1
2026-08-14,9,TRAFFIC_OBSTRUCTION,police,1
2026-08-14,9,VECTOR_DISEASE,grievance,1
2026-08-14,10,CRIME_PROPERTY,police,2
2026-08-14,10,CRIME_VIOLENT,news,1
2026-08-14,10,ENCROACHMENT,pwd,1
2026-08-14,10,FLOOD_WATERLOGGING,grievance,1
2026-08-14,10,MISSING_PERSON,police,1
2026-08-14,10,PUBLIC_ORDER,police,2
2026-08-14,10,ROAD_ACCIDENT,police,2
2026-08-14,10,ROAD_DAMAGE,grievance,1
2026-08-14,10,SOLID_WASTE,grievance,2
2026-08-14,10,TRAFFIC_OBSTRUCTION,grievance,1
2026-08-14,11,CRIME_PROPERTY,police,2
2026-08-14,11,PUBLIC_ORDER,police,1
2026-08-14,11,SOLID_WASTE,grievance,1
2026-08-14,11,TREES_PARKS,grievance,1
2026-08-14,11,VECTOR_DISEASE,grievance,1
2026-08-14,12,DRUGS_LIQUOR,police,1
2026-08-14,12,SANITATION_TOILETS,grievance,1
2026-08-14,12,SOLID_WASTE,grievance,2
2026-08-14,12,STREETLIGHT_ELECTRICAL,grievance,1
2026-08-14,13,CRIME_PROPERTY,police,2
2026-08-14,13,CRIME_VIOLENT,police,2
2026-08-14,13,DARK_SPOT_SAFETY,grievance,1
2026-08-14,13,DRAINAGE_SEWAGE,grievance,1
2026-08-14,13,DRAINAGE_SEWAGE,pwd,1
2026-08-14,13,ENCROACHMENT,pwd,1
2026-08-14,13,FLOOD_WATERLOGGING,grievance,1
2026-08-14,13,MISSING_PERSON,police,1
2026-08-14,13,PUBLIC_ORDER,police,2
2026-08-14,13,PUBLIC_WORKS,grievance,1
2026-08-14,13,ROAD_ACCIDENT,police,1
2026-08-14,13,STRAY_ANIMALS,grievance,2
2026-08-14,13,STREETLIGHT_ELECTRICAL,grievance,2
2026-08-14,14,CRIME_PROPERTY,police,1
2026-08-14,14,DRAINAGE_SEWAGE,grievance,1
2026-08-14,14,DRAIN_WORKS_SAFETY,grievance,1
2026-08-14,14,FOOD_SAFETY,grievance,1
2026-08-14,14,OTHER,grievance,1
2026-08-14,14,SANITATION_TOILETS,grievance,1
2026-08-14,14,STREETLIGHT_ELECTRICAL,grievance,2
2026-08-14,14,VECTOR_DISEASE,grievance,1
2026-08-14,15,DRAINAGE_SEWAGE,pwd,1
2026-08-14,15,FLOOD_RELIEF,grievance,1
2026-08-14,15,HEALTH_SERVICES,grievance,1
2026-08-14,15,SOLID_WASTE,grievance,2
2026-08-14,,CRIME_PROPERTY,news,2
2026-08-14,,CRIME_VIOLENT,news,2
2026-08-14,,ROAD_ACCIDENT,news,1
2026-08-15,1,CRIME_VIOLENT,news,3
2026-08-15,1,DARK_SPOT_SAFETY,grievance,1
2026-08-15,1,SOLID_WASTE,grievance,1
2026-08-15,1,TRAFFIC_OBSTRUCTION,police,1
2026-08-15,2,ADMIN_SERVICES,grievance,1
2026-08-15,2,OTHER,grievance,1
2026-08-15,2,SANITATION_TOILETS,grievance,1
2026-08-15,2,TRAFFIC_OBSTRUCTION,grievance,1
2026-08-15,2,TREES_PARKS,grievance,1
2026-08-15,3,ADMIN_SERVICES,grievance,1
2026-08-15,3,CRIME_PROPERTY,police,2
2026-08-15,3,SOLID_WASTE,grievance,1
2026-08-15,3,WATER_SUPPLY,news,1
2026-08-15,4,FOOD_SAFETY,grievance,1
2026-08-15,4,ROAD_DAMAGE,grievance,1
2026-08-15,4,SANITATION_TOILETS,grievance,1
2026-08-15,4,STREETLIGHT_ELECTRICAL,grievance,1
2026-08-15,5,CRIME_PROPERTY,police,4
2026-08-15,5,FLOOD_WATERLOGGING,grievance,1
2026-08-15,5,FOOD_SAFETY,grievance,1
2026-08-15,5,OTHER,grievance,1
2026-08-15,5,PUBLIC_ORDER,police,1
2026-08-15,5,ROAD_DAMAGE,grievance,3
2026-08-15,5,SOLID_WASTE,grievance,1
2026-08-15,5,VECTOR_DISEASE,grievance,1
2026-08-15,6,CRIME_PROPERTY,police,2
2026-08-15,6,DRAINAGE_SEWAGE,grievance,1
2026-08-15,6,POLICE_OTHER,police,1
2026-08-15,6,PUBLIC_ORDER,police,1
2026-08-15,6,ROAD_ACCIDENT,police,1
2026-08-15,6,ROAD_DAMAGE,grievance,1
2026-08-15,6,SOLID_WASTE,grievance,2
2026-08-15,6,TREES_PARKS,grievance,1
2026-08-15,7,ADMIN_SERVICES,grievance,1
2026-08-15,7,BUILDING_SAFETY,pwd,1
2026-08-15,7,CIVIC_FACILITIES,grievance,1
2026-08-15,7,CRIME_VIOLENT,police,2
2026-08-15,7,FLOOD_WATERLOGGING,grievance,2
2026-08-15,7,HEALTH_SERVICES,grievance,1
2026-08-15,7,OTHER,grievance,1
2026-08-15,7,ROAD_ACCIDENT,police,3
2026-08-15,7,ROAD_DAMAGE,grievance,1
2026-08-15,7,SOLID_WASTE,grievance,3
2026-08-15,7,TRAFFIC_OBSTRUCTION,police,3
2026-08-15,7,TREES_PARKS,grievance,1
2026-08-15,8,ADMIN_SERVICES,grievance,1
2026-08-15,8,CRIME_PROPERTY,police,3
2026-08-15,8,DRAINAGE_SEWAGE,pwd,1
2026-08-15,8,DRAIN_WORKS_SAFETY,grievance,1
2026-08-15,8,FLOOD_WATERLOGGING,grievance,1
2026-08-15,8,MISSING_PERSON,police,2
2026-08-15,8,PUBLIC_ORDER,police,1
2026-08-15,8,PUBLIC_WORKS,grievance,1
2026-08-15,8,ROAD_ACCIDENT,police,3
2026-08-15,8,ROAD_DAMAGE,grievance,3
2026-08-15,8,SOLID_WASTE,grievance,5
2026-08-15,8,STREETLIGHT_ELECTRICAL,grievance,1
2026-08-15,8,TRAFFIC_OBSTRUCTION,police,1
2026-08-15,8,TREES_PARKS,grievance,1
2026-08-15,8,VECTOR_DISEASE,grievance,1
2026-08-15,9,ADMIN_SERVICES,grievance,1
2026-08-15,9,CRIME_PROPERTY,police,3
2026-08-15,9,FLOOD_WATERLOGGING,grievance,1
2026-08-15,9,MISSING_PERSON,police,2
2026-08-15,9,PUBLIC_ORDER,police,2
2026-08-15,9,ROAD_DAMAGE,grievance,2
2026-08-15,9,SOLID_WASTE,grievance,1
2026-08-15,9,TRAFFIC_OBSTRUCTION,police,1
2026-08-15,10,CRIME_PROPERTY,police,5
2026-08-15,10,CRIME_VIOLENT,news,3
2026-08-15,10,FLOOD_RELIEF,grievance,1
2026-08-15,10,FLOOD_WATERLOGGING,grievance,1
2026-08-15,10,MISSING_PERSON,police,1
2026-08-15,10,PUBLIC_ORDER,police,1
2026-08-15,10,PUBLIC_WORKS,grievance,1
2026-08-15,10,SOLID_WASTE,grievance,1
2026-08-15,10,STREETLIGHT_ELECTRICAL,grievance,1
2026-08-15,10,TREES_PARKS,grievance,1
2026-08-15,11,ADMIN_SERVICES,grievance,1
2026-08-15,11,DRAIN_WORKS_SAFETY,grievance,1
2026-08-15,11,ENCROACHMENT,grievance,1
2026-08-15,11,PUBLIC_ORDER,police,4
2026-08-15,11,ROAD_ACCIDENT,police,2
2026-08-15,11,ROAD_DAMAGE,grievance,1
2026-08-15,11,SOLID_WASTE,grievance,3
2026-08-15,12,FLOOD_WATERLOGGING,grievance,1
2026-08-15,12,HEALTH_SERVICES,grievance,1
2026-08-15,12,MISSING_PERSON,police,1
2026-08-15,12,ROAD_ACCIDENT,police,1
2026-08-15,12,SOLID_WASTE,grievance,3
2026-08-15,12,STREETLIGHT_ELECTRICAL,grievance,1
2026-08-15,13,ADMIN_SERVICES,grievance,1
2026-08-15,13,CRIME_VIOLENT,police,1
2026-08-15,13,ENCROACHMENT,grievance,1
2026-08-15,13,FLOOD_WATERLOGGING,pwd,1
2026-08-15,13,MISSING_PERSON,police,1
2026-08-15,13,PUBLIC_ORDER,police,2
2026-08-15,13,PUBLIC_WORKS,grievance,1
2026-08-15,13,ROAD_ACCIDENT,police,3
2026-08-15,13,ROAD_DAMAGE,grievance,1
2026-08-15,13,SANITATION_TOILETS,grievance,1
2026-08-15,13,STRAY_ANIMALS,police,1
2026-08-15,13,STREETLIGHT_ELECTRICAL,grievance,5
2026-08-15,13,TRAFFIC_OBSTRUCTION,police,1
2026-08-15,14,ADMIN_SERVICES,grievance,1
2026-08-15,14,DARK_SPOT_SAFETY,grievance,1
2026-08-15,14,DRAINAGE_SEWAGE,grievance,1
2026-08-15,14,ROAD_ACCIDENT,police,1
2026-08-15,14,SOLID_WASTE,grievance,2
2026-08-15,14,STREETLIGHT_ELECTRICAL,grievance,1
2026-08-15,15,CRIME_PROPERTY,police,3
2026-08-15,15,DRAINAGE_SEWAGE,grievance,1
2026-08-15,15,MISSING_PERSON,police,1
2026-08-15,15,ROAD_ACCIDENT,police,4
2026-08-15,15,SANITATION_TOILETS,grievance,1
2026-08-15,15,STRAY_ANIMALS,grievance,1
2026-08-15,,BUILDING_SAFETY,news,2
2026-08-15,,CRIME_PROPERTY,news,1
2026-08-15,,CRIME_VIOLENT,news,4
2026-08-16,1,DRAINAGE_SEWAGE,grievance,1
2026-08-16,1,PUBLIC_ORDER,news,1
2026-08-16,1,ROAD_ACCIDENT,police,3
2026-08-16,1,ROAD_DAMAGE,grievance,3
2026-08-16,1,SOLID_WASTE,grievance,2
2026-08-16,1,STRAY_ANIMALS,grievance,1
2026-08-16,1,STREETLIGHT_ELECTRICAL,grievance,1
2026-08-16,2,DRUGS_LIQUOR,police,1
2026-08-16,2,SOLID_WASTE,grievance,1
2026-08-16,3,CRIME_PROPERTY,police,1
2026-08-16,3,PUBLIC_ORDER,police,4
2026-08-16,3,SANITATION_TOILETS,grievance,1
2026-08-16,3,SOLID_WASTE,grievance,1
2026-08-16,3,STREETLIGHT_ELECTRICAL,grievance,1
2026-08-16,3,TRAFFIC_OBSTRUCTION,police,1
2026-08-16,4,PUBLIC_WORKS,grievance,1
2026-08-16,4,TRAFFIC_OBSTRUCTION,police,1
2026-08-16,5,CRIME_PROPERTY,police,6
2026-08-16,5,CRIME_VIOLENT,police,1
2026-08-16,5,DRAIN_WORKS_SAFETY,grievance,1
2026-08-16,5,FLOOD_WATERLOGGING,grievance,1
2026-08-16,5,HEALTH_SERVICES,hospital,1
2026-08-16,5,MISSING_PERSON,police,1
2026-08-16,5,PUBLIC_ORDER,police,1
2026-08-16,5,ROAD_ACCIDENT,police,4
2026-08-16,5,STRAY_ANIMALS,grievance,1
2026-08-16,5,STREETLIGHT_ELECTRICAL,grievance,1
2026-08-16,5,VECTOR_DISEASE,hospital,1
2026-08-16,6,CRIME_PROPERTY,police,3
2026-08-16,6,CRIME_VIOLENT,police,1
2026-08-16,6,DARK_SPOT_SAFETY,grievance,1
2026-08-16,6,FLOOD_RELIEF,grievance,1
2026-08-16,6,FOOD_SAFETY,grievance,1
2026-08-16,6,MISSING_PERSON,news,1
2026-08-16,6,OTHER,grievance,1
2026-08-16,6,PUBLIC_ORDER,police,1
2026-08-16,6,ROAD_ACCIDENT,police,1
2026-08-16,6,SANITATION_TOILETS,grievance,1
2026-08-16,6,SOLID_WASTE,grievance,1
2026-08-16,6,STREETLIGHT_ELECTRICAL,grievance,2
2026-08-16,7,CRIME_PROPERTY,police,2
2026-08-16,7,DRAINAGE_SEWAGE,grievance,1
2026-08-16,7,ENCROACHMENT,pwd,1
2026-08-16,7,FLOOD_RELIEF,grievance,1
2026-08-16,7,PUBLIC_ORDER,police,1
2026-08-16,7,ROAD_ACCIDENT,police,2
2026-08-16,7,SANITATION_TOILETS,grievance,2
2026-08-16,7,SOLID_WASTE,grievance,1
2026-08-16,8,ADMIN_SERVICES,grievance,1
2026-08-16,8,AIR_POLLUTION,grievance,1
2026-08-16,8,CRIME_PROPERTY,police,2
2026-08-16,8,ENCROACHMENT,pwd,1
2026-08-16,8,FLOOD_WATERLOGGING,grievance,1
2026-08-16,8,FLOOD_WATERLOGGING,pwd,1
2026-08-16,8,MISSING_PERSON,news,1
2026-08-16,8,MISSING_PERSON,police,3
2026-08-16,8,PUBLIC_ORDER,police,1
2026-08-16,8,PUBLIC_WORKS,grievance,1
2026-08-16,8,ROAD_DAMAGE,grievance,1
2026-08-16,8,SOLID_WASTE,grievance,1
2026-08-16,9,CRIME_PROPERTY,police,1
2026-08-16,9,ENCROACHMENT,grievance,1
2026-08-16,9,FLOOD_RELIEF,grievance,1
2026-08-16,9,FLOOD_WATERLOGGING,grievance,1
2026-08-16,9,PUBLIC_ORDER,police,1
2026-08-16,9,SOLID_WASTE,grievance,2
2026-08-16,9,STREETLIGHT_ELECTRICAL,grievance,2
2026-08-16,9,TREES_PARKS,grievance,1
2026-08-16,9,VECTOR_DISEASE,grievance,1
2026-08-16,10,AIR_POLLUTION,grievance,1
2026-08-16,10,BUILDING_SAFETY,pwd,2
2026-08-16,10,CRIME_PROPERTY,police,1
2026-08-16,10,CRIME_VIOLENT,police,1
2026-08-16,10,DRAINAGE_SEWAGE,grievance,1
2026-08-16,10,OTHER,grievance,1
2026-08-16,10,ROAD_ACCIDENT,police,2
2026-08-16,10,STRAY_ANIMALS,police,1
2026-08-16,10,STREETLIGHT_ELECTRICAL,grievance,2
2026-08-16,10,TRAFFIC_OBSTRUCTION,police,1
2026-08-16,10,TREES_PARKS,grievance,1
2026-08-16,11,CRIME_VIOLENT,police,1
2026-08-16,11,ROAD_ACCIDENT,police,2
2026-08-16,11,SOLID_WASTE,grievance,1
2026-08-16,11,STREETLIGHT_ELECTRICAL,grievance,2
2026-08-16,12,CRIME_VIOLENT,police,1
2026-08-16,12,PUBLIC_ORDER,police,2
2026-08-16,12,ROAD_ACCIDENT,police,1
2026-08-16,12,SOLID_WASTE,grievance,2
2026-08-16,12,STREETLIGHT_ELECTRICAL,grievance,1
2026-08-16,13,CRIME_PROPERTY,police,2
2026-08-16,13,CRIME_VIOLENT,police,2
2026-08-16,13,FOOD_SAFETY,grievance,1
2026-08-16,13,ROAD_ACCIDENT,police,1
2026-08-16,13,ROAD_DAMAGE,pwd,1
2026-08-16,13,SANITATION_TOILETS,grievance,3
2026-08-16,13,STREETLIGHT_ELECTRICAL,grievance,1
2026-08-16,13,TRAFFIC_OBSTRUCTION,grievance,1
2026-08-16,14,CRIME_PROPERTY,police,3
2026-08-16,14,ENCROACHMENT,grievance,1
2026-08-16,14,ROAD_ACCIDENT,police,1
2026-08-16,14,SANITATION_TOILETS,grievance,1
2026-08-16,14,STREETLIGHT_ELECTRICAL,grievance,3
2026-08-16,15,ADMIN_SERVICES,grievance,1
2026-08-16,15,BUILDING_SAFETY,pwd,1
2026-08-16,15,CRIME_PROPERTY,police,2
2026-08-16,15,CRIME_VIOLENT,police,1
2026-08-16,15,ROAD_ACCIDENT,police,5
2026-08-16,15,ROAD_DAMAGE,grievance,1
2026-08-16,,CRIME_VIOLENT,police,1
2026-08-16,,ROAD_DAMAGE,news,1
2026-08-17,1,CRIME_PROPERTY,police,1
2026-08-17,1,HEALTH_SERVICES,grievance,1
2026-08-17,1,OTHER,grievance,1
2026-08-17,1,PUBLIC_ORDER,police,1
2026-08-17,1,ROAD_ACCIDENT,news,1
2026-08-17,1,ROAD_ACCIDENT,police,3
2026-08-17,1,SOLID_WASTE,grievance,1
2026-08-17,1,TREES_PARKS,grievance,1
2026-08-17,2,CRIME_PROPERTY,police,1
2026-08-17,2,FLOOD_WATERLOGGING,grievance,1
2026-08-17,2,PUBLIC_WORKS,grievance,1
2026-08-17,3,CIVIC_FACILITIES,grievance,1
2026-08-17,3,OTHER,grievance,2
2026-08-17,3,ROAD_DAMAGE,grievance,2
2026-08-17,3,SOLID_WASTE,grievance,1
2026-08-17,3,STRAY_ANIMALS,grievance,1
2026-08-17,3,STREETLIGHT_ELECTRICAL,grievance,1
2026-08-17,4,CRIME_PROPERTY,police,1
2026-08-17,4,CRIME_VIOLENT,news,1
2026-08-17,4,DRAIN_WORKS_SAFETY,grievance,1
2026-08-17,4,DRUGS_LIQUOR,police,4
2026-08-17,4,OTHER,grievance,1
2026-08-17,4,ROAD_DAMAGE,grievance,1
2026-08-17,4,SOLID_WASTE,grievance,2
2026-08-17,4,STREETLIGHT_ELECTRICAL,grievance,4
2026-08-17,4,TREES_PARKS,grievance,1
2026-08-17,4,VECTOR_DISEASE,grievance,1
2026-08-17,5,ADMIN_SERVICES,grievance,1
2026-08-17,5,AIR_POLLUTION,grievance,1
2026-08-17,5,CRIME_PROPERTY,police,3
2026-08-17,5,CRIME_VIOLENT,police,1
2026-08-17,5,DRAINAGE_SEWAGE,grievance,2
2026-08-17,5,DRAINAGE_SEWAGE,pwd,1
2026-08-17,5,DRAIN_WORKS_SAFETY,grievance,1
2026-08-17,5,DRUGS_LIQUOR,police,1
2026-08-17,5,HEALTH_SERVICES,hospital,1
2026-08-17,5,PUBLIC_WORKS,grievance,1
2026-08-17,5,ROAD_ACCIDENT,police,4
2026-08-17,5,ROAD_DAMAGE,grievance,1
2026-08-17,5,SANITATION_TOILETS,grievance,1
2026-08-17,5,SOLID_WASTE,grievance,2
2026-08-17,5,TRAFFIC_OBSTRUCTION,police,1
2026-08-17,5,VECTOR_DISEASE,hospital,1
2026-08-17,6,CRIME_PROPERTY,police,1
2026-08-17,6,CRIME_VIOLENT,police,2
2026-08-17,6,DRAINAGE_SEWAGE,grievance,2
2026-08-17,6,DRAINAGE_SEWAGE,pwd,1
2026-08-17,6,ROAD_DAMAGE,grievance,1
2026-08-17,6,STREETLIGHT_ELECTRICAL,grievance,1
2026-08-17,7,CRIME_PROPERTY,police,1
2026-08-17,7,CRIME_VIOLENT,police,1
2026-08-17,7,DARK_SPOT_SAFETY,grievance,1
2026-08-17,7,DRAINAGE_SEWAGE,grievance,1
2026-08-17,7,DRUGS_LIQUOR,police,1
2026-08-17,7,FLOOD_WATERLOGGING,grievance,1
2026-08-17,7,HEALTH_SERVICES,grievance,1
2026-08-17,7,MISSING_PERSON,police,1
2026-08-17,7,ROAD_DAMAGE,grievance,1
2026-08-17,7,SANITATION_TOILETS,grievance,1
2026-08-17,7,SOLID_WASTE,grievance,1
2026-08-17,7,STREETLIGHT_ELECTRICAL,grievance,1
2026-08-17,8,CRIME_PROPERTY,police,1
2026-08-17,8,DRAIN_WORKS_SAFETY,grievance,1
2026-08-17,8,DRUGS_LIQUOR,police,1
2026-08-17,8,FLOOD_WATERLOGGING,police,4
2026-08-17,8,POLICE_OTHER,police,1
2026-08-17,8,ROAD_ACCIDENT,police,1
2026-08-17,8,SANITATION_TOILETS,grievance,1
2026-08-17,8,STRAY_ANIMALS,grievance,1
2026-08-17,8,VECTOR_DISEASE,grievance,1
2026-08-17,9,BUILDING_SAFETY,pwd,1
2026-08-17,9,CRIME_PROPERTY,police,1
2026-08-17,9,DARK_SPOT_SAFETY,grievance,1
2026-08-17,9,DRAINAGE_SEWAGE,grievance,1
2026-08-17,9,ENCROACHMENT,pwd,1
2026-08-17,9,FOOD_SAFETY,grievance,1
2026-08-17,9,OTHER,grievance,1
2026-08-17,9,PUBLIC_ORDER,police,1
2026-08-17,9,SANITATION_TOILETS,grievance,1
2026-08-17,9,SOLID_WASTE,grievance,3
2026-08-17,9,STREETLIGHT_ELECTRICAL,grievance,1
2026-08-17,9,WATER_SUPPLY,grievance,1
2026-08-17,10,ADMIN_SERVICES,grievance,1
2026-08-17,10,AIR_POLLUTION,grievance,1
2026-08-17,10,CRIME_PROPERTY,police,4
2026-08-17,10,CRIME_VIOLENT,police,1
2026-08-17,10,DARK_SPOT_SAFETY,grievance,1
2026-08-17,10,DRAIN_WORKS_SAFETY,grievance,1
2026-08-17,10,PUBLIC_ORDER,news,1
2026-08-17,10,ROAD_ACCIDENT,police,1
2026-08-17,10,ROAD_DAMAGE,grievance,3
2026-08-17,10,SOLID_WASTE,grievance,1
2026-08-17,10,TREES_PARKS,grievance,1
2026-08-17,11,BUILDING_SAFETY,pwd,1
2026-08-17,11,DRAINAGE_SEWAGE,pwd,3
2026-08-17,11,DRAIN_WORKS_SAFETY,grievance,1
2026-08-17,11,ROAD_ACCIDENT,police,1
2026-08-17,11,SOLID_WASTE,grievance,2
2026-08-17,11,STREETLIGHT_ELECTRICAL,grievance,1
2026-08-17,11,TRAFFIC_OBSTRUCTION,police,1
2026-08-17,11,TREES_PARKS,grievance,2
2026-08-17,12,CRIME_VIOLENT,police,1
2026-08-17,12,DRAINAGE_SEWAGE,grievance,1
2026-08-17,12,DRAINAGE_SEWAGE,pwd,1
2026-08-17,12,MISSING_PERSON,police,1
2026-08-17,12,POLICE_OTHER,police,1
2026-08-17,12,PUBLIC_ORDER,police,2
2026-08-17,12,ROAD_DAMAGE,grievance,2
2026-08-17,12,STRAY_ANIMALS,grievance,1
2026-08-17,12,STREETLIGHT_ELECTRICAL,grievance,2
2026-08-17,12,VECTOR_DISEASE,grievance,1
2026-08-17,13,CRIME_PROPERTY,police,1
2026-08-17,13,FLOOD_WATERLOGGING,pwd,1
2026-08-17,13,PUBLIC_ORDER,police,2
2026-08-17,13,ROAD_ACCIDENT,police,5
2026-08-17,13,SOLID_WASTE,grievance,3
2026-08-17,13,STRAY_ANIMALS,police,3
2026-08-17,13,STREETLIGHT_ELECTRICAL,grievance,3
2026-08-17,13,TREES_PARKS,grievance,1
2026-08-17,14,CRIME_PROPERTY,police,3
2026-08-17,14,FOOD_SAFETY,grievance,1
2026-08-17,14,ROAD_DAMAGE,grievance,1
2026-08-17,14,SOLID_WASTE,grievance,1
2026-08-17,14,STREETLIGHT_ELECTRICAL,grievance,3
2026-08-17,14,TREES_PARKS,grievance,1
2026-08-17,15,FLOOD_RELIEF,grievance,1
2026-08-17,15,FOOD_SAFETY,grievance,1
2026-08-17,,CRIME_VIOLENT,news,1
2026-08-18,1,CRIME_PROPERTY,police,1
2026-08-18,1,DRAINAGE_SEWAGE,grievance,1
2026-08-18,1,PUBLIC_ORDER,police,1
2026-08-18,1,ROAD_ACCIDENT,police,1
2026-08-18,1,ROAD_DAMAGE,grievance,1
2026-08-18,1,SOLID_WASTE,grievance,1
2026-08-18,1,STREETLIGHT_ELECTRICAL,grievance,1
2026-08-18,2,FLOOD_WATERLOGGING,grievance,1
2026-08-18,3,CRIME_PROPERTY,police,1
2026-08-18,3,DARK_SPOT_SAFETY,grievance,1
2026-08-18,3,DRUGS_LIQUOR,police,1
2026-08-18,3,SANITATION_TOILETS,grievance,1
2026-08-18,3,SOLID_WASTE,grievance,1
2026-08-18,3,STREETLIGHT_ELECTRICAL,grievance,1
2026-08-18,4,CRIME_PROPERTY,police,1
2026-08-18,4,CRIME_VIOLENT,police,1
2026-08-18,4,FLOOD_WATERLOGGING,grievance,1
2026-08-18,4,FOOD_SAFETY,grievance,1
2026-08-18,4,PUBLIC_ORDER,news,1
2026-08-18,4,PUBLIC_ORDER,police,1
2026-08-18,4,ROAD_DAMAGE,grievance,1
2026-08-18,4,SOLID_WASTE,grievance,2
2026-08-18,4,STREETLIGHT_ELECTRICAL,grievance,3
2026-08-18,5,CRIME_PROPERTY,police,7
2026-08-18,5,DRAINAGE_SEWAGE,grievance,1
2026-08-18,5,FLOOD_WATERLOGGING,grievance,1
2026-08-18,5,HEALTH_SERVICES,grievance,1
2026-08-18,5,HEALTH_SERVICES,hospital,2
2026-08-18,5,MISSING_PERSON,police,1
2026-08-18,5,ROAD_ACCIDENT,police,2
2026-08-18,5,ROAD_DAMAGE,grievance,2
2026-08-18,5,SANITATION_TOILETS,grievance,1
2026-08-18,5,SOLID_WASTE,grievance,2
2026-08-18,5,STRAY_ANIMALS,grievance,1
2026-08-18,5,STREETLIGHT_ELECTRICAL,grievance,1
2026-08-18,5,STREETLIGHT_ELECTRICAL,news,1
2026-08-18,5,VECTOR_DISEASE,grievance,2
2026-08-18,6,ADMIN_SERVICES,grievance,1
2026-08-18,6,AIR_POLLUTION,grievance,1
2026-08-18,6,CRIME_PROPERTY,police,2
2026-08-18,6,CRIME_VIOLENT,police,1
2026-08-18,6,DRAINAGE_SEWAGE,grievance,1
2026-08-18,6,FLOOD_WATERLOGGING,grievance,1
2026-08-18,6,MISSING_PERSON,police,1
2026-08-18,6,ROAD_DAMAGE,grievance,1
2026-08-18,6,SANITATION_TOILETS,grievance,1
2026-08-18,7,ADMIN_SERVICES,grievance,1
2026-08-18,7,AIR_POLLUTION,grievance,1
2026-08-18,7,CRIME_PROPERTY,police,5
2026-08-18,7,ENCROACHMENT,pwd,1
2026-08-18,7,HEALTH_SERVICES,grievance,1
2026-08-18,7,MISSING_PERSON,police,2
2026-08-18,7,ROAD_ACCIDENT,police,1
2026-08-18,7,SOLID_WASTE,grievance,3
2026-08-18,8,CRIME_PROPERTY,police,2
2026-08-18,8,DRAINAGE_SEWAGE,pwd,3
2026-08-18,8,MISSING_PERSON,police,3
2026-08-18,8,ROAD_DAMAGE,grievance,1
2026-08-18,8,SOLID_WASTE,grievance,1
2026-08-18,8,STREETLIGHT_ELECTRICAL,grievance,2
2026-08-18,8,TRAFFIC_OBSTRUCTION,grievance,1
2026-08-18,9,ADMIN_SERVICES,grievance,1
2026-08-18,9,CRIME_PROPERTY,police,4
2026-08-18,9,DARK_SPOT_SAFETY,grievance,2
2026-08-18,9,FLOOD_WATERLOGGING,grievance,1
2026-08-18,9,PUBLIC_ORDER,police,3
2026-08-18,9,ROAD_ACCIDENT,police,1
2026-08-18,9,SOLID_WASTE,grievance,4
2026-08-18,9,STRAY_ANIMALS,grievance,1
2026-08-18,9,STREETLIGHT_ELECTRICAL,grievance,1
2026-08-18,10,CRIME_PROPERTY,police,1
2026-08-18,10,CRIME_VIOLENT,police,1
2026-08-18,10,DRAINAGE_SEWAGE,pwd,1
2026-08-18,10,STREETLIGHT_ELECTRICAL,grievance,1
2026-08-18,10,TRAFFIC_OBSTRUCTION,police,2
2026-08-18,10,VECTOR_DISEASE,grievance,1
2026-08-18,11,DRAINAGE_SEWAGE,pwd,1
2026-08-18,11,ROAD_DAMAGE,grievance,1
2026-08-18,11,TRAFFIC_OBSTRUCTION,police,2
2026-08-18,11,VECTOR_DISEASE,grievance,1
2026-08-18,12,CRIME_PROPERTY,police,1
2026-08-18,12,CRIME_VIOLENT,police,2
2026-08-18,12,DRAINAGE_SEWAGE,grievance,1
2026-08-18,12,ENCROACHMENT,grievance,1
2026-08-18,13,CRIME_PROPERTY,police,1
2026-08-18,13,CRIME_VIOLENT,police,2
2026-08-18,13,ENCROACHMENT,grievance,1
2026-08-18,13,MISSING_PERSON,police,2
2026-08-18,13,PUBLIC_ORDER,police,1
2026-08-18,13,ROAD_DAMAGE,grievance,2
2026-08-18,13,SOLID_WASTE,grievance,1
2026-08-18,13,TRAFFIC_OBSTRUCTION,grievance,1
2026-08-18,13,TRAFFIC_OBSTRUCTION,police,1
2026-08-18,13,WATERBODY_INFRA,pwd,1
2026-08-18,14,ENCROACHMENT,grievance,1
2026-08-18,14,ROAD_ACCIDENT,police,3
2026-08-18,14,ROAD_DAMAGE,grievance,1
2026-08-18,14,SANITATION_TOILETS,grievance,1
2026-08-18,15,ADMIN_SERVICES,grievance,1
2026-08-18,15,CRIME_PROPERTY,police,2
2026-08-18,15,FLOOD_WATERLOGGING,grievance,1
2026-08-18,15,MISSING_PERSON,police,1
2026-08-18,15,PUBLIC_ORDER,police,2
2026-08-18,,CRIME_VIOLENT,news,2
2026-08-18,,DRAINAGE_SEWAGE,news,1
2026-08-18,,PUBLIC_ORDER,police,2
2026-08-18,,ROAD_ACCIDENT,news,3
2026-08-18,,STREETLIGHT_ELECTRICAL,news,1
2026-08-19,1,CRIME_PROPERTY,police,1
2026-08-19,1,DRAINAGE_SEWAGE,pwd,1
2026-08-19,1,ENCROACHMENT,grievance,1
2026-08-19,1,STRAY_ANIMALS,grievance,1
2026-08-19,1,STREETLIGHT_ELECTRICAL,grievance,4
2026-08-19,1,STREETLIGHT_ELECTRICAL,police,1
2026-08-19,1,TRAFFIC_OBSTRUCTION,police,2
2026-08-19,2,CRIME_VIOLENT,news,1
2026-08-19,2,DRAINAGE_SEWAGE,grievance,1
2026-08-19,2,FOOD_SAFETY,grievance,1
2026-08-19,2,MISSING_PERSON,police,1
2026-08-19,2,SOLID_WASTE,grievance,3
2026-08-19,2,TRAFFIC_OBSTRUCTION,police,1
2026-08-19,3,CRIME_PROPERTY,police,1
2026-08-19,3,CRIME_VIOLENT,police,1
2026-08-19,3,DRAINAGE_SEWAGE,grievance,1
2026-08-19,3,PUBLIC_ORDER,police,1
2026-08-19,3,SOLID_WASTE,grievance,3
2026-08-19,3,STREETLIGHT_ELECTRICAL,grievance,1
2026-08-19,3,TRAFFIC_OBSTRUCTION,grievance,1
2026-08-19,4,CRIME_PROPERTY,police,2
2026-08-19,4,PUBLIC_WORKS,grievance,1
2026-08-19,4,ROAD_ACCIDENT,police,1
2026-08-19,4,ROAD_DAMAGE,grievance,2
2026-08-19,4,SOLID_WASTE,grievance,1
2026-08-19,4,STREETLIGHT_ELECTRICAL,grievance,3
2026-08-19,4,TRAFFIC_OBSTRUCTION,police,1
2026-08-19,5,BUILDING_SAFETY,pwd,1
2026-08-19,5,CRIME_PROPERTY,police,1
2026-08-19,5,CRIME_VIOLENT,police,1
2026-08-19,5,ENCROACHMENT,grievance,1
2026-08-19,5,FLOOD_WATERLOGGING,grievance,1
2026-08-19,5,PUBLIC_ORDER,police,1
2026-08-19,5,ROAD_DAMAGE,grievance,1
2026-08-19,5,SANITATION_TOILETS,grievance,2
2026-08-19,5,SOLID_WASTE,grievance,2
2026-08-19,5,STREETLIGHT_ELECTRICAL,grievance,4
2026-08-19,5,TRAFFIC_OBSTRUCTION,police,1
2026-08-19,5,VECTOR_DISEASE,grievance,1
2026-08-19,5,VECTOR_DISEASE,hospital,1
2026-08-19,6,CRIME_PROPERTY,police,1
2026-08-19,6,DARK_SPOT_SAFETY,grievance,1
2026-08-19,6,DRAINAGE_SEWAGE,grievance,1
2026-08-19,6,DRAINAGE_SEWAGE,pwd,1
2026-08-19,6,ENCROACHMENT,pwd,1
2026-08-19,6,FLOOD_WATERLOGGING,grievance,1
2026-08-19,6,MISSING_PERSON,police,2
2026-08-19,6,OTHER,grievance,1
2026-08-19,6,PUBLIC_ORDER,police,1
2026-08-19,6,ROAD_ACCIDENT,police,3
2026-08-19,6,STRAY_ANIMALS,police,1
2026-08-19,6,STREETLIGHT_ELECTRICAL,grievance,1
2026-08-19,6,TRAFFIC_OBSTRUCTION,police,1
2026-08-19,7,CRIME_PROPERTY,police,4
2026-08-19,7,PUBLIC_ORDER,police,2
2026-08-19,7,SANITATION_TOILETS,grievance,1
2026-08-19,7,STREETLIGHT_ELECTRICAL,grievance,1
2026-08-19,8,CRIME_PROPERTY,police,1
2026-08-19,8,DRAINAGE_SEWAGE,grievance,1
2026-08-19,8,DRUGS_LIQUOR,police,1
2026-08-19,8,STREETLIGHT_ELECTRICAL,grievance,4
2026-08-19,9,ADMIN_SERVICES,grievance,1
2026-08-19,9,CRIME_VIOLENT,police,1
2026-08-19,9,DRAIN_WORKS_SAFETY,grievance,1
2026-08-19,9,DRUGS_LIQUOR,police,1
2026-08-19,9,ENCROACHMENT,pwd,1
2026-08-19,9,MISSING_PERSON,police,1
2026-08-19,9,OTHER,grievance,1
2026-08-19,9,PUBLIC_ORDER,police,2
2026-08-19,9,ROAD_ACCIDENT,police,1
2026-08-19,9,SOLID_WASTE,grievance,4
2026-08-19,9,STREETLIGHT_ELECTRICAL,grievance,2
2026-08-19,10,CRIME_PROPERTY,police,8
2026-08-19,10,FLOOD_WATERLOGGING,police,1
2026-08-19,10,ROAD_ACCIDENT,police,3
2026-08-19,10,SOLID_WASTE,grievance,2
2026-08-19,10,STRAY_ANIMALS,grievance,1
2026-08-19,10,STREETLIGHT_ELECTRICAL,grievance,1
2026-08-19,10,TRAFFIC_OBSTRUCTION,police,2
2026-08-19,11,ADMIN_SERVICES,grievance,1
2026-08-19,11,DRUGS_LIQUOR,police,1
2026-08-19,11,PUBLIC_ORDER,police,1
2026-08-19,11,SOLID_WASTE,grievance,2
2026-08-19,12,BUILDING_SAFETY,pwd,1
2026-08-19,12,ENCROACHMENT,grievance,1
2026-08-19,12,ROAD_ACCIDENT,police,2
2026-08-19,12,SOLID_WASTE,grievance,1
2026-08-19,13,CRIME_PROPERTY,police,1
2026-08-19,13,CRIME_VIOLENT,police,2
2026-08-19,13,OTHER,grievance,1
2026-08-19,13,PUBLIC_ORDER,police,2
2026-08-19,13,SANITATION_TOILETS,grievance,2
2026-08-19,13,SOLID_WASTE,grievance,1
2026-08-19,13,STREETLIGHT_ELECTRICAL,grievance,1
2026-08-19,13,TRAFFIC_OBSTRUCTION,police,1
2026-08-19,13,WATERBODY_INFRA,pwd,2
2026-08-19,14,FLOOD_WATERLOGGING,grievance,1
2026-08-19,14,ROAD_ACCIDENT,police,4
2026-08-19,14,SANITATION_TOILETS,grievance,2
2026-08-19,14,SOLID_WASTE,grievance,2
2026-08-19,14,STREETLIGHT_ELECTRICAL,grievance,1
2026-08-19,15,BUILDING_SAFETY,pwd,1
2026-08-19,15,CRIME_PROPERTY,police,2
2026-08-19,,CRIME_VIOLENT,news,2
2026-08-19,,ROAD_DAMAGE,news,1
2026-08-20,1,ADMIN_SERVICES,grievance,1
2026-08-20,1,CRIME_PROPERTY,police,2
2026-08-20,1,CRIME_VIOLENT,police,1
2026-08-20,1,HEALTH_SERVICES,grievance,1
2026-08-20,1,PUBLIC_ORDER,police,1
2026-08-20,1,SOLID_WASTE,grievance,1
2026-08-20,1,STREETLIGHT_ELECTRICAL,grievance,1
2026-08-20,2,CRIME_PROPERTY,police,1
2026-08-20,2,DRAIN_WORKS_SAFETY,grievance,1
2026-08-20,2,ROAD_ACCIDENT,police,1
2026-08-20,2,STRAY_ANIMALS,grievance,1
2026-08-20,2,TRAFFIC_OBSTRUCTION,grievance,1
2026-08-20,3,DRAINAGE_SEWAGE,grievance,1
2026-08-20,3,DRAINAGE_SEWAGE,pwd,1
2026-08-20,3,DRAIN_WORKS_SAFETY,grievance,1
2026-08-20,3,ROAD_ACCIDENT,police,1
2026-08-20,3,SANITATION_TOILETS,grievance,1
2026-08-20,3,SOLID_WASTE,grievance,2
2026-08-20,3,STRAY_ANIMALS,grievance,1
2026-08-20,3,TRAFFIC_OBSTRUCTION,police,1
2026-08-20,3,WATERBODY_INFRA,pwd,1
2026-08-20,4,CRIME_VIOLENT,police,2
2026-08-20,4,FLOOD_WATERLOGGING,grievance,1
2026-08-20,4,OTHER,grievance,1
2026-08-20,4,ROAD_DAMAGE,grievance,1
2026-08-20,4,SANITATION_TOILETS,grievance,1
2026-08-20,4,STREETLIGHT_ELECTRICAL,grievance,1
2026-08-20,4,TRAFFIC_OBSTRUCTION,police,3
2026-08-20,4,TREES_PARKS,grievance,2
2026-08-20,4,VECTOR_DISEASE,grievance,1
2026-08-20,5,ADMIN_SERVICES,grievance,1
2026-08-20,5,CRIME_PROPERTY,police,6
2026-08-20,5,CRIME_VIOLENT,police,1
2026-08-20,5,DRAIN_WORKS_SAFETY,grievance,2
2026-08-20,5,DRUGS_LIQUOR,police,1
2026-08-20,5,ENCROACHMENT,grievance,1
2026-08-20,5,FOOD_SAFETY,grievance,1
2026-08-20,5,HEALTH_SERVICES,grievance,1
2026-08-20,5,MISSING_PERSON,police,1
2026-08-20,5,PUBLIC_ORDER,police,1
2026-08-20,5,ROAD_ACCIDENT,police,1
2026-08-20,5,SOLID_WASTE,grievance,3
2026-08-20,5,STREETLIGHT_ELECTRICAL,grievance,1
2026-08-20,5,TRAFFIC_OBSTRUCTION,police,1
2026-08-20,5,VECTOR_DISEASE,grievance,3
2026-08-20,6,ADMIN_SERVICES,grievance,1
2026-08-20,6,CRIME_PROPERTY,police,1
2026-08-20,6,CRIME_VIOLENT,police,1
2026-08-20,6,DARK_SPOT_SAFETY,grievance,1
2026-08-20,6,DRAINAGE_SEWAGE,pwd,1
2026-08-20,6,ENCROACHMENT,grievance,1
2026-08-20,6,FOOD_SAFETY,grievance,1
2026-08-20,6,MISSING_PERSON,police,1
2026-08-20,6,PUBLIC_WORKS,grievance,1
2026-08-20,6,ROAD_DAMAGE,grievance,1
2026-08-20,6,SOLID_WASTE,grievance,2
2026-08-20,6,STREETLIGHT_ELECTRICAL,grievance,2
2026-08-20,6,TRAFFIC_OBSTRUCTION,police,1
2026-08-20,7,BUILDING_SAFETY,pwd,2
2026-08-20,7,CRIME_PROPERTY,police,3
2026-08-20,7,CRIME_VIOLENT,police,1
2026-08-20,7,FLOOD_WATERLOGGING,grievance,1
2026-08-20,7,PUBLIC_ORDER,police,1
2026-08-20,7,ROAD_DAMAGE,grievance,1
2026-08-20,7,SANITATION_TOILETS,grievance,1
2026-08-20,8,CRIME_PROPERTY,police,2
2026-08-20,8,CRIME_VIOLENT,police,1
2026-08-20,8,OTHER,grievance,1
2026-08-20,8,PUBLIC_ORDER,police,1
2026-08-20,8,SOLID_WASTE,grievance,2
2026-08-20,8,STREETLIGHT_ELECTRICAL,grievance,4
2026-08-20,8,STREETLIGHT_ELECTRICAL,news,1
2026-08-20,8,VECTOR_DISEASE,grievance,1
2026-08-20,9,BUILDING_SAFETY,pwd,2
2026-08-20,9,CRIME_PROPERTY,police,1
2026-08-20,9,CRIME_VIOLENT,police,1
2026-08-20,9,DRAINAGE_SEWAGE,pwd,1
2026-08-20,9,DRUGS_LIQUOR,police,1
2026-08-20,9,OTHER,grievance,1
2026-08-20,9,ROAD_ACCIDENT,police,1
2026-08-20,9,ROAD_DAMAGE,grievance,1
2026-08-20,9,SANITATION_TOILETS,grievance,1
2026-08-20,9,SOLID_WASTE,grievance,5
2026-08-20,9,STRAY_ANIMALS,grievance,1
2026-08-20,9,STREETLIGHT_ELECTRICAL,grievance,3
2026-08-20,10,BUILDING_SAFETY,pwd,1
2026-08-20,10,CRIME_PROPERTY,police,1
2026-08-20,10,CRIME_VIOLENT,police,1
2026-08-20,10,DRAIN_WORKS_SAFETY,grievance,1
2026-08-20,10,MISSING_PERSON,police,1
2026-08-20,10,OTHER,grievance,1
2026-08-20,10,ROAD_DAMAGE,grievance,1
2026-08-20,10,SOLID_WASTE,grievance,3
2026-08-20,10,TRAFFIC_OBSTRUCTION,police,2
2026-08-20,11,CRIME_PROPERTY,police,2
2026-08-20,11,DRAINAGE_SEWAGE,pwd,2
2026-08-20,11,ENCROACHMENT,pwd,1
2026-08-20,11,MISSING_PERSON,police,1
2026-08-20,11,OTHER,grievance,2
2026-08-20,11,OTHER,pwd,1
2026-08-20,11,ROAD_DAMAGE,grievance,1
2026-08-20,11,STREETLIGHT_ELECTRICAL,grievance,2
2026-08-20,12,DRAINAGE_SEWAGE,grievance,1
2026-08-20,12,ENCROACHMENT,grievance,1
2026-08-20,12,ENCROACHMENT,pwd,1
2026-08-20,12,PUBLIC_ORDER,police,3
2026-08-20,12,ROAD_ACCIDENT,police,1
2026-08-20,12,SOLID_WASTE,grievance,1
2026-08-20,12,STREETLIGHT_ELECTRICAL,grievance,2
2026-08-20,13,CRIME_PROPERTY,police,2
2026-08-20,13,CRIME_VIOLENT,police,2
2026-08-20,13,PUBLIC_ORDER,police,1
2026-08-20,13,STREETLIGHT_ELECTRICAL,grievance,1
2026-08-20,13,TREES_PARKS,grievance,1
2026-08-20,14,CRIME_PROPERTY,police,1
2026-08-20,14,FOOD_SAFETY,grievance,1
2026-08-20,14,PUBLIC_ORDER,police,1
2026-08-20,14,SOLID_WASTE,grievance,1
2026-08-20,15,CRIME_VIOLENT,police,3
2026-08-20,15,DRAINAGE_SEWAGE,grievance,1
2026-08-20,15,STREETLIGHT_ELECTRICAL,grievance,2
2026-08-20,15,TRAFFIC_OBSTRUCTION,grievance,1
2026-08-20,15,TRAFFIC_OBSTRUCTION,police,2
2026-08-20,,CRIME_PROPERTY,police,1
2026-08-20,,CRIME_VIOLENT,news,1
2026-08-20,,ROAD_ACCIDENT,news,2
2026-08-21,1,ADMIN_SERVICES,grievance,1
2026-08-21,1,DRAINAGE_SEWAGE,news,1
2026-08-21,1,DRAINAGE_SEWAGE,pwd,1
2026-08-21,1,DRAIN_WORKS_SAFETY,grievance,1
2026-08-21,1,FLOOD_WATERLOGGING,grievance,1
2026-08-21,1,FLOOD_WATERLOGGING,police,1
2026-08-21,1,PUBLIC_ORDER,police,1
2026-08-21,1,SOLID_WASTE,grievance,2
2026-08-21,1,WATERBODY_INFRA,pwd,1
2026-08-21,2,ADMIN_SERVICES,grievance,1
2026-08-21,2,ROAD_DAMAGE,grievance,1
2026-08-21,2,TRAFFIC_OBSTRUCTION,police,2
2026-08-21,3,CRIME_PROPERTY,police,1
2026-08-21,3,PUBLIC_ORDER,police,1
2026-08-21,3,ROAD_ACCIDENT,police,2
2026-08-21,3,SOLID_WASTE,grievance,2
2026-08-21,4,CRIME_PROPERTY,police,2
2026-08-21,4,CRIME_VIOLENT,police,1
2026-08-21,4,DRAINAGE_SEWAGE,news,1
2026-08-21,4,HEALTH_SERVICES,grievance,1
2026-08-21,4,MISSING_PERSON,police,2
2026-08-21,4,OTHER,grievance,1
2026-08-21,4,PUBLIC_ORDER,police,1
2026-08-21,4,PUBLIC_WORKS,grievance,2
2026-08-21,4,ROAD_DAMAGE,grievance,1
2026-08-21,4,SOLID_WASTE,grievance,2
2026-08-21,4,STRAY_ANIMALS,grievance,1
2026-08-21,4,STREETLIGHT_ELECTRICAL,grievance,1
2026-08-21,4,TRAFFIC_OBSTRUCTION,police,3
2026-08-21,5,BUILDING_SAFETY,pwd,1
2026-08-21,5,CRIME_PROPERTY,police,1
2026-08-21,5,DRAINAGE_SEWAGE,grievance,1
2026-08-21,5,FLOOD_WATERLOGGING,grievance,1
2026-08-21,5,FOOD_SAFETY,grievance,1
2026-08-21,5,HEALTH_SERVICES,grievance,1
2026-08-21,5,ROAD_DAMAGE,grievance,1
2026-08-21,5,STREETLIGHT_ELECTRICAL,grievance,2
2026-08-21,5,TRAFFIC_OBSTRUCTION,police,1
2026-08-21,5,VECTOR_DISEASE,grievance,1
2026-08-21,5,VECTOR_DISEASE,hospital,1
2026-08-21,6,CRIME_VIOLENT,police,2
2026-08-21,6,DRAINAGE_SEWAGE,pwd,2
2026-08-21,6,DRAIN_WORKS_SAFETY,grievance,1
2026-08-21,6,FLOOD_WATERLOGGING,pwd,1
2026-08-21,6,ROAD_ACCIDENT,police,1
2026-08-21,6,ROAD_DAMAGE,grievance,2
2026-08-21,6,TRAFFIC_OBSTRUCTION,grievance,1
2026-08-21,6,VECTOR_DISEASE,grievance,1
2026-08-21,7,CRIME_PROPERTY,police,1
2026-08-21,7,DRAINAGE_SEWAGE,grievance,1
2026-08-21,7,DRAIN_WORKS_SAFETY,grievance,1
2026-08-21,7,FLOOD_WATERLOGGING,news,1
2026-08-21,7,ROAD_ACCIDENT,police,4
2026-08-21,7,STRAY_ANIMALS,grievance,1
2026-08-21,7,STREETLIGHT_ELECTRICAL,grievance,1
2026-08-21,7,WATERBODY_INFRA,pwd,1
2026-08-21,8,CRIME_PROPERTY,police,2
2026-08-21,8,CRIME_VIOLENT,police,3
2026-08-21,8,DARK_SPOT_SAFETY,grievance,1
2026-08-21,8,DRAINAGE_SEWAGE,grievance,1
2026-08-21,8,FOOD_SAFETY,grievance,1
2026-08-21,8,HEALTH_SERVICES,hospital,1
2026-08-21,8,OTHER,grievance,2
2026-08-21,8,PUBLIC_ORDER,police,1
2026-08-21,8,ROAD_DAMAGE,grievance,3
2026-08-21,8,SOLID_WASTE,grievance,2
2026-08-21,8,STREETLIGHT_ELECTRICAL,grievance,2
2026-08-21,9,DRAINAGE_SEWAGE,grievance,1
2026-08-21,9,DRAIN_WORKS_SAFETY,grievance,1
2026-08-21,9,DRUGS_LIQUOR,police,1
2026-08-21,9,ENCROACHMENT,pwd,1
2026-08-21,9,HEALTH_SERVICES,grievance,1
2026-08-21,9,OTHER,grievance,1
2026-08-21,9,SANITATION_TOILETS,grievance,1
2026-08-21,9,SOLID_WASTE,grievance,1
2026-08-21,10,ADMIN_SERVICES,grievance,1
2026-08-21,10,CRIME_VIOLENT,police,1
2026-08-21,10,FLOOD_RELIEF,grievance,1
2026-08-21,10,FLOOD_WATERLOGGING,grievance,2
2026-08-21,10,FLOOD_WATERLOGGING,pwd,1
2026-08-21,10,MISSING_PERSON,police,1
2026-08-21,10,PUBLIC_ORDER,police,1
2026-08-21,10,ROAD_ACCIDENT,police,1
2026-08-21,10,ROAD_DAMAGE,grievance,1
2026-08-21,10,SANITATION_TOILETS,grievance,1
2026-08-21,10,SOLID_WASTE,grievance,5
2026-08-21,10,STRAY_ANIMALS,grievance,1
2026-08-21,10,TRAFFIC_OBSTRUCTION,police,1
2026-08-21,10,TREES_PARKS,grievance,1
2026-08-21,11,PUBLIC_WORKS,grievance,1
2026-08-21,11,SOLID_WASTE,grievance,1
2026-08-21,11,TREES_PARKS,grievance,1
2026-08-21,12,BUILDING_SAFETY,pwd,1
2026-08-21,12,DARK_SPOT_SAFETY,grievance,1
2026-08-21,12,DRAINAGE_SEWAGE,grievance,1
2026-08-21,12,FLOOD_WATERLOGGING,grievance,1
2026-08-21,12,PUBLIC_ORDER,police,2
2026-08-21,12,SOLID_WASTE,grievance,1
2026-08-21,12,TRAFFIC_OBSTRUCTION,police,2
2026-08-21,13,ADMIN_SERVICES,grievance,1
2026-08-21,13,CIVIC_FACILITIES,grievance,1
2026-08-21,13,CRIME_PROPERTY,police,2
2026-08-21,13,CRIME_VIOLENT,police,1
2026-08-21,13,DRAINAGE_SEWAGE,grievance,1
2026-08-21,13,ENCROACHMENT,grievance,1
2026-08-21,13,ENCROACHMENT,pwd,2
2026-08-21,13,PUBLIC_ORDER,police,4
2026-08-21,13,PUBLIC_WORKS,grievance,1
2026-08-21,13,SOLID_WASTE,grievance,2
2026-08-21,13,STRAY_ANIMALS,grievance,1
2026-08-21,13,WATERBODY_INFRA,pwd,1
2026-08-21,14,CRIME_PROPERTY,police,2
2026-08-21,14,DRAIN_WORKS_SAFETY,grievance,1
2026-08-21,14,SANITATION_TOILETS,grievance,1
2026-08-21,14,STRAY_ANIMALS,grievance,1
2026-08-21,15,CRIME_PROPERTY,police,2
2026-08-21,15,DRAINAGE_SEWAGE,grievance,1
2026-08-21,15,PUBLIC_ORDER,police,2
2026-08-21,15,ROAD_DAMAGE,grievance,2
2026-08-21,15,SOLID_WASTE,grievance,2
2026-08-21,15,STRAY_ANIMALS,grievance,1
2026-08-21,,CRIME_PROPERTY,news,1
2026-08-21,,CRIME_VIOLENT,news,1
2026-08-21,,DRAINAGE_SEWAGE,news,2
2026-08-21,,WATER_SUPPLY,news,2
2026-08-22,1,CRIME_PROPERTY,police,1
2026-08-22,1,DRAINAGE_SEWAGE,grievance,2
2026-08-22,1,DRAINAGE_SEWAGE,news,2
2026-08-22,1,DRAIN_WORKS_SAFETY,grievance,1
2026-08-22,1,ENCROACHMENT,grievance,1
2026-08-22,1,FLOOD_WATERLOGGING,police,1
2026-08-22,1,TRAFFIC_OBSTRUCTION,police,1
2026-08-22,2,DRAIN_WORKS_SAFETY,grievance,1
2026-08-22,2,MISSING_PERSON,police,1
2026-08-22,2,SANITATION_TOILETS,grievance,1
2026-08-22,2,SOLID_WASTE,grievance,1
2026-08-22,3,CRIME_PROPERTY,police,1
2026-08-22,3,DRAIN_WORKS_SAFETY,grievance,1
2026-08-22,3,FLOOD_WATERLOGGING,grievance,1
2026-08-22,3,ROAD_DAMAGE,grievance,1
2026-08-22,4,DARK_SPOT_SAFETY,grievance,1
2026-08-22,4,DRAIN_WORKS_SAFETY,grievance,1
2026-08-22,4,DRUGS_LIQUOR,police,2
2026-08-22,4,FLOOD_WATERLOGGING,grievance,1
2026-08-22,4,FOOD_SAFETY,grievance,1
2026-08-22,4,PUBLIC_WORKS,grievance,1
2026-08-22,4,ROAD_DAMAGE,grievance,2
2026-08-22,4,SOLID_WASTE,grievance,1
2026-08-22,4,STREETLIGHT_ELECTRICAL,grievance,1
2026-08-22,5,ADMIN_SERVICES,grievance,1
2026-08-22,5,CRIME_PROPERTY,police,6
2026-08-22,5,CRIME_VIOLENT,police,1
2026-08-22,5,DRAINAGE_SEWAGE,grievance,1
2026-08-22,5,DRAIN_WORKS_SAFETY,grievance,1
2026-08-22,5,HEALTH_SERVICES,grievance,1
2026-08-22,5,OTHER,grievance,2
2026-08-22,5,PUBLIC_ORDER,police,1
2026-08-22,5,ROAD_ACCIDENT,police,1
2026-08-22,5,SOLID_WASTE,grievance,1
2026-08-22,5,STREETLIGHT_ELECTRICAL,grievance,2
2026-08-22,5,TRAFFIC_OBSTRUCTION,police,4
2026-08-22,5,VECTOR_DISEASE,hospital,1
2026-08-22,6,CRIME_PROPERTY,police,2
2026-08-22,6,CRIME_VIOLENT,police,5
2026-08-22,6,DARK_SPOT_SAFETY,grievance,1
2026-08-22,6,DRAINAGE_SEWAGE,grievance,1
2026-08-22,6,DRAINAGE_SEWAGE,pwd,1
2026-08-22,6,ENCROACHMENT,grievance,1
2026-08-22,6,MISSING_PERSON,police,1
2026-08-22,6,PUBLIC_ORDER,police,1
2026-08-22,6,ROAD_ACCIDENT,police,1
2026-08-22,6,SOLID_WASTE,grievance,3
2026-08-22,6,STREETLIGHT_ELECTRICAL,grievance,1
2026-08-22,7,SOLID_WASTE,grievance,1
2026-08-22,7,STREETLIGHT_ELECTRICAL,grievance,1
2026-08-22,8,ADMIN_SERVICES,grievance,1
2026-08-22,8,CRIME_PROPERTY,police,2
2026-08-22,8,DARK_SPOT_SAFETY,grievance,1
2026-08-22,8,DRAINAGE_SEWAGE,grievance,1
2026-08-22,8,ENCROACHMENT,grievance,1
2026-08-22,8,FLOOD_WATERLOGGING,news,1
2026-08-22,8,MISSING_PERSON,police,1
2026-08-22,8,PUBLIC_ORDER,police,1
2026-08-22,8,ROAD_ACCIDENT,police,1
2026-08-22,8,SANITATION_TOILETS,grievance,2
2026-08-22,8,SOLID_WASTE,grievance,2
2026-08-22,8,TRAFFIC_OBSTRUCTION,police,2
2026-08-22,9,ADMIN_SERVICES,grievance,1
2026-08-22,9,CIVIC_FACILITIES,grievance,1
2026-08-22,9,CRIME_PROPERTY,police,1
2026-08-22,9,DRAINAGE_SEWAGE,grievance,1
2026-08-22,9,OTHER,grievance,1
2026-08-22,9,PUBLIC_ORDER,police,1
2026-08-22,9,STRAY_ANIMALS,grievance,1
2026-08-22,9,STREETLIGHT_ELECTRICAL,grievance,4
2026-08-22,9,TRAFFIC_OBSTRUCTION,grievance,1
2026-08-22,10,BUILDING_SAFETY,pwd,1
2026-08-22,10,CRIME_PROPERTY,police,1
2026-08-22,10,DRAINAGE_SEWAGE,grievance,2
2026-08-22,10,SANITATION_TOILETS,grievance,1
2026-08-22,10,SOLID_WASTE,grievance,1
2026-08-22,10,STREETLIGHT_ELECTRICAL,grievance,3
2026-08-22,10,TRAFFIC_OBSTRUCTION,police,1
2026-08-22,11,DRUGS_LIQUOR,police,1
2026-08-22,11,ENCROACHMENT,pwd,1
2026-08-22,11,SOLID_WASTE,grievance,2
2026-08-22,11,STREETLIGHT_ELECTRICAL,grievance,3
2026-08-22,12,CRIME_PROPERTY,police,1
2026-08-22,12,DRAIN_WORKS_SAFETY,grievance,1
2026-08-22,12,SOLID_WASTE,grievance,1
2026-08-22,12,TRAFFIC_OBSTRUCTION,police,1
2026-08-22,13,CIVIC_FACILITIES,grievance,2
2026-08-22,13,CRIME_PROPERTY,police,3
2026-08-22,13,CRIME_VIOLENT,police,3
2026-08-22,13,DRUGS_LIQUOR,police,1
2026-08-22,13,ENCROACHMENT,pwd,1
2026-08-22,13,FLOOD_WATERLOGGING,grievance,1
2026-08-22,13,ROAD_DAMAGE,grievance,1
2026-08-22,13,TRAFFIC_OBSTRUCTION,police,1
2026-08-22,14,CRIME_PROPERTY,police,2
2026-08-22,14,DRAINAGE_SEWAGE,grievance,1
2026-08-22,14,DRAIN_WORKS_SAFETY,grievance,1
2026-08-22,14,FLOOD_WATERLOGGING,grievance,1
2026-08-22,14,SOLID_WASTE,grievance,1
2026-08-22,15,ADMIN_SERVICES,grievance,1
2026-08-22,15,CRIME_PROPERTY,police,3
2026-08-22,15,MISSING_PERSON,police,1
2026-08-22,15,POLICE_OTHER,police,2
2026-08-22,15,PUBLIC_ORDER,police,3
2026-08-22,15,SANITATION_TOILETS,grievance,1
2026-08-22,15,SOLID_WASTE,grievance,3
2026-08-22,,CRIME_VIOLENT,news,5
2026-08-22,,DRAINAGE_SEWAGE,news,2
2026-08-22,,HEALTH_SERVICES,hospital,1
2026-08-22,,STREETLIGHT_ELECTRICAL,news,1
2026-08-22,,WATER_SUPPLY,news,1
2026-08-23,1,DARK_SPOT_SAFETY,grievance,1
2026-08-23,1,DRAINAGE_SEWAGE,grievance,1
2026-08-23,1,DRAINAGE_SEWAGE,news,1
2026-08-23,1,OTHER,grievance,2
2026-08-23,1,ROAD_ACCIDENT,police,1
2026-08-23,1,ROAD_DAMAGE,grievance,1
2026-08-23,1,STRAY_ANIMALS,grievance,1
2026-08-23,1,VECTOR_DISEASE,grievance,1
2026-08-23,2,CRIME_PROPERTY,police,1
2026-08-23,2,CRIME_VIOLENT,police,1
2026-08-23,2,SOLID_WASTE,grievance,1
2026-08-23,3,ADMIN_SERVICES,grievance,1
2026-08-23,3,CRIME_PROPERTY,police,3
2026-08-23,3,CRIME_VIOLENT,police,5
2026-08-23,3,FLOOD_WATERLOGGING,grievance,2
2026-08-23,3,SOLID_WASTE,grievance,2
2026-08-23,3,STRAY_ANIMALS,grievance,1
2026-08-23,4,DRAINAGE_SEWAGE,pwd,1
2026-08-23,4,DRAIN_WORKS_SAFETY,grievance,1
2026-08-23,4,FOOD_SAFETY,grievance,2
2026-08-23,4,MISSING_PERSON,police,2
2026-08-23,4,SOLID_WASTE,grievance,2
2026-08-23,4,STREETLIGHT_ELECTRICAL,grievance,1
2026-08-23,5,CRIME_PROPERTY,police,1
2026-08-23,5,DRAINAGE_SEWAGE,grievance,1
2026-08-23,5,PUBLIC_ORDER,police,1
2026-08-23,5,SOLID_WASTE,grievance,1
2026-08-23,5,STREETLIGHT_ELECTRICAL,grievance,1
2026-08-23,5,TRAFFIC_OBSTRUCTION,police,1
2026-08-23,5,VECTOR_DISEASE,hospital,2
2026-08-23,6,CRIME_PROPERTY,news,1
2026-08-23,6,CRIME_PROPERTY,police,1
2026-08-23,6,DRAINAGE_SEWAGE,grievance,1
2026-08-23,6,DRAIN_WORKS_SAFETY,grievance,1
2026-08-23,6,MISSING_PERSON,police,1
2026-08-23,6,ROAD_ACCIDENT,police,1
2026-08-23,6,STRAY_ANIMALS,grievance,1
2026-08-23,6,TRAFFIC_OBSTRUCTION,police,3
2026-08-23,7,CIVIC_FACILITIES,grievance,1
2026-08-23,7,CRIME_PROPERTY,police,1
2026-08-23,7,DRAIN_WORKS_SAFETY,grievance,1
2026-08-23,7,PUBLIC_ORDER,police,1
2026-08-23,7,SOLID_WASTE,grievance,1
2026-08-23,7,TRAFFIC_OBSTRUCTION,police,1
2026-08-23,7,WATERBODY_INFRA,pwd,2
2026-08-23,8,BUILDING_SAFETY,pwd,1
2026-08-23,8,CRIME_PROPERTY,police,6
2026-08-23,8,CRIME_VIOLENT,police,1
2026-08-23,8,DRUGS_LIQUOR,police,1
2026-08-23,8,ENCROACHMENT,pwd,1
2026-08-23,8,FLOOD_WATERLOGGING,grievance,1
2026-08-23,8,POLICE_OTHER,police,1
2026-08-23,8,PUBLIC_ORDER,police,2
2026-08-23,8,ROAD_ACCIDENT,police,1
2026-08-23,8,ROAD_DAMAGE,grievance,1
2026-08-23,8,SANITATION_TOILETS,grievance,1
2026-08-23,8,STREETLIGHT_ELECTRICAL,grievance,2
2026-08-23,8,VECTOR_DISEASE,grievance,1
2026-08-23,9,CRIME_PROPERTY,police,1
2026-08-23,9,DRAIN_WORKS_SAFETY,grievance,1
2026-08-23,9,DRUGS_LIQUOR,police,1
2026-08-23,9,FLOOD_WATERLOGGING,grievance,2
2026-08-23,9,HEALTH_SERVICES,grievance,1
2026-08-23,9,ROAD_ACCIDENT,police,1
2026-08-23,9,SOLID_WASTE,grievance,4
2026-08-23,9,VECTOR_DISEASE,grievance,1
2026-08-23,10,BUILDING_SAFETY,police,1
2026-08-23,10,BUILDING_SAFETY,pwd,1
2026-08-23,10,CRIME_PROPERTY,police,3
2026-08-23,10,HEALTH_SERVICES,grievance,1
2026-08-23,10,MISSING_PERSON,police,1
2026-08-23,10,PUBLIC_ORDER,police,1
2026-08-23,10,ROAD_ACCIDENT,police,2
2026-08-23,10,SOLID_WASTE,grievance,3
2026-08-23,10,STRAY_ANIMALS,grievance,1
2026-08-23,11,CRIME_PROPERTY,police,1
2026-08-23,11,CRIME_VIOLENT,police,4
2026-08-23,11,FLOOD_WATERLOGGING,grievance,1
2026-08-23,11,PUBLIC_ORDER,police,1
2026-08-23,11,ROAD_ACCIDENT,police,1
2026-08-23,11,SOLID_WASTE,grievance,1
2026-08-23,11,STREETLIGHT_ELECTRICAL,grievance,1
2026-08-23,12,CRIME_PROPERTY,police,1
2026-08-23,12,FLOOD_WATERLOGGING,pwd,1
2026-08-23,12,ROAD_ACCIDENT,police,2
2026-08-23,12,SANITATION_TOILETS,grievance,1
2026-08-23,13,CRIME_PROPERTY,police,8
2026-08-23,13,DRAINAGE_SEWAGE,pwd,1
2026-08-23,13,DRAIN_WORKS_SAFETY,grievance,1
2026-08-23,13,PUBLIC_ORDER,police,1
2026-08-23,13,ROAD_ACCIDENT,police,3
2026-08-23,13,SANITATION_TOILETS,grievance,1
2026-08-23,13,SOLID_WASTE,grievance,1
2026-08-23,13,STREETLIGHT_ELECTRICAL,grievance,1
2026-08-23,13,WATERBODY_INFRA,pwd,1
2026-08-23,14,CRIME_PROPERTY,police,1
2026-08-23,14,DRAINAGE_SEWAGE,grievance,1
2026-08-23,14,ROAD_ACCIDENT,police,2
2026-08-23,14,SOLID_WASTE,grievance,2
2026-08-23,14,TREES_PARKS,grievance,1
2026-08-23,15,CRIME_PROPERTY,police,1
2026-08-23,15,CRIME_VIOLENT,police,1
2026-08-23,15,DRAINAGE_SEWAGE,grievance,1
2026-08-23,15,HEALTH_SERVICES,grievance,1
2026-08-23,15,MISSING_PERSON,police,2
2026-08-23,15,POLICE_OTHER,police,2
2026-08-23,15,PUBLIC_ORDER,police,1
2026-08-23,15,ROAD_ACCIDENT,police,2
2026-08-23,,CRIME_PROPERTY,news,1
2026-08-23,,CRIME_VIOLENT,news,2
2026-08-23,,DRAINAGE_SEWAGE,news,1
2026-08-23,,ROAD_ACCIDENT,police,1
2026-08-23,,SOLID_WASTE,news,1
2026-08-24,1,OTHER,grievance,1
2026-08-24,1,SANITATION_TOILETS,grievance,3
2026-08-24,1,SOLID_WASTE,grievance,5
2026-08-24,1,STRAY_ANIMALS,grievance,1
2026-08-24,2,CRIME_PROPERTY,police,1
2026-08-24,2,FLOOD_WATERLOGGING,grievance,1
2026-08-24,2,SOLID_WASTE,grievance,1
2026-08-24,3,CRIME_PROPERTY,police,2
2026-08-24,3,CRIME_VIOLENT,police,1
2026-08-24,3,DRAIN_WORKS_SAFETY,grievance,3
2026-08-24,3,HEALTH_SERVICES,grievance,1
2026-08-24,3,ROAD_DAMAGE,grievance,1
2026-08-24,3,SOLID_WASTE,grievance,1
2026-08-24,4,BUILDING_SAFETY,pwd,1
2026-08-24,4,DRUGS_LIQUOR,police,1
2026-08-24,4,FLOOD_WATERLOGGING,grievance,1
2026-08-24,4,HEALTH_SERVICES,grievance,1
2026-08-24,4,OTHER,grievance,1
2026-08-24,4,SANITATION_TOILETS,grievance,1
2026-08-24,4,SOLID_WASTE,grievance,5
2026-08-24,4,STRAY_ANIMALS,grievance,1
2026-08-24,4,STREETLIGHT_ELECTRICAL,grievance,1
2026-08-24,4,TRAFFIC_OBSTRUCTION,police,1
2026-08-24,5,ADMIN_SERVICES,grievance,1
2026-08-24,5,CRIME_PROPERTY,police,4
2026-08-24,5,CRIME_VIOLENT,police,3
2026-08-24,5,DRAINAGE_SEWAGE,grievance,1
2026-08-24,5,FLOOD_WATERLOGGING,grievance,1
2026-08-24,5,ROAD_DAMAGE,grievance,1
2026-08-24,5,SANITATION_TOILETS,grievance,1
2026-08-24,5,SOLID_WASTE,grievance,2
2026-08-24,5,STRAY_ANIMALS,grievance,1
2026-08-24,5,STREETLIGHT_ELECTRICAL,grievance,1
2026-08-24,5,VECTOR_DISEASE,hospital,2
2026-08-24,6,ADMIN_SERVICES,grievance,1
2026-08-24,6,CRIME_PROPERTY,police,3
2026-08-24,6,DRAINAGE_SEWAGE,grievance,2
2026-08-24,6,DRAIN_WORKS_SAFETY,grievance,1
2026-08-24,6,FLOOD_WATERLOGGING,grievance,1
2026-08-24,6,HEALTH_SERVICES,grievance,1
2026-08-24,6,OTHER,grievance,1
2026-08-24,6,PUBLIC_ORDER,police,1
2026-08-24,6,ROAD_DAMAGE,grievance,1
2026-08-24,6,SANITATION_TOILETS,grievance,1
2026-08-24,6,SOLID_WASTE,grievance,1
2026-08-24,6,STREETLIGHT_ELECTRICAL,grievance,1
2026-08-24,6,TREES_PARKS,grievance,1
2026-08-24,7,CRIME_PROPERTY,police,2
2026-08-24,7,DRAINAGE_SEWAGE,grievance,2
2026-08-24,7,DRAIN_WORKS_SAFETY,grievance,1
2026-08-24,7,MISSING_PERSON,police,3
2026-08-24,7,OTHER,grievance,1
2026-08-24,7,SOLID_WASTE,grievance,2
2026-08-24,8,CRIME_PROPERTY,police,2
2026-08-24,8,CRIME_VIOLENT,police,1
2026-08-24,8,DRAINAGE_SEWAGE,news,3
2026-08-24,8,DRAIN_WORKS_SAFETY,grievance,1
2026-08-24,8,FLOOD_WATERLOGGING,grievance,1
2026-08-24,8,MISSING_PERSON,police,3
2026-08-24,8,ROAD_DAMAGE,grievance,1
2026-08-24,8,SOLID_WASTE,grievance,3
2026-08-24,8,STREETLIGHT_ELECTRICAL,grievance,2
2026-08-24,8,TRAFFIC_OBSTRUCTION,police,1
2026-08-24,9,ADMIN_SERVICES,grievance,1
2026-08-24,9,DRAINAGE_SEWAGE,grievance,2
2026-08-24,9,FLOOD_WATERLOGGING,grievance,1
2026-08-24,9,MISSING_PERSON,police,1
2026-08-24,9,OTHER,grievance,1
2026-08-24,9,POLICE_OTHER,police,1
2026-08-24,9,ROAD_ACCIDENT,police,2
2026-08-24,9,ROAD_DAMAGE,grievance,1
2026-08-24,9,ROAD_DAMAGE,pwd,1
2026-08-24,9,SOLID_WASTE,grievance,3
2026-08-24,9,STREETLIGHT_ELECTRICAL,grievance,3
2026-08-24,10,AIR_POLLUTION,grievance,1
2026-08-24,10,CRIME_PROPERTY,police,2
2026-08-24,10,DRAINAGE_SEWAGE,grievance,1
2026-08-24,10,DRUGS_LIQUOR,police,2
2026-08-24,10,FLOOD_RELIEF,grievance,1
2026-08-24,10,FOOD_SAFETY,grievance,1
2026-08-24,10,OTHER,grievance,1
2026-08-24,10,SOLID_WASTE,grievance,2
2026-08-24,10,STRAY_ANIMALS,grievance,1
2026-08-24,10,TREES_PARKS,grievance,1
2026-08-24,11,CRIME_PROPERTY,police,1
2026-08-24,11,CRIME_VIOLENT,police,1
2026-08-24,11,DRAINAGE_SEWAGE,pwd,1
2026-08-24,11,DRAIN_WORKS_SAFETY,grievance,1
2026-08-24,11,ENCROACHMENT,grievance,2
2026-08-24,11,OTHER,pwd,1
2026-08-24,11,ROAD_ACCIDENT,police,2
2026-08-24,11,SANITATION_TOILETS,grievance,1
2026-08-24,11,SOLID_WASTE,grievance,1
2026-08-24,11,TREES_PARKS,grievance,1
2026-08-24,12,FLOOD_WATERLOGGING,grievance,1
2026-08-24,12,ROAD_ACCIDENT,police,3
2026-08-24,12,STREETLIGHT_ELECTRICAL,grievance,1
2026-08-24,12,TRAFFIC_OBSTRUCTION,police,1
2026-08-24,12,TREES_PARKS,grievance,1
2026-08-24,12,VECTOR_DISEASE,grievance,1
2026-08-24,13,ADMIN_SERVICES,grievance,1
2026-08-24,13,BUILDING_SAFETY,pwd,2
2026-08-24,13,DRAINAGE_SEWAGE,pwd,1
2026-08-24,13,POLICE_OTHER,police,1
2026-08-24,13,PUBLIC_ORDER,police,3
2026-08-24,13,STREETLIGHT_ELECTRICAL,grievance,1
2026-08-24,14,DARK_SPOT_SAFETY,grievance,1
2026-08-24,14,DRAINAGE_SEWAGE,grievance,1
2026-08-24,14,OTHER,grievance,1
2026-08-24,14,ROAD_DAMAGE,grievance,1
2026-08-24,14,SOLID_WASTE,grievance,2
2026-08-24,14,STRAY_ANIMALS,grievance,1
2026-08-24,14,TREES_PARKS,grievance,1
2026-08-24,14,WATERBODY_INFRA,news,1
2026-08-24,15,CRIME_VIOLENT,police,1
2026-08-24,15,PUBLIC_WORKS,grievance,1
2026-08-24,15,ROAD_ACCIDENT,police,1
2026-08-24,15,SOLID_WASTE,grievance,1
2026-08-24,15,STRAY_ANIMALS,grievance,1
2026-08-24,15,TRAFFIC_OBSTRUCTION,police,1
2026-08-24,,CRIME_PROPERTY,news,2
2026-08-24,,CRIME_VIOLENT,news,1
2026-08-24,,DRAINAGE_SEWAGE,news,1
2026-08-24,,FLOOD_WATERLOGGING,news,1
2026-08-24,,PUBLIC_ORDER,news,1
2026-08-24,,SOLID_WASTE,news,1
2026-08-24,,STREETLIGHT_ELECTRICAL,news,1
2026-08-24,,VECTOR_DISEASE,news,1
2026-08-25,1,ADMIN_SERVICES,grievance,1
2026-08-25,1,BUILDING_SAFETY,pwd,1
2026-08-25,1,FLOOD_WATERLOGGING,pwd,1
2026-08-25,1,PUBLIC_ORDER,police,2
2026-08-25,1,ROAD_ACCIDENT,police,4
2026-08-25,1,ROAD_DAMAGE,grievance,1
2026-08-25,1,SANITATION_TOILETS,grievance,1
2026-08-25,1,SOLID_WASTE,grievance,1
2026-08-25,1,TRAFFIC_OBSTRUCTION,police,3
2026-08-25,2,HEALTH_SERVICES,grievance,1
2026-08-25,2,TRAFFIC_OBSTRUCTION,police,1
2026-08-25,3,ADMIN_SERVICES,grievance,1
2026-08-25,3,CRIME_VIOLENT,police,2
2026-08-25,3,ROAD_ACCIDENT,police,1
2026-08-25,3,ROAD_DAMAGE,grievance,1
2026-08-25,3,SOLID_WASTE,grievance,3
2026-08-25,3,STREETLIGHT_ELECTRICAL,grievance,1
2026-08-25,4,ADMIN_SERVICES,grievance,1
2026-08-25,4,CRIME_PROPERTY,police,1
2026-08-25,4,DRAINAGE_SEWAGE,grievance,1
2026-08-25,4,ROAD_DAMAGE,grievance,2
2026-08-25,4,SOLID_WASTE,grievance,1
2026-08-25,4,STREETLIGHT_ELECTRICAL,grievance,1
2026-08-25,4,TRAFFIC_OBSTRUCTION,police,1
2026-08-25,5,BUILDING_SAFETY,pwd,4
2026-08-25,5,CRIME_PROPERTY,police,5
2026-08-25,5,DRAINAGE_SEWAGE,pwd,1
2026-08-25,5,DRAIN_WORKS_SAFETY,grievance,1
2026-08-25,5,FOOD_SAFETY,grievance,1
2026-08-25,5,ROAD_ACCIDENT,police,2
2026-08-25,5,ROAD_DAMAGE,grievance,2
2026-08-25,5,STREETLIGHT_ELECTRICAL,grievance,2
2026-08-25,5,TRAFFIC_OBSTRUCTION,police,3
2026-08-25,5,VECTOR_DISEASE,hospital,1
2026-08-25,6,ADMIN_SERVICES,grievance,1
2026-08-25,6,CRIME_PROPERTY,police,1
2026-08-25,6,DRAINAGE_SEWAGE,grievance,1
2026-08-25,6,FLOOD_WATERLOGGING,grievance,1
2026-08-25,6,PUBLIC_ORDER,police,2
2026-08-25,6,ROAD_ACCIDENT,police,4
2026-08-25,6,SOLID_WASTE,grievance,1
2026-08-25,6,STREETLIGHT_ELECTRICAL,grievance,2
2026-08-25,6,TREES_PARKS,grievance,1
2026-08-25,7,AIR_POLLUTION,grievance,1
2026-08-25,7,CRIME_PROPERTY,police,1
2026-08-25,7,DARK_SPOT_SAFETY,grievance,2
2026-08-25,7,FLOOD_RELIEF,grievance,1
2026-08-25,7,ROAD_ACCIDENT,police,3
2026-08-25,7,STREETLIGHT_ELECTRICAL,grievance,3
2026-08-25,7,WATERBODY_INFRA,pwd,2
2026-08-25,8,CRIME_PROPERTY,police,1
2026-08-25,8,DARK_SPOT_SAFETY,grievance,1
2026-08-25,8,ENCROACHMENT,grievance,1
2026-08-25,8,FLOOD_WATERLOGGING,grievance,1
2026-08-25,8,MISSING_PERSON,police,3
2026-08-25,8,SANITATION_TOILETS,grievance,1
2026-08-25,8,SOLID_WASTE,grievance,4
2026-08-25,8,STREETLIGHT_ELECTRICAL,grievance,2
2026-08-25,8,TRAFFIC_OBSTRUCTION,police,1
2026-08-25,8,VECTOR_DISEASE,hospital,1
2026-08-25,9,CRIME_PROPERTY,police,2
2026-08-25,9,CRIME_VIOLENT,police,1
2026-08-25,9,DRAINAGE_SEWAGE,grievance,2
2026-08-25,9,ENCROACHMENT,pwd,1
2026-08-25,9,FLOOD_WATERLOGGING,grievance,1
2026-08-25,9,MISSING_PERSON,police,1
2026-08-25,9,ROAD_ACCIDENT,police,2
2026-08-25,9,ROAD_DAMAGE,grievance,2
2026-08-25,9,SANITATION_TOILETS,grievance,2
2026-08-25,9,SOLID_WASTE,grievance,2
2026-08-25,9,STRAY_ANIMALS,grievance,1
2026-08-25,9,STREETLIGHT_ELECTRICAL,grievance,2
2026-08-25,9,TRAFFIC_OBSTRUCTION,police,1
2026-08-25,10,ADMIN_SERVICES,grievance,1
2026-08-25,10,CRIME_PROPERTY,police,1
2026-08-25,10,CRIME_VIOLENT,police,1
2026-08-25,10,DRAINAGE_SEWAGE,grievance,1
2026-08-25,10,DRAIN_WORKS_SAFETY,grievance,2
2026-08-25,10,DRUGS_LIQUOR,police,1
2026-08-25,10,ENCROACHMENT,pwd,1
2026-08-25,10,POLICE_OTHER,police,1
2026-08-25,10,PUBLIC_ORDER,police,3
2026-08-25,10,SOLID_WASTE,grievance,2
2026-08-25,11,AIR_POLLUTION,grievance,1
2026-08-25,11,CRIME_PROPERTY,police,1
2026-08-25,11,CRIME_VIOLENT,police,1
2026-08-25,11,DRAIN_WORKS_SAFETY,grievance,1
2026-08-25,11,FLOOD_WATERLOGGING,police,1
2026-08-25,11,MISSING_PERSON,police,1
2026-08-25,11,PUBLIC_WORKS,grievance,1
2026-08-25,11,SOLID_WASTE,grievance,2
2026-08-25,11,STRAY_ANIMALS,grievance,1
2026-08-25,11,STREETLIGHT_ELECTRICAL,grievance,1
2026-08-25,12,ADMIN_SERVICES,grievance,1
2026-08-25,12,CRIME_PROPERTY,police,2
2026-08-25,12,CRIME_VIOLENT,police,1
2026-08-25,12,DRAINAGE_SEWAGE,grievance,1
2026-08-25,12,FLOOD_WATERLOGGING,grievance,1
2026-08-25,12,OTHER,grievance,1
2026-08-25,12,PUBLIC_ORDER,police,2
2026-08-25,12,TREES_PARKS,grievance,1
2026-08-25,13,CIVIC_FACILITIES,grievance,1
2026-08-25,13,CRIME_PROPERTY,police,3
2026-08-25,13,CRIME_VIOLENT,police,2
2026-08-25,13,DRUGS_LIQUOR,police,3
2026-08-25,13,ROAD_ACCIDENT,police,1
2026-08-25,13,SANITATION_TOILETS,grievance,1
2026-08-25,13,SOLID_WASTE,grievance,3
2026-08-25,13,STRAY_ANIMALS,grievance,1
2026-08-25,13,STREETLIGHT_ELECTRICAL,grievance,1
2026-08-25,13,TREES_PARKS,grievance,1
2026-08-25,14,ADMIN_SERVICES,grievance,1
2026-08-25,14,DRAINAGE_SEWAGE,grievance,1
2026-08-25,14,OTHER,grievance,1
2026-08-25,14,ROAD_ACCIDENT,police,1
2026-08-25,14,TREES_PARKS,grievance,1
2026-08-25,15,CRIME_VIOLENT,police,1
2026-08-25,15,DARK_SPOT_SAFETY,grievance,1
2026-08-25,15,DRAINAGE_SEWAGE,pwd,1
2026-08-25,15,FOOD_SAFETY,grievance,1
2026-08-25,15,ROAD_ACCIDENT,police,3
2026-08-25,15,TRAFFIC_OBSTRUCTION,police,1
2026-08-25,,CRIME_PROPERTY,police,1
2026-08-25,,CRIME_VIOLENT,news,2
2026-08-25,,FLOOD_WATERLOGGING,news,1
2026-08-25,,VECTOR_DISEASE,news,1
2026-08-25,,WATER_SUPPLY,news,1
2026-08-26,1,CRIME_PROPERTY,police,1
2026-08-26,1,DRAINAGE_SEWAGE,pwd,1
2026-08-26,1,ENCROACHMENT,grievance,1
2026-08-26,1,HEALTH_SERVICES,grievance,1
2026-08-26,1,ROAD_DAMAGE,grievance,1
2026-08-26,1,STREETLIGHT_ELECTRICAL,grievance,1
2026-08-26,3,CRIME_VIOLENT,police,1
2026-08-26,3,ROAD_DAMAGE,grievance,2
2026-08-26,3,SOLID_WASTE,grievance,1
2026-08-26,3,STREETLIGHT_ELECTRICAL,grievance,1
2026-08-26,4,CRIME_PROPERTY,police,2
2026-08-26,4,CRIME_VIOLENT,police,1
2026-08-26,4,DARK_SPOT_SAFETY,grievance,1
2026-08-26,4,HEALTH_SERVICES,grievance,1
2026-08-26,4,PUBLIC_ORDER,police,3
2026-08-26,4,ROAD_DAMAGE,grievance,1
2026-08-26,4,SANITATION_TOILETS,grievance,1
2026-08-26,4,SOLID_WASTE,grievance,2
2026-08-26,4,STREETLIGHT_ELECTRICAL,grievance,1
2026-08-26,4,TRAFFIC_OBSTRUCTION,grievance,1
2026-08-26,5,BUILDING_SAFETY,pwd,1
2026-08-26,5,CRIME_PROPERTY,police,2
2026-08-26,5,CRIME_VIOLENT,police,1
2026-08-26,5,DRAINAGE_SEWAGE,grievance,1
2026-08-26,5,DRAIN_WORKS_SAFETY,grievance,1
2026-08-26,5,ENCROACHMENT,grievance,1
2026-08-26,5,FLOOD_WATERLOGGING,grievance,1
2026-08-26,5,MISSING_PERSON,police,2
2026-08-26,5,PUBLIC_WORKS,grievance,1
2026-08-26,5,ROAD_ACCIDENT,police,2
2026-08-26,5,STREETLIGHT_ELECTRICAL,grievance,1
2026-08-26,5,TRAFFIC_OBSTRUCTION,police,1
2026-08-26,5,VECTOR_DISEASE,hospital,1
2026-08-26,6,CRIME_PROPERTY,police,2
2026-08-26,6,CRIME_VIOLENT,police,1
2026-08-26,6,DRAINAGE_SEWAGE,pwd,2
2026-08-26,6,DRAIN_WORKS_SAFETY,grievance,1
2026-08-26,6,ENCROACHMENT,pwd,1
2026-08-26,6,FLOOD_WATERLOGGING,grievance,1
2026-08-26,6,ROAD_ACCIDENT,police,1
2026-08-26,6,ROAD_DAMAGE,grievance,1
2026-08-26,6,SOLID_WASTE,grievance,2
2026-08-26,6,TRAFFIC_OBSTRUCTION,police,1
2026-08-26,7,CRIME_PROPERTY,police,2
2026-08-26,7,CRIME_VIOLENT,police,1
2026-08-26,7,DRAINAGE_SEWAGE,grievance,1
2026-08-26,7,FOOD_SAFETY,grievance,1
2026-08-26,7,PUBLIC_ORDER,police,4
2026-08-26,7,ROAD_ACCIDENT,police,1
2026-08-26,7,ROAD_DAMAGE,grievance,1
2026-08-26,7,SOLID_WASTE,grievance,2
2026-08-26,7,STREETLIGHT_ELECTRICAL,grievance,2
2026-08-26,8,CRIME_PROPERTY,police,1
2026-08-26,8,CRIME_VIOLENT,police,1
2026-08-26,8,DARK_SPOT_SAFETY,grievance,1
2026-08-26,8,DRAIN_WORKS_SAFETY,grievance,1
2026-08-26,8,MISSING_PERSON,police,1
2026-08-26,8,ROAD_DAMAGE,grievance,1
2026-08-26,8,ROAD_DAMAGE,pwd,1
2026-08-26,8,SOLID_WASTE,grievance,1
2026-08-26,8,STREETLIGHT_ELECTRICAL,grievance,4
2026-08-26,8,TRAFFIC_OBSTRUCTION,police,1
2026-08-26,9,CRIME_PROPERTY,police,2
2026-08-26,9,HEALTH_SERVICES,grievance,1
2026-08-26,9,ROAD_DAMAGE,grievance,1
2026-08-26,9,SOLID_WASTE,grievance,3
2026-08-26,9,STREETLIGHT_ELECTRICAL,grievance,1
2026-08-26,10,CRIME_PROPERTY,police,6
2026-08-26,10,FOOD_SAFETY,grievance,1
2026-08-26,10,MISSING_PERSON,police,2
2026-08-26,10,PUBLIC_ORDER,police,1
2026-08-26,10,ROAD_ACCIDENT,police,1
2026-08-26,10,SANITATION_TOILETS,grievance,1
2026-08-26,10,SOLID_WASTE,grievance,4
2026-08-26,10,STREETLIGHT_ELECTRICAL,grievance,1
2026-08-26,11,CIVIC_FACILITIES,grievance,1
2026-08-26,11,CRIME_PROPERTY,police,1
2026-08-26,11,DRAINAGE_SEWAGE,grievance,4
2026-08-26,11,DRAINAGE_SEWAGE,pwd,1
2026-08-26,11,FLOOD_WATERLOGGING,grievance,1
2026-08-26,11,SOLID_WASTE,grievance,1
2026-08-26,11,STREETLIGHT_ELECTRICAL,grievance,2
2026-08-26,12,CRIME_PROPERTY,police,1
2026-08-26,12,DRUGS_LIQUOR,police,2
2026-08-26,12,ENCROACHMENT,grievance,1
2026-08-26,12,FLOOD_WATERLOGGING,pwd,4
2026-08-26,12,PUBLIC_ORDER,police,1
2026-08-26,12,SOLID_WASTE,grievance,1
2026-08-26,12,WATERBODY_INFRA,pwd,3
2026-08-26,13,CRIME_PROPERTY,police,8
2026-08-26,13,DRAIN_WORKS_SAFETY,grievance,1
2026-08-26,13,DRUGS_LIQUOR,police,2
2026-08-26,13,FLOOD_WATERLOGGING,grievance,1
2026-08-26,13,FLOOD_WATERLOGGING,pwd,2
2026-08-26,13,ROAD_ACCIDENT,police,1
2026-08-26,13,ROAD_DAMAGE,grievance,1
2026-08-26,13,SANITATION_TOILETS,grievance,1
2026-08-26,13,SOLID_WASTE,grievance,2
2026-08-26,13,STREETLIGHT_ELECTRICAL,grievance,1
2026-08-26,13,TREES_PARKS,grievance,1
2026-08-26,14,CIVIC_FACILITIES,grievance,2
2026-08-26,14,CRIME_PROPERTY,police,1
2026-08-26,14,SOLID_WASTE,grievance,2
2026-08-26,15,BUILDING_SAFETY,pwd,1
2026-08-26,15,CRIME_PROPERTY,police,4
2026-08-26,15,MISSING_PERSON,police,1
2026-08-26,15,OTHER,grievance,2
2026-08-26,15,PUBLIC_ORDER,police,3
2026-08-26,15,PUBLIC_WORKS,grievance,1
2026-08-26,15,ROAD_ACCIDENT,police,1
2026-08-26,15,STRAY_ANIMALS,grievance,1
2026-08-26,,SOLID_WASTE,news,1
2026-08-26,,TRAFFIC_OBSTRUCTION,police,1
2026-08-27,1,ADMIN_SERVICES,grievance,1
2026-08-27,1,DRAINAGE_SEWAGE,grievance,1
2026-08-27,1,DRAINAGE_SEWAGE,pwd,1
2026-08-27,1,HEALTH_SERVICES,grievance,1
2026-08-27,1,ROAD_ACCIDENT,police,5
2026-08-27,1,STREETLIGHT_ELECTRICAL,grievance,2
2026-08-27,1,VECTOR_DISEASE,grievance,1
2026-08-27,2,CRIME_PROPERTY,police,1
2026-08-27,2,DRAIN_WORKS_SAFETY,grievance,1
2026-08-27,2,ROAD_DAMAGE,grievance,2
2026-08-27,3,CRIME_PROPERTY,police,2
2026-08-27,3,CRIME_VIOLENT,police,1
2026-08-27,3,OTHER,grievance,1
2026-08-27,3,STREETLIGHT_ELECTRICAL,grievance,2
2026-08-27,3,TRAFFIC_OBSTRUCTION,grievance,1
2026-08-27,3,TREES_PARKS,grievance,1
2026-08-27,3,WATERBODY_INFRA,pwd,1
2026-08-27,4,AIR_POLLUTION,grievance,1
2026-08-27,4,CIVIC_FACILITIES,grievance,1
2026-08-27,4,CRIME_PROPERTY,police,1
2026-08-27,4,CRIME_VIOLENT,police,2
2026-08-27,4,ROAD_ACCIDENT,police,1
2026-08-27,4,ROAD_DAMAGE,grievance,3
2026-08-27,4,SANITATION_TOILETS,grievance,2
2026-08-27,4,SOLID_WASTE,grievance,3
2026-08-27,5,ADMIN_SERVICES,grievance,1
2026-08-27,5,CRIME_PROPERTY,police,2
2026-08-27,5,CRIME_VIOLENT,police,2
2026-08-27,5,DRAINAGE_SEWAGE,grievance,1
2026-08-27,5,ENCROACHMENT,grievance,1
2026-08-27,5,FLOOD_WATERLOGGING,grievance,1
2026-08-27,5,MISSING_PERSON,police,1
2026-08-27,5,PUBLIC_ORDER,police,1
2026-08-27,5,PUBLIC_WORKS,grievance,1
2026-08-27,5,ROAD_ACCIDENT,police,2
2026-08-27,5,ROAD_DAMAGE,grievance,1
2026-08-27,5,SOLID_WASTE,grievance,2
2026-08-27,5,VECTOR_DISEASE,grievance,1
2026-08-27,5,VECTOR_DISEASE,hospital,1
2026-08-27,6,CRIME_PROPERTY,police,4
2026-08-27,6,CRIME_VIOLENT,police,1
2026-08-27,6,DRAINAGE_SEWAGE,pwd,1
2026-08-27,6,FLOOD_WATERLOGGING,grievance,1
2026-08-27,6,HEALTH_SERVICES,grievance,1
2026-08-27,6,PUBLIC_ORDER,police,3
2026-08-27,6,SANITATION_TOILETS,grievance,2
2026-08-27,6,STREETLIGHT_ELECTRICAL,grievance,1
2026-08-27,7,ADMIN_SERVICES,grievance,1
2026-08-27,7,CRIME_PROPERTY,police,1
2026-08-27,7,DRAIN_WORKS_SAFETY,grievance,1
2026-08-27,7,DRUGS_LIQUOR,police,1
2026-08-27,7,ENCROACHMENT,grievance,1
2026-08-27,7,PUBLIC_ORDER,police,1
2026-08-27,7,ROAD_ACCIDENT,police,1
2026-08-27,7,ROAD_DAMAGE,grievance,2
2026-08-27,7,SOLID_WASTE,grievance,4
2026-08-27,7,STREETLIGHT_ELECTRICAL,grievance,2
2026-08-27,7,TRAFFIC_OBSTRUCTION,grievance,1
2026-08-27,8,BUILDING_SAFETY,pwd,1
2026-08-27,8,CRIME_PROPERTY,police,3
2026-08-27,8,DRAINAGE_SEWAGE,pwd,3
2026-08-27,8,FLOOD_WATERLOGGING,police,1
2026-08-27,8,MISSING_PERSON,police,2
2026-08-27,8,SANITATION_TOILETS,grievance,2
2026-08-27,8,SOLID_WASTE,grievance,4
2026-08-27,8,STREETLIGHT_ELECTRICAL,grievance,4
2026-08-27,8,TRAFFIC_OBSTRUCTION,police,2
2026-08-27,8,VECTOR_DISEASE,hospital,1
2026-08-27,9,DRAINAGE_SEWAGE,grievance,2
2026-08-27,9,DRAIN_WORKS_SAFETY,grievance,1
2026-08-27,9,FOOD_SAFETY,grievance,1
2026-08-27,9,ROAD_DAMAGE,grievance,1
2026-08-27,9,SOLID_WASTE,grievance,2
2026-08-27,9,STRAY_ANIMALS,grievance,1
2026-08-27,9,STREETLIGHT_ELECTRICAL,grievance,1
2026-08-27,10,CRIME_PROPERTY,police,1
2026-08-27,10,ENCROACHMENT,grievance,1
2026-08-27,10,ENCROACHMENT,news,1
2026-08-27,10,FLOOD_WATERLOGGING,police,1
2026-08-27,10,FOOD_SAFETY,grievance,1
2026-08-27,10,MISSING_PERSON,police,1
2026-08-27,10,PUBLIC_ORDER,police,1
2026-08-27,10,ROAD_ACCIDENT,police,2
2026-08-27,10,SANITATION_TOILETS,grievance,2
2026-08-27,10,SOLID_WASTE,grievance,2
2026-08-27,10,STREETLIGHT_ELECTRICAL,grievance,2
2026-08-27,10,TRAFFIC_OBSTRUCTION,police,1
2026-08-27,11,ADMIN_SERVICES,grievance,1
2026-08-27,11,CRIME_PROPERTY,police,1
2026-08-27,11,DRAINAGE_SEWAGE,grievance,1
2026-08-27,11,ENCROACHMENT,pwd,1
2026-08-27,11,FOOD_SAFETY,grievance,1
2026-08-27,11,ROAD_DAMAGE,grievance,1
2026-08-27,11,SOLID_WASTE,grievance,1
2026-08-27,12,CRIME_PROPERTY,police,1
2026-08-27,12,CRIME_VIOLENT,police,2
2026-08-27,12,FLOOD_WATERLOGGING,grievance,1
2026-08-27,12,PUBLIC_ORDER,police,1
2026-08-27,13,CRIME_PROPERTY,police,3
2026-08-27,13,DRAIN_WORKS_SAFETY,grievance,1
2026-08-27,13,DRUGS_LIQUOR,police,1
2026-08-27,13,ENCROACHMENT,pwd,1
2026-08-27,13,PUBLIC_ORDER,police,2
2026-08-27,13,ROAD_DAMAGE,pwd,1
2026-08-27,13,SOLID_WASTE,grievance,2
2026-08-27,13,STREETLIGHT_ELECTRICAL,grievance,2
2026-08-27,14,CRIME_PROPERTY,police,2
2026-08-27,14,DRAINAGE_SEWAGE,grievance,1
2026-08-27,14,FLOOD_WATERLOGGING,grievance,1
2026-08-27,14,ROAD_ACCIDENT,police,2
2026-08-27,14,ROAD_DAMAGE,grievance,1
2026-08-27,14,SOLID_WASTE,grievance,1
2026-08-27,14,TRAFFIC_OBSTRUCTION,grievance,1
2026-08-27,15,CRIME_PROPERTY,police,1
2026-08-27,15,DRAINAGE_SEWAGE,pwd,2
2026-08-27,15,DRUGS_LIQUOR,police,1
2026-08-27,15,FLOOD_WATERLOGGING,grievance,1
2026-08-27,15,PUBLIC_ORDER,grievance,1
2026-08-27,15,PUBLIC_ORDER,police,1
2026-08-27,,FLOOD_WATERLOGGING,news,1
2026-08-27,,MISSING_PERSON,news,1
2026-08-27,,STRAY_ANIMALS,news,1
2026-08-27,,TRAFFIC_OBSTRUCTION,police,1
2026-08-28,1,AIR_POLLUTION,grievance,1
2026-08-28,1,BUILDING_SAFETY,pwd,1
2026-08-28,1,DARK_SPOT_SAFETY,grievance,1
2026-08-28,1,DRAINAGE_SEWAGE,grievance,1
2026-08-28,1,FLOOD_WATERLOGGING,pwd,4
2026-08-28,1,ROAD_ACCIDENT,police,4
2026-08-28,1,SANITATION_TOILETS,grievance,2
2026-08-28,1,STREETLIGHT_ELECTRICAL,grievance,1
2026-08-28,2,CRIME_VIOLENT,police,1
2026-08-28,2,SANITATION_TOILETS,grievance,1
2026-08-28,2,TRAFFIC_OBSTRUCTION,police,1
2026-08-28,3,DRAINAGE_SEWAGE,grievance,1
2026-08-28,3,FLOOD_RELIEF,grievance,1
2026-08-28,3,FLOOD_WATERLOGGING,grievance,2
2026-08-28,3,FLOOD_WATERLOGGING,police,2
2026-08-28,3,FLOOD_WATERLOGGING,pwd,2
2026-08-28,3,HEALTH_SERVICES,grievance,1
2026-08-28,3,OTHER,grievance,1
2026-08-28,3,ROAD_DAMAGE,grievance,3
2026-08-28,3,SANITATION_TOILETS,grievance,1
2026-08-28,3,SOLID_WASTE,grievance,2
2026-08-28,3,WATERBODY_INFRA,pwd,1
2026-08-28,4,CRIME_PROPERTY,police,2
2026-08-28,4,DARK_SPOT_SAFETY,grievance,1
2026-08-28,4,DRAIN_WORKS_SAFETY,grievance,2
2026-08-28,4,FLOOD_WATERLOGGING,grievance,2
2026-08-28,4,PUBLIC_ORDER,police,1
2026-08-28,4,ROAD_ACCIDENT,police,1
2026-08-28,4,ROAD_DAMAGE,grievance,1
2026-08-28,4,SOLID_WASTE,grievance,1
2026-08-28,4,STREETLIGHT_ELECTRICAL,grievance,4
2026-08-28,4,TREES_PARKS,grievance,1
2026-08-28,5,CRIME_PROPERTY,police,2
2026-08-28,5,CRIME_VIOLENT,police,1
2026-08-28,5,DARK_SPOT_SAFETY,grievance,1
2026-08-28,5,DRAINAGE_SEWAGE,grievance,1
2026-08-28,5,DRAIN_WORKS_SAFETY,grievance,3
2026-08-28,5,ENCROACHMENT,grievance,1
2026-08-28,5,FLOOD_RELIEF,grievance,1
2026-08-28,5,FLOOD_WATERLOGGING,grievance,1
2026-08-28,5,FLOOD_WATERLOGGING,police,1
2026-08-28,5,FLOOD_WATERLOGGING,pwd,3
2026-08-28,5,MISSING_PERSON,police,1
2026-08-28,5,ROAD_ACCIDENT,police,2
2026-08-28,5,SOLID_WASTE,grievance,1
2026-08-28,5,STREETLIGHT_ELECTRICAL,grievance,3
2026-08-28,5,VECTOR_DISEASE,grievance,1
2026-08-28,5,VECTOR_DISEASE,hospital,1
2026-08-28,6,CRIME_PROPERTY,police,2
2026-08-28,6,DRAINAGE_SEWAGE,pwd,4
2026-08-28,6,DRAIN_WORKS_SAFETY,grievance,1
2026-08-28,6,ENCROACHMENT,grievance,1
2026-08-28,6,FLOOD_WATERLOGGING,grievance,1
2026-08-28,6,FLOOD_WATERLOGGING,pwd,3
2026-08-28,6,HEALTH_SERVICES,grievance,1
2026-08-28,6,MISSING_PERSON,police,1
2026-08-28,6,PUBLIC_WORKS,grievance,1
2026-08-28,6,ROAD_DAMAGE,grievance,1
2026-08-28,6,SOLID_WASTE,grievance,1
2026-08-28,6,STREETLIGHT_ELECTRICAL,grievance,2
2026-08-28,6,WATERBODY_INFRA,pwd,1
2026-08-28,7,ADMIN_SERVICES,grievance,1
2026-08-28,7,BUILDING_SAFETY,pwd,1
2026-08-28,7,DRAINAGE_SEWAGE,pwd,1
2026-08-28,7,DRAIN_WORKS_SAFETY,grievance,1
2026-08-28,7,FLOOD_WATERLOGGING,grievance,2
2026-08-28,7,FLOOD_WATERLOGGING,police,4
2026-08-28,7,FLOOD_WATERLOGGING,pwd,6
2026-08-28,7,MISSING_PERSON,police,1
2026-08-28,7,ROAD_DAMAGE,grievance,1
2026-08-28,7,SANITATION_TOILETS,grievance,1
2026-08-28,7,WATERBODY_INFRA,pwd,2
2026-08-28,8,CRIME_VIOLENT,police,2
2026-08-28,8,DRAINAGE_SEWAGE,grievance,2
2026-08-28,8,DRAIN_WORKS_SAFETY,grievance,1
2026-08-28,8,FLOOD_WATERLOGGING,grievance,1
2026-08-28,8,FLOOD_WATERLOGGING,pwd,2
2026-08-28,8,PUBLIC_ORDER,police,1
2026-08-28,8,ROAD_ACCIDENT,police,4
2026-08-28,8,SANITATION_TOILETS,grievance,1
2026-08-28,8,SOLID_WASTE,grievance,3
2026-08-28,8,STREETLIGHT_ELECTRICAL,news,1
2026-08-28,8,TRAFFIC_OBSTRUCTION,police,5
2026-08-28,8,VECTOR_DISEASE,hospital,1
2026-08-28,8,WATERBODY_INFRA,pwd,1
2026-08-28,9,BUILDING_SAFETY,pwd,3
2026-08-28,9,CRIME_PROPERTY,police,1
2026-08-28,9,CRIME_VIOLENT,police,5
2026-08-28,9,DRAINAGE_SEWAGE,grievance,2
2026-08-28,9,FLOOD_WATERLOGGING,grievance,3
2026-08-28,9,FLOOD_WATERLOGGING,police,4
2026-08-28,9,FLOOD_WATERLOGGING,pwd,3
2026-08-28,9,HEALTH_SERVICES,grievance,1
2026-08-28,9,ROAD_DAMAGE,grievance,1
2026-08-28,9,SOLID_WASTE,grievance,2
2026-08-28,9,STREETLIGHT_ELECTRICAL,grievance,7
2026-08-28,10,CRIME_PROPERTY,police,1
2026-08-28,10,CRIME_VIOLENT,police,1
2026-08-28,10,DARK_SPOT_SAFETY,grievance,1
2026-08-28,10,DRAINAGE_SEWAGE,pwd,1
2026-08-28,10,DRAIN_WORKS_SAFETY,grievance,1
2026-08-28,10,FLOOD_WATERLOGGING,grievance,2
2026-08-28,10,FLOOD_WATERLOGGING,police,3
2026-08-28,10,FOOD_SAFETY,grievance,1
2026-08-28,10,ROAD_ACCIDENT,police,3
2026-08-28,10,SOLID_WASTE,grievance,3
2026-08-28,10,TRAFFIC_OBSTRUCTION,police,2
2026-08-28,10,TREES_PARKS,grievance,1
2026-08-28,11,CRIME_PROPERTY,police,1
2026-08-28,11,CRIME_VIOLENT,police,1
2026-08-28,11,DRAINAGE_SEWAGE,grievance,2
2026-08-28,11,FLOOD_WATERLOGGING,pwd,1
2026-08-28,11,OTHER,grievance,1
2026-08-28,11,ROAD_ACCIDENT,police,1
2026-08-28,11,SOLID_WASTE,grievance,2
2026-08-28,11,STREETLIGHT_ELECTRICAL,grievance,1
2026-08-28,11,TRAFFIC_OBSTRUCTION,police,1
2026-08-28,11,TREES_PARKS,grievance,1
2026-08-28,12,CIVIC_FACILITIES,grievance,1
2026-08-28,12,DARK_SPOT_SAFETY,grievance,1
2026-08-28,12,ENCROACHMENT,grievance,1
2026-08-28,12,FLOOD_WATERLOGGING,grievance,2
2026-08-28,12,FLOOD_WATERLOGGING,police,1
2026-08-28,12,FLOOD_WATERLOGGING,pwd,5
2026-08-28,12,SANITATION_TOILETS,grievance,1
2026-08-28,12,SOLID_WASTE,grievance,3
2026-08-28,12,STREETLIGHT_ELECTRICAL,grievance,1
2026-08-28,12,TRAFFIC_OBSTRUCTION,police,3
2026-08-28,12,WATERBODY_INFRA,pwd,1
2026-08-28,13,BUILDING_SAFETY,pwd,1
2026-08-28,13,CIVIC_FACILITIES,grievance,1
2026-08-28,13,CRIME_PROPERTY,police,4
2026-08-28,13,DRAINAGE_SEWAGE,grievance,2
2026-08-28,13,ENCROACHMENT,pwd,1
2026-08-28,13,FLOOD_WATERLOGGING,grievance,2
2026-08-28,13,FLOOD_WATERLOGGING,police,3
2026-08-28,13,FLOOD_WATERLOGGING,pwd,3
2026-08-28,13,MISSING_PERSON,police,1
2026-08-28,13,PUBLIC_ORDER,police,1
2026-08-28,13,ROAD_DAMAGE,grievance,1
2026-08-28,13,SOLID_WASTE,grievance,2
2026-08-28,13,STREETLIGHT_ELECTRICAL,grievance,1
2026-08-28,13,TRAFFIC_OBSTRUCTION,police,1
2026-08-28,13,TREES_PARKS,grievance,2
2026-08-28,13,WATERBODY_INFRA,pwd,1
2026-08-28,14,FLOOD_WATERLOGGING,grievance,1
2026-08-28,14,FLOOD_WATERLOGGING,police,2
2026-08-28,14,MISSING_PERSON,police,1
2026-08-28,14,PUBLIC_WORKS,grievance,1
2026-08-28,14,SOLID_WASTE,grievance,2
2026-08-28,15,CRIME_PROPERTY,police,1
2026-08-28,15,CRIME_VIOLENT,police,1
2026-08-28,15,DRAINAGE_SEWAGE,grievance,1
2026-08-28,15,FLOOD_WATERLOGGING,pwd,1
2026-08-28,15,MISSING_PERSON,police,1
2026-08-28,15,ROAD_DAMAGE,grievance,1
2026-08-28,15,SOLID_WASTE,grievance,1
2026-08-28,15,TRAFFIC_OBSTRUCTION,police,1
2026-08-28,,CRIME_PROPERTY,news,1
2026-08-28,,CRIME_VIOLENT,news,2
2026-08-28,,DRAINAGE_SEWAGE,news,1
2026-08-28,,FLOOD_RELIEF,news,1
2026-08-28,,FLOOD_WATERLOGGING,news,1
2026-08-28,,PUBLIC_ORDER,police,1
2026-08-28,,STREETLIGHT_ELECTRICAL,news,2
2026-08-28,,WATER_SUPPLY,news,1
2026-08-29,1,ADMIN_SERVICES,grievance,1
2026-08-29,1,CRIME_PROPERTY,police,3
2026-08-29,1,SOLID_WASTE,grievance,3
2026-08-29,1,STRAY_ANIMALS,grievance,1
2026-08-29,1,TREES_PARKS,grievance,1
2026-08-29,2,CRIME_VIOLENT,police,1
2026-08-29,2,DRAINAGE_SEWAGE,grievance,1
2026-08-29,2,FLOOD_WATERLOGGING,grievance,1
2026-08-29,2,TRAFFIC_OBSTRUCTION,grievance,2
2026-08-29,3,CIVIC_FACILITIES,grievance,1
2026-08-29,3,CRIME_PROPERTY,police,1
2026-08-29,3,CRIME_VIOLENT,police,1
2026-08-29,3,PUBLIC_ORDER,police,1
2026-08-29,3,ROAD_DAMAGE,grievance,1
2026-08-29,3,SANITATION_TOILETS,grievance,1
2026-08-29,3,SOLID_WASTE,grievance,1
2026-08-29,3,STREETLIGHT_ELECTRICAL,grievance,2
2026-08-29,3,TRAFFIC_OBSTRUCTION,grievance,1
2026-08-29,4,ADMIN_SERVICES,grievance,1
2026-08-29,4,DRAINAGE_SEWAGE,grievance,4
2026-08-29,4,DRAIN_WORKS_SAFETY,grievance,1
2026-08-29,4,FLOOD_WATERLOGGING,grievance,2
2026-08-29,4,MISSING_PERSON,police,1
2026-08-29,4,OTHER,grievance,1
2026-08-29,4,ROAD_ACCIDENT,police,1
2026-08-29,4,SANITATION_TOILETS,grievance,1
2026-08-29,4,STREETLIGHT_ELECTRICAL,grievance,3
2026-08-29,4,TREES_PARKS,grievance,1
2026-08-29,5,AIR_POLLUTION,grievance,1
2026-08-29,5,BUILDING_SAFETY,pwd,1
2026-08-29,5,CRIME_PROPERTY,police,1
2026-08-29,5,DRAINAGE_SEWAGE,grievance,1
2026-08-29,5,DRAIN_WORKS_SAFETY,grievance,3
2026-08-29,5,FLOOD_WATERLOGGING,grievance,1
2026-08-29,5,MISSING_PERSON,police,2
2026-08-29,5,OTHER,grievance,1
2026-08-29,5,POLICE_OTHER,police,2
2026-08-29,5,PUBLIC_WORKS,grievance,1
2026-08-29,5,ROAD_ACCIDENT,police,2
2026-08-29,5,SANITATION_TOILETS,grievance,1
2026-08-29,5,SOLID_WASTE,grievance,3
2026-08-29,5,STREETLIGHT_ELECTRICAL,grievance,3
2026-08-29,5,TRAFFIC_OBSTRUCTION,police,1
2026-08-29,5,TREES_PARKS,grievance,1
2026-08-29,5,VECTOR_DISEASE,hospital,2
2026-08-29,6,CRIME_PROPERTY,police,2
2026-08-29,6,DRAINAGE_SEWAGE,pwd,2
2026-08-29,6,HEALTH_SERVICES,grievance,1
2026-08-29,6,OTHER,grievance,1
2026-08-29,6,PUBLIC_ORDER,police,1
2026-08-29,6,ROAD_ACCIDENT,police,1
2026-08-29,6,ROAD_DAMAGE,grievance,2
2026-08-29,6,SOLID_WASTE,grievance,2
2026-08-29,6,STREETLIGHT_ELECTRICAL,grievance,3
2026-08-29,6,TRAFFIC_OBSTRUCTION,police,1
2026-08-29,7,CRIME_VIOLENT,police,2
2026-08-29,7,DARK_SPOT_SAFETY,grievance,1
2026-08-29,7,ENCROACHMENT,grievance,1
2026-08-29,7,FLOOD_WATERLOGGING,grievance,1
2026-08-29,7,OTHER,grievance,1
2026-08-29,7,ROAD_ACCIDENT,police,3
2026-08-29,7,SOLID_WASTE,grievance,2
2026-08-29,7,STREETLIGHT_ELECTRICAL,grievance,4
2026-08-29,8,CRIME_PROPERTY,police,2
2026-08-29,8,CRIME_VIOLENT,police,1
2026-08-29,8,ENCROACHMENT,grievance,1
2026-08-29,8,ENCROACHMENT,pwd,1
2026-08-29,8,ROAD_ACCIDENT,police,1
2026-08-29,8,SANITATION_TOILETS,grievance,1
2026-08-29,8,SOLID_WASTE,grievance,1
2026-08-29,8,STRAY_ANIMALS,grievance,1
2026-08-29,8,STREETLIGHT_ELECTRICAL,grievance,1
2026-08-29,8,TRAFFIC_OBSTRUCTION,grievance,1
2026-08-29,9,AIR_POLLUTION,grievance,1
2026-08-29,9,CIVIC_FACILITIES,grievance,1
2026-08-29,9,DRAINAGE_SEWAGE,grievance,3
2026-08-29,9,DRAIN_WORKS_SAFETY,grievance,1
2026-08-29,9,FLOOD_RELIEF,grievance,1
2026-08-29,9,FLOOD_WATERLOGGING,grievance,1
2026-08-29,9,OTHER,grievance,1
2026-08-29,9,POLICE_OTHER,police,1
2026-08-29,9,PUBLIC_WORKS,grievance,1
2026-08-29,9,SOLID_WASTE,grievance,4
2026-08-29,9,STREETLIGHT_ELECTRICAL,grievance,3
2026-08-29,9,TREES_PARKS,grievance,1
2026-08-29,10,DARK_SPOT_SAFETY,grievance,2
2026-08-29,10,DRAINAGE_SEWAGE,grievance,2
2026-08-29,10,DRAIN_WORKS_SAFETY,grievance,1
2026-08-29,10,DRUGS_LIQUOR,police,1
2026-08-29,10,PUBLIC_ORDER,police,2
2026-08-29,10,ROAD_ACCIDENT,police,2
2026-08-29,10,ROAD_DAMAGE,grievance,1
2026-08-29,10,SOLID_WASTE,grievance,1
2026-08-29,10,STREETLIGHT_ELECTRICAL,grievance,7
2026-08-29,10,TRAFFIC_OBSTRUCTION,grievance,1
2026-08-29,10,TRAFFIC_OBSTRUCTION,police,1
2026-08-29,11,CRIME_PROPERTY,police,1
2026-08-29,11,DRAINAGE_SEWAGE,grievance,1
2026-08-29,11,FLOOD_RELIEF,grievance,1
2026-08-29,11,FLOOD_WATERLOGGING,grievance,1
2026-08-29,11,PUBLIC_ORDER,police,3
2026-08-29,11,ROAD_ACCIDENT,police,1
2026-08-29,11,STREETLIGHT_ELECTRICAL,grievance,1
2026-08-29,12,DRAINAGE_SEWAGE,pwd,1
2026-08-29,12,ROAD_ACCIDENT,police,1
2026-08-29,12,ROAD_DAMAGE,grievance,1
2026-08-29,12,SOLID_WASTE,grievance,3
2026-08-29,13,CRIME_PROPERTY,police,2
2026-08-29,13,CRIME_VIOLENT,police,2
2026-08-29,13,DRAINAGE_SEWAGE,grievance,2
2026-08-29,13,DRAINAGE_SEWAGE,pwd,1
2026-08-29,13,FOOD_SAFETY,grievance,1
2026-08-29,13,ROAD_ACCIDENT,police,3
2026-08-29,13,ROAD_DAMAGE,grievance,2
2026-08-29,13,SOLID_WASTE,grievance,3
2026-08-29,13,TRAFFIC_OBSTRUCTION,grievance,1
2026-08-29,13,VECTOR_DISEASE,grievance,1
2026-08-29,14,ADMIN_SERVICES,grievance,2
2026-08-29,14,CRIME_PROPERTY,police,2
2026-08-29,14,DRAINAGE_SEWAGE,grievance,1
2026-08-29,14,PUBLIC_ORDER,police,2
2026-08-29,14,ROAD_DAMAGE,grievance,1
2026-08-29,14,SANITATION_TOILETS,grievance,1
2026-08-29,14,STREETLIGHT_ELECTRICAL,grievance,1
2026-08-29,15,CRIME_PROPERTY,police,2
2026-08-29,15,DRAINAGE_SEWAGE,grievance,1
2026-08-29,15,DRUGS_LIQUOR,police,1
2026-08-29,15,PUBLIC_ORDER,police,1
2026-08-29,15,ROAD_DAMAGE,grievance,1
2026-08-29,15,SOLID_WASTE,grievance,1
2026-08-29,15,STREETLIGHT_ELECTRICAL,grievance,1
2026-08-29,,CRIME_VIOLENT,news,1
2026-08-29,,FLOOD_WATERLOGGING,news,1
2026-08-29,,PUBLIC_ORDER,police,1
2026-08-29,,WATER_SUPPLY,news,1
2026-08-30,1,FLOOD_WATERLOGGING,grievance,1
2026-08-30,1,PUBLIC_ORDER,police,1
2026-08-30,1,ROAD_ACCIDENT,police,2
2026-08-30,1,SOLID_WASTE,grievance,1
2026-08-30,2,CRIME_PROPERTY,police,1
2026-08-30,2,DRAIN_WORKS_SAFETY,grievance,1
2026-08-30,2,ROAD_ACCIDENT,news,1
2026-08-30,3,CRIME_VIOLENT,police,1
2026-08-30,3,DRAINAGE_SEWAGE,grievance,2
2026-08-30,3,MISSING_PERSON,police,1
2026-08-30,3,SOLID_WASTE,grievance,2
2026-08-30,3,STREETLIGHT_ELECTRICAL,grievance,2
2026-08-30,4,CRIME_PROPERTY,police,2
2026-08-30,4,DRAINAGE_SEWAGE,grievance,1
2026-08-30,4,DRAINAGE_SEWAGE,news,1
2026-08-30,4,DRAIN_WORKS_SAFETY,grievance,2
2026-08-30,4,ROAD_ACCIDENT,police,1
2026-08-30,4,SANITATION_TOILETS,grievance,1
2026-08-30,4,SOLID_WASTE,grievance,2
2026-08-30,4,STREETLIGHT_ELECTRICAL,grievance,2
2026-08-30,5,ADMIN_SERVICES,grievance,1
2026-08-30,5,CRIME_PROPERTY,police,5
2026-08-30,5,CRIME_VIOLENT,police,1
2026-08-30,5,DRAIN_WORKS_SAFETY,grievance,1
2026-08-30,5,ENCROACHMENT,grievance,1
2026-08-30,5,FLOOD_WATERLOGGING,grievance,1
2026-08-30,5,HEALTH_SERVICES,hospital,1
2026-08-30,5,OTHER,grievance,1
2026-08-30,5,PUBLIC_ORDER,police,1
2026-08-30,5,ROAD_ACCIDENT,police,1
2026-08-30,5,STRAY_ANIMALS,grievance,1
2026-08-30,5,TRAFFIC_OBSTRUCTION,police,1
2026-08-30,5,VECTOR_DISEASE,hospital,1
2026-08-30,6,AIR_POLLUTION,grievance,1
2026-08-30,6,CRIME_PROPERTY,police,6
2026-08-30,6,CRIME_VIOLENT,police,1
2026-08-30,6,DRAINAGE_SEWAGE,grievance,1
2026-08-30,6,HEALTH_SERVICES,grievance,1
2026-08-30,6,PUBLIC_ORDER,police,3
2026-08-30,6,PUBLIC_WORKS,grievance,2
2026-08-30,6,ROAD_ACCIDENT,police,2
2026-08-30,6,ROAD_DAMAGE,grievance,1
2026-08-30,6,SOLID_WASTE,grievance,2
2026-08-30,6,TRAFFIC_OBSTRUCTION,grievance,1
2026-08-30,6,VECTOR_DISEASE,grievance,1
2026-08-30,7,CRIME_PROPERTY,police,4
2026-08-30,7,CRIME_VIOLENT,news,2
2026-08-30,7,CRIME_VIOLENT,police,1
2026-08-30,7,DARK_SPOT_SAFETY,grievance,1
2026-08-30,7,DRAINAGE_SEWAGE,grievance,1
2026-08-30,7,DRAIN_WORKS_SAFETY,grievance,1
2026-08-30,7,ENCROACHMENT,grievance,1
2026-08-30,7,FLOOD_RELIEF,grievance,1
2026-08-30,7,SANITATION_TOILETS,grievance,1
2026-08-30,7,SOLID_WASTE,grievance,1
2026-08-30,7,STREETLIGHT_ELECTRICAL,grievance,1
2026-08-30,8,ADMIN_SERVICES,grievance,3
2026-08-30,8,CRIME_PROPERTY,police,4
2026-08-30,8,DRAIN_WORKS_SAFETY,grievance,1
2026-08-30,8,FLOOD_WATERLOGGING,grievance,2
2026-08-30,8,HEALTH_SERVICES,grievance,1
2026-08-30,8,ROAD_ACCIDENT,police,2
2026-08-30,8,SOLID_WASTE,grievance,2
2026-08-30,8,TRAFFIC_OBSTRUCTION,police,2
2026-08-30,8,VECTOR_DISEASE,grievance,1
2026-08-30,9,AIR_POLLUTION,grievance,1
2026-08-30,9,CRIME_PROPERTY,police,1
2026-08-30,9,CRIME_VIOLENT,police,1
2026-08-30,9,DRAINAGE_SEWAGE,grievance,2
2026-08-30,9,DRAIN_WORKS_SAFETY,grievance,1
2026-08-30,9,FLOOD_WATERLOGGING,grievance,3
2026-08-30,9,ROAD_ACCIDENT,police,1
2026-08-30,9,ROAD_DAMAGE,grievance,1
2026-08-30,9,SANITATION_TOILETS,grievance,1
2026-08-30,9,SOLID_WASTE,grievance,4
2026-08-30,9,STREETLIGHT_ELECTRICAL,grievance,2
2026-08-30,10,ADMIN_SERVICES,grievance,1
2026-08-30,10,BUILDING_SAFETY,pwd,1
2026-08-30,10,CRIME_PROPERTY,police,1
2026-08-30,10,CRIME_VIOLENT,police,1
2026-08-30,10,DRAINAGE_SEWAGE,grievance,2
2026-08-30,10,DRAIN_WORKS_SAFETY,grievance,1
2026-08-30,10,ENCROACHMENT,grievance,1
2026-08-30,10,FLOOD_RELIEF,grievance,1
2026-08-30,10,FLOOD_WATERLOGGING,grievance,1
2026-08-30,10,PUBLIC_ORDER,police,3
2026-08-30,10,PUBLIC_WORKS,grievance,3
2026-08-30,10,SOLID_WASTE,grievance,2
2026-08-30,10,STREETLIGHT_ELECTRICAL,grievance,3
2026-08-30,10,TRAFFIC_OBSTRUCTION,police,2
2026-08-30,11,CRIME_VIOLENT,police,1
2026-08-30,11,FLOOD_WATERLOGGING,grievance,1
2026-08-30,11,HEALTH_SERVICES,grievance,1
2026-08-30,11,SOLID_WASTE,grievance,1
2026-08-30,11,STREETLIGHT_ELECTRICAL,grievance,3
2026-08-30,11,TRAFFIC_OBSTRUCTION,police,1
2026-08-30,12,CRIME_PROPERTY,police,2
2026-08-30,12,FLOOD_WATERLOGGING,police,1
2026-08-30,12,OTHER,grievance,1
2026-08-30,12,PUBLIC_ORDER,police,2
2026-08-30,12,SOLID_WASTE,grievance,1
2026-08-30,12,STREETLIGHT_ELECTRICAL,grievance,1
2026-08-30,13,CRIME_PROPERTY,police,2
2026-08-30,13,CRIME_VIOLENT,police,1
2026-08-30,13,DRAINAGE_SEWAGE,pwd,2
2026-08-30,13,DRAIN_WORKS_SAFETY,grievance,1
2026-08-30,13,ENCROACHMENT,pwd,2
2026-08-30,13,FLOOD_RELIEF,grievance,1
2026-08-30,13,FLOOD_WATERLOGGING,grievance,2
2026-08-30,13,PUBLIC_ORDER,police,3
2026-08-30,13,ROAD_ACCIDENT,police,4
2026-08-30,13,ROAD_DAMAGE,grievance,1
2026-08-30,13,TRAFFIC_OBSTRUCTION,police,2
2026-08-30,13,WATERBODY_INFRA,pwd,1
2026-08-30,14,CRIME_PROPERTY,police,1
2026-08-30,14,DRAINAGE_SEWAGE,grievance,2
2026-08-30,14,DRAIN_WORKS_SAFETY,grievance,1
2026-08-30,14,FLOOD_RELIEF,grievance,1
2026-08-30,14,FLOOD_WATERLOGGING,grievance,2
2026-08-30,14,MISSING_PERSON,police,1
2026-08-30,14,PUBLIC_ORDER,police,2
2026-08-30,14,STREETLIGHT_ELECTRICAL,grievance,1
2026-08-30,14,TRAFFIC_OBSTRUCTION,grievance,1
2026-08-30,15,ADMIN_SERVICES,grievance,1
2026-08-30,15,CRIME_PROPERTY,police,4
2026-08-30,15,CRIME_VIOLENT,police,1
2026-08-30,15,DRAIN_WORKS_SAFETY,grievance,1
2026-08-30,15,FLOOD_WATERLOGGING,pwd,1
2026-08-30,15,FOOD_SAFETY,grievance,1
2026-08-30,15,ROAD_ACCIDENT,police,1
2026-08-30,15,SOLID_WASTE,grievance,1
2026-08-30,15,STREETLIGHT_ELECTRICAL,grievance,1
2026-08-30,,CRIME_VIOLENT,news,3
2026-08-30,,DARK_SPOT_SAFETY,news,1
2026-08-30,,DRAINAGE_SEWAGE,news,2
2026-08-30,,FLOOD_RELIEF,news,1
2026-08-31,1,DRAINAGE_SEWAGE,grievance,1
2026-08-31,1,ENCROACHMENT,grievance,1
2026-08-31,1,FOOD_SAFETY,grievance,1
2026-08-31,1,ROAD_ACCIDENT,police,2
2026-08-31,1,TRAFFIC_OBSTRUCTION,police,1
2026-08-31,2,PUBLIC_ORDER,police,1
2026-08-31,2,ROAD_DAMAGE,grievance,1
2026-08-31,3,CRIME_PROPERTY,police,2
2026-08-31,3,CRIME_VIOLENT,police,1
2026-08-31,3,DRAINAGE_SEWAGE,news,1
2026-08-31,3,DRAINAGE_SEWAGE,pwd,1
2026-08-31,3,ENCROACHMENT,pwd,1
2026-08-31,3,HEALTH_SERVICES,grievance,1
2026-08-31,4,ADMIN_SERVICES,grievance,1
2026-08-31,4,CRIME_PROPERTY,police,1
2026-08-31,4,ENCROACHMENT,grievance,1
2026-08-31,4,FLOOD_WATERLOGGING,grievance,1
2026-08-31,4,POLICE_OTHER,news,1
2026-08-31,4,ROAD_ACCIDENT,police,1
2026-08-31,4,ROAD_DAMAGE,grievance,1
2026-08-31,4,SANITATION_TOILETS,grievance,1
2026-08-31,4,STREETLIGHT_ELECTRICAL,grievance,2
2026-08-31,4,TRAFFIC_OBSTRUCTION,police,1
2026-08-31,4,VECTOR_DISEASE,grievance,2
2026-08-31,5,CRIME_PROPERTY,police,2
2026-08-31,5,HEALTH_SERVICES,hospital,1
2026-08-31,5,PUBLIC_ORDER,police,3
2026-08-31,5,ROAD_DAMAGE,grievance,1
2026-08-31,5,STRAY_ANIMALS,grievance,1
2026-08-31,5,STREETLIGHT_ELECTRICAL,grievance,6
2026-08-31,5,TRAFFIC_OBSTRUCTION,grievance,1
2026-08-31,5,TRAFFIC_OBSTRUCTION,police,3
2026-08-31,5,VECTOR_DISEASE,hospital,1
2026-08-31,5,WATERBODY_INFRA,pwd,1
2026-08-31,6,ADMIN_SERVICES,grievance,2
2026-08-31,6,DRAIN_WORKS_SAFETY,grievance,1
2026-08-31,6,ENCROACHMENT,pwd,1
2026-08-31,6,FLOOD_WATERLOGGING,grievance,1
2026-08-31,6,HEALTH_SERVICES,grievance,1
2026-08-31,6,PUBLIC_ORDER,police,1
2026-08-31,6,SANITATION_TOILETS,grievance,1
2026-08-31,6,STREETLIGHT_ELECTRICAL,grievance,2
2026-08-31,6,TRAFFIC_OBSTRUCTION,police,1
2026-08-31,6,VECTOR_DISEASE,grievance,1
2026-08-31,7,CRIME_PROPERTY,police,1
2026-08-31,7,DRAINAGE_SEWAGE,grievance,1
2026-08-31,7,ENCROACHMENT,grievance,1
2026-08-31,7,ENCROACHMENT,pwd,1
2026-08-31,7,FLOOD_WATERLOGGING,grievance,1
2026-08-31,7,PUBLIC_ORDER,police,1
2026-08-31,7,ROAD_ACCIDENT,police,3
2026-08-31,7,SOLID_WASTE,grievance,1
2026-08-31,7,TREES_PARKS,grievance,1
2026-08-31,7,WATERBODY_INFRA,pwd,1
2026-08-31,8,BUILDING_SAFETY,pwd,1
2026-08-31,8,CRIME_PROPERTY,police,1
2026-08-31,8,DRAIN_WORKS_SAFETY,grievance,2
2026-08-31,8,ENCROACHMENT,grievance,1
2026-08-31,8,FLOOD_RELIEF,grievance,1
2026-08-31,8,FLOOD_WATERLOGGING,grievance,1
2026-08-31,8,FLOOD_WATERLOGGING,pwd,1
2026-08-31,8,SANITATION_TOILETS,grievance,1
2026-08-31,8,SOLID_WASTE,grievance,4
2026-08-31,8,STREETLIGHT_ELECTRICAL,grievance,1
2026-08-31,8,TRAFFIC_OBSTRUCTION,police,2
2026-08-31,9,ADMIN_SERVICES,grievance,1
2026-08-31,9,BUILDING_SAFETY,pwd,1
2026-08-31,9,CRIME_PROPERTY,police,3
2026-08-31,9,CRIME_VIOLENT,police,3
2026-08-31,9,DARK_SPOT_SAFETY,grievance,1
2026-08-31,9,FLOOD_WATERLOGGING,grievance,1
2026-08-31,9,ROAD_ACCIDENT,police,1
2026-08-31,9,ROAD_DAMAGE,pwd,2
2026-08-31,9,SOLID_WASTE,grievance,1
2026-08-31,9,STREETLIGHT_ELECTRICAL,grievance,1
2026-08-31,10,BUILDING_SAFETY,police,1
2026-08-31,10,BUILDING_SAFETY,pwd,1
2026-08-31,10,CRIME_PROPERTY,police,1
2026-08-31,10,CRIME_VIOLENT,police,2
2026-08-31,10,DRAINAGE_SEWAGE,grievance,1
2026-08-31,10,DRAINAGE_SEWAGE,pwd,1
2026-08-31,10,DRAIN_WORKS_SAFETY,grievance,2
2026-08-31,10,FLOOD_WATERLOGGING,grievance,1
2026-08-31,10,SANITATION_TOILETS,grievance,1
2026-08-31,10,SOLID_WASTE,grievance,3
2026-08-31,10,STRAY_ANIMALS,grievance,1
2026-08-31,10,STREETLIGHT_ELECTRICAL,grievance,1
2026-08-31,10,TRAFFIC_OBSTRUCTION,news,1
2026-08-31,10,TRAFFIC_OBSTRUCTION,police,1
2026-08-31,11,AIR_POLLUTION,grievance,1
2026-08-31,11,DARK_SPOT_SAFETY,grievance,1
2026-08-31,11,DRUGS_LIQUOR,police,1
2026-08-31,11,MISSING_PERSON,police,1
2026-08-31,11,SANITATION_TOILETS,grievance,2
2026-08-31,11,SOLID_WASTE,grievance,2
2026-08-31,11,TRAFFIC_OBSTRUCTION,police,1
2026-08-31,11,TREES_PARKS,grievance,2
2026-08-31,12,CRIME_PROPERTY,police,2
2026-08-31,12,CRIME_VIOLENT,police,3
2026-08-31,12,ROAD_DAMAGE,grievance,1
2026-08-31,12,SANITATION_TOILETS,grievance,1
2026-08-31,12,SOLID_WASTE,grievance,1
2026-08-31,12,STREETLIGHT_ELECTRICAL,grievance,1
2026-08-31,13,AIR_POLLUTION,grievance,1
2026-08-31,13,CRIME_PROPERTY,police,3
2026-08-31,13,ENCROACHMENT,pwd,1
2026-08-31,13,PUBLIC_ORDER,police,4
2026-08-31,13,PUBLIC_WORKS,grievance,1
2026-08-31,13,ROAD_ACCIDENT,police,2
2026-08-31,13,ROAD_DAMAGE,grievance,1
2026-08-31,13,SOLID_WASTE,grievance,3
2026-08-31,13,TRAFFIC_OBSTRUCTION,police,1
2026-08-31,14,ADMIN_SERVICES,grievance,1
2026-08-31,14,DRAINAGE_SEWAGE,grievance,1
2026-08-31,14,FLOOD_WATERLOGGING,grievance,1
2026-08-31,14,SOLID_WASTE,grievance,1
2026-08-31,15,CRIME_PROPERTY,police,2
2026-08-31,15,DRAINAGE_SEWAGE,pwd,1
2026-08-31,15,PUBLIC_ORDER,police,1
2026-08-31,15,ROAD_ACCIDENT,police,1
2026-08-31,15,STREETLIGHT_ELECTRICAL,grievance,2
2026-08-31,15,TRAFFIC_OBSTRUCTION,police,1
2026-08-31,,CRIME_PROPERTY,police,1
2026-08-31,,CRIME_VIOLENT,news,1
2026-08-31,,ROAD_ACCIDENT,news,1
2026-09-01,1,BUILDING_SAFETY,pwd,1
2026-09-01,1,CRIME_PROPERTY,police,4
2026-09-01,1,DARK_SPOT_SAFETY,grievance,1
2026-09-01,1,DRAIN_WORKS_SAFETY,grievance,1
2026-09-01,1,OTHER,grievance,1
2026-09-01,1,ROAD_ACCIDENT,police,2
2026-09-01,1,ROAD_DAMAGE,grievance,1
2026-09-01,1,SOLID_WASTE,grievance,1
2026-09-01,1,STREETLIGHT_ELECTRICAL,grievance,2
2026-09-01,1,TRAFFIC_OBSTRUCTION,police,2
2026-09-01,2,CRIME_PROPERTY,police,1
2026-09-01,2,FLOOD_WATERLOGGING,grievance,1
2026-09-01,3,CRIME_PROPERTY,police,1
2026-09-01,3,STREETLIGHT_ELECTRICAL,grievance,2
2026-09-01,4,CRIME_PROPERTY,police,1
2026-09-01,4,DRAIN_WORKS_SAFETY,grievance,1
2026-09-01,4,FOOD_SAFETY,grievance,1
2026-09-01,4,SANITATION_TOILETS,grievance,1
2026-09-01,4,SOLID_WASTE,grievance,3
2026-09-01,4,STREETLIGHT_ELECTRICAL,grievance,2
2026-09-01,4,TRAFFIC_OBSTRUCTION,police,1
2026-09-01,4,VECTOR_DISEASE,grievance,1
2026-09-01,5,CRIME_PROPERTY,police,3
2026-09-01,5,DARK_SPOT_SAFETY,grievance,1
2026-09-01,5,FOOD_SAFETY,grievance,1
2026-09-01,5,HEALTH_SERVICES,hospital,1
2026-09-01,5,OTHER,grievance,1
2026-09-01,5,PUBLIC_ORDER,police,1
2026-09-01,5,ROAD_ACCIDENT,police,1
2026-09-01,5,ROAD_DAMAGE,grievance,2
2026-09-01,5,SOLID_WASTE,grievance,1
2026-09-01,5,VECTOR_DISEASE,grievance,2
2026-09-01,6,BUILDING_SAFETY,pwd,1
2026-09-01,6,CIVIC_FACILITIES,grievance,1
2026-09-01,6,CRIME_PROPERTY,police,2
2026-09-01,6,DRAINAGE_SEWAGE,pwd,1
2026-09-01,6,DRUGS_LIQUOR,police,1
2026-09-01,6,FLOOD_WATERLOGGING,news,1
2026-09-01,6,ROAD_ACCIDENT,police,1
2026-09-01,6,SOLID_WASTE,grievance,1
2026-09-01,7,CRIME_PROPERTY,police,1
2026-09-01,7,DRUGS_LIQUOR,police,1
2026-09-01,7,ROAD_ACCIDENT,police,3
2026-09-01,7,ROAD_DAMAGE,grievance,1
2026-09-01,7,SOLID_WASTE,grievance,1
2026-09-01,7,STREETLIGHT_ELECTRICAL,grievance,1
2026-09-01,7,TRAFFIC_OBSTRUCTION,police,1
2026-09-01,7,WATERBODY_INFRA,pwd,1
2026-09-01,8,BUILDING_SAFETY,pwd,1
2026-09-01,8,CRIME_PROPERTY,police,3
2026-09-01,8,CRIME_VIOLENT,police,1
2026-09-01,8,DRAINAGE_SEWAGE,grievance,4
2026-09-01,8,DRAINAGE_SEWAGE,pwd,2
2026-09-01,8,DRAIN_WORKS_SAFETY,grievance,3
2026-09-01,8,ENCROACHMENT,grievance,1
2026-09-01,8,POLICE_OTHER,police,1
2026-09-01,8,ROAD_ACCIDENT,police,2
2026-09-01,8,SOLID_WASTE,grievance,5
2026-09-01,9,CRIME_PROPERTY,police,5
2026-09-01,9,CRIME_VIOLENT,police,1
2026-09-01,9,DRAIN_WORKS_SAFETY,grievance,1
2026-09-01,9,SANITATION_TOILETS,grievance,2
2026-09-01,9,SOLID_WASTE,grievance,3
2026-09-01,10,CRIME_PROPERTY,police,4
2026-09-01,10,DARK_SPOT_SAFETY,grievance,1
2026-09-01,10,DRAINAGE_SEWAGE,grievance,1
2026-09-01,10,DRAINAGE_SEWAGE,pwd,1
2026-09-01,10,DRUGS_LIQUOR,police,1
2026-09-01,10,FLOOD_WATERLOGGING,grievance,1
2026-09-01,10,ROAD_DAMAGE,grievance,2
2026-09-01,10,SANITATION_TOILETS,grievance,1
2026-09-01,10,SOLID_WASTE,grievance,4
2026-09-01,11,BUILDING_SAFETY,pwd,1
2026-09-01,11,CRIME_PROPERTY,police,3
2026-09-01,11,DRAINAGE_SEWAGE,pwd,1
2026-09-01,11,FLOOD_RELIEF,grievance,1
2026-09-01,11,SOLID_WASTE,grievance,2
2026-09-01,12,DRAINAGE_SEWAGE,grievance,1
2026-09-01,12,PUBLIC_WORKS,grievance,1
2026-09-01,12,ROAD_ACCIDENT,police,1
2026-09-01,12,ROAD_DAMAGE,grievance,2
2026-09-01,12,SOLID_WASTE,grievance,2
2026-09-01,13,ADMIN_SERVICES,grievance,1
2026-09-01,13,BUILDING_SAFETY,pwd,1
2026-09-01,13,CRIME_PROPERTY,police,2
2026-09-01,13,DRAINAGE_SEWAGE,grievance,1
2026-09-01,13,DRUGS_LIQUOR,police,1
2026-09-01,13,FLOOD_WATERLOGGING,pwd,1
2026-09-01,13,MISSING_PERSON,police,1
2026-09-01,13,PUBLIC_ORDER,police,2
2026-09-01,13,PUBLIC_WORKS,grievance,1
2026-09-01,13,SOLID_WASTE,grievance,2
2026-09-01,14,CRIME_PROPERTY,police,1
2026-09-01,14,CRIME_VIOLENT,police,1
2026-09-01,14,FLOOD_WATERLOGGING,grievance,1
2026-09-01,14,POLICE_OTHER,police,2
2026-09-01,14,ROAD_ACCIDENT,police,3
2026-09-01,14,STREETLIGHT_ELECTRICAL,grievance,1
2026-09-01,14,TREES_PARKS,grievance,1
2026-09-01,15,CRIME_PROPERTY,police,3
2026-09-01,15,DARK_SPOT_SAFETY,grievance,1
2026-09-01,15,PUBLIC_ORDER,police,1
2026-09-01,15,ROAD_ACCIDENT,police,1
2026-09-01,15,ROAD_DAMAGE,pwd,1
2026-09-01,15,SOLID_WASTE,grievance,3
2026-09-01,15,STREETLIGHT_ELECTRICAL,grievance,1
2026-09-01,,CRIME_VIOLENT,news,3
2026-09-01,,TRAFFIC_OBSTRUCTION,police,1
2026-09-02,1,CRIME_PROPERTY,police,3
2026-09-02,1,DRAINAGE_SEWAGE,pwd,1
2026-09-02,1,ENCROACHMENT,pwd,1
2026-09-02,1,SANITATION_TOILETS,grievance,1
2026-09-02,1,STRAY_ANIMALS,grievance,1
2026-09-02,1,STREETLIGHT_ELECTRICAL,grievance,1
2026-09-02,1,TRAFFIC_OBSTRUCTION,police,1
2026-09-02,2,ROAD_ACCIDENT,police,1
2026-09-02,2,ROAD_DAMAGE,grievance,1
2026-09-02,3,ADMIN_SERVICES,grievance,1
2026-09-02,3,CRIME_VIOLENT,police,1
2026-09-02,3,DRUGS_LIQUOR,police,1
2026-09-02,3,PUBLIC_WORKS,grievance,1
2026-09-02,3,ROAD_DAMAGE,grievance,2
2026-09-02,3,SANITATION_TOILETS,grievance,1
2026-09-02,3,SOLID_WASTE,grievance,1
2026-09-02,3,TRAFFIC_OBSTRUCTION,news,1
2026-09-02,3,TRAFFIC_OBSTRUCTION,police,1
2026-09-02,3,WATERBODY_INFRA,pwd,1
2026-09-02,4,CRIME_PROPERTY,police,1
2026-09-02,4,DRAINAGE_SEWAGE,grievance,1
2026-09-02,4,ENCROACHMENT,grievance,2
2026-09-02,4,PUBLIC_ORDER,police,2
2026-09-02,4,ROAD_DAMAGE,grievance,2
2026-09-02,4,SANITATION_TOILETS,grievance,1
2026-09-02,4,SOLID_WASTE,grievance,1
2026-09-02,4,STRAY_ANIMALS,grievance,1
2026-09-02,4,TREES_PARKS,grievance,1
2026-09-02,5,AIR_POLLUTION,grievance,1
2026-09-02,5,CRIME_PROPERTY,police,1
2026-09-02,5,CRIME_VIOLENT,police,1
2026-09-02,5,DRAINAGE_SEWAGE,grievance,1
2026-09-02,5,ENCROACHMENT,grievance,1
2026-09-02,5,ENCROACHMENT,pwd,1
2026-09-02,5,FLOOD_WATERLOGGING,grievance,1
2026-09-02,5,POLICE_OTHER,police,1
2026-09-02,5,PUBLIC_ORDER,police,2
2026-09-02,5,PUBLIC_WORKS,grievance,1
2026-09-02,5,ROAD_DAMAGE,grievance,1
2026-09-02,5,SANITATION_TOILETS,grievance,2
2026-09-02,5,SOLID_WASTE,grievance,1
2026-09-02,5,STREETLIGHT_ELECTRICAL,grievance,1
2026-09-02,5,TRAFFIC_OBSTRUCTION,police,1
2026-09-02,6,DRAIN_WORKS_SAFETY,grievance,1
2026-09-02,6,FLOOD_WATERLOGGING,grievance,2
2026-09-02,6,SANITATION_TOILETS,grievance,1
2026-09-02,6,SOLID_WASTE,grievance,1
2026-09-02,6,STRAY_ANIMALS,grievance,1
2026-09-02,6,STREETLIGHT_ELECTRICAL,grievance,2
2026-09-02,7,CRIME_PROPERTY,police,1
2026-09-02,7,DRUGS_LIQUOR,police,1
2026-09-02,7,MISSING_PERSON,police,1
2026-09-02,7,ROAD_ACCIDENT,police,1
2026-09-02,7,SOLID_WASTE,grievance,2
2026-09-02,7,STREETLIGHT_ELECTRICAL,grievance,1
2026-09-02,7,WATERBODY_INFRA,pwd,1
2026-09-02,8,CRIME_PROPERTY,police,1
2026-09-02,8,DRAINAGE_SEWAGE,pwd,1
2026-09-02,8,DRUGS_LIQUOR,police,1
2026-09-02,8,PUBLIC_ORDER,police,2
2026-09-02,8,ROAD_ACCIDENT,police,4
2026-09-02,8,SANITATION_TOILETS,grievance,1
2026-09-02,8,SOLID_WASTE,grievance,1
2026-09-02,8,STRAY_ANIMALS,grievance,1
2026-09-02,8,TRAFFIC_OBSTRUCTION,grievance,1
2026-09-02,8,TRAFFIC_OBSTRUCTION,police,1
2026-09-02,9,BUILDING_SAFETY,pwd,1
2026-09-02,9,CRIME_PROPERTY,police,1
2026-09-02,9,ENCROACHMENT,grievance,1
2026-09-02,9,ENCROACHMENT,pwd,2
2026-09-02,9,ROAD_ACCIDENT,police,1
2026-09-02,9,ROAD_DAMAGE,grievance,1
2026-09-02,9,SANITATION_TOILETS,grievance,1
2026-09-02,9,SOLID_WASTE,grievance,3
2026-09-02,9,STRAY_ANIMALS,grievance,1
2026-09-02,9,STREETLIGHT_ELECTRICAL,grievance,1
2026-09-02,9,VECTOR_DISEASE,grievance,1
2026-09-02,10,BUILDING_SAFETY,pwd,1
2026-09-02,10,CRIME_PROPERTY,news,1
2026-09-02,10,CRIME_VIOLENT,police,2
2026-09-02,10,DRAINAGE_SEWAGE,grievance,1
2026-09-02,10,DRAIN_WORKS_SAFETY,grievance,1
2026-09-02,10,PUBLIC_WORKS,grievance,1
2026-09-02,10,ROAD_ACCIDENT,police,1
2026-09-02,10,SANITATION_TOILETS,grievance,1
2026-09-02,10,STREETLIGHT_ELECTRICAL,grievance,1
2026-09-02,11,AIR_POLLUTION,grievance,1
2026-09-02,11,CRIME_PROPERTY,police,1
2026-09-02,11,CRIME_VIOLENT,police,1
2026-09-02,11,DRAINAGE_SEWAGE,pwd,1
2026-09-02,11,OTHER,grievance,1
2026-09-02,11,PUBLIC_ORDER,police,1
2026-09-02,11,ROAD_ACCIDENT,police,1
2026-09-02,11,SANITATION_TOILETS,grievance,1
2026-09-02,11,SOLID_WASTE,grievance,1
2026-09-02,11,STRAY_ANIMALS,grievance,1
2026-09-02,11,STREETLIGHT_ELECTRICAL,grievance,1
2026-09-02,12,ADMIN_SERVICES,grievance,1
2026-09-02,12,CRIME_PROPERTY,police,1
2026-09-02,12,CRIME_VIOLENT,police,1
2026-09-02,12,OTHER,grievance,1
2026-09-02,12,ROAD_ACCIDENT,police,2
2026-09-02,12,ROAD_DAMAGE,grievance,1
2026-09-02,12,SOLID_WASTE,grievance,2
2026-09-02,12,STREETLIGHT_ELECTRICAL,grievance,1
2026-09-02,12,TRAFFIC_OBSTRUCTION,police,1
2026-09-02,13,BUILDING_SAFETY,pwd,1
2026-09-02,13,CRIME_PROPERTY,police,1
2026-09-02,13,CRIME_VIOLENT,police,1
2026-09-02,13,FOOD_SAFETY,grievance,1
2026-09-02,13,HEALTH_SERVICES,grievance,1
2026-09-02,13,ROAD_ACCIDENT,police,1
2026-09-02,13,ROAD_DAMAGE,grievance,1
2026-09-02,13,SANITATION_TOILETS,grievance,2
2026-09-02,13,SOLID_WASTE,grievance,1
2026-09-02,13,STREETLIGHT_ELECTRICAL,grievance,2
2026-09-02,14,CRIME_PROPERTY,police,1
2026-09-02,14,DARK_SPOT_SAFETY,grievance,1
2026-09-02,14,DRAINAGE_SEWAGE,grievance,1
2026-09-02,14,FOOD_SAFETY,grievance,1
2026-09-02,14,ROAD_ACCIDENT,police,2
2026-09-02,14,SOLID_WASTE,grievance,1
2026-09-02,14,STREETLIGHT_ELECTRICAL,grievance,1
2026-09-02,14,TREES_PARKS,grievance,2
2026-09-02,15,AIR_POLLUTION,grievance,1
2026-09-02,15,CRIME_PROPERTY,police,5
2026-09-02,15,CRIME_VIOLENT,police,1
2026-09-02,15,DARK_SPOT_SAFETY,grievance,1
2026-09-02,15,ENCROACHMENT,pwd,1
2026-09-02,15,ROAD_ACCIDENT,police,1
2026-09-02,15,ROAD_DAMAGE,grievance,1
2026-09-02,,CRIME_PROPERTY,news,1
2026-09-02,,FLOOD_RELIEF,news,1
2026-09-03,1,CRIME_VIOLENT,police,1
2026-09-03,1,ROAD_DAMAGE,pwd,1
2026-09-03,1,SOLID_WASTE,grievance,1
2026-09-03,1,STRAY_ANIMALS,grievance,2
2026-09-03,2,ADMIN_SERVICES,grievance,1
2026-09-03,2,CRIME_VIOLENT,police,1
2026-09-03,2,ROAD_DAMAGE,grievance,1
2026-09-03,2,SOLID_WASTE,grievance,1
2026-09-03,2,TREES_PARKS,grievance,1
2026-09-03,3,CRIME_PROPERTY,police,1
2026-09-03,3,CRIME_VIOLENT,police,2
2026-09-03,3,FLOOD_WATERLOGGING,grievance,1
2026-09-03,3,FOOD_SAFETY,grievance,1
2026-09-03,3,OTHER,grievance,1
2026-09-03,3,ROAD_ACCIDENT,police,2
2026-09-03,3,STREETLIGHT_ELECTRICAL,grievance,2
2026-09-03,4,CRIME_PROPERTY,police,2
2026-09-03,4,DARK_SPOT_SAFETY,grievance,1
2026-09-03,4,ENCROACHMENT,grievance,1
2026-09-03,4,MISSING_PERSON,police,1
2026-09-03,4,ROAD_ACCIDENT,police,4
2026-09-03,4,STREETLIGHT_ELECTRICAL,grievance,1
2026-09-03,4,TRAFFIC_OBSTRUCTION,police,3
2026-09-03,4,VECTOR_DISEASE,grievance,1
2026-09-03,5,AIR_POLLUTION,grievance,1
2026-09-03,5,DRUGS_LIQUOR,police,1
2026-09-03,5,FLOOD_WATERLOGGING,grievance,2
2026-09-03,5,MISSING_PERSON,police,1
2026-09-03,5,POLICE_OTHER,police,1
2026-09-03,5,PUBLIC_ORDER,police,1
2026-09-03,5,PUBLIC_WORKS,grievance,1
2026-09-03,5,SANITATION_TOILETS,grievance,1
2026-09-03,5,SOLID_WASTE,grievance,2
2026-09-03,5,VECTOR_DISEASE,grievance,1
2026-09-03,6,CRIME_VIOLENT,police,2
2026-09-03,6,DRAINAGE_SEWAGE,grievance,1
2026-09-03,6,DRAIN_WORKS_SAFETY,grievance,1
2026-09-03,6,ENCROACHMENT,grievance,1
2026-09-03,6,TRAFFIC_OBSTRUCTION,police,1
2026-09-03,7,CRIME_PROPERTY,police,1
2026-09-03,7,FLOOD_WATERLOGGING,grievance,1
2026-09-03,7,MISSING_PERSON,police,2
2026-09-03,7,PUBLIC_ORDER,police,1
2026-09-03,7,ROAD_ACCIDENT,police,1
2026-09-03,7,SOLID_WASTE,grievance,1
2026-09-03,8,CRIME_VIOLENT,police,1
2026-09-03,8,DRUGS_LIQUOR,police,1
2026-09-03,8,FLOOD_WATERLOGGING,grievance,1
2026-09-03,8,FOOD_SAFETY,grievance,1
2026-09-03,8,PUBLIC_ORDER,police,1
2026-09-03,8,ROAD_DAMAGE,grievance,2
2026-09-03,8,STREETLIGHT_ELECTRICAL,grievance,1
2026-09-03,8,TRAFFIC_OBSTRUCTION,police,1
2026-09-03,9,ADMIN_SERVICES,grievance,1
2026-09-03,9,CIVIC_FACILITIES,grievance,1
2026-09-03,9,DRAINAGE_SEWAGE,pwd,1
2026-09-03,9,MISSING_PERSON,police,2
2026-09-03,9,PUBLIC_ORDER,police,1
2026-09-03,9,ROAD_ACCIDENT,police,1
2026-09-03,9,SANITATION_TOILETS,grievance,1
2026-09-03,9,SOLID_WASTE,grievance,3
2026-09-03,9,TREES_PARKS,grievance,1
2026-09-03,10,CRIME_VIOLENT,police,3
2026-09-03,10,DRAINAGE_SEWAGE,grievance,1
2026-09-03,10,ENCROACHMENT,grievance,2
2026-09-03,10,FOOD_SAFETY,grievance,1
2026-09-03,10,HEALTH_SERVICES,grievance,1
2026-09-03,10,OTHER,grievance,2
2026-09-03,10,PUBLIC_ORDER,police,2
2026-09-03,10,ROAD_ACCIDENT,police,1
2026-09-03,10,SOLID_WASTE,grievance,4
2026-09-03,10,STRAY_ANIMALS,grievance,1
2026-09-03,10,TRAFFIC_OBSTRUCTION,police,1
2026-09-03,11,CRIME_PROPERTY,police,2
2026-09-03,11,CRIME_VIOLENT,police,3
2026-09-03,11,DRAINAGE_SEWAGE,pwd,1
2026-09-03,11,FLOOD_RELIEF,grievance,1
2026-09-03,11,FLOOD_WATERLOGGING,grievance,1
2026-09-03,11,SANITATION_TOILETS,grievance,1
2026-09-03,11,SOLID_WASTE,grievance,1
2026-09-03,11,STRAY_ANIMALS,grievance,1
2026-09-03,11,STREETLIGHT_ELECTRICAL,grievance,2
2026-09-03,11,STREETLIGHT_ELECTRICAL,news,1
2026-09-03,11,TREES_PARKS,grievance,1
2026-09-03,12,CRIME_PROPERTY,police,3
2026-09-03,12,ENCROACHMENT,grievance,1
2026-09-03,12,PUBLIC_ORDER,police,1
2026-09-03,12,ROAD_ACCIDENT,police,2
2026-09-03,12,SOLID_WASTE,grievance,3
2026-09-03,12,STRAY_ANIMALS,grievance,1
2026-09-03,12,TRAFFIC_OBSTRUCTION,grievance,1
2026-09-03,13,CRIME_PROPERTY,police,2
2026-09-03,13,CRIME_VIOLENT,police,1
2026-09-03,13,DRAINAGE_SEWAGE,pwd,1
2026-09-03,13,HEALTH_SERVICES,grievance,1
2026-09-03,13,POLICE_OTHER,police,1
2026-09-03,13,ROAD_ACCIDENT,police,1
2026-09-03,13,STREETLIGHT_ELECTRICAL,grievance,1
2026-09-03,13,TRAFFIC_OBSTRUCTION,police,1
2026-09-03,14,CRIME_PROPERTY,police,2
2026-09-03,14,CRIME_VIOLENT,police,1
2026-09-03,14,DRAINAGE_SEWAGE,grievance,1
2026-09-03,14,FLOOD_WATERLOGGING,grievance,1
2026-09-03,14,SOLID_WASTE,grievance,1
2026-09-03,15,CRIME_PROPERTY,police,2
2026-09-03,15,CRIME_VIOLENT,police,1
2026-09-03,15,DRAINAGE_SEWAGE,grievance,1
2026-09-03,15,DRAIN_WORKS_SAFETY,grievance,1
2026-09-03,15,FLOOD_RELIEF,grievance,1
2026-09-03,15,FLOOD_WATERLOGGING,grievance,1
2026-09-03,15,OTHER,grievance,1
2026-09-03,15,SANITATION_TOILETS,grievance,2
2026-09-03,15,SOLID_WASTE,grievance,1
2026-09-03,15,STREETLIGHT_ELECTRICAL,grievance,1
2026-09-03,,CRIME_VIOLENT,news,1
2026-09-03,,PUBLIC_ORDER,police,1
2026-09-03,,ROAD_ACCIDENT,news,4
2026-09-03,,ROAD_ACCIDENT,police,1
2026-09-03,,WATER_SUPPLY,news,1
2026-09-04,1,CRIME_VIOLENT,police,1
2026-09-04,1,OTHER,grievance,3
2026-09-04,1,ROAD_ACCIDENT,police,1
2026-09-04,1,SANITATION_TOILETS,grievance,1
2026-09-04,1,SOLID_WASTE,grievance,1
2026-09-04,1,STRAY_ANIMALS,grievance,1
2026-09-04,1,TRAFFIC_OBSTRUCTION,police,2
2026-09-04,2,PUBLIC_ORDER,police,1
2026-09-04,2,SANITATION_TOILETS,grievance,1
2026-09-04,2,SOLID_WASTE,grievance,1
2026-09-04,2,TRAFFIC_OBSTRUCTION,police,1
2026-09-04,3,DRAIN_WORKS_SAFETY,grievance,2
2026-09-04,3,DRUGS_LIQUOR,police,1
2026-09-04,3,ENCROACHMENT,pwd,1
2026-09-04,3,FOOD_SAFETY,grievance,1
2026-09-04,3,MISSING_PERSON,police,1
2026-09-04,3,PUBLIC_WORKS,grievance,1
2026-09-04,3,ROAD_ACCIDENT,police,2
2026-09-04,3,SANITATION_TOILETS,grievance,1
2026-09-04,3,SOLID_WASTE,grievance,3
2026-09-04,3,STREETLIGHT_ELECTRICAL,grievance,1
2026-09-04,4,CRIME_VIOLENT,police,1
2026-09-04,4,ROAD_ACCIDENT,police,2
2026-09-04,4,ROAD_DAMAGE,grievance,1
2026-09-04,4,SOLID_WASTE,grievance,2
2026-09-04,4,TRAFFIC_OBSTRUCTION,police,1
2026-09-04,4,VECTOR_DISEASE,grievance,2
2026-09-04,5,CRIME_PROPERTY,police,1
2026-09-04,5,DRAINAGE_SEWAGE,grievance,1
2026-09-04,5,FLOOD_WATERLOGGING,grievance,1
2026-09-04,5,FLOOD_WATERLOGGING,pwd,1
2026-09-04,5,MISSING_PERSON,police,1
2026-09-04,5,PUBLIC_ORDER,police,1
2026-09-04,5,ROAD_ACCIDENT,police,1
2026-09-04,5,ROAD_DAMAGE,grievance,2
2026-09-04,5,SOLID_WASTE,grievance,6
2026-09-04,5,STREETLIGHT_ELECTRICAL,grievance,1
2026-09-04,6,CRIME_VIOLENT,police,1
2026-09-04,6,DRAINAGE_SEWAGE,grievance,1
2026-09-04,6,DRAINAGE_SEWAGE,pwd,1
2026-09-04,6,ENCROACHMENT,grievance,1
2026-09-04,6,FLOOD_WATERLOGGING,grievance,1
2026-09-04,6,FLOOD_WATERLOGGING,police,1
2026-09-04,6,FOOD_SAFETY,grievance,1
2026-09-04,6,MISSING_PERSON,police,1
2026-09-04,6,OTHER,grievance,2
2026-09-04,6,ROAD_ACCIDENT,police,1
2026-09-04,6,ROAD_DAMAGE,grievance,2
2026-09-04,6,SANITATION_TOILETS,grievance,1
2026-09-04,6,SOLID_WASTE,grievance,1
2026-09-04,6,STREETLIGHT_ELECTRICAL,grievance,1
2026-09-04,7,CRIME_PROPERTY,police,2
2026-09-04,7,DRAINAGE_SEWAGE,grievance,1
2026-09-04,7,ENCROACHMENT,grievance,1
2026-09-04,7,FOOD_SAFETY,grievance,1
2026-09-04,7,HEALTH_SERVICES,grievance,1
2026-09-04,7,OTHER,grievance,2
2026-09-04,7,ROAD_ACCIDENT,police,3
2026-09-04,7,ROAD_DAMAGE,grievance,1
2026-09-04,7,SANITATION_TOILETS,grievance,1
2026-09-04,7,SOLID_WASTE,grievance,5
2026-09-04,7,STREETLIGHT_ELECTRICAL,grievance,1
2026-09-04,8,CRIME_PROPERTY,police,4
2026-09-04,8,CRIME_VIOLENT,police,1
2026-09-04,8,DRUGS_LIQUOR,police,2
2026-09-04,8,ENCROACHMENT,grievance,1
2026-09-04,8,FLOOD_WATERLOGGING,grievance,1
2026-09-04,8,FOOD_SAFETY,grievance,1
2026-09-04,8,PUBLIC_ORDER,police,4
2026-09-04,8,ROAD_ACCIDENT,police,1
2026-09-04,8,ROAD_DAMAGE,grievance,3
2026-09-04,8,SOLID_WASTE,grievance,1
2026-09-04,8,STREETLIGHT_ELECTRICAL,grievance,1
2026-09-04,8,VECTOR_DISEASE,grievance,1
2026-09-04,8,WATER_SUPPLY,news,1
2026-09-04,9,CRIME_PROPERTY,police,3
2026-09-04,9,CRIME_VIOLENT,police,1
2026-09-04,9,HEALTH_SERVICES,grievance,1
2026-09-04,9,POLICE_OTHER,police,1
2026-09-04,9,ROAD_DAMAGE,grievance,1
2026-09-04,9,SANITATION_TOILETS,grievance,1
2026-09-04,9,SOLID_WASTE,grievance,3
2026-09-04,10,AIR_POLLUTION,grievance,1
2026-09-04,10,CRIME_PROPERTY,police,8
2026-09-04,10,CRIME_VIOLENT,police,2
2026-09-04,10,PUBLIC_ORDER,police,1
2026-09-04,10,PUBLIC_WORKS,grievance,1
2026-09-04,10,ROAD_ACCIDENT,police,3
2026-09-04,10,ROAD_DAMAGE,grievance,1
2026-09-04,10,STRAY_ANIMALS,grievance,2
2026-09-04,10,STREETLIGHT_ELECTRICAL,grievance,2
2026-09-04,10,TREES_PARKS,grievance,1
2026-09-04,10,VECTOR_DISEASE,grievance,1
2026-09-04,11,CRIME_PROPERTY,police,2
2026-09-04,11,CRIME_VIOLENT,police,1
2026-09-04,11,ENCROACHMENT,grievance,1
2026-09-04,11,MISSING_PERSON,police,1
2026-09-04,11,SOLID_WASTE,grievance,1
2026-09-04,11,STRAY_ANIMALS,grievance,1
2026-09-04,12,AIR_POLLUTION,grievance,1
2026-09-04,12,ROAD_DAMAGE,grievance,1
2026-09-04,12,STRAY_ANIMALS,grievance,1
2026-09-04,12,STREETLIGHT_ELECTRICAL,grievance,1
2026-09-04,13,CRIME_PROPERTY,police,1
2026-09-04,13,CRIME_VIOLENT,police,1
2026-09-04,13,DRAINAGE_SEWAGE,grievance,1
2026-09-04,13,ROAD_ACCIDENT,police,1
2026-09-04,13,SOLID_WASTE,grievance,2
2026-09-04,13,STREETLIGHT_ELECTRICAL,grievance,1
2026-09-04,13,TRAFFIC_OBSTRUCTION,grievance,1
2026-09-04,13,TRAFFIC_OBSTRUCTION,police,2
2026-09-04,14,CRIME_VIOLENT,police,1
2026-09-04,14,DRAINAGE_SEWAGE,grievance,2
2026-09-04,14,ROAD_DAMAGE,grievance,1
2026-09-04,14,VECTOR_DISEASE,grievance,1
2026-09-04,15,CRIME_VIOLENT,police,2
2026-09-04,15,ENCROACHMENT,pwd,1
2026-09-04,15,ROAD_DAMAGE,grievance,1
2026-09-04,15,TRAFFIC_OBSTRUCTION,police,1
2026-09-04,15,VECTOR_DISEASE,grievance,1
2026-09-04,,CRIME_PROPERTY,police,2
2026-09-04,,CRIME_VIOLENT,news,4
2026-09-04,,DRAINAGE_SEWAGE,news,1
2026-09-04,,PUBLIC_ORDER,police,1
2026-09-04,,ROAD_ACCIDENT,news,1
2026-09-04,,ROAD_ACCIDENT,police,2
2026-09-04,,TRAFFIC_OBSTRUCTION,news,1
2026-09-05,1,CRIME_PROPERTY,police,1
2026-09-05,1,DARK_SPOT_SAFETY,grievance,1
2026-09-05,1,POLICE_OTHER,police,1
2026-09-05,1,ROAD_ACCIDENT,police,1
2026-09-05,1,ROAD_DAMAGE,grievance,1
2026-09-05,1,SANITATION_TOILETS,grievance,1
2026-09-05,1,SOLID_WASTE,grievance,1
2026-09-05,3,CRIME_PROPERTY,police,1
2026-09-05,3,CRIME_VIOLENT,police,2
2026-09-05,3,DRAIN_WORKS_SAFETY,grievance,1
2026-09-05,3,FLOOD_WATERLOGGING,police,1
2026-09-05,3,ROAD_ACCIDENT,police,2
2026-09-05,3,SANITATION_TOILETS,grievance,1
2026-09-05,3,SOLID_WASTE,grievance,1
2026-09-05,3,STREETLIGHT_ELECTRICAL,grievance,1
2026-09-05,4,CRIME_PROPERTY,police,1
2026-09-05,4,DRAINAGE_SEWAGE,grievance,1
2026-09-05,4,FLOOD_RELIEF,grievance,1
2026-09-05,4,ROAD_ACCIDENT,police,1
2026-09-05,4,ROAD_DAMAGE,grievance,2
2026-09-05,4,SANITATION_TOILETS,grievance,1
2026-09-05,4,STRAY_ANIMALS,grievance,1
2026-09-05,5,CRIME_PROPERTY,police,3
2026-09-05,5,CRIME_VIOLENT,police,1
2026-09-05,5,DRAINAGE_SEWAGE,grievance,1
2026-09-05,5,DRUGS_LIQUOR,police,1
2026-09-05,5,HEALTH_SERVICES,hospital,1
2026-09-05,5,ROAD_ACCIDENT,police,3
2026-09-05,5,SANITATION_TOILETS,grievance,3
2026-09-05,5,SOLID_WASTE,grievance,3
2026-09-05,5,STREETLIGHT_ELECTRICAL,grievance,1
2026-09-05,6,CRIME_PROPERTY,police,1
2026-09-05,6,CRIME_VIOLENT,police,1
2026-09-05,6,DRAINAGE_SEWAGE,grievance,1
2026-09-05,6,DRAINAGE_SEWAGE,pwd,1
2026-09-05,6,ROAD_ACCIDENT,police,3
2026-09-05,6,SANITATION_TOILETS,grievance,1
2026-09-05,6,SOLID_WASTE,grievance,1
2026-09-05,6,TRAFFIC_OBSTRUCTION,police,1
2026-09-05,7,ADMIN_SERVICES,grievance,1
2026-09-05,7,CRIME_PROPERTY,police,6
2026-09-05,7,MISSING_PERSON,police,2
2026-09-05,7,OTHER,grievance,1
2026-09-05,7,PUBLIC_WORKS,grievance,2
2026-09-05,7,ROAD_ACCIDENT,police,1
2026-09-05,7,SANITATION_TOILETS,grievance,1
2026-09-05,7,SOLID_WASTE,grievance,5
2026-09-05,7,STREETLIGHT_ELECTRICAL,grievance,1
2026-09-05,7,WATERBODY_INFRA,pwd,1
2026-09-05,8,BUILDING_SAFETY,pwd,1
2026-09-05,8,CRIME_PROPERTY,police,5
2026-09-05,8,DRAINAGE_SEWAGE,grievance,1
2026-09-05,8,DRAIN_WORKS_SAFETY,grievance,2
2026-09-05,8,PUBLIC_ORDER,police,1
2026-09-05,8,ROAD_ACCIDENT,police,3
2026-09-05,8,ROAD_DAMAGE,grievance,4
2026-09-05,8,SOLID_WASTE,grievance,2
2026-09-05,8,SOLID_WASTE,news,1
2026-09-05,8,STREETLIGHT_ELECTRICAL,grievance,1
2026-09-05,8,WATER_SUPPLY,news,1
2026-09-05,9,BUILDING_SAFETY,pwd,1
2026-09-05,9,CIVIC_FACILITIES,grievance,1
2026-09-05,9,CRIME_PROPERTY,police,1
2026-09-05,9,DRAINAGE_SEWAGE,grievance,1
2026-09-05,9,DRAIN_WORKS_SAFETY,grievance,1
2026-09-05,9,FLOOD_WATERLOGGING,grievance,1
2026-09-05,9,FOOD_SAFETY,grievance,2
2026-09-05,9,ROAD_DAMAGE,grievance,2
2026-09-05,9,SANITATION_TOILETS,grievance,1
2026-09-05,9,SOLID_WASTE,grievance,1
2026-09-05,10,CRIME_PROPERTY,police,4
2026-09-05,10,CRIME_VIOLENT,police,1
2026-09-05,10,DRAINAGE_SEWAGE,grievance,1
2026-09-05,10,FOOD_SAFETY,grievance,1
2026-09-05,10,PUBLIC_ORDER,police,4
2026-09-05,10,PUBLIC_WORKS,grievance,1
2026-09-05,10,SANITATION_TOILETS,grievance,1
2026-09-05,10,STREETLIGHT_ELECTRICAL,grievance,1
2026-09-05,11,SANITATION_TOILETS,grievance,1
2026-09-05,11,SOLID_WASTE,grievance,1
2026-09-05,11,STREETLIGHT_ELECTRICAL,grievance,1
2026-09-05,11,VECTOR_DISEASE,grievance,1
2026-09-05,12,CRIME_VIOLENT,police,2
2026-09-05,12,SANITATION_TOILETS,grievance,1
2026-09-05,12,SOLID_WASTE,grievance,2
2026-09-05,13,CRIME_PROPERTY,police,2
2026-09-05,13,CRIME_VIOLENT,police,4
2026-09-05,13,DRAINAGE_SEWAGE,grievance,1
2026-09-05,13,ENCROACHMENT,grievance,1
2026-09-05,13,HEALTH_SERVICES,grievance,1
2026-09-05,13,MISSING_PERSON,police,2
2026-09-05,13,PUBLIC_ORDER,police,1
2026-09-05,13,STREETLIGHT_ELECTRICAL,grievance,1
2026-09-05,13,VECTOR_DISEASE,grievance,1
2026-09-05,14,PUBLIC_WORKS,grievance,1
2026-09-05,14,STRAY_ANIMALS,grievance,1
2026-09-05,14,TRAFFIC_OBSTRUCTION,police,1
2026-09-05,15,ADMIN_SERVICES,grievance,1
2026-09-05,15,CRIME_PROPERTY,police,3
2026-09-05,15,DRAINAGE_SEWAGE,pwd,1
2026-09-05,15,ENCROACHMENT,grievance,1
2026-09-05,15,SOLID_WASTE,grievance,1
2026-09-05,15,STREETLIGHT_ELECTRICAL,grievance,2
2026-09-05,,CRIME_VIOLENT,news,2
2026-09-05,,VECTOR_DISEASE,news,1
2026-09-06,1,CRIME_VIOLENT,police,2
2026-09-06,1,DRAINAGE_SEWAGE,grievance,1
2026-09-06,1,DRAINAGE_SEWAGE,pwd,1
2026-09-06,1,DRUGS_LIQUOR,police,1
2026-09-06,1,FLOOD_WATERLOGGING,grievance,1
2026-09-06,1,FLOOD_WATERLOGGING,police,1
2026-09-06,1,FLOOD_WATERLOGGING,pwd,1
2026-09-06,1,SOLID_WASTE,grievance,2
2026-09-06,1,STREETLIGHT_ELECTRICAL,grievance,2
2026-09-06,1,TRAFFIC_OBSTRUCTION,police,1
2026-09-06,2,ROAD_ACCIDENT,police,3
2026-09-06,2,SOLID_WASTE,grievance,1
2026-09-06,3,BUILDING_SAFETY,pwd,1
2026-09-06,3,FLOOD_WATERLOGGING,police,3
2026-09-06,3,PUBLIC_ORDER,police,1
2026-09-06,3,ROAD_ACCIDENT,police,3
2026-09-06,3,ROAD_DAMAGE,grievance,5
2026-09-06,3,STREETLIGHT_ELECTRICAL,grievance,1
2026-09-06,4,ADMIN_SERVICES,grievance,1
2026-09-06,4,BUILDING_SAFETY,pwd,1
2026-09-06,4,DRAINAGE_SEWAGE,grievance,1
2026-09-06,4,DRAIN_WORKS_SAFETY,grievance,1
2026-09-06,4,ENCROACHMENT,grievance,1
2026-09-06,4,FLOOD_WATERLOGGING,pwd,2
2026-09-06,4,FOOD_SAFETY,grievance,1
2026-09-06,4,PUBLIC_ORDER,police,3
2026-09-06,4,ROAD_ACCIDENT,police,1
2026-09-06,4,ROAD_DAMAGE,grievance,1
2026-09-06,4,STREETLIGHT_ELECTRICAL,grievance,1
2026-09-06,5,CRIME_PROPERTY,police,2
2026-09-06,5,CRIME_VIOLENT,police,1
2026-09-06,5,DRAIN_WORKS_SAFETY,grievance,2
2026-09-06,5,ENCROACHMENT,grievance,1
2026-09-06,5,FLOOD_WATERLOGGING,grievance,2
2026-09-06,5,FLOOD_WATERLOGGING,police,4
2026-09-06,5,FLOOD_WATERLOGGING,pwd,5
2026-09-06,5,PUBLIC_WORKS,grievance,1
2026-09-06,5,ROAD_ACCIDENT,police,1
2026-09-06,5,SOLID_WASTE,grievance,3
2026-09-06,5,STREETLIGHT_ELECTRICAL,grievance,2
2026-09-06,5,TRAFFIC_OBSTRUCTION,police,1
2026-09-06,5,VECTOR_DISEASE,grievance,1
2026-09-06,5,VECTOR_DISEASE,hospital,2
2026-09-06,5,WATERBODY_INFRA,pwd,1
2026-09-06,6,BUILDING_SAFETY,pwd,2
2026-09-06,6,CRIME_PROPERTY,police,1
2026-09-06,6,CRIME_VIOLENT,police,2
2026-09-06,6,DRAINAGE_SEWAGE,grievance,1
2026-09-06,6,DRAINAGE_SEWAGE,pwd,5
2026-09-06,6,DRAIN_WORKS_SAFETY,grievance,1
2026-09-06,6,FLOOD_WATERLOGGING,grievance,2
2026-09-06,6,FLOOD_WATERLOGGING,pwd,5
2026-09-06,6,POLICE_OTHER,police,1
2026-09-06,6,ROAD_ACCIDENT,police,1
2026-09-06,6,SOLID_WASTE,grievance,1
2026-09-06,6,TRAFFIC_OBSTRUCTION,police,1
2026-09-06,6,WATERBODY_INFRA,pwd,1
2026-09-06,7,CRIME_PROPERTY,police,1
2026-09-06,7,DRAIN_WORKS_SAFETY,grievance,1
2026-09-06,7,ENCROACHMENT,pwd,1
2026-09-06,7,FLOOD_WATERLOGGING,grievance,2
2026-09-06,7,FLOOD_WATERLOGGING,police,3
2026-09-06,7,FLOOD_WATERLOGGING,pwd,4
2026-09-06,7,ROAD_ACCIDENT,police,2
2026-09-06,7,SOLID_WASTE,grievance,5
2026-09-06,7,STREETLIGHT_ELECTRICAL,grievance,1
2026-09-06,7,TRAFFIC_OBSTRUCTION,police,1
2026-09-06,8,CRIME_PROPERTY,police,2
2026-09-06,8,DRAINAGE_SEWAGE,grievance,1
2026-09-06,8,DRAINAGE_SEWAGE,pwd,2
2026-09-06,8,DRAIN_WORKS_SAFETY,grievance,1
2026-09-06,8,FLOOD_WATERLOGGING,grievance,1
2026-09-06,8,FLOOD_WATERLOGGING,police,2
2026-09-06,8,FLOOD_WATERLOGGING,pwd,5
2026-09-06,8,PUBLIC_ORDER,police,3
2026-09-06,8,STRAY_ANIMALS,grievance,1
2026-09-06,8,STREETLIGHT_ELECTRICAL,grievance,1
2026-09-06,8,WATERBODY_INFRA,pwd,1
2026-09-06,9,CRIME_PROPERTY,police,1
2026-09-06,9,DRAINAGE_SEWAGE,grievance,1
2026-09-06,9,DRAIN_WORKS_SAFETY,grievance,1
2026-09-06,9,FLOOD_WATERLOGGING,grievance,2
2026-09-06,9,FLOOD_WATERLOGGING,police,1
2026-09-06,9,FLOOD_WATERLOGGING,pwd,1
2026-09-06,9,SOLID_WASTE,grievance,1
2026-09-06,9,STREETLIGHT_ELECTRICAL,grievance,1
2026-09-06,9,TRAFFIC_OBSTRUCTION,police,2
2026-09-06,10,CRIME_PROPERTY,police,1
2026-09-06,10,CRIME_VIOLENT,police,1
2026-09-06,10,DRAIN_WORKS_SAFETY,grievance,1
2026-09-06,10,FLOOD_WATERLOGGING,grievance,2
2026-09-06,10,FLOOD_WATERLOGGING,police,1
2026-09-06,10,FLOOD_WATERLOGGING,pwd,2
2026-09-06,10,MISSING_PERSON,police,2
2026-09-06,10,PUBLIC_ORDER,police,2
2026-09-06,10,ROAD_ACCIDENT,police,7
2026-09-06,10,SOLID_WASTE,grievance,2
2026-09-06,10,STRAY_ANIMALS,police,1
2026-09-06,10,STREETLIGHT_ELECTRICAL,grievance,2
2026-09-06,10,TRAFFIC_OBSTRUCTION,police,2
2026-09-06,11,BUILDING_SAFETY,pwd,1
2026-09-06,11,CRIME_VIOLENT,police,3
2026-09-06,11,DRAINAGE_SEWAGE,pwd,1
2026-09-06,11,DRAIN_WORKS_SAFETY,grievance,1
2026-09-06,11,FLOOD_WATERLOGGING,grievance,1
2026-09-06,11,FLOOD_WATERLOGGING,police,1
2026-09-06,11,FLOOD_WATERLOGGING,pwd,6
2026-09-06,11,PUBLIC_ORDER,police,1
2026-09-06,11,ROAD_DAMAGE,grievance,1
2026-09-06,11,SOLID_WASTE,grievance,1
2026-09-06,11,STREETLIGHT_ELECTRICAL,grievance,1
2026-09-06,12,CRIME_PROPERTY,police,1
2026-09-06,12,DRAINAGE_SEWAGE,grievance,1
2026-09-06,12,DRAIN_WORKS_SAFETY,grievance,1
2026-09-06,12,FLOOD_WATERLOGGING,police,1
2026-09-06,12,SOLID_WASTE,grievance,1
2026-09-06,13,BUILDING_SAFETY,pwd,1
2026-09-06,13,CRIME_VIOLENT,news,2
2026-09-06,13,DRAINAGE_SEWAGE,grievance,2
2026-09-06,13,DRAINAGE_SEWAGE,pwd,1
2026-09-06,13,FLOOD_WATERLOGGING,police,1
2026-09-06,13,FLOOD_WATERLOGGING,pwd,1
2026-09-06,13,PUBLIC_ORDER,police,2
2026-09-06,13,ROAD_ACCIDENT,police,4
2026-09-06,13,ROAD_DAMAGE,grievance,1
2026-09-06,13,SOLID_WASTE,grievance,1
2026-09-06,13,STREETLIGHT_ELECTRICAL,grievance,1
2026-09-06,13,TRAFFIC_OBSTRUCTION,police,1
2026-09-06,14,CRIME_PROPERTY,police,1
2026-09-06,14,DRAINAGE_SEWAGE,grievance,2
2026-09-06,14,DRAIN_WORKS_SAFETY,grievance,1
2026-09-06,14,FLOOD_WATERLOGGING,grievance,3
2026-09-06,14,FLOOD_WATERLOGGING,pwd,1
2026-09-06,14,ROAD_DAMAGE,grievance,1
2026-09-06,14,TRAFFIC_OBSTRUCTION,police,2
2026-09-06,15,CRIME_PROPERTY,police,1
2026-09-06,15,CRIME_VIOLENT,police,2
2026-09-06,15,DRAINAGE_SEWAGE,pwd,1
2026-09-06,15,FLOOD_WATERLOGGING,grievance,1
2026-09-06,15,FLOOD_WATERLOGGING,police,1
2026-09-06,15,ROAD_ACCIDENT,police,3
2026-09-06,15,ROAD_DAMAGE,pwd,3
2026-09-06,15,SOLID_WASTE,grievance,1
2026-09-06,,CRIME_VIOLENT,news,5
2026-09-06,,DRAINAGE_SEWAGE,news,1
2026-09-06,,SOLID_WASTE,news,1
2026-09-06,,STRAY_ANIMALS,news,1
2026-09-07,1,CRIME_PROPERTY,police,1
2026-09-07,1,CRIME_VIOLENT,police,1
2026-09-07,1,OTHER,grievance,1
2026-09-07,1,ROAD_ACCIDENT,police,1
2026-09-07,1,SOLID_WASTE,grievance,1
2026-09-07,1,STREETLIGHT_ELECTRICAL,grievance,1
2026-09-07,1,TRAFFIC_OBSTRUCTION,police,1
2026-09-07,2,CRIME_VIOLENT,police,1
2026-09-07,2,ROAD_DAMAGE,grievance,1
2026-09-07,2,TRAFFIC_OBSTRUCTION,police,1
2026-09-07,3,CRIME_PROPERTY,police,1
2026-09-07,3,DRAINAGE_SEWAGE,grievance,2
2026-09-07,3,DRAIN_WORKS_SAFETY,grievance,1
2026-09-07,3,FOOD_SAFETY,grievance,1
2026-09-07,3,POLICE_OTHER,police,1
2026-09-07,3,PUBLIC_ORDER,police,1
2026-09-07,3,ROAD_ACCIDENT,police,1
2026-09-07,3,ROAD_DAMAGE,grievance,3
2026-09-07,3,ROAD_DAMAGE,news,2
2026-09-07,3,WATER_SUPPLY,news,2
2026-09-07,4,ADMIN_SERVICES,grievance,1
2026-09-07,4,CRIME_VIOLENT,police,2
2026-09-07,4,DRAINAGE_SEWAGE,grievance,2
2026-09-07,4,DRAIN_WORKS_SAFETY,grievance,3
2026-09-07,4,FLOOD_WATERLOGGING,grievance,2
2026-09-07,4,POLICE_OTHER,police,1
2026-09-07,4,ROAD_DAMAGE,grievance,1
2026-09-07,4,SANITATION_TOILETS,grievance,1
2026-09-07,4,SOLID_WASTE,grievance,2
2026-09-07,4,STREETLIGHT_ELECTRICAL,grievance,4
2026-09-07,4,TREES_PARKS,grievance,1
2026-09-07,5,CRIME_PROPERTY,police,1
2026-09-07,5,DRAINAGE_SEWAGE,grievance,1
2026-09-07,5,DRAIN_WORKS_SAFETY,grievance,3
2026-09-07,5,ENCROACHMENT,pwd,2
2026-09-07,5,FLOOD_WATERLOGGING,grievance,1
2026-09-07,5,FLOOD_WATERLOGGING,police,2
2026-09-07,5,FOOD_SAFETY,grievance,1
2026-09-07,5,HEALTH_SERVICES,hospital,2
2026-09-07,5,OTHER,grievance,1
2026-09-07,5,ROAD_ACCIDENT,police,3
2026-09-07,5,ROAD_DAMAGE,grievance,1
2026-09-07,5,SOLID_WASTE,grievance,3
2026-09-07,5,STREETLIGHT_ELECTRICAL,grievance,1
2026-09-07,5,TRAFFIC_OBSTRUCTION,police,1
2026-09-07,5,TREES_PARKS,grievance,1
2026-09-07,5,VECTOR_DISEASE,hospital,1
2026-09-07,6,BUILDING_SAFETY,police,1
2026-09-07,6,CRIME_PROPERTY,police,1
2026-09-07,6,FLOOD_WATERLOGGING,grievance,1
2026-09-07,6,MISSING_PERSON,police,1
2026-09-07,6,PUBLIC_ORDER,police,3
2026-09-07,6,PUBLIC_WORKS,grievance,1
2026-09-07,6,ROAD_ACCIDENT,police,1
2026-09-07,6,SANITATION_TOILETS,grievance,1
2026-09-07,6,SOLID_WASTE,grievance,4
2026-09-07,6,TREES_PARKS,news,1
2026-09-07,6,WATER_SUPPLY,news,1
2026-09-07,7,BUILDING_SAFETY,pwd,1
2026-09-07,7,CRIME_PROPERTY,police,2
2026-09-07,7,CRIME_VIOLENT,police,3
2026-09-07,7,ENCROACHMENT,grievance,2
2026-09-07,7,PUBLIC_ORDER,police,2
2026-09-07,7,ROAD_ACCIDENT,police,6
2026-09-07,7,SANITATION_TOILETS,grievance,1
2026-09-07,7,SOLID_WASTE,grievance,2
2026-09-07,7,TRAFFIC_OBSTRUCTION,police,3
2026-09-07,7,VECTOR_DISEASE,grievance,1
2026-09-07,8,BUILDING_SAFETY,pwd,1
2026-09-07,8,DRUGS_LIQUOR,police,1
2026-09-07,8,FLOOD_WATERLOGGING,police,1
2026-09-07,8,MISSING_PERSON,police,1
2026-09-07,8,OTHER,grievance,1
2026-09-07,8,SANITATION_TOILETS,grievance,1
2026-09-07,8,SOLID_WASTE,grievance,2
2026-09-07,8,STREETLIGHT_ELECTRICAL,grievance,2
2026-09-07,8,TRAFFIC_OBSTRUCTION,police,2
2026-09-07,9,ADMIN_SERVICES,grievance,1
2026-09-07,9,CRIME_VIOLENT,police,3
2026-09-07,9,DRAINAGE_SEWAGE,grievance,6
2026-09-07,9,DRAINAGE_SEWAGE,pwd,1
2026-09-07,9,DRAIN_WORKS_SAFETY,grievance,1
2026-09-07,9,DRUGS_LIQUOR,police,1
2026-09-07,9,ENCROACHMENT,grievance,1
2026-09-07,9,FLOOD_WATERLOGGING,grievance,2
2026-09-07,9,FLOOD_WATERLOGGING,police,1
2026-09-07,9,FLOOD_WATERLOGGING,pwd,1
2026-09-07,9,HEALTH_SERVICES,grievance,1
2026-09-07,9,ROAD_ACCIDENT,police,1
2026-09-07,9,ROAD_DAMAGE,grievance,1
2026-09-07,9,SOLID_WASTE,grievance,3
2026-09-07,9,STREETLIGHT_ELECTRICAL,grievance,3
2026-09-07,9,TRAFFIC_OBSTRUCTION,grievance,1
2026-09-07,9,TREES_PARKS,grievance,2
2026-09-07,10,ADMIN_SERVICES,grievance,1
2026-09-07,10,CRIME_PROPERTY,police,3
2026-09-07,10,CRIME_VIOLENT,police,1
2026-09-07,10,DRAINAGE_SEWAGE,grievance,1
2026-09-07,10,DRAIN_WORKS_SAFETY,grievance,2
2026-09-07,10,FLOOD_WATERLOGGING,grievance,1
2026-09-07,10,PUBLIC_ORDER,police,1
2026-09-07,10,ROAD_ACCIDENT,police,3
2026-09-07,10,ROAD_DAMAGE,grievance,1
2026-09-07,10,SOLID_WASTE,grievance,4
2026-09-07,10,STREETLIGHT_ELECTRICAL,grievance,3
2026-09-07,10,TRAFFIC_OBSTRUCTION,grievance,2
2026-09-07,11,ADMIN_SERVICES,grievance,1
2026-09-07,11,AIR_POLLUTION,grievance,1
2026-09-07,11,DRAINAGE_SEWAGE,grievance,2
2026-09-07,11,DRAIN_WORKS_SAFETY,grievance,2
2026-09-07,11,FLOOD_WATERLOGGING,grievance,2
2026-09-07,11,ROAD_ACCIDENT,police,1
2026-09-07,11,STREETLIGHT_ELECTRICAL,grievance,3
2026-09-07,11,WATERBODY_INFRA,pwd,1
2026-09-07,12,DARK_SPOT_SAFETY,grievance,1
2026-09-07,12,DRAIN_WORKS_SAFETY,grievance,1
2026-09-07,12,ROAD_DAMAGE,grievance,1
2026-09-07,13,CRIME_PROPERTY,police,2
2026-09-07,13,DRAINAGE_SEWAGE,grievance,1
2026-09-07,13,DRAIN_WORKS_SAFETY,grievance,3
2026-09-07,13,FLOOD_WATERLOGGING,grievance,3
2026-09-07,13,ROAD_ACCIDENT,police,1
2026-09-07,13,SANITATION_TOILETS,grievance,1
2026-09-07,13,SOLID_WASTE,grievance,2
2026-09-07,13,STREETLIGHT_ELECTRICAL,grievance,1
2026-09-07,13,TREES_PARKS,grievance,1
2026-09-07,13,WATERBODY_INFRA,pwd,2
2026-09-07,14,CRIME_PROPERTY,police,2
2026-09-07,14,CRIME_VIOLENT,police,1
2026-09-07,14,FLOOD_WATERLOGGING,pwd,1
2026-09-07,14,ROAD_DAMAGE,grievance,1
2026-09-07,14,SANITATION_TOILETS,grievance,1
2026-09-07,14,STREETLIGHT_ELECTRICAL,grievance,1
2026-09-07,15,CRIME_PROPERTY,police,1
2026-09-07,15,DRAINAGE_SEWAGE,news,1
2026-09-07,15,DRAIN_WORKS_SAFETY,grievance,1
2026-09-07,15,OTHER,grievance,1
2026-09-07,15,ROAD_ACCIDENT,police,1
2026-09-07,15,SANITATION_TOILETS,grievance,1
2026-09-07,15,SOLID_WASTE,grievance,2
2026-09-07,15,STREETLIGHT_ELECTRICAL,grievance,3
2026-09-07,,CRIME_VIOLENT,news,1
2026-09-07,,DRAINAGE_SEWAGE,news,1
2026-09-07,,DRUGS_LIQUOR,news,1
2026-09-07,,ROAD_ACCIDENT,news,7
2026-09-07,,STRAY_ANIMALS,news,1
2026-09-07,,TRAFFIC_OBSTRUCTION,news,1
2026-09-07,,WATER_SUPPLY,news,1
2026-09-08,1,CRIME_PROPERTY,police,1
2026-09-08,1,CRIME_VIOLENT,police,1
2026-09-08,1,FLOOD_RELIEF,grievance,1
2026-09-08,1,ROAD_ACCIDENT,police,6
2026-09-08,1,SOLID_WASTE,grievance,1
2026-09-08,1,STREETLIGHT_ELECTRICAL,grievance,1
2026-09-08,1,TRAFFIC_OBSTRUCTION,police,1
2026-09-08,2,ADMIN_SERVICES,grievance,1
2026-09-08,2,CRIME_PROPERTY,police,3
2026-09-08,2,CRIME_VIOLENT,news,1
2026-09-08,2,STREETLIGHT_ELECTRICAL,grievance,1
2026-09-08,3,ADMIN_SERVICES,grievance,1
2026-09-08,3,BUILDING_SAFETY,pwd,1
2026-09-08,3,CRIME_VIOLENT,police,1
2026-09-08,3,OTHER,grievance,1
2026-09-08,3,PUBLIC_ORDER,police,1
2026-09-08,3,PUBLIC_WORKS,grievance,1
2026-09-08,3,SOLID_WASTE,grievance,2
2026-09-08,3,STREETLIGHT_ELECTRICAL,grievance,1
2026-09-08,3,TRAFFIC_OBSTRUCTION,police,1
2026-09-08,3,TREES_PARKS,grievance,1
2026-09-08,4,ADMIN_SERVICES,grievance,1
2026-09-08,4,AIR_POLLUTION,grievance,1
2026-09-08,4,CRIME_VIOLENT,police,1
2026-09-08,4,DRAINAGE_SEWAGE,grievance,2
2026-09-08,4,DRAIN_WORKS_SAFETY,grievance,4
2026-09-08,4,DRUGS_LIQUOR,police,1
2026-09-08,4,FLOOD_WATERLOGGING,grievance,1
2026-09-08,4,OTHER,grievance,1
2026-09-08,4,ROAD_ACCIDENT,police,1
2026-09-08,4,SANITATION_TOILETS,grievance,1
2026-09-08,4,SOLID_WASTE,grievance,2
2026-09-08,4,STREETLIGHT_ELECTRICAL,grievance,1
2026-09-08,4,TRAFFIC_OBSTRUCTION,police,1
2026-09-08,4,TREES_PARKS,grievance,2
2026-09-08,5,ADMIN_SERVICES,grievance,2
2026-09-08,5,AIR_POLLUTION,grievance,1
2026-09-08,5,BUILDING_SAFETY,pwd,1
2026-09-08,5,CRIME_PROPERTY,police,1
2026-09-08,5,DRAINAGE_SEWAGE,grievance,1
2026-09-08,5,DRAIN_WORKS_SAFETY,grievance,3
2026-09-08,5,DRUGS_LIQUOR,police,1
2026-09-08,5,FLOOD_WATERLOGGING,grievance,4
2026-09-08,5,PUBLIC_ORDER,police,1
2026-09-08,5,SOLID_WASTE,grievance,3
2026-09-08,5,STREETLIGHT_ELECTRICAL,grievance,2
2026-09-08,5,TRAFFIC_OBSTRUCTION,police,1
2026-09-08,6,ADMIN_SERVICES,grievance,2
2026-09-08,6,BUILDING_SAFETY,pwd,1
2026-09-08,6,CRIME_PROPERTY,police,3
2026-09-08,6,CRIME_VIOLENT,police,3
2026-09-08,6,DRAIN_WORKS_SAFETY,grievance,1
2026-09-08,6,ENCROACHMENT,grievance,1
2026-09-08,6,FLOOD_WATERLOGGING,grievance,1
2026-09-08,6,HEALTH_SERVICES,grievance,1
2026-09-08,6,PUBLIC_ORDER,police,2
2026-09-08,6,PUBLIC_WORKS,grievance,1
2026-09-08,6,ROAD_ACCIDENT,police,3
2026-09-08,6,ROAD_DAMAGE,grievance,1
2026-09-08,6,SOLID_WASTE,grievance,2
2026-09-08,6,STREETLIGHT_ELECTRICAL,grievance,3
2026-09-08,6,TRAFFIC_OBSTRUCTION,police,1
2026-09-08,6,VECTOR_DISEASE,grievance,1
2026-09-08,7,ADMIN_SERVICES,grievance,1
2026-09-08,7,CRIME_PROPERTY,police,2
2026-09-08,7,CRIME_VIOLENT,police,1
2026-09-08,7,DRAINAGE_SEWAGE,grievance,1
2026-09-08,7,DRAINAGE_SEWAGE,news,1
2026-09-08,7,PUBLIC_WORKS,grievance,1
2026-09-08,7,ROAD_ACCIDENT,police,1
2026-09-08,7,ROAD_DAMAGE,grievance,1
2026-09-08,7,STRAY_ANIMALS,grievance,1
2026-09-08,7,STREETLIGHT_ELECTRICAL,grievance,1
2026-09-08,8,ADMIN_SERVICES,grievance,1
2026-09-08,8,CRIME_PROPERTY,police,1
2026-09-08,8,CRIME_VIOLENT,police,5
2026-09-08,8,DRAINAGE_SEWAGE,grievance,1
2026-09-08,8,DRAINAGE_SEWAGE,pwd,1
2026-09-08,8,DRUGS_LIQUOR,police,2
2026-09-08,8,ENCROACHMENT,grievance,1
2026-09-08,8,FLOOD_WATERLOGGING,pwd,1
2026-09-08,8,MISSING_PERSON,police,1
2026-09-08,8,PUBLIC_ORDER,police,1
2026-09-08,8,ROAD_DAMAGE,grievance,1
2026-09-08,8,SANITATION_TOILETS,grievance,1
2026-09-08,8,SOLID_WASTE,grievance,1
2026-09-08,8,STREETLIGHT_ELECTRICAL,grievance,2
2026-09-08,8,TRAFFIC_OBSTRUCTION,police,2
2026-09-08,8,TREES_PARKS,grievance,1
2026-09-08,9,ADMIN_SERVICES,grievance,1
2026-09-08,9,CRIME_PROPERTY,police,1
2026-09-08,9,CRIME_VIOLENT,police,1
2026-09-08,9,DRAINAGE_SEWAGE,grievance,2
2026-09-08,9,DRAINAGE_SEWAGE,pwd,1
2026-09-08,9,DRAIN_WORKS_SAFETY,grievance,1
2026-09-08,9,ENCROACHMENT,grievance,1
2026-09-08,9,FLOOD_WATERLOGGING,grievance,3
2026-09-08,9,OTHER,grievance,2
2026-09-08,9,ROAD_ACCIDENT,news,1
2026-09-08,9,ROAD_ACCIDENT,police,1
2026-09-08,9,ROAD_DAMAGE,grievance,2
2026-09-08,9,SOLID_WASTE,grievance,2
2026-09-08,9,STREETLIGHT_ELECTRICAL,grievance,3
2026-09-08,10,CRIME_PROPERTY,police,2
2026-09-08,10,CRIME_VIOLENT,police,1
2026-09-08,10,DRAINAGE_SEWAGE,grievance,1
2026-09-08,10,DRAIN_WORKS_SAFETY,grievance,2
2026-09-08,10,PUBLIC_ORDER,police,1
2026-09-08,10,ROAD_ACCIDENT,police,1
2026-09-08,10,ROAD_DAMAGE,grievance,1
2026-09-08,10,SOLID_WASTE,grievance,1
2026-09-08,10,STREETLIGHT_ELECTRICAL,grievance,2
2026-09-08,10,TREES_PARKS,grievance,2
2026-09-08,11,AIR_POLLUTION,grievance,1
2026-09-08,11,DRAINAGE_SEWAGE,grievance,1
2026-09-08,11,DRAINAGE_SEWAGE,pwd,1
2026-09-08,11,DRAIN_WORKS_SAFETY,grievance,1
2026-09-08,11,FLOOD_WATERLOGGING,grievance,2
2026-09-08,11,MISSING_PERSON,police,1
2026-09-08,11,PUBLIC_WORKS,grievance,1
2026-09-08,11,ROAD_DAMAGE,grievance,3
2026-09-08,11,SOLID_WASTE,grievance,3
2026-09-08,11,STREETLIGHT_ELECTRICAL,grievance,1
2026-09-08,12,CRIME_PROPERTY,police,2
2026-09-08,12,CRIME_VIOLENT,police,1
2026-09-08,12,DRAINAGE_SEWAGE,pwd,1
2026-09-08,12,ENCROACHMENT,grievance,1
2026-09-08,12,PUBLIC_ORDER,police,1
2026-09-08,12,ROAD_DAMAGE,grievance,2
2026-09-08,12,TRAFFIC_OBSTRUCTION,police,2
2026-09-08,12,TREES_PARKS,grievance,1
2026-09-08,12,WATERBODY_INFRA,pwd,2
2026-09-08,13,CRIME_PROPERTY,police,2
2026-09-08,13,DRAINAGE_SEWAGE,grievance,5
2026-09-08,13,DRAIN_WORKS_SAFETY,grievance,1
2026-09-08,13,FLOOD_RELIEF,grievance,1
2026-09-08,13,FLOOD_WATERLOGGING,grievance,4
2026-09-08,13,STRAY_ANIMALS,grievance,1
2026-09-08,13,STREETLIGHT_ELECTRICAL,grievance,3
2026-09-08,13,TRAFFIC_OBSTRUCTION,police,1
2026-09-08,13,VECTOR_DISEASE,grievance,1
2026-09-08,14,CRIME_PROPERTY,police,1
2026-09-08,14,FLOOD_WATERLOGGING,grievance,2
2026-09-08,14,PUBLIC_ORDER,police,1
2026-09-08,14,ROAD_ACCIDENT,police,4
2026-09-08,14,ROAD_DAMAGE,grievance,3
2026-09-08,14,SOLID_WASTE,grievance,2
2026-09-08,15,DRAINAGE_SEWAGE,grievance,1
2026-09-08,15,OTHER,grievance,1
2026-09-08,15,TRAFFIC_OBSTRUCTION,police,1
2026-09-08,,CRIME_VIOLENT,news,3
2026-09-08,,VECTOR_DISEASE,news,1
2026-09-08,,WATER_SUPPLY,news,1
2026-09-09,1,ADMIN_SERVICES,grievance,1
2026-09-09,1,CRIME_PROPERTY,police,4
2026-09-09,1,CRIME_VIOLENT,police,1
2026-09-09,1,ROAD_ACCIDENT,police,1
2026-09-09,1,ROAD_DAMAGE,grievance,1
2026-09-09,1,SANITATION_TOILETS,grievance,1
2026-09-09,1,SOLID_WASTE,grievance,1
2026-09-09,1,STREETLIGHT_ELECTRICAL,grievance,1
2026-09-09,1,TRAFFIC_OBSTRUCTION,police,2
2026-09-09,2,OTHER,grievance,1
2026-09-09,2,ROAD_ACCIDENT,police,1
2026-09-09,3,AIR_POLLUTION,grievance,1
2026-09-09,3,CRIME_PROPERTY,police,1
2026-09-09,3,CRIME_VIOLENT,police,2
2026-09-09,3,DRAINAGE_SEWAGE,grievance,1
2026-09-09,3,DRAIN_WORKS_SAFETY,grievance,2
2026-09-09,3,FOOD_SAFETY,grievance,1
2026-09-09,3,POLICE_OTHER,police,1
2026-09-09,3,PUBLIC_ORDER,police,1
2026-09-09,3,ROAD_DAMAGE,grievance,1
2026-09-09,3,TREES_PARKS,grievance,1
2026-09-09,4,ADMIN_SERVICES,grievance,1
2026-09-09,4,CRIME_VIOLENT,police,4
2026-09-09,4,DRAINAGE_SEWAGE,grievance,3
2026-09-09,4,DRAINAGE_SEWAGE,pwd,1
2026-09-09,4,ROAD_ACCIDENT,news,1
2026-09-09,4,ROAD_ACCIDENT,police,1
2026-09-09,4,ROAD_DAMAGE,grievance,1
2026-09-09,4,SOLID_WASTE,grievance,1
2026-09-09,4,STRAY_ANIMALS,grievance,1
2026-09-09,4,STREETLIGHT_ELECTRICAL,grievance,1
2026-09-09,5,ADMIN_SERVICES,grievance,1
2026-09-09,5,CRIME_PROPERTY,police,1
2026-09-09,5,CRIME_VIOLENT,police,1
2026-09-09,5,DARK_SPOT_SAFETY,grievance,1
2026-09-09,5,ROAD_ACCIDENT,police,1
2026-09-09,5,SOLID_WASTE,grievance,2
2026-09-09,5,TRAFFIC_OBSTRUCTION,police,1
2026-09-09,6,CRIME_PROPERTY,police,1
2026-09-09,6,DRAINAGE_SEWAGE,grievance,1
2026-09-09,6,OTHER,grievance,1
2026-09-09,6,PUBLIC_WORKS,grievance,1
2026-09-09,6,ROAD_ACCIDENT,police,3
2026-09-09,6,SANITATION_TOILETS,grievance,1
2026-09-09,6,SOLID_WASTE,grievance,5
2026-09-09,6,STREETLIGHT_ELECTRICAL,grievance,1
2026-09-09,6,TRAFFIC_OBSTRUCTION,police,1
2026-09-09,7,CRIME_PROPERTY,police,2
2026-09-09,7,DRAINAGE_SEWAGE,grievance,1
2026-09-09,7,DRUGS_LIQUOR,police,2
2026-09-09,7,FLOOD_WATERLOGGING,grievance,1
2026-09-09,7,OTHER,grievance,1
2026-09-09,7,PUBLIC_ORDER,police,1
2026-09-09,7,SOLID_WASTE,grievance,2
2026-09-09,7,STREETLIGHT_ELECTRICAL,grievance,2
2026-09-09,7,TREES_PARKS,grievance,1
2026-09-09,7,WATERBODY_INFRA,news,1
2026-09-09,8,CRIME_VIOLENT,police,1
2026-09-09,8,DRAINAGE_SEWAGE,grievance,2
2026-09-09,8,DRAIN_WORKS_SAFETY,grievance,1
2026-09-09,8,DRUGS_LIQUOR,police,1
2026-09-09,8,ENCROACHMENT,pwd,1
2026-09-09,8,FLOOD_WATERLOGGING,grievance,1
2026-09-09,8,FLOOD_WATERLOGGING,pwd,1
2026-09-09,8,MISSING_PERSON,police,2
2026-09-09,8,PUBLIC_ORDER,police,1
2026-09-09,8,ROAD_ACCIDENT,police,2
2026-09-09,8,ROAD_DAMAGE,grievance,1
2026-09-09,8,SOLID_WASTE,grievance,1
2026-09-09,8,VECTOR_DISEASE,grievance,1
2026-09-09,9,CIVIC_FACILITIES,grievance,1
2026-09-09,9,CRIME_PROPERTY,police,1
2026-09-09,9,CRIME_VIOLENT,police,1
2026-09-09,9,DRAINAGE_SEWAGE,grievance,1
2026-09-09,9,DRAIN_WORKS_SAFETY,grievance,1
2026-09-09,9,FLOOD_WATERLOGGING,grievance,1
2026-09-09,9,ROAD_DAMAGE,grievance,1
2026-09-09,9,SANITATION_TOILETS,grievance,1
2026-09-09,9,SOLID_WASTE,grievance,3
2026-09-09,9,STREETLIGHT_ELECTRICAL,grievance,2
2026-09-09,9,TRAFFIC_OBSTRUCTION,police,1
2026-09-09,9,WATERBODY_INFRA,pwd,1
2026-09-09,10,CRIME_PROPERTY,police,7
2026-09-09,10,DRAINAGE_SEWAGE,grievance,1
2026-09-09,10,DRAIN_WORKS_SAFETY,grievance,1
2026-09-09,10,MISSING_PERSON,police,3
2026-09-09,10,POLICE_OTHER,police,1
2026-09-09,10,ROAD_ACCIDENT,police,1
2026-09-09,10,SOLID_WASTE,grievance,1
2026-09-09,10,STREETLIGHT_ELECTRICAL,grievance,1
2026-09-09,10,TRAFFIC_OBSTRUCTION,grievance,1
2026-09-09,10,TRAFFIC_OBSTRUCTION,police,2
2026-09-09,11,CRIME_PROPERTY,police,2
2026-09-09,11,DRAINAGE_SEWAGE,pwd,2
2026-09-09,11,FLOOD_WATERLOGGING,grievance,1
2026-09-09,11,PUBLIC_WORKS,grievance,1
2026-09-09,11,ROAD_ACCIDENT,police,1
2026-09-09,11,ROAD_DAMAGE,news,1
2026-09-09,11,SOLID_WASTE,grievance,1
2026-09-09,12,ADMIN_SERVICES,grievance,2
2026-09-09,12,CRIME_PROPERTY,police,2
2026-09-09,12,DARK_SPOT_SAFETY,grievance,1
2026-09-09,12,DRAINAGE_SEWAGE,pwd,1
2026-09-09,12,HEALTH_SERVICES,grievance,1
2026-09-09,12,ROAD_ACCIDENT,police,1
2026-09-09,12,SANITATION_TOILETS,grievance,1
2026-09-09,12,TRAFFIC_OBSTRUCTION,police,1
2026-09-09,12,TREES_PARKS,grievance,1
2026-09-09,13,ADMIN_SERVICES,grievance,1
2026-09-09,13,CRIME_PROPERTY,police,2
2026-09-09,13,CRIME_VIOLENT,news,1
2026-09-09,13,CRIME_VIOLENT,police,1
2026-09-09,13,DRAINAGE_SEWAGE,pwd,1
2026-09-09,13,ENCROACHMENT,grievance,1
2026-09-09,13,FLOOD_WATERLOGGING,grievance,1
2026-09-09,13,FLOOD_WATERLOGGING,pwd,1
2026-09-09,13,HEALTH_SERVICES,grievance,1
2026-09-09,13,ROAD_ACCIDENT,police,1
2026-09-09,13,SANITATION_TOILETS,grievance,1
2026-09-09,13,STRAY_ANIMALS,grievance,1
2026-09-09,13,VECTOR_DISEASE,grievance,1
2026-09-09,13,WATERBODY_INFRA,pwd,1
2026-09-09,14,AIR_POLLUTION,grievance,1
2026-09-09,14,CRIME_PROPERTY,police,1
2026-09-09,14,ROAD_ACCIDENT,police,1
2026-09-09,14,TRAFFIC_OBSTRUCTION,grievance,1
2026-09-09,14,TREES_PARKS,grievance,1
2026-09-09,15,CRIME_PROPERTY,police,1
2026-09-09,15,CRIME_VIOLENT,police,1
2026-09-09,15,MISSING_PERSON,police,1
2026-09-09,15,ROAD_ACCIDENT,police,1
2026-09-09,15,SOLID_WASTE,grievance,1
2026-09-09,,BUILDING_SAFETY,news,1
2026-09-09,,ROAD_ACCIDENT,news,1
2026-09-09,,VECTOR_DISEASE,news,2
2026-09-09,,WATER_SUPPLY,news,1
2026-09-10,1,ADMIN_SERVICES,grievance,1
2026-09-10,1,CRIME_VIOLENT,news,5
2026-09-10,1,DRAIN_WORKS_SAFETY,grievance,1
2026-09-10,1,HEALTH_SERVICES,grievance,1
2026-09-10,1,PUBLIC_ORDER,police,1
2026-09-10,1,SOLID_WASTE,grievance,1
2026-09-10,2,CRIME_VIOLENT,police,3
2026-09-10,2,STREETLIGHT_ELECTRICAL,grievance,1
2026-09-10,3,ADMIN_SERVICES,grievance,1
2026-09-10,3,DRAINAGE_SEWAGE,grievance,1
2026-09-10,3,STREETLIGHT_ELECTRICAL,grievance,2
2026-09-10,3,VECTOR_DISEASE,grievance,1
2026-09-10,4,CRIME_PROPERTY,police,1
2026-09-10,4,PUBLIC_ORDER,police,2
2026-09-10,4,ROAD_ACCIDENT,police,1
2026-09-10,4,ROAD_DAMAGE,grievance,1
2026-09-10,4,SOLID_WASTE,grievance,3
2026-09-10,4,STREETLIGHT_ELECTRICAL,grievance,4
2026-09-10,4,TRAFFIC_OBSTRUCTION,police,1
2026-09-10,4,TREES_PARKS,grievance,1
2026-09-10,5,CRIME_PROPERTY,police,3
2026-09-10,5,CRIME_VIOLENT,police,1
2026-09-10,5,FLOOD_WATERLOGGING,grievance,1
2026-09-10,5,HEALTH_SERVICES,hospital,1
2026-09-10,5,MISSING_PERSON,police,1
2026-09-10,5,OTHER,grievance,1
2026-09-10,5,ROAD_DAMAGE,grievance,3
2026-09-10,5,SOLID_WASTE,grievance,1
2026-09-10,5,STRAY_ANIMALS,grievance,1
2026-09-10,5,STREETLIGHT_ELECTRICAL,grievance,1
2026-09-10,5,TRAFFIC_OBSTRUCTION,police,2
2026-09-10,5,TREES_PARKS,grievance,2
2026-09-10,6,CRIME_PROPERTY,police,1
2026-09-10,6,PUBLIC_WORKS,grievance,1
2026-09-10,6,ROAD_DAMAGE,grievance,1
2026-09-10,6,SOLID_WASTE,grievance,4
2026-09-10,6,STREETLIGHT_ELECTRICAL,grievance,1
2026-09-10,6,TRAFFIC_OBSTRUCTION,police,1
2026-09-10,7,BUILDING_SAFETY,news,1
2026-09-10,7,CIVIC_FACILITIES,grievance,1
2026-09-10,7,FLOOD_WATERLOGGING,grievance,1
2026-09-10,7,FLOOD_WATERLOGGING,news,1
2026-09-10,7,FLOOD_WATERLOGGING,pwd,1
2026-09-10,7,SANITATION_TOILETS,grievance,1
2026-09-10,7,SOLID_WASTE,grievance,1
2026-09-10,7,STREETLIGHT_ELECTRICAL,grievance,1
2026-09-10,7,TREES_PARKS,grievance,1
2026-09-10,8,CRIME_PROPERTY,police,3
2026-09-10,8,PUBLIC_ORDER,police,2
2026-09-10,8,ROAD_DAMAGE,grievance,1
2026-09-10,8,SANITATION_TOILETS,grievance,1
2026-09-10,9,BUILDING_SAFETY,pwd,1
2026-09-10,9,CRIME_PROPERTY,police,1
2026-09-10,9,FLOOD_WATERLOGGING,grievance,1
2026-09-10,9,OTHER,grievance,1
2026-09-10,9,PUBLIC_ORDER,police,3
2026-09-10,9,ROAD_DAMAGE,grievance,1
2026-09-10,9,SOLID_WASTE,grievance,3
2026-09-10,9,STRAY_ANIMALS,grievance,1
2026-09-10,9,STREETLIGHT_ELECTRICAL,grievance,2
2026-09-10,10,BUILDING_SAFETY,pwd,1
2026-09-10,10,CRIME_PROPERTY,police,7
2026-09-10,10,DARK_SPOT_SAFETY,grievance,1
2026-09-10,10,DRAINAGE_SEWAGE,grievance,3
2026-09-10,10,HEALTH_SERVICES,grievance,1
2026-09-10,10,PUBLIC_ORDER,news,1
2026-09-10,10,PUBLIC_ORDER,police,1
2026-09-10,10,PUBLIC_WORKS,grievance,1
2026-09-10,10,ROAD_DAMAGE,grievance,1
2026-09-10,10,TRAFFIC_OBSTRUCTION,police,2
2026-09-10,11,CRIME_PROPERTY,police,1
2026-09-10,11,CRIME_VIOLENT,police,3
2026-09-10,11,DRAINAGE_SEWAGE,grievance,1
2026-09-10,11,FLOOD_WATERLOGGING,police,1
2026-09-10,11,PUBLIC_ORDER,police,1
2026-09-10,11,SOLID_WASTE,grievance,1
2026-09-10,11,TRAFFIC_OBSTRUCTION,grievance,1
2026-09-10,12,CRIME_VIOLENT,police,2
2026-09-10,12,FLOOD_WATERLOGGING,pwd,1
2026-09-10,12,ROAD_DAMAGE,grievance,2
2026-09-10,12,SOLID_WASTE,grievance,1
2026-09-10,12,STREETLIGHT_ELECTRICAL,grievance,1
2026-09-10,13,CRIME_PROPERTY,police,4
2026-09-10,13,CRIME_VIOLENT,police,1
2026-09-10,13,FOOD_SAFETY,grievance,1
2026-09-10,13,PUBLIC_ORDER,police,4
2026-09-10,13,ROAD_ACCIDENT,police,3
2026-09-10,13,ROAD_DAMAGE,grievance,2
2026-09-10,13,VECTOR_DISEASE,grievance,2
2026-09-10,13,VECTOR_DISEASE,news,1
2026-09-10,14,ROAD_ACCIDENT,police,1
2026-09-10,14,SOLID_WASTE,grievance,2
2026-09-10,14,STREETLIGHT_ELECTRICAL,grievance,1
2026-09-10,15,CRIME_PROPERTY,police,4
2026-09-10,15,PUBLIC_ORDER,police,1
2026-09-10,15,ROAD_ACCIDENT,police,1
2026-09-10,15,SANITATION_TOILETS,grievance,2
2026-09-10,15,SOLID_WASTE,grievance,2
2026-09-10,15,TRAFFIC_OBSTRUCTION,police,1
2026-09-10,,CIVIC_FACILITIES,news,1
2026-09-10,,CRIME_VIOLENT,news,4
2026-09-10,,ROAD_ACCIDENT,news,3
2026-09-10,,ROAD_DAMAGE,news,1
2026-09-10,,STREETLIGHT_ELECTRICAL,news,2
2026-09-10,,WATER_SUPPLY,news,1
2026-09-11,1,ADMIN_SERVICES,grievance,1
2026-09-11,1,CRIME_PROPERTY,police,2
2026-09-11,1,CRIME_VIOLENT,news,1
2026-09-11,1,DRAINAGE_SEWAGE,grievance,1
2026-09-11,1,DRAINAGE_SEWAGE,pwd,1
2026-09-11,1,FLOOD_WATERLOGGING,grievance,1
2026-09-11,1,FOOD_SAFETY,grievance,1
2026-09-11,1,ROAD_DAMAGE,grievance,1
2026-09-11,1,SANITATION_TOILETS,grievance,3
2026-09-11,1,SOLID_WASTE,grievance,1
2026-09-11,1,STREETLIGHT_ELECTRICAL,grievance,2
2026-09-11,2,CRIME_VIOLENT,police,1
2026-09-11,3,ADMIN_SERVICES,grievance,1
2026-09-11,3,CRIME_VIOLENT,police,1
2026-09-11,3,DRAIN_WORKS_SAFETY,grievance,2
2026-09-11,3,ROAD_ACCIDENT,news,1
2026-09-11,3,SOLID_WASTE,grievance,2
2026-09-11,3,STREETLIGHT_ELECTRICAL,grievance,1
2026-09-11,4,AIR_POLLUTION,grievance,1
2026-09-11,4,CRIME_PROPERTY,police,1
2026-09-11,4,CRIME_VIOLENT,police,1
2026-09-11,4,DARK_SPOT_SAFETY,grievance,1
2026-09-11,4,DRAINAGE_SEWAGE,grievance,1
2026-09-11,4,ENCROACHMENT,grievance,1
2026-09-11,4,PUBLIC_ORDER,police,1
2026-09-11,4,ROAD_DAMAGE,grievance,1
2026-09-11,4,SOLID_WASTE,grievance,2
2026-09-11,4,STRAY_ANIMALS,grievance,1
2026-09-11,4,STREETLIGHT_ELECTRICAL,grievance,1
2026-09-11,5,CRIME_PROPERTY,police,1
2026-09-11,5,CRIME_VIOLENT,police,1
2026-09-11,5,DRAINAGE_SEWAGE,grievance,1
2026-09-11,5,DRAIN_WORKS_SAFETY,grievance,1
2026-09-11,5,DRUGS_LIQUOR,police,1
2026-09-11,5,ENCROACHMENT,grievance,1
2026-09-11,5,POLICE_OTHER,police,1
2026-09-11,5,PUBLIC_ORDER,police,1
2026-09-11,5,ROAD_DAMAGE,grievance,1
2026-09-11,5,SANITATION_TOILETS,grievance,2
2026-09-11,5,SOLID_WASTE,grievance,2
2026-09-11,5,STREETLIGHT_ELECTRICAL,grievance,3
2026-09-11,5,TRAFFIC_OBSTRUCTION,police,3
2026-09-11,5,VECTOR_DISEASE,grievance,1
2026-09-11,6,DRUGS_LIQUOR,news,2
2026-09-11,6,MISSING_PERSON,police,1
2026-09-11,6,PUBLIC_WORKS,grievance,1
2026-09-11,6,SOLID_WASTE,grievance,1
2026-09-11,6,STREETLIGHT_ELECTRICAL,grievance,1
2026-09-11,7,CRIME_PROPERTY,police,4
2026-09-11,7,CRIME_VIOLENT,police,1
2026-09-11,7,ENCROACHMENT,pwd,1
2026-09-11,7,OTHER,grievance,1
2026-09-11,7,ROAD_ACCIDENT,police,1
2026-09-11,7,STRAY_ANIMALS,grievance,1
2026-09-11,7,STREETLIGHT_ELECTRICAL,grievance,1
2026-09-11,7,WATERBODY_INFRA,pwd,1
2026-09-11,8,ADMIN_SERVICES,grievance,1
2026-09-11,8,BUILDING_SAFETY,pwd,1
2026-09-11,8,CRIME_PROPERTY,police,3
2026-09-11,8,CRIME_VIOLENT,police,2
2026-09-11,8,DARK_SPOT_SAFETY,grievance,1
2026-09-11,8,DRAINAGE_SEWAGE,pwd,1
2026-09-11,8,DRAIN_WORKS_SAFETY,grievance,1
2026-09-11,8,ENCROACHMENT,pwd,1
2026-09-11,8,FLOOD_WATERLOGGING,pwd,1
2026-09-11,8,ROAD_ACCIDENT,police,1
2026-09-11,8,SANITATION_TOILETS,grievance,1
2026-09-11,8,SOLID_WASTE,grievance,1
2026-09-11,8,STREETLIGHT_ELECTRICAL,grievance,2
2026-09-11,8,TRAFFIC_OBSTRUCTION,police,3
2026-09-11,9,BUILDING_SAFETY,pwd,1
2026-09-11,9,CRIME_PROPERTY,police,1
2026-09-11,9,CRIME_VIOLENT,police,2
2026-09-11,9,HEALTH_SERVICES,grievance,1
2026-09-11,9,SOLID_WASTE,grievance,4
2026-09-11,9,STRAY_ANIMALS,grievance,1
2026-09-11,9,STREETLIGHT_ELECTRICAL,grievance,2
2026-09-11,9,TRAFFIC_OBSTRUCTION,police,1
2026-09-11,9,TREES_PARKS,grievance,1
2026-09-11,9,VECTOR_DISEASE,grievance,1
2026-09-11,10,CRIME_PROPERTY,police,4
2026-09-11,10,CRIME_VIOLENT,police,1
2026-09-11,10,DRAINAGE_SEWAGE,grievance,1
2026-09-11,10,ENCROACHMENT,grievance,1
2026-09-11,10,FOOD_SAFETY,grievance,1
2026-09-11,10,MISSING_PERSON,police,1
2026-09-11,10,SANITATION_TOILETS,grievance,1
2026-09-11,10,TRAFFIC_OBSTRUCTION,police,2
2026-09-11,11,CRIME_PROPERTY,police,2
2026-09-11,11,CRIME_VIOLENT,police,1
2026-09-11,11,DRAIN_WORKS_SAFETY,grievance,1
2026-09-11,11,ENCROACHMENT,pwd,1
2026-09-11,11,SOLID_WASTE,grievance,2
2026-09-11,11,STRAY_ANIMALS,grievance,1
2026-09-11,11,STREETLIGHT_ELECTRICAL,grievance,3
2026-09-11,12,AIR_POLLUTION,grievance,1
2026-09-11,12,CRIME_VIOLENT,police,2
2026-09-11,12,DARK_SPOT_SAFETY,grievance,1
2026-09-11,12,DRAINAGE_SEWAGE,grievance,2
2026-09-11,12,DRAIN_WORKS_SAFETY,grievance,1
2026-09-11,12,STREETLIGHT_ELECTRICAL,grievance,1
2026-09-11,13,ADMIN_SERVICES,grievance,1
2026-09-11,13,CRIME_PROPERTY,news,1
2026-09-11,13,CRIME_PROPERTY,police,4
2026-09-11,13,DRAINAGE_SEWAGE,pwd,1
2026-09-11,13,FLOOD_WATERLOGGING,grievance,1
2026-09-11,13,MISSING_PERSON,police,2
2026-09-11,13,PUBLIC_ORDER,police,2
2026-09-11,13,ROAD_ACCIDENT,police,2
2026-09-11,13,SOLID_WASTE,grievance,2
2026-09-11,13,STREETLIGHT_ELECTRICAL,grievance,2
2026-09-11,13,TRAFFIC_OBSTRUCTION,police,4
2026-09-11,14,ADMIN_SERVICES,grievance,1
2026-09-11,14,ROAD_ACCIDENT,police,1
2026-09-11,15,ROAD_ACCIDENT,police,1
2026-09-11,15,SOLID_WASTE,grievance,1
2026-09-11,15,STREETLIGHT_ELECTRICAL,grievance,1
2026-09-11,15,TRAFFIC_OBSTRUCTION,police,2
2026-09-11,,CRIME_VIOLENT,news,4
2026-09-11,,DRUGS_LIQUOR,news,1
2026-09-11,,PUBLIC_ORDER,news,1
2026-09-11,,ROAD_ACCIDENT,news,1
2026-09-11,,ROAD_ACCIDENT,police,1
2026-09-11,,VECTOR_DISEASE,news,2
2026-09-11,,WATER_SUPPLY,news,1
2026-09-12,1,CRIME_PROPERTY,police,1
2026-09-12,1,DRAINAGE_SEWAGE,grievance,1
2026-09-12,1,SOLID_WASTE,grievance,1
2026-09-12,1,STRAY_ANIMALS,grievance,1
2026-09-12,2,FLOOD_WATERLOGGING,grievance,1
2026-09-12,2,ROAD_ACCIDENT,police,1
2026-09-12,2,SANITATION_TOILETS,grievance,1
2026-09-12,2,SOLID_WASTE,grievance,1
2026-09-12,3,CRIME_PROPERTY,police,2
2026-09-12,3,ENCROACHMENT,grievance,1
2026-09-12,3,ENCROACHMENT,pwd,1
2026-09-12,3,ROAD_DAMAGE,grievance,1
2026-09-12,3,SOLID_WASTE,grievance,1
2026-09-12,4,CRIME_PROPERTY,police,1
2026-09-12,4,CRIME_VIOLENT,police,1
2026-09-12,4,DRAINAGE_SEWAGE,grievance,1
2026-09-12,4,ENCROACHMENT,grievance,1
2026-09-12,4,FLOOD_WATERLOGGING,grievance,1
2026-09-12,4,FOOD_SAFETY,grievance,1
2026-09-12,4,MISSING_PERSON,police,1
2026-09-12,4,OTHER,grievance,2
2026-09-12,4,ROAD_ACCIDENT,police,1
2026-09-12,4,SOLID_WASTE,grievance,3
2026-09-12,4,STREETLIGHT_ELECTRICAL,grievance,1
2026-09-12,5,ADMIN_SERVICES,grievance,2
2026-09-12,5,CRIME_PROPERTY,police,1
2026-09-12,5,CRIME_VIOLENT,police,2
2026-09-12,5,HEALTH_SERVICES,hospital,1
2026-09-12,5,PUBLIC_ORDER,police,3
2026-09-12,5,ROAD_ACCIDENT,police,5
2026-09-12,5,ROAD_DAMAGE,grievance,3
2026-09-12,5,SOLID_WASTE,grievance,2
2026-09-12,5,STREETLIGHT_ELECTRICAL,grievance,2
2026-09-12,6,DRUGS_LIQUOR,police,2
2026-09-12,6,ROAD_ACCIDENT,police,1
2026-09-12,6,ROAD_DAMAGE,grievance,1
2026-09-12,6,SANITATION_TOILETS,grievance,1
2026-09-12,6,SOLID_WASTE,grievance,2
2026-09-12,7,CRIME_PROPERTY,police,3
2026-09-12,7,CRIME_VIOLENT,police,1
2026-09-12,7,OTHER,grievance,2
2026-09-12,7,ROAD_ACCIDENT,police,1
2026-09-12,7,ROAD_DAMAGE,grievance,2
2026-09-12,7,STRAY_ANIMALS,grievance,1
2026-09-12,8,CIVIC_FACILITIES,grievance,1
2026-09-12,8,CRIME_PROPERTY,police,3
2026-09-12,8,CRIME_VIOLENT,police,1
2026-09-12,8,PUBLIC_ORDER,police,1
2026-09-12,8,ROAD_ACCIDENT,police,2
2026-09-12,8,ROAD_DAMAGE,grievance,4
2026-09-12,8,ROAD_DAMAGE,pwd,1
2026-09-12,8,SOLID_WASTE,grievance,1
2026-09-12,8,STREETLIGHT_ELECTRICAL,grievance,1
2026-09-12,9,DARK_SPOT_SAFETY,grievance,1
2026-09-12,9,ROAD_DAMAGE,grievance,1
2026-09-12,9,SOLID_WASTE,grievance,2
2026-09-12,9,STREETLIGHT_ELECTRICAL,grievance,1
2026-09-12,9,TRAFFIC_OBSTRUCTION,police,2
2026-09-12,10,CRIME_PROPERTY,police,5
2026-09-12,10,ENCROACHMENT,grievance,1
2026-09-12,10,FOOD_SAFETY,grievance,1
2026-09-12,10,PUBLIC_ORDER,police,3
2026-09-12,10,ROAD_ACCIDENT,police,2
2026-09-12,10,SOLID_WASTE,grievance,5
2026-09-12,10,TRAFFIC_OBSTRUCTION,grievance,1
2026-09-12,11,CRIME_PROPERTY,police,2
2026-09-12,11,CRIME_VIOLENT,police,3
2026-09-12,11,FOOD_SAFETY,grievance,1
2026-09-12,11,ROAD_DAMAGE,grievance,1
2026-09-12,11,SOLID_WASTE,grievance,1
2026-09-12,12,DRAIN_WORKS_SAFETY,grievance,1
2026-09-12,12,ENCROACHMENT,pwd,1
2026-09-12,12,MISSING_PERSON,police,1
2026-09-12,12,PUBLIC_ORDER,police,1
2026-09-12,12,SANITATION_TOILETS,grievance,1
2026-09-12,12,SOLID_WASTE,grievance,1
2026-09-12,12,STREETLIGHT_ELECTRICAL,grievance,1
2026-09-12,12,TRAFFIC_OBSTRUCTION,police,1
2026-09-12,12,TREES_PARKS,grievance,1
2026-09-12,13,ADMIN_SERVICES,grievance,1
2026-09-12,13,BUILDING_SAFETY,pwd,1
2026-09-12,13,CRIME_PROPERTY,police,1
2026-09-12,13,CRIME_VIOLENT,police,1
2026-09-12,13,DRAINAGE_SEWAGE,grievance,1
2026-09-12,13,DRAINAGE_SEWAGE,pwd,1
2026-09-12,13,DRUGS_LIQUOR,police,1
2026-09-12,13,FOOD_SAFETY,grievance,1
2026-09-12,13,ROAD_ACCIDENT,police,3
2026-09-12,13,STREETLIGHT_ELECTRICAL,grievance,1
2026-09-12,13,TRAFFIC_OBSTRUCTION,police,1
2026-09-12,13,VECTOR_DISEASE,news,1
2026-09-12,14,OTHER,grievance,2
2026-09-12,14,SOLID_WASTE,grievance,1
2026-09-12,15,ADMIN_SERVICES,grievance,1
2026-09-12,15,CRIME_PROPERTY,police,1
2026-09-12,15,DARK_SPOT_SAFETY,grievance,1
2026-09-12,15,DRAINAGE_SEWAGE,grievance,1
2026-09-12,15,DRAINAGE_SEWAGE,pwd,1
2026-09-12,15,TRAFFIC_OBSTRUCTION,police,1
2026-09-12,,CRIME_VIOLENT,news,1
2026-09-12,,DRAINAGE_SEWAGE,news,1
2026-09-12,,ROAD_ACCIDENT,news,2
2026-09-13,1,CRIME_PROPERTY,police,1
2026-09-13,1,DRAIN_WORKS_SAFETY,grievance,1
2026-09-13,1,PUBLIC_ORDER,police,1
2026-09-13,1,ROAD_DAMAGE,grievance,1
2026-09-13,1,SOLID_WASTE,grievance,2
2026-09-13,1,TRAFFIC_OBSTRUCTION,police,2
2026-09-13,2,FLOOD_WATERLOGGING,grievance,1
2026-09-13,2,STREETLIGHT_ELECTRICAL,grievance,1
2026-09-13,3,CRIME_PROPERTY,police,1
2026-09-13,3,OTHER,grievance,1
2026-09-13,3,ROAD_DAMAGE,grievance,1
2026-09-13,3,SOLID_WASTE,grievance,1
2026-09-13,4,AIR_POLLUTION,grievance,2
2026-09-13,4,CRIME_PROPERTY,police,2
2026-09-13,4,DRAINAGE_SEWAGE,grievance,2
2026-09-13,4,HEALTH_SERVICES,grievance,1
2026-09-13,4,MISSING_PERSON,police,1
2026-09-13,4,ROAD_ACCIDENT,police,3
2026-09-13,4,ROAD_DAMAGE,grievance,1
2026-09-13,4,SOLID_WASTE,grievance,2
2026-09-13,5,CRIME_PROPERTY,police,1
2026-09-13,5,CRIME_VIOLENT,police,2
2026-09-13,5,DRAINAGE_SEWAGE,grievance,1
2026-09-13,5,DRUGS_LIQUOR,police,1
2026-09-13,5,PUBLIC_ORDER,police,1
2026-09-13,5,PUBLIC_WORKS,grievance,1
2026-09-13,5,ROAD_ACCIDENT,police,1
2026-09-13,5,ROAD_DAMAGE,grievance,3
2026-09-13,5,SANITATION_TOILETS,grievance,2
2026-09-13,5,SOLID_WASTE,grievance,2
2026-09-13,5,STREETLIGHT_ELECTRICAL,grievance,1
2026-09-13,5,STREETLIGHT_ELECTRICAL,news,1
2026-09-13,5,TRAFFIC_OBSTRUCTION,police,1
2026-09-13,6,ADMIN_SERVICES,grievance,1
2026-09-13,6,CRIME_PROPERTY,police,1
2026-09-13,6,DRUGS_LIQUOR,police,2
2026-09-13,6,HEALTH_SERVICES,grievance,1
2026-09-13,6,MISSING_PERSON,police,3
2026-09-13,6,PUBLIC_ORDER,police,2
2026-09-13,6,SOLID_WASTE,grievance,2
2026-09-13,6,STREETLIGHT_ELECTRICAL,grievance,1
2026-09-13,6,TRAFFIC_OBSTRUCTION,police,1
2026-09-13,6,TREES_PARKS,grievance,1
2026-09-13,6,VECTOR_DISEASE,grievance,1
2026-09-13,6,WATER_SUPPLY,news,1
2026-09-13,7,CRIME_VIOLENT,police,1
2026-09-13,7,DRAINAGE_SEWAGE,grievance,1
2026-09-13,7,FLOOD_WATERLOGGING,police,1
2026-09-13,7,FOOD_SAFETY,grievance,1
2026-09-13,7,SOLID_WASTE,grievance,2
2026-09-13,7,STREETLIGHT_ELECTRICAL,grievance,1
2026-09-13,7,TRAFFIC_OBSTRUCTION,police,1
2026-09-13,8,AIR_POLLUTION,grievance,1
2026-09-13,8,DRAIN_WORKS_SAFETY,grievance,1
2026-09-13,8,OTHER,grievance,1
2026-09-13,8,PUBLIC_ORDER,police,1
2026-09-13,8,ROAD_DAMAGE,grievance,1
2026-09-13,8,SANITATION_TOILETS,grievance,1
2026-09-13,8,STREETLIGHT_ELECTRICAL,grievance,2
2026-09-13,8,TRAFFIC_OBSTRUCTION,police,1
2026-09-13,8,VECTOR_DISEASE,grievance,2
2026-09-13,9,ADMIN_SERVICES,grievance,1
2026-09-13,9,CRIME_PROPERTY,police,1
2026-09-13,9,DARK_SPOT_SAFETY,grievance,1
2026-09-13,9,HEALTH_SERVICES,grievance,1
2026-09-13,9,ROAD_ACCIDENT,police,1
2026-09-13,9,ROAD_DAMAGE,grievance,1
2026-09-13,9,SANITATION_TOILETS,grievance,1
2026-09-13,9,SOLID_WASTE,grievance,2
2026-09-13,9,STREETLIGHT_ELECTRICAL,grievance,1
2026-09-13,9,WATER_SUPPLY,grievance,1
2026-09-13,10,CRIME_PROPERTY,police,3
2026-09-13,10,CRIME_VIOLENT,police,1
2026-09-13,10,DRAINAGE_SEWAGE,pwd,1
2026-09-13,10,FLOOD_RELIEF,grievance,1
2026-09-13,10,MISSING_PERSON,police,1
2026-09-13,10,POLICE_OTHER,police,1
2026-09-13,10,ROAD_ACCIDENT,police,1
2026-09-13,10,STREETLIGHT_ELECTRICAL,grievance,4
2026-09-13,10,TRAFFIC_OBSTRUCTION,grievance,1
2026-09-13,11,HEALTH_SERVICES,grievance,1
2026-09-13,11,SOLID_WASTE,grievance,3
2026-09-13,12,CRIME_PROPERTY,police,1
2026-09-13,12,CRIME_VIOLENT,police,2
2026-09-13,12,DARK_SPOT_SAFETY,grievance,1
2026-09-13,12,DRAINAGE_SEWAGE,pwd,1
2026-09-13,12,PUBLIC_ORDER,police,3
2026-09-13,12,ROAD_ACCIDENT,police,1
2026-09-13,13,CRIME_PROPERTY,police,2
2026-09-13,13,DRAINAGE_SEWAGE,pwd,1
2026-09-13,13,ENCROACHMENT,pwd,1
2026-09-13,13,HEALTH_SERVICES,grievance,1
2026-09-13,13,MISSING_PERSON,police,1
2026-09-13,13,PUBLIC_ORDER,police,5
2026-09-13,13,ROAD_DAMAGE,grievance,1
2026-09-13,13,SANITATION_TOILETS,grievance,1
2026-09-13,13,SOLID_WASTE,grievance,1
2026-09-13,13,STREETLIGHT_ELECTRICAL,grievance,1
2026-09-13,13,VECTOR_DISEASE,grievance,1
2026-09-13,13,VECTOR_DISEASE,news,1
2026-09-13,14,CRIME_PROPERTY,police,2
2026-09-13,14,DRAINAGE_SEWAGE,grievance,1
2026-09-13,14,FLOOD_WATERLOGGING,grievance,1
2026-09-13,14,PUBLIC_WORKS,grievance,1
2026-09-13,14,SANITATION_TOILETS,grievance,2
2026-09-13,15,CRIME_PROPERTY,police,1
2026-09-13,15,OTHER,grievance,1
2026-09-13,15,SOLID_WASTE,grievance,1
2026-09-13,,CRIME_VIOLENT,news,2
2026-09-13,,DRUGS_LIQUOR,news,1
2026-09-13,,ROAD_ACCIDENT,news,1
2026-09-13,,TRAFFIC_OBSTRUCTION,news,1
2026-09-13,,VECTOR_DISEASE,news,4
2026-09-13,,WATER_SUPPLY,news,1
2026-09-14,1,DRAINAGE_SEWAGE,grievance,1
2026-09-14,1,MISSING_PERSON,news,1
2026-09-14,1,MISSING_PERSON,police,1
2026-09-14,1,OTHER,grievance,1
2026-09-14,1,PUBLIC_ORDER,police,1
2026-09-14,1,ROAD_ACCIDENT,police,1
2026-09-14,1,ROAD_DAMAGE,grievance,1
2026-09-14,1,SOLID_WASTE,grievance,1
2026-09-14,1,STREETLIGHT_ELECTRICAL,grievance,1
2026-09-14,2,DRAINAGE_SEWAGE,grievance,1
2026-09-14,2,ROAD_ACCIDENT,police,1
2026-09-14,2,TRAFFIC_OBSTRUCTION,police,2
2026-09-14,3,ADMIN_SERVICES,grievance,2
2026-09-14,3,DRAINAGE_SEWAGE,grievance,1
2026-09-14,3,DRAIN_WORKS_SAFETY,grievance,1
2026-09-14,3,ENCROACHMENT,grievance,1
2026-09-14,3,SOLID_WASTE,grievance,3
2026-09-14,3,WATERBODY_INFRA,pwd,1
2026-09-14,4,ADMIN_SERVICES,grievance,1
2026-09-14,4,BUILDING_SAFETY,pwd,1
2026-09-14,4,CRIME_PROPERTY,police,2
2026-09-14,4,DRAINAGE_SEWAGE,grievance,1
2026-09-14,4,DRAINAGE_SEWAGE,pwd,1
2026-09-14,4,ROAD_ACCIDENT,police,2
2026-09-14,4,ROAD_DAMAGE,grievance,1
2026-09-14,4,SANITATION_TOILETS,grievance,1
2026-09-14,4,SOLID_WASTE,grievance,1
2026-09-14,4,STREETLIGHT_ELECTRICAL,grievance,1
2026-09-14,4,TRAFFIC_OBSTRUCTION,police,1
2026-09-14,5,ADMIN_SERVICES,grievance,1
2026-09-14,5,CRIME_PROPERTY,police,3
2026-09-14,5,CRIME_VIOLENT,police,4
2026-09-14,5,DARK_SPOT_SAFETY,grievance,1
2026-09-14,5,DRUGS_LIQUOR,police,1
2026-09-14,5,PUBLIC_ORDER,police,1
2026-09-14,5,ROAD_ACCIDENT,police,3
2026-09-14,5,SANITATION_TOILETS,grievance,1
2026-09-14,5,SOLID_WASTE,grievance,3
2026-09-14,5,STREETLIGHT_ELECTRICAL,grievance,2
2026-09-14,5,TRAFFIC_OBSTRUCTION,police,2
2026-09-14,5,TREES_PARKS,grievance,1
2026-09-14,6,ADMIN_SERVICES,grievance,1
2026-09-14,6,CRIME_PROPERTY,police,1
2026-09-14,6,DARK_SPOT_SAFETY,grievance,1
2026-09-14,6,DRAINAGE_SEWAGE,grievance,1
2026-09-14,6,ENCROACHMENT,grievance,1
2026-09-14,6,FLOOD_WATERLOGGING,grievance,1
2026-09-14,6,FLOOD_WATERLOGGING,pwd,1
2026-09-14,6,MISSING_PERSON,police,1
2026-09-14,6,OTHER,grievance,1
2026-09-14,6,PUBLIC_ORDER,police,1
2026-09-14,6,ROAD_DAMAGE,grievance,1
2026-09-14,6,STREETLIGHT_ELECTRICAL,grievance,2
2026-09-14,6,TRAFFIC_OBSTRUCTION,police,1
2026-09-14,7,ADMIN_SERVICES,grievance,1
2026-09-14,7,CRIME_PROPERTY,news,1
2026-09-14,7,FOOD_SAFETY,grievance,1
2026-09-14,7,OTHER,grievance,1
2026-09-14,7,PUBLIC_ORDER,police,2
2026-09-14,7,SOLID_WASTE,grievance,1
2026-09-14,8,ADMIN_SERVICES,grievance,1
2026-09-14,8,CRIME_PROPERTY,police,5
2026-09-14,8,DARK_SPOT_SAFETY,grievance,1
2026-09-14,8,DRAINAGE_SEWAGE,pwd,2
2026-09-14,8,FLOOD_WATERLOGGING,pwd,1
2026-09-14,8,HEALTH_SERVICES,grievance,1
2026-09-14,8,OTHER,grievance,1
2026-09-14,8,PUBLIC_ORDER,police,2
2026-09-14,8,ROAD_ACCIDENT,police,1
2026-09-14,8,ROAD_DAMAGE,grievance,1
2026-09-14,8,ROAD_DAMAGE,pwd,1
2026-09-14,8,SOLID_WASTE,grievance,2
2026-09-14,9,ADMIN_SERVICES,grievance,1
2026-09-14,9,CRIME_VIOLENT,police,5
2026-09-14,9,DARK_SPOT_SAFETY,grievance,1
2026-09-14,9,DRAIN_WORKS_SAFETY,grievance,1
2026-09-14,9,FLOOD_WATERLOGGING,grievance,1
2026-09-14,9,PUBLIC_ORDER,police,1
2026-09-14,9,SANITATION_TOILETS,grievance,1
2026-09-14,9,SOLID_WASTE,grievance,1
2026-09-14,9,TRAFFIC_OBSTRUCTION,police,1
2026-09-14,10,ADMIN_SERVICES,grievance,1
2026-09-14,10,CRIME_PROPERTY,police,2
2026-09-14,10,DRUGS_LIQUOR,police,1
2026-09-14,10,MISSING_PERSON,police,1
2026-09-14,10,OTHER,grievance,1
2026-09-14,10,POLICE_OTHER,police,2
2026-09-14,10,PUBLIC_ORDER,police,1
2026-09-14,10,ROAD_ACCIDENT,police,1
2026-09-14,10,SANITATION_TOILETS,grievance,2
2026-09-14,10,SOLID_WASTE,grievance,5
2026-09-14,10,STRAY_ANIMALS,police,3
2026-09-14,10,TRAFFIC_OBSTRUCTION,police,3
2026-09-14,11,CRIME_PROPERTY,police,2
2026-09-14,11,PUBLIC_ORDER,police,1
2026-09-14,11,ROAD_DAMAGE,grievance,1
2026-09-14,11,STREETLIGHT_ELECTRICAL,grievance,1
2026-09-14,12,CRIME_PROPERTY,police,1
2026-09-14,12,CRIME_VIOLENT,police,1
2026-09-14,12,DRUGS_LIQUOR,police,2
2026-09-14,12,ENCROACHMENT,grievance,1
2026-09-14,12,SANITATION_TOILETS,grievance,1
2026-09-14,12,SOLID_WASTE,grievance,2
2026-09-14,13,BUILDING_SAFETY,pwd,1
2026-09-14,13,CRIME_PROPERTY,police,1
2026-09-14,13,DRAINAGE_SEWAGE,grievance,2
2026-09-14,13,ENCROACHMENT,pwd,1
2026-09-14,13,PUBLIC_ORDER,grievance,1
2026-09-14,13,ROAD_ACCIDENT,police,5
2026-09-14,13,SOLID_WASTE,grievance,1
2026-09-14,13,STREETLIGHT_ELECTRICAL,grievance,1
2026-09-14,13,TRAFFIC_OBSTRUCTION,grievance,1
2026-09-14,13,TRAFFIC_OBSTRUCTION,police,1
2026-09-14,14,CRIME_PROPERTY,police,1
2026-09-14,14,OTHER,grievance,1
2026-09-14,14,POLICE_OTHER,police,2
2026-09-14,14,ROAD_DAMAGE,grievance,1
2026-09-14,14,SOLID_WASTE,grievance,1
2026-09-14,14,STRAY_ANIMALS,grievance,1
2026-09-14,14,TRAFFIC_OBSTRUCTION,police,1
2026-09-14,15,ADMIN_SERVICES,grievance,1
2026-09-14,15,CRIME_PROPERTY,police,1
2026-09-14,15,DRAINAGE_SEWAGE,grievance,1
2026-09-14,15,SANITATION_TOILETS,grievance,1
2026-09-14,15,STREETLIGHT_ELECTRICAL,grievance,1
2026-09-14,15,TRAFFIC_OBSTRUCTION,police,1
2026-09-14,,CRIME_PROPERTY,news,1
2026-09-14,,CRIME_VIOLENT,news,1
2026-09-14,,MISSING_PERSON,news,1
2026-09-14,,STREETLIGHT_ELECTRICAL,news,3
2026-09-14,,VECTOR_DISEASE,news,2
2026-09-14,,WATER_SUPPLY,news,1
2026-09-15,1,ADMIN_SERVICES,grievance,1
2026-09-15,1,CRIME_PROPERTY,police,1
2026-09-15,1,ENCROACHMENT,grievance,1
2026-09-15,1,FLOOD_RELIEF,grievance,1
2026-09-15,1,ROAD_DAMAGE,pwd,2
2026-09-15,1,STREETLIGHT_ELECTRICAL,grievance,1
2026-09-15,2,OTHER,grievance,1
2026-09-15,2,ROAD_ACCIDENT,police,1
2026-09-15,2,SANITATION_TOILETS,grievance,2
2026-09-15,2,SOLID_WASTE,grievance,1
2026-09-15,2,STRAY_ANIMALS,grievance,1
2026-09-15,3,DRAINAGE_SEWAGE,pwd,2
2026-09-15,3,SOLID_WASTE,grievance,1
2026-09-15,4,ADMIN_SERVICES,grievance,1
2026-09-15,4,CRIME_PROPERTY,police,1
2026-09-15,4,CRIME_VIOLENT,police,1
2026-09-15,4,DRAINAGE_SEWAGE,grievance,2
2026-09-15,4,DRAINAGE_SEWAGE,pwd,1
2026-09-15,4,ROAD_ACCIDENT,police,1
2026-09-15,4,ROAD_DAMAGE,grievance,1
2026-09-15,4,SOLID_WASTE,grievance,2
2026-09-15,5,BUILDING_SAFETY,pwd,1
2026-09-15,5,CIVIC_FACILITIES,grievance,1
2026-09-15,5,CRIME_PROPERTY,police,1
2026-09-15,5,CRIME_VIOLENT,police,3
2026-09-15,5,DARK_SPOT_SAFETY,grievance,1
2026-09-15,5,DRAIN_WORKS_SAFETY,grievance,1
2026-09-15,5,ENCROACHMENT,pwd,1
2026-09-15,5,PUBLIC_ORDER,police,2
2026-09-15,5,SANITATION_TOILETS,grievance,1
2026-09-15,5,STRAY_ANIMALS,grievance,1
2026-09-15,6,BUILDING_SAFETY,pwd,1
2026-09-15,6,CRIME_PROPERTY,police,2
2026-09-15,6,CRIME_VIOLENT,police,1
2026-09-15,6,DARK_SPOT_SAFETY,grievance,1
2026-09-15,6,DRAINAGE_SEWAGE,pwd,3
2026-09-15,6,ENCROACHMENT,grievance,1
2026-09-15,6,PUBLIC_ORDER,police,1
2026-09-15,6,PUBLIC_WORKS,grievance,1
2026-09-15,6,ROAD_DAMAGE,grievance,1
2026-09-15,6,SANITATION_TOILETS,grievance,1
2026-09-15,6,SOLID_WASTE,grievance,2
2026-09-15,6,STREETLIGHT_ELECTRICAL,grievance,2
2026-09-15,6,TRAFFIC_OBSTRUCTION,grievance,1
2026-09-15,7,ADMIN_SERVICES,grievance,1
2026-09-15,7,CRIME_PROPERTY,police,2
2026-09-15,7,ENCROACHMENT,pwd,1
2026-09-15,7,FLOOD_RELIEF,grievance,1
2026-09-15,7,PUBLIC_ORDER,police,1
2026-09-15,7,ROAD_ACCIDENT,police,1
2026-09-15,7,ROAD_DAMAGE,grievance,1
2026-09-15,7,SOLID_WASTE,grievance,2
2026-09-15,7,STREETLIGHT_ELECTRICAL,grievance,1
2026-09-15,8,CRIME_VIOLENT,police,1
2026-09-15,8,OTHER,grievance,2
2026-09-15,8,ROAD_ACCIDENT,police,3
2026-09-15,8,SOLID_WASTE,grievance,2
2026-09-15,9,BUILDING_SAFETY,pwd,1
2026-09-15,9,CIVIC_FACILITIES,grievance,1
2026-09-15,9,CRIME_VIOLENT,police,3
2026-09-15,9,ENCROACHMENT,grievance,1
2026-09-15,9,FOOD_SAFETY,grievance,1
2026-09-15,9,HEALTH_SERVICES,grievance,1
2026-09-15,9,POLICE_OTHER,police,1
2026-09-15,9,SANITATION_TOILETS,grievance,1
2026-09-15,9,SOLID_WASTE,grievance,1
2026-09-15,9,STREETLIGHT_ELECTRICAL,grievance,4
2026-09-15,9,STREETLIGHT_ELECTRICAL,police,1
2026-09-15,9,TRAFFIC_OBSTRUCTION,police,1
2026-09-15,9,VECTOR_DISEASE,grievance,1
2026-09-15,10,CRIME_PROPERTY,police,2
2026-09-15,10,DRUGS_LIQUOR,police,1
2026-09-15,10,MISSING_PERSON,police,2
2026-09-15,10,ROAD_ACCIDENT,police,1
2026-09-15,10,ROAD_DAMAGE,grievance,1
2026-09-15,10,SOLID_WASTE,grievance,2
2026-09-15,10,STREETLIGHT_ELECTRICAL,grievance,2
2026-09-15,10,TRAFFIC_OBSTRUCTION,police,1
2026-09-15,11,CRIME_PROPERTY,police,2
2026-09-15,11,DARK_SPOT_SAFETY,grievance,1
2026-09-15,11,MISSING_PERSON,police,1
2026-09-15,11,OTHER,grievance,1
2026-09-15,11,ROAD_ACCIDENT,police,1
2026-09-15,11,ROAD_DAMAGE,grievance,2
2026-09-15,11,SANITATION_TOILETS,grievance,1
2026-09-15,11,SOLID_WASTE,grievance,3
2026-09-15,12,CRIME_PROPERTY,police,1
2026-09-15,12,CRIME_VIOLENT,police,1
2026-09-15,12,DRUGS_LIQUOR,police,2
2026-09-15,12,ENCROACHMENT,grievance,1
2026-09-15,12,FOOD_SAFETY,grievance,1
2026-09-15,12,OTHER,grievance,1
2026-09-15,12,ROAD_ACCIDENT,police,1
2026-09-15,12,SOLID_WASTE,grievance,3
2026-09-15,12,TRAFFIC_OBSTRUCTION,police,2
2026-09-15,13,ADMIN_SERVICES,grievance,1
2026-09-15,13,CRIME_PROPERTY,police,1
2026-09-15,13,DARK_SPOT_SAFETY,grievance,1
2026-09-15,13,OTHER,grievance,1
2026-09-15,13,PUBLIC_ORDER,police,1
2026-09-15,13,ROAD_ACCIDENT,police,1
2026-09-15,13,ROAD_DAMAGE,grievance,1
2026-09-15,13,SANITATION_TOILETS,grievance,1
2026-09-15,13,STRAY_ANIMALS,grievance,1
2026-09-15,13,STREETLIGHT_ELECTRICAL,grievance,1
2026-09-15,13,WATERBODY_INFRA,pwd,1
2026-09-15,14,PUBLIC_WORKS,grievance,1
2026-09-15,14,ROAD_ACCIDENT,police,3
2026-09-15,14,SOLID_WASTE,grievance,1
2026-09-15,14,VECTOR_DISEASE,grievance,1
2026-09-15,15,DRAINAGE_SEWAGE,pwd,1
2026-09-15,15,MISSING_PERSON,police,1
2026-09-15,15,PUBLIC_ORDER,police,1
2026-09-15,15,ROAD_ACCIDENT,police,1
2026-09-15,15,SOLID_WASTE,grievance,2
2026-09-15,,CRIME_VIOLENT,news,2
2026-09-15,,ROAD_ACCIDENT,news,1
2026-09-15,,SOLID_WASTE,news,1
2026-09-15,,STREETLIGHT_ELECTRICAL,news,1
2026-09-15,,VECTOR_DISEASE,news,2
2026-09-16,1,DARK_SPOT_SAFETY,grievance,1
2026-09-16,1,DRAIN_WORKS_SAFETY,grievance,1
2026-09-16,1,SANITATION_TOILETS,grievance,2
2026-09-16,1,SOLID_WASTE,grievance,2
2026-09-16,1,TREES_PARKS,grievance,1
2026-09-16,2,OTHER,grievance,1
2026-09-16,2,ROAD_DAMAGE,grievance,1
2026-09-16,2,SOLID_WASTE,grievance,1
2026-09-16,2,TREES_PARKS,grievance,1
2026-09-16,3,CRIME_PROPERTY,police,1
2026-09-16,3,OTHER,grievance,1
2026-09-16,3,ROAD_ACCIDENT,police,1
2026-09-16,3,SOLID_WASTE,grievance,3
2026-09-16,3,STREETLIGHT_ELECTRICAL,grievance,2
2026-09-16,3,TRAFFIC_OBSTRUCTION,police,1
2026-09-16,4,CRIME_VIOLENT,police,1
2026-09-16,4,DRUGS_LIQUOR,police,1
2026-09-16,4,OTHER,grievance,1
2026-09-16,4,PUBLIC_ORDER,police,1
2026-09-16,4,ROAD_ACCIDENT,police,1
2026-09-16,4,ROAD_DAMAGE,grievance,3
2026-09-16,4,SANITATION_TOILETS,grievance,2
2026-09-16,4,SOLID_WASTE,grievance,4
2026-09-16,4,STREETLIGHT_ELECTRICAL,grievance,3
2026-09-16,4,TRAFFIC_OBSTRUCTION,police,2
2026-09-16,5,CRIME_PROPERTY,police,3
2026-09-16,5,CRIME_VIOLENT,police,1
2026-09-16,5,DRAINAGE_SEWAGE,grievance,1
2026-09-16,5,DRAINAGE_SEWAGE,news,1
2026-09-16,5,MISSING_PERSON,police,2
2026-09-16,5,PUBLIC_ORDER,police,1
2026-09-16,5,ROAD_DAMAGE,grievance,3
2026-09-16,5,SOLID_WASTE,grievance,2
2026-09-16,5,STREETLIGHT_ELECTRICAL,grievance,1
2026-09-16,5,TRAFFIC_OBSTRUCTION,police,1
2026-09-16,5,WATERBODY_INFRA,pwd,1
2026-09-16,6,ADMIN_SERVICES,grievance,1
2026-09-16,6,CRIME_PROPERTY,police,1
2026-09-16,6,CRIME_VIOLENT,police,1
2026-09-16,6,DRAINAGE_SEWAGE,pwd,1
2026-09-16,6,PUBLIC_ORDER,police,1
2026-09-16,6,SOLID_WASTE,grievance,1
2026-09-16,7,ADMIN_SERVICES,grievance,1
2026-09-16,7,CRIME_PROPERTY,police,2
2026-09-16,7,DRAINAGE_SEWAGE,grievance,1
2026-09-16,7,DRUGS_LIQUOR,police,1
2026-09-16,7,ROAD_DAMAGE,grievance,1
2026-09-16,7,SOLID_WASTE,grievance,1
2026-09-16,7,STREETLIGHT_ELECTRICAL,grievance,1
2026-09-16,7,TRAFFIC_OBSTRUCTION,police,1
2026-09-16,8,CRIME_PROPERTY,police,4
2026-09-16,8,CRIME_VIOLENT,police,1
2026-09-16,8,DRAINAGE_SEWAGE,pwd,1
2026-09-16,8,ENCROACHMENT,grievance,1
2026-09-16,8,FLOOD_WATERLOGGING,grievance,1
2026-09-16,8,HEALTH_SERVICES,grievance,1
2026-09-16,8,PUBLIC_ORDER,police,3
2026-09-16,8,ROAD_ACCIDENT,police,1
2026-09-16,8,ROAD_DAMAGE,grievance,1
2026-09-16,8,TREES_PARKS,grievance,1
2026-09-16,9,BUILDING_SAFETY,pwd,1
2026-09-16,9,CRIME_VIOLENT,police,1
2026-09-16,9,PUBLIC_ORDER,police,1
2026-09-16,9,ROAD_ACCIDENT,police,1
2026-09-16,9,ROAD_DAMAGE,grievance,1
2026-09-16,9,SANITATION_TOILETS,grievance,3
2026-09-16,10,CIVIC_FACILITIES,grievance,1
2026-09-16,10,CRIME_PROPERTY,police,4
2026-09-16,10,CRIME_VIOLENT,police,1
2026-09-16,10,DRAINAGE_SEWAGE,pwd,1
2026-09-16,10,FOOD_SAFETY,grievance,1
2026-09-16,10,OTHER,grievance,1
2026-09-16,10,PUBLIC_ORDER,police,1
2026-09-16,10,ROAD_DAMAGE,grievance,1
2026-09-16,10,SOLID_WASTE,grievance,2
2026-09-16,10,STREETLIGHT_ELECTRICAL,grievance,1
2026-09-16,10,TRAFFIC_OBSTRUCTION,grievance,1
2026-09-16,10,TRAFFIC_OBSTRUCTION,police,1
2026-09-16,11,CRIME_PROPERTY,police,3
2026-09-16,11,DRAINAGE_SEWAGE,pwd,1
2026-09-16,11,MISSING_PERSON,police,1
2026-09-16,11,ROAD_ACCIDENT,police,1
2026-09-16,11,SOLID_WASTE,grievance,3
2026-09-16,11,STRAY_ANIMALS,grievance,1
2026-09-16,11,STREETLIGHT_ELECTRICAL,grievance,1
2026-09-16,12,ADMIN_SERVICES,grievance,1
2026-09-16,12,CRIME_PROPERTY,police,2
2026-09-16,12,DRAINAGE_SEWAGE,grievance,1
2026-09-16,12,ENCROACHMENT,grievance,1
2026-09-16,12,ENCROACHMENT,pwd,1
2026-09-16,12,SOLID_WASTE,grievance,1
2026-09-16,13,ADMIN_SERVICES,grievance,1
2026-09-16,13,BUILDING_SAFETY,pwd,1
2026-09-16,13,FOOD_SAFETY,grievance,1
2026-09-16,13,ROAD_ACCIDENT,police,1
2026-09-16,13,SOLID_WASTE,grievance,2
2026-09-16,13,STREETLIGHT_ELECTRICAL,grievance,2
2026-09-16,14,ADMIN_SERVICES,grievance,1
2026-09-16,14,ENCROACHMENT,grievance,1
2026-09-16,14,FLOOD_WATERLOGGING,grievance,1
2026-09-16,14,ROAD_ACCIDENT,police,1
2026-09-16,14,SOLID_WASTE,grievance,1
2026-09-16,15,CRIME_PROPERTY,police,3
2026-09-16,15,CRIME_VIOLENT,police,2
2026-09-16,15,DRAINAGE_SEWAGE,pwd,1
2026-09-16,15,PUBLIC_ORDER,police,1
2026-09-16,15,SANITATION_TOILETS,grievance,1
2026-09-16,15,TRAFFIC_OBSTRUCTION,police,2
2026-09-16,,CRIME_VIOLENT,news,1
2026-09-16,,FLOOD_WATERLOGGING,news,1
2026-09-16,,PUBLIC_ORDER,police,2
2026-09-16,,STREETLIGHT_ELECTRICAL,news,1
2026-09-16,,VECTOR_DISEASE,news,3
2026-09-17,1,CRIME_PROPERTY,police,1
2026-09-17,1,PUBLIC_ORDER,police,5
2026-09-17,1,SANITATION_TOILETS,grievance,1
2026-09-17,1,SOLID_WASTE,grievance,4
2026-09-17,1,STRAY_ANIMALS,grievance,1
2026-09-17,1,TRAFFIC_OBSTRUCTION,police,2
2026-09-17,2,CRIME_PROPERTY,police,1
2026-09-17,2,TRAFFIC_OBSTRUCTION,police,1
2026-09-17,3,CRIME_PROPERTY,police,1
2026-09-17,3,CRIME_VIOLENT,police,1
2026-09-17,3,DRAIN_WORKS_SAFETY,grievance,1
2026-09-17,3,ENCROACHMENT,grievance,1
2026-09-17,3,FOOD_SAFETY,grievance,1
2026-09-17,3,POLICE_OTHER,police,1
2026-09-17,3,PUBLIC_WORKS,grievance,1
2026-09-17,3,SANITATION_TOILETS,grievance,1
2026-09-17,3,SOLID_WASTE,grievance,2
2026-09-17,4,CRIME_PROPERTY,police,1
2026-09-17,4,CRIME_VIOLENT,police,2
2026-09-17,4,DRAINAGE_SEWAGE,grievance,1
2026-09-17,4,FLOOD_WATERLOGGING,grievance,1
2026-09-17,4,FOOD_SAFETY,grievance,2
2026-09-17,4,ROAD_ACCIDENT,police,1
2026-09-17,4,SANITATION_TOILETS,grievance,2
2026-09-17,4,SOLID_WASTE,grievance,2
2026-09-17,4,STREETLIGHT_ELECTRICAL,grievance,1
2026-09-17,4,STREETLIGHT_ELECTRICAL,police,2
2026-09-17,5,CRIME_PROPERTY,police,7
2026-09-17,5,DRAINAGE_SEWAGE,grievance,1
2026-09-17,5,DRAINAGE_SEWAGE,news,2
2026-09-17,5,DRUGS_LIQUOR,police,1
2026-09-17,5,ENCROACHMENT,pwd,1
2026-09-17,5,FLOOD_WATERLOGGING,grievance,1
2026-09-17,5,MISSING_PERSON,police,2
2026-09-17,5,POLICE_OTHER,police,1
2026-09-17,5,ROAD_DAMAGE,grievance,1
2026-09-17,5,SANITATION_TOILETS,grievance,2
2026-09-17,5,SOLID_WASTE,grievance,2
2026-09-17,5,STREETLIGHT_ELECTRICAL,grievance,3
2026-09-17,5,VECTOR_DISEASE,hospital,1
2026-09-17,6,CRIME_PROPERTY,police,2
2026-09-17,6,DRUGS_LIQUOR,police,1
2026-09-17,6,FLOOD_RELIEF,grievance,1
2026-09-17,6,PUBLIC_WORKS,grievance,2
2026-09-17,6,ROAD_ACCIDENT,police,2
2026-09-17,6,SANITATION_TOILETS,grievance,1
2026-09-17,6,SOLID_WASTE,grievance,4
2026-09-17,7,ADMIN_SERVICES,grievance,1
2026-09-17,7,BUILDING_SAFETY,pwd,2
2026-09-17,7,CRIME_PROPERTY,police,1
2026-09-17,7,PUBLIC_WORKS,grievance,1
2026-09-17,7,SOLID_WASTE,grievance,1
2026-09-17,7,STREETLIGHT_ELECTRICAL,grievance,1
2026-09-17,7,TRAFFIC_OBSTRUCTION,police,2
2026-09-17,8,CRIME_VIOLENT,police,1
2026-09-17,8,DRAINAGE_SEWAGE,pwd,1
2026-09-17,8,PUBLIC_ORDER,police,2
2026-09-17,8,ROAD_DAMAGE,grievance,1
2026-09-17,8,ROAD_DAMAGE,pwd,4
2026-09-17,8,SANITATION_TOILETS,grievance,1
2026-09-17,8,SOLID_WASTE,grievance,2
2026-09-17,9,CRIME_PROPERTY,police,1
2026-09-17,9,ROAD_ACCIDENT,news,6
2026-09-17,9,ROAD_DAMAGE,grievance,1
2026-09-17,9,SOLID_WASTE,grievance,1
2026-09-17,9,STRAY_ANIMALS,grievance,1
2026-09-17,9,STREETLIGHT_ELECTRICAL,grievance,2
2026-09-17,9,TRAFFIC_OBSTRUCTION,grievance,1
2026-09-17,9,TRAFFIC_OBSTRUCTION,police,4
2026-09-17,10,BUILDING_SAFETY,pwd,1
2026-09-17,10,CRIME_PROPERTY,police,2
2026-09-17,10,DRUGS_LIQUOR,police,1
2026-09-17,10,POLICE_OTHER,police,1
2026-09-17,10,SANITATION_TOILETS,grievance,1
2026-09-17,10,SOLID_WASTE,grievance,1
2026-09-17,10,STREETLIGHT_ELECTRICAL,grievance,2
2026-09-17,10,TRAFFIC_OBSTRUCTION,police,3
2026-09-17,11,DRAINAGE_SEWAGE,pwd,1
2026-09-17,11,FLOOD_RELIEF,grievance,1
2026-09-17,11,MISSING_PERSON,police,2
2026-09-17,11,ROAD_ACCIDENT,police,5
2026-09-17,11,SOLID_WASTE,grievance,1
2026-09-17,12,CRIME_PROPERTY,police,1
2026-09-17,12,CRIME_VIOLENT,police,1
2026-09-17,12,DRAIN_WORKS_SAFETY,grievance,1
2026-09-17,12,ENCROACHMENT,grievance,1
2026-09-17,12,MISSING_PERSON,police,1
2026-09-17,12,PUBLIC_ORDER,police,1
2026-09-17,12,SOLID_WASTE,grievance,2
2026-09-17,13,AIR_POLLUTION,grievance,1
2026-09-17,13,CRIME_PROPERTY,police,3
2026-09-17,13,CRIME_VIOLENT,police,1
2026-09-17,13,DRAINAGE_SEWAGE,news,1
2026-09-17,13,DRUGS_LIQUOR,police,1
2026-09-17,13,FLOOD_WATERLOGGING,grievance,1
2026-09-17,13,FLOOD_WATERLOGGING,police,1
2026-09-17,13,MISSING_PERSON,police,1
2026-09-17,13,POLICE_OTHER,police,2
2026-09-17,13,PUBLIC_ORDER,police,3
2026-09-17,13,ROAD_ACCIDENT,police,3
2026-09-17,13,ROAD_DAMAGE,news,1
2026-09-17,13,SANITATION_TOILETS,grievance,1
2026-09-17,13,STREETLIGHT_ELECTRICAL,grievance,2
2026-09-17,14,ADMIN_SERVICES,grievance,1
2026-09-17,14,DRAIN_WORKS_SAFETY,grievance,1
2026-09-17,14,FLOOD_WATERLOGGING,grievance,1
2026-09-17,14,SOLID_WASTE,grievance,3
2026-09-17,14,TRAFFIC_OBSTRUCTION,police,3
2026-09-17,15,ADMIN_SERVICES,grievance,1
2026-09-17,15,CRIME_PROPERTY,police,1
2026-09-17,15,CRIME_VIOLENT,police,3
2026-09-17,15,ENCROACHMENT,grievance,1
2026-09-17,15,ENCROACHMENT,pwd,1
2026-09-17,15,PUBLIC_ORDER,police,1
2026-09-17,15,SOLID_WASTE,grievance,1
2026-09-17,15,TRAFFIC_OBSTRUCTION,police,1
2026-09-17,,DRUGS_LIQUOR,news,1
2026-09-17,,ROAD_ACCIDENT,news,2
2026-09-17,,ROAD_ACCIDENT,police,2
2026-09-17,,SOLID_WASTE,news,1
2026-09-17,,VECTOR_DISEASE,news,1
2026-09-18,1,CRIME_PROPERTY,police,1
2026-09-18,1,PUBLIC_ORDER,police,2
2026-09-18,1,SOLID_WASTE,grievance,3
2026-09-18,1,TREES_PARKS,grievance,1
2026-09-18,1,WATERBODY_INFRA,pwd,1
2026-09-18,2,ADMIN_SERVICES,grievance,1
2026-09-18,2,DRUGS_LIQUOR,police,1
2026-09-18,2,SOLID_WASTE,grievance,1
2026-09-18,2,VECTOR_DISEASE,grievance,1
2026-09-18,3,DARK_SPOT_SAFETY,grievance,1
2026-09-18,3,FLOOD_WATERLOGGING,grievance,1
2026-09-18,3,HEALTH_SERVICES,grievance,1
2026-09-18,3,POLICE_OTHER,police,2
2026-09-18,3,ROAD_DAMAGE,grievance,1
2026-09-18,3,SOLID_WASTE,grievance,2
2026-09-18,3,TREES_PARKS,grievance,1
2026-09-18,4,ADMIN_SERVICES,grievance,1
2026-09-18,4,CRIME_PROPERTY,news,1
2026-09-18,4,CRIME_PROPERTY,police,2
2026-09-18,4,SANITATION_TOILETS,grievance,1
2026-09-18,4,SOLID_WASTE,grievance,2
2026-09-18,4,STREETLIGHT_ELECTRICAL,grievance,4
2026-09-18,4,TREES_PARKS,grievance,1
2026-09-18,5,CIVIC_FACILITIES,grievance,1
2026-09-18,5,CRIME_PROPERTY,police,1
2026-09-18,5,DRAINAGE_SEWAGE,grievance,3
2026-09-18,5,ENCROACHMENT,pwd,1
2026-09-18,5,HEALTH_SERVICES,hospital,1
2026-09-18,5,ROAD_ACCIDENT,police,3
2026-09-18,5,ROAD_DAMAGE,grievance,2
2026-09-18,5,SANITATION_TOILETS,grievance,1
2026-09-18,5,SOLID_WASTE,grievance,3
2026-09-18,5,TRAFFIC_OBSTRUCTION,police,2
2026-09-18,6,CRIME_PROPERTY,police,2
2026-09-18,6,DRAINAGE_SEWAGE,grievance,1
2026-09-18,6,DRAIN_WORKS_SAFETY,grievance,1
2026-09-18,6,FLOOD_RELIEF,grievance,1
2026-09-18,6,PUBLIC_ORDER,police,5
2026-09-18,6,ROAD_ACCIDENT,police,3
2026-09-18,6,SOLID_WASTE,grievance,1
2026-09-18,6,STREETLIGHT_ELECTRICAL,grievance,1
2026-09-18,7,CRIME_VIOLENT,police,1
2026-09-18,7,DRAINAGE_SEWAGE,news,1
2026-09-18,7,DRAIN_WORKS_SAFETY,grievance,1
2026-09-18,7,ROAD_DAMAGE,grievance,2
2026-09-18,7,SOLID_WASTE,grievance,1
2026-09-18,8,CIVIC_FACILITIES,grievance,1
2026-09-18,8,CRIME_VIOLENT,police,1
2026-09-18,8,DRAINAGE_SEWAGE,pwd,2
2026-09-18,8,ROAD_ACCIDENT,police,1
2026-09-18,8,ROAD_DAMAGE,grievance,1
2026-09-18,8,STREETLIGHT_ELECTRICAL,grievance,1
2026-09-18,9,AIR_POLLUTION,grievance,1
2026-09-18,9,POLICE_OTHER,police,2
2026-09-18,9,SOLID_WASTE,grievance,1
2026-09-18,9,TRAFFIC_OBSTRUCTION,police,1
2026-09-18,9,TREES_PARKS,grievance,1
2026-09-18,10,CRIME_PROPERTY,news,1
2026-09-18,10,CRIME_PROPERTY,police,3
2026-09-18,10,DARK_SPOT_SAFETY,grievance,1
2026-09-18,10,DRAINAGE_SEWAGE,grievance,1
2026-09-18,10,OTHER,grievance,1
2026-09-18,10,PUBLIC_ORDER,police,2
2026-09-18,10,PUBLIC_WORKS,grievance,1
2026-09-18,10,ROAD_ACCIDENT,police,2
2026-09-18,10,ROAD_DAMAGE,grievance,3
2026-09-18,10,SOLID_WASTE,grievance,2
2026-09-18,10,STREETLIGHT_ELECTRICAL,grievance,1
2026-09-18,10,TRAFFIC_OBSTRUCTION,police,1
2026-09-18,11,CRIME_PROPERTY,police,2
2026-09-18,11,DRAINAGE_SEWAGE,pwd,1
2026-09-18,11,MISSING_PERSON,police,2
2026-09-18,11,PUBLIC_ORDER,police,3
2026-09-18,11,ROAD_ACCIDENT,police,1
2026-09-18,11,SOLID_WASTE,grievance,1
2026-09-18,11,TRAFFIC_OBSTRUCTION,police,3
2026-09-18,11,TREES_PARKS,grievance,1
2026-09-18,12,CRIME_PROPERTY,police,1
2026-09-18,12,ENCROACHMENT,grievance,1
2026-09-18,12,PUBLIC_ORDER,police,3
2026-09-18,12,ROAD_ACCIDENT,police,1
2026-09-18,12,SANITATION_TOILETS,grievance,1
2026-09-18,12,SOLID_WASTE,grievance,1
2026-09-18,12,STREETLIGHT_ELECTRICAL,grievance,2
2026-09-18,12,WATERBODY_INFRA,pwd,1
2026-09-18,13,CRIME_PROPERTY,police,3
2026-09-18,13,DARK_SPOT_SAFETY,grievance,1
2026-09-18,13,FLOOD_WATERLOGGING,grievance,1
2026-09-18,13,FLOOD_WATERLOGGING,police,1
2026-09-18,13,FOOD_SAFETY,grievance,1
2026-09-18,13,OTHER,grievance,1
2026-09-18,13,POLICE_OTHER,police,1
2026-09-18,13,PUBLIC_ORDER,police,1
2026-09-18,13,ROAD_ACCIDENT,police,2
2026-09-18,13,SANITATION_TOILETS,grievance,1
2026-09-18,13,SOLID_WASTE,grievance,1
2026-09-18,14,CIVIC_FACILITIES,grievance,1
2026-09-18,14,CRIME_PROPERTY,police,1
2026-09-18,14,DARK_SPOT_SAFETY,grievance,1
2026-09-18,14,OTHER,grievance,1
2026-09-18,14,PUBLIC_WORKS,grievance,1
2026-09-18,14,ROAD_ACCIDENT,police,1
2026-09-18,15,ADMIN_SERVICES,grievance,1
2026-09-18,15,BUILDING_SAFETY,pwd,1
2026-09-18,15,CRIME_PROPERTY,police,1
2026-09-18,15,DARK_SPOT_SAFETY,grievance,1
2026-09-18,15,ROAD_ACCIDENT,police,1
2026-09-18,15,ROAD_DAMAGE,grievance,1
2026-09-18,15,STRAY_ANIMALS,grievance,1
2026-09-18,15,WATER_SUPPLY,news,2
2026-09-18,,CRIME_PROPERTY,news,3
2026-09-18,,FLOOD_RISK_SIGNAL,news,1
2026-09-18,,PUBLIC_ORDER,news,1
2026-09-18,,TRAFFIC_OBSTRUCTION,news,1
2026-09-18,,VECTOR_DISEASE,news,5
2026-09-19,1,CRIME_VIOLENT,news,1
2026-09-19,1,CRIME_VIOLENT,police,1
2026-09-19,1,DARK_SPOT_SAFETY,grievance,1
2026-09-19,1,DRAINAGE_SEWAGE,grievance,1
2026-09-19,1,DRUGS_LIQUOR,police,1
2026-09-19,1,FLOOD_WATERLOGGING,grievance,1
2026-09-19,1,FLOOD_WATERLOGGING,police,6
2026-09-19,1,FLOOD_WATERLOGGING,pwd,3
2026-09-19,1,OTHER,grievance,1
2026-09-19,1,ROAD_ACCIDENT,police,1
2026-09-19,1,SANITATION_TOILETS,grievance,1
2026-09-19,1,SOLID_WASTE,grievance,1
2026-09-19,1,STREETLIGHT_ELECTRICAL,grievance,1
2026-09-19,1,TREES_PARKS,grievance,1
2026-09-19,2,ADMIN_SERVICES,grievance,1
2026-09-19,2,DRAIN_WORKS_SAFETY,grievance,1
2026-09-19,2,SANITATION_TOILETS,grievance,1
2026-09-19,2,SOLID_WASTE,grievance,2
2026-09-19,2,TRAFFIC_OBSTRUCTION,police,1
2026-09-19,3,ADMIN_SERVICES,grievance,1
2026-09-19,3,CRIME_PROPERTY,police,2
2026-09-19,3,FLOOD_WATERLOGGING,police,2
2026-09-19,3,FLOOD_WATERLOGGING,pwd,2
2026-09-19,3,ROAD_ACCIDENT,news,1
2026-09-19,3,ROAD_ACCIDENT,police,1
2026-09-19,3,SANITATION_TOILETS,grievance,1
2026-09-19,3,SOLID_WASTE,grievance,3
2026-09-19,3,WATERBODY_INFRA,pwd,2
2026-09-19,4,ADMIN_SERVICES,grievance,1
2026-09-19,4,CRIME_PROPERTY,police,6
2026-09-19,4,DRAIN_WORKS_SAFETY,grievance,1
2026-09-19,4,FLOOD_WATERLOGGING,grievance,6
2026-09-19,4,FLOOD_WATERLOGGING,police,3
2026-09-19,4,FLOOD_WATERLOGGING,pwd,1
2026-09-19,4,MISSING_PERSON,police,1
2026-09-19,4,ROAD_ACCIDENT,police,1
2026-09-19,4,SOLID_WASTE,grievance,2
2026-09-19,4,STREETLIGHT_ELECTRICAL,grievance,2
2026-09-19,4,STREETLIGHT_ELECTRICAL,news,2
2026-09-19,5,BUILDING_SAFETY,pwd,1
2026-09-19,5,CRIME_PROPERTY,police,2
2026-09-19,5,DARK_SPOT_SAFETY,grievance,1
2026-09-19,5,DRAINAGE_SEWAGE,grievance,5
2026-09-19,5,DRAINAGE_SEWAGE,news,1
2026-09-19,5,DRAINAGE_SEWAGE,pwd,1
2026-09-19,5,DRAIN_WORKS_SAFETY,grievance,1
2026-09-19,5,FLOOD_WATERLOGGING,police,1
2026-09-19,5,MISSING_PERSON,police,1
2026-09-19,5,POLICE_OTHER,police,3
2026-09-19,5,PUBLIC_ORDER,police,2
2026-09-19,5,ROAD_ACCIDENT,police,3
2026-09-19,5,ROAD_DAMAGE,grievance,1
2026-09-19,5,SOLID_WASTE,grievance,5
2026-09-19,5,STREETLIGHT_ELECTRICAL,grievance,1
2026-09-19,5,TRAFFIC_OBSTRUCTION,police,1
2026-09-19,5,TREES_PARKS,grievance,2
2026-09-19,5,WATERBODY_INFRA,pwd,1
2026-09-19,6,ADMIN_SERVICES,grievance,1
2026-09-19,6,DRAINAGE_SEWAGE,grievance,1
2026-09-19,6,FLOOD_WATERLOGGING,grievance,1
2026-09-19,6,FLOOD_WATERLOGGING,police,5
2026-09-19,6,FLOOD_WATERLOGGING,pwd,4
2026-09-19,6,POLICE_OTHER,police,1
2026-09-19,6,ROAD_ACCIDENT,police,2
2026-09-19,6,SOLID_WASTE,grievance,2
2026-09-19,6,STRAY_ANIMALS,grievance,1
2026-09-19,6,STREETLIGHT_ELECTRICAL,grievance,1
2026-09-19,6,STREETLIGHT_ELECTRICAL,news,1
2026-09-19,6,TRAFFIC_OBSTRUCTION,police,3
2026-09-19,7,ADMIN_SERVICES,grievance,1
2026-09-19,7,BUILDING_SAFETY,pwd,1
2026-09-19,7,CRIME_PROPERTY,police,1
2026-09-19,7,DRAINAGE_SEWAGE,grievance,1
2026-09-19,7,FLOOD_WATERLOGGING,police,5
2026-09-19,7,FLOOD_WATERLOGGING,pwd,6
2026-09-19,7,MISSING_PERSON,police,1
2026-09-19,7,SANITATION_TOILETS,grievance,1
2026-09-19,7,SOLID_WASTE,grievance,2
2026-09-19,7,TRAFFIC_OBSTRUCTION,police,1
2026-09-19,7,TREES_PARKS,grievance,1
2026-09-19,7,WATERBODY_INFRA,pwd,1
2026-09-19,8,ADMIN_SERVICES,grievance,1
2026-09-19,8,CIVIC_FACILITIES,grievance,1
2026-09-19,8,CRIME_PROPERTY,police,1
2026-09-19,8,CRIME_VIOLENT,police,2
2026-09-19,8,DRAINAGE_SEWAGE,pwd,1
2026-09-19,8,DRAIN_WORKS_SAFETY,grievance,1
2026-09-19,8,FLOOD_WATERLOGGING,police,1
2026-09-19,8,FLOOD_WATERLOGGING,pwd,2
2026-09-19,8,PUBLIC_ORDER,police,4
2026-09-19,8,ROAD_ACCIDENT,police,2
2026-09-19,8,SOLID_WASTE,grievance,3
2026-09-19,8,STREETLIGHT_ELECTRICAL,grievance,1
2026-09-19,8,TRAFFIC_OBSTRUCTION,grievance,1
2026-09-19,8,TRAFFIC_OBSTRUCTION,police,1
2026-09-19,9,CRIME_PROPERTY,police,4
2026-09-19,9,DRAINAGE_SEWAGE,grievance,3
2026-09-19,9,DRAIN_WORKS_SAFETY,grievance,1
2026-09-19,9,FLOOD_WATERLOGGING,grievance,2
2026-09-19,9,FOOD_SAFETY,grievance,2
2026-09-19,9,HEALTH_SERVICES,hospital,1
2026-09-19,9,ROAD_ACCIDENT,police,3
2026-09-19,9,ROAD_DAMAGE,grievance,1
2026-09-19,9,SANITATION_TOILETS,grievance,1
2026-09-19,9,SOLID_WASTE,grievance,2
2026-09-19,9,STRAY_ANIMALS,grievance,2
2026-09-19,9,STREETLIGHT_ELECTRICAL,grievance,4
2026-09-19,9,TREES_PARKS,grievance,1
2026-09-19,10,DRAINAGE_SEWAGE,grievance,1
2026-09-19,10,DRAINAGE_SEWAGE,pwd,1
2026-09-19,10,DRAIN_WORKS_SAFETY,grievance,1
2026-09-19,10,FLOOD_WATERLOGGING,grievance,2
2026-09-19,10,FLOOD_WATERLOGGING,police,2
2026-09-19,10,FLOOD_WATERLOGGING,pwd,1
2026-09-19,10,FOOD_SAFETY,grievance,1
2026-09-19,10,MISSING_PERSON,police,1
2026-09-19,10,ROAD_ACCIDENT,police,1
2026-09-19,10,SANITATION_TOILETS,grievance,1
2026-09-19,10,SOLID_WASTE,grievance,1
2026-09-19,10,STRAY_ANIMALS,police,1
2026-09-19,10,TRAFFIC_OBSTRUCTION,police,2
2026-09-19,11,BUILDING_SAFETY,pwd,2
2026-09-19,11,CIVIC_FACILITIES,grievance,1
2026-09-19,11,DRAIN_WORKS_SAFETY,grievance,1
2026-09-19,11,FLOOD_WATERLOGGING,grievance,2
2026-09-19,11,FLOOD_WATERLOGGING,police,4
2026-09-19,11,FLOOD_WATERLOGGING,pwd,6
2026-09-19,11,PUBLIC_WORKS,grievance,1
2026-09-19,11,SOLID_WASTE,grievance,1
2026-09-19,11,STREETLIGHT_ELECTRICAL,grievance,2
2026-09-19,11,TRAFFIC_OBSTRUCTION,police,1
2026-09-19,11,WATERBODY_INFRA,pwd,1
2026-09-19,12,CIVIC_FACILITIES,grievance,1
2026-09-19,12,CRIME_PROPERTY,police,1
2026-09-19,12,DRAINAGE_SEWAGE,grievance,1
2026-09-19,12,DRAIN_WORKS_SAFETY,grievance,1
2026-09-19,12,DRUGS_LIQUOR,police,1
2026-09-19,12,FLOOD_WATERLOGGING,grievance,1
2026-09-19,12,FLOOD_WATERLOGGING,pwd,3
2026-09-19,12,SOLID_WASTE,grievance,1
2026-09-19,12,TRAFFIC_OBSTRUCTION,police,1
2026-09-19,12,WATERBODY_INFRA,pwd,2
2026-09-19,13,BUILDING_SAFETY,pwd,1
2026-09-19,13,CRIME_PROPERTY,police,1
2026-09-19,13,DRAINAGE_SEWAGE,grievance,4
2026-09-19,13,DRAINAGE_SEWAGE,pwd,2
2026-09-19,13,DRAIN_WORKS_SAFETY,grievance,1
2026-09-19,13,FLOOD_WATERLOGGING,pwd,5
2026-09-19,13,POLICE_OTHER,police,1
2026-09-19,13,PUBLIC_WORKS,grievance,1
2026-09-19,13,ROAD_ACCIDENT,police,1
2026-09-19,13,ROAD_DAMAGE,grievance,1
2026-09-19,13,SANITATION_TOILETS,grievance,1
2026-09-19,13,SOLID_WASTE,grievance,2
2026-09-19,13,STRAY_ANIMALS,police,2
2026-09-19,13,STREETLIGHT_ELECTRICAL,police,2
2026-09-19,13,WATER_SUPPLY,news,1
2026-09-19,14,CRIME_VIOLENT,police,3
2026-09-19,14,DRAINAGE_SEWAGE,grievance,1
2026-09-19,14,FOOD_SAFETY,grievance,1
2026-09-19,14,PUBLIC_ORDER,police,1
2026-09-19,14,ROAD_ACCIDENT,police,2
2026-09-19,14,SOLID_WASTE,grievance,2
2026-09-19,14,STREETLIGHT_ELECTRICAL,grievance,1
2026-09-19,14,TRAFFIC_OBSTRUCTION,police,2
2026-09-19,14,WATER_SUPPLY,news,1
2026-09-19,15,CRIME_PROPERTY,police,2
2026-09-19,15,CRIME_VIOLENT,police,1
2026-09-19,15,DRAINAGE_SEWAGE,grievance,3
2026-09-19,15,FLOOD_WATERLOGGING,grievance,1
2026-09-19,15,FLOOD_WATERLOGGING,pwd,4
2026-09-19,15,STREETLIGHT_ELECTRICAL,grievance,1
2026-09-19,15,VECTOR_DISEASE,grievance,1
2026-09-19,15,WATER_SUPPLY,news,2
2026-09-19,,CRIME_VIOLENT,news,1
2026-09-19,,DRAINAGE_SEWAGE,news,1
2026-09-19,,FLOOD_WATERLOGGING,police,2
2026-09-19,,HEALTH_SERVICES,hospital,1
2026-09-19,,ROAD_ACCIDENT,news,2
2026-09-19,,ROAD_ACCIDENT,police,1
2026-09-19,,SANITATION_TOILETS,news,1
2026-09-19,,VECTOR_DISEASE,news,9
2026-09-19,,WATER_SUPPLY,news,4
2026-09-20,1,FLOOD_WATERLOGGING,police,2
2026-09-20,1,ROAD_ACCIDENT,police,2
2026-09-20,1,ROAD_DAMAGE,grievance,1
2026-09-20,1,ROAD_DAMAGE,pwd,2
2026-09-20,1,SANITATION_TOILETS,grievance,1
2026-09-20,1,SOLID_WASTE,grievance,1
2026-09-20,1,TRAFFIC_OBSTRUCTION,police,1
2026-09-20,1,WATERBODY_INFRA,pwd,1
2026-09-20,2,FLOOD_WATERLOGGING,grievance,1
2026-09-20,3,BUILDING_SAFETY,pwd,2
2026-09-20,3,CRIME_PROPERTY,police,1
2026-09-20,3,DRAINAGE_SEWAGE,grievance,1
2026-09-20,3,DRAINAGE_SEWAGE,pwd,1
2026-09-20,3,FLOOD_WATERLOGGING,pwd,3
2026-09-20,3,PUBLIC_ORDER,police,3
2026-09-20,3,ROAD_ACCIDENT,police,1
2026-09-20,3,ROAD_DAMAGE,grievance,1
2026-09-20,3,SOLID_WASTE,grievance,1
2026-09-20,4,DRAINAGE_SEWAGE,pwd,1
2026-09-20,4,DRAIN_WORKS_SAFETY,grievance,2
2026-09-20,4,FLOOD_WATERLOGGING,pwd,8
2026-09-20,4,PUBLIC_ORDER,police,2
2026-09-20,4,ROAD_DAMAGE,grievance,1
2026-09-20,4,STREETLIGHT_ELECTRICAL,grievance,1
2026-09-20,4,TRAFFIC_OBSTRUCTION,police,2
2026-09-20,5,AIR_POLLUTION,grievance,1
2026-09-20,5,CRIME_PROPERTY,police,2
2026-09-20,5,CRIME_VIOLENT,news,1
2026-09-20,5,CRIME_VIOLENT,police,1
2026-09-20,5,DRAIN_WORKS_SAFETY,grievance,1
2026-09-20,5,ENCROACHMENT,grievance,1
2026-09-20,5,FLOOD_WATERLOGGING,grievance,1
2026-09-20,5,FLOOD_WATERLOGGING,police,3
2026-09-20,5,FLOOD_WATERLOGGING,pwd,2
2026-09-20,5,HEALTH_SERVICES,hospital,1
2026-09-20,5,PUBLIC_ORDER,police,3
2026-09-20,5,PUBLIC_WORKS,grievance,1
2026-09-20,5,ROAD_ACCIDENT,police,1
2026-09-20,5,SANITATION_TOILETS,grievance,2
2026-09-20,5,SOLID_WASTE,grievance,1
2026-09-20,5,STREETLIGHT_ELECTRICAL,grievance,2
2026-09-20,5,TRAFFIC_OBSTRUCTION,police,2
2026-09-20,5,VECTOR_DISEASE,hospital,1
2026-09-20,6,ADMIN_SERVICES,grievance,1
2026-09-20,6,BUILDING_SAFETY,pwd,1
2026-09-20,6,CRIME_PROPERTY,police,2
2026-09-20,6,DARK_SPOT_SAFETY,grievance,1
2026-09-20,6,DRAINAGE_SEWAGE,grievance,1
2026-09-20,6,DRAINAGE_SEWAGE,pwd,1
2026-09-20,6,FLOOD_WATERLOGGING,grievance,6
2026-09-20,6,FLOOD_WATERLOGGING,police,4
2026-09-20,6,FLOOD_WATERLOGGING,pwd,5
2026-09-20,6,POLICE_OTHER,police,1
2026-09-20,6,PUBLIC_ORDER,police,3
2026-09-20,6,TRAFFIC_OBSTRUCTION,police,2
2026-09-20,7,CRIME_PROPERTY,police,1
2026-09-20,7,CRIME_VIOLENT,police,1
2026-09-20,7,DRAINAGE_SEWAGE,grievance,1
2026-09-20,7,DRAIN_WORKS_SAFETY,grievance,1
2026-09-20,7,ENCROACHMENT,grievance,1
2026-09-20,7,FLOOD_WATERLOGGING,grievance,2
2026-09-20,7,FLOOD_WATERLOGGING,police,4
2026-09-20,7,FLOOD_WATERLOGGING,pwd,7
2026-09-20,7,MISSING_PERSON,police,1
2026-09-20,7,PUBLIC_ORDER,police,1
2026-09-20,7,PUBLIC_WORKS,grievance,1
2026-09-20,7,ROAD_ACCIDENT,police,3
2026-09-20,7,SOLID_WASTE,grievance,3
2026-09-20,7,TRAFFIC_OBSTRUCTION,police,1
2026-09-20,8,CRIME_PROPERTY,police,3
2026-09-20,8,CRIME_VIOLENT,police,4
2026-09-20,8,FLOOD_WATERLOGGING,police,2
2026-09-20,8,FLOOD_WATERLOGGING,pwd,5
2026-09-20,8,MISSING_PERSON,police,2
2026-09-20,8,PUBLIC_ORDER,police,1
2026-09-20,8,ROAD_ACCIDENT,police,4
2026-09-20,8,ROAD_DAMAGE,grievance,1
2026-09-20,8,SOLID_WASTE,grievance,1
2026-09-20,8,TRAFFIC_OBSTRUCTION,police,9
2026-09-20,8,VECTOR_DISEASE,news,1
2026-09-20,9,AIR_POLLUTION,grievance,1
2026-09-20,9,BUILDING_SAFETY,pwd,1
2026-09-20,9,CRIME_PROPERTY,police,5
2026-09-20,9,DRAINAGE_SEWAGE,grievance,2
2026-09-20,9,DRAIN_WORKS_SAFETY,grievance,1
2026-09-20,9,FLOOD_WATERLOGGING,grievance,3
2026-09-20,9,FLOOD_WATERLOGGING,pwd,4
2026-09-20,9,ROAD_ACCIDENT,police,1
2026-09-20,9,SOLID_WASTE,grievance,3
2026-09-20,9,STREETLIGHT_ELECTRICAL,grievance,3
2026-09-20,9,TRAFFIC_OBSTRUCTION,grievance,1
2026-09-20,9,VECTOR_DISEASE,grievance,2
2026-09-20,10,ADMIN_SERVICES,grievance,1
2026-09-20,10,CRIME_PROPERTY,police,1
2026-09-20,10,DRAINAGE_SEWAGE,grievance,3
2026-09-20,10,DRAIN_WORKS_SAFETY,grievance,1
2026-09-20,10,FLOOD_WATERLOGGING,grievance,2
2026-09-20,10,FLOOD_WATERLOGGING,pwd,3
2026-09-20,10,PUBLIC_ORDER,police,2
2026-09-20,10,ROAD_ACCIDENT,police,2
2026-09-20,10,ROAD_DAMAGE,grievance,1
2026-09-20,10,SOLID_WASTE,grievance,3
2026-09-20,10,STREETLIGHT_ELECTRICAL,grievance,2
2026-09-20,10,TRAFFIC_OBSTRUCTION,police,2
2026-09-20,11,CRIME_PROPERTY,police,1
2026-09-20,11,CRIME_VIOLENT,police,1
2026-09-20,11,DRAINAGE_SEWAGE,pwd,1
2026-09-20,11,DRAIN_WORKS_SAFETY,grievance,1
2026-09-20,11,FLOOD_RELIEF,grievance,2
2026-09-20,11,FLOOD_WATERLOGGING,grievance,2
2026-09-20,11,FLOOD_WATERLOGGING,police,2
2026-09-20,11,FLOOD_WATERLOGGING,pwd,3
2026-09-20,11,PUBLIC_ORDER,police,2
2026-09-20,11,ROAD_ACCIDENT,police,1
2026-09-20,11,STREETLIGHT_ELECTRICAL,grievance,2
2026-09-20,11,TRAFFIC_OBSTRUCTION,police,3
2026-09-20,11,WATERBODY_INFRA,pwd,1
2026-09-20,12,BUILDING_SAFETY,pwd,1
2026-09-20,12,CRIME_PROPERTY,police,2
2026-09-20,12,CRIME_VIOLENT,police,1
2026-09-20,12,DARK_SPOT_SAFETY,grievance,1
2026-09-20,12,DRAIN_WORKS_SAFETY,grievance,1
2026-09-20,12,FLOOD_WATERLOGGING,grievance,3
2026-09-20,12,FLOOD_WATERLOGGING,pwd,1
2026-09-20,12,SOLID_WASTE,grievance,3
2026-09-20,12,STREETLIGHT_ELECTRICAL,grievance,1
2026-09-20,13,BUILDING_SAFETY,pwd,1
2026-09-20,13,CRIME_PROPERTY,police,2
2026-09-20,13,CRIME_VIOLENT,police,2
2026-09-20,13,DRAINAGE_SEWAGE,pwd,1
2026-09-20,13,FLOOD_WATERLOGGING,news,1
2026-09-20,13,FLOOD_WATERLOGGING,pwd,2
2026-09-20,13,MISSING_PERSON,police,1
2026-09-20,13,SANITATION_TOILETS,grievance,1
2026-09-20,13,SOLID_WASTE,grievance,4
2026-09-20,14,ADMIN_SERVICES,grievance,2
2026-09-20,14,DRAIN_WORKS_SAFETY,grievance,1
2026-09-20,14,FLOOD_WATERLOGGING,police,1
2026-09-20,14,SOLID_WASTE,grievance,1
2026-09-20,15,AIR_POLLUTION,grievance,1
2026-09-20,15,CRIME_PROPERTY,police,1
2026-09-20,15,DRAINAGE_SEWAGE,pwd,1
2026-09-20,15,DRAIN_WORKS_SAFETY,grievance,1
2026-09-20,15,FLOOD_WATERLOGGING,grievance,3
2026-09-20,15,FLOOD_WATERLOGGING,pwd,4
2026-09-20,15,MISSING_PERSON,police,1
2026-09-20,15,WATERBODY_INFRA,pwd,1
2026-09-20,,CRIME_VIOLENT,news,1
2026-09-20,,PUBLIC_ORDER,news,1
2026-09-20,,PUBLIC_ORDER,police,1
2026-09-20,,STREETLIGHT_ELECTRICAL,news,1
2026-09-20,,VECTOR_DISEASE,news,7
2026-09-21,1,CRIME_VIOLENT,police,1
2026-09-21,1,DRAINAGE_SEWAGE,grievance,1
2026-09-21,1,ROAD_ACCIDENT,police,1
2026-09-21,1,STREETLIGHT_ELECTRICAL,grievance,1
2026-09-21,2,DARK_SPOT_SAFETY,grievance,1
2026-09-21,2,DRAIN_WORKS_SAFETY,grievance,2
2026-09-21,2,MISSING_PERSON,police,2
2026-09-21,2,ROAD_ACCIDENT,police,1
2026-09-21,2,ROAD_DAMAGE,grievance,2
2026-09-21,3,CRIME_VIOLENT,police,1
2026-09-21,3,DRAIN_WORKS_SAFETY,grievance,2
2026-09-21,3,ENCROACHMENT,pwd,1
2026-09-21,3,HEALTH_SERVICES,grievance,1
2026-09-21,3,PUBLIC_ORDER,police,1
2026-09-21,3,ROAD_ACCIDENT,police,3
2026-09-21,3,ROAD_DAMAGE,grievance,1
2026-09-21,3,SOLID_WASTE,grievance,2
2026-09-21,3,STREETLIGHT_ELECTRICAL,grievance,3
2026-09-21,3,TRAFFIC_OBSTRUCTION,grievance,1
2026-09-21,3,TREES_PARKS,grievance,2
2026-09-21,4,CRIME_VIOLENT,police,1
2026-09-21,4,DRAINAGE_SEWAGE,grievance,2
2026-09-21,4,FLOOD_WATERLOGGING,grievance,2
2026-09-21,4,FLOOD_WATERLOGGING,police,1
2026-09-21,4,FOOD_SAFETY,grievance,2
2026-09-21,4,HEALTH_SERVICES,grievance,1
2026-09-21,4,MISSING_PERSON,police,1
2026-09-21,4,PUBLIC_ORDER,police,1
2026-09-21,4,ROAD_DAMAGE,grievance,1
2026-09-21,4,SANITATION_TOILETS,grievance,1
2026-09-21,4,SOLID_WASTE,grievance,1
2026-09-21,4,STREETLIGHT_ELECTRICAL,grievance,3
2026-09-21,5,AIR_POLLUTION,grievance,1
2026-09-21,5,BUILDING_SAFETY,pwd,3
2026-09-21,5,CRIME_PROPERTY,police,1
2026-09-21,5,CRIME_VIOLENT,police,1
2026-09-21,5,DRAINAGE_SEWAGE,grievance,4
2026-09-21,5,DRAIN_WORKS_SAFETY,grievance,4
2026-09-21,5,FLOOD_WATERLOGGING,grievance,1
2026-09-21,5,FLOOD_WATERLOGGING,pwd,1
2026-09-21,5,FOOD_SAFETY,grievance,2
2026-09-21,5,OTHER,grievance,1
2026-09-21,5,POLICE_OTHER,police,1
2026-09-21,5,ROAD_ACCIDENT,police,1
2026-09-21,5,ROAD_DAMAGE,grievance,1
2026-09-21,5,SANITATION_TOILETS,grievance,1
2026-09-21,5,SOLID_WASTE,grievance,2
2026-09-21,5,STREETLIGHT_ELECTRICAL,grievance,5
2026-09-21,5,TREES_PARKS,grievance,1
2026-09-21,5,VECTOR_DISEASE,hospital,1
2026-09-21,6,CRIME_VIOLENT,police,1
2026-09-21,6,DARK_SPOT_SAFETY,grievance,1
2026-09-21,6,DRAINAGE_SEWAGE,pwd,2
2026-09-21,6,ENCROACHMENT,pwd,1
2026-09-21,6,FLOOD_WATERLOGGING,police,2
2026-09-21,6,MISSING_PERSON,police,1
2026-09-21,6,POLICE_OTHER,police,1
2026-09-21,6,ROAD_DAMAGE,grievance,1
2026-09-21,6,STREETLIGHT_ELECTRICAL,grievance,1
2026-09-21,7,ADMIN_SERVICES,grievance,1
2026-09-21,7,AIR_POLLUTION,grievance,1
2026-09-21,7,CRIME_VIOLENT,police,1
2026-09-21,7,ENCROACHMENT,news,1
2026-09-21,7,FLOOD_WATERLOGGING,police,1
2026-09-21,7,FLOOD_WATERLOGGING,pwd,1
2026-09-21,7,PUBLIC_ORDER,police,1
2026-09-21,7,PUBLIC_WORKS,grievance,1
2026-09-21,7,ROAD_DAMAGE,grievance,1
2026-09-21,7,SANITATION_TOILETS,grievance,1
2026-09-21,7,STREETLIGHT_ELECTRICAL,grievance,1
2026-09-21,7,TREES_PARKS,grievance,1
2026-09-21,8,CRIME_PROPERTY,police,3
2026-09-21,8,CRIME_VIOLENT,police,3
2026-09-21,8,DRAINAGE_SEWAGE,grievance,3
2026-09-21,8,DRAIN_WORKS_SAFETY,grievance,2
2026-09-21,8,ENCROACHMENT,grievance,1
2026-09-21,8,FLOOD_WATERLOGGING,grievance,2
2026-09-21,8,FLOOD_WATERLOGGING,pwd,2
2026-09-21,8,ROAD_DAMAGE,grievance,1
2026-09-21,8,SOLID_WASTE,grievance,3
2026-09-21,8,STREETLIGHT_ELECTRICAL,grievance,1
2026-09-21,8,TRAFFIC_OBSTRUCTION,police,2
2026-09-21,9,ADMIN_SERVICES,grievance,1
2026-09-21,9,CRIME_PROPERTY,police,3
2026-09-21,9,CRIME_VIOLENT,news,2
2026-09-21,9,CRIME_VIOLENT,police,2
2026-09-21,9,DRAINAGE_SEWAGE,grievance,2
2026-09-21,9,DRAINAGE_SEWAGE,pwd,1
2026-09-21,9,DRAIN_WORKS_SAFETY,grievance,1
2026-09-21,9,FLOOD_WATERLOGGING,grievance,1
2026-09-21,9,FLOOD_WATERLOGGING,police,1
2026-09-21,9,FOOD_SAFETY,grievance,1
2026-09-21,9,PUBLIC_ORDER,grievance,1
2026-09-21,9,SANITATION_TOILETS,grievance,1
2026-09-21,9,SOLID_WASTE,grievance,3
2026-09-21,9,STREETLIGHT_ELECTRICAL,grievance,6
2026-09-21,9,TRAFFIC_OBSTRUCTION,police,1
2026-09-21,9,VECTOR_DISEASE,grievance,2
2026-09-21,9,VECTOR_DISEASE,news,1
2026-09-21,10,ADMIN_SERVICES,grievance,1
2026-09-21,10,CRIME_PROPERTY,police,1
2026-09-21,10,CRIME_VIOLENT,police,1
2026-09-21,10,DRAINAGE_SEWAGE,grievance,3
2026-09-21,10,DRAIN_WORKS_SAFETY,grievance,3
2026-09-21,10,FLOOD_WATERLOGGING,grievance,1
2026-09-21,10,PUBLIC_ORDER,police,1
2026-09-21,10,ROAD_ACCIDENT,police,1
2026-09-21,10,ROAD_DAMAGE,grievance,1
2026-09-21,10,SOLID_WASTE,grievance,4
2026-09-21,10,STREETLIGHT_ELECTRICAL,grievance,1
2026-09-21,11,CRIME_VIOLENT,police,1
2026-09-21,11,DRAINAGE_SEWAGE,grievance,3
2026-09-21,11,DRAIN_WORKS_SAFETY,grievance,1
2026-09-21,11,ENCROACHMENT,pwd,1
2026-09-21,11,FLOOD_WATERLOGGING,grievance,2
2026-09-21,11,SOLID_WASTE,grievance,4
2026-09-21,11,STREETLIGHT_ELECTRICAL,grievance,4
2026-09-21,11,TRAFFIC_OBSTRUCTION,police,2
2026-09-21,12,CRIME_PROPERTY,police,2
2026-09-21,12,DRAINAGE_SEWAGE,pwd,1
2026-09-21,12,ROAD_ACCIDENT,police,3
2026-09-21,12,ROAD_DAMAGE,grievance,1
2026-09-21,12,STREETLIGHT_ELECTRICAL,grievance,1
2026-09-21,12,TRAFFIC_OBSTRUCTION,police,1
2026-09-21,12,TREES_PARKS,grievance,1
2026-09-21,13,CRIME_PROPERTY,police,2
2026-09-21,13,DRAINAGE_SEWAGE,grievance,2
2026-09-21,13,DRAIN_WORKS_SAFETY,grievance,1
2026-09-21,13,ENCROACHMENT,pwd,1
2026-09-21,13,FLOOD_WATERLOGGING,grievance,1
2026-09-21,13,FOOD_SAFETY,grievance,1
2026-09-21,13,POLICE_OTHER,police,1
2026-09-21,13,ROAD_ACCIDENT,police,1
2026-09-21,13,SOLID_WASTE,grievance,2
2026-09-21,13,STREETLIGHT_ELECTRICAL,grievance,1
2026-09-21,14,CRIME_VIOLENT,police,2
2026-09-21,14,DRAINAGE_SEWAGE,grievance,1
2026-09-21,14,DRAIN_WORKS_SAFETY,grievance,1
2026-09-21,14,FLOOD_WATERLOGGING,grievance,3
2026-09-21,14,SOLID_WASTE,grievance,3
2026-09-21,15,CRIME_PROPERTY,police,4
2026-09-21,15,DRAINAGE_SEWAGE,grievance,3
2026-09-21,15,DRAINAGE_SEWAGE,pwd,1
2026-09-21,15,ENCROACHMENT,pwd,2
2026-09-21,15,FLOOD_WATERLOGGING,pwd,1
2026-09-21,15,PUBLIC_ORDER,police,1
2026-09-21,,CRIME_VIOLENT,news,4
2026-09-21,,FLOOD_RISK_SIGNAL,news,1
2026-09-21,,FLOOD_WATERLOGGING,news,1
2026-09-21,,ROAD_ACCIDENT,news,1
2026-09-21,,ROAD_DAMAGE,news,1
2026-09-21,,SOLID_WASTE,news,1
2026-09-21,,STRAY_ANIMALS,news,1
2026-09-21,,VECTOR_DISEASE,news,12
2026-09-21,,WATER_SUPPLY,news,1
2026-09-22,1,CRIME_PROPERTY,police,1
2026-09-22,1,DRAINAGE_SEWAGE,grievance,2
2026-09-22,1,FLOOD_RELIEF,grievance,2
2026-09-22,1,PUBLIC_ORDER,police,1
2026-09-22,1,PUBLIC_WORKS,grievance,2
2026-09-22,1,ROAD_DAMAGE,grievance,1
2026-09-22,1,SOLID_WASTE,grievance,1
2026-09-22,1,STREETLIGHT_ELECTRICAL,grievance,1
2026-09-22,1,TRAFFIC_OBSTRUCTION,police,1
2026-09-22,2,CRIME_PROPERTY,police,1
2026-09-22,2,CRIME_VIOLENT,police,1
2026-09-22,2,FLOOD_WATERLOGGING,police,1
2026-09-22,2,MISSING_PERSON,police,1
2026-09-22,2,ROAD_ACCIDENT,police,1
2026-09-22,2,ROAD_DAMAGE,grievance,1
2026-09-22,3,ADMIN_SERVICES,grievance,1
2026-09-22,3,CRIME_PROPERTY,police,1
2026-09-22,3,HEALTH_SERVICES,grievance,2
2026-09-22,3,PUBLIC_ORDER,police,1
2026-09-22,3,ROAD_DAMAGE,grievance,1
2026-09-22,3,SOLID_WASTE,grievance,5
2026-09-22,3,STREETLIGHT_ELECTRICAL,grievance,1
2026-09-22,3,TRAFFIC_OBSTRUCTION,grievance,1
2026-09-22,4,BUILDING_SAFETY,pwd,1
2026-09-22,4,CIVIC_FACILITIES,grievance,1
2026-09-22,4,CRIME_PROPERTY,police,4
2026-09-22,4,CRIME_VIOLENT,police,4
2026-09-22,4,DRAINAGE_SEWAGE,grievance,2
2026-09-22,4,DRAIN_WORKS_SAFETY,grievance,1
2026-09-22,4,FLOOD_WATERLOGGING,grievance,1
2026-09-22,4,FLOOD_WATERLOGGING,pwd,1
2026-09-22,4,PUBLIC_WORKS,grievance,1
2026-09-22,4,ROAD_ACCIDENT,police,1
2026-09-22,4,STREETLIGHT_ELECTRICAL,grievance,1
2026-09-22,5,BUILDING_SAFETY,news,1
2026-09-22,5,BUILDING_SAFETY,pwd,1
2026-09-22,5,CRIME_VIOLENT,police,1
2026-09-22,5,DRAINAGE_SEWAGE,grievance,3
2026-09-22,5,DRAIN_WORKS_SAFETY,grievance,2
2026-09-22,5,FLOOD_WATERLOGGING,grievance,2
2026-09-22,5,HEALTH_SERVICES,grievance,1
2026-09-22,5,HEALTH_SERVICES,hospital,1
2026-09-22,5,OTHER,grievance,1
2026-09-22,5,PUBLIC_ORDER,police,1
2026-09-22,5,ROAD_ACCIDENT,police,1
2026-09-22,5,ROAD_DAMAGE,grievance,1
2026-09-22,5,STREETLIGHT_ELECTRICAL,grievance,6
2026-09-22,5,VECTOR_DISEASE,hospital,1
2026-09-22,6,CRIME_PROPERTY,police,2
2026-09-22,6,CRIME_VIOLENT,news,1
2026-09-22,6,DRAIN_WORKS_SAFETY,grievance,3
2026-09-22,6,FOOD_SAFETY,grievance,1
2026-09-22,6,MISSING_PERSON,police,1
2026-09-22,6,OTHER,grievance,1
2026-09-22,6,POLICE_OTHER,police,1
2026-09-22,6,PUBLIC_ORDER,police,2
2026-09-22,6,PUBLIC_WORKS,grievance,1
2026-09-22,6,ROAD_ACCIDENT,police,1
2026-09-22,6,ROAD_DAMAGE,grievance,1
2026-09-22,6,SOLID_WASTE,grievance,2
2026-09-22,6,TRAFFIC_OBSTRUCTION,police,2
2026-09-22,6,VECTOR_DISEASE,grievance,1
2026-09-22,7,ADMIN_SERVICES,grievance,1
2026-09-22,7,CRIME_PROPERTY,police,2
2026-09-22,7,CRIME_VIOLENT,police,1
2026-09-22,7,ENCROACHMENT,grievance,1
2026-09-22,7,ROAD_DAMAGE,grievance,2
2026-09-22,7,SANITATION_TOILETS,grievance,1
2026-09-22,7,SOLID_WASTE,grievance,3
2026-09-22,7,STREETLIGHT_ELECTRICAL,grievance,1
2026-09-22,7,WATERBODY_INFRA,pwd,1
2026-09-22,8,ADMIN_SERVICES,grievance,1
2026-09-22,8,CRIME_PROPERTY,police,2
2026-09-22,8,CRIME_VIOLENT,police,3
2026-09-22,8,DRAINAGE_SEWAGE,grievance,1
2026-09-22,8,DRUGS_LIQUOR,police,1
2026-09-22,8,POLICE_OTHER,police,1
2026-09-22,8,ROAD_DAMAGE,grievance,3
2026-09-22,8,SOLID_WASTE,grievance,1
2026-09-22,8,TRAFFIC_OBSTRUCTION,police,3
2026-09-22,9,CRIME_PROPERTY,police,2
2026-09-22,9,CRIME_VIOLENT,news,3
2026-09-22,9,CRIME_VIOLENT,police,2
2026-09-22,9,DRAINAGE_SEWAGE,grievance,1
2026-09-22,9,FLOOD_WATERLOGGING,grievance,1
2026-09-22,9,FOOD_SAFETY,grievance,1
2026-09-22,9,HEALTH_SERVICES,grievance,1
2026-09-22,9,PUBLIC_WORKS,grievance,1
2026-09-22,9,ROAD_ACCIDENT,police,1
2026-09-22,9,ROAD_DAMAGE,grievance,2
2026-09-22,9,ROAD_DAMAGE,pwd,2
2026-09-22,9,SOLID_WASTE,grievance,2
2026-09-22,9,STREETLIGHT_ELECTRICAL,grievance,3
2026-09-22,10,BUILDING_SAFETY,pwd,3
2026-09-22,10,CRIME_PROPERTY,police,2
2026-09-22,10,DARK_SPOT_SAFETY,grievance,1
2026-09-22,10,DRAINAGE_SEWAGE,grievance,4
2026-09-22,10,DRAIN_WORKS_SAFETY,grievance,3
2026-09-22,10,ENCROACHMENT,grievance,1
2026-09-22,10,FLOOD_WATERLOGGING,grievance,2
2026-09-22,10,PUBLIC_ORDER,police,2
2026-09-22,10,ROAD_ACCIDENT,police,1
2026-09-22,10,ROAD_DAMAGE,grievance,2
2026-09-22,10,SANITATION_TOILETS,grievance,1
2026-09-22,10,STRAY_ANIMALS,news,1
2026-09-22,10,STREETLIGHT_ELECTRICAL,grievance,1
2026-09-22,11,CRIME_PROPERTY,police,3
2026-09-22,11,CRIME_VIOLENT,news,1
2026-09-22,11,DRAINAGE_SEWAGE,grievance,2
2026-09-22,11,DRAIN_WORKS_SAFETY,grievance,3
2026-09-22,11,FOOD_SAFETY,grievance,1
2026-09-22,11,ROAD_ACCIDENT,police,1
2026-09-22,11,ROAD_DAMAGE,grievance,1
2026-09-22,11,SOLID_WASTE,grievance,3
2026-09-22,11,STREETLIGHT_ELECTRICAL,grievance,3
2026-09-22,11,TREES_PARKS,grievance,1
2026-09-22,12,CRIME_PROPERTY,police,1
2026-09-22,12,DARK_SPOT_SAFETY,grievance,2
2026-09-22,12,DRAINAGE_SEWAGE,grievance,2
2026-09-22,12,DRAIN_WORKS_SAFETY,grievance,1
2026-09-22,12,FLOOD_WATERLOGGING,pwd,1
2026-09-22,12,HEALTH_SERVICES,grievance,1
2026-09-22,12,OTHER,grievance,1
2026-09-22,12,PUBLIC_ORDER,police,1
2026-09-22,12,ROAD_ACCIDENT,police,2
2026-09-22,12,ROAD_DAMAGE,grievance,1
2026-09-22,12,SOLID_WASTE,grievance,1
2026-09-22,12,STREETLIGHT_ELECTRICAL,grievance,1
2026-09-22,12,TRAFFIC_OBSTRUCTION,police,1
2026-09-22,13,DARK_SPOT_SAFETY,grievance,1
2026-09-22,13,DRAINAGE_SEWAGE,grievance,2
2026-09-22,13,DRUGS_LIQUOR,police,2
2026-09-22,13,FLOOD_WATERLOGGING,grievance,2
2026-09-22,13,FLOOD_WATERLOGGING,pwd,1
2026-09-22,13,PUBLIC_ORDER,police,1
2026-09-22,13,ROAD_ACCIDENT,police,1
2026-09-22,13,SOLID_WASTE,grievance,1
2026-09-22,14,CRIME_PROPERTY,police,1
2026-09-22,14,DRAINAGE_SEWAGE,grievance,1
2026-09-22,14,DRAIN_WORKS_SAFETY,grievance,3
2026-09-22,14,FLOOD_WATERLOGGING,grievance,1
2026-09-22,14,ROAD_DAMAGE,grievance,2
2026-09-22,14,STREETLIGHT_ELECTRICAL,grievance,2
2026-09-22,15,CRIME_PROPERTY,police,2
2026-09-22,15,DRAINAGE_SEWAGE,grievance,1
2026-09-22,15,FLOOD_WATERLOGGING,grievance,2
2026-09-22,15,MISSING_PERSON,police,2
2026-09-22,15,OTHER,grievance,1
2026-09-22,15,ROAD_DAMAGE,grievance,1
2026-09-22,15,SANITATION_TOILETS,grievance,1
2026-09-22,15,SOLID_WASTE,grievance,2
2026-09-22,15,STREETLIGHT_ELECTRICAL,grievance,1
2026-09-22,15,TREES_PARKS,grievance,1
2026-09-22,,DRAINAGE_SEWAGE,news,3
2026-09-22,,ROAD_ACCIDENT,news,1
2026-09-22,,STRAY_ANIMALS,news,2
2026-09-22,,STREETLIGHT_ELECTRICAL,news,1
2026-09-22,,VECTOR_DISEASE,news,13
2026-09-22,,WATER_SUPPLY,news,1
2026-09-23,1,CRIME_PROPERTY,police,1
2026-09-23,1,MISSING_PERSON,police,1
2026-09-23,1,PUBLIC_ORDER,police,3
2026-09-23,1,ROAD_DAMAGE,pwd,1
2026-09-23,1,SANITATION_TOILETS,grievance,1
2026-09-23,1,SOLID_WASTE,grievance,1
2026-09-23,1,TRAFFIC_OBSTRUCTION,grievance,1
2026-09-23,1,TRAFFIC_OBSTRUCTION,police,2
2026-09-23,2,ADMIN_SERVICES,grievance,1
2026-09-23,2,CRIME_VIOLENT,police,1
2026-09-23,2,FLOOD_WATERLOGGING,grievance,1
2026-09-23,2,PUBLIC_ORDER,police,1
2026-09-23,3,CRIME_PROPERTY,police,2
2026-09-23,3,CRIME_VIOLENT,news,2
2026-09-23,3,ENCROACHMENT,pwd,1
2026-09-23,3,FOOD_SAFETY,grievance,1
2026-09-23,3,SOLID_WASTE,grievance,3
2026-09-23,3,STREETLIGHT_ELECTRICAL,grievance,1
2026-09-23,4,FLOOD_RELIEF,grievance,1
2026-09-23,4,FLOOD_WATERLOGGING,grievance,1
2026-09-23,4,MISSING_PERSON,police,1
2026-09-23,4,PUBLIC_ORDER,police,1
2026-09-23,4,ROAD_ACCIDENT,police,3
2026-09-23,4,SANITATION_TOILETS,grievance,1
2026-09-23,4,SOLID_WASTE,grievance,2
2026-09-23,4,VECTOR_DISEASE,grievance,1
2026-09-23,5,BUILDING_SAFETY,pwd,2
2026-09-23,5,CRIME_PROPERTY,police,1
2026-09-23,5,DRAIN_WORKS_SAFETY,grievance,1
2026-09-23,5,FLOOD_WATERLOGGING,grievance,1
2026-09-23,5,FOOD_SAFETY,grievance,1
2026-09-23,5,PUBLIC_ORDER,police,2
2026-09-23,5,ROAD_DAMAGE,grievance,1
2026-09-23,5,SANITATION_TOILETS,grievance,1
2026-09-23,5,STREETLIGHT_ELECTRICAL,grievance,1
2026-09-23,5,TRAFFIC_OBSTRUCTION,police,1
2026-09-23,5,TREES_PARKS,grievance,1
2026-09-23,6,ADMIN_SERVICES,grievance,1
2026-09-23,6,CRIME_PROPERTY,police,4
2026-09-23,6,CRIME_VIOLENT,police,2
2026-09-23,6,FLOOD_WATERLOGGING,grievance,1
2026-09-23,6,PUBLIC_ORDER,police,4
2026-09-23,6,ROAD_DAMAGE,grievance,1
2026-09-23,6,SOLID_WASTE,grievance,3
2026-09-23,6,STRAY_ANIMALS,grievance,1
2026-09-23,6,TRAFFIC_OBSTRUCTION,police,2
2026-09-23,6,TREES_PARKS,grievance,1
2026-09-23,7,ADMIN_SERVICES,grievance,2
2026-09-23,7,CRIME_PROPERTY,police,1
2026-09-23,7,FLOOD_RELIEF,grievance,1
2026-09-23,7,FOOD_SAFETY,grievance,1
2026-09-23,7,PUBLIC_WORKS,grievance,1
2026-09-23,7,ROAD_ACCIDENT,police,1
2026-09-23,7,ROAD_DAMAGE,grievance,1
2026-09-23,7,STREETLIGHT_ELECTRICAL,grievance,1
2026-09-23,8,BUILDING_SAFETY,pwd,1
2026-09-23,8,CRIME_PROPERTY,police,3
2026-09-23,8,CRIME_VIOLENT,police,4
2026-09-23,8,DRAINAGE_SEWAGE,grievance,2
2026-09-23,8,DRAINAGE_SEWAGE,pwd,1
2026-09-23,8,ENCROACHMENT,pwd,1
2026-09-23,8,FLOOD_WATERLOGGING,grievance,1
2026-09-23,8,MISSING_PERSON,police,1
2026-09-23,8,PUBLIC_WORKS,grievance,2
2026-09-23,8,SOLID_WASTE,grievance,2
2026-09-23,8,STREETLIGHT_ELECTRICAL,grievance,2
2026-09-23,8,TRAFFIC_OBSTRUCTION,police,1
2026-09-23,9,AIR_POLLUTION,grievance,1
2026-09-23,9,BUILDING_SAFETY,pwd,3
2026-09-23,9,DRAIN_WORKS_SAFETY,grievance,1
2026-09-23,9,OTHER,grievance,1
2026-09-23,9,PUBLIC_ORDER,police,1
2026-09-23,9,ROAD_ACCIDENT,police,1
2026-09-23,9,SANITATION_TOILETS,grievance,1
2026-09-23,9,SOLID_WASTE,grievance,1
2026-09-23,9,STREETLIGHT_ELECTRICAL,grievance,1
2026-09-23,9,VECTOR_DISEASE,grievance,3
2026-09-23,10,DRAINAGE_SEWAGE,pwd,1
2026-09-23,10,PUBLIC_ORDER,grievance,1
2026-09-23,10,ROAD_ACCIDENT,police,1
2026-09-23,10,ROAD_DAMAGE,grievance,2
2026-09-23,10,STREETLIGHT_ELECTRICAL,grievance,1
2026-09-23,10,TRAFFIC_OBSTRUCTION,police,2
2026-09-23,10,TREES_PARKS,grievance,2
2026-09-23,11,FLOOD_WATERLOGGING,pwd,1
2026-09-23,11,OTHER,grievance,1
2026-09-23,11,PUBLIC_ORDER,police,1
2026-09-23,11,ROAD_ACCIDENT,police,3
2026-09-23,12,CRIME_PROPERTY,police,1
2026-09-23,12,DARK_SPOT_SAFETY,grievance,2
2026-09-23,12,DRUGS_LIQUOR,police,1
2026-09-23,12,FLOOD_WATERLOGGING,grievance,1
2026-09-23,12,HEALTH_SERVICES,grievance,1
2026-09-23,12,PUBLIC_ORDER,police,1
2026-09-23,12,SOLID_WASTE,grievance,1
2026-09-23,12,STREETLIGHT_ELECTRICAL,grievance,1
2026-09-23,12,TRAFFIC_OBSTRUCTION,police,1
2026-09-23,12,TREES_PARKS,grievance,2
2026-09-23,13,CRIME_PROPERTY,news,1
2026-09-23,13,CRIME_PROPERTY,police,4
2026-09-23,13,DRAIN_WORKS_SAFETY,grievance,1
2026-09-23,13,FLOOD_RELIEF,grievance,2
2026-09-23,13,FLOOD_WATERLOGGING,grievance,1
2026-09-23,13,FLOOD_WATERLOGGING,pwd,1
2026-09-23,13,PUBLIC_ORDER,police,3
2026-09-23,13,PUBLIC_WORKS,grievance,1
2026-09-23,13,ROAD_ACCIDENT,news,1
2026-09-23,13,ROAD_ACCIDENT,police,2
2026-09-23,13,ROAD_DAMAGE,grievance,1
2026-09-23,13,SOLID_WASTE,grievance,3
2026-09-23,13,STRAY_ANIMALS,grievance,1
2026-09-23,13,STREETLIGHT_ELECTRICAL,grievance,1
2026-09-23,13,VECTOR_DISEASE,grievance,1
2026-09-23,14,CRIME_VIOLENT,police,1
2026-09-23,14,DRAIN_WORKS_SAFETY,grievance,1
2026-09-23,14,ROAD_ACCIDENT,police,1
2026-09-23,14,ROAD_DAMAGE,grievance,1
2026-09-23,15,CRIME_PROPERTY,police,4
2026-09-23,15,DRAINAGE_SEWAGE,grievance,1
2026-09-23,15,ENCROACHMENT,pwd,1
2026-09-23,15,OTHER,grievance,1
2026-09-23,15,PUBLIC_ORDER,police,1
2026-09-23,15,SANITATION_TOILETS,grievance,2
2026-09-23,15,SOLID_WASTE,grievance,1
2026-09-23,15,VECTOR_DISEASE,grievance,1
2026-09-23,,BUILDING_SAFETY,news,2
2026-09-23,,CRIME_PROPERTY,news,1
2026-09-23,,CRIME_VIOLENT,news,1
2026-09-23,,DRAINAGE_SEWAGE,news,1
2026-09-23,,FLOOD_RISK_SIGNAL,news,1
2026-09-23,,PUBLIC_ORDER,news,1
2026-09-23,,ROAD_ACCIDENT,news,2
2026-09-23,,STREETLIGHT_ELECTRICAL,news,3
2026-09-23,,VECTOR_DISEASE,news,1
2026-09-23,,WATER_SUPPLY,news,1
2026-09-24,1,CIVIC_FACILITIES,grievance,1
2026-09-24,1,CRIME_PROPERTY,police,1
2026-09-24,1,PUBLIC_ORDER,police,1
2026-09-24,1,ROAD_ACCIDENT,police,1
2026-09-24,1,ROAD_DAMAGE,grievance,1
2026-09-24,1,SOLID_WASTE,grievance,1
2026-09-24,1,STREETLIGHT_ELECTRICAL,grievance,1
2026-09-24,2,ADMIN_SERVICES,grievance,1
2026-09-24,3,CRIME_VIOLENT,police,2
2026-09-24,3,DRAINAGE_SEWAGE,grievance,1
2026-09-24,3,MISSING_PERSON,police,1
2026-09-24,3,PUBLIC_ORDER,police,2
2026-09-24,3,SOLID_WASTE,grievance,1
2026-09-24,3,TRAFFIC_OBSTRUCTION,police,1
2026-09-24,4,ADMIN_SERVICES,grievance,1
2026-09-24,4,BUILDING_SAFETY,pwd,1
2026-09-24,4,CRIME_PROPERTY,police,4
2026-09-24,4,DARK_SPOT_SAFETY,grievance,2
2026-09-24,4,PUBLIC_ORDER,police,2
2026-09-24,4,PUBLIC_WORKS,grievance,1
2026-09-24,4,ROAD_ACCIDENT,police,1
2026-09-24,4,ROAD_DAMAGE,grievance,1
2026-09-24,4,SANITATION_TOILETS,grievance,1
2026-09-24,4,SOLID_WASTE,grievance,1
2026-09-24,4,STREETLIGHT_ELECTRICAL,grievance,1
2026-09-24,5,ADMIN_SERVICES,grievance,1
2026-09-24,5,AIR_POLLUTION,grievance,2
2026-09-24,5,BUILDING_SAFETY,pwd,1
2026-09-24,5,CRIME_PROPERTY,police,1
2026-09-24,5,DRAIN_WORKS_SAFETY,grievance,1
2026-09-24,5,FOOD_SAFETY,grievance,1
2026-09-24,5,HEALTH_SERVICES,hospital,1
2026-09-24,5,MISSING_PERSON,police,1
2026-09-24,5,PUBLIC_ORDER,police,1
2026-09-24,5,ROAD_ACCIDENT,police,2
2026-09-24,5,ROAD_DAMAGE,grievance,3
2026-09-24,5,SOLID_WASTE,grievance,1
2026-09-24,5,STREETLIGHT_ELECTRICAL,grievance,2
2026-09-24,5,TREES_PARKS,grievance,1
2026-09-24,5,WATER_SUPPLY,news,1
2026-09-24,6,BUILDING_SAFETY,news,1
2026-09-24,6,CRIME_PROPERTY,police,1
2026-09-24,6,DRAINAGE_SEWAGE,pwd,3
2026-09-24,6,MISSING_PERSON,police,2
2026-09-24,6,ROAD_ACCIDENT,police,2
2026-09-24,7,AIR_POLLUTION,grievance,1
2026-09-24,7,DRAINAGE_SEWAGE,grievance,1
2026-09-24,7,DRAIN_WORKS_SAFETY,grievance,2
2026-09-24,7,OTHER,grievance,1
2026-09-24,7,PUBLIC_ORDER,police,2
2026-09-24,7,SANITATION_TOILETS,grievance,1
2026-09-24,7,TREES_PARKS,grievance,1
2026-09-24,7,WATERBODY_INFRA,pwd,1
2026-09-24,8,CRIME_VIOLENT,police,1
2026-09-24,8,DRAINAGE_SEWAGE,pwd,1
2026-09-24,8,DRAIN_WORKS_SAFETY,grievance,1
2026-09-24,8,FLOOD_WATERLOGGING,grievance,1
2026-09-24,8,OTHER,grievance,1
2026-09-24,8,ROAD_ACCIDENT,police,2
2026-09-24,8,SANITATION_TOILETS,grievance,1
2026-09-24,8,SOLID_WASTE,grievance,3
2026-09-24,8,STRAY_ANIMALS,grievance,1
2026-09-24,8,STREETLIGHT_ELECTRICAL,grievance,2
2026-09-24,9,CRIME_VIOLENT,police,2
2026-09-24,9,DRAINAGE_SEWAGE,grievance,2
2026-09-24,9,ENCROACHMENT,pwd,1
2026-09-24,9,HEALTH_SERVICES,grievance,1
2026-09-24,9,OTHER,grievance,2
2026-09-24,9,ROAD_DAMAGE,grievance,2
2026-09-24,9,STREETLIGHT_ELECTRICAL,grievance,1
2026-09-24,9,TRAFFIC_OBSTRUCTION,news,1
2026-09-24,9,TRAFFIC_OBSTRUCTION,police,1
2026-09-24,9,VECTOR_DISEASE,grievance,1
2026-09-24,9,VECTOR_DISEASE,news,1
2026-09-24,10,CRIME_PROPERTY,police,2
2026-09-24,10,CRIME_VIOLENT,police,3
2026-09-24,10,FLOOD_WATERLOGGING,grievance,1
2026-09-24,10,HEALTH_SERVICES,grievance,1
2026-09-24,10,PUBLIC_ORDER,police,1
2026-09-24,10,ROAD_DAMAGE,grievance,2
2026-09-24,10,SANITATION_TOILETS,grievance,1
2026-09-24,10,STREETLIGHT_ELECTRICAL,grievance,2
2026-09-24,10,TRAFFIC_OBSTRUCTION,police,1
2026-09-24,10,VECTOR_DISEASE,grievance,1
2026-09-24,11,CRIME_VIOLENT,news,2
2026-09-24,11,MISSING_PERSON,police,1
2026-09-24,11,ROAD_DAMAGE,grievance,1
2026-09-24,11,SANITATION_TOILETS,grievance,1
2026-09-24,11,SOLID_WASTE,grievance,1
2026-09-24,11,STRAY_ANIMALS,grievance,1
2026-09-24,11,STREETLIGHT_ELECTRICAL,grievance,1
2026-09-24,11,TRAFFIC_OBSTRUCTION,police,1
2026-09-24,12,ADMIN_SERVICES,grievance,1
2026-09-24,12,CRIME_PROPERTY,police,1
2026-09-24,12,ENCROACHMENT,grievance,1
2026-09-24,12,FLOOD_WATERLOGGING,grievance,1
2026-09-24,12,OTHER,grievance,2
2026-09-24,12,PUBLIC_WORKS,grievance,1
2026-09-24,12,ROAD_ACCIDENT,police,1
2026-09-24,12,SANITATION_TOILETS,grievance,1
2026-09-24,12,SOLID_WASTE,grievance,1
2026-09-24,13,BUILDING_SAFETY,pwd,1
2026-09-24,13,CRIME_PROPERTY,police,1
2026-09-24,13,CRIME_VIOLENT,police,4
2026-09-24,13,DRAINAGE_SEWAGE,news,1
2026-09-24,13,DRAIN_WORKS_SAFETY,grievance,1
2026-09-24,13,FLOOD_RELIEF,news,1
2026-09-24,13,FLOOD_WATERLOGGING,pwd,1
2026-09-24,13,OTHER,pwd,2
2026-09-24,13,POLICE_OTHER,police,1
2026-09-24,13,PUBLIC_ORDER,police,3
2026-09-24,13,ROAD_ACCIDENT,police,1
2026-09-24,13,ROAD_DAMAGE,pwd,1
2026-09-24,13,SOLID_WASTE,grievance,1
2026-09-24,13,STRAY_ANIMALS,police,1
2026-09-24,13,TRAFFIC_OBSTRUCTION,grievance,1
2026-09-24,14,DRUGS_LIQUOR,police,1
2026-09-24,14,ROAD_ACCIDENT,police,2
2026-09-24,14,SOLID_WASTE,grievance,1
2026-09-24,14,STREETLIGHT_ELECTRICAL,grievance,2
2026-09-24,15,AIR_POLLUTION,grievance,1
2026-09-24,15,BUILDING_SAFETY,pwd,1
2026-09-24,15,CRIME_PROPERTY,police,1
2026-09-24,15,CRIME_VIOLENT,police,1
2026-09-24,15,DRAINAGE_SEWAGE,pwd,1
2026-09-24,15,PUBLIC_WORKS,grievance,1
2026-09-24,15,ROAD_ACCIDENT,police,2
2026-09-24,15,STREETLIGHT_ELECTRICAL,grievance,1
2026-09-24,,CRIME_VIOLENT,news,1
2026-09-24,,DRAINAGE_SEWAGE,news,1
2026-09-24,,ROAD_ACCIDENT,news,2
2026-09-24,,STRAY_ANIMALS,news,1
2026-09-24,,VECTOR_DISEASE,news,3
2026-09-25,1,DRAINAGE_SEWAGE,grievance,1
2026-09-25,1,DRAIN_WORKS_SAFETY,grievance,1
2026-09-25,1,FLOOD_WATERLOGGING,grievance,1
2026-09-25,1,MISSING_PERSON,police,1
2026-09-25,1,OTHER,grievance,1
2026-09-25,1,ROAD_ACCIDENT,police,1
2026-09-25,1,SOLID_WASTE,grievance,1
2026-09-25,1,TREES_PARKS,grievance,1
2026-09-25,2,ADMIN_SERVICES,grievance,1
2026-09-25,2,SOLID_WASTE,grievance,1
2026-09-25,3,ADMIN_SERVICES,grievance,1
2026-09-25,3,CRIME_PROPERTY,police,1
2026-09-25,3,CRIME_VIOLENT,police,2
2026-09-25,3,DRAINAGE_SEWAGE,grievance,1
2026-09-25,3,MISSING_PERSON,police,1
2026-09-25,3,ROAD_DAMAGE,grievance,1
2026-09-25,3,SOLID_WASTE,grievance,2
2026-09-25,3,VECTOR_DISEASE,grievance,1
2026-09-25,4,ADMIN_SERVICES,grievance,2
2026-09-25,4,CRIME_PROPERTY,police,3
2026-09-25,4,FLOOD_WATERLOGGING,grievance,2
2026-09-25,4,ROAD_ACCIDENT,police,1
2026-09-25,4,ROAD_DAMAGE,grievance,1
2026-09-25,4,STRAY_ANIMALS,grievance,1
2026-09-25,4,STREETLIGHT_ELECTRICAL,grievance,3
2026-09-25,5,CRIME_PROPERTY,police,2
2026-09-25,5,CRIME_VIOLENT,police,1
2026-09-25,5,DARK_SPOT_SAFETY,grievance,1
2026-09-25,5,HEALTH_SERVICES,grievance,1
2026-09-25,5,PUBLIC_ORDER,police,2
2026-09-25,5,PUBLIC_WORKS,grievance,1
2026-09-25,5,ROAD_ACCIDENT,police,2
2026-09-25,5,ROAD_DAMAGE,grievance,2
2026-09-25,5,SOLID_WASTE,grievance,2
2026-09-25,5,STRAY_ANIMALS,grievance,3
2026-09-25,5,STREETLIGHT_ELECTRICAL,grievance,1
2026-09-25,6,ADMIN_SERVICES,grievance,1
2026-09-25,6,CRIME_PROPERTY,police,2
2026-09-25,6,CRIME_VIOLENT,police,1
2026-09-25,6,DARK_SPOT_SAFETY,grievance,2
2026-09-25,6,FLOOD_WATERLOGGING,grievance,2
2026-09-25,6,FLOOD_WATERLOGGING,police,1
2026-09-25,6,FLOOD_WATERLOGGING,pwd,2
2026-09-25,6,MISSING_PERSON,police,1
2026-09-25,6,SOLID_WASTE,grievance,1
2026-09-25,6,STREETLIGHT_ELECTRICAL,grievance,3
2026-09-25,6,TRAFFIC_OBSTRUCTION,police,1
2026-09-25,7,CRIME_PROPERTY,police,3
2026-09-25,7,CRIME_VIOLENT,police,1
2026-09-25,7,DARK_SPOT_SAFETY,grievance,1
2026-09-25,7,FLOOD_WATERLOGGING,grievance,1
2026-09-25,7,FLOOD_WATERLOGGING,pwd,3
2026-09-25,7,PUBLIC_ORDER,police,1
2026-09-25,7,SOLID_WASTE,grievance,3
2026-09-25,7,STREETLIGHT_ELECTRICAL,grievance,1
2026-09-25,8,DARK_SPOT_SAFETY,grievance,1
2026-09-25,8,DRAINAGE_SEWAGE,grievance,1
2026-09-25,8,DRAINAGE_SEWAGE,pwd,1
2026-09-25,8,ENCROACHMENT,pwd,1
2026-09-25,8,FOOD_SAFETY,grievance,1
2026-09-25,8,OTHER,grievance,1
2026-09-25,8,PUBLIC_ORDER,police,4
2026-09-25,8,SANITATION_TOILETS,grievance,3
2026-09-25,8,TRAFFIC_OBSTRUCTION,police,3
2026-09-25,9,CRIME_PROPERTY,police,1
2026-09-25,9,CRIME_VIOLENT,police,4
2026-09-25,9,DRAINAGE_SEWAGE,grievance,1
2026-09-25,9,FLOOD_RELIEF,grievance,1
2026-09-25,9,FLOOD_WATERLOGGING,pwd,2
2026-09-25,9,ROAD_DAMAGE,grievance,1
2026-09-25,9,SOLID_WASTE,grievance,2
2026-09-25,9,STREETLIGHT_ELECTRICAL,grievance,1
2026-09-25,9,TRAFFIC_OBSTRUCTION,police,2
2026-09-25,10,CRIME_PROPERTY,police,2
2026-09-25,10,DRAINAGE_SEWAGE,grievance,1
2026-09-25,10,HEALTH_SERVICES,grievance,1
2026-09-25,10,PUBLIC_ORDER,police,2
2026-09-25,10,ROAD_ACCIDENT,police,2
2026-09-25,10,ROAD_DAMAGE,grievance,1
2026-09-25,10,SOLID_WASTE,grievance,3
2026-09-25,10,STREETLIGHT_ELECTRICAL,grievance,2
2026-09-25,10,VECTOR_DISEASE,grievance,1
2026-09-25,11,ADMIN_SERVICES,grievance,2
2026-09-25,11,CRIME_VIOLENT,news,2
2026-09-25,11,FLOOD_WATERLOGGING,grievance,2
2026-09-25,11,FLOOD_WATERLOGGING,police,2
2026-09-25,11,FLOOD_WATERLOGGING,pwd,5
2026-09-25,11,PUBLIC_ORDER,police,1
2026-09-25,11,PUBLIC_WORKS,grievance,1
2026-09-25,11,ROAD_DAMAGE,grievance,2
2026-09-25,11,SOLID_WASTE,grievance,2
2026-09-25,11,STREETLIGHT_ELECTRICAL,grievance,1
2026-09-25,11,TRAFFIC_OBSTRUCTION,police,1
2026-09-25,12,DRAINAGE_SEWAGE,grievance,1
2026-09-25,12,FLOOD_WATERLOGGING,grievance,2
2026-09-25,12,FLOOD_WATERLOGGING,pwd,2
2026-09-25,12,OTHER,grievance,1
2026-09-25,12,PUBLIC_ORDER,police,3
2026-09-25,12,ROAD_ACCIDENT,police,1
2026-09-25,12,SANITATION_TOILETS,grievance,1
2026-09-25,12,SOLID_WASTE,grievance,2
2026-09-25,12,STREETLIGHT_ELECTRICAL,grievance,2
2026-09-25,12,TRAFFIC_OBSTRUCTION,police,2
2026-09-25,13,ADMIN_SERVICES,grievance,1
2026-09-25,13,BUILDING_SAFETY,pwd,1
2026-09-25,13,CRIME_PROPERTY,news,1
2026-09-25,13,CRIME_PROPERTY,police,1
2026-09-25,13,CRIME_VIOLENT,police,2
2026-09-25,13,DRAINAGE_SEWAGE,grievance,2
2026-09-25,13,DRAINAGE_SEWAGE,news,1
2026-09-25,13,DRAINAGE_SEWAGE,pwd,2
2026-09-25,13,DRUGS_LIQUOR,police,1
2026-09-25,13,FLOOD_WATERLOGGING,grievance,1
2026-09-25,13,FLOOD_WATERLOGGING,police,1
2026-09-25,13,FLOOD_WATERLOGGING,pwd,8
2026-09-25,13,PUBLIC_ORDER,police,1
2026-09-25,13,PUBLIC_WORKS,grievance,1
2026-09-25,13,ROAD_ACCIDENT,police,4
2026-09-25,13,SOLID_WASTE,grievance,2
2026-09-25,13,STREETLIGHT_ELECTRICAL,grievance,1
2026-09-25,13,TRAFFIC_OBSTRUCTION,police,1
2026-09-25,14,CRIME_PROPERTY,police,1
2026-09-25,14,SOLID_WASTE,grievance,3
2026-09-25,15,CRIME_PROPERTY,police,1
2026-09-25,15,DRAINAGE_SEWAGE,grievance,1
2026-09-25,15,DRAINAGE_SEWAGE,pwd,1
2026-09-25,15,DRAIN_WORKS_SAFETY,grievance,1
2026-09-25,15,ROAD_ACCIDENT,news,1
2026-09-25,15,SOLID_WASTE,grievance,1
2026-09-25,15,STREETLIGHT_ELECTRICAL,grievance,1
2026-09-25,15,TREES_PARKS,grievance,1
2026-09-25,,CRIME_PROPERTY,police,1
2026-09-25,,CRIME_VIOLENT,police,1
2026-09-25,,STRAY_ANIMALS,news,1
2026-09-25,,VECTOR_DISEASE,news,1
2026-09-26,1,CRIME_PROPERTY,police,2
2026-09-26,1,PUBLIC_WORKS,grievance,1
2026-09-26,1,ROAD_ACCIDENT,police,4
2026-09-26,1,SANITATION_TOILETS,grievance,1
2026-09-26,1,SOLID_WASTE,grievance,1
2026-09-26,2,DRAINAGE_SEWAGE,grievance,1
2026-09-26,2,SOLID_WASTE,grievance,1
2026-09-26,3,CRIME_VIOLENT,news,2
2026-09-26,3,DRAINAGE_SEWAGE,grievance,1
2026-09-26,3,FLOOD_RELIEF,grievance,1
2026-09-26,3,ROAD_ACCIDENT,police,3
2026-09-26,3,SOLID_WASTE,grievance,1
2026-09-26,4,CRIME_PROPERTY,police,3
2026-09-26,4,CRIME_VIOLENT,news,1
2026-09-26,4,DRUGS_LIQUOR,police,2
2026-09-26,4,ROAD_ACCIDENT,police,1
2026-09-26,4,SOLID_WASTE,grievance,3
2026-09-26,4,STREETLIGHT_ELECTRICAL,grievance,1
2026-09-26,5,CRIME_PROPERTY,police,5
2026-09-26,5,CRIME_VIOLENT,police,1
2026-09-26,5,FLOOD_WATERLOGGING,grievance,1
2026-09-26,5,HEALTH_SERVICES,hospital,1
2026-09-26,5,PUBLIC_ORDER,police,2
2026-09-26,5,PUBLIC_WORKS,grievance,1
2026-09-26,5,ROAD_ACCIDENT,police,5
2026-09-26,5,SOLID_WASTE,grievance,2
2026-09-26,5,STREETLIGHT_ELECTRICAL,grievance,1
2026-09-26,6,MISSING_PERSON,police,1
2026-09-26,6,SOLID_WASTE,grievance,3
2026-09-26,7,CRIME_VIOLENT,police,2
2026-09-26,7,DRAINAGE_SEWAGE,grievance,4
2026-09-26,7,DRAINAGE_SEWAGE,pwd,1
2026-09-26,7,PUBLIC_WORKS,grievance,1
2026-09-26,7,ROAD_ACCIDENT,police,1
2026-09-26,7,ROAD_DAMAGE,grievance,1
2026-09-26,7,SOLID_WASTE,grievance,2
2026-09-26,7,STREETLIGHT_ELECTRICAL,grievance,3
2026-09-26,8,ADMIN_SERVICES,grievance,1
2026-09-26,8,CRIME_VIOLENT,news,2
2026-09-26,8,CRIME_VIOLENT,police,1
2026-09-26,8,ENCROACHMENT,pwd,1
2026-09-26,8,HEALTH_SERVICES,grievance,1
2026-09-26,8,PUBLIC_WORKS,grievance,1
2026-09-26,8,SOLID_WASTE,grievance,2
2026-09-26,8,STREETLIGHT_ELECTRICAL,grievance,1
2026-09-26,8,TRAFFIC_OBSTRUCTION,grievance,1
2026-09-26,8,TRAFFIC_OBSTRUCTION,police,1
2026-09-26,9,ADMIN_SERVICES,grievance,1
2026-09-26,9,BUILDING_SAFETY,pwd,2
2026-09-26,9,DARK_SPOT_SAFETY,grievance,1
2026-09-26,9,ENCROACHMENT,grievance,1
2026-09-26,9,ROAD_DAMAGE,grievance,1
2026-09-26,9,SOLID_WASTE,grievance,1
2026-09-26,9,STREETLIGHT_ELECTRICAL,grievance,1
2026-09-26,10,BUILDING_SAFETY,pwd,1
2026-09-26,10,CRIME_PROPERTY,police,6
2026-09-26,10,CRIME_VIOLENT,police,1
2026-09-26,10,PUBLIC_ORDER,police,2
2026-09-26,10,ROAD_ACCIDENT,police,1
2026-09-26,10,SOLID_WASTE,grievance,4
2026-09-26,10,STREETLIGHT_ELECTRICAL,grievance,1
2026-09-26,10,TREES_PARKS,grievance,1
2026-09-26,11,AIR_POLLUTION,grievance,1
2026-09-26,11,CRIME_PROPERTY,police,1
2026-09-26,11,CRIME_VIOLENT,news,1
2026-09-26,11,DRUGS_LIQUOR,police,2
2026-09-26,11,PUBLIC_ORDER,police,1
2026-09-26,11,ROAD_DAMAGE,grievance,2
2026-09-26,11,SANITATION_TOILETS,grievance,1
2026-09-26,11,SOLID_WASTE,grievance,1
2026-09-26,11,STRAY_ANIMALS,grievance,1
2026-09-26,12,CRIME_PROPERTY,police,2
2026-09-26,12,CRIME_VIOLENT,news,1
2026-09-26,12,PUBLIC_ORDER,police,2
2026-09-26,12,ROAD_ACCIDENT,police,1
2026-09-26,12,SANITATION_TOILETS,grievance,1
2026-09-26,13,CRIME_PROPERTY,police,3
2026-09-26,13,CRIME_VIOLENT,police,1
2026-09-26,13,DARK_SPOT_SAFETY,grievance,2
2026-09-26,13,POLICE_OTHER,police,1
2026-09-26,13,PUBLIC_ORDER,police,1
2026-09-26,13,ROAD_ACCIDENT,police,2
2026-09-26,13,SOLID_WASTE,grievance,1
2026-09-26,13,STRAY_ANIMALS,grievance,1
2026-09-26,14,DRAINAGE_SEWAGE,grievance,1
2026-09-26,14,DRUGS_LIQUOR,news,1
2026-09-26,14,PUBLIC_ORDER,police,1
2026-09-26,14,ROAD_DAMAGE,grievance,1
2026-09-26,14,TRAFFIC_OBSTRUCTION,police,1
2026-09-26,15,DRAINAGE_SEWAGE,grievance,1
2026-09-26,15,OTHER,grievance,1
2026-09-26,15,PUBLIC_ORDER,police,1
2026-09-26,15,ROAD_ACCIDENT,police,1
2026-09-26,15,ROAD_DAMAGE,grievance,1
2026-09-26,15,SOLID_WASTE,grievance,1
2026-09-26,,CRIME_VIOLENT,news,2
2026-09-26,,DRAINAGE_SEWAGE,news,1
2026-09-26,,FLOOD_WATERLOGGING,news,1
2026-09-26,,STREETLIGHT_ELECTRICAL,news,1
2026-09-26,,VECTOR_DISEASE,news,2
2026-09-27,1,ADMIN_SERVICES,grievance,1
2026-09-27,1,ENCROACHMENT,pwd,1
2026-09-27,1,HEALTH_SERVICES,grievance,1
2026-09-27,1,PUBLIC_ORDER,police,2
2026-09-27,1,ROAD_ACCIDENT,police,1
2026-09-27,1,SOLID_WASTE,grievance,1
2026-09-27,1,STREETLIGHT_ELECTRICAL,grievance,2
2026-09-27,2,ROAD_ACCIDENT,police,2
2026-09-27,3,FLOOD_WATERLOGGING,grievance,1
2026-09-27,3,PUBLIC_ORDER,police,3
2026-09-27,3,ROAD_ACCIDENT,police,1
2026-09-27,3,STREETLIGHT_ELECTRICAL,grievance,1
2026-09-27,4,ADMIN_SERVICES,grievance,1
2026-09-27,4,AIR_POLLUTION,grievance,1
2026-09-27,4,CRIME_PROPERTY,police,1
2026-09-27,4,CRIME_VIOLENT,police,3
2026-09-27,4,DARK_SPOT_SAFETY,grievance,2
2026-09-27,4,DRAINAGE_SEWAGE,pwd,1
2026-09-27,4,DRUGS_LIQUOR,police,2
2026-09-27,4,ENCROACHMENT,grievance,1
2026-09-27,4,MISSING_PERSON,police,1
2026-09-27,4,ROAD_ACCIDENT,police,4
2026-09-27,4,SOLID_WASTE,grievance,2
2026-09-27,4,TRAFFIC_OBSTRUCTION,police,3
2026-09-27,5,ADMIN_SERVICES,grievance,1
2026-09-27,5,CRIME_PROPERTY,police,4
2026-09-27,5,CRIME_VIOLENT,police,1
2026-09-27,5,HEALTH_SERVICES,hospital,1
2026-09-27,5,OTHER,grievance,1
2026-09-27,5,PUBLIC_ORDER,police,1
2026-09-27,5,ROAD_ACCIDENT,police,2
2026-09-27,5,SOLID_WASTE,grievance,1
2026-09-27,5,TREES_PARKS,grievance,1
2026-09-27,5,VECTOR_DISEASE,grievance,2
2026-09-27,5,VECTOR_DISEASE,hospital,1
2026-09-27,5,VECTOR_DISEASE,news,1
2026-09-27,6,CRIME_PROPERTY,police,2
2026-09-27,6,DRAINAGE_SEWAGE,grievance,1
2026-09-27,6,DRAIN_WORKS_SAFETY,grievance,2
2026-09-27,6,FLOOD_WATERLOGGING,grievance,1
2026-09-27,6,HEALTH_SERVICES,grievance,1
2026-09-27,6,MISSING_PERSON,police,2
2026-09-27,6,SOLID_WASTE,grievance,4
2026-09-27,7,CRIME_VIOLENT,police,1
2026-09-27,7,DRAINAGE_SEWAGE,grievance,1
2026-09-27,7,DRAINAGE_SEWAGE,news,1
2026-09-27,7,DRAIN_WORKS_SAFETY,grievance,2
2026-09-27,7,PUBLIC_ORDER,police,1
2026-09-27,7,ROAD_ACCIDENT,police,1
2026-09-27,7,SANITATION_TOILETS,grievance,2
2026-09-27,7,SOLID_WASTE,grievance,3
2026-09-27,7,STRAY_ANIMALS,grievance,1
2026-09-27,7,STREETLIGHT_ELECTRICAL,news,1
2026-09-27,7,TRAFFIC_OBSTRUCTION,police,3
2026-09-27,8,CRIME_VIOLENT,news,2
2026-09-27,8,CRIME_VIOLENT,police,2
2026-09-27,8,DRAINAGE_SEWAGE,pwd,1
2026-09-27,8,DRUGS_LIQUOR,police,1
2026-09-27,8,FOOD_SAFETY,grievance,1
2026-09-27,8,PUBLIC_ORDER,police,2
2026-09-27,8,SOLID_WASTE,grievance,2
2026-09-27,8,STREETLIGHT_ELECTRICAL,grievance,2
2026-09-27,8,TREES_PARKS,grievance,1
2026-09-27,8,VECTOR_DISEASE,grievance,2
2026-09-27,9,BUILDING_SAFETY,news,2
2026-09-27,9,BUILDING_SAFETY,pwd,2
2026-09-27,9,CRIME_PROPERTY,police,3
2026-09-27,9,CRIME_VIOLENT,police,2
2026-09-27,9,HEALTH_SERVICES,grievance,1
2026-09-27,9,OTHER,grievance,1
2026-09-27,9,ROAD_ACCIDENT,police,1
2026-09-27,9,ROAD_DAMAGE,grievance,1
2026-09-27,9,SOLID_WASTE,grievance,3
2026-09-27,9,STREETLIGHT_ELECTRICAL,grievance,2
2026-09-27,9,TREES_PARKS,grievance,4
2026-09-27,9,TREES_PARKS,news,1
2026-09-27,9,VECTOR_DISEASE,grievance,3
2026-09-27,10,BUILDING_SAFETY,pwd,1
2026-09-27,10,CRIME_PROPERTY,police,1
2026-09-27,10,DARK_SPOT_SAFETY,grievance,1
2026-09-27,10,FLOOD_WATERLOGGING,grievance,4
2026-09-27,10,FLOOD_WATERLOGGING,pwd,1
2026-09-27,10,OTHER,grievance,1
2026-09-27,10,PUBLIC_ORDER,police,1
2026-09-27,10,ROAD_ACCIDENT,police,1
2026-09-27,10,SANITATION_TOILETS,grievance,1
2026-09-27,10,STREETLIGHT_ELECTRICAL,grievance,2
2026-09-27,10,TRAFFIC_OBSTRUCTION,police,2
2026-09-27,11,CRIME_PROPERTY,police,1
2026-09-27,11,OTHER,grievance,1
2026-09-27,11,SANITATION_TOILETS,grievance,1
2026-09-27,12,CRIME_PROPERTY,police,1
2026-09-27,12,DRAINAGE_SEWAGE,grievance,1
2026-09-27,12,ROAD_ACCIDENT,police,1
2026-09-27,12,ROAD_DAMAGE,grievance,1
2026-09-27,13,MISSING_PERSON,police,3
2026-09-27,13,OTHER,grievance,1
2026-09-27,13,PUBLIC_ORDER,police,1
2026-09-27,13,ROAD_ACCIDENT,police,1
2026-09-27,14,CRIME_PROPERTY,police,1
2026-09-27,14,ROAD_DAMAGE,grievance,2
2026-09-27,14,ROAD_DAMAGE,news,1
2026-09-27,14,SOLID_WASTE,grievance,1
2026-09-27,15,CRIME_PROPERTY,police,4
2026-09-27,15,SOLID_WASTE,grievance,1
2026-09-27,,CRIME_VIOLENT,news,4
2026-09-27,,ROAD_ACCIDENT,news,1
2026-09-27,,ROAD_DAMAGE,news,1
2026-09-27,,TRAFFIC_OBSTRUCTION,news,2
2026-09-27,,VECTOR_DISEASE,news,2
2026-09-28,1,CRIME_VIOLENT,police,3
2026-09-28,1,DRAIN_WORKS_SAFETY,grievance,1
2026-09-28,1,DRUGS_LIQUOR,police,1
2026-09-28,1,PUBLIC_ORDER,police,2
2026-09-28,1,ROAD_ACCIDENT,police,1
2026-09-28,1,ROAD_DAMAGE,grievance,1
2026-09-28,2,ROAD_ACCIDENT,police,1
2026-09-28,3,CRIME_PROPERTY,police,1
2026-09-28,3,CRIME_VIOLENT,police,1
2026-09-28,3,FLOOD_WATERLOGGING,grievance,1
2026-09-28,3,OTHER,grievance,1
2026-09-28,3,ROAD_ACCIDENT,police,3
2026-09-28,3,SOLID_WASTE,grievance,1
2026-09-28,3,TRAFFIC_OBSTRUCTION,grievance,1
2026-09-28,4,AIR_POLLUTION,grievance,1
2026-09-28,4,BUILDING_SAFETY,police,1
2026-09-28,4,BUILDING_SAFETY,pwd,1
2026-09-28,4,CRIME_PROPERTY,police,1
2026-09-28,4,CRIME_VIOLENT,news,1
2026-09-28,4,CRIME_VIOLENT,police,1
2026-09-28,4,DRAINAGE_SEWAGE,grievance,1
2026-09-28,4,DRAINAGE_SEWAGE,pwd,1
2026-09-28,4,FLOOD_RELIEF,news,1
2026-09-28,4,OTHER,grievance,1
2026-09-28,4,PUBLIC_ORDER,police,1
2026-09-28,4,ROAD_ACCIDENT,police,1
2026-09-28,4,SANITATION_TOILETS,grievance,2
2026-09-28,4,STREETLIGHT_ELECTRICAL,grievance,3
2026-09-28,4,TRAFFIC_OBSTRUCTION,police,1
2026-09-28,5,ADMIN_SERVICES,grievance,1
2026-09-28,5,CRIME_PROPERTY,police,2
2026-09-28,5,CRIME_VIOLENT,police,3
2026-09-28,5,FLOOD_WATERLOGGING,grievance,4
2026-09-28,5,FLOOD_WATERLOGGING,pwd,2
2026-09-28,5,ROAD_ACCIDENT,police,2
2026-09-28,5,SOLID_WASTE,grievance,4
2026-09-28,5,STRAY_ANIMALS,grievance,1
2026-09-28,5,VECTOR_DISEASE,hospital,1
2026-09-28,6,ADMIN_SERVICES,grievance,2
2026-09-28,6,CIVIC_FACILITIES,grievance,1
2026-09-28,6,CRIME_PROPERTY,police,4
2026-09-28,6,ENCROACHMENT,grievance,1
2026-09-28,6,FLOOD_WATERLOGGING,pwd,1
2026-09-28,6,STREETLIGHT_ELECTRICAL,grievance,2
2026-09-28,7,CRIME_PROPERTY,police,2
2026-09-28,7,CRIME_VIOLENT,police,1
2026-09-28,7,DRAIN_WORKS_SAFETY,grievance,1
2026-09-28,7,FLOOD_WATERLOGGING,grievance,1
2026-09-28,7,FLOOD_WATERLOGGING,pwd,1
2026-09-28,7,FOOD_SAFETY,grievance,1
2026-09-28,7,ROAD_ACCIDENT,police,1
2026-09-28,7,SOLID_WASTE,grievance,1
2026-09-28,7,STREETLIGHT_ELECTRICAL,grievance,1
2026-09-28,7,VECTOR_DISEASE,grievance,1
2026-09-28,8,ADMIN_SERVICES,grievance,2
2026-09-28,8,BUILDING_SAFETY,pwd,1
2026-09-28,8,CRIME_VIOLENT,news,1
2026-09-28,8,CRIME_VIOLENT,police,2
2026-09-28,8,ENCROACHMENT,grievance,1
2026-09-28,8,FLOOD_WATERLOGGING,pwd,1
2026-09-28,8,FOOD_SAFETY,grievance,1
2026-09-28,8,ROAD_ACCIDENT,police,4
2026-09-28,8,SOLID_WASTE,grievance,2
2026-09-28,8,TREES_PARKS,grievance,3
2026-09-28,8,VECTOR_DISEASE,grievance,1
2026-09-28,9,BUILDING_SAFETY,news,1
2026-09-28,9,BUILDING_SAFETY,pwd,1
2026-09-28,9,CRIME_VIOLENT,police,2
2026-09-28,9,ENCROACHMENT,grievance,1
2026-09-28,9,FLOOD_WATERLOGGING,pwd,1
2026-09-28,9,FOOD_SAFETY,grievance,1
2026-09-28,9,HEALTH_SERVICES,hospital,1
2026-09-28,9,OTHER,grievance,1
2026-09-28,9,ROAD_DAMAGE,grievance,1
2026-09-28,9,SOLID_WASTE,grievance,1
2026-09-28,9,TRAFFIC_OBSTRUCTION,police,1
2026-09-28,10,ADMIN_SERVICES,grievance,3
2026-09-28,10,CRIME_PROPERTY,police,3
2026-09-28,10,DRAINAGE_SEWAGE,grievance,1
2026-09-28,10,FLOOD_WATERLOGGING,news,1
2026-09-28,10,PUBLIC_ORDER,police,1
2026-09-28,10,ROAD_ACCIDENT,police,4
2026-09-28,10,SOLID_WASTE,grievance,1
2026-09-28,10,STREETLIGHT_ELECTRICAL,grievance,2
2026-09-28,10,VECTOR_DISEASE,grievance,1
2026-09-28,11,CRIME_PROPERTY,police,2
2026-09-28,11,DARK_SPOT_SAFETY,grievance,1
2026-09-28,11,FLOOD_RELIEF,grievance,1
2026-09-28,11,FLOOD_WATERLOGGING,grievance,3
2026-09-28,11,FLOOD_WATERLOGGING,police,1
2026-09-28,11,FLOOD_WATERLOGGING,pwd,4
2026-09-28,11,FOOD_SAFETY,grievance,1
2026-09-28,11,PUBLIC_ORDER,police,1
2026-09-28,11,STREETLIGHT_ELECTRICAL,grievance,1
2026-09-28,11,TRAFFIC_OBSTRUCTION,police,2
2026-09-28,12,ADMIN_SERVICES,grievance,1
2026-09-28,12,CRIME_PROPERTY,police,2
2026-09-28,12,DARK_SPOT_SAFETY,grievance,1
2026-09-28,12,FLOOD_WATERLOGGING,grievance,1
2026-09-28,12,FLOOD_WATERLOGGING,pwd,1
2026-09-28,12,HEALTH_SERVICES,grievance,1
2026-09-28,12,PUBLIC_ORDER,news,1
2026-09-28,12,STREETLIGHT_ELECTRICAL,grievance,2
2026-09-28,12,TREES_PARKS,grievance,1
2026-09-28,13,CRIME_PROPERTY,police,1
2026-09-28,13,DARK_SPOT_SAFETY,grievance,1
2026-09-28,13,DRAINAGE_SEWAGE,pwd,1
2026-09-28,13,FLOOD_WATERLOGGING,grievance,3
2026-09-28,13,FLOOD_WATERLOGGING,police,1
2026-09-28,13,FLOOD_WATERLOGGING,pwd,1
2026-09-28,13,PUBLIC_ORDER,police,1
2026-09-28,13,ROAD_ACCIDENT,police,1
2026-09-28,13,ROAD_DAMAGE,grievance,1
2026-09-28,13,SANITATION_TOILETS,grievance,1
2026-09-28,13,SOLID_WASTE,grievance,4
2026-09-28,13,WATER_SUPPLY,news,1
2026-09-28,14,DRAIN_WORKS_SAFETY,grievance,1
2026-09-28,14,PUBLIC_ORDER,police,1
2026-09-28,14,SOLID_WASTE,grievance,1
2026-09-28,14,WATER_SUPPLY,news,1
2026-09-28,15,AIR_POLLUTION,grievance,1
2026-09-28,15,CRIME_PROPERTY,police,1
2026-09-28,15,CRIME_VIOLENT,police,4
2026-09-28,15,ENCROACHMENT,grievance,1
2026-09-28,15,SOLID_WASTE,grievance,1
2026-09-28,15,WATER_SUPPLY,news,2
2026-09-28,,FLOOD_RISK_SIGNAL,news,1
2026-09-28,,STRAY_ANIMALS,news,3
2026-09-28,,STREETLIGHT_ELECTRICAL,news,1
2026-09-28,,VECTOR_DISEASE,news,3
2026-09-29,1,CRIME_VIOLENT,police,2
2026-09-29,1,FLOOD_WATERLOGGING,grievance,2
2026-09-29,1,FLOOD_WATERLOGGING,pwd,6
2026-09-29,1,MISSING_PERSON,news,1
2026-09-29,1,PUBLIC_ORDER,police,3
2026-09-29,1,PUBLIC_WORKS,grievance,1
2026-09-29,1,ROAD_ACCIDENT,police,1
2026-09-29,1,SANITATION_TOILETS,grievance,1
2026-09-29,1,SOLID_WASTE,grievance,1
2026-09-29,1,STREETLIGHT_ELECTRICAL,grievance,2
2026-09-29,1,TRAFFIC_OBSTRUCTION,police,2
2026-09-29,2,FLOOD_WATERLOGGING,grievance,1
2026-09-29,2,MISSING_PERSON,police,1
2026-09-29,2,ROAD_ACCIDENT,police,1
2026-09-29,2,SOLID_WASTE,grievance,1
2026-09-29,3,CRIME_PROPERTY,police,2
2026-09-29,3,OTHER,grievance,1
2026-09-29,3,ROAD_DAMAGE,grievance,1
2026-09-29,3,SOLID_WASTE,grievance,1
2026-09-29,3,STREETLIGHT_ELECTRICAL,grievance,1
2026-09-29,3,WATERBODY_INFRA,pwd,1
2026-09-29,4,ADMIN_SERVICES,grievance,1
2026-09-29,4,CRIME_PROPERTY,news,1
2026-09-29,4,CRIME_PROPERTY,police,1
2026-09-29,4,DRAINAGE_SEWAGE,pwd,1
2026-09-29,4,DRUGS_LIQUOR,police,1
2026-09-29,4,ROAD_ACCIDENT,police,2
2026-09-29,4,STRAY_ANIMALS,grievance,1
2026-09-29,4,STREETLIGHT_ELECTRICAL,grievance,3
2026-09-29,4,TRAFFIC_OBSTRUCTION,news,1
2026-09-29,4,TRAFFIC_OBSTRUCTION,police,1
2026-09-29,4,TREES_PARKS,grievance,1
2026-09-29,5,ADMIN_SERVICES,grievance,1
2026-09-29,5,CRIME_PROPERTY,news,1
2026-09-29,5,CRIME_PROPERTY,police,2
2026-09-29,5,CRIME_VIOLENT,police,1
2026-09-29,5,DRUGS_LIQUOR,police,1
2026-09-29,5,FLOOD_WATERLOGGING,grievance,1
2026-09-29,5,FLOOD_WATERLOGGING,pwd,2
2026-09-29,5,HEALTH_SERVICES,grievance,1
2026-09-29,5,MISSING_PERSON,police,1
2026-09-29,5,ROAD_ACCIDENT,police,1
2026-09-29,5,SOLID_WASTE,grievance,3
2026-09-29,5,STREETLIGHT_ELECTRICAL,grievance,1
2026-09-29,5,VECTOR_DISEASE,grievance,1
2026-09-29,5,VECTOR_DISEASE,hospital,1
2026-09-29,6,CRIME_PROPERTY,police,3
2026-09-29,6,DRAINAGE_SEWAGE,grievance,3
2026-09-29,6,DRAIN_WORKS_SAFETY,grievance,1
2026-09-29,6,FLOOD_WATERLOGGING,grievance,1
2026-09-29,6,FLOOD_WATERLOGGING,pwd,4
2026-09-29,6,PUBLIC_ORDER,police,1
2026-09-29,6,ROAD_DAMAGE,grievance,4
2026-09-29,6,ROAD_DAMAGE,news,10
2026-09-29,6,SOLID_WASTE,grievance,2
2026-09-29,6,STREETLIGHT_ELECTRICAL,grievance,1
2026-09-29,6,TRAFFIC_OBSTRUCTION,police,1
2026-09-29,7,CRIME_PROPERTY,police,3
2026-09-29,7,ENCROACHMENT,pwd,1
2026-09-29,7,FLOOD_WATERLOGGING,grievance,1
2026-09-29,7,FLOOD_WATERLOGGING,police,1
2026-09-29,7,FLOOD_WATERLOGGING,pwd,3
2026-09-29,7,PUBLIC_ORDER,police,1
2026-09-29,7,SOLID_WASTE,grievance,3
2026-09-29,7,STRAY_ANIMALS,news,2
2026-09-29,7,STREETLIGHT_ELECTRICAL,grievance,2
2026-09-29,7,TRAFFIC_OBSTRUCTION,police,3
2026-09-29,7,WATERBODY_INFRA,pwd,2
2026-09-29,8,CRIME_PROPERTY,police,1
2026-09-29,8,CRIME_VIOLENT,police,3
2026-09-29,8,DARK_SPOT_SAFETY,news,1
2026-09-29,8,DRAINAGE_SEWAGE,grievance,2
2026-09-29,8,ENCROACHMENT,grievance,1
2026-09-29,8,ENCROACHMENT,pwd,1
2026-09-29,8,HEALTH_SERVICES,grievance,1
2026-09-29,8,PUBLIC_ORDER,police,1
2026-09-29,8,ROAD_ACCIDENT,police,2
2026-09-29,8,ROAD_DAMAGE,grievance,1
2026-09-29,8,SOLID_WASTE,grievance,4
2026-09-29,8,STREETLIGHT_ELECTRICAL,grievance,2
2026-09-29,8,TRAFFIC_OBSTRUCTION,police,3
2026-09-29,8,TREES_PARKS,grievance,1
2026-09-29,8,TREES_PARKS,news,1
2026-09-29,8,VECTOR_DISEASE,news,1
2026-09-29,9,CRIME_VIOLENT,news,4
2026-09-29,9,DRAINAGE_SEWAGE,grievance,1
2026-09-29,9,ENCROACHMENT,grievance,1
2026-09-29,9,FLOOD_WATERLOGGING,pwd,5
2026-09-29,9,FOOD_SAFETY,grievance,1
2026-09-29,9,SOLID_WASTE,grievance,1
2026-09-29,9,TRAFFIC_OBSTRUCTION,police,3
2026-09-29,9,VECTOR_DISEASE,grievance,1
2026-09-29,10,BUILDING_SAFETY,pwd,1
2026-09-29,10,CRIME_PROPERTY,police,4
2026-09-29,10,CRIME_VIOLENT,police,1
2026-09-29,10,DRAINAGE_SEWAGE,pwd,1
2026-09-29,10,OTHER,grievance,2
2026-09-29,10,PUBLIC_ORDER,police,1
2026-09-29,10,SOLID_WASTE,grievance,1
2026-09-29,10,TRAFFIC_OBSTRUCTION,police,1
2026-09-29,10,TREES_PARKS,grievance,1
2026-09-29,11,CRIME_PROPERTY,police,1
2026-09-29,11,DRAINAGE_SEWAGE,grievance,1
2026-09-29,11,DRAINAGE_SEWAGE,pwd,1
2026-09-29,11,ENCROACHMENT,grievance,1
2026-09-29,11,FLOOD_WATERLOGGING,grievance,2
2026-09-29,11,FLOOD_WATERLOGGING,news,1
2026-09-29,11,FLOOD_WATERLOGGING,police,1
2026-09-29,11,FLOOD_WATERLOGGING,pwd,4
2026-09-29,11,SOLID_WASTE,grievance,1
2026-09-29,11,STREETLIGHT_ELECTRICAL,grievance,1
2026-09-29,12,CRIME_PROPERTY,police,2
2026-09-29,12,CRIME_VIOLENT,police,1
2026-09-29,12,FLOOD_WATERLOGGING,grievance,1
2026-09-29,12,ROAD_ACCIDENT,police,1
2026-09-29,12,STRAY_ANIMALS,police,1
2026-09-29,12,TRAFFIC_OBSTRUCTION,police,1
2026-09-29,13,CRIME_PROPERTY,police,2
2026-09-29,13,CRIME_VIOLENT,police,1
2026-09-29,13,DRAIN_WORKS_SAFETY,grievance,1
2026-09-29,13,FLOOD_WATERLOGGING,grievance,1
2026-09-29,13,FLOOD_WATERLOGGING,pwd,2
2026-09-29,13,MISSING_PERSON,police,1
2026-09-29,13,PUBLIC_ORDER,police,2
2026-09-29,13,ROAD_ACCIDENT,police,2
2026-09-29,13,ROAD_DAMAGE,grievance,1
2026-09-29,13,SOLID_WASTE,grievance,1
2026-09-29,13,WATER_SUPPLY,news,3
2026-09-29,14,CRIME_PROPERTY,police,1
2026-09-29,14,CRIME_VIOLENT,police,1
2026-09-29,14,FLOOD_WATERLOGGING,grievance,2
2026-09-29,14,ROAD_DAMAGE,grievance,1
2026-09-29,14,STREETLIGHT_ELECTRICAL,grievance,1
2026-09-29,14,TRAFFIC_OBSTRUCTION,police,1
2026-09-29,15,CRIME_VIOLENT,police,2
2026-09-29,15,DRUGS_LIQUOR,police,1
2026-09-29,15,FLOOD_WATERLOGGING,police,1
2026-09-29,15,FLOOD_WATERLOGGING,pwd,1
2026-09-29,15,PUBLIC_WORKS,grievance,1
2026-09-29,15,ROAD_ACCIDENT,police,1
2026-09-29,15,SOLID_WASTE,grievance,1
2026-09-29,15,VECTOR_DISEASE,grievance,1
2026-09-29,,CRIME_PROPERTY,news,1
2026-09-29,,CRIME_VIOLENT,news,15
2026-09-29,,DRAINAGE_SEWAGE,news,1
2026-09-29,,DRUGS_LIQUOR,news,1
2026-09-29,,PUBLIC_ORDER,news,1
2026-09-29,,ROAD_ACCIDENT,news,2
2026-09-29,,ROAD_DAMAGE,news,2
2026-09-29,,STRAY_ANIMALS,news,5
2026-09-29,,STREETLIGHT_ELECTRICAL,news,6
2026-09-29,,VECTOR_DISEASE,news,2
2026-09-29,,WATER_SUPPLY,news,4
2026-09-30,1,CRIME_PROPERTY,police,1
2026-09-30,1,FLOOD_WATERLOGGING,grievance,2
2026-09-30,1,FLOOD_WATERLOGGING,pwd,1
2026-09-30,1,MISSING_PERSON,police,1
2026-09-30,1,PUBLIC_ORDER,police,1
2026-09-30,1,STREETLIGHT_ELECTRICAL,grievance,2
2026-09-30,1,TRAFFIC_OBSTRUCTION,police,2
2026-09-30,2,CRIME_PROPERTY,police,1
2026-09-30,2,DARK_SPOT_SAFETY,grievance,1
2026-09-30,2,DRAIN_WORKS_SAFETY,grievance,1
2026-09-30,2,MISSING_PERSON,police,1
2026-09-30,2,STREETLIGHT_ELECTRICAL,grievance,1
2026-09-30,3,ADMIN_SERVICES,grievance,2
2026-09-30,3,CIVIC_FACILITIES,grievance,1
2026-09-30,3,CRIME_VIOLENT,news,3
2026-09-30,3,DRAINAGE_SEWAGE,grievance,1
2026-09-30,3,ENCROACHMENT,grievance,1
2026-09-30,3,FLOOD_WATERLOGGING,grievance,1
2026-09-30,3,SOLID_WASTE,grievance,3
2026-09-30,3,STREETLIGHT_ELECTRICAL,grievance,1
2026-09-30,3,TRAFFIC_OBSTRUCTION,police,2
2026-09-30,4,CRIME_PROPERTY,police,4
2026-09-30,4,CRIME_VIOLENT,police,1
2026-09-30,4,FLOOD_WATERLOGGING,grievance,1
2026-09-30,4,OTHER,grievance,1
2026-09-30,4,SOLID_WASTE,grievance,1
2026-09-30,4,STREETLIGHT_ELECTRICAL,grievance,1
2026-09-30,5,BUILDING_SAFETY,pwd,1
2026-09-30,5,CRIME_PROPERTY,police,4
2026-09-30,5,CRIME_VIOLENT,police,3
2026-09-30,5,DRAINAGE_SEWAGE,grievance,1
2026-09-30,5,FLOOD_WATERLOGGING,police,1
2026-09-30,5,HEALTH_SERVICES,hospital,1
2026-09-30,5,OTHER,grievance,1
2026-09-30,5,PUBLIC_ORDER,police,6
2026-09-30,5,SANITATION_TOILETS,grievance,1
2026-09-30,5,SOLID_WASTE,grievance,1
2026-09-30,5,STREETLIGHT_ELECTRICAL,grievance,2
2026-09-30,5,TRAFFIC_OBSTRUCTION,police,1
2026-09-30,5,VECTOR_DISEASE,grievance,1
2026-09-30,6,DRAINAGE_SEWAGE,grievance,1
2026-09-30,6,DRAINAGE_SEWAGE,news,1
2026-09-30,6,DRAINAGE_SEWAGE,pwd,1
2026-09-30,6,DRUGS_LIQUOR,police,1
2026-09-30,6,FLOOD_WATERLOGGING,grievance,1
2026-09-30,6,FLOOD_WATERLOGGING,police,1
2026-09-30,6,FLOOD_WATERLOGGING,pwd,1
2026-09-30,6,FOOD_SAFETY,grievance,1
2026-09-30,6,PUBLIC_WORKS,grievance,1
2026-09-30,6,ROAD_ACCIDENT,police,2
2026-09-30,6,ROAD_DAMAGE,grievance,2
2026-09-30,6,ROAD_DAMAGE,news,4
2026-09-30,6,SOLID_WASTE,grievance,1
2026-09-30,6,STRAY_ANIMALS,police,1
2026-09-30,6,STREETLIGHT_ELECTRICAL,grievance,1
2026-09-30,6,TRAFFIC_OBSTRUCTION,police,1
2026-09-30,7,BUILDING_SAFETY,pwd,1
2026-09-30,7,CRIME_PROPERTY,police,2
2026-09-30,7,CRIME_VIOLENT,police,1
2026-09-30,7,ENCROACHMENT,grievance,1
2026-09-30,7,FLOOD_WATERLOGGING,grievance,1
2026-09-30,7,FLOOD_WATERLOGGING,police,1
2026-09-30,7,FLOOD_WATERLOGGING,pwd,5
2026-09-30,7,ROAD_ACCIDENT,police,4
2026-09-30,7,ROAD_DAMAGE,grievance,1
2026-09-30,7,SOLID_WASTE,grievance,3
2026-09-30,7,STRAY_ANIMALS,grievance,1
2026-09-30,7,TRAFFIC_OBSTRUCTION,police,1
2026-09-30,7,WATERBODY_INFRA,pwd,1
2026-09-30,8,ADMIN_SERVICES,grievance,1
2026-09-30,8,CRIME_PROPERTY,police,5
2026-09-30,8,DRAINAGE_SEWAGE,pwd,1
2026-09-30,8,ENCROACHMENT,pwd,1
2026-09-30,8,FLOOD_WATERLOGGING,grievance,3
2026-09-30,8,FLOOD_WATERLOGGING,pwd,2
2026-09-30,8,FOOD_SAFETY,grievance,1
2026-09-30,8,PUBLIC_ORDER,police,1
2026-09-30,8,ROAD_ACCIDENT,police,2
2026-09-30,8,ROAD_DAMAGE,grievance,2
2026-09-30,8,SOLID_WASTE,grievance,1
2026-09-30,8,STREETLIGHT_ELECTRICAL,grievance,2
2026-09-30,8,VECTOR_DISEASE,grievance,1
2026-09-30,9,CRIME_PROPERTY,police,2
2026-09-30,9,CRIME_VIOLENT,news,4
2026-09-30,9,CRIME_VIOLENT,police,1
2026-09-30,9,FLOOD_WATERLOGGING,grievance,1
2026-09-30,9,FLOOD_WATERLOGGING,pwd,1
2026-09-30,9,POLICE_OTHER,police,1
2026-09-30,9,PUBLIC_ORDER,police,1
2026-09-30,9,SOLID_WASTE,grievance,1
2026-09-30,9,STREETLIGHT_ELECTRICAL,grievance,1
2026-09-30,10,ADMIN_SERVICES,grievance,1
2026-09-30,10,CRIME_PROPERTY,police,1
2026-09-30,10,MISSING_PERSON,police,2
2026-09-30,10,PUBLIC_ORDER,police,4
2026-09-30,10,ROAD_ACCIDENT,police,1
2026-09-30,10,ROAD_DAMAGE,grievance,1
2026-09-30,10,SOLID_WASTE,grievance,1
2026-09-30,10,STREETLIGHT_ELECTRICAL,grievance,1
2026-09-30,11,ADMIN_SERVICES,grievance,1
2026-09-30,11,CRIME_PROPERTY,news,1
2026-09-30,11,DRAINAGE_SEWAGE,grievance,1
2026-09-30,11,ENCROACHMENT,pwd,3
2026-09-30,11,FLOOD_WATERLOGGING,grievance,3
2026-09-30,11,FLOOD_WATERLOGGING,police,1
2026-09-30,11,FLOOD_WATERLOGGING,pwd,11
2026-09-30,11,FOOD_SAFETY,grievance,1
2026-09-30,11,MISSING_PERSON,police,1
2026-09-30,11,PUBLIC_ORDER,police,2
2026-09-30,11,ROAD_ACCIDENT,police,1
2026-09-30,11,ROAD_DAMAGE,grievance,2
2026-09-30,11,SANITATION_TOILETS,grievance,1
2026-09-30,11,TRAFFIC_OBSTRUCTION,police,1
2026-09-30,11,WATERBODY_INFRA,pwd,3
2026-09-30,12,ADMIN_SERVICES,grievance,1
2026-09-30,12,CRIME_PROPERTY,police,1
2026-09-30,12,CRIME_VIOLENT,police,1
2026-09-30,12,DRAINAGE_SEWAGE,grievance,1
2026-09-30,12,FOOD_SAFETY,grievance,1
2026-09-30,12,SANITATION_TOILETS,grievance,1
2026-09-30,12,SOLID_WASTE,grievance,2
2026-09-30,13,BUILDING_SAFETY,pwd,1
2026-09-30,13,CRIME_PROPERTY,police,1
2026-09-30,13,DRAINAGE_SEWAGE,pwd,1
2026-09-30,13,ENCROACHMENT,pwd,1
2026-09-30,13,FLOOD_WATERLOGGING,grievance,2
2026-09-30,13,FLOOD_WATERLOGGING,pwd,1
2026-09-30,13,MISSING_PERSON,police,2
2026-09-30,13,PUBLIC_ORDER,police,1
2026-09-30,13,SANITATION_TOILETS,grievance,1
2026-09-30,13,SOLID_WASTE,grievance,2
2026-09-30,13,STREETLIGHT_ELECTRICAL,grievance,2
2026-09-30,13,TRAFFIC_OBSTRUCTION,police,1
2026-09-30,13,WATER_SUPPLY,news,1
2026-09-30,14,ADMIN_SERVICES,grievance,1
2026-09-30,14,CRIME_PROPERTY,police,1
2026-09-30,14,FLOOD_WATERLOGGING,police,3
2026-09-30,14,FLOOD_WATERLOGGING,pwd,1
2026-09-30,14,PUBLIC_WORKS,grievance,1
2026-09-30,14,SOLID_WASTE,grievance,1
2026-09-30,14,STREETLIGHT_ELECTRICAL,grievance,1
2026-09-30,14,TRAFFIC_OBSTRUCTION,police,1
2026-09-30,14,VECTOR_DISEASE,grievance,1
2026-09-30,15,ADMIN_SERVICES,grievance,1
2026-09-30,15,CRIME_PROPERTY,police,1
2026-09-30,15,FOOD_SAFETY,grievance,1
2026-09-30,,CRIME_PROPERTY,news,1
2026-09-30,,CRIME_VIOLENT,news,5
2026-09-30,,PUBLIC_ORDER,police,1
2026-09-30,,ROAD_DAMAGE,news,2
2026-09-30,,STREETLIGHT_ELECTRICAL,news,2
2026-09-30,,VECTOR_DISEASE,news,6
2026-09-30,,WATER_SUPPLY,news,4
2026-10-01,1,ADMIN_SERVICES,grievance,2
2026-10-01,1,ENCROACHMENT,pwd,1
2026-10-01,1,SOLID_WASTE,grievance,2
2026-10-01,1,STREETLIGHT_ELECTRICAL,grievance,4
2026-10-01,1,TRAFFIC_OBSTRUCTION,police,1
2026-10-01,2,CRIME_PROPERTY,police,1
2026-10-01,2,CRIME_VIOLENT,police,1
2026-10-01,2,PUBLIC_ORDER,police,1
2026-10-01,3,CRIME_PROPERTY,police,1
2026-10-01,3,DRAINAGE_SEWAGE,grievance,2
2026-10-01,3,DRAINAGE_SEWAGE,news,1
2026-10-01,3,DRAINAGE_SEWAGE,pwd,1
2026-10-01,3,FLOOD_WATERLOGGING,grievance,2
2026-10-01,3,FLOOD_WATERLOGGING,pwd,1
2026-10-01,3,SOLID_WASTE,grievance,1
2026-10-01,3,TRAFFIC_OBSTRUCTION,police,1
2026-10-01,4,CRIME_PROPERTY,police,1
2026-10-01,4,CRIME_VIOLENT,police,1
2026-10-01,4,DRAINAGE_SEWAGE,grievance,1
2026-10-01,4,FLOOD_WATERLOGGING,grievance,1
2026-10-01,4,HEALTH_SERVICES,grievance,1
2026-10-01,4,ROAD_ACCIDENT,police,1
2026-10-01,4,ROAD_DAMAGE,grievance,2
2026-10-01,4,SANITATION_TOILETS,grievance,1
2026-10-01,4,SOLID_WASTE,grievance,7
2026-10-01,4,TRAFFIC_OBSTRUCTION,grievance,1
2026-10-01,4,TRAFFIC_OBSTRUCTION,news,1
2026-10-01,5,CRIME_PROPERTY,news,1
2026-10-01,5,CRIME_PROPERTY,police,4
2026-10-01,5,ENCROACHMENT,pwd,1
2026-10-01,5,FLOOD_WATERLOGGING,grievance,4
2026-10-01,5,FLOOD_WATERLOGGING,police,2
2026-10-01,5,FLOOD_WATERLOGGING,pwd,3
2026-10-01,5,FOOD_SAFETY,grievance,1
2026-10-01,5,PUBLIC_ORDER,police,1
2026-10-01,5,ROAD_ACCIDENT,police,2
2026-10-01,5,SANITATION_TOILETS,grievance,1
2026-10-01,5,STREETLIGHT_ELECTRICAL,grievance,1
2026-10-01,5,VECTOR_DISEASE,hospital,1
2026-10-01,6,BUILDING_SAFETY,pwd,1
2026-10-01,6,CRIME_VIOLENT,police,4
2026-10-01,6,DRAINAGE_SEWAGE,grievance,3
2026-10-01,6,DRAIN_WORKS_SAFETY,grievance,1
2026-10-01,6,FLOOD_WATERLOGGING,grievance,2
2026-10-01,6,FLOOD_WATERLOGGING,pwd,4
2026-10-01,6,PUBLIC_ORDER,police,3
2026-10-01,6,ROAD_ACCIDENT,police,4
2026-10-01,6,SOLID_WASTE,grievance,1
2026-10-01,6,STREETLIGHT_ELECTRICAL,grievance,1
2026-10-01,7,FLOOD_WATERLOGGING,grievance,1
2026-10-01,7,ROAD_ACCIDENT,police,1
2026-10-01,7,ROAD_DAMAGE,grievance,1
2026-10-01,7,SOLID_WASTE,grievance,2
2026-10-01,7,STREETLIGHT_ELECTRICAL,grievance,3
2026-10-01,8,DRAIN_WORKS_SAFETY,grievance,1
2026-10-01,8,FLOOD_WATERLOGGING,pwd,2
2026-10-01,8,FOOD_SAFETY,grievance,1
2026-10-01,8,SANITATION_TOILETS,grievance,4
2026-10-01,8,SOLID_WASTE,grievance,1
2026-10-01,8,STRAY_ANIMALS,grievance,1
2026-10-01,8,TRAFFIC_OBSTRUCTION,police,1
2026-10-01,8,TREES_PARKS,grievance,1
2026-10-01,9,CRIME_PROPERTY,police,2
2026-10-01,9,DARK_SPOT_SAFETY,grievance,2
2026-10-01,9,DRAINAGE_SEWAGE,grievance,1
2026-10-01,9,ENCROACHMENT,grievance,2
2026-10-01,9,OTHER,grievance,1
2026-10-01,9,PUBLIC_ORDER,police,1
2026-10-01,9,PUBLIC_WORKS,grievance,1
2026-10-01,9,ROAD_ACCIDENT,police,2
2026-10-01,9,ROAD_DAMAGE,grievance,1
2026-10-01,9,STREETLIGHT_ELECTRICAL,grievance,3
2026-10-01,10,CRIME_PROPERTY,police,1
2026-10-01,10,DARK_SPOT_SAFETY,grievance,1
2026-10-01,10,DRAINAGE_SEWAGE,grievance,2
2026-10-01,10,ENCROACHMENT,grievance,1
2026-10-01,10,FLOOD_WATERLOGGING,grievance,1
2026-10-01,10,MISSING_PERSON,police,2
2026-10-01,10,ROAD_ACCIDENT,police,2
2026-10-01,10,SOLID_WASTE,grievance,4
2026-10-01,10,STREETLIGHT_ELECTRICAL,grievance,2
2026-10-01,11,BUILDING_SAFETY,police,1
2026-10-01,11,BUILDING_SAFETY,pwd,1
2026-10-01,11,CRIME_VIOLENT,police,3
2026-10-01,11,FLOOD_RELIEF,grievance,1
2026-10-01,11,ROAD_ACCIDENT,police,1
2026-10-01,11,ROAD_DAMAGE,grievance,1
2026-10-01,11,STREETLIGHT_ELECTRICAL,grievance,1
2026-10-01,12,BUILDING_SAFETY,pwd,1
2026-10-01,12,CRIME_PROPERTY,police,1
2026-10-01,12,DRAINAGE_SEWAGE,grievance,1
2026-10-01,12,FLOOD_WATERLOGGING,grievance,4
2026-10-01,12,FLOOD_WATERLOGGING,pwd,4
2026-10-01,12,ROAD_DAMAGE,grievance,1
2026-10-01,12,SANITATION_TOILETS,grievance,1
2026-10-01,12,SOLID_WASTE,grievance,1
2026-10-01,12,STRAY_ANIMALS,grievance,1
2026-10-01,12,STREETLIGHT_ELECTRICAL,grievance,2
2026-10-01,12,TRAFFIC_OBSTRUCTION,grievance,1
2026-10-01,12,VECTOR_DISEASE,grievance,1
2026-10-01,13,AIR_POLLUTION,grievance,1
2026-10-01,13,CRIME_PROPERTY,police,2
2026-10-01,13,ENCROACHMENT,grievance,1
2026-10-01,13,FLOOD_WATERLOGGING,police,1
2026-10-01,13,FLOOD_WATERLOGGING,pwd,2
2026-10-01,13,PUBLIC_ORDER,police,2
2026-10-01,13,ROAD_ACCIDENT,police,3
2026-10-01,13,ROAD_DAMAGE,grievance,1
2026-10-01,13,SANITATION_TOILETS,grievance,2
2026-10-01,13,SOLID_WASTE,grievance,1
2026-10-01,14,CRIME_PROPERTY,police,1
2026-10-01,14,CRIME_VIOLENT,police,1
2026-10-01,14,DARK_SPOT_SAFETY,grievance,1
2026-10-01,14,DRAINAGE_SEWAGE,grievance,1
2026-10-01,14,FLOOD_WATERLOGGING,police,2
2026-10-01,14,FLOOD_WATERLOGGING,pwd,1
2026-10-01,14,FOOD_SAFETY,grievance,1
2026-10-01,15,CIVIC_FACILITIES,grievance,1
2026-10-01,15,CRIME_PROPERTY,police,2
2026-10-01,15,PUBLIC_ORDER,police,2
2026-10-01,,CRIME_PROPERTY,news,1
2026-10-01,,DRAINAGE_SEWAGE,news,1
2026-10-01,,FLOOD_WATERLOGGING,news,1
2026-10-01,,VECTOR_DISEASE,news,22
2026-10-01,,WATER_SUPPLY,news,1
2026-10-02,1,CRIME_PROPERTY,police,1
2026-10-02,1,PUBLIC_ORDER,police,1
2026-10-02,1,ROAD_DAMAGE,grievance,1
2026-10-02,1,WATERBODY_INFRA,pwd,1
2026-10-02,2,ENCROACHMENT,grievance,1
2026-10-02,2,TREES_PARKS,grievance,1
2026-10-02,3,SOLID_WASTE,grievance,2
2026-10-02,4,FLOOD_WATERLOGGING,grievance,1
2026-10-02,4,PUBLIC_ORDER,police,1
2026-10-02,4,ROAD_DAMAGE,grievance,1
2026-10-02,4,SOLID_WASTE,grievance,1
2026-10-02,4,STREETLIGHT_ELECTRICAL,grievance,1
2026-10-02,5,CRIME_PROPERTY,police,1
2026-10-02,5,CRIME_VIOLENT,police,1
2026-10-02,5,PUBLIC_ORDER,police,1
2026-10-02,5,ROAD_ACCIDENT,police,1
2026-10-02,5,ROAD_DAMAGE,pwd,1
2026-10-02,5,SOLID_WASTE,grievance,1
2026-10-02,5,STREETLIGHT_ELECTRICAL,grievance,1
2026-10-02,5,VECTOR_DISEASE,hospital,1
2026-10-02,6,CRIME_PROPERTY,police,2
2026-10-02,6,CRIME_VIOLENT,police,1
2026-10-02,6,DRUGS_LIQUOR,police,1
2026-10-02,6,FLOOD_RELIEF,grievance,1
2026-10-02,6,ROAD_ACCIDENT,police,2
2026-10-02,6,ROAD_DAMAGE,grievance,1
2026-10-02,6,SANITATION_TOILETS,grievance,1
2026-10-02,6,SOLID_WASTE,grievance,1
2026-10-02,7,ADMIN_SERVICES,grievance,1
2026-10-02,7,SANITATION_TOILETS,grievance,1
2026-10-02,7,SOLID_WASTE,grievance,2
2026-10-02,7,TREES_PARKS,grievance,1
2026-10-02,8,DRAINAGE_SEWAGE,grievance,1
2026-10-02,8,FLOOD_WATERLOGGING,pwd,1
2026-10-02,8,MISSING_PERSON,police,1
2026-10-02,8,PUBLIC_ORDER,police,1
2026-10-02,8,ROAD_DAMAGE,grievance,2
2026-10-02,8,ROAD_DAMAGE,pwd,2
2026-10-02,8,SANITATION_TOILETS,grievance,1
2026-10-02,8,SOLID_WASTE,grievance,1
2026-10-02,8,VECTOR_DISEASE,grievance,1
2026-10-02,9,CRIME_PROPERTY,police,1
2026-10-02,9,FOOD_SAFETY,grievance,1
2026-10-02,9,SOLID_WASTE,grievance,1
2026-10-02,9,STREETLIGHT_ELECTRICAL,grievance,2
2026-10-02,9,VECTOR_DISEASE,hospital,1
2026-10-02,10,BUILDING_SAFETY,pwd,2
2026-10-02,10,CRIME_PROPERTY,police,1
2026-10-02,10,FOOD_SAFETY,grievance,1
2026-10-02,10,SOLID_WASTE,grievance,2
2026-10-02,10,STREETLIGHT_ELECTRICAL,grievance,1
2026-10-02,10,TREES_PARKS,grievance,1
2026-10-02,11,DRAINAGE_SEWAGE,grievance,1
2026-10-02,11,ENCROACHMENT,pwd,1
2026-10-02,11,MISSING_PERSON,police,1
2026-10-02,11,SOLID_WASTE,grievance,1
2026-10-02,11,STREETLIGHT_ELECTRICAL,grievance,1
2026-10-02,12,PUBLIC_ORDER,police,1
2026-10-02,12,ROAD_DAMAGE,grievance,1
2026-10-02,12,TREES_PARKS,grievance,1
2026-10-02,13,CRIME_PROPERTY,police,1
2026-10-02,13,FLOOD_WATERLOGGING,pwd,1
2026-10-02,13,ROAD_ACCIDENT,police,1
2026-10-02,14,ENCROACHMENT,grievance,1
2026-10-02,14,FLOOD_WATERLOGGING,pwd,1
2026-10-02,14,PUBLIC_ORDER,police,1
2026-10-02,15,PUBLIC_ORDER,police,1
2026-10-02,15,ROAD_ACCIDENT,police,1
2026-10-02,15,STREETLIGHT_ELECTRICAL,grievance,1
2026-10-02,,CRIME_PROPERTY,news,1
2026-10-02,,DRAINAGE_SEWAGE,news,1
2026-10-02,,PUBLIC_ORDER,news,1
2026-10-02,,STREETLIGHT_ELECTRICAL,news,1
2026-10-02,,VECTOR_DISEASE,news,1
