event_a,event_b,src_a,src_b,prob,decision,features
POL-20260720-0033,NEWS-20260924-3c6b119163e14454,police,news,0.9302318902707417,linked,"{""dist_m"": 121.841, ""dt_h"": 5.81, ""dist_norm"": 0.052, ""dt_norm"": 0.108, ""text_sim"": 0.264, ""same_cat"": 1.0, ""same_ward"": 1.0, ""coarse"": 1.0, ""has_news"": 1.0}"
POL-20260907-0062,NEWS-20260924-5c01c7066abc45d6,police,news,0.9100830983681647,linked,"{""dist_m"": 261.063, ""dt_h"": 14.897, ""dist_norm"": 0.112, ""dt_norm"": 0.276, ""text_sim"": 0.392, ""same_cat"": 1.0, ""same_ward"": 1.0, ""coarse"": 1.0, ""has_news"": 1.0}"
POL-20260912-0028,NEWS-20260924-af5974e080734989,police,news,0.7953467420576856,linked,"{""dist_m"": 181.089, ""dt_h"": 25.535, ""dist_norm"": 0.142, ""dt_norm"": 0.473, ""text_sim"": 0.39, ""same_cat"": 1.0, ""same_ward"": 1.0, ""coarse"": 1.0, ""has_news"": 1.0}"
POL-20260918-0053,NEWS-20260924-45cb8dafcc1a4502,police,news,0.7326916660107635,linked,"{""dist_m"": 87.275, ""dt_h"": 8.875, ""dist_norm"": 0.068, ""dt_norm"": 0.164, ""text_sim"": 0.0, ""same_cat"": 1.0, ""same_ward"": 1.0, ""coarse"": 1.0, ""has_news"": 1.0}"
POL-20260926-0010,NEWS-20260927-791bdeb93b404bc7,police,news,0.7046977551490615,linked,"{""dist_m"": 233.713, ""dt_h"": 15.368, ""dist_norm"": 0.093, ""dt_norm"": 0.285, ""text_sim"": 0.093, ""same_cat"": 1.0, ""same_ward"": 1.0, ""coarse"": 1.0, ""has_news"": 1.0}"
POL-20260929-0034,NEWS-20261001-e4b3d0be050745d7,police,news,0.7500634541492323,linked,"{""dist_m"": 236.405, ""dt_h"": 25.659, ""dist_norm"": 0.094, ""dt_norm"": 0.475, ""text_sim"": 0.312, ""same_cat"": 1.0, ""same_ward"": 1.0, ""coarse"": 1.0, ""has_news"": 1.0}"
GRV-2026-845BFH,POL-OVL-00160,grievance,police,0.8788195920469699,linked,"{""dist_m"": 67.209, ""dt_h"": 11.281, ""dist_norm"": 0.198, ""dt_norm"": 0.157, ""text_sim"": 0.073, ""same_cat"": 1.0, ""same_ward"": 1.0, ""coarse"": 0.0, ""has_news"": 0.0}"
NEWS-20260927-bef5969f3ab04ca1,GRV-OVL-00333,news,grievance,0.7904945424644925,linked,"{""dist_m"": 229.123, ""dt_h"": 7.135, ""dist_norm"": 0.215, ""dt_norm"": 0.059, ""text_sim"": 0.051, ""same_cat"": 1.0, ""same_ward"": 1.0, ""coarse"": 1.0, ""has_news"": 1.0}"
GRV-OVL-00173,POL-OVL-00145,grievance,police,0.9832209215988809,linked,"{""dist_m"": 49.969, ""dt_h"": 7.737, ""dist_norm"": 0.147, ""dt_norm"": 0.107, ""text_sim"": 0.429, ""same_cat"": 1.0, ""same_ward"": 1.0, ""coarse"": 0.0, ""has_news"": 0.0}"
GRV-OVL-00174,POL-OVL-00145,grievance,police,0.9749013859032236,linked,"{""dist_m"": 99.958, ""dt_h"": 8.057, ""dist_norm"": 0.294, ""dt_norm"": 0.112, ""text_sim"": 0.43, ""same_cat"": 1.0, ""same_ward"": 1.0, ""coarse"": 0.0, ""has_news"": 0.0}"
GRV-OVL-00175,POL-OVL-00145,grievance,police,0.9684503883670934,linked,"{""dist_m"": 117.665, ""dt_h"": 8.294, ""dist_norm"": 0.346, ""dt_norm"": 0.115, ""text_sim"": 0.413, ""same_cat"": 1.0, ""same_ward"": 1.0, ""coarse"": 0.0, ""has_news"": 0.0}"
GRV-OVL-00185,POL-OVL-00148,grievance,police,0.9743214781658287,linked,"{""dist_m"": 91.867, ""dt_h"": 1.176, ""dist_norm"": 0.27, ""dt_norm"": 0.016, ""text_sim"": 0.326, ""same_cat"": 1.0, ""same_ward"": 1.0, ""coarse"": 0.0, ""has_news"": 0.0}"
GRV-OVL-00186,POL-OVL-00148,grievance,police,0.9829785503571091,linked,"{""dist_m"": 100.005, ""dt_h"": 1.95, ""dist_norm"": 0.294, ""dt_norm"": 0.027, ""text_sim"": 0.434, ""same_cat"": 1.0, ""same_ward"": 1.0, ""coarse"": 0.0, ""has_news"": 0.0}"
GRV-OVL-00194,POL-OVL-00151,grievance,police,0.9894784886354387,linked,"{""dist_m"": 83.323, ""dt_h"": 0.947, ""dist_norm"": 0.245, ""dt_norm"": 0.013, ""text_sim"": 0.495, ""same_cat"": 1.0, ""same_ward"": 1.0, ""coarse"": 0.0, ""has_news"": 0.0}"
GRV-OVL-00203,POL-OVL-00154,grievance,police,0.990324377620936,linked,"{""dist_m"": 48.358, ""dt_h"": 1.479, ""dist_norm"": 0.142, ""dt_norm"": 0.021, ""text_sim"": 0.463, ""same_cat"": 1.0, ""same_ward"": 1.0, ""coarse"": 0.0, ""has_news"": 0.0}"
GRV-OVL-00204,POL-OVL-00154,grievance,police,0.9844540888754333,linked,"{""dist_m"": 31.514, ""dt_h"": 1.202, ""dist_norm"": 0.093, ""dt_norm"": 0.017, ""text_sim"": 0.334, ""same_cat"": 1.0, ""same_ward"": 1.0, ""coarse"": 0.0, ""has_news"": 0.0}"
GRV-OVL-00214,POL-OVL-00157,grievance,police,0.9854146752155113,linked,"{""dist_m"": 86.521, ""dt_h"": 1.358, ""dist_norm"": 0.254, ""dt_norm"": 0.019, ""text_sim"": 0.437, ""same_cat"": 1.0, ""same_ward"": 1.0, ""coarse"": 0.0, ""has_news"": 0.0}"
GRV-OVL-00215,POL-OVL-00157,grievance,police,0.9561358572437099,linked,"{""dist_m"": 121.343, ""dt_h"": 7.151, ""dist_norm"": 0.357, ""dt_norm"": 0.099, ""text_sim"": 0.334, ""same_cat"": 1.0, ""same_ward"": 1.0, ""coarse"": 0.0, ""has_news"": 0.0}"
GRV-OVL-00225,POL-OVL-00160,grievance,police,0.990891789712322,linked,"{""dist_m"": 40.21, ""dt_h"": 0.244, ""dist_norm"": 0.118, ""dt_norm"": 0.003, ""text_sim"": 0.447, ""same_cat"": 1.0, ""same_ward"": 1.0, ""coarse"": 0.0, ""has_news"": 0.0}"
GRV-OVL-00235,POL-OVL-00163,grievance,police,0.9889081562220389,linked,"{""dist_m"": 108.355, ""dt_h"": 8.091, ""dist_norm"": 0.319, ""dt_norm"": 0.112, ""text_sim"": 0.614, ""same_cat"": 1.0, ""same_ward"": 1.0, ""coarse"": 0.0, ""has_news"": 0.0}"
GRV-OVL-00236,POL-OVL-00163,grievance,police,0.9942031718886023,linked,"{""dist_m"": 67.717, ""dt_h"": 1.912, ""dist_norm"": 0.199, ""dt_norm"": 0.027, ""text_sim"": 0.605, ""same_cat"": 1.0, ""same_ward"": 1.0, ""coarse"": 0.0, ""has_news"": 0.0}"
GRV-OVL-00237,POL-OVL-00163,grievance,police,0.9962675523541525,linked,"{""dist_m"": 9.121, ""dt_h"": 2.209, ""dist_norm"": 0.027, ""dt_norm"": 0.031, ""text_sim"": 0.605, ""same_cat"": 1.0, ""same_ward"": 1.0, ""coarse"": 0.0, ""has_news"": 0.0}"
GRV-OVL-00248,POL-OVL-00166,grievance,police,0.9957267932636527,linked,"{""dist_m"": 41.928, ""dt_h"": 5.641, ""dist_norm"": 0.123, ""dt_norm"": 0.078, ""text_sim"": 0.673, ""same_cat"": 1.0, ""same_ward"": 1.0, ""coarse"": 0.0, ""has_news"": 0.0}"
GRV-OVL-00256,POL-OVL-00169,grievance,police,0.9875489645539788,linked,"{""dist_m"": 18.597, ""dt_h"": 6.972, ""dist_norm"": 0.055, ""dt_norm"": 0.097, ""text_sim"": 0.431, ""same_cat"": 1.0, ""same_ward"": 1.0, ""coarse"": 0.0, ""has_news"": 0.0}"
GRV-OVL-00257,POL-OVL-00169,grievance,police,0.9889723163782137,linked,"{""dist_m"": 54.912, ""dt_h"": 2.292, ""dist_norm"": 0.162, ""dt_norm"": 0.032, ""text_sim"": 0.456, ""same_cat"": 1.0, ""same_ward"": 1.0, ""coarse"": 0.0, ""has_news"": 0.0}"
GRV-OVL-00268,POL-OVL-00172,grievance,police,0.9931962793550055,linked,"{""dist_m"": 26.2, ""dt_h"": 1.548, ""dist_norm"": 0.077, ""dt_norm"": 0.022, ""text_sim"": 0.501, ""same_cat"": 1.0, ""same_ward"": 1.0, ""coarse"": 0.0, ""has_news"": 0.0}"
GRV-OVL-00277,POL-OVL-00175,grievance,police,0.9928905394271467,linked,"{""dist_m"": 35.513, ""dt_h"": 5.886, ""dist_norm"": 0.104, ""dt_norm"": 0.082, ""text_sim"": 0.561, ""same_cat"": 1.0, ""same_ward"": 1.0, ""coarse"": 0.0, ""has_news"": 0.0}"
GRV-OVL-00287,POL-OVL-00178,grievance,police,0.868394699458648,linked,"{""dist_m"": 38.581, ""dt_h"": 4.599, ""dist_norm"": 0.113, ""dt_norm"": 0.064, ""text_sim"": 0.222, ""same_cat"": 1.0, ""same_ward"": 0.0, ""coarse"": 0.0, ""has_news"": 0.0}"
GRV-OVL-00288,POL-OVL-00178,grievance,police,0.8733359392880988,linked,"{""dist_m"": 127.462, ""dt_h"": 0.473, ""dist_norm"": 0.375, ""dt_norm"": 0.007, ""text_sim"": 0.323, ""same_cat"": 1.0, ""same_ward"": 0.0, ""coarse"": 0.0, ""has_news"": 0.0}"
GRV-OVL-00289,POL-OVL-00178,grievance,police,0.8765778585239713,linked,"{""dist_m"": 95.176, ""dt_h"": 3.487, ""dist_norm"": 0.28, ""dt_norm"": 0.048, ""text_sim"": 0.314, ""same_cat"": 1.0, ""same_ward"": 0.0, ""coarse"": 0.0, ""has_news"": 0.0}"
GRV-OVL-00301,POL-OVL-00181,grievance,police,0.9959158618744087,linked,"{""dist_m"": 23.949, ""dt_h"": 1.111, ""dist_norm"": 0.07, ""dt_norm"": 0.015, ""text_sim"": 0.597, ""same_cat"": 1.0, ""same_ward"": 1.0, ""coarse"": 0.0, ""has_news"": 0.0}"
GRV-OVL-00302,POL-OVL-00181,grievance,police,0.9943419759816777,linked,"{""dist_m"": 44.286, ""dt_h"": 4.118, ""dist_norm"": 0.13, ""dt_norm"": 0.057, ""text_sim"": 0.6, ""same_cat"": 1.0, ""same_ward"": 1.0, ""coarse"": 0.0, ""has_news"": 0.0}"
GRV-OVL-00312,POL-OVL-00184,grievance,police,0.987769562379014,linked,"{""dist_m"": 97.653, ""dt_h"": 2.75, ""dist_norm"": 0.287, ""dt_norm"": 0.038, ""text_sim"": 0.509, ""same_cat"": 1.0, ""same_ward"": 1.0, ""coarse"": 0.0, ""has_news"": 0.0}"
GRV-OVL-00313,POL-OVL-00184,grievance,police,0.9827902130324118,linked,"{""dist_m"": 106.191, ""dt_h"": 0.502, ""dist_norm"": 0.312, ""dt_norm"": 0.007, ""text_sim"": 0.424, ""same_cat"": 1.0, ""same_ward"": 1.0, ""coarse"": 0.0, ""has_news"": 0.0}"
GRV-2026-564RJS,HSP-government-peripheral-hospital-anna-naga-20260825,grievance,hospital,0.7321616781576669,linked,"{""dist_m"": 241.32, ""dt_h"": 4.3, ""dist_norm"": 0.157, ""dt_norm"": 0.013, ""text_sim"": 0.019, ""same_cat"": 1.0, ""same_ward"": 0.0, ""coarse"": 0.0, ""has_news"": 0.0}"
GRV-2026-919ERH,HSP-rajiv-gandhi-government-general-hospital-20260827,grievance,hospital,0.7177278236204025,linked,"{""dist_m"": 804.254, ""dt_h"": 56.05, ""dist_norm"": 0.522, ""dt_norm"": 0.167, ""text_sim"": 0.046, ""same_cat"": 1.0, ""same_ward"": 1.0, ""coarse"": 0.0, ""has_news"": 0.0}"
GRV-2026-919ERH,HSP-rajiv-gandhi-government-general-hospital-20260828,grievance,hospital,0.7712815099376761,linked,"{""dist_m"": 804.254, ""dt_h"": 32.05, ""dist_norm"": 0.522, ""dt_norm"": 0.095, ""text_sim"": 0.039, ""same_cat"": 1.0, ""same_ward"": 1.0, ""coarse"": 0.0, ""has_news"": 0.0}"
GRV-2026-919ERH,HSP-rajiv-gandhi-government-general-hospital-20260829,grievance,hospital,0.8265931653564859,linked,"{""dist_m"": 804.254, ""dt_h"": 8.05, ""dist_norm"": 0.522, ""dt_norm"": 0.024, ""text_sim"": 0.046, ""same_cat"": 1.0, ""same_ward"": 1.0, ""coarse"": 0.0, ""has_news"": 0.0}"
GRV-2026-919ERH,HSP-rajiv-gandhi-government-general-hospital-20260830,grievance,hospital,0.8063466729251942,linked,"{""dist_m"": 804.254, ""dt_h"": 15.95, ""dist_norm"": 0.522, ""dt_norm"": 0.047, ""text_sim"": 0.039, ""same_cat"": 1.0, ""same_ward"": 1.0, ""coarse"": 0.0, ""has_news"": 0.0}"
GRV-2026-919ERH,HSP-rajiv-gandhi-government-general-hospital-20260831,grievance,hospital,0.7580032261580882,linked,"{""dist_m"": 804.254, ""dt_h"": 39.95, ""dist_norm"": 0.522, ""dt_norm"": 0.119, ""text_sim"": 0.045, ""same_cat"": 1.0, ""same_ward"": 1.0, ""coarse"": 0.0, ""has_news"": 0.0}"
GRV-2026-530LEA,HSP-institute-of-child-health-and-hospital-20260920,grievance,hospital,0.8725265200442031,linked,"{""dist_m"": 777.118, ""dt_h"": 2.1, ""dist_norm"": 0.381, ""dt_norm"": 0.044, ""text_sim"": 0.06, ""same_cat"": 1.0, ""same_ward"": 1.0, ""coarse"": 0.0, ""has_news"": 0.0}"
HSP-institute-of-child-health-and-hospital-20260601,GRV-OVL-00282,hospital,grievance,0.7091733614239829,linked,"{""dist_m"": 155.2, ""dt_h"": 157.403, ""dist_norm"": 0.101, ""dt_norm"": 0.468, ""text_sim"": 0.078, ""same_cat"": 1.0, ""same_ward"": 1.0, ""coarse"": 0.0, ""has_news"": 0.0}"
NEWS-20260924-817c597525044137,GRV-OVL-00354,news,grievance,0.7147887455328319,linked,"{""dist_m"": 619.313, ""dt_h"": 27.073, ""dist_norm"": 0.273, ""dt_norm"": 0.071, ""text_sim"": 0.009, ""same_cat"": 1.0, ""same_ward"": 1.0, ""coarse"": 1.0, ""has_news"": 1.0}"
NEWS-20260924-817c597525044137,GRV-OVL-00355,news,grievance,0.8311393517665864,linked,"{""dist_m"": 260.638, ""dt_h"": 5.089, ""dist_norm"": 0.115, ""dt_norm"": 0.013, ""text_sim"": 0.009, ""same_cat"": 1.0, ""same_ward"": 1.0, ""coarse"": 1.0, ""has_news"": 1.0}"
NEWS-20260924-817c597525044137,GRV-OVL-00356,news,grievance,0.8465815346385269,linked,"{""dist_m"": 39.019, ""dt_h"": 19.975, ""dist_norm"": 0.017, ""dt_norm"": 0.052, ""text_sim"": 0.014, ""same_cat"": 1.0, ""same_ward"": 1.0, ""coarse"": 1.0, ""has_news"": 1.0}"
NEWS-20260927-4c12c27cf10e487c,GRV-OVL-00273,news,grievance,0.7503485977729495,linked,"{""dist_m"": 869.523, ""dt_h"": 13.351, ""dist_norm"": 0.247, ""dt_norm"": 0.035, ""text_sim"": 0.0, ""same_cat"": 1.0, ""same_ward"": 1.0, ""coarse"": 1.0, ""has_news"": 1.0}"
NEWS-20260927-4c12c27cf10e487c,GRV-OVL-00276,news,grievance,0.7821236599124234,linked,"{""dist_m"": 445.729, ""dt_h"": 25.962, ""dist_norm"": 0.127, ""dt_norm"": 0.068, ""text_sim"": 0.0, ""same_cat"": 1.0, ""same_ward"": 1.0, ""coarse"": 1.0, ""has_news"": 1.0}"
NEWS-20260927-4c12c27cf10e487c,HSP-institute-of-child-health-and-hospital-OVL010,news,hospital,0.7662060540599237,linked,"{""dist_m"": 345.767, ""dt_h"": 40.606, ""dist_norm"": 0.098, ""dt_norm"": 0.106, ""text_sim"": 0.0, ""same_cat"": 1.0, ""same_ward"": 1.0, ""coarse"": 1.0, ""has_news"": 1.0}"
NEWS-20260924-ca09941855294c00,GRV-OVL-00320,news,grievance,0.7243125745618159,linked,"{""dist_m"": 618.07, ""dt_h"": 27.028, ""dist_norm"": 0.273, ""dt_norm"": 0.07, ""text_sim"": 0.019, ""same_cat"": 1.0, ""same_ward"": 1.0, ""coarse"": 1.0, ""has_news"": 1.0}"
NEWS-20260924-ca09941855294c00,GRV-OVL-00321,news,grievance,0.8389358593215258,linked,"{""dist_m"": 261.554, ""dt_h"": 21.527, ""dist_norm"": 0.115, ""dt_norm"": 0.056, ""text_sim"": 0.06, ""same_cat"": 1.0, ""same_ward"": 1.0, ""coarse"": 1.0, ""has_news"": 1.0}"
NEWS-20260924-ca09941855294c00,GRV-OVL-00322,news,grievance,0.8093483341901357,linked,"{""dist_m"": 523.93, ""dt_h"": 12.369, ""dist_norm"": 0.231, ""dt_norm"": 0.032, ""text_sim"": 0.06, ""same_cat"": 1.0, ""same_ward"": 1.0, ""coarse"": 1.0, ""has_news"": 1.0}"
NEWS-20260924-ca09941855294c00,GRV-OVL-00323,news,grievance,0.7726315933474827,linked,"{""dist_m"": 686.721, ""dt_h"": 15.034, ""dist_norm"": 0.303, ""dt_norm"": 0.039, ""text_sim"": 0.06, ""same_cat"": 1.0, ""same_ward"": 1.0, ""coarse"": 1.0, ""has_news"": 1.0}"
NEWS-20260924-8aa0734bbe304aae,GRV-OVL-00346,news,grievance,0.8365155146897826,linked,"{""dist_m"": 207.726, ""dt_h"": 15.894, ""dist_norm"": 0.092, ""dt_norm"": 0.041, ""text_sim"": 0.03, ""same_cat"": 1.0, ""same_ward"": 1.0, ""coarse"": 1.0, ""has_news"": 1.0}"
NEWS-20260924-8aa0734bbe304aae,GRV-OVL-00347,news,grievance,0.8385620916205295,linked,"{""dist_m"": 135.898, ""dt_h"": 21.975, ""dist_norm"": 0.06, ""dt_norm"": 0.057, ""text_sim"": 0.03, ""same_cat"": 1.0, ""same_ward"": 1.0, ""coarse"": 1.0, ""has_news"": 1.0}"
GRV-OVL-00167,HSP-government-royapettah-hospital-OVL001,grievance,hospital,0.8022941896905845,linked,"{""dist_m"": 576.02, ""dt_h"": 34.384, ""dist_norm"": 0.374, ""dt_norm"": 0.102, ""text_sim"": 0.002, ""same_cat"": 1.0, ""same_ward"": 1.0, ""coarse"": 0.0, ""has_news"": 0.0}"
GRV-OVL-00168,HSP-government-royapettah-hospital-OVL001,grievance,hospital,0.7042995661658826,linked,"{""dist_m"": 725.068, ""dt_h"": 82.012, ""dist_norm"": 0.471, ""dt_norm"": 0.244, ""text_sim"": 0.074, ""same_cat"": 1.0, ""same_ward"": 1.0, ""coarse"": 0.0, ""has_news"": 0.0}"
GRV-OVL-00169,HSP-government-royapettah-hospital-OVL001,grievance,hospital,0.715485784008849,linked,"{""dist_m"": 80.997, ""dt_h"": 163.189, ""dist_norm"": 0.053, ""dt_norm"": 0.486, ""text_sim"": 0.074, ""same_cat"": 1.0, ""same_ward"": 1.0, ""coarse"": 0.0, ""has_news"": 0.0}"
GRV-OVL-00181,HSP-rajiv-gandhi-government-general-hospital-OVL008,grievance,hospital,0.8044374093898004,linked,"{""dist_m"": 691.282, ""dt_h"": 42.664, ""dist_norm"": 0.449, ""dt_norm"": 0.127, ""text_sim"": 0.068, ""same_cat"": 1.0, ""same_ward"": 1.0, ""coarse"": 0.0, ""has_news"": 0.0}"
GRV-OVL-00182,HSP-rajiv-gandhi-government-general-hospital-OVL008,grievance,hospital,0.7069624378191159,linked,"{""dist_m"": 313.631, ""dt_h"": 128.604, ""dist_norm"": 0.204, ""dt_norm"": 0.383, ""text_sim"": 0.055, ""same_cat"": 1.0, ""same_ward"": 1.0, ""coarse"": 0.0, ""has_news"": 0.0}"
GRV-OVL-00183,HSP-tamil-nadu-govt-multi-super-specialty-ho-OVL002,grievance,hospital,0.7111254257978749,linked,"{""dist_m"": 1006.761, ""dt_h"": 53.682, ""dist_norm"": 0.654, ""dt_norm"": 0.16, ""text_sim"": 0.105, ""same_cat"": 1.0, ""same_ward"": 1.0, ""coarse"": 0.0, ""has_news"": 0.0}"
GRV-OVL-00184,HSP-tamil-nadu-govt-multi-super-specialty-ho-OVL002,grievance,hospital,0.8440951746160973,linked,"{""dist_m"": 632.361, ""dt_h"": 13.201, ""dist_norm"": 0.411, ""dt_norm"": 0.039, ""text_sim"": 0.024, ""same_cat"": 1.0, ""same_ward"": 1.0, ""coarse"": 0.0, ""has_news"": 0.0}"
GRV-OVL-00211,HSP-government-peripheral-hospital-anna-naga-OVL005,grievance,hospital,0.7150424669765719,linked,"{""dist_m"": 1049.714, ""dt_h"": 8.366, ""dist_norm"": 0.682, ""dt_norm"": 0.025, ""text_sim"": 0.002, ""same_cat"": 1.0, ""same_ward"": 1.0, ""coarse"": 0.0, ""has_news"": 0.0}"
GRV-OVL-00223,HSP-government-peripheral-hospital-anna-naga-OVL006,grievance,hospital,0.7458173004550348,linked,"{""dist_m"": 593.213, ""dt_h"": 10.325, ""dist_norm"": 0.385, ""dt_norm"": 0.031, ""text_sim"": 0.175, ""same_cat"": 1.0, ""same_ward"": 0.0, ""coarse"": 0.0, ""has_news"": 0.0}"
GRV-OVL-00229,HSP-government-peripheral-hospital-anna-naga-OVL007,grievance,hospital,0.7997597942007393,linked,"{""dist_m"": 521.982, ""dt_h"": 98.882, ""dist_norm"": 0.339, ""dt_norm"": 0.294, ""text_sim"": 0.153, ""same_cat"": 1.0, ""same_ward"": 1.0, ""coarse"": 0.0, ""has_news"": 0.0}"
GRV-OVL-00230,HSP-government-peripheral-hospital-anna-naga-OVL007,grievance,hospital,0.8226820175230347,linked,"{""dist_m"": 855.979, ""dt_h"": 43.193, ""dist_norm"": 0.556, ""dt_norm"": 0.129, ""text_sim"": 0.153, ""same_cat"": 1.0, ""same_ward"": 1.0, ""coarse"": 0.0, ""has_news"": 0.0}"
GRV-OVL-00232,HSP-government-peripheral-hospital-anna-naga-OVL007,grievance,hospital,0.8203726864115988,linked,"{""dist_m"": 820.312, ""dt_h"": 11.045, ""dist_norm"": 0.533, ""dt_norm"": 0.033, ""text_sim"": 0.05, ""same_cat"": 1.0, ""same_ward"": 1.0, ""coarse"": 0.0, ""has_news"": 0.0}"
GRV-OVL-00233,HSP-government-peripheral-hospital-anna-naga-OVL007,grievance,hospital,0.7735369737047662,linked,"{""dist_m"": 696.116, ""dt_h"": 48.567, ""dist_norm"": 0.452, ""dt_norm"": 0.145, ""text_sim"": 0.047, ""same_cat"": 1.0, ""same_ward"": 1.0, ""coarse"": 0.0, ""has_news"": 0.0}"
GRV-OVL-00234,HSP-government-peripheral-hospital-anna-naga-OVL007,grievance,hospital,0.8082010830145596,linked,"{""dist_m"": 828.756, ""dt_h"": 23.992, ""dist_norm"": 0.538, ""dt_norm"": 0.071, ""text_sim"": 0.072, ""same_cat"": 1.0, ""same_ward"": 1.0, ""coarse"": 0.0, ""has_news"": 0.0}"
GRV-OVL-00264,HSP-obstetrics-and-gynecology-hospital-egmor-OVL011,grievance,hospital,0.7144813045372368,linked,"{""dist_m"": 898.482, ""dt_h"": 60.554, ""dist_norm"": 0.583, ""dt_norm"": 0.18, ""text_sim"": 0.088, ""same_cat"": 1.0, ""same_ward"": 1.0, ""coarse"": 0.0, ""has_news"": 0.0}"
GRV-OVL-00267,HSP-obstetrics-and-gynecology-hospital-egmor-OVL009,grievance,hospital,0.7102143506452205,linked,"{""dist_m"": 1168.252, ""dt_h"": 11.393, ""dist_norm"": 0.759, ""dt_norm"": 0.034, ""text_sim"": 0.048, ""same_cat"": 1.0, ""same_ward"": 1.0, ""coarse"": 0.0, ""has_news"": 0.0}"
HSP-obstetrics-and-gynecology-hospital-egmor-OVL009,GRV-OVL-00282,hospital,grievance,0.8078054890795262,linked,"{""dist_m"": 384.771, ""dt_h"": 109.403, ""dist_norm"": 0.25, ""dt_norm"": 0.326, ""text_sim"": 0.143, ""same_cat"": 1.0, ""same_ward"": 1.0, ""coarse"": 0.0, ""has_news"": 0.0}"
HSP-obstetrics-and-gynecology-hospital-egmor-OVL009,GRV-OVL-00283,hospital,grievance,0.7165180364328475,linked,"{""dist_m"": 441.263, ""dt_h"": 113.499, ""dist_norm"": 0.287, ""dt_norm"": 0.338, ""text_sim"": 0.069, ""same_cat"": 1.0, ""same_ward"": 1.0, ""coarse"": 0.0, ""has_news"": 0.0}"
HSP-obstetrics-and-gynecology-hospital-egmor-OVL009,GRV-OVL-00284,hospital,grievance,0.7220253687931987,linked,"{""dist_m"": 632.255, ""dt_h"": 113.37, ""dist_norm"": 0.411, ""dt_norm"": 0.337, ""text_sim"": 0.143, ""same_cat"": 1.0, ""same_ward"": 1.0, ""coarse"": 0.0, ""has_news"": 0.0}"
GRV-OVL-00273,HSP-institute-of-child-health-and-hospital-OVL010,grievance,hospital,0.7439761614578758,linked,"{""dist_m"": 1151.228, ""dt_h"": 53.957, ""dist_norm"": 0.748, ""dt_norm"": 0.161, ""text_sim"": 0.191, ""same_cat"": 1.0, ""same_ward"": 1.0, ""coarse"": 0.0, ""has_news"": 0.0}"
GRV-OVL-00276,HSP-institute-of-child-health-and-hospital-OVL010,grievance,hospital,0.8736904322508312,linked,"{""dist_m"": 671.481, ""dt_h"": 66.568, ""dist_norm"": 0.436, ""dt_norm"": 0.198, ""text_sim"": 0.232, ""same_cat"": 1.0, ""same_ward"": 1.0, ""coarse"": 0.0, ""has_news"": 0.0}"
GRV-OVL-00282,HSP-obstetrics-and-gynecology-hospital-egmor-OVL011,grievance,hospital,0.8083504375250796,linked,"{""dist_m"": 384.771, ""dt_h"": 85.403, ""dist_norm"": 0.25, ""dt_norm"": 0.254, ""text_sim"": 0.079, ""same_cat"": 1.0, ""same_ward"": 1.0, ""coarse"": 0.0, ""has_news"": 0.0}"
GRV-OVL-00283,HSP-obstetrics-and-gynecology-hospital-egmor-OVL011,grievance,hospital,0.7808719905473718,linked,"{""dist_m"": 441.263, ""dt_h"": 89.499, ""dist_norm"": 0.287, ""dt_norm"": 0.266, ""text_sim"": 0.075, ""same_cat"": 1.0, ""same_ward"": 1.0, ""coarse"": 0.0, ""has_news"": 0.0}"
GRV-OVL-00284,HSP-obstetrics-and-gynecology-hospital-egmor-OVL011,grievance,hospital,0.7227300554345522,linked,"{""dist_m"": 632.255, ""dt_h"": 89.37, ""dist_norm"": 0.411, ""dt_norm"": 0.266, ""text_sim"": 0.079, ""same_cat"": 1.0, ""same_ward"": 1.0, ""coarse"": 0.0, ""has_news"": 0.0}"
GRV-OVL-00296,HSP-stanley-medical-college-and-hospital-OVL012,grievance,hospital,0.9442400382222261,linked,"{""dist_m"": 118.877, ""dt_h"": 24.557, ""dist_norm"": 0.077, ""dt_norm"": 0.073, ""text_sim"": 0.106, ""same_cat"": 1.0, ""same_ward"": 1.0, ""coarse"": 0.0, ""has_news"": 0.0}"
GRV-OVL-00297,HSP-stanley-medical-college-and-hospital-OVL012,grievance,hospital,0.9145521093382147,linked,"{""dist_m"": 432.23, ""dt_h"": 14.214, ""dist_norm"": 0.281, ""dt_norm"": 0.042, ""text_sim"": 0.096, ""same_cat"": 1.0, ""same_ward"": 1.0, ""coarse"": 0.0, ""has_news"": 0.0}"
GRV-OVL-00298,HSP-stanley-medical-college-and-hospital-OVL012,grievance,hospital,0.7528217102220104,linked,"{""dist_m"": 1029.69, ""dt_h"": 34.905, ""dist_norm"": 0.669, ""dt_norm"": 0.104, ""text_sim"": 0.106, ""same_cat"": 1.0, ""same_ward"": 1.0, ""coarse"": 0.0, ""has_news"": 0.0}"
GRV-OVL-00306,HSP-government-royapettah-hospital-OVL013,grievance,hospital,0.9030247516624264,linked,"{""dist_m"": 400.991, ""dt_h"": 5.682, ""dist_norm"": 0.26, ""dt_norm"": 0.017, ""text_sim"": 0.033, ""same_cat"": 1.0, ""same_ward"": 1.0, ""coarse"": 0.0, ""has_news"": 0.0}"
GRV-OVL-00307,HSP-government-royapettah-hospital-OVL013,grievance,hospital,0.7772460740612304,linked,"{""dist_m"": 573.801, ""dt_h"": 46.683, ""dist_norm"": 0.373, ""dt_norm"": 0.139, ""text_sim"": 0.003, ""same_cat"": 1.0, ""same_ward"": 1.0, ""coarse"": 0.0, ""has_news"": 0.0}"
GRV-OVL-00308,HSP-government-royapettah-hospital-OVL013,grievance,hospital,0.9491584550968899,linked,"{""dist_m"": 137.755, ""dt_h"": 19.503, ""dist_norm"": 0.089, ""dt_norm"": 0.058, ""text_sim"": 0.119, ""same_cat"": 1.0, ""same_ward"": 1.0, ""coarse"": 0.0, ""has_news"": 0.0}"
GRV-OVL-00309,HSP-government-royapettah-hospital-OVL013,grievance,hospital,0.8036021850480387,linked,"{""dist_m"": 547.749, ""dt_h"": 48.774, ""dist_norm"": 0.356, ""dt_norm"": 0.145, ""text_sim"": 0.032, ""same_cat"": 1.0, ""same_ward"": 1.0, ""coarse"": 0.0, ""has_news"": 0.0}"
GRV-OVL-00310,HSP-government-royapettah-hospital-OVL013,grievance,hospital,0.8316043955059353,linked,"{""dist_m"": 722.465, ""dt_h"": 43.592, ""dist_norm"": 0.469, ""dt_norm"": 0.13, ""text_sim"": 0.119, ""same_cat"": 1.0, ""same_ward"": 1.0, ""coarse"": 0.0, ""has_news"": 0.0}"
GRV-OVL-00311,HSP-government-royapettah-hospital-OVL013,grievance,hospital,0.7824702804931667,linked,"{""dist_m"": 569.82, ""dt_h"": 66.919, ""dist_norm"": 0.37, ""dt_norm"": 0.199, ""text_sim"": 0.062, ""same_cat"": 1.0, ""same_ward"": 1.0, ""coarse"": 0.0, ""has_news"": 0.0}"
POL-20260711-0054,NEWS-20260924-efac7f581a844656,police,news,0.7218013642336801,linked,"{""dist_m"": 330.315, ""dt_h"": 7.135, ""dist_norm"": 0.142, ""dt_norm"": 0.132, ""text_sim"": 0.0, ""same_cat"": 1.0, ""same_ward"": 1.0, ""coarse"": 1.0, ""has_news"": 1.0}"
NEWS-20260924-93e8b45cc1734769,POL-OVL-00189,news,police,0.8105077134987125,linked,"{""dist_m"": 386.517, ""dt_h"": 8.09, ""dist_norm"": 0.36, ""dt_norm"": 0.15, ""text_sim"": 0.237, ""same_cat"": 1.0, ""same_ward"": 1.0, ""coarse"": 1.0, ""has_news"": 1.0}"
NEWS-20260929-aeaf4104f7b54bef,GRV-OVL-00405,news,grievance,0.7255862100490458,linked,"{""dist_m"": 261.247, ""dt_h"": 1.24, ""dist_norm"": 0.118, ""dt_norm"": 0.01, ""text_sim"": 0.179, ""same_cat"": 1.0, ""same_ward"": 0.0, ""coarse"": 1.0, ""has_news"": 1.0}"
NEWS-20260930-9fb8c39d26c047a1,GRV-OVL-00405,news,grievance,0.7255862100490458,linked,"{""dist_m"": 261.247, ""dt_h"": 1.24, ""dist_norm"": 0.118, ""dt_norm"": 0.01, ""text_sim"": 0.179, ""same_cat"": 1.0, ""same_ward"": 0.0, ""coarse"": 1.0, ""has_news"": 1.0}"
NEWS-20260924-a31f8c4509ba4917,POL-OVL-00194,news,police,0.7333236455073947,linked,"{""dist_m"": 171.338, ""dt_h"": 7.98, ""dist_norm"": 0.159, ""dt_norm"": 0.148, ""text_sim"": 0.333, ""same_cat"": 1.0, ""same_ward"": 0.0, ""coarse"": 1.0, ""has_news"": 1.0}"
NEWS-20260929-dea8c72c45174af5,GRV-OVL-00405,news,grievance,0.7088946243896564,linked,"{""dist_m"": 261.247, ""dt_h"": 1.486, ""dist_norm"": 0.118, ""dt_norm"": 0.012, ""text_sim"": 0.164, ""same_cat"": 1.0, ""same_ward"": 0.0, ""coarse"": 1.0, ""has_news"": 1.0}"
NEWS-20260929-770d4da34fa944ee,GRV-OVL-00405,news,grievance,0.7255862100490458,linked,"{""dist_m"": 261.247, ""dt_h"": 1.24, ""dist_norm"": 0.118, ""dt_norm"": 0.01, ""text_sim"": 0.179, ""same_cat"": 1.0, ""same_ward"": 0.0, ""coarse"": 1.0, ""has_news"": 1.0}"
NEWS-20260929-60320a7a04fb4b17,GRV-OVL-00404,news,grievance,0.7050200255155842,linked,"{""dist_m"": 186.85, ""dt_h"": 3.994, ""dist_norm"": 0.084, ""dt_norm"": 0.033, ""text_sim"": 0.16, ""same_cat"": 1.0, ""same_ward"": 0.0, ""coarse"": 1.0, ""has_news"": 1.0}"
NEWS-20260924-ff5216b0730949bf,POL-OVL-00186,news,police,0.8382700025577745,linked,"{""dist_m"": 206.27, ""dt_h"": 9.002, ""dist_norm"": 0.192, ""dt_norm"": 0.167, ""text_sim"": 0.2, ""same_cat"": 1.0, ""same_ward"": 1.0, ""coarse"": 1.0, ""has_news"": 1.0}"
NEWS-20260924-90ac06849eb14de3,POL-OVL-00187,news,police,0.7634798762738123,linked,"{""dist_m"": 308.876, ""dt_h"": 19.529, ""dist_norm"": 0.287, ""dt_norm"": 0.362, ""text_sim"": 0.331, ""same_cat"": 1.0, ""same_ward"": 1.0, ""coarse"": 1.0, ""has_news"": 1.0}"
NEWS-20260930-9cdafebfe3ea402d,GRV-OVL-00403,news,grievance,0.8097808445801844,linked,"{""dist_m"": 113.484, ""dt_h"": 8.653, ""dist_norm"": 0.118, ""dt_norm"": 0.072, ""text_sim"": 0.034, ""same_cat"": 1.0, ""same_ward"": 1.0, ""coarse"": 1.0, ""has_news"": 1.0}"
NEWS-20260930-cee8ab31123f42e5,GRV-OVL-00403,news,grievance,0.8557080904105206,linked,"{""dist_m"": 113.484, ""dt_h"": 4.268, ""dist_norm"": 0.118, ""dt_norm"": 0.036, ""text_sim"": 0.069, ""same_cat"": 1.0, ""same_ward"": 1.0, ""coarse"": 1.0, ""has_news"": 1.0}"
GRV-OVL-00176,POL-OVL-00146,grievance,police,0.7397335669347607,linked,"{""dist_m"": 29.559, ""dt_h"": 0.662, ""dist_norm"": 0.067, ""dt_norm"": 0.014, ""text_sim"": 0.414, ""same_cat"": 0.0, ""same_ward"": 0.0, ""coarse"": 0.0, ""has_news"": 0.0}"
GRV-OVL-00187,POL-OVL-00149,grievance,police,0.9405072796769289,linked,"{""dist_m"": 60.753, ""dt_h"": 2.348, ""dist_norm"": 0.138, ""dt_norm"": 0.049, ""text_sim"": 0.538, ""same_cat"": 0.0, ""same_ward"": 1.0, ""coarse"": 0.0, ""has_news"": 0.0}"
GRV-OVL-00195,POL-OVL-00152,grievance,police,0.9420788060197917,linked,"{""dist_m"": 91.361, ""dt_h"": 0.454, ""dist_norm"": 0.208, ""dt_norm"": 0.009, ""text_sim"": 0.546, ""same_cat"": 0.0, ""same_ward"": 1.0, ""coarse"": 0.0, ""has_news"": 0.0}"
GRV-OVL-00205,POL-OVL-00155,grievance,police,0.9128828508274834,linked,"{""dist_m"": 43.908, ""dt_h"": 1.472, ""dist_norm"": 0.1, ""dt_norm"": 0.031, ""text_sim"": 0.416, ""same_cat"": 0.0, ""same_ward"": 1.0, ""coarse"": 0.0, ""has_news"": 0.0}"
GRV-OVL-00216,POL-OVL-00158,grievance,police,0.8258689818651445,linked,"{""dist_m"": 95.321, ""dt_h"": 2.859, ""dist_norm"": 0.217, ""dt_norm"": 0.06, ""text_sim"": 0.344, ""same_cat"": 0.0, ""same_ward"": 1.0, ""coarse"": 0.0, ""has_news"": 0.0}"
GRV-OVL-00226,POL-OVL-00161,grievance,police,0.9274076718474573,linked,"{""dist_m"": 94.287, ""dt_h"": 1.934, ""dist_norm"": 0.214, ""dt_norm"": 0.04, ""text_sim"": 0.528, ""same_cat"": 0.0, ""same_ward"": 1.0, ""coarse"": 0.0, ""has_news"": 0.0}"
GRV-OVL-00238,POL-OVL-00164,grievance,police,0.9281647193384923,linked,"{""dist_m"": 60.134, ""dt_h"": 4.322, ""dist_norm"": 0.137, ""dt_norm"": 0.09, ""text_sim"": 0.533, ""same_cat"": 0.0, ""same_ward"": 1.0, ""coarse"": 0.0, ""has_news"": 0.0}"
GRV-OVL-00239,POL-OVL-00164,grievance,police,0.9386611090182312,linked,"{""dist_m"": 98.788, ""dt_h"": 2.217, ""dist_norm"": 0.225, ""dt_norm"": 0.046, ""text_sim"": 0.576, ""same_cat"": 0.0, ""same_ward"": 1.0, ""coarse"": 0.0, ""has_news"": 0.0}"
GRV-OVL-00249,POL-OVL-00167,grievance,police,0.8761555285502516,linked,"{""dist_m"": 87.837, ""dt_h"": 0.251, ""dist_norm"": 0.2, ""dt_norm"": 0.005, ""text_sim"": 0.368, ""same_cat"": 0.0, ""same_ward"": 1.0, ""coarse"": 0.0, ""has_news"": 0.0}"
GRV-OVL-00250,POL-OVL-00167,grievance,police,0.8356100357030752,linked,"{""dist_m"": 62.815, ""dt_h"": 4.167, ""dist_norm"": 0.143, ""dt_norm"": 0.087, ""text_sim"": 0.342, ""same_cat"": 0.0, ""same_ward"": 1.0, ""coarse"": 0.0, ""has_news"": 0.0}"
GRV-OVL-00258,POL-OVL-00170,grievance,police,0.9497029303015144,linked,"{""dist_m"": 31.455, ""dt_h"": 3.031, ""dist_norm"": 0.071, ""dt_norm"": 0.063, ""text_sim"": 0.551, ""same_cat"": 0.0, ""same_ward"": 1.0, ""coarse"": 0.0, ""has_news"": 0.0}"
GRV-OVL-00269,POL-OVL-00173,grievance,police,0.7237029085994412,linked,"{""dist_m"": 97.245, ""dt_h"": 1.997, ""dist_norm"": 0.221, ""dt_norm"": 0.042, ""text_sim"": 0.209, ""same_cat"": 0.0, ""same_ward"": 1.0, ""coarse"": 0.0, ""has_news"": 0.0}"
GRV-OVL-00278,POL-OVL-00176,grievance,police,0.889811215249464,linked,"{""dist_m"": 105.956, ""dt_h"": 2.226, ""dist_norm"": 0.241, ""dt_norm"": 0.046, ""text_sim"": 0.454, ""same_cat"": 0.0, ""same_ward"": 1.0, ""coarse"": 0.0, ""has_news"": 0.0}"
GRV-OVL-00279,POL-OVL-00176,grievance,police,0.9102784492987795,linked,"{""dist_m"": 69.829, ""dt_h"": 1.628, ""dist_norm"": 0.159, ""dt_norm"": 0.034, ""text_sim"": 0.445, ""same_cat"": 0.0, ""same_ward"": 1.0, ""coarse"": 0.0, ""has_news"": 0.0}"
GRV-OVL-00290,POL-OVL-00179,grievance,police,0.9282429467601072,linked,"{""dist_m"": 49.082, ""dt_h"": 1.292, ""dist_norm"": 0.112, ""dt_norm"": 0.027, ""text_sim"": 0.463, ""same_cat"": 0.0, ""same_ward"": 1.0, ""coarse"": 0.0, ""has_news"": 0.0}"
GRV-OVL-00291,POL-OVL-00179,grievance,police,0.9341999837865047,linked,"{""dist_m"": 28.841, ""dt_h"": 1.618, ""dist_norm"": 0.066, ""dt_norm"": 0.034, ""text_sim"": 0.463, ""same_cat"": 0.0, ""same_ward"": 1.0, ""coarse"": 0.0, ""has_news"": 0.0}"
GRV-OVL-00303,POL-OVL-00182,grievance,police,0.8794539009930135,linked,"{""dist_m"": 52.334, ""dt_h"": 1.559, ""dist_norm"": 0.119, ""dt_norm"": 0.032, ""text_sim"": 0.354, ""same_cat"": 0.0, ""same_ward"": 1.0, ""coarse"": 0.0, ""has_news"": 0.0}"
GRV-OVL-00314,POL-OVL-00185,grievance,police,0.9401848518215781,linked,"{""dist_m"": 127.286, ""dt_h"": 2.143, ""dist_norm"": 0.289, ""dt_norm"": 0.045, ""text_sim"": 0.616, ""same_cat"": 0.0, ""same_ward"": 1.0, ""coarse"": 0.0, ""has_news"": 0.0}"
GRV-OVL-00315,POL-OVL-00185,grievance,police,0.9435563654732732,linked,"{""dist_m"": 76.587, ""dt_h"": 3.677, ""dist_norm"": 0.174, ""dt_norm"": 0.077, ""text_sim"": 0.594, ""same_cat"": 0.0, ""same_ward"": 1.0, ""coarse"": 0.0, ""has_news"": 0.0}"
GRV-2026-184LKJ,PWD-INC-060206,grievance,pwd,0.8746734742621459,linked,"{""dist_m"": 64.081, ""dt_h"": 0.757, ""dist_norm"": 0.337, ""dt_norm"": 0.005, ""text_sim"": 0.005, ""same_cat"": 1.0, ""same_ward"": 1.0, ""coarse"": 0.0, ""has_news"": 0.0}"
GRV-2026-184LKJ,PWD-INC-060207,grievance,pwd,0.7827909275803439,linked,"{""dist_m"": 118.402, ""dt_h"": 2.458, ""dist_norm"": 0.623, ""dt_norm"": 0.015, ""text_sim"": 0.035, ""same_cat"": 1.0, ""same_ward"": 1.0, ""coarse"": 0.0, ""has_news"": 0.0}"
PWD-INC-OVL0195,POL-OVL-00144,pwd,police,0.9963348892962742,linked,"{""dist_m"": 69.265, ""dt_h"": 4.276, ""dist_norm"": 0.462, ""dt_norm"": 0.059, ""text_sim"": 0.873, ""same_cat"": 1.0, ""same_ward"": 1.0, ""coarse"": 0.0, ""has_news"": 0.0}"
PWD-INC-OVL0197,POL-OVL-00147,pwd,police,0.9966123307779099,linked,"{""dist_m"": 62.531, ""dt_h"": 4.813, ""dist_norm"": 0.417, ""dt_norm"": 0.067, ""text_sim"": 0.871, ""same_cat"": 1.0, ""same_ward"": 1.0, ""coarse"": 0.0, ""has_news"": 0.0}"
PWD-INC-OVL0199,POL-OVL-00150,pwd,police,0.9984969721608461,linked,"{""dist_m"": 28.202, ""dt_h"": 0.854, ""dist_norm"": 0.188, ""dt_norm"": 0.012, ""text_sim"": 0.863, ""same_cat"": 1.0, ""same_ward"": 1.0, ""coarse"": 0.0, ""has_news"": 0.0}"
PWD-INC-OVL0201,POL-OVL-00153,pwd,police,0.9968017283706699,linked,"{""dist_m"": 68.799, ""dt_h"": 2.427, ""dist_norm"": 0.459, ""dt_norm"": 0.034, ""text_sim"": 0.876, ""same_cat"": 1.0, ""same_ward"": 1.0, ""coarse"": 0.0, ""has_news"": 0.0}"
PWD-INC-OVL0203,POL-OVL-00156,pwd,police,0.9983959216284615,linked,"{""dist_m"": 36.253, ""dt_h"": 0.25, ""dist_norm"": 0.242, ""dt_norm"": 0.003, ""text_sim"": 0.871, ""same_cat"": 1.0, ""same_ward"": 1.0, ""coarse"": 0.0, ""has_news"": 0.0}"
PWD-INC-OVL0205,POL-OVL-00159,pwd,police,0.9979550606392849,linked,"{""dist_m"": 35.528, ""dt_h"": 2.518, ""dist_norm"": 0.237, ""dt_norm"": 0.035, ""text_sim"": 0.847, ""same_cat"": 1.0, ""same_ward"": 1.0, ""coarse"": 0.0, ""has_news"": 0.0}"
PWD-INC-OVL0207,POL-OVL-00162,pwd,police,0.9905106920136546,linked,"{""dist_m"": 50.229, ""dt_h"": 4.684, ""dist_norm"": 0.335, ""dt_norm"": 0.065, ""text_sim"": 0.91, ""same_cat"": 1.0, ""same_ward"": 0.0, ""coarse"": 0.0, ""has_news"": 0.0}"
PWD-INC-OVL0209,POL-OVL-00165,pwd,police,0.998140351065932,linked,"{""dist_m"": 39.801, ""dt_h"": 1.929, ""dist_norm"": 0.265, ""dt_norm"": 0.027, ""text_sim"": 0.875, ""same_cat"": 1.0, ""same_ward"": 1.0, ""coarse"": 0.0, ""has_news"": 0.0}"
PWD-INC-OVL0211,POL-OVL-00168,pwd,police,0.9981679909019077,linked,"{""dist_m"": 41.727, ""dt_h"": 1.355, ""dist_norm"": 0.278, ""dt_norm"": 0.019, ""text_sim"": 0.878, ""same_cat"": 1.0, ""same_ward"": 1.0, ""coarse"": 0.0, ""has_news"": 0.0}"
PWD-INC-OVL0213,POL-OVL-00171,pwd,police,0.9987796490993651,linked,"{""dist_m"": 14.963, ""dt_h"": 0.899, ""dist_norm"": 0.1, ""dt_norm"": 0.012, ""text_sim"": 0.858, ""same_cat"": 1.0, ""same_ward"": 1.0, ""coarse"": 0.0, ""has_news"": 0.0}"
PWD-INC-OVL0215,POL-OVL-00174,pwd,police,0.996800185294232,linked,"{""dist_m"": 51.876, ""dt_h"": 4.265, ""dist_norm"": 0.346, ""dt_norm"": 0.059, ""text_sim"": 0.837, ""same_cat"": 1.0, ""same_ward"": 1.0, ""coarse"": 0.0, ""has_news"": 0.0}"
PWD-INC-OVL0217,POL-OVL-00177,pwd,police,0.9988422119055037,linked,"{""dist_m"": 21.142, ""dt_h"": 0.034, ""dist_norm"": 0.141, ""dt_norm"": 0.0, ""text_sim"": 0.88, ""same_cat"": 1.0, ""same_ward"": 1.0, ""coarse"": 0.0, ""has_news"": 0.0}"
PWD-INC-OVL0219,POL-OVL-00180,pwd,police,0.9873166818966531,linked,"{""dist_m"": 52.466, ""dt_h"": 3.773, ""dist_norm"": 0.35, ""dt_norm"": 0.052, ""text_sim"": 0.847, ""same_cat"": 1.0, ""same_ward"": 0.0, ""coarse"": 0.0, ""has_news"": 0.0}"
PWD-INC-OVL0221,POL-OVL-00183,pwd,police,0.997749819341293,linked,"{""dist_m"": 50.545, ""dt_h"": 1.331, ""dist_norm"": 0.337, ""dt_norm"": 0.018, ""text_sim"": 0.868, ""same_cat"": 1.0, ""same_ward"": 1.0, ""coarse"": 0.0, ""has_news"": 0.0}"
NEWS-20260924-6e6045e75abc4071,GRV-OVL-00329,news,grievance,0.782805004529633,linked,"{""dist_m"": 292.452, ""dt_h"": 2.637, ""dist_norm"": 0.288, ""dt_norm"": 0.027, ""text_sim"": 0.053, ""same_cat"": 1.0, ""same_ward"": 1.0, ""coarse"": 1.0, ""has_news"": 1.0}"
NEWS-20260924-27ed80b2004c4055,GRV-OVL-00353,news,grievance,0.8429052881291328,linked,"{""dist_m"": 275.047, ""dt_h"": 2.916, ""dist_norm"": 0.271, ""dt_norm"": 0.03, ""text_sim"": 0.128, ""same_cat"": 1.0, ""same_ward"": 1.0, ""coarse"": 1.0, ""has_news"": 1.0}"
GRV-2026-247YIW,POL-OVL-00002,grievance,police,0.9163793140814815,linked,"{""dist_m"": 187.728, ""dt_h"": 5.36, ""dist_norm"": 0.293, ""dt_norm"": 0.074, ""text_sim"": 0.136, ""same_cat"": 1.0, ""same_ward"": 1.0, ""coarse"": 0.0, ""has_news"": 0.0}"
GRV-2026-247YIW,POL-OVL-00003,grievance,police,0.9339882036531805,linked,"{""dist_m"": 120.729, ""dt_h"": 5.756, ""dist_norm"": 0.189, ""dt_norm"": 0.08, ""text_sim"": 0.136, ""same_cat"": 1.0, ""same_ward"": 1.0, ""coarse"": 0.0, ""has_news"": 0.0}"
GRV-2026-247YIW,PWD-INC-OVL0003,grievance,pwd,0.9326236929473704,linked,"{""dist_m"": 242.883, ""dt_h"": 3.37, ""dist_norm"": 0.38, ""dt_norm"": 0.047, ""text_sim"": 0.206, ""same_cat"": 1.0, ""same_ward"": 1.0, ""coarse"": 0.0, ""has_news"": 0.0}"
GRV-2026-329TLH,PWD-INC-052152,grievance,pwd,0.809260491241085,linked,"{""dist_m"": 232.648, ""dt_h"": 6.934, ""dist_norm"": 0.364, ""dt_norm"": 0.096, ""text_sim"": 0.0, ""same_cat"": 1.0, ""same_ward"": 1.0, ""coarse"": 0.0, ""has_news"": 0.0}"
GRV-2026-329TLH,PWD-INC-052187,grievance,pwd,0.8964787848609233,linked,"{""dist_m"": 120.548, ""dt_h"": 2.916, ""dist_norm"": 0.188, ""dt_norm"": 0.041, ""text_sim"": 0.0, ""same_cat"": 1.0, ""same_ward"": 1.0, ""coarse"": 0.0, ""has_news"": 0.0}"
GRV-2026-644LYV,PWD-INC-OVL0002,grievance,pwd,0.9528722439153484,linked,"{""dist_m"": 168.179, ""dt_h"": 0.221, ""dist_norm"": 0.263, ""dt_norm"": 0.003, ""text_sim"": 0.181, ""same_cat"": 1.0, ""same_ward"": 1.0, ""coarse"": 0.0, ""has_news"": 0.0}"
GRV-2026-885QJW,POL-OVL-00003,grievance,police,0.7913491252715679,linked,"{""dist_m"": 107.041, ""dt_h"": 36.773, ""dist_norm"": 0.167, ""dt_norm"": 0.511, ""text_sim"": 0.243, ""same_cat"": 1.0, ""same_ward"": 1.0, ""coarse"": 0.0, ""has_news"": 0.0}"
GRV-2026-885QJW,PWD-INC-OVL0003,grievance,pwd,0.7109778589010369,linked,"{""dist_m"": 233.645, ""dt_h"": 34.386, ""dist_norm"": 0.365, ""dt_norm"": 0.478, ""text_sim"": 0.233, ""same_cat"": 1.0, ""same_ward"": 1.0, ""coarse"": 0.0, ""has_news"": 0.0}"
GRV-2026-683BFG,POL-20260718-0046,grievance,police,0.8517634004663257,linked,"{""dist_m"": 227.58, ""dt_h"": 4.136, ""dist_norm"": 0.356, ""dt_norm"": 0.057, ""text_sim"": 0.023, ""same_cat"": 1.0, ""same_ward"": 1.0, ""coarse"": 0.0, ""has_news"": 0.0}"
GRV-2026-781FBO,PWD-INC-OVL0019,grievance,pwd,0.9350469880495323,linked,"{""dist_m"": 204.257, ""dt_h"": 12.372, ""dist_norm"": 0.319, ""dt_norm"": 0.172, ""text_sim"": 0.294, ""same_cat"": 1.0, ""same_ward"": 1.0, ""coarse"": 0.0, ""has_news"": 0.0}"
GRV-2026-025BSZ,PWD-INC-OVL0019,grievance,pwd,0.7988536086795477,linked,"{""dist_m"": 338.225, ""dt_h"": 8.095, ""dist_norm"": 0.528, ""dt_norm"": 0.112, ""text_sim"": 0.091, ""same_cat"": 1.0, ""same_ward"": 1.0, ""coarse"": 0.0, ""has_news"": 0.0}"
GRV-2026-542QFN,POL-OVL-00019,grievance,police,0.8324224552376931,linked,"{""dist_m"": 231.99, ""dt_h"": 4.399, ""dist_norm"": 0.362, ""dt_norm"": 0.061, ""text_sim"": 0.0, ""same_cat"": 1.0, ""same_ward"": 1.0, ""coarse"": 0.0, ""has_news"": 0.0}"
GRV-2026-882XFS,POL-20260809-0084,grievance,police,0.7202902612884208,linked,"{""dist_m"": 221.861, ""dt_h"": 12.376, ""dist_norm"": 0.216, ""dt_norm"": 0.172, ""text_sim"": 0.171, ""same_cat"": 1.0, ""same_ward"": 1.0, ""coarse"": 1.0, ""has_news"": 0.0}"
GRV-2026-656AMY,PWD-INC-057072,grievance,pwd,0.7711842790632867,linked,"{""dist_m"": 425.079, ""dt_h"": 0.769, ""dist_norm"": 0.664, ""dt_norm"": 0.011, ""text_sim"": 0.04, ""same_cat"": 1.0, ""same_ward"": 1.0, ""coarse"": 0.0, ""has_news"": 0.0}"
GRV-2026-155LQY,POL-OVL-00036,grievance,police,0.7665114115239938,linked,"{""dist_m"": 48.118, ""dt_h"": 8.663, ""dist_norm"": 0.035, ""dt_norm"": 0.12, ""text_sim"": 0.075, ""same_cat"": 1.0, ""same_ward"": 1.0, ""coarse"": 1.0, ""has_news"": 0.0}"
GRV-2026-966CCA,POL-OVL-00041,grievance,police,0.9556503806260602,linked,"{""dist_m"": 212.249, ""dt_h"": 2.274, ""dist_norm"": 0.274, ""dt_norm"": 0.032, ""text_sim"": 0.225, ""same_cat"": 1.0, ""same_ward"": 1.0, ""coarse"": 0.0, ""has_news"": 0.0}"
GRV-2026-966CCA,PWD-INC-OVL0053,grievance,pwd,0.9658490206891782,linked,"{""dist_m"": 191.627, ""dt_h"": 2.277, ""dist_norm"": 0.247, ""dt_norm"": 0.032, ""text_sim"": 0.267, ""same_cat"": 1.0, ""same_ward"": 1.0, ""coarse"": 0.0, ""has_news"": 0.0}"
GRV-2026-534DCS,PWD-INC-057142,grievance,pwd,0.7149491780015591,linked,"{""dist_m"": 417.687, ""dt_h"": 6.937, ""dist_norm"": 0.304, ""dt_norm"": 0.096, ""text_sim"": 0.146, ""same_cat"": 1.0, ""same_ward"": 1.0, ""coarse"": 1.0, ""has_news"": 0.0}"
GRV-2026-534DCS,PWD-INC-057158,grievance,pwd,0.762775152345378,linked,"{""dist_m"": 439.198, ""dt_h"": 0.695, ""dist_norm"": 0.319, ""dt_norm"": 0.01, ""text_sim"": 0.127, ""same_cat"": 1.0, ""same_ward"": 1.0, ""coarse"": 1.0, ""has_news"": 0.0}"
GRV-2026-087IBH,POL-OVL-00032,grievance,police,0.8838592007926838,linked,"{""dist_m"": 48.776, ""dt_h"": 10.439, ""dist_norm"": 0.076, ""dt_norm"": 0.145, ""text_sim"": 0.006, ""same_cat"": 1.0, ""same_ward"": 1.0, ""coarse"": 0.0, ""has_news"": 0.0}"
GRV-2026-785OMR,POL-OVL-00040,grievance,police,0.8438077879490505,linked,"{""dist_m"": 121.488, ""dt_h"": 10.503, ""dist_norm"": 0.19, ""dt_norm"": 0.146, ""text_sim"": 0.297, ""same_cat"": 1.0, ""same_ward"": 0.0, ""coarse"": 0.0, ""has_news"": 0.0}"
GRV-2026-785OMR,PWD-INC-OVL0051,grievance,pwd,0.9177415697906744,linked,"{""dist_m"": 274.687, ""dt_h"": 5.628, ""dist_norm"": 0.429, ""dt_norm"": 0.078, ""text_sim"": 0.218, ""same_cat"": 1.0, ""same_ward"": 1.0, ""coarse"": 0.0, ""has_news"": 0.0}"
GRV-2026-696WPN,PWD-INC-057361,grievance,pwd,0.9058944620855144,linked,"{""dist_m"": 116.048, ""dt_h"": 1.007, ""dist_norm"": 0.341, ""dt_norm"": 0.014, ""text_sim"": 0.081, ""same_cat"": 1.0, ""same_ward"": 1.0, ""coarse"": 0.0, ""has_news"": 0.0}"
GRV-2026-473CUW,PWD-INC-057791,grievance,pwd,0.840092774715639,linked,"{""dist_m"": 175.838, ""dt_h"": 2.178, ""dist_norm"": 0.517, ""dt_norm"": 0.03, ""text_sim"": 0.068, ""same_cat"": 1.0, ""same_ward"": 1.0, ""coarse"": 0.0, ""has_news"": 0.0}"
GRV-2026-540CCZ,PWD-INC-058149,grievance,pwd,0.7388174298205642,linked,"{""dist_m"": 197.237, ""dt_h"": 6.02, ""dist_norm"": 0.58, ""dt_norm"": 0.084, ""text_sim"": 0.024, ""same_cat"": 1.0, ""same_ward"": 1.0, ""coarse"": 0.0, ""has_news"": 0.0}"
GRV-2026-641MMS,POL-OVL-00051,grievance,police,0.9725209800048039,linked,"{""dist_m"": 87.627, ""dt_h"": 2.428, ""dist_norm"": 0.137, ""dt_norm"": 0.034, ""text_sim"": 0.254, ""same_cat"": 1.0, ""same_ward"": 1.0, ""coarse"": 0.0, ""has_news"": 0.0}"
GRV-2026-641MMS,PWD-INC-OVL0062,grievance,pwd,0.9572834014331222,linked,"{""dist_m"": 158.382, ""dt_h"": 2.965, ""dist_norm"": 0.247, ""dt_norm"": 0.041, ""text_sim"": 0.228, ""same_cat"": 1.0, ""same_ward"": 1.0, ""coarse"": 0.0, ""has_news"": 0.0}"
GRV-2026-641MMS,PWD-INC-OVL0063,grievance,pwd,0.96212897093249,linked,"{""dist_m"": 116.265, ""dt_h"": 0.086, ""dist_norm"": 0.182, ""dt_norm"": 0.001, ""text_sim"": 0.181, ""same_cat"": 1.0, ""same_ward"": 1.0, ""coarse"": 0.0, ""has_news"": 0.0}"
GRV-2026-152TJA,NEWS-20260924-8df222c6784e44ca,grievance,news,0.7578176081773438,linked,"{""dist_m"": 490.479, ""dt_h"": 9.667, ""dist_norm"": 0.327, ""dt_norm"": 0.081, ""text_sim"": 0.093, ""same_cat"": 1.0, ""same_ward"": 1.0, ""coarse"": 1.0, ""has_news"": 1.0}"
GRV-2026-646SVU,PWD-INC-OVL0071,grievance,pwd,0.8291136378698403,linked,"{""dist_m"": 259.778, ""dt_h"": 0.705, ""dist_norm"": 0.406, ""dt_norm"": 0.01, ""text_sim"": 0.271, ""same_cat"": 1.0, ""same_ward"": 0.0, ""coarse"": 0.0, ""has_news"": 0.0}"
GRV-2026-101ZEQ,PWD-INC-OVL0076,grievance,pwd,0.8737453574559845,linked,"{""dist_m"": 270.599, ""dt_h"": 6.353, ""dist_norm"": 0.423, ""dt_norm"": 0.088, ""text_sim"": 0.125, ""same_cat"": 1.0, ""same_ward"": 1.0, ""coarse"": 0.0, ""has_news"": 0.0}"
GRV-2026-956VLM,PWD-INC-058789,grievance,pwd,0.8812354430922228,linked,"{""dist_m"": 192.587, ""dt_h"": 3.39, ""dist_norm"": 0.301, ""dt_norm"": 0.047, ""text_sim"": 0.036, ""same_cat"": 1.0, ""same_ward"": 1.0, ""coarse"": 0.0, ""has_news"": 0.0}"
GRV-2026-514QRX,POL-OVL-00075,grievance,police,0.8185052077524905,linked,"{""dist_m"": 57.629, ""dt_h"": 11.832, ""dist_norm"": 0.037, ""dt_norm"": 0.164, ""text_sim"": 0.33, ""same_cat"": 0.0, ""same_ward"": 1.0, ""coarse"": 0.0, ""has_news"": 0.0}"
GRV-2026-288LJX,PWD-INC-059561,grievance,pwd,0.9310376030721748,linked,"{""dist_m"": 45.051, ""dt_h"": 2.121, ""dist_norm"": 0.07, ""dt_norm"": 0.029, ""text_sim"": 0.016, ""same_cat"": 1.0, ""same_ward"": 1.0, ""coarse"": 0.0, ""has_news"": 0.0}"
GRV-2026-288LJX,PWD-INC-059608,grievance,pwd,0.8249620115518227,linked,"{""dist_m"": 61.084, ""dt_h"": 18.289, ""dist_norm"": 0.095, ""dt_norm"": 0.254, ""text_sim"": 0.017, ""same_cat"": 1.0, ""same_ward"": 1.0, ""coarse"": 0.0, ""has_news"": 0.0}"
GRV-2026-288LJX,PWD-INC-059610,grievance,pwd,0.7892225876462236,linked,"{""dist_m"": 83.496, ""dt_h"": 20.319, ""dist_norm"": 0.13, ""dt_norm"": 0.282, ""text_sim"": 0.014, ""same_cat"": 1.0, ""same_ward"": 1.0, ""coarse"": 0.0, ""has_news"": 0.0}"
GRV-2026-288LJX,PWD-INC-059611,grievance,pwd,0.7978547848031106,linked,"{""dist_m"": 159.536, ""dt_h"": 21.524, ""dist_norm"": 0.249, ""dt_norm"": 0.299, ""text_sim"": 0.105, ""same_cat"": 1.0, ""same_ward"": 1.0, ""coarse"": 0.0, ""has_news"": 0.0}"
GRV-2026-909ARQ,POL-OVL-00078,grievance,police,0.8359738317389414,linked,"{""dist_m"": 185.108, ""dt_h"": 0.631, ""dist_norm"": 0.12, ""dt_norm"": 0.009, ""text_sim"": 0.26, ""same_cat"": 0.0, ""same_ward"": 1.0, ""coarse"": 0.0, ""has_news"": 0.0}"
GRV-2026-909ARQ,PWD-INC-OVL0090,grievance,pwd,0.8114296232059874,linked,"{""dist_m"": 66.482, ""dt_h"": 2.602, ""dist_norm"": 0.043, ""dt_norm"": 0.036, ""text_sim"": 0.208, ""same_cat"": 0.0, ""same_ward"": 1.0, ""coarse"": 0.0, ""has_news"": 0.0}"
GRV-2026-402JDY,PWD-INC-OVL0102,grievance,pwd,0.769734976077548,linked,"{""dist_m"": 509.511, ""dt_h"": 11.53, ""dist_norm"": 0.796, ""dt_norm"": 0.16, ""text_sim"": 0.245, ""same_cat"": 1.0, ""same_ward"": 1.0, ""coarse"": 0.0, ""has_news"": 0.0}"
GRV-2026-139VJP,PWD-INC-OVL0103,grievance,pwd,0.7352605502974238,linked,"{""dist_m"": 314.909, ""dt_h"": 24.265, ""dist_norm"": 0.492, ""dt_norm"": 0.337, ""text_sim"": 0.2, ""same_cat"": 1.0, ""same_ward"": 1.0, ""coarse"": 0.0, ""has_news"": 0.0}"
GRV-2026-682UQM,NEWS-20261002-a34cc07cd15143a1,grievance,news,0.7339932715515186,linked,"{""dist_m"": 417.982, ""dt_h"": 20.21, ""dist_norm"": 0.181, ""dt_norm"": 0.168, ""text_sim"": 0.066, ""same_cat"": 1.0, ""same_ward"": 1.0, ""coarse"": 1.0, ""has_news"": 1.0}"
GRV-2026-560XJO,PWD-INC-060361,grievance,pwd,0.8360597576962797,linked,"{""dist_m"": 406.315, ""dt_h"": 14.441, ""dist_norm"": 0.635, ""dt_norm"": 0.201, ""text_sim"": 0.28, ""same_cat"": 1.0, ""same_ward"": 1.0, ""coarse"": 0.0, ""has_news"": 0.0}"
GRV-2026-560XJO,PWD-INC-060366,grievance,pwd,0.76953877094995,linked,"{""dist_m"": 394.695, ""dt_h"": 2.664, ""dist_norm"": 0.617, ""dt_norm"": 0.037, ""text_sim"": 0.036, ""same_cat"": 1.0, ""same_ward"": 1.0, ""coarse"": 0.0, ""has_news"": 0.0}"
POL-20260507-0021,PWD-INC-051428,police,pwd,0.7519924468693482,linked,"{""dist_m"": 328.32, ""dt_h"": 8.139, ""dist_norm"": 0.505, ""dt_norm"": 0.113, ""text_sim"": 0.024, ""same_cat"": 1.0, ""same_ward"": 1.0, ""coarse"": 0.0, ""has_news"": 0.0}"
POL-20260507-0022,PWD-INC-051428,police,pwd,0.8611211825294469,linked,"{""dist_m"": 208.009, ""dt_h"": 8.116, ""dist_norm"": 0.32, ""dt_norm"": 0.113, ""text_sim"": 0.069, ""same_cat"": 1.0, ""same_ward"": 1.0, ""coarse"": 0.0, ""has_news"": 0.0}"
POL-20260519-0024,GRV-OVL-00005,police,grievance,0.77118802699939,linked,"{""dist_m"": 118.909, ""dt_h"": 19.487, ""dist_norm"": 0.186, ""dt_norm"": 0.271, ""text_sim"": 0.013, ""same_cat"": 1.0, ""same_ward"": 1.0, ""coarse"": 0.0, ""has_news"": 0.0}"
POL-20260519-0024,PWD-INC-OVL0007,police,pwd,0.9378217443935228,linked,"{""dist_m"": 37.077, ""dt_h"": 19.81, ""dist_norm"": 0.057, ""dt_norm"": 0.275, ""text_sim"": 0.253, ""same_cat"": 1.0, ""same_ward"": 1.0, ""coarse"": 0.0, ""has_news"": 0.0}"
POL-20260519-0055,GRV-OVL-00005,police,grievance,0.881602870303615,linked,"{""dist_m"": 200.707, ""dt_h"": 9.711, ""dist_norm"": 0.314, ""dt_norm"": 0.135, ""text_sim"": 0.123, ""same_cat"": 1.0, ""same_ward"": 1.0, ""coarse"": 0.0, ""has_news"": 0.0}"
POL-20260519-0055,PWD-INC-OVL0005,police,pwd,0.973257216566711,linked,"{""dist_m"": 208.762, ""dt_h"": 10.137, ""dist_norm"": 0.321, ""dt_norm"": 0.141, ""text_sim"": 0.457, ""same_cat"": 1.0, ""same_ward"": 1.0, ""coarse"": 0.0, ""has_news"": 0.0}"
POL-20260519-0055,PWD-INC-OVL0006,police,pwd,0.9853094949303028,linked,"{""dist_m"": 100.244, ""dt_h"": 7.431, ""dist_norm"": 0.154, ""dt_norm"": 0.103, ""text_sim"": 0.457, ""same_cat"": 1.0, ""same_ward"": 1.0, ""coarse"": 0.0, ""has_news"": 0.0}"
POL-20260519-0055,PWD-INC-OVL0007,police,pwd,0.9857531843544326,linked,"{""dist_m"": 53.97, ""dt_h"": 10.034, ""dist_norm"": 0.083, ""dt_norm"": 0.139, ""text_sim"": 0.457, ""same_cat"": 1.0, ""same_ward"": 1.0, ""coarse"": 0.0, ""has_news"": 0.0}"
POL-20260519-0045,PWD-INC-052174,police,pwd,0.8236163217094284,linked,"{""dist_m"": 359.844, ""dt_h"": 0.099, ""dist_norm"": 0.554, ""dt_norm"": 0.001, ""text_sim"": 0.038, ""same_cat"": 1.0, ""same_ward"": 1.0, ""coarse"": 0.0, ""has_news"": 0.0}"
POL-20260519-0072,PWD-INC-052155,police,pwd,0.878898156710109,linked,"{""dist_m"": 133.356, ""dt_h"": 10.789, ""dist_norm"": 0.205, ""dt_norm"": 0.15, ""text_sim"": 0.072, ""same_cat"": 1.0, ""same_ward"": 1.0, ""coarse"": 0.0, ""has_news"": 0.0}"
POL-20260718-0038,GRV-OVL-00013,police,grievance,0.7440771426264913,linked,"{""dist_m"": 71.785, ""dt_h"": 3.804, ""dist_norm"": 0.112, ""dt_norm"": 0.053, ""text_sim"": 0.044, ""same_cat"": 1.0, ""same_ward"": 0.0, ""coarse"": 0.0, ""has_news"": 0.0}"
POL-20260718-0056,GRV-OVL-00012,police,grievance,0.9126374905123289,linked,"{""dist_m"": 140.426, ""dt_h"": 0.354, ""dist_norm"": 0.219, ""dt_norm"": 0.005, ""text_sim"": 0.023, ""same_cat"": 1.0, ""same_ward"": 1.0, ""coarse"": 0.0, ""has_news"": 0.0}"
POL-20260718-0056,GRV-OVL-00013,police,grievance,0.9165881266372267,linked,"{""dist_m"": 146.728, ""dt_h"": 0.253, ""dist_norm"": 0.229, ""dt_norm"": 0.004, ""text_sim"": 0.038, ""same_cat"": 1.0, ""same_ward"": 1.0, ""coarse"": 0.0, ""has_news"": 0.0}"
POL-20260718-0076,GRV-OVL-00011,police,grievance,0.9338279909724332,linked,"{""dist_m"": 46.816, ""dt_h"": 2.601, ""dist_norm"": 0.073, ""dt_norm"": 0.036, ""text_sim"": 0.033, ""same_cat"": 1.0, ""same_ward"": 1.0, ""coarse"": 0.0, ""has_news"": 0.0}"
POL-20260718-0058,GRV-OVL-00011,police,grievance,0.9016020940941135,linked,"{""dist_m"": 140.79, ""dt_h"": 5.828, ""dist_norm"": 0.22, ""dt_norm"": 0.081, ""text_sim"": 0.065, ""same_cat"": 1.0, ""same_ward"": 1.0, ""coarse"": 0.0, ""has_news"": 0.0}"
POL-20260719-0013,GRV-OVL-00010,police,grievance,0.9296431120064783,linked,"{""dist_m"": 79.406, ""dt_h"": 1.251, ""dist_norm"": 0.124, ""dt_norm"": 0.017, ""text_sim"": 0.031, ""same_cat"": 1.0, ""same_ward"": 1.0, ""coarse"": 0.0, ""has_news"": 0.0}"
POL-20260718-0081,GRV-OVL-00035,police,grievance,0.837013772936287,linked,"{""dist_m"": 267.471, ""dt_h"": 4.802, ""dist_norm"": 0.418, ""dt_norm"": 0.067, ""text_sim"": 0.042, ""same_cat"": 1.0, ""same_ward"": 1.0, ""coarse"": 0.0, ""has_news"": 0.0}"
POL-20260718-0081,PWD-INC-OVL0022,police,pwd,0.7940972674421416,linked,"{""dist_m"": 310.768, ""dt_h"": 6.515, ""dist_norm"": 0.478, ""dt_norm"": 0.09, ""text_sim"": 0.038, ""same_cat"": 1.0, ""same_ward"": 1.0, ""coarse"": 0.0, ""has_news"": 0.0}"
POL-20260718-0085,GRV-OVL-00035,police,grievance,0.9123486885493397,linked,"{""dist_m"": 110.856, ""dt_h"": 5.591, ""dist_norm"": 0.173, ""dt_norm"": 0.078, ""text_sim"": 0.063, ""same_cat"": 1.0, ""same_ward"": 1.0, ""coarse"": 0.0, ""has_news"": 0.0}"
POL-20260718-0085,GRV-OVL-00036,police,grievance,0.9040070543845357,linked,"{""dist_m"": 53.88, ""dt_h"": 9.003, ""dist_norm"": 0.084, ""dt_norm"": 0.125, ""text_sim"": 0.036, ""same_cat"": 1.0, ""same_ward"": 1.0, ""coarse"": 0.0, ""has_news"": 0.0}"
POL-20260718-0085,GRV-OVL-00037,police,grievance,0.913545113376659,linked,"{""dist_m"": 141.863, ""dt_h"": 3.107, ""dist_norm"": 0.222, ""dt_norm"": 0.043, ""text_sim"": 0.061, ""same_cat"": 1.0, ""same_ward"": 1.0, ""coarse"": 0.0, ""has_news"": 0.0}"
POL-20260718-0085,PWD-INC-OVL0022,police,pwd,0.8319808291675104,linked,"{""dist_m"": 271.616, ""dt_h"": 7.304, ""dist_norm"": 0.418, ""dt_norm"": 0.101, ""text_sim"": 0.066, ""same_cat"": 1.0, ""same_ward"": 1.0, ""coarse"": 0.0, ""has_news"": 0.0}"
POL-20260809-0017,PWD-INC-057088,police,pwd,0.7642233646413256,linked,"{""dist_m"": 439.005, ""dt_h"": 14.804, ""dist_norm"": 0.675, ""dt_norm"": 0.206, ""text_sim"": 0.214, ""same_cat"": 1.0, ""same_ward"": 1.0, ""coarse"": 0.0, ""has_news"": 0.0}"
POL-20260809-0017,GRV-OVL-00040,police,grievance,0.8846745961951551,linked,"{""dist_m"": 22.244, ""dt_h"": 13.504, ""dist_norm"": 0.035, ""dt_norm"": 0.188, ""text_sim"": 0.024, ""same_cat"": 1.0, ""same_ward"": 1.0, ""coarse"": 0.0, ""has_news"": 0.0}"
POL-20260809-0017,GRV-OVL-00041,police,grievance,0.8647246973260899,linked,"{""dist_m"": 141.08, ""dt_h"": 11.363, ""dist_norm"": 0.22, ""dt_norm"": 0.158, ""text_sim"": 0.061, ""same_cat"": 1.0, ""same_ward"": 1.0, ""coarse"": 0.0, ""has_news"": 0.0}"
POL-20260809-0083,GRV-OVL-00038,police,grievance,0.942303569118053,linked,"{""dist_m"": 91.584, ""dt_h"": 3.434, ""dist_norm"": 0.143, ""dt_norm"": 0.048, ""text_sim"": 0.112, ""same_cat"": 1.0, ""same_ward"": 1.0, ""coarse"": 0.0, ""has_news"": 0.0}"
POL-20260809-0061,PWD-INC-057088,police,pwd,0.9404924666640654,linked,"{""dist_m"": 195.867, ""dt_h"": 4.734, ""dist_norm"": 0.301, ""dt_norm"": 0.066, ""text_sim"": 0.208, ""same_cat"": 1.0, ""same_ward"": 1.0, ""coarse"": 0.0, ""has_news"": 0.0}"
POL-20260809-0061,GRV-OVL-00040,police,grievance,0.711521909512262,linked,"{""dist_m"": 443.592, ""dt_h"": 3.434, ""dist_norm"": 0.693, ""dt_norm"": 0.048, ""text_sim"": 0.025, ""same_cat"": 1.0, ""same_ward"": 1.0, ""coarse"": 0.0, ""has_news"": 0.0}"
POL-20260809-0092,GRV-OVL-00045,police,grievance,0.9441116636950464,linked,"{""dist_m"": 38.602, ""dt_h"": 7.573, ""dist_norm"": 0.06, ""dt_norm"": 0.105, ""text_sim"": 0.125, ""same_cat"": 1.0, ""same_ward"": 1.0, ""coarse"": 0.0, ""has_news"": 0.0}"
POL-20260809-0092,GRV-OVL-00046,police,grievance,0.8747087781128275,linked,"{""dist_m"": 39.262, ""dt_h"": 13.435, ""dist_norm"": 0.061, ""dt_norm"": 0.187, ""text_sim"": 0.018, ""same_cat"": 1.0, ""same_ward"": 1.0, ""coarse"": 0.0, ""has_news"": 0.0}"
POL-20260809-0092,PWD-INC-OVL0036,police,pwd,0.9072078326874338,linked,"{""dist_m"": 134.772, ""dt_h"": 7.863, ""dist_norm"": 0.207, ""dt_norm"": 0.109, ""text_sim"": 0.097, ""same_cat"": 1.0, ""same_ward"": 1.0, ""coarse"": 0.0, ""has_news"": 0.0}"
POL-20260809-0065,GRV-OVL-00039,police,grievance,0.9079598699459652,linked,"{""dist_m"": 123.988, ""dt_h"": 2.517, ""dist_norm"": 0.194, ""dt_norm"": 0.035, ""text_sim"": 0.025, ""same_cat"": 1.0, ""same_ward"": 1.0, ""coarse"": 0.0, ""has_news"": 0.0}"
POL-20260809-0065,PWD-INC-OVL0027,police,pwd,0.9422741678949454,linked,"{""dist_m"": 99.281, ""dt_h"": 0.371, ""dist_norm"": 0.153, ""dt_norm"": 0.005, ""text_sim"": 0.078, ""same_cat"": 1.0, ""same_ward"": 1.0, ""coarse"": 0.0, ""has_news"": 0.0}"
POL-20260809-0066,GRV-OVL-00045,police,grievance,0.8362359345751248,linked,"{""dist_m"": 315.168, ""dt_h"": 1.949, ""dist_norm"": 0.492, ""dt_norm"": 0.027, ""text_sim"": 0.046, ""same_cat"": 1.0, ""same_ward"": 1.0, ""coarse"": 0.0, ""has_news"": 0.0}"
POL-20260809-0066,PWD-INC-OVL0036,police,pwd,0.8893217264275131,linked,"{""dist_m"": 357.272, ""dt_h"": 2.239, ""dist_norm"": 0.55, ""dt_norm"": 0.031, ""text_sim"": 0.174, ""same_cat"": 1.0, ""same_ward"": 1.0, ""coarse"": 0.0, ""has_news"": 0.0}"
POL-20260809-0067,PWD-INC-057135,police,pwd,0.8402882198905302,linked,"{""dist_m"": 51.925, ""dt_h"": 15.916, ""dist_norm"": 0.08, ""dt_norm"": 0.221, ""text_sim"": 0.001, ""same_cat"": 1.0, ""same_ward"": 1.0, ""coarse"": 0.0, ""has_news"": 0.0}"
POL-20260809-0070,GRV-OVL-00042,police,grievance,0.8682159995098581,linked,"{""dist_m"": 146.388, ""dt_h"": 7.921, ""dist_norm"": 0.229, ""dt_norm"": 0.11, ""text_sim"": 0.029, ""same_cat"": 1.0, ""same_ward"": 1.0, ""coarse"": 0.0, ""has_news"": 0.0}"
POL-20260809-0070,GRV-OVL-00043,police,grievance,0.9337637930063379,linked,"{""dist_m"": 44.479, ""dt_h"": 2.024, ""dist_norm"": 0.069, ""dt_norm"": 0.028, ""text_sim"": 0.024, ""same_cat"": 1.0, ""same_ward"": 1.0, ""coarse"": 0.0, ""has_news"": 0.0}"
POL-20260809-0070,GRV-OVL-00044,police,grievance,0.8987027831272117,linked,"{""dist_m"": 144.158, ""dt_h"": 4.008, ""dist_norm"": 0.225, ""dt_norm"": 0.056, ""text_sim"": 0.039, ""same_cat"": 1.0, ""same_ward"": 1.0, ""coarse"": 0.0, ""has_news"": 0.0}"
POL-20260809-0070,PWD-INC-OVL0034,police,pwd,0.8569314419379092,linked,"{""dist_m"": 187.362, ""dt_h"": 6.405, ""dist_norm"": 0.288, ""dt_norm"": 0.089, ""text_sim"": 0.023, ""same_cat"": 1.0, ""same_ward"": 1.0, ""coarse"": 0.0, ""has_news"": 0.0}"
POL-20260810-0055,PWD-INC-057135,police,pwd,0.8484580835606702,linked,"{""dist_m"": 102.177, ""dt_h"": 11.964, ""dist_norm"": 0.157, ""dt_norm"": 0.166, ""text_sim"": 0.007, ""same_cat"": 1.0, ""same_ward"": 1.0, ""coarse"": 0.0, ""has_news"": 0.0}"
POL-20260809-0079,GRV-OVL-00045,police,grievance,0.8169846307240761,linked,"{""dist_m"": 379.781, ""dt_h"": 5.013, ""dist_norm"": 0.593, ""dt_norm"": 0.07, ""text_sim"": 0.112, ""same_cat"": 1.0, ""same_ward"": 1.0, ""coarse"": 0.0, ""has_news"": 0.0}"
POL-20260809-0079,PWD-INC-OVL0036,police,pwd,0.7603634323481829,linked,"{""dist_m"": 545.021, ""dt_h"": 5.304, ""dist_norm"": 0.838, ""dt_norm"": 0.074, ""text_sim"": 0.18, ""same_cat"": 1.0, ""same_ward"": 1.0, ""coarse"": 0.0, ""has_news"": 0.0}"
POL-20260809-0084,PWD-INC-057088,police,pwd,0.9115914552168931,linked,"{""dist_m"": 111.516, ""dt_h"": 0.817, ""dist_norm"": 0.172, ""dt_norm"": 0.011, ""text_sim"": 0.0, ""same_cat"": 1.0, ""same_ward"": 1.0, ""coarse"": 0.0, ""has_news"": 0.0}"
POL-20260809-0084,GRV-OVL-00040,police,grievance,0.7676812511814758,linked,"{""dist_m"": 409.03, ""dt_h"": 2.116, ""dist_norm"": 0.639, ""dt_norm"": 0.029, ""text_sim"": 0.039, ""same_cat"": 1.0, ""same_ward"": 1.0, ""coarse"": 0.0, ""has_news"": 0.0}"
POL-20260810-0009,PWD-INC-057088,police,pwd,0.8556388116821683,linked,"{""dist_m"": 179.48, ""dt_h"": 5.574, ""dist_norm"": 0.276, ""dt_norm"": 0.077, ""text_sim"": 0.004, ""same_cat"": 1.0, ""same_ward"": 1.0, ""coarse"": 0.0, ""has_news"": 0.0}"
POL-20260810-0009,GRV-OVL-00040,police,grievance,0.8198828182221088,linked,"{""dist_m"": 237.927, ""dt_h"": 6.873, ""dist_norm"": 0.372, ""dt_norm"": 0.095, ""text_sim"": 0.018, ""same_cat"": 1.0, ""same_ward"": 1.0, ""coarse"": 0.0, ""has_news"": 0.0}"
POL-20260810-0061,PWD-INC-OVL0050,police,pwd,0.8157948364919952,linked,"{""dist_m"": 226.681, ""dt_h"": 10.909, ""dist_norm"": 0.349, ""dt_norm"": 0.152, ""text_sim"": 0.05, ""same_cat"": 1.0, ""same_ward"": 1.0, ""coarse"": 0.0, ""has_news"": 0.0}"
POL-20260828-0036,PWD-INC-OVL0064,police,pwd,0.9434020035739057,linked,"{""dist_m"": 83.515, ""dt_h"": 0.974, ""dist_norm"": 0.128, ""dt_norm"": 0.014, ""text_sim"": 0.077, ""same_cat"": 1.0, ""same_ward"": 1.0, ""coarse"": 0.0, ""has_news"": 0.0}"
POL-20260828-0036,PWD-INC-OVL0065,police,pwd,0.835213415326614,linked,"{""dist_m"": 314.856, ""dt_h"": 4.896, ""dist_norm"": 0.484, ""dt_norm"": 0.068, ""text_sim"": 0.077, ""same_cat"": 1.0, ""same_ward"": 1.0, ""coarse"": 0.0, ""has_news"": 0.0}"
POL-20260828-0062,PWD-INC-OVL0064,police,pwd,0.7127571026511017,linked,"{""dist_m"": 450.971, ""dt_h"": 4.593, ""dist_norm"": 0.694, ""dt_norm"": 0.064, ""text_sim"": 0.042, ""same_cat"": 1.0, ""same_ward"": 1.0, ""coarse"": 0.0, ""has_news"": 0.0}"
POL-20260828-0069,PWD-INC-OVL0064,police,pwd,0.9098076856243384,linked,"{""dist_m"": 82.835, ""dt_h"": 6.05, ""dist_norm"": 0.127, ""dt_norm"": 0.084, ""text_sim"": 0.037, ""same_cat"": 1.0, ""same_ward"": 1.0, ""coarse"": 0.0, ""has_news"": 0.0}"
POL-20260828-0056,PWD-INC-OVL0064,police,pwd,0.8808458867103733,linked,"{""dist_m"": 163.766, ""dt_h"": 3.703, ""dist_norm"": 0.252, ""dt_norm"": 0.051, ""text_sim"": 0.012, ""same_cat"": 1.0, ""same_ward"": 1.0, ""coarse"": 0.0, ""has_news"": 0.0}"
POL-20260904-0072,PWD-INC-058769,police,pwd,0.8592306400278003,linked,"{""dist_m"": 56.324, ""dt_h"": 42.386, ""dist_norm"": 0.087, ""dt_norm"": 0.589, ""text_sim"": 0.367, ""same_cat"": 1.0, ""same_ward"": 1.0, ""coarse"": 0.0, ""has_news"": 0.0}"
POL-20260906-0071,PWD-INC-058758,police,pwd,0.9804620311337345,linked,"{""dist_m"": 29.649, ""dt_h"": 2.468, ""dist_norm"": 0.046, ""dt_norm"": 0.034, ""text_sim"": 0.276, ""same_cat"": 1.0, ""same_ward"": 1.0, ""coarse"": 0.0, ""has_news"": 0.0}"
POL-20260906-0055,PWD-INC-058790,police,pwd,0.7555559731748046,linked,"{""dist_m"": 387.98, ""dt_h"": 5.429, ""dist_norm"": 0.597, ""dt_norm"": 0.075, ""text_sim"": 0.044, ""same_cat"": 1.0, ""same_ward"": 1.0, ""coarse"": 0.0, ""has_news"": 0.0}"
POL-20260906-0055,GRV-OVL-00081,police,grievance,0.9119409536948963,linked,"{""dist_m"": 124.812, ""dt_h"": 1.663, ""dist_norm"": 0.195, ""dt_norm"": 0.023, ""text_sim"": 0.025, ""same_cat"": 1.0, ""same_ward"": 1.0, ""coarse"": 0.0, ""has_news"": 0.0}"
POL-20260906-0055,PWD-INC-OVL0077,police,pwd,0.9865871185926998,linked,"{""dist_m"": 239.326, ""dt_h"": 0.141, ""dist_norm"": 0.368, ""dt_norm"": 0.002, ""text_sim"": 0.502, ""same_cat"": 1.0, ""same_ward"": 1.0, ""coarse"": 0.0, ""has_news"": 0.0}"
POL-20260906-0059,GRV-OVL-00072,police,grievance,0.8893883104534788,linked,"{""dist_m"": 136.803, ""dt_h"": 5.668, ""dist_norm"": 0.214, ""dt_norm"": 0.079, ""text_sim"": 0.033, ""same_cat"": 1.0, ""same_ward"": 1.0, ""coarse"": 0.0, ""has_news"": 0.0}"
POL-20260906-0059,PWD-INC-OVL0069,police,pwd,0.9811447585394949,linked,"{""dist_m"": 86.469, ""dt_h"": 1.411, ""dist_norm"": 0.133, ""dt_norm"": 0.02, ""text_sim"": 0.318, ""same_cat"": 1.0, ""same_ward"": 1.0, ""coarse"": 0.0, ""has_news"": 0.0}"
POL-20260920-0002,GRV-OVL-00084,police,grievance,0.9085093925017985,linked,"{""dist_m"": 41.645, ""dt_h"": 14.558, ""dist_norm"": 0.065, ""dt_norm"": 0.202, ""text_sim"": 0.106, ""same_cat"": 1.0, ""same_ward"": 1.0, ""coarse"": 0.0, ""has_news"": 0.0}"
POL-20260920-0002,PWD-INC-OVL0078,police,pwd,0.7809503993737702,linked,"{""dist_m"": 243.426, ""dt_h"": 14.645, ""dist_norm"": 0.375, ""dt_norm"": 0.203, ""text_sim"": 0.067, ""same_cat"": 1.0, ""same_ward"": 1.0, ""coarse"": 0.0, ""has_news"": 0.0}"
POL-20260919-0082,GRV-OVL-00083,police,grievance,0.8769392902643053,linked,"{""dist_m"": 96.508, ""dt_h"": 9.371, ""dist_norm"": 0.151, ""dt_norm"": 0.13, ""text_sim"": 0.02, ""same_cat"": 1.0, ""same_ward"": 1.0, ""coarse"": 0.0, ""has_news"": 0.0}"
POL-20260919-0082,PWD-INC-OVL0078,police,pwd,0.9623883416728155,linked,"{""dist_m"": 78.28, ""dt_h"": 11.581, ""dist_norm"": 0.12, ""dt_norm"": 0.161, ""text_sim"": 0.293, ""same_cat"": 1.0, ""same_ward"": 1.0, ""coarse"": 0.0, ""has_news"": 0.0}"
POL-20260919-0030,GRV-OVL-00083,police,grievance,0.9423141068815849,linked,"{""dist_m"": 117.403, ""dt_h"": 1.321, ""dist_norm"": 0.183, ""dt_norm"": 0.018, ""text_sim"": 0.107, ""same_cat"": 1.0, ""same_ward"": 1.0, ""coarse"": 0.0, ""has_news"": 0.0}"
POL-20260919-0030,GRV-OVL-00084,police,grievance,0.9544519534603072,linked,"{""dist_m"": 64.368, ""dt_h"": 0.803, ""dist_norm"": 0.101, ""dt_norm"": 0.011, ""text_sim"": 0.107, ""same_cat"": 1.0, ""same_ward"": 1.0, ""coarse"": 0.0, ""has_news"": 0.0}"
POL-20260919-0030,PWD-INC-OVL0078,police,pwd,0.9150985192980653,linked,"{""dist_m"": 176.303, ""dt_h"": 0.89, ""dist_norm"": 0.271, ""dt_norm"": 0.012, ""text_sim"": 0.065, ""same_cat"": 1.0, ""same_ward"": 1.0, ""coarse"": 0.0, ""has_news"": 0.0}"
POL-20260919-0085,PWD-INC-OVL0100,police,pwd,0.7493228466264792,linked,"{""dist_m"": 141.899, ""dt_h"": 22.755, ""dist_norm"": 0.218, ""dt_norm"": 0.316, ""text_sim"": 0.047, ""same_cat"": 1.0, ""same_ward"": 1.0, ""coarse"": 0.0, ""has_news"": 0.0}"
POL-20260920-0034,PWD-INC-OVL0103,police,pwd,0.777074625433428,linked,"{""dist_m"": 142.646, ""dt_h"": 18.638, ""dist_norm"": 0.219, ""dt_norm"": 0.259, ""text_sim"": 0.027, ""same_cat"": 1.0, ""same_ward"": 1.0, ""coarse"": 0.0, ""has_news"": 0.0}"
POL-20260920-0017,PWD-INC-OVL0102,police,pwd,0.7751596406011014,linked,"{""dist_m"": 132.08, ""dt_h"": 17.848, ""dist_norm"": 0.203, ""dt_norm"": 0.248, ""text_sim"": 0.006, ""same_cat"": 1.0, ""same_ward"": 1.0, ""coarse"": 0.0, ""has_news"": 0.0}"
POL-20260920-0083,GRV-OVL-00099,police,grievance,0.8800527206085712,linked,"{""dist_m"": 107.63, ""dt_h"": 9.471, ""dist_norm"": 0.168, ""dt_norm"": 0.132, ""text_sim"": 0.037, ""same_cat"": 1.0, ""same_ward"": 1.0, ""coarse"": 0.0, ""has_news"": 0.0}"
POL-20260920-0083,PWD-INC-OVL0093,police,pwd,0.9069850287172211,linked,"{""dist_m"": 148.28, ""dt_h"": 1.835, ""dist_norm"": 0.228, ""dt_norm"": 0.025, ""text_sim"": 0.033, ""same_cat"": 1.0, ""same_ward"": 1.0, ""coarse"": 0.0, ""has_news"": 0.0}"
POL-20260920-0073,PWD-INC-059621,police,pwd,0.7559742540889266,linked,"{""dist_m"": 424.369, ""dt_h"": 0.372, ""dist_norm"": 0.653, ""dt_norm"": 0.005, ""text_sim"": 0.012, ""same_cat"": 1.0, ""same_ward"": 1.0, ""coarse"": 0.0, ""has_news"": 0.0}"
POL-20260920-0097,PWD-INC-059526,police,pwd,0.7705959388325813,linked,"{""dist_m"": 196.031, ""dt_h"": 38.527, ""dist_norm"": 0.302, ""dt_norm"": 0.535, ""text_sim"": 0.314, ""same_cat"": 1.0, ""same_ward"": 1.0, ""coarse"": 0.0, ""has_news"": 0.0}"
POL-20260920-0097,PWD-INC-059613,police,pwd,0.7832549364813414,linked,"{""dist_m"": 371.391, ""dt_h"": 5.726, ""dist_norm"": 0.571, ""dt_norm"": 0.08, ""text_sim"": 0.364, ""same_cat"": 1.0, ""same_ward"": 0.0, ""coarse"": 0.0, ""has_news"": 0.0}"
POL-20260920-0097,PWD-INC-059628,police,pwd,0.9127887942551024,linked,"{""dist_m"": 193.679, ""dt_h"": 1.064, ""dist_norm"": 0.298, ""dt_norm"": 0.015, ""text_sim"": 0.076, ""same_cat"": 1.0, ""same_ward"": 1.0, ""coarse"": 0.0, ""has_news"": 0.0}"
POL-20260921-0018,GRV-OVL-00110,police,grievance,0.7018620154219324,linked,"{""dist_m"": 526.093, ""dt_h"": 2.053, ""dist_norm"": 0.822, ""dt_norm"": 0.029, ""text_sim"": 0.069, ""same_cat"": 1.0, ""same_ward"": 1.0, ""coarse"": 0.0, ""has_news"": 0.0}"
POL-20260921-0018,GRV-OVL-00112,police,grievance,0.7673704291172411,linked,"{""dist_m"": 381.222, ""dt_h"": 7.192, ""dist_norm"": 0.596, ""dt_norm"": 0.1, ""text_sim"": 0.079, ""same_cat"": 1.0, ""same_ward"": 1.0, ""coarse"": 0.0, ""has_news"": 0.0}"
PWD-INC-052155,POL-OVL-00006,pwd,police,0.955655493850633,linked,"{""dist_m"": 219.058, ""dt_h"": 8.16, ""dist_norm"": 0.337, ""dt_norm"": 0.113, ""text_sim"": 0.334, ""same_cat"": 1.0, ""same_ward"": 1.0, ""coarse"": 0.0, ""has_news"": 0.0}"
PWD-INC-052167,GRV-OVL-00007,pwd,grievance,0.8997246259804422,linked,"{""dist_m"": 126.088, ""dt_h"": 5.115, ""dist_norm"": 0.197, ""dt_norm"": 0.071, ""text_sim"": 0.04, ""same_cat"": 1.0, ""same_ward"": 1.0, ""coarse"": 0.0, ""has_news"": 0.0}"
PWD-INC-052167,GRV-OVL-00008,pwd,grievance,0.931670821958521,linked,"{""dist_m"": 95.051, ""dt_h"": 1.146, ""dist_norm"": 0.149, ""dt_norm"": 0.016, ""text_sim"": 0.049, ""same_cat"": 1.0, ""same_ward"": 1.0, ""coarse"": 0.0, ""has_news"": 0.0}"
PWD-INC-055741,GRV-OVL-00030,pwd,grievance,0.829724590689678,linked,"{""dist_m"": 119.315, ""dt_h"": 13.641, ""dist_norm"": 0.186, ""dt_norm"": 0.189, ""text_sim"": 0.015, ""same_cat"": 1.0, ""same_ward"": 1.0, ""coarse"": 0.0, ""has_news"": 0.0}"
PWD-INC-055741,GRV-OVL-00031,pwd,grievance,0.8554369933197369,linked,"{""dist_m"": 93.574, ""dt_h"": 11.574, ""dist_norm"": 0.146, ""dt_norm"": 0.161, ""text_sim"": 0.007, ""same_cat"": 1.0, ""same_ward"": 1.0, ""coarse"": 0.0, ""has_news"": 0.0}"
PWD-INC-055741,GRV-OVL-00032,pwd,grievance,0.8699184574857236,linked,"{""dist_m"": 41.028, ""dt_h"": 14.346, ""dist_norm"": 0.064, ""dt_norm"": 0.199, ""text_sim"": 0.022, ""same_cat"": 1.0, ""same_ward"": 1.0, ""coarse"": 0.0, ""has_news"": 0.0}"
PWD-INC-055741,GRV-OVL-00034,pwd,grievance,0.8767463431416762,linked,"{""dist_m"": 82.852, ""dt_h"": 10.921, ""dist_norm"": 0.129, ""dt_norm"": 0.152, ""text_sim"": 0.028, ""same_cat"": 1.0, ""same_ward"": 1.0, ""coarse"": 0.0, ""has_news"": 0.0}"
PWD-INC-055741,POL-OVL-00014,pwd,police,0.9463868659985681,linked,"{""dist_m"": 137.074, ""dt_h"": 13.393, ""dist_norm"": 0.211, ""dt_norm"": 0.186, ""text_sim"": 0.289, ""same_cat"": 1.0, ""same_ward"": 1.0, ""coarse"": 0.0, ""has_news"": 0.0}"
PWD-INC-055749,GRV-OVL-00019,pwd,grievance,0.9059009514043004,linked,"{""dist_m"": 63.255, ""dt_h"": 15.898, ""dist_norm"": 0.099, ""dt_norm"": 0.221, ""text_sim"": 0.135, ""same_cat"": 1.0, ""same_ward"": 1.0, ""coarse"": 0.0, ""has_news"": 0.0}"
PWD-INC-055761,GRV-OVL-00022,pwd,grievance,0.8659754602021935,linked,"{""dist_m"": 146.467, ""dt_h"": 12.597, ""dist_norm"": 0.229, ""dt_norm"": 0.175, ""text_sim"": 0.083, ""same_cat"": 1.0, ""same_ward"": 1.0, ""coarse"": 0.0, ""has_news"": 0.0}"
PWD-INC-055761,GRV-OVL-00024,pwd,grievance,0.9238011991091991,linked,"{""dist_m"": 37.12, ""dt_h"": 5.624, ""dist_norm"": 0.058, ""dt_norm"": 0.078, ""text_sim"": 0.031, ""same_cat"": 1.0, ""same_ward"": 1.0, ""coarse"": 0.0, ""has_news"": 0.0}"
PWD-INC-055761,GRV-OVL-00025,pwd,grievance,0.8703090735790977,linked,"{""dist_m"": 93.62, ""dt_h"": 10.677, ""dist_norm"": 0.146, ""dt_norm"": 0.148, ""text_sim"": 0.022, ""same_cat"": 1.0, ""same_ward"": 1.0, ""coarse"": 0.0, ""has_news"": 0.0}"
PWD-INC-055761,GRV-OVL-00026,pwd,grievance,0.8618200926051193,linked,"{""dist_m"": 132.316, ""dt_h"": 12.612, ""dist_norm"": 0.207, ""dt_norm"": 0.175, ""text_sim"": 0.064, ""same_cat"": 1.0, ""same_ward"": 1.0, ""coarse"": 0.0, ""has_news"": 0.0}"
PWD-INC-055761,GRV-OVL-00027,pwd,grievance,0.9224489143086652,linked,"{""dist_m"": 85.137, ""dt_h"": 7.371, ""dist_norm"": 0.133, ""dt_norm"": 0.102, ""text_sim"": 0.09, ""same_cat"": 1.0, ""same_ward"": 1.0, ""coarse"": 0.0, ""has_news"": 0.0}"
PWD-INC-055770,GRV-OVL-00016,pwd,grievance,0.8846879215704698,linked,"{""dist_m"": 82.397, ""dt_h"": 8.841, ""dist_norm"": 0.129, ""dt_norm"": 0.123, ""text_sim"": 0.017, ""same_cat"": 1.0, ""same_ward"": 1.0, ""coarse"": 0.0, ""has_news"": 0.0}"
PWD-INC-055770,GRV-OVL-00017,pwd,grievance,0.9150794950142473,linked,"{""dist_m"": 90.682, ""dt_h"": 7.221, ""dist_norm"": 0.142, ""dt_norm"": 0.1, ""text_sim"": 0.073, ""same_cat"": 1.0, ""same_ward"": 1.0, ""coarse"": 0.0, ""has_news"": 0.0}"
PWD-INC-055770,GRV-OVL-00018,pwd,grievance,0.8429409600413137,linked,"{""dist_m"": 143.965, ""dt_h"": 13.934, ""dist_norm"": 0.225, ""dt_norm"": 0.194, ""text_sim"": 0.06, ""same_cat"": 1.0, ""same_ward"": 1.0, ""coarse"": 0.0, ""has_news"": 0.0}"
PWD-INC-055770,GRV-OVL-00020,pwd,grievance,0.868891137148032,linked,"{""dist_m"": 106.611, ""dt_h"": 13.247, ""dist_norm"": 0.167, ""dt_norm"": 0.184, ""text_sim"": 0.063, ""same_cat"": 1.0, ""same_ward"": 1.0, ""coarse"": 0.0, ""has_news"": 0.0}"
PWD-INC-055770,GRV-OVL-00021,pwd,grievance,0.8379135498850452,linked,"{""dist_m"": 117.316, ""dt_h"": 12.609, ""dist_norm"": 0.183, ""dt_norm"": 0.175, ""text_sim"": 0.013, ""same_cat"": 1.0, ""same_ward"": 1.0, ""coarse"": 0.0, ""has_news"": 0.0}"
PWD-INC-057082,GRV-OVL-00050,pwd,grievance,0.7229815166788206,linked,"{""dist_m"": 381.058, ""dt_h"": 5.953, ""dist_norm"": 0.595, ""dt_norm"": 0.083, ""text_sim"": 0.015, ""same_cat"": 1.0, ""same_ward"": 1.0, ""coarse"": 0.0, ""has_news"": 0.0}"
PWD-INC-057088,GRV-OVL-00040,pwd,grievance,0.7542470247024664,linked,"{""dist_m"": 417.049, ""dt_h"": 1.3, ""dist_norm"": 0.652, ""dt_norm"": 0.018, ""text_sim"": 0.021, ""same_cat"": 1.0, ""same_ward"": 1.0, ""coarse"": 0.0, ""has_news"": 0.0}"
PWD-INC-057088,POL-OVL-00024,pwd,police,0.8007876269875335,linked,"{""dist_m"": 378.225, ""dt_h"": 6.982, ""dist_norm"": 0.582, ""dt_norm"": 0.097, ""text_sim"": 0.109, ""same_cat"": 1.0, ""same_ward"": 1.0, ""coarse"": 0.0, ""has_news"": 0.0}"
PWD-INC-057092,GRV-OVL-00047,pwd,grievance,0.7493002571443577,linked,"{""dist_m"": 389.161, ""dt_h"": 3.823, ""dist_norm"": 0.608, ""dt_norm"": 0.053, ""text_sim"": 0.023, ""same_cat"": 1.0, ""same_ward"": 1.0, ""coarse"": 0.0, ""has_news"": 0.0}"
PWD-INC-057092,POL-OVL-00040,pwd,police,0.7817183187377696,linked,"{""dist_m"": 390.957, ""dt_h"": 10.499, ""dist_norm"": 0.601, ""dt_norm"": 0.146, ""text_sim"": 0.14, ""same_cat"": 1.0, ""same_ward"": 1.0, ""coarse"": 0.0, ""has_news"": 0.0}"
PWD-INC-057093,GRV-OVL-00049,pwd,grievance,0.9351950765030056,linked,"{""dist_m"": 85.09, ""dt_h"": 3.472, ""dist_norm"": 0.133, ""dt_norm"": 0.048, ""text_sim"": 0.081, ""same_cat"": 1.0, ""same_ward"": 1.0, ""coarse"": 0.0, ""has_news"": 0.0}"
PWD-INC-057093,GRV-OVL-00050,pwd,grievance,0.9287134519586256,linked,"{""dist_m"": 108.946, ""dt_h"": 0.193, ""dist_norm"": 0.17, ""dt_norm"": 0.003, ""text_sim"": 0.04, ""same_cat"": 1.0, ""same_ward"": 1.0, ""coarse"": 0.0, ""has_news"": 0.0}"
PWD-INC-057093,POL-OVL-00027,pwd,police,0.9334283183082998,linked,"{""dist_m"": 248.162, ""dt_h"": 0.731, ""dist_norm"": 0.382, ""dt_norm"": 0.01, ""text_sim"": 0.177, ""same_cat"": 1.0, ""same_ward"": 1.0, ""coarse"": 0.0, ""has_news"": 0.0}"
PWD-INC-057098,GRV-OVL-00047,pwd,grievance,0.8514777193954728,linked,"{""dist_m"": 261.856, ""dt_h"": 4.577, ""dist_norm"": 0.409, ""dt_norm"": 0.064, ""text_sim"": 0.057, ""same_cat"": 1.0, ""same_ward"": 1.0, ""coarse"": 0.0, ""has_news"": 0.0}"
PWD-INC-057098,POL-OVL-00040,pwd,police,0.8195527009258183,linked,"{""dist_m"": 327.666, ""dt_h"": 9.745, ""dist_norm"": 0.504, ""dt_norm"": 0.135, ""text_sim"": 0.126, ""same_cat"": 1.0, ""same_ward"": 1.0, ""coarse"": 0.0, ""has_news"": 0.0}"
PWD-INC-057103,GRV-OVL-00047,pwd,grievance,0.9171746108005953,linked,"{""dist_m"": 115.985, ""dt_h"": 4.588, ""dist_norm"": 0.181, ""dt_norm"": 0.064, ""text_sim"": 0.067, ""same_cat"": 1.0, ""same_ward"": 1.0, ""coarse"": 0.0, ""has_news"": 0.0}"
PWD-INC-057103,GRV-OVL-00048,pwd,grievance,0.9054452226560529,linked,"{""dist_m"": 136.372, ""dt_h"": 5.573, ""dist_norm"": 0.213, ""dt_norm"": 0.077, ""text_sim"": 0.067, ""same_cat"": 1.0, ""same_ward"": 1.0, ""coarse"": 0.0, ""has_news"": 0.0}"
PWD-INC-057103,POL-OVL-00040,pwd,police,0.8323677668149012,linked,"{""dist_m"": 320.956, ""dt_h"": 9.734, ""dist_norm"": 0.494, ""dt_norm"": 0.135, ""text_sim"": 0.139, ""same_cat"": 1.0, ""same_ward"": 1.0, ""coarse"": 0.0, ""has_news"": 0.0}"
PWD-INC-057127,GRV-OVL-00057,pwd,grievance,0.9242085371954719,linked,"{""dist_m"": 56.754, ""dt_h"": 3.622, ""dist_norm"": 0.089, ""dt_norm"": 0.05, ""text_sim"": 0.024, ""same_cat"": 1.0, ""same_ward"": 1.0, ""coarse"": 0.0, ""has_news"": 0.0}"
PWD-INC-057138,GRV-OVL-00055,pwd,grievance,0.9168086010223689,linked,"{""dist_m"": 95.918, ""dt_h"": 3.779, ""dist_norm"": 0.15, ""dt_norm"": 0.052, ""text_sim"": 0.039, ""same_cat"": 1.0, ""same_ward"": 1.0, ""coarse"": 0.0, ""has_news"": 0.0}"
PWD-INC-057138,GRV-OVL-00056,pwd,grievance,0.9449793315775269,linked,"{""dist_m"": 45.332, ""dt_h"": 0.709, ""dist_norm"": 0.071, ""dt_norm"": 0.01, ""text_sim"": 0.048, ""same_cat"": 1.0, ""same_ward"": 1.0, ""coarse"": 0.0, ""has_news"": 0.0}"
PWD-INC-057138,POL-OVL-00033,pwd,police,0.9512121396704394,linked,"{""dist_m"": 54.315, ""dt_h"": 1.721, ""dist_norm"": 0.084, ""dt_norm"": 0.024, ""text_sim"": 0.094, ""same_cat"": 1.0, ""same_ward"": 1.0, ""coarse"": 0.0, ""has_news"": 0.0}"
PWD-INC-057141,GRV-OVL-00051,pwd,grievance,0.8218791532760087,linked,"{""dist_m"": 297.426, ""dt_h"": 2.223, ""dist_norm"": 0.465, ""dt_norm"": 0.031, ""text_sim"": 0.014, ""same_cat"": 1.0, ""same_ward"": 1.0, ""coarse"": 0.0, ""has_news"": 0.0}"
PWD-INC-057141,POL-OVL-00028,pwd,police,0.8008566821473516,linked,"{""dist_m"": 297.714, ""dt_h"": 4.459, ""dist_norm"": 0.458, ""dt_norm"": 0.062, ""text_sim"": 0.01, ""same_cat"": 1.0, ""same_ward"": 1.0, ""coarse"": 0.0, ""has_news"": 0.0}"
PWD-INC-057150,GRV-OVL-00051,pwd,grievance,0.9470379693768335,linked,"{""dist_m"": 144.49, ""dt_h"": 0.852, ""dist_norm"": 0.226, ""dt_norm"": 0.012, ""text_sim"": 0.143, ""same_cat"": 1.0, ""same_ward"": 1.0, ""coarse"": 0.0, ""has_news"": 0.0}"
PWD-INC-057150,POL-OVL-00028,pwd,police,0.9614834827472203,linked,"{""dist_m"": 162.208, ""dt_h"": 7.534, ""dist_norm"": 0.25, ""dt_norm"": 0.105, ""text_sim"": 0.308, ""same_cat"": 1.0, ""same_ward"": 1.0, ""coarse"": 0.0, ""has_news"": 0.0}"
PWD-INC-057152,GRV-OVL-00061,pwd,grievance,0.9489059473750375,linked,"{""dist_m"": 91.073, ""dt_h"": 0.316, ""dist_norm"": 0.142, ""dt_norm"": 0.004, ""text_sim"": 0.099, ""same_cat"": 1.0, ""same_ward"": 1.0, ""coarse"": 0.0, ""has_news"": 0.0}"
PWD-INC-057155,GRV-OVL-00061,pwd,grievance,0.7851336124335039,linked,"{""dist_m"": 352.817, ""dt_h"": 2.175, ""dist_norm"": 0.551, ""dt_norm"": 0.03, ""text_sim"": 0.013, ""same_cat"": 1.0, ""same_ward"": 1.0, ""coarse"": 0.0, ""has_news"": 0.0}"
PWD-INC-057156,GRV-OVL-00061,pwd,grievance,0.9441154317849131,linked,"{""dist_m"": 58.169, ""dt_h"": 2.569, ""dist_norm"": 0.091, ""dt_norm"": 0.036, ""text_sim"": 0.079, ""same_cat"": 1.0, ""same_ward"": 1.0, ""coarse"": 0.0, ""has_news"": 0.0}"
PWD-INC-057163,GRV-OVL-00041,pwd,grievance,0.7220138166908339,linked,"{""dist_m"": 198.948, ""dt_h"": 25.518, ""dist_norm"": 0.311, ""dt_norm"": 0.354, ""text_sim"": 0.103, ""same_cat"": 1.0, ""same_ward"": 1.0, ""coarse"": 0.0, ""has_news"": 0.0}"
PWD-INC-058205,GRV-OVL-00067,pwd,grievance,0.8728290111973729,linked,"{""dist_m"": 120.672, ""dt_h"": 8.044, ""dist_norm"": 0.189, ""dt_norm"": 0.112, ""text_sim"": 0.017, ""same_cat"": 1.0, ""same_ward"": 1.0, ""coarse"": 0.0, ""has_news"": 0.0}"
PWD-INC-058205,POL-OVL-00049,pwd,police,0.8928241716615916,linked,"{""dist_m"": 131.617, ""dt_h"": 4.828, ""dist_norm"": 0.202, ""dt_norm"": 0.067, ""text_sim"": 0.024, ""same_cat"": 1.0, ""same_ward"": 1.0, ""coarse"": 0.0, ""has_news"": 0.0}"
PWD-INC-058217,GRV-OVL-00068,pwd,grievance,0.933816340009841,linked,"{""dist_m"": 126.255, ""dt_h"": 1.078, ""dist_norm"": 0.197, ""dt_norm"": 0.015, ""text_sim"": 0.082, ""same_cat"": 1.0, ""same_ward"": 1.0, ""coarse"": 0.0, ""has_news"": 0.0}"
PWD-INC-058217,GRV-OVL-00069,pwd,grievance,0.9030030009114075,linked,"{""dist_m"": 140.241, ""dt_h"": 2.618, ""dist_norm"": 0.219, ""dt_norm"": 0.036, ""text_sim"": 0.028, ""same_cat"": 1.0, ""same_ward"": 1.0, ""coarse"": 0.0, ""has_news"": 0.0}"
PWD-INC-058226,GRV-OVL-00067,pwd,grievance,0.8829767076025252,linked,"{""dist_m"": 267.746, ""dt_h"": 1.753, ""dist_norm"": 0.418, ""dt_norm"": 0.024, ""text_sim"": 0.083, ""same_cat"": 1.0, ""same_ward"": 1.0, ""coarse"": 0.0, ""has_news"": 0.0}"
PWD-INC-058226,POL-OVL-00049,pwd,police,0.859659339070039,linked,"{""dist_m"": 230.733, ""dt_h"": 1.463, ""dist_norm"": 0.355, ""dt_norm"": 0.02, ""text_sim"": 0.002, ""same_cat"": 1.0, ""same_ward"": 1.0, ""coarse"": 0.0, ""has_news"": 0.0}"
PWD-INC-058227,GRV-OVL-00070,pwd,grievance,0.8417690960286702,linked,"{""dist_m"": 124.109, ""dt_h"": 12.041, ""dist_norm"": 0.194, ""dt_norm"": 0.167, ""text_sim"": 0.017, ""same_cat"": 1.0, ""same_ward"": 1.0, ""coarse"": 0.0, ""has_news"": 0.0}"
PWD-INC-058227,GRV-OVL-00071,pwd,grievance,0.9303992201381144,linked,"{""dist_m"": 74.664, ""dt_h"": 10.41, ""dist_norm"": 0.117, ""dt_norm"": 0.145, ""text_sim"": 0.143, ""same_cat"": 1.0, ""same_ward"": 1.0, ""coarse"": 0.0, ""has_news"": 0.0}"
PWD-INC-058227,POL-OVL-00050,pwd,police,0.9072982102758699,linked,"{""dist_m"": 56.36, ""dt_h"": 12.266, ""dist_norm"": 0.087, ""dt_norm"": 0.17, ""text_sim"": 0.086, ""same_cat"": 1.0, ""same_ward"": 1.0, ""coarse"": 0.0, ""has_news"": 0.0}"
PWD-INC-058236,GRV-OVL-00069,pwd,grievance,0.8044765919398816,linked,"{""dist_m"": 268.957, ""dt_h"": 6.509, ""dist_norm"": 0.42, ""dt_norm"": 0.09, ""text_sim"": 0.019, ""same_cat"": 1.0, ""same_ward"": 1.0, ""coarse"": 0.0, ""has_news"": 0.0}"
PWD-INC-058241,GRV-OVL-00066,pwd,grievance,0.9448971776890959,linked,"{""dist_m"": 38.034, ""dt_h"": 3.039, ""dist_norm"": 0.059, ""dt_norm"": 0.042, ""text_sim"": 0.071, ""same_cat"": 1.0, ""same_ward"": 1.0, ""coarse"": 0.0, ""has_news"": 0.0}"
PWD-INC-058241,POL-OVL-00045,pwd,police,0.9247219884167378,linked,"{""dist_m"": 229.503, ""dt_h"": 0.62, ""dist_norm"": 0.353, ""dt_norm"": 0.009, ""text_sim"": 0.133, ""same_cat"": 1.0, ""same_ward"": 1.0, ""coarse"": 0.0, ""has_news"": 0.0}"
PWD-INC-058241,POL-OVL-00048,pwd,police,0.9311492508562447,linked,"{""dist_m"": 205.489, ""dt_h"": 0.661, ""dist_norm"": 0.316, ""dt_norm"": 0.009, ""text_sim"": 0.133, ""same_cat"": 1.0, ""same_ward"": 1.0, ""coarse"": 0.0, ""has_news"": 0.0}"
PWD-INC-058744,GRV-OVL-00082,pwd,grievance,0.9283584313018763,linked,"{""dist_m"": 78.499, ""dt_h"": 1.484, ""dist_norm"": 0.123, ""dt_norm"": 0.021, ""text_sim"": 0.029, ""same_cat"": 1.0, ""same_ward"": 1.0, ""coarse"": 0.0, ""has_news"": 0.0}"
PWD-INC-058744,POL-OVL-00063,pwd,police,0.8847021735152222,linked,"{""dist_m"": 227.618, ""dt_h"": 0.486, ""dist_norm"": 0.35, ""dt_norm"": 0.007, ""text_sim"": 0.033, ""same_cat"": 1.0, ""same_ward"": 1.0, ""coarse"": 0.0, ""has_news"": 0.0}"
PWD-INC-058744,POL-OVL-00064,pwd,police,0.8703224822274725,linked,"{""dist_m"": 249.153, ""dt_h"": 1.229, ""dist_norm"": 0.383, ""dt_norm"": 0.017, ""text_sim"": 0.033, ""same_cat"": 1.0, ""same_ward"": 1.0, ""coarse"": 0.0, ""has_news"": 0.0}"
PWD-INC-058744,POL-OVL-00067,pwd,police,0.9352948221283365,linked,"{""dist_m"": 51.528, ""dt_h"": 1.967, ""dist_norm"": 0.079, ""dt_norm"": 0.027, ""text_sim"": 0.033, ""same_cat"": 1.0, ""same_ward"": 1.0, ""coarse"": 0.0, ""has_news"": 0.0}"
PWD-INC-058757,GRV-OVL-00075,pwd,grievance,0.9600593158245101,linked,"{""dist_m"": 106.659, ""dt_h"": 2.439, ""dist_norm"": 0.167, ""dt_norm"": 0.034, ""text_sim"": 0.191, ""same_cat"": 1.0, ""same_ward"": 1.0, ""coarse"": 0.0, ""has_news"": 0.0}"
PWD-INC-058757,GRV-OVL-00076,pwd,grievance,0.9498534256687231,linked,"{""dist_m"": 71.996, ""dt_h"": 2.878, ""dist_norm"": 0.112, ""dt_norm"": 0.04, ""text_sim"": 0.118, ""same_cat"": 1.0, ""same_ward"": 1.0, ""coarse"": 0.0, ""has_news"": 0.0}"
PWD-INC-058760,GRV-OVL-00075,pwd,grievance,0.9588442296486802,linked,"{""dist_m"": 69.325, ""dt_h"": 1.946, ""dist_norm"": 0.108, ""dt_norm"": 0.027, ""text_sim"": 0.147, ""same_cat"": 1.0, ""same_ward"": 1.0, ""coarse"": 0.0, ""has_news"": 0.0}"
PWD-INC-058780,NEWS-20260924-af6ca96043f848d3,pwd,news,0.7144770647027804,linked,"{""dist_m"": 353.68, ""dt_h"": 17.457, ""dist_norm"": 0.152, ""dt_norm"": 0.145, ""text_sim"": 0.01, ""same_cat"": 1.0, ""same_ward"": 1.0, ""coarse"": 1.0, ""has_news"": 1.0}"
PWD-INC-058785,GRV-OVL-00075,pwd,grievance,0.8465727233067445,linked,"{""dist_m"": 263.97, ""dt_h"": 2.263, ""dist_norm"": 0.412, ""dt_norm"": 0.031, ""text_sim"": 0.022, ""same_cat"": 1.0, ""same_ward"": 1.0, ""coarse"": 0.0, ""has_news"": 0.0}"
PWD-INC-058790,GRV-OVL-00081,pwd,grievance,0.8643307253917931,linked,"{""dist_m"": 274.234, ""dt_h"": 3.766, ""dist_norm"": 0.428, ""dt_norm"": 0.052, ""text_sim"": 0.079, ""same_cat"": 1.0, ""same_ward"": 1.0, ""coarse"": 0.0, ""has_news"": 0.0}"
PWD-INC-058790,POL-OVL-00061,pwd,police,0.7880591688654418,linked,"{""dist_m"": 448.691, ""dt_h"": 7.846, ""dist_norm"": 0.69, ""dt_norm"": 0.109, ""text_sim"": 0.163, ""same_cat"": 1.0, ""same_ward"": 1.0, ""coarse"": 0.0, ""has_news"": 0.0}"
PWD-INC-059534,GRV-OVL-00097,pwd,grievance,0.9114242893647233,linked,"{""dist_m"": 138.963, ""dt_h"": 1.356, ""dist_norm"": 0.217, ""dt_norm"": 0.019, ""text_sim"": 0.032, ""same_cat"": 1.0, ""same_ward"": 1.0, ""coarse"": 0.0, ""has_news"": 0.0}"
PWD-INC-059547,GRV-OVL-00086,pwd,grievance,0.8979467781114254,linked,"{""dist_m"": 123.944, ""dt_h"": 5.068, ""dist_norm"": 0.194, ""dt_norm"": 0.07, ""text_sim"": 0.033, ""same_cat"": 1.0, ""same_ward"": 1.0, ""coarse"": 0.0, ""has_news"": 0.0}"
PWD-INC-059547,GRV-OVL-00087,pwd,grievance,0.9169994154544963,linked,"{""dist_m"": 69.98, ""dt_h"": 5.029, ""dist_norm"": 0.109, ""dt_norm"": 0.07, ""text_sim"": 0.033, ""same_cat"": 1.0, ""same_ward"": 1.0, ""coarse"": 0.0, ""has_news"": 0.0}"
PWD-INC-059553,GRV-OVL-00085,pwd,grievance,0.9102120288861237,linked,"{""dist_m"": 144.696, ""dt_h"": 0.207, ""dist_norm"": 0.226, ""dt_norm"": 0.003, ""text_sim"": 0.019, ""same_cat"": 1.0, ""same_ward"": 1.0, ""coarse"": 0.0, ""has_news"": 0.0}"
PWD-INC-059553,POL-OVL-00069,pwd,police,0.9714632758865437,linked,"{""dist_m"": 70.909, ""dt_h"": 5.794, ""dist_norm"": 0.109, ""dt_norm"": 0.08, ""text_sim"": 0.273, ""same_cat"": 1.0, ""same_ward"": 1.0, ""coarse"": 0.0, ""has_news"": 0.0}"
PWD-INC-059563,GRV-OVL-00106,pwd,grievance,0.8260400221710625,linked,"{""dist_m"": 166.292, ""dt_h"": 26.82, ""dist_norm"": 0.26, ""dt_norm"": 0.373, ""text_sim"": 0.215, ""same_cat"": 1.0, ""same_ward"": 1.0, ""coarse"": 0.0, ""has_news"": 0.0}"
PWD-INC-059563,GRV-OVL-00108,pwd,grievance,0.7498452239998976,linked,"{""dist_m"": 156.302, ""dt_h"": 24.001, ""dist_norm"": 0.244, ""dt_norm"": 0.333, ""text_sim"": 0.077, ""same_cat"": 1.0, ""same_ward"": 1.0, ""coarse"": 0.0, ""has_news"": 0.0}"
PWD-INC-059563,POL-OVL-00088,pwd,police,0.8035111539826488,linked,"{""dist_m"": 271.671, ""dt_h"": 20.182, ""dist_norm"": 0.418, ""dt_norm"": 0.28, ""text_sim"": 0.188, ""same_cat"": 1.0, ""same_ward"": 1.0, ""coarse"": 0.0, ""has_news"": 0.0}"
PWD-INC-059585,GRV-OVL-00086,pwd,grievance,0.7930750848436865,linked,"{""dist_m"": 145.711, ""dt_h"": 18.199, ""dist_norm"": 0.228, ""dt_norm"": 0.253, ""text_sim"": 0.046, ""same_cat"": 1.0, ""same_ward"": 1.0, ""coarse"": 0.0, ""has_news"": 0.0}"
PWD-INC-059586,GRV-OVL-00088,pwd,grievance,0.7003266788213242,linked,"{""dist_m"": 256.695, ""dt_h"": 17.977, ""dist_norm"": 0.401, ""dt_norm"": 0.25, ""text_sim"": 0.037, ""same_cat"": 1.0, ""same_ward"": 1.0, ""coarse"": 0.0, ""has_news"": 0.0}"
PWD-INC-059586,POL-OVL-00072,pwd,police,0.8087138762810576,linked,"{""dist_m"": 176.743, ""dt_h"": 20.249, ""dist_norm"": 0.272, ""dt_norm"": 0.281, ""text_sim"": 0.116, ""same_cat"": 1.0, ""same_ward"": 1.0, ""coarse"": 0.0, ""has_news"": 0.0}"
PWD-INC-059595,POL-OVL-00083,pwd,police,0.750489757294051,linked,"{""dist_m"": 221.973, ""dt_h"": 1.418, ""dist_norm"": 0.341, ""dt_norm"": 0.02, ""text_sim"": 0.146, ""same_cat"": 1.0, ""same_ward"": 0.0, ""coarse"": 0.0, ""has_news"": 0.0}"
PWD-INC-059601,POL-OVL-00080,pwd,police,0.9028453995373449,linked,"{""dist_m"": 176.058, ""dt_h"": 12.412, ""dist_norm"": 0.271, ""dt_norm"": 0.172, ""text_sim"": 0.178, ""same_cat"": 1.0, ""same_ward"": 1.0, ""coarse"": 0.0, ""has_news"": 0.0}"
PWD-INC-059605,GRV-OVL-00102,pwd,grievance,0.945556600349959,linked,"{""dist_m"": 110.367, ""dt_h"": 2.769, ""dist_norm"": 0.172, ""dt_norm"": 0.038, ""text_sim"": 0.132, ""same_cat"": 1.0, ""same_ward"": 1.0, ""coarse"": 0.0, ""has_news"": 0.0}"
PWD-INC-059627,GRV-OVL-00103,pwd,grievance,0.896499275595834,linked,"{""dist_m"": 143.927, ""dt_h"": 4.314, ""dist_norm"": 0.225, ""dt_norm"": 0.06, ""text_sim"": 0.038, ""same_cat"": 1.0, ""same_ward"": 1.0, ""coarse"": 0.0, ""has_news"": 0.0}"
PWD-INC-059627,GRV-OVL-00104,pwd,grievance,0.9143057704370888,linked,"{""dist_m"": 111.499, ""dt_h"": 2.434, ""dist_norm"": 0.174, ""dt_norm"": 0.034, ""text_sim"": 0.029, ""same_cat"": 1.0, ""same_ward"": 1.0, ""coarse"": 0.0, ""has_news"": 0.0}"
PWD-INC-060126,GRV-OVL-00139,pwd,grievance,0.7923496278377168,linked,"{""dist_m"": 102.437, ""dt_h"": 7.557, ""dist_norm"": 0.16, ""dt_norm"": 0.105, ""text_sim"": 0.173, ""same_cat"": 1.0, ""same_ward"": 0.0, ""coarse"": 0.0, ""has_news"": 0.0}"
PWD-INC-060130,GRV-OVL-00139,pwd,grievance,0.857742150755699,linked,"{""dist_m"": 271.51, ""dt_h"": 4.341, ""dist_norm"": 0.424, ""dt_norm"": 0.06, ""text_sim"": 0.073, ""same_cat"": 1.0, ""same_ward"": 1.0, ""coarse"": 0.0, ""has_news"": 0.0}"
PWD-INC-060182,POL-OVL-00117,pwd,police,0.9370683742485628,linked,"{""dist_m"": 260.514, ""dt_h"": 2.866, ""dist_norm"": 0.401, ""dt_norm"": 0.04, ""text_sim"": 0.227, ""same_cat"": 1.0, ""same_ward"": 1.0, ""coarse"": 0.0, ""has_news"": 0.0}"
PWD-INC-060184,GRV-OVL-00139,pwd,grievance,0.9198237809247111,linked,"{""dist_m"": 128.147, ""dt_h"": 4.173, ""dist_norm"": 0.2, ""dt_norm"": 0.058, ""text_sim"": 0.08, ""same_cat"": 1.0, ""same_ward"": 1.0, ""coarse"": 0.0, ""has_news"": 0.0}"
PWD-INC-060190,GRV-OVL-00139,pwd,grievance,0.8605907440946147,linked,"{""dist_m"": 274.615, ""dt_h"": 7.496, ""dist_norm"": 0.429, ""dt_norm"": 0.104, ""text_sim"": 0.12, ""same_cat"": 1.0, ""same_ward"": 1.0, ""coarse"": 0.0, ""has_news"": 0.0}"
PWD-INC-060194,GRV-OVL-00143,pwd,grievance,0.885763033499315,linked,"{""dist_m"": 148.294, ""dt_h"": 4.746, ""dist_norm"": 0.232, ""dt_norm"": 0.066, ""text_sim"": 0.024, ""same_cat"": 1.0, ""same_ward"": 1.0, ""coarse"": 0.0, ""has_news"": 0.0}"
PWD-INC-060194,POL-OVL-00117,pwd,police,0.9290971180530573,linked,"{""dist_m"": 217.294, ""dt_h"": 1.828, ""dist_norm"": 0.334, ""dt_norm"": 0.025, ""text_sim"": 0.151, ""same_cat"": 1.0, ""same_ward"": 1.0, ""coarse"": 0.0, ""has_news"": 0.0}"
PWD-INC-060195,GRV-OVL-00143,pwd,grievance,0.8683142197311703,linked,"{""dist_m"": 170.143, ""dt_h"": 4.834, ""dist_norm"": 0.266, ""dt_norm"": 0.067, ""text_sim"": 0.011, ""same_cat"": 1.0, ""same_ward"": 1.0, ""coarse"": 0.0, ""has_news"": 0.0}"
PWD-INC-060195,POL-OVL-00117,pwd,police,0.9036210404771625,linked,"{""dist_m"": 245.1, ""dt_h"": 1.917, ""dist_norm"": 0.377, ""dt_norm"": 0.027, ""text_sim"": 0.107, ""same_cat"": 1.0, ""same_ward"": 1.0, ""coarse"": 0.0, ""has_news"": 0.0}"
PWD-INC-060200,GRV-OVL-00145,pwd,grievance,0.8508277802278217,linked,"{""dist_m"": 124.968, ""dt_h"": 11.889, ""dist_norm"": 0.195, ""dt_norm"": 0.165, ""text_sim"": 0.031, ""same_cat"": 1.0, ""same_ward"": 1.0, ""coarse"": 0.0, ""has_news"": 0.0}"
PWD-INC-060200,GRV-OVL-00146,pwd,grievance,0.8986541900366455,linked,"{""dist_m"": 94.767, ""dt_h"": 8.45, ""dist_norm"": 0.148, ""dt_norm"": 0.117, ""text_sim"": 0.052, ""same_cat"": 1.0, ""same_ward"": 1.0, ""coarse"": 0.0, ""has_news"": 0.0}"
PWD-INC-060200,GRV-OVL-00147,pwd,grievance,0.8356025965766746,linked,"{""dist_m"": 136.378, ""dt_h"": 13.068, ""dist_norm"": 0.213, ""dt_norm"": 0.182, ""text_sim"": 0.031, ""same_cat"": 1.0, ""same_ward"": 1.0, ""coarse"": 0.0, ""has_news"": 0.0}"
PWD-INC-060200,POL-OVL-00120,pwd,police,0.9071563912903003,linked,"{""dist_m"": 215.67, ""dt_h"": 6.158, ""dist_norm"": 0.332, ""dt_norm"": 0.086, ""text_sim"": 0.144, ""same_cat"": 1.0, ""same_ward"": 1.0, ""coarse"": 0.0, ""has_news"": 0.0}"
PWD-INC-060200,POL-OVL-00121,pwd,police,0.9294900153711354,linked,"{""dist_m"": 138.693, ""dt_h"": 6.435, ""dist_norm"": 0.213, ""dt_norm"": 0.089, ""text_sim"": 0.144, ""same_cat"": 1.0, ""same_ward"": 1.0, ""coarse"": 0.0, ""has_news"": 0.0}"
PWD-INC-060202,GRV-OVL-00143,pwd,grievance,0.7068648582591773,linked,"{""dist_m"": 378.251, ""dt_h"": 8.392, ""dist_norm"": 0.591, ""dt_norm"": 0.117, ""text_sim"": 0.027, ""same_cat"": 1.0, ""same_ward"": 1.0, ""coarse"": 0.0, ""has_news"": 0.0}"
PWD-INC-060202,POL-OVL-00117,pwd,police,0.9628757471705977,linked,"{""dist_m"": 142.014, ""dt_h"": 5.475, ""dist_norm"": 0.218, ""dt_norm"": 0.076, ""text_sim"": 0.273, ""same_cat"": 1.0, ""same_ward"": 1.0, ""coarse"": 0.0, ""has_news"": 0.0}"
PWD-INC-060203,GRV-OVL-00144,pwd,grievance,0.8508489990634662,linked,"{""dist_m"": 136.177, ""dt_h"": 11.606, ""dist_norm"": 0.213, ""dt_norm"": 0.161, ""text_sim"": 0.037, ""same_cat"": 1.0, ""same_ward"": 1.0, ""coarse"": 0.0, ""has_news"": 0.0}"
PWD-INC-060203,POL-OVL-00119,pwd,police,0.927382817173537,linked,"{""dist_m"": 153.966, ""dt_h"": 7.187, ""dist_norm"": 0.237, ""dt_norm"": 0.1, ""text_sim"": 0.16, ""same_cat"": 1.0, ""same_ward"": 1.0, ""coarse"": 0.0, ""has_news"": 0.0}"
PWD-INC-060248,POL-OVL-00133,pwd,police,0.7356792183614912,linked,"{""dist_m"": 601.757, ""dt_h"": 6.114, ""dist_norm"": 0.926, ""dt_norm"": 0.085, ""text_sim"": 0.211, ""same_cat"": 1.0, ""same_ward"": 1.0, ""coarse"": 0.0, ""has_news"": 0.0}"
NEWS-20260924-8d20784339fd41ca,GRV-OVL-00401,news,grievance,0.733652983268197,linked,"{""dist_m"": 508.613, ""dt_h"": 5.853, ""dist_norm"": 0.478, ""dt_norm"": 0.049, ""text_sim"": 0.121, ""same_cat"": 1.0, ""same_ward"": 1.0, ""coarse"": 1.0, ""has_news"": 1.0}"
NEWS-20260924-c883d91eadc443fd,GRV-OVL-00394,news,grievance,0.7993961109440894,linked,"{""dist_m"": 322.478, ""dt_h"": 8.943, ""dist_norm"": 0.303, ""dt_norm"": 0.075, ""text_sim"": 0.124, ""same_cat"": 1.0, ""same_ward"": 1.0, ""coarse"": 1.0, ""has_news"": 1.0}"
NEWS-20260924-c883d91eadc443fd,PWD-INC-OVL0231,news,pwd,0.7525075107023185,linked,"{""dist_m"": 532.144, ""dt_h"": 7.839, ""dist_norm"": 0.495, ""dt_norm"": 0.065, ""text_sim"": 0.165, ""same_cat"": 1.0, ""same_ward"": 1.0, ""coarse"": 1.0, ""has_news"": 1.0}"
NEWS-20260924-c883d91eadc443fd,GRV-OVL-00408,news,grievance,0.877071409384465,linked,"{""dist_m"": 25.07, ""dt_h"": 12.072, ""dist_norm"": 0.024, ""dt_norm"": 0.101, ""text_sim"": 0.114, ""same_cat"": 1.0, ""same_ward"": 1.0, ""coarse"": 1.0, ""has_news"": 1.0}"
NEWS-20260924-c883d91eadc443fd,GRV-OVL-00409,news,grievance,0.7757571513578951,linked,"{""dist_m"": 350.947, ""dt_h"": 9.367, ""dist_norm"": 0.33, ""dt_norm"": 0.078, ""text_sim"": 0.113, ""same_cat"": 1.0, ""same_ward"": 1.0, ""coarse"": 1.0, ""has_news"": 1.0}"
NEWS-20260924-c883d91eadc443fd,GRV-OVL-00410,news,grievance,0.7295374913583595,linked,"{""dist_m"": 334.821, ""dt_h"": 18.741, ""dist_norm"": 0.314, ""dt_norm"": 0.156, ""text_sim"": 0.124, ""same_cat"": 1.0, ""same_ward"": 1.0, ""coarse"": 1.0, ""has_news"": 1.0}"
NEWS-20260924-c883d91eadc443fd,PWD-INC-OVL0236,news,pwd,0.7294926315068958,linked,"{""dist_m"": 632.92, ""dt_h"": 4.281, ""dist_norm"": 0.589, ""dt_norm"": 0.036, ""text_sim"": 0.165, ""same_cat"": 1.0, ""same_ward"": 1.0, ""coarse"": 1.0, ""has_news"": 1.0}"
NEWS-20261002-30a14570b37e473d,PWD-INC-OVL0227,news,pwd,0.702465926391601,linked,"{""dist_m"": 499.321, ""dt_h"": 18.371, ""dist_norm"": 0.464, ""dt_norm"": 0.153, ""text_sim"": 0.176, ""same_cat"": 1.0, ""same_ward"": 1.0, ""coarse"": 1.0, ""has_news"": 1.0}"
NEWS-20261001-0bf5d8b8dc2f4ae7,GRV-OVL-00326,news,grievance,0.7868793660650746,linked,"{""dist_m"": 412.439, ""dt_h"": 5.415, ""dist_norm"": 0.387, ""dt_norm"": 0.045, ""text_sim"": 0.128, ""same_cat"": 1.0, ""same_ward"": 1.0, ""coarse"": 1.0, ""has_news"": 1.0}"
NEWS-20261004-dc42302b51944f6c,GRV-OVL-00389,news,grievance,0.7903350742883358,linked,"{""dist_m"": 303.582, ""dt_h"": 3.666, ""dist_norm"": 0.285, ""dt_norm"": 0.031, ""text_sim"": 0.063, ""same_cat"": 1.0, ""same_ward"": 1.0, ""coarse"": 1.0, ""has_news"": 1.0}"
NEWS-20261004-dc42302b51944f6c,GRV-OVL-00390,news,grievance,0.763865852268293,linked,"{""dist_m"": 267.752, ""dt_h"": 10.289, ""dist_norm"": 0.251, ""dt_norm"": 0.086, ""text_sim"": 0.063, ""same_cat"": 1.0, ""same_ward"": 1.0, ""coarse"": 1.0, ""has_news"": 1.0}"
NEWS-20261004-dc42302b51944f6c,GRV-OVL-00392,news,grievance,0.7577061852553076,linked,"{""dist_m"": 370.109, ""dt_h"": 10.61, ""dist_norm"": 0.348, ""dt_norm"": 0.088, ""text_sim"": 0.111, ""same_cat"": 1.0, ""same_ward"": 1.0, ""coarse"": 1.0, ""has_news"": 1.0}"
NEWS-20260924-2040f936e1e54614,GRV-OVL-00361,news,grievance,0.7222944549715838,linked,"{""dist_m"": 412.122, ""dt_h"": 7.556, ""dist_norm"": 0.387, ""dt_norm"": 0.063, ""text_sim"": 0.072, ""same_cat"": 1.0, ""same_ward"": 1.0, ""coarse"": 1.0, ""has_news"": 1.0}"
NEWS-20260924-2040f936e1e54614,GRV-OVL-00363,news,grievance,0.7963248692620626,linked,"{""dist_m"": 422.546, ""dt_h"": 5.138, ""dist_norm"": 0.397, ""dt_norm"": 0.043, ""text_sim"": 0.143, ""same_cat"": 1.0, ""same_ward"": 1.0, ""coarse"": 1.0, ""has_news"": 1.0}"
NEWS-20260924-2040f936e1e54614,PWD-INC-OVL0229,news,pwd,0.858441145758179,linked,"{""dist_m"": 246.936, ""dt_h"": 19.027, ""dist_norm"": 0.23, ""dt_norm"": 0.159, ""text_sim"": 0.246, ""same_cat"": 1.0, ""same_ward"": 1.0, ""coarse"": 1.0, ""has_news"": 1.0}"
NEWS-20260924-3f7b7317e6d844d2,GRV-OVL-00393,news,grievance,0.7783272279840731,linked,"{""dist_m"": 465.794, ""dt_h"": 4.943, ""dist_norm"": 0.437, ""dt_norm"": 0.041, ""text_sim"": 0.142, ""same_cat"": 1.0, ""same_ward"": 1.0, ""coarse"": 1.0, ""has_news"": 1.0}"
NEWS-20260924-3f7b7317e6d844d2,PWD-INC-OVL0231,news,pwd,0.705170764858667,linked,"{""dist_m"": 532.144, ""dt_h"": 16.161, ""dist_norm"": 0.495, ""dt_norm"": 0.135, ""text_sim"": 0.179, ""same_cat"": 1.0, ""same_ward"": 1.0, ""coarse"": 1.0, ""has_news"": 1.0}"
NEWS-20261002-5d98fd13dbde4ff5,GRV-OVL-00330,news,grievance,0.7626668154196996,linked,"{""dist_m"": 364.669, ""dt_h"": 7.449, ""dist_norm"": 0.342, ""dt_norm"": 0.062, ""text_sim"": 0.09, ""same_cat"": 1.0, ""same_ward"": 1.0, ""coarse"": 1.0, ""has_news"": 1.0}"
NEWS-20261002-5d98fd13dbde4ff5,GRV-OVL-00331,news,grievance,0.7397139872223024,linked,"{""dist_m"": 460.858, ""dt_h"": 4.488, ""dist_norm"": 0.433, ""dt_norm"": 0.037, ""text_sim"": 0.092, ""same_cat"": 1.0, ""same_ward"": 1.0, ""coarse"": 1.0, ""has_news"": 1.0}"
NEWS-20261002-5d98fd13dbde4ff5,GRV-OVL-00332,news,grievance,0.7342855767925105,linked,"{""dist_m"": 487.775, ""dt_h"": 3.145, ""dist_norm"": 0.458, ""dt_norm"": 0.026, ""text_sim"": 0.09, ""same_cat"": 1.0, ""same_ward"": 1.0, ""coarse"": 1.0, ""has_news"": 1.0}"
NEWS-20261002-5d98fd13dbde4ff5,PWD-INC-OVL0223,news,pwd,0.8006238134999561,linked,"{""dist_m"": 514.45, ""dt_h"": 7.002, ""dist_norm"": 0.479, ""dt_norm"": 0.058, ""text_sim"": 0.207, ""same_cat"": 1.0, ""same_ward"": 1.0, ""coarse"": 1.0, ""has_news"": 1.0}"
NEWS-20261002-5d98fd13dbde4ff5,GRV-OVL-00358,news,grievance,0.7884509676806231,linked,"{""dist_m"": 411.319, ""dt_h"": 0.218, ""dist_norm"": 0.386, ""dt_norm"": 0.002, ""text_sim"": 0.09, ""same_cat"": 1.0, ""same_ward"": 1.0, ""coarse"": 1.0, ""has_news"": 1.0}"
NEWS-20261002-5d98fd13dbde4ff5,PWD-INC-OVL0227,news,pwd,0.8292973448045248,linked,"{""dist_m"": 499.321, ""dt_h"": 2.833, ""dist_norm"": 0.464, ""dt_norm"": 0.024, ""text_sim"": 0.207, ""same_cat"": 1.0, ""same_ward"": 1.0, ""coarse"": 1.0, ""has_news"": 1.0}"
NEWS-20260928-02cd3b1a5a9945f0,GRV-OVL-00349,news,grievance,0.8018402674974509,linked,"{""dist_m"": 361.097, ""dt_h"": 6.797, ""dist_norm"": 0.265, ""dt_norm"": 0.057, ""text_sim"": 0.09, ""same_cat"": 1.0, ""same_ward"": 1.0, ""coarse"": 1.0, ""has_news"": 1.0}"
NEWS-20260928-02cd3b1a5a9945f0,GRV-OVL-00350,news,grievance,0.7196450020006262,linked,"{""dist_m"": 496.72, ""dt_h"": 12.633, ""dist_norm"": 0.364, ""dt_norm"": 0.105, ""text_sim"": 0.095, ""same_cat"": 1.0, ""same_ward"": 1.0, ""coarse"": 1.0, ""has_news"": 1.0}"
NEWS-20260928-02cd3b1a5a9945f0,PWD-INC-OVL0225,news,pwd,0.7876060920399172,linked,"{""dist_m"": 696.545, ""dt_h"": 17.299, ""dist_norm"": 0.507, ""dt_norm"": 0.144, ""text_sim"": 0.283, ""same_cat"": 1.0, ""same_ward"": 1.0, ""coarse"": 1.0, ""has_news"": 1.0}"
GRV-OVL-00001,PWD-INC-OVL0002,grievance,pwd,0.9428573228696454,linked,"{""dist_m"": 211.698, ""dt_h"": 3.182, ""dist_norm"": 0.331, ""dt_norm"": 0.044, ""text_sim"": 0.213, ""same_cat"": 1.0, ""same_ward"": 1.0, ""coarse"": 0.0, ""has_news"": 0.0}"
GRV-OVL-00002,PWD-INC-OVL0002,grievance,pwd,0.9671440189746142,linked,"{""dist_m"": 101.638, ""dt_h"": 1.982, ""dist_norm"": 0.159, ""dt_norm"": 0.028, ""text_sim"": 0.223, ""same_cat"": 1.0, ""same_ward"": 1.0, ""coarse"": 0.0, ""has_news"": 0.0}"
POL-OVL-00002,PWD-INC-OVL0003,police,pwd,0.9841662437809979,linked,"{""dist_m"": 424.905, ""dt_h"": 1.99, ""dist_norm"": 0.654, ""dt_norm"": 0.028, ""text_sim"": 0.647, ""same_cat"": 1.0, ""same_ward"": 1.0, ""coarse"": 0.0, ""has_news"": 0.0}"
POL-OVL-00003,PWD-INC-OVL0003,police,pwd,0.9910445917283525,linked,"{""dist_m"": 278.674, ""dt_h"": 2.386, ""dist_norm"": 0.429, ""dt_norm"": 0.033, ""text_sim"": 0.647, ""same_cat"": 1.0, ""same_ward"": 1.0, ""coarse"": 0.0, ""has_news"": 0.0}"
GRV-OVL-00003,PWD-INC-OVL0004,grievance,pwd,0.9722719103457633,linked,"{""dist_m"": 216.151, ""dt_h"": 5.072, ""dist_norm"": 0.338, ""dt_norm"": 0.07, ""text_sim"": 0.395, ""same_cat"": 1.0, ""same_ward"": 1.0, ""coarse"": 0.0, ""has_news"": 0.0}"
GRV-OVL-00004,PWD-INC-OVL0004,grievance,pwd,0.9188067153339047,linked,"{""dist_m"": 74.609, ""dt_h"": 0.055, ""dist_norm"": 0.117, ""dt_norm"": 0.001, ""text_sim"": 0.414, ""same_cat"": 0.0, ""same_ward"": 1.0, ""coarse"": 0.0, ""has_news"": 0.0}"
GRV-OVL-00005,PWD-INC-OVL0005,grievance,pwd,0.985881235737203,linked,"{""dist_m"": 122.283, ""dt_h"": 0.425, ""dist_norm"": 0.191, ""dt_norm"": 0.006, ""text_sim"": 0.398, ""same_cat"": 1.0, ""same_ward"": 1.0, ""coarse"": 0.0, ""has_news"": 0.0}"
GRV-OVL-00005,PWD-INC-OVL0006,grievance,pwd,0.9779670154157731,linked,"{""dist_m"": 203.668, ""dt_h"": 2.28, ""dist_norm"": 0.318, ""dt_norm"": 0.032, ""text_sim"": 0.398, ""same_cat"": 1.0, ""same_ward"": 1.0, ""coarse"": 0.0, ""has_news"": 0.0}"
GRV-OVL-00005,PWD-INC-OVL0007,grievance,pwd,0.983930664862634,linked,"{""dist_m"": 155.259, ""dt_h"": 0.323, ""dist_norm"": 0.243, ""dt_norm"": 0.004, ""text_sim"": 0.398, ""same_cat"": 1.0, ""same_ward"": 1.0, ""coarse"": 0.0, ""has_news"": 0.0}"
GRV-OVL-00006,POL-OVL-00005,grievance,police,0.9408396120509359,linked,"{""dist_m"": 266.385, ""dt_h"": 0.912, ""dist_norm"": 0.416, ""dt_norm"": 0.013, ""text_sim"": 0.659, ""same_cat"": 0.0, ""same_ward"": 1.0, ""coarse"": 0.0, ""has_news"": 0.0}"
GRV-OVL-00006,PWD-INC-OVL0008,grievance,pwd,0.8440663830951342,linked,"{""dist_m"": 37.154, ""dt_h"": 1.443, ""dist_norm"": 0.058, ""dt_norm"": 0.02, ""text_sim"": 0.546, ""same_cat"": 0.0, ""same_ward"": 0.0, ""coarse"": 0.0, ""has_news"": 0.0}"
GRV-OVL-00006,PWD-INC-OVL0009,grievance,pwd,0.8581311277454255,linked,"{""dist_m"": 313.488, ""dt_h"": 4.547, ""dist_norm"": 0.49, ""dt_norm"": 0.063, ""text_sim"": 0.546, ""same_cat"": 0.0, ""same_ward"": 1.0, ""coarse"": 0.0, ""has_news"": 0.0}"
POL-OVL-00005,PWD-INC-OVL0008,police,pwd,0.9839225633856147,linked,"{""dist_m"": 251.254, ""dt_h"": 2.355, ""dist_norm"": 0.387, ""dt_norm"": 0.033, ""text_sim"": 0.8, ""same_cat"": 1.0, ""same_ward"": 0.0, ""coarse"": 0.0, ""has_news"": 0.0}"
POL-OVL-00005,PWD-INC-OVL0009,police,pwd,0.9961724786452757,linked,"{""dist_m"": 206.734, ""dt_h"": 5.459, ""dist_norm"": 0.318, ""dt_norm"": 0.076, ""text_sim"": 0.8, ""same_cat"": 1.0, ""same_ward"": 1.0, ""coarse"": 0.0, ""has_news"": 0.0}"
GRV-OVL-00007,PWD-INC-OVL0010,grievance,pwd,0.9589288678119411,linked,"{""dist_m"": 376.272, ""dt_h"": 0.528, ""dist_norm"": 0.588, ""dt_norm"": 0.007, ""text_sim"": 0.392, ""same_cat"": 1.0, ""same_ward"": 1.0, ""coarse"": 0.0, ""has_news"": 0.0}"
GRV-OVL-00008,PWD-INC-OVL0010,grievance,pwd,0.9680476611440532,linked,"{""dist_m"": 273.037, ""dt_h"": 5.733, ""dist_norm"": 0.427, ""dt_norm"": 0.08, ""text_sim"": 0.422, ""same_cat"": 1.0, ""same_ward"": 1.0, ""coarse"": 0.0, ""has_news"": 0.0}"
GRV-OVL-00009,POL-OVL-00007,grievance,police,0.9851645438619656,linked,"{""dist_m"": 150.015, ""dt_h"": 0.152, ""dist_norm"": 0.234, ""dt_norm"": 0.002, ""text_sim"": 0.408, ""same_cat"": 1.0, ""same_ward"": 1.0, ""coarse"": 0.0, ""has_news"": 0.0}"
GRV-OVL-00009,PWD-INC-OVL0011,grievance,pwd,0.9776286455694299,linked,"{""dist_m"": 130.217, ""dt_h"": 5.61, ""dist_norm"": 0.203, ""dt_norm"": 0.078, ""text_sim"": 0.374, ""same_cat"": 1.0, ""same_ward"": 1.0, ""coarse"": 0.0, ""has_news"": 0.0}"
POL-OVL-00007,PWD-INC-OVL0011,police,pwd,0.9929682977604023,linked,"{""dist_m"": 220.101, ""dt_h"": 5.459, ""dist_norm"": 0.339, ""dt_norm"": 0.076, ""text_sim"": 0.686, ""same_cat"": 1.0, ""same_ward"": 1.0, ""coarse"": 0.0, ""has_news"": 0.0}"
GRV-OVL-00010,POL-OVL-00008,grievance,police,0.991883947440789,linked,"{""dist_m"": 137.972, ""dt_h"": 4.802, ""dist_norm"": 0.216, ""dt_norm"": 0.067, ""text_sim"": 0.581, ""same_cat"": 1.0, ""same_ward"": 1.0, ""coarse"": 0.0, ""has_news"": 0.0}"
GRV-OVL-00010,POL-OVL-00009,grievance,police,0.9909857483792991,linked,"{""dist_m"": 191.815, ""dt_h"": 2.857, ""dist_norm"": 0.3, ""dt_norm"": 0.04, ""text_sim"": 0.581, ""same_cat"": 1.0, ""same_ward"": 1.0, ""coarse"": 0.0, ""has_news"": 0.0}"
GRV-OVL-00011,POL-OVL-00008,grievance,police,0.9918486874500032,linked,"{""dist_m"": 119.1, ""dt_h"": 0.077, ""dist_norm"": 0.186, ""dt_norm"": 0.001, ""text_sim"": 0.504, ""same_cat"": 1.0, ""same_ward"": 1.0, ""coarse"": 0.0, ""has_news"": 0.0}"
GRV-OVL-00014,PWD-INC-OVL0012,grievance,pwd,0.7924149450545587,linked,"{""dist_m"": 294.699, ""dt_h"": 3.533, ""dist_norm"": 0.46, ""dt_norm"": 0.049, ""text_sim"": 0.287, ""same_cat"": 1.0, ""same_ward"": 0.0, ""coarse"": 0.0, ""has_news"": 0.0}"
GRV-OVL-00014,PWD-INC-OVL0013,grievance,pwd,0.9021341439830909,linked,"{""dist_m"": 122.745, ""dt_h"": 0.852, ""dist_norm"": 0.192, ""dt_norm"": 0.012, ""text_sim"": 0.287, ""same_cat"": 1.0, ""same_ward"": 0.0, ""coarse"": 0.0, ""has_news"": 0.0}"
GRV-OVL-00014,PWD-INC-OVL0014,grievance,pwd,0.8222587490646317,linked,"{""dist_m"": 258.522, ""dt_h"": 2.859, ""dist_norm"": 0.404, ""dt_norm"": 0.04, ""text_sim"": 0.287, ""same_cat"": 1.0, ""same_ward"": 0.0, ""coarse"": 0.0, ""has_news"": 0.0}"
GRV-OVL-00014,PWD-INC-OVL0015,grievance,pwd,0.967671408967839,linked,"{""dist_m"": 241.502, ""dt_h"": 1.669, ""dist_norm"": 0.377, ""dt_norm"": 0.023, ""text_sim"": 0.342, ""same_cat"": 1.0, ""same_ward"": 1.0, ""coarse"": 0.0, ""has_news"": 0.0}"
GRV-OVL-00015,POL-OVL-00010,grievance,police,0.9927743981517109,linked,"{""dist_m"": 159.292, ""dt_h"": 2.569, ""dist_norm"": 0.249, ""dt_norm"": 0.036, ""text_sim"": 0.595, ""same_cat"": 1.0, ""same_ward"": 1.0, ""coarse"": 0.0, ""has_news"": 0.0}"
GRV-OVL-00015,POL-OVL-00011,grievance,police,0.9611855603758027,linked,"{""dist_m"": 214.056, ""dt_h"": 3.07, ""dist_norm"": 0.334, ""dt_norm"": 0.043, ""text_sim"": 0.595, ""same_cat"": 1.0, ""same_ward"": 0.0, ""coarse"": 0.0, ""has_news"": 0.0}"
GRV-OVL-00015,PWD-INC-OVL0016,grievance,pwd,0.9748216622301223,linked,"{""dist_m"": 201.58, ""dt_h"": 5.675, ""dist_norm"": 0.315, ""dt_norm"": 0.079, ""text_sim"": 0.411, ""same_cat"": 1.0, ""same_ward"": 1.0, ""coarse"": 0.0, ""has_news"": 0.0}"
GRV-OVL-00015,PWD-INC-OVL0017,grievance,pwd,0.9730038372120811,linked,"{""dist_m"": 235.749, ""dt_h"": 4.512, ""dist_norm"": 0.368, ""dt_norm"": 0.063, ""text_sim"": 0.411, ""same_cat"": 1.0, ""same_ward"": 1.0, ""coarse"": 0.0, ""has_news"": 0.0}"
GRV-OVL-00015,PWD-INC-OVL0018,grievance,pwd,0.9879130559343116,linked,"{""dist_m"": 251.023, ""dt_h"": 0.867, ""dist_norm"": 0.392, ""dt_norm"": 0.012, ""text_sim"": 0.546, ""same_cat"": 1.0, ""same_ward"": 1.0, ""coarse"": 0.0, ""has_news"": 0.0}"
POL-OVL-00010,PWD-INC-OVL0016,police,pwd,0.9916925076486103,linked,"{""dist_m"": 92.25, ""dt_h"": 3.106, ""dist_norm"": 0.142, ""dt_norm"": 0.043, ""text_sim"": 0.514, ""same_cat"": 1.0, ""same_ward"": 1.0, ""coarse"": 0.0, ""has_news"": 0.0}"
POL-OVL-00010,PWD-INC-OVL0017,police,pwd,0.9909593863030728,linked,"{""dist_m"": 130.294, ""dt_h"": 1.943, ""dist_norm"": 0.2, ""dt_norm"": 0.027, ""text_sim"": 0.514, ""same_cat"": 1.0, ""same_ward"": 1.0, ""coarse"": 0.0, ""has_news"": 0.0}"
POL-OVL-00010,PWD-INC-OVL0018,police,pwd,0.9966940964450821,linked,"{""dist_m"": 113.975, ""dt_h"": 1.702, ""dist_norm"": 0.175, ""dt_norm"": 0.024, ""text_sim"": 0.705, ""same_cat"": 1.0, ""same_ward"": 1.0, ""coarse"": 0.0, ""has_news"": 0.0}"
POL-OVL-00011,PWD-INC-OVL0018,police,pwd,0.966787118137292,linked,"{""dist_m"": 321.459, ""dt_h"": 2.203, ""dist_norm"": 0.495, ""dt_norm"": 0.031, ""text_sim"": 0.705, ""same_cat"": 1.0, ""same_ward"": 0.0, ""coarse"": 0.0, ""has_news"": 0.0}"
GRV-OVL-00028,PWD-INC-OVL0019,grievance,pwd,0.9750402125045763,linked,"{""dist_m"": 320.013, ""dt_h"": 2.534, ""dist_norm"": 0.5, ""dt_norm"": 0.035, ""text_sim"": 0.474, ""same_cat"": 1.0, ""same_ward"": 1.0, ""coarse"": 0.0, ""has_news"": 0.0}"
GRV-OVL-00029,PWD-INC-OVL0019,grievance,pwd,0.9806429283303538,linked,"{""dist_m"": 257.435, ""dt_h"": 2.064, ""dist_norm"": 0.402, ""dt_norm"": 0.029, ""text_sim"": 0.468, ""same_cat"": 1.0, ""same_ward"": 1.0, ""coarse"": 0.0, ""has_news"": 0.0}"
GRV-OVL-00030,POL-OVL-00014,grievance,police,0.9890148872100957,linked,"{""dist_m"": 206.106, ""dt_h"": 0.248, ""dist_norm"": 0.322, ""dt_norm"": 0.003, ""text_sim"": 0.519, ""same_cat"": 1.0, ""same_ward"": 1.0, ""coarse"": 0.0, ""has_news"": 0.0}"
GRV-OVL-00030,PWD-INC-OVL0020,grievance,pwd,0.9829842200667777,linked,"{""dist_m"": 244.12, ""dt_h"": 2.277, ""dist_norm"": 0.381, ""dt_norm"": 0.032, ""text_sim"": 0.486, ""same_cat"": 1.0, ""same_ward"": 1.0, ""coarse"": 0.0, ""has_news"": 0.0}"
GRV-OVL-00031,POL-OVL-00014,grievance,police,0.9906684506989479,linked,"{""dist_m"": 149.435, ""dt_h"": 1.818, ""dist_norm"": 0.233, ""dt_norm"": 0.025, ""text_sim"": 0.524, ""same_cat"": 1.0, ""same_ward"": 1.0, ""coarse"": 0.0, ""has_news"": 0.0}"
GRV-OVL-00031,PWD-INC-OVL0021,grievance,pwd,0.9812977692078497,linked,"{""dist_m"": 202.455, ""dt_h"": 4.149, ""dist_norm"": 0.316, ""dt_norm"": 0.058, ""text_sim"": 0.454, ""same_cat"": 1.0, ""same_ward"": 1.0, ""coarse"": 0.0, ""has_news"": 0.0}"
GRV-OVL-00032,POL-OVL-00014,grievance,police,0.9928118921508212,linked,"{""dist_m"": 157.786, ""dt_h"": 0.953, ""dist_norm"": 0.247, ""dt_norm"": 0.013, ""text_sim"": 0.574, ""same_cat"": 1.0, ""same_ward"": 1.0, ""coarse"": 0.0, ""has_news"": 0.0}"
GRV-OVL-00032,PWD-INC-OVL0021,grievance,pwd,0.9848822160997601,linked,"{""dist_m"": 250.257, ""dt_h"": 1.378, ""dist_norm"": 0.391, ""dt_norm"": 0.019, ""text_sim"": 0.505, ""same_cat"": 1.0, ""same_ward"": 1.0, ""coarse"": 0.0, ""has_news"": 0.0}"
GRV-OVL-00033,POL-OVL-00014,grievance,police,0.9485996225318423,linked,"{""dist_m"": 48.844, ""dt_h"": 3.344, ""dist_norm"": 0.076, ""dt_norm"": 0.046, ""text_sim"": 0.534, ""same_cat"": 0.0, ""same_ward"": 1.0, ""coarse"": 0.0, ""has_news"": 0.0}"
GRV-OVL-00033,PWD-INC-OVL0021,grievance,pwd,0.8809037525679454,linked,"{""dist_m"": 174.093, ""dt_h"": 1.013, ""dist_norm"": 0.272, ""dt_norm"": 0.014, ""text_sim"": 0.424, ""same_cat"": 0.0, ""same_ward"": 1.0, ""coarse"": 0.0, ""has_news"": 0.0}"
GRV-OVL-00034,POL-OVL-00014,grievance,police,0.9902948056211435,linked,"{""dist_m"": 91.59, ""dt_h"": 2.472, ""dist_norm"": 0.143, ""dt_norm"": 0.034, ""text_sim"": 0.475, ""same_cat"": 1.0, ""same_ward"": 1.0, ""coarse"": 0.0, ""has_news"": 0.0}"
GRV-OVL-00034,PWD-INC-OVL0021,grievance,pwd,0.9791101368140576,linked,"{""dist_m"": 170.837, ""dt_h"": 4.803, ""dist_norm"": 0.267, ""dt_norm"": 0.067, ""text_sim"": 0.412, ""same_cat"": 1.0, ""same_ward"": 1.0, ""coarse"": 0.0, ""has_news"": 0.0}"
POL-OVL-00014,PWD-INC-OVL0020,police,pwd,0.9954578774360962,linked,"{""dist_m"": 226.4, ""dt_h"": 2.525, ""dist_norm"": 0.348, ""dt_norm"": 0.035, ""text_sim"": 0.744, ""same_cat"": 1.0, ""same_ward"": 1.0, ""coarse"": 0.0, ""has_news"": 0.0}"
POL-OVL-00014,PWD-INC-OVL0021,police,pwd,0.9967407937858007,linked,"{""dist_m"": 148.212, ""dt_h"": 2.331, ""dist_norm"": 0.228, ""dt_norm"": 0.032, ""text_sim"": 0.744, ""same_cat"": 1.0, ""same_ward"": 1.0, ""coarse"": 0.0, ""has_news"": 0.0}"
GRV-OVL-00035,POL-OVL-00015,grievance,police,0.995226906424553,linked,"{""dist_m"": 139.074, ""dt_h"": 5.916, ""dist_norm"": 0.217, ""dt_norm"": 0.082, ""text_sim"": 0.705, ""same_cat"": 1.0, ""same_ward"": 1.0, ""coarse"": 0.0, ""has_news"": 0.0}"
GRV-OVL-00035,PWD-INC-OVL0022,grievance,pwd,0.9858453726165972,linked,"{""dist_m"": 252.853, ""dt_h"": 1.713, ""dist_norm"": 0.395, ""dt_norm"": 0.024, ""text_sim"": 0.525, ""same_cat"": 1.0, ""same_ward"": 1.0, ""coarse"": 0.0, ""has_news"": 0.0}"
GRV-OVL-00036,POL-OVL-00015,grievance,police,0.9959115599533965,linked,"{""dist_m"": 104.409, ""dt_h"": 2.504, ""dist_norm"": 0.163, ""dt_norm"": 0.035, ""text_sim"": 0.664, ""same_cat"": 1.0, ""same_ward"": 1.0, ""coarse"": 0.0, ""has_news"": 0.0}"
GRV-OVL-00036,PWD-INC-OVL0022,grievance,pwd,0.9863712954320343,linked,"{""dist_m"": 228.592, ""dt_h"": 1.699, ""dist_norm"": 0.357, ""dt_norm"": 0.024, ""text_sim"": 0.512, ""same_cat"": 1.0, ""same_ward"": 1.0, ""coarse"": 0.0, ""has_news"": 0.0}"
GRV-OVL-00037,POL-OVL-00015,grievance,police,0.9966354415171728,linked,"{""dist_m"": 16.518, ""dt_h"": 8.4, ""dist_norm"": 0.026, ""dt_norm"": 0.117, ""text_sim"": 0.703, ""same_cat"": 1.0, ""same_ward"": 1.0, ""coarse"": 0.0, ""has_news"": 0.0}"
GRV-OVL-00037,POL-OVL-00016,grievance,police,0.9963308297918229,linked,"{""dist_m"": 43.238, ""dt_h"": 7.998, ""dist_norm"": 0.068, ""dt_norm"": 0.111, ""text_sim"": 0.703, ""same_cat"": 1.0, ""same_ward"": 1.0, ""coarse"": 0.0, ""has_news"": 0.0}"
GRV-OVL-00037,PWD-INC-OVL0022,grievance,pwd,0.9900331756832309,linked,"{""dist_m"": 129.753, ""dt_h"": 4.197, ""dist_norm"": 0.203, ""dt_norm"": 0.058, ""text_sim"": 0.524, ""same_cat"": 1.0, ""same_ward"": 1.0, ""coarse"": 0.0, ""has_news"": 0.0}"
POL-OVL-00015,PWD-INC-OVL0022,police,pwd,0.992865307488306,linked,"{""dist_m"": 124.194, ""dt_h"": 4.203, ""dist_norm"": 0.191, ""dt_norm"": 0.058, ""text_sim"": 0.586, ""same_cat"": 1.0, ""same_ward"": 1.0, ""coarse"": 0.0, ""has_news"": 0.0}"
POL-OVL-00016,PWD-INC-OVL0022,police,pwd,0.9927789732199979,linked,"{""dist_m"": 133.118, ""dt_h"": 3.801, ""dist_norm"": 0.205, ""dt_norm"": 0.053, ""text_sim"": 0.586, ""same_cat"": 1.0, ""same_ward"": 1.0, ""coarse"": 0.0, ""has_news"": 0.0}"
GRV-OVL-00039,POL-OVL-00019,grievance,police,0.950722487409034,linked,"{""dist_m"": 260.702, ""dt_h"": 1.907, ""dist_norm"": 0.407, ""dt_norm"": 0.026, ""text_sim"": 0.271, ""same_cat"": 1.0, ""same_ward"": 1.0, ""coarse"": 0.0, ""has_news"": 0.0}"
GRV-OVL-00039,POL-OVL-00020,grievance,police,0.964439594416733,linked,"{""dist_m"": 204.259, ""dt_h"": 0.19, ""dist_norm"": 0.319, ""dt_norm"": 0.003, ""text_sim"": 0.271, ""same_cat"": 1.0, ""same_ward"": 1.0, ""coarse"": 0.0, ""has_news"": 0.0}"
GRV-OVL-00039,PWD-INC-OVL0027,grievance,pwd,0.94322196348129,linked,"{""dist_m"": 199.836, ""dt_h"": 2.888, ""dist_norm"": 0.312, ""dt_norm"": 0.04, ""text_sim"": 0.201, ""same_cat"": 1.0, ""same_ward"": 1.0, ""coarse"": 0.0, ""has_news"": 0.0}"
GRV-OVL-00039,PWD-INC-OVL0028,grievance,pwd,0.8934122559953902,linked,"{""dist_m"": 339.911, ""dt_h"": 4.513, ""dist_norm"": 0.531, ""dt_norm"": 0.063, ""text_sim"": 0.201, ""same_cat"": 1.0, ""same_ward"": 1.0, ""coarse"": 0.0, ""has_news"": 0.0}"
GRV-OVL-00039,PWD-INC-OVL0029,grievance,pwd,0.9605296058894783,linked,"{""dist_m"": 130.184, ""dt_h"": 1.398, ""dist_norm"": 0.203, ""dt_norm"": 0.019, ""text_sim"": 0.201, ""same_cat"": 1.0, ""same_ward"": 1.0, ""coarse"": 0.0, ""has_news"": 0.0}"
GRV-OVL-00039,PWD-INC-OVL0030,grievance,pwd,0.8950772557075503,linked,"{""dist_m"": 355.982, ""dt_h"": 3.127, ""dist_norm"": 0.556, ""dt_norm"": 0.043, ""text_sim"": 0.201, ""same_cat"": 1.0, ""same_ward"": 1.0, ""coarse"": 0.0, ""has_news"": 0.0}"
GRV-OVL-00039,PWD-INC-OVL0031,grievance,pwd,0.9329623494830468,linked,"{""dist_m"": 252.515, ""dt_h"": 2.186, ""dist_norm"": 0.395, ""dt_norm"": 0.03, ""text_sim"": 0.201, ""same_cat"": 1.0, ""same_ward"": 1.0, ""coarse"": 0.0, ""has_news"": 0.0}"
POL-OVL-00019,PWD-INC-OVL0028,police,pwd,0.9928380749138095,linked,"{""dist_m"": 284.546, ""dt_h"": 6.42, ""dist_norm"": 0.438, ""dt_norm"": 0.089, ""text_sim"": 0.748, ""same_cat"": 1.0, ""same_ward"": 1.0, ""coarse"": 0.0, ""has_news"": 0.0}"
POL-OVL-00019,PWD-INC-OVL0031,police,pwd,0.9957685457612953,linked,"{""dist_m"": 190.396, ""dt_h"": 4.093, ""dist_norm"": 0.293, ""dt_norm"": 0.057, ""text_sim"": 0.748, ""same_cat"": 1.0, ""same_ward"": 1.0, ""coarse"": 0.0, ""has_news"": 0.0}"
POL-OVL-00020,PWD-INC-OVL0027,police,pwd,0.9953566558651742,linked,"{""dist_m"": 228.2, ""dt_h"": 3.078, ""dist_norm"": 0.351, ""dt_norm"": 0.043, ""text_sim"": 0.748, ""same_cat"": 1.0, ""same_ward"": 1.0, ""coarse"": 0.0, ""has_news"": 0.0}"
POL-OVL-00020,PWD-INC-OVL0029,police,pwd,0.9970475285243403,linked,"{""dist_m"": 145.419, ""dt_h"": 1.208, ""dist_norm"": 0.224, ""dt_norm"": 0.017, ""text_sim"": 0.748, ""same_cat"": 1.0, ""same_ward"": 1.0, ""coarse"": 0.0, ""has_news"": 0.0}"
POL-OVL-00020,PWD-INC-OVL0030,police,pwd,0.9934978683967048,linked,"{""dist_m"": 307.007, ""dt_h"": 3.317, ""dist_norm"": 0.472, ""dt_norm"": 0.046, ""text_sim"": 0.748, ""same_cat"": 1.0, ""same_ward"": 1.0, ""coarse"": 0.0, ""has_news"": 0.0}"
POL-OVL-00023,PWD-INC-OVL0032,police,pwd,0.9962970577755712,linked,"{""dist_m"": 210.337, ""dt_h"": 1.111, ""dist_norm"": 0.324, ""dt_norm"": 0.015, ""text_sim"": 0.755, ""same_cat"": 1.0, ""same_ward"": 1.0, ""coarse"": 0.0, ""has_news"": 0.0}"
POL-OVL-00023,PWD-INC-OVL0033,police,pwd,0.9836581458398621,linked,"{""dist_m"": 193.659, ""dt_h"": 2.938, ""dist_norm"": 0.298, ""dt_norm"": 0.041, ""text_sim"": 0.755, ""same_cat"": 1.0, ""same_ward"": 0.0, ""coarse"": 0.0, ""has_news"": 0.0}"
GRV-OVL-00040,POL-OVL-00024,grievance,police,0.985366136031912,linked,"{""dist_m"": 135.621, ""dt_h"": 5.682, ""dist_norm"": 0.212, ""dt_norm"": 0.079, ""text_sim"": 0.468, ""same_cat"": 1.0, ""same_ward"": 1.0, ""coarse"": 0.0, ""has_news"": 0.0}"
GRV-OVL-00041,POL-OVL-00024,grievance,police,0.984317242604303,linked,"{""dist_m"": 284.1, ""dt_h"": 3.541, ""dist_norm"": 0.444, ""dt_norm"": 0.049, ""text_sim"": 0.553, ""same_cat"": 1.0, ""same_ward"": 1.0, ""coarse"": 0.0, ""has_news"": 0.0}"
GRV-OVL-00042,PWD-INC-OVL0034,grievance,pwd,0.9593541823433301,linked,"{""dist_m"": 302.936, ""dt_h"": 1.516, ""dist_norm"": 0.473, ""dt_norm"": 0.021, ""text_sim"": 0.344, ""same_cat"": 1.0, ""same_ward"": 1.0, ""coarse"": 0.0, ""has_news"": 0.0}"
GRV-OVL-00043,PWD-INC-OVL0034,grievance,pwd,0.9648814128281734,linked,"{""dist_m"": 209.187, ""dt_h"": 4.381, ""dist_norm"": 0.327, ""dt_norm"": 0.061, ""text_sim"": 0.331, ""same_cat"": 1.0, ""same_ward"": 1.0, ""coarse"": 0.0, ""has_news"": 0.0}"
GRV-OVL-00044,PWD-INC-OVL0034,grievance,pwd,0.9732696773584254,linked,"{""dist_m"": 156.076, ""dt_h"": 2.396, ""dist_norm"": 0.244, ""dt_norm"": 0.033, ""text_sim"": 0.318, ""same_cat"": 1.0, ""same_ward"": 1.0, ""coarse"": 0.0, ""has_news"": 0.0}"
GRV-OVL-00044,PWD-INC-OVL0035,grievance,pwd,0.929910301233093,linked,"{""dist_m"": 57.435, ""dt_h"": 1.857, ""dist_norm"": 0.09, ""dt_norm"": 0.026, ""text_sim"": 0.318, ""same_cat"": 1.0, ""same_ward"": 0.0, ""coarse"": 0.0, ""has_news"": 0.0}"
GRV-OVL-00045,POL-OVL-00025,grievance,police,0.9654754610142418,linked,"{""dist_m"": 226.032, ""dt_h"": 5.703, ""dist_norm"": 0.353, ""dt_norm"": 0.079, ""text_sim"": 0.365, ""same_cat"": 1.0, ""same_ward"": 1.0, ""coarse"": 0.0, ""has_news"": 0.0}"
GRV-OVL-00045,PWD-INC-OVL0036,grievance,pwd,0.9800795702110213,linked,"{""dist_m"": 172.0, ""dt_h"": 0.291, ""dist_norm"": 0.269, ""dt_norm"": 0.004, ""text_sim"": 0.367, ""same_cat"": 1.0, ""same_ward"": 1.0, ""coarse"": 0.0, ""has_news"": 0.0}"
GRV-OVL-00046,POL-OVL-00025,grievance,police,0.9674627848643567,linked,"{""dist_m"": 150.178, ""dt_h"": 0.159, ""dist_norm"": 0.235, ""dt_norm"": 0.002, ""text_sim"": 0.243, ""same_cat"": 1.0, ""same_ward"": 1.0, ""coarse"": 0.0, ""has_news"": 0.0}"
GRV-OVL-00046,PWD-INC-OVL0036,grievance,pwd,0.9649535387660956,linked,"{""dist_m"": 101.503, ""dt_h"": 5.572, ""dist_norm"": 0.159, ""dt_norm"": 0.077, ""text_sim"": 0.254, ""same_cat"": 1.0, ""same_ward"": 1.0, ""coarse"": 0.0, ""has_news"": 0.0}"
POL-OVL-00025,PWD-INC-OVL0036,police,pwd,0.9952662845583334,linked,"{""dist_m"": 61.821, ""dt_h"": 5.413, ""dist_norm"": 0.095, ""dt_norm"": 0.075, ""text_sim"": 0.633, ""same_cat"": 1.0, ""same_ward"": 1.0, ""coarse"": 0.0, ""has_news"": 0.0}"
GRV-OVL-00047,PWD-INC-OVL0037,grievance,pwd,0.9721803121700555,linked,"{""dist_m"": 350.572, ""dt_h"": 3.988, ""dist_norm"": 0.548, ""dt_norm"": 0.055, ""text_sim"": 0.496, ""same_cat"": 1.0, ""same_ward"": 1.0, ""coarse"": 0.0, ""has_news"": 0.0}"
GRV-OVL-00047,POL-OVL-00040,grievance,police,0.7775615142330732,linked,"{""dist_m"": 210.589, ""dt_h"": 14.322, ""dist_norm"": 0.329, ""dt_norm"": 0.199, ""text_sim"": 0.034, ""same_cat"": 1.0, ""same_ward"": 1.0, ""coarse"": 0.0, ""has_news"": 0.0}"
GRV-OVL-00048,PWD-INC-OVL0037,grievance,pwd,0.9852015052148142,linked,"{""dist_m"": 181.75, ""dt_h"": 4.973, ""dist_norm"": 0.284, ""dt_norm"": 0.069, ""text_sim"": 0.496, ""same_cat"": 1.0, ""same_ward"": 1.0, ""coarse"": 0.0, ""has_news"": 0.0}"
GRV-OVL-00049,POL-OVL-00027,grievance,police,0.9886148616792649,linked,"{""dist_m"": 271.066, ""dt_h"": 2.741, ""dist_norm"": 0.424, ""dt_norm"": 0.038, ""text_sim"": 0.599, ""same_cat"": 1.0, ""same_ward"": 1.0, ""coarse"": 0.0, ""has_news"": 0.0}"
GRV-OVL-00049,PWD-INC-OVL0038,grievance,pwd,0.9845664065440294,linked,"{""dist_m"": 225.151, ""dt_h"": 3.094, ""dist_norm"": 0.352, ""dt_norm"": 0.043, ""text_sim"": 0.501, ""same_cat"": 1.0, ""same_ward"": 1.0, ""coarse"": 0.0, ""has_news"": 0.0}"
GRV-OVL-00049,PWD-INC-OVL0039,grievance,pwd,0.9863607300089801,linked,"{""dist_m"": 225.691, ""dt_h"": 1.004, ""dist_norm"": 0.353, ""dt_norm"": 0.014, ""text_sim"": 0.501, ""same_cat"": 1.0, ""same_ward"": 1.0, ""coarse"": 0.0, ""has_news"": 0.0}"
GRV-OVL-00050,POL-OVL-00027,grievance,police,0.9817793841786545,linked,"{""dist_m"": 355.823, ""dt_h"": 0.538, ""dist_norm"": 0.556, ""dt_norm"": 0.007, ""text_sim"": 0.546, ""same_cat"": 1.0, ""same_ward"": 1.0, ""coarse"": 0.0, ""has_news"": 0.0}"
GRV-OVL-00050,PWD-INC-OVL0039,grievance,pwd,0.9775298258051052,linked,"{""dist_m"": 235.623, ""dt_h"": 2.275, ""dist_norm"": 0.368, ""dt_norm"": 0.032, ""text_sim"": 0.421, ""same_cat"": 1.0, ""same_ward"": 1.0, ""coarse"": 0.0, ""has_news"": 0.0}"
POL-OVL-00027,PWD-INC-OVL0038,police,pwd,0.998154470672587,linked,"{""dist_m"": 112.277, ""dt_h"": 0.352, ""dist_norm"": 0.173, ""dt_norm"": 0.005, ""text_sim"": 0.806, ""same_cat"": 1.0, ""same_ward"": 1.0, ""coarse"": 0.0, ""has_news"": 0.0}"
POL-OVL-00027,PWD-INC-OVL0039,police,pwd,0.9974367341000929,linked,"{""dist_m"": 171.79, ""dt_h"": 1.737, ""dist_norm"": 0.264, ""dt_norm"": 0.024, ""text_sim"": 0.806, ""same_cat"": 1.0, ""same_ward"": 1.0, ""coarse"": 0.0, ""has_news"": 0.0}"
GRV-OVL-00051,POL-OVL-00028,grievance,police,0.9782754106149221,linked,"{""dist_m"": 19.422, ""dt_h"": 6.683, ""dist_norm"": 0.03, ""dt_norm"": 0.093, ""text_sim"": 0.298, ""same_cat"": 1.0, ""same_ward"": 1.0, ""coarse"": 0.0, ""has_news"": 0.0}"
GRV-OVL-00051,PWD-INC-OVL0040,grievance,pwd,0.9780784419683125,linked,"{""dist_m"": 82.408, ""dt_h"": 2.735, ""dist_norm"": 0.129, ""dt_norm"": 0.038, ""text_sim"": 0.301, ""same_cat"": 1.0, ""same_ward"": 1.0, ""coarse"": 0.0, ""has_news"": 0.0}"
GRV-OVL-00051,PWD-INC-OVL0041,grievance,pwd,0.9704339598224266,linked,"{""dist_m"": 116.735, ""dt_h"": 5.414, ""dist_norm"": 0.182, ""dt_norm"": 0.075, ""text_sim"": 0.301, ""same_cat"": 1.0, ""same_ward"": 1.0, ""coarse"": 0.0, ""has_news"": 0.0}"
POL-OVL-00028,PWD-INC-OVL0040,police,pwd,0.9960223242411608,linked,"{""dist_m"": 101.308, ""dt_h"": 3.948, ""dist_norm"": 0.156, ""dt_norm"": 0.055, ""text_sim"": 0.684, ""same_cat"": 1.0, ""same_ward"": 1.0, ""coarse"": 0.0, ""has_news"": 0.0}"
POL-OVL-00028,PWD-INC-OVL0041,police,pwd,0.9965139304008799,linked,"{""dist_m"": 108.921, ""dt_h"": 1.269, ""dist_norm"": 0.168, ""dt_norm"": 0.018, ""text_sim"": 0.684, ""same_cat"": 1.0, ""same_ward"": 1.0, ""coarse"": 0.0, ""has_news"": 0.0}"
GRV-OVL-00052,POL-OVL-00031,grievance,police,0.9683727633079636,linked,"{""dist_m"": 109.049, ""dt_h"": 0.67, ""dist_norm"": 0.17, ""dt_norm"": 0.009, ""text_sim"": 0.221, ""same_cat"": 1.0, ""same_ward"": 1.0, ""coarse"": 0.0, ""has_news"": 0.0}"
GRV-OVL-00052,PWD-INC-OVL0042,grievance,pwd,0.7639212242753856,linked,"{""dist_m"": 160.034, ""dt_h"": 0.789, ""dist_norm"": 0.25, ""dt_norm"": 0.011, ""text_sim"": 0.103, ""same_cat"": 1.0, ""same_ward"": 0.0, ""coarse"": 0.0, ""has_news"": 0.0}"
GRV-OVL-00053,POL-OVL-00032,grievance,police,0.9656490383556035,linked,"{""dist_m"": 105.299, ""dt_h"": 1.004, ""dist_norm"": 0.165, ""dt_norm"": 0.014, ""text_sim"": 0.204, ""same_cat"": 1.0, ""same_ward"": 1.0, ""coarse"": 0.0, ""has_news"": 0.0}"
GRV-OVL-00053,PWD-INC-OVL0042,grievance,pwd,0.7300181549849399,linked,"{""dist_m"": 204.2, ""dt_h"": 0.757, ""dist_norm"": 0.319, ""dt_norm"": 0.011, ""text_sim"": 0.104, ""same_cat"": 1.0, ""same_ward"": 0.0, ""coarse"": 0.0, ""has_news"": 0.0}"
GRV-OVL-00054,POL-OVL-00032,grievance,police,0.9413994723864849,linked,"{""dist_m"": 71.06, ""dt_h"": 2.63, ""dist_norm"": 0.111, ""dt_norm"": 0.037, ""text_sim"": 0.081, ""same_cat"": 1.0, ""same_ward"": 1.0, ""coarse"": 0.0, ""has_news"": 0.0}"
GRV-OVL-00054,PWD-INC-OVL0042,grievance,pwd,0.740124812530778,linked,"{""dist_m"": 137.07, ""dt_h"": 0.869, ""dist_norm"": 0.214, ""dt_norm"": 0.012, ""text_sim"": 0.059, ""same_cat"": 1.0, ""same_ward"": 0.0, ""coarse"": 0.0, ""has_news"": 0.0}"
POL-OVL-00031,PWD-INC-OVL0042,police,pwd,0.9451393165191703,linked,"{""dist_m"": 72.067, ""dt_h"": 0.119, ""dist_norm"": 0.111, ""dt_norm"": 0.002, ""text_sim"": 0.361, ""same_cat"": 1.0, ""same_ward"": 0.0, ""coarse"": 0.0, ""has_news"": 0.0}"
POL-OVL-00032,PWD-INC-OVL0042,police,pwd,0.9033896189875916,linked,"{""dist_m"": 196.33, ""dt_h"": 1.761, ""dist_norm"": 0.302, ""dt_norm"": 0.024, ""text_sim"": 0.361, ""same_cat"": 1.0, ""same_ward"": 0.0, ""coarse"": 0.0, ""has_news"": 0.0}"
GRV-OVL-00055,POL-OVL-00033,grievance,police,0.9936303938825181,linked,"{""dist_m"": 148.136, ""dt_h"": 2.059, ""dist_norm"": 0.231, ""dt_norm"": 0.029, ""text_sim"": 0.605, ""same_cat"": 1.0, ""same_ward"": 1.0, ""coarse"": 0.0, ""has_news"": 0.0}"
GRV-OVL-00055,PWD-INC-OVL0043,grievance,pwd,0.9831260276283477,linked,"{""dist_m"": 213.511, ""dt_h"": 1.107, ""dist_norm"": 0.334, ""dt_norm"": 0.015, ""text_sim"": 0.447, ""same_cat"": 1.0, ""same_ward"": 1.0, ""coarse"": 0.0, ""has_news"": 0.0}"
GRV-OVL-00056,POL-OVL-00033,grievance,police,0.9968163047911609,linked,"{""dist_m"": 10.064, ""dt_h"": 2.43, ""dist_norm"": 0.016, ""dt_norm"": 0.034, ""text_sim"": 0.634, ""same_cat"": 1.0, ""same_ward"": 1.0, ""coarse"": 0.0, ""has_news"": 0.0}"
GRV-OVL-00056,PWD-INC-OVL0043,grievance,pwd,0.9805874943980826,linked,"{""dist_m"": 177.59, ""dt_h"": 5.595, ""dist_norm"": 0.277, ""dt_norm"": 0.078, ""text_sim"": 0.443, ""same_cat"": 1.0, ""same_ward"": 1.0, ""coarse"": 0.0, ""has_news"": 0.0}"
POL-OVL-00033,PWD-INC-OVL0043,police,pwd,0.9962567710643214,linked,"{""dist_m"": 172.305, ""dt_h"": 3.165, ""dist_norm"": 0.265, ""dt_norm"": 0.044, ""text_sim"": 0.747, ""same_cat"": 1.0, ""same_ward"": 1.0, ""coarse"": 0.0, ""has_news"": 0.0}"
GRV-OVL-00057,PWD-INC-OVL0044,grievance,pwd,0.9876755140143793,linked,"{""dist_m"": 149.374, ""dt_h"": 5.112, ""dist_norm"": 0.233, ""dt_norm"": 0.071, ""text_sim"": 0.508, ""same_cat"": 1.0, ""same_ward"": 1.0, ""coarse"": 0.0, ""has_news"": 0.0}"
GRV-OVL-00057,PWD-INC-OVL0045,grievance,pwd,0.9839288157726912,linked,"{""dist_m"": 219.597, ""dt_h"": 4.721, ""dist_norm"": 0.343, ""dt_norm"": 0.066, ""text_sim"": 0.508, ""same_cat"": 1.0, ""same_ward"": 1.0, ""coarse"": 0.0, ""has_news"": 0.0}"
GRV-OVL-00058,POL-OVL-00036,grievance,police,0.9718221590318613,linked,"{""dist_m"": 172.852, ""dt_h"": 2.053, ""dist_norm"": 0.27, ""dt_norm"": 0.029, ""text_sim"": 0.317, ""same_cat"": 1.0, ""same_ward"": 1.0, ""coarse"": 0.0, ""has_news"": 0.0}"
GRV-OVL-00058,PWD-INC-OVL0046,grievance,pwd,0.9337818223701218,linked,"{""dist_m"": 282.29, ""dt_h"": 5.386, ""dist_norm"": 0.441, ""dt_norm"": 0.075, ""text_sim"": 0.269, ""same_cat"": 1.0, ""same_ward"": 1.0, ""coarse"": 0.0, ""has_news"": 0.0}"
GRV-OVL-00059,POL-OVL-00036,grievance,police,0.88253342714681,linked,"{""dist_m"": 126.683, ""dt_h"": 0.767, ""dist_norm"": 0.198, ""dt_norm"": 0.011, ""text_sim"": 0.384, ""same_cat"": 0.0, ""same_ward"": 1.0, ""coarse"": 0.0, ""has_news"": 0.0}"
GRV-OVL-00059,PWD-INC-OVL0046,grievance,pwd,0.849913745941611,linked,"{""dist_m"": 25.905, ""dt_h"": 4.101, ""dist_norm"": 0.04, ""dt_norm"": 0.057, ""text_sim"": 0.282, ""same_cat"": 0.0, ""same_ward"": 1.0, ""coarse"": 0.0, ""has_news"": 0.0}"
GRV-OVL-00060,POL-OVL-00036,grievance,police,0.980762466055541,linked,"{""dist_m"": 158.748, ""dt_h"": 1.495, ""dist_norm"": 0.248, ""dt_norm"": 0.021, ""text_sim"": 0.378, ""same_cat"": 1.0, ""same_ward"": 1.0, ""coarse"": 0.0, ""has_news"": 0.0}"
GRV-OVL-00060,PWD-INC-OVL0046,grievance,pwd,0.965779376055227,linked,"{""dist_m"": 268.085, ""dt_h"": 1.839, ""dist_norm"": 0.419, ""dt_norm"": 0.026, ""text_sim"": 0.355, ""same_cat"": 1.0, ""same_ward"": 1.0, ""coarse"": 0.0, ""has_news"": 0.0}"
POL-OVL-00036,PWD-INC-OVL0046,police,pwd,0.9972122550298066,linked,"{""dist_m"": 138.033, ""dt_h"": 3.333, ""dist_norm"": 0.212, ""dt_norm"": 0.046, ""text_sim"": 0.78, ""same_cat"": 1.0, ""same_ward"": 1.0, ""coarse"": 0.0, ""has_news"": 0.0}"
GRV-OVL-00061,PWD-INC-OVL0047,grievance,pwd,0.9670437756855151,linked,"{""dist_m"": 75.896, ""dt_h"": 3.333, ""dist_norm"": 0.119, ""dt_norm"": 0.046, ""text_sim"": 0.217, ""same_cat"": 1.0, ""same_ward"": 1.0, ""coarse"": 0.0, ""has_news"": 0.0}"
POL-OVL-00037,PWD-INC-OVL0048,police,pwd,0.9940317406160344,linked,"{""dist_m"": 87.129, ""dt_h"": 1.745, ""dist_norm"": 0.134, ""dt_norm"": 0.024, ""text_sim"": 0.561, ""same_cat"": 1.0, ""same_ward"": 1.0, ""coarse"": 0.0, ""has_news"": 0.0}"
POL-OVL-00037,PWD-INC-OVL0050,police,pwd,0.99767948661166,linked,"{""dist_m"": 66.647, ""dt_h"": 1.459, ""dist_norm"": 0.103, ""dt_norm"": 0.02, ""text_sim"": 0.735, ""same_cat"": 1.0, ""same_ward"": 1.0, ""coarse"": 0.0, ""has_news"": 0.0}"
POL-OVL-00039,PWD-INC-OVL0049,police,pwd,0.9642929007209017,linked,"{""dist_m"": 182.726, ""dt_h"": 1.288, ""dist_norm"": 0.281, ""dt_norm"": 0.018, ""text_sim"": 0.561, ""same_cat"": 1.0, ""same_ward"": 0.0, ""coarse"": 0.0, ""has_news"": 0.0}"
POL-OVL-00039,PWD-INC-OVL0050,police,pwd,0.9958803862753289,linked,"{""dist_m"": 212.893, ""dt_h"": 1.045, ""dist_norm"": 0.328, ""dt_norm"": 0.015, ""text_sim"": 0.735, ""same_cat"": 1.0, ""same_ward"": 1.0, ""coarse"": 0.0, ""has_news"": 0.0}"
GRV-OVL-00062,POL-OVL-00040,grievance,police,0.9728900913261262,linked,"{""dist_m"": 91.797, ""dt_h"": 0.087, ""dist_norm"": 0.143, ""dt_norm"": 0.001, ""text_sim"": 0.529, ""same_cat"": 1.0, ""same_ward"": 0.0, ""coarse"": 0.0, ""has_news"": 0.0}"
GRV-OVL-00062,PWD-INC-OVL0051,grievance,pwd,0.9655688993563548,linked,"{""dist_m"": 273.811, ""dt_h"": 4.963, ""dist_norm"": 0.428, ""dt_norm"": 0.069, ""text_sim"": 0.397, ""same_cat"": 1.0, ""same_ward"": 1.0, ""coarse"": 0.0, ""has_news"": 0.0}"
GRV-OVL-00062,PWD-INC-OVL0052,grievance,pwd,0.917604284928594,linked,"{""dist_m"": 139.797, ""dt_h"": 5.432, ""dist_norm"": 0.218, ""dt_norm"": 0.075, ""text_sim"": 0.397, ""same_cat"": 1.0, ""same_ward"": 0.0, ""coarse"": 0.0, ""has_news"": 0.0}"
POL-OVL-00040,PWD-INC-OVL0051,police,pwd,0.9562168733147522,linked,"{""dist_m"": 208.299, ""dt_h"": 4.876, ""dist_norm"": 0.32, ""dt_norm"": 0.068, ""text_sim"": 0.584, ""same_cat"": 1.0, ""same_ward"": 0.0, ""coarse"": 0.0, ""has_news"": 0.0}"
POL-OVL-00040,PWD-INC-OVL0052,police,pwd,0.9914870230717924,linked,"{""dist_m"": 147.897, ""dt_h"": 5.345, ""dist_norm"": 0.228, ""dt_norm"": 0.074, ""text_sim"": 0.584, ""same_cat"": 1.0, ""same_ward"": 1.0, ""coarse"": 0.0, ""has_news"": 0.0}"
GRV-OVL-00063,POL-OVL-00041,grievance,police,0.984959289615648,linked,"{""dist_m"": 140.993, ""dt_h"": 1.291, ""dist_norm"": 0.22, ""dt_norm"": 0.018, ""text_sim"": 0.411, ""same_cat"": 1.0, ""same_ward"": 1.0, ""coarse"": 0.0, ""has_news"": 0.0}"
GRV-OVL-00063,PWD-INC-OVL0053,grievance,pwd,0.9755042998907058,linked,"{""dist_m"": 205.821, ""dt_h"": 1.288, ""dist_norm"": 0.322, ""dt_norm"": 0.018, ""text_sim"": 0.365, ""same_cat"": 1.0, ""same_ward"": 1.0, ""coarse"": 0.0, ""has_news"": 0.0}"
GRV-OVL-00064,POL-OVL-00041,grievance,police,0.8325337536271393,linked,"{""dist_m"": 281.645, ""dt_h"": 0.518, ""dist_norm"": 0.44, ""dt_norm"": 0.007, ""text_sim"": 0.429, ""same_cat"": 0.0, ""same_ward"": 1.0, ""coarse"": 0.0, ""has_news"": 0.0}"
GRV-OVL-00064,PWD-INC-OVL0053,grievance,pwd,0.8426622708201154,linked,"{""dist_m"": 152.865, ""dt_h"": 0.515, ""dist_norm"": 0.239, ""dt_norm"": 0.007, ""text_sim"": 0.334, ""same_cat"": 0.0, ""same_ward"": 1.0, ""coarse"": 0.0, ""has_news"": 0.0}"
GRV-OVL-00065,POL-OVL-00041,grievance,police,0.983362863572567,linked,"{""dist_m"": 194.896, ""dt_h"": 0.317, ""dist_norm"": 0.305, ""dt_norm"": 0.004, ""text_sim"": 0.424, ""same_cat"": 1.0, ""same_ward"": 1.0, ""coarse"": 0.0, ""has_news"": 0.0}"
GRV-OVL-00065,PWD-INC-OVL0053,grievance,pwd,0.9793918044540919,linked,"{""dist_m"": 239.227, ""dt_h"": 0.32, ""dist_norm"": 0.374, ""dt_norm"": 0.004, ""text_sim"": 0.418, ""same_cat"": 1.0, ""same_ward"": 1.0, ""coarse"": 0.0, ""has_news"": 0.0}"
POL-OVL-00041,PWD-INC-OVL0053,police,pwd,0.9948243657310887,linked,"{""dist_m"": 270.955, ""dt_h"": 0.003, ""dist_norm"": 0.417, ""dt_norm"": 0.0, ""text_sim"": 0.723, ""same_cat"": 1.0, ""same_ward"": 1.0, ""coarse"": 0.0, ""has_news"": 0.0}"
POL-OVL-00042,PWD-INC-OVL0054,police,pwd,0.9928733226717497,linked,"{""dist_m"": 292.614, ""dt_h"": 0.447, ""dist_norm"": 0.45, ""dt_norm"": 0.006, ""text_sim"": 0.681, ""same_cat"": 1.0, ""same_ward"": 1.0, ""coarse"": 0.0, ""has_news"": 0.0}"
POL-OVL-00043,PWD-INC-OVL0054,police,pwd,0.9927247147339003,linked,"{""dist_m"": 292.178, ""dt_h"": 0.816, ""dist_norm"": 0.45, ""dt_norm"": 0.011, ""text_sim"": 0.681, ""same_cat"": 1.0, ""same_ward"": 1.0, ""coarse"": 0.0, ""has_news"": 0.0}"
POL-OVL-00044,PWD-INC-OVL0054,police,pwd,0.9936726133129133,linked,"{""dist_m"": 234.772, ""dt_h"": 2.378, ""dist_norm"": 0.361, ""dt_norm"": 0.033, ""text_sim"": 0.681, ""same_cat"": 1.0, ""same_ward"": 1.0, ""coarse"": 0.0, ""has_news"": 0.0}"
POL-OVL-00044,PWD-INC-OVL0055,police,pwd,0.9924491483933789,linked,"{""dist_m"": 68.241, ""dt_h"": 0.632, ""dist_norm"": 0.105, ""dt_norm"": 0.009, ""text_sim"": 0.483, ""same_cat"": 1.0, ""same_ward"": 1.0, ""coarse"": 0.0, ""has_news"": 0.0}"
GRV-OVL-00066,POL-OVL-00045,grievance,police,0.9760264746866817,linked,"{""dist_m"": 259.107, ""dt_h"": 3.659, ""dist_norm"": 0.405, ""dt_norm"": 0.051, ""text_sim"": 0.445, ""same_cat"": 1.0, ""same_ward"": 1.0, ""coarse"": 0.0, ""has_news"": 0.0}"
GRV-OVL-00066,POL-OVL-00048,grievance,police,0.9814951817226519,linked,"{""dist_m"": 195.137, ""dt_h"": 3.701, ""dist_norm"": 0.305, ""dt_norm"": 0.051, ""text_sim"": 0.445, ""same_cat"": 1.0, ""same_ward"": 1.0, ""coarse"": 0.0, ""has_news"": 0.0}"
GRV-OVL-00066,PWD-INC-OVL0056,grievance,pwd,0.9637889490323878,linked,"{""dist_m"": 300.446, ""dt_h"": 3.252, ""dist_norm"": 0.469, ""dt_norm"": 0.045, ""text_sim"": 0.388, ""same_cat"": 1.0, ""same_ward"": 1.0, ""coarse"": 0.0, ""has_news"": 0.0}"
GRV-OVL-00066,PWD-INC-OVL0057,grievance,pwd,0.9858924319669785,linked,"{""dist_m"": 102.917, ""dt_h"": 0.949, ""dist_norm"": 0.161, ""dt_norm"": 0.013, ""text_sim"": 0.388, ""same_cat"": 1.0, ""same_ward"": 1.0, ""coarse"": 0.0, ""has_news"": 0.0}"
GRV-OVL-00066,PWD-INC-OVL0058,grievance,pwd,0.9667518124410045,linked,"{""dist_m"": 182.893, ""dt_h"": 2.059, ""dist_norm"": 0.286, ""dt_norm"": 0.029, ""text_sim"": 0.291, ""same_cat"": 1.0, ""same_ward"": 1.0, ""coarse"": 0.0, ""has_news"": 0.0}"
POL-OVL-00045,PWD-INC-OVL0056,police,pwd,0.9981457577778735,linked,"{""dist_m"": 46.582, ""dt_h"": 0.408, ""dist_norm"": 0.072, ""dt_norm"": 0.006, ""text_sim"": 0.751, ""same_cat"": 1.0, ""same_ward"": 1.0, ""coarse"": 0.0, ""has_news"": 0.0}"
POL-OVL-00048,PWD-INC-OVL0056,police,pwd,0.9954742391669589,linked,"{""dist_m"": 263.714, ""dt_h"": 0.449, ""dist_norm"": 0.406, ""dt_norm"": 0.006, ""text_sim"": 0.751, ""same_cat"": 1.0, ""same_ward"": 1.0, ""coarse"": 0.0, ""has_news"": 0.0}"
POL-OVL-00048,PWD-INC-OVL0057,police,pwd,0.9941274666013378,linked,"{""dist_m"": 264.968, ""dt_h"": 4.649, ""dist_norm"": 0.408, ""dt_norm"": 0.065, ""text_sim"": 0.751, ""same_cat"": 1.0, ""same_ward"": 1.0, ""coarse"": 0.0, ""has_news"": 0.0}"
POL-OVL-00048,PWD-INC-OVL0058,police,pwd,0.9947068817188445,linked,"{""dist_m"": 96.053, ""dt_h"": 1.642, ""dist_norm"": 0.148, ""dt_norm"": 0.023, ""text_sim"": 0.592, ""same_cat"": 1.0, ""same_ward"": 1.0, ""coarse"": 0.0, ""has_news"": 0.0}"
GRV-OVL-00067,POL-OVL-00049,grievance,police,0.9907587202204137,linked,"{""dist_m"": 38.709, ""dt_h"": 3.216, ""dist_norm"": 0.06, ""dt_norm"": 0.045, ""text_sim"": 0.449, ""same_cat"": 1.0, ""same_ward"": 1.0, ""coarse"": 0.0, ""has_news"": 0.0}"
GRV-OVL-00067,PWD-INC-OVL0059,grievance,pwd,0.9726565565804892,linked,"{""dist_m"": 257.273, ""dt_h"": 1.778, ""dist_norm"": 0.402, ""dt_norm"": 0.025, ""text_sim"": 0.392, ""same_cat"": 1.0, ""same_ward"": 1.0, ""coarse"": 0.0, ""has_news"": 0.0}"
GRV-OVL-00067,PWD-INC-OVL0060,grievance,pwd,0.9706791059547369,linked,"{""dist_m"": 204.811, ""dt_h"": 2.091, ""dist_norm"": 0.32, ""dt_norm"": 0.029, ""text_sim"": 0.336, ""same_cat"": 1.0, ""same_ward"": 1.0, ""coarse"": 0.0, ""has_news"": 0.0}"
POL-OVL-00049,PWD-INC-OVL0059,police,pwd,0.9945790763503225,linked,"{""dist_m"": 295.149, ""dt_h"": 4.994, ""dist_norm"": 0.454, ""dt_norm"": 0.069, ""text_sim"": 0.797, ""same_cat"": 1.0, ""same_ward"": 1.0, ""coarse"": 0.0, ""has_news"": 0.0}"
POL-OVL-00049,PWD-INC-OVL0060,police,pwd,0.9937803750210621,linked,"{""dist_m"": 228.752, ""dt_h"": 1.124, ""dist_norm"": 0.352, ""dt_norm"": 0.016, ""text_sim"": 0.664, ""same_cat"": 1.0, ""same_ward"": 1.0, ""coarse"": 0.0, ""has_news"": 0.0}"
GRV-OVL-00070,POL-OVL-00050,grievance,police,0.9914574400237004,linked,"{""dist_m"": 166.154, ""dt_h"": 0.225, ""dist_norm"": 0.26, ""dt_norm"": 0.003, ""text_sim"": 0.537, ""same_cat"": 1.0, ""same_ward"": 1.0, ""coarse"": 0.0, ""has_news"": 0.0}"
GRV-OVL-00070,PWD-INC-OVL0061,grievance,pwd,0.9842980196743093,linked,"{""dist_m"": 245.248, ""dt_h"": 3.111, ""dist_norm"": 0.383, ""dt_norm"": 0.043, ""text_sim"": 0.514, ""same_cat"": 1.0, ""same_ward"": 1.0, ""coarse"": 0.0, ""has_news"": 0.0}"
GRV-OVL-00071,POL-OVL-00050,grievance,police,0.9926608154504849,linked,"{""dist_m"": 28.659, ""dt_h"": 1.856, ""dist_norm"": 0.045, ""dt_norm"": 0.026, ""text_sim"": 0.471, ""same_cat"": 1.0, ""same_ward"": 1.0, ""coarse"": 0.0, ""has_news"": 0.0}"
GRV-OVL-00071,PWD-INC-OVL0061,grievance,pwd,0.9686958965157235,linked,"{""dist_m"": 279.721, ""dt_h"": 4.742, ""dist_norm"": 0.437, ""dt_norm"": 0.066, ""text_sim"": 0.42, ""same_cat"": 1.0, ""same_ward"": 1.0, ""coarse"": 0.0, ""has_news"": 0.0}"
POL-OVL-00050,PWD-INC-OVL0061,police,pwd,0.994705902914739,linked,"{""dist_m"": 254.061, ""dt_h"": 2.886, ""dist_norm"": 0.391, ""dt_norm"": 0.04, ""text_sim"": 0.741, ""same_cat"": 1.0, ""same_ward"": 1.0, ""coarse"": 0.0, ""has_news"": 0.0}"
POL-OVL-00051,PWD-INC-OVL0062,police,pwd,0.9976458368740849,linked,"{""dist_m"": 73.676, ""dt_h"": 5.393, ""dist_norm"": 0.113, ""dt_norm"": 0.075, ""text_sim"": 0.787, ""same_cat"": 1.0, ""same_ward"": 1.0, ""coarse"": 0.0, ""has_news"": 0.0}"
POL-OVL-00051,PWD-INC-OVL0063,police,pwd,0.9967516796679123,linked,"{""dist_m"": 31.793, ""dt_h"": 2.513, ""dist_norm"": 0.049, ""dt_norm"": 0.035, ""text_sim"": 0.649, ""same_cat"": 1.0, ""same_ward"": 1.0, ""coarse"": 0.0, ""has_news"": 0.0}"
POL-OVL-00055,PWD-INC-OVL0066,police,pwd,0.9393661392534246,linked,"{""dist_m"": 324.188, ""dt_h"": 1.336, ""dist_norm"": 0.499, ""dt_norm"": 0.019, ""text_sim"": 0.567, ""same_cat"": 1.0, ""same_ward"": 0.0, ""coarse"": 0.0, ""has_news"": 0.0}"
POL-OVL-00055,PWD-INC-OVL0067,police,pwd,0.9708108217452589,linked,"{""dist_m"": 148.069, ""dt_h"": 0.68, ""dist_norm"": 0.228, ""dt_norm"": 0.009, ""text_sim"": 0.567, ""same_cat"": 1.0, ""same_ward"": 0.0, ""coarse"": 0.0, ""has_news"": 0.0}"
POL-OVL-00055,PWD-INC-OVL0068,police,pwd,0.7479754657398264,linked,"{""dist_m"": 415.287, ""dt_h"": 1.362, ""dist_norm"": 0.639, ""dt_norm"": 0.019, ""text_sim"": 0.306, ""same_cat"": 1.0, ""same_ward"": 0.0, ""coarse"": 0.0, ""has_news"": 0.0}"
GRV-OVL-00072,PWD-INC-OVL0069,grievance,pwd,0.9843617302174754,linked,"{""dist_m"": 51.329, ""dt_h"": 4.256, ""dist_norm"": 0.08, ""dt_norm"": 0.059, ""text_sim"": 0.364, ""same_cat"": 1.0, ""same_ward"": 1.0, ""coarse"": 0.0, ""has_news"": 0.0}"
GRV-OVL-00073,PWD-INC-OVL0070,grievance,pwd,0.7841058595162335,linked,"{""dist_m"": 178.048, ""dt_h"": 4.887, ""dist_norm"": 0.278, ""dt_norm"": 0.068, ""text_sim"": 0.33, ""same_cat"": 0.0, ""same_ward"": 1.0, ""coarse"": 0.0, ""has_news"": 0.0}"
GRV-OVL-00074,PWD-INC-OVL0071,grievance,pwd,0.8347091057500894,linked,"{""dist_m"": 372.549, ""dt_h"": 1.877, ""dist_norm"": 0.582, ""dt_norm"": 0.026, ""text_sim"": 0.39, ""same_cat"": 1.0, ""same_ward"": 0.0, ""coarse"": 0.0, ""has_news"": 0.0}"
GRV-OVL-00075,PWD-INC-OVL0072,grievance,pwd,0.970422937103661,linked,"{""dist_m"": 189.467, ""dt_h"": 1.524, ""dist_norm"": 0.296, ""dt_norm"": 0.021, ""text_sim"": 0.314, ""same_cat"": 1.0, ""same_ward"": 1.0, ""coarse"": 0.0, ""has_news"": 0.0}"
GRV-OVL-00076,PWD-INC-OVL0072,grievance,pwd,0.9461860271661281,linked,"{""dist_m"": 325.916, ""dt_h"": 3.793, ""dist_norm"": 0.509, ""dt_norm"": 0.053, ""text_sim"": 0.332, ""same_cat"": 1.0, ""same_ward"": 1.0, ""coarse"": 0.0, ""has_news"": 0.0}"
GRV-OVL-00077,PWD-INC-OVL0073,grievance,pwd,0.7876387269319511,linked,"{""dist_m"": 339.567, ""dt_h"": 0.179, ""dist_norm"": 0.531, ""dt_norm"": 0.002, ""text_sim"": 0.277, ""same_cat"": 1.0, ""same_ward"": 0.0, ""coarse"": 0.0, ""has_news"": 0.0}"
GRV-OVL-00078,PWD-INC-OVL0073,grievance,pwd,0.8662352960741853,linked,"{""dist_m"": 320.875, ""dt_h"": 7.687, ""dist_norm"": 0.501, ""dt_norm"": 0.107, ""text_sim"": 0.469, ""same_cat"": 1.0, ""same_ward"": 0.0, ""coarse"": 0.0, ""has_news"": 0.0}"
GRV-OVL-00079,PWD-INC-OVL0076,grievance,pwd,0.9220836168989563,linked,"{""dist_m"": 270.38, ""dt_h"": 7.499, ""dist_norm"": 0.422, ""dt_norm"": 0.104, ""text_sim"": 0.249, ""same_cat"": 1.0, ""same_ward"": 1.0, ""coarse"": 0.0, ""has_news"": 0.0}"
GRV-OVL-00080,PWD-INC-OVL0076,grievance,pwd,0.9574913342669467,linked,"{""dist_m"": 199.079, ""dt_h"": 1.391, ""dist_norm"": 0.311, ""dt_norm"": 0.019, ""text_sim"": 0.244, ""same_cat"": 1.0, ""same_ward"": 1.0, ""coarse"": 0.0, ""has_news"": 0.0}"
GRV-OVL-00081,POL-OVL-00061,grievance,police,0.9807848744225708,linked,"{""dist_m"": 271.39, ""dt_h"": 4.08, ""dist_norm"": 0.424, ""dt_norm"": 0.057, ""text_sim"": 0.507, ""same_cat"": 1.0, ""same_ward"": 1.0, ""coarse"": 0.0, ""has_news"": 0.0}"
GRV-OVL-00081,PWD-INC-OVL0077,grievance,pwd,0.9823590045432994,linked,"{""dist_m"": 222.35, ""dt_h"": 1.523, ""dist_norm"": 0.347, ""dt_norm"": 0.021, ""text_sim"": 0.451, ""same_cat"": 1.0, ""same_ward"": 1.0, ""coarse"": 0.0, ""has_news"": 0.0}"
POL-OVL-00061,PWD-INC-OVL0077,police,pwd,0.9885469996917627,linked,"{""dist_m"": 432.75, ""dt_h"": 2.557, ""dist_norm"": 0.666, ""dt_norm"": 0.036, ""text_sim"": 0.728, ""same_cat"": 1.0, ""same_ward"": 1.0, ""coarse"": 0.0, ""has_news"": 0.0}"
GRV-OVL-00082,POL-OVL-00063,grievance,police,0.9873846753896596,linked,"{""dist_m"": 151.798, ""dt_h"": 0.998, ""dist_norm"": 0.237, ""dt_norm"": 0.014, ""text_sim"": 0.454, ""same_cat"": 1.0, ""same_ward"": 1.0, ""coarse"": 0.0, ""has_news"": 0.0}"
GRV-OVL-00082,POL-OVL-00064,grievance,police,0.982961794990902,linked,"{""dist_m"": 199.752, ""dt_h"": 2.714, ""dist_norm"": 0.312, ""dt_norm"": 0.038, ""text_sim"": 0.454, ""same_cat"": 1.0, ""same_ward"": 1.0, ""coarse"": 0.0, ""has_news"": 0.0}"
GRV-OVL-00082,POL-OVL-00067,grievance,police,0.988316898433405,linked,"{""dist_m"": 97.267, ""dt_h"": 3.451, ""dist_norm"": 0.152, ""dt_norm"": 0.048, ""text_sim"": 0.454, ""same_cat"": 1.0, ""same_ward"": 1.0, ""coarse"": 0.0, ""has_news"": 0.0}"
GRV-OVL-00083,PWD-INC-OVL0078,grievance,pwd,0.9849334399012127,linked,"{""dist_m"": 65.815, ""dt_h"": 2.211, ""dist_norm"": 0.103, ""dt_norm"": 0.031, ""text_sim"": 0.358, ""same_cat"": 1.0, ""same_ward"": 1.0, ""coarse"": 0.0, ""has_news"": 0.0}"
GRV-OVL-00084,PWD-INC-OVL0078,grievance,pwd,0.973081808158611,linked,"{""dist_m"": 235.662, ""dt_h"": 0.087, ""dist_norm"": 0.368, ""dt_norm"": 0.001, ""text_sim"": 0.356, ""same_cat"": 1.0, ""same_ward"": 1.0, ""coarse"": 0.0, ""has_news"": 0.0}"
GRV-OVL-00085,POL-OVL-00069,grievance,police,0.9612613101622469,linked,"{""dist_m"": 126.995, ""dt_h"": 5.587, ""dist_norm"": 0.198, ""dt_norm"": 0.078, ""text_sim"": 0.255, ""same_cat"": 1.0, ""same_ward"": 1.0, ""coarse"": 0.0, ""has_news"": 0.0}"
GRV-OVL-00085,PWD-INC-OVL0079,grievance,pwd,0.9579859227333777,linked,"{""dist_m"": 207.16, ""dt_h"": 1.072, ""dist_norm"": 0.324, ""dt_norm"": 0.015, ""text_sim"": 0.249, ""same_cat"": 1.0, ""same_ward"": 1.0, ""coarse"": 0.0, ""has_news"": 0.0}"
GRV-OVL-00085,PWD-INC-OVL0080,grievance,pwd,0.9691539510798363,linked,"{""dist_m"": 122.857, ""dt_h"": 6.909, ""dist_norm"": 0.192, ""dt_norm"": 0.096, ""text_sim"": 0.316, ""same_cat"": 1.0, ""same_ward"": 1.0, ""coarse"": 0.0, ""has_news"": 0.0}"
POL-OVL-00069,PWD-INC-OVL0079,police,pwd,0.9915538814614354,linked,"{""dist_m"": 149.045, ""dt_h"": 4.516, ""dist_norm"": 0.229, ""dt_norm"": 0.063, ""text_sim"": 0.576, ""same_cat"": 1.0, ""same_ward"": 1.0, ""coarse"": 0.0, ""has_news"": 0.0}"
POL-OVL-00069,PWD-INC-OVL0080,police,pwd,0.9768577032523381,linked,"{""dist_m"": 173.264, ""dt_h"": 1.322, ""dist_norm"": 0.267, ""dt_norm"": 0.018, ""text_sim"": 0.347, ""same_cat"": 1.0, ""same_ward"": 1.0, ""coarse"": 0.0, ""has_news"": 0.0}"
GRV-OVL-00086,PWD-INC-OVL0086,grievance,pwd,0.9837819951322323,linked,"{""dist_m"": 190.715, ""dt_h"": 0.163, ""dist_norm"": 0.298, ""dt_norm"": 0.002, ""text_sim"": 0.424, ""same_cat"": 1.0, ""same_ward"": 1.0, ""coarse"": 0.0, ""has_news"": 0.0}"
GRV-OVL-00087,PWD-INC-OVL0085,grievance,pwd,0.9720649227094988,linked,"{""dist_m"": 249.144, ""dt_h"": 5.265, ""dist_norm"": 0.389, ""dt_norm"": 0.073, ""text_sim"": 0.424, ""same_cat"": 1.0, ""same_ward"": 1.0, ""coarse"": 0.0, ""has_news"": 0.0}"
GRV-OVL-00087,PWD-INC-OVL0086,grievance,pwd,0.9836355118682905,linked,"{""dist_m"": 193.474, ""dt_h"": 0.124, ""dist_norm"": 0.302, ""dt_norm"": 0.002, ""text_sim"": 0.424, ""same_cat"": 1.0, ""same_ward"": 1.0, ""coarse"": 0.0, ""has_news"": 0.0}"
GRV-OVL-00087,PWD-INC-OVL0087,grievance,pwd,0.977480680608675,linked,"{""dist_m"": 250.524, ""dt_h"": 1.554, ""dist_norm"": 0.391, ""dt_norm"": 0.022, ""text_sim"": 0.424, ""same_cat"": 1.0, ""same_ward"": 1.0, ""coarse"": 0.0, ""has_news"": 0.0}"
GRV-OVL-00088,POL-OVL-00072,grievance,police,0.9872269802658519,linked,"{""dist_m"": 203.408, ""dt_h"": 2.272, ""dist_norm"": 0.318, ""dt_norm"": 0.032, ""text_sim"": 0.511, ""same_cat"": 1.0, ""same_ward"": 1.0, ""coarse"": 0.0, ""has_news"": 0.0}"
GRV-OVL-00089,POL-OVL-00072,grievance,police,0.9872800172471807,linked,"{""dist_m"": 169.618, ""dt_h"": 4.512, ""dist_norm"": 0.265, ""dt_norm"": 0.063, ""text_sim"": 0.511, ""same_cat"": 1.0, ""same_ward"": 1.0, ""coarse"": 0.0, ""has_news"": 0.0}"
GRV-OVL-00090,POL-OVL-00073,grievance,police,0.9853590699194066,linked,"{""dist_m"": 177.317, ""dt_h"": 2.273, ""dist_norm"": 0.277, ""dt_norm"": 0.032, ""text_sim"": 0.46, ""same_cat"": 1.0, ""same_ward"": 1.0, ""coarse"": 0.0, ""has_news"": 0.0}"
GRV-OVL-00090,POL-OVL-00074,grievance,police,0.9858828097665195,linked,"{""dist_m"": 171.603, ""dt_h"": 2.058, ""dist_norm"": 0.268, ""dt_norm"": 0.029, ""text_sim"": 0.46, ""same_cat"": 1.0, ""same_ward"": 1.0, ""coarse"": 0.0, ""has_news"": 0.0}"
GRV-OVL-00090,POL-OVL-00075,grievance,police,0.9904457877854094,linked,"{""dist_m"": 86.431, ""dt_h"": 1.412, ""dist_norm"": 0.135, ""dt_norm"": 0.02, ""text_sim"": 0.46, ""same_cat"": 1.0, ""same_ward"": 1.0, ""coarse"": 0.0, ""has_news"": 0.0}"
GRV-OVL-00090,POL-OVL-00076,grievance,police,0.9870561354000625,linked,"{""dist_m"": 154.419, ""dt_h"": 1.793, ""dist_norm"": 0.241, ""dt_norm"": 0.025, ""text_sim"": 0.46, ""same_cat"": 1.0, ""same_ward"": 1.0, ""coarse"": 0.0, ""has_news"": 0.0}"
GRV-OVL-00091,POL-OVL-00075,grievance,police,0.987903039793924,linked,"{""dist_m"": 40.861, ""dt_h"": 0.953, ""dist_norm"": 0.064, ""dt_norm"": 0.013, ""text_sim"": 0.367, ""same_cat"": 1.0, ""same_ward"": 1.0, ""coarse"": 0.0, ""has_news"": 0.0}"
GRV-OVL-00091,POL-OVL-00077,grievance,police,0.9080700998329159,linked,"{""dist_m"": 200.325, ""dt_h"": 0.828, ""dist_norm"": 0.313, ""dt_norm"": 0.012, ""text_sim"": 0.367, ""same_cat"": 1.0, ""same_ward"": 0.0, ""coarse"": 0.0, ""has_news"": 0.0}"
GRV-OVL-00092,POL-OVL-00076,grievance,police,0.9307553122799507,linked,"{""dist_m"": 70.656, ""dt_h"": 2.769, ""dist_norm"": 0.11, ""dt_norm"": 0.038, ""text_sim"": 0.48, ""same_cat"": 0.0, ""same_ward"": 1.0, ""coarse"": 0.0, ""has_news"": 0.0}"
GRV-OVL-00093,POL-OVL-00078,grievance,police,0.9792853694014756,linked,"{""dist_m"": 246.778, ""dt_h"": 6.939, ""dist_norm"": 0.386, ""dt_norm"": 0.096, ""text_sim"": 0.506, ""same_cat"": 1.0, ""same_ward"": 1.0, ""coarse"": 0.0, ""has_news"": 0.0}"
GRV-OVL-00093,PWD-INC-OVL0090,grievance,pwd,0.9862658462349473,linked,"{""dist_m"": 153.426, ""dt_h"": 3.705, ""dist_norm"": 0.24, ""dt_norm"": 0.051, ""text_sim"": 0.471, ""same_cat"": 1.0, ""same_ward"": 1.0, ""coarse"": 0.0, ""has_news"": 0.0}"
GRV-OVL-00094,POL-OVL-00078,grievance,police,0.9640664599051231,linked,"{""dist_m"": 289.891, ""dt_h"": 8.266, ""dist_norm"": 0.453, ""dt_norm"": 0.115, ""text_sim"": 0.443, ""same_cat"": 1.0, ""same_ward"": 1.0, ""coarse"": 0.0, ""has_news"": 0.0}"
GRV-OVL-00094,PWD-INC-OVL0088,grievance,pwd,0.9782069636139794,linked,"{""dist_m"": 101.906, ""dt_h"": 7.859, ""dist_norm"": 0.159, ""dt_norm"": 0.109, ""text_sim"": 0.383, ""same_cat"": 1.0, ""same_ward"": 1.0, ""coarse"": 0.0, ""has_news"": 0.0}"
GRV-OVL-00095,POL-OVL-00078,grievance,police,0.983827795862018,linked,"{""dist_m"": 279.497, ""dt_h"": 2.45, ""dist_norm"": 0.437, ""dt_norm"": 0.034, ""text_sim"": 0.529, ""same_cat"": 1.0, ""same_ward"": 1.0, ""coarse"": 0.0, ""has_news"": 0.0}"
GRV-OVL-00095,PWD-INC-OVL0088,grievance,pwd,0.9813751948526271,linked,"{""dist_m"": 277.383, ""dt_h"": 2.043, ""dist_norm"": 0.433, ""dt_norm"": 0.028, ""text_sim"": 0.493, ""same_cat"": 1.0, ""same_ward"": 1.0, ""coarse"": 0.0, ""has_news"": 0.0}"
GRV-OVL-00095,PWD-INC-OVL0089,grievance,pwd,0.9835804712356263,linked,"{""dist_m"": 134.442, ""dt_h"": 1.692, ""dist_norm"": 0.21, ""dt_norm"": 0.023, ""text_sim"": 0.393, ""same_cat"": 1.0, ""same_ward"": 1.0, ""coarse"": 0.0, ""has_news"": 0.0}"
GRV-OVL-00095,PWD-INC-OVL0090,grievance,pwd,0.9874403687945355,linked,"{""dist_m"": 199.967, ""dt_h"": 0.783, ""dist_norm"": 0.312, ""dt_norm"": 0.011, ""text_sim"": 0.493, ""same_cat"": 1.0, ""same_ward"": 1.0, ""coarse"": 0.0, ""has_news"": 0.0}"
GRV-OVL-00096,POL-OVL-00078,grievance,police,0.9933549929022343,linked,"{""dist_m"": 119.161, ""dt_h"": 2.149, ""dist_norm"": 0.186, ""dt_norm"": 0.03, ""text_sim"": 0.573, ""same_cat"": 1.0, ""same_ward"": 1.0, ""coarse"": 0.0, ""has_news"": 0.0}"
GRV-OVL-00096,PWD-INC-OVL0090,grievance,pwd,0.9925084900137895,linked,"{""dist_m"": 81.083, ""dt_h"": 1.085, ""dist_norm"": 0.127, ""dt_norm"": 0.015, ""text_sim"": 0.502, ""same_cat"": 1.0, ""same_ward"": 1.0, ""coarse"": 0.0, ""has_news"": 0.0}"
GRV-OVL-00096,PWD-INC-OVL0091,grievance,pwd,0.9865286592152112,linked,"{""dist_m"": 221.697, ""dt_h"": 1.181, ""dist_norm"": 0.346, ""dt_norm"": 0.016, ""text_sim"": 0.502, ""same_cat"": 1.0, ""same_ward"": 1.0, ""coarse"": 0.0, ""has_news"": 0.0}"
POL-OVL-00078,PWD-INC-OVL0088,police,pwd,0.9930737150853747,linked,"{""dist_m"": 367.44, ""dt_h"": 0.407, ""dist_norm"": 0.565, ""dt_norm"": 0.006, ""text_sim"": 0.75, ""same_cat"": 1.0, ""same_ward"": 1.0, ""coarse"": 0.0, ""has_news"": 0.0}"
POL-OVL-00078,PWD-INC-OVL0089,police,pwd,0.9793366465809895,linked,"{""dist_m"": 385.725, ""dt_h"": 4.142, ""dist_norm"": 0.593, ""dt_norm"": 0.058, ""text_sim"": 0.585, ""same_cat"": 1.0, ""same_ward"": 1.0, ""coarse"": 0.0, ""has_news"": 0.0}"
POL-OVL-00078,PWD-INC-OVL0090,police,pwd,0.9968522427595222,linked,"{""dist_m"": 132.617, ""dt_h"": 3.234, ""dist_norm"": 0.204, ""dt_norm"": 0.045, ""text_sim"": 0.75, ""same_cat"": 1.0, ""same_ward"": 1.0, ""coarse"": 0.0, ""has_news"": 0.0}"
POL-OVL-00078,PWD-INC-OVL0091,police,pwd,0.9954818612413066,linked,"{""dist_m"": 254.562, ""dt_h"": 0.968, ""dist_norm"": 0.392, ""dt_norm"": 0.013, ""text_sim"": 0.75, ""same_cat"": 1.0, ""same_ward"": 1.0, ""coarse"": 0.0, ""has_news"": 0.0}"
GRV-OVL-00097,PWD-INC-OVL0092,grievance,pwd,0.9516429697078901,linked,"{""dist_m"": 188.185, ""dt_h"": 0.529, ""dist_norm"": 0.294, ""dt_norm"": 0.007, ""text_sim"": 0.196, ""same_cat"": 1.0, ""same_ward"": 1.0, ""coarse"": 0.0, ""has_news"": 0.0}"
GRV-OVL-00099,POL-OVL-00082,grievance,police,0.9901600952012869,linked,"{""dist_m"": 103.587, ""dt_h"": 5.664, ""dist_norm"": 0.162, ""dt_norm"": 0.079, ""text_sim"": 0.522, ""same_cat"": 1.0, ""same_ward"": 1.0, ""coarse"": 0.0, ""has_news"": 0.0}"
GRV-OVL-00099,PWD-INC-OVL0093,grievance,pwd,0.9703095915266726,linked,"{""dist_m"": 249.944, ""dt_h"": 7.636, ""dist_norm"": 0.391, ""dt_norm"": 0.106, ""text_sim"": 0.442, ""same_cat"": 1.0, ""same_ward"": 1.0, ""coarse"": 0.0, ""has_news"": 0.0}"
POL-OVL-00082,PWD-INC-OVL0093,police,pwd,0.9961881995430787,linked,"{""dist_m"": 225.995, ""dt_h"": 1.972, ""dist_norm"": 0.348, ""dt_norm"": 0.027, ""text_sim"": 0.773, ""same_cat"": 1.0, ""same_ward"": 1.0, ""coarse"": 0.0, ""has_news"": 0.0}"
POL-OVL-00083,PWD-INC-OVL0094,police,pwd,0.9973455043097265,linked,"{""dist_m"": 86.874, ""dt_h"": 2.099, ""dist_norm"": 0.134, ""dt_norm"": 0.029, ""text_sim"": 0.732, ""same_cat"": 1.0, ""same_ward"": 1.0, ""coarse"": 0.0, ""has_news"": 0.0}"
POL-OVL-00083,PWD-INC-OVL0095,police,pwd,0.9956342107228021,linked,"{""dist_m"": 190.563, ""dt_h"": 3.295, ""dist_norm"": 0.293, ""dt_norm"": 0.046, ""text_sim"": 0.732, ""same_cat"": 1.0, ""same_ward"": 1.0, ""coarse"": 0.0, ""has_news"": 0.0}"
POL-OVL-00083,PWD-INC-OVL0096,police,pwd,0.993624036228125,linked,"{""dist_m"": 285.546, ""dt_h"": 3.137, ""dist_norm"": 0.439, ""dt_norm"": 0.044, ""text_sim"": 0.732, ""same_cat"": 1.0, ""same_ward"": 1.0, ""coarse"": 0.0, ""has_news"": 0.0}"
GRV-OVL-00102,PWD-INC-OVL0097,grievance,pwd,0.98884036172513,linked,"{""dist_m"": 219.452, ""dt_h"": 4.178, ""dist_norm"": 0.343, ""dt_norm"": 0.058, ""text_sim"": 0.577, ""same_cat"": 1.0, ""same_ward"": 1.0, ""coarse"": 0.0, ""has_news"": 0.0}"
GRV-OVL-00103,PWD-INC-OVL0098,grievance,pwd,0.9958150788666014,linked,"{""dist_m"": 71.953, ""dt_h"": 3.099, ""dist_norm"": 0.112, ""dt_norm"": 0.043, ""text_sim"": 0.639, ""same_cat"": 1.0, ""same_ward"": 1.0, ""coarse"": 0.0, ""has_news"": 0.0}"
GRV-OVL-00103,PWD-INC-OVL0099,grievance,pwd,0.9955032764386431,linked,"{""dist_m"": 73.501, ""dt_h"": 4.174, ""dist_norm"": 0.115, ""dt_norm"": 0.058, ""text_sim"": 0.639, ""same_cat"": 1.0, ""same_ward"": 1.0, ""coarse"": 0.0, ""has_news"": 0.0}"
GRV-OVL-00104,PWD-INC-OVL0098,grievance,pwd,0.9854551124628378,linked,"{""dist_m"": 309.044, ""dt_h"": 1.219, ""dist_norm"": 0.483, ""dt_norm"": 0.017, ""text_sim"": 0.561, ""same_cat"": 1.0, ""same_ward"": 1.0, ""coarse"": 0.0, ""has_news"": 0.0}"
GRV-OVL-00105,POL-OVL-00088,grievance,police,0.9901220157415574,linked,"{""dist_m"": 132.028, ""dt_h"": 3.244, ""dist_norm"": 0.206, ""dt_norm"": 0.045, ""text_sim"": 0.515, ""same_cat"": 1.0, ""same_ward"": 1.0, ""coarse"": 0.0, ""has_news"": 0.0}"
GRV-OVL-00106,POL-OVL-00088,grievance,police,0.9881481749672594,linked,"{""dist_m"": 106.621, ""dt_h"": 6.638, ""dist_norm"": 0.167, ""dt_norm"": 0.092, ""text_sim"": 0.499, ""same_cat"": 1.0, ""same_ward"": 1.0, ""coarse"": 0.0, ""has_news"": 0.0}"
GRV-OVL-00107,POL-OVL-00088,grievance,police,0.9884204389058409,linked,"{""dist_m"": 170.495, ""dt_h"": 7.893, ""dist_norm"": 0.266, ""dt_norm"": 0.11, ""text_sim"": 0.574, ""same_cat"": 1.0, ""same_ward"": 1.0, ""coarse"": 0.0, ""has_news"": 0.0}"
GRV-OVL-00108,POL-OVL-00088,grievance,police,0.9934264933164204,linked,"{""dist_m"": 115.917, ""dt_h"": 3.818, ""dist_norm"": 0.181, ""dt_norm"": 0.053, ""text_sim"": 0.593, ""same_cat"": 1.0, ""same_ward"": 1.0, ""coarse"": 0.0, ""has_news"": 0.0}"
GRV-OVL-00109,POL-OVL-00090,grievance,police,0.9740599051254585,linked,"{""dist_m"": 90.749, ""dt_h"": 2.011, ""dist_norm"": 0.142, ""dt_norm"": 0.028, ""text_sim"": 0.561, ""same_cat"": 1.0, ""same_ward"": 0.0, ""coarse"": 0.0, ""has_news"": 0.0}"
GRV-OVL-00109,PWD-INC-OVL0100,grievance,pwd,0.9866002346122266,linked,"{""dist_m"": 214.079, ""dt_h"": 1.37, ""dist_norm"": 0.334, ""dt_norm"": 0.019, ""text_sim"": 0.499, ""same_cat"": 1.0, ""same_ward"": 1.0, ""coarse"": 0.0, ""has_news"": 0.0}"
GRV-OVL-00110,POL-OVL-00090,grievance,police,0.9538651803643702,linked,"{""dist_m"": 177.059, ""dt_h"": 6.709, ""dist_norm"": 0.277, ""dt_norm"": 0.093, ""text_sim"": 0.572, ""same_cat"": 1.0, ""same_ward"": 0.0, ""coarse"": 0.0, ""has_news"": 0.0}"
GRV-OVL-00110,PWD-INC-OVL0101,grievance,pwd,0.9905696432889036,linked,"{""dist_m"": 153.698, ""dt_h"": 3.449, ""dist_norm"": 0.24, ""dt_norm"": 0.048, ""text_sim"": 0.546, ""same_cat"": 1.0, ""same_ward"": 1.0, ""coarse"": 0.0, ""has_news"": 0.0}"
GRV-OVL-00111,POL-OVL-00090,grievance,police,0.9616276770326367,linked,"{""dist_m"": 168.912, ""dt_h"": 3.289, ""dist_norm"": 0.264, ""dt_norm"": 0.046, ""text_sim"": 0.561, ""same_cat"": 1.0, ""same_ward"": 0.0, ""coarse"": 0.0, ""has_news"": 0.0}"
GRV-OVL-00111,PWD-INC-OVL0101,grievance,pwd,0.9908654074244009,linked,"{""dist_m"": 140.885, ""dt_h"": 0.029, ""dist_norm"": 0.22, ""dt_norm"": 0.0, ""text_sim"": 0.499, ""same_cat"": 1.0, ""same_ward"": 1.0, ""coarse"": 0.0, ""has_news"": 0.0}"
GRV-OVL-00112,POL-OVL-00090,grievance,police,0.9532374315867721,linked,"{""dist_m"": 312.1, ""dt_h"": 1.569, ""dist_norm"": 0.488, ""dt_norm"": 0.022, ""text_sim"": 0.62, ""same_cat"": 1.0, ""same_ward"": 0.0, ""coarse"": 0.0, ""has_news"": 0.0}"
GRV-OVL-00112,PWD-INC-OVL0100,grievance,pwd,0.9944691980662665,linked,"{""dist_m"": 56.905, ""dt_h"": 2.21, ""dist_norm"": 0.089, ""dt_norm"": 0.031, ""text_sim"": 0.558, ""same_cat"": 1.0, ""same_ward"": 1.0, ""coarse"": 0.0, ""has_news"": 0.0}"
GRV-OVL-00112,PWD-INC-OVL0101,grievance,pwd,0.9936199806990031,linked,"{""dist_m"": 98.94, ""dt_h"": 1.69, ""dist_norm"": 0.155, ""dt_norm"": 0.023, ""text_sim"": 0.558, ""same_cat"": 1.0, ""same_ward"": 1.0, ""coarse"": 0.0, ""has_news"": 0.0}"
POL-OVL-00090,PWD-INC-OVL0100,police,pwd,0.977083895331543,linked,"{""dist_m"": 284.819, ""dt_h"": 0.641, ""dist_norm"": 0.438, ""dt_norm"": 0.009, ""text_sim"": 0.733, ""same_cat"": 1.0, ""same_ward"": 0.0, ""coarse"": 0.0, ""has_news"": 0.0}"
POL-OVL-00090,PWD-INC-OVL0101,police,pwd,0.9753269182877593,linked,"{""dist_m"": 264.292, ""dt_h"": 3.259, ""dist_norm"": 0.407, ""dt_norm"": 0.045, ""text_sim"": 0.733, ""same_cat"": 1.0, ""same_ward"": 0.0, ""coarse"": 0.0, ""has_news"": 0.0}"
GRV-OVL-00113,POL-OVL-00092,grievance,police,0.9794064776263909,linked,"{""dist_m"": 174.88, ""dt_h"": 1.891, ""dist_norm"": 0.273, ""dt_norm"": 0.026, ""text_sim"": 0.382, ""same_cat"": 1.0, ""same_ward"": 1.0, ""coarse"": 0.0, ""has_news"": 0.0}"
GRV-OVL-00113,PWD-INC-OVL0104,grievance,pwd,0.8793494952489543,linked,"{""dist_m"": 183.409, ""dt_h"": 0.288, ""dist_norm"": 0.287, ""dt_norm"": 0.004, ""text_sim"": 0.283, ""same_cat"": 1.0, ""same_ward"": 0.0, ""coarse"": 0.0, ""has_news"": 0.0}"
GRV-OVL-00114,POL-OVL-00092,grievance,police,0.9758922195560052,linked,"{""dist_m"": 123.145, ""dt_h"": 4.695, ""dist_norm"": 0.192, ""dt_norm"": 0.065, ""text_sim"": 0.34, ""same_cat"": 1.0, ""same_ward"": 1.0, ""coarse"": 0.0, ""has_news"": 0.0}"
GRV-OVL-00114,PWD-INC-OVL0104,grievance,pwd,0.8256021655991027,linked,"{""dist_m"": 209.877, ""dt_h"": 2.515, ""dist_norm"": 0.328, ""dt_norm"": 0.035, ""text_sim"": 0.246, ""same_cat"": 1.0, ""same_ward"": 0.0, ""coarse"": 0.0, ""has_news"": 0.0}"
POL-OVL-00092,PWD-INC-OVL0104,police,pwd,0.9522756317638158,linked,"{""dist_m"": 148.926, ""dt_h"": 2.179, ""dist_norm"": 0.229, ""dt_norm"": 0.03, ""text_sim"": 0.482, ""same_cat"": 1.0, ""same_ward"": 0.0, ""coarse"": 0.0, ""has_news"": 0.0}"
GRV-OVL-00115,POL-OVL-00095,grievance,police,0.945330300436114,linked,"{""dist_m"": 222.767, ""dt_h"": 0.69, ""dist_norm"": 0.348, ""dt_norm"": 0.01, ""text_sim"": 0.499, ""same_cat"": 1.0, ""same_ward"": 0.0, ""coarse"": 0.0, ""has_news"": 0.0}"
GRV-OVL-00115,PWD-INC-OVL0105,grievance,pwd,0.9708802095347201,linked,"{""dist_m"": 310.788, ""dt_h"": 4.699, ""dist_norm"": 0.486, ""dt_norm"": 0.065, ""text_sim"": 0.461, ""same_cat"": 1.0, ""same_ward"": 1.0, ""coarse"": 0.0, ""has_news"": 0.0}"
GRV-OVL-00115,PWD-INC-OVL0106,grievance,pwd,0.9707753287903501,linked,"{""dist_m"": 371.262, ""dt_h"": 0.629, ""dist_norm"": 0.58, ""dt_norm"": 0.009, ""text_sim"": 0.461, ""same_cat"": 1.0, ""same_ward"": 1.0, ""coarse"": 0.0, ""has_news"": 0.0}"
GRV-OVL-00115,PWD-INC-OVL0107,grievance,pwd,0.8197717041741641,linked,"{""dist_m"": 330.69, ""dt_h"": 1.255, ""dist_norm"": 0.517, ""dt_norm"": 0.017, ""text_sim"": 0.325, ""same_cat"": 1.0, ""same_ward"": 0.0, ""coarse"": 0.0, ""has_news"": 0.0}"
GRV-OVL-00115,PWD-INC-OVL0108,grievance,pwd,0.9205123879260173,linked,"{""dist_m"": 234.611, ""dt_h"": 3.409, ""dist_norm"": 0.367, ""dt_norm"": 0.047, ""text_sim"": 0.461, ""same_cat"": 1.0, ""same_ward"": 0.0, ""coarse"": 0.0, ""has_news"": 0.0}"
GRV-OVL-00115,PWD-INC-OVL0110,grievance,pwd,0.9774981904365369,linked,"{""dist_m"": 63.56, ""dt_h"": 6.373, ""dist_norm"": 0.099, ""dt_norm"": 0.089, ""text_sim"": 0.325, ""same_cat"": 1.0, ""same_ward"": 1.0, ""coarse"": 0.0, ""has_news"": 0.0}"
GRV-OVL-00116,POL-OVL-00095,grievance,police,0.8670393412184803,linked,"{""dist_m"": 277.631, ""dt_h"": 7.608, ""dist_norm"": 0.434, ""dt_norm"": 0.106, ""text_sim"": 0.433, ""same_cat"": 1.0, ""same_ward"": 0.0, ""coarse"": 0.0, ""has_news"": 0.0}"
GRV-OVL-00116,PWD-INC-OVL0109,grievance,pwd,0.9448138144284199,linked,"{""dist_m"": 139.419, ""dt_h"": 1.898, ""dist_norm"": 0.218, ""dt_norm"": 0.026, ""text_sim"": 0.441, ""same_cat"": 1.0, ""same_ward"": 0.0, ""coarse"": 0.0, ""has_news"": 0.0}"
GRV-OVL-00116,PWD-INC-OVL0110,grievance,pwd,0.980725799125069,linked,"{""dist_m"": 96.592, ""dt_h"": 1.925, ""dist_norm"": 0.151, ""dt_norm"": 0.027, ""text_sim"": 0.33, ""same_cat"": 1.0, ""same_ward"": 1.0, ""coarse"": 0.0, ""has_news"": 0.0}"
GRV-OVL-00116,PWD-INC-OVL0111,grievance,pwd,0.9179750868281905,linked,"{""dist_m"": 245.863, ""dt_h"": 1.584, ""dist_norm"": 0.384, ""dt_norm"": 0.022, ""text_sim"": 0.441, ""same_cat"": 1.0, ""same_ward"": 0.0, ""coarse"": 0.0, ""has_news"": 0.0}"
POL-OVL-00095,PWD-INC-OVL0105,police,pwd,0.9815408016404624,linked,"{""dist_m"": 122.194, ""dt_h"": 4.009, ""dist_norm"": 0.188, ""dt_norm"": 0.056, ""text_sim"": 0.683, ""same_cat"": 1.0, ""same_ward"": 0.0, ""coarse"": 0.0, ""has_news"": 0.0}"
POL-OVL-00095,PWD-INC-OVL0106,police,pwd,0.983137116417478,linked,"{""dist_m"": 158.477, ""dt_h"": 0.062, ""dist_norm"": 0.244, ""dt_norm"": 0.001, ""text_sim"": 0.683, ""same_cat"": 1.0, ""same_ward"": 0.0, ""coarse"": 0.0, ""has_news"": 0.0}"
POL-OVL-00095,PWD-INC-OVL0107,police,pwd,0.9174489055459184,linked,"{""dist_m"": 319.356, ""dt_h"": 0.564, ""dist_norm"": 0.491, ""dt_norm"": 0.008, ""text_sim"": 0.485, ""same_cat"": 1.0, ""same_ward"": 0.0, ""coarse"": 0.0, ""has_news"": 0.0}"
POL-OVL-00095,PWD-INC-OVL0108,police,pwd,0.9793781703021556,linked,"{""dist_m"": 168.865, ""dt_h"": 2.719, ""dist_norm"": 0.26, ""dt_norm"": 0.038, ""text_sim"": 0.683, ""same_cat"": 1.0, ""same_ward"": 0.0, ""coarse"": 0.0, ""has_news"": 0.0}"
POL-OVL-00095,PWD-INC-OVL0109,police,pwd,0.9728236795709791,linked,"{""dist_m"": 193.179, ""dt_h"": 5.709, ""dist_norm"": 0.297, ""dt_norm"": 0.079, ""text_sim"": 0.683, ""same_cat"": 1.0, ""same_ward"": 0.0, ""coarse"": 0.0, ""has_news"": 0.0}"
POL-OVL-00095,PWD-INC-OVL0110,police,pwd,0.9340146265085029,linked,"{""dist_m"": 184.403, ""dt_h"": 5.683, ""dist_norm"": 0.284, ""dt_norm"": 0.079, ""text_sim"": 0.485, ""same_cat"": 1.0, ""same_ward"": 0.0, ""coarse"": 0.0, ""has_news"": 0.0}"
POL-OVL-00095,PWD-INC-OVL0111,police,pwd,0.9881902134871144,linked,"{""dist_m"": 335.746, ""dt_h"": 6.024, ""dist_norm"": 0.517, ""dt_norm"": 0.084, ""text_sim"": 0.683, ""same_cat"": 1.0, ""same_ward"": 1.0, ""coarse"": 0.0, ""has_news"": 0.0}"
POL-OVL-00096,PWD-INC-OVL0112,police,pwd,0.9782478786345884,linked,"{""dist_m"": 287.97, ""dt_h"": 0.119, ""dist_norm"": 0.443, ""dt_norm"": 0.002, ""text_sim"": 0.74, ""same_cat"": 1.0, ""same_ward"": 0.0, ""coarse"": 0.0, ""has_news"": 0.0}"
POL-OVL-00097,PWD-INC-OVL0112,police,pwd,0.9871445793749445,linked,"{""dist_m"": 120.137, ""dt_h"": 2.653, ""dist_norm"": 0.185, ""dt_norm"": 0.037, ""text_sim"": 0.74, ""same_cat"": 1.0, ""same_ward"": 0.0, ""coarse"": 0.0, ""has_news"": 0.0}"
POL-OVL-00097,PWD-INC-OVL0113,police,pwd,0.9750682866747336,linked,"{""dist_m"": 215.97, ""dt_h"": 7.247, ""dist_norm"": 0.332, ""dt_norm"": 0.101, ""text_sim"": 0.74, ""same_cat"": 1.0, ""same_ward"": 0.0, ""coarse"": 0.0, ""has_news"": 0.0}"
GRV-OVL-00117,POL-OVL-00098,grievance,police,0.9808036423941806,linked,"{""dist_m"": 217.167, ""dt_h"": 2.015, ""dist_norm"": 0.339, ""dt_norm"": 0.028, ""text_sim"": 0.435, ""same_cat"": 1.0, ""same_ward"": 1.0, ""coarse"": 0.0, ""has_news"": 0.0}"
GRV-OVL-00117,POL-OVL-00099,grievance,police,0.9823150405567619,linked,"{""dist_m"": 207.442, ""dt_h"": 1.312, ""dist_norm"": 0.324, ""dt_norm"": 0.018, ""text_sim"": 0.435, ""same_cat"": 1.0, ""same_ward"": 1.0, ""coarse"": 0.0, ""has_news"": 0.0}"
GRV-OVL-00117,PWD-INC-OVL0114,grievance,pwd,0.9666701705486725,linked,"{""dist_m"": 206.282, ""dt_h"": 3.019, ""dist_norm"": 0.322, ""dt_norm"": 0.042, ""text_sim"": 0.322, ""same_cat"": 1.0, ""same_ward"": 1.0, ""coarse"": 0.0, ""has_news"": 0.0}"
GRV-OVL-00117,PWD-INC-OVL0115,grievance,pwd,0.9391557913223969,linked,"{""dist_m"": 159.029, ""dt_h"": 1.682, ""dist_norm"": 0.248, ""dt_norm"": 0.023, ""text_sim"": 0.434, ""same_cat"": 1.0, ""same_ward"": 0.0, ""coarse"": 0.0, ""has_news"": 0.0}"
GRV-OVL-00117,PWD-INC-OVL0116,grievance,pwd,0.9594464882072525,linked,"{""dist_m"": 44.617, ""dt_h"": 2.509, ""dist_norm"": 0.07, ""dt_norm"": 0.035, ""text_sim"": 0.434, ""same_cat"": 1.0, ""same_ward"": 0.0, ""coarse"": 0.0, ""has_news"": 0.0}"
GRV-OVL-00117,PWD-INC-OVL0117,grievance,pwd,0.917464370142156,linked,"{""dist_m"": 93.804, ""dt_h"": 2.597, ""dist_norm"": 0.147, ""dt_norm"": 0.036, ""text_sim"": 0.322, ""same_cat"": 1.0, ""same_ward"": 0.0, ""coarse"": 0.0, ""has_news"": 0.0}"
POL-OVL-00098,PWD-INC-OVL0114,police,pwd,0.9880245542751711,linked,"{""dist_m"": 215.588, ""dt_h"": 1.003, ""dist_norm"": 0.332, ""dt_norm"": 0.014, ""text_sim"": 0.516, ""same_cat"": 1.0, ""same_ward"": 1.0, ""coarse"": 0.0, ""has_news"": 0.0}"
POL-OVL-00098,PWD-INC-OVL0117,police,pwd,0.936369576639774,linked,"{""dist_m"": 227.526, ""dt_h"": 4.613, ""dist_norm"": 0.35, ""dt_norm"": 0.064, ""text_sim"": 0.516, ""same_cat"": 1.0, ""same_ward"": 0.0, ""coarse"": 0.0, ""has_news"": 0.0}"
POL-OVL-00099,PWD-INC-OVL0114,police,pwd,0.9937584245383184,linked,"{""dist_m"": 45.193, ""dt_h"": 1.706, ""dist_norm"": 0.07, ""dt_norm"": 0.024, ""text_sim"": 0.516, ""same_cat"": 1.0, ""same_ward"": 1.0, ""coarse"": 0.0, ""has_news"": 0.0}"
POL-OVL-00099,PWD-INC-OVL0115,police,pwd,0.9759025447004576,linked,"{""dist_m"": 230.841, ""dt_h"": 2.994, ""dist_norm"": 0.355, ""dt_norm"": 0.042, ""text_sim"": 0.706, ""same_cat"": 1.0, ""same_ward"": 0.0, ""coarse"": 0.0, ""has_news"": 0.0}"
POL-OVL-00099,PWD-INC-OVL0116,police,pwd,0.9830601439505919,linked,"{""dist_m"": 170.05, ""dt_h"": 1.196, ""dist_norm"": 0.262, ""dt_norm"": 0.017, ""text_sim"": 0.706, ""same_cat"": 1.0, ""same_ward"": 0.0, ""coarse"": 0.0, ""has_news"": 0.0}"
GRV-OVL-00118,PWD-INC-OVL0118,grievance,pwd,0.9350292965084783,linked,"{""dist_m"": 170.24, ""dt_h"": 1.411, ""dist_norm"": 0.266, ""dt_norm"": 0.02, ""text_sim"": 0.426, ""same_cat"": 1.0, ""same_ward"": 0.0, ""coarse"": 0.0, ""has_news"": 0.0}"
GRV-OVL-00118,PWD-INC-OVL0119,grievance,pwd,0.8953065758533679,linked,"{""dist_m"": 268.295, ""dt_h"": 3.23, ""dist_norm"": 0.419, ""dt_norm"": 0.045, ""text_sim"": 0.426, ""same_cat"": 1.0, ""same_ward"": 0.0, ""coarse"": 0.0, ""has_news"": 0.0}"
GRV-OVL-00119,PWD-INC-OVL0118,grievance,pwd,0.9075048141696583,linked,"{""dist_m"": 234.428, ""dt_h"": 3.831, ""dist_norm"": 0.366, ""dt_norm"": 0.053, ""text_sim"": 0.432, ""same_cat"": 1.0, ""same_ward"": 0.0, ""coarse"": 0.0, ""has_news"": 0.0}"
GRV-OVL-00120,POL-OVL-00100,grievance,police,0.9032284230209083,linked,"{""dist_m"": 172.806, ""dt_h"": 5.248, ""dist_norm"": 0.27, ""dt_norm"": 0.073, ""text_sim"": 0.387, ""same_cat"": 1.0, ""same_ward"": 0.0, ""coarse"": 0.0, ""has_news"": 0.0}"
GRV-OVL-00120,PWD-INC-OVL0120,grievance,pwd,0.7932061649737437,linked,"{""dist_m"": 215.97, ""dt_h"": 4.806, ""dist_norm"": 0.337, ""dt_norm"": 0.067, ""text_sim"": 0.236, ""same_cat"": 1.0, ""same_ward"": 0.0, ""coarse"": 0.0, ""has_news"": 0.0}"
GRV-OVL-00120,PWD-INC-OVL0121,grievance,pwd,0.8205813120516945,linked,"{""dist_m"": 160.93, ""dt_h"": 5.687, ""dist_norm"": 0.251, ""dt_norm"": 0.079, ""text_sim"": 0.236, ""same_cat"": 1.0, ""same_ward"": 0.0, ""coarse"": 0.0, ""has_news"": 0.0}"
GRV-OVL-00120,PWD-INC-OVL0122,grievance,pwd,0.9069882601808973,linked,"{""dist_m"": 135.141, ""dt_h"": 5.314, ""dist_norm"": 0.211, ""dt_norm"": 0.074, ""text_sim"": 0.365, ""same_cat"": 1.0, ""same_ward"": 0.0, ""coarse"": 0.0, ""has_news"": 0.0}"
POL-OVL-00100,PWD-INC-OVL0120,police,pwd,0.9814723633692635,linked,"{""dist_m"": 327.355, ""dt_h"": 0.442, ""dist_norm"": 0.504, ""dt_norm"": 0.006, ""text_sim"": 0.512, ""same_cat"": 1.0, ""same_ward"": 1.0, ""coarse"": 0.0, ""has_news"": 0.0}"
POL-OVL-00100,PWD-INC-OVL0121,police,pwd,0.9937567618199427,linked,"{""dist_m"": 59.724, ""dt_h"": 0.439, ""dist_norm"": 0.092, ""dt_norm"": 0.006, ""text_sim"": 0.512, ""same_cat"": 1.0, ""same_ward"": 1.0, ""coarse"": 0.0, ""has_news"": 0.0}"
POL-OVL-00100,PWD-INC-OVL0122,police,pwd,0.9977301216992346,linked,"{""dist_m"": 41.476, ""dt_h"": 0.066, ""dist_norm"": 0.064, ""dt_norm"": 0.001, ""text_sim"": 0.7, ""same_cat"": 1.0, ""same_ward"": 1.0, ""coarse"": 0.0, ""has_news"": 0.0}"
GRV-OVL-00121,POL-OVL-00103,grievance,police,0.9938606387016508,linked,"{""dist_m"": 167.582, ""dt_h"": 0.329, ""dist_norm"": 0.262, ""dt_norm"": 0.005, ""text_sim"": 0.608, ""same_cat"": 1.0, ""same_ward"": 1.0, ""coarse"": 0.0, ""has_news"": 0.0}"
GRV-OVL-00121,PWD-INC-OVL0124,grievance,pwd,0.9911392846829484,linked,"{""dist_m"": 130.38, ""dt_h"": 3.564, ""dist_norm"": 0.204, ""dt_norm"": 0.049, ""text_sim"": 0.541, ""same_cat"": 1.0, ""same_ward"": 1.0, ""coarse"": 0.0, ""has_news"": 0.0}"
GRV-OVL-00121,PWD-INC-OVL0126,grievance,pwd,0.9389189073955301,linked,"{""dist_m"": 269.96, ""dt_h"": 2.709, ""dist_norm"": 0.422, ""dt_norm"": 0.038, ""text_sim"": 0.541, ""same_cat"": 1.0, ""same_ward"": 0.0, ""coarse"": 0.0, ""has_news"": 0.0}"
GRV-OVL-00122,POL-OVL-00102,grievance,police,0.9944711085576874,linked,"{""dist_m"": 69.585, ""dt_h"": 5.738, ""dist_norm"": 0.109, ""dt_norm"": 0.08, ""text_sim"": 0.613, ""same_cat"": 1.0, ""same_ward"": 1.0, ""coarse"": 0.0, ""has_news"": 0.0}"
GRV-OVL-00122,PWD-INC-OVL0123,grievance,pwd,0.9890401534317204,linked,"{""dist_m"": 233.091, ""dt_h"": 0.829, ""dist_norm"": 0.364, ""dt_norm"": 0.012, ""text_sim"": 0.55, ""same_cat"": 1.0, ""same_ward"": 1.0, ""coarse"": 0.0, ""has_news"": 0.0}"
GRV-OVL-00122,PWD-INC-OVL0125,grievance,pwd,0.9859730361197953,linked,"{""dist_m"": 161.834, ""dt_h"": 3.71, ""dist_norm"": 0.253, ""dt_norm"": 0.052, ""text_sim"": 0.474, ""same_cat"": 1.0, ""same_ward"": 1.0, ""coarse"": 0.0, ""has_news"": 0.0}"
POL-OVL-00102,PWD-INC-OVL0123,police,pwd,0.9954559403384887,linked,"{""dist_m"": 221.878, ""dt_h"": 4.909, ""dist_norm"": 0.341, ""dt_norm"": 0.068, ""text_sim"": 0.77, ""same_cat"": 1.0, ""same_ward"": 1.0, ""coarse"": 0.0, ""has_news"": 0.0}"
POL-OVL-00102,PWD-INC-OVL0125,police,pwd,0.9947338593140954,linked,"{""dist_m"": 115.638, ""dt_h"": 2.028, ""dist_norm"": 0.178, ""dt_norm"": 0.028, ""text_sim"": 0.614, ""same_cat"": 1.0, ""same_ward"": 1.0, ""coarse"": 0.0, ""has_news"": 0.0}"
POL-OVL-00103,PWD-INC-OVL0124,police,pwd,0.9976748309924164,linked,"{""dist_m"": 83.2, ""dt_h"": 3.235, ""dist_norm"": 0.128, ""dt_norm"": 0.045, ""text_sim"": 0.77, ""same_cat"": 1.0, ""same_ward"": 1.0, ""coarse"": 0.0, ""has_news"": 0.0}"
POL-OVL-00103,PWD-INC-OVL0126,police,pwd,0.9893840859071965,linked,"{""dist_m"": 113.581, ""dt_h"": 2.38, ""dist_norm"": 0.175, ""dt_norm"": 0.033, ""text_sim"": 0.77, ""same_cat"": 1.0, ""same_ward"": 0.0, ""coarse"": 0.0, ""has_news"": 0.0}"
GRV-OVL-00123,POL-OVL-00104,grievance,police,0.9860095694143346,linked,"{""dist_m"": 122.099, ""dt_h"": 1.987, ""dist_norm"": 0.191, ""dt_norm"": 0.028, ""text_sim"": 0.419, ""same_cat"": 1.0, ""same_ward"": 1.0, ""coarse"": 0.0, ""has_news"": 0.0}"
GRV-OVL-00123,POL-OVL-00105,grievance,police,0.9457578996905064,linked,"{""dist_m"": 118.734, ""dt_h"": 1.276, ""dist_norm"": 0.186, ""dt_norm"": 0.018, ""text_sim"": 0.419, ""same_cat"": 1.0, ""same_ward"": 0.0, ""coarse"": 0.0, ""has_news"": 0.0}"
GRV-OVL-00123,POL-OVL-00106,grievance,police,0.9589220213404899,linked,"{""dist_m"": 60.944, ""dt_h"": 0.448, ""dist_norm"": 0.095, ""dt_norm"": 0.006, ""text_sim"": 0.419, ""same_cat"": 1.0, ""same_ward"": 0.0, ""coarse"": 0.0, ""has_news"": 0.0}"
GRV-OVL-00124,PWD-INC-OVL0127,grievance,pwd,0.9759439652712436,linked,"{""dist_m"": 203.97, ""dt_h"": 3.515, ""dist_norm"": 0.319, ""dt_norm"": 0.049, ""text_sim"": 0.395, ""same_cat"": 1.0, ""same_ward"": 1.0, ""coarse"": 0.0, ""has_news"": 0.0}"
GRV-OVL-00125,PWD-INC-OVL0127,grievance,pwd,0.9766439927547175,linked,"{""dist_m"": 200.132, ""dt_h"": 1.682, ""dist_norm"": 0.313, ""dt_norm"": 0.023, ""text_sim"": 0.375, ""same_cat"": 1.0, ""same_ward"": 1.0, ""coarse"": 0.0, ""has_news"": 0.0}"
GRV-OVL-00126,PWD-INC-OVL0127,grievance,pwd,0.9434733948363627,linked,"{""dist_m"": 394.383, ""dt_h"": 3.306, ""dist_norm"": 0.616, ""dt_norm"": 0.046, ""text_sim"": 0.373, ""same_cat"": 1.0, ""same_ward"": 1.0, ""coarse"": 0.0, ""has_news"": 0.0}"
GRV-OVL-00127,POL-OVL-00107,grievance,police,0.9888327450898337,linked,"{""dist_m"": 80.665, ""dt_h"": 2.249, ""dist_norm"": 0.126, ""dt_norm"": 0.031, ""text_sim"": 0.434, ""same_cat"": 1.0, ""same_ward"": 1.0, ""coarse"": 0.0, ""has_news"": 0.0}"
GRV-OVL-00127,PWD-INC-OVL0128,grievance,pwd,0.9829130872891727,linked,"{""dist_m"": 126.247, ""dt_h"": 6.444, ""dist_norm"": 0.197, ""dt_norm"": 0.09, ""text_sim"": 0.437, ""same_cat"": 1.0, ""same_ward"": 1.0, ""coarse"": 0.0, ""has_news"": 0.0}"
GRV-OVL-00128,POL-OVL-00107,grievance,police,0.9852382449814808,linked,"{""dist_m"": 170.337, ""dt_h"": 6.078, ""dist_norm"": 0.266, ""dt_norm"": 0.084, ""text_sim"": 0.5, ""same_cat"": 1.0, ""same_ward"": 1.0, ""coarse"": 0.0, ""has_news"": 0.0}"
GRV-OVL-00128,PWD-INC-OVL0128,grievance,pwd,0.9885698782205464,linked,"{""dist_m"": 226.898, ""dt_h"": 1.883, ""dist_norm"": 0.355, ""dt_norm"": 0.026, ""text_sim"": 0.549, ""same_cat"": 1.0, ""same_ward"": 1.0, ""coarse"": 0.0, ""has_news"": 0.0}"
GRV-OVL-00129,POL-OVL-00107,grievance,police,0.9897434079179437,linked,"{""dist_m"": 138.959, ""dt_h"": 0.924, ""dist_norm"": 0.217, ""dt_norm"": 0.013, ""text_sim"": 0.485, ""same_cat"": 1.0, ""same_ward"": 1.0, ""coarse"": 0.0, ""has_news"": 0.0}"
GRV-OVL-00129,PWD-INC-OVL0128,grievance,pwd,0.9906267450518729,linked,"{""dist_m"": 111.281, ""dt_h"": 5.119, ""dist_norm"": 0.174, ""dt_norm"": 0.071, ""text_sim"": 0.532, ""same_cat"": 1.0, ""same_ward"": 1.0, ""coarse"": 0.0, ""has_news"": 0.0}"
GRV-OVL-00130,POL-OVL-00107,grievance,police,0.9869831330319621,linked,"{""dist_m"": 315.533, ""dt_h"": 0.273, ""dist_norm"": 0.493, ""dt_norm"": 0.004, ""text_sim"": 0.578, ""same_cat"": 1.0, ""same_ward"": 1.0, ""coarse"": 0.0, ""has_news"": 0.0}"
GRV-OVL-00130,PWD-INC-OVL0128,grievance,pwd,0.983074540270246,linked,"{""dist_m"": 330.7, ""dt_h"": 3.921, ""dist_norm"": 0.517, ""dt_norm"": 0.054, ""text_sim"": 0.582, ""same_cat"": 1.0, ""same_ward"": 1.0, ""coarse"": 0.0, ""has_news"": 0.0}"
POL-OVL-00107,PWD-INC-OVL0128,police,pwd,0.9955588186422992,linked,"{""dist_m"": 70.773, ""dt_h"": 4.195, ""dist_norm"": 0.109, ""dt_norm"": 0.058, ""text_sim"": 0.639, ""same_cat"": 1.0, ""same_ward"": 1.0, ""coarse"": 0.0, ""has_news"": 0.0}"
PWD-INC-OVL0128,GRV-OVL-00141,pwd,grievance,0.8630782558930955,linked,"{""dist_m"": 205.696, ""dt_h"": 27.107, ""dist_norm"": 0.321, ""dt_norm"": 0.376, ""text_sim"": 0.311, ""same_cat"": 1.0, ""same_ward"": 1.0, ""coarse"": 0.0, ""has_news"": 0.0}"
GRV-OVL-00131,PWD-INC-OVL0129,grievance,pwd,0.7877992726770564,linked,"{""dist_m"": 364.622, ""dt_h"": 1.804, ""dist_norm"": 0.57, ""dt_norm"": 0.025, ""text_sim"": 0.319, ""same_cat"": 1.0, ""same_ward"": 0.0, ""coarse"": 0.0, ""has_news"": 0.0}"
GRV-OVL-00131,PWD-INC-OVL0130,grievance,pwd,0.9608103375385354,linked,"{""dist_m"": 280.924, ""dt_h"": 0.43, ""dist_norm"": 0.439, ""dt_norm"": 0.006, ""text_sim"": 0.319, ""same_cat"": 1.0, ""same_ward"": 1.0, ""coarse"": 0.0, ""has_news"": 0.0}"
GRV-OVL-00131,PWD-INC-OVL0131,grievance,pwd,0.8133815764405731,linked,"{""dist_m"": 349.668, ""dt_h"": 0.2, ""dist_norm"": 0.546, ""dt_norm"": 0.003, ""text_sim"": 0.319, ""same_cat"": 1.0, ""same_ward"": 0.0, ""coarse"": 0.0, ""has_news"": 0.0}"
GRV-OVL-00131,PWD-INC-OVL0132,grievance,pwd,0.9599019478731122,linked,"{""dist_m"": 290.137, ""dt_h"": 0.191, ""dist_norm"": 0.453, ""dt_norm"": 0.003, ""text_sim"": 0.319, ""same_cat"": 1.0, ""same_ward"": 1.0, ""coarse"": 0.0, ""has_news"": 0.0}"
GRV-OVL-00132,PWD-INC-OVL0130,grievance,pwd,0.935417468718639,linked,"{""dist_m"": 234.819, ""dt_h"": 1.948, ""dist_norm"": 0.367, ""dt_norm"": 0.027, ""text_sim"": 0.191, ""same_cat"": 1.0, ""same_ward"": 1.0, ""coarse"": 0.0, ""has_news"": 0.0}"
GRV-OVL-00133,PWD-INC-OVL0133,grievance,pwd,0.8968015306033751,linked,"{""dist_m"": 198.701, ""dt_h"": 0.71, ""dist_norm"": 0.31, ""dt_norm"": 0.01, ""text_sim"": 0.475, ""same_cat"": 0.0, ""same_ward"": 1.0, ""coarse"": 0.0, ""has_news"": 0.0}"
GRV-OVL-00133,PWD-INC-OVL0135,grievance,pwd,0.846858863265219,linked,"{""dist_m"": 289.897, ""dt_h"": 1.877, ""dist_norm"": 0.453, ""dt_norm"": 0.026, ""text_sim"": 0.475, ""same_cat"": 0.0, ""same_ward"": 1.0, ""coarse"": 0.0, ""has_news"": 0.0}"
GRV-OVL-00134,PWD-INC-OVL0137,grievance,pwd,0.8418354749368935,linked,"{""dist_m"": 46.539, ""dt_h"": 1.795, ""dist_norm"": 0.073, ""dt_norm"": 0.025, ""text_sim"": 0.258, ""same_cat"": 0.0, ""same_ward"": 1.0, ""coarse"": 0.0, ""has_news"": 0.0}"
GRV-OVL-00135,POL-OVL-00111,grievance,police,0.8766362540469512,linked,"{""dist_m"": 208.244, ""dt_h"": 0.026, ""dist_norm"": 0.325, ""dt_norm"": 0.0, ""text_sim"": 0.296, ""same_cat"": 1.0, ""same_ward"": 0.0, ""coarse"": 0.0, ""has_news"": 0.0}"
GRV-OVL-00135,PWD-INC-OVL0137,grievance,pwd,0.9711556303668158,linked,"{""dist_m"": 37.402, ""dt_h"": 1.066, ""dist_norm"": 0.058, ""dt_norm"": 0.015, ""text_sim"": 0.184, ""same_cat"": 1.0, ""same_ward"": 1.0, ""coarse"": 0.0, ""has_news"": 0.0}"
GRV-OVL-00135,PWD-INC-OVL0138,grievance,pwd,0.9689099180081344,linked,"{""dist_m"": 210.668, ""dt_h"": 2.443, ""dist_norm"": 0.329, ""dt_norm"": 0.034, ""text_sim"": 0.333, ""same_cat"": 1.0, ""same_ward"": 1.0, ""coarse"": 0.0, ""has_news"": 0.0}"
GRV-OVL-00135,PWD-INC-OVL0139,grievance,pwd,0.9631541937081934,linked,"{""dist_m"": 265.866, ""dt_h"": 1.55, ""dist_norm"": 0.415, ""dt_norm"": 0.022, ""text_sim"": 0.333, ""same_cat"": 1.0, ""same_ward"": 1.0, ""coarse"": 0.0, ""has_news"": 0.0}"
GRV-OVL-00136,PWD-INC-OVL0137,grievance,pwd,0.7754248672646651,linked,"{""dist_m"": 94.677, ""dt_h"": 5.537, ""dist_norm"": 0.148, ""dt_norm"": 0.077, ""text_sim"": 0.257, ""same_cat"": 0.0, ""same_ward"": 1.0, ""coarse"": 0.0, ""has_news"": 0.0}"
POL-OVL-00111,PWD-INC-OVL0136,police,pwd,0.9767768877269635,linked,"{""dist_m"": 131.694, ""dt_h"": 2.759, ""dist_norm"": 0.203, ""dt_norm"": 0.038, ""text_sim"": 0.33, ""same_cat"": 1.0, ""same_ward"": 1.0, ""coarse"": 0.0, ""has_news"": 0.0}"
POL-OVL-00111,PWD-INC-OVL0137,police,pwd,0.8735405644658986,linked,"{""dist_m"": 242.95, ""dt_h"": 1.04, ""dist_norm"": 0.374, ""dt_norm"": 0.014, ""text_sim"": 0.33, ""same_cat"": 1.0, ""same_ward"": 0.0, ""coarse"": 0.0, ""has_news"": 0.0}"
POL-OVL-00111,PWD-INC-OVL0138,police,pwd,0.9464594944744128,linked,"{""dist_m"": 270.679, ""dt_h"": 2.469, ""dist_norm"": 0.416, ""dt_norm"": 0.034, ""text_sim"": 0.563, ""same_cat"": 1.0, ""same_ward"": 0.0, ""coarse"": 0.0, ""has_news"": 0.0}"
POL-OVL-00111,PWD-INC-OVL0139,police,pwd,0.9205915758806557,linked,"{""dist_m"": 387.375, ""dt_h"": 1.524, ""dist_norm"": 0.596, ""dt_norm"": 0.021, ""text_sim"": 0.563, ""same_cat"": 1.0, ""same_ward"": 0.0, ""coarse"": 0.0, ""has_news"": 0.0}"
POL-OVL-00112,PWD-INC-OVL0140,police,pwd,0.9594886565997907,linked,"{""dist_m"": 421.994, ""dt_h"": 1.868, ""dist_norm"": 0.649, ""dt_norm"": 0.026, ""text_sim"": 0.743, ""same_cat"": 1.0, ""same_ward"": 0.0, ""coarse"": 0.0, ""has_news"": 0.0}"
POL-OVL-00112,PWD-INC-OVL0141,police,pwd,0.9416862435562399,linked,"{""dist_m"": 524.713, ""dt_h"": 1.226, ""dist_norm"": 0.807, ""dt_norm"": 0.017, ""text_sim"": 0.743, ""same_cat"": 1.0, ""same_ward"": 0.0, ""coarse"": 0.0, ""has_news"": 0.0}"
POL-OVL-00112,PWD-INC-OVL0142,police,pwd,0.9971978857395561,linked,"{""dist_m"": 107.766, ""dt_h"": 2.458, ""dist_norm"": 0.166, ""dt_norm"": 0.034, ""text_sim"": 0.743, ""same_cat"": 1.0, ""same_ward"": 1.0, ""coarse"": 0.0, ""has_news"": 0.0}"
POL-OVL-00112,PWD-INC-OVL0143,police,pwd,0.9928032630423317,linked,"{""dist_m"": 155.347, ""dt_h"": 1.305, ""dist_norm"": 0.239, ""dt_norm"": 0.018, ""text_sim"": 0.575, ""same_cat"": 1.0, ""same_ward"": 1.0, ""coarse"": 0.0, ""has_news"": 0.0}"
GRV-OVL-00137,PWD-INC-OVL0144,grievance,pwd,0.951495481937223,linked,"{""dist_m"": 239.942, ""dt_h"": 1.992, ""dist_norm"": 0.375, ""dt_norm"": 0.028, ""text_sim"": 0.258, ""same_cat"": 1.0, ""same_ward"": 1.0, ""coarse"": 0.0, ""has_news"": 0.0}"
GRV-OVL-00138,POL-OVL-00113,grievance,police,0.977811640689619,linked,"{""dist_m"": 239.857, ""dt_h"": 4.389, ""dist_norm"": 0.375, ""dt_norm"": 0.061, ""text_sim"": 0.454, ""same_cat"": 1.0, ""same_ward"": 1.0, ""coarse"": 0.0, ""has_news"": 0.0}"
GRV-OVL-00138,PWD-INC-OVL0145,grievance,pwd,0.9789597731849401,linked,"{""dist_m"": 203.536, ""dt_h"": 2.798, ""dist_norm"": 0.318, ""dt_norm"": 0.039, ""text_sim"": 0.414, ""same_cat"": 1.0, ""same_ward"": 1.0, ""coarse"": 0.0, ""has_news"": 0.0}"
GRV-OVL-00138,PWD-INC-OVL0146,grievance,pwd,0.8841124146003979,linked,"{""dist_m"": 165.092, ""dt_h"": 4.316, ""dist_norm"": 0.258, ""dt_norm"": 0.06, ""text_sim"": 0.328, ""same_cat"": 1.0, ""same_ward"": 0.0, ""coarse"": 0.0, ""has_news"": 0.0}"
GRV-OVL-00138,PWD-INC-OVL0147,grievance,pwd,0.9301735836597359,linked,"{""dist_m"": 188.818, ""dt_h"": 0.472, ""dist_norm"": 0.295, ""dt_norm"": 0.007, ""text_sim"": 0.414, ""same_cat"": 1.0, ""same_ward"": 0.0, ""coarse"": 0.0, ""has_news"": 0.0}"
POL-OVL-00113,PWD-INC-OVL0145,police,pwd,0.9912757847969338,linked,"{""dist_m"": 357.454, ""dt_h"": 1.591, ""dist_norm"": 0.55, ""dt_norm"": 0.022, ""text_sim"": 0.708, ""same_cat"": 1.0, ""same_ward"": 1.0, ""coarse"": 0.0, ""has_news"": 0.0}"
POL-OVL-00113,PWD-INC-OVL0146,police,pwd,0.9510427906656326,linked,"{""dist_m"": 237.63, ""dt_h"": 0.073, ""dist_norm"": 0.366, ""dt_norm"": 0.001, ""text_sim"": 0.525, ""same_cat"": 1.0, ""same_ward"": 0.0, ""coarse"": 0.0, ""has_news"": 0.0}"
POL-OVL-00113,PWD-INC-OVL0147,police,pwd,0.950911225052019,linked,"{""dist_m"": 399.463, ""dt_h"": 3.917, ""dist_norm"": 0.615, ""dt_norm"": 0.054, ""text_sim"": 0.708, ""same_cat"": 1.0, ""same_ward"": 0.0, ""coarse"": 0.0, ""has_news"": 0.0}"
GRV-OVL-00139,PWD-INC-OVL0148,grievance,pwd,0.9596177163172284,linked,"{""dist_m"": 187.347, ""dt_h"": 5.321, ""dist_norm"": 0.293, ""dt_norm"": 0.074, ""text_sim"": 0.592, ""same_cat"": 1.0, ""same_ward"": 0.0, ""coarse"": 0.0, ""has_news"": 0.0}"
GRV-OVL-00139,PWD-INC-OVL0149,grievance,pwd,0.9536824523234666,linked,"{""dist_m"": 262.95, ""dt_h"": 2.502, ""dist_norm"": 0.411, ""dt_norm"": 0.035, ""text_sim"": 0.592, ""same_cat"": 1.0, ""same_ward"": 0.0, ""coarse"": 0.0, ""has_news"": 0.0}"
GRV-OVL-00139,PWD-INC-OVL0150,grievance,pwd,0.9447507522812446,linked,"{""dist_m"": 178.901, ""dt_h"": 3.01, ""dist_norm"": 0.28, ""dt_norm"": 0.042, ""text_sim"": 0.488, ""same_cat"": 1.0, ""same_ward"": 0.0, ""coarse"": 0.0, ""has_news"": 0.0}"
GRV-OVL-00139,PWD-INC-OVL0151,grievance,pwd,0.9920178975353846,linked,"{""dist_m"": 190.86, ""dt_h"": 1.806, ""dist_norm"": 0.298, ""dt_norm"": 0.025, ""text_sim"": 0.592, ""same_cat"": 1.0, ""same_ward"": 1.0, ""coarse"": 0.0, ""has_news"": 0.0}"
GRV-OVL-00139,PWD-INC-OVL0152,grievance,pwd,0.9777991994650422,linked,"{""dist_m"": 88.41, ""dt_h"": 1.982, ""dist_norm"": 0.138, ""dt_norm"": 0.028, ""text_sim"": 0.592, ""same_cat"": 1.0, ""same_ward"": 0.0, ""coarse"": 0.0, ""has_news"": 0.0}"
GRV-OVL-00139,PWD-INC-OVL0153,grievance,pwd,0.9894701463071688,linked,"{""dist_m"": 221.586, ""dt_h"": 4.282, ""dist_norm"": 0.346, ""dt_norm"": 0.059, ""text_sim"": 0.592, ""same_cat"": 1.0, ""same_ward"": 1.0, ""coarse"": 0.0, ""has_news"": 0.0}"
PWD-INC-OVL0148,POL-OVL-00117,pwd,police,0.9612797093559832,linked,"{""dist_m"": 286.734, ""dt_h"": 11.691, ""dist_norm"": 0.441, ""dt_norm"": 0.162, ""text_sim"": 0.464, ""same_cat"": 1.0, ""same_ward"": 1.0, ""coarse"": 0.0, ""has_news"": 0.0}"
PWD-INC-OVL0149,POL-OVL-00117,pwd,police,0.9568638014079422,linked,"{""dist_m"": 356.042, ""dt_h"": 8.872, ""dist_norm"": 0.548, ""dt_norm"": 0.123, ""text_sim"": 0.464, ""same_cat"": 1.0, ""same_ward"": 1.0, ""coarse"": 0.0, ""has_news"": 0.0}"
PWD-INC-OVL0150,POL-OVL-00117,pwd,police,0.9253348757794749,linked,"{""dist_m"": 321.533, ""dt_h"": 9.381, ""dist_norm"": 0.495, ""dt_norm"": 0.13, ""text_sim"": 0.322, ""same_cat"": 1.0, ""same_ward"": 1.0, ""coarse"": 0.0, ""has_news"": 0.0}"
PWD-INC-OVL0152,POL-OVL-00117,pwd,police,0.9524205284281608,linked,"{""dist_m"": 388.754, ""dt_h"": 8.353, ""dist_norm"": 0.598, ""dt_norm"": 0.116, ""text_sim"": 0.464, ""same_cat"": 1.0, ""same_ward"": 1.0, ""coarse"": 0.0, ""has_news"": 0.0}"
GRV-OVL-00140,PWD-INC-OVL0154,grievance,pwd,0.7910073092915766,linked,"{""dist_m"": 205.48, ""dt_h"": 5.722, ""dist_norm"": 0.321, ""dt_norm"": 0.079, ""text_sim"": 0.236, ""same_cat"": 1.0, ""same_ward"": 0.0, ""coarse"": 0.0, ""has_news"": 0.0}"
GRV-OVL-00140,PWD-INC-OVL0156,grievance,pwd,0.9596024444154333,linked,"{""dist_m"": 159.463, ""dt_h"": 2.607, ""dist_norm"": 0.249, ""dt_norm"": 0.036, ""text_sim"": 0.236, ""same_cat"": 1.0, ""same_ward"": 1.0, ""coarse"": 0.0, ""has_news"": 0.0}"
GRV-OVL-00140,PWD-INC-OVL0157,grievance,pwd,0.9519287304209519,linked,"{""dist_m"": 173.526, ""dt_h"": 4.624, ""dist_norm"": 0.271, ""dt_norm"": 0.064, ""text_sim"": 0.236, ""same_cat"": 1.0, ""same_ward"": 1.0, ""coarse"": 0.0, ""has_news"": 0.0}"
GRV-OVL-00141,PWD-INC-OVL0155,grievance,pwd,0.9652899726565273,linked,"{""dist_m"": 206.039, ""dt_h"": 5.349, ""dist_norm"": 0.322, ""dt_norm"": 0.074, ""text_sim"": 0.342, ""same_cat"": 1.0, ""same_ward"": 1.0, ""coarse"": 0.0, ""has_news"": 0.0}"
GRV-OVL-00141,PWD-INC-OVL0156,grievance,pwd,0.971048240284097,linked,"{""dist_m"": 184.798, ""dt_h"": 3.734, ""dist_norm"": 0.289, ""dt_norm"": 0.052, ""text_sim"": 0.342, ""same_cat"": 1.0, ""same_ward"": 1.0, ""coarse"": 0.0, ""has_news"": 0.0}"
GRV-OVL-00143,POL-OVL-00117,grievance,police,0.9718186532528847,linked,"{""dist_m"": 322.22, ""dt_h"": 2.917, ""dist_norm"": 0.503, ""dt_norm"": 0.041, ""text_sim"": 0.455, ""same_cat"": 1.0, ""same_ward"": 1.0, ""coarse"": 0.0, ""has_news"": 0.0}"
GRV-OVL-00144,POL-OVL-00119,grievance,police,0.9879189483273664,linked,"{""dist_m"": 209.756, ""dt_h"": 4.419, ""dist_norm"": 0.328, ""dt_norm"": 0.061, ""text_sim"": 0.555, ""same_cat"": 1.0, ""same_ward"": 1.0, ""coarse"": 0.0, ""has_news"": 0.0}"
GRV-OVL-00145,POL-OVL-00121,grievance,police,0.9715732561958733,linked,"{""dist_m"": 258.911, ""dt_h"": 5.454, ""dist_norm"": 0.405, ""dt_norm"": 0.076, ""text_sim"": 0.431, ""same_cat"": 1.0, ""same_ward"": 1.0, ""coarse"": 0.0, ""has_news"": 0.0}"
GRV-OVL-00145,PWD-INC-OVL0160,grievance,pwd,0.988406243515521,linked,"{""dist_m"": 46.295, ""dt_h"": 1.0, ""dist_norm"": 0.072, ""dt_norm"": 0.014, ""text_sim"": 0.381, ""same_cat"": 1.0, ""same_ward"": 1.0, ""coarse"": 0.0, ""has_news"": 0.0}"
GRV-OVL-00145,PWD-INC-OVL0162,grievance,pwd,0.9365192191628595,linked,"{""dist_m"": 116.611, ""dt_h"": 1.105, ""dist_norm"": 0.182, ""dt_norm"": 0.015, ""text_sim"": 0.381, ""same_cat"": 1.0, ""same_ward"": 0.0, ""coarse"": 0.0, ""has_news"": 0.0}"
GRV-OVL-00146,POL-OVL-00120,grievance,police,0.9888895965141385,linked,"{""dist_m"": 167.36, ""dt_h"": 2.292, ""dist_norm"": 0.262, ""dt_norm"": 0.032, ""text_sim"": 0.509, ""same_cat"": 1.0, ""same_ward"": 1.0, ""coarse"": 0.0, ""has_news"": 0.0}"
GRV-OVL-00146,POL-OVL-00121,grievance,police,0.990873302508488,linked,"{""dist_m"": 123.815, ""dt_h"": 2.015, ""dist_norm"": 0.193, ""dt_norm"": 0.028, ""text_sim"": 0.509, ""same_cat"": 1.0, ""same_ward"": 1.0, ""coarse"": 0.0, ""has_news"": 0.0}"
GRV-OVL-00146,PWD-INC-OVL0159,grievance,pwd,0.9825640400703399,linked,"{""dist_m"": 213.27, ""dt_h"": 4.973, ""dist_norm"": 0.333, ""dt_norm"": 0.069, ""text_sim"": 0.489, ""same_cat"": 1.0, ""same_ward"": 1.0, ""coarse"": 0.0, ""has_news"": 0.0}"
GRV-OVL-00146,PWD-INC-OVL0161,grievance,pwd,0.991172889194538,linked,"{""dist_m"": 120.588, ""dt_h"": 0.023, ""dist_norm"": 0.188, ""dt_norm"": 0.0, ""text_sim"": 0.489, ""same_cat"": 1.0, ""same_ward"": 1.0, ""coarse"": 0.0, ""has_news"": 0.0}"
GRV-OVL-00146,PWD-INC-OVL0163,grievance,pwd,0.9819586801900421,linked,"{""dist_m"": 259.168, ""dt_h"": 2.406, ""dist_norm"": 0.405, ""dt_norm"": 0.033, ""text_sim"": 0.489, ""same_cat"": 1.0, ""same_ward"": 1.0, ""coarse"": 0.0, ""has_news"": 0.0}"
GRV-OVL-00147,POL-OVL-00121,grievance,police,0.9811348416084784,linked,"{""dist_m"": 156.125, ""dt_h"": 6.634, ""dist_norm"": 0.244, ""dt_norm"": 0.092, ""text_sim"": 0.444, ""same_cat"": 1.0, ""same_ward"": 1.0, ""coarse"": 0.0, ""has_news"": 0.0}"
GRV-OVL-00147,PWD-INC-OVL0159,grievance,pwd,0.9806292335243768,linked,"{""dist_m"": 193.891, ""dt_h"": 0.354, ""dist_norm"": 0.303, ""dt_norm"": 0.005, ""text_sim"": 0.392, ""same_cat"": 1.0, ""same_ward"": 1.0, ""coarse"": 0.0, ""has_news"": 0.0}"
POL-OVL-00120,PWD-INC-OVL0163,police,pwd,0.9963249691197112,linked,"{""dist_m"": 120.671, ""dt_h"": 4.698, ""dist_norm"": 0.186, ""dt_norm"": 0.065, ""text_sim"": 0.726, ""same_cat"": 1.0, ""same_ward"": 1.0, ""coarse"": 0.0, ""has_news"": 0.0}"
POL-OVL-00121,PWD-INC-OVL0159,police,pwd,0.9962496124560956,linked,"{""dist_m"": 91.58, ""dt_h"": 6.988, ""dist_norm"": 0.141, ""dt_norm"": 0.097, ""text_sim"": 0.726, ""same_cat"": 1.0, ""same_ward"": 1.0, ""coarse"": 0.0, ""has_news"": 0.0}"
POL-OVL-00121,PWD-INC-OVL0160,police,pwd,0.9944015977624535,linked,"{""dist_m"": 227.176, ""dt_h"": 4.454, ""dist_norm"": 0.35, ""dt_norm"": 0.062, ""text_sim"": 0.726, ""same_cat"": 1.0, ""same_ward"": 1.0, ""coarse"": 0.0, ""has_news"": 0.0}"
POL-OVL-00121,PWD-INC-OVL0161,police,pwd,0.9949920724946624,linked,"{""dist_m"": 235.845, ""dt_h"": 2.038, ""dist_norm"": 0.363, ""dt_norm"": 0.028, ""text_sim"": 0.726, ""same_cat"": 1.0, ""same_ward"": 1.0, ""coarse"": 0.0, ""has_news"": 0.0}"
POL-OVL-00121,PWD-INC-OVL0162,police,pwd,0.9532819362108759,linked,"{""dist_m"": 368.521, ""dt_h"": 6.559, ""dist_norm"": 0.567, ""dt_norm"": 0.091, ""text_sim"": 0.726, ""same_cat"": 1.0, ""same_ward"": 0.0, ""coarse"": 0.0, ""has_news"": 0.0}"
PWD-INC-OVL0159,POL-OVL-00127,pwd,police,0.7998346118727107,linked,"{""dist_m"": 401.629, ""dt_h"": 7.948, ""dist_norm"": 0.618, ""dt_norm"": 0.11, ""text_sim"": 0.437, ""same_cat"": 1.0, ""same_ward"": 0.0, ""coarse"": 0.0, ""has_news"": 0.0}"
PWD-INC-OVL0159,POL-OVL-00128,pwd,police,0.8350228684896811,linked,"{""dist_m"": 298.086, ""dt_h"": 11.044, ""dist_norm"": 0.459, ""dt_norm"": 0.153, ""text_sim"": 0.437, ""same_cat"": 1.0, ""same_ward"": 0.0, ""coarse"": 0.0, ""has_news"": 0.0}"
PWD-INC-OVL0160,POL-OVL-00128,pwd,police,0.8004629373321666,linked,"{""dist_m"": 316.97, ""dt_h"": 13.578, ""dist_norm"": 0.488, ""dt_norm"": 0.189, ""text_sim"": 0.437, ""same_cat"": 1.0, ""same_ward"": 0.0, ""coarse"": 0.0, ""has_news"": 0.0}"
PWD-INC-OVL0162,POL-OVL-00128,pwd,police,0.7613779723877977,linked,"{""dist_m"": 403.968, ""dt_h"": 11.473, ""dist_norm"": 0.621, ""dt_norm"": 0.159, ""text_sim"": 0.437, ""same_cat"": 1.0, ""same_ward"": 0.0, ""coarse"": 0.0, ""has_news"": 0.0}"
PWD-INC-OVL0163,POL-OVL-00128,pwd,police,0.8053381675250778,linked,"{""dist_m"": 308.987, ""dt_h"": 13.611, ""dist_norm"": 0.475, ""dt_norm"": 0.189, ""text_sim"": 0.437, ""same_cat"": 1.0, ""same_ward"": 0.0, ""coarse"": 0.0, ""has_news"": 0.0}"
GRV-OVL-00148,POL-OVL-00122,grievance,police,0.9580108292284291,linked,"{""dist_m"": 100.081, ""dt_h"": 6.311, ""dist_norm"": 0.156, ""dt_norm"": 0.088, ""text_sim"": 0.223, ""same_cat"": 1.0, ""same_ward"": 1.0, ""coarse"": 0.0, ""has_news"": 0.0}"
GRV-OVL-00148,PWD-INC-OVL0164,grievance,pwd,0.9430672054836017,linked,"{""dist_m"": 236.46, ""dt_h"": 7.42, ""dist_norm"": 0.369, ""dt_norm"": 0.103, ""text_sim"": 0.288, ""same_cat"": 1.0, ""same_ward"": 1.0, ""coarse"": 0.0, ""has_news"": 0.0}"
GRV-OVL-00149,POL-OVL-00122,grievance,police,0.911602413040232,linked,"{""dist_m"": 304.458, ""dt_h"": 5.469, ""dist_norm"": 0.476, ""dt_norm"": 0.076, ""text_sim"": 0.225, ""same_cat"": 1.0, ""same_ward"": 1.0, ""coarse"": 0.0, ""has_news"": 0.0}"
GRV-OVL-00149,PWD-INC-OVL0165,grievance,pwd,0.961152722907326,linked,"{""dist_m"": 84.761, ""dt_h"": 5.607, ""dist_norm"": 0.132, ""dt_norm"": 0.078, ""text_sim"": 0.218, ""same_cat"": 1.0, ""same_ward"": 1.0, ""coarse"": 0.0, ""has_news"": 0.0}"
GRV-OVL-00150,POL-OVL-00122,grievance,police,0.9632101923681713,linked,"{""dist_m"": 223.222, ""dt_h"": 3.094, ""dist_norm"": 0.349, ""dt_norm"": 0.043, ""text_sim"": 0.317, ""same_cat"": 1.0, ""same_ward"": 1.0, ""coarse"": 0.0, ""has_news"": 0.0}"
GRV-OVL-00150,PWD-INC-OVL0164,grievance,pwd,0.9780233154043845,linked,"{""dist_m"": 125.147, ""dt_h"": 4.203, ""dist_norm"": 0.196, ""dt_norm"": 0.058, ""text_sim"": 0.355, ""same_cat"": 1.0, ""same_ward"": 1.0, ""coarse"": 0.0, ""has_news"": 0.0}"
GRV-OVL-00150,PWD-INC-OVL0165,grievance,pwd,0.9737180760834759,linked,"{""dist_m"": 183.276, ""dt_h"": 3.232, ""dist_norm"": 0.286, ""dt_norm"": 0.045, ""text_sim"": 0.355, ""same_cat"": 1.0, ""same_ward"": 1.0, ""coarse"": 0.0, ""has_news"": 0.0}"
POL-OVL-00122,PWD-INC-OVL0164,police,pwd,0.9877531683140637,linked,"{""dist_m"": 280.928, ""dt_h"": 1.109, ""dist_norm"": 0.432, ""dt_norm"": 0.015, ""text_sim"": 0.568, ""same_cat"": 1.0, ""same_ward"": 1.0, ""coarse"": 0.0, ""has_news"": 0.0}"
POL-OVL-00122,PWD-INC-OVL0165,police,pwd,0.9833643296371806,linked,"{""dist_m"": 370.968, ""dt_h"": 0.138, ""dist_norm"": 0.571, ""dt_norm"": 0.002, ""text_sim"": 0.568, ""same_cat"": 1.0, ""same_ward"": 1.0, ""coarse"": 0.0, ""has_news"": 0.0}"
GRV-OVL-00151,POL-OVL-00123,grievance,police,0.981835147021527,linked,"{""dist_m"": 121.957, ""dt_h"": 5.794, ""dist_norm"": 0.191, ""dt_norm"": 0.08, ""text_sim"": 0.412, ""same_cat"": 1.0, ""same_ward"": 1.0, ""coarse"": 0.0, ""has_news"": 0.0}"
GRV-OVL-00151,POL-OVL-00124,grievance,police,0.9796964341817387,linked,"{""dist_m"": 155.707, ""dt_h"": 5.346, ""dist_norm"": 0.243, ""dt_norm"": 0.074, ""text_sim"": 0.412, ""same_cat"": 1.0, ""same_ward"": 1.0, ""coarse"": 0.0, ""has_news"": 0.0}"
GRV-OVL-00152,POL-OVL-00125,grievance,police,0.9717656488223814,linked,"{""dist_m"": 169.938, ""dt_h"": 2.384, ""dist_norm"": 0.266, ""dt_norm"": 0.033, ""text_sim"": 0.318, ""same_cat"": 1.0, ""same_ward"": 1.0, ""coarse"": 0.0, ""has_news"": 0.0}"
GRV-OVL-00152,PWD-INC-OVL0166,grievance,pwd,0.954375313560417,linked,"{""dist_m"": 189.668, ""dt_h"": 2.959, ""dist_norm"": 0.296, ""dt_norm"": 0.041, ""text_sim"": 0.24, ""same_cat"": 1.0, ""same_ward"": 1.0, ""coarse"": 0.0, ""has_news"": 0.0}"
GRV-OVL-00152,PWD-INC-OVL0167,grievance,pwd,0.9274318020435021,linked,"{""dist_m"": 308.733, ""dt_h"": 2.889, ""dist_norm"": 0.482, ""dt_norm"": 0.04, ""text_sim"": 0.24, ""same_cat"": 1.0, ""same_ward"": 1.0, ""coarse"": 0.0, ""has_news"": 0.0}"
GRV-OVL-00152,PWD-INC-OVL0168,grievance,pwd,0.9385973162713218,linked,"{""dist_m"": 264.993, ""dt_h"": 2.947, ""dist_norm"": 0.414, ""dt_norm"": 0.041, ""text_sim"": 0.24, ""same_cat"": 1.0, ""same_ward"": 1.0, ""coarse"": 0.0, ""has_news"": 0.0}"
POL-OVL-00125,PWD-INC-OVL0166,police,pwd,0.995242003390905,linked,"{""dist_m"": 179.844, ""dt_h"": 5.343, ""dist_norm"": 0.277, ""dt_norm"": 0.074, ""text_sim"": 0.731, ""same_cat"": 1.0, ""same_ward"": 1.0, ""coarse"": 0.0, ""has_news"": 0.0}"
POL-OVL-00125,PWD-INC-OVL0167,police,pwd,0.9930536581229886,linked,"{""dist_m"": 344.369, ""dt_h"": 0.505, ""dist_norm"": 0.53, ""dt_norm"": 0.007, ""text_sim"": 0.731, ""same_cat"": 1.0, ""same_ward"": 1.0, ""coarse"": 0.0, ""has_news"": 0.0}"
POL-OVL-00125,PWD-INC-OVL0168,police,pwd,0.9908421344787904,linked,"{""dist_m"": 411.295, ""dt_h"": 0.563, ""dist_norm"": 0.633, ""dt_norm"": 0.008, ""text_sim"": 0.731, ""same_cat"": 1.0, ""same_ward"": 1.0, ""coarse"": 0.0, ""has_news"": 0.0}"
GRV-OVL-00153,PWD-INC-OVL0173,grievance,pwd,0.9857652932745371,linked,"{""dist_m"": 112.41, ""dt_h"": 3.053, ""dist_norm"": 0.176, ""dt_norm"": 0.042, ""text_sim"": 0.421, ""same_cat"": 1.0, ""same_ward"": 1.0, ""coarse"": 0.0, ""has_news"": 0.0}"
GRV-OVL-00153,PWD-INC-OVL0174,grievance,pwd,0.9656613689654376,linked,"{""dist_m"": 237.117, ""dt_h"": 0.487, ""dist_norm"": 0.37, ""dt_norm"": 0.007, ""text_sim"": 0.311, ""same_cat"": 1.0, ""same_ward"": 1.0, ""coarse"": 0.0, ""has_news"": 0.0}"
GRV-OVL-00154,PWD-INC-OVL0173,grievance,pwd,0.9793308141525273,linked,"{""dist_m"": 206.205, ""dt_h"": 5.799, ""dist_norm"": 0.322, ""dt_norm"": 0.081, ""text_sim"": 0.457, ""same_cat"": 1.0, ""same_ward"": 1.0, ""coarse"": 0.0, ""has_news"": 0.0}"
GRV-OVL-00155,PWD-INC-OVL0175,grievance,pwd,0.9842256882569606,linked,"{""dist_m"": 214.896, ""dt_h"": 4.276, ""dist_norm"": 0.336, ""dt_norm"": 0.059, ""text_sim"": 0.502, ""same_cat"": 1.0, ""same_ward"": 1.0, ""coarse"": 0.0, ""has_news"": 0.0}"
GRV-OVL-00155,PWD-INC-OVL0176,grievance,pwd,0.9910593967009025,linked,"{""dist_m"": 62.735, ""dt_h"": 5.266, ""dist_norm"": 0.098, ""dt_norm"": 0.073, ""text_sim"": 0.502, ""same_cat"": 1.0, ""same_ward"": 1.0, ""coarse"": 0.0, ""has_news"": 0.0}"
GRV-OVL-00155,PWD-INC-OVL0177,grievance,pwd,0.9835549928201829,linked,"{""dist_m"": 134.215, ""dt_h"": 1.423, ""dist_norm"": 0.21, ""dt_norm"": 0.02, ""text_sim"": 0.389, ""same_cat"": 1.0, ""same_ward"": 1.0, ""coarse"": 0.0, ""has_news"": 0.0}"
GRV-OVL-00155,PWD-INC-OVL0178,grievance,pwd,0.9845639703928302,linked,"{""dist_m"": 208.595, ""dt_h"": 4.346, ""dist_norm"": 0.326, ""dt_norm"": 0.06, ""text_sim"": 0.502, ""same_cat"": 1.0, ""same_ward"": 1.0, ""coarse"": 0.0, ""has_news"": 0.0}"
GRV-OVL-00155,PWD-INC-OVL0179,grievance,pwd,0.9578788051257687,linked,"{""dist_m"": 312.527, ""dt_h"": 5.066, ""dist_norm"": 0.488, ""dt_norm"": 0.07, ""text_sim"": 0.389, ""same_cat"": 1.0, ""same_ward"": 1.0, ""coarse"": 0.0, ""has_news"": 0.0}"
GRV-OVL-00155,PWD-INC-OVL0180,grievance,pwd,0.9841677208390571,linked,"{""dist_m"": 140.366, ""dt_h"": 0.371, ""dist_norm"": 0.219, ""dt_norm"": 0.005, ""text_sim"": 0.389, ""same_cat"": 1.0, ""same_ward"": 1.0, ""coarse"": 0.0, ""has_news"": 0.0}"
GRV-OVL-00156,POL-OVL-00129,grievance,police,0.9473255969562542,linked,"{""dist_m"": 235.403, ""dt_h"": 0.119, ""dist_norm"": 0.368, ""dt_norm"": 0.002, ""text_sim"": 0.511, ""same_cat"": 1.0, ""same_ward"": 0.0, ""coarse"": 0.0, ""has_news"": 0.0}"
GRV-OVL-00156,PWD-INC-OVL0181,grievance,pwd,0.8968771161025145,linked,"{""dist_m"": 205.791, ""dt_h"": 4.027, ""dist_norm"": 0.322, ""dt_norm"": 0.056, ""text_sim"": 0.386, ""same_cat"": 1.0, ""same_ward"": 0.0, ""coarse"": 0.0, ""has_news"": 0.0}"
GRV-OVL-00156,PWD-INC-OVL0182,grievance,pwd,0.9913619218921457,linked,"{""dist_m"": 81.2, ""dt_h"": 1.555, ""dist_norm"": 0.127, ""dt_norm"": 0.022, ""text_sim"": 0.479, ""same_cat"": 1.0, ""same_ward"": 1.0, ""coarse"": 0.0, ""has_news"": 0.0}"
POL-OVL-00129,PWD-INC-OVL0181,police,pwd,0.9931366691379313,linked,"{""dist_m"": 119.694, ""dt_h"": 3.908, ""dist_norm"": 0.184, ""dt_norm"": 0.054, ""text_sim"": 0.587, ""same_cat"": 1.0, ""same_ward"": 1.0, ""coarse"": 0.0, ""has_news"": 0.0}"
POL-OVL-00129,PWD-INC-OVL0182,police,pwd,0.9857606907685422,linked,"{""dist_m"": 174.485, ""dt_h"": 1.436, ""dist_norm"": 0.268, ""dt_norm"": 0.02, ""text_sim"": 0.749, ""same_cat"": 1.0, ""same_ward"": 0.0, ""coarse"": 0.0, ""has_news"": 0.0}"
PWD-INC-OVL0182,GRV-OVL-00159,pwd,grievance,0.8526843275409846,linked,"{""dist_m"": 196.381, ""dt_h"": 23.683, ""dist_norm"": 0.307, ""dt_norm"": 0.329, ""text_sim"": 0.242, ""same_cat"": 1.0, ""same_ward"": 1.0, ""coarse"": 0.0, ""has_news"": 0.0}"
PWD-INC-OVL0182,POL-OVL-00133,pwd,police,0.9042043173149019,linked,"{""dist_m"": 531.908, ""dt_h"": 20.571, ""dist_norm"": 0.818, ""dt_norm"": 0.286, ""text_sim"": 0.583, ""same_cat"": 1.0, ""same_ward"": 1.0, ""coarse"": 0.0, ""has_news"": 0.0}"
GRV-OVL-00157,PWD-INC-OVL0183,grievance,pwd,0.874122454640717,linked,"{""dist_m"": 90.912, ""dt_h"": 1.021, ""dist_norm"": 0.142, ""dt_norm"": 0.014, ""text_sim"": 0.204, ""same_cat"": 1.0, ""same_ward"": 0.0, ""coarse"": 0.0, ""has_news"": 0.0}"
GRV-OVL-00157,PWD-INC-OVL0184,grievance,pwd,0.8706838623494967,linked,"{""dist_m"": 410.626, ""dt_h"": 3.484, ""dist_norm"": 0.642, ""dt_norm"": 0.048, ""text_sim"": 0.204, ""same_cat"": 1.0, ""same_ward"": 1.0, ""coarse"": 0.0, ""has_news"": 0.0}"
GRV-OVL-00157,PWD-INC-OVL0185,grievance,pwd,0.9059574262106941,linked,"{""dist_m"": 240.959, ""dt_h"": 3.554, ""dist_norm"": 0.376, ""dt_norm"": 0.049, ""text_sim"": 0.133, ""same_cat"": 1.0, ""same_ward"": 1.0, ""coarse"": 0.0, ""has_news"": 0.0}"
GRV-OVL-00158,POL-OVL-00130,grievance,police,0.9846071629229396,linked,"{""dist_m"": 96.976, ""dt_h"": 2.017, ""dist_norm"": 0.152, ""dt_norm"": 0.028, ""text_sim"": 0.378, ""same_cat"": 1.0, ""same_ward"": 1.0, ""coarse"": 0.0, ""has_news"": 0.0}"
GRV-OVL-00158,POL-OVL-00131,grievance,police,0.9644430624424758,linked,"{""dist_m"": 256.877, ""dt_h"": 5.133, ""dist_norm"": 0.401, ""dt_norm"": 0.071, ""text_sim"": 0.378, ""same_cat"": 1.0, ""same_ward"": 1.0, ""coarse"": 0.0, ""has_news"": 0.0}"
GRV-OVL-00158,POL-OVL-00132,grievance,police,0.9771414636527866,linked,"{""dist_m"": 174.099, ""dt_h"": 3.344, ""dist_norm"": 0.272, ""dt_norm"": 0.046, ""text_sim"": 0.378, ""same_cat"": 1.0, ""same_ward"": 1.0, ""coarse"": 0.0, ""has_news"": 0.0}"
GRV-OVL-00158,PWD-INC-OVL0186,grievance,pwd,0.9544537560301055,linked,"{""dist_m"": 339.034, ""dt_h"": 0.514, ""dist_norm"": 0.53, ""dt_norm"": 0.007, ""text_sim"": 0.338, ""same_cat"": 1.0, ""same_ward"": 1.0, ""coarse"": 0.0, ""has_news"": 0.0}"
GRV-OVL-00158,PWD-INC-OVL0187,grievance,pwd,0.956214838745196,linked,"{""dist_m"": 204.756, ""dt_h"": 2.919, ""dist_norm"": 0.32, ""dt_norm"": 0.041, ""text_sim"": 0.261, ""same_cat"": 1.0, ""same_ward"": 1.0, ""coarse"": 0.0, ""has_news"": 0.0}"
GRV-OVL-00158,PWD-INC-OVL0188,grievance,pwd,0.9754393371791574,linked,"{""dist_m"": 144.088, ""dt_h"": 3.368, ""dist_norm"": 0.225, ""dt_norm"": 0.047, ""text_sim"": 0.338, ""same_cat"": 1.0, ""same_ward"": 1.0, ""coarse"": 0.0, ""has_news"": 0.0}"
POL-OVL-00130,PWD-INC-OVL0188,police,pwd,0.9974242157595835,linked,"{""dist_m"": 70.001, ""dt_h"": 1.352, ""dist_norm"": 0.108, ""dt_norm"": 0.019, ""text_sim"": 0.715, ""same_cat"": 1.0, ""same_ward"": 1.0, ""coarse"": 0.0, ""has_news"": 0.0}"
POL-OVL-00131,PWD-INC-OVL0186,police,pwd,0.9935461964822033,linked,"{""dist_m"": 245.84, ""dt_h"": 4.619, ""dist_norm"": 0.378, ""dt_norm"": 0.064, ""text_sim"": 0.715, ""same_cat"": 1.0, ""same_ward"": 1.0, ""coarse"": 0.0, ""has_news"": 0.0}"
POL-OVL-00132,PWD-INC-OVL0187,police,pwd,0.9945448158175169,linked,"{""dist_m"": 47.398, ""dt_h"": 0.424, ""dist_norm"": 0.073, ""dt_norm"": 0.006, ""text_sim"": 0.53, ""same_cat"": 1.0, ""same_ward"": 1.0, ""coarse"": 0.0, ""has_news"": 0.0}"
POL-OVL-00132,PWD-INC-OVL0188,police,pwd,0.9962542822999372,linked,"{""dist_m"": 181.121, ""dt_h"": 0.025, ""dist_norm"": 0.279, ""dt_norm"": 0.0, ""text_sim"": 0.715, ""same_cat"": 1.0, ""same_ward"": 1.0, ""coarse"": 0.0, ""has_news"": 0.0}"
GRV-OVL-00159,POL-OVL-00133,grievance,police,0.9466159519544337,linked,"{""dist_m"": 346.865, ""dt_h"": 3.112, ""dist_norm"": 0.542, ""dt_norm"": 0.043, ""text_sim"": 0.343, ""same_cat"": 1.0, ""same_ward"": 1.0, ""coarse"": 0.0, ""has_news"": 0.0}"
GRV-OVL-00159,PWD-INC-OVL0189,grievance,pwd,0.9777750728452634,linked,"{""dist_m"": 159.216, ""dt_h"": 1.031, ""dist_norm"": 0.249, ""dt_norm"": 0.014, ""text_sim"": 0.342, ""same_cat"": 1.0, ""same_ward"": 1.0, ""coarse"": 0.0, ""has_news"": 0.0}"
GRV-OVL-00159,PWD-INC-OVL0190,grievance,pwd,0.9675294481347091,linked,"{""dist_m"": 255.165, ""dt_h"": 0.853, ""dist_norm"": 0.399, ""dt_norm"": 0.012, ""text_sim"": 0.342, ""same_cat"": 1.0, ""same_ward"": 1.0, ""coarse"": 0.0, ""has_news"": 0.0}"
POL-OVL-00133,PWD-INC-OVL0189,police,pwd,0.988583920306421,linked,"{""dist_m"": 397.885, ""dt_h"": 2.081, ""dist_norm"": 0.612, ""dt_norm"": 0.029, ""text_sim"": 0.693, ""same_cat"": 1.0, ""same_ward"": 1.0, ""coarse"": 0.0, ""has_news"": 0.0}"
POL-OVL-00133,PWD-INC-OVL0190,police,pwd,0.9866869872028562,linked,"{""dist_m"": 433.104, ""dt_h"": 2.259, ""dist_norm"": 0.666, ""dt_norm"": 0.031, ""text_sim"": 0.693, ""same_cat"": 1.0, ""same_ward"": 1.0, ""coarse"": 0.0, ""has_news"": 0.0}"
GRV-OVL-00160,POL-OVL-00135,grievance,police,0.9881020439519315,linked,"{""dist_m"": 71.969, ""dt_h"": 6.162, ""dist_norm"": 0.112, ""dt_norm"": 0.086, ""text_sim"": 0.462, ""same_cat"": 1.0, ""same_ward"": 1.0, ""coarse"": 0.0, ""has_news"": 0.0}"
GRV-OVL-00161,POL-OVL-00135,grievance,police,0.9860064862073813,linked,"{""dist_m"": 165.12, ""dt_h"": 3.5, ""dist_norm"": 0.258, ""dt_norm"": 0.049, ""text_sim"": 0.475, ""same_cat"": 1.0, ""same_ward"": 1.0, ""coarse"": 0.0, ""has_news"": 0.0}"
GRV-OVL-00162,POL-OVL-00139,grievance,police,0.987773164102308,linked,"{""dist_m"": 267.506, ""dt_h"": 0.484, ""dist_norm"": 0.418, ""dt_norm"": 0.007, ""text_sim"": 0.553, ""same_cat"": 1.0, ""same_ward"": 1.0, ""coarse"": 0.0, ""has_news"": 0.0}"
GRV-OVL-00162,PWD-INC-OVL0191,grievance,pwd,0.9733639779549741,linked,"{""dist_m"": 155.419, ""dt_h"": 2.445, ""dist_norm"": 0.243, ""dt_norm"": 0.034, ""text_sim"": 0.617, ""same_cat"": 1.0, ""same_ward"": 0.0, ""coarse"": 0.0, ""has_news"": 0.0}"
GRV-OVL-00162,PWD-INC-OVL0192,grievance,pwd,0.9720536659829638,linked,"{""dist_m"": 189.346, ""dt_h"": 0.935, ""dist_norm"": 0.296, ""dt_norm"": 0.013, ""text_sim"": 0.617, ""same_cat"": 1.0, ""same_ward"": 0.0, ""coarse"": 0.0, ""has_news"": 0.0}"
POL-OVL-00139,PWD-INC-OVL0191,police,pwd,0.9771542204502509,linked,"{""dist_m"": 233.348, ""dt_h"": 2.929, ""dist_norm"": 0.359, ""dt_norm"": 0.041, ""text_sim"": 0.719, ""same_cat"": 1.0, ""same_ward"": 0.0, ""coarse"": 0.0, ""has_news"": 0.0}"
POL-OVL-00139,PWD-INC-OVL0192,police,pwd,0.9753026276496403,linked,"{""dist_m"": 289.597, ""dt_h"": 0.452, ""dist_norm"": 0.446, ""dt_norm"": 0.006, ""text_sim"": 0.719, ""same_cat"": 1.0, ""same_ward"": 0.0, ""coarse"": 0.0, ""has_news"": 0.0}"
GRV-OVL-00163,POL-OVL-00142,grievance,police,0.7140566899083529,linked,"{""dist_m"": 270.88, ""dt_h"": 2.293, ""dist_norm"": 0.423, ""dt_norm"": 0.032, ""text_sim"": 0.301, ""same_cat"": 0.0, ""same_ward"": 1.0, ""coarse"": 0.0, ""has_news"": 0.0}"
POL-OVL-00142,PWD-INC-OVL0193,police,pwd,0.995923431348083,linked,"{""dist_m"": 190.336, ""dt_h"": 2.025, ""dist_norm"": 0.293, ""dt_norm"": 0.028, ""text_sim"": 0.73, ""same_cat"": 1.0, ""same_ward"": 1.0, ""coarse"": 0.0, ""has_news"": 0.0}"
GRV-OVL-00164,PWD-INC-OVL0194,grievance,pwd,0.9494386213728268,linked,"{""dist_m"": 123.951, ""dt_h"": 20.684, ""dist_norm"": 0.365, ""dt_norm"": 0.287, ""text_sim"": 0.477, ""same_cat"": 1.0, ""same_ward"": 1.0, ""coarse"": 0.0, ""has_news"": 0.0}"
GRV-OVL-00165,PWD-INC-OVL0194,grievance,pwd,0.9690174980595401,linked,"{""dist_m"": 137.925, ""dt_h"": 12.348, ""dist_norm"": 0.406, ""dt_norm"": 0.172, ""text_sim"": 0.5, ""same_cat"": 1.0, ""same_ward"": 1.0, ""coarse"": 0.0, ""has_news"": 0.0}"
GRV-OVL-00166,PWD-INC-OVL0194,grievance,pwd,0.9722013726747134,linked,"{""dist_m"": 92.601, ""dt_h"": 14.649, ""dist_norm"": 0.272, ""dt_norm"": 0.203, ""text_sim"": 0.479, ""same_cat"": 1.0, ""same_ward"": 1.0, ""coarse"": 0.0, ""has_news"": 0.0}"
GRV-OVL-00177,PWD-INC-OVL0196,grievance,pwd,0.8569416186389228,linked,"{""dist_m"": 219.297, ""dt_h"": 2.428, ""dist_norm"": 0.645, ""dt_norm"": 0.034, ""text_sim"": 0.466, ""same_cat"": 1.0, ""same_ward"": 0.0, ""coarse"": 0.0, ""has_news"": 0.0}"
GRV-OVL-00178,PWD-INC-OVL0196,grievance,pwd,0.7445522032089301,linked,"{""dist_m"": 169.242, ""dt_h"": 18.527, ""dist_norm"": 0.498, ""dt_norm"": 0.257, ""text_sim"": 0.44, ""same_cat"": 1.0, ""same_ward"": 0.0, ""coarse"": 0.0, ""has_news"": 0.0}"
GRV-OVL-00179,PWD-INC-OVL0196,grievance,pwd,0.891067620339607,linked,"{""dist_m"": 114.535, ""dt_h"": 10.8, ""dist_norm"": 0.337, ""dt_norm"": 0.15, ""text_sim"": 0.466, ""same_cat"": 1.0, ""same_ward"": 0.0, ""coarse"": 0.0, ""has_news"": 0.0}"
GRV-OVL-00180,PWD-INC-OVL0196,grievance,pwd,0.8624583759417468,linked,"{""dist_m"": 200.489, ""dt_h"": 2.208, ""dist_norm"": 0.59, ""dt_norm"": 0.031, ""text_sim"": 0.442, ""same_cat"": 1.0, ""same_ward"": 0.0, ""coarse"": 0.0, ""has_news"": 0.0}"
GRV-OVL-00188,PWD-INC-OVL0198,grievance,pwd,0.9671583597860753,linked,"{""dist_m"": 175.677, ""dt_h"": 12.646, ""dist_norm"": 0.517, ""dt_norm"": 0.176, ""text_sim"": 0.552, ""same_cat"": 1.0, ""same_ward"": 1.0, ""coarse"": 0.0, ""has_news"": 0.0}"
GRV-OVL-00189,PWD-INC-OVL0198,grievance,pwd,0.9461904624157433,linked,"{""dist_m"": 239.377, ""dt_h"": 15.273, ""dist_norm"": 0.704, ""dt_norm"": 0.212, ""text_sim"": 0.582, ""same_cat"": 1.0, ""same_ward"": 1.0, ""coarse"": 0.0, ""has_news"": 0.0}"
GRV-OVL-00190,PWD-INC-OVL0198,grievance,pwd,0.9884519777525789,linked,"{""dist_m"": 101.666, ""dt_h"": 7.083, ""dist_norm"": 0.299, ""dt_norm"": 0.098, ""text_sim"": 0.582, ""same_cat"": 1.0, ""same_ward"": 1.0, ""coarse"": 0.0, ""has_news"": 0.0}"
GRV-OVL-00196,PWD-INC-OVL0200,grievance,pwd,0.9781781649077209,linked,"{""dist_m"": 39.756, ""dt_h"": 1.625, ""dist_norm"": 0.117, ""dt_norm"": 0.023, ""text_sim"": 0.281, ""same_cat"": 1.0, ""same_ward"": 1.0, ""coarse"": 0.0, ""has_news"": 0.0}"
GRV-OVL-00197,PWD-INC-OVL0200,grievance,pwd,0.9532429882747747,linked,"{""dist_m"": 72.998, ""dt_h"": 8.237, ""dist_norm"": 0.215, ""dt_norm"": 0.114, ""text_sim"": 0.256, ""same_cat"": 1.0, ""same_ward"": 1.0, ""coarse"": 0.0, ""has_news"": 0.0}"
GRV-OVL-00198,PWD-INC-OVL0200,grievance,pwd,0.9241222092158126,linked,"{""dist_m"": 156.123, ""dt_h"": 6.444, ""dist_norm"": 0.459, ""dt_norm"": 0.089, ""text_sim"": 0.262, ""same_cat"": 1.0, ""same_ward"": 1.0, ""coarse"": 0.0, ""has_news"": 0.0}"
GRV-OVL-00206,PWD-INC-OVL0202,grievance,pwd,0.8329096949887146,linked,"{""dist_m"": 129.912, ""dt_h"": 8.397, ""dist_norm"": 0.382, ""dt_norm"": 0.117, ""text_sim"": 0.359, ""same_cat"": 1.0, ""same_ward"": 0.0, ""coarse"": 0.0, ""has_news"": 0.0}"
GRV-OVL-00207,PWD-INC-OVL0202,grievance,pwd,0.7542831938908462,linked,"{""dist_m"": 217.205, ""dt_h"": 11.488, ""dist_norm"": 0.639, ""dt_norm"": 0.16, ""text_sim"": 0.439, ""same_cat"": 1.0, ""same_ward"": 0.0, ""coarse"": 0.0, ""has_news"": 0.0}"
GRV-OVL-00208,PWD-INC-OVL0202,grievance,pwd,0.7747185247243571,linked,"{""dist_m"": 204.402, ""dt_h"": 11.484, ""dist_norm"": 0.601, ""dt_norm"": 0.16, ""text_sim"": 0.442, ""same_cat"": 1.0, ""same_ward"": 0.0, ""coarse"": 0.0, ""has_news"": 0.0}"
GRV-OVL-00209,PWD-INC-OVL0202,grievance,pwd,0.81638809062284,linked,"{""dist_m"": 165.792, ""dt_h"": 12.245, ""dist_norm"": 0.488, ""dt_norm"": 0.17, ""text_sim"": 0.442, ""same_cat"": 1.0, ""same_ward"": 0.0, ""coarse"": 0.0, ""has_news"": 0.0}"
GRV-OVL-00217,PWD-INC-OVL0204,grievance,pwd,0.8846608113452905,linked,"{""dist_m"": 118.124, ""dt_h"": 30.134, ""dist_norm"": 0.347, ""dt_norm"": 0.419, ""text_sim"": 0.403, ""same_cat"": 1.0, ""same_ward"": 1.0, ""coarse"": 0.0, ""has_news"": 0.0}"
GRV-OVL-00218,PWD-INC-OVL0204,grievance,pwd,0.9512222438996929,linked,"{""dist_m"": 152.828, ""dt_h"": 8.591, ""dist_norm"": 0.449, ""dt_norm"": 0.119, ""text_sim"": 0.38, ""same_cat"": 1.0, ""same_ward"": 1.0, ""coarse"": 0.0, ""has_news"": 0.0}"
GRV-OVL-00219,PWD-INC-OVL0204,grievance,pwd,0.9654481949707948,linked,"{""dist_m"": 79.802, ""dt_h"": 13.907, ""dist_norm"": 0.235, ""dt_norm"": 0.193, ""text_sim"": 0.403, ""same_cat"": 1.0, ""same_ward"": 1.0, ""coarse"": 0.0, ""has_news"": 0.0}"
GRV-OVL-00220,PWD-INC-OVL0204,grievance,pwd,0.958423380042608,linked,"{""dist_m"": 140.738, ""dt_h"": 9.22, ""dist_norm"": 0.414, ""dt_norm"": 0.128, ""text_sim"": 0.403, ""same_cat"": 1.0, ""same_ward"": 1.0, ""coarse"": 0.0, ""has_news"": 0.0}"
GRV-OVL-00227,PWD-INC-OVL0206,grievance,pwd,0.9578461850223482,linked,"{""dist_m"": 64.459, ""dt_h"": 10.839, ""dist_norm"": 0.19, ""dt_norm"": 0.151, ""text_sim"": 0.297, ""same_cat"": 1.0, ""same_ward"": 1.0, ""coarse"": 0.0, ""has_news"": 0.0}"
GRV-OVL-00228,PWD-INC-OVL0206,grievance,pwd,0.8830478644053407,linked,"{""dist_m"": 233.25, ""dt_h"": 8.786, ""dist_norm"": 0.686, ""dt_norm"": 0.122, ""text_sim"": 0.318, ""same_cat"": 1.0, ""same_ward"": 1.0, ""coarse"": 0.0, ""has_news"": 0.0}"
GRV-OVL-00240,PWD-INC-OVL0208,grievance,pwd,0.9826203675442841,linked,"{""dist_m"": 78.554, ""dt_h"": 9.669, ""dist_norm"": 0.231, ""dt_norm"": 0.134, ""text_sim"": 0.492, ""same_cat"": 1.0, ""same_ward"": 1.0, ""coarse"": 0.0, ""has_news"": 0.0}"
GRV-OVL-00241,PWD-INC-OVL0208,grievance,pwd,0.984461945823652,linked,"{""dist_m"": 52.971, ""dt_h"": 10.796, ""dist_norm"": 0.156, ""dt_norm"": 0.15, ""text_sim"": 0.488, ""same_cat"": 1.0, ""same_ward"": 1.0, ""coarse"": 0.0, ""has_news"": 0.0}"
GRV-OVL-00242,PWD-INC-OVL0208,grievance,pwd,0.9805823311217575,linked,"{""dist_m"": 83.196, ""dt_h"": 12.966, ""dist_norm"": 0.245, ""dt_norm"": 0.18, ""text_sim"": 0.518, ""same_cat"": 1.0, ""same_ward"": 1.0, ""coarse"": 0.0, ""has_news"": 0.0}"
GRV-OVL-00243,PWD-INC-OVL0208,grievance,pwd,0.9763062563468476,linked,"{""dist_m"": 89.548, ""dt_h"": 5.892, ""dist_norm"": 0.263, ""dt_norm"": 0.082, ""text_sim"": 0.398, ""same_cat"": 1.0, ""same_ward"": 1.0, ""coarse"": 0.0, ""has_news"": 0.0}"
GRV-OVL-00251,PWD-INC-OVL0210,grievance,pwd,0.9619149440359299,linked,"{""dist_m"": 173.765, ""dt_h"": 15.204, ""dist_norm"": 0.511, ""dt_norm"": 0.211, ""text_sim"": 0.55, ""same_cat"": 1.0, ""same_ward"": 1.0, ""coarse"": 0.0, ""has_news"": 0.0}"
GRV-OVL-00252,PWD-INC-OVL0210,grievance,pwd,0.9805181983941096,linked,"{""dist_m"": 97.763, ""dt_h"": 13.906, ""dist_norm"": 0.288, ""dt_norm"": 0.193, ""text_sim"": 0.552, ""same_cat"": 1.0, ""same_ward"": 1.0, ""coarse"": 0.0, ""has_news"": 0.0}"
GRV-OVL-00253,PWD-INC-OVL0210,grievance,pwd,0.9768766993000156,linked,"{""dist_m"": 120.52, ""dt_h"": 3.229, ""dist_norm"": 0.354, ""dt_norm"": 0.045, ""text_sim"": 0.419, ""same_cat"": 1.0, ""same_ward"": 1.0, ""coarse"": 0.0, ""has_news"": 0.0}"
GRV-OVL-00254,PWD-INC-OVL0210,grievance,pwd,0.9792721032743568,linked,"{""dist_m"": 141.564, ""dt_h"": 11.532, ""dist_norm"": 0.416, ""dt_norm"": 0.16, ""text_sim"": 0.58, ""same_cat"": 1.0, ""same_ward"": 1.0, ""coarse"": 0.0, ""has_news"": 0.0}"
GRV-OVL-00259,PWD-INC-OVL0212,grievance,pwd,0.9525697906095014,linked,"{""dist_m"": 55.287, ""dt_h"": 9.607, ""dist_norm"": 0.163, ""dt_norm"": 0.133, ""text_sim"": 0.54, ""same_cat"": 1.0, ""same_ward"": 0.0, ""coarse"": 0.0, ""has_news"": 0.0}"
GRV-OVL-00260,PWD-INC-OVL0212,grievance,pwd,0.908845690892642,linked,"{""dist_m"": 120.504, ""dt_h"": 6.228, ""dist_norm"": 0.354, ""dt_norm"": 0.087, ""text_sim"": 0.459, ""same_cat"": 1.0, ""same_ward"": 0.0, ""coarse"": 0.0, ""has_news"": 0.0}"
GRV-OVL-00261,PWD-INC-OVL0212,grievance,pwd,0.913695574388896,linked,"{""dist_m"": 97.448, ""dt_h"": 8.211, ""dist_norm"": 0.287, ""dt_norm"": 0.114, ""text_sim"": 0.459, ""same_cat"": 1.0, ""same_ward"": 0.0, ""coarse"": 0.0, ""has_news"": 0.0}"
GRV-OVL-00262,PWD-INC-OVL0212,grievance,pwd,0.9201055123027949,linked,"{""dist_m"": 151.202, ""dt_h"": 9.123, ""dist_norm"": 0.445, ""dt_norm"": 0.127, ""text_sim"": 0.574, ""same_cat"": 1.0, ""same_ward"": 0.0, ""coarse"": 0.0, ""has_news"": 0.0}"
GRV-OVL-00271,PWD-INC-OVL0214,grievance,pwd,0.7553613520028502,linked,"{""dist_m"": 222.092, ""dt_h"": 5.096, ""dist_norm"": 0.653, ""dt_norm"": 0.071, ""text_sim"": 0.368, ""same_cat"": 1.0, ""same_ward"": 0.0, ""coarse"": 0.0, ""has_news"": 0.0}"
GRV-OVL-00272,PWD-INC-OVL0214,grievance,pwd,0.893645896764949,linked,"{""dist_m"": 121.223, ""dt_h"": 1.684, ""dist_norm"": 0.357, ""dt_norm"": 0.023, ""text_sim"": 0.368, ""same_cat"": 1.0, ""same_ward"": 0.0, ""coarse"": 0.0, ""has_news"": 0.0}"
GRV-OVL-00280,PWD-INC-OVL0216,grievance,pwd,0.9532444407045287,linked,"{""dist_m"": 147.027, ""dt_h"": 2.287, ""dist_norm"": 0.432, ""dt_norm"": 0.032, ""text_sim"": 0.301, ""same_cat"": 1.0, ""same_ward"": 1.0, ""coarse"": 0.0, ""has_news"": 0.0}"
GRV-OVL-00281,PWD-INC-OVL0216,grievance,pwd,0.9006442653973158,linked,"{""dist_m"": 171.663, ""dt_h"": 12.383, ""dist_norm"": 0.505, ""dt_norm"": 0.172, ""text_sim"": 0.301, ""same_cat"": 1.0, ""same_ward"": 1.0, ""coarse"": 0.0, ""has_news"": 0.0}"
GRV-OVL-00292,PWD-INC-OVL0218,grievance,pwd,0.9398275574166253,linked,"{""dist_m"": 170.718, ""dt_h"": 16.318, ""dist_norm"": 0.502, ""dt_norm"": 0.227, ""text_sim"": 0.46, ""same_cat"": 1.0, ""same_ward"": 1.0, ""coarse"": 0.0, ""has_news"": 0.0}"
GRV-OVL-00293,PWD-INC-OVL0218,grievance,pwd,0.9452231600035107,linked,"{""dist_m"": 145.747, ""dt_h"": 19.724, ""dist_norm"": 0.429, ""dt_norm"": 0.274, ""text_sim"": 0.483, ""same_cat"": 1.0, ""same_ward"": 1.0, ""coarse"": 0.0, ""has_news"": 0.0}"
GRV-OVL-00294,PWD-INC-OVL0218,grievance,pwd,0.9631456232973046,linked,"{""dist_m"": 103.581, ""dt_h"": 8.034, ""dist_norm"": 0.305, ""dt_norm"": 0.112, ""text_sim"": 0.354, ""same_cat"": 1.0, ""same_ward"": 1.0, ""coarse"": 0.0, ""has_news"": 0.0}"
GRV-OVL-00295,PWD-INC-OVL0218,grievance,pwd,0.9773958709218207,linked,"{""dist_m"": 73.126, ""dt_h"": 11.544, ""dist_norm"": 0.215, ""dt_norm"": 0.16, ""text_sim"": 0.452, ""same_cat"": 1.0, ""same_ward"": 1.0, ""coarse"": 0.0, ""has_news"": 0.0}"
GRV-OVL-00304,PWD-INC-OVL0220,grievance,pwd,0.8943281431226388,linked,"{""dist_m"": 205.535, ""dt_h"": 5.561, ""dist_norm"": 0.605, ""dt_norm"": 0.077, ""text_sim"": 0.256, ""same_cat"": 1.0, ""same_ward"": 1.0, ""coarse"": 0.0, ""has_news"": 0.0}"
GRV-OVL-00305,PWD-INC-OVL0220,grievance,pwd,0.8059350635098219,linked,"{""dist_m"": 132.931, ""dt_h"": 26.947, ""dist_norm"": 0.391, ""dt_norm"": 0.374, ""text_sim"": 0.261, ""same_cat"": 1.0, ""same_ward"": 1.0, ""coarse"": 0.0, ""has_news"": 0.0}"
GRV-OVL-00324,PWD-INC-OVL0222,grievance,pwd,0.847870178981389,linked,"{""dist_m"": 97.392, ""dt_h"": 16.166, ""dist_norm"": 0.286, ""dt_norm"": 0.225, ""text_sim"": 0.427, ""same_cat"": 1.0, ""same_ward"": 0.0, ""coarse"": 0.0, ""has_news"": 0.0}"
GRV-OVL-00330,PWD-INC-OVL0223,grievance,pwd,0.9716047518920023,linked,"{""dist_m"": 259.854, ""dt_h"": 0.447, ""dist_norm"": 0.764, ""dt_norm"": 0.006, ""text_sim"": 0.566, ""same_cat"": 1.0, ""same_ward"": 1.0, ""coarse"": 0.0, ""has_news"": 0.0}"
GRV-OVL-00331,PWD-INC-OVL0223,grievance,pwd,0.9877670187351703,linked,"{""dist_m"": 152.59, ""dt_h"": 2.514, ""dist_norm"": 0.449, ""dt_norm"": 0.035, ""text_sim"": 0.595, ""same_cat"": 1.0, ""same_ward"": 1.0, ""coarse"": 0.0, ""has_news"": 0.0}"
GRV-OVL-00341,PWD-INC-OVL0224,grievance,pwd,0.7206675604170723,linked,"{""dist_m"": 470.527, ""dt_h"": 7.709, ""dist_norm"": 0.735, ""dt_norm"": 0.107, ""text_sim"": 0.409, ""same_cat"": 1.0, ""same_ward"": 0.0, ""coarse"": 0.0, ""has_news"": 0.0}"
GRV-OVL-00342,PWD-INC-OVL0224,grievance,pwd,0.929318662146353,linked,"{""dist_m"": 296.37, ""dt_h"": 0.593, ""dist_norm"": 0.463, ""dt_norm"": 0.008, ""text_sim"": 0.505, ""same_cat"": 1.0, ""same_ward"": 0.0, ""coarse"": 0.0, ""has_news"": 0.0}"
GRV-OVL-00350,PWD-INC-OVL0225,grievance,pwd,0.9364016617075895,linked,"{""dist_m"": 368.604, ""dt_h"": 4.666, ""dist_norm"": 0.576, ""dt_norm"": 0.065, ""text_sim"": 0.343, ""same_cat"": 1.0, ""same_ward"": 1.0, ""coarse"": 0.0, ""has_news"": 0.0}"
GRV-OVL-00357,PWD-INC-OVL0227,grievance,pwd,0.9811450113877234,linked,"{""dist_m"": 59.181, ""dt_h"": 12.382, ""dist_norm"": 0.174, ""dt_norm"": 0.172, ""text_sim"": 0.478, ""same_cat"": 1.0, ""same_ward"": 1.0, ""coarse"": 0.0, ""has_news"": 0.0}"
GRV-OVL-00358,PWD-INC-OVL0227,grievance,pwd,0.9913696178468484,linked,"{""dist_m"": 90.655, ""dt_h"": 2.615, ""dist_norm"": 0.267, ""dt_norm"": 0.036, ""text_sim"": 0.569, ""same_cat"": 1.0, ""same_ward"": 1.0, ""coarse"": 0.0, ""has_news"": 0.0}"
GRV-OVL-00360,PWD-INC-OVL0228,grievance,pwd,0.8489147490083244,linked,"{""dist_m"": 196.916, ""dt_h"": 20.986, ""dist_norm"": 0.579, ""dt_norm"": 0.291, ""text_sim"": 0.351, ""same_cat"": 1.0, ""same_ward"": 1.0, ""coarse"": 0.0, ""has_news"": 0.0}"
GRV-OVL-00392,PWD-INC-OVL0230,grievance,pwd,0.8701131516805666,linked,"{""dist_m"": 324.588, ""dt_h"": 2.033, ""dist_norm"": 0.955, ""dt_norm"": 0.028, ""text_sim"": 0.356, ""same_cat"": 1.0, ""same_ward"": 1.0, ""coarse"": 0.0, ""has_news"": 0.0}"
GRV-OVL-00411,PWD-INC-OVL0237,grievance,pwd,0.8641377827767,linked,"{""dist_m"": 288.107, ""dt_h"": 12.956, ""dist_norm"": 0.45, ""dt_norm"": 0.18, ""text_sim"": 0.206, ""same_cat"": 1.0, ""same_ward"": 1.0, ""coarse"": 0.0, ""has_news"": 0.0}"
GRV-OVL-00412,PWD-INC-OVL0237,grievance,pwd,0.8371090792515952,linked,"{""dist_m"": 345.505, ""dt_h"": 8.745, ""dist_norm"": 0.54, ""dt_norm"": 0.121, ""text_sim"": 0.158, ""same_cat"": 1.0, ""same_ward"": 1.0, ""coarse"": 0.0, ""has_news"": 0.0}"
POL-20260728-0036,NEWS-20260924-be1d77f05e9c44ff,police,news,0.6193576854533517,review,"{""dist_m"": 1469.709, ""dt_h"": 5.006, ""dist_norm"": 0.582, ""dt_norm"": 0.093, ""text_sim"": 0.11, ""same_cat"": 1.0, ""same_ward"": 1.0, ""coarse"": 1.0, ""has_news"": 1.0}"
POL-20260731-0029,NEWS-20260924-1439e96829644e3f,police,news,0.47520571863657707,review,"{""dist_m"": 154.181, ""dt_h"": 3.646, ""dist_norm"": 0.061, ""dt_norm"": 0.068, ""text_sim"": 0.116, ""same_cat"": 0.0, ""same_ward"": 1.0, ""coarse"": 1.0, ""has_news"": 1.0}"
POL-20260816-0043,NEWS-20260924-38ea938eac9647ea,police,news,0.4531200195606364,review,"{""dist_m"": 1996.512, ""dt_h"": 1.182, ""dist_norm"": 0.496, ""dt_norm"": 0.016, ""text_sim"": 0.153, ""same_cat"": 1.0, ""same_ward"": 0.0, ""coarse"": 1.0, ""has_news"": 1.0}"
POL-20260830-0066,NEWS-20260924-5ece68e34e1b4f72,police,news,0.5757308917060914,review,"{""dist_m"": 62.832, ""dt_h"": 6.502, ""dist_norm"": 0.049, ""dt_norm"": 0.12, ""text_sim"": 0.241, ""same_cat"": 0.0, ""same_ward"": 1.0, ""coarse"": 1.0, ""has_news"": 1.0}"
POL-20260830-0020,NEWS-20260924-95f945d68c09418f,police,news,0.6638988845374756,review,"{""dist_m"": 102.116, ""dt_h"": 5.062, ""dist_norm"": 0.08, ""dt_norm"": 0.094, ""text_sim"": 0.31, ""same_cat"": 0.0, ""same_ward"": 1.0, ""coarse"": 1.0, ""has_news"": 1.0}"
POL-20260830-0020,NEWS-20260924-5ece68e34e1b4f72,police,news,0.6775125049343116,review,"{""dist_m"": 102.116, ""dt_h"": 5.062, ""dist_norm"": 0.08, ""dt_norm"": 0.094, ""text_sim"": 0.323, ""same_cat"": 0.0, ""same_ward"": 1.0, ""coarse"": 1.0, ""has_news"": 1.0}"
POL-20260918-0060,NEWS-20260924-c8602f678d664785,police,news,0.5225368784746374,review,"{""dist_m"": 255.54, ""dt_h"": 1.928, ""dist_norm"": 0.101, ""dt_norm"": 0.036, ""text_sim"": 0.012, ""same_cat"": 1.0, ""same_ward"": 0.0, ""coarse"": 1.0, ""has_news"": 1.0}"
POL-20260925-0044,NEWS-20260927-791bdeb93b404bc7,police,news,0.6297114784716104,review,"{""dist_m"": 1143.149, ""dt_h"": 3.534, ""dist_norm"": 0.453, ""dt_norm"": 0.065, ""text_sim"": 0.023, ""same_cat"": 1.0, ""same_ward"": 1.0, ""coarse"": 1.0, ""has_news"": 1.0}"
GRV-2026-163XFC,NEWS-20260924-b76f942e83004446,grievance,news,0.6526359211434252,review,"{""dist_m"": 254.539, ""dt_h"": 26.9, ""dist_norm"": 0.239, ""dt_norm"": 0.224, ""text_sim"": 0.07, ""same_cat"": 1.0, ""same_ward"": 1.0, ""coarse"": 1.0, ""has_news"": 1.0}"
GRV-2026-202CQG,NEWS-20260924-324208c2d53049be,grievance,news,0.5219159617915028,review,"{""dist_m"": 1434.502, ""dt_h"": 17.183, ""dist_norm"": 0.62, ""dt_norm"": 0.143, ""text_sim"": 0.094, ""same_cat"": 1.0, ""same_ward"": 1.0, ""coarse"": 1.0, ""has_news"": 1.0}"
GRV-2026-087JEN,NEWS-20260924-324208c2d53049be,grievance,news,0.6911847207467346,review,"{""dist_m"": 931.517, ""dt_h"": 14.383, ""dist_norm"": 0.402, ""dt_norm"": 0.12, ""text_sim"": 0.101, ""same_cat"": 1.0, ""same_ward"": 1.0, ""coarse"": 1.0, ""has_news"": 1.0}"
NEWS-20260924-5aa497060aeb499b,GRV-OVL-00319,news,grievance,0.5847565952664611,review,"{""dist_m"": 233.952, ""dt_h"": 28.182, ""dist_norm"": 0.22, ""dt_norm"": 0.235, ""text_sim"": 0.01, ""same_cat"": 1.0, ""same_ward"": 1.0, ""coarse"": 1.0, ""has_news"": 1.0}"
NEWS-20260924-cdd12971b89b47ef,GRV-OVL-00316,news,grievance,0.501452265070989,review,"{""dist_m"": 687.176, ""dt_h"": 6.204, ""dist_norm"": 0.645, ""dt_norm"": 0.052, ""text_sim"": 0.009, ""same_cat"": 1.0, ""same_ward"": 1.0, ""coarse"": 1.0, ""has_news"": 1.0}"
NEWS-20260924-cdd12971b89b47ef,GRV-OVL-00317,news,grievance,0.5078971864184527,review,"{""dist_m"": 397.531, ""dt_h"": 25.309, ""dist_norm"": 0.373, ""dt_norm"": 0.211, ""text_sim"": 0.009, ""same_cat"": 1.0, ""same_ward"": 1.0, ""coarse"": 1.0, ""has_news"": 1.0}"
NEWS-20260924-cdd12971b89b47ef,GRV-OVL-00318,news,grievance,0.5302368080036827,review,"{""dist_m"": 639.237, ""dt_h"": 6.334, ""dist_norm"": 0.6, ""dt_norm"": 0.053, ""text_sim"": 0.009, ""same_cat"": 1.0, ""same_ward"": 1.0, ""coarse"": 1.0, ""has_news"": 1.0}"
NEWS-20260924-cdd12971b89b47ef,GRV-OVL-00319,news,grievance,0.6389033224252365,review,"{""dist_m"": 233.952, ""dt_h"": 21.81, ""dist_norm"": 0.22, ""dt_norm"": 0.182, ""text_sim"": 0.009, ""same_cat"": 1.0, ""same_ward"": 1.0, ""coarse"": 1.0, ""has_news"": 1.0}"
NEWS-20260924-685418864e144d90,GRV-OVL-00383,news,grievance,0.6145221600408245,review,"{""dist_m"": 361.744, ""dt_h"": 20.878, ""dist_norm"": 0.34, ""dt_norm"": 0.174, ""text_sim"": 0.046, ""same_cat"": 1.0, ""same_ward"": 1.0, ""coarse"": 1.0, ""has_news"": 1.0}"
NEWS-20260924-685418864e144d90,GRV-OVL-00384,news,grievance,0.5684680116808846,review,"{""dist_m"": 687.255, ""dt_h"": 2.866, ""dist_norm"": 0.645, ""dt_norm"": 0.024, ""text_sim"": 0.039, ""same_cat"": 1.0, ""same_ward"": 1.0, ""coarse"": 1.0, ""has_news"": 1.0}"
NEWS-20260924-70f066da77b049dc,GRV-OVL-00343,news,grievance,0.6115948424395629,review,"{""dist_m"": 478.107, ""dt_h"": 7.312, ""dist_norm"": 0.449, ""dt_norm"": 0.061, ""text_sim"": 0.001, ""same_cat"": 1.0, ""same_ward"": 1.0, ""coarse"": 1.0, ""has_news"": 1.0}"
NEWS-20260924-70f066da77b049dc,GRV-OVL-00345,news,grievance,0.5490811482069973,review,"{""dist_m"": 459.396, ""dt_h"": 17.607, ""dist_norm"": 0.431, ""dt_norm"": 0.147, ""text_sim"": 0.017, ""same_cat"": 1.0, ""same_ward"": 1.0, ""coarse"": 1.0, ""has_news"": 1.0}"
NEWS-20260924-3a292b0ea6584cd3,GRV-OVL-00386,news,grievance,0.5173227822785017,review,"{""dist_m"": 516.107, ""dt_h"": 15.103, ""dist_norm"": 0.485, ""dt_norm"": 0.126, ""text_sim"": 0.001, ""same_cat"": 1.0, ""same_ward"": 1.0, ""coarse"": 1.0, ""has_news"": 1.0}"
NEWS-20260924-3a292b0ea6584cd3,GRV-OVL-00387,news,grievance,0.5929122915624545,review,"{""dist_m"": 535.89, ""dt_h"": 7.5, ""dist_norm"": 0.503, ""dt_norm"": 0.062, ""text_sim"": 0.017, ""same_cat"": 1.0, ""same_ward"": 1.0, ""coarse"": 1.0, ""has_news"": 1.0}"
NEWS-20260927-bef5969f3ab04ca1,GRV-OVL-00334,news,grievance,0.5219556967700915,review,"{""dist_m"": 595.364, ""dt_h"": 16.442, ""dist_norm"": 0.559, ""dt_norm"": 0.137, ""text_sim"": 0.055, ""same_cat"": 1.0, ""same_ward"": 1.0, ""coarse"": 1.0, ""has_news"": 1.0}"
NEWS-20260927-bef5969f3ab04ca1,GRV-OVL-00335,news,grievance,0.6523499683847018,review,"{""dist_m"": 528.733, ""dt_h"": 8.449, ""dist_norm"": 0.496, ""dt_norm"": 0.07, ""text_sim"": 0.072, ""same_cat"": 1.0, ""same_ward"": 1.0, ""coarse"": 1.0, ""has_news"": 1.0}"
NEWS-20260927-bef5969f3ab04ca1,GRV-OVL-00336,news,grievance,0.5899494797586463,review,"{""dist_m"": 529.815, ""dt_h"": 16.088, ""dist_norm"": 0.497, ""dt_norm"": 0.134, ""text_sim"": 0.075, ""same_cat"": 1.0, ""same_ward"": 1.0, ""coarse"": 1.0, ""has_news"": 1.0}"
GRV-2026-413BPZ,HSP-government-royapettah-hospital-OVL001,grievance,hospital,0.674308307159734,review,"{""dist_m"": 368.812, ""dt_h"": 120.95, ""dist_norm"": 0.239, ""dt_norm"": 0.36, ""text_sim"": 0.023, ""same_cat"": 1.0, ""same_ward"": 1.0, ""coarse"": 0.0, ""has_news"": 0.0}"
GRV-2026-564RJS,HSP-government-peripheral-hospital-anna-naga-20260827,grievance,hospital,0.5927794124220597,review,"{""dist_m"": 241.32, ""dt_h"": 52.3, ""dist_norm"": 0.157, ""dt_norm"": 0.156, ""text_sim"": 0.019, ""same_cat"": 1.0, ""same_ward"": 0.0, ""coarse"": 0.0, ""has_news"": 0.0}"
GRV-2026-564RJS,HSP-government-peripheral-hospital-anna-naga-20260828,grievance,hospital,0.5156992709875421,review,"{""dist_m"": 241.32, ""dt_h"": 76.3, ""dist_norm"": 0.157, ""dt_norm"": 0.227, ""text_sim"": 0.019, ""same_cat"": 1.0, ""same_ward"": 0.0, ""coarse"": 0.0, ""has_news"": 0.0}"
GRV-2026-329SBQ,HSP-stanley-medical-college-and-hospital-20260826,grievance,hospital,0.4977899855314097,review,"{""dist_m"": 535.264, ""dt_h"": 2.733, ""dist_norm"": 0.262, ""dt_norm"": 0.008, ""text_sim"": 0.002, ""same_cat"": 0.0, ""same_ward"": 1.0, ""coarse"": 0.0, ""has_news"": 0.0}"
GRV-2026-919ERH,HSP-rajiv-gandhi-government-general-hospital-20260824,grievance,hospital,0.4970889396786381,review,"{""dist_m"": 804.254, ""dt_h"": 128.05, ""dist_norm"": 0.522, ""dt_norm"": 0.381, ""text_sim"": 0.045, ""same_cat"": 1.0, ""same_ward"": 1.0, ""coarse"": 0.0, ""has_news"": 0.0}"
GRV-2026-919ERH,HSP-rajiv-gandhi-government-general-hospital-20260825,grievance,hospital,0.5677944578039211,review,"{""dist_m"": 804.254, ""dt_h"": 104.05, ""dist_norm"": 0.522, ""dt_norm"": 0.31, ""text_sim"": 0.039, ""same_cat"": 1.0, ""same_ward"": 1.0, ""coarse"": 0.0, ""has_news"": 0.0}"
GRV-2026-868MOZ,HSP-institute-of-child-health-and-hospital-20260920,grievance,hospital,0.6379092600131324,review,"{""dist_m"": 237.52, ""dt_h"": 5.617, ""dist_norm"": 0.116, ""dt_norm"": 0.017, ""text_sim"": 0.048, ""same_cat"": 0.0, ""same_ward"": 1.0, ""coarse"": 0.0, ""has_news"": 0.0}"
GRV-2026-868MOZ,HSP-institute-of-child-health-and-hospital-20260922,grievance,hospital,0.46133385764125223,review,"{""dist_m"": 237.52, ""dt_h"": 53.617, ""dist_norm"": 0.116, ""dt_norm"": 0.16, ""text_sim"": 0.029, ""same_cat"": 0.0, ""same_ward"": 1.0, ""coarse"": 0.0, ""has_news"": 0.0}"
GRV-2026-674CLL,NEWS-20261004-85f00e79b46b428e,grievance,news,0.5884303393893081,review,"{""dist_m"": 1083.223, ""dt_h"": 15.133, ""dist_norm"": 0.431, ""dt_norm"": 0.126, ""text_sim"": 0.03, ""same_cat"": 1.0, ""same_ward"": 1.0, ""coarse"": 1.0, ""has_news"": 1.0}"
HSP-institute-of-child-health-and-hospital-20260601,GRV-OVL-00266,hospital,grievance,0.48283566866011524,review,"{""dist_m"": 850.453, ""dt_h"": 140.211, ""dist_norm"": 0.552, ""dt_norm"": 0.417, ""text_sim"": 0.082, ""same_cat"": 1.0, ""same_ward"": 1.0, ""coarse"": 0.0, ""has_news"": 0.0}"
HSP-institute-of-child-health-and-hospital-20260601,GRV-OVL-00267,hospital,grievance,0.6810944380182962,review,"{""dist_m"": 851.83, ""dt_h"": 59.393, ""dist_norm"": 0.553, ""dt_norm"": 0.177, ""text_sim"": 0.036, ""same_cat"": 1.0, ""same_ward"": 1.0, ""coarse"": 0.0, ""has_news"": 0.0}"
HSP-stanley-medical-college-and-hospital-20260826,GRV-OVL-00300,hospital,grievance,0.47240422508182023,review,"{""dist_m"": 506.445, ""dt_h"": 170.954, ""dist_norm"": 0.329, ""dt_norm"": 0.509, ""text_sim"": 0.034, ""same_cat"": 1.0, ""same_ward"": 1.0, ""coarse"": 0.0, ""has_news"": 0.0}"
HSP-stanley-medical-college-and-hospital-20260829,GRV-OVL-00296,hospital,grievance,0.5454804713603736,review,"{""dist_m"": 118.877, ""dt_h"": 215.443, ""dist_norm"": 0.077, ""dt_norm"": 0.641, ""text_sim"": 0.076, ""same_cat"": 1.0, ""same_ward"": 1.0, ""coarse"": 0.0, ""has_news"": 0.0}"
HSP-stanley-medical-college-and-hospital-20260829,GRV-OVL-00300,hospital,grievance,0.6968879919911075,review,"{""dist_m"": 506.445, ""dt_h"": 98.954, ""dist_norm"": 0.329, ""dt_norm"": 0.295, ""text_sim"": 0.034, ""same_cat"": 1.0, ""same_ward"": 1.0, ""coarse"": 0.0, ""has_news"": 0.0}"
NEWS-20260927-4c12c27cf10e487c,GRV-OVL-00274,news,grievance,0.47436425563617013,review,"{""dist_m"": 350.786, ""dt_h"": 152.759, ""dist_norm"": 0.1, ""dt_norm"": 0.398, ""text_sim"": 0.0, ""same_cat"": 1.0, ""same_ward"": 1.0, ""coarse"": 1.0, ""has_news"": 1.0}"
GRV-OVL-00171,HSP-government-royapettah-hospital-OVL001,grievance,hospital,0.48628635432241624,review,"{""dist_m"": 486.36, ""dt_h"": 170.448, ""dist_norm"": 0.316, ""dt_norm"": 0.507, ""text_sim"": 0.037, ""same_cat"": 1.0, ""same_ward"": 1.0, ""coarse"": 0.0, ""has_news"": 0.0}"
GRV-OVL-00172,HSP-government-royapettah-hospital-OVL001,grievance,hospital,0.6320237445024539,review,"{""dist_m"": 771.793, ""dt_h"": 138.966, ""dist_norm"": 0.501, ""dt_norm"": 0.414, ""text_sim"": 0.176, ""same_cat"": 1.0, ""same_ward"": 1.0, ""coarse"": 0.0, ""has_news"": 0.0}"
GRV-OVL-00200,HSP-government-royapettah-hospital-OVL004,grievance,hospital,0.6366084730933532,review,"{""dist_m"": 392.753, ""dt_h"": 12.257, ""dist_norm"": 0.255, ""dt_norm"": 0.036, ""text_sim"": 0.003, ""same_cat"": 1.0, ""same_ward"": 0.0, ""coarse"": 0.0, ""has_news"": 0.0}"
GRV-OVL-00212,HSP-government-peripheral-hospital-anna-naga-OVL005,grievance,hospital,0.682622306734096,review,"{""dist_m"": 1160.035, ""dt_h"": 19.778, ""dist_norm"": 0.753, ""dt_norm"": 0.059, ""text_sim"": 0.04, ""same_cat"": 1.0, ""same_ward"": 1.0, ""coarse"": 0.0, ""has_news"": 0.0}"
GRV-OVL-00213,HSP-government-peripheral-hospital-anna-naga-OVL005,grievance,hospital,0.6807926744962866,review,"{""dist_m"": 554.314, ""dt_h"": 100.833, ""dist_norm"": 0.36, ""dt_norm"": 0.3, ""text_sim"": 0.041, ""same_cat"": 1.0, ""same_ward"": 1.0, ""coarse"": 0.0, ""has_news"": 0.0}"
GRV-OVL-00231,HSP-government-peripheral-hospital-anna-naga-OVL007,grievance,hospital,0.6971829587740134,review,"{""dist_m"": 957.201, ""dt_h"": 72.457, ""dist_norm"": 0.622, ""dt_norm"": 0.216, ""text_sim"": 0.124, ""same_cat"": 1.0, ""same_ward"": 1.0, ""coarse"": 0.0, ""has_news"": 0.0}"
GRV-OVL-00247,HSP-rajiv-gandhi-government-general-hospital-OVL008,grievance,hospital,0.5378982233119721,review,"{""dist_m"": 392.906, ""dt_h"": 89.983, ""dist_norm"": 0.255, ""dt_norm"": 0.268, ""text_sim"": 0.128, ""same_cat"": 1.0, ""same_ward"": 0.0, ""coarse"": 0.0, ""has_news"": 0.0}"
GRV-OVL-00263,HSP-obstetrics-and-gynecology-hospital-egmor-OVL011,grievance,hospital,0.6141560309796028,review,"{""dist_m"": 818.815, ""dt_h"": 105.657, ""dist_norm"": 0.532, ""dt_norm"": 0.314, ""text_sim"": 0.088, ""same_cat"": 1.0, ""same_ward"": 1.0, ""coarse"": 0.0, ""has_news"": 0.0}"
GRV-OVL-00265,HSP-obstetrics-and-gynecology-hospital-egmor-OVL011,grievance,hospital,0.6477551281350165,review,"{""dist_m"": 973.472, ""dt_h"": 74.067, ""dist_norm"": 0.632, ""dt_norm"": 0.22, ""text_sim"": 0.088, ""same_cat"": 1.0, ""same_ward"": 1.0, ""coarse"": 0.0, ""has_news"": 0.0}"
GRV-OVL-00266,HSP-obstetrics-and-gynecology-hospital-egmor-OVL011,grievance,hospital,0.5809379631400836,review,"{""dist_m"": 1180.55, ""dt_h"": 68.211, ""dist_norm"": 0.767, ""dt_norm"": 0.203, ""text_sim"": 0.088, ""same_cat"": 1.0, ""same_ward"": 1.0, ""coarse"": 0.0, ""has_news"": 0.0}"
HSP-obstetrics-and-gynecology-hospital-egmor-OVL009,GRV-OVL-00285,hospital,grievance,0.6789328217566366,review,"{""dist_m"": 769.588, ""dt_h"": 77.333, ""dist_norm"": 0.5, ""dt_norm"": 0.23, ""text_sim"": 0.053, ""same_cat"": 1.0, ""same_ward"": 1.0, ""coarse"": 0.0, ""has_news"": 0.0}"
GRV-OVL-00274,HSP-institute-of-child-health-and-hospital-OVL010,grievance,hospital,0.5077844421147264,review,"{""dist_m"": 695.863, ""dt_h"": 193.364, ""dist_norm"": 0.452, ""dt_norm"": 0.575, ""text_sim"": 0.191, ""same_cat"": 1.0, ""same_ward"": 1.0, ""coarse"": 0.0, ""has_news"": 0.0}"
GRV-OVL-00285,HSP-obstetrics-and-gynecology-hospital-egmor-OVL011,grievance,hospital,0.6917441228341957,review,"{""dist_m"": 769.588, ""dt_h"": 53.333, ""dist_norm"": 0.5, ""dt_norm"": 0.159, ""text_sim"": 0.0, ""same_cat"": 1.0, ""same_ward"": 1.0, ""coarse"": 0.0, ""has_news"": 0.0}"
GRV-OVL-00299,HSP-stanley-medical-college-and-hospital-OVL012,grievance,hospital,0.6397857222209034,review,"{""dist_m"": 877.552, ""dt_h"": 56.919, ""dist_norm"": 0.57, ""dt_norm"": 0.169, ""text_sim"": 0.0, ""same_cat"": 1.0, ""same_ward"": 1.0, ""coarse"": 0.0, ""has_news"": 0.0}"
GRV-OVL-00300,HSP-stanley-medical-college-and-hospital-OVL012,grievance,hospital,0.6412688214777764,review,"{""dist_m"": 506.445, ""dt_h"": 141.046, ""dist_norm"": 0.329, ""dt_norm"": 0.42, ""text_sim"": 0.096, ""same_cat"": 1.0, ""same_ward"": 1.0, ""coarse"": 0.0, ""has_news"": 0.0}"
GRV-2026-242EHH,POL-20260519-0060,grievance,police,0.4804438773414357,review,"{""dist_m"": 353.341, ""dt_h"": 2.917, ""dist_norm"": 0.803, ""dt_norm"": 0.243, ""text_sim"": 0.061, ""same_cat"": 1.0, ""same_ward"": 1.0, ""coarse"": 0.0, ""has_news"": 0.0}"
GRV-2026-028YHD,POL-20260608-0002,grievance,police,0.5578352685573341,review,"{""dist_m"": 68.646, ""dt_h"": 0.766, ""dist_norm"": 0.202, ""dt_norm"": 0.011, ""text_sim"": 0.021, ""same_cat"": 0.0, ""same_ward"": 1.0, ""coarse"": 0.0, ""has_news"": 0.0}"
GRV-2026-902DQN,POL-20260623-0033,grievance,police,0.5390728462973111,review,"{""dist_m"": 35.708, ""dt_h"": 5.65, ""dist_norm"": 0.105, ""dt_norm"": 0.078, ""text_sim"": 0.013, ""same_cat"": 0.0, ""same_ward"": 1.0, ""coarse"": 0.0, ""has_news"": 0.0}"
GRV-2026-948QAX,POL-20260915-0055,grievance,police,0.4591804468074631,review,"{""dist_m"": 115.506, ""dt_h"": 7.533, ""dist_norm"": 0.263, ""dt_norm"": 0.105, ""text_sim"": 0.057, ""same_cat"": 0.0, ""same_ward"": 1.0, ""coarse"": 0.0, ""has_news"": 0.0}"
GRV-2026-078ZAD,NEWS-20260924-d43196d2e4834445,grievance,news,0.6588066948195973,review,"{""dist_m"": 1146.943, ""dt_h"": 14.146, ""dist_norm"": 0.441, ""dt_norm"": 0.118, ""text_sim"": 0.09, ""same_cat"": 1.0, ""same_ward"": 1.0, ""coarse"": 1.0, ""has_news"": 1.0}"
GRV-2026-004WJZ,NEWS-20260924-d43196d2e4834445,grievance,news,0.5178060238269357,review,"{""dist_m"": 931.795, ""dt_h"": 24.604, ""dist_norm"": 0.421, ""dt_norm"": 0.205, ""text_sim"": 0.037, ""same_cat"": 1.0, ""same_ward"": 1.0, ""coarse"": 1.0, ""has_news"": 1.0}"
GRV-2026-262AIG,POL-20260922-0030,grievance,police,0.6296181096430616,review,"{""dist_m"": 49.617, ""dt_h"": 0.726, ""dist_norm"": 0.146, ""dt_norm"": 0.01, ""text_sim"": 0.051, ""same_cat"": 0.0, ""same_ward"": 1.0, ""coarse"": 0.0, ""has_news"": 0.0}"
POL-20260709-0072,PWD-INC-055222,police,pwd,0.6559149824775301,review,"{""dist_m"": 144.621, ""dt_h"": 12.484, ""dist_norm"": 0.413, ""dt_norm"": 0.173, ""text_sim"": 0.367, ""same_cat"": 0.0, ""same_ward"": 1.0, ""coarse"": 0.0, ""has_news"": 0.0}"
POL-20260712-0028,NEWS-20260924-efac7f581a844656,police,news,0.46956742339708923,review,"{""dist_m"": 283.958, ""dt_h"": 20.986, ""dist_norm"": 0.122, ""dt_norm"": 0.389, ""text_sim"": 0.0, ""same_cat"": 1.0, ""same_ward"": 1.0, ""coarse"": 1.0, ""has_news"": 1.0}"
POL-20260909-0045,NEWS-20260924-1e165595578a480d,police,news,0.6415998419698612,review,"{""dist_m"": 245.222, ""dt_h"": 0.564, ""dist_norm"": 0.228, ""dt_norm"": 0.005, ""text_sim"": 0.291, ""same_cat"": 0.0, ""same_ward"": 1.0, ""coarse"": 1.0, ""has_news"": 1.0}"
POL-20260920-0072,NEWS-20260924-a31f8c4509ba4917,police,news,0.46912451933860444,review,"{""dist_m"": 172.527, ""dt_h"": 28.801, ""dist_norm"": 0.16, ""dt_norm"": 0.533, ""text_sim"": 0.449, ""same_cat"": 1.0, ""same_ward"": 0.0, ""coarse"": 1.0, ""has_news"": 1.0}"
NEWS-20260930-601853a601ef49e7,GRV-OVL-00405,news,grievance,0.5523505778496023,review,"{""dist_m"": 261.247, ""dt_h"": 14.595, ""dist_norm"": 0.118, ""dt_norm"": 0.122, ""text_sim"": 0.123, ""same_cat"": 1.0, ""same_ward"": 0.0, ""coarse"": 1.0, ""has_news"": 1.0}"
NEWS-20260929-23b3c1290c68402c,GRV-OVL-00405,news,grievance,0.6740608072679354,review,"{""dist_m"": 261.247, ""dt_h"": 1.414, ""dist_norm"": 0.118, ""dt_norm"": 0.012, ""text_sim"": 0.13, ""same_cat"": 1.0, ""same_ward"": 0.0, ""coarse"": 1.0, ""has_news"": 1.0}"
NEWS-20261001-41c20f0e35714e65,GRV-OVL-00405,news,grievance,0.5523505778496023,review,"{""dist_m"": 261.247, ""dt_h"": 14.595, ""dist_norm"": 0.118, ""dt_norm"": 0.122, ""text_sim"": 0.123, ""same_cat"": 1.0, ""same_ward"": 0.0, ""coarse"": 1.0, ""has_news"": 1.0}"
NEWS-20260924-109937f0988c46e0,POL-OVL-00192,news,police,0.49755311678617137,review,"{""dist_m"": 175.859, ""dt_h"": 26.718, ""dist_norm"": 0.164, ""dt_norm"": 0.495, ""text_sim"": 0.141, ""same_cat"": 1.0, ""same_ward"": 1.0, ""coarse"": 1.0, ""has_news"": 1.0}"
NEWS-20260930-147c9b0badae44aa,GRV-OVL-00405,news,grievance,0.6558481086307268,review,"{""dist_m"": 261.247, ""dt_h"": 3.591, ""dist_norm"": 0.118, ""dt_norm"": 0.03, ""text_sim"": 0.129, ""same_cat"": 1.0, ""same_ward"": 0.0, ""coarse"": 1.0, ""has_news"": 1.0}"
NEWS-20260930-bad80c9c11ec416e,GRV-OVL-00405,news,grievance,0.6746849373537399,review,"{""dist_m"": 261.247, ""dt_h"": 1.877, ""dist_norm"": 0.118, ""dt_norm"": 0.016, ""text_sim"": 0.134, ""same_cat"": 1.0, ""same_ward"": 0.0, ""coarse"": 1.0, ""has_news"": 1.0}"
NEWS-20260924-51f08cfd2db94e71,GRV-OVL-00395,news,grievance,0.6443181252061583,review,"{""dist_m"": 363.089, ""dt_h"": 8.59, ""dist_norm"": 0.376, ""dt_norm"": 0.072, ""text_sim"": 0.0, ""same_cat"": 1.0, ""same_ward"": 1.0, ""coarse"": 1.0, ""has_news"": 1.0}"
NEWS-20260929-9a3299dc58f94f5a,GRV-OVL-00405,news,grievance,0.6845753854451455,review,"{""dist_m"": 261.247, ""dt_h"": 1.556, ""dist_norm"": 0.118, ""dt_norm"": 0.013, ""text_sim"": 0.141, ""same_cat"": 1.0, ""same_ward"": 0.0, ""coarse"": 1.0, ""has_news"": 1.0}"
NEWS-20261001-ac9daa4775274de2,GRV-OVL-00405,news,grievance,0.6129881024240189,review,"{""dist_m"": 261.247, ""dt_h"": 11.052, ""dist_norm"": 0.118, ""dt_norm"": 0.092, ""text_sim"": 0.147, ""same_cat"": 1.0, ""same_ward"": 0.0, ""coarse"": 1.0, ""has_news"": 1.0}"
NEWS-20260924-c83b17caac494db9,GRV-OVL-00372,news,grievance,0.4893357291768246,review,"{""dist_m"": 610.473, ""dt_h"": 12.902, ""dist_norm"": 0.633, ""dt_norm"": 0.108, ""text_sim"": 0.042, ""same_cat"": 1.0, ""same_ward"": 1.0, ""coarse"": 1.0, ""has_news"": 1.0}"
NEWS-20260924-c83b17caac494db9,GRV-OVL-00373,news,grievance,0.5296242169497131,review,"{""dist_m"": 415.587, ""dt_h"": 23.381, ""dist_norm"": 0.431, ""dt_norm"": 0.195, ""text_sim"": 0.043, ""same_cat"": 1.0, ""same_ward"": 1.0, ""coarse"": 1.0, ""has_news"": 1.0}"
NEWS-20260924-c83b17caac494db9,GRV-OVL-00395,news,grievance,0.6909270713704527,review,"{""dist_m"": 363.089, ""dt_h"": 8.59, ""dist_norm"": 0.376, ""dt_norm"": 0.072, ""text_sim"": 0.043, ""same_cat"": 1.0, ""same_ward"": 1.0, ""coarse"": 1.0, ""has_news"": 1.0}"
NEWS-20260924-c83b17caac494db9,GRV-OVL-00396,news,grievance,0.5259728200265583,review,"{""dist_m"": 607.627, ""dt_h"": 9.238, ""dist_norm"": 0.63, ""dt_norm"": 0.077, ""text_sim"": 0.043, ""same_cat"": 1.0, ""same_ward"": 1.0, ""coarse"": 1.0, ""has_news"": 1.0}"
NEWS-20260924-c83b17caac494db9,GRV-OVL-00397,news,grievance,0.6244498113976872,review,"{""dist_m"": 557.593, ""dt_h"": 2.254, ""dist_norm"": 0.578, ""dt_norm"": 0.019, ""text_sim"": 0.045, ""same_cat"": 1.0, ""same_ward"": 1.0, ""coarse"": 1.0, ""has_news"": 1.0}"
NEWS-20260924-c83b17caac494db9,GRV-OVL-00398,news,grievance,0.5760810502280707,review,"{""dist_m"": 376.729, ""dt_h"": 21.186, ""dist_norm"": 0.39, ""dt_norm"": 0.177, ""text_sim"": 0.043, ""same_cat"": 1.0, ""same_ward"": 1.0, ""coarse"": 1.0, ""has_news"": 1.0}"
NEWS-20260924-b253c075c16346bc,GRV-OVL-00370,news,grievance,0.579431462955702,review,"{""dist_m"": 477.992, ""dt_h"": 11.823, ""dist_norm"": 0.495, ""dt_norm"": 0.099, ""text_sim"": 0.033, ""same_cat"": 1.0, ""same_ward"": 1.0, ""coarse"": 1.0, ""has_news"": 1.0}"
NEWS-20260924-62809ab1f43c49eb,POL-OVL-00193,news,police,0.5195354019938766,review,"{""dist_m"": 12.442, ""dt_h"": 22.155, ""dist_norm"": 0.012, ""dt_norm"": 0.41, ""text_sim"": 0.0, ""same_cat"": 1.0, ""same_ward"": 1.0, ""coarse"": 1.0, ""has_news"": 1.0}"
NEWS-20260928-3e78f1b122c94bee,GRV-OVL-00339,news,grievance,0.4928188743894048,review,"{""dist_m"": 625.898, ""dt_h"": 9.911, ""dist_norm"": 0.649, ""dt_norm"": 0.083, ""text_sim"": 0.031, ""same_cat"": 1.0, ""same_ward"": 1.0, ""coarse"": 1.0, ""has_news"": 1.0}"
NEWS-20260928-3e78f1b122c94bee,GRV-OVL-00340,news,grievance,0.6919042804140838,review,"{""dist_m"": 435.344, ""dt_h"": 2.989, ""dist_norm"": 0.451, ""dt_norm"": 0.025, ""text_sim"": 0.043, ""same_cat"": 1.0, ""same_ward"": 1.0, ""coarse"": 1.0, ""has_news"": 1.0}"
NEWS-20260928-556ddd80efdf4984,GRV-OVL-00374,news,grievance,0.5674718104525354,review,"{""dist_m"": 592.639, ""dt_h"": 13.444, ""dist_norm"": 0.614, ""dt_norm"": 0.14, ""text_sim"": 0.126, ""same_cat"": 1.0, ""same_ward"": 1.0, ""coarse"": 1.0, ""has_news"": 1.0}"
NEWS-20260928-556ddd80efdf4984,GRV-OVL-00375,news,grievance,0.5079250390796133,review,"{""dist_m"": 378.335, ""dt_h"": 22.891, ""dist_norm"": 0.392, ""dt_norm"": 0.238, ""text_sim"": 0.044, ""same_cat"": 1.0, ""same_ward"": 1.0, ""coarse"": 1.0, ""has_news"": 1.0}"
GRV-OVL-00270,POL-OVL-00173,grievance,police,0.6702136499052074,review,"{""dist_m"": 121.09, ""dt_h"": 3.347, ""dist_norm"": 0.275, ""dt_norm"": 0.07, ""text_sim"": 0.212, ""same_cat"": 0.0, ""same_ward"": 1.0, ""coarse"": 0.0, ""has_news"": 0.0}"
GRV-2026-180PTQ,PWD-INC-054782,grievance,pwd,0.6970021713070992,review,"{""dist_m"": 19.551, ""dt_h"": 66.688, ""dist_norm"": 0.103, ""dt_norm"": 0.397, ""text_sim"": 0.003, ""same_cat"": 1.0, ""same_ward"": 1.0, ""coarse"": 0.0, ""has_news"": 0.0}"
GRV-2026-114GCT,PWD-INC-058508,grievance,pwd,0.4717495864833323,review,"{""dist_m"": 466.391, ""dt_h"": 18.001, ""dist_norm"": 0.504, ""dt_norm"": 0.107, ""text_sim"": 0.054, ""same_cat"": 1.0, ""same_ward"": 1.0, ""coarse"": 1.0, ""has_news"": 0.0}"
PWD-INC-055384,NEWS-20260924-963e85428fda439a,pwd,news,0.4654014852309467,review,"{""dist_m"": 215.96, ""dt_h"": 99.71, ""dist_norm"": 0.233, ""dt_norm"": 0.462, ""text_sim"": 0.123, ""same_cat"": 1.0, ""same_ward"": 1.0, ""coarse"": 1.0, ""has_news"": 1.0}"
NEWS-20260928-caf9e89d5a374364,PWD-INC-OVL0233,news,pwd,0.6961158211001722,review,"{""dist_m"": 455.362, ""dt_h"": 4.372, ""dist_norm"": 0.52, ""dt_norm"": 0.036, ""text_sim"": 0.393, ""same_cat"": 1.0, ""same_ward"": 0.0, ""coarse"": 1.0, ""has_news"": 1.0}"
GRV-2026-666UCM,NEWS-20260924-a7113024a6fc42fe,grievance,news,0.6897753700103633,review,"{""dist_m"": 372.195, ""dt_h"": 6.217, ""dist_norm"": 0.367, ""dt_norm"": 0.065, ""text_sim"": 0.031, ""same_cat"": 1.0, ""same_ward"": 1.0, ""coarse"": 1.0, ""has_news"": 1.0}"
GRV-2026-715IHE,NEWS-20260924-a7113024a6fc42fe,grievance,news,0.64930397894095,review,"{""dist_m"": 311.569, ""dt_h"": 11.367, ""dist_norm"": 0.307, ""dt_norm"": 0.118, ""text_sim"": 0.009, ""same_cat"": 1.0, ""same_ward"": 1.0, ""coarse"": 1.0, ""has_news"": 1.0}"
NEWS-20260924-a7113024a6fc42fe,GRV-OVL-00368,news,grievance,0.47313946596595147,review,"{""dist_m"": 480.364, ""dt_h"": 16.807, ""dist_norm"": 0.473, ""dt_norm"": 0.175, ""text_sim"": 0.003, ""same_cat"": 1.0, ""same_ward"": 1.0, ""coarse"": 1.0, ""has_news"": 1.0}"
NEWS-20260924-a620cdea594a4d40,GRV-OVL-00380,news,grievance,0.5067343210748214,review,"{""dist_m"": 532.36, ""dt_h"": 15.653, ""dist_norm"": 0.524, ""dt_norm"": 0.163, ""text_sim"": 0.047, ""same_cat"": 1.0, ""same_ward"": 1.0, ""coarse"": 1.0, ""has_news"": 1.0}"
NEWS-20260924-a620cdea594a4d40,GRV-OVL-00381,news,grievance,0.6871060019246666,review,"{""dist_m"": 412.54, ""dt_h"": 10.701, ""dist_norm"": 0.406, ""dt_norm"": 0.111, ""text_sim"": 0.092, ""same_cat"": 1.0, ""same_ward"": 1.0, ""coarse"": 1.0, ""has_news"": 1.0}"
NEWS-20260924-a620cdea594a4d40,GRV-OVL-00382,news,grievance,0.45764026576034145,review,"{""dist_m"": 602.271, ""dt_h"": 15.932, ""dist_norm"": 0.593, ""dt_norm"": 0.166, ""text_sim"": 0.047, ""same_cat"": 1.0, ""same_ward"": 1.0, ""coarse"": 1.0, ""has_news"": 1.0}"
NEWS-20260924-6e6045e75abc4071,GRV-OVL-00328,news,grievance,0.6126795278723904,review,"{""dist_m"": 460.403, ""dt_h"": 11.112, ""dist_norm"": 0.454, ""dt_norm"": 0.116, ""text_sim"": 0.054, ""same_cat"": 1.0, ""same_ward"": 1.0, ""coarse"": 1.0, ""has_news"": 1.0}"
NEWS-20260924-27ed80b2004c4055,GRV-OVL-00352,news,grievance,0.47030859287096327,review,"{""dist_m"": 444.849, ""dt_h"": 27.277, ""dist_norm"": 0.438, ""dt_norm"": 0.284, ""text_sim"": 0.079, ""same_cat"": 1.0, ""same_ward"": 1.0, ""coarse"": 1.0, ""has_news"": 1.0}"
GRV-2026-443PRW,PWD-INC-049746,grievance,pwd,0.6098768293099185,review,"{""dist_m"": 527.158, ""dt_h"": 11.122, ""dist_norm"": 0.824, ""dt_norm"": 0.154, ""text_sim"": 0.1, ""same_cat"": 1.0, ""same_ward"": 1.0, ""coarse"": 0.0, ""has_news"": 0.0}"
GRV-2026-662LNS,PWD-INC-049687,grievance,pwd,0.4742075897104044,review,"{""dist_m"": 78.965, ""dt_h"": 52.323, ""dist_norm"": 0.232, ""dt_norm"": 0.727, ""text_sim"": 0.179, ""same_cat"": 1.0, ""same_ward"": 1.0, ""coarse"": 0.0, ""has_news"": 0.0}"
GRV-2026-229JDT,PWD-INC-049988,grievance,pwd,0.6288894366696524,review,"{""dist_m"": 186.302, ""dt_h"": 17.783, ""dist_norm"": 0.548, ""dt_norm"": 0.247, ""text_sim"": 0.049, ""same_cat"": 1.0, ""same_ward"": 1.0, ""coarse"": 0.0, ""has_news"": 0.0}"
GRV-2026-991WBG,PWD-INC-050761,grievance,pwd,0.5555741213206677,review,"{""dist_m"": 475.304, ""dt_h"": 17.924, ""dist_norm"": 0.613, ""dt_norm"": 0.249, ""text_sim"": 0.024, ""same_cat"": 1.0, ""same_ward"": 1.0, ""coarse"": 0.0, ""has_news"": 0.0}"
GRV-2026-991WBG,PWD-INC-050762,grievance,pwd,0.5457465173060563,review,"{""dist_m"": 454.436, ""dt_h"": 22.456, ""dist_norm"": 0.586, ""dt_norm"": 0.312, ""text_sim"": 0.058, ""same_cat"": 1.0, ""same_ward"": 1.0, ""coarse"": 0.0, ""has_news"": 0.0}"
GRV-2026-172AMG,PWD-TSK-17122,grievance,pwd,0.6112603212530642,review,"{""dist_m"": 226.616, ""dt_h"": 8.83, ""dist_norm"": 0.211, ""dt_norm"": 0.123, ""text_sim"": 0.023, ""same_cat"": 1.0, ""same_ward"": 1.0, ""coarse"": 1.0, ""has_news"": 0.0}"
GRV-2026-721UII,PWD-INC-051905,grievance,pwd,0.6135833569821264,review,"{""dist_m"": 546.208, ""dt_h"": 2.643, ""dist_norm"": 0.853, ""dt_norm"": 0.037, ""text_sim"": 0.013, ""same_cat"": 1.0, ""same_ward"": 1.0, ""coarse"": 0.0, ""has_news"": 0.0}"
GRV-2026-859SXG,PWD-INC-051905,grievance,pwd,0.6186699455683282,review,"{""dist_m"": 537.988, ""dt_h"": 1.807, ""dist_norm"": 0.841, ""dt_norm"": 0.025, ""text_sim"": 0.0, ""same_cat"": 1.0, ""same_ward"": 1.0, ""coarse"": 0.0, ""has_news"": 0.0}"
GRV-2026-787TVG,PWD-INC-OVL0008,grievance,pwd,0.6754091434722316,review,"{""dist_m"": 631.02, ""dt_h"": 0.625, ""dist_norm"": 0.986, ""dt_norm"": 0.009, ""text_sim"": 0.116, ""same_cat"": 1.0, ""same_ward"": 1.0, ""coarse"": 0.0, ""has_news"": 0.0}"
GRV-2026-155BIK,PWD-INC-052152,grievance,pwd,0.5429454784518573,review,"{""dist_m"": 181.493, ""dt_h"": 9.867, ""dist_norm"": 0.284, ""dt_norm"": 0.137, ""text_sim"": 0.03, ""same_cat"": 1.0, ""same_ward"": 0.0, ""coarse"": 0.0, ""has_news"": 0.0}"
GRV-2026-092HKM,POL-20260519-0043,grievance,police,0.6862040718124697,review,"{""dist_m"": 156.131, ""dt_h"": 6.624, ""dist_norm"": 0.114, ""dt_norm"": 0.092, ""text_sim"": 0.01, ""same_cat"": 1.0, ""same_ward"": 1.0, ""coarse"": 1.0, ""has_news"": 0.0}"
GRV-2026-383QDG,PWD-INC-052168,grievance,pwd,0.6654495083880573,review,"{""dist_m"": 216.928, ""dt_h"": 20.576, ""dist_norm"": 0.339, ""dt_norm"": 0.286, ""text_sim"": 0.002, ""same_cat"": 1.0, ""same_ward"": 1.0, ""coarse"": 0.0, ""has_news"": 0.0}"
GRV-2026-930HPT,PWD-INC-053110,grievance,pwd,0.6680091423282309,review,"{""dist_m"": 398.383, ""dt_h"": 14.603, ""dist_norm"": 0.622, ""dt_norm"": 0.203, ""text_sim"": 0.085, ""same_cat"": 1.0, ""same_ward"": 1.0, ""coarse"": 0.0, ""has_news"": 0.0}"
GRV-2026-182RVT,PWD-INC-054244,grievance,pwd,0.5738728526868339,review,"{""dist_m"": 340.883, ""dt_h"": 21.807, ""dist_norm"": 0.533, ""dt_norm"": 0.303, ""text_sim"": 0.044, ""same_cat"": 1.0, ""same_ward"": 1.0, ""coarse"": 0.0, ""has_news"": 0.0}"
GRV-2026-205PNM,PWD-INC-055232,grievance,pwd,0.5016111837188525,review,"{""dist_m"": 185.526, ""dt_h"": 28.559, ""dist_norm"": 0.546, ""dt_norm"": 0.397, ""text_sim"": 0.076, ""same_cat"": 1.0, ""same_ward"": 1.0, ""coarse"": 0.0, ""has_news"": 0.0}"
GRV-2026-215BZS,PWD-TSK-18421,grievance,pwd,0.5990390328111841,review,"{""dist_m"": 146.537, ""dt_h"": 1.893, ""dist_norm"": 0.095, ""dt_norm"": 0.026, ""text_sim"": 0.011, ""same_cat"": 0.0, ""same_ward"": 1.0, ""coarse"": 0.0, ""has_news"": 0.0}"
GRV-2026-674XHU,POL-20260714-0032,grievance,police,0.5684607073459477,review,"{""dist_m"": 310.578, ""dt_h"": 26.059, ""dist_norm"": 0.401, ""dt_norm"": 0.362, ""text_sim"": 0.02, ""same_cat"": 1.0, ""same_ward"": 1.0, ""coarse"": 0.0, ""has_news"": 0.0}"
GRV-2026-575ZMO,PWD-INC-055747,grievance,pwd,0.4691425621783719,review,"{""dist_m"": 287.205, ""dt_h"": 7.083, ""dist_norm"": 0.449, ""dt_norm"": 0.098, ""text_sim"": 0.025, ""same_cat"": 1.0, ""same_ward"": 0.0, ""coarse"": 0.0, ""has_news"": 0.0}"
GRV-2026-683BFG,POL-20260718-0068,grievance,police,0.6442137385216994,review,"{""dist_m"": 439.901, ""dt_h"": 8.623, ""dist_norm"": 0.687, ""dt_norm"": 0.12, ""text_sim"": 0.024, ""same_cat"": 1.0, ""same_ward"": 1.0, ""coarse"": 0.0, ""has_news"": 0.0}"
GRV-2026-068EIY,POL-20260718-0081,grievance,police,0.5426026958056495,review,"{""dist_m"": 576.697, ""dt_h"": 12.198, ""dist_norm"": 0.744, ""dt_norm"": 0.169, ""text_sim"": 0.013, ""same_cat"": 1.0, ""same_ward"": 1.0, ""coarse"": 0.0, ""has_news"": 0.0}"
GRV-2026-012TXF,PWD-INC-056763,grievance,pwd,0.487130665116628,review,"{""dist_m"": 96.404, ""dt_h"": 12.783, ""dist_norm"": 0.151, ""dt_norm"": 0.178, ""text_sim"": 0.085, ""same_cat"": 0.0, ""same_ward"": 1.0, ""coarse"": 0.0, ""has_news"": 0.0}"
GRV-2026-062HFA,POL-20260809-0024,grievance,police,0.5110098911607924,review,"{""dist_m"": 409.79, ""dt_h"": 0.021, ""dist_norm"": 0.64, ""dt_norm"": 0.0, ""text_sim"": 0.076, ""same_cat"": 1.0, ""same_ward"": 0.0, ""coarse"": 0.0, ""has_news"": 0.0}"
GRV-2026-542QFN,POL-20260809-0065,grievance,police,0.5974961045859952,review,"{""dist_m"": 456.568, ""dt_h"": 8.823, ""dist_norm"": 0.713, ""dt_norm"": 0.123, ""text_sim"": 0.0, ""same_cat"": 1.0, ""same_ward"": 1.0, ""coarse"": 0.0, ""has_news"": 0.0}"
GRV-2026-542QFN,PWD-INC-OVL0031,grievance,pwd,0.6446117854742434,review,"{""dist_m"": 413.406, ""dt_h"": 8.492, ""dist_norm"": 0.646, ""dt_norm"": 0.118, ""text_sim"": 0.0, ""same_cat"": 1.0, ""same_ward"": 1.0, ""coarse"": 0.0, ""has_news"": 0.0}"
GRV-2026-882XFS,POL-20260809-0017,grievance,police,0.4551168321831081,review,"{""dist_m"": 650.646, ""dt_h"": 3.245, ""dist_norm"": 0.635, ""dt_norm"": 0.045, ""text_sim"": 0.055, ""same_cat"": 1.0, ""same_ward"": 1.0, ""coarse"": 1.0, ""has_news"": 0.0}"
GRV-2026-882XFS,POL-20260809-0061,grievance,police,0.5272062991928941,review,"{""dist_m"": 445.094, ""dt_h"": 6.826, ""dist_norm"": 0.434, ""dt_norm"": 0.095, ""text_sim"": 0.05, ""same_cat"": 1.0, ""same_ward"": 1.0, ""coarse"": 1.0, ""has_news"": 0.0}"
GRV-2026-882XFS,PWD-INC-057088,grievance,pwd,0.5315990070225919,review,"{""dist_m"": 270.827, ""dt_h"": 11.559, ""dist_norm"": 0.264, ""dt_norm"": 0.161, ""text_sim"": 0.02, ""same_cat"": 1.0, ""same_ward"": 1.0, ""coarse"": 1.0, ""has_news"": 0.0}"
GRV-2026-656AMY,PWD-INC-057078,grievance,pwd,0.6986458092704259,review,"{""dist_m"": 416.531, ""dt_h"": 6.503, ""dist_norm"": 0.651, ""dt_norm"": 0.09, ""text_sim"": 0.028, ""same_cat"": 1.0, ""same_ward"": 1.0, ""coarse"": 0.0, ""has_news"": 0.0}"
GRV-2026-572QUO,PWD-INC-OVL0030,grievance,pwd,0.6480775421960853,review,"{""dist_m"": 540.622, ""dt_h"": 4.266, ""dist_norm"": 0.845, ""dt_norm"": 0.059, ""text_sim"": 0.059, ""same_cat"": 1.0, ""same_ward"": 1.0, ""coarse"": 0.0, ""has_news"": 0.0}"
GRV-2026-083REC,PWD-INC-OVL0030,grievance,pwd,0.5703404116279767,review,"{""dist_m"": 220.331, ""dt_h"": 4.35, ""dist_norm"": 0.344, ""dt_norm"": 0.06, ""text_sim"": 0.154, ""same_cat"": 0.0, ""same_ward"": 1.0, ""coarse"": 0.0, ""has_news"": 0.0}"
GRV-2026-311WVG,NEWS-20260924-9b14d7c346d84f3d,grievance,news,0.5116748875089939,review,"{""dist_m"": 182.972, ""dt_h"": 42.8, ""dist_norm"": 0.134, ""dt_norm"": 0.357, ""text_sim"": 0.012, ""same_cat"": 1.0, ""same_ward"": 1.0, ""coarse"": 1.0, ""has_news"": 1.0}"
GRV-2026-155LQY,PWD-INC-OVL0046,grievance,pwd,0.6891172447982504,review,"{""dist_m"": 139.567, ""dt_h"": 11.996, ""dist_norm"": 0.102, ""dt_norm"": 0.167, ""text_sim"": 0.073, ""same_cat"": 1.0, ""same_ward"": 1.0, ""coarse"": 1.0, ""has_news"": 0.0}"
GRV-2026-534DCS,PWD-INC-057139,grievance,pwd,0.5269223381195133,review,"{""dist_m"": 701.053, ""dt_h"": 8.268, ""dist_norm"": 0.51, ""dt_norm"": 0.115, ""text_sim"": 0.109, ""same_cat"": 1.0, ""same_ward"": 1.0, ""coarse"": 1.0, ""has_news"": 0.0}"
GRV-2026-087IBH,PWD-INC-OVL0042,grievance,pwd,0.4902145422244223,review,"{""dist_m"": 172.03, ""dt_h"": 12.199, ""dist_norm"": 0.269, ""dt_norm"": 0.169, ""text_sim"": 0.008, ""same_cat"": 1.0, ""same_ward"": 0.0, ""coarse"": 0.0, ""has_news"": 0.0}"
GRV-2026-764IVF,POL-20260810-0051,grievance,police,0.45631999250715627,review,"{""dist_m"": 498.283, ""dt_h"": 21.39, ""dist_norm"": 0.643, ""dt_norm"": 0.297, ""text_sim"": 0.002, ""same_cat"": 1.0, ""same_ward"": 1.0, ""coarse"": 0.0, ""has_news"": 0.0}"
GRV-2026-313DLE,PWD-INC-057241,grievance,pwd,0.5737137127208787,review,"{""dist_m"": 182.739, ""dt_h"": 20.579, ""dist_norm"": 0.133, ""dt_norm"": 0.286, ""text_sim"": 0.095, ""same_cat"": 1.0, ""same_ward"": 1.0, ""coarse"": 1.0, ""has_news"": 0.0}"
GRV-2026-893BPG,POL-20260827-0014,grievance,police,0.6150440118786441,review,"{""dist_m"": 282.591, ""dt_h"": 24.529, ""dist_norm"": 0.442, ""dt_norm"": 0.341, ""text_sim"": 0.063, ""same_cat"": 1.0, ""same_ward"": 1.0, ""coarse"": 0.0, ""has_news"": 0.0}"
GRV-2026-230OIE,POL-20260828-0044,grievance,police,0.6224860636620156,review,"{""dist_m"": 232.139, ""dt_h"": 27.825, ""dist_norm"": 0.363, ""dt_norm"": 0.386, ""text_sim"": 0.067, ""same_cat"": 1.0, ""same_ward"": 1.0, ""coarse"": 0.0, ""has_news"": 0.0}"
GRV-2026-499TFJ,PWD-INC-058745,grievance,pwd,0.4861236761654505,review,"{""dist_m"": 204.276, ""dt_h"": 19.869, ""dist_norm"": 0.149, ""dt_norm"": 0.276, ""text_sim"": 0.023, ""same_cat"": 1.0, ""same_ward"": 1.0, ""coarse"": 1.0, ""has_news"": 0.0}"
GRV-2026-499TFJ,PWD-INC-OVL0070,grievance,pwd,0.4976114690255527,review,"{""dist_m"": 300.037, ""dt_h"": 19.0, ""dist_norm"": 0.218, ""dt_norm"": 0.264, ""text_sim"": 0.06, ""same_cat"": 1.0, ""same_ward"": 1.0, ""coarse"": 1.0, ""has_news"": 0.0}"
GRV-2026-319ECF,PWD-INC-058744,grievance,pwd,0.6052391111834889,review,"{""dist_m"": 306.163, ""dt_h"": 2.376, ""dist_norm"": 0.199, ""dt_norm"": 0.033, ""text_sim"": 0.079, ""same_cat"": 0.0, ""same_ward"": 1.0, ""coarse"": 0.0, ""has_news"": 0.0}"
GRV-2026-319ECF,POL-OVL-00063,grievance,police,0.6793433135242261,review,"{""dist_m"": 112.289, ""dt_h"": 1.889, ""dist_norm"": 0.073, ""dt_norm"": 0.026, ""text_sim"": 0.07, ""same_cat"": 0.0, ""same_ward"": 1.0, ""coarse"": 0.0, ""has_news"": 0.0}"
GRV-2026-778ZDR,PWD-INC-058772,grievance,pwd,0.5253291574493262,review,"{""dist_m"": 518.668, ""dt_h"": 4.261, ""dist_norm"": 0.337, ""dt_norm"": 0.059, ""text_sim"": 0.111, ""same_cat"": 0.0, ""same_ward"": 1.0, ""coarse"": 0.0, ""has_news"": 0.0}"
GRV-2026-167EOO,PWD-INC-OVL0069,grievance,pwd,0.5111588496768907,review,"{""dist_m"": 194.736, ""dt_h"": 0.526, ""dist_norm"": 0.304, ""dt_norm"": 0.007, ""text_sim"": 0.035, ""same_cat"": 0.0, ""same_ward"": 1.0, ""coarse"": 0.0, ""has_news"": 0.0}"
GRV-2026-613BJZ,PWD-INC-058748,grievance,pwd,0.5117065045916585,review,"{""dist_m"": 436.078, ""dt_h"": 20.541, ""dist_norm"": 0.681, ""dt_norm"": 0.285, ""text_sim"": 0.058, ""same_cat"": 1.0, ""same_ward"": 1.0, ""coarse"": 0.0, ""has_news"": 0.0}"
GRV-2026-588XDA,POL-20260917-0027,grievance,police,0.5407715986627213,review,"{""dist_m"": 455.156, ""dt_h"": 14.593, ""dist_norm"": 0.711, ""dt_norm"": 0.203, ""text_sim"": 0.024, ""same_cat"": 1.0, ""same_ward"": 1.0, ""coarse"": 0.0, ""has_news"": 0.0}"
GRV-2026-241GCX,PWD-INC-059550,grievance,pwd,0.5342976042090384,review,"{""dist_m"": 248.082, ""dt_h"": 22.913, ""dist_norm"": 0.73, ""dt_norm"": 0.318, ""text_sim"": 0.132, ""same_cat"": 1.0, ""same_ward"": 1.0, ""coarse"": 0.0, ""has_news"": 0.0}"
GRV-2026-529SUG,POL-OVL-00074,grievance,police,0.624633724522416,review,"{""dist_m"": 587.368, ""dt_h"": 7.553, ""dist_norm"": 0.918, ""dt_norm"": 0.105, ""text_sim"": 0.417, ""same_cat"": 1.0, ""same_ward"": 0.0, ""coarse"": 0.0, ""has_news"": 0.0}"
GRV-2026-836XRT,PWD-INC-059701,grievance,pwd,0.5175957831460142,review,"{""dist_m"": 760.206, ""dt_h"": 9.183, ""dist_norm"": 0.553, ""dt_norm"": 0.128, ""text_sim"": 0.136, ""same_cat"": 1.0, ""same_ward"": 1.0, ""coarse"": 1.0, ""has_news"": 0.0}"
GRV-2026-962OVF,NEWS-20261001-0bf5d8b8dc2f4ae7,grievance,news,0.5858162500715485,review,"{""dist_m"": 255.428, ""dt_h"": 26.828, ""dist_norm"": 0.24, ""dt_norm"": 0.224, ""text_sim"": 0.012, ""same_cat"": 1.0, ""same_ward"": 1.0, ""coarse"": 1.0, ""has_news"": 1.0}"
GRV-2026-072AWO,PWD-INC-060183,grievance,pwd,0.4643559981133262,review,"{""dist_m"": 91.598, ""dt_h"": 9.042, ""dist_norm"": 0.143, ""dt_norm"": 0.126, ""text_sim"": 0.015, ""same_cat"": 0.0, ""same_ward"": 1.0, ""coarse"": 0.0, ""has_news"": 0.0}"
GRV-2026-982PRN,PWD-INC-OVL0139,grievance,pwd,0.5595544401550178,review,"{""dist_m"": 280.48, ""dt_h"": 35.482, ""dist_norm"": 0.438, ""dt_norm"": 0.493, ""text_sim"": 0.151, ""same_cat"": 1.0, ""same_ward"": 1.0, ""coarse"": 0.0, ""has_news"": 0.0}"
POL-20260519-0030,PWD-INC-052174,police,pwd,0.6925432388935687,review,"{""dist_m"": 444.723, ""dt_h"": 6.189, ""dist_norm"": 0.684, ""dt_norm"": 0.086, ""text_sim"": 0.036, ""same_cat"": 1.0, ""same_ward"": 1.0, ""coarse"": 0.0, ""has_news"": 0.0}"
POL-20260519-0067,PWD-INC-052174,police,pwd,0.5383644704082988,review,"{""dist_m"": 601.746, ""dt_h"": 4.506, ""dist_norm"": 0.926, ""dt_norm"": 0.063, ""text_sim"": 0.013, ""same_cat"": 1.0, ""same_ward"": 1.0, ""coarse"": 0.0, ""has_news"": 0.0}"
POL-20260519-0072,PWD-INC-052160,police,pwd,0.4841286161062394,review,"{""dist_m"": 67.822, ""dt_h"": 9.593, ""dist_norm"": 0.104, ""dt_norm"": 0.133, ""text_sim"": 0.017, ""same_cat"": 0.0, ""same_ward"": 1.0, ""coarse"": 0.0, ""has_news"": 0.0}"
POL-20260718-0081,PWD-INC-055766,police,pwd,0.5285742952714497,review,"{""dist_m"": 525.783, ""dt_h"": 10.722, ""dist_norm"": 0.809, ""dt_norm"": 0.149, ""text_sim"": 0.019, ""same_cat"": 1.0, ""same_ward"": 1.0, ""coarse"": 0.0, ""has_news"": 0.0}"
POL-20260809-0024,PWD-INC-057094,police,pwd,0.5760485169415444,review,"{""dist_m"": 369.177, ""dt_h"": 17.505, ""dist_norm"": 0.568, ""dt_norm"": 0.243, ""text_sim"": 0.011, ""same_cat"": 1.0, ""same_ward"": 1.0, ""coarse"": 0.0, ""has_news"": 0.0}"
POL-20260809-0067,PWD-INC-057086,police,pwd,0.5059017201494499,review,"{""dist_m"": 306.814, ""dt_h"": 2.29, ""dist_norm"": 0.472, ""dt_norm"": 0.032, ""text_sim"": 0.008, ""same_cat"": 1.0, ""same_ward"": 0.0, ""coarse"": 0.0, ""has_news"": 0.0}"
POL-20260809-0070,PWD-INC-057076,police,pwd,0.5450611756600376,review,"{""dist_m"": 693.672, ""dt_h"": 5.233, ""dist_norm"": 0.448, ""dt_norm"": 0.073, ""text_sim"": 0.2, ""same_cat"": 0.0, ""same_ward"": 1.0, ""coarse"": 0.0, ""has_news"": 0.0}"
POL-20260809-0070,PWD-INC-OVL0035,police,pwd,0.6259450788747853,review,"{""dist_m"": 151.806, ""dt_h"": 5.865, ""dist_norm"": 0.234, ""dt_norm"": 0.081, ""text_sim"": 0.023, ""same_cat"": 1.0, ""same_ward"": 0.0, ""coarse"": 0.0, ""has_news"": 0.0}"
POL-20260810-0009,PWD-INC-057163,police,pwd,0.616642405354801,review,"{""dist_m"": 433.427, ""dt_h"": 16.504, ""dist_norm"": 0.667, ""dt_norm"": 0.229, ""text_sim"": 0.087, ""same_cat"": 1.0, ""same_ward"": 1.0, ""coarse"": 0.0, ""has_news"": 0.0}"
POL-20260809-0094,PWD-INC-057144,police,pwd,0.5474892207481703,review,"{""dist_m"": 462.499, ""dt_h"": 12.393, ""dist_norm"": 0.712, ""dt_norm"": 0.172, ""text_sim"": 0.002, ""same_cat"": 1.0, ""same_ward"": 1.0, ""coarse"": 0.0, ""has_news"": 0.0}"
POL-20260811-0011,PWD-INC-OVL0040,police,pwd,0.4919031481688996,review,"{""dist_m"": 603.465, ""dt_h"": 20.835, ""dist_norm"": 0.928, ""dt_norm"": 0.289, ""text_sim"": 0.478, ""same_cat"": 1.0, ""same_ward"": 0.0, ""coarse"": 0.0, ""has_news"": 0.0}"
POL-20260828-0061,PWD-INC-OVL0056,police,pwd,0.48924008740392294,review,"{""dist_m"": 363.167, ""dt_h"": 1.952, ""dist_norm"": 0.559, ""dt_norm"": 0.027, ""text_sim"": 0.037, ""same_cat"": 1.0, ""same_ward"": 0.0, ""coarse"": 0.0, ""has_news"": 0.0}"
POL-20260919-0085,GRV-OVL-00109,police,grievance,0.685962605229087,review,"{""dist_m"": 216.438, ""dt_h"": 21.385, ""dist_norm"": 0.338, ""dt_norm"": 0.297, ""text_sim"": 0.031, ""same_cat"": 1.0, ""same_ward"": 1.0, ""coarse"": 0.0, ""has_news"": 0.0}"
POL-20260919-0085,GRV-OVL-00110,police,grievance,0.6892784528049144,review,"{""dist_m"": 105.09, ""dt_h"": 30.104, ""dist_norm"": 0.164, ""dt_norm"": 0.418, ""text_sim"": 0.048, ""same_cat"": 1.0, ""same_ward"": 1.0, ""coarse"": 0.0, ""has_news"": 0.0}"
POL-20260919-0085,GRV-OVL-00111,police,grievance,0.5437405488587053,review,"{""dist_m"": 284.007, ""dt_h"": 26.684, ""dist_norm"": 0.444, ""dt_norm"": 0.371, ""text_sim"": 0.031, ""same_cat"": 1.0, ""same_ward"": 1.0, ""coarse"": 0.0, ""has_news"": 0.0}"
POL-20260919-0071,PWD-INC-OVL0103,police,pwd,0.5295542363151167,review,"{""dist_m"": 194.904, ""dt_h"": 31.869, ""dist_norm"": 0.3, ""dt_norm"": 0.443, ""text_sim"": 0.005, ""same_cat"": 1.0, ""same_ward"": 1.0, ""coarse"": 0.0, ""has_news"": 0.0}"
POL-20260920-0073,PWD-INC-059612,police,pwd,0.6110482700951185,review,"{""dist_m"": 579.245, ""dt_h"": 2.608, ""dist_norm"": 0.891, ""dt_norm"": 0.036, ""text_sim"": 0.031, ""same_cat"": 1.0, ""same_ward"": 1.0, ""coarse"": 0.0, ""has_news"": 0.0}"
POL-20260920-0050,PWD-INC-059621,police,pwd,0.6920144591140471,review,"{""dist_m"": 437.807, ""dt_h"": 4.794, ""dist_norm"": 0.674, ""dt_norm"": 0.067, ""text_sim"": 0.013, ""same_cat"": 1.0, ""same_ward"": 1.0, ""coarse"": 0.0, ""has_news"": 0.0}"
POL-20260920-0097,PWD-INC-059540,police,pwd,0.628928415883956,review,"{""dist_m"": 127.852, ""dt_h"": 31.104, ""dist_norm"": 0.197, ""dt_norm"": 0.432, ""text_sim"": 0.023, ""same_cat"": 1.0, ""same_ward"": 1.0, ""coarse"": 0.0, ""has_news"": 0.0}"
POL-20260920-0097,PWD-INC-059556,police,pwd,0.6768041893996078,review,"{""dist_m"": 200.737, ""dt_h"": 27.838, ""dist_norm"": 0.309, ""dt_norm"": 0.387, ""text_sim"": 0.087, ""same_cat"": 1.0, ""same_ward"": 1.0, ""coarse"": 0.0, ""has_news"": 0.0}"
POL-20260920-0097,PWD-INC-059595,police,pwd,0.5654645480328363,review,"{""dist_m"": 492.001, ""dt_h"": 13.042, ""dist_norm"": 0.757, ""dt_norm"": 0.181, ""text_sim"": 0.348, ""same_cat"": 1.0, ""same_ward"": 0.0, ""coarse"": 0.0, ""has_news"": 0.0}"
POL-20260920-0097,PWD-INC-059603,police,pwd,0.6304473348908032,review,"{""dist_m"": 454.557, ""dt_h"": 10.891, ""dist_norm"": 0.699, ""dt_norm"": 0.151, ""text_sim"": 0.345, ""same_cat"": 1.0, ""same_ward"": 0.0, ""coarse"": 0.0, ""has_news"": 0.0}"
POL-20260920-0097,PWD-INC-059625,police,pwd,0.5121212913919033,review,"{""dist_m"": 611.533, ""dt_h"": 1.8, ""dist_norm"": 0.941, ""dt_norm"": 0.025, ""text_sim"": 0.263, ""same_cat"": 1.0, ""same_ward"": 0.0, ""coarse"": 0.0, ""has_news"": 0.0}"
POL-20260921-0020,GRV-OVL-00112,police,grievance,0.5784811371018567,review,"{""dist_m"": 231.153, ""dt_h"": 8.16, ""dist_norm"": 0.361, ""dt_norm"": 0.113, ""text_sim"": 0.081, ""same_cat"": 1.0, ""same_ward"": 0.0, ""coarse"": 0.0, ""has_news"": 0.0}"
POL-20260921-0020,PWD-INC-OVL0100,police,pwd,0.48275778982768025,review,"{""dist_m"": 240.211, ""dt_h"": 10.37, ""dist_norm"": 0.37, ""dt_norm"": 0.144, ""text_sim"": 0.034, ""same_cat"": 1.0, ""same_ward"": 0.0, ""coarse"": 0.0, ""has_news"": 0.0}"
POL-20260921-0018,PWD-INC-OVL0101,police,pwd,0.6916694508425956,review,"{""dist_m"": 448.154, ""dt_h"": 5.502, ""dist_norm"": 0.689, ""dt_norm"": 0.076, ""text_sim"": 0.03, ""same_cat"": 1.0, ""same_ward"": 1.0, ""coarse"": 0.0, ""has_news"": 0.0}"
PWD-INC-052166,GRV-OVL-00009,pwd,grievance,0.5204443462951805,review,"{""dist_m"": 149.519, ""dt_h"": 6.204, ""dist_norm"": 0.097, ""dt_norm"": 0.086, ""text_sim"": 0.0, ""same_cat"": 0.0, ""same_ward"": 1.0, ""coarse"": 0.0, ""has_news"": 0.0}"
PWD-INC-052166,POL-OVL-00007,pwd,police,0.5972827852488193,review,"{""dist_m"": 55.058, ""dt_h"": 6.356, ""dist_norm"": 0.036, ""dt_norm"": 0.088, ""text_sim"": 0.033, ""same_cat"": 0.0, ""same_ward"": 1.0, ""coarse"": 0.0, ""has_news"": 0.0}"
PWD-INC-052183,GRV-OVL-00008,pwd,grievance,0.5731602233176826,review,"{""dist_m"": 250.916, ""dt_h"": 4.355, ""dist_norm"": 0.392, ""dt_norm"": 0.06, ""text_sim"": 0.046, ""same_cat"": 1.0, ""same_ward"": 0.0, ""coarse"": 0.0, ""has_news"": 0.0}"
PWD-INC-055742,POL-OVL-00014,pwd,police,0.48785530018980194,review,"{""dist_m"": 292.375, ""dt_h"": 13.294, ""dist_norm"": 0.45, ""dt_norm"": 0.185, ""text_sim"": 0.119, ""same_cat"": 1.0, ""same_ward"": 0.0, ""coarse"": 0.0, ""has_news"": 0.0}"
PWD-INC-055761,GRV-OVL-00023,pwd,grievance,0.4543537355013649,review,"{""dist_m"": 112.406, ""dt_h"": 9.694, ""dist_norm"": 0.176, ""dt_norm"": 0.135, ""text_sim"": 0.033, ""same_cat"": 0.0, ""same_ward"": 1.0, ""coarse"": 0.0, ""has_news"": 0.0}"
PWD-INC-055766,GRV-OVL-00035,pwd,grievance,0.531724481513569,review,"{""dist_m"": 597.368, ""dt_h"": 5.919, ""dist_norm"": 0.933, ""dt_norm"": 0.082, ""text_sim"": 0.029, ""same_cat"": 1.0, ""same_ward"": 1.0, ""coarse"": 0.0, ""has_news"": 0.0}"
PWD-INC-056523,NEWS-20260924-5efa637601e046d5,pwd,news,0.5649044518079175,review,"{""dist_m"": 406.036, ""dt_h"": 70.778, ""dist_norm"": 0.175, ""dt_norm"": 0.59, ""text_sim"": 0.288, ""same_cat"": 1.0, ""same_ward"": 1.0, ""coarse"": 1.0, ""has_news"": 1.0}"
PWD-INC-057064,GRV-OVL-00051,pwd,grievance,0.45550103525100694,review,"{""dist_m"": 444.1, ""dt_h"": 29.878, ""dist_norm"": 0.694, ""dt_norm"": 0.415, ""text_sim"": 0.135, ""same_cat"": 1.0, ""same_ward"": 1.0, ""coarse"": 0.0, ""has_news"": 0.0}"
PWD-INC-057064,POL-OVL-00028,pwd,police,0.5907992927619169,review,"{""dist_m"": 459.168, ""dt_h"": 23.196, ""dist_norm"": 0.706, ""dt_norm"": 0.322, ""text_sim"": 0.17, ""same_cat"": 1.0, ""same_ward"": 1.0, ""coarse"": 0.0, ""has_news"": 0.0}"
PWD-INC-057079,GRV-OVL-00050,pwd,grievance,0.48520728427104753,review,"{""dist_m"": 633.878, ""dt_h"": 7.587, ""dist_norm"": 0.99, ""dt_norm"": 0.105, ""text_sim"": 0.043, ""same_cat"": 1.0, ""same_ward"": 1.0, ""coarse"": 0.0, ""has_news"": 0.0}"
PWD-INC-057089,GRV-OVL-00049,pwd,grievance,0.6716916068259362,review,"{""dist_m"": 69.594, ""dt_h"": 0.799, ""dist_norm"": 0.045, ""dt_norm"": 0.011, ""text_sim"": 0.034, ""same_cat"": 0.0, ""same_ward"": 1.0, ""coarse"": 0.0, ""has_news"": 0.0}"
PWD-INC-057089,POL-OVL-00027,pwd,police,0.5447820974081196,review,"{""dist_m"": 339.045, ""dt_h"": 1.942, ""dist_norm"": 0.219, ""dt_norm"": 0.027, ""text_sim"": 0.034, ""same_cat"": 0.0, ""same_ward"": 1.0, ""coarse"": 0.0, ""has_news"": 0.0}"
PWD-INC-057103,GRV-OVL-00062,pwd,grievance,0.4836417208739847,review,"{""dist_m"": 257.212, ""dt_h"": 9.647, ""dist_norm"": 0.402, ""dt_norm"": 0.134, ""text_sim"": 0.043, ""same_cat"": 1.0, ""same_ward"": 0.0, ""coarse"": 0.0, ""has_news"": 0.0}"
PWD-INC-057142,GRV-OVL-00061,pwd,grievance,0.6415683532120375,review,"{""dist_m"": 207.654, ""dt_h"": 3.278, ""dist_norm"": 0.324, ""dt_norm"": 0.046, ""text_sim"": 0.054, ""same_cat"": 1.0, ""same_ward"": 0.0, ""coarse"": 0.0, ""has_news"": 0.0}"
PWD-INC-057158,GRV-OVL-00061,pwd,grievance,0.6946300342486087,review,"{""dist_m"": 113.05, ""dt_h"": 2.964, ""dist_norm"": 0.177, ""dt_norm"": 0.041, ""text_sim"": 0.018, ""same_cat"": 1.0, ""same_ward"": 0.0, ""coarse"": 0.0, ""has_news"": 0.0}"
PWD-INC-057162,GRV-OVL-00050,pwd,grievance,0.618620784290777,review,"{""dist_m"": 399.462, ""dt_h"": 18.48, ""dist_norm"": 0.624, ""dt_norm"": 0.257, ""text_sim"": 0.09, ""same_cat"": 1.0, ""same_ward"": 1.0, ""coarse"": 0.0, ""has_news"": 0.0}"
PWD-INC-057163,POL-OVL-00024,pwd,police,0.5147340253731807,review,"{""dist_m"": 457.875, ""dt_h"": 29.059, ""dist_norm"": 0.704, ""dt_norm"": 0.404, ""text_sim"": 0.18, ""same_cat"": 1.0, ""same_ward"": 1.0, ""coarse"": 0.0, ""has_news"": 0.0}"
PWD-INC-058203,GRV-OVL-00068,pwd,grievance,0.5581048569734448,review,"{""dist_m"": 337.839, ""dt_h"": 4.227, ""dist_norm"": 0.528, ""dt_norm"": 0.059, ""text_sim"": 0.106, ""same_cat"": 1.0, ""same_ward"": 0.0, ""coarse"": 0.0, ""has_news"": 0.0}"
PWD-INC-058212,POL-OVL-00055,pwd,police,0.6080580927670389,review,"{""dist_m"": 211.869, ""dt_h"": 1.741, ""dist_norm"": 0.326, ""dt_norm"": 0.024, ""text_sim"": 0.006, ""same_cat"": 1.0, ""same_ward"": 0.0, ""coarse"": 0.0, ""has_news"": 0.0}"
PWD-INC-058219,GRV-OVL-00069,pwd,grievance,0.6261233839718373,review,"{""dist_m"": 173.796, ""dt_h"": 2.101, ""dist_norm"": 0.113, ""dt_norm"": 0.029, ""text_sim"": 0.047, ""same_cat"": 0.0, ""same_ward"": 1.0, ""coarse"": 0.0, ""has_news"": 0.0}"
PWD-INC-058224,GRV-OVL-00069,pwd,grievance,0.5830279886167588,review,"{""dist_m"": 257.807, ""dt_h"": 1.124, ""dist_norm"": 0.403, ""dt_norm"": 0.016, ""text_sim"": 0.019, ""same_cat"": 1.0, ""same_ward"": 0.0, ""coarse"": 0.0, ""has_news"": 0.0}"
PWD-INC-058247,POL-OVL-00044,pwd,police,0.553048303878855,review,"{""dist_m"": 105.67, ""dt_h"": 2.89, ""dist_norm"": 0.163, ""dt_norm"": 0.04, ""text_sim"": 0.022, ""same_cat"": 0.0, ""same_ward"": 1.0, ""coarse"": 0.0, ""has_news"": 0.0}"
PWD-INC-058745,GRV-OVL-00073,pwd,grievance,0.47433794025086,review,"{""dist_m"": 225.361, ""dt_h"": 4.018, ""dist_norm"": 0.352, ""dt_norm"": 0.056, ""text_sim"": 0.075, ""same_cat"": 0.0, ""same_ward"": 1.0, ""coarse"": 0.0, ""has_news"": 0.0}"
PWD-INC-058761,GRV-OVL-00073,pwd,grievance,0.6332618109723488,review,"{""dist_m"": 68.84, ""dt_h"": 1.389, ""dist_norm"": 0.108, ""dt_norm"": 0.019, ""text_sim"": 0.041, ""same_cat"": 0.0, ""same_ward"": 1.0, ""coarse"": 0.0, ""has_news"": 0.0}"
PWD-INC-058767,GRV-OVL-00075,pwd,grievance,0.4531982857967397,review,"{""dist_m"": 417.802, ""dt_h"": 1.331, ""dist_norm"": 0.653, ""dt_norm"": 0.018, ""text_sim"": 0.052, ""same_cat"": 1.0, ""same_ward"": 0.0, ""coarse"": 0.0, ""has_news"": 0.0}"
PWD-INC-058772,GRV-OVL-00073,pwd,grievance,0.6243449853957141,review,"{""dist_m"": 265.412, ""dt_h"": 2.791, ""dist_norm"": 0.172, ""dt_norm"": 0.039, ""text_sim"": 0.086, ""same_cat"": 0.0, ""same_ward"": 1.0, ""coarse"": 0.0, ""has_news"": 0.0}"
PWD-INC-059524,POL-OVL-00083,pwd,police,0.523106225002303,review,"{""dist_m"": 489.904, ""dt_h"": 24.535, ""dist_norm"": 0.754, ""dt_norm"": 0.341, ""text_sim"": 0.157, ""same_cat"": 1.0, ""same_ward"": 1.0, ""coarse"": 0.0, ""has_news"": 0.0}"
PWD-INC-059526,POL-OVL-00083,pwd,police,0.5097039470125847,review,"{""dist_m"": 478.872, ""dt_h"": 24.066, ""dist_norm"": 0.737, ""dt_norm"": 0.334, ""text_sim"": 0.131, ""same_cat"": 1.0, ""same_ward"": 1.0, ""coarse"": 0.0, ""has_news"": 0.0}"
PWD-INC-059550,GRV-OVL-00088,pwd,grievance,0.46502816550228027,review,"{""dist_m"": 175.131, ""dt_h"": 3.911, ""dist_norm"": 0.274, ""dt_norm"": 0.054, ""text_sim"": 0.023, ""same_cat"": 0.0, ""same_ward"": 1.0, ""coarse"": 0.0, ""has_news"": 0.0}"
PWD-INC-059563,GRV-OVL-00105,pwd,grievance,0.5558829211222036,review,"{""dist_m"": 351.968, ""dt_h"": 23.427, ""dist_norm"": 0.55, ""dt_norm"": 0.325, ""text_sim"": 0.058, ""same_cat"": 1.0, ""same_ward"": 1.0, ""coarse"": 0.0, ""has_news"": 0.0}"
PWD-INC-059586,GRV-OVL-00089,pwd,grievance,0.6857134376410421,review,"{""dist_m"": 305.932, ""dt_h"": 15.738, ""dist_norm"": 0.478, ""dt_norm"": 0.219, ""text_sim"": 0.037, ""same_cat"": 1.0, ""same_ward"": 1.0, ""coarse"": 0.0, ""has_news"": 0.0}"
PWD-INC-059593,GRV-OVL-00105,pwd,grievance,0.45126450160767645,review,"{""dist_m"": 93.724, ""dt_h"": 13.068, ""dist_norm"": 0.061, ""dt_norm"": 0.182, ""text_sim"": 0.01, ""same_cat"": 0.0, ""same_ward"": 1.0, ""coarse"": 0.0, ""has_news"": 0.0}"
PWD-INC-059593,POL-OVL-00088,pwd,police,0.5252552142514041,review,"{""dist_m"": 40.5, ""dt_h"": 9.824, ""dist_norm"": 0.026, ""dt_norm"": 0.136, ""text_sim"": 0.011, ""same_cat"": 0.0, ""same_ward"": 1.0, ""coarse"": 0.0, ""has_news"": 0.0}"
PWD-INC-059603,POL-OVL-00083,pwd,police,0.5511345544166578,review,"{""dist_m"": 402.868, ""dt_h"": 3.569, ""dist_norm"": 0.62, ""dt_norm"": 0.05, ""text_sim"": 0.142, ""same_cat"": 1.0, ""same_ward"": 0.0, ""coarse"": 0.0, ""has_news"": 0.0}"
PWD-INC-059609,GRV-OVL-00093,pwd,grievance,0.47383245604708635,review,"{""dist_m"": 307.079, ""dt_h"": 10.605, ""dist_norm"": 0.48, ""dt_norm"": 0.147, ""text_sim"": 0.09, ""same_cat"": 1.0, ""same_ward"": 0.0, ""coarse"": 0.0, ""has_news"": 0.0}"
PWD-INC-059609,POL-OVL-00078,pwd,police,0.6374814429509651,review,"{""dist_m"": 491.977, ""dt_h"": 17.543, ""dist_norm"": 0.757, ""dt_norm"": 0.244, ""text_sim"": 0.466, ""same_cat"": 1.0, ""same_ward"": 0.0, ""coarse"": 0.0, ""has_news"": 0.0}"
PWD-INC-059622,GRV-OVL-00094,pwd,grievance,0.5083801325837648,review,"{""dist_m"": 443.434, ""dt_h"": 16.427, ""dist_norm"": 0.693, ""dt_norm"": 0.228, ""text_sim"": 0.01, ""same_cat"": 1.0, ""same_ward"": 1.0, ""coarse"": 0.0, ""has_news"": 0.0}"
PWD-INC-059622,GRV-OVL-00096,pwd,grievance,0.4907181936249492,review,"{""dist_m"": 378.584, ""dt_h"": 22.544, ""dist_norm"": 0.592, ""dt_norm"": 0.313, ""text_sim"": 0.017, ""same_cat"": 1.0, ""same_ward"": 1.0, ""coarse"": 0.0, ""has_news"": 0.0}"
PWD-INC-059622,POL-OVL-00078,pwd,police,0.5723618284102316,review,"{""dist_m"": 286.999, ""dt_h"": 24.693, ""dist_norm"": 0.442, ""dt_norm"": 0.343, ""text_sim"": 0.029, ""same_cat"": 1.0, ""same_ward"": 1.0, ""coarse"": 0.0, ""has_news"": 0.0}"
PWD-INC-059641,NEWS-20260924-88656429afba44aa,pwd,news,0.4672341496119536,review,"{""dist_m"": 187.26, ""dt_h"": 43.148, ""dist_norm"": 0.062, ""dt_norm"": 0.36, ""text_sim"": 0.374, ""same_cat"": 0.0, ""same_ward"": 1.0, ""coarse"": 1.0, ""has_news"": 1.0}"
PWD-INC-059641,NEWS-20260924-d274e205d925460d,pwd,news,0.6659403506149381,review,"{""dist_m"": 187.26, ""dt_h"": 36.372, ""dist_norm"": 0.062, ""dt_norm"": 0.303, ""text_sim"": 0.491, ""same_cat"": 0.0, ""same_ward"": 1.0, ""coarse"": 1.0, ""has_news"": 1.0}"
PWD-INC-060126,POL-OVL-00117,pwd,police,0.6882741487563457,review,"{""dist_m"": 480.044, ""dt_h"": 13.927, ""dist_norm"": 0.739, ""dt_norm"": 0.193, ""text_sim"": 0.159, ""same_cat"": 1.0, ""same_ward"": 1.0, ""coarse"": 0.0, ""has_news"": 0.0}"
PWD-INC-060181,GRV-OVL-00143,pwd,grievance,0.6061987341046726,review,"{""dist_m"": 208.139, ""dt_h"": 0.818, ""dist_norm"": 0.135, ""dt_norm"": 0.011, ""text_sim"": 0.025, ""same_cat"": 0.0, ""same_ward"": 1.0, ""coarse"": 0.0, ""has_news"": 0.0}"
PWD-INC-060181,POL-OVL-00117,pwd,police,0.5088615152050113,review,"{""dist_m"": 357.568, ""dt_h"": 3.735, ""dist_norm"": 0.231, ""dt_norm"": 0.052, ""text_sim"": 0.033, ""same_cat"": 0.0, ""same_ward"": 1.0, ""coarse"": 0.0, ""has_news"": 0.0}"
PWD-INC-060182,GRV-OVL-00143,pwd,grievance,0.6777778599632971,review,"{""dist_m"": 575.858, ""dt_h"": 0.051, ""dist_norm"": 0.9, ""dt_norm"": 0.001, ""text_sim"": 0.064, ""same_cat"": 1.0, ""same_ward"": 1.0, ""coarse"": 0.0, ""has_news"": 0.0}"
PWD-INC-060184,POL-OVL-00117,pwd,police,0.586984924767547,review,"{""dist_m"": 543.933, ""dt_h"": 2.197, ""dist_norm"": 0.837, ""dt_norm"": 0.031, ""text_sim"": 0.274, ""same_cat"": 1.0, ""same_ward"": 0.0, ""coarse"": 0.0, ""has_news"": 0.0}"
PWD-INC-060192,GRV-OVL-00143,pwd,grievance,0.48893976707158643,review,"{""dist_m"": 299.784, ""dt_h"": 4.263, ""dist_norm"": 0.195, ""dt_norm"": 0.059, ""text_sim"": 0.004, ""same_cat"": 0.0, ""same_ward"": 1.0, ""coarse"": 0.0, ""has_news"": 0.0}"
PWD-INC-060192,POL-OVL-00117,pwd,police,0.583008627119779,review,"{""dist_m"": 193.574, ""dt_h"": 1.345, ""dist_norm"": 0.125, ""dt_norm"": 0.019, ""text_sim"": 0.007, ""same_cat"": 0.0, ""same_ward"": 1.0, ""coarse"": 0.0, ""has_news"": 0.0}"
PWD-INC-060201,GRV-OVL-00139,pwd,grievance,0.5399455497787792,review,"{""dist_m"": 403.07, ""dt_h"": 11.207, ""dist_norm"": 0.63, ""dt_norm"": 0.156, ""text_sim"": 0.234, ""same_cat"": 1.0, ""same_ward"": 0.0, ""coarse"": 0.0, ""has_news"": 0.0}"
NEWS-20260924-8d20784339fd41ca,GRV-OVL-00399,news,grievance,0.45360218323851875,review,"{""dist_m"": 668.188, ""dt_h"": 27.646, ""dist_norm"": 0.627, ""dt_norm"": 0.23, ""text_sim"": 0.121, ""same_cat"": 1.0, ""same_ward"": 1.0, ""coarse"": 1.0, ""has_news"": 1.0}"
NEWS-20260924-8d20784339fd41ca,GRV-OVL-00400,news,grievance,0.6223575024725819,review,"{""dist_m"": 396.313, ""dt_h"": 11.471, ""dist_norm"": 0.372, ""dt_norm"": 0.096, ""text_sim"": 0.0, ""same_cat"": 1.0, ""same_ward"": 1.0, ""coarse"": 1.0, ""has_news"": 1.0}"
NEWS-20260924-8d20784339fd41ca,GRV-OVL-00402,news,grievance,0.563844119273755,review,"{""dist_m"": 556.732, ""dt_h"": 23.192, ""dist_norm"": 0.523, ""dt_norm"": 0.193, ""text_sim"": 0.121, ""same_cat"": 1.0, ""same_ward"": 1.0, ""coarse"": 1.0, ""has_news"": 1.0}"
NEWS-20261002-30a14570b37e473d,GRV-OVL-00357,news,grievance,0.6866311654543804,review,"{""dist_m"": 468.882, ""dt_h"": 5.989, ""dist_norm"": 0.44, ""dt_norm"": 0.05, ""text_sim"": 0.054, ""same_cat"": 1.0, ""same_ward"": 1.0, ""coarse"": 1.0, ""has_news"": 1.0}"
NEWS-20261002-30a14570b37e473d,GRV-OVL-00358,news,grievance,0.688323398318515,review,"{""dist_m"": 411.319, ""dt_h"": 15.756, ""dist_norm"": 0.386, ""dt_norm"": 0.131, ""text_sim"": 0.1, ""same_cat"": 1.0, ""same_ward"": 1.0, ""coarse"": 1.0, ""has_news"": 1.0}"
NEWS-20261001-0bf5d8b8dc2f4ae7,GRV-OVL-00325,news,grievance,0.5542909068500179,review,"{""dist_m"": 597.458, ""dt_h"": 16.152, ""dist_norm"": 0.561, ""dt_norm"": 0.135, ""text_sim"": 0.081, ""same_cat"": 1.0, ""same_ward"": 1.0, ""coarse"": 1.0, ""has_news"": 1.0}"
NEWS-20261001-0bf5d8b8dc2f4ae7,GRV-OVL-00327,news,grievance,0.6085053640061135,review,"{""dist_m"": 412.376, ""dt_h"": 28.937, ""dist_norm"": 0.387, ""dt_norm"": 0.241, ""text_sim"": 0.127, ""same_cat"": 1.0, ""same_ward"": 1.0, ""coarse"": 1.0, ""has_news"": 1.0}"
NEWS-20261001-0bf5d8b8dc2f4ae7,PWD-INC-OVL0222,news,pwd,0.4934306919955913,review,"{""dist_m"": 651.359, ""dt_h"": 11.223, ""dist_norm"": 0.606, ""dt_norm"": 0.094, ""text_sim"": 0.316, ""same_cat"": 1.0, ""same_ward"": 0.0, ""coarse"": 1.0, ""has_news"": 1.0}"
NEWS-20260924-8df222c6784e44ca,PWD-INC-OVL0235,news,pwd,0.5250848259453722,review,"{""dist_m"": 578.208, ""dt_h"": 6.301, ""dist_norm"": 0.421, ""dt_norm"": 0.053, ""text_sim"": 0.204, ""same_cat"": 1.0, ""same_ward"": 0.0, ""coarse"": 1.0, ""has_news"": 1.0}"
NEWS-20260924-9b14d7c346d84f3d,GRV-OVL-00341,news,grievance,0.6819574448468259,review,"{""dist_m"": 469.148, ""dt_h"": 7.867, ""dist_norm"": 0.344, ""dt_norm"": 0.066, ""text_sim"": 0.011, ""same_cat"": 1.0, ""same_ward"": 1.0, ""coarse"": 1.0, ""has_news"": 1.0}"
NEWS-20260924-9b14d7c346d84f3d,GRV-OVL-00342,news,grievance,0.6503011663879015,review,"{""dist_m"": 390.318, ""dt_h"": 16.169, ""dist_norm"": 0.286, ""dt_norm"": 0.135, ""text_sim"": 0.013, ""same_cat"": 1.0, ""same_ward"": 1.0, ""coarse"": 1.0, ""has_news"": 1.0}"
NEWS-20260924-9b14d7c346d84f3d,PWD-INC-OVL0224,news,pwd,0.6432967339321402,review,"{""dist_m"": 666.757, ""dt_h"": 15.576, ""dist_norm"": 0.485, ""dt_norm"": 0.13, ""text_sim"": 0.409, ""same_cat"": 1.0, ""same_ward"": 0.0, ""coarse"": 1.0, ""has_news"": 1.0}"
NEWS-20261004-dc42302b51944f6c,GRV-OVL-00391,news,grievance,0.588465690229723,review,"{""dist_m"": 623.453, ""dt_h"": 16.675, ""dist_norm"": 0.585, ""dt_norm"": 0.139, ""text_sim"": 0.127, ""same_cat"": 1.0, ""same_ward"": 1.0, ""coarse"": 1.0, ""has_news"": 1.0}"
NEWS-20261004-dc42302b51944f6c,PWD-INC-OVL0230,news,pwd,0.6687594493474577,review,"{""dist_m"": 680.849, ""dt_h"": 8.578, ""dist_norm"": 0.633, ""dt_norm"": 0.071, ""text_sim"": 0.163, ""same_cat"": 1.0, ""same_ward"": 1.0, ""coarse"": 1.0, ""has_news"": 1.0}"
NEWS-20260924-51d99b6a01e746d4,PWD-INC-OVL0237,news,pwd,0.5313906978953772,review,"{""dist_m"": 629.682, ""dt_h"": 15.817, ""dist_norm"": 0.458, ""dt_norm"": 0.132, ""text_sim"": 0.301, ""same_cat"": 1.0, ""same_ward"": 0.0, ""coarse"": 1.0, ""has_news"": 1.0}"
NEWS-20260924-2040f936e1e54614,GRV-OVL-00362,news,grievance,0.6783675807281396,review,"{""dist_m"": 509.802, ""dt_h"": 6.589, ""dist_norm"": 0.479, ""dt_norm"": 0.055, ""text_sim"": 0.072, ""same_cat"": 1.0, ""same_ward"": 1.0, ""coarse"": 1.0, ""has_news"": 1.0}"
NEWS-20260924-2040f936e1e54614,GRV-OVL-00364,news,grievance,0.5365143395974832,review,"{""dist_m"": 658.972, ""dt_h"": 21.874, ""dist_norm"": 0.619, ""dt_norm"": 0.182, ""text_sim"": 0.141, ""same_cat"": 1.0, ""same_ward"": 1.0, ""coarse"": 1.0, ""has_news"": 1.0}"
NEWS-20260927-e04f721d169c41d1,GRV-OVL-00359,news,grievance,0.46662535839861874,review,"{""dist_m"": 688.41, ""dt_h"": 10.696, ""dist_norm"": 0.646, ""dt_norm"": 0.089, ""text_sim"": 0.015, ""same_cat"": 1.0, ""same_ward"": 1.0, ""coarse"": 1.0, ""has_news"": 1.0}"
NEWS-20260927-e04f721d169c41d1,PWD-INC-OVL0228,news,pwd,0.647061502178831,review,"{""dist_m"": 464.298, ""dt_h"": 8.318, ""dist_norm"": 0.432, ""dt_norm"": 0.069, ""text_sim"": 0.031, ""same_cat"": 1.0, ""same_ward"": 1.0, ""coarse"": 1.0, ""has_news"": 1.0}"
NEWS-20260928-02cd3b1a5a9945f0,GRV-OVL-00348,news,grievance,0.5078543818050263,review,"{""dist_m"": 561.288, ""dt_h"": 29.121, ""dist_norm"": 0.411, ""dt_norm"": 0.243, ""text_sim"": 0.058, ""same_cat"": 1.0, ""same_ward"": 1.0, ""coarse"": 1.0, ""has_news"": 1.0}"
GRV-OVL-00048,POL-OVL-00040,grievance,police,0.543210205077604,review,"{""dist_m"": 454.461, ""dt_h"": 15.307, ""dist_norm"": 0.71, ""dt_norm"": 0.213, ""text_sim"": 0.034, ""same_cat"": 1.0, ""same_ward"": 1.0, ""coarse"": 0.0, ""has_news"": 0.0}"
PWD-INC-OVL0037,POL-OVL-00040,pwd,police,0.6872397460377766,review,"{""dist_m"": 559.964, ""dt_h"": 10.334, ""dist_norm"": 0.861, ""dt_norm"": 0.144, ""text_sim"": 0.18, ""same_cat"": 1.0, ""same_ward"": 1.0, ""coarse"": 0.0, ""has_news"": 0.0}"
PWD-INC-OVL0081,GRV-OVL-00103,pwd,grievance,0.6127349395938828,review,"{""dist_m"": 144.86, ""dt_h"": 40.669, ""dist_norm"": 0.226, ""dt_norm"": 0.565, ""text_sim"": 0.145, ""same_cat"": 1.0, ""same_ward"": 1.0, ""coarse"": 0.0, ""has_news"": 0.0}"
PWD-INC-OVL0084,GRV-OVL-00103,pwd,grievance,0.6797721376702909,review,"{""dist_m"": 23.908, ""dt_h"": 44.122, ""dist_norm"": 0.037, ""dt_norm"": 0.613, ""text_sim"": 0.145, ""same_cat"": 1.0, ""same_ward"": 1.0, ""coarse"": 0.0, ""has_news"": 0.0}"
GRV-OVL-00098,POL-OVL-00080,grievance,police,0.6472487993305415,review,"{""dist_m"": 296.917, ""dt_h"": 6.246, ""dist_norm"": 0.464, ""dt_norm"": 0.087, ""text_sim"": 0.309, ""same_cat"": 0.0, ""same_ward"": 1.0, ""coarse"": 0.0, ""has_news"": 0.0}"
PWD-INC-OVL0105,GRV-OVL-00220,pwd,grievance,0.5077920561970792,review,"{""dist_m"": 184.112, ""dt_h"": 3.065, ""dist_norm"": 0.288, ""dt_norm"": 0.043, ""text_sim"": 0.055, ""same_cat"": 0.0, ""same_ward"": 1.0, ""coarse"": 0.0, ""has_news"": 0.0}"
PWD-INC-OVL0106,GRV-OVL-00219,pwd,grievance,0.5246894540688292,review,"{""dist_m"": 158.87, ""dt_h"": 3.682, ""dist_norm"": 0.248, ""dt_norm"": 0.051, ""text_sim"": 0.055, ""same_cat"": 0.0, ""same_ward"": 1.0, ""coarse"": 0.0, ""has_news"": 0.0}"
PWD-INC-OVL0106,GRV-OVL-00220,pwd,grievance,0.529983591886568,review,"{""dist_m"": 192.967, ""dt_h"": 1.005, ""dist_norm"": 0.302, ""dt_norm"": 0.014, ""text_sim"": 0.055, ""same_cat"": 0.0, ""same_ward"": 1.0, ""coarse"": 0.0, ""has_news"": 0.0}"
PWD-INC-OVL0110,GRV-OVL-00218,pwd,grievance,0.5979861695597397,review,"{""dist_m"": 190.619, ""dt_h"": 4.111, ""dist_norm"": 0.298, ""dt_norm"": 0.057, ""text_sim"": 0.149, ""same_cat"": 0.0, ""same_ward"": 1.0, ""coarse"": 0.0, ""has_news"": 0.0}"
PWD-INC-OVL0110,GRV-OVL-00220,pwd,grievance,0.6211775772114617,review,"{""dist_m"": 199.539, ""dt_h"": 4.739, ""dist_norm"": 0.312, ""dt_norm"": 0.066, ""text_sim"": 0.184, ""same_cat"": 0.0, ""same_ward"": 1.0, ""coarse"": 0.0, ""has_news"": 0.0}"
POL-OVL-00107,GRV-OVL-00140,police,grievance,0.4626797396862064,review,"{""dist_m"": 406.164, ""dt_h"": 30.174, ""dist_norm"": 0.635, ""dt_norm"": 0.419, ""text_sim"": 0.113, ""same_cat"": 1.0, ""same_ward"": 1.0, ""coarse"": 0.0, ""has_news"": 0.0}"
POL-OVL-00107,GRV-OVL-00141,police,grievance,0.6978120948851315,review,"{""dist_m"": 254.866, ""dt_h"": 31.301, ""dist_norm"": 0.398, ""dt_norm"": 0.435, ""text_sim"": 0.199, ""same_cat"": 1.0, ""same_ward"": 1.0, ""coarse"": 0.0, ""has_news"": 0.0}"
POL-OVL-00107,PWD-INC-OVL0155,police,pwd,0.5857597901600539,review,"{""dist_m"": 456.185, ""dt_h"": 25.953, ""dist_norm"": 0.702, ""dt_norm"": 0.36, ""text_sim"": 0.198, ""same_cat"": 1.0, ""same_ward"": 1.0, ""coarse"": 0.0, ""has_news"": 0.0}"
POL-OVL-00107,PWD-INC-OVL0156,police,pwd,0.5836017553908364,review,"{""dist_m"": 434.339, ""dt_h"": 27.567, ""dist_norm"": 0.668, ""dt_norm"": 0.383, ""text_sim"": 0.198, ""same_cat"": 1.0, ""same_ward"": 1.0, ""coarse"": 0.0, ""has_news"": 0.0}"
POL-OVL-00107,PWD-INC-OVL0157,police,pwd,0.4724622523253679,review,"{""dist_m"": 573.281, ""dt_h"": 25.551, ""dist_norm"": 0.882, ""dt_norm"": 0.355, ""text_sim"": 0.198, ""same_cat"": 1.0, ""same_ward"": 1.0, ""coarse"": 0.0, ""has_news"": 0.0}"
PWD-INC-OVL0128,GRV-OVL-00140,pwd,grievance,0.6570261127158368,review,"{""dist_m"": 386.587, ""dt_h"": 25.98, ""dist_norm"": 0.604, ""dt_norm"": 0.361, ""text_sim"": 0.207, ""same_cat"": 1.0, ""same_ward"": 1.0, ""coarse"": 0.0, ""has_news"": 0.0}"
PWD-INC-OVL0130,POL-OVL-00127,pwd,police,0.6121425198543732,review,"{""dist_m"": 130.678, ""dt_h"": 68.565, ""dist_norm"": 0.201, ""dt_norm"": 0.952, ""text_sim"": 0.48, ""same_cat"": 1.0, ""same_ward"": 1.0, ""coarse"": 0.0, ""has_news"": 0.0}"
GRV-OVL-00133,PWD-INC-OVL0134,grievance,pwd,0.5344122413609939,review,"{""dist_m"": 320.227, ""dt_h"": 1.736, ""dist_norm"": 0.5, ""dt_norm"": 0.024, ""text_sim"": 0.475, ""same_cat"": 0.0, ""same_ward"": 0.0, ""coarse"": 0.0, ""has_news"": 0.0}"
GRV-OVL-00135,PWD-INC-OVL0136,grievance,pwd,0.6748668933685902,review,"{""dist_m"": 332.069, ""dt_h"": 2.734, ""dist_norm"": 0.519, ""dt_norm"": 0.038, ""text_sim"": 0.184, ""same_cat"": 1.0, ""same_ward"": 0.0, ""coarse"": 0.0, ""has_news"": 0.0}"
GRV-OVL-00139,POL-OVL-00117,grievance,police,0.5830008428757253,review,"{""dist_m"": 473.787, ""dt_h"": 6.371, ""dist_norm"": 0.74, ""dt_norm"": 0.088, ""text_sim"": 0.27, ""same_cat"": 1.0, ""same_ward"": 0.0, ""coarse"": 0.0, ""has_news"": 0.0}"
PWD-INC-OVL0148,GRV-OVL-00143,pwd,grievance,0.6543085708106314,review,"{""dist_m"": 424.765, ""dt_h"": 8.774, ""dist_norm"": 0.664, ""dt_norm"": 0.122, ""text_sim"": 0.022, ""same_cat"": 1.0, ""same_ward"": 1.0, ""coarse"": 0.0, ""has_news"": 0.0}"
PWD-INC-OVL0149,GRV-OVL-00143,pwd,grievance,0.5231034698327698,review,"{""dist_m"": 596.721, ""dt_h"": 5.955, ""dist_norm"": 0.932, ""dt_norm"": 0.083, ""text_sim"": 0.022, ""same_cat"": 1.0, ""same_ward"": 1.0, ""coarse"": 0.0, ""has_news"": 0.0}"
PWD-INC-OVL0150,GRV-OVL-00143,pwd,grievance,0.6542221719642896,review,"{""dist_m"": 506.293, ""dt_h"": 6.463, ""dist_norm"": 0.791, ""dt_norm"": 0.09, ""text_sim"": 0.063, ""same_cat"": 1.0, ""same_ward"": 1.0, ""coarse"": 0.0, ""has_news"": 0.0}"
PWD-INC-OVL0151,POL-OVL-00117,pwd,police,0.6981017652924939,review,"{""dist_m"": 562.66, ""dt_h"": 8.177, ""dist_norm"": 0.866, ""dt_norm"": 0.114, ""text_sim"": 0.464, ""same_cat"": 1.0, ""same_ward"": 0.0, ""coarse"": 0.0, ""has_news"": 0.0}"
PWD-INC-OVL0152,GRV-OVL-00143,pwd,grievance,0.611054705246789,review,"{""dist_m"": 518.265, ""dt_h"": 5.435, ""dist_norm"": 0.81, ""dt_norm"": 0.075, ""text_sim"": 0.022, ""same_cat"": 1.0, ""same_ward"": 1.0, ""coarse"": 0.0, ""has_news"": 0.0}"
GRV-OVL-00147,POL-OVL-00128,grievance,police,0.5393508700955054,review,"{""dist_m"": 151.47, ""dt_h"": 11.399, ""dist_norm"": 0.237, ""dt_norm"": 0.158, ""text_sim"": 0.021, ""same_cat"": 1.0, ""same_ward"": 0.0, ""coarse"": 0.0, ""has_news"": 0.0}"
PWD-INC-OVL0161,POL-OVL-00128,pwd,police,0.6414524692155982,review,"{""dist_m"": 477.504, ""dt_h"": 15.995, ""dist_norm"": 0.735, ""dt_norm"": 0.222, ""text_sim"": 0.437, ""same_cat"": 1.0, ""same_ward"": 0.0, ""coarse"": 0.0, ""has_news"": 0.0}"
PWD-INC-OVL0181,POL-OVL-00133,pwd,police,0.4688796056216577,review,"{""dist_m"": 585.229, ""dt_h"": 18.098, ""dist_norm"": 0.9, ""dt_norm"": 0.251, ""text_sim"": 0.41, ""same_cat"": 1.0, ""same_ward"": 0.0, ""coarse"": 0.0, ""has_news"": 0.0}"
GRV-OVL-00163,PWD-INC-OVL0193,grievance,pwd,0.5805263958130532,review,"{""dist_m"": 352.922, ""dt_h"": 0.268, ""dist_norm"": 0.551, ""dt_norm"": 0.004, ""text_sim"": 0.225, ""same_cat"": 0.0, ""same_ward"": 1.0, ""coarse"": 0.0, ""has_news"": 0.0}"
