hospital_name,specialties,address,date,taluk,latitude,longitude,total_beds,occupied_beds,bed_occupancy_rate,outpatient_count,emergency_cases,disease_type,disease_cases,vaccination_coverage,medicine_availability,doctor_count,nurse_count,ambulance_available,health_alert,alert_level
Government Peripheral Hospital Anna Nagar,"General Medicine, Gynecology","Anna Nagar, Chennai 600102",2026-04-08,Aminjikarai,13.0870,80.2100,200,142,71.00,1207,71,Diabetes,105,79.91,Available,43,102,Yes,None,Normal
Government Royapettah Hospital,"Orthopedics, Neurology","Royapettah, Chennai 600014",2026-04-08,Mylapore,13.0540,80.2640,849,687,80.92,3912,347,Orthopedic Injury,343,84.26,Available,183,439,Yes,None,Normal
Govt Hospital for Thoracic Medicine,"Pulmonology, Tuberculosis","Tambaram, Chennai 600047",2026-04-08,Tambaram,12.9405,80.1320,750,534,71.20,1810,79,Tuberculosis,222,78.13,Available,98,305,Yes,None,Normal
Institute of Child Health and Hospital,"Pediatrics, Neonatology","Egmore, Chennai 600008",2026-04-08,Egmore,13.0745,80.2580,999,860,86.09,4006,200,Acute Diarrhoeal Disease,309,95.12,Available,201,537,Yes,Acute Diarrhoeal Disease Surge,Warning
Kilpauk Medical College and Hospital,"Dermatology, Psychiatry","Kilpauk, Chennai 600010",2026-04-08,Purasawalkam,13.0785,80.2425,1200,879,73.25,5059,272,Dermatological Conditions,686,78.06,Available,243,567,Yes,None,Normal
Obstetrics and Gynecology Hospital Egmore,"Maternal Healthcare, Neonatology","Egmore, Chennai 600008",2026-04-08,Egmore,13.0770,80.2610,798,653,81.83,2438,139,Maternal Conditions,494,87.97,Limited,139,460,Yes,Low Medicine Stock,Watch
Rajiv Gandhi Government General Hospital,"General Medicine, Cardiology","Park Town, Chennai 600003",2026-04-08,Tondiarpet,13.0823,80.2757,2993,2583,86.30,11859,642,Diabetes,853,87.85,Available,484,1287,Yes,None,Normal
Stanley Medical College and Hospital,"Plastic Surgery, Liver Transplant","Royapuram, Chennai 600001",2026-04-08,Tondiarpet,13.1060,80.2872,1792,1492,83.26,7721,444,Liver Disease,264,83.17,Available,329,849,No,Ambulance Unavailable,Warning
Tamil Nadu Govt Multi-Super Specialty Hospital,"Neurology, Gastroenterology","Anna Salai, Chennai 600035",2026-04-08,Mylapore,13.0690,80.2750,500,369,73.80,2262,117,Gastrointestinal Disorders,162,80.73,Available,158,357,Yes,None,Normal
Government Peripheral Hospital Anna Nagar,"General Medicine, Gynecology","Anna Nagar, Chennai 600102",2026-04-09,Aminjikarai,13.0870,80.2100,200,143,71.50,1210,61,Diabetes,112,79.97,Available,42,102,Yes,None,Normal
Government Royapettah Hospital,"Orthopedics, Neurology","Royapettah, Chennai 600014",2026-04-09,Mylapore,13.0540,80.2640,850,690,81.18,3754,317,Orthopedic Injury,326,84.01,Available,180,428,Yes,None,Normal
Govt Hospital for Thoracic Medicine,"Pulmonology, Tuberculosis","Tambaram, Chennai 600047",2026-04-09,Tambaram,12.9405,80.1320,749,540,72.10,1831,85,Tuberculosis,237,78.49,Available,102,304,Yes,None,Normal
Institute of Child Health and Hospital,"Pediatrics, Neonatology","Egmore, Chennai 600008",2026-04-09,Egmore,13.0745,80.2580,998,865,86.67,3866,200,Acute Diarrhoeal Disease,270,95.36,Available,196,520,Yes,Acute Diarrhoeal Disease Surge,Warning
Kilpauk Medical College and Hospital,"Dermatology, Psychiatry","Kilpauk, Chennai 600010",2026-04-09,Purasawalkam,13.0785,80.2425,1197,883,73.77,5314,236,Dermatological Conditions,677,78.31,Available,242,565,Yes,None,Normal
Obstetrics and Gynecology Hospital Egmore,"Maternal Healthcare, Neonatology","Egmore, Chennai 600008",2026-04-09,Egmore,13.0770,80.2610,799,652,81.60,2494,140,Maternal Conditions,568,87.32,Limited,140,465,Yes,Low Medicine Stock,Watch
Rajiv Gandhi Government General Hospital,"General Medicine, Cardiology","Park Town, Chennai 600003",2026-04-09,Tondiarpet,13.0823,80.2757,2992,2582,86.30,12197,704,Diabetes,868,88.16,Available,489,1301,Yes,None,Normal
Stanley Medical College and Hospital,"Plastic Surgery, Liver Transplant","Royapuram, Chennai 600001",2026-04-09,Tondiarpet,13.1060,80.2872,1794,1494,83.28,7696,425,Liver Disease,275,83.04,Available,328,854,No,Ambulance Unavailable,Warning
Tamil Nadu Govt Multi-Super Specialty Hospital,"Neurology, Gastroenterology","Anna Salai, Chennai 600035",2026-04-09,Mylapore,13.0690,80.2750,499,369,73.95,2261,101,Gastrointestinal Disorders,146,80.92,Available,160,367,Yes,None,Normal
Government Peripheral Hospital Anna Nagar,"General Medicine, Gynecology","Anna Nagar, Chennai 600102",2026-04-10,Aminjikarai,13.0870,80.2100,200,142,71.00,1116,66,Diabetes,98,80.53,Available,42,103,Yes,None,Normal
Government Royapettah Hospital,"Orthopedics, Neurology","Royapettah, Chennai 600014",2026-04-10,Mylapore,13.0540,80.2640,850,692,81.41,3676,338,Orthopedic Injury,324,84.78,Available,178,436,Yes,None,Normal
Govt Hospital for Thoracic Medicine,"Pulmonology, Tuberculosis","Tambaram, Chennai 600047",2026-04-10,Tambaram,12.9405,80.1320,749,531,70.89,1832,98,Tuberculosis,297,78.56,Available,101,301,Yes,None,Normal
Institute of Child Health and Hospital,"Pediatrics, Neonatology","Egmore, Chennai 600008",2026-04-10,Egmore,13.0745,80.2580,997,866,86.86,3981,215,Acute Diarrhoeal Disease,277,95.51,Available,196,527,Yes,Acute Diarrhoeal Disease Surge,Warning
Kilpauk Medical College and Hospital,"Dermatology, Psychiatry","Kilpauk, Chennai 600010",2026-04-10,Purasawalkam,13.0785,80.2425,1195,851,71.21,5260,265,Dermatological Conditions,663,79.10,Available,246,565,Yes,None,Normal
Obstetrics and Gynecology Hospital Egmore,"Maternal Healthcare, Neonatology","Egmore, Chennai 600008",2026-04-10,Egmore,13.0770,80.2610,800,662,82.75,2399,155,Maternal Conditions,505,88.14,Available,137,466,Yes,None,Normal
Rajiv Gandhi Government General Hospital,"General Medicine, Cardiology","Park Town, Chennai 600003",2026-04-10,Tondiarpet,13.0823,80.2757,2990,2491,83.31,12817,724,Diabetes,850,88.26,Available,497,1294,Yes,None,Normal
Stanley Medical College and Hospital,"Plastic Surgery, Liver Transplant","Royapuram, Chennai 600001",2026-04-10,Tondiarpet,13.1060,80.2872,1796,1512,84.19,8158,444,Liver Disease,252,83.75,Available,331,864,No,Ambulance Unavailable,Warning
Tamil Nadu Govt Multi-Super Specialty Hospital,"Neurology, Gastroenterology","Anna Salai, Chennai 600035",2026-04-10,Mylapore,13.0690,80.2750,498,359,72.09,2343,107,Gastrointestinal Disorders,139,81.18,Available,161,362,Yes,None,Normal
Government Peripheral Hospital Anna Nagar,"General Medicine, Gynecology","Anna Nagar, Chennai 600102",2026-04-11,Aminjikarai,13.0870,80.2100,200,141,70.50,901,64,Diabetes,103,80.73,Available,36,86,Yes,None,Normal
Government Royapettah Hospital,"Orthopedics, Neurology","Royapettah, Chennai 600014",2026-04-11,Mylapore,13.0540,80.2640,849,683,80.45,2926,342,Orthopedic Injury,308,85.05,Available,153,359,Yes,None,Normal
Govt Hospital for Thoracic Medicine,"Pulmonology, Tuberculosis","Tambaram, Chennai 600047",2026-04-11,Tambaram,12.9405,80.1320,749,530,70.76,1335,109,Tuberculosis,301,78.68,Available,86,251,Yes,None,Normal
Institute of Child Health and Hospital,"Pediatrics, Neonatology","Egmore, Chennai 600008",2026-04-11,Egmore,13.0745,80.2580,997,868,87.06,3000,228,Acute Diarrhoeal Disease,263,95.91,Available,169,433,Yes,Acute Diarrhoeal Disease Surge,Warning
Kilpauk Medical College and Hospital,"Dermatology, Psychiatry","Kilpauk, Chennai 600010",2026-04-11,Purasawalkam,13.0785,80.2425,1193,864,72.42,3801,254,Dermatological Conditions,618,79.54,Available,205,498,Yes,None,Normal
Obstetrics and Gynecology Hospital Egmore,"Maternal Healthcare, Neonatology","Egmore, Chennai 600008",2026-04-11,Egmore,13.0770,80.2610,800,651,81.38,1764,166,Maternal Conditions,551,87.86,Available,121,394,Yes,None,Normal
Rajiv Gandhi Government General Hospital,"General Medicine, Cardiology","Park Town, Chennai 600003",2026-04-11,Tondiarpet,13.0823,80.2757,2989,2555,85.48,8886,683,Diabetes,808,88.51,Available,413,1110,Yes,None,Normal
Stanley Medical College and Hospital,"Plastic Surgery, Liver Transplant","Royapuram, Chennai 600001",2026-04-11,Tondiarpet,13.1060,80.2872,1797,1508,83.92,5895,425,Liver Disease,294,83.70,Available,271,744,Yes,None,Normal
Tamil Nadu Govt Multi-Super Specialty Hospital,"Neurology, Gastroenterology","Anna Salai, Chennai 600035",2026-04-11,Mylapore,13.0690,80.2750,497,358,72.03,1729,127,Gastrointestinal Disorders,131,81.27,Available,133,314,Yes,None,Normal
Government Peripheral Hospital Anna Nagar,"General Medicine, Gynecology","Anna Nagar, Chennai 600102",2026-04-12,Aminjikarai,13.0870,80.2100,200,137,68.50,349,69,Diabetes,57,79.81,Available,30,73,Yes,None,Normal
Government Royapettah Hospital,"Orthopedics, Neurology","Royapettah, Chennai 600014",2026-04-12,Mylapore,13.0540,80.2640,848,658,77.59,1130,359,Orthopedic Injury,154,85.34,Available,127,311,Yes,None,Normal
Govt Hospital for Thoracic Medicine,"Pulmonology, Tuberculosis","Tambaram, Chennai 600047",2026-04-12,Tambaram,12.9405,80.1320,748,520,69.52,557,112,Tuberculosis,183,78.81,Available,75,205,Yes,None,Normal
Institute of Child Health and Hospital,"Pediatrics, Neonatology","Egmore, Chennai 600008",2026-04-12,Egmore,13.0745,80.2580,996,811,81.43,1149,235,Acute Diarrhoeal Disease,157,95.93,Available,141,369,Yes,Acute Diarrhoeal Disease Surge,Warning
Kilpauk Medical College and Hospital,"Dermatology, Psychiatry","Kilpauk, Chennai 600010",2026-04-12,Purasawalkam,13.0785,80.2425,1191,861,72.29,1390,280,Dermatological Conditions,363,80.11,Available,179,418,Yes,None,Normal
Obstetrics and Gynecology Hospital Egmore,"Maternal Healthcare, Neonatology","Egmore, Chennai 600008",2026-04-12,Egmore,13.0770,80.2610,800,661,82.62,801,162,Maternal Conditions,309,87.86,Available,100,329,Yes,None,Normal
Rajiv Gandhi Government General Hospital,"General Medicine, Cardiology","Park Town, Chennai 600003",2026-04-12,Tondiarpet,13.0823,80.2757,2987,2447,81.92,3679,697,Diabetes,457,89.12,Available,353,919,Yes,None,Normal
Stanley Medical College and Hospital,"Plastic Surgery, Liver Transplant","Royapuram, Chennai 600001",2026-04-12,Tondiarpet,13.1060,80.2872,1799,1465,81.43,2338,436,Liver Disease,158,84.30,Available,230,614,Yes,None,Normal
Tamil Nadu Govt Multi-Super Specialty Hospital,"Neurology, Gastroenterology","Anna Salai, Chennai 600035",2026-04-12,Mylapore,13.0690,80.2750,496,345,69.56,683,134,Gastrointestinal Disorders,65,81.59,Available,114,258,Yes,None,Normal
Government Peripheral Hospital Anna Nagar,"General Medicine, Gynecology","Anna Nagar, Chennai 600102",2026-04-13,Aminjikarai,13.0870,80.2100,200,139,69.50,1228,63,Diabetes,114,80.22,Available,42,102,Yes,None,Normal
Government Royapettah Hospital,"Orthopedics, Neurology","Royapettah, Chennai 600014",2026-04-13,Mylapore,13.0540,80.2640,847,684,80.76,4183,270,Orthopedic Injury,284,85.14,Available,181,423,Yes,None,Normal
Govt Hospital for Thoracic Medicine,"Pulmonology, Tuberculosis","Tambaram, Chennai 600047",2026-04-13,Tambaram,12.9405,80.1320,748,547,73.13,2016,88,Tuberculosis,332,78.55,Available,102,288,Yes,None,Normal
Institute of Child Health and Hospital,"Pediatrics, Neonatology","Egmore, Chennai 600008",2026-04-13,Egmore,13.0745,80.2580,996,811,81.43,4286,216,Acute Diarrhoeal Disease,282,95.83,Available,197,518,Yes,Acute Diarrhoeal Disease Surge,Warning
Kilpauk Medical College and Hospital,"Dermatology, Psychiatry","Kilpauk, Chennai 600010",2026-04-13,Purasawalkam,13.0785,80.2425,1190,903,75.88,5463,250,Dermatological Conditions,587,80.30,Available,249,570,Yes,None,Normal
Obstetrics and Gynecology Hospital Egmore,"Maternal Healthcare, Neonatology","Egmore, Chennai 600008",2026-04-13,Egmore,13.0770,80.2610,799,691,86.48,2973,150,Maternal Conditions,542,87.80,Available,142,455,Yes,None,Normal
Rajiv Gandhi Government General Hospital,"General Medicine, Cardiology","Park Town, Chennai 600003",2026-04-13,Tondiarpet,13.0823,80.2757,2987,2514,84.16,12232,719,Diabetes,836,88.85,Available,488,1292,Yes,None,Normal
Stanley Medical College and Hospital,"Plastic Surgery, Liver Transplant","Royapuram, Chennai 600001",2026-04-13,Tondiarpet,13.1060,80.2872,1799,1504,83.60,8052,388,Liver Disease,288,83.70,Available,321,868,Yes,None,Normal
Tamil Nadu Govt Multi-Super Specialty Hospital,"Neurology, Gastroenterology","Anna Salai, Chennai 600035",2026-04-13,Mylapore,13.0690,80.2750,495,348,70.30,2816,119,Gastrointestinal Disorders,106,81.68,Available,163,359,Yes,None,Normal
Government Peripheral Hospital Anna Nagar,"General Medicine, Gynecology","Anna Nagar, Chennai 600102",2026-04-14,Aminjikarai,13.0870,80.2100,200,141,70.50,321,69,Diabetes,58,80.16,Available,30,75,No,Ambulance Unavailable,Warning
Government Royapettah Hospital,"Orthopedics, Neurology","Royapettah, Chennai 600014",2026-04-14,Mylapore,13.0540,80.2640,847,678,80.05,1077,311,Orthopedic Injury,151,86.06,Available,129,308,Yes,None,Normal
Govt Hospital for Thoracic Medicine,"Pulmonology, Tuberculosis","Tambaram, Chennai 600047",2026-04-14,Tambaram,12.9405,80.1320,748,535,71.52,561,98,Tuberculosis,183,78.76,Available,74,213,Yes,None,Normal
Institute of Child Health and Hospital,"Pediatrics, Neonatology","Egmore, Chennai 600008",2026-04-14,Egmore,13.0745,80.2580,996,794,79.72,1099,216,Acute Diarrhoeal Disease,141,96.42,Available,143,370,Yes,Acute Diarrhoeal Disease Surge,Warning
Kilpauk Medical College and Hospital,"Dermatology, Psychiatry","Kilpauk, Chennai 600010",2026-04-14,Purasawalkam,13.0785,80.2425,1190,939,78.91,1401,283,Dermatological Conditions,317,80.40,Available,180,411,Yes,None,Normal
Obstetrics and Gynecology Hospital Egmore,"Maternal Healthcare, Neonatology","Egmore, Chennai 600008",2026-04-14,Egmore,13.0770,80.2610,799,702,87.86,735,174,Maternal Conditions,298,88.03,Available,103,332,Yes,None,Normal
Rajiv Gandhi Government General Hospital,"General Medicine, Cardiology","Park Town, Chennai 600003",2026-04-14,Tondiarpet,13.0823,80.2757,2986,2519,84.36,3538,669,Diabetes,477,88.36,Available,346,929,Yes,None,Normal
Stanley Medical College and Hospital,"Plastic Surgery, Liver Transplant","Royapuram, Chennai 600001",2026-04-14,Tondiarpet,13.1060,80.2872,1800,1498,83.22,2243,417,Liver Disease,162,83.99,Available,240,626,Yes,None,Normal
Tamil Nadu Govt Multi-Super Specialty Hospital,"Neurology, Gastroenterology","Anna Salai, Chennai 600035",2026-04-14,Mylapore,13.0690,80.2750,495,343,69.29,737,139,Gastrointestinal Disorders,65,81.77,Available,115,254,Yes,None,Normal
Government Peripheral Hospital Anna Nagar,"General Medicine, Gynecology","Anna Nagar, Chennai 600102",2026-04-15,Aminjikarai,13.0870,80.2100,200,137,68.50,1025,68,Diabetes,107,80.46,Available,42,104,No,Ambulance Unavailable,Warning
Government Royapettah Hospital,"Orthopedics, Neurology","Royapettah, Chennai 600014",2026-04-15,Mylapore,13.0540,80.2640,847,673,79.46,3772,275,Orthopedic Injury,267,85.75,Available,175,441,Yes,None,Normal
Govt Hospital for Thoracic Medicine,"Pulmonology, Tuberculosis","Tambaram, Chennai 600047",2026-04-15,Tambaram,12.9405,80.1320,748,542,72.46,1952,87,Tuberculosis,306,78.74,Available,105,294,Yes,None,Normal
Institute of Child Health and Hospital,"Pediatrics, Neonatology","Egmore, Chennai 600008",2026-04-15,Egmore,13.0745,80.2580,996,770,77.31,4107,202,Acute Diarrhoeal Disease,261,96.32,Available,199,527,Yes,Acute Diarrhoeal Disease Surge,Warning
Kilpauk Medical College and Hospital,"Dermatology, Psychiatry","Kilpauk, Chennai 600010",2026-04-15,Purasawalkam,13.0785,80.2425,1190,928,77.98,4857,240,Dermatological Conditions,603,81.04,Available,251,579,Yes,None,Normal
Obstetrics and Gynecology Hospital Egmore,"Maternal Healthcare, Neonatology","Egmore, Chennai 600008",2026-04-15,Egmore,13.0770,80.2610,799,726,90.86,2768,132,Maternal Conditions,498,87.21,Available,141,446,Yes,High Bed Occupancy,Watch
Rajiv Gandhi Government General Hospital,"General Medicine, Cardiology","Park Town, Chennai 600003",2026-04-15,Tondiarpet,13.0823,80.2757,2987,2471,82.73,11348,588,Diabetes,863,88.85,Available,464,1327,Yes,None,Normal
Stanley Medical College and Hospital,"Plastic Surgery, Liver Transplant","Royapuram, Chennai 600001",2026-04-15,Tondiarpet,13.1060,80.2872,1800,1508,83.78,7797,387,Liver Disease,257,84.40,Available,328,873,Yes,None,Normal
Tamil Nadu Govt Multi-Super Specialty Hospital,"Neurology, Gastroenterology","Anna Salai, Chennai 600035",2026-04-15,Mylapore,13.0690,80.2750,495,344,69.49,2500,123,Gastrointestinal Disorders,126,82.25,Available,159,359,Yes,None,Normal
Government Peripheral Hospital Anna Nagar,"General Medicine, Gynecology","Anna Nagar, Chennai 600102",2026-04-16,Aminjikarai,13.0870,80.2100,200,140,70.00,1167,68,Diabetes,100,80.05,Available,42,102,Yes,None,Normal
Government Royapettah Hospital,"Orthopedics, Neurology","Royapettah, Chennai 600014",2026-04-16,Mylapore,13.0540,80.2640,848,681,80.31,3542,318,Orthopedic Injury,270,86.32,Available,177,440,Yes,None,Normal
Govt Hospital for Thoracic Medicine,"Pulmonology, Tuberculosis","Tambaram, Chennai 600047",2026-04-16,Tambaram,12.9405,80.1320,748,546,72.99,1885,92,Tuberculosis,264,79.13,Available,106,297,Yes,None,Normal
Institute of Child Health and Hospital,"Pediatrics, Neonatology","Egmore, Chennai 600008",2026-04-16,Egmore,13.0745,80.2580,997,770,77.23,4077,193,Acute Diarrhoeal Disease,277,96.60,Available,199,527,Yes,Acute Diarrhoeal Disease Surge,Warning
Kilpauk Medical College and Hospital,"Dermatology, Psychiatry","Kilpauk, Chennai 600010",2026-04-16,Purasawalkam,13.0785,80.2425,1192,957,80.29,4652,276,Dermatological Conditions,528,81.49,Available,244,602,Yes,None,Normal
Obstetrics and Gynecology Hospital Egmore,"Maternal Healthcare, Neonatology","Egmore, Chennai 600008",2026-04-16,Egmore,13.0770,80.2610,799,729,91.24,2540,138,Maternal Conditions,479,88.15,Available,144,442,Yes,High Bed Occupancy,Watch
Rajiv Gandhi Government General Hospital,"General Medicine, Cardiology","Park Town, Chennai 600003",2026-04-16,Tondiarpet,13.0823,80.2757,2990,2450,81.94,11536,678,Diabetes,783,88.27,Available,458,1331,Yes,None,Normal
Stanley Medical College and Hospital,"Plastic Surgery, Liver Transplant","Royapuram, Chennai 600001",2026-04-16,Tondiarpet,13.1060,80.2872,1800,1510,83.89,7586,433,Liver Disease,280,84.64,Available,330,873,Yes,None,Normal
Tamil Nadu Govt Multi-Super Specialty Hospital,"Neurology, Gastroenterology","Anna Salai, Chennai 600035",2026-04-16,Mylapore,13.0690,80.2750,495,345,69.70,2541,122,Neurological Disorders,124,81.84,Available,160,358,Yes,None,Normal
Government Peripheral Hospital Anna Nagar,"General Medicine, Gynecology","Anna Nagar, Chennai 600102",2026-04-17,Aminjikarai,13.0870,80.2100,200,145,72.50,1151,71,Diabetes,103,80.84,Available,41,105,Yes,None,Normal
Government Royapettah Hospital,"Orthopedics, Neurology","Royapettah, Chennai 600014",2026-04-17,Mylapore,13.0540,80.2640,849,674,79.39,3469,309,Orthopedic Injury,320,86.16,Available,177,432,Yes,None,Normal
Govt Hospital for Thoracic Medicine,"Pulmonology, Tuberculosis","Tambaram, Chennai 600047",2026-04-17,Tambaram,12.9405,80.1320,748,541,72.33,1672,78,Tuberculosis,234,79.11,Available,106,302,Yes,None,Normal
Institute of Child Health and Hospital,"Pediatrics, Neonatology","Egmore, Chennai 600008",2026-04-17,Egmore,13.0745,80.2580,998,774,77.56,3988,197,Acute Diarrhoeal Disease,257,96.71,Available,196,540,Yes,Acute Diarrhoeal Disease Surge,Warning
Kilpauk Medical College and Hospital,"Dermatology, Psychiatry","Kilpauk, Chennai 600010",2026-04-17,Purasawalkam,13.0785,80.2425,1194,943,78.98,4800,246,Dermatological Conditions,497,81.08,Available,245,600,Yes,None,Normal
Obstetrics and Gynecology Hospital Egmore,"Maternal Healthcare, Neonatology","Egmore, Chennai 600008",2026-04-17,Egmore,13.0770,80.2610,799,723,90.49,2641,128,Maternal Conditions,486,87.85,Available,146,443,Yes,High Bed Occupancy,Watch
Rajiv Gandhi Government General Hospital,"General Medicine, Cardiology","Park Town, Chennai 600003",2026-04-17,Tondiarpet,13.0823,80.2757,2995,2511,83.84,10848,649,Diabetes,855,88.77,Available,457,1320,Yes,None,Normal
Stanley Medical College and Hospital,"Plastic Surgery, Liver Transplant","Royapuram, Chennai 600001",2026-04-17,Tondiarpet,13.1060,80.2872,1800,1531,85.06,7583,453,Liver Disease,256,83.99,Available,328,860,Yes,None,Normal
Tamil Nadu Govt Multi-Super Specialty Hospital,"Neurology, Gastroenterology","Anna Salai, Chennai 600035",2026-04-17,Mylapore,13.0690,80.2750,496,343,69.15,2461,125,Gastrointestinal Disorders,128,82.21,Available,165,353,Yes,None,Normal
Government Peripheral Hospital Anna Nagar,"General Medicine, Gynecology","Anna Nagar, Chennai 600102",2026-04-18,Aminjikarai,13.0870,80.2100,200,146,73.00,885,80,Diabetes,98,80.28,Available,35,90,Yes,None,Normal
Government Royapettah Hospital,"Orthopedics, Neurology","Royapettah, Chennai 600014",2026-04-18,Mylapore,13.0540,80.2640,850,670,78.82,2538,359,Orthopedic Injury,308,86.82,Available,147,366,Yes,None,Normal
Govt Hospital for Thoracic Medicine,"Pulmonology, Tuberculosis","Tambaram, Chennai 600047",2026-04-18,Tambaram,12.9405,80.1320,747,562,75.23,1216,97,Tuberculosis,240,79.18,Available,88,261,Yes,None,Normal
Institute of Child Health and Hospital,"Pediatrics, Neonatology","Egmore, Chennai 600008",2026-04-18,Egmore,13.0745,80.2580,999,777,77.78,2928,221,Acute Diarrhoeal Disease,253,96.94,Available,168,463,Yes,Acute Diarrhoeal Disease Surge,Warning
Kilpauk Medical College and Hospital,"Dermatology, Psychiatry","Kilpauk, Chennai 600010",2026-04-18,Purasawalkam,13.0785,80.2425,1196,967,80.85,3398,299,Dermatological Conditions,460,81.26,Available,215,509,Yes,None,Normal
Obstetrics and Gynecology Hospital Egmore,"Maternal Healthcare, Neonatology","Egmore, Chennai 600008",2026-04-18,Egmore,13.0770,80.2610,798,723,90.60,2222,154,Maternal Conditions,459,88.04,Available,128,378,Yes,High Bed Occupancy,Watch
Rajiv Gandhi Government General Hospital,"General Medicine, Cardiology","Park Town, Chennai 600003",2026-04-18,Tondiarpet,13.0823,80.2757,3000,2470,82.33,8664,660,Diabetes,863,88.80,Available,376,1106,Yes,None,Normal
Stanley Medical College and Hospital,"Plastic Surgery, Liver Transplant","Royapuram, Chennai 600001",2026-04-18,Tondiarpet,13.1060,80.2872,1799,1515,84.21,6001,465,Liver Disease,256,84.40,Available,282,736,Yes,None,Normal
Tamil Nadu Govt Multi-Super Specialty Hospital,"Neurology, Gastroenterology","Anna Salai, Chennai 600035",2026-04-18,Mylapore,13.0690,80.2750,497,340,68.41,1831,158,Neurological Disorders,137,81.67,Available,136,291,Yes,None,Normal
Government Peripheral Hospital Anna Nagar,"General Medicine, Gynecology","Anna Nagar, Chennai 600102",2026-04-19,Aminjikarai,13.0870,80.2100,200,145,72.50,359,81,Diabetes,56,80.29,Available,30,76,Yes,None,Normal
Government Royapettah Hospital,"Orthopedics, Neurology","Royapettah, Chennai 600014",2026-04-19,Mylapore,13.0540,80.2640,849,661,77.86,1114,339,Orthopedic Injury,193,86.46,Available,128,319,Yes,None,Normal
Govt Hospital for Thoracic Medicine,"Pulmonology, Tuberculosis","Tambaram, Chennai 600047",2026-04-19,Tambaram,12.9405,80.1320,747,550,73.63,491,87,Tuberculosis,106,78.95,Available,75,220,Yes,None,Normal
Institute of Child Health and Hospital,"Pediatrics, Neonatology","Egmore, Chennai 600008",2026-04-19,Egmore,13.0745,80.2580,1000,763,76.30,1202,210,Acute Diarrhoeal Disease,138,96.70,Available,140,392,Yes,None,Normal
Kilpauk Medical College and Hospital,"Dermatology, Psychiatry","Kilpauk, Chennai 600010",2026-04-19,Purasawalkam,13.0785,80.2425,1199,918,76.56,1438,299,Dermatological Conditions,233,81.46,Available,180,438,Yes,None,Normal
Obstetrics and Gynecology Hospital Egmore,"Maternal Healthcare, Neonatology","Egmore, Chennai 600008",2026-04-19,Egmore,13.0770,80.2610,798,684,85.71,856,164,Maternal Conditions,227,87.60,Available,105,317,Yes,None,Normal
Rajiv Gandhi Government General Hospital,"General Medicine, Cardiology","Park Town, Chennai 600003",2026-04-19,Tondiarpet,13.0823,80.2757,2995,2405,80.30,3203,709,Diabetes,470,88.67,Available,322,955,No,Ambulance Unavailable,Warning
Stanley Medical College and Hospital,"Plastic Surgery, Liver Transplant","Royapuram, Chennai 600001",2026-04-19,Tondiarpet,13.1060,80.2872,1799,1490,82.82,2300,464,Liver Disease,143,83.97,Available,239,622,Yes,None,Normal
Tamil Nadu Govt Multi-Super Specialty Hospital,"Neurology, Gastroenterology","Anna Salai, Chennai 600035",2026-04-19,Mylapore,13.0690,80.2750,498,332,66.67,736,144,Neurological Disorders,78,82.13,Available,117,252,Yes,None,Normal
Government Peripheral Hospital Anna Nagar,"General Medicine, Gynecology","Anna Nagar, Chennai 600102",2026-04-20,Aminjikarai,13.0870,80.2100,200,154,77.00,1309,67,Diabetes,98,80.44,Limited,42,103,Yes,Low Medicine Stock,Watch
Government Royapettah Hospital,"Orthopedics, Neurology","Royapettah, Chennai 600014",2026-04-20,Mylapore,13.0540,80.2640,848,667,78.66,3870,331,Orthopedic Injury,331,86.32,Available,178,444,Yes,None,Normal
Govt Hospital for Thoracic Medicine,"Pulmonology, Tuberculosis","Tambaram, Chennai 600047",2026-04-20,Tambaram,12.9405,80.1320,747,562,75.23,1800,74,Tuberculosis,174,78.60,Available,105,307,Yes,None,Normal
Institute of Child Health and Hospital,"Pediatrics, Neonatology","Egmore, Chennai 600008",2026-04-20,Egmore,13.0745,80.2580,1000,805,80.50,4760,202,Acute Diarrhoeal Disease,271,96.75,Available,198,546,Yes,None,Normal
Kilpauk Medical College and Hospital,"Dermatology, Psychiatry","Kilpauk, Chennai 600010",2026-04-20,Purasawalkam,13.0785,80.2425,1199,937,78.15,5566,243,Dermatological Conditions,414,81.39,Available,245,600,Yes,None,Normal
Obstetrics and Gynecology Hospital Egmore,"Maternal Healthcare, Neonatology","Egmore, Chennai 600008",2026-04-20,Egmore,13.0770,80.2610,798,695,87.09,3338,157,Maternal Conditions,398,87.89,Available,150,444,Yes,None,Normal
Rajiv Gandhi Government General Hospital,"General Medicine, Cardiology","Park Town, Chennai 600003",2026-04-20,Tondiarpet,13.0823,80.2757,2989,2460,82.30,13469,501,Diabetes,926,88.42,Available,439,1324,No,Ambulance Unavailable,Warning
Stanley Medical College and Hospital,"Plastic Surgery, Liver Transplant","Royapuram, Chennai 600001",2026-04-20,Tondiarpet,13.1060,80.2872,1798,1528,84.98,8239,419,Burn Injuries,259,84.31,Available,332,847,Yes,None,Normal
Tamil Nadu Govt Multi-Super Specialty Hospital,"Neurology, Gastroenterology","Anna Salai, Chennai 600035",2026-04-20,Mylapore,13.0690,80.2750,498,329,66.06,2846,123,Neurological Disorders,151,82.05,Available,164,353,Yes,None,Normal
Government Peripheral Hospital Anna Nagar,"General Medicine, Gynecology","Anna Nagar, Chennai 600102",2026-04-21,Aminjikarai,13.0870,80.2100,200,159,79.50,1142,74,Diabetes,106,80.19,Limited,42,105,Yes,Low Medicine Stock,Watch
Government Royapettah Hospital,"Orthopedics, Neurology","Royapettah, Chennai 600014",2026-04-21,Mylapore,13.0540,80.2640,846,665,78.61,3780,312,Orthopedic Injury,382,86.40,Available,173,436,Yes,None,Normal
Govt Hospital for Thoracic Medicine,"Pulmonology, Tuberculosis","Tambaram, Chennai 600047",2026-04-21,Tambaram,12.9405,80.1320,746,571,76.54,1569,79,Tuberculosis,165,78.86,Available,104,299,Yes,None,Normal
Institute of Child Health and Hospital,"Pediatrics, Neonatology","Egmore, Chennai 600008",2026-04-21,Egmore,13.0745,80.2580,999,821,82.18,3737,176,Acute Diarrhoeal Disease,236,96.28,Available,194,531,Yes,None,Normal
Kilpauk Medical College and Hospital,"Dermatology, Psychiatry","Kilpauk, Chennai 600010",2026-04-21,Purasawalkam,13.0785,80.2425,1196,946,79.10,5021,247,Dermatological Conditions,407,81.80,Available,251,608,Yes,None,Normal
Obstetrics and Gynecology Hospital Egmore,"Maternal Healthcare, Neonatology","Egmore, Chennai 600008",2026-04-21,Egmore,13.0770,80.2610,797,684,85.82,2917,169,Maternal Conditions,407,87.92,Available,146,444,Yes,None,Normal
Rajiv Gandhi Government General Hospital,"General Medicine, Cardiology","Park Town, Chennai 600003",2026-04-21,Tondiarpet,13.0823,80.2757,2983,2411,80.82,12011,517,Respiratory Infection,862,88.92,Available,458,1301,Yes,Respiratory Infection Surge,Warning
Stanley Medical College and Hospital,"Plastic Surgery, Liver Transplant","Royapuram, Chennai 600001",2026-04-21,Tondiarpet,13.1060,80.2872,1797,1521,84.64,8062,367,Burn Injuries,250,84.24,Available,323,860,Yes,None,Normal
Tamil Nadu Govt Multi-Super Specialty Hospital,"Neurology, Gastroenterology","Anna Salai, Chennai 600035",2026-04-21,Mylapore,13.0690,80.2750,499,330,66.13,2386,137,Neurological Disorders,175,81.79,Available,163,350,Yes,None,Normal
Government Peripheral Hospital Anna Nagar,"General Medicine, Gynecology","Anna Nagar, Chennai 600102",2026-04-22,Aminjikarai,13.0870,80.2100,200,161,80.50,1071,65,Diabetes,98,80.45,Limited,42,106,Yes,Low Medicine Stock,Watch
Government Royapettah Hospital,"Orthopedics, Neurology","Royapettah, Chennai 600014",2026-04-22,Mylapore,13.0540,80.2640,845,679,80.36,3892,303,Orthopedic Injury,338,86.40,Available,172,429,Yes,None,Normal
Govt Hospital for Thoracic Medicine,"Pulmonology, Tuberculosis","Tambaram, Chennai 600047",2026-04-22,Tambaram,12.9405,80.1320,746,570,76.41,1576,78,Tuberculosis,174,79.42,Available,105,297,Yes,None,Normal
Institute of Child Health and Hospital,"Pediatrics, Neonatology","Egmore, Chennai 600008",2026-04-22,Egmore,13.0745,80.2580,998,812,81.36,3805,190,Acute Diarrhoeal Disease,234,96.88,Available,198,533,Yes,None,Normal
Kilpauk Medical College and Hospital,"Dermatology, Psychiatry","Kilpauk, Chennai 600010",2026-04-22,Purasawalkam,13.0785,80.2425,1194,951,79.65,5068,259,Dermatological Conditions,416,82.03,Available,240,605,Yes,None,Normal
Obstetrics and Gynecology Hospital Egmore,"Maternal Healthcare, Neonatology","Egmore, Chennai 600008",2026-04-22,Egmore,13.0770,80.2610,797,684,85.82,2902,176,Maternal Conditions,380,87.87,Available,146,451,Yes,None,Normal
Rajiv Gandhi Government General Hospital,"General Medicine, Cardiology","Park Town, Chennai 600003",2026-04-22,Tondiarpet,13.0823,80.2757,2979,2431,81.60,12126,500,Respiratory Infection,928,88.29,Available,458,1321,Yes,Respiratory Infection Surge,Warning
Stanley Medical College and Hospital,"Plastic Surgery, Liver Transplant","Royapuram, Chennai 600001",2026-04-22,Tondiarpet,13.1060,80.2872,1797,1519,84.53,8095,407,Liver Disease,253,84.14,Available,325,858,Yes,None,Normal
Tamil Nadu Govt Multi-Super Specialty Hospital,"Neurology, Gastroenterology","Anna Salai, Chennai 600035",2026-04-22,Mylapore,13.0690,80.2750,500,328,65.60,2229,131,Neurological Disorders,166,81.93,Available,161,348,Yes,None,Normal
Government Peripheral Hospital Anna Nagar,"General Medicine, Gynecology","Anna Nagar, Chennai 600102",2026-04-23,Aminjikarai,13.0870,80.2100,200,160,80.00,1072,66,Diabetes,97,80.50,Available,41,107,Yes,None,Normal
Government Royapettah Hospital,"Orthopedics, Neurology","Royapettah, Chennai 600014",2026-04-23,Mylapore,13.0540,80.2640,844,675,79.98,3957,283,Orthopedic Injury,361,86.02,Available,176,424,Yes,None,Normal
Govt Hospital for Thoracic Medicine,"Pulmonology, Tuberculosis","Tambaram, Chennai 600047",2026-04-23,Tambaram,12.9405,80.1320,746,569,76.27,1598,75,Tuberculosis,180,79.23,Available,101,299,Yes,None,Normal
Institute of Child Health and Hospital,"Pediatrics, Neonatology","Egmore, Chennai 600008",2026-04-23,Egmore,13.0745,80.2580,997,817,81.95,4013,183,Acute Diarrhoeal Disease,245,96.76,Available,193,528,Yes,None,Normal
Kilpauk Medical College and Hospital,"Dermatology, Psychiatry","Kilpauk, Chennai 600010",2026-04-23,Purasawalkam,13.0785,80.2425,1192,922,77.35,5302,275,Dermatological Conditions,407,81.75,Available,241,596,Yes,None,Normal
Obstetrics and Gynecology Hospital Egmore,"Maternal Healthcare, Neonatology","Egmore, Chennai 600008",2026-04-23,Egmore,13.0770,80.2610,797,691,86.70,2822,155,Maternal Conditions,384,88.70,Available,146,468,Yes,None,Normal
Rajiv Gandhi Government General Hospital,"General Medicine, Cardiology","Park Town, Chennai 600003",2026-04-23,Tondiarpet,13.0823,80.2757,2976,2443,82.09,12382,471,Respiratory Infection,911,88.54,Available,481,1310,Yes,Respiratory Infection Surge,Warning
Stanley Medical College and Hospital,"Plastic Surgery, Liver Transplant","Royapuram, Chennai 600001",2026-04-23,Tondiarpet,13.1060,80.2872,1796,1517,84.47,7444,425,Burn Injuries,255,84.14,Available,323,842,Yes,None,Normal
Tamil Nadu Govt Multi-Super Specialty Hospital,"Neurology, Gastroenterology","Anna Salai, Chennai 600035",2026-04-23,Mylapore,13.0690,80.2750,500,330,66.00,2181,113,Neurological Disorders,175,82.50,Available,157,347,Yes,None,Normal
Government Peripheral Hospital Anna Nagar,"General Medicine, Gynecology","Anna Nagar, Chennai 600102",2026-04-24,Aminjikarai,13.0870,80.2100,200,156,78.00,1098,75,Diabetes,103,80.23,Available,41,105,Yes,None,Normal
Government Royapettah Hospital,"Orthopedics, Neurology","Royapettah, Chennai 600014",2026-04-24,Mylapore,13.0540,80.2640,844,680,80.57,4201,307,Orthopedic Injury,379,85.83,Available,175,415,Yes,None,Normal
Govt Hospital for Thoracic Medicine,"Pulmonology, Tuberculosis","Tambaram, Chennai 600047",2026-04-24,Tambaram,12.9405,80.1320,746,558,74.80,1702,90,Tuberculosis,165,78.82,Available,103,299,Yes,None,Normal
Institute of Child Health and Hospital,"Pediatrics, Neonatology","Egmore, Chennai 600008",2026-04-24,Egmore,13.0745,80.2580,997,813,81.54,3673,199,Acute Diarrhoeal Disease,234,96.69,Available,196,534,Yes,None,Normal
Kilpauk Medical College and Hospital,"Dermatology, Psychiatry","Kilpauk, Chennai 600010",2026-04-24,Purasawalkam,13.0785,80.2425,1192,932,78.19,5040,265,Dermatological Conditions,380,81.66,Available,243,575,Yes,None,Normal
Obstetrics and Gynecology Hospital Egmore,"Maternal Healthcare, Neonatology","Egmore, Chennai 600008",2026-04-24,Egmore,13.0770,80.2610,797,701,87.95,2736,154,Maternal Conditions,360,88.87,Available,145,461,Yes,None,Normal
Rajiv Gandhi Government General Hospital,"General Medicine, Cardiology","Park Town, Chennai 600003",2026-04-24,Tondiarpet,13.0823,80.2757,2975,2509,84.34,12725,520,Diabetes,902,88.24,Available,473,1313,Yes,None,Normal
Stanley Medical College and Hospital,"Plastic Surgery, Liver Transplant","Royapuram, Chennai 600001",2026-04-24,Tondiarpet,13.1060,80.2872,1796,1498,83.41,7612,368,Liver Disease,270,83.86,Available,317,854,Yes,None,Normal
Tamil Nadu Govt Multi-Super Specialty Hospital,"Neurology, Gastroenterology","Anna Salai, Chennai 600035",2026-04-24,Mylapore,13.0690,80.2750,500,341,68.20,2206,132,Neurological Disorders,146,82.44,Available,159,353,Yes,None,Normal
Government Peripheral Hospital Anna Nagar,"General Medicine, Gynecology","Anna Nagar, Chennai 600102",2026-04-25,Aminjikarai,13.0870,80.2100,200,154,77.00,813,80,Diabetes,101,80.76,Available,36,88,Yes,None,Normal
Government Royapettah Hospital,"Orthopedics, Neurology","Royapettah, Chennai 600014",2026-04-25,Mylapore,13.0540,80.2640,844,685,81.16,3147,321,Orthopedic Injury,417,85.37,Available,145,356,Yes,None,Normal
Govt Hospital for Thoracic Medicine,"Pulmonology, Tuberculosis","Tambaram, Chennai 600047",2026-04-25,Tambaram,12.9405,80.1320,746,565,75.74,1285,95,Tuberculosis,182,78.74,Available,85,251,Yes,None,Normal
Institute of Child Health and Hospital,"Pediatrics, Neonatology","Egmore, Chennai 600008",2026-04-25,Egmore,13.0745,80.2580,997,828,83.05,2879,196,Acute Diarrhoeal Disease,229,96.49,Available,169,454,Yes,None,Normal
Kilpauk Medical College and Hospital,"Dermatology, Psychiatry","Kilpauk, Chennai 600010",2026-04-25,Purasawalkam,13.0785,80.2425,1192,938,78.69,3965,366,Dermatological Conditions,419,81.58,Available,203,503,Yes,None,Normal
Obstetrics and Gynecology Hospital Egmore,"Maternal Healthcare, Neonatology","Egmore, Chennai 600008",2026-04-25,Egmore,13.0770,80.2610,797,712,89.34,1974,160,Maternal Conditions,390,89.10,Available,122,401,Yes,None,Normal
Rajiv Gandhi Government General Hospital,"General Medicine, Cardiology","Park Town, Chennai 600003",2026-04-25,Tondiarpet,13.0823,80.2757,2975,2494,83.83,8653,731,Diabetes,930,88.15,Available,407,1093,Yes,None,Normal
Stanley Medical College and Hospital,"Plastic Surgery, Liver Transplant","Royapuram, Chennai 600001",2026-04-25,Tondiarpet,13.1060,80.2872,1796,1491,83.02,5447,430,Liver Disease,267,84.74,Available,271,727,Yes,None,Normal
Tamil Nadu Govt Multi-Super Specialty Hospital,"Neurology, Gastroenterology","Anna Salai, Chennai 600035",2026-04-25,Mylapore,13.0690,80.2750,500,349,69.80,1582,137,Neurological Disorders,143,82.37,Available,133,301,Yes,None,Normal
Government Peripheral Hospital Anna Nagar,"General Medicine, Gynecology","Anna Nagar, Chennai 600102",2026-04-26,Aminjikarai,13.0870,80.2100,200,149,74.50,335,86,Maternal Conditions,48,80.89,Available,30,76,Yes,None,Normal
Government Royapettah Hospital,"Orthopedics, Neurology","Royapettah, Chennai 600014",2026-04-26,Mylapore,13.0540,80.2640,845,667,78.93,1297,339,Orthopedic Injury,245,85.69,Available,126,296,Yes,None,Normal
Govt Hospital for Thoracic Medicine,"Pulmonology, Tuberculosis","Tambaram, Chennai 600047",2026-04-26,Tambaram,12.9405,80.1320,746,530,71.05,516,104,Tuberculosis,112,78.68,Available,72,208,Yes,None,Normal
Institute of Child Health and Hospital,"Pediatrics, Neonatology","Egmore, Chennai 600008",2026-04-26,Egmore,13.0745,80.2580,998,831,83.27,1231,209,Neonatal Conditions,127,96.22,Available,142,379,Yes,None,Normal
Kilpauk Medical College and Hospital,"Dermatology, Psychiatry","Kilpauk, Chennai 600010",2026-04-26,Purasawalkam,13.0785,80.2425,1194,944,79.06,1499,347,Dermatological Conditions,240,81.39,Available,167,424,Yes,None,Normal
Obstetrics and Gynecology Hospital Egmore,"Maternal Healthcare, Neonatology","Egmore, Chennai 600008",2026-04-26,Egmore,13.0770,80.2610,797,713,89.46,793,167,Maternal Conditions,177,88.98,Available,104,342,Yes,None,Normal
Rajiv Gandhi Government General Hospital,"General Medicine, Cardiology","Park Town, Chennai 600003",2026-04-26,Tondiarpet,13.0823,80.2757,2974,2409,81.00,3531,653,Diabetes,560,87.64,Available,349,938,Yes,None,Normal
Stanley Medical College and Hospital,"Plastic Surgery, Liver Transplant","Royapuram, Chennai 600001",2026-04-26,Tondiarpet,13.1060,80.2872,1798,1442,80.20,2268,399,Liver Disease,168,83.88,Available,234,607,Yes,None,Normal
Tamil Nadu Govt Multi-Super Specialty Hospital,"Neurology, Gastroenterology","Anna Salai, Chennai 600035",2026-04-26,Mylapore,13.0690,80.2750,500,343,68.60,624,126,Gastrointestinal Disorders,83,82.85,Available,111,252,Yes,None,Normal
Government Peripheral Hospital Anna Nagar,"General Medicine, Gynecology","Anna Nagar, Chennai 600102",2026-04-27,Aminjikarai,13.0870,80.2100,200,149,74.50,1171,70,Diabetes,84,79.87,Available,42,106,Yes,None,Normal
Government Royapettah Hospital,"Orthopedics, Neurology","Royapettah, Chennai 600014",2026-04-27,Mylapore,13.0540,80.2640,846,713,84.28,4869,312,Orthopedic Injury,445,85.14,Available,171,418,Yes,None,Normal
Govt Hospital for Thoracic Medicine,"Pulmonology, Tuberculosis","Tambaram, Chennai 600047",2026-04-27,Tambaram,12.9405,80.1320,746,528,70.78,1772,90,Tuberculosis,197,79.04,Available,101,291,Yes,None,Normal
Institute of Child Health and Hospital,"Pediatrics, Neonatology","Egmore, Chennai 600008",2026-04-27,Egmore,13.0745,80.2580,998,864,86.57,4648,200,Acute Diarrhoeal Disease,224,95.85,Available,196,527,Yes,None,Normal
Kilpauk Medical College and Hospital,"Dermatology, Psychiatry","Kilpauk, Chennai 600010",2026-04-27,Purasawalkam,13.0785,80.2425,1196,961,80.35,5935,328,Dermatological Conditions,441,81.33,Available,235,576,Yes,None,Normal
Obstetrics and Gynecology Hospital Egmore,"Maternal Healthcare, Neonatology","Egmore, Chennai 600008",2026-04-27,Egmore,13.0770,80.2610,798,737,92.36,3051,137,Maternal Conditions,348,89.51,Available,146,468,Yes,High Bed Occupancy,Watch
Rajiv Gandhi Government General Hospital,"General Medicine, Cardiology","Park Town, Chennai 600003",2026-04-27,Tondiarpet,13.0823,80.2757,2973,2475,83.25,12895,690,Diabetes,1014,87.80,Available,496,1295,Yes,None,Normal
Stanley Medical College and Hospital,"Plastic Surgery, Liver Transplant","Royapuram, Chennai 600001",2026-04-27,Tondiarpet,13.1060,80.2872,1799,1533,85.21,8254,422,Liver Disease,309,83.83,Available,316,824,Yes,None,Normal
Tamil Nadu Govt Multi-Super Specialty Hospital,"Neurology, Gastroenterology","Anna Salai, Chennai 600035",2026-04-27,Mylapore,13.0690,80.2750,500,360,72.00,2469,122,Neurological Disorders,131,82.09,Available,156,350,Yes,None,Normal
Government Peripheral Hospital Anna Nagar,"General Medicine, Gynecology","Anna Nagar, Chennai 600102",2026-04-28,Aminjikarai,13.0870,80.2100,200,149,74.50,1059,70,Diabetes,84,80.16,Available,41,104,Yes,None,Normal
Government Royapettah Hospital,"Orthopedics, Neurology","Royapettah, Chennai 600014",2026-04-28,Mylapore,13.0540,80.2640,847,705,83.23,4428,281,Orthopedic Injury,482,84.58,Available,170,419,Yes,None,Normal
Govt Hospital for Thoracic Medicine,"Pulmonology, Tuberculosis","Tambaram, Chennai 600047",2026-04-28,Tambaram,12.9405,80.1320,745,529,71.01,1663,88,Tuberculosis,194,79.43,Available,99,298,Yes,None,Normal
Institute of Child Health and Hospital,"Pediatrics, Neonatology","Egmore, Chennai 600008",2026-04-28,Egmore,13.0745,80.2580,999,864,86.49,3952,190,Respiratory Infection,258,95.85,Available,192,533,Yes,None,Normal
Kilpauk Medical College and Hospital,"Dermatology, Psychiatry","Kilpauk, Chennai 600010",2026-04-28,Purasawalkam,13.0785,80.2425,1198,977,81.55,5229,299,Dermatological Conditions,504,81.37,Available,239,571,Yes,None,Normal
Obstetrics and Gynecology Hospital Egmore,"Maternal Healthcare, Neonatology","Egmore, Chennai 600008",2026-04-28,Egmore,13.0770,80.2610,800,726,90.75,2899,155,Maternal Conditions,338,90.12,Available,145,462,Yes,High Bed Occupancy,Watch
Rajiv Gandhi Government General Hospital,"General Medicine, Cardiology","Park Town, Chennai 600003",2026-04-28,Tondiarpet,13.0823,80.2757,2971,2456,82.67,11653,621,Diabetes,1170,88.10,Available,476,1284,Yes,None,Normal
Stanley Medical College and Hospital,"Plastic Surgery, Liver Transplant","Royapuram, Chennai 600001",2026-04-28,Tondiarpet,13.1060,80.2872,1799,1526,84.82,6744,356,Liver Disease,320,83.77,Available,326,845,Yes,None,Normal
Tamil Nadu Govt Multi-Super Specialty Hospital,"Neurology, Gastroenterology","Anna Salai, Chennai 600035",2026-04-28,Mylapore,13.0690,80.2750,500,360,72.00,2227,109,Gastrointestinal Disorders,137,82.53,Available,159,359,Yes,None,Normal
Government Peripheral Hospital Anna Nagar,"General Medicine, Gynecology","Anna Nagar, Chennai 600102",2026-04-29,Aminjikarai,13.0870,80.2100,200,148,74.00,1159,54,Diabetes,94,80.43,Available,41,105,Yes,None,Normal
Government Royapettah Hospital,"Orthopedics, Neurology","Royapettah, Chennai 600014",2026-04-29,Mylapore,13.0540,80.2640,848,713,84.08,4203,279,Orthopedic Injury,516,84.54,Available,172,410,Yes,None,Normal
Govt Hospital for Thoracic Medicine,"Pulmonology, Tuberculosis","Tambaram, Chennai 600047",2026-04-29,Tambaram,12.9405,80.1320,745,529,71.01,1594,81,Tuberculosis,219,78.84,Available,99,294,Yes,None,Normal
Institute of Child Health and Hospital,"Pediatrics, Neonatology","Egmore, Chennai 600008",2026-04-29,Egmore,13.0745,80.2580,999,857,85.79,4071,208,Respiratory Infection,271,95.37,Available,191,535,Yes,None,Normal
Kilpauk Medical College and Hospital,"Dermatology, Psychiatry","Kilpauk, Chennai 600010",2026-04-29,Purasawalkam,13.0785,80.2425,1200,969,80.75,5031,272,Dermatological Conditions,493,81.39,Available,244,584,Yes,None,Normal
Obstetrics and Gynecology Hospital Egmore,"Maternal Healthcare, Neonatology","Egmore, Chennai 600008",2026-04-29,Egmore,13.0770,80.2610,800,741,92.62,3056,148,Maternal Conditions,323,90.43,Available,150,461,Yes,High Bed Occupancy,Watch
Rajiv Gandhi Government General Hospital,"General Medicine, Cardiology","Park Town, Chennai 600003",2026-04-29,Tondiarpet,13.0823,80.2757,2970,2470,83.16,11549,646,Diabetes,1109,87.17,Available,472,1247,Yes,None,Normal
Stanley Medical College and Hospital,"Plastic Surgery, Liver Transplant","Royapuram, Chennai 600001",2026-04-29,Tondiarpet,13.1060,80.2872,1797,1507,83.86,6777,346,Liver Disease,316,83.76,Available,331,826,Yes,None,Normal
Tamil Nadu Govt Multi-Super Specialty Hospital,"Neurology, Gastroenterology","Anna Salai, Chennai 600035",2026-04-29,Mylapore,13.0690,80.2750,500,364,72.80,2032,111,Gastrointestinal Disorders,145,82.73,Limited,157,352,Yes,Low Medicine Stock,Watch
Government Peripheral Hospital Anna Nagar,"General Medicine, Gynecology","Anna Nagar, Chennai 600102",2026-04-30,Aminjikarai,13.0870,80.2100,200,145,72.50,1107,57,Diabetes,86,80.37,Available,42,103,Yes,None,Normal
Government Royapettah Hospital,"Orthopedics, Neurology","Royapettah, Chennai 600014",2026-04-30,Mylapore,13.0540,80.2640,849,700,82.45,4234,294,Orthopedic Injury,533,83.79,Available,173,424,Yes,None,Normal
Govt Hospital for Thoracic Medicine,"Pulmonology, Tuberculosis","Tambaram, Chennai 600047",2026-04-30,Tambaram,12.9405,80.1320,745,516,69.26,1640,85,Tuberculosis,231,79.26,Limited,100,296,Yes,Low Medicine Stock,Watch
Institute of Child Health and Hospital,"Pediatrics, Neonatology","Egmore, Chennai 600008",2026-04-30,Egmore,13.0745,80.2580,1000,835,83.50,4255,196,Respiratory Infection,252,95.10,Available,195,530,Yes,None,Normal
Kilpauk Medical College and Hospital,"Dermatology, Psychiatry","Kilpauk, Chennai 600010",2026-04-30,Purasawalkam,13.0785,80.2425,1197,944,78.86,4807,269,Dermatological Conditions,463,81.68,Available,238,588,Yes,None,Normal
Obstetrics and Gynecology Hospital Egmore,"Maternal Healthcare, Neonatology","Egmore, Chennai 600008",2026-04-30,Egmore,13.0770,80.2610,798,735,92.11,2962,134,Maternal Conditions,295,91.28,Available,150,444,Yes,High Bed Occupancy,Watch
Rajiv Gandhi Government General Hospital,"General Medicine, Cardiology","Park Town, Chennai 600003",2026-04-30,Tondiarpet,13.0823,80.2757,2968,2476,83.42,11545,710,Diabetes,1182,87.33,Available,471,1256,Yes,None,Normal
Stanley Medical College and Hospital,"Plastic Surgery, Liver Transplant","Royapuram, Chennai 600001",2026-04-30,Tondiarpet,13.1060,80.2872,1795,1489,82.95,6890,365,Liver Disease,326,83.52,Available,327,844,Yes,None,Normal
Tamil Nadu Govt Multi-Super Specialty Hospital,"Neurology, Gastroenterology","Anna Salai, Chennai 600035",2026-04-30,Mylapore,13.0690,80.2750,500,360,72.00,2115,110,Gastrointestinal Disorders,137,82.82,Available,153,360,Yes,None,Normal
Government Peripheral Hospital Anna Nagar,"General Medicine, Gynecology","Anna Nagar, Chennai 600102",2026-05-01,Aminjikarai,13.0870,80.2100,200,142,71.00,354,70,Diabetes,50,80.26,Available,30,77,Yes,None,Normal
Government Royapettah Hospital,"Orthopedics, Neurology","Royapettah, Chennai 600014",2026-05-01,Mylapore,13.0540,80.2640,850,697,82.00,1317,294,Orthopedic Injury,293,83.21,Available,126,306,Yes,None,Normal
Govt Hospital for Thoracic Medicine,"Pulmonology, Tuberculosis","Tambaram, Chennai 600047",2026-05-01,Tambaram,12.9405,80.1320,745,498,66.85,529,96,Tuberculosis,127,79.13,Available,71,218,Yes,None,Normal
Institute of Child Health and Hospital,"Pediatrics, Neonatology","Egmore, Chennai 600008",2026-05-01,Egmore,13.0745,80.2580,1000,834,83.40,1143,228,Respiratory Infection,161,95.13,Limited,135,385,Yes,Low Medicine Stock,Watch
Kilpauk Medical College and Hospital,"Dermatology, Psychiatry","Kilpauk, Chennai 600010",2026-05-01,Purasawalkam,13.0785,80.2425,1195,914,76.49,1568,249,Dermatological Conditions,276,81.18,Available,172,424,Yes,None,Normal
Obstetrics and Gynecology Hospital Egmore,"Maternal Healthcare, Neonatology","Egmore, Chennai 600008",2026-05-01,Egmore,13.0770,80.2610,797,721,90.46,886,153,Maternal Conditions,159,91.46,Available,107,318,Yes,High Bed Occupancy,Watch
Rajiv Gandhi Government General Hospital,"General Medicine, Cardiology","Park Town, Chennai 600003",2026-05-01,Tondiarpet,13.0823,80.2757,2966,2498,84.22,3261,734,Diabetes,680,87.11,Available,341,876,Yes,None,Normal
Stanley Medical College and Hospital,"Plastic Surgery, Liver Transplant","Royapuram, Chennai 600001",2026-05-01,Tondiarpet,13.1060,80.2872,1792,1464,81.70,2052,422,Liver Disease,189,83.06,Available,237,606,Yes,None,Normal
Tamil Nadu Govt Multi-Super Specialty Hospital,"Neurology, Gastroenterology","Anna Salai, Chennai 600035",2026-05-01,Mylapore,13.0690,80.2750,500,361,72.20,692,117,Gastrointestinal Disorders,68,82.55,Available,112,256,Yes,None,Normal
Government Peripheral Hospital Anna Nagar,"General Medicine, Gynecology","Anna Nagar, Chennai 600102",2026-05-02,Aminjikarai,13.0870,80.2100,200,138,69.00,887,68,Diabetes,83,80.30,Available,36,87,Yes,None,Normal
Government Royapettah Hospital,"Orthopedics, Neurology","Royapettah, Chennai 600014",2026-05-02,Mylapore,13.0540,80.2640,850,709,83.41,3074,312,Orthopedic Injury,587,82.69,Available,147,360,Yes,None,Normal
Govt Hospital for Thoracic Medicine,"Pulmonology, Tuberculosis","Tambaram, Chennai 600047",2026-05-02,Tambaram,12.9405,80.1320,745,488,65.50,1226,90,Tuberculosis,209,79.34,Available,84,260,Yes,None,Normal
Institute of Child Health and Hospital,"Pediatrics, Neonatology","Egmore, Chennai 600008",2026-05-02,Egmore,13.0745,80.2580,1000,808,80.80,2686,252,Respiratory Infection,252,95.07,Limited,160,445,Yes,Low Medicine Stock,Watch
Kilpauk Medical College and Hospital,"Dermatology, Psychiatry","Kilpauk, Chennai 600010",2026-05-02,Purasawalkam,13.0785,80.2425,1193,870,72.93,3803,240,Dermatological Conditions,544,81.32,Available,208,490,Yes,None,Normal
Obstetrics and Gynecology Hospital Egmore,"Maternal Healthcare, Neonatology","Egmore, Chennai 600008",2026-05-02,Egmore,13.0770,80.2610,796,720,90.45,2058,177,Maternal Conditions,292,92.08,Available,127,372,Yes,High Bed Occupancy,Watch
Rajiv Gandhi Government General Hospital,"General Medicine, Cardiology","Park Town, Chennai 600003",2026-05-02,Tondiarpet,13.0823,80.2757,2965,2458,82.90,7737,730,Diabetes,1254,86.83,Available,397,1023,Yes,None,Normal
Stanley Medical College and Hospital,"Plastic Surgery, Liver Transplant","Royapuram, Chennai 600001",2026-05-02,Tondiarpet,13.1060,80.2872,1791,1482,82.75,5804,420,Liver Disease,322,83.50,Available,284,715,Yes,None,Normal
Tamil Nadu Govt Multi-Super Specialty Hospital,"Neurology, Gastroenterology","Anna Salai, Chennai 600035",2026-05-02,Mylapore,13.0690,80.2750,500,355,71.00,1724,112,Gastrointestinal Disorders,134,82.75,Available,132,297,Yes,None,Normal
Government Peripheral Hospital Anna Nagar,"General Medicine, Gynecology","Anna Nagar, Chennai 600102",2026-05-03,Aminjikarai,13.0870,80.2100,200,132,66.00,375,72,Diabetes,46,79.91,Available,30,75,Yes,None,Normal
Government Royapettah Hospital,"Orthopedics, Neurology","Royapettah, Chennai 600014",2026-05-03,Mylapore,13.0540,80.2640,849,699,82.33,1154,283,Orthopedic Injury,287,82.83,Available,127,299,Yes,None,Normal
Govt Hospital for Thoracic Medicine,"Pulmonology, Tuberculosis","Tambaram, Chennai 600047",2026-05-03,Tambaram,12.9405,80.1320,745,463,62.15,545,92,Tuberculosis,127,79.44,Available,71,222,Yes,None,Normal
Institute of Child Health and Hospital,"Pediatrics, Neonatology","Egmore, Chennai 600008",2026-05-03,Egmore,13.0745,80.2580,1000,800,80.00,1159,257,Respiratory Infection,135,95.02,Limited,136,374,Yes,Low Medicine Stock,Watch
Kilpauk Medical College and Hospital,"Dermatology, Psychiatry","Kilpauk, Chennai 600010",2026-05-03,Purasawalkam,13.0785,80.2425,1191,846,71.03,1472,220,Dermatological Conditions,301,81.11,Available,174,425,Yes,None,Normal
Obstetrics and Gynecology Hospital Egmore,"Maternal Healthcare, Neonatology","Egmore, Chennai 600008",2026-05-03,Egmore,13.0770,80.2610,796,706,88.69,878,184,Maternal Conditions,174,92.55,Available,108,318,Yes,None,Normal
Rajiv Gandhi Government General Hospital,"General Medicine, Cardiology","Park Town, Chennai 600003",2026-05-03,Tondiarpet,13.0823,80.2757,2964,2402,81.04,3277,599,Diabetes,656,86.59,Available,338,865,Yes,None,Normal
Stanley Medical College and Hospital,"Plastic Surgery, Liver Transplant","Royapuram, Chennai 600001",2026-05-03,Tondiarpet,13.1060,80.2872,1789,1440,80.49,2239,385,Liver Disease,181,83.08,Available,245,594,Yes,None,Normal
Tamil Nadu Govt Multi-Super Specialty Hospital,"Neurology, Gastroenterology","Anna Salai, Chennai 600035",2026-05-03,Mylapore,13.0690,80.2750,500,351,70.20,701,122,Gastrointestinal Disorders,76,82.87,Limited,110,251,Yes,Low Medicine Stock,Watch
Government Peripheral Hospital Anna Nagar,"General Medicine, Gynecology","Anna Nagar, Chennai 600102",2026-05-04,Aminjikarai,13.0870,80.2100,200,134,67.00,1277,64,Diabetes,81,80.12,Available,43,103,Yes,None,Normal
Government Royapettah Hospital,"Orthopedics, Neurology","Royapettah, Chennai 600014",2026-05-04,Mylapore,13.0540,80.2640,849,704,82.92,4321,286,Orthopedic Injury,500,82.51,Available,173,429,Yes,None,Normal
Govt Hospital for Thoracic Medicine,"Pulmonology, Tuberculosis","Tambaram, Chennai 600047",2026-05-04,Tambaram,12.9405,80.1320,745,481,64.56,2036,88,Tuberculosis,215,79.06,Available,96,305,Yes,None,Normal
Institute of Child Health and Hospital,"Pediatrics, Neonatology","Egmore, Chennai 600008",2026-05-04,Egmore,13.0745,80.2580,1000,822,82.20,4111,230,Acute Diarrhoeal Disease,245,95.04,Limited,190,533,Yes,Low Medicine Stock,Watch
Kilpauk Medical College and Hospital,"Dermatology, Psychiatry","Kilpauk, Chennai 600010",2026-05-04,Purasawalkam,13.0785,80.2425,1191,877,73.64,5924,188,Dermatological Conditions,489,81.13,Available,245,583,Yes,None,Normal
Obstetrics and Gynecology Hospital Egmore,"Maternal Healthcare, Neonatology","Egmore, Chennai 600008",2026-05-04,Egmore,13.0770,80.2610,795,715,89.94,3408,167,Maternal Conditions,295,92.35,Available,149,446,Yes,None,Normal
Rajiv Gandhi Government General Hospital,"General Medicine, Cardiology","Park Town, Chennai 600003",2026-05-04,Tondiarpet,13.0823,80.2757,2964,2454,82.79,12180,599,Diabetes,1051,85.90,Available,463,1210,Yes,None,Normal
Stanley Medical College and Hospital,"Plastic Surgery, Liver Transplant","Royapuram, Chennai 600001",2026-05-04,Tondiarpet,13.1060,80.2872,1789,1479,82.67,8363,378,Liver Disease,311,83.67,Available,333,841,Yes,None,Normal
Tamil Nadu Govt Multi-Super Specialty Hospital,"Neurology, Gastroenterology","Anna Salai, Chennai 600035",2026-05-04,Mylapore,13.0690,80.2750,500,369,73.80,2605,112,Gastrointestinal Disorders,137,83.15,Limited,156,356,Yes,Low Medicine Stock,Watch
Government Peripheral Hospital Anna Nagar,"General Medicine, Gynecology","Anna Nagar, Chennai 600102",2026-05-05,Aminjikarai,13.0870,80.2100,200,135,67.50,1213,74,Gynecological Conditions,80,80.37,Available,42,103,Yes,None,Normal
Government Royapettah Hospital,"Orthopedics, Neurology","Royapettah, Chennai 600014",2026-05-05,Mylapore,13.0540,80.2640,849,705,83.04,4145,274,Orthopedic Injury,426,82.00,Available,174,428,Yes,None,Normal
Govt Hospital for Thoracic Medicine,"Pulmonology, Tuberculosis","Tambaram, Chennai 600047",2026-05-05,Tambaram,12.9405,80.1320,745,478,64.16,1754,81,Tuberculosis,215,78.89,Available,97,302,Yes,None,Normal
Institute of Child Health and Hospital,"Pediatrics, Neonatology","Egmore, Chennai 600008",2026-05-05,Egmore,13.0745,80.2580,1000,801,80.10,3523,189,Acute Diarrhoeal Disease,246,94.78,Available,188,536,Yes,None,Normal
Kilpauk Medical College and Hospital,"Dermatology, Psychiatry","Kilpauk, Chennai 600010",2026-05-05,Purasawalkam,13.0785,80.2425,1191,850,71.37,4971,208,Dermatological Conditions,527,81.67,Available,242,588,Yes,None,Normal
Obstetrics and Gynecology Hospital Egmore,"Maternal Healthcare, Neonatology","Egmore, Chennai 600008",2026-05-05,Egmore,13.0770,80.2610,795,713,89.69,3000,152,Maternal Conditions,311,92.94,Available,149,432,Yes,None,Normal
Rajiv Gandhi Government General Hospital,"General Medicine, Cardiology","Park Town, Chennai 600003",2026-05-05,Tondiarpet,13.0823,80.2757,2965,2463,83.07,10555,522,Diabetes,991,86.40,Available,466,1232,Yes,None,Normal
Stanley Medical College and Hospital,"Plastic Surgery, Liver Transplant","Royapuram, Chennai 600001",2026-05-05,Tondiarpet,13.1060,80.2872,1789,1455,81.33,7455,353,Liver Disease,316,82.53,Available,332,848,Yes,None,Normal
Tamil Nadu Govt Multi-Super Specialty Hospital,"Neurology, Gastroenterology","Anna Salai, Chennai 600035",2026-05-05,Mylapore,13.0690,80.2750,500,357,71.40,2313,106,Gastrointestinal Disorders,162,82.94,Available,156,350,Yes,None,Normal
Government Peripheral Hospital Anna Nagar,"General Medicine, Gynecology","Anna Nagar, Chennai 600102",2026-05-06,Aminjikarai,13.0870,80.2100,200,133,66.50,1196,72,Gynecological Conditions,81,79.79,Available,42,106,Yes,None,Normal
Government Royapettah Hospital,"Orthopedics, Neurology","Royapettah, Chennai 600014",2026-05-06,Mylapore,13.0540,80.2640,849,710,83.63,4199,273,Orthopedic Injury,414,82.35,Available,177,418,Yes,None,Normal
Govt Hospital for Thoracic Medicine,"Pulmonology, Tuberculosis","Tambaram, Chennai 600047",2026-05-06,Tambaram,12.9405,80.1320,746,485,65.01,1670,88,Tuberculosis,216,79.21,Available,100,297,Yes,None,Normal
Institute of Child Health and Hospital,"Pediatrics, Neonatology","Egmore, Chennai 600008",2026-05-06,Egmore,13.0745,80.2580,1000,813,81.30,3671,203,Acute Diarrhoeal Disease,235,93.85,Available,195,527,Yes,None,Normal
Kilpauk Medical College and Hospital,"Dermatology, Psychiatry","Kilpauk, Chennai 600010",2026-05-06,Purasawalkam,13.0785,80.2425,1192,874,73.32,5089,238,Dermatological Conditions,571,81.64,Available,245,584,Yes,None,Normal
Obstetrics and Gynecology Hospital Egmore,"Maternal Healthcare, Neonatology","Egmore, Chennai 600008",2026-05-06,Egmore,13.0770,80.2610,795,689,86.67,2770,146,Maternal Conditions,356,93.58,Available,144,446,Yes,None,Normal
Rajiv Gandhi Government General Hospital,"General Medicine, Cardiology","Park Town, Chennai 600003",2026-05-06,Tondiarpet,13.0823,80.2757,2969,2445,82.35,10681,640,Cardiac Conditions,920,85.55,Available,470,1213,Yes,None,Normal
Stanley Medical College and Hospital,"Plastic Surgery, Liver Transplant","Royapuram, Chennai 600001",2026-05-06,Tondiarpet,13.1060,80.2872,1791,1428,79.73,7491,386,Liver Disease,268,82.67,Available,332,847,Yes,None,Normal
Tamil Nadu Govt Multi-Super Specialty Hospital,"Neurology, Gastroenterology","Anna Salai, Chennai 600035",2026-05-06,Mylapore,13.0690,80.2750,500,362,72.40,2454,110,Gastrointestinal Disorders,182,83.15,Available,152,350,Yes,None,Normal
Government Peripheral Hospital Anna Nagar,"General Medicine, Gynecology","Anna Nagar, Chennai 600102",2026-05-07,Aminjikarai,13.0870,80.2100,200,131,65.50,1164,69,Gynecological Conditions,79,80.39,Available,43,104,Yes,None,Normal
Government Royapettah Hospital,"Orthopedics, Neurology","Royapettah, Chennai 600014",2026-05-07,Mylapore,13.0540,80.2640,849,707,83.27,4158,259,Orthopedic Injury,356,81.47,Available,182,415,Yes,None,Normal
Govt Hospital for Thoracic Medicine,"Pulmonology, Tuberculosis","Tambaram, Chennai 600047",2026-05-07,Tambaram,12.9405,80.1320,747,504,67.47,1632,80,Tuberculosis,203,79.30,Available,101,306,Yes,None,Normal
Institute of Child Health and Hospital,"Pediatrics, Neonatology","Egmore, Chennai 600008",2026-05-07,Egmore,13.0745,80.2580,1000,815,81.50,3686,222,Neonatal Conditions,253,94.56,Available,194,517,Yes,None,Normal
Kilpauk Medical College and Hospital,"Dermatology, Psychiatry","Kilpauk, Chennai 600010",2026-05-07,Purasawalkam,13.0785,80.2425,1194,863,72.28,5263,266,Dermatological Conditions,560,81.32,Available,240,594,Yes,None,Normal
Obstetrics and Gynecology Hospital Egmore,"Maternal Healthcare, Neonatology","Egmore, Chennai 600008",2026-05-07,Egmore,13.0770,80.2610,795,672,84.53,2897,163,Maternal Conditions,374,93.89,Available,136,435,Yes,None,Normal
Rajiv Gandhi Government General Hospital,"General Medicine, Cardiology","Park Town, Chennai 600003",2026-05-07,Tondiarpet,13.0823,80.2757,2975,2436,81.88,10768,602,Diabetes,866,85.64,Available,463,1215,Yes,None,Normal
Stanley Medical College and Hospital,"Plastic Surgery, Liver Transplant","Royapuram, Chennai 600001",2026-05-07,Tondiarpet,13.1060,80.2872,1792,1443,80.52,7683,357,Liver Disease,253,82.66,Available,339,864,Yes,None,Normal
Tamil Nadu Govt Multi-Super Specialty Hospital,"Neurology, Gastroenterology","Anna Salai, Chennai 600035",2026-05-07,Mylapore,13.0690,80.2750,500,356,71.20,2321,98,Gastrointestinal Disorders,181,83.18,Available,153,357,Yes,None,Normal
Government Peripheral Hospital Anna Nagar,"General Medicine, Gynecology","Anna Nagar, Chennai 600102",2026-05-08,Aminjikarai,13.0870,80.2100,200,133,66.50,1067,69,Gynecological Conditions,85,80.71,Limited,43,106,Yes,Low Medicine Stock,Watch
Government Royapettah Hospital,"Orthopedics, Neurology","Royapettah, Chennai 600014",2026-05-08,Mylapore,13.0540,80.2640,849,701,82.57,4188,231,Orthopedic Injury,381,81.52,Available,177,426,Yes,None,Normal
Govt Hospital for Thoracic Medicine,"Pulmonology, Tuberculosis","Tambaram, Chennai 600047",2026-05-08,Tambaram,12.9405,80.1320,748,523,69.92,1829,75,Tuberculosis,212,79.03,Available,101,306,Yes,None,Normal
Institute of Child Health and Hospital,"Pediatrics, Neonatology","Egmore, Chennai 600008",2026-05-08,Egmore,13.0745,80.2580,999,818,81.88,4019,228,Neonatal Conditions,269,94.16,Available,194,524,Yes,None,Normal
Kilpauk Medical College and Hospital,"Dermatology, Psychiatry","Kilpauk, Chennai 600010",2026-05-08,Purasawalkam,13.0785,80.2425,1195,879,73.56,5922,278,Dermatological Conditions,594,80.71,Available,240,587,Yes,None,Normal
Obstetrics and Gynecology Hospital Egmore,"Maternal Healthcare, Neonatology","Egmore, Chennai 600008",2026-05-08,Egmore,13.0770,80.2610,795,660,83.02,2854,169,Maternal Conditions,377,94.19,Available,134,451,Yes,None,Normal
Rajiv Gandhi Government General Hospital,"General Medicine, Cardiology","Park Town, Chennai 600003",2026-05-08,Tondiarpet,13.0823,80.2757,2983,2401,80.49,11105,648,Cardiac Conditions,844,85.66,Limited,471,1199,Yes,Low Medicine Stock,Watch
Stanley Medical College and Hospital,"Plastic Surgery, Liver Transplant","Royapuram, Chennai 600001",2026-05-08,Tondiarpet,13.1060,80.2872,1795,1440,80.22,7646,337,Reconstructive Trauma,231,83.16,Available,329,838,Yes,None,Normal
Tamil Nadu Govt Multi-Super Specialty Hospital,"Neurology, Gastroenterology","Anna Salai, Chennai 600035",2026-05-08,Mylapore,13.0690,80.2750,499,353,70.74,2526,109,Gastrointestinal Disorders,212,82.92,Limited,153,355,Yes,Low Medicine Stock,Watch
Government Peripheral Hospital Anna Nagar,"General Medicine, Gynecology","Anna Nagar, Chennai 600102",2026-05-09,Aminjikarai,13.0870,80.2100,200,132,66.00,773,83,Gynecological Conditions,81,80.16,Limited,36,89,Yes,Low Medicine Stock,Watch
Government Royapettah Hospital,"Orthopedics, Neurology","Royapettah, Chennai 600014",2026-05-09,Mylapore,13.0540,80.2640,849,691,81.39,3311,295,Orthopedic Injury,363,81.30,Available,156,354,Yes,None,Normal
Govt Hospital for Thoracic Medicine,"Pulmonology, Tuberculosis","Tambaram, Chennai 600047",2026-05-09,Tambaram,12.9405,80.1320,749,521,69.56,1298,82,Tuberculosis,207,78.55,Available,87,257,Yes,None,Normal
Institute of Child Health and Hospital,"Pediatrics, Neonatology","Egmore, Chennai 600008",2026-05-09,Egmore,13.0745,80.2580,998,818,81.96,3059,237,Acute Diarrhoeal Disease,261,94.40,Available,167,441,Yes,None,Normal
Kilpauk Medical College and Hospital,"Dermatology, Psychiatry","Kilpauk, Chennai 600010",2026-05-09,Purasawalkam,13.0785,80.2425,1198,891,74.37,4381,337,Dermatological Conditions,634,81.13,Available,202,507,Yes,None,Normal
Obstetrics and Gynecology Hospital Egmore,"Maternal Healthcare, Neonatology","Egmore, Chennai 600008",2026-05-09,Egmore,13.0770,80.2610,795,643,80.88,1952,182,Maternal Conditions,388,94.05,Available,110,371,Yes,None,Normal
Rajiv Gandhi Government General Hospital,"General Medicine, Cardiology","Park Town, Chennai 600003",2026-05-09,Tondiarpet,13.0823,80.2757,2991,2386,79.77,9111,656,Cardiac Conditions,833,86.00,Available,395,1024,Yes,None,Normal
Stanley Medical College and Hospital,"Plastic Surgery, Liver Transplant","Royapuram, Chennai 600001",2026-05-09,Tondiarpet,13.1060,80.2872,1797,1421,79.08,5723,443,Reconstructive Trauma,234,82.48,Available,280,722,Yes,None,Normal
Tamil Nadu Govt Multi-Super Specialty Hospital,"Neurology, Gastroenterology","Anna Salai, Chennai 600035",2026-05-09,Mylapore,13.0690,80.2750,499,350,70.14,1786,117,Gastrointestinal Disorders,205,82.78,Available,131,304,Yes,None,Normal
Government Peripheral Hospital Anna Nagar,"General Medicine, Gynecology","Anna Nagar, Chennai 600102",2026-05-10,Aminjikarai,13.0870,80.2100,200,130,65.00,308,73,Gynecological Conditions,45,79.82,Limited,32,78,Yes,Low Medicine Stock,Watch
Government Royapettah Hospital,"Orthopedics, Neurology","Royapettah, Chennai 600014",2026-05-10,Mylapore,13.0540,80.2640,850,667,78.47,1240,307,Orthopedic Injury,171,81.64,Available,130,300,Yes,None,Normal
Govt Hospital for Thoracic Medicine,"Pulmonology, Tuberculosis","Tambaram, Chennai 600047",2026-05-10,Tambaram,12.9405,80.1320,750,514,68.53,526,78,Tuberculosis,108,78.60,Limited,72,214,Yes,Low Medicine Stock,Watch
Institute of Child Health and Hospital,"Pediatrics, Neonatology","Egmore, Chennai 600008",2026-05-10,Egmore,13.0745,80.2580,997,800,80.24,1268,251,Neonatal Conditions,147,93.33,Available,139,372,Yes,None,Normal
Kilpauk Medical College and Hospital,"Dermatology, Psychiatry","Kilpauk, Chennai 600010",2026-05-10,Purasawalkam,13.0785,80.2425,1200,846,70.50,1737,349,Dermatological Conditions,327,81.36,Available,166,423,Yes,None,Normal
Obstetrics and Gynecology Hospital Egmore,"Maternal Healthcare, Neonatology","Egmore, Chennai 600008",2026-05-10,Egmore,13.0770,80.2610,795,633,79.62,789,163,Maternal Conditions,215,93.85,Available,92,315,Yes,None,Normal
Rajiv Gandhi Government General Hospital,"General Medicine, Cardiology","Park Town, Chennai 600003",2026-05-10,Tondiarpet,13.0823,80.2757,3000,2326,77.53,3526,706,Cardiac Conditions,473,85.80,Limited,335,844,Yes,Low Medicine Stock,Watch
Stanley Medical College and Hospital,"Plastic Surgery, Liver Transplant","Royapuram, Chennai 600001",2026-05-10,Tondiarpet,13.1060,80.2872,1800,1369,76.06,2106,423,Liver Disease,126,82.48,Available,246,606,Yes,None,Normal
Tamil Nadu Govt Multi-Super Specialty Hospital,"Neurology, Gastroenterology","Anna Salai, Chennai 600035",2026-05-10,Mylapore,13.0690,80.2750,499,339,67.94,785,110,Gastrointestinal Disorders,119,83.31,Available,110,258,Yes,None,Normal
Government Peripheral Hospital Anna Nagar,"General Medicine, Gynecology","Anna Nagar, Chennai 600102",2026-05-11,Aminjikarai,13.0870,80.2100,200,129,64.50,1208,70,Gynecological Conditions,80,79.83,Limited,44,106,Yes,Low Medicine Stock,Watch
Government Royapettah Hospital,"Orthopedics, Neurology","Royapettah, Chennai 600014",2026-05-11,Mylapore,13.0540,80.2640,850,690,81.18,5010,303,Orthopedic Injury,316,81.57,Available,183,415,Yes,None,Normal
Govt Hospital for Thoracic Medicine,"Pulmonology, Tuberculosis","Tambaram, Chennai 600047",2026-05-11,Tambaram,12.9405,80.1320,749,518,69.16,1985,76,Tuberculosis,184,79.26,Available,100,303,Yes,None,Normal
Institute of Child Health and Hospital,"Pediatrics, Neonatology","Egmore, Chennai 600008",2026-05-11,Egmore,13.0745,80.2580,997,808,81.04,4451,193,Acute Diarrhoeal Disease,262,94.39,Available,197,525,Yes,None,Normal
Kilpauk Medical College and Hospital,"Dermatology, Psychiatry","Kilpauk, Chennai 600010",2026-05-11,Purasawalkam,13.0785,80.2425,1200,898,74.83,6073,333,Dermatological Conditions,539,81.36,Available,237,593,Yes,None,Normal
Obstetrics and Gynecology Hospital Egmore,"Maternal Healthcare, Neonatology","Egmore, Chennai 600008",2026-05-11,Egmore,13.0770,80.2610,795,649,81.64,2917,165,Maternal Conditions,401,94.04,Available,129,438,Yes,None,Normal
Rajiv Gandhi Government General Hospital,"General Medicine, Cardiology","Park Town, Chennai 600003",2026-05-11,Tondiarpet,13.0823,80.2757,2994,2405,80.33,11790,627,Cardiac Conditions,841,85.78,Limited,473,1186,Yes,Low Medicine Stock,Watch
Stanley Medical College and Hospital,"Plastic Surgery, Liver Transplant","Royapuram, Chennai 600001",2026-05-11,Tondiarpet,13.1060,80.2872,1799,1436,79.82,7993,361,Liver Disease,235,83.03,Available,338,854,Yes,None,Normal
Tamil Nadu Govt Multi-Super Specialty Hospital,"Neurology, Gastroenterology","Anna Salai, Chennai 600035",2026-05-11,Mylapore,13.0690,80.2750,499,341,68.34,2844,109,Gastrointestinal Disorders,215,83.05,Limited,150,362,Yes,Low Medicine Stock,Watch
Government Peripheral Hospital Anna Nagar,"General Medicine, Gynecology","Anna Nagar, Chennai 600102",2026-05-12,Aminjikarai,13.0870,80.2100,200,130,65.00,1197,70,Gynecological Conditions,80,80.16,Limited,43,107,Yes,Low Medicine Stock,Watch
Government Royapettah Hospital,"Orthopedics, Neurology","Royapettah, Chennai 600014",2026-05-12,Mylapore,13.0540,80.2640,850,697,82.00,4336,319,Orthopedic Injury,337,81.49,Available,182,418,Yes,None,Normal
Govt Hospital for Thoracic Medicine,"Pulmonology, Tuberculosis","Tambaram, Chennai 600047",2026-05-12,Tambaram,12.9405,80.1320,748,525,70.19,1671,66,Tuberculosis,208,79.18,Available,100,300,Yes,None,Normal
Institute of Child Health and Hospital,"Pediatrics, Neonatology","Egmore, Chennai 600008",2026-05-12,Egmore,13.0745,80.2580,996,831,83.43,4039,204,Neonatal Conditions,247,93.96,Available,195,515,Yes,None,Normal
Kilpauk Medical College and Hospital,"Dermatology, Psychiatry","Kilpauk, Chennai 600010",2026-05-12,Purasawalkam,13.0785,80.2425,1198,913,76.21,5247,342,Dermatological Conditions,598,81.08,Available,233,586,Yes,None,Normal
Obstetrics and Gynecology Hospital Egmore,"Maternal Healthcare, Neonatology","Egmore, Chennai 600008",2026-05-12,Egmore,13.0770,80.2610,795,643,80.88,2520,150,Maternal Conditions,395,93.93,Available,131,441,Yes,None,Normal
Rajiv Gandhi Government General Hospital,"General Medicine, Cardiology","Park Town, Chennai 600003",2026-05-12,Tondiarpet,13.0823,80.2757,2987,2367,79.24,9769,666,Cardiac Conditions,868,85.97,Limited,471,1188,Yes,Low Medicine Stock,Watch
Stanley Medical College and Hospital,"Plastic Surgery, Liver Transplant","Royapuram, Chennai 600001",2026-05-12,Tondiarpet,13.1060,80.2872,1797,1448,80.58,7332,376,Reconstructive Trauma,240,82.69,Available,336,845,Yes,None,Normal
Tamil Nadu Govt Multi-Super Specialty Hospital,"Neurology, Gastroenterology","Anna Salai, Chennai 600035",2026-05-12,Mylapore,13.0690,80.2750,498,346,69.48,2295,95,Gastrointestinal Disorders,197,83.21,Available,154,365,Yes,None,Normal
Government Peripheral Hospital Anna Nagar,"General Medicine, Gynecology","Anna Nagar, Chennai 600102",2026-05-13,Aminjikarai,13.0870,80.2100,200,128,64.00,1165,66,Diabetes,80,79.91,Available,42,102,Yes,None,Normal
Government Royapettah Hospital,"Orthopedics, Neurology","Royapettah, Chennai 600014",2026-05-13,Mylapore,13.0540,80.2640,850,688,80.94,3835,315,Orthopedic Injury,334,81.33,Available,177,414,Yes,None,Normal
Govt Hospital for Thoracic Medicine,"Pulmonology, Tuberculosis","Tambaram, Chennai 600047",2026-05-13,Tambaram,12.9405,80.1320,747,521,69.75,1754,76,Tuberculosis,224,79.03,Available,101,303,Yes,None,Normal
Institute of Child Health and Hospital,"Pediatrics, Neonatology","Egmore, Chennai 600008",2026-05-13,Egmore,13.0745,80.2580,996,847,85.04,3725,210,Acute Diarrhoeal Disease,253,93.49,Available,193,529,Yes,None,Normal
Kilpauk Medical College and Hospital,"Dermatology, Psychiatry","Kilpauk, Chennai 600010",2026-05-13,Purasawalkam,13.0785,80.2425,1197,918,76.69,5410,298,Dermatological Conditions,564,81.20,Available,236,574,Yes,None,Normal
Obstetrics and Gynecology Hospital Egmore,"Maternal Healthcare, Neonatology","Egmore, Chennai 600008",2026-05-13,Egmore,13.0770,80.2610,795,637,80.13,2407,162,Maternal Conditions,367,93.36,Available,135,437,Yes,None,Normal
Rajiv Gandhi Government General Hospital,"General Medicine, Cardiology","Park Town, Chennai 600003",2026-05-13,Tondiarpet,13.0823,80.2757,2984,2408,80.70,9744,603,Cardiac Conditions,811,85.79,Available,476,1215,Yes,None,Normal
Stanley Medical College and Hospital,"Plastic Surgery, Liver Transplant","Royapuram, Chennai 600001",2026-05-13,Tondiarpet,13.1060,80.2872,1796,1468,81.74,6650,415,Liver Disease,247,83.27,Available,338,835,Yes,None,Normal
Tamil Nadu Govt Multi-Super Specialty Hospital,"Neurology, Gastroenterology","Anna Salai, Chennai 600035",2026-05-13,Mylapore,13.0690,80.2750,498,347,69.68,2315,110,Gastrointestinal Disorders,168,82.74,Available,150,354,Yes,None,Normal
Government Peripheral Hospital Anna Nagar,"General Medicine, Gynecology","Anna Nagar, Chennai 600102",2026-05-14,Aminjikarai,13.0870,80.2100,200,131,65.50,1137,61,Hypertension,79,80.29,Available,41,101,Yes,None,Normal
Government Royapettah Hospital,"Orthopedics, Neurology","Royapettah, Chennai 600014",2026-05-14,Mylapore,13.0540,80.2640,850,683,80.35,3771,273,Orthopedic Injury,355,81.45,Limited,176,408,Yes,Low Medicine Stock,Watch
Govt Hospital for Thoracic Medicine,"Pulmonology, Tuberculosis","Tambaram, Chennai 600047",2026-05-14,Tambaram,12.9405,80.1320,747,513,68.67,1643,76,Tuberculosis,219,79.03,Available,105,298,Yes,None,Normal
Institute of Child Health and Hospital,"Pediatrics, Neonatology","Egmore, Chennai 600008",2026-05-14,Egmore,13.0745,80.2580,996,876,87.95,4150,199,Acute Diarrhoeal Disease,248,94.06,Available,190,529,Yes,None,Normal
Kilpauk Medical College and Hospital,"Dermatology, Psychiatry","Kilpauk, Chennai 600010",2026-05-14,Purasawalkam,13.0785,80.2425,1197,924,77.19,5292,309,Dermatological Conditions,532,80.93,Available,234,583,Yes,None,Normal
Obstetrics and Gynecology Hospital Egmore,"Maternal Healthcare, Neonatology","Egmore, Chennai 600008",2026-05-14,Egmore,13.0770,80.2610,795,628,78.99,2510,145,Maternal Conditions,387,93.35,Available,136,447,Yes,None,Normal
Rajiv Gandhi Government General Hospital,"General Medicine, Cardiology","Park Town, Chennai 600003",2026-05-14,Tondiarpet,13.0823,80.2757,2982,2403,80.58,9642,613,Cardiac Conditions,828,85.56,Available,473,1234,Yes,None,Normal
Stanley Medical College and Hospital,"Plastic Surgery, Liver Transplant","Royapuram, Chennai 600001",2026-05-14,Tondiarpet,13.1060,80.2872,1795,1472,82.01,6711,402,Liver Disease,255,83.15,Available,350,855,Yes,None,Normal
Tamil Nadu Govt Multi-Super Specialty Hospital,"Neurology, Gastroenterology","Anna Salai, Chennai 600035",2026-05-14,Mylapore,13.0690,80.2750,498,353,70.88,2262,119,Gastrointestinal Disorders,147,83.02,Available,155,360,Yes,None,Normal
Government Peripheral Hospital Anna Nagar,"General Medicine, Gynecology","Anna Nagar, Chennai 600102",2026-05-15,Aminjikarai,13.0870,80.2100,200,128,64.00,1156,52,Diabetes,94,79.92,Available,42,101,Yes,None,Normal
Government Royapettah Hospital,"Orthopedics, Neurology","Royapettah, Chennai 600014",2026-05-15,Mylapore,13.0540,80.2640,850,681,80.12,3950,308,Orthopedic Injury,342,80.90,Limited,178,411,Yes,Low Medicine Stock,Watch
Govt Hospital for Thoracic Medicine,"Pulmonology, Tuberculosis","Tambaram, Chennai 600047",2026-05-15,Tambaram,12.9405,80.1320,747,520,69.61,1654,83,Tuberculosis,272,79.07,Available,102,301,Yes,None,Normal
Institute of Child Health and Hospital,"Pediatrics, Neonatology","Egmore, Chennai 600008",2026-05-15,Egmore,13.0745,80.2580,996,891,89.46,3896,196,Acute Diarrhoeal Disease,237,93.70,Available,190,519,Yes,None,Normal
Kilpauk Medical College and Hospital,"Dermatology, Psychiatry","Kilpauk, Chennai 600010",2026-05-15,Purasawalkam,13.0785,80.2425,1197,931,77.78,5078,268,Dermatological Conditions,483,81.58,Available,240,560,Yes,None,Normal
Obstetrics and Gynecology Hospital Egmore,"Maternal Healthcare, Neonatology","Egmore, Chennai 600008",2026-05-15,Egmore,13.0770,80.2610,795,633,79.62,2533,146,Maternal Conditions,359,93.59,Available,135,431,Yes,None,Normal
Rajiv Gandhi Government General Hospital,"General Medicine, Cardiology","Park Town, Chennai 600003",2026-05-15,Tondiarpet,13.0823,80.2757,2983,2410,80.79,9866,578,Hypertension,765,85.59,Available,487,1267,Yes,None,Normal
Stanley Medical College and Hospital,"Plastic Surgery, Liver Transplant","Royapuram, Chennai 600001",2026-05-15,Tondiarpet,13.1060,80.2872,1796,1469,81.79,7065,410,Liver Disease,270,83.57,Available,359,842,Yes,None,Normal
Tamil Nadu Govt Multi-Super Specialty Hospital,"Neurology, Gastroenterology","Anna Salai, Chennai 600035",2026-05-15,Mylapore,13.0690,80.2750,498,349,70.08,2177,130,Gastrointestinal Disorders,131,82.65,Available,154,347,Yes,None,Normal
Government Peripheral Hospital Anna Nagar,"General Medicine, Gynecology","Anna Nagar, Chennai 600102",2026-05-16,Aminjikarai,13.0870,80.2100,200,128,64.00,800,63,Diabetes,106,80.34,Available,35,86,Yes,None,Normal
Government Royapettah Hospital,"Orthopedics, Neurology","Royapettah, Chennai 600014",2026-05-16,Mylapore,13.0540,80.2640,850,690,81.18,2805,316,Orthopedic Injury,321,81.78,Limited,150,354,Yes,Low Medicine Stock,Watch
Govt Hospital for Thoracic Medicine,"Pulmonology, Tuberculosis","Tambaram, Chennai 600047",2026-05-16,Tambaram,12.9405,80.1320,748,518,69.25,1279,95,Tuberculosis,271,79.01,Available,88,257,Yes,None,Normal
Institute of Child Health and Hospital,"Pediatrics, Neonatology","Egmore, Chennai 600008",2026-05-16,Egmore,13.0745,80.2580,996,904,90.76,2738,239,Acute Diarrhoeal Disease,219,93.75,Available,161,437,Yes,High Bed Occupancy,Watch
Kilpauk Medical College and Hospital,"Dermatology, Psychiatry","Kilpauk, Chennai 600010",2026-05-16,Purasawalkam,13.0785,80.2425,1198,964,80.47,3626,286,Dermatological Conditions,472,81.58,Available,207,486,Yes,None,Normal
Obstetrics and Gynecology Hospital Egmore,"Maternal Healthcare, Neonatology","Egmore, Chennai 600008",2026-05-16,Egmore,13.0770,80.2610,795,625,78.62,1818,154,Maternal Conditions,377,92.76,Available,117,379,Yes,None,Normal
Rajiv Gandhi Government General Hospital,"General Medicine, Cardiology","Park Town, Chennai 600003",2026-05-16,Tondiarpet,13.0823,80.2757,2984,2408,80.70,7362,630,Hypertension,819,84.99,Available,408,1083,Yes,None,Normal
Stanley Medical College and Hospital,"Plastic Surgery, Liver Transplant","Royapuram, Chennai 600001",2026-05-16,Tondiarpet,13.1060,80.2872,1796,1477,82.24,5184,563,Liver Disease,294,83.25,Available,309,702,Yes,None,Normal
Tamil Nadu Govt Multi-Super Specialty Hospital,"Neurology, Gastroenterology","Anna Salai, Chennai 600035",2026-05-16,Mylapore,13.0690,80.2750,499,359,71.94,1724,157,Gastrointestinal Disorders,111,82.67,Available,134,302,Yes,None,Normal
Government Peripheral Hospital Anna Nagar,"General Medicine, Gynecology","Anna Nagar, Chennai 600102",2026-05-17,Aminjikarai,13.0870,80.2100,200,125,62.50,324,66,Diabetes,63,79.88,Available,30,72,Yes,None,Normal
Government Royapettah Hospital,"Orthopedics, Neurology","Royapettah, Chennai 600014",2026-05-17,Mylapore,13.0540,80.2640,850,670,78.82,1135,301,Orthopedic Injury,176,81.88,Limited,127,297,Yes,Low Medicine Stock,Watch
Govt Hospital for Thoracic Medicine,"Pulmonology, Tuberculosis","Tambaram, Chennai 600047",2026-05-17,Tambaram,12.9405,80.1320,749,506,67.56,459,93,Tuberculosis,154,79.17,Available,77,222,Yes,None,Normal
Institute of Child Health and Hospital,"Pediatrics, Neonatology","Egmore, Chennai 600008",2026-05-17,Egmore,13.0745,80.2580,997,872,87.46,1094,257,Respiratory Infection,122,93.40,Available,136,376,Yes,None,Normal
Kilpauk Medical College and Hospital,"Dermatology, Psychiatry","Kilpauk, Chennai 600010",2026-05-17,Purasawalkam,13.0785,80.2425,1199,911,75.98,1506,324,Dermatological Conditions,257,81.67,Available,171,400,Yes,None,Normal
Obstetrics and Gynecology Hospital Egmore,"Maternal Healthcare, Neonatology","Egmore, Chennai 600008",2026-05-17,Egmore,13.0770,80.2610,794,612,77.08,788,166,Maternal Conditions,206,92.68,Available,100,321,Yes,None,Normal
Rajiv Gandhi Government General Hospital,"General Medicine, Cardiology","Park Town, Chennai 600003",2026-05-17,Tondiarpet,13.0823,80.2757,2986,2366,79.24,2973,646,Hypertension,472,85.43,Available,342,918,Yes,None,Normal
Stanley Medical College and Hospital,"Plastic Surgery, Liver Transplant","Royapuram, Chennai 600001",2026-05-17,Tondiarpet,13.1060,80.2872,1797,1446,80.47,2053,541,Liver Disease,159,84.47,Available,261,599,Yes,None,Normal
Tamil Nadu Govt Multi-Super Specialty Hospital,"Neurology, Gastroenterology","Anna Salai, Chennai 600035",2026-05-17,Mylapore,13.0690,80.2750,499,343,68.74,747,145,Neurological Disorders,58,82.49,Available,111,252,Yes,None,Normal
Government Peripheral Hospital Anna Nagar,"General Medicine, Gynecology","Anna Nagar, Chennai 600102",2026-05-18,Aminjikarai,13.0870,80.2100,200,130,65.00,1077,63,Diabetes,126,80.32,Available,42,99,Yes,None,Normal
Government Royapettah Hospital,"Orthopedics, Neurology","Royapettah, Chennai 600014",2026-05-18,Mylapore,13.0540,80.2640,849,692,81.51,4217,267,Orthopedic Injury,320,81.32,Limited,180,418,Yes,Low Medicine Stock,Watch
Govt Hospital for Thoracic Medicine,"Pulmonology, Tuberculosis","Tambaram, Chennai 600047",2026-05-18,Tambaram,12.9405,80.1320,750,515,68.67,1830,90,Tuberculosis,302,79.07,Available,104,301,Yes,None,Normal
Institute of Child Health and Hospital,"Pediatrics, Neonatology","Egmore, Chennai 600008",2026-05-18,Egmore,13.0745,80.2580,998,881,88.28,3940,208,Pediatric Infection,216,92.87,Available,192,516,Yes,None,Normal
Kilpauk Medical College and Hospital,"Dermatology, Psychiatry","Kilpauk, Chennai 600010",2026-05-18,Purasawalkam,13.0785,80.2425,1200,945,78.75,5631,253,Dermatological Conditions,450,81.53,Available,242,556,Yes,None,Normal
Obstetrics and Gynecology Hospital Egmore,"Maternal Healthcare, Neonatology","Egmore, Chennai 600008",2026-05-18,Egmore,13.0770,80.2610,794,653,82.24,2972,145,Maternal Conditions,380,91.77,Available,140,433,Yes,None,Normal
Rajiv Gandhi Government General Hospital,"General Medicine, Cardiology","Park Town, Chennai 600003",2026-05-18,Tondiarpet,13.0823,80.2757,2988,2473,82.76,11383,566,Hypertension,971,85.32,Available,472,1269,Yes,None,Normal
Stanley Medical College and Hospital,"Plastic Surgery, Liver Transplant","Royapuram, Chennai 600001",2026-05-18,Tondiarpet,13.1060,80.2872,1798,1474,81.98,7947,436,Liver Disease,318,83.83,Available,359,819,No,Ambulance Unavailable,Warning
Tamil Nadu Govt Multi-Super Specialty Hospital,"Neurology, Gastroenterology","Anna Salai, Chennai 600035",2026-05-18,Mylapore,13.0690,80.2750,500,350,70.00,2859,137,Gastrointestinal Disorders,104,82.14,Available,156,356,Yes,None,Normal
Government Peripheral Hospital Anna Nagar,"General Medicine, Gynecology","Anna Nagar, Chennai 600102",2026-05-19,Aminjikarai,13.0870,80.2100,200,127,63.50,970,69,Diabetes,118,80.44,Available,42,102,Yes,None,Normal
Government Royapettah Hospital,"Orthopedics, Neurology","Royapettah, Chennai 600014",2026-05-19,Mylapore,13.0540,80.2640,848,696,82.08,3957,270,Orthopedic Injury,301,82.04,Limited,177,418,Yes,Low Medicine Stock,Watch
Govt Hospital for Thoracic Medicine,"Pulmonology, Tuberculosis","Tambaram, Chennai 600047",2026-05-19,Tambaram,12.9405,80.1320,748,521,69.65,1526,81,Tuberculosis,333,79.00,Available,103,301,Yes,None,Normal
Institute of Child Health and Hospital,"Pediatrics, Neonatology","Egmore, Chennai 600008",2026-05-19,Egmore,13.0745,80.2580,999,845,84.58,3313,247,Acute Diarrhoeal Disease,228,92.52,Available,190,529,Yes,None,Normal
Kilpauk Medical College and Hospital,"Dermatology, Psychiatry","Kilpauk, Chennai 600010",2026-05-19,Purasawalkam,13.0785,80.2425,1199,941,78.48,5112,229,Dermatological Conditions,457,82.24,Available,238,562,Yes,None,Normal
Obstetrics and Gynecology Hospital Egmore,"Maternal Healthcare, Neonatology","Egmore, Chennai 600008",2026-05-19,Egmore,13.0770,80.2610,793,698,88.02,2630,147,Maternal Conditions,369,91.38,Available,142,448,Yes,None,Normal
Rajiv Gandhi Government General Hospital,"General Medicine, Cardiology","Park Town, Chennai 600003",2026-05-19,Tondiarpet,13.0823,80.2757,2991,2479,82.88,9638,617,Hypertension,945,84.34,Available,481,1262,Yes,None,Normal
Stanley Medical College and Hospital,"Plastic Surgery, Liver Transplant","Royapuram, Chennai 600001",2026-05-19,Tondiarpet,13.1060,80.2872,1799,1488,82.71,6988,403,Liver Disease,311,84.46,Available,359,825,No,Ambulance Unavailable,Warning
Tamil Nadu Govt Multi-Super Specialty Hospital,"Neurology, Gastroenterology","Anna Salai, Chennai 600035",2026-05-19,Mylapore,13.0690,80.2750,500,349,69.80,2604,132,Neurological Disorders,100,82.05,Available,154,348,Yes,None,Normal
Government Peripheral Hospital Anna Nagar,"General Medicine, Gynecology","Anna Nagar, Chennai 600102",2026-05-20,Aminjikarai,13.0870,80.2100,200,132,66.00,1007,78,Diabetes,114,80.27,Available,41,101,Yes,None,Normal
Government Royapettah Hospital,"Orthopedics, Neurology","Royapettah, Chennai 600014",2026-05-20,Mylapore,13.0540,80.2640,847,688,81.23,4006,307,Orthopedic Injury,335,82.08,Limited,178,415,Yes,Low Medicine Stock,Watch
Govt Hospital for Thoracic Medicine,"Pulmonology, Tuberculosis","Tambaram, Chennai 600047",2026-05-20,Tambaram,12.9405,80.1320,747,516,69.08,1590,88,Tuberculosis,327,79.44,Available,101,307,Yes,None,Normal
Institute of Child Health and Hospital,"Pediatrics, Neonatology","Egmore, Chennai 600008",2026-05-20,Egmore,13.0745,80.2580,1000,819,81.90,3410,276,Pediatric Infection,225,92.38,Available,193,531,Yes,None,Normal
Kilpauk Medical College and Hospital,"Dermatology, Psychiatry","Kilpauk, Chennai 600010",2026-05-20,Purasawalkam,13.0785,80.2425,1197,929,77.61,4724,235,Dermatological Conditions,450,82.16,Available,240,582,Yes,None,Normal
Obstetrics and Gynecology Hospital Egmore,"Maternal Healthcare, Neonatology","Egmore, Chennai 600008",2026-05-20,Egmore,13.0770,80.2610,792,728,91.92,2687,156,Maternal Conditions,359,91.30,Available,143,449,Yes,High Bed Occupancy,Watch
Rajiv Gandhi Government General Hospital,"General Medicine, Cardiology","Park Town, Chennai 600003",2026-05-20,Tondiarpet,13.0823,80.2757,2994,2518,84.10,10799,555,Hypertension,947,84.45,Available,494,1289,Yes,None,Normal
Stanley Medical College and Hospital,"Plastic Surgery, Liver Transplant","Royapuram, Chennai 600001",2026-05-20,Tondiarpet,13.1060,80.2872,1800,1490,82.78,7236,436,Liver Disease,289,84.74,Available,352,858,No,Ambulance Unavailable,Warning
Tamil Nadu Govt Multi-Super Specialty Hospital,"Neurology, Gastroenterology","Anna Salai, Chennai 600035",2026-05-20,Mylapore,13.0690,80.2750,500,337,67.40,2465,138,Neurological Disorders,100,80.96,Available,159,344,Yes,None,Normal
Government Peripheral Hospital Anna Nagar,"General Medicine, Gynecology","Anna Nagar, Chennai 600102",2026-05-21,Aminjikarai,13.0870,80.2100,200,131,65.50,1088,74,Diabetes,118,80.59,Available,42,102,Yes,None,Normal
Government Royapettah Hospital,"Orthopedics, Neurology","Royapettah, Chennai 600014",2026-05-21,Mylapore,13.0540,80.2640,846,695,82.15,3626,297,Orthopedic Injury,361,82.44,Limited,185,421,Yes,Low Medicine Stock,Watch
Govt Hospital for Thoracic Medicine,"Pulmonology, Tuberculosis","Tambaram, Chennai 600047",2026-05-21,Tambaram,12.9405,80.1320,745,513,68.86,1519,84,Tuberculosis,291,79.50,Available,102,295,Yes,None,Normal
Institute of Child Health and Hospital,"Pediatrics, Neonatology","Egmore, Chennai 600008",2026-05-21,Egmore,13.0745,80.2580,1000,808,80.80,3437,242,Pediatric Infection,253,92.32,Available,196,525,Yes,None,Normal
Kilpauk Medical College and Hospital,"Dermatology, Psychiatry","Kilpauk, Chennai 600010",2026-05-21,Purasawalkam,13.0785,80.2425,1196,930,77.76,5039,258,Dermatological Conditions,391,82.01,Available,244,566,Yes,None,Normal
Obstetrics and Gynecology Hospital Egmore,"Maternal Healthcare, Neonatology","Egmore, Chennai 600008",2026-05-21,Egmore,13.0770,80.2610,792,763,96.34,2720,163,Maternal Conditions,381,91.21,Available,140,452,Yes,Bed Capacity Critical,Critical
Rajiv Gandhi Government General Hospital,"General Medicine, Cardiology","Park Town, Chennai 600003",2026-05-21,Tondiarpet,13.0823,80.2757,2997,2536,84.62,10873,544,Hypertension,903,84.40,Available,483,1234,Yes,None,Normal
Stanley Medical College and Hospital,"Plastic Surgery, Liver Transplant","Royapuram, Chennai 600001",2026-05-21,Tondiarpet,13.1060,80.2872,1800,1470,81.67,7009,400,Liver Disease,285,85.31,Available,349,868,No,Ambulance Unavailable,Warning
Tamil Nadu Govt Multi-Super Specialty Hospital,"Neurology, Gastroenterology","Anna Salai, Chennai 600035",2026-05-21,Mylapore,13.0690,80.2750,500,343,68.60,2450,129,Neurological Disorders,108,80.87,Available,160,345,Yes,None,Normal
Government Peripheral Hospital Anna Nagar,"General Medicine, Gynecology","Anna Nagar, Chennai 600102",2026-05-22,Aminjikarai,13.0870,80.2100,200,131,65.50,1149,80,Diabetes,105,80.21,Available,42,102,Yes,None,Normal
Government Royapettah Hospital,"Orthopedics, Neurology","Royapettah, Chennai 600014",2026-05-22,Mylapore,13.0540,80.2640,846,698,82.51,3636,286,Orthopedic Injury,340,82.17,Limited,180,433,Yes,Low Medicine Stock,Watch
Govt Hospital for Thoracic Medicine,"Pulmonology, Tuberculosis","Tambaram, Chennai 600047",2026-05-22,Tambaram,12.9405,80.1320,744,505,67.88,1593,74,Tuberculosis,276,79.78,Available,98,296,Yes,None,Normal
Institute of Child Health and Hospital,"Pediatrics, Neonatology","Egmore, Chennai 600008",2026-05-22,Egmore,13.0745,80.2580,999,808,80.88,3592,252,Pediatric Infection,247,91.91,Available,199,520,Yes,None,Normal
Kilpauk Medical College and Hospital,"Dermatology, Psychiatry","Kilpauk, Chennai 600010",2026-05-22,Purasawalkam,13.0785,80.2425,1195,904,75.65,4620,250,Dermatological Conditions,386,82.80,Available,241,575,Yes,None,Normal
Obstetrics and Gynecology Hospital Egmore,"Maternal Healthcare, Neonatology","Egmore, Chennai 600008",2026-05-22,Egmore,13.0770,80.2610,791,761,96.21,2499,168,Maternal Conditions,327,90.42,Available,141,447,Yes,Bed Capacity Critical,Critical
Rajiv Gandhi Government General Hospital,"General Medicine, Cardiology","Park Town, Chennai 600003",2026-05-22,Tondiarpet,13.0823,80.2757,2999,2561,85.40,10879,519,Hypertension,798,84.31,Available,488,1262,Yes,None,Normal
Stanley Medical College and Hospital,"Plastic Surgery, Liver Transplant","Royapuram, Chennai 600001",2026-05-22,Tondiarpet,13.1060,80.2872,1799,1476,82.05,7012,420,Liver Disease,308,85.60,Available,343,864,Yes,None,Normal
Tamil Nadu Govt Multi-Super Specialty Hospital,"Neurology, Gastroenterology","Anna Salai, Chennai 600035",2026-05-22,Mylapore,13.0690,80.2750,499,339,67.94,2596,107,Neurological Disorders,112,80.11,Available,161,350,Yes,None,Normal
Government Peripheral Hospital Anna Nagar,"General Medicine, Gynecology","Anna Nagar, Chennai 600102",2026-05-23,Aminjikarai,13.0870,80.2100,199,131,65.83,929,87,Hypertension,93,80.61,Available,35,88,Yes,None,Normal
Government Royapettah Hospital,"Orthopedics, Neurology","Royapettah, Chennai 600014",2026-05-23,Mylapore,13.0540,80.2640,845,696,82.37,2864,304,Orthopedic Injury,347,82.40,Limited,156,378,Yes,Low Medicine Stock,Watch
Govt Hospital for Thoracic Medicine,"Pulmonology, Tuberculosis","Tambaram, Chennai 600047",2026-05-23,Tambaram,12.9405,80.1320,743,519,69.85,1200,87,Tuberculosis,285,79.24,Available,84,259,Yes,None,Normal
Institute of Child Health and Hospital,"Pediatrics, Neonatology","Egmore, Chennai 600008",2026-05-23,Egmore,13.0745,80.2580,998,814,81.56,2811,273,Respiratory Infection,239,91.28,Available,172,452,Yes,None,Normal
Kilpauk Medical College and Hospital,"Dermatology, Psychiatry","Kilpauk, Chennai 600010",2026-05-23,Purasawalkam,13.0785,80.2425,1194,927,77.64,3551,325,Dermatological Conditions,390,83.09,Available,204,487,Yes,None,Normal
Obstetrics and Gynecology Hospital Egmore,"Maternal Healthcare, Neonatology","Egmore, Chennai 600008",2026-05-23,Egmore,13.0770,80.2610,791,750,94.82,1812,168,Maternal Conditions,350,90.17,Available,120,395,Yes,High Bed Occupancy,Watch
Rajiv Gandhi Government General Hospital,"General Medicine, Cardiology","Park Town, Chennai 600003",2026-05-23,Tondiarpet,13.0823,80.2757,3000,2565,85.50,8277,551,Hypertension,787,84.15,Available,425,1064,Yes,None,Normal
Stanley Medical College and Hospital,"Plastic Surgery, Liver Transplant","Royapuram, Chennai 600001",2026-05-23,Tondiarpet,13.1060,80.2872,1799,1483,82.43,4879,427,Liver Disease,269,85.81,Available,293,722,Yes,None,Normal
Tamil Nadu Govt Multi-Super Specialty Hospital,"Neurology, Gastroenterology","Anna Salai, Chennai 600035",2026-05-23,Mylapore,13.0690,80.2750,499,342,68.54,1929,110,Gastrointestinal Disorders,113,79.59,Available,133,299,No,Ambulance Unavailable,Warning
Government Peripheral Hospital Anna Nagar,"General Medicine, Gynecology","Anna Nagar, Chennai 600102",2026-05-24,Aminjikarai,13.0870,80.2100,199,130,65.33,358,89,Hypertension,54,80.96,Available,30,74,No,Ambulance Unavailable,Warning
Government Royapettah Hospital,"Orthopedics, Neurology","Royapettah, Chennai 600014",2026-05-24,Mylapore,13.0540,80.2640,845,680,80.47,1054,334,Orthopedic Injury,201,82.29,Limited,131,312,Yes,Low Medicine Stock,Watch
Govt Hospital for Thoracic Medicine,"Pulmonology, Tuberculosis","Tambaram, Chennai 600047",2026-05-24,Tambaram,12.9405,80.1320,743,484,65.14,471,88,Tuberculosis,137,79.29,Available,71,216,Yes,None,Normal
Institute of Child Health and Hospital,"Pediatrics, Neonatology","Egmore, Chennai 600008",2026-05-24,Egmore,13.0745,80.2580,998,771,77.25,1082,266,Respiratory Infection,140,91.26,Available,146,377,Yes,None,Normal
Kilpauk Medical College and Hospital,"Dermatology, Psychiatry","Kilpauk, Chennai 600010",2026-05-24,Purasawalkam,13.0785,80.2425,1193,891,74.69,1481,295,Dermatological Conditions,222,82.67,Available,170,419,Yes,None,Normal
Obstetrics and Gynecology Hospital Egmore,"Maternal Healthcare, Neonatology","Egmore, Chennai 600008",2026-05-24,Egmore,13.0770,80.2610,791,714,90.27,697,182,Maternal Conditions,180,89.82,Available,103,334,Yes,High Bed Occupancy,Watch
Rajiv Gandhi Government General Hospital,"General Medicine, Cardiology","Park Town, Chennai 600003",2026-05-24,Tondiarpet,13.0823,80.2757,3000,2536,84.53,3298,549,Hypertension,403,83.92,Available,358,877,Yes,None,Normal
Stanley Medical College and Hospital,"Plastic Surgery, Liver Transplant","Royapuram, Chennai 600001",2026-05-24,Tondiarpet,13.1060,80.2872,1799,1454,80.82,2055,433,Liver Disease,149,86.51,Available,239,634,Yes,None,Normal
Tamil Nadu Govt Multi-Super Specialty Hospital,"Neurology, Gastroenterology","Anna Salai, Chennai 600035",2026-05-24,Mylapore,13.0690,80.2750,499,334,66.93,770,100,Gastrointestinal Disorders,69,79.58,Available,116,249,No,Ambulance Unavailable,Warning
Government Peripheral Hospital Anna Nagar,"General Medicine, Gynecology","Anna Nagar, Chennai 600102",2026-05-25,Aminjikarai,13.0870,80.2100,199,137,68.84,1357,81,Hypertension,93,80.62,Available,43,105,No,Ambulance Unavailable,Warning
Government Royapettah Hospital,"Orthopedics, Neurology","Royapettah, Chennai 600014",2026-05-25,Mylapore,13.0540,80.2640,845,696,82.37,3902,283,Orthopedic Injury,398,82.77,Limited,182,434,Yes,Low Medicine Stock,Watch
Govt Hospital for Thoracic Medicine,"Pulmonology, Tuberculosis","Tambaram, Chennai 600047",2026-05-25,Tambaram,12.9405,80.1320,743,507,68.24,1731,80,Tuberculosis,255,79.51,Available,97,303,Yes,None,Normal
Institute of Child Health and Hospital,"Pediatrics, Neonatology","Egmore, Chennai 600008",2026-05-25,Egmore,13.0745,80.2580,998,798,79.96,3950,217,Respiratory Infection,270,90.90,Available,198,534,Yes,None,Normal
Kilpauk Medical College and Hospital,"Dermatology, Psychiatry","Kilpauk, Chennai 600010",2026-05-25,Purasawalkam,13.0785,80.2425,1194,931,77.97,5076,293,Mental Health Conditions,361,82.81,Available,243,574,Yes,None,Normal
Obstetrics and Gynecology Hospital Egmore,"Maternal Healthcare, Neonatology","Egmore, Chennai 600008",2026-05-25,Egmore,13.0770,80.2610,791,701,88.62,2753,153,Maternal Conditions,328,89.27,Available,143,467,Yes,None,Normal
Rajiv Gandhi Government General Hospital,"General Medicine, Cardiology","Park Town, Chennai 600003",2026-05-25,Tondiarpet,13.0823,80.2757,3000,2475,82.50,11169,526,Cardiac Conditions,691,83.73,Available,498,1254,Yes,None,Normal
Stanley Medical College and Hospital,"Plastic Surgery, Liver Transplant","Royapuram, Chennai 600001",2026-05-25,Tondiarpet,13.1060,80.2872,1799,1503,83.55,7098,373,Burn Injuries,309,86.90,Available,339,848,Yes,None,Normal
Tamil Nadu Govt Multi-Super Specialty Hospital,"Neurology, Gastroenterology","Anna Salai, Chennai 600035",2026-05-25,Mylapore,13.0690,80.2750,499,340,68.14,2760,105,Gastrointestinal Disorders,132,79.42,Available,158,345,Yes,None,Normal
Government Peripheral Hospital Anna Nagar,"General Medicine, Gynecology","Anna Nagar, Chennai 600102",2026-05-26,Aminjikarai,13.0870,80.2100,200,147,73.50,1157,81,Hypertension,91,81.04,Available,41,103,Yes,None,Normal
Government Royapettah Hospital,"Orthopedics, Neurology","Royapettah, Chennai 600014",2026-05-26,Mylapore,13.0540,80.2640,845,714,84.50,3562,304,Orthopedic Injury,415,82.54,Limited,181,437,Yes,Low Medicine Stock,Watch
Govt Hospital for Thoracic Medicine,"Pulmonology, Tuberculosis","Tambaram, Chennai 600047",2026-05-26,Tambaram,12.9405,80.1320,744,515,69.22,1611,89,Tuberculosis,246,79.19,Available,101,295,Yes,None,Normal
Institute of Child Health and Hospital,"Pediatrics, Neonatology","Egmore, Chennai 600008",2026-05-26,Egmore,13.0745,80.2580,998,819,82.06,3413,246,Neonatal Conditions,265,90.87,Available,197,528,Yes,None,Normal
Kilpauk Medical College and Hospital,"Dermatology, Psychiatry","Kilpauk, Chennai 600010",2026-05-26,Purasawalkam,13.0785,80.2425,1194,902,75.54,4532,272,Dermatological Conditions,403,82.74,Available,243,568,Yes,None,Normal
Obstetrics and Gynecology Hospital Egmore,"Maternal Healthcare, Neonatology","Egmore, Chennai 600008",2026-05-26,Egmore,13.0770,80.2610,792,678,85.61,2486,153,Maternal Conditions,320,89.10,Available,145,470,Yes,None,Normal
Rajiv Gandhi Government General Hospital,"General Medicine, Cardiology","Park Town, Chennai 600003",2026-05-26,Tondiarpet,13.0823,80.2757,3000,2504,83.47,10848,622,Hypertension,689,84.13,Available,484,1242,Yes,None,Normal
Stanley Medical College and Hospital,"Plastic Surgery, Liver Transplant","Royapuram, Chennai 600001",2026-05-26,Tondiarpet,13.1060,80.2872,1799,1456,80.93,6875,379,Burn Injuries,304,86.94,Available,341,844,Yes,None,Normal
Tamil Nadu Govt Multi-Super Specialty Hospital,"Neurology, Gastroenterology","Anna Salai, Chennai 600035",2026-05-26,Mylapore,13.0690,80.2750,499,348,69.74,2434,104,Gastrointestinal Disorders,138,79.27,Available,159,346,Yes,None,Normal
Government Peripheral Hospital Anna Nagar,"General Medicine, Gynecology","Anna Nagar, Chennai 600102",2026-05-27,Aminjikarai,13.0870,80.2100,200,146,73.00,1203,86,Hypertension,104,80.50,Available,42,105,Yes,None,Normal
Government Royapettah Hospital,"Orthopedics, Neurology","Royapettah, Chennai 600014",2026-05-27,Mylapore,13.0540,80.2640,845,711,84.14,3640,344,Orthopedic Injury,438,82.80,Limited,180,433,Yes,Low Medicine Stock,Watch
Govt Hospital for Thoracic Medicine,"Pulmonology, Tuberculosis","Tambaram, Chennai 600047",2026-05-27,Tambaram,12.9405,80.1320,745,496,66.58,1793,95,Tuberculosis,228,79.24,Available,103,296,Yes,None,Normal
Institute of Child Health and Hospital,"Pediatrics, Neonatology","Egmore, Chennai 600008",2026-05-27,Egmore,13.0745,80.2580,998,831,83.27,3511,206,Respiratory Infection,290,90.87,Available,200,528,Yes,None,Normal
Kilpauk Medical College and Hospital,"Dermatology, Psychiatry","Kilpauk, Chennai 600010",2026-05-27,Purasawalkam,13.0785,80.2425,1195,906,75.82,4959,258,Dermatological Conditions,381,83.64,Available,241,570,Yes,None,Normal
Obstetrics and Gynecology Hospital Egmore,"Maternal Healthcare, Neonatology","Egmore, Chennai 600008",2026-05-27,Egmore,13.0770,80.2610,794,658,82.87,2640,130,Maternal Conditions,345,89.24,Available,144,464,Yes,None,Normal
Rajiv Gandhi Government General Hospital,"General Medicine, Cardiology","Park Town, Chennai 600003",2026-05-27,Tondiarpet,13.0823,80.2757,2999,2530,84.36,10614,635,Hypertension,710,84.21,Available,481,1258,Yes,None,Normal
Stanley Medical College and Hospital,"Plastic Surgery, Liver Transplant","Royapuram, Chennai 600001",2026-05-27,Tondiarpet,13.1060,80.2872,1798,1464,81.42,7254,354,Burn Injuries,355,86.88,Available,330,864,Yes,None,Normal
Tamil Nadu Govt Multi-Super Specialty Hospital,"Neurology, Gastroenterology","Anna Salai, Chennai 600035",2026-05-27,Mylapore,13.0690,80.2750,499,346,69.34,2645,127,Neurological Disorders,140,78.78,Available,163,343,Yes,None,Normal
Government Peripheral Hospital Anna Nagar,"General Medicine, Gynecology","Anna Nagar, Chennai 600102",2026-05-28,Aminjikarai,13.0870,80.2100,200,151,75.50,1195,80,Hypertension,107,81.11,Available,42,105,Yes,None,Normal
Government Royapettah Hospital,"Orthopedics, Neurology","Royapettah, Chennai 600014",2026-05-28,Mylapore,13.0540,80.2640,845,718,84.97,3932,364,Orthopedic Injury,427,83.17,Limited,174,433,Yes,Low Medicine Stock,Watch
Govt Hospital for Thoracic Medicine,"Pulmonology, Tuberculosis","Tambaram, Chennai 600047",2026-05-28,Tambaram,12.9405,80.1320,746,501,67.16,1868,100,Tuberculosis,240,79.55,Available,101,294,Yes,None,Normal
Institute of Child Health and Hospital,"Pediatrics, Neonatology","Egmore, Chennai 600008",2026-05-28,Egmore,13.0745,80.2580,998,827,82.87,3631,233,Neonatal Conditions,304,90.60,Available,198,516,Yes,None,Normal
Kilpauk Medical College and Hospital,"Dermatology, Psychiatry","Kilpauk, Chennai 600010",2026-05-28,Purasawalkam,13.0785,80.2425,1196,928,77.59,4703,259,Dermatological Conditions,380,83.51,Available,243,572,Yes,None,Normal
Obstetrics and Gynecology Hospital Egmore,"Maternal Healthcare, Neonatology","Egmore, Chennai 600008",2026-05-28,Egmore,13.0770,80.2610,796,656,82.41,2493,128,Maternal Conditions,324,88.28,Available,141,455,Yes,None,Normal
Rajiv Gandhi Government General Hospital,"General Medicine, Cardiology","Park Town, Chennai 600003",2026-05-28,Tondiarpet,13.0823,80.2757,2997,2532,84.48,9941,657,Cardiac Conditions,655,83.51,Available,470,1289,Yes,None,Normal
Stanley Medical College and Hospital,"Plastic Surgery, Liver Transplant","Royapuram, Chennai 600001",2026-05-28,Tondiarpet,13.1060,80.2872,1798,1472,81.87,7435,398,Burn Injuries,370,87.69,Available,334,828,Yes,None,Normal
Tamil Nadu Govt Multi-Super Specialty Hospital,"Neurology, Gastroenterology","Anna Salai, Chennai 600035",2026-05-28,Mylapore,13.0690,80.2750,500,353,70.60,2600,126,Neurological Disorders,132,78.87,Available,165,337,Yes,None,Normal
Government Peripheral Hospital Anna Nagar,"General Medicine, Gynecology","Anna Nagar, Chennai 600102",2026-05-29,Aminjikarai,13.0870,80.2100,200,147,73.50,1073,81,Hypertension,106,81.16,Available,42,107,Yes,None,Normal
Government Royapettah Hospital,"Orthopedics, Neurology","Royapettah, Chennai 600014",2026-05-29,Mylapore,13.0540,80.2640,845,725,85.80,4052,331,Orthopedic Injury,428,83.12,Limited,176,419,Yes,Low Medicine Stock,Watch
Govt Hospital for Thoracic Medicine,"Pulmonology, Tuberculosis","Tambaram, Chennai 600047",2026-05-29,Tambaram,12.9405,80.1320,748,505,67.51,1886,89,Tuberculosis,228,79.36,Available,102,288,Yes,None,Normal
Institute of Child Health and Hospital,"Pediatrics, Neonatology","Egmore, Chennai 600008",2026-05-29,Egmore,13.0745,80.2580,997,821,82.35,3615,218,Neonatal Conditions,304,90.44,Available,195,525,Yes,None,Normal
Kilpauk Medical College and Hospital,"Dermatology, Psychiatry","Kilpauk, Chennai 600010",2026-05-29,Purasawalkam,13.0785,80.2425,1198,916,76.46,4796,239,Mental Health Conditions,406,83.78,Available,240,551,Yes,None,Normal
Obstetrics and Gynecology Hospital Egmore,"Maternal Healthcare, Neonatology","Egmore, Chennai 600008",2026-05-29,Egmore,13.0770,80.2610,799,672,84.11,2520,150,Maternal Conditions,359,88.54,Available,146,469,Yes,None,Normal
Rajiv Gandhi Government General Hospital,"General Medicine, Cardiology","Park Town, Chennai 600003",2026-05-29,Tondiarpet,13.0823,80.2757,2995,2475,82.64,9733,637,Hypertension,698,83.51,Available,467,1278,Yes,None,Normal
Stanley Medical College and Hospital,"Plastic Surgery, Liver Transplant","Royapuram, Chennai 600001",2026-05-29,Tondiarpet,13.1060,80.2872,1798,1478,82.20,8044,355,Burn Injuries,312,87.51,Available,336,828,Yes,None,Normal
Tamil Nadu Govt Multi-Super Specialty Hospital,"Neurology, Gastroenterology","Anna Salai, Chennai 600035",2026-05-29,Mylapore,13.0690,80.2750,500,358,71.60,2459,121,Neurological Disorders,141,78.17,Limited,162,342,Yes,Low Medicine Stock,Watch
Government Peripheral Hospital Anna Nagar,"General Medicine, Gynecology","Anna Nagar, Chennai 600102",2026-05-30,Aminjikarai,13.0870,80.2100,200,151,75.50,869,66,Hypertension,106,80.67,Available,36,94,Yes,None,Normal
Government Royapettah Hospital,"Orthopedics, Neurology","Royapettah, Chennai 600014",2026-05-30,Mylapore,13.0540,80.2640,845,703,83.20,3065,333,Orthopedic Injury,395,82.55,Available,144,361,Yes,None,Normal
Govt Hospital for Thoracic Medicine,"Pulmonology, Tuberculosis","Tambaram, Chennai 600047",2026-05-30,Tambaram,12.9405,80.1320,750,501,66.80,1429,98,Tuberculosis,239,79.59,Available,88,242,Yes,None,Normal
Institute of Child Health and Hospital,"Pediatrics, Neonatology","Egmore, Chennai 600008",2026-05-30,Egmore,13.0745,80.2580,997,808,81.04,2747,220,Respiratory Infection,282,90.38,Available,161,436,Yes,None,Normal
Kilpauk Medical College and Hospital,"Dermatology, Psychiatry","Kilpauk, Chennai 600010",2026-05-30,Purasawalkam,13.0785,80.2425,1199,915,76.31,3895,301,Dermatological Conditions,416,83.32,Available,206,469,Yes,None,Normal
Obstetrics and Gynecology Hospital Egmore,"Maternal Healthcare, Neonatology","Egmore, Chennai 600008",2026-05-30,Egmore,13.0770,80.2610,800,672,84.00,1893,152,Maternal Conditions,319,87.85,Available,120,396,Yes,None,Normal
Rajiv Gandhi Government General Hospital,"General Medicine, Cardiology","Park Town, Chennai 600003",2026-05-30,Tondiarpet,13.0823,80.2757,2994,2467,82.40,8020,637,Hypertension,664,84.09,Available,388,1110,Yes,None,Normal
Stanley Medical College and Hospital,"Plastic Surgery, Liver Transplant","Royapuram, Chennai 600001",2026-05-30,Tondiarpet,13.1060,80.2872,1798,1477,82.15,5852,418,Burn Injuries,328,87.70,Available,275,696,Yes,None,Normal
Tamil Nadu Govt Multi-Super Specialty Hospital,"Neurology, Gastroenterology","Anna Salai, Chennai 600035",2026-05-30,Mylapore,13.0690,80.2750,500,363,72.60,2010,137,Neurological Disorders,139,77.77,Limited,140,286,Yes,Low Medicine Stock,Watch
Government Peripheral Hospital Anna Nagar,"General Medicine, Gynecology","Anna Nagar, Chennai 600102",2026-05-31,Aminjikarai,13.0870,80.2100,200,148,74.00,335,56,Hypertension,59,81.58,Available,30,79,Yes,None,Normal
Government Royapettah Hospital,"Orthopedics, Neurology","Royapettah, Chennai 600014",2026-05-31,Mylapore,13.0540,80.2640,846,663,78.37,1124,344,Orthopedic Injury,229,82.84,Available,126,299,Yes,None,Normal
Govt Hospital for Thoracic Medicine,"Pulmonology, Tuberculosis","Tambaram, Chennai 600047",2026-05-31,Tambaram,12.9405,80.1320,750,499,66.53,521,92,Tuberculosis,116,79.39,Available,76,211,Yes,None,Normal
Institute of Child Health and Hospital,"Pediatrics, Neonatology","Egmore, Chennai 600008",2026-05-31,Egmore,13.0745,80.2580,997,774,77.63,1081,228,Neonatal Conditions,152,90.17,Available,139,365,Yes,None,Normal
Kilpauk Medical College and Hospital,"Dermatology, Psychiatry","Kilpauk, Chennai 600010",2026-05-31,Purasawalkam,13.0785,80.2425,1200,881,73.42,1508,281,Dermatological Conditions,249,83.68,Available,174,400,Yes,None,Normal
Obstetrics and Gynecology Hospital Egmore,"Maternal Healthcare, Neonatology","Egmore, Chennai 600008",2026-05-31,Egmore,13.0770,80.2610,797,679,85.19,795,161,Maternal Conditions,186,88.19,Available,105,334,Yes,None,Normal
Rajiv Gandhi Government General Hospital,"General Medicine, Cardiology","Park Town, Chennai 600003",2026-05-31,Tondiarpet,13.0823,80.2757,2992,2414,80.68,3175,681,Hypertension,413,83.22,Available,332,946,Yes,None,Normal
Stanley Medical College and Hospital,"Plastic Surgery, Liver Transplant","Royapuram, Chennai 600001",2026-05-31,Tondiarpet,13.1060,80.2872,1798,1473,81.92,2185,448,Burn Injuries,159,87.60,Available,239,599,Yes,None,Normal
Tamil Nadu Govt Multi-Super Specialty Hospital,"Neurology, Gastroenterology","Anna Salai, Chennai 600035",2026-05-31,Mylapore,13.0690,80.2750,500,359,71.80,736,120,Gastrointestinal Disorders,82,78.99,Limited,116,244,Yes,Low Medicine Stock,Watch
Government Peripheral Hospital Anna Nagar,"General Medicine, Gynecology","Anna Nagar, Chennai 600102",2026-06-01,Aminjikarai,13.0870,80.2100,200,154,77.00,1287,47,Hypertension,99,80.96,Available,42,110,Yes,None,Normal
Government Royapettah Hospital,"Orthopedics, Neurology","Royapettah, Chennai 600014",2026-06-01,Mylapore,13.0540,80.2640,846,690,81.56,4398,319,Orthopedic Injury,361,82.66,Available,169,421,Yes,None,Normal
Govt Hospital for Thoracic Medicine,"Pulmonology, Tuberculosis","Tambaram, Chennai 600047",2026-06-01,Tambaram,12.9405,80.1320,748,502,67.11,2019,83,Tuberculosis,199,79.41,Available,104,293,Yes,None,Normal
Institute of Child Health and Hospital,"Pediatrics, Neonatology","Egmore, Chennai 600008",2026-06-01,Egmore,13.0745,80.2580,997,801,80.34,4058,182,Acute Diarrhoeal Disease,263,90.46,Available,191,512,Yes,Acute Diarrhoeal Disease Surge,Warning
Kilpauk Medical College and Hospital,"Dermatology, Psychiatry","Kilpauk, Chennai 600010",2026-06-01,Purasawalkam,13.0785,80.2425,1200,900,75.00,6040,249,Dermatological Conditions,484,83.58,Available,249,554,Yes,None,Normal
Obstetrics and Gynecology Hospital Egmore,"Maternal Healthcare, Neonatology","Egmore, Chennai 600008",2026-06-01,Egmore,13.0770,80.2610,795,705,88.68,3012,143,Maternal Conditions,304,88.22,Available,144,464,Yes,None,Normal
Rajiv Gandhi Government General Hospital,"General Medicine, Cardiology","Park Town, Chennai 600003",2026-06-01,Tondiarpet,13.0823,80.2757,2991,2434,81.38,12138,497,Hypertension,774,83.30,Available,474,1311,Yes,None,Normal
Stanley Medical College and Hospital,"Plastic Surgery, Liver Transplant","Royapuram, Chennai 600001",2026-06-01,Tondiarpet,13.1060,80.2872,1798,1505,83.70,8257,366,Burn Injuries,293,87.95,Available,334,818,Yes,None,Normal
Tamil Nadu Govt Multi-Super Specialty Hospital,"Neurology, Gastroenterology","Anna Salai, Chennai 600035",2026-06-01,Mylapore,13.0690,80.2750,500,385,77.00,3038,112,Gastrointestinal Disorders,130,78.44,Critical,163,338,Yes,Medicine Shortage,Critical
Government Peripheral Hospital Anna Nagar,"General Medicine, Gynecology","Anna Nagar, Chennai 600102",2026-06-02,Aminjikarai,13.0870,80.2100,199,153,76.88,1180,54,Hypertension,99,80.79,Available,42,111,Yes,None,Normal
Government Royapettah Hospital,"Orthopedics, Neurology","Royapettah, Chennai 600014",2026-06-02,Mylapore,13.0540,80.2640,846,678,80.14,4138,280,Orthopedic Injury,353,83.02,Available,173,424,Yes,None,Normal
Govt Hospital for Thoracic Medicine,"Pulmonology, Tuberculosis","Tambaram, Chennai 600047",2026-06-02,Tambaram,12.9405,80.1320,748,515,68.85,1622,74,Tuberculosis,198,79.72,Available,105,291,Yes,None,Normal
Institute of Child Health and Hospital,"Pediatrics, Neonatology","Egmore, Chennai 600008",2026-06-02,Egmore,13.0745,80.2580,997,784,78.64,3578,204,Acute Diarrhoeal Disease,281,90.69,Available,189,518,Yes,Acute Diarrhoeal Disease Surge,Warning
Kilpauk Medical College and Hospital,"Dermatology, Psychiatry","Kilpauk, Chennai 600010",2026-06-02,Purasawalkam,13.0785,80.2425,1199,898,74.90,5533,270,Dermatological Conditions,526,83.19,Available,243,554,Yes,None,Normal
Obstetrics and Gynecology Hospital Egmore,"Maternal Healthcare, Neonatology","Egmore, Chennai 600008",2026-06-02,Egmore,13.0770,80.2610,794,728,91.69,2839,144,Maternal Conditions,283,88.26,Available,141,462,Yes,High Bed Occupancy,Watch
Rajiv Gandhi Government General Hospital,"General Medicine, Cardiology","Park Town, Chennai 600003",2026-06-02,Tondiarpet,13.0823,80.2757,2990,2422,81.00,11738,587,Hypertension,744,83.74,Available,476,1284,Yes,None,Normal
Stanley Medical College and Hospital,"Plastic Surgery, Liver Transplant","Royapuram, Chennai 600001",2026-06-02,Tondiarpet,13.1060,80.2872,1798,1523,84.71,7105,411,Burn Injuries,256,87.38,Available,331,838,Yes,None,Normal
Tamil Nadu Govt Multi-Super Specialty Hospital,"Neurology, Gastroenterology","Anna Salai, Chennai 600035",2026-06-02,Mylapore,13.0690,80.2750,500,391,78.20,2542,109,Gastrointestinal Disorders,132,78.34,Critical,163,350,Yes,Medicine Shortage,Critical
Government Peripheral Hospital Anna Nagar,"General Medicine, Gynecology","Anna Nagar, Chennai 600102",2026-06-03,Aminjikarai,13.0870,80.2100,199,151,75.88,1159,69,Hypertension,96,80.97,Available,42,107,Yes,None,Normal
Government Royapettah Hospital,"Orthopedics, Neurology","Royapettah, Chennai 600014",2026-06-03,Mylapore,13.0540,80.2640,846,671,79.31,4159,282,Orthopedic Injury,370,82.89,Available,178,418,Yes,None,Normal
Govt Hospital for Thoracic Medicine,"Pulmonology, Tuberculosis","Tambaram, Chennai 600047",2026-06-03,Tambaram,12.9405,80.1320,747,526,70.41,1721,81,Tuberculosis,202,79.61,Available,103,291,Yes,None,Normal
Institute of Child Health and Hospital,"Pediatrics, Neonatology","Egmore, Chennai 600008",2026-06-03,Egmore,13.0745,80.2580,997,782,78.44,3746,176,Acute Diarrhoeal Disease,313,90.66,Available,195,516,Yes,Acute Diarrhoeal Disease Surge,Warning
Kilpauk Medical College and Hospital,"Dermatology, Psychiatry","Kilpauk, Chennai 600010",2026-06-03,Purasawalkam,13.0785,80.2425,1199,909,75.81,5570,251,Dermatological Conditions,516,83.76,Available,236,542,Yes,None,Normal
Obstetrics and Gynecology Hospital Egmore,"Maternal Healthcare, Neonatology","Egmore, Chennai 600008",2026-06-03,Egmore,13.0770,80.2610,794,737,92.82,2553,134,Maternal Conditions,284,88.53,Available,143,462,Yes,High Bed Occupancy,Watch
Rajiv Gandhi Government General Hospital,"General Medicine, Cardiology","Park Town, Chennai 600003",2026-06-03,Tondiarpet,13.0823,80.2757,2990,2402,80.33,11978,504,Hypertension,801,83.51,Available,480,1303,Yes,None,Normal
Stanley Medical College and Hospital,"Plastic Surgery, Liver Transplant","Royapuram, Chennai 600001",2026-06-03,Tondiarpet,13.1060,80.2872,1798,1526,84.87,6848,381,Reconstructive Trauma,226,86.68,Available,322,847,Yes,None,Normal
Tamil Nadu Govt Multi-Super Specialty Hospital,"Neurology, Gastroenterology","Anna Salai, Chennai 600035",2026-06-03,Mylapore,13.0690,80.2750,500,395,79.00,2678,109,Gastrointestinal Disorders,148,78.22,Limited,159,342,Yes,Low Medicine Stock,Watch
Government Peripheral Hospital Anna Nagar,"General Medicine, Gynecology","Anna Nagar, Chennai 600102",2026-06-04,Aminjikarai,13.0870,80.2100,199,152,76.38,1220,78,Hypertension,98,80.71,Available,41,108,Yes,None,Normal
Government Royapettah Hospital,"Orthopedics, Neurology","Royapettah, Chennai 600014",2026-06-04,Mylapore,13.0540,80.2640,846,679,80.26,4115,271,Orthopedic Injury,360,82.03,Available,176,407,Yes,None,Normal
Govt Hospital for Thoracic Medicine,"Pulmonology, Tuberculosis","Tambaram, Chennai 600047",2026-06-04,Tambaram,12.9405,80.1320,748,515,68.85,1578,96,Tuberculosis,192,79.24,Available,100,283,Yes,None,Normal
Institute of Child Health and Hospital,"Pediatrics, Neonatology","Egmore, Chennai 600008",2026-06-04,Egmore,13.0745,80.2580,997,776,77.83,3858,187,Acute Diarrhoeal Disease,343,90.81,Available,195,517,Yes,Acute Diarrhoeal Disease Surge,Warning
Kilpauk Medical College and Hospital,"Dermatology, Psychiatry","Kilpauk, Chennai 600010",2026-06-04,Purasawalkam,13.0785,80.2425,1199,896,74.73,5141,256,Dermatological Conditions,553,83.21,Available,233,542,Yes,None,Normal
Obstetrics and Gynecology Hospital Egmore,"Maternal Healthcare, Neonatology","Egmore, Chennai 600008",2026-06-04,Egmore,13.0770,80.2610,794,735,92.57,2696,122,Maternal Conditions,294,88.38,Available,143,471,Yes,High Bed Occupancy,Watch
Rajiv Gandhi Government General Hospital,"General Medicine, Cardiology","Park Town, Chennai 600003",2026-06-04,Tondiarpet,13.0823,80.2757,2991,2380,79.57,12361,550,Hypertension,792,84.01,Available,478,1268,Yes,None,Normal
Stanley Medical College and Hospital,"Plastic Surgery, Liver Transplant","Royapuram, Chennai 600001",2026-06-04,Tondiarpet,13.1060,80.2872,1798,1505,83.70,7422,385,Hepatitis,253,87.01,Available,334,838,Yes,None,Normal
Tamil Nadu Govt Multi-Super Specialty Hospital,"Neurology, Gastroenterology","Anna Salai, Chennai 600035",2026-06-04,Mylapore,13.0690,80.2750,500,397,79.40,2574,115,Gastrointestinal Disorders,148,78.88,Available,161,352,Yes,None,Normal
Government Peripheral Hospital Anna Nagar,"General Medicine, Gynecology","Anna Nagar, Chennai 600102",2026-06-05,Aminjikarai,13.0870,80.2100,199,154,77.39,1147,85,Hypertension,107,81.26,Available,41,106,Yes,None,Normal
Government Royapettah Hospital,"Orthopedics, Neurology","Royapettah, Chennai 600014",2026-06-05,Mylapore,13.0540,80.2640,846,661,78.13,3938,259,Orthopedic Injury,315,82.59,Available,179,413,Yes,None,Normal
Govt Hospital for Thoracic Medicine,"Pulmonology, Tuberculosis","Tambaram, Chennai 600047",2026-06-05,Tambaram,12.9405,80.1320,748,519,69.39,1594,95,Tuberculosis,192,79.24,Available,100,287,Yes,None,Normal
Institute of Child Health and Hospital,"Pediatrics, Neonatology","Egmore, Chennai 600008",2026-06-05,Egmore,13.0745,80.2580,999,792,79.28,3803,177,Acute Diarrhoeal Disease,328,91.21,Available,196,524,Yes,Acute Diarrhoeal Disease Surge,Critical
Kilpauk Medical College and Hospital,"Dermatology, Psychiatry","Kilpauk, Chennai 600010",2026-06-05,Purasawalkam,13.0785,80.2425,1199,880,73.39,5248,234,Dermatological Conditions,586,82.91,Available,224,554,Yes,None,Normal
Obstetrics and Gynecology Hospital Egmore,"Maternal Healthcare, Neonatology","Egmore, Chennai 600008",2026-06-05,Egmore,13.0770,80.2610,794,719,90.55,2844,123,Maternal Conditions,271,88.23,Available,140,469,Yes,High Bed Occupancy,Watch
Rajiv Gandhi Government General Hospital,"General Medicine, Cardiology","Park Town, Chennai 600003",2026-06-05,Tondiarpet,13.0823,80.2757,2993,2498,83.46,12247,522,Hypertension,825,84.83,Available,493,1287,Yes,None,Normal
Stanley Medical College and Hospital,"Plastic Surgery, Liver Transplant","Royapuram, Chennai 600001",2026-06-05,Tondiarpet,13.1060,80.2872,1799,1547,85.99,7541,367,Hepatitis,231,86.85,Available,333,857,Yes,None,Normal
Tamil Nadu Govt Multi-Super Specialty Hospital,"Neurology, Gastroenterology","Anna Salai, Chennai 600035",2026-06-05,Mylapore,13.0690,80.2750,500,377,75.40,2545,112,Gastrointestinal Disorders,134,78.87,Available,159,359,Yes,None,Normal
Government Peripheral Hospital Anna Nagar,"General Medicine, Gynecology","Anna Nagar, Chennai 600102",2026-06-06,Aminjikarai,13.0870,80.2100,199,154,77.39,892,78,Gynecological Conditions,100,81.10,Available,35,91,Yes,None,Normal
Government Royapettah Hospital,"Orthopedics, Neurology","Royapettah, Chennai 600014",2026-06-06,Mylapore,13.0540,80.2640,846,676,79.91,2810,308,Orthopedic Injury,328,81.90,Available,155,353,Yes,None,Normal
Govt Hospital for Thoracic Medicine,"Pulmonology, Tuberculosis","Tambaram, Chennai 600047",2026-06-06,Tambaram,12.9405,80.1320,749,522,69.69,1156,103,Tuberculosis,199,79.56,Available,82,247,Yes,None,Normal
Institute of Child Health and Hospital,"Pediatrics, Neonatology","Egmore, Chennai 600008",2026-06-06,Egmore,13.0745,80.2580,1000,820,82.00,2805,208,Acute Diarrhoeal Disease,345,91.57,Available,166,449,Yes,Acute Diarrhoeal Disease Surge,Critical
Kilpauk Medical College and Hospital,"Dermatology, Psychiatry","Kilpauk, Chennai 600010",2026-06-06,Purasawalkam,13.0785,80.2425,1199,861,71.81,3937,260,Dermatological Conditions,649,82.84,Available,192,478,Yes,None,Normal
Obstetrics and Gynecology Hospital Egmore,"Maternal Healthcare, Neonatology","Egmore, Chennai 600008",2026-06-06,Egmore,13.0770,80.2610,795,699,87.92,2133,151,Maternal Conditions,293,88.54,Available,119,394,Yes,None,Normal
Rajiv Gandhi Government General Hospital,"General Medicine, Cardiology","Park Town, Chennai 600003",2026-06-06,Tondiarpet,13.0823,80.2757,2997,2612,87.15,8408,666,Diabetes,822,84.78,Available,411,1097,Yes,None,Normal
Stanley Medical College and Hospital,"Plastic Surgery, Liver Transplant","Royapuram, Chennai 600001",2026-06-06,Tondiarpet,13.1060,80.2872,1800,1518,84.33,5219,401,Hepatitis,263,86.42,Limited,279,736,Yes,Low Medicine Stock,Watch
Tamil Nadu Govt Multi-Super Specialty Hospital,"Neurology, Gastroenterology","Anna Salai, Chennai 600035",2026-06-06,Mylapore,13.0690,80.2750,499,367,73.55,1840,129,Gastrointestinal Disorders,134,78.87,Available,130,307,Yes,None,Normal
Government Peripheral Hospital Anna Nagar,"General Medicine, Gynecology","Anna Nagar, Chennai 600102",2026-06-07,Aminjikarai,13.0870,80.2100,199,152,76.38,354,76,Hypertension,58,81.18,Available,30,75,Yes,None,Normal
Government Royapettah Hospital,"Orthopedics, Neurology","Royapettah, Chennai 600014",2026-06-07,Mylapore,13.0540,80.2640,846,650,76.83,1176,360,Orthopedic Injury,187,81.70,Available,129,292,Yes,None,Normal
Govt Hospital for Thoracic Medicine,"Pulmonology, Tuberculosis","Tambaram, Chennai 600047",2026-06-07,Tambaram,12.9405,80.1320,750,503,67.07,502,91,Tuberculosis,95,79.90,Available,72,207,Yes,None,Normal
Institute of Child Health and Hospital,"Pediatrics, Neonatology","Egmore, Chennai 600008",2026-06-07,Egmore,13.0745,80.2580,996,801,80.42,1121,202,Acute Diarrhoeal Disease,207,91.87,Available,137,374,Yes,Acute Diarrhoeal Disease Surge,Critical
Kilpauk Medical College and Hospital,"Dermatology, Psychiatry","Kilpauk, Chennai 600010",2026-06-07,Purasawalkam,13.0785,80.2425,1199,815,67.97,1581,244,Dermatological Conditions,325,82.39,Available,159,396,Yes,None,Normal
Obstetrics and Gynecology Hospital Egmore,"Maternal Healthcare, Neonatology","Egmore, Chennai 600008",2026-06-07,Egmore,13.0770,80.2610,796,679,85.30,861,136,Maternal Conditions,142,87.87,Available,101,343,Yes,None,Normal
Rajiv Gandhi Government General Hospital,"General Medicine, Cardiology","Park Town, Chennai 600003",2026-06-07,Tondiarpet,13.0823,80.2757,3000,2682,89.40,3652,728,Cardiac Conditions,475,84.88,Available,360,902,Yes,None,Normal
Stanley Medical College and Hospital,"Plastic Surgery, Liver Transplant","Royapuram, Chennai 600001",2026-06-07,Tondiarpet,13.1060,80.2872,1800,1482,82.33,2274,427,Hepatitis,149,86.42,Limited,233,618,Yes,Low Medicine Stock,Watch
Tamil Nadu Govt Multi-Super Specialty Hospital,"Neurology, Gastroenterology","Anna Salai, Chennai 600035",2026-06-07,Mylapore,13.0690,80.2750,499,355,71.14,765,146,Gastrointestinal Disorders,83,79.07,Available,109,258,Yes,None,Normal
Government Peripheral Hospital Anna Nagar,"General Medicine, Gynecology","Anna Nagar, Chennai 600102",2026-06-08,Aminjikarai,13.0870,80.2100,199,154,77.39,1283,70,Gynecological Conditions,96,81.48,Available,42,106,Yes,None,Normal
Government Royapettah Hospital,"Orthopedics, Neurology","Royapettah, Chennai 600014",2026-06-08,Mylapore,13.0540,80.2640,846,662,78.25,4082,277,Orthopedic Injury,341,81.99,Available,180,412,Yes,None,Normal
Govt Hospital for Thoracic Medicine,"Pulmonology, Tuberculosis","Tambaram, Chennai 600047",2026-06-08,Tambaram,12.9405,80.1320,749,516,68.89,1799,71,Tuberculosis,202,79.44,Available,99,283,Yes,None,Normal
Institute of Child Health and Hospital,"Pediatrics, Neonatology","Egmore, Chennai 600008",2026-06-08,Egmore,13.0745,80.2580,993,842,84.79,3783,188,Acute Diarrhoeal Disease,356,92.39,Available,193,531,Yes,Acute Diarrhoeal Disease Surge,Warning
Kilpauk Medical College and Hospital,"Dermatology, Psychiatry","Kilpauk, Chennai 600010",2026-06-08,Purasawalkam,13.0785,80.2425,1199,817,68.14,6239,241,Dermatological Conditions,629,82.50,Available,224,552,Yes,None,Normal
Obstetrics and Gynecology Hospital Egmore,"Maternal Healthcare, Neonatology","Egmore, Chennai 600008",2026-06-08,Egmore,13.0770,80.2610,796,689,86.56,2958,129,Maternal Conditions,292,87.98,Available,142,464,Yes,None,Normal
Rajiv Gandhi Government General Hospital,"General Medicine, Cardiology","Park Town, Chennai 600003",2026-06-08,Tondiarpet,13.0823,80.2757,2995,2690,89.82,13371,576,Hypertension,777,84.69,Available,492,1300,Yes,None,Normal
Stanley Medical College and Hospital,"Plastic Surgery, Liver Transplant","Royapuram, Chennai 600001",2026-06-08,Tondiarpet,13.1060,80.2872,1798,1542,85.76,8714,409,Hepatitis,257,86.24,Available,325,872,Yes,None,Normal
Tamil Nadu Govt Multi-Super Specialty Hospital,"Neurology, Gastroenterology","Anna Salai, Chennai 600035",2026-06-08,Mylapore,13.0690,80.2750,499,360,72.14,2808,112,Gastrointestinal Disorders,152,79.51,Available,152,363,Yes,None,Normal
Government Peripheral Hospital Anna Nagar,"General Medicine, Gynecology","Anna Nagar, Chennai 600102",2026-06-09,Aminjikarai,13.0870,80.2100,199,157,78.89,1078,56,Hypertension,92,80.79,Available,42,105,Yes,None,Normal
Government Royapettah Hospital,"Orthopedics, Neurology","Royapettah, Chennai 600014",2026-06-09,Mylapore,13.0540,80.2640,847,677,79.93,3877,325,Orthopedic Injury,359,81.67,Available,178,410,Yes,None,Normal
Govt Hospital for Thoracic Medicine,"Pulmonology, Tuberculosis","Tambaram, Chennai 600047",2026-06-09,Tambaram,12.9405,80.1320,747,519,69.48,1674,74,Tuberculosis,182,79.25,Available,100,292,Yes,None,Normal
Institute of Child Health and Hospital,"Pediatrics, Neonatology","Egmore, Chennai 600008",2026-06-09,Egmore,13.0745,80.2580,989,843,85.24,3610,184,Acute Diarrhoeal Disease,322,93.04,Available,191,527,Yes,Acute Diarrhoeal Disease Surge,Warning
Kilpauk Medical College and Hospital,"Dermatology, Psychiatry","Kilpauk, Chennai 600010",2026-06-09,Purasawalkam,13.0785,80.2425,1199,802,66.89,5364,230,Dermatological Conditions,620,81.53,Available,222,571,Yes,None,Normal
Obstetrics and Gynecology Hospital Egmore,"Maternal Healthcare, Neonatology","Egmore, Chennai 600008",2026-06-09,Egmore,13.0770,80.2610,797,685,85.95,2612,129,Maternal Conditions,299,87.84,Available,139,461,Yes,None,Normal
Rajiv Gandhi Government General Hospital,"General Medicine, Cardiology","Park Town, Chennai 600003",2026-06-09,Tondiarpet,13.0823,80.2757,2989,2819,94.31,11740,605,Hypertension,824,85.60,Available,484,1297,Yes,High Bed Occupancy,Watch
Stanley Medical College and Hospital,"Plastic Surgery, Liver Transplant","Royapuram, Chennai 600001",2026-06-09,Tondiarpet,13.1060,80.2872,1796,1549,86.25,7674,387,Hepatitis,245,85.71,Limited,331,872,Yes,Low Medicine Stock,Watch
Tamil Nadu Govt Multi-Super Specialty Hospital,"Neurology, Gastroenterology","Anna Salai, Chennai 600035",2026-06-09,Mylapore,13.0690,80.2750,499,350,70.14,2320,125,Gastrointestinal Disorders,144,80.30,Available,157,356,Yes,None,Normal
Government Peripheral Hospital Anna Nagar,"General Medicine, Gynecology","Anna Nagar, Chennai 600102",2026-06-10,Aminjikarai,13.0870,80.2100,198,155,78.28,1173,59,Hypertension,82,80.96,Limited,40,103,Yes,Low Medicine Stock,Watch
Government Royapettah Hospital,"Orthopedics, Neurology","Royapettah, Chennai 600014",2026-06-10,Mylapore,13.0540,80.2640,847,673,79.46,3593,311,Orthopedic Injury,350,80.95,Available,178,412,Yes,None,Normal
Govt Hospital for Thoracic Medicine,"Pulmonology, Tuberculosis","Tambaram, Chennai 600047",2026-06-10,Tambaram,12.9405,80.1320,746,518,69.44,1603,80,Tuberculosis,198,79.84,Available,99,297,Yes,None,Normal
Institute of Child Health and Hospital,"Pediatrics, Neonatology","Egmore, Chennai 600008",2026-06-10,Egmore,13.0745,80.2580,986,832,84.38,3550,215,Acute Diarrhoeal Disease,279,93.72,Available,192,524,Yes,Acute Diarrhoeal Disease Surge,Warning
Kilpauk Medical College and Hospital,"Dermatology, Psychiatry","Kilpauk, Chennai 600010",2026-06-10,Purasawalkam,13.0785,80.2425,1199,817,68.14,5271,244,Dermatological Conditions,609,81.31,Available,226,575,Yes,None,Normal
Obstetrics and Gynecology Hospital Egmore,"Maternal Healthcare, Neonatology","Egmore, Chennai 600008",2026-06-10,Egmore,13.0770,80.2610,798,684,85.71,2708,139,Maternal Conditions,332,88.33,Available,142,466,Yes,None,Normal
Rajiv Gandhi Government General Hospital,"General Medicine, Cardiology","Park Town, Chennai 600003",2026-06-10,Tondiarpet,13.0823,80.2757,2985,2755,92.29,11869,688,Hypertension,818,86.07,Available,483,1292,Yes,High Bed Occupancy,Watch
Stanley Medical College and Hospital,"Plastic Surgery, Liver Transplant","Royapuram, Chennai 600001",2026-06-10,Tondiarpet,13.1060,80.2872,1795,1541,85.85,7437,389,Hepatitis,244,84.97,Available,343,844,Yes,None,Normal
Tamil Nadu Govt Multi-Super Specialty Hospital,"Neurology, Gastroenterology","Anna Salai, Chennai 600035",2026-06-10,Mylapore,13.0690,80.2750,499,356,71.34,2246,117,Gastrointestinal Disorders,166,80.12,Available,157,360,Yes,None,Normal
Government Peripheral Hospital Anna Nagar,"General Medicine, Gynecology","Anna Nagar, Chennai 600102",2026-06-11,Aminjikarai,13.0870,80.2100,198,154,77.78,1154,63,Hypertension,77,81.41,Available,40,105,Yes,None,Normal
Government Royapettah Hospital,"Orthopedics, Neurology","Royapettah, Chennai 600014",2026-06-11,Mylapore,13.0540,80.2640,847,675,79.69,3460,318,Orthopedic Injury,335,81.34,Available,177,411,Yes,None,Normal
Govt Hospital for Thoracic Medicine,"Pulmonology, Tuberculosis","Tambaram, Chennai 600047",2026-06-11,Tambaram,12.9405,80.1320,744,524,70.43,1658,78,Tuberculosis,181,79.28,Available,102,295,Yes,None,Normal
Institute of Child Health and Hospital,"Pediatrics, Neonatology","Egmore, Chennai 600008",2026-06-11,Egmore,13.0745,80.2580,983,817,83.11,3703,224,Acute Diarrhoeal Disease,262,93.76,Limited,193,528,Yes,Acute Diarrhoeal Disease Surge; Low Medicine Stock,Warning
Kilpauk Medical College and Hospital,"Dermatology, Psychiatry","Kilpauk, Chennai 600010",2026-06-11,Purasawalkam,13.0785,80.2425,1199,841,70.14,4888,244,Dermatological Conditions,566,81.10,Available,229,569,Yes,None,Normal
Obstetrics and Gynecology Hospital Egmore,"Maternal Healthcare, Neonatology","Egmore, Chennai 600008",2026-06-11,Egmore,13.0770,80.2610,798,689,86.34,2592,147,Maternal Conditions,302,88.10,Available,139,454,Yes,None,Normal
Rajiv Gandhi Government General Hospital,"General Medicine, Cardiology","Park Town, Chennai 600003",2026-06-11,Tondiarpet,13.0823,80.2757,2981,2730,91.58,12153,623,Hypertension,749,86.29,Available,496,1273,Yes,High Bed Occupancy,Watch
Stanley Medical College and Hospital,"Plastic Surgery, Liver Transplant","Royapuram, Chennai 600001",2026-06-11,Tondiarpet,13.1060,80.2872,1794,1527,85.12,6921,406,Liver Disease,257,84.81,Available,340,839,Yes,None,Normal
Tamil Nadu Govt Multi-Super Specialty Hospital,"Neurology, Gastroenterology","Anna Salai, Chennai 600035",2026-06-11,Mylapore,13.0690,80.2750,498,356,71.49,2155,115,Gastrointestinal Disorders,159,80.46,Available,153,351,Yes,None,Normal
Government Peripheral Hospital Anna Nagar,"General Medicine, Gynecology","Anna Nagar, Chennai 600102",2026-06-12,Aminjikarai,13.0870,80.2100,198,154,77.78,1091,62,Maternal Conditions,84,81.33,Available,41,103,Yes,None,Normal
Government Royapettah Hospital,"Orthopedics, Neurology","Royapettah, Chennai 600014",2026-06-12,Mylapore,13.0540,80.2640,847,693,81.82,3353,395,Orthopedic Injury,351,80.99,Available,177,401,Yes,None,Normal
Govt Hospital for Thoracic Medicine,"Pulmonology, Tuberculosis","Tambaram, Chennai 600047",2026-06-12,Tambaram,12.9405,80.1320,744,527,70.83,1600,81,Tuberculosis,210,79.70,Available,101,296,Yes,None,Normal
Institute of Child Health and Hospital,"Pediatrics, Neonatology","Egmore, Chennai 600008",2026-06-12,Egmore,13.0745,80.2580,981,805,82.06,3819,221,Acute Diarrhoeal Disease,249,94.44,Limited,194,531,Yes,Acute Diarrhoeal Disease Surge; Low Medicine Stock,Warning
Kilpauk Medical College and Hospital,"Dermatology, Psychiatry","Kilpauk, Chennai 600010",2026-06-12,Purasawalkam,13.0785,80.2425,1199,870,72.56,4750,262,Dermatological Conditions,575,80.27,Available,227,590,Yes,None,Normal
Obstetrics and Gynecology Hospital Egmore,"Maternal Healthcare, Neonatology","Egmore, Chennai 600008",2026-06-12,Egmore,13.0770,80.2610,799,675,84.48,2699,160,Maternal Conditions,358,88.09,Available,144,457,Yes,None,Normal
Rajiv Gandhi Government General Hospital,"General Medicine, Cardiology","Park Town, Chennai 600003",2026-06-12,Tondiarpet,13.0823,80.2757,2979,2641,88.65,11252,646,Hypertension,737,86.39,Available,480,1308,Yes,None,Normal
Stanley Medical College and Hospital,"Plastic Surgery, Liver Transplant","Royapuram, Chennai 600001",2026-06-12,Tondiarpet,13.1060,80.2872,1793,1504,83.88,6578,394,Liver Disease,276,84.14,Available,343,828,Yes,None,Normal
Tamil Nadu Govt Multi-Super Specialty Hospital,"Neurology, Gastroenterology","Anna Salai, Chennai 600035",2026-06-12,Mylapore,13.0690,80.2750,498,354,71.08,2171,113,Gastrointestinal Disorders,175,80.38,Available,155,353,Yes,None,Normal
Government Peripheral Hospital Anna Nagar,"General Medicine, Gynecology","Anna Nagar, Chennai 600102",2026-06-13,Aminjikarai,13.0870,80.2100,198,153,77.27,813,79,Maternal Conditions,85,80.92,Limited,34,89,Yes,Low Medicine Stock,Watch
Government Royapettah Hospital,"Orthopedics, Neurology","Royapettah, Chennai 600014",2026-06-13,Mylapore,13.0540,80.2640,847,696,82.17,2624,459,Orthopedic Injury,332,80.64,Limited,149,340,Yes,Low Medicine Stock,Watch
Govt Hospital for Thoracic Medicine,"Pulmonology, Tuberculosis","Tambaram, Chennai 600047",2026-06-13,Tambaram,12.9405,80.1320,743,524,70.52,1297,86,Tuberculosis,192,79.97,Available,86,256,Yes,None,Normal
Institute of Child Health and Hospital,"Pediatrics, Neonatology","Egmore, Chennai 600008",2026-06-13,Egmore,13.0745,80.2580,981,788,80.33,2664,248,Acute Diarrhoeal Disease,243,94.83,Limited,168,447,Yes,Low Medicine Stock,Watch
Kilpauk Medical College and Hospital,"Dermatology, Psychiatry","Kilpauk, Chennai 600010",2026-06-13,Purasawalkam,13.0785,80.2425,1199,917,76.48,3654,287,Dermatological Conditions,560,80.05,Available,196,506,Yes,None,Normal
Obstetrics and Gynecology Hospital Egmore,"Maternal Healthcare, Neonatology","Egmore, Chennai 600008",2026-06-13,Egmore,13.0770,80.2610,799,673,84.23,2142,192,Maternal Conditions,374,88.09,Limited,121,379,Yes,Low Medicine Stock,Watch
Rajiv Gandhi Government General Hospital,"General Medicine, Cardiology","Park Town, Chennai 600003",2026-06-13,Tondiarpet,13.0823,80.2757,2978,2569,86.27,8378,680,Diabetes,730,86.77,Available,410,1110,Yes,None,Normal
Stanley Medical College and Hospital,"Plastic Surgery, Liver Transplant","Royapuram, Chennai 600001",2026-06-13,Tondiarpet,13.1060,80.2872,1793,1487,82.93,4808,425,Liver Disease,261,84.28,Available,299,689,Yes,None,Normal
Tamil Nadu Govt Multi-Super Specialty Hospital,"Neurology, Gastroenterology","Anna Salai, Chennai 600035",2026-06-13,Mylapore,13.0690,80.2750,498,359,72.09,1508,133,Gastrointestinal Disorders,163,80.75,Available,132,299,Yes,None,Normal
Government Peripheral Hospital Anna Nagar,"General Medicine, Gynecology","Anna Nagar, Chennai 600102",2026-06-14,Aminjikarai,13.0870,80.2100,198,150,75.76,330,64,Maternal Conditions,47,81.41,Limited,30,76,Yes,Low Medicine Stock,Watch
Government Royapettah Hospital,"Orthopedics, Neurology","Royapettah, Chennai 600014",2026-06-14,Mylapore,13.0540,80.2640,847,692,81.70,1034,411,Orthopedic Injury,172,80.21,Available,127,297,Yes,None,Normal
Govt Hospital for Thoracic Medicine,"Pulmonology, Tuberculosis","Tambaram, Chennai 600047",2026-06-14,Tambaram,12.9405,80.1320,744,525,70.56,513,83,Tuberculosis,107,79.55,Available,73,220,Yes,None,Normal
Institute of Child Health and Hospital,"Pediatrics, Neonatology","Egmore, Chennai 600008",2026-06-14,Egmore,13.0745,80.2580,981,752,76.66,1129,281,Acute Diarrhoeal Disease,141,95.60,Available,143,379,Yes,None,Normal
Kilpauk Medical College and Hospital,"Dermatology, Psychiatry","Kilpauk, Chennai 600010",2026-06-14,Purasawalkam,13.0785,80.2425,1199,901,75.15,1416,249,Dermatological Conditions,296,79.81,Available,169,431,Yes,None,Normal
Obstetrics and Gynecology Hospital Egmore,"Maternal Healthcare, Neonatology","Egmore, Chennai 600008",2026-06-14,Egmore,13.0770,80.2610,799,651,81.48,823,179,Maternal Conditions,200,87.85,Limited,105,326,Yes,Low Medicine Stock,Watch
Rajiv Gandhi Government General Hospital,"General Medicine, Cardiology","Park Town, Chennai 600003",2026-06-14,Tondiarpet,13.0823,80.2757,2979,2444,82.04,3594,713,Hypertension,405,87.31,Available,346,952,Yes,None,Normal
Stanley Medical College and Hospital,"Plastic Surgery, Liver Transplant","Royapuram, Chennai 600001",2026-06-14,Tondiarpet,13.1060,80.2872,1793,1451,80.93,1856,420,Liver Disease,152,84.24,Available,251,591,Yes,None,Normal
Tamil Nadu Govt Multi-Super Specialty Hospital,"Neurology, Gastroenterology","Anna Salai, Chennai 600035",2026-06-14,Mylapore,13.0690,80.2750,498,350,70.28,637,124,Gastrointestinal Disorders,99,80.72,Available,110,257,Yes,None,Normal
Government Peripheral Hospital Anna Nagar,"General Medicine, Gynecology","Anna Nagar, Chennai 600102",2026-06-15,Aminjikarai,13.0870,80.2100,198,153,77.27,1293,57,Maternal Conditions,98,81.27,Limited,40,104,Yes,Low Medicine Stock,Watch
Government Royapettah Hospital,"Orthopedics, Neurology","Royapettah, Chennai 600014",2026-06-15,Mylapore,13.0540,80.2640,847,702,82.88,4200,378,Orthopedic Injury,318,80.82,Available,176,406,Yes,None,Normal
Govt Hospital for Thoracic Medicine,"Pulmonology, Tuberculosis","Tambaram, Chennai 600047",2026-06-15,Tambaram,12.9405,80.1320,744,521,70.03,1793,81,Tuberculosis,192,79.88,Available,104,303,Yes,None,Normal
Institute of Child Health and Hospital,"Pediatrics, Neonatology","Egmore, Chennai 600008",2026-06-15,Egmore,13.0745,80.2580,983,777,79.04,3977,229,Acute Diarrhoeal Disease,250,95.83,Limited,201,519,Yes,Low Medicine Stock,Watch
Kilpauk Medical College and Hospital,"Dermatology, Psychiatry","Kilpauk, Chennai 600010",2026-06-15,Purasawalkam,13.0785,80.2425,1199,946,78.90,5507,225,Dermatological Conditions,503,79.55,Available,233,595,Yes,None,Normal
Obstetrics and Gynecology Hospital Egmore,"Maternal Healthcare, Neonatology","Egmore, Chennai 600008",2026-06-15,Egmore,13.0770,80.2610,799,676,84.61,3165,153,Maternal Conditions,390,88.38,Available,144,452,Yes,None,Normal
Rajiv Gandhi Government General Hospital,"General Medicine, Cardiology","Park Town, Chennai 600003",2026-06-15,Tondiarpet,13.0823,80.2757,2981,2518,84.47,13651,692,Diabetes,693,86.95,Available,486,1297,Yes,None,Normal
Stanley Medical College and Hospital,"Plastic Surgery, Liver Transplant","Royapuram, Chennai 600001",2026-06-15,Tondiarpet,13.1060,80.2872,1794,1476,82.27,7321,403,Liver Disease,269,84.01,Available,348,832,Yes,None,Normal
Tamil Nadu Govt Multi-Super Specialty Hospital,"Neurology, Gastroenterology","Anna Salai, Chennai 600035",2026-06-15,Mylapore,13.0690,80.2750,498,363,72.89,2526,131,Gastrointestinal Disorders,172,81.25,Available,152,349,Yes,None,Normal
Government Peripheral Hospital Anna Nagar,"General Medicine, Gynecology","Anna Nagar, Chennai 600102",2026-06-16,Aminjikarai,13.0870,80.2100,199,156,78.39,1175,48,Maternal Conditions,97,81.57,Limited,40,102,Yes,Low Medicine Stock,Watch
Government Royapettah Hospital,"Orthopedics, Neurology","Royapettah, Chennai 600014",2026-06-16,Mylapore,13.0540,80.2640,847,715,84.42,3790,382,Orthopedic Injury,319,80.20,Available,180,408,Yes,None,Normal
Govt Hospital for Thoracic Medicine,"Pulmonology, Tuberculosis","Tambaram, Chennai 600047",2026-06-16,Tambaram,12.9405,80.1320,745,522,70.07,1637,80,Tuberculosis,199,79.67,Available,100,300,Yes,None,Normal
Institute of Child Health and Hospital,"Pediatrics, Neonatology","Egmore, Chennai 600008",2026-06-16,Egmore,13.0745,80.2580,985,795,80.71,3634,205,Acute Diarrhoeal Disease,262,95.70,Limited,194,537,Yes,Low Medicine Stock,Watch
Kilpauk Medical College and Hospital,"Dermatology, Psychiatry","Kilpauk, Chennai 600010",2026-06-16,Purasawalkam,13.0785,80.2425,1199,925,77.15,5360,207,Dermatological Conditions,549,79.41,Available,232,604,Yes,None,Normal
Obstetrics and Gynecology Hospital Egmore,"Maternal Healthcare, Neonatology","Egmore, Chennai 600008",2026-06-16,Egmore,13.0770,80.2610,800,662,82.75,2863,167,Maternal Conditions,369,87.90,Available,142,452,Yes,None,Normal
Rajiv Gandhi Government General Hospital,"General Medicine, Cardiology","Park Town, Chennai 600003",2026-06-16,Tondiarpet,13.0823,80.2757,2985,2521,84.46,11665,665,Hypertension,766,87.38,Available,487,1331,Yes,None,Normal
Stanley Medical College and Hospital,"Plastic Surgery, Liver Transplant","Royapuram, Chennai 600001",2026-06-16,Tondiarpet,13.1060,80.2872,1795,1487,82.84,6773,436,Liver Disease,298,83.38,Available,346,831,Yes,None,Normal
Tamil Nadu Govt Multi-Super Specialty Hospital,"Neurology, Gastroenterology","Anna Salai, Chennai 600035",2026-06-16,Mylapore,13.0690,80.2750,498,362,72.69,2196,152,Gastrointestinal Disorders,176,81.53,Available,153,349,Yes,None,Normal
Government Peripheral Hospital Anna Nagar,"General Medicine, Gynecology","Anna Nagar, Chennai 600102",2026-06-17,Aminjikarai,13.0870,80.2100,199,151,75.88,1162,53,Maternal Conditions,94,81.62,Limited,41,103,Yes,Low Medicine Stock,Watch
Government Royapettah Hospital,"Orthopedics, Neurology","Royapettah, Chennai 600014",2026-06-17,Mylapore,13.0540,80.2640,847,701,82.76,3789,337,Orthopedic Injury,309,80.13,Available,174,411,Yes,None,Normal
Govt Hospital for Thoracic Medicine,"Pulmonology, Tuberculosis","Tambaram, Chennai 600047",2026-06-17,Tambaram,12.9405,80.1320,745,505,67.79,1571,72,Tuberculosis,201,79.95,Available,102,300,Yes,None,Normal
Institute of Child Health and Hospital,"Pediatrics, Neonatology","Egmore, Chennai 600008",2026-06-17,Egmore,13.0745,80.2580,987,826,83.69,3685,200,Acute Diarrhoeal Disease,264,95.93,Available,197,538,Yes,None,Normal
Kilpauk Medical College and Hospital,"Dermatology, Psychiatry","Kilpauk, Chennai 600010",2026-06-17,Purasawalkam,13.0785,80.2425,1198,969,80.88,5179,202,Dermatological Conditions,530,78.93,Available,239,585,Yes,None,Normal
Obstetrics and Gynecology Hospital Egmore,"Maternal Healthcare, Neonatology","Egmore, Chennai 600008",2026-06-17,Egmore,13.0770,80.2610,799,668,83.60,2838,146,Maternal Conditions,359,88.28,Available,145,436,Yes,None,Normal
Rajiv Gandhi Government General Hospital,"General Medicine, Cardiology","Park Town, Chennai 600003",2026-06-17,Tondiarpet,13.0823,80.2757,2989,2516,84.18,11607,619,Hypertension,750,88.39,Available,479,1287,Yes,None,Normal
Stanley Medical College and Hospital,"Plastic Surgery, Liver Transplant","Royapuram, Chennai 600001",2026-06-17,Tondiarpet,13.1060,80.2872,1797,1501,83.53,7053,465,Liver Disease,322,83.00,Available,352,814,Yes,None,Normal
Tamil Nadu Govt Multi-Super Specialty Hospital,"Neurology, Gastroenterology","Anna Salai, Chennai 600035",2026-06-17,Mylapore,13.0690,80.2750,498,370,74.30,2249,145,Gastrointestinal Disorders,173,81.40,Available,153,355,Yes,None,Normal
Government Peripheral Hospital Anna Nagar,"General Medicine, Gynecology","Anna Nagar, Chennai 600102",2026-06-18,Aminjikarai,13.0870,80.2100,199,149,74.87,1210,57,Maternal Conditions,81,81.77,Limited,41,105,No,Low Medicine Stock; Ambulance Unavailable,Warning
Government Royapettah Hospital,"Orthopedics, Neurology","Royapettah, Chennai 600014",2026-06-18,Mylapore,13.0540,80.2640,846,690,81.56,3843,324,Orthopedic Injury,312,79.90,Available,178,408,Yes,None,Normal
Govt Hospital for Thoracic Medicine,"Pulmonology, Tuberculosis","Tambaram, Chennai 600047",2026-06-18,Tambaram,12.9405,80.1320,746,500,67.02,1475,82,Tuberculosis,214,79.84,Available,102,300,Yes,None,Normal
Institute of Child Health and Hospital,"Pediatrics, Neonatology","Egmore, Chennai 600008",2026-06-18,Egmore,13.0745,80.2580,990,826,83.43,3913,204,Acute Diarrhoeal Disease,257,96.70,Available,193,537,Yes,Acute Diarrhoeal Disease Surge,Warning
Kilpauk Medical College and Hospital,"Dermatology, Psychiatry","Kilpauk, Chennai 600010",2026-06-18,Purasawalkam,13.0785,80.2425,1198,937,78.21,4957,184,Dermatological Conditions,528,79.30,Available,235,591,Yes,None,Normal
Obstetrics and Gynecology Hospital Egmore,"Maternal Healthcare, Neonatology","Egmore, Chennai 600008",2026-06-18,Egmore,13.0770,80.2610,798,660,82.71,2830,146,Maternal Conditions,326,88.43,Available,142,437,Yes,None,Normal
Rajiv Gandhi Government General Hospital,"General Medicine, Cardiology","Park Town, Chennai 600003",2026-06-18,Tondiarpet,13.0823,80.2757,2994,2529,84.47,11846,606,Diabetes,677,88.23,Available,491,1320,Yes,None,Normal
Stanley Medical College and Hospital,"Plastic Surgery, Liver Transplant","Royapuram, Chennai 600001",2026-06-18,Tondiarpet,13.1060,80.2872,1799,1516,84.27,7673,415,Liver Disease,305,82.56,Available,341,828,Yes,None,Normal
Tamil Nadu Govt Multi-Super Specialty Hospital,"Neurology, Gastroenterology","Anna Salai, Chennai 600035",2026-06-18,Mylapore,13.0690,80.2750,498,365,73.29,2503,148,Gastrointestinal Disorders,172,81.65,Available,148,355,Yes,None,Normal
Government Peripheral Hospital Anna Nagar,"General Medicine, Gynecology","Anna Nagar, Chennai 600102",2026-06-19,Aminjikarai,13.0870,80.2100,199,142,71.36,1310,53,Maternal Conditions,83,81.38,Available,40,102,Yes,None,Normal
Government Royapettah Hospital,"Orthopedics, Neurology","Royapettah, Chennai 600014",2026-06-19,Mylapore,13.0540,80.2640,846,688,81.32,4191,321,Orthopedic Injury,355,79.64,Available,175,421,Yes,None,Normal
Govt Hospital for Thoracic Medicine,"Pulmonology, Tuberculosis","Tambaram, Chennai 600047",2026-06-19,Tambaram,12.9405,80.1320,747,501,67.07,1577,84,Tuberculosis,232,79.63,Available,104,304,Yes,None,Normal
Institute of Child Health and Hospital,"Pediatrics, Neonatology","Egmore, Chennai 600008",2026-06-19,Egmore,13.0745,80.2580,993,856,86.20,4044,209,Acute Diarrhoeal Disease,312,96.54,Available,194,532,Yes,Acute Diarrhoeal Disease Surge,Warning
Kilpauk Medical College and Hospital,"Dermatology, Psychiatry","Kilpauk, Chennai 600010",2026-06-19,Purasawalkam,13.0785,80.2425,1198,948,79.13,4954,250,Dermatological Conditions,437,78.63,Available,243,593,Yes,None,Normal
Obstetrics and Gynecology Hospital Egmore,"Maternal Healthcare, Neonatology","Egmore, Chennai 600008",2026-06-19,Egmore,13.0770,80.2610,797,661,82.94,2857,156,Maternal Conditions,345,87.89,Available,143,445,Yes,None,Normal
Rajiv Gandhi Government General Hospital,"General Medicine, Cardiology","Park Town, Chennai 600003",2026-06-19,Tondiarpet,13.0823,80.2757,2999,2525,84.19,12632,674,Diabetes,669,88.18,Available,479,1277,Yes,None,Normal
Stanley Medical College and Hospital,"Plastic Surgery, Liver Transplant","Royapuram, Chennai 600001",2026-06-19,Tondiarpet,13.1060,80.2872,1800,1529,84.94,7457,391,Liver Disease,353,82.47,Available,336,832,Yes,None,Normal
Tamil Nadu Govt Multi-Super Specialty Hospital,"Neurology, Gastroenterology","Anna Salai, Chennai 600035",2026-06-19,Mylapore,13.0690,80.2750,498,360,72.29,2277,123,Gastrointestinal Disorders,179,81.42,Limited,146,358,Yes,Low Medicine Stock,Watch
Government Peripheral Hospital Anna Nagar,"General Medicine, Gynecology","Anna Nagar, Chennai 600102",2026-06-20,Aminjikarai,13.0870,80.2100,200,140,70.00,879,71,Maternal Conditions,77,81.13,Limited,34,89,Yes,Low Medicine Stock,Watch
Government Royapettah Hospital,"Orthopedics, Neurology","Royapettah, Chennai 600014",2026-06-20,Mylapore,13.0540,80.2640,846,674,79.67,3003,323,Orthopedic Injury,350,79.68,Available,149,356,Yes,None,Normal
Govt Hospital for Thoracic Medicine,"Pulmonology, Tuberculosis","Tambaram, Chennai 600047",2026-06-20,Tambaram,12.9405,80.1320,748,503,67.25,1218,85,Tuberculosis,260,79.92,Available,89,262,Yes,None,Normal
Institute of Child Health and Hospital,"Pediatrics, Neonatology","Egmore, Chennai 600008",2026-06-20,Egmore,13.0745,80.2580,996,858,86.14,2962,206,Acute Diarrhoeal Disease,307,96.48,Available,167,467,Yes,Acute Diarrhoeal Disease Surge,Warning
Kilpauk Medical College and Hospital,"Dermatology, Psychiatry","Kilpauk, Chennai 600010",2026-06-20,Purasawalkam,13.0785,80.2425,1198,962,80.30,3907,267,Dermatological Conditions,475,78.72,Available,202,500,Yes,None,Normal
Obstetrics and Gynecology Hospital Egmore,"Maternal Healthcare, Neonatology","Egmore, Chennai 600008",2026-06-20,Egmore,13.0770,80.2610,796,661,83.04,2065,172,Maternal Conditions,341,87.88,Available,120,380,Yes,None,Normal
Rajiv Gandhi Government General Hospital,"General Medicine, Cardiology","Park Town, Chennai 600003",2026-06-20,Tondiarpet,13.0823,80.2757,2998,2506,83.59,9096,647,Diabetes,682,88.36,Available,420,1105,Yes,None,Normal
Stanley Medical College and Hospital,"Plastic Surgery, Liver Transplant","Royapuram, Chennai 600001",2026-06-20,Tondiarpet,13.1060,80.2872,1798,1524,84.76,5403,432,Liver Disease,364,82.87,Available,288,710,Yes,None,Normal
Tamil Nadu Govt Multi-Super Specialty Hospital,"Neurology, Gastroenterology","Anna Salai, Chennai 600035",2026-06-20,Mylapore,13.0690,80.2750,498,370,74.30,1904,136,Gastrointestinal Disorders,181,81.39,Limited,125,297,Yes,Low Medicine Stock,Watch
Government Peripheral Hospital Anna Nagar,"General Medicine, Gynecology","Anna Nagar, Chennai 600102",2026-06-21,Aminjikarai,13.0870,80.2100,200,134,67.00,387,83,Maternal Conditions,41,81.60,Limited,28,74,Yes,Low Medicine Stock,Watch
Government Royapettah Hospital,"Orthopedics, Neurology","Royapettah, Chennai 600014",2026-06-21,Mylapore,13.0540,80.2640,845,645,76.33,1202,350,Orthopedic Injury,204,79.28,Available,125,303,Yes,None,Normal
Govt Hospital for Thoracic Medicine,"Pulmonology, Tuberculosis","Tambaram, Chennai 600047",2026-06-21,Tambaram,12.9405,80.1320,749,479,63.95,530,85,Tuberculosis,156,79.95,Available,74,222,Yes,None,Normal
Institute of Child Health and Hospital,"Pediatrics, Neonatology","Egmore, Chennai 600008",2026-06-21,Egmore,13.0745,80.2580,998,854,85.57,1127,223,Acute Diarrhoeal Disease,181,96.73,Available,137,395,Yes,Acute Diarrhoeal Disease Surge,Warning
Kilpauk Medical College and Hospital,"Dermatology, Psychiatry","Kilpauk, Chennai 600010",2026-06-21,Purasawalkam,13.0785,80.2425,1198,926,77.30,1681,311,Mental Health Conditions,293,78.35,Available,174,419,Yes,None,Normal
Obstetrics and Gynecology Hospital Egmore,"Maternal Healthcare, Neonatology","Egmore, Chennai 600008",2026-06-21,Egmore,13.0770,80.2610,795,641,80.63,819,166,Maternal Conditions,156,88.05,Available,102,320,Yes,None,Normal
Rajiv Gandhi Government General Hospital,"General Medicine, Cardiology","Park Town, Chennai 600003",2026-06-21,Tondiarpet,13.0823,80.2757,2994,2481,82.87,3527,699,Diabetes,406,88.37,Available,351,922,Yes,None,Normal
Stanley Medical College and Hospital,"Plastic Surgery, Liver Transplant","Royapuram, Chennai 600001",2026-06-21,Tondiarpet,13.1060,80.2872,1797,1501,83.53,2160,512,Liver Disease,229,83.01,Available,244,611,Yes,None,Normal
Tamil Nadu Govt Multi-Super Specialty Hospital,"Neurology, Gastroenterology","Anna Salai, Chennai 600035",2026-06-21,Mylapore,13.0690,80.2750,498,353,70.88,724,128,Gastrointestinal Disorders,103,81.62,Limited,104,251,Yes,Low Medicine Stock,Watch
Government Peripheral Hospital Anna Nagar,"General Medicine, Gynecology","Anna Nagar, Chennai 600102",2026-06-22,Aminjikarai,13.0870,80.2100,200,139,69.50,1335,67,Diabetes,81,81.60,Available,40,105,Yes,None,Normal
Government Royapettah Hospital,"Orthopedics, Neurology","Royapettah, Chennai 600014",2026-06-22,Mylapore,13.0540,80.2640,845,674,79.76,4579,276,Orthopedic Injury,345,79.58,Available,176,414,Yes,None,Normal
Govt Hospital for Thoracic Medicine,"Pulmonology, Tuberculosis","Tambaram, Chennai 600047",2026-06-22,Tambaram,12.9405,80.1320,749,490,65.42,1895,73,Tuberculosis,309,80.13,Available,104,308,Yes,None,Normal
Institute of Child Health and Hospital,"Pediatrics, Neonatology","Egmore, Chennai 600008",2026-06-22,Egmore,13.0745,80.2580,999,874,87.49,4150,173,Acute Diarrhoeal Disease,381,96.56,Available,192,543,Yes,Acute Diarrhoeal Disease Surge,Critical
Kilpauk Medical College and Hospital,"Dermatology, Psychiatry","Kilpauk, Chennai 600010",2026-06-22,Purasawalkam,13.0785,80.2425,1198,956,79.80,5869,284,Mental Health Conditions,525,78.98,Available,243,580,Yes,None,Normal
Obstetrics and Gynecology Hospital Egmore,"Maternal Healthcare, Neonatology","Egmore, Chennai 600008",2026-06-22,Egmore,13.0770,80.2610,794,668,84.13,2873,153,Maternal Conditions,272,88.15,Available,145,448,Yes,None,Normal
Rajiv Gandhi Government General Hospital,"General Medicine, Cardiology","Park Town, Chennai 600003",2026-06-22,Tondiarpet,13.0823,80.2757,2992,2512,83.96,14121,663,Diabetes,711,88.50,Available,482,1272,Yes,None,Normal
Stanley Medical College and Hospital,"Plastic Surgery, Liver Transplant","Royapuram, Chennai 600001",2026-06-22,Tondiarpet,13.1060,80.2872,1796,1521,84.69,8231,464,Liver Disease,397,82.60,Available,337,850,Yes,None,Normal
Tamil Nadu Govt Multi-Super Specialty Hospital,"Neurology, Gastroenterology","Anna Salai, Chennai 600035",2026-06-22,Mylapore,13.0690,80.2750,498,365,73.29,2829,116,Gastrointestinal Disorders,193,81.16,Limited,146,351,Yes,Low Medicine Stock,Watch
Government Peripheral Hospital Anna Nagar,"General Medicine, Gynecology","Anna Nagar, Chennai 600102",2026-06-23,Aminjikarai,13.0870,80.2100,200,143,71.50,1170,60,Diabetes,85,81.37,Limited,41,105,Yes,Low Medicine Stock,Watch
Government Royapettah Hospital,"Orthopedics, Neurology","Royapettah, Chennai 600014",2026-06-23,Mylapore,13.0540,80.2640,845,674,79.76,4063,258,Orthopedic Injury,356,79.44,Available,175,425,Yes,None,Normal
Govt Hospital for Thoracic Medicine,"Pulmonology, Tuberculosis","Tambaram, Chennai 600047",2026-06-23,Tambaram,12.9405,80.1320,749,496,66.22,1853,88,Tuberculosis,298,80.05,Available,103,308,Yes,None,Normal
Institute of Child Health and Hospital,"Pediatrics, Neonatology","Egmore, Chennai 600008",2026-06-23,Egmore,13.0745,80.2580,1000,859,85.90,3608,189,Acute Diarrhoeal Disease,395,96.88,Available,196,538,Yes,Acute Diarrhoeal Disease Surge,Critical
Kilpauk Medical College and Hospital,"Dermatology, Psychiatry","Kilpauk, Chennai 600010",2026-06-23,Purasawalkam,13.0785,80.2425,1198,962,80.30,5423,246,Mental Health Conditions,545,78.70,Available,243,574,Yes,None,Normal
Obstetrics and Gynecology Hospital Egmore,"Maternal Healthcare, Neonatology","Egmore, Chennai 600008",2026-06-23,Egmore,13.0770,80.2610,794,667,84.01,2528,163,Maternal Conditions,294,88.53,Available,142,447,Yes,None,Normal
Rajiv Gandhi Government General Hospital,"General Medicine, Cardiology","Park Town, Chennai 600003",2026-06-23,Tondiarpet,13.0823,80.2757,2991,2523,84.35,12826,563,Diabetes,650,88.24,Available,485,1303,Yes,None,Normal
Stanley Medical College and Hospital,"Plastic Surgery, Liver Transplant","Royapuram, Chennai 600001",2026-06-23,Tondiarpet,13.1060,80.2872,1795,1529,85.18,6911,443,Liver Disease,423,82.68,Available,331,838,Yes,None,Normal
Tamil Nadu Govt Multi-Super Specialty Hospital,"Neurology, Gastroenterology","Anna Salai, Chennai 600035",2026-06-23,Mylapore,13.0690,80.2750,498,357,71.69,2586,100,Gastrointestinal Disorders,195,81.28,Available,147,350,Yes,None,Normal
Government Peripheral Hospital Anna Nagar,"General Medicine, Gynecology","Anna Nagar, Chennai 600102",2026-06-24,Aminjikarai,13.0870,80.2100,200,147,73.50,1215,56,Diabetes,77,81.04,Available,41,104,Yes,None,Normal
Government Royapettah Hospital,"Orthopedics, Neurology","Royapettah, Chennai 600014",2026-06-24,Mylapore,13.0540,80.2640,845,679,80.36,3963,273,Orthopedic Injury,365,79.28,Limited,173,418,Yes,Low Medicine Stock,Watch
Govt Hospital for Thoracic Medicine,"Pulmonology, Tuberculosis","Tambaram, Chennai 600047",2026-06-24,Tambaram,12.9405,80.1320,749,504,67.29,1815,79,Tuberculosis,293,79.95,Available,102,308,Yes,None,Normal
Institute of Child Health and Hospital,"Pediatrics, Neonatology","Egmore, Chennai 600008",2026-06-24,Egmore,13.0745,80.2580,1000,853,85.30,3823,195,Acute Diarrhoeal Disease,343,96.77,Available,198,532,Yes,Acute Diarrhoeal Disease Surge,Critical
Kilpauk Medical College and Hospital,"Dermatology, Psychiatry","Kilpauk, Chennai 600010",2026-06-24,Purasawalkam,13.0785,80.2425,1197,941,78.61,5577,199,Mental Health Conditions,514,78.39,Available,250,570,Yes,None,Normal
Obstetrics and Gynecology Hospital Egmore,"Maternal Healthcare, Neonatology","Egmore, Chennai 600008",2026-06-24,Egmore,13.0770,80.2610,794,668,84.13,2681,149,Maternal Conditions,267,88.16,Available,146,446,Yes,None,Normal
Rajiv Gandhi Government General Hospital,"General Medicine, Cardiology","Park Town, Chennai 600003",2026-06-24,Tondiarpet,13.0823,80.2757,2991,2480,82.92,12547,594,Diabetes,724,88.52,Available,475,1278,Yes,None,Normal
Stanley Medical College and Hospital,"Plastic Surgery, Liver Transplant","Royapuram, Chennai 600001",2026-06-24,Tondiarpet,13.1060,80.2872,1795,1530,85.24,7060,381,Liver Disease,468,82.38,Available,339,854,Yes,None,Normal
Tamil Nadu Govt Multi-Super Specialty Hospital,"Neurology, Gastroenterology","Anna Salai, Chennai 600035",2026-06-24,Mylapore,13.0690,80.2750,498,364,73.09,2468,108,Gastrointestinal Disorders,203,81.49,Available,148,348,Yes,None,Normal
Government Peripheral Hospital Anna Nagar,"General Medicine, Gynecology","Anna Nagar, Chennai 600102",2026-06-25,Aminjikarai,13.0870,80.2100,200,148,74.00,1260,65,Diabetes,82,81.37,Limited,41,105,Yes,Low Medicine Stock,Watch
Government Royapettah Hospital,"Orthopedics, Neurology","Royapettah, Chennai 600014",2026-06-25,Mylapore,13.0540,80.2640,846,692,81.80,4035,286,Orthopedic Injury,350,79.15,Available,174,407,Yes,None,Normal
Govt Hospital for Thoracic Medicine,"Pulmonology, Tuberculosis","Tambaram, Chennai 600047",2026-06-25,Tambaram,12.9405,80.1320,749,520,69.43,1866,97,Tuberculosis,330,79.92,Available,103,300,Yes,None,Normal
Institute of Child Health and Hospital,"Pediatrics, Neonatology","Egmore, Chennai 600008",2026-06-25,Egmore,13.0745,80.2580,1000,842,84.20,3885,198,Acute Diarrhoeal Disease,392,96.93,Available,193,527,Yes,Acute Diarrhoeal Disease Surge,Critical
Kilpauk Medical College and Hospital,"Dermatology, Psychiatry","Kilpauk, Chennai 600010",2026-06-25,Purasawalkam,13.0785,80.2425,1197,941,78.61,5582,195,Mental Health Conditions,549,79.09,Available,248,587,Yes,None,Normal
Obstetrics and Gynecology Hospital Egmore,"Maternal Healthcare, Neonatology","Egmore, Chennai 600008",2026-06-25,Egmore,13.0770,80.2610,794,671,84.51,2373,140,Maternal Conditions,307,88.12,Available,143,458,Yes,None,Normal
Rajiv Gandhi Government General Hospital,"General Medicine, Cardiology","Park Town, Chennai 600003",2026-06-25,Tondiarpet,13.0823,80.2757,2992,2489,83.19,13485,558,Diabetes,750,88.27,Limited,473,1267,Yes,Low Medicine Stock,Watch
Stanley Medical College and Hospital,"Plastic Surgery, Liver Transplant","Royapuram, Chennai 600001",2026-06-25,Tondiarpet,13.1060,80.2872,1796,1586,88.31,7388,431,Liver Disease,439,82.55,Available,342,856,Yes,None,Normal
Tamil Nadu Govt Multi-Super Specialty Hospital,"Neurology, Gastroenterology","Anna Salai, Chennai 600035",2026-06-25,Mylapore,13.0690,80.2750,498,357,71.69,2532,91,Gastrointestinal Disorders,205,81.90,Available,148,360,Yes,None,Normal
Government Peripheral Hospital Anna Nagar,"General Medicine, Gynecology","Anna Nagar, Chennai 600102",2026-06-26,Aminjikarai,13.0870,80.2100,200,154,77.00,1222,65,Diabetes,88,81.08,Limited,40,103,Yes,Low Medicine Stock,Watch
Government Royapettah Hospital,"Orthopedics, Neurology","Royapettah, Chennai 600014",2026-06-26,Mylapore,13.0540,80.2640,847,699,82.53,4063,297,Orthopedic Injury,343,79.53,Limited,176,408,Yes,Low Medicine Stock,Watch
Govt Hospital for Thoracic Medicine,"Pulmonology, Tuberculosis","Tambaram, Chennai 600047",2026-06-26,Tambaram,12.9405,80.1320,749,527,70.36,1697,89,Tuberculosis,307,79.91,Available,104,308,Yes,None,Normal
Institute of Child Health and Hospital,"Pediatrics, Neonatology","Egmore, Chennai 600008",2026-06-26,Egmore,13.0745,80.2580,999,836,83.68,3639,202,Acute Diarrhoeal Disease,327,96.10,Available,192,518,Yes,Acute Diarrhoeal Disease Surge,Critical
Kilpauk Medical College and Hospital,"Dermatology, Psychiatry","Kilpauk, Chennai 600010",2026-06-26,Purasawalkam,13.0785,80.2425,1195,927,77.57,5351,190,Mental Health Conditions,548,78.77,Available,246,578,Yes,None,Normal
Obstetrics and Gynecology Hospital Egmore,"Maternal Healthcare, Neonatology","Egmore, Chennai 600008",2026-06-26,Egmore,13.0770,80.2610,794,662,83.38,2334,157,Maternal Conditions,272,88.55,Available,143,455,Yes,None,Normal
Rajiv Gandhi Government General Hospital,"General Medicine, Cardiology","Park Town, Chennai 600003",2026-06-26,Tondiarpet,13.0823,80.2757,2992,2468,82.49,13174,646,Diabetes,709,88.45,Critical,466,1246,Yes,Medicine Shortage,Critical
Stanley Medical College and Hospital,"Plastic Surgery, Liver Transplant","Royapuram, Chennai 600001",2026-06-26,Tondiarpet,13.1060,80.2872,1796,1563,87.03,7145,440,Liver Disease,402,82.92,Available,340,828,Yes,None,Normal
Tamil Nadu Govt Multi-Super Specialty Hospital,"Neurology, Gastroenterology","Anna Salai, Chennai 600035",2026-06-26,Mylapore,13.0690,80.2750,499,356,71.34,2326,99,Gastrointestinal Disorders,213,81.67,Available,147,351,Yes,None,Normal
Government Peripheral Hospital Anna Nagar,"General Medicine, Gynecology","Anna Nagar, Chennai 600102",2026-06-27,Aminjikarai,13.0870,80.2100,200,155,77.50,899,63,Diabetes,80,81.61,Available,34,85,Yes,None,Normal
Government Royapettah Hospital,"Orthopedics, Neurology","Royapettah, Chennai 600014",2026-06-27,Mylapore,13.0540,80.2640,848,702,82.78,3142,343,Orthopedic Injury,377,80.33,Available,148,345,Yes,None,Normal
Govt Hospital for Thoracic Medicine,"Pulmonology, Tuberculosis","Tambaram, Chennai 600047",2026-06-27,Tambaram,12.9405,80.1320,749,531,70.89,1305,96,Tuberculosis,273,79.86,Available,90,262,Yes,None,Normal
Institute of Child Health and Hospital,"Pediatrics, Neonatology","Egmore, Chennai 600008",2026-06-27,Egmore,13.0745,80.2580,999,825,82.58,2781,216,Acute Diarrhoeal Disease,336,96.03,Available,169,439,Yes,Acute Diarrhoeal Disease Surge,Warning
Kilpauk Medical College and Hospital,"Dermatology, Psychiatry","Kilpauk, Chennai 600010",2026-06-27,Purasawalkam,13.0785,80.2425,1194,920,77.05,3736,231,Mental Health Conditions,560,79.16,Available,211,495,Yes,None,Normal
Obstetrics and Gynecology Hospital Egmore,"Maternal Healthcare, Neonatology","Egmore, Chennai 600008",2026-06-27,Egmore,13.0770,80.2610,794,668,84.13,1629,159,Maternal Conditions,285,88.87,Available,123,389,Yes,None,Normal
Rajiv Gandhi Government General Hospital,"General Medicine, Cardiology","Park Town, Chennai 600003",2026-06-27,Tondiarpet,13.0823,80.2757,2993,2467,82.43,9515,673,Diabetes,693,87.84,Critical,389,1064,Yes,Medicine Shortage,Critical
Stanley Medical College and Hospital,"Plastic Surgery, Liver Transplant","Royapuram, Chennai 600001",2026-06-27,Tondiarpet,13.1060,80.2872,1796,1579,87.92,5972,496,Liver Disease,418,82.60,Available,289,714,Yes,None,Normal
Tamil Nadu Govt Multi-Super Specialty Hospital,"Neurology, Gastroenterology","Anna Salai, Chennai 600035",2026-06-27,Mylapore,13.0690,80.2750,500,356,71.20,1912,126,Gastrointestinal Disorders,189,81.61,Available,128,309,Yes,None,Normal
Government Peripheral Hospital Anna Nagar,"General Medicine, Gynecology","Anna Nagar, Chennai 600102",2026-06-28,Aminjikarai,13.0870,80.2100,199,147,73.87,356,68,Diabetes,52,81.69,Available,29,73,Yes,None,Normal
Government Royapettah Hospital,"Orthopedics, Neurology","Royapettah, Chennai 600014",2026-06-28,Mylapore,13.0540,80.2640,849,671,79.03,1258,346,Orthopedic Injury,207,79.46,Available,128,288,Yes,None,Normal
Govt Hospital for Thoracic Medicine,"Pulmonology, Tuberculosis","Tambaram, Chennai 600047",2026-06-28,Tambaram,12.9405,80.1320,749,524,69.96,495,105,Tuberculosis,141,79.48,Available,76,218,Yes,None,Normal
Institute of Child Health and Hospital,"Pediatrics, Neonatology","Egmore, Chennai 600008",2026-06-28,Egmore,13.0745,80.2580,999,833,83.38,1143,226,Acute Diarrhoeal Disease,156,94.97,Available,138,372,Yes,Acute Diarrhoeal Disease Surge,Warning
Kilpauk Medical College and Hospital,"Dermatology, Psychiatry","Kilpauk, Chennai 600010",2026-06-28,Purasawalkam,13.0785,80.2425,1192,888,74.50,1438,284,Mental Health Conditions,295,79.11,Available,184,422,Yes,None,Normal
Obstetrics and Gynecology Hospital Egmore,"Maternal Healthcare, Neonatology","Egmore, Chennai 600008",2026-06-28,Egmore,13.0770,80.2610,794,642,80.86,678,139,Maternal Conditions,166,88.80,Available,105,333,Yes,None,Normal
Rajiv Gandhi Government General Hospital,"General Medicine, Cardiology","Park Town, Chennai 600003",2026-06-28,Tondiarpet,13.0823,80.2757,2994,2408,80.43,3727,645,Diabetes,415,88.45,Critical,339,901,Yes,Medicine Shortage,Critical
Stanley Medical College and Hospital,"Plastic Surgery, Liver Transplant","Royapuram, Chennai 600001",2026-06-28,Tondiarpet,13.1060,80.2872,1797,1505,83.75,2416,500,Liver Disease,216,82.40,Available,248,602,Yes,None,Normal
Tamil Nadu Govt Multi-Super Specialty Hospital,"Neurology, Gastroenterology","Anna Salai, Chennai 600035",2026-06-28,Mylapore,13.0690,80.2750,500,336,67.20,749,124,Gastrointestinal Disorders,105,82.22,Available,109,254,Yes,None,Normal
Government Peripheral Hospital Anna Nagar,"General Medicine, Gynecology","Anna Nagar, Chennai 600102",2026-06-29,Aminjikarai,13.0870,80.2100,199,154,77.39,1441,64,Diabetes,91,81.00,Available,41,101,Yes,None,Normal
Government Royapettah Hospital,"Orthopedics, Neurology","Royapettah, Chennai 600014",2026-06-29,Mylapore,13.0540,80.2640,850,685,80.59,4729,310,Orthopedic Injury,353,79.19,Available,174,409,Yes,None,Normal
Govt Hospital for Thoracic Medicine,"Pulmonology, Tuberculosis","Tambaram, Chennai 600047",2026-06-29,Tambaram,12.9405,80.1320,749,537,71.70,1900,81,Tuberculosis,216,79.18,Available,103,300,Yes,None,Normal
Institute of Child Health and Hospital,"Pediatrics, Neonatology","Egmore, Chennai 600008",2026-06-29,Egmore,13.0745,80.2580,998,831,83.27,4318,201,Acute Diarrhoeal Disease,256,94.39,Available,199,526,Yes,Acute Diarrhoeal Disease Surge,Warning
Kilpauk Medical College and Hospital,"Dermatology, Psychiatry","Kilpauk, Chennai 600010",2026-06-29,Purasawalkam,13.0785,80.2425,1191,951,79.85,5442,230,Mental Health Conditions,557,79.25,Available,251,566,Yes,None,Normal
Obstetrics and Gynecology Hospital Egmore,"Maternal Healthcare, Neonatology","Egmore, Chennai 600008",2026-06-29,Egmore,13.0770,80.2610,794,675,85.01,2417,121,Maternal Conditions,331,89.25,Available,147,460,Yes,None,Normal
Rajiv Gandhi Government General Hospital,"General Medicine, Cardiology","Park Town, Chennai 600003",2026-06-29,Tondiarpet,13.0823,80.2757,2995,2540,84.81,14592,660,Diabetes,756,88.64,Critical,461,1267,Yes,Medicine Shortage,Critical
Stanley Medical College and Hospital,"Plastic Surgery, Liver Transplant","Royapuram, Chennai 600001",2026-06-29,Tondiarpet,13.1060,80.2872,1797,1543,85.87,8889,520,Liver Disease,335,82.91,Available,335,850,Yes,None,Normal
Tamil Nadu Govt Multi-Super Specialty Hospital,"Neurology, Gastroenterology","Anna Salai, Chennai 600035",2026-06-29,Mylapore,13.0690,80.2750,499,346,69.34,2808,130,Gastrointestinal Disorders,201,81.48,Available,150,356,Yes,None,Normal
Government Peripheral Hospital Anna Nagar,"General Medicine, Gynecology","Anna Nagar, Chennai 600102",2026-06-30,Aminjikarai,13.0870,80.2100,198,151,76.26,1168,64,Diabetes,87,81.64,Available,41,105,Yes,None,Normal
Government Royapettah Hospital,"Orthopedics, Neurology","Royapettah, Chennai 600014",2026-06-30,Mylapore,13.0540,80.2640,850,677,79.65,4106,318,Orthopedic Injury,356,79.63,Available,174,409,Yes,None,Normal
Govt Hospital for Thoracic Medicine,"Pulmonology, Tuberculosis","Tambaram, Chennai 600047",2026-06-30,Tambaram,12.9405,80.1320,749,544,72.63,1688,87,Tuberculosis,203,79.27,Available,103,302,Yes,None,Normal
Institute of Child Health and Hospital,"Pediatrics, Neonatology","Egmore, Chennai 600008",2026-06-30,Egmore,13.0745,80.2580,998,837,83.87,3841,185,Acute Diarrhoeal Disease,266,93.99,Available,193,524,Yes,None,Normal
Kilpauk Medical College and Hospital,"Dermatology, Psychiatry","Kilpauk, Chennai 600010",2026-06-30,Purasawalkam,13.0785,80.2425,1189,940,79.06,4930,250,Mental Health Conditions,589,79.15,Available,245,571,Yes,None,Normal
Obstetrics and Gynecology Hospital Egmore,"Maternal Healthcare, Neonatology","Egmore, Chennai 600008",2026-06-30,Egmore,13.0770,80.2610,795,664,83.52,2370,143,Maternal Conditions,335,89.76,Available,142,463,Yes,None,Normal
Rajiv Gandhi Government General Hospital,"General Medicine, Cardiology","Park Town, Chennai 600003",2026-06-30,Tondiarpet,13.0823,80.2757,2995,2558,85.41,13016,567,Diabetes,781,88.76,Critical,472,1255,Yes,Medicine Shortage,Critical
Stanley Medical College and Hospital,"Plastic Surgery, Liver Transplant","Royapuram, Chennai 600001",2026-06-30,Tondiarpet,13.1060,80.2872,1798,1508,83.87,7553,425,Liver Disease,325,82.62,Available,333,852,Yes,None,Normal
Tamil Nadu Govt Multi-Super Specialty Hospital,"Neurology, Gastroenterology","Anna Salai, Chennai 600035",2026-06-30,Mylapore,13.0690,80.2750,498,340,68.27,2377,124,Gastrointestinal Disorders,202,81.49,Available,153,359,Yes,None,Normal
Government Peripheral Hospital Anna Nagar,"General Medicine, Gynecology","Anna Nagar, Chennai 600102",2026-07-01,Aminjikarai,13.0870,80.2100,198,152,76.77,1202,65,Diabetes,89,81.82,Available,41,105,Yes,None,Normal
Government Royapettah Hospital,"Orthopedics, Neurology","Royapettah, Chennai 600014",2026-07-01,Mylapore,13.0540,80.2640,849,684,80.57,4555,335,Orthopedic Injury,365,79.83,Available,175,404,Yes,None,Normal
Govt Hospital for Thoracic Medicine,"Pulmonology, Tuberculosis","Tambaram, Chennai 600047",2026-07-01,Tambaram,12.9405,80.1320,749,554,73.97,1798,89,Tuberculosis,192,79.66,Available,102,308,Yes,None,Normal
Institute of Child Health and Hospital,"Pediatrics, Neonatology","Egmore, Chennai 600008",2026-07-01,Egmore,13.0745,80.2580,998,858,85.97,3647,181,Acute Diarrhoeal Disease,237,93.86,Available,194,517,Yes,None,Normal
Kilpauk Medical College and Hospital,"Dermatology, Psychiatry","Kilpauk, Chennai 600010",2026-07-01,Purasawalkam,13.0785,80.2425,1188,967,81.40,5061,252,Mental Health Conditions,543,79.58,Available,249,569,Yes,None,Normal
Obstetrics and Gynecology Hospital Egmore,"Maternal Healthcare, Neonatology","Egmore, Chennai 600008",2026-07-01,Egmore,13.0770,80.2610,795,672,84.53,2265,138,Maternal Conditions,309,90.04,Available,144,472,Yes,None,Normal
Rajiv Gandhi Government General Hospital,"General Medicine, Cardiology","Park Town, Chennai 600003",2026-07-01,Tondiarpet,13.0823,80.2757,2996,2634,87.92,12378,617,Cardiac Conditions,907,88.57,Limited,478,1289,Yes,Low Medicine Stock,Watch
Stanley Medical College and Hospital,"Plastic Surgery, Liver Transplant","Royapuram, Chennai 600001",2026-07-01,Tondiarpet,13.1060,80.2872,1798,1496,83.20,7480,404,Liver Disease,300,82.63,Available,333,853,Yes,None,Normal
Tamil Nadu Govt Multi-Super Specialty Hospital,"Neurology, Gastroenterology","Anna Salai, Chennai 600035",2026-07-01,Mylapore,13.0690,80.2750,498,334,67.07,2127,128,Gastrointestinal Disorders,210,81.27,Available,157,355,Yes,None,Normal
Government Peripheral Hospital Anna Nagar,"General Medicine, Gynecology","Anna Nagar, Chennai 600102",2026-07-02,Aminjikarai,13.0870,80.2100,198,149,75.25,1220,59,Diabetes,98,81.66,Available,42,104,Yes,None,Normal
Government Royapettah Hospital,"Orthopedics, Neurology","Royapettah, Chennai 600014",2026-07-02,Mylapore,13.0540,80.2640,848,682,80.42,4972,332,Orthopedic Injury,358,79.50,Available,174,415,Yes,None,Normal
Govt Hospital for Thoracic Medicine,"Pulmonology, Tuberculosis","Tambaram, Chennai 600047",2026-07-02,Tambaram,12.9405,80.1320,749,558,74.50,1930,76,Tuberculosis,167,79.29,Available,103,310,Yes,None,Normal
Institute of Child Health and Hospital,"Pediatrics, Neonatology","Egmore, Chennai 600008",2026-07-02,Egmore,13.0745,80.2580,998,871,87.27,3836,182,Acute Diarrhoeal Disease,213,92.94,Available,192,524,Yes,None,Normal
Kilpauk Medical College and Hospital,"Dermatology, Psychiatry","Kilpauk, Chennai 600010",2026-07-02,Purasawalkam,13.0785,80.2425,1188,974,81.99,5222,286,Mental Health Conditions,580,79.66,Available,241,583,Yes,None,Normal
Obstetrics and Gynecology Hospital Egmore,"Maternal Healthcare, Neonatology","Egmore, Chennai 600008",2026-07-02,Egmore,13.0770,80.2610,795,674,84.78,2413,164,Maternal Conditions,348,90.37,Available,142,470,Yes,None,Normal
Rajiv Gandhi Government General Hospital,"General Medicine, Cardiology","Park Town, Chennai 600003",2026-07-02,Tondiarpet,13.0823,80.2757,2996,2585,86.28,12172,606,Cardiac Conditions,873,88.82,Available,467,1310,Yes,None,Normal
Stanley Medical College and Hospital,"Plastic Surgery, Liver Transplant","Royapuram, Chennai 600001",2026-07-02,Tondiarpet,13.1060,80.2872,1798,1480,82.31,7528,445,Liver Disease,317,82.84,Available,334,831,Yes,None,Normal
Tamil Nadu Govt Multi-Super Specialty Hospital,"Neurology, Gastroenterology","Anna Salai, Chennai 600035",2026-07-02,Mylapore,13.0690,80.2750,497,320,64.39,2253,122,Gastrointestinal Disorders,193,81.79,Available,154,357,Yes,None,Normal
Government Peripheral Hospital Anna Nagar,"General Medicine, Gynecology","Anna Nagar, Chennai 600102",2026-07-03,Aminjikarai,13.0870,80.2100,198,153,77.27,1151,56,Diabetes,103,81.75,Limited,42,104,Yes,Low Medicine Stock,Watch
Government Royapettah Hospital,"Orthopedics, Neurology","Royapettah, Chennai 600014",2026-07-03,Mylapore,13.0540,80.2640,848,665,78.42,4878,339,Orthopedic Injury,399,79.18,Available,173,412,Yes,None,Normal
Govt Hospital for Thoracic Medicine,"Pulmonology, Tuberculosis","Tambaram, Chennai 600047",2026-07-03,Tambaram,12.9405,80.1320,749,559,74.63,2006,72,Respiratory Infection,179,79.13,Available,105,308,Yes,None,Normal
Institute of Child Health and Hospital,"Pediatrics, Neonatology","Egmore, Chennai 600008",2026-07-03,Egmore,13.0745,80.2580,998,868,86.97,3869,176,Acute Diarrhoeal Disease,234,92.26,Available,194,529,Yes,None,Normal
Kilpauk Medical College and Hospital,"Dermatology, Psychiatry","Kilpauk, Chennai 600010",2026-07-03,Purasawalkam,13.0785,80.2425,1187,983,82.81,5221,252,Mental Health Conditions,576,79.59,Available,242,574,Yes,None,Normal
Obstetrics and Gynecology Hospital Egmore,"Maternal Healthcare, Neonatology","Egmore, Chennai 600008",2026-07-03,Egmore,13.0770,80.2610,795,669,84.15,2405,171,Maternal Conditions,299,90.57,Available,142,457,Yes,None,Normal
Rajiv Gandhi Government General Hospital,"General Medicine, Cardiology","Park Town, Chennai 600003",2026-07-03,Tondiarpet,13.0823,80.2757,2996,2615,87.28,11603,528,Diabetes,861,89.35,Available,487,1325,Yes,None,Normal
Stanley Medical College and Hospital,"Plastic Surgery, Liver Transplant","Royapuram, Chennai 600001",2026-07-03,Tondiarpet,13.1060,80.2872,1798,1475,82.04,7669,378,Liver Disease,291,82.85,Available,322,827,No,Ambulance Unavailable,Warning
Tamil Nadu Govt Multi-Super Specialty Hospital,"Neurology, Gastroenterology","Anna Salai, Chennai 600035",2026-07-03,Mylapore,13.0690,80.2750,497,323,64.99,2227,126,Gastrointestinal Disorders,201,81.35,Available,160,361,Yes,None,Normal
Government Peripheral Hospital Anna Nagar,"General Medicine, Gynecology","Anna Nagar, Chennai 600102",2026-07-04,Aminjikarai,13.0870,80.2100,198,149,75.25,851,61,Diabetes,102,81.34,Available,36,91,Yes,None,Normal
Government Royapettah Hospital,"Orthopedics, Neurology","Royapettah, Chennai 600014",2026-07-04,Mylapore,13.0540,80.2640,848,690,81.37,3315,353,Orthopedic Injury,371,79.29,Available,148,350,Yes,None,Normal
Govt Hospital for Thoracic Medicine,"Pulmonology, Tuberculosis","Tambaram, Chennai 600047",2026-07-04,Tambaram,12.9405,80.1320,749,546,72.90,1470,80,Respiratory Infection,174,79.12,Limited,88,262,Yes,Low Medicine Stock,Watch
Institute of Child Health and Hospital,"Pediatrics, Neonatology","Egmore, Chennai 600008",2026-07-04,Egmore,13.0745,80.2580,998,861,86.27,2840,192,Acute Diarrhoeal Disease,218,92.41,Available,163,457,Yes,None,Normal
Kilpauk Medical College and Hospital,"Dermatology, Psychiatry","Kilpauk, Chennai 600010",2026-07-04,Purasawalkam,13.0785,80.2425,1188,990,83.33,3672,325,Mental Health Conditions,591,79.94,Available,199,491,Yes,None,Normal
Obstetrics and Gynecology Hospital Egmore,"Maternal Healthcare, Neonatology","Egmore, Chennai 600008",2026-07-04,Egmore,13.0770,80.2610,795,666,83.77,1785,199,Maternal Conditions,340,91.17,Available,123,394,Yes,None,Normal
Rajiv Gandhi Government General Hospital,"General Medicine, Cardiology","Park Town, Chennai 600003",2026-07-04,Tondiarpet,13.0823,80.2757,2996,2629,87.75,8509,638,Cardiac Conditions,889,88.54,Available,414,1105,Yes,None,Normal
Stanley Medical College and Hospital,"Plastic Surgery, Liver Transplant","Royapuram, Chennai 600001",2026-07-04,Tondiarpet,13.1060,80.2872,1798,1464,81.42,5568,452,Liver Disease,317,82.29,Available,274,724,Yes,None,Normal
Tamil Nadu Govt Multi-Super Specialty Hospital,"Neurology, Gastroenterology","Anna Salai, Chennai 600035",2026-07-04,Mylapore,13.0690,80.2750,497,321,64.59,1707,127,Gastrointestinal Disorders,193,81.65,Available,136,312,Yes,None,Normal
Government Peripheral Hospital Anna Nagar,"General Medicine, Gynecology","Anna Nagar, Chennai 600102",2026-07-05,Aminjikarai,13.0870,80.2100,198,147,74.24,328,67,Diabetes,53,81.75,Available,31,76,Yes,None,Normal
Government Royapettah Hospital,"Orthopedics, Neurology","Royapettah, Chennai 600014",2026-07-05,Mylapore,13.0540,80.2640,848,684,80.66,1267,335,Orthopedic Injury,218,79.17,Available,121,297,Yes,None,Normal
Govt Hospital for Thoracic Medicine,"Pulmonology, Tuberculosis","Tambaram, Chennai 600047",2026-07-05,Tambaram,12.9405,80.1320,750,534,71.20,551,89,Tuberculosis,103,78.88,Limited,73,222,Yes,Low Medicine Stock,Watch
Institute of Child Health and Hospital,"Pediatrics, Neonatology","Egmore, Chennai 600008",2026-07-05,Egmore,13.0745,80.2580,998,843,84.47,1166,183,Acute Diarrhoeal Disease,128,91.42,Available,136,382,Yes,None,Normal
Kilpauk Medical College and Hospital,"Dermatology, Psychiatry","Kilpauk, Chennai 600010",2026-07-05,Purasawalkam,13.0785,80.2425,1189,945,79.48,1678,283,Mental Health Conditions,312,80.11,Available,174,412,Yes,None,Normal
Obstetrics and Gynecology Hospital Egmore,"Maternal Healthcare, Neonatology","Egmore, Chennai 600008",2026-07-05,Egmore,13.0770,80.2610,795,645,81.13,791,169,Maternal Conditions,177,90.82,Available,101,335,Yes,None,Normal
Rajiv Gandhi Government General Hospital,"General Medicine, Cardiology","Park Town, Chennai 600003",2026-07-05,Tondiarpet,13.0823,80.2757,2997,2559,85.39,3466,606,Cardiac Conditions,497,89.27,Available,347,962,Yes,None,Normal
Stanley Medical College and Hospital,"Plastic Surgery, Liver Transplant","Royapuram, Chennai 600001",2026-07-05,Tondiarpet,13.1060,80.2872,1798,1432,79.64,2178,505,Liver Disease,160,82.60,Available,230,606,No,Ambulance Unavailable,Warning
Tamil Nadu Govt Multi-Super Specialty Hospital,"Neurology, Gastroenterology","Anna Salai, Chennai 600035",2026-07-05,Mylapore,13.0690,80.2750,497,316,63.58,677,147,Gastrointestinal Disorders,113,81.20,Available,115,263,Yes,None,Normal
Government Peripheral Hospital Anna Nagar,"General Medicine, Gynecology","Anna Nagar, Chennai 600102",2026-07-06,Aminjikarai,13.0870,80.2100,198,150,75.76,1184,54,Diabetes,100,81.75,Available,43,103,Yes,None,Normal
Government Royapettah Hospital,"Orthopedics, Neurology","Royapettah, Chennai 600014",2026-07-06,Mylapore,13.0540,80.2640,847,724,85.48,4378,259,Orthopedic Injury,413,78.74,Available,170,410,Yes,None,Normal
Govt Hospital for Thoracic Medicine,"Pulmonology, Tuberculosis","Tambaram, Chennai 600047",2026-07-06,Tambaram,12.9405,80.1320,750,555,74.00,1997,90,Tuberculosis,182,78.56,Available,104,308,Yes,None,Normal
Institute of Child Health and Hospital,"Pediatrics, Neonatology","Egmore, Chennai 600008",2026-07-06,Egmore,13.0745,80.2580,998,845,84.67,4633,171,Pediatric Infection,203,91.51,Available,192,532,Yes,None,Normal
Kilpauk Medical College and Hospital,"Dermatology, Psychiatry","Kilpauk, Chennai 600010",2026-07-06,Purasawalkam,13.0785,80.2425,1191,946,79.43,5980,232,Mental Health Conditions,532,80.21,Available,234,587,Yes,None,Normal
Obstetrics and Gynecology Hospital Egmore,"Maternal Healthcare, Neonatology","Egmore, Chennai 600008",2026-07-06,Egmore,13.0770,80.2610,796,670,84.17,2848,166,Maternal Conditions,334,91.26,Available,141,467,Yes,None,Normal
Rajiv Gandhi Government General Hospital,"General Medicine, Cardiology","Park Town, Chennai 600003",2026-07-06,Tondiarpet,13.0823,80.2757,2997,2620,87.42,12944,624,Cardiac Conditions,908,89.12,Available,476,1311,Yes,None,Normal
Stanley Medical College and Hospital,"Plastic Surgery, Liver Transplant","Royapuram, Chennai 600001",2026-07-06,Tondiarpet,13.1060,80.2872,1799,1482,82.38,7654,449,Liver Disease,297,82.80,Available,320,830,Yes,None,Normal
Tamil Nadu Govt Multi-Super Specialty Hospital,"Neurology, Gastroenterology","Anna Salai, Chennai 600035",2026-07-06,Mylapore,13.0690,80.2750,498,335,67.27,2366,139,Gastrointestinal Disorders,203,81.15,Available,162,354,Yes,None,Normal
Government Peripheral Hospital Anna Nagar,"General Medicine, Gynecology","Anna Nagar, Chennai 600102",2026-07-07,Aminjikarai,13.0870,80.2100,199,151,75.88,1085,55,Diabetes,96,81.62,Available,42,103,Yes,None,Normal
Government Royapettah Hospital,"Orthopedics, Neurology","Royapettah, Chennai 600014",2026-07-07,Mylapore,13.0540,80.2640,846,726,85.82,3262,301,Orthopedic Injury,424,79.00,Available,172,416,Yes,None,Normal
Govt Hospital for Thoracic Medicine,"Pulmonology, Tuberculosis","Tambaram, Chennai 600047",2026-07-07,Tambaram,12.9405,80.1320,750,525,70.00,1565,82,Tuberculosis,197,78.83,Limited,103,309,Yes,Low Medicine Stock,Watch
Institute of Child Health and Hospital,"Pediatrics, Neonatology","Egmore, Chennai 600008",2026-07-07,Egmore,13.0745,80.2580,998,835,83.67,4444,203,Pediatric Infection,241,91.13,Available,194,544,Yes,None,Normal
Kilpauk Medical College and Hospital,"Dermatology, Psychiatry","Kilpauk, Chennai 600010",2026-07-07,Purasawalkam,13.0785,80.2425,1193,937,78.54,5388,215,Mental Health Conditions,490,81.09,Available,241,586,Yes,None,Normal
Obstetrics and Gynecology Hospital Egmore,"Maternal Healthcare, Neonatology","Egmore, Chennai 600008",2026-07-07,Egmore,13.0770,80.2610,796,679,85.30,2856,157,Maternal Conditions,322,91.77,Available,140,471,Yes,None,Normal
Rajiv Gandhi Government General Hospital,"General Medicine, Cardiology","Park Town, Chennai 600003",2026-07-07,Tondiarpet,13.0823,80.2757,2998,2656,88.59,10329,615,Cardiac Conditions,880,88.92,Available,476,1294,Yes,None,Normal
Stanley Medical College and Hospital,"Plastic Surgery, Liver Transplant","Royapuram, Chennai 600001",2026-07-07,Tondiarpet,13.1060,80.2872,1799,1459,81.10,7033,533,Liver Disease,286,82.49,Available,325,827,Yes,None,Normal
Tamil Nadu Govt Multi-Super Specialty Hospital,"Neurology, Gastroenterology","Anna Salai, Chennai 600035",2026-07-07,Mylapore,13.0690,80.2750,498,342,68.67,2182,121,Gastrointestinal Disorders,204,81.31,Available,158,351,Yes,None,Normal
Government Peripheral Hospital Anna Nagar,"General Medicine, Gynecology","Anna Nagar, Chennai 600102",2026-07-08,Aminjikarai,13.0870,80.2100,199,150,75.38,1022,64,Diabetes,93,81.99,Available,42,103,Yes,None,Normal
Government Royapettah Hospital,"Orthopedics, Neurology","Royapettah, Chennai 600014",2026-07-08,Mylapore,13.0540,80.2640,846,762,90.07,3493,255,Orthopedic Injury,428,78.95,Available,172,404,Yes,High Bed Occupancy,Watch
Govt Hospital for Thoracic Medicine,"Pulmonology, Tuberculosis","Tambaram, Chennai 600047",2026-07-08,Tambaram,12.9405,80.1320,750,539,71.87,1675,89,Tuberculosis,222,78.22,Available,100,299,Yes,None,Normal
Institute of Child Health and Hospital,"Pediatrics, Neonatology","Egmore, Chennai 600008",2026-07-08,Egmore,13.0745,80.2580,998,808,80.96,4558,183,Pediatric Infection,250,90.39,Available,194,537,Yes,None,Normal
Kilpauk Medical College and Hospital,"Dermatology, Psychiatry","Kilpauk, Chennai 600010",2026-07-08,Purasawalkam,13.0785,80.2425,1196,953,79.68,5305,224,Mental Health Conditions,476,80.93,Available,245,581,Yes,None,Normal
Obstetrics and Gynecology Hospital Egmore,"Maternal Healthcare, Neonatology","Egmore, Chennai 600008",2026-07-08,Egmore,13.0770,80.2610,797,687,86.20,2785,145,Maternal Conditions,325,91.73,Available,141,464,Yes,None,Normal
Rajiv Gandhi Government General Hospital,"General Medicine, Cardiology","Park Town, Chennai 600003",2026-07-08,Tondiarpet,13.0823,80.2757,2998,2635,87.89,10593,638,Cardiac Conditions,979,89.49,Available,479,1290,Yes,None,Normal
Stanley Medical College and Hospital,"Plastic Surgery, Liver Transplant","Royapuram, Chennai 600001",2026-07-08,Tondiarpet,13.1060,80.2872,1799,1450,80.60,6494,431,Liver Disease,291,82.57,Available,334,856,Yes,None,Normal
Tamil Nadu Govt Multi-Super Specialty Hospital,"Neurology, Gastroenterology","Anna Salai, Chennai 600035",2026-07-08,Mylapore,13.0690,80.2750,498,353,70.88,2322,138,Gastrointestinal Disorders,216,81.57,Available,159,355,Yes,None,Normal
Government Peripheral Hospital Anna Nagar,"General Medicine, Gynecology","Anna Nagar, Chennai 600102",2026-07-09,Aminjikarai,13.0870,80.2100,199,151,75.88,1108,67,Diabetes,94,82.08,Available,43,100,Yes,None,Normal
Government Royapettah Hospital,"Orthopedics, Neurology","Royapettah, Chennai 600014",2026-07-09,Mylapore,13.0540,80.2640,845,763,90.30,3417,258,Orthopedic Injury,467,78.84,Available,175,418,Yes,High Bed Occupancy,Watch
Govt Hospital for Thoracic Medicine,"Pulmonology, Tuberculosis","Tambaram, Chennai 600047",2026-07-09,Tambaram,12.9405,80.1320,749,534,71.30,1713,88,Tuberculosis,215,78.94,Available,103,306,Yes,None,Normal
Institute of Child Health and Hospital,"Pediatrics, Neonatology","Egmore, Chennai 600008",2026-07-09,Egmore,13.0745,80.2580,998,825,82.67,4238,204,Pediatric Infection,312,91.02,Available,192,533,Yes,None,Normal
Kilpauk Medical College and Hospital,"Dermatology, Psychiatry","Kilpauk, Chennai 600010",2026-07-09,Purasawalkam,13.0785,80.2425,1199,936,78.07,5692,242,Mental Health Conditions,456,80.32,Available,244,583,Yes,None,Normal
Obstetrics and Gynecology Hospital Egmore,"Maternal Healthcare, Neonatology","Egmore, Chennai 600008",2026-07-09,Egmore,13.0770,80.2610,797,679,85.19,2694,144,Maternal Conditions,341,91.78,Available,142,451,Yes,None,Normal
Rajiv Gandhi Government General Hospital,"General Medicine, Cardiology","Park Town, Chennai 600003",2026-07-09,Tondiarpet,13.0823,80.2757,2999,2620,87.36,10433,567,Cardiac Conditions,978,88.83,Available,489,1325,Yes,None,Normal
Stanley Medical College and Hospital,"Plastic Surgery, Liver Transplant","Royapuram, Chennai 600001",2026-07-09,Tondiarpet,13.1060,80.2872,1800,1450,80.56,7138,435,Liver Disease,294,82.63,Available,347,854,Yes,None,Normal
Tamil Nadu Govt Multi-Super Specialty Hospital,"Neurology, Gastroenterology","Anna Salai, Chennai 600035",2026-07-09,Mylapore,13.0690,80.2750,499,359,71.94,2216,137,Gastrointestinal Disorders,231,81.37,Available,152,343,Yes,None,Normal
Government Peripheral Hospital Anna Nagar,"General Medicine, Gynecology","Anna Nagar, Chennai 600102",2026-07-10,Aminjikarai,13.0870,80.2100,200,150,75.00,1113,68,Diabetes,81,81.59,Available,44,100,Yes,None,Normal
Government Royapettah Hospital,"Orthopedics, Neurology","Royapettah, Chennai 600014",2026-07-10,Mylapore,13.0540,80.2640,844,743,88.03,3337,234,Orthopedic Injury,450,79.06,Available,180,408,Yes,None,Normal
Govt Hospital for Thoracic Medicine,"Pulmonology, Tuberculosis","Tambaram, Chennai 600047",2026-07-10,Tambaram,12.9405,80.1320,749,543,72.50,1611,80,Tuberculosis,247,78.56,Available,100,307,Yes,None,Normal
Institute of Child Health and Hospital,"Pediatrics, Neonatology","Egmore, Chennai 600008",2026-07-10,Egmore,13.0745,80.2580,998,826,82.77,4121,220,Pediatric Infection,312,89.64,Available,192,542,Yes,None,Normal
Kilpauk Medical College and Hospital,"Dermatology, Psychiatry","Kilpauk, Chennai 600010",2026-07-10,Purasawalkam,13.0785,80.2425,1200,947,78.92,5537,295,Mental Health Conditions,484,80.67,Available,247,567,Yes,None,Normal
Obstetrics and Gynecology Hospital Egmore,"Maternal Healthcare, Neonatology","Egmore, Chennai 600008",2026-07-10,Egmore,13.0770,80.2610,798,689,86.34,2574,127,Maternal Conditions,339,92.05,Available,140,448,Yes,None,Normal
Rajiv Gandhi Government General Hospital,"General Medicine, Cardiology","Park Town, Chennai 600003",2026-07-10,Tondiarpet,13.0823,80.2757,2999,2645,88.20,11475,592,Cardiac Conditions,989,89.06,Available,481,1296,Yes,None,Normal
Stanley Medical College and Hospital,"Plastic Surgery, Liver Transplant","Royapuram, Chennai 600001",2026-07-10,Tondiarpet,13.1060,80.2872,1800,1419,78.83,6919,414,Liver Disease,273,82.38,Available,351,876,Yes,None,Normal
Tamil Nadu Govt Multi-Super Specialty Hospital,"Neurology, Gastroenterology","Anna Salai, Chennai 600035",2026-07-10,Mylapore,13.0690,80.2750,499,351,70.34,2268,128,Gastrointestinal Disorders,220,81.51,Available,155,339,Yes,None,Normal
Government Peripheral Hospital Anna Nagar,"General Medicine, Gynecology","Anna Nagar, Chennai 600102",2026-07-11,Aminjikarai,13.0870,80.2100,200,150,75.00,882,85,Diabetes,80,81.85,Available,37,81,Yes,None,Normal
Government Royapettah Hospital,"Orthopedics, Neurology","Royapettah, Chennai 600014",2026-07-11,Mylapore,13.0540,80.2640,843,731,86.71,2788,244,Orthopedic Injury,435,79.11,Limited,153,354,Yes,Low Medicine Stock,Watch
Govt Hospital for Thoracic Medicine,"Pulmonology, Tuberculosis","Tambaram, Chennai 600047",2026-07-11,Tambaram,12.9405,80.1320,749,543,72.50,1197,92,Tuberculosis,254,78.98,Available,87,258,Yes,None,Normal
Institute of Child Health and Hospital,"Pediatrics, Neonatology","Egmore, Chennai 600008",2026-07-11,Egmore,13.0745,80.2580,998,839,84.07,3197,270,Pediatric Infection,330,89.64,Available,165,451,Yes,None,Normal
Kilpauk Medical College and Hospital,"Dermatology, Psychiatry","Kilpauk, Chennai 600010",2026-07-11,Purasawalkam,13.0785,80.2425,1198,955,79.72,4028,291,Mental Health Conditions,470,81.00,Available,213,481,Yes,None,Normal
Obstetrics and Gynecology Hospital Egmore,"Maternal Healthcare, Neonatology","Egmore, Chennai 600008",2026-07-11,Egmore,13.0770,80.2610,798,694,86.97,1941,154,Maternal Conditions,362,92.28,Available,118,389,Yes,None,Normal
Rajiv Gandhi Government General Hospital,"General Medicine, Cardiology","Park Town, Chennai 600003",2026-07-11,Tondiarpet,13.0823,80.2757,3000,2560,85.33,8911,630,Cardiac Conditions,977,89.15,Available,408,1097,Yes,None,Normal
Stanley Medical College and Hospital,"Plastic Surgery, Liver Transplant","Royapuram, Chennai 600001",2026-07-11,Tondiarpet,13.1060,80.2872,1800,1446,80.33,5352,380,Liver Disease,301,82.90,Available,314,732,Yes,None,Normal
Tamil Nadu Govt Multi-Super Specialty Hospital,"Neurology, Gastroenterology","Anna Salai, Chennai 600035",2026-07-11,Mylapore,13.0690,80.2750,499,357,71.54,1804,147,Gastrointestinal Disorders,228,81.26,Available,129,291,Yes,None,Normal
Government Peripheral Hospital Anna Nagar,"General Medicine, Gynecology","Anna Nagar, Chennai 600102",2026-07-12,Aminjikarai,13.0870,80.2100,200,150,75.00,380,76,Diabetes,50,82.27,Available,31,70,Yes,None,Normal
Government Royapettah Hospital,"Orthopedics, Neurology","Royapettah, Chennai 600014",2026-07-12,Mylapore,13.0540,80.2640,843,700,83.04,1147,271,Orthopedic Injury,252,79.30,Limited,129,304,Yes,Low Medicine Stock,Watch
Govt Hospital for Thoracic Medicine,"Pulmonology, Tuberculosis","Tambaram, Chennai 600047",2026-07-12,Tambaram,12.9405,80.1320,748,514,68.72,505,100,Tuberculosis,138,78.56,Available,74,220,Yes,None,Normal
Institute of Child Health and Hospital,"Pediatrics, Neonatology","Egmore, Chennai 600008",2026-07-12,Egmore,13.0745,80.2580,998,837,83.87,1192,251,Pediatric Infection,183,89.70,Available,140,384,Yes,None,Normal
Kilpauk Medical College and Hospital,"Dermatology, Psychiatry","Kilpauk, Chennai 600010",2026-07-12,Purasawalkam,13.0785,80.2425,1197,935,78.11,1645,328,Mental Health Conditions,241,80.63,Limited,179,417,Yes,Low Medicine Stock,Watch
Obstetrics and Gynecology Hospital Egmore,"Maternal Healthcare, Neonatology","Egmore, Chennai 600008",2026-07-12,Egmore,13.0770,80.2610,799,671,83.98,719,153,Maternal Conditions,204,92.00,Available,100,321,Yes,None,Normal
Rajiv Gandhi Government General Hospital,"General Medicine, Cardiology","Park Town, Chennai 600003",2026-07-12,Tondiarpet,13.0823,80.2757,3000,2560,85.33,3566,598,Cardiac Conditions,534,89.31,Available,351,910,Yes,None,Normal
Stanley Medical College and Hospital,"Plastic Surgery, Liver Transplant","Royapuram, Chennai 600001",2026-07-12,Tondiarpet,13.1060,80.2872,1800,1373,76.28,2285,387,Liver Disease,161,82.59,Available,264,621,Yes,None,Normal
Tamil Nadu Govt Multi-Super Specialty Hospital,"Neurology, Gastroenterology","Anna Salai, Chennai 600035",2026-07-12,Mylapore,13.0690,80.2750,500,364,72.80,685,130,Gastrointestinal Disorders,124,81.29,Available,107,245,Yes,None,Normal
Government Peripheral Hospital Anna Nagar,"General Medicine, Gynecology","Anna Nagar, Chennai 600102",2026-07-13,Aminjikarai,13.0870,80.2100,200,152,76.00,1418,74,Diabetes,91,81.78,Available,42,99,Yes,None,Normal
Government Royapettah Hospital,"Orthopedics, Neurology","Royapettah, Chennai 600014",2026-07-13,Mylapore,13.0540,80.2640,843,694,82.33,4193,251,Orthopedic Injury,437,79.38,Limited,179,409,Yes,Low Medicine Stock,Watch
Govt Hospital for Thoracic Medicine,"Pulmonology, Tuberculosis","Tambaram, Chennai 600047",2026-07-13,Tambaram,12.9405,80.1320,748,542,72.46,1824,79,Tuberculosis,243,78.52,Available,99,305,Yes,None,Normal
Institute of Child Health and Hospital,"Pediatrics, Neonatology","Egmore, Chennai 600008",2026-07-13,Egmore,13.0745,80.2580,998,878,87.98,4116,214,Pediatric Infection,325,90.44,Available,197,524,Yes,None,Normal
Kilpauk Medical College and Hospital,"Dermatology, Psychiatry","Kilpauk, Chennai 600010",2026-07-13,Purasawalkam,13.0785,80.2425,1197,959,80.12,6323,286,Mental Health Conditions,449,81.17,Available,247,579,Yes,None,Normal
Obstetrics and Gynecology Hospital Egmore,"Maternal Healthcare, Neonatology","Egmore, Chennai 600008",2026-07-13,Egmore,13.0770,80.2610,799,687,85.98,2738,133,Maternal Conditions,372,92.16,Available,137,462,Yes,None,Normal
Rajiv Gandhi Government General Hospital,"General Medicine, Cardiology","Park Town, Chennai 600003",2026-07-13,Tondiarpet,13.0823,80.2757,3000,2584,86.13,13739,616,Cardiac Conditions,919,89.34,Available,492,1286,Yes,None,Normal
Stanley Medical College and Hospital,"Plastic Surgery, Liver Transplant","Royapuram, Chennai 600001",2026-07-13,Tondiarpet,13.1060,80.2872,1800,1383,76.83,7825,406,Liver Disease,300,82.64,Available,369,854,Yes,None,Normal
Tamil Nadu Govt Multi-Super Specialty Hospital,"Neurology, Gastroenterology","Anna Salai, Chennai 600035",2026-07-13,Mylapore,13.0690,80.2750,500,375,75.00,2496,131,Gastrointestinal Disorders,216,81.42,Available,152,335,Yes,None,Normal
Government Peripheral Hospital Anna Nagar,"General Medicine, Gynecology","Anna Nagar, Chennai 600102",2026-07-14,Aminjikarai,13.0870,80.2100,200,150,75.00,1220,70,Diabetes,94,82.43,Available,42,96,Yes,None,Normal
Government Royapettah Hospital,"Orthopedics, Neurology","Royapettah, Chennai 600014",2026-07-14,Mylapore,13.0540,80.2640,843,659,78.17,3685,254,Orthopedic Injury,491,78.57,Available,177,409,Yes,None,Normal
Govt Hospital for Thoracic Medicine,"Pulmonology, Tuberculosis","Tambaram, Chennai 600047",2026-07-14,Tambaram,12.9405,80.1320,749,544,72.63,1589,89,Tuberculosis,262,78.36,Available,101,308,Yes,None,Normal
Institute of Child Health and Hospital,"Pediatrics, Neonatology","Egmore, Chennai 600008",2026-07-14,Egmore,13.0745,80.2580,998,887,88.88,4038,207,Pediatric Infection,362,90.10,Available,195,526,Yes,None,Normal
Kilpauk Medical College and Hospital,"Dermatology, Psychiatry","Kilpauk, Chennai 600010",2026-07-14,Purasawalkam,13.0785,80.2425,1197,1006,84.04,5099,255,Mental Health Conditions,488,80.72,Available,243,561,Yes,None,Normal
Obstetrics and Gynecology Hospital Egmore,"Maternal Healthcare, Neonatology","Egmore, Chennai 600008",2026-07-14,Egmore,13.0770,80.2610,799,685,85.73,2396,134,Maternal Conditions,357,92.43,Available,138,450,Yes,None,Normal
Rajiv Gandhi Government General Hospital,"General Medicine, Cardiology","Park Town, Chennai 600003",2026-07-14,Tondiarpet,13.0823,80.2757,3000,2558,85.27,11983,533,Cardiac Conditions,990,88.92,Available,479,1290,Yes,None,Normal
Stanley Medical College and Hospital,"Plastic Surgery, Liver Transplant","Royapuram, Chennai 600001",2026-07-14,Tondiarpet,13.1060,80.2872,1800,1390,77.22,7721,459,Liver Disease,315,82.52,Available,349,867,Yes,None,Normal
Tamil Nadu Govt Multi-Super Specialty Hospital,"Neurology, Gastroenterology","Anna Salai, Chennai 600035",2026-07-14,Mylapore,13.0690,80.2750,500,379,75.80,2270,127,Gastrointestinal Disorders,223,81.43,Available,152,338,Yes,None,Normal
Government Peripheral Hospital Anna Nagar,"General Medicine, Gynecology","Anna Nagar, Chennai 600102",2026-07-15,Aminjikarai,13.0870,80.2100,200,150,75.00,1185,66,Diabetes,93,82.01,Available,42,100,Yes,None,Normal
Government Royapettah Hospital,"Orthopedics, Neurology","Royapettah, Chennai 600014",2026-07-15,Mylapore,13.0540,80.2640,844,661,78.32,3791,291,Orthopedic Injury,530,78.87,Available,182,425,Yes,None,Normal
Govt Hospital for Thoracic Medicine,"Pulmonology, Tuberculosis","Tambaram, Chennai 600047",2026-07-15,Tambaram,12.9405,80.1320,749,549,73.30,1600,95,Tuberculosis,238,78.76,Available,101,306,Yes,None,Normal
Institute of Child Health and Hospital,"Pediatrics, Neonatology","Egmore, Chennai 600008",2026-07-15,Egmore,13.0745,80.2580,999,867,86.79,4011,229,Pediatric Infection,355,90.00,Available,195,528,Yes,None,Normal
Kilpauk Medical College and Hospital,"Dermatology, Psychiatry","Kilpauk, Chennai 600010",2026-07-15,Purasawalkam,13.0785,80.2425,1198,991,82.72,4999,232,Mental Health Conditions,487,80.63,Available,245,557,Yes,None,Normal
Obstetrics and Gynecology Hospital Egmore,"Maternal Healthcare, Neonatology","Egmore, Chennai 600008",2026-07-15,Egmore,13.0770,80.2610,799,700,87.61,2471,156,Maternal Conditions,394,92.39,Available,141,447,Yes,None,Normal
Rajiv Gandhi Government General Hospital,"General Medicine, Cardiology","Park Town, Chennai 600003",2026-07-15,Tondiarpet,13.0823,80.2757,3000,2576,85.87,13213,639,Cardiac Conditions,885,89.11,Available,477,1259,Yes,None,Normal
Stanley Medical College and Hospital,"Plastic Surgery, Liver Transplant","Royapuram, Chennai 600001",2026-07-15,Tondiarpet,13.1060,80.2872,1800,1384,76.89,7766,432,Liver Disease,308,82.70,Available,338,860,Yes,None,Normal
Tamil Nadu Govt Multi-Super Specialty Hospital,"Neurology, Gastroenterology","Anna Salai, Chennai 600035",2026-07-15,Mylapore,13.0690,80.2750,500,377,75.40,2292,117,Gastrointestinal Disorders,215,80.61,Available,155,346,Yes,None,Normal
Government Peripheral Hospital Anna Nagar,"General Medicine, Gynecology","Anna Nagar, Chennai 600102",2026-07-16,Aminjikarai,13.0870,80.2100,200,155,77.50,1279,72,Diabetes,92,81.84,Available,43,98,Yes,None,Normal
Government Royapettah Hospital,"Orthopedics, Neurology","Royapettah, Chennai 600014",2026-07-16,Mylapore,13.0540,80.2640,845,659,77.99,3914,248,Orthopedic Injury,481,78.53,Available,180,427,Yes,None,Normal
Govt Hospital for Thoracic Medicine,"Pulmonology, Tuberculosis","Tambaram, Chennai 600047",2026-07-16,Tambaram,12.9405,80.1320,750,561,74.80,1709,87,Tuberculosis,245,78.32,Available,101,299,Yes,None,Normal
Institute of Child Health and Hospital,"Pediatrics, Neonatology","Egmore, Chennai 600008",2026-07-16,Egmore,13.0745,80.2580,999,869,86.99,4031,211,Pediatric Infection,334,90.24,Available,200,519,Yes,None,Normal
Kilpauk Medical College and Hospital,"Dermatology, Psychiatry","Kilpauk, Chennai 600010",2026-07-16,Purasawalkam,13.0785,80.2425,1200,1012,84.33,5425,257,Mental Health Conditions,512,81.12,Available,242,568,Yes,None,Normal
Obstetrics and Gynecology Hospital Egmore,"Maternal Healthcare, Neonatology","Egmore, Chennai 600008",2026-07-16,Egmore,13.0770,80.2610,799,691,86.48,2563,150,Maternal Conditions,469,91.49,Available,144,455,Yes,None,Normal
Rajiv Gandhi Government General Hospital,"General Medicine, Cardiology","Park Town, Chennai 600003",2026-07-16,Tondiarpet,13.0823,80.2757,3000,2613,87.10,13451,583,Cardiac Conditions,957,89.27,Available,478,1278,Yes,None,Normal
Stanley Medical College and Hospital,"Plastic Surgery, Liver Transplant","Royapuram, Chennai 600001",2026-07-16,Tondiarpet,13.1060,80.2872,1798,1362,75.75,7793,455,Liver Disease,324,82.32,Available,335,853,Yes,None,Normal
Tamil Nadu Govt Multi-Super Specialty Hospital,"Neurology, Gastroenterology","Anna Salai, Chennai 600035",2026-07-16,Mylapore,13.0690,80.2750,500,384,76.80,2433,109,Gastrointestinal Disorders,213,81.17,Available,154,339,Yes,None,Normal
Government Peripheral Hospital Anna Nagar,"General Medicine, Gynecology","Anna Nagar, Chennai 600102",2026-07-17,Aminjikarai,13.0870,80.2100,200,154,77.00,1263,75,Diabetes,107,81.62,Available,43,99,Yes,None,Normal
Government Royapettah Hospital,"Orthopedics, Neurology","Royapettah, Chennai 600014",2026-07-17,Mylapore,13.0540,80.2640,846,669,79.08,4106,266,Orthopedic Injury,567,79.44,Available,182,416,Yes,None,Normal
Govt Hospital for Thoracic Medicine,"Pulmonology, Tuberculosis","Tambaram, Chennai 600047",2026-07-17,Tambaram,12.9405,80.1320,749,558,74.50,1736,79,Tuberculosis,245,78.28,Available,103,297,Yes,None,Normal
Institute of Child Health and Hospital,"Pediatrics, Neonatology","Egmore, Chennai 600008",2026-07-17,Egmore,13.0745,80.2580,999,861,86.19,3737,193,Pediatric Infection,332,90.48,Available,200,530,Yes,None,Normal
Kilpauk Medical College and Hospital,"Dermatology, Psychiatry","Kilpauk, Chennai 600010",2026-07-17,Purasawalkam,13.0785,80.2425,1199,984,82.07,4962,232,Mental Health Conditions,461,80.94,Available,249,554,Yes,None,Normal
Obstetrics and Gynecology Hospital Egmore,"Maternal Healthcare, Neonatology","Egmore, Chennai 600008",2026-07-17,Egmore,13.0770,80.2610,800,696,87.00,2853,148,Maternal Conditions,471,92.20,Available,142,450,Yes,None,Normal
Rajiv Gandhi Government General Hospital,"General Medicine, Cardiology","Park Town, Chennai 600003",2026-07-17,Tondiarpet,13.0823,80.2757,2999,2647,88.26,13226,629,Cardiac Conditions,867,88.27,Available,481,1281,Yes,None,Normal
Stanley Medical College and Hospital,"Plastic Surgery, Liver Transplant","Royapuram, Chennai 600001",2026-07-17,Tondiarpet,13.1060,80.2872,1797,1423,79.19,7265,449,Liver Disease,376,83.19,Available,320,854,Yes,None,Normal
Tamil Nadu Govt Multi-Super Specialty Hospital,"Neurology, Gastroenterology","Anna Salai, Chennai 600035",2026-07-17,Mylapore,13.0690,80.2750,499,379,75.95,2307,126,Gastrointestinal Disorders,221,80.56,Available,155,343,Yes,None,Normal
Government Peripheral Hospital Anna Nagar,"General Medicine, Gynecology","Anna Nagar, Chennai 600102",2026-07-18,Aminjikarai,13.0870,80.2100,200,155,77.50,989,82,Diabetes,107,81.90,Available,36,85,Yes,None,Normal
Government Royapettah Hospital,"Orthopedics, Neurology","Royapettah, Chennai 600014",2026-07-18,Mylapore,13.0540,80.2640,848,680,80.19,3044,318,Orthopedic Injury,573,78.65,Available,154,361,Yes,None,Normal
Govt Hospital for Thoracic Medicine,"Pulmonology, Tuberculosis","Tambaram, Chennai 600047",2026-07-18,Tambaram,12.9405,80.1320,748,574,76.74,1243,101,Tuberculosis,274,78.33,Available,85,254,Yes,None,Normal
Institute of Child Health and Hospital,"Pediatrics, Neonatology","Egmore, Chennai 600008",2026-07-18,Egmore,13.0745,80.2580,1000,868,86.80,2880,217,Pediatric Infection,330,90.33,Available,171,446,Yes,None,Normal
Kilpauk Medical College and Hospital,"Dermatology, Psychiatry","Kilpauk, Chennai 600010",2026-07-18,Purasawalkam,13.0785,80.2425,1197,986,82.37,3704,288,Mental Health Conditions,513,81.06,Available,207,477,Yes,None,Normal
Obstetrics and Gynecology Hospital Egmore,"Maternal Healthcare, Neonatology","Egmore, Chennai 600008",2026-07-18,Egmore,13.0770,80.2610,800,693,86.62,2071,180,Maternal Conditions,501,91.43,Available,122,396,Yes,None,Normal
Rajiv Gandhi Government General Hospital,"General Medicine, Cardiology","Park Town, Chennai 600003",2026-07-18,Tondiarpet,13.0823,80.2757,2998,2615,87.22,9440,654,Cardiac Conditions,810,88.30,Available,406,1057,Yes,None,Normal
Stanley Medical College and Hospital,"Plastic Surgery, Liver Transplant","Royapuram, Chennai 600001",2026-07-18,Tondiarpet,13.1060,80.2872,1795,1451,80.84,5714,509,Liver Disease,388,83.08,Available,267,726,Yes,None,Normal
Tamil Nadu Govt Multi-Super Specialty Hospital,"Neurology, Gastroenterology","Anna Salai, Chennai 600035",2026-07-18,Mylapore,13.0690,80.2750,499,380,76.15,1780,150,Gastrointestinal Disorders,233,81.03,Available,135,301,Yes,None,Normal
Government Peripheral Hospital Anna Nagar,"General Medicine, Gynecology","Anna Nagar, Chennai 600102",2026-07-19,Aminjikarai,13.0870,80.2100,200,152,76.00,362,80,Diabetes,58,81.69,Available,31,72,Yes,None,Normal
Government Royapettah Hospital,"Orthopedics, Neurology","Royapettah, Chennai 600014",2026-07-19,Mylapore,13.0540,80.2640,849,667,78.56,1282,305,Orthopedic Injury,320,79.26,Available,131,304,Yes,None,Normal
Govt Hospital for Thoracic Medicine,"Pulmonology, Tuberculosis","Tambaram, Chennai 600047",2026-07-19,Tambaram,12.9405,80.1320,747,542,72.56,503,104,Tuberculosis,152,78.11,Available,72,213,Yes,None,Normal
Institute of Child Health and Hospital,"Pediatrics, Neonatology","Egmore, Chennai 600008",2026-07-19,Egmore,13.0745,80.2580,1000,825,82.50,1202,248,Pediatric Infection,171,90.51,Available,142,377,Yes,None,Normal
Kilpauk Medical College and Hospital,"Dermatology, Psychiatry","Kilpauk, Chennai 600010",2026-07-19,Purasawalkam,13.0785,80.2425,1194,932,78.06,1581,252,Mental Health Conditions,282,81.13,Available,173,401,Yes,None,Normal
Obstetrics and Gynecology Hospital Egmore,"Maternal Healthcare, Neonatology","Egmore, Chennai 600008",2026-07-19,Egmore,13.0770,80.2610,800,680,85.00,791,173,Maternal Conditions,302,91.61,Available,104,331,Yes,None,Normal
Rajiv Gandhi Government General Hospital,"General Medicine, Cardiology","Park Town, Chennai 600003",2026-07-19,Tondiarpet,13.0823,80.2757,2997,2641,88.12,3835,686,Cardiac Conditions,490,87.89,Available,346,919,Yes,None,Normal
Stanley Medical College and Hospital,"Plastic Surgery, Liver Transplant","Royapuram, Chennai 600001",2026-07-19,Tondiarpet,13.1060,80.2872,1793,1431,79.81,2222,475,Liver Disease,225,83.37,Available,221,626,Yes,None,Normal
Tamil Nadu Govt Multi-Super Specialty Hospital,"Neurology, Gastroenterology","Anna Salai, Chennai 600035",2026-07-19,Mylapore,13.0690,80.2750,499,360,72.14,747,129,Gastrointestinal Disorders,114,80.70,Available,116,256,Yes,None,Normal
Government Peripheral Hospital Anna Nagar,"General Medicine, Gynecology","Anna Nagar, Chennai 600102",2026-07-20,Aminjikarai,13.0870,80.2100,200,158,79.00,1397,78,Diabetes,125,81.69,Available,42,101,Yes,None,Normal
Government Royapettah Hospital,"Orthopedics, Neurology","Royapettah, Chennai 600014",2026-07-20,Mylapore,13.0540,80.2640,850,686,80.71,4691,312,Orthopedic Injury,571,79.12,Available,181,414,Yes,None,Normal
Govt Hospital for Thoracic Medicine,"Pulmonology, Tuberculosis","Tambaram, Chennai 600047",2026-07-20,Tambaram,12.9405,80.1320,745,572,76.78,2063,77,Tuberculosis,274,77.91,Available,101,298,Yes,None,Normal
Institute of Child Health and Hospital,"Pediatrics, Neonatology","Egmore, Chennai 600008",2026-07-20,Egmore,13.0745,80.2580,1000,848,84.80,4766,230,Pediatric Infection,303,90.57,Available,199,513,Yes,None,Normal
Kilpauk Medical College and Hospital,"Dermatology, Psychiatry","Kilpauk, Chennai 600010",2026-07-20,Purasawalkam,13.0785,80.2425,1192,951,79.78,5515,216,Mental Health Conditions,511,81.26,Available,246,554,Yes,None,Normal
Obstetrics and Gynecology Hospital Egmore,"Maternal Healthcare, Neonatology","Egmore, Chennai 600008",2026-07-20,Egmore,13.0770,80.2610,800,712,89.00,3233,156,Maternal Conditions,592,91.42,Available,145,451,Yes,None,Normal
Rajiv Gandhi Government General Hospital,"General Medicine, Cardiology","Park Town, Chennai 600003",2026-07-20,Tondiarpet,13.0823,80.2757,2997,2706,90.29,13448,571,Cardiac Conditions,848,87.95,Available,472,1258,Yes,High Bed Occupancy,Watch
Stanley Medical College and Hospital,"Plastic Surgery, Liver Transplant","Royapuram, Chennai 600001",2026-07-20,Tondiarpet,13.1060,80.2872,1792,1496,83.48,8229,415,Liver Disease,428,83.94,Available,314,854,Yes,None,Normal
Tamil Nadu Govt Multi-Super Specialty Hospital,"Neurology, Gastroenterology","Anna Salai, Chennai 600035",2026-07-20,Mylapore,13.0690,80.2750,499,376,75.35,2464,113,Gastrointestinal Disorders,237,79.57,Available,163,357,Yes,None,Normal
Government Peripheral Hospital Anna Nagar,"General Medicine, Gynecology","Anna Nagar, Chennai 600102",2026-07-21,Aminjikarai,13.0870,80.2100,200,158,79.00,1242,65,Diabetes,125,81.50,Available,42,99,Yes,None,Normal
Government Royapettah Hospital,"Orthopedics, Neurology","Royapettah, Chennai 600014",2026-07-21,Mylapore,13.0540,80.2640,849,697,82.10,4142,367,Orthopedic Injury,597,79.15,Available,182,427,Yes,None,Normal
Govt Hospital for Thoracic Medicine,"Pulmonology, Tuberculosis","Tambaram, Chennai 600047",2026-07-21,Tambaram,12.9405,80.1320,744,576,77.42,1844,88,Tuberculosis,267,77.16,Available,100,300,Yes,None,Normal
Institute of Child Health and Hospital,"Pediatrics, Neonatology","Egmore, Chennai 600008",2026-07-21,Egmore,13.0745,80.2580,1000,838,83.80,4346,233,Pediatric Infection,300,90.66,Available,198,527,Yes,None,Normal
Kilpauk Medical College and Hospital,"Dermatology, Psychiatry","Kilpauk, Chennai 600010",2026-07-21,Purasawalkam,13.0785,80.2425,1190,960,80.67,4588,212,Mental Health Conditions,531,81.20,Available,242,566,Yes,None,Normal
Obstetrics and Gynecology Hospital Egmore,"Maternal Healthcare, Neonatology","Egmore, Chennai 600008",2026-07-21,Egmore,13.0770,80.2610,800,697,87.12,2883,147,Maternal Conditions,595,90.91,Available,144,447,Yes,None,Normal
Rajiv Gandhi Government General Hospital,"General Medicine, Cardiology","Park Town, Chennai 600003",2026-07-21,Tondiarpet,13.0823,80.2757,2996,2707,90.35,12080,565,Cardiac Conditions,797,87.28,Available,483,1242,Yes,High Bed Occupancy,Watch
Stanley Medical College and Hospital,"Plastic Surgery, Liver Transplant","Royapuram, Chennai 600001",2026-07-21,Tondiarpet,13.1060,80.2872,1790,1498,83.69,7730,454,Liver Disease,423,83.91,Available,315,843,Yes,None,Normal
Tamil Nadu Govt Multi-Super Specialty Hospital,"Neurology, Gastroenterology","Anna Salai, Chennai 600035",2026-07-21,Mylapore,13.0690,80.2750,499,370,74.15,2181,109,Gastrointestinal Disorders,221,79.96,Available,157,352,Yes,None,Normal
Government Peripheral Hospital Anna Nagar,"General Medicine, Gynecology","Anna Nagar, Chennai 600102",2026-07-22,Aminjikarai,13.0870,80.2100,200,159,79.50,1217,64,Diabetes,118,81.84,Available,42,100,Yes,None,Normal
Government Royapettah Hospital,"Orthopedics, Neurology","Royapettah, Chennai 600014",2026-07-22,Mylapore,13.0540,80.2640,848,692,81.60,4020,348,Orthopedic Injury,624,79.05,Available,180,427,Yes,None,Normal
Govt Hospital for Thoracic Medicine,"Pulmonology, Tuberculosis","Tambaram, Chennai 600047",2026-07-22,Tambaram,12.9405,80.1320,744,568,76.34,1953,90,Tuberculosis,277,77.11,Available,101,308,Yes,None,Normal
Institute of Child Health and Hospital,"Pediatrics, Neonatology","Egmore, Chennai 600008",2026-07-22,Egmore,13.0745,80.2580,1000,840,84.00,4494,239,Pediatric Infection,313,91.84,Available,200,513,Yes,None,Normal
Kilpauk Medical College and Hospital,"Dermatology, Psychiatry","Kilpauk, Chennai 600010",2026-07-22,Purasawalkam,13.0785,80.2425,1189,960,80.74,4821,196,Mental Health Conditions,475,81.65,Available,252,564,Yes,None,Normal
Obstetrics and Gynecology Hospital Egmore,"Maternal Healthcare, Neonatology","Egmore, Chennai 600008",2026-07-22,Egmore,13.0770,80.2610,799,700,87.61,3034,140,Maternal Conditions,624,91.32,Available,141,461,Yes,None,Normal
Rajiv Gandhi Government General Hospital,"General Medicine, Cardiology","Park Town, Chennai 600003",2026-07-22,Tondiarpet,13.0823,80.2757,2996,2730,91.12,12026,551,Cardiac Conditions,818,87.28,Available,491,1277,Yes,High Bed Occupancy,Watch
Stanley Medical College and Hospital,"Plastic Surgery, Liver Transplant","Royapuram, Chennai 600001",2026-07-22,Tondiarpet,13.1060,80.2872,1790,1521,84.97,8232,418,Liver Disease,458,84.50,Available,325,851,Yes,None,Normal
Tamil Nadu Govt Multi-Super Specialty Hospital,"Neurology, Gastroenterology","Anna Salai, Chennai 600035",2026-07-22,Mylapore,13.0690,80.2750,499,374,74.95,2430,103,Gastrointestinal Disorders,211,79.46,Available,162,354,Yes,None,Normal
Government Peripheral Hospital Anna Nagar,"General Medicine, Gynecology","Anna Nagar, Chennai 600102",2026-07-23,Aminjikarai,13.0870,80.2100,200,152,76.00,1145,66,Diabetes,113,81.93,Available,42,99,Yes,None,Normal
Government Royapettah Hospital,"Orthopedics, Neurology","Royapettah, Chennai 600014",2026-07-23,Mylapore,13.0540,80.2640,848,704,83.02,3977,370,Orthopedic Injury,576,78.87,Available,178,414,Yes,None,Normal
Govt Hospital for Thoracic Medicine,"Pulmonology, Tuberculosis","Tambaram, Chennai 600047",2026-07-23,Tambaram,12.9405,80.1320,743,562,75.64,1975,81,Tuberculosis,264,77.13,Available,99,314,No,Ambulance Unavailable,Warning
Institute of Child Health and Hospital,"Pediatrics, Neonatology","Egmore, Chennai 600008",2026-07-23,Egmore,13.0745,80.2580,1000,851,85.10,4153,248,Pediatric Infection,297,91.41,Available,203,522,No,Ambulance Unavailable,Warning
Kilpauk Medical College and Hospital,"Dermatology, Psychiatry","Kilpauk, Chennai 600010",2026-07-23,Purasawalkam,13.0785,80.2425,1189,952,80.07,4883,198,Mental Health Conditions,533,81.51,Available,246,567,Yes,None,Normal
Obstetrics and Gynecology Hospital Egmore,"Maternal Healthcare, Neonatology","Egmore, Chennai 600008",2026-07-23,Egmore,13.0770,80.2610,799,701,87.73,2837,133,Maternal Conditions,583,90.89,Available,144,453,Yes,None,Normal
Rajiv Gandhi Government General Hospital,"General Medicine, Cardiology","Park Town, Chennai 600003",2026-07-23,Tondiarpet,13.0823,80.2757,2996,2759,92.09,12988,558,Cardiac Conditions,858,87.20,Available,497,1273,Yes,High Bed Occupancy,Watch
Stanley Medical College and Hospital,"Plastic Surgery, Liver Transplant","Royapuram, Chennai 600001",2026-07-23,Tondiarpet,13.1060,80.2872,1789,1503,84.01,7918,468,Liver Disease,443,84.64,Available,319,850,Yes,None,Normal
Tamil Nadu Govt Multi-Super Specialty Hospital,"Neurology, Gastroenterology","Anna Salai, Chennai 600035",2026-07-23,Mylapore,13.0690,80.2750,499,381,76.35,2391,98,Gastrointestinal Disorders,221,79.73,Available,155,353,Yes,None,Normal
Government Peripheral Hospital Anna Nagar,"General Medicine, Gynecology","Anna Nagar, Chennai 600102",2026-07-24,Aminjikarai,13.0870,80.2100,200,147,73.50,1220,68,Diabetes,107,82.02,Available,41,102,Yes,None,Normal
Government Royapettah Hospital,"Orthopedics, Neurology","Royapettah, Chennai 600014",2026-07-24,Mylapore,13.0540,80.2640,848,690,81.37,4179,391,Orthopedic Injury,559,78.96,Available,177,413,Yes,None,Normal
Govt Hospital for Thoracic Medicine,"Pulmonology, Tuberculosis","Tambaram, Chennai 600047",2026-07-24,Tambaram,12.9405,80.1320,743,547,73.62,1835,88,Tuberculosis,242,76.25,Available,98,318,Yes,None,Normal
Institute of Child Health and Hospital,"Pediatrics, Neonatology","Egmore, Chennai 600008",2026-07-24,Egmore,13.0745,80.2580,1000,834,83.40,3981,221,Pediatric Infection,318,91.53,Available,202,518,Yes,None,Normal
Kilpauk Medical College and Hospital,"Dermatology, Psychiatry","Kilpauk, Chennai 600010",2026-07-24,Purasawalkam,13.0785,80.2425,1190,960,80.67,4952,192,Mental Health Conditions,547,81.69,Available,246,579,Yes,None,Normal
Obstetrics and Gynecology Hospital Egmore,"Maternal Healthcare, Neonatology","Egmore, Chennai 600008",2026-07-24,Egmore,13.0770,80.2610,800,705,88.12,2978,139,Maternal Conditions,516,90.53,Available,142,446,Yes,None,Normal
Rajiv Gandhi Government General Hospital,"General Medicine, Cardiology","Park Town, Chennai 600003",2026-07-24,Tondiarpet,13.0823,80.2757,2996,2754,91.92,11946,617,Diabetes,779,86.88,Available,500,1301,Yes,High Bed Occupancy,Watch
Stanley Medical College and Hospital,"Plastic Surgery, Liver Transplant","Royapuram, Chennai 600001",2026-07-24,Tondiarpet,13.1060,80.2872,1790,1510,84.36,8025,439,Liver Disease,403,85.24,Available,334,838,Yes,None,Normal
Tamil Nadu Govt Multi-Super Specialty Hospital,"Neurology, Gastroenterology","Anna Salai, Chennai 600035",2026-07-24,Mylapore,13.0690,80.2750,499,381,76.35,2281,98,Gastrointestinal Disorders,217,78.96,Available,160,361,Yes,None,Normal
Government Peripheral Hospital Anna Nagar,"General Medicine, Gynecology","Anna Nagar, Chennai 600102",2026-07-25,Aminjikarai,13.0870,80.2100,200,145,72.50,921,78,Diabetes,93,82.04,Available,35,86,Yes,None,Normal
Government Royapettah Hospital,"Orthopedics, Neurology","Royapettah, Chennai 600014",2026-07-25,Mylapore,13.0540,80.2640,848,708,83.49,3161,415,Orthopedic Injury,557,78.88,Available,150,352,Yes,None,Normal
Govt Hospital for Thoracic Medicine,"Pulmonology, Tuberculosis","Tambaram, Chennai 600047",2026-07-25,Tambaram,12.9405,80.1320,743,537,72.27,1337,91,Tuberculosis,222,76.53,Available,81,270,No,Ambulance Unavailable,Warning
Institute of Child Health and Hospital,"Pediatrics, Neonatology","Egmore, Chennai 600008",2026-07-25,Egmore,13.0745,80.2580,1000,832,83.20,2869,240,Pediatric Infection,295,92.27,Available,172,439,Yes,None,Normal
Kilpauk Medical College and Hospital,"Dermatology, Psychiatry","Kilpauk, Chennai 600010",2026-07-25,Purasawalkam,13.0785,80.2425,1191,975,81.86,3614,255,Mental Health Conditions,549,81.96,Available,214,487,Yes,None,Normal
Obstetrics and Gynecology Hospital Egmore,"Maternal Healthcare, Neonatology","Egmore, Chennai 600008",2026-07-25,Egmore,13.0770,80.2610,800,705,88.12,2144,144,Maternal Conditions,543,90.48,Available,117,376,Yes,None,Normal
Rajiv Gandhi Government General Hospital,"General Medicine, Cardiology","Park Town, Chennai 600003",2026-07-25,Tondiarpet,13.0823,80.2757,2996,2744,91.59,9169,680,Diabetes,834,86.11,Available,438,1097,Yes,High Bed Occupancy,Watch
Stanley Medical College and Hospital,"Plastic Surgery, Liver Transplant","Royapuram, Chennai 600001",2026-07-25,Tondiarpet,13.1060,80.2872,1790,1483,82.85,6264,512,Liver Disease,375,85.43,Limited,282,728,Yes,Low Medicine Stock,Watch
Tamil Nadu Govt Multi-Super Specialty Hospital,"Neurology, Gastroenterology","Anna Salai, Chennai 600035",2026-07-25,Mylapore,13.0690,80.2750,499,389,77.96,1796,130,Gastrointestinal Disorders,210,78.80,Available,131,297,Yes,None,Normal
Government Peripheral Hospital Anna Nagar,"General Medicine, Gynecology","Anna Nagar, Chennai 600102",2026-07-26,Aminjikarai,13.0870,80.2100,199,138,69.35,381,68,Diabetes,47,82.08,Available,30,73,Yes,None,Normal
Government Royapettah Hospital,"Orthopedics, Neurology","Royapettah, Chennai 600014",2026-07-26,Mylapore,13.0540,80.2640,848,677,79.83,1252,379,Orthopedic Injury,336,79.00,Available,123,304,Yes,None,Normal
Govt Hospital for Thoracic Medicine,"Pulmonology, Tuberculosis","Tambaram, Chennai 600047",2026-07-26,Tambaram,12.9405,80.1320,743,513,69.04,530,105,Tuberculosis,104,75.97,Available,69,228,Yes,None,Normal
Institute of Child Health and Hospital,"Pediatrics, Neonatology","Egmore, Chennai 600008",2026-07-26,Egmore,13.0745,80.2580,1000,817,81.70,1100,232,Pediatric Infection,180,92.38,Available,147,382,Yes,None,Normal
Kilpauk Medical College and Hospital,"Dermatology, Psychiatry","Kilpauk, Chennai 600010",2026-07-26,Purasawalkam,13.0785,80.2425,1194,939,78.64,1547,294,Mental Health Conditions,350,81.13,Available,178,412,Yes,None,Normal
Obstetrics and Gynecology Hospital Egmore,"Maternal Healthcare, Neonatology","Egmore, Chennai 600008",2026-07-26,Egmore,13.0770,80.2610,800,679,84.88,817,155,Maternal Conditions,295,90.52,Available,100,322,Yes,None,Normal
Rajiv Gandhi Government General Hospital,"General Medicine, Cardiology","Park Town, Chennai 600003",2026-07-26,Tondiarpet,13.0823,80.2757,2997,2675,89.26,3321,589,Diabetes,460,85.71,Available,360,928,Yes,None,Normal
Stanley Medical College and Hospital,"Plastic Surgery, Liver Transplant","Royapuram, Chennai 600001",2026-07-26,Tondiarpet,13.1060,80.2872,1791,1466,81.85,2493,464,Hepatitis,184,85.69,Limited,242,610,Yes,Low Medicine Stock,Watch
Tamil Nadu Govt Multi-Super Specialty Hospital,"Neurology, Gastroenterology","Anna Salai, Chennai 600035",2026-07-26,Mylapore,13.0690,80.2750,499,384,76.95,727,110,Gastrointestinal Disorders,114,78.40,Available,112,251,Yes,None,Normal
Government Peripheral Hospital Anna Nagar,"General Medicine, Gynecology","Anna Nagar, Chennai 600102",2026-07-27,Aminjikarai,13.0870,80.2100,199,142,71.36,1358,70,Diabetes,87,81.86,Available,41,101,Yes,None,Normal
Government Royapettah Hospital,"Orthopedics, Neurology","Royapettah, Chennai 600014",2026-07-27,Mylapore,13.0540,80.2640,849,695,81.86,4838,303,Orthopedic Injury,564,78.91,Available,174,411,Yes,None,Normal
Govt Hospital for Thoracic Medicine,"Pulmonology, Tuberculosis","Tambaram, Chennai 600047",2026-07-27,Tambaram,12.9405,80.1320,742,526,70.89,1924,89,Tuberculosis,187,75.77,Available,95,328,Yes,None,Normal
Institute of Child Health and Hospital,"Pediatrics, Neonatology","Egmore, Chennai 600008",2026-07-27,Egmore,13.0745,80.2580,999,835,83.58,3700,203,Pediatric Infection,304,92.18,Available,208,520,Yes,None,Normal
Kilpauk Medical College and Hospital,"Dermatology, Psychiatry","Kilpauk, Chennai 600010",2026-07-27,Purasawalkam,13.0785,80.2425,1198,981,81.89,5689,299,Mental Health Conditions,654,81.76,Available,253,575,Yes,None,Normal
Obstetrics and Gynecology Hospital Egmore,"Maternal Healthcare, Neonatology","Egmore, Chennai 600008",2026-07-27,Egmore,13.0770,80.2610,800,697,87.12,2932,149,Maternal Conditions,497,89.97,Available,142,447,Yes,None,Normal
Rajiv Gandhi Government General Hospital,"General Medicine, Cardiology","Park Town, Chennai 600003",2026-07-27,Tondiarpet,13.0823,80.2757,2998,2752,91.79,11774,579,Cardiac Conditions,794,85.95,Available,504,1313,Yes,High Bed Occupancy,Watch
Stanley Medical College and Hospital,"Plastic Surgery, Liver Transplant","Royapuram, Chennai 600001",2026-07-27,Tondiarpet,13.1060,80.2872,1792,1482,82.70,8862,408,Liver Disease,295,86.03,Limited,332,851,Yes,Low Medicine Stock,Watch
Tamil Nadu Govt Multi-Super Specialty Hospital,"Neurology, Gastroenterology","Anna Salai, Chennai 600035",2026-07-27,Mylapore,13.0690,80.2750,499,386,77.35,2769,97,Gastrointestinal Disorders,197,78.85,Available,155,359,Yes,None,Normal
Government Peripheral Hospital Anna Nagar,"General Medicine, Gynecology","Anna Nagar, Chennai 600102",2026-07-28,Aminjikarai,13.0870,80.2100,199,144,72.36,1299,63,Diabetes,78,82.18,Available,43,103,Yes,None,Normal
Government Royapettah Hospital,"Orthopedics, Neurology","Royapettah, Chennai 600014",2026-07-28,Mylapore,13.0540,80.2640,849,706,83.16,4288,324,Orthopedic Injury,523,79.09,Available,176,420,Yes,None,Normal
Govt Hospital for Thoracic Medicine,"Pulmonology, Tuberculosis","Tambaram, Chennai 600047",2026-07-28,Tambaram,12.9405,80.1320,742,536,72.24,1714,81,Tuberculosis,177,75.78,Available,99,324,Yes,None,Normal
Institute of Child Health and Hospital,"Pediatrics, Neonatology","Egmore, Chennai 600008",2026-07-28,Egmore,13.0745,80.2580,997,842,84.45,3401,198,Pediatric Infection,325,92.58,Available,198,522,Yes,None,Normal
Kilpauk Medical College and Hospital,"Dermatology, Psychiatry","Kilpauk, Chennai 600010",2026-07-28,Purasawalkam,13.0785,80.2425,1199,966,80.57,5183,292,Mental Health Conditions,660,82.14,Available,256,588,Yes,None,Normal
Obstetrics and Gynecology Hospital Egmore,"Maternal Healthcare, Neonatology","Egmore, Chennai 600008",2026-07-28,Egmore,13.0770,80.2610,799,690,86.36,2460,139,Maternal Conditions,481,90.29,Available,142,445,Yes,None,Normal
Rajiv Gandhi Government General Hospital,"General Medicine, Cardiology","Park Town, Chennai 600003",2026-07-28,Tondiarpet,13.0823,80.2757,2999,2691,89.73,10441,555,Diabetes,826,85.40,Available,498,1300,Yes,None,Normal
Stanley Medical College and Hospital,"Plastic Surgery, Liver Transplant","Royapuram, Chennai 600001",2026-07-28,Tondiarpet,13.1060,80.2872,1793,1478,82.43,8407,415,Hepatitis,306,86.05,Available,336,849,No,Ambulance Unavailable,Warning
Tamil Nadu Govt Multi-Super Specialty Hospital,"Neurology, Gastroenterology","Anna Salai, Chennai 600035",2026-07-28,Mylapore,13.0690,80.2750,500,387,77.40,2683,99,Gastrointestinal Disorders,208,78.35,Available,154,363,Yes,None,Normal
Government Peripheral Hospital Anna Nagar,"General Medicine, Gynecology","Anna Nagar, Chennai 600102",2026-07-29,Aminjikarai,13.0870,80.2100,199,145,72.86,1308,67,Hypertension,76,82.12,Available,42,102,Yes,None,Normal
Government Royapettah Hospital,"Orthopedics, Neurology","Royapettah, Chennai 600014",2026-07-29,Mylapore,13.0540,80.2640,849,693,81.63,4445,306,Orthopedic Injury,599,78.67,Available,175,411,Yes,None,Normal
Govt Hospital for Thoracic Medicine,"Pulmonology, Tuberculosis","Tambaram, Chennai 600047",2026-07-29,Tambaram,12.9405,80.1320,742,516,69.54,1671,95,Tuberculosis,147,75.91,Available,96,318,Yes,None,Normal
Institute of Child Health and Hospital,"Pediatrics, Neonatology","Egmore, Chennai 600008",2026-07-29,Egmore,13.0745,80.2580,996,850,85.34,3664,243,Pediatric Infection,339,92.49,Available,200,519,Yes,None,Normal
Kilpauk Medical College and Hospital,"Dermatology, Psychiatry","Kilpauk, Chennai 600010",2026-07-29,Purasawalkam,13.0785,80.2425,1195,971,81.26,5460,253,Mental Health Conditions,735,81.94,Available,255,595,Yes,None,Normal
Obstetrics and Gynecology Hospital Egmore,"Maternal Healthcare, Neonatology","Egmore, Chennai 600008",2026-07-29,Egmore,13.0770,80.2610,798,679,85.09,2356,154,Maternal Conditions,483,89.83,Available,143,456,Yes,None,Normal
Rajiv Gandhi Government General Hospital,"General Medicine, Cardiology","Park Town, Chennai 600003",2026-07-29,Tondiarpet,13.0823,80.2757,3000,2749,91.63,11470,581,Diabetes,870,85.46,Available,478,1299,Yes,High Bed Occupancy,Watch
Stanley Medical College and Hospital,"Plastic Surgery, Liver Transplant","Royapuram, Chennai 600001",2026-07-29,Tondiarpet,13.1060,80.2872,1794,1464,81.61,7884,411,Hepatitis,292,86.69,Available,329,853,Yes,None,Normal
Tamil Nadu Govt Multi-Super Specialty Hospital,"Neurology, Gastroenterology","Anna Salai, Chennai 600035",2026-07-29,Mylapore,13.0690,80.2750,500,388,77.60,2588,119,Gastrointestinal Disorders,199,78.27,Available,155,360,Yes,None,Normal
Government Peripheral Hospital Anna Nagar,"General Medicine, Gynecology","Anna Nagar, Chennai 600102",2026-07-30,Aminjikarai,13.0870,80.2100,199,146,73.37,1273,75,Hypertension,83,81.96,Available,42,102,Yes,None,Normal
Government Royapettah Hospital,"Orthopedics, Neurology","Royapettah, Chennai 600014",2026-07-30,Mylapore,13.0540,80.2640,849,699,82.33,4086,292,Orthopedic Injury,542,78.73,Available,173,411,Yes,None,Normal
Govt Hospital for Thoracic Medicine,"Pulmonology, Tuberculosis","Tambaram, Chennai 600047",2026-07-30,Tambaram,12.9405,80.1320,741,509,68.69,1744,98,Tuberculosis,144,75.80,Limited,95,309,Yes,Low Medicine Stock,Watch
Institute of Child Health and Hospital,"Pediatrics, Neonatology","Egmore, Chennai 600008",2026-07-30,Egmore,13.0745,80.2580,995,859,86.33,3429,294,Pediatric Infection,300,92.70,Available,188,525,Yes,None,Normal
Kilpauk Medical College and Hospital,"Dermatology, Psychiatry","Kilpauk, Chennai 600010",2026-07-30,Purasawalkam,13.0785,80.2425,1191,971,81.53,5022,249,Mental Health Conditions,723,82.02,Available,257,582,Yes,None,Normal
Obstetrics and Gynecology Hospital Egmore,"Maternal Healthcare, Neonatology","Egmore, Chennai 600008",2026-07-30,Egmore,13.0770,80.2610,797,690,86.57,2623,186,Maternal Conditions,437,89.41,Available,141,450,Yes,None,Normal
Rajiv Gandhi Government General Hospital,"General Medicine, Cardiology","Park Town, Chennai 600003",2026-07-30,Tondiarpet,13.0823,80.2757,3000,2637,87.90,10934,621,Hypertension,812,85.01,Available,470,1286,Yes,None,Normal
Stanley Medical College and Hospital,"Plastic Surgery, Liver Transplant","Royapuram, Chennai 600001",2026-07-30,Tondiarpet,13.1060,80.2872,1795,1455,81.06,8218,434,Hepatitis,324,86.49,Available,334,877,Yes,None,Normal
Tamil Nadu Govt Multi-Super Specialty Hospital,"Neurology, Gastroenterology","Anna Salai, Chennai 600035",2026-07-30,Mylapore,13.0690,80.2750,500,370,74.00,2682,110,Gastrointestinal Disorders,208,78.07,Available,157,361,Yes,None,Normal
Government Peripheral Hospital Anna Nagar,"General Medicine, Gynecology","Anna Nagar, Chennai 600102",2026-07-31,Aminjikarai,13.0870,80.2100,198,152,76.77,1224,75,Hypertension,82,82.02,Available,42,102,Yes,None,Normal
Government Royapettah Hospital,"Orthopedics, Neurology","Royapettah, Chennai 600014",2026-07-31,Mylapore,13.0540,80.2640,849,702,82.69,4429,297,Orthopedic Injury,550,79.20,Available,174,423,Yes,None,Normal
Govt Hospital for Thoracic Medicine,"Pulmonology, Tuberculosis","Tambaram, Chennai 600047",2026-07-31,Tambaram,12.9405,80.1320,741,524,70.72,1761,109,Tuberculosis,170,75.83,Limited,96,307,Yes,Low Medicine Stock,Watch
Institute of Child Health and Hospital,"Pediatrics, Neonatology","Egmore, Chennai 600008",2026-07-31,Egmore,13.0745,80.2580,994,858,86.32,3772,291,Pediatric Infection,309,92.51,Limited,184,541,Yes,Low Medicine Stock,Watch
Kilpauk Medical College and Hospital,"Dermatology, Psychiatry","Kilpauk, Chennai 600010",2026-07-31,Purasawalkam,13.0785,80.2425,1188,986,83.00,4831,239,Mental Health Conditions,697,81.89,Available,261,589,Yes,None,Normal
Obstetrics and Gynecology Hospital Egmore,"Maternal Healthcare, Neonatology","Egmore, Chennai 600008",2026-07-31,Egmore,13.0770,80.2610,797,686,86.07,2735,187,Maternal Conditions,447,89.48,Available,141,465,Yes,None,Normal
Rajiv Gandhi Government General Hospital,"General Medicine, Cardiology","Park Town, Chennai 600003",2026-07-31,Tondiarpet,13.0823,80.2757,2999,2616,87.23,11462,611,Hypertension,798,84.93,Available,471,1271,Yes,None,Normal
Stanley Medical College and Hospital,"Plastic Surgery, Liver Transplant","Royapuram, Chennai 600001",2026-07-31,Tondiarpet,13.1060,80.2872,1796,1430,79.62,7602,436,Hepatitis,313,86.62,Available,339,851,Yes,Hepatitis Surge,Warning
Tamil Nadu Govt Multi-Super Specialty Hospital,"Neurology, Gastroenterology","Anna Salai, Chennai 600035",2026-07-31,Mylapore,13.0690,80.2750,500,373,74.60,2461,120,Gastrointestinal Disorders,202,78.07,Available,156,366,Yes,None,Normal
Government Peripheral Hospital Anna Nagar,"General Medicine, Gynecology","Anna Nagar, Chennai 600102",2026-08-01,Aminjikarai,13.0870,80.2100,198,156,78.79,945,69,Diabetes,81,82.12,Available,37,89,Yes,None,Normal
Government Royapettah Hospital,"Orthopedics, Neurology","Royapettah, Chennai 600014",2026-08-01,Mylapore,13.0540,80.2640,849,717,84.45,3174,354,Orthopedic Injury,580,78.95,Available,153,358,Yes,None,Normal
Govt Hospital for Thoracic Medicine,"Pulmonology, Tuberculosis","Tambaram, Chennai 600047",2026-08-01,Tambaram,12.9405,80.1320,741,528,71.26,1233,110,Tuberculosis,157,75.53,Limited,82,259,Yes,Low Medicine Stock,Watch
Institute of Child Health and Hospital,"Pediatrics, Neonatology","Egmore, Chennai 600008",2026-08-01,Egmore,13.0745,80.2580,994,881,88.63,3151,303,Pediatric Infection,330,92.72,Critical,156,460,Yes,Medicine Shortage,Critical
Kilpauk Medical College and Hospital,"Dermatology, Psychiatry","Kilpauk, Chennai 600010",2026-08-01,Purasawalkam,13.0785,80.2425,1186,982,82.80,3817,290,Mental Health Conditions,663,82.66,Available,222,518,Yes,None,Normal
Obstetrics and Gynecology Hospital Egmore,"Maternal Healthcare, Neonatology","Egmore, Chennai 600008",2026-08-01,Egmore,13.0770,80.2610,796,693,87.06,2127,202,Maternal Conditions,466,89.85,Available,123,385,Yes,None,Normal
Rajiv Gandhi Government General Hospital,"General Medicine, Cardiology","Park Town, Chennai 600003",2026-08-01,Tondiarpet,13.0823,80.2757,2999,2537,84.59,8890,640,Hypertension,811,85.18,Available,390,1085,Yes,None,Normal
Stanley Medical College and Hospital,"Plastic Surgery, Liver Transplant","Royapuram, Chennai 600001",2026-08-01,Tondiarpet,13.1060,80.2872,1797,1416,78.80,6107,542,Hepatitis,301,87.01,Available,290,733,Yes,Hepatitis Surge,Warning
Tamil Nadu Govt Multi-Super Specialty Hospital,"Neurology, Gastroenterology","Anna Salai, Chennai 600035",2026-08-01,Mylapore,13.0690,80.2750,500,367,73.40,1955,152,Gastrointestinal Disorders,191,78.01,Available,134,314,Yes,None,Normal
Government Peripheral Hospital Anna Nagar,"General Medicine, Gynecology","Anna Nagar, Chennai 600102",2026-08-02,Aminjikarai,13.0870,80.2100,198,150,75.76,380,76,Diabetes,48,81.58,Available,30,75,Yes,None,Normal
Government Royapettah Hospital,"Orthopedics, Neurology","Royapettah, Chennai 600014",2026-08-02,Mylapore,13.0540,80.2640,849,689,81.15,1303,354,Orthopedic Injury,297,79.19,Available,127,306,Yes,None,Normal
Govt Hospital for Thoracic Medicine,"Pulmonology, Tuberculosis","Tambaram, Chennai 600047",2026-08-02,Tambaram,12.9405,80.1320,741,494,66.67,483,103,Tuberculosis,100,75.07,Limited,70,219,Yes,Low Medicine Stock,Watch
Institute of Child Health and Hospital,"Pediatrics, Neonatology","Egmore, Chennai 600008",2026-08-02,Egmore,13.0745,80.2580,994,879,88.43,1265,270,Pediatric Infection,163,92.35,Critical,132,387,Yes,Medicine Shortage,Critical
Kilpauk Medical College and Hospital,"Dermatology, Psychiatry","Kilpauk, Chennai 600010",2026-08-02,Purasawalkam,13.0785,80.2425,1186,939,79.17,1591,320,Mental Health Conditions,399,82.41,Available,192,437,Yes,None,Normal
Obstetrics and Gynecology Hospital Egmore,"Maternal Healthcare, Neonatology","Egmore, Chennai 600008",2026-08-02,Egmore,13.0770,80.2610,796,677,85.05,824,208,Maternal Conditions,262,90.07,Available,103,337,Yes,None,Normal
Rajiv Gandhi Government General Hospital,"General Medicine, Cardiology","Park Town, Chennai 600003",2026-08-02,Tondiarpet,13.0823,80.2757,2999,2512,83.76,3329,698,Hypertension,438,84.97,Available,321,904,No,Ambulance Unavailable,Warning
Stanley Medical College and Hospital,"Plastic Surgery, Liver Transplant","Royapuram, Chennai 600001",2026-08-02,Tondiarpet,13.1060,80.2872,1797,1402,78.02,2179,486,Hepatitis,174,86.83,Available,238,619,Yes,Hepatitis Surge,Warning
Tamil Nadu Govt Multi-Super Specialty Hospital,"Neurology, Gastroenterology","Anna Salai, Chennai 600035",2026-08-02,Mylapore,13.0690,80.2750,500,355,71.00,760,137,Gastrointestinal Disorders,94,78.02,Available,115,267,Yes,None,Normal
Government Peripheral Hospital Anna Nagar,"General Medicine, Gynecology","Anna Nagar, Chennai 600102",2026-08-03,Aminjikarai,13.0870,80.2100,198,156,78.79,1402,60,Diabetes,89,81.52,Available,42,105,Yes,None,Normal
Government Royapettah Hospital,"Orthopedics, Neurology","Royapettah, Chennai 600014",2026-08-03,Mylapore,13.0540,80.2640,849,709,83.51,4677,308,Orthopedic Injury,503,79.01,Available,177,425,Yes,None,Normal
Govt Hospital for Thoracic Medicine,"Pulmonology, Tuberculosis","Tambaram, Chennai 600047",2026-08-03,Tambaram,12.9405,80.1320,741,525,70.85,1753,88,Tuberculosis,183,75.89,Limited,98,305,Yes,Low Medicine Stock,Watch
Institute of Child Health and Hospital,"Pediatrics, Neonatology","Egmore, Chennai 600008",2026-08-03,Egmore,13.0745,80.2580,994,884,88.93,4392,227,Pediatric Infection,316,92.18,Critical,185,529,Yes,Medicine Shortage,Critical
Kilpauk Medical College and Hospital,"Dermatology, Psychiatry","Kilpauk, Chennai 600010",2026-08-03,Purasawalkam,13.0785,80.2425,1186,988,83.31,5611,281,Mental Health Conditions,692,82.38,Available,266,605,Yes,None,Normal
Obstetrics and Gynecology Hospital Egmore,"Maternal Healthcare, Neonatology","Egmore, Chennai 600008",2026-08-03,Egmore,13.0770,80.2610,796,692,86.93,3305,161,Maternal Conditions,519,89.46,Available,146,470,Yes,None,Normal
Rajiv Gandhi Government General Hospital,"General Medicine, Cardiology","Park Town, Chennai 600003",2026-08-03,Tondiarpet,13.0823,80.2757,2999,2552,85.10,13412,756,Hypertension,828,85.09,Available,445,1259,No,Ambulance Unavailable,Warning
Stanley Medical College and Hospital,"Plastic Surgery, Liver Transplant","Royapuram, Chennai 600001",2026-08-03,Tondiarpet,13.1060,80.2872,1796,1430,79.62,8868,423,Hepatitis,355,87.05,Available,343,863,Yes,Hepatitis Surge,Warning
Tamil Nadu Govt Multi-Super Specialty Hospital,"Neurology, Gastroenterology","Anna Salai, Chennai 600035",2026-08-03,Mylapore,13.0690,80.2750,500,361,72.20,3059,139,Gastrointestinal Disorders,189,77.88,Available,159,370,Yes,None,Normal
Government Peripheral Hospital Anna Nagar,"General Medicine, Gynecology","Anna Nagar, Chennai 600102",2026-08-04,Aminjikarai,13.0870,80.2100,198,151,76.26,1252,59,Diabetes,107,81.56,Available,43,105,Yes,None,Normal
Government Royapettah Hospital,"Orthopedics, Neurology","Royapettah, Chennai 600014",2026-08-04,Mylapore,13.0540,80.2640,849,714,84.10,4130,319,Orthopedic Injury,461,78.94,Available,179,426,Yes,None,Normal
Govt Hospital for Thoracic Medicine,"Pulmonology, Tuberculosis","Tambaram, Chennai 600047",2026-08-04,Tambaram,12.9405,80.1320,742,518,69.81,1611,82,Tuberculosis,222,75.51,Available,99,300,Yes,None,Normal
Institute of Child Health and Hospital,"Pediatrics, Neonatology","Egmore, Chennai 600008",2026-08-04,Egmore,13.0745,80.2580,994,876,88.13,4123,225,Pediatric Infection,295,93.29,Critical,184,546,Yes,Medicine Shortage,Critical
Kilpauk Medical College and Hospital,"Dermatology, Psychiatry","Kilpauk, Chennai 600010",2026-08-04,Purasawalkam,13.0785,80.2425,1187,976,82.22,5283,293,Dermatological Conditions,680,82.03,Available,264,591,Yes,None,Normal
Obstetrics and Gynecology Hospital Egmore,"Maternal Healthcare, Neonatology","Egmore, Chennai 600008",2026-08-04,Egmore,13.0770,80.2610,797,697,87.45,2757,179,Maternal Conditions,547,89.97,Available,143,465,Yes,None,Normal
Rajiv Gandhi Government General Hospital,"General Medicine, Cardiology","Park Town, Chennai 600003",2026-08-04,Tondiarpet,13.0823,80.2757,2999,2669,89.00,12211,760,Hypertension,833,85.06,Available,463,1293,Yes,None,Normal
Stanley Medical College and Hospital,"Plastic Surgery, Liver Transplant","Royapuram, Chennai 600001",2026-08-04,Tondiarpet,13.1060,80.2872,1794,1446,80.60,7940,469,Hepatitis,360,86.47,Available,343,860,Yes,Hepatitis Surge,Warning
Tamil Nadu Govt Multi-Super Specialty Hospital,"Neurology, Gastroenterology","Anna Salai, Chennai 600035",2026-08-04,Mylapore,13.0690,80.2750,500,370,74.00,2578,132,Gastrointestinal Disorders,175,78.26,Available,157,364,Yes,None,Normal
Government Peripheral Hospital Anna Nagar,"General Medicine, Gynecology","Anna Nagar, Chennai 600102",2026-08-05,Aminjikarai,13.0870,80.2100,199,154,77.39,1249,53,Diabetes,123,82.20,Available,43,105,Yes,None,Normal
Government Royapettah Hospital,"Orthopedics, Neurology","Royapettah, Chennai 600014",2026-08-05,Mylapore,13.0540,80.2640,850,716,84.24,4467,331,Orthopedic Injury,501,78.78,Available,179,419,Yes,None,Normal
Govt Hospital for Thoracic Medicine,"Pulmonology, Tuberculosis","Tambaram, Chennai 600047",2026-08-05,Tambaram,12.9405,80.1320,744,519,69.76,1753,85,Tuberculosis,246,75.40,Available,99,298,Yes,None,Normal
Institute of Child Health and Hospital,"Pediatrics, Neonatology","Egmore, Chennai 600008",2026-08-05,Egmore,13.0745,80.2580,994,867,87.22,4002,199,Respiratory Infection,284,93.19,Limited,190,540,Yes,Low Medicine Stock,Watch
Kilpauk Medical College and Hospital,"Dermatology, Psychiatry","Kilpauk, Chennai 600010",2026-08-05,Purasawalkam,13.0785,80.2425,1189,976,82.09,5211,268,Dermatological Conditions,690,82.22,Available,257,594,Yes,None,Normal
Obstetrics and Gynecology Hospital Egmore,"Maternal Healthcare, Neonatology","Egmore, Chennai 600008",2026-08-05,Egmore,13.0770,80.2610,799,712,89.11,2921,180,Maternal Conditions,578,90.06,Available,143,459,Yes,None,Normal
Rajiv Gandhi Government General Hospital,"General Medicine, Cardiology","Park Town, Chennai 600003",2026-08-05,Tondiarpet,13.0823,80.2757,3000,2764,92.13,12171,742,Hypertension,788,85.05,Available,472,1295,Yes,High Bed Occupancy,Watch
Stanley Medical College and Hospital,"Plastic Surgery, Liver Transplant","Royapuram, Chennai 600001",2026-08-05,Tondiarpet,13.1060,80.2872,1792,1515,84.54,7584,437,Hepatitis,336,85.90,Available,345,874,Yes,Hepatitis Surge,Warning
Tamil Nadu Govt Multi-Super Specialty Hospital,"Neurology, Gastroenterology","Anna Salai, Chennai 600035",2026-08-05,Mylapore,13.0690,80.2750,500,373,74.60,2433,133,Gastrointestinal Disorders,148,78.05,Available,159,370,Yes,None,Normal
Government Peripheral Hospital Anna Nagar,"General Medicine, Gynecology","Anna Nagar, Chennai 600102",2026-08-06,Aminjikarai,13.0870,80.2100,199,149,74.87,1133,60,Diabetes,131,81.99,Available,43,103,Yes,None,Normal
Government Royapettah Hospital,"Orthopedics, Neurology","Royapettah, Chennai 600014",2026-08-06,Mylapore,13.0540,80.2640,850,700,82.35,4373,294,Orthopedic Injury,463,78.86,Available,179,415,Yes,None,Normal
Govt Hospital for Thoracic Medicine,"Pulmonology, Tuberculosis","Tambaram, Chennai 600047",2026-08-06,Tambaram,12.9405,80.1320,746,519,69.57,1749,84,Tuberculosis,269,75.53,Available,102,290,Yes,None,Normal
Institute of Child Health and Hospital,"Pediatrics, Neonatology","Egmore, Chennai 600008",2026-08-06,Egmore,13.0745,80.2580,994,862,86.72,3784,213,Respiratory Infection,316,93.03,Limited,196,521,Yes,Low Medicine Stock,Watch
Kilpauk Medical College and Hospital,"Dermatology, Psychiatry","Kilpauk, Chennai 600010",2026-08-06,Purasawalkam,13.0785,80.2425,1192,988,82.89,5192,259,Dermatological Conditions,648,81.91,Available,254,586,Yes,None,Normal
Obstetrics and Gynecology Hospital Egmore,"Maternal Healthcare, Neonatology","Egmore, Chennai 600008",2026-08-06,Egmore,13.0770,80.2610,800,723,90.38,2941,179,Maternal Conditions,541,90.11,Available,143,454,Yes,High Bed Occupancy,Watch
Rajiv Gandhi Government General Hospital,"General Medicine, Cardiology","Park Town, Chennai 600003",2026-08-06,Tondiarpet,13.0823,80.2757,3000,2825,94.17,12903,724,Hypertension,838,85.37,Available,472,1260,Yes,High Bed Occupancy,Watch
Stanley Medical College and Hospital,"Plastic Surgery, Liver Transplant","Royapuram, Chennai 600001",2026-08-06,Tondiarpet,13.1060,80.2872,1788,1566,87.58,7228,416,Hepatitis,375,86.04,Available,348,871,Yes,Hepatitis Surge,Warning
Tamil Nadu Govt Multi-Super Specialty Hospital,"Neurology, Gastroenterology","Anna Salai, Chennai 600035",2026-08-06,Mylapore,13.0690,80.2750,499,367,73.55,2451,124,Gastrointestinal Disorders,154,78.08,Available,157,360,Yes,None,Normal
Government Peripheral Hospital Anna Nagar,"General Medicine, Gynecology","Anna Nagar, Chennai 600102",2026-08-07,Aminjikarai,13.0870,80.2100,200,146,73.00,1268,72,Diabetes,133,81.60,Available,44,103,Yes,None,Normal
Government Royapettah Hospital,"Orthopedics, Neurology","Royapettah, Chennai 600014",2026-08-07,Mylapore,13.0540,80.2640,850,690,81.18,4218,299,Orthopedic Injury,476,78.78,Available,180,431,Yes,None,Normal
Govt Hospital for Thoracic Medicine,"Pulmonology, Tuberculosis","Tambaram, Chennai 600047",2026-08-07,Tambaram,12.9405,80.1320,748,525,70.19,1686,80,Tuberculosis,266,75.85,Available,106,296,Yes,None,Normal
Institute of Child Health and Hospital,"Pediatrics, Neonatology","Egmore, Chennai 600008",2026-08-07,Egmore,13.0745,80.2580,994,862,86.72,3785,225,Respiratory Infection,346,93.08,Limited,197,521,Yes,Low Medicine Stock,Watch
Kilpauk Medical College and Hospital,"Dermatology, Psychiatry","Kilpauk, Chennai 600010",2026-08-07,Purasawalkam,13.0785,80.2425,1195,956,80.00,5314,241,Dermatological Conditions,622,81.95,Available,251,581,Yes,None,Normal
Obstetrics and Gynecology Hospital Egmore,"Maternal Healthcare, Neonatology","Egmore, Chennai 600008",2026-08-07,Egmore,13.0770,80.2610,798,744,93.23,2719,186,Maternal Conditions,575,90.25,Available,140,456,Yes,High Bed Occupancy,Watch
Rajiv Gandhi Government General Hospital,"General Medicine, Cardiology","Park Town, Chennai 600003",2026-08-07,Tondiarpet,13.0823,80.2757,2999,2955,98.53,12651,788,Hypertension,798,85.31,Available,475,1299,Yes,Bed Capacity Critical,Critical
Stanley Medical College and Hospital,"Plastic Surgery, Liver Transplant","Royapuram, Chennai 600001",2026-08-07,Tondiarpet,13.1060,80.2872,1784,1614,90.47,6932,415,Hepatitis,341,86.13,Available,350,844,Yes,Hepatitis Surge; High Bed Occupancy,Warning
Tamil Nadu Govt Multi-Super Specialty Hospital,"Neurology, Gastroenterology","Anna Salai, Chennai 600035",2026-08-07,Mylapore,13.0690,80.2750,499,368,73.75,2544,117,Gastrointestinal Disorders,153,78.01,Available,156,359,Yes,None,Normal
Government Peripheral Hospital Anna Nagar,"General Medicine, Gynecology","Anna Nagar, Chennai 600102",2026-08-08,Aminjikarai,13.0870,80.2100,200,146,73.00,877,80,Diabetes,136,81.34,Available,37,87,Yes,None,Normal
Government Royapettah Hospital,"Orthopedics, Neurology","Royapettah, Chennai 600014",2026-08-08,Mylapore,13.0540,80.2640,850,696,81.88,3118,366,Orthopedic Injury,476,78.68,Available,150,365,Yes,None,Normal
Govt Hospital for Thoracic Medicine,"Pulmonology, Tuberculosis","Tambaram, Chennai 600047",2026-08-08,Tambaram,12.9405,80.1320,750,515,68.67,1322,81,Tuberculosis,263,76.26,Available,88,246,Yes,None,Normal
Institute of Child Health and Hospital,"Pediatrics, Neonatology","Egmore, Chennai 600008",2026-08-08,Egmore,13.0745,80.2580,993,870,87.61,2853,230,Respiratory Infection,364,93.23,Available,172,456,Yes,None,Normal
Kilpauk Medical College and Hospital,"Dermatology, Psychiatry","Kilpauk, Chennai 600010",2026-08-08,Purasawalkam,13.0785,80.2425,1198,966,80.63,3964,263,Dermatological Conditions,667,81.33,Available,210,480,Yes,None,Normal
Obstetrics and Gynecology Hospital Egmore,"Maternal Healthcare, Neonatology","Egmore, Chennai 600008",2026-08-08,Egmore,13.0770,80.2610,796,733,92.09,2089,180,Maternal Conditions,568,90.55,Available,116,380,Yes,High Bed Occupancy,Watch
Rajiv Gandhi Government General Hospital,"General Medicine, Cardiology","Park Town, Chennai 600003",2026-08-08,Tondiarpet,13.0823,80.2757,2998,2967,98.97,9866,763,Hypertension,825,84.83,Available,405,1105,Yes,Bed Capacity Critical,Critical
Stanley Medical College and Hospital,"Plastic Surgery, Liver Transplant","Royapuram, Chennai 600001",2026-08-08,Tondiarpet,13.1060,80.2872,1780,1632,91.69,5793,392,Hepatitis,364,85.82,Available,302,719,Yes,Hepatitis Surge; High Bed Occupancy,Warning
Tamil Nadu Govt Multi-Super Specialty Hospital,"Neurology, Gastroenterology","Anna Salai, Chennai 600035",2026-08-08,Mylapore,13.0690,80.2750,498,369,74.10,1862,135,Gastrointestinal Disorders,158,78.92,Available,128,303,Yes,None,Normal
Government Peripheral Hospital Anna Nagar,"General Medicine, Gynecology","Anna Nagar, Chennai 600102",2026-08-09,Aminjikarai,13.0870,80.2100,200,143,71.50,359,74,Diabetes,79,81.77,Available,31,73,Yes,None,Normal
Government Royapettah Hospital,"Orthopedics, Neurology","Royapettah, Chennai 600014",2026-08-09,Mylapore,13.0540,80.2640,850,693,81.53,1322,395,Orthopedic Injury,262,78.90,Available,130,300,Yes,None,Normal
Govt Hospital for Thoracic Medicine,"Pulmonology, Tuberculosis","Tambaram, Chennai 600047",2026-08-09,Tambaram,12.9405,80.1320,749,520,69.43,496,89,Tuberculosis,166,76.47,Available,74,206,Yes,None,Normal
Institute of Child Health and Hospital,"Pediatrics, Neonatology","Egmore, Chennai 600008",2026-08-09,Egmore,13.0745,80.2580,993,847,85.30,1162,247,Respiratory Infection,182,93.26,Available,148,376,Yes,None,Normal
Kilpauk Medical College and Hospital,"Dermatology, Psychiatry","Kilpauk, Chennai 600010",2026-08-09,Purasawalkam,13.0785,80.2425,1200,942,78.50,1582,245,Dermatological Conditions,390,81.59,Available,180,405,Yes,None,Normal
Obstetrics and Gynecology Hospital Egmore,"Maternal Healthcare, Neonatology","Egmore, Chennai 600008",2026-08-09,Egmore,13.0770,80.2610,794,727,91.56,817,206,Maternal Conditions,315,90.69,Available,98,327,Yes,High Bed Occupancy,Watch
Rajiv Gandhi Government General Hospital,"General Medicine, Cardiology","Park Town, Chennai 600003",2026-08-09,Tondiarpet,13.0823,80.2757,2997,2865,95.60,3863,813,Hypertension,428,85.31,Available,354,920,Yes,Bed Capacity Critical,Critical
Stanley Medical College and Hospital,"Plastic Surgery, Liver Transplant","Royapuram, Chennai 600001",2026-08-09,Tondiarpet,13.1060,80.2872,1776,1578,88.85,2383,429,Hepatitis,201,85.45,Available,253,616,Yes,Hepatitis Surge,Warning
Tamil Nadu Govt Multi-Super Specialty Hospital,"Neurology, Gastroenterology","Anna Salai, Chennai 600035",2026-08-09,Mylapore,13.0690,80.2750,498,361,72.49,775,144,Gastrointestinal Disorders,88,78.39,Available,110,257,Yes,None,Normal
Government Peripheral Hospital Anna Nagar,"General Medicine, Gynecology","Anna Nagar, Chennai 600102",2026-08-10,Aminjikarai,13.0870,80.2100,200,150,75.00,1425,58,Diabetes,131,82.04,Available,44,104,Yes,None,Normal
Government Royapettah Hospital,"Orthopedics, Neurology","Royapettah, Chennai 600014",2026-08-10,Mylapore,13.0540,80.2640,849,709,83.51,4426,318,Orthopedic Injury,450,78.56,Available,182,417,Yes,None,Normal
Govt Hospital for Thoracic Medicine,"Pulmonology, Tuberculosis","Tambaram, Chennai 600047",2026-08-10,Tambaram,12.9405,80.1320,747,529,70.82,1895,85,Tuberculosis,283,77.41,Available,104,287,Yes,None,Normal
Institute of Child Health and Hospital,"Pediatrics, Neonatology","Egmore, Chennai 600008",2026-08-10,Egmore,13.0745,80.2580,993,868,87.41,4221,237,Respiratory Infection,359,93.30,Available,206,519,Yes,None,Normal
Kilpauk Medical College and Hospital,"Dermatology, Psychiatry","Kilpauk, Chennai 600010",2026-08-10,Purasawalkam,13.0785,80.2425,1199,973,81.15,6598,253,Dermatological Conditions,662,81.68,Available,245,563,Yes,None,Normal
Obstetrics and Gynecology Hospital Egmore,"Maternal Healthcare, Neonatology","Egmore, Chennai 600008",2026-08-10,Egmore,13.0770,80.2610,792,720,90.91,3284,183,Maternal Conditions,606,90.75,Available,138,453,Yes,High Bed Occupancy,Watch
Rajiv Gandhi Government General Hospital,"General Medicine, Cardiology","Park Town, Chennai 600003",2026-08-10,Tondiarpet,13.0823,80.2757,2996,2841,94.83,14027,617,Hypertension,795,85.60,Available,491,1275,Yes,High Bed Occupancy,Watch
Stanley Medical College and Hospital,"Plastic Surgery, Liver Transplant","Royapuram, Chennai 600001",2026-08-10,Tondiarpet,13.1060,80.2872,1773,1616,91.14,8600,396,Hepatitis,338,84.69,Available,353,847,Yes,Hepatitis Surge; High Bed Occupancy,Warning
Tamil Nadu Govt Multi-Super Specialty Hospital,"Neurology, Gastroenterology","Anna Salai, Chennai 600035",2026-08-10,Mylapore,13.0690,80.2750,497,370,74.45,2720,135,Gastrointestinal Disorders,145,78.80,Available,149,361,Yes,None,Normal
Government Peripheral Hospital Anna Nagar,"General Medicine, Gynecology","Anna Nagar, Chennai 600102",2026-08-11,Aminjikarai,13.0870,80.2100,200,152,76.00,1297,53,Diabetes,136,82.06,Available,43,104,Yes,None,Normal
Government Royapettah Hospital,"Orthopedics, Neurology","Royapettah, Chennai 600014",2026-08-11,Mylapore,13.0540,80.2640,849,704,82.92,4168,339,Orthopedic Injury,415,78.49,Available,177,423,Yes,None,Normal
Govt Hospital for Thoracic Medicine,"Pulmonology, Tuberculosis","Tambaram, Chennai 600047",2026-08-11,Tambaram,12.9405,80.1320,746,541,72.52,1639,80,Tuberculosis,242,77.64,Available,103,287,Yes,None,Normal
Institute of Child Health and Hospital,"Pediatrics, Neonatology","Egmore, Chennai 600008",2026-08-11,Egmore,13.0745,80.2580,993,871,87.71,3700,220,Pediatric Infection,325,93.73,Available,201,531,Yes,None,Normal
Kilpauk Medical College and Hospital,"Dermatology, Psychiatry","Kilpauk, Chennai 600010",2026-08-11,Purasawalkam,13.0785,80.2425,1198,963,80.38,5995,245,Dermatological Conditions,634,81.23,Available,246,571,Yes,None,Normal
Obstetrics and Gynecology Hospital Egmore,"Maternal Healthcare, Neonatology","Egmore, Chennai 600008",2026-08-11,Egmore,13.0770,80.2610,791,707,89.38,2923,160,Maternal Conditions,511,90.52,Available,140,448,Yes,None,Normal
Rajiv Gandhi Government General Hospital,"General Medicine, Cardiology","Park Town, Chennai 600003",2026-08-11,Tondiarpet,13.0823,80.2757,2996,2720,90.79,12399,561,Viral Fever,768,85.65,Available,477,1277,Yes,High Bed Occupancy,Watch
Stanley Medical College and Hospital,"Plastic Surgery, Liver Transplant","Royapuram, Chennai 600001",2026-08-11,Tondiarpet,13.1060,80.2872,1771,1613,91.08,7513,457,Hepatitis,309,84.43,Available,349,863,Yes,Hepatitis Surge; High Bed Occupancy,Warning
Tamil Nadu Govt Multi-Super Specialty Hospital,"Neurology, Gastroenterology","Anna Salai, Chennai 600035",2026-08-11,Mylapore,13.0690,80.2750,497,364,73.24,2424,125,Gastrointestinal Disorders,145,78.89,Available,154,361,Yes,None,Normal
Government Peripheral Hospital Anna Nagar,"General Medicine, Gynecology","Anna Nagar, Chennai 600102",2026-08-12,Aminjikarai,13.0870,80.2100,200,157,78.50,1228,59,Diabetes,127,82.15,Available,42,105,Yes,None,Normal
Government Royapettah Hospital,"Orthopedics, Neurology","Royapettah, Chennai 600014",2026-08-12,Mylapore,13.0540,80.2640,849,694,81.74,3895,347,Orthopedic Injury,424,78.58,Available,177,419,Yes,None,Normal
Govt Hospital for Thoracic Medicine,"Pulmonology, Tuberculosis","Tambaram, Chennai 600047",2026-08-12,Tambaram,12.9405,80.1320,746,541,72.52,1667,87,Tuberculosis,228,77.73,Available,103,292,Yes,None,Normal
Institute of Child Health and Hospital,"Pediatrics, Neonatology","Egmore, Chennai 600008",2026-08-12,Egmore,13.0745,80.2580,993,856,86.20,3577,233,Pediatric Infection,360,93.61,Available,205,515,Yes,None,Normal
Kilpauk Medical College and Hospital,"Dermatology, Psychiatry","Kilpauk, Chennai 600010",2026-08-12,Purasawalkam,13.0785,80.2425,1197,968,80.87,6222,227,Dermatological Conditions,681,81.08,Available,248,585,Yes,None,Normal
Obstetrics and Gynecology Hospital Egmore,"Maternal Healthcare, Neonatology","Egmore, Chennai 600008",2026-08-12,Egmore,13.0770,80.2610,791,700,88.50,2887,153,Maternal Conditions,501,90.84,Available,141,458,Yes,None,Normal
Rajiv Gandhi Government General Hospital,"General Medicine, Cardiology","Park Town, Chennai 600003",2026-08-12,Tondiarpet,13.0823,80.2757,2996,2597,86.68,11602,551,Hypertension,821,86.19,Available,492,1282,Yes,None,Normal
Stanley Medical College and Hospital,"Plastic Surgery, Liver Transplant","Royapuram, Chennai 600001",2026-08-12,Tondiarpet,13.1060,80.2872,1770,1616,91.30,8234,428,Burn Injuries,327,84.53,Available,348,867,Yes,High Bed Occupancy,Watch
Tamil Nadu Govt Multi-Super Specialty Hospital,"Neurology, Gastroenterology","Anna Salai, Chennai 600035",2026-08-12,Mylapore,13.0690,80.2750,497,367,73.84,2316,137,Gastrointestinal Disorders,161,78.91,Available,154,352,Yes,None,Normal
Government Peripheral Hospital Anna Nagar,"General Medicine, Gynecology","Anna Nagar, Chennai 600102",2026-08-13,Aminjikarai,13.0870,80.2100,200,158,79.00,1201,65,Diabetes,112,82.04,Available,42,103,Yes,None,Normal
Government Royapettah Hospital,"Orthopedics, Neurology","Royapettah, Chennai 600014",2026-08-13,Mylapore,13.0540,80.2640,849,707,83.27,3801,313,Orthopedic Injury,412,78.51,Available,176,418,Yes,None,Normal
Govt Hospital for Thoracic Medicine,"Pulmonology, Tuberculosis","Tambaram, Chennai 600047",2026-08-13,Tambaram,12.9405,80.1320,746,548,73.46,1693,80,Tuberculosis,210,78.04,Available,100,291,Yes,None,Normal
Institute of Child Health and Hospital,"Pediatrics, Neonatology","Egmore, Chennai 600008",2026-08-13,Egmore,13.0745,80.2580,993,873,87.92,3449,201,Pediatric Infection,367,94.18,Available,207,528,Yes,None,Normal
Kilpauk Medical College and Hospital,"Dermatology, Psychiatry","Kilpauk, Chennai 600010",2026-08-13,Purasawalkam,13.0785,80.2425,1197,959,80.12,5879,231,Dermatological Conditions,598,81.33,Available,246,578,Yes,None,Normal
Obstetrics and Gynecology Hospital Egmore,"Maternal Healthcare, Neonatology","Egmore, Chennai 600008",2026-08-13,Egmore,13.0770,80.2610,791,685,86.60,2864,179,Maternal Conditions,432,91.40,Available,144,452,Yes,None,Normal
Rajiv Gandhi Government General Hospital,"General Medicine, Cardiology","Park Town, Chennai 600003",2026-08-13,Tondiarpet,13.0823,80.2757,2996,2554,85.25,12400,642,Viral Fever,785,85.53,Available,490,1252,Yes,None,Normal
Stanley Medical College and Hospital,"Plastic Surgery, Liver Transplant","Royapuram, Chennai 600001",2026-08-13,Tondiarpet,13.1060,80.2872,1771,1620,91.47,7802,416,Burn Injuries,292,83.70,Available,349,860,Yes,High Bed Occupancy,Watch
Tamil Nadu Govt Multi-Super Specialty Hospital,"Neurology, Gastroenterology","Anna Salai, Chennai 600035",2026-08-13,Mylapore,13.0690,80.2750,497,377,75.86,2401,133,Gastrointestinal Disorders,161,79.00,Available,153,362,Yes,None,Normal
Government Peripheral Hospital Anna Nagar,"General Medicine, Gynecology","Anna Nagar, Chennai 600102",2026-08-14,Aminjikarai,13.0870,80.2100,200,161,80.50,1213,66,Diabetes,104,82.19,Available,41,106,Yes,None,Normal
Government Royapettah Hospital,"Orthopedics, Neurology","Royapettah, Chennai 600014",2026-08-14,Mylapore,13.0540,80.2640,849,701,82.57,3959,302,Orthopedic Injury,389,78.39,Available,175,415,Yes,None,Normal
Govt Hospital for Thoracic Medicine,"Pulmonology, Tuberculosis","Tambaram, Chennai 600047",2026-08-14,Tambaram,12.9405,80.1320,746,555,74.40,1811,89,Tuberculosis,218,78.42,Available,98,289,Yes,None,Normal
Institute of Child Health and Hospital,"Pediatrics, Neonatology","Egmore, Chennai 600008",2026-08-14,Egmore,13.0745,80.2580,994,860,86.52,3879,189,Pediatric Infection,422,94.42,Available,209,520,Yes,None,Normal
Kilpauk Medical College and Hospital,"Dermatology, Psychiatry","Kilpauk, Chennai 600010",2026-08-14,Purasawalkam,13.0785,80.2425,1198,965,80.55,5635,262,Dermatological Conditions,676,80.38,Available,245,589,Yes,None,Normal
Obstetrics and Gynecology Hospital Egmore,"Maternal Healthcare, Neonatology","Egmore, Chennai 600008",2026-08-14,Egmore,13.0770,80.2610,792,699,88.26,2819,175,Maternal Conditions,390,91.66,Available,144,463,Yes,None,Normal
Rajiv Gandhi Government General Hospital,"General Medicine, Cardiology","Park Town, Chennai 600003",2026-08-14,Tondiarpet,13.0823,80.2757,2996,2471,82.48,12037,609,Viral Fever,850,86.17,Available,478,1275,Yes,None,Normal
Stanley Medical College and Hospital,"Plastic Surgery, Liver Transplant","Royapuram, Chennai 600001",2026-08-14,Tondiarpet,13.1060,80.2872,1772,1598,90.18,7715,458,Burn Injuries,312,82.85,Available,347,850,Yes,High Bed Occupancy,Watch
Tamil Nadu Govt Multi-Super Specialty Hospital,"Neurology, Gastroenterology","Anna Salai, Chennai 600035",2026-08-14,Mylapore,13.0690,80.2750,497,374,75.25,2461,119,Gastrointestinal Disorders,157,79.40,Available,155,359,No,Ambulance Unavailable,Warning
Government Peripheral Hospital Anna Nagar,"General Medicine, Gynecology","Anna Nagar, Chennai 600102",2026-08-15,Aminjikarai,13.0870,80.2100,200,160,80.00,394,78,Diabetes,61,81.90,Available,29,75,Yes,None,Normal
Government Royapettah Hospital,"Orthopedics, Neurology","Royapettah, Chennai 600014",2026-08-15,Mylapore,13.0540,80.2640,849,692,81.51,1162,315,Orthopedic Injury,214,78.67,Available,124,297,Yes,None,Normal
Govt Hospital for Thoracic Medicine,"Pulmonology, Tuberculosis","Tambaram, Chennai 600047",2026-08-15,Tambaram,12.9405,80.1320,746,539,72.25,551,113,Tuberculosis,108,78.92,Available,72,209,Yes,None,Normal
Institute of Child Health and Hospital,"Pediatrics, Neonatology","Egmore, Chennai 600008",2026-08-15,Egmore,13.0745,80.2580,994,872,87.73,1139,248,Pediatric Infection,219,94.44,Available,153,368,Yes,None,Normal
Kilpauk Medical College and Hospital,"Dermatology, Psychiatry","Kilpauk, Chennai 600010",2026-08-15,Purasawalkam,13.0785,80.2425,1198,955,79.72,1615,311,Dermatological Conditions,344,80.62,Available,173,436,Yes,None,Normal
Obstetrics and Gynecology Hospital Egmore,"Maternal Healthcare, Neonatology","Egmore, Chennai 600008",2026-08-15,Egmore,13.0770,80.2610,792,707,89.27,792,183,Maternal Conditions,229,91.87,Available,105,334,Yes,None,Normal
Rajiv Gandhi Government General Hospital,"General Medicine, Cardiology","Park Town, Chennai 600003",2026-08-15,Tondiarpet,13.0823,80.2757,2997,2582,86.15,3368,781,Cardiac Conditions,471,86.49,Available,348,909,Yes,None,Normal
Stanley Medical College and Hospital,"Plastic Surgery, Liver Transplant","Royapuram, Chennai 600001",2026-08-15,Tondiarpet,13.1060,80.2872,1774,1582,89.18,2521,473,Liver Disease,173,83.10,Available,245,631,Yes,None,Normal
Tamil Nadu Govt Multi-Super Specialty Hospital,"Neurology, Gastroenterology","Anna Salai, Chennai 600035",2026-08-15,Mylapore,13.0690,80.2750,497,380,76.46,733,139,Gastrointestinal Disorders,90,79.92,Available,116,251,Yes,None,Normal
Government Peripheral Hospital Anna Nagar,"General Medicine, Gynecology","Anna Nagar, Chennai 600102",2026-08-16,Aminjikarai,13.0870,80.2100,200,154,77.00,362,91,Diabetes,59,82.01,Available,29,76,Yes,None,Normal
Government Royapettah Hospital,"Orthopedics, Neurology","Royapettah, Chennai 600014",2026-08-16,Mylapore,13.0540,80.2640,849,692,81.51,1258,302,Orthopedic Injury,205,78.06,Available,127,302,Yes,None,Normal
Govt Hospital for Thoracic Medicine,"Pulmonology, Tuberculosis","Tambaram, Chennai 600047",2026-08-16,Tambaram,12.9405,80.1320,746,518,69.44,526,107,Tuberculosis,115,79.35,Available,70,215,Yes,None,Normal
Institute of Child Health and Hospital,"Pediatrics, Neonatology","Egmore, Chennai 600008",2026-08-16,Egmore,13.0745,80.2580,995,855,85.93,1153,224,Pediatric Infection,229,95.26,Available,147,371,Yes,Pediatric Infection Surge,Warning
Kilpauk Medical College and Hospital,"Dermatology, Psychiatry","Kilpauk, Chennai 600010",2026-08-16,Purasawalkam,13.0785,80.2425,1199,946,78.90,1520,276,Dermatological Conditions,329,80.21,Available,173,433,Yes,None,Normal
Obstetrics and Gynecology Hospital Egmore,"Maternal Healthcare, Neonatology","Egmore, Chennai 600008",2026-08-16,Egmore,13.0770,80.2610,793,679,85.62,851,188,Maternal Conditions,207,91.95,Available,106,334,Yes,None,Normal
Rajiv Gandhi Government General Hospital,"General Medicine, Cardiology","Park Town, Chennai 600003",2026-08-16,Tondiarpet,13.0823,80.2757,2999,2553,85.13,3612,775,Viral Fever,496,85.97,Available,340,917,Yes,Viral Fever Surge,Warning
Stanley Medical College and Hospital,"Plastic Surgery, Liver Transplant","Royapuram, Chennai 600001",2026-08-16,Tondiarpet,13.1060,80.2872,1777,1575,88.63,2599,470,Burn Injuries,191,82.66,Available,246,621,Yes,None,Normal
Tamil Nadu Govt Multi-Super Specialty Hospital,"Neurology, Gastroenterology","Anna Salai, Chennai 600035",2026-08-16,Mylapore,13.0690,80.2750,497,361,72.64,731,137,Gastrointestinal Disorders,89,79.15,Available,116,248,Yes,None,Normal
Government Peripheral Hospital Anna Nagar,"General Medicine, Gynecology","Anna Nagar, Chennai 600102",2026-08-17,Aminjikarai,13.0870,80.2100,200,159,79.50,1466,76,Diabetes,98,82.47,Available,42,108,Yes,None,Normal
Government Royapettah Hospital,"Orthopedics, Neurology","Royapettah, Chennai 600014",2026-08-17,Mylapore,13.0540,80.2640,850,715,84.12,4551,278,Orthopedic Injury,342,78.51,Available,171,408,Yes,None,Normal
Govt Hospital for Thoracic Medicine,"Pulmonology, Tuberculosis","Tambaram, Chennai 600047",2026-08-17,Tambaram,12.9405,80.1320,747,521,69.75,1907,103,Tuberculosis,197,79.10,Available,99,292,Yes,None,Normal
Institute of Child Health and Hospital,"Pediatrics, Neonatology","Egmore, Chennai 600008",2026-08-17,Egmore,13.0745,80.2580,996,859,86.24,4521,201,Pediatric Infection,415,94.85,Available,211,516,Yes,Pediatric Infection Surge,Warning
Kilpauk Medical College and Hospital,"Dermatology, Psychiatry","Kilpauk, Chennai 600010",2026-08-17,Purasawalkam,13.0785,80.2425,1200,946,78.83,5987,241,Dermatological Conditions,582,79.81,Available,243,596,Yes,None,Normal
Obstetrics and Gynecology Hospital Egmore,"Maternal Healthcare, Neonatology","Egmore, Chennai 600008",2026-08-17,Egmore,13.0770,80.2610,794,686,86.40,3083,178,Maternal Conditions,386,92.41,Available,143,458,Yes,None,Normal
Rajiv Gandhi Government General Hospital,"General Medicine, Cardiology","Park Town, Chennai 600003",2026-08-17,Tondiarpet,13.0823,80.2757,3000,2810,93.67,12412,746,Viral Fever,880,86.43,Available,479,1261,Yes,Viral Fever Surge; High Bed Occupancy,Warning
Stanley Medical College and Hospital,"Plastic Surgery, Liver Transplant","Royapuram, Chennai 600001",2026-08-17,Tondiarpet,13.1060,80.2872,1780,1581,88.82,9555,483,Burn Injuries,366,81.95,Available,341,863,Yes,None,Normal
Tamil Nadu Govt Multi-Super Specialty Hospital,"Neurology, Gastroenterology","Anna Salai, Chennai 600035",2026-08-17,Mylapore,13.0690,80.2750,497,378,76.06,2651,108,Gastrointestinal Disorders,148,79.39,Available,162,351,No,Ambulance Unavailable,Warning
Government Peripheral Hospital Anna Nagar,"General Medicine, Gynecology","Anna Nagar, Chennai 600102",2026-08-18,Aminjikarai,13.0870,80.2100,200,155,77.50,1208,79,Diabetes,95,82.26,Available,42,107,Yes,None,Normal
Government Royapettah Hospital,"Orthopedics, Neurology","Royapettah, Chennai 600014",2026-08-18,Mylapore,13.0540,80.2640,850,733,86.24,4228,258,Orthopedic Injury,369,78.69,Available,178,420,Yes,None,Normal
Govt Hospital for Thoracic Medicine,"Pulmonology, Tuberculosis","Tambaram, Chennai 600047",2026-08-18,Tambaram,12.9405,80.1320,747,519,69.48,1751,108,Tuberculosis,190,79.55,Available,101,292,Yes,None,Normal
Institute of Child Health and Hospital,"Pediatrics, Neonatology","Egmore, Chennai 600008",2026-08-18,Egmore,13.0745,80.2580,997,900,90.27,4117,206,Pediatric Infection,455,95.08,Available,207,525,Yes,Pediatric Infection Surge; High Bed Occupancy,Warning
Kilpauk Medical College and Hospital,"Dermatology, Psychiatry","Kilpauk, Chennai 600010",2026-08-18,Purasawalkam,13.0785,80.2425,1200,943,78.58,4936,263,Dermatological Conditions,648,80.23,Available,238,599,Yes,None,Normal
Obstetrics and Gynecology Hospital Egmore,"Maternal Healthcare, Neonatology","Egmore, Chennai 600008",2026-08-18,Egmore,13.0770,80.2610,795,679,85.41,2721,166,Maternal Conditions,343,92.40,Available,146,457,Yes,None,Normal
Rajiv Gandhi Government General Hospital,"General Medicine, Cardiology","Park Town, Chennai 600003",2026-08-18,Tondiarpet,13.0823,80.2757,3000,2877,95.90,11362,749,Cardiac Conditions,867,86.19,Available,478,1271,Yes,Bed Capacity Critical,Critical
Stanley Medical College and Hospital,"Plastic Surgery, Liver Transplant","Royapuram, Chennai 600001",2026-08-18,Tondiarpet,13.1060,80.2872,1783,1556,87.27,9123,434,Burn Injuries,341,81.63,Available,338,871,Yes,None,Normal
Tamil Nadu Govt Multi-Super Specialty Hospital,"Neurology, Gastroenterology","Anna Salai, Chennai 600035",2026-08-18,Mylapore,13.0690,80.2750,497,381,76.66,2535,110,Gastrointestinal Disorders,155,79.71,Available,159,354,Yes,None,Normal
Government Peripheral Hospital Anna Nagar,"General Medicine, Gynecology","Anna Nagar, Chennai 600102",2026-08-19,Aminjikarai,13.0870,80.2100,200,157,78.50,1266,71,Diabetes,95,82.49,Available,43,108,Yes,None,Normal
Government Royapettah Hospital,"Orthopedics, Neurology","Royapettah, Chennai 600014",2026-08-19,Mylapore,13.0540,80.2640,850,741,87.18,4221,288,Orthopedic Injury,351,77.79,Available,173,418,Yes,None,Normal
Govt Hospital for Thoracic Medicine,"Pulmonology, Tuberculosis","Tambaram, Chennai 600047",2026-08-19,Tambaram,12.9405,80.1320,747,508,68.01,1880,107,Tuberculosis,197,80.02,Available,103,303,Yes,None,Normal
Institute of Child Health and Hospital,"Pediatrics, Neonatology","Egmore, Chennai 600008",2026-08-19,Egmore,13.0745,80.2580,997,907,90.97,3889,209,Pediatric Infection,437,95.00,Available,209,515,Yes,Pediatric Infection Surge; High Bed Occupancy,Warning
Kilpauk Medical College and Hospital,"Dermatology, Psychiatry","Kilpauk, Chennai 600010",2026-08-19,Purasawalkam,13.0785,80.2425,1199,915,76.31,4980,229,Dermatological Conditions,661,79.53,Available,239,593,Yes,None,Normal
Obstetrics and Gynecology Hospital Egmore,"Maternal Healthcare, Neonatology","Egmore, Chennai 600008",2026-08-19,Egmore,13.0770,80.2610,796,666,83.67,2840,156,Maternal Conditions,361,93.35,Available,144,457,Yes,None,Normal
Rajiv Gandhi Government General Hospital,"General Medicine, Cardiology","Park Town, Chennai 600003",2026-08-19,Tondiarpet,13.0823,80.2757,2999,2984,99.50,11229,649,Viral Fever,839,86.75,Available,481,1259,Yes,Viral Fever Surge; Bed Capacity Critical,Critical
Stanley Medical College and Hospital,"Plastic Surgery, Liver Transplant","Royapuram, Chennai 600001",2026-08-19,Tondiarpet,13.1060,80.2872,1786,1525,85.39,9239,447,Burn Injuries,337,81.43,Available,341,871,Yes,None,Normal
Tamil Nadu Govt Multi-Super Specialty Hospital,"Neurology, Gastroenterology","Anna Salai, Chennai 600035",2026-08-19,Mylapore,13.0690,80.2750,498,378,75.90,2500,106,Gastrointestinal Disorders,166,79.43,Available,162,360,Yes,None,Normal
Government Peripheral Hospital Anna Nagar,"General Medicine, Gynecology","Anna Nagar, Chennai 600102",2026-08-20,Aminjikarai,13.0870,80.2100,200,156,78.00,1165,67,Diabetes,89,81.95,Available,42,105,Yes,None,Normal
Government Royapettah Hospital,"Orthopedics, Neurology","Royapettah, Chennai 600014",2026-08-20,Mylapore,13.0540,80.2640,850,743,87.41,4572,299,Orthopedic Injury,359,78.30,Available,181,410,Yes,None,Normal
Govt Hospital for Thoracic Medicine,"Pulmonology, Tuberculosis","Tambaram, Chennai 600047",2026-08-20,Tambaram,12.9405,80.1320,747,507,67.87,1893,117,Tuberculosis,207,80.32,Available,103,295,Yes,None,Normal
Institute of Child Health and Hospital,"Pediatrics, Neonatology","Egmore, Chennai 600008",2026-08-20,Egmore,13.0745,80.2580,998,911,91.28,3865,179,Pediatric Infection,448,95.20,Available,208,518,Yes,Pediatric Infection Surge; High Bed Occupancy,Warning
Kilpauk Medical College and Hospital,"Dermatology, Psychiatry","Kilpauk, Chennai 600010",2026-08-20,Purasawalkam,13.0785,80.2425,1198,916,76.46,5434,212,Dermatological Conditions,610,80.04,Available,237,583,Yes,None,Normal
Obstetrics and Gynecology Hospital Egmore,"Maternal Healthcare, Neonatology","Egmore, Chennai 600008",2026-08-20,Egmore,13.0770,80.2610,796,674,84.67,2831,164,Maternal Conditions,401,93.25,Available,144,446,Yes,None,Normal
Rajiv Gandhi Government General Hospital,"General Medicine, Cardiology","Park Town, Chennai 600003",2026-08-20,Tondiarpet,13.0823,80.2757,2998,2969,99.03,11988,652,Viral Fever,857,86.79,Available,491,1242,Yes,Viral Fever Surge; Bed Capacity Critical,Critical
Stanley Medical College and Hospital,"Plastic Surgery, Liver Transplant","Royapuram, Chennai 600001",2026-08-20,Tondiarpet,13.1060,80.2872,1788,1529,85.51,9082,489,Burn Injuries,331,81.01,Available,334,883,Yes,None,Normal
Tamil Nadu Govt Multi-Super Specialty Hospital,"Neurology, Gastroenterology","Anna Salai, Chennai 600035",2026-08-20,Mylapore,13.0690,80.2750,498,378,75.90,2451,118,Gastrointestinal Disorders,153,79.56,Available,157,358,Yes,None,Normal
Government Peripheral Hospital Anna Nagar,"General Medicine, Gynecology","Anna Nagar, Chennai 600102",2026-08-21,Aminjikarai,13.0870,80.2100,200,155,77.50,1152,76,Diabetes,84,82.16,Available,44,105,Yes,None,Normal
Government Royapettah Hospital,"Orthopedics, Neurology","Royapettah, Chennai 600014",2026-08-21,Mylapore,13.0540,80.2640,850,741,87.18,4494,325,Orthopedic Injury,402,78.47,Available,181,400,Yes,None,Normal
Govt Hospital for Thoracic Medicine,"Pulmonology, Tuberculosis","Tambaram, Chennai 600047",2026-08-21,Tambaram,12.9405,80.1320,748,510,68.18,1846,107,Tuberculosis,216,80.17,Available,104,300,Yes,None,Normal
Institute of Child Health and Hospital,"Pediatrics, Neonatology","Egmore, Chennai 600008",2026-08-21,Egmore,13.0745,80.2580,998,910,91.18,4154,208,Pediatric Infection,399,95.01,Available,205,527,Yes,High Bed Occupancy,Watch
Kilpauk Medical College and Hospital,"Dermatology, Psychiatry","Kilpauk, Chennai 600010",2026-08-21,Purasawalkam,13.0785,80.2425,1198,932,77.80,4998,234,Dermatological Conditions,667,79.65,Available,236,576,No,Ambulance Unavailable,Warning
Obstetrics and Gynecology Hospital Egmore,"Maternal Healthcare, Neonatology","Egmore, Chennai 600008",2026-08-21,Egmore,13.0770,80.2610,797,675,84.69,2774,167,Maternal Conditions,434,93.06,Available,143,451,Yes,None,Normal
Rajiv Gandhi Government General Hospital,"General Medicine, Cardiology","Park Town, Chennai 600003",2026-08-21,Tondiarpet,13.0823,80.2757,2997,2974,99.23,12367,645,Viral Fever,880,86.65,Available,496,1254,Yes,Viral Fever Surge; Bed Capacity Critical,Critical
Stanley Medical College and Hospital,"Plastic Surgery, Liver Transplant","Royapuram, Chennai 600001",2026-08-21,Tondiarpet,13.1060,80.2872,1789,1544,86.31,9041,515,Hepatitis,306,81.44,Available,339,868,Yes,None,Normal
Tamil Nadu Govt Multi-Super Specialty Hospital,"Neurology, Gastroenterology","Anna Salai, Chennai 600035",2026-08-21,Mylapore,13.0690,80.2750,498,382,76.71,2562,117,Gastrointestinal Disorders,154,79.55,Available,156,354,Yes,None,Normal
Government Peripheral Hospital Anna Nagar,"General Medicine, Gynecology","Anna Nagar, Chennai 600102",2026-08-22,Aminjikarai,13.0870,80.2100,200,157,78.50,945,82,Hypertension,79,81.63,Available,37,91,Yes,None,Normal
Government Royapettah Hospital,"Orthopedics, Neurology","Royapettah, Chennai 600014",2026-08-22,Mylapore,13.0540,80.2640,850,740,87.06,3212,322,Orthopedic Injury,381,78.19,Available,151,350,Yes,None,Normal
Govt Hospital for Thoracic Medicine,"Pulmonology, Tuberculosis","Tambaram, Chennai 600047",2026-08-22,Tambaram,12.9405,80.1320,748,524,70.05,1464,118,Tuberculosis,245,80.25,Available,89,258,No,Ambulance Unavailable,Warning
Institute of Child Health and Hospital,"Pediatrics, Neonatology","Egmore, Chennai 600008",2026-08-22,Egmore,13.0745,80.2580,999,907,90.79,3136,224,Pediatric Infection,389,95.30,Available,170,435,Yes,High Bed Occupancy,Watch
Kilpauk Medical College and Hospital,"Dermatology, Psychiatry","Kilpauk, Chennai 600010",2026-08-22,Purasawalkam,13.0785,80.2425,1198,926,77.30,3801,245,Dermatological Conditions,611,79.98,Available,199,504,No,Ambulance Unavailable,Warning
Obstetrics and Gynecology Hospital Egmore,"Maternal Healthcare, Neonatology","Egmore, Chennai 600008",2026-08-22,Egmore,13.0770,80.2610,797,690,86.57,2009,163,Maternal Conditions,391,93.12,Available,120,386,Yes,None,Normal
Rajiv Gandhi Government General Hospital,"General Medicine, Cardiology","Park Town, Chennai 600003",2026-08-22,Tondiarpet,13.0823,80.2757,2997,2948,98.37,9057,735,Viral Fever,961,86.96,Available,433,1044,Yes,Viral Fever Surge; Bed Capacity Critical,Critical
Stanley Medical College and Hospital,"Plastic Surgery, Liver Transplant","Royapuram, Chennai 600001",2026-08-22,Tondiarpet,13.1060,80.2872,1790,1547,86.42,7159,565,Hepatitis,342,80.78,Available,289,724,Yes,Hepatitis Surge,Warning
Tamil Nadu Govt Multi-Super Specialty Hospital,"Neurology, Gastroenterology","Anna Salai, Chennai 600035",2026-08-22,Mylapore,13.0690,80.2750,498,374,75.10,1937,140,Gastrointestinal Disorders,170,79.80,Available,134,306,Yes,None,Normal
Government Peripheral Hospital Anna Nagar,"General Medicine, Gynecology","Anna Nagar, Chennai 600102",2026-08-23,Aminjikarai,13.0870,80.2100,200,158,79.00,376,71,Diabetes,45,82.24,Available,32,76,Yes,None,Normal
Government Royapettah Hospital,"Orthopedics, Neurology","Royapettah, Chennai 600014",2026-08-23,Mylapore,13.0540,80.2640,850,732,86.12,1317,362,Orthopedic Injury,210,78.66,Available,128,289,Yes,None,Normal
Govt Hospital for Thoracic Medicine,"Pulmonology, Tuberculosis","Tambaram, Chennai 600047",2026-08-23,Tambaram,12.9405,80.1320,748,521,69.65,541,109,Tuberculosis,152,80.16,Available,77,218,Yes,None,Normal
Institute of Child Health and Hospital,"Pediatrics, Neonatology","Egmore, Chennai 600008",2026-08-23,Egmore,13.0745,80.2580,999,862,86.29,1188,226,Pediatric Infection,218,95.37,Available,143,368,Yes,None,Normal
Kilpauk Medical College and Hospital,"Dermatology, Psychiatry","Kilpauk, Chennai 600010",2026-08-23,Purasawalkam,13.0785,80.2425,1198,930,77.63,1493,283,Dermatological Conditions,365,79.42,Available,163,419,No,Ambulance Unavailable,Warning
Obstetrics and Gynecology Hospital Egmore,"Maternal Healthcare, Neonatology","Egmore, Chennai 600008",2026-08-23,Egmore,13.0770,80.2610,797,666,83.56,782,170,Maternal Conditions,226,93.27,Limited,99,321,Yes,Low Medicine Stock,Watch
Rajiv Gandhi Government General Hospital,"General Medicine, Cardiology","Park Town, Chennai 600003",2026-08-23,Tondiarpet,13.0823,80.2757,2997,2838,94.69,3457,755,Viral Fever,551,87.15,Available,354,884,Yes,Viral Fever Surge; High Bed Occupancy,Warning
Stanley Medical College and Hospital,"Plastic Surgery, Liver Transplant","Royapuram, Chennai 600001",2026-08-23,Tondiarpet,13.1060,80.2872,1790,1517,84.75,2744,527,Hepatitis,192,81.17,Limited,244,621,Yes,Hepatitis Surge; Low Medicine Stock,Warning
Tamil Nadu Govt Multi-Super Specialty Hospital,"Neurology, Gastroenterology","Anna Salai, Chennai 600035",2026-08-23,Mylapore,13.0690,80.2750,498,361,72.49,800,145,Gastrointestinal Disorders,93,79.55,Available,116,257,Yes,None,Normal
Government Peripheral Hospital Anna Nagar,"General Medicine, Gynecology","Anna Nagar, Chennai 600102",2026-08-24,Aminjikarai,13.0870,80.2100,200,164,82.00,1252,66,Viral Fever,83,82.30,Available,44,106,Yes,None,Normal
Government Royapettah Hospital,"Orthopedics, Neurology","Royapettah, Chennai 600014",2026-08-24,Mylapore,13.0540,80.2640,850,720,84.71,4892,331,Orthopedic Injury,382,78.12,Available,177,400,Yes,None,Normal
Govt Hospital for Thoracic Medicine,"Pulmonology, Tuberculosis","Tambaram, Chennai 600047",2026-08-24,Tambaram,12.9405,80.1320,747,561,75.10,1937,111,Tuberculosis,249,81.20,Available,105,301,Yes,None,Normal
Institute of Child Health and Hospital,"Pediatrics, Neonatology","Egmore, Chennai 600008",2026-08-24,Egmore,13.0745,80.2580,1000,873,87.30,4688,207,Pediatric Infection,384,95.20,Available,198,520,Yes,None,Normal
Kilpauk Medical College and Hospital,"Dermatology, Psychiatry","Kilpauk, Chennai 600010",2026-08-24,Purasawalkam,13.0785,80.2425,1198,941,78.55,5626,235,Dermatological Conditions,619,79.97,Available,235,587,No,Ambulance Unavailable,Warning
Obstetrics and Gynecology Hospital Egmore,"Maternal Healthcare, Neonatology","Egmore, Chennai 600008",2026-08-24,Egmore,13.0770,80.2610,798,692,86.72,3114,164,Maternal Conditions,422,92.62,Available,138,452,Yes,None,Normal
Rajiv Gandhi Government General Hospital,"General Medicine, Cardiology","Park Town, Chennai 600003",2026-08-24,Tondiarpet,13.0823,80.2757,2996,2856,95.33,14112,720,Viral Fever,970,87.37,Available,499,1252,Yes,Viral Fever Surge; Bed Capacity Critical,Critical
Stanley Medical College and Hospital,"Plastic Surgery, Liver Transplant","Royapuram, Chennai 600001",2026-08-24,Tondiarpet,13.1060,80.2872,1789,1572,87.87,10058,420,Hepatitis,389,80.69,Available,343,856,Yes,Hepatitis Surge,Warning
Tamil Nadu Govt Multi-Super Specialty Hospital,"Neurology, Gastroenterology","Anna Salai, Chennai 600035",2026-08-24,Mylapore,13.0690,80.2750,498,373,74.90,2873,128,Gastrointestinal Disorders,195,80.12,Available,158,352,Yes,None,Normal
Government Peripheral Hospital Anna Nagar,"General Medicine, Gynecology","Anna Nagar, Chennai 600102",2026-08-25,Aminjikarai,13.0870,80.2100,200,170,85.00,1241,67,Viral Fever,86,82.58,Available,43,104,Yes,Viral Fever Surge,Warning
Government Royapettah Hospital,"Orthopedics, Neurology","Royapettah, Chennai 600014",2026-08-25,Mylapore,13.0540,80.2640,849,715,84.22,4040,310,Orthopedic Injury,378,78.31,Available,179,405,Yes,None,Normal
Govt Hospital for Thoracic Medicine,"Pulmonology, Tuberculosis","Tambaram, Chennai 600047",2026-08-25,Tambaram,12.9405,80.1320,747,568,76.04,1846,109,Tuberculosis,269,80.48,Available,107,302,Yes,None,Normal
Institute of Child Health and Hospital,"Pediatrics, Neonatology","Egmore, Chennai 600008",2026-08-25,Egmore,13.0745,80.2580,1000,852,85.20,4167,214,Pediatric Infection,377,95.42,Available,203,527,Yes,None,Normal
Kilpauk Medical College and Hospital,"Dermatology, Psychiatry","Kilpauk, Chennai 600010",2026-08-25,Purasawalkam,13.0785,80.2425,1199,950,79.23,5682,252,Dermatological Conditions,598,79.62,Available,231,575,Yes,None,Normal
Obstetrics and Gynecology Hospital Egmore,"Maternal Healthcare, Neonatology","Egmore, Chennai 600008",2026-08-25,Egmore,13.0770,80.2610,798,710,88.97,2894,154,Maternal Conditions,481,93.06,Available,139,446,Yes,None,Normal
Rajiv Gandhi Government General Hospital,"General Medicine, Cardiology","Park Town, Chennai 600003",2026-08-25,Tondiarpet,13.0823,80.2757,2994,2794,93.32,12409,785,Viral Fever,991,86.92,Available,508,1213,Yes,Viral Fever Surge; High Bed Occupancy,Warning
Stanley Medical College and Hospital,"Plastic Surgery, Liver Transplant","Royapuram, Chennai 600001",2026-08-25,Tondiarpet,13.1060,80.2872,1789,1587,88.71,7883,424,Hepatitis,428,81.05,Available,339,881,Yes,Hepatitis Surge,Warning
Tamil Nadu Govt Multi-Super Specialty Hospital,"Neurology, Gastroenterology","Anna Salai, Chennai 600035",2026-08-25,Mylapore,13.0690,80.2750,498,371,74.50,2635,117,Gastrointestinal Disorders,171,80.24,Available,160,355,Yes,None,Normal
Government Peripheral Hospital Anna Nagar,"General Medicine, Gynecology","Anna Nagar, Chennai 600102",2026-08-26,Aminjikarai,13.0870,80.2100,200,168,84.00,1169,63,Viral Fever,90,82.26,Available,42,104,Yes,Viral Fever Surge,Warning
Government Royapettah Hospital,"Orthopedics, Neurology","Royapettah, Chennai 600014",2026-08-26,Mylapore,13.0540,80.2640,849,721,84.92,4118,288,Orthopedic Injury,430,78.07,Available,177,413,Yes,None,Normal
Govt Hospital for Thoracic Medicine,"Pulmonology, Tuberculosis","Tambaram, Chennai 600047",2026-08-26,Tambaram,12.9405,80.1320,747,567,75.90,1635,90,Tuberculosis,298,80.71,Available,105,302,Yes,None,Normal
Institute of Child Health and Hospital,"Pediatrics, Neonatology","Egmore, Chennai 600008",2026-08-26,Egmore,13.0745,80.2580,998,851,85.27,4461,198,Pediatric Infection,436,95.37,Available,199,539,Yes,None,Normal
Kilpauk Medical College and Hospital,"Dermatology, Psychiatry","Kilpauk, Chennai 600010",2026-08-26,Purasawalkam,13.0785,80.2425,1200,936,78.00,5326,210,Dermatological Conditions,609,79.43,Available,233,582,Yes,None,Normal
Obstetrics and Gynecology Hospital Egmore,"Maternal Healthcare, Neonatology","Egmore, Chennai 600008",2026-08-26,Egmore,13.0770,80.2610,799,704,88.11,2715,135,Maternal Conditions,441,92.87,Available,138,444,Yes,None,Normal
Rajiv Gandhi Government General Hospital,"General Medicine, Cardiology","Park Town, Chennai 600003",2026-08-26,Tondiarpet,13.0823,80.2757,2993,2838,94.82,11591,772,Viral Fever,1080,87.00,Available,510,1246,Yes,Viral Fever Surge; High Bed Occupancy,Warning
Stanley Medical College and Hospital,"Plastic Surgery, Liver Transplant","Royapuram, Chennai 600001",2026-08-26,Tondiarpet,13.1060,80.2872,1788,1594,89.15,7746,435,Hepatitis,446,81.38,Limited,331,880,Yes,Hepatitis Surge; Low Medicine Stock,Critical
Tamil Nadu Govt Multi-Super Specialty Hospital,"Neurology, Gastroenterology","Anna Salai, Chennai 600035",2026-08-26,Mylapore,13.0690,80.2750,498,371,74.50,2949,120,Gastrointestinal Disorders,175,79.96,Available,155,348,Yes,None,Normal
Government Peripheral Hospital Anna Nagar,"General Medicine, Gynecology","Anna Nagar, Chennai 600102",2026-08-27,Aminjikarai,13.0870,80.2100,200,165,82.50,1217,62,Viral Fever,87,82.52,Available,41,104,No,Viral Fever Surge; Ambulance Unavailable,Warning
Government Royapettah Hospital,"Orthopedics, Neurology","Royapettah, Chennai 600014",2026-08-27,Mylapore,13.0540,80.2640,848,720,84.91,3899,310,Orthopedic Injury,392,77.96,Available,179,427,Yes,None,Normal
Govt Hospital for Thoracic Medicine,"Pulmonology, Tuberculosis","Tambaram, Chennai 600047",2026-08-27,Tambaram,12.9405,80.1320,746,560,75.07,1764,95,Tuberculosis,272,80.00,Available,108,295,Yes,None,Normal
Institute of Child Health and Hospital,"Pediatrics, Neonatology","Egmore, Chennai 600008",2026-08-27,Egmore,13.0745,80.2580,996,859,86.24,4305,191,Pediatric Infection,383,94.81,Available,204,546,Yes,None,Normal
Kilpauk Medical College and Hospital,"Dermatology, Psychiatry","Kilpauk, Chennai 600010",2026-08-27,Purasawalkam,13.0785,80.2425,1200,943,78.58,5543,212,Dermatological Conditions,613,79.88,Available,234,577,Yes,None,Normal
Obstetrics and Gynecology Hospital Egmore,"Maternal Healthcare, Neonatology","Egmore, Chennai 600008",2026-08-27,Egmore,13.0770,80.2610,800,719,89.88,2930,141,Maternal Conditions,491,93.11,Available,136,437,Yes,None,Normal
Rajiv Gandhi Government General Hospital,"General Medicine, Cardiology","Park Town, Chennai 600003",2026-08-27,Tondiarpet,13.0823,80.2757,2990,2843,95.08,11469,736,Viral Fever,1008,86.79,Available,493,1236,Yes,Viral Fever Surge; Bed Capacity Critical,Critical
Stanley Medical College and Hospital,"Plastic Surgery, Liver Transplant","Royapuram, Chennai 600001",2026-08-27,Tondiarpet,13.1060,80.2872,1787,1597,89.37,6979,423,Hepatitis,412,81.73,Limited,339,852,Yes,Hepatitis Surge; Low Medicine Stock,Warning
Tamil Nadu Govt Multi-Super Specialty Hospital,"Neurology, Gastroenterology","Anna Salai, Chennai 600035",2026-08-27,Mylapore,13.0690,80.2750,498,373,74.90,2910,120,Gastrointestinal Disorders,197,80.62,Available,152,345,Yes,None,Normal
Government Peripheral Hospital Anna Nagar,"General Medicine, Gynecology","Anna Nagar, Chennai 600102",2026-08-28,Aminjikarai,13.0870,80.2100,200,165,82.50,1217,75,Viral Fever,84,82.52,Available,41,103,Yes,Viral Fever Surge,Warning
Government Royapettah Hospital,"Orthopedics, Neurology","Royapettah, Chennai 600014",2026-08-28,Mylapore,13.0540,80.2640,847,707,83.47,3964,293,Orthopedic Injury,411,78.16,Available,179,427,Yes,None,Normal
Govt Hospital for Thoracic Medicine,"Pulmonology, Tuberculosis","Tambaram, Chennai 600047",2026-08-28,Tambaram,12.9405,80.1320,746,576,77.21,1705,89,Tuberculosis,274,80.69,Available,107,296,Yes,None,Normal
Institute of Child Health and Hospital,"Pediatrics, Neonatology","Egmore, Chennai 600008",2026-08-28,Egmore,13.0745,80.2580,994,844,84.91,4031,219,Pediatric Infection,398,94.51,Available,200,556,Yes,None,Normal
Kilpauk Medical College and Hospital,"Dermatology, Psychiatry","Kilpauk, Chennai 600010",2026-08-28,Purasawalkam,13.0785,80.2425,1200,948,79.00,5688,228,Dermatological Conditions,655,80.19,Limited,240,578,Yes,Low Medicine Stock,Watch
Obstetrics and Gynecology Hospital Egmore,"Maternal Healthcare, Neonatology","Egmore, Chennai 600008",2026-08-28,Egmore,13.0770,80.2610,800,733,91.62,2735,151,Maternal Conditions,499,93.24,Available,136,448,Yes,High Bed Occupancy,Watch
Rajiv Gandhi Government General Hospital,"General Medicine, Cardiology","Park Town, Chennai 600003",2026-08-28,Tondiarpet,13.0823,80.2757,2988,2825,94.54,12539,695,Viral Fever,1073,86.99,Available,501,1219,Yes,Viral Fever Surge; High Bed Occupancy,Warning
Stanley Medical College and Hospital,"Plastic Surgery, Liver Transplant","Royapuram, Chennai 600001",2026-08-28,Tondiarpet,13.1060,80.2872,1786,1596,89.36,7621,400,Hepatitis,392,81.29,Limited,340,851,Yes,Hepatitis Surge; Low Medicine Stock,Warning
Tamil Nadu Govt Multi-Super Specialty Hospital,"Neurology, Gastroenterology","Anna Salai, Chennai 600035",2026-08-28,Mylapore,13.0690,80.2750,498,383,76.91,2757,107,Gastrointestinal Disorders,174,80.60,Available,153,351,Yes,None,Normal
Government Peripheral Hospital Anna Nagar,"General Medicine, Gynecology","Anna Nagar, Chennai 600102",2026-08-29,Aminjikarai,13.0870,80.2100,199,165,82.91,879,72,Hypertension,80,82.63,Available,35,88,Yes,None,Normal
Government Royapettah Hospital,"Orthopedics, Neurology","Royapettah, Chennai 600014",2026-08-29,Mylapore,13.0540,80.2640,847,714,84.30,2987,303,Orthopedic Injury,394,77.69,Available,155,372,Yes,None,Normal
Govt Hospital for Thoracic Medicine,"Pulmonology, Tuberculosis","Tambaram, Chennai 600047",2026-08-29,Tambaram,12.9405,80.1320,746,575,77.08,1315,99,Tuberculosis,269,80.01,Available,91,250,Yes,None,Normal
Institute of Child Health and Hospital,"Pediatrics, Neonatology","Egmore, Chennai 600008",2026-08-29,Egmore,13.0745,80.2580,993,874,88.02,3155,254,Pediatric Infection,394,94.96,Available,166,480,Yes,None,Normal
Kilpauk Medical College and Hospital,"Dermatology, Psychiatry","Kilpauk, Chennai 600010",2026-08-29,Purasawalkam,13.0785,80.2425,1199,971,80.98,4241,269,Dermatological Conditions,603,80.04,Available,210,500,Yes,None,Normal
Obstetrics and Gynecology Hospital Egmore,"Maternal Healthcare, Neonatology","Egmore, Chennai 600008",2026-08-29,Egmore,13.0770,80.2610,799,732,91.61,2195,157,Maternal Conditions,426,93.51,Available,116,369,Yes,High Bed Occupancy,Watch
Rajiv Gandhi Government General Hospital,"General Medicine, Cardiology","Park Town, Chennai 600003",2026-08-29,Tondiarpet,13.0823,80.2757,2986,2884,96.58,8745,917,Viral Fever,1039,86.42,Available,427,1033,Yes,Viral Fever Surge; Bed Capacity Critical,Critical
Stanley Medical College and Hospital,"Plastic Surgery, Liver Transplant","Royapuram, Chennai 600001",2026-08-29,Tondiarpet,13.1060,80.2872,1785,1590,89.08,5505,519,Hepatitis,360,81.95,Critical,290,737,Yes,Hepatitis Surge; Medicine Shortage,Critical
Tamil Nadu Govt Multi-Super Specialty Hospital,"Neurology, Gastroenterology","Anna Salai, Chennai 600035",2026-08-29,Mylapore,13.0690,80.2750,499,395,79.16,1957,131,Gastrointestinal Disorders,180,80.45,Available,127,296,Yes,None,Normal
Government Peripheral Hospital Anna Nagar,"General Medicine, Gynecology","Anna Nagar, Chennai 600102",2026-08-30,Aminjikarai,13.0870,80.2100,199,158,79.40,381,81,Viral Fever,46,83.05,Available,29,74,Yes,None,Normal
Government Royapettah Hospital,"Orthopedics, Neurology","Royapettah, Chennai 600014",2026-08-30,Mylapore,13.0540,80.2640,846,706,83.45,1276,308,Orthopedic Injury,239,77.08,Available,133,311,Yes,None,Normal
Govt Hospital for Thoracic Medicine,"Pulmonology, Tuberculosis","Tambaram, Chennai 600047",2026-08-30,Tambaram,12.9405,80.1320,745,544,73.02,527,95,Tuberculosis,154,80.47,Available,78,218,Yes,None,Normal
Institute of Child Health and Hospital,"Pediatrics, Neonatology","Egmore, Chennai 600008",2026-08-30,Egmore,13.0745,80.2580,991,846,85.37,1248,250,Pediatric Infection,208,94.00,Available,140,398,Yes,None,Normal
Kilpauk Medical College and Hospital,"Dermatology, Psychiatry","Kilpauk, Chennai 600010",2026-08-30,Purasawalkam,13.0785,80.2425,1198,974,81.30,1736,268,Dermatological Conditions,320,80.56,Available,176,426,Yes,None,Normal
Obstetrics and Gynecology Hospital Egmore,"Maternal Healthcare, Neonatology","Egmore, Chennai 600008",2026-08-30,Egmore,13.0770,80.2610,798,716,89.72,794,189,Maternal Conditions,251,93.19,Available,97,312,Yes,None,Normal
Rajiv Gandhi Government General Hospital,"General Medicine, Cardiology","Park Town, Chennai 600003",2026-08-30,Tondiarpet,13.0823,80.2757,2985,2795,93.63,3549,791,Viral Fever,578,86.84,Available,354,867,Yes,Viral Fever Surge; High Bed Occupancy,Warning
Stanley Medical College and Hospital,"Plastic Surgery, Liver Transplant","Royapuram, Chennai 600001",2026-08-30,Tondiarpet,13.1060,80.2872,1784,1535,86.04,2573,449,Hepatitis,181,81.89,Critical,241,626,Yes,Medicine Shortage,Critical
Tamil Nadu Govt Multi-Super Specialty Hospital,"Neurology, Gastroenterology","Anna Salai, Chennai 600035",2026-08-30,Mylapore,13.0690,80.2750,499,380,76.15,785,127,Gastrointestinal Disorders,84,80.92,Available,109,253,Yes,None,Normal
Government Peripheral Hospital Anna Nagar,"General Medicine, Gynecology","Anna Nagar, Chennai 600102",2026-08-31,Aminjikarai,13.0870,80.2100,199,158,79.40,1364,81,Hypertension,81,83.48,Available,41,106,Yes,None,Normal
Government Royapettah Hospital,"Orthopedics, Neurology","Royapettah, Chennai 600014",2026-08-31,Mylapore,13.0540,80.2640,846,716,84.63,4851,305,Orthopedic Injury,427,77.19,Available,185,432,Yes,None,Normal
Govt Hospital for Thoracic Medicine,"Pulmonology, Tuberculosis","Tambaram, Chennai 600047",2026-08-31,Tambaram,12.9405,80.1320,745,554,74.36,1837,96,Tuberculosis,290,80.19,Available,105,293,Yes,None,Normal
Institute of Child Health and Hospital,"Pediatrics, Neonatology","Egmore, Chennai 600008",2026-08-31,Egmore,13.0745,80.2580,991,864,87.18,4770,247,Pediatric Infection,374,93.70,Available,199,559,Yes,None,Normal
Kilpauk Medical College and Hospital,"Dermatology, Psychiatry","Kilpauk, Chennai 600010",2026-08-31,Purasawalkam,13.0785,80.2425,1198,995,83.06,7216,249,Dermatological Conditions,631,80.76,Limited,241,584,Yes,Low Medicine Stock,Watch
Obstetrics and Gynecology Hospital Egmore,"Maternal Healthcare, Neonatology","Egmore, Chennai 600008",2026-08-31,Egmore,13.0770,80.2610,797,739,92.72,3072,196,Maternal Conditions,410,93.41,Available,137,434,Yes,High Bed Occupancy,Watch
Rajiv Gandhi Government General Hospital,"General Medicine, Cardiology","Park Town, Chennai 600003",2026-08-31,Tondiarpet,13.0823,80.2757,2984,2856,95.71,12951,684,Viral Fever,1038,86.37,Available,504,1215,Yes,Viral Fever Surge; Bed Capacity Critical,Critical
Stanley Medical College and Hospital,"Plastic Surgery, Liver Transplant","Royapuram, Chennai 600001",2026-08-31,Tondiarpet,13.1060,80.2872,1784,1623,90.98,9466,438,Hepatitis,296,82.50,Critical,337,842,Yes,High Bed Occupancy; Medicine Shortage,Critical
Tamil Nadu Govt Multi-Super Specialty Hospital,"Neurology, Gastroenterology","Anna Salai, Chennai 600035",2026-08-31,Mylapore,13.0690,80.2750,499,400,80.16,2578,129,Gastrointestinal Disorders,151,81.50,Available,149,340,Yes,None,Normal
Government Peripheral Hospital Anna Nagar,"General Medicine, Gynecology","Anna Nagar, Chennai 600102",2026-09-01,Aminjikarai,13.0870,80.2100,199,163,81.91,1266,78,Hypertension,86,83.80,Available,41,105,Yes,None,Normal
Government Royapettah Hospital,"Orthopedics, Neurology","Royapettah, Chennai 600014",2026-09-01,Mylapore,13.0540,80.2640,846,726,85.82,4383,290,Orthopedic Injury,453,76.59,Available,184,432,Yes,None,Normal
Govt Hospital for Thoracic Medicine,"Pulmonology, Tuberculosis","Tambaram, Chennai 600047",2026-09-01,Tambaram,12.9405,80.1320,745,539,72.35,1843,87,Tuberculosis,251,80.11,Available,107,300,Yes,None,Normal
Institute of Child Health and Hospital,"Pediatrics, Neonatology","Egmore, Chennai 600008",2026-09-01,Egmore,13.0745,80.2580,990,868,87.68,4535,255,Pediatric Infection,400,93.45,Available,201,564,Yes,None,Normal
Kilpauk Medical College and Hospital,"Dermatology, Psychiatry","Kilpauk, Chennai 600010",2026-09-01,Purasawalkam,13.0785,80.2425,1198,1013,84.56,6510,247,Dermatological Conditions,594,81.05,Limited,244,586,Yes,Low Medicine Stock,Watch
Obstetrics and Gynecology Hospital Egmore,"Maternal Healthcare, Neonatology","Egmore, Chennai 600008",2026-09-01,Egmore,13.0770,80.2610,797,741,92.97,2511,188,Maternal Conditions,453,93.34,Available,139,434,Yes,High Bed Occupancy,Watch
Rajiv Gandhi Government General Hospital,"General Medicine, Cardiology","Park Town, Chennai 600003",2026-09-01,Tondiarpet,13.0823,80.2757,2984,2865,96.01,11366,684,Diabetes,1031,86.23,Available,503,1222,Yes,Bed Capacity Critical,Critical
Stanley Medical College and Hospital,"Plastic Surgery, Liver Transplant","Royapuram, Chennai 600001",2026-09-01,Tondiarpet,13.1060,80.2872,1784,1609,90.19,8968,376,Liver Disease,272,82.63,Critical,336,842,Yes,High Bed Occupancy; Medicine Shortage,Critical
Tamil Nadu Govt Multi-Super Specialty Hospital,"Neurology, Gastroenterology","Anna Salai, Chennai 600035",2026-09-01,Mylapore,13.0690,80.2750,499,399,79.96,2452,126,Gastrointestinal Disorders,137,82.02,Available,157,345,Yes,None,Normal
Government Peripheral Hospital Anna Nagar,"General Medicine, Gynecology","Anna Nagar, Chennai 600102",2026-09-02,Aminjikarai,13.0870,80.2100,199,159,79.90,1234,73,Hypertension,94,83.99,Available,40,104,Yes,None,Normal
Government Royapettah Hospital,"Orthopedics, Neurology","Royapettah, Chennai 600014",2026-09-02,Mylapore,13.0540,80.2640,846,718,84.87,4262,305,Orthopedic Injury,477,76.84,Available,180,433,Yes,None,Normal
Govt Hospital for Thoracic Medicine,"Pulmonology, Tuberculosis","Tambaram, Chennai 600047",2026-09-02,Tambaram,12.9405,80.1320,745,553,74.23,1737,81,Tuberculosis,257,80.38,Available,102,301,Yes,None,Normal
Institute of Child Health and Hospital,"Pediatrics, Neonatology","Egmore, Chennai 600008",2026-09-02,Egmore,13.0745,80.2580,990,855,86.36,4177,244,Pediatric Infection,369,93.28,Available,203,549,Yes,None,Normal
Kilpauk Medical College and Hospital,"Dermatology, Psychiatry","Kilpauk, Chennai 600010",2026-09-02,Purasawalkam,13.0785,80.2425,1198,991,82.72,6077,245,Dermatological Conditions,553,81.18,Limited,241,576,Yes,Low Medicine Stock,Watch
Obstetrics and Gynecology Hospital Egmore,"Maternal Healthcare, Neonatology","Egmore, Chennai 600008",2026-09-02,Egmore,13.0770,80.2610,797,747,93.73,2735,206,Maternal Conditions,452,93.50,Available,141,440,Yes,High Bed Occupancy,Watch
Rajiv Gandhi Government General Hospital,"General Medicine, Cardiology","Park Town, Chennai 600003",2026-09-02,Tondiarpet,13.0823,80.2757,2984,2847,95.41,11213,656,Diabetes,1201,86.39,Available,503,1213,Yes,Bed Capacity Critical,Critical
Stanley Medical College and Hospital,"Plastic Surgery, Liver Transplant","Royapuram, Chennai 600001",2026-09-02,Tondiarpet,13.1060,80.2872,1785,1628,91.20,8181,383,Liver Disease,275,82.36,Limited,342,874,Yes,High Bed Occupancy; Low Medicine Stock,Watch
Tamil Nadu Govt Multi-Super Specialty Hospital,"Neurology, Gastroenterology","Anna Salai, Chennai 600035",2026-09-02,Mylapore,13.0690,80.2750,499,402,80.56,2251,127,Gastrointestinal Disorders,124,81.62,Available,161,358,Yes,None,Normal
Government Peripheral Hospital Anna Nagar,"General Medicine, Gynecology","Anna Nagar, Chennai 600102",2026-09-03,Aminjikarai,13.0870,80.2100,199,161,80.90,1194,72,Hypertension,94,83.32,Available,40,100,Yes,None,Normal
Government Royapettah Hospital,"Orthopedics, Neurology","Royapettah, Chennai 600014",2026-09-03,Mylapore,13.0540,80.2640,847,730,86.19,4352,331,Orthopedic Injury,462,76.56,Available,184,428,Yes,None,Normal
Govt Hospital for Thoracic Medicine,"Pulmonology, Tuberculosis","Tambaram, Chennai 600047",2026-09-03,Tambaram,12.9405,80.1320,746,544,72.92,1811,92,Tuberculosis,263,80.72,Available,103,295,Yes,None,Normal
Institute of Child Health and Hospital,"Pediatrics, Neonatology","Egmore, Chennai 600008",2026-09-03,Egmore,13.0745,80.2580,991,873,88.09,4292,223,Pediatric Infection,401,93.43,Available,203,546,Yes,None,Normal
Kilpauk Medical College and Hospital,"Dermatology, Psychiatry","Kilpauk, Chennai 600010",2026-09-03,Purasawalkam,13.0785,80.2425,1198,996,83.14,6539,236,Dermatological Conditions,523,81.78,Limited,243,587,Yes,Low Medicine Stock,Watch
Obstetrics and Gynecology Hospital Egmore,"Maternal Healthcare, Neonatology","Egmore, Chennai 600008",2026-09-03,Egmore,13.0770,80.2610,797,742,93.10,2619,192,Maternal Conditions,432,93.91,Available,143,435,Yes,High Bed Occupancy,Watch
Rajiv Gandhi Government General Hospital,"General Medicine, Cardiology","Park Town, Chennai 600003",2026-09-03,Tondiarpet,13.0823,80.2757,2984,2838,95.11,11830,593,Diabetes,1126,86.02,Available,492,1254,Yes,Bed Capacity Critical,Critical
Stanley Medical College and Hospital,"Plastic Surgery, Liver Transplant","Royapuram, Chennai 600001",2026-09-03,Tondiarpet,13.1060,80.2872,1787,1611,90.15,8069,434,Burn Injuries,280,83.52,Limited,342,866,Yes,High Bed Occupancy; Low Medicine Stock,Watch
Tamil Nadu Govt Multi-Super Specialty Hospital,"Neurology, Gastroenterology","Anna Salai, Chennai 600035",2026-09-03,Mylapore,13.0690,80.2750,500,396,79.20,2508,112,Gastrointestinal Disorders,139,82.18,Available,161,353,Yes,None,Normal
Government Peripheral Hospital Anna Nagar,"General Medicine, Gynecology","Anna Nagar, Chennai 600102",2026-09-04,Aminjikarai,13.0870,80.2100,199,163,81.91,1260,81,Hypertension,92,84.06,Available,40,99,Yes,None,Normal
Government Royapettah Hospital,"Orthopedics, Neurology","Royapettah, Chennai 600014",2026-09-04,Mylapore,13.0540,80.2640,848,745,87.85,4229,301,Orthopedic Injury,434,76.34,Available,182,426,Yes,None,Normal
Govt Hospital for Thoracic Medicine,"Pulmonology, Tuberculosis","Tambaram, Chennai 600047",2026-09-04,Tambaram,12.9405,80.1320,747,562,75.23,1743,87,Tuberculosis,256,79.91,Available,101,305,Yes,None,Normal
Institute of Child Health and Hospital,"Pediatrics, Neonatology","Egmore, Chennai 600008",2026-09-04,Egmore,13.0745,80.2580,992,867,87.40,4160,247,Pediatric Infection,368,93.38,Available,198,530,Yes,None,Normal
Kilpauk Medical College and Hospital,"Dermatology, Psychiatry","Kilpauk, Chennai 600010",2026-09-04,Purasawalkam,13.0785,80.2425,1198,995,83.06,6320,273,Dermatological Conditions,573,81.72,Limited,249,580,Yes,Low Medicine Stock,Watch
Obstetrics and Gynecology Hospital Egmore,"Maternal Healthcare, Neonatology","Egmore, Chennai 600008",2026-09-04,Egmore,13.0770,80.2610,797,745,93.48,2494,151,Maternal Conditions,458,93.43,Available,142,441,Yes,High Bed Occupancy,Watch
Rajiv Gandhi Government General Hospital,"General Medicine, Cardiology","Park Town, Chennai 600003",2026-09-04,Tondiarpet,13.0823,80.2757,2985,2760,92.46,10979,550,Diabetes,1248,85.78,Available,483,1235,Yes,High Bed Occupancy,Watch
Stanley Medical College and Hospital,"Plastic Surgery, Liver Transplant","Royapuram, Chennai 600001",2026-09-04,Tondiarpet,13.1060,80.2872,1790,1587,88.66,8048,456,Burn Injuries,259,83.52,Available,345,874,Yes,None,Normal
Tamil Nadu Govt Multi-Super Specialty Hospital,"Neurology, Gastroenterology","Anna Salai, Chennai 600035",2026-09-04,Mylapore,13.0690,80.2750,500,385,77.00,2343,133,Gastrointestinal Disorders,133,83.01,Available,169,356,Yes,None,Normal
Government Peripheral Hospital Anna Nagar,"General Medicine, Gynecology","Anna Nagar, Chennai 600102",2026-09-05,Aminjikarai,13.0870,80.2100,200,159,79.50,908,84,Hypertension,99,84.82,Available,33,84,Yes,None,Normal
Government Royapettah Hospital,"Orthopedics, Neurology","Royapettah, Chennai 600014",2026-09-05,Mylapore,13.0540,80.2640,848,755,89.03,3222,309,Orthopedic Injury,430,76.38,Available,153,367,Yes,None,Normal
Govt Hospital for Thoracic Medicine,"Pulmonology, Tuberculosis","Tambaram, Chennai 600047",2026-09-05,Tambaram,12.9405,80.1320,749,571,76.23,1395,99,Tuberculosis,249,80.03,Available,85,252,Yes,None,Normal
Institute of Child Health and Hospital,"Pediatrics, Neonatology","Egmore, Chennai 600008",2026-09-05,Egmore,13.0745,80.2580,993,863,86.91,2961,262,Pediatric Infection,396,93.12,Limited,172,457,Yes,Low Medicine Stock,Watch
Kilpauk Medical College and Hospital,"Dermatology, Psychiatry","Kilpauk, Chennai 600010",2026-09-05,Purasawalkam,13.0785,80.2425,1198,1000,83.47,4448,284,Dermatological Conditions,550,81.97,Available,210,493,Yes,None,Normal
Obstetrics and Gynecology Hospital Egmore,"Maternal Healthcare, Neonatology","Egmore, Chennai 600008",2026-09-05,Egmore,13.0770,80.2610,797,763,95.73,1998,179,Maternal Conditions,444,94.09,Available,124,376,Yes,Bed Capacity Critical,Critical
Rajiv Gandhi Government General Hospital,"General Medicine, Cardiology","Park Town, Chennai 600003",2026-09-05,Tondiarpet,13.0823,80.2757,2986,2762,92.50,8766,543,Diabetes,1160,85.79,Available,420,1072,Yes,High Bed Occupancy,Watch
Stanley Medical College and Hospital,"Plastic Surgery, Liver Transplant","Royapuram, Chennai 600001",2026-09-05,Tondiarpet,13.1060,80.2872,1794,1584,88.29,6126,502,Burn Injuries,287,83.63,Available,283,739,Yes,None,Normal
Tamil Nadu Govt Multi-Super Specialty Hospital,"Neurology, Gastroenterology","Anna Salai, Chennai 600035",2026-09-05,Mylapore,13.0690,80.2750,499,377,75.55,1771,155,Gastrointestinal Disorders,127,83.18,Available,146,300,Yes,None,Normal
Government Peripheral Hospital Anna Nagar,"General Medicine, Gynecology","Anna Nagar, Chennai 600102",2026-09-06,Aminjikarai,13.0870,80.2100,200,156,78.00,352,80,Hypertension,49,85.05,Available,28,70,Yes,None,Normal
Government Royapettah Hospital,"Orthopedics, Neurology","Royapettah, Chennai 600014",2026-09-06,Mylapore,13.0540,80.2640,850,739,86.94,1234,324,Orthopedic Injury,240,75.82,Available,128,306,Yes,None,Normal
Govt Hospital for Thoracic Medicine,"Pulmonology, Tuberculosis","Tambaram, Chennai 600047",2026-09-06,Tambaram,12.9405,80.1320,750,559,74.53,550,105,Tuberculosis,145,79.89,Available,72,214,Yes,None,Normal
Institute of Child Health and Hospital,"Pediatrics, Neonatology","Egmore, Chennai 600008",2026-09-06,Egmore,13.0745,80.2580,995,846,85.03,1202,247,Pediatric Infection,221,92.52,Limited,144,373,Yes,Low Medicine Stock,Watch
Kilpauk Medical College and Hospital,"Dermatology, Psychiatry","Kilpauk, Chennai 600010",2026-09-06,Purasawalkam,13.0785,80.2425,1199,965,80.48,1937,294,Dermatological Conditions,291,81.83,Available,173,413,Yes,None,Normal
Obstetrics and Gynecology Hospital Egmore,"Maternal Healthcare, Neonatology","Egmore, Chennai 600008",2026-09-06,Egmore,13.0770,80.2610,797,744,93.35,808,183,Maternal Conditions,224,94.02,Available,102,314,Yes,High Bed Occupancy,Watch
Rajiv Gandhi Government General Hospital,"General Medicine, Cardiology","Park Town, Chennai 600003",2026-09-06,Tondiarpet,13.0823,80.2757,2987,2633,88.15,3434,634,Viral Fever,579,85.81,Available,350,908,Yes,Viral Fever Surge,Warning
Stanley Medical College and Hospital,"Plastic Surgery, Liver Transplant","Royapuram, Chennai 600001",2026-09-06,Tondiarpet,13.1060,80.2872,1798,1572,87.43,2365,431,Liver Disease,154,83.86,Available,248,613,Yes,None,Normal
Tamil Nadu Govt Multi-Super Specialty Hospital,"Neurology, Gastroenterology","Anna Salai, Chennai 600035",2026-09-06,Mylapore,13.0690,80.2750,497,356,71.63,724,157,Gastrointestinal Disorders,74,83.45,Available,121,255,Yes,None,Normal
Government Peripheral Hospital Anna Nagar,"General Medicine, Gynecology","Anna Nagar, Chennai 600102",2026-09-07,Aminjikarai,13.0870,80.2100,200,160,80.00,1353,77,Hypertension,84,84.62,Available,40,99,Yes,None,Normal
Government Royapettah Hospital,"Orthopedics, Neurology","Royapettah, Chennai 600014",2026-09-07,Mylapore,13.0540,80.2640,850,759,89.29,4570,300,Orthopedic Injury,432,75.58,Available,180,425,Yes,None,Normal
Govt Hospital for Thoracic Medicine,"Pulmonology, Tuberculosis","Tambaram, Chennai 600047",2026-09-07,Tambaram,12.9405,80.1320,749,577,77.04,2144,91,Tuberculosis,292,79.90,Available,101,296,Yes,None,Normal
Institute of Child Health and Hospital,"Pediatrics, Neonatology","Egmore, Chennai 600008",2026-09-07,Egmore,13.0745,80.2580,996,859,86.24,4854,242,Pediatric Infection,393,92.00,Limited,199,518,Yes,Low Medicine Stock,Watch
Kilpauk Medical College and Hospital,"Dermatology, Psychiatry","Kilpauk, Chennai 600010",2026-09-07,Purasawalkam,13.0785,80.2425,1199,989,82.49,6936,295,Dermatological Conditions,611,81.96,Available,241,574,Yes,None,Normal
Obstetrics and Gynecology Hospital Egmore,"Maternal Healthcare, Neonatology","Egmore, Chennai 600008",2026-09-07,Egmore,13.0770,80.2610,797,776,97.37,2887,170,Maternal Conditions,401,93.93,Available,143,428,Yes,Bed Capacity Critical,Critical
Rajiv Gandhi Government General Hospital,"General Medicine, Cardiology","Park Town, Chennai 600003",2026-09-07,Tondiarpet,13.0823,80.2757,2988,2759,92.34,12480,541,Viral Fever,1011,85.52,Available,493,1235,Yes,Viral Fever Surge; High Bed Occupancy,Warning
Stanley Medical College and Hospital,"Plastic Surgery, Liver Transplant","Royapuram, Chennai 600001",2026-09-07,Tondiarpet,13.1060,80.2872,1798,1596,88.77,8444,390,Liver Disease,270,84.32,Available,340,881,Yes,None,Normal
Tamil Nadu Govt Multi-Super Specialty Hospital,"Neurology, Gastroenterology","Anna Salai, Chennai 600035",2026-09-07,Mylapore,13.0690,80.2750,496,360,72.58,2610,120,Gastrointestinal Disorders,153,83.27,Available,172,361,No,Ambulance Unavailable,Warning
Government Peripheral Hospital Anna Nagar,"General Medicine, Gynecology","Anna Nagar, Chennai 600102",2026-09-08,Aminjikarai,13.0870,80.2100,200,162,81.00,1161,66,Hypertension,86,84.52,Available,41,100,Yes,None,Normal
Government Royapettah Hospital,"Orthopedics, Neurology","Royapettah, Chennai 600014",2026-09-08,Mylapore,13.0540,80.2640,850,757,89.06,4238,333,Orthopedic Injury,478,75.56,Available,179,427,Yes,None,Normal
Govt Hospital for Thoracic Medicine,"Pulmonology, Tuberculosis","Tambaram, Chennai 600047",2026-09-08,Tambaram,12.9405,80.1320,747,571,76.44,1923,78,Tuberculosis,283,79.64,Available,98,305,Yes,None,Normal
Institute of Child Health and Hospital,"Pediatrics, Neonatology","Egmore, Chennai 600008",2026-09-08,Egmore,13.0745,80.2580,997,878,88.06,4282,220,Pediatric Infection,397,91.94,Available,200,516,Yes,None,Normal
Kilpauk Medical College and Hospital,"Dermatology, Psychiatry","Kilpauk, Chennai 600010",2026-09-08,Purasawalkam,13.0785,80.2425,1199,968,80.73,5852,274,Dermatological Conditions,564,82.36,Limited,248,576,Yes,Low Medicine Stock,Watch
Obstetrics and Gynecology Hospital Egmore,"Maternal Healthcare, Neonatology","Egmore, Chennai 600008",2026-09-08,Egmore,13.0770,80.2610,797,768,96.36,2597,148,Maternal Conditions,451,93.96,Available,146,440,Yes,Bed Capacity Critical,Critical
Rajiv Gandhi Government General Hospital,"General Medicine, Cardiology","Park Town, Chennai 600003",2026-09-08,Tondiarpet,13.0823,80.2757,2989,2779,92.97,11304,705,Viral Fever,995,85.43,Available,492,1234,Yes,Viral Fever Surge; High Bed Occupancy,Warning
Stanley Medical College and Hospital,"Plastic Surgery, Liver Transplant","Royapuram, Chennai 600001",2026-09-08,Tondiarpet,13.1060,80.2872,1794,1635,91.14,7667,354,Liver Disease,270,83.84,Available,336,856,Yes,High Bed Occupancy,Watch
Tamil Nadu Govt Multi-Super Specialty Hospital,"Neurology, Gastroenterology","Anna Salai, Chennai 600035",2026-09-08,Mylapore,13.0690,80.2750,494,367,74.29,2545,128,Gastrointestinal Disorders,161,83.59,Available,166,361,Yes,None,Normal
Government Peripheral Hospital Anna Nagar,"General Medicine, Gynecology","Anna Nagar, Chennai 600102",2026-09-09,Aminjikarai,13.0870,80.2100,200,162,81.00,1168,68,Hypertension,84,85.34,Available,40,99,Yes,None,Normal
Government Royapettah Hospital,"Orthopedics, Neurology","Royapettah, Chennai 600014",2026-09-09,Mylapore,13.0540,80.2640,849,741,87.28,4321,346,Orthopedic Injury,468,75.97,Available,181,416,Yes,None,Normal
Govt Hospital for Thoracic Medicine,"Pulmonology, Tuberculosis","Tambaram, Chennai 600047",2026-09-09,Tambaram,12.9405,80.1320,746,559,74.93,1869,76,Tuberculosis,283,79.76,Available,101,302,Yes,None,Normal
Institute of Child Health and Hospital,"Pediatrics, Neonatology","Egmore, Chennai 600008",2026-09-09,Egmore,13.0745,80.2580,998,874,87.58,3970,205,Pediatric Infection,416,91.96,Available,196,524,Yes,None,Normal
Kilpauk Medical College and Hospital,"Dermatology, Psychiatry","Kilpauk, Chennai 600010",2026-09-09,Purasawalkam,13.0785,80.2425,1199,993,82.82,5527,299,Dermatological Conditions,590,82.88,Available,248,570,Yes,None,Normal
Obstetrics and Gynecology Hospital Egmore,"Maternal Healthcare, Neonatology","Egmore, Chennai 600008",2026-09-09,Egmore,13.0770,80.2610,797,752,94.35,2907,166,Maternal Conditions,407,94.30,Available,144,440,Yes,High Bed Occupancy,Watch
Rajiv Gandhi Government General Hospital,"General Medicine, Cardiology","Park Town, Chennai 600003",2026-09-09,Tondiarpet,13.0823,80.2757,2990,2781,93.01,11916,618,Viral Fever,908,85.53,Available,483,1256,Yes,Viral Fever Surge; High Bed Occupancy,Warning
Stanley Medical College and Hospital,"Plastic Surgery, Liver Transplant","Royapuram, Chennai 600001",2026-09-09,Tondiarpet,13.1060,80.2872,1791,1628,90.90,7865,323,Liver Disease,310,84.81,Available,339,882,Yes,High Bed Occupancy,Watch
Tamil Nadu Govt Multi-Super Specialty Hospital,"Neurology, Gastroenterology","Anna Salai, Chennai 600035",2026-09-09,Mylapore,13.0690,80.2750,493,364,73.83,2461,111,Gastrointestinal Disorders,166,83.96,Available,169,358,Yes,None,Normal
Government Peripheral Hospital Anna Nagar,"General Medicine, Gynecology","Anna Nagar, Chennai 600102",2026-09-10,Aminjikarai,13.0870,80.2100,200,164,82.00,1174,62,Gynecological Conditions,92,85.11,Available,42,100,Yes,None,Normal
Government Royapettah Hospital,"Orthopedics, Neurology","Royapettah, Chennai 600014",2026-09-10,Mylapore,13.0540,80.2640,848,732,86.32,4372,350,Orthopedic Injury,454,74.77,Available,180,420,Yes,None,Normal
Govt Hospital for Thoracic Medicine,"Pulmonology, Tuberculosis","Tambaram, Chennai 600047",2026-09-10,Tambaram,12.9405,80.1320,745,565,75.84,1935,77,Tuberculosis,315,79.71,Available,101,306,Yes,None,Normal
Institute of Child Health and Hospital,"Pediatrics, Neonatology","Egmore, Chennai 600008",2026-09-10,Egmore,13.0745,80.2580,999,881,88.19,4300,216,Pediatric Infection,419,91.41,Available,201,521,Yes,None,Normal
Kilpauk Medical College and Hospital,"Dermatology, Psychiatry","Kilpauk, Chennai 600010",2026-09-10,Purasawalkam,13.0785,80.2425,1199,994,82.90,5650,300,Dermatological Conditions,615,82.76,Available,248,567,Yes,None,Normal
Obstetrics and Gynecology Hospital Egmore,"Maternal Healthcare, Neonatology","Egmore, Chennai 600008",2026-09-10,Egmore,13.0770,80.2610,797,731,91.72,3028,162,Maternal Conditions,411,93.70,Available,145,445,Yes,High Bed Occupancy,Watch
Rajiv Gandhi Government General Hospital,"General Medicine, Cardiology","Park Town, Chennai 600003",2026-09-10,Tondiarpet,13.0823,80.2757,2990,2873,96.09,13604,627,Hypertension,845,85.13,Available,478,1258,Yes,Bed Capacity Critical,Critical
Stanley Medical College and Hospital,"Plastic Surgery, Liver Transplant","Royapuram, Chennai 600001",2026-09-10,Tondiarpet,13.1060,80.2872,1789,1614,90.22,7549,338,Liver Disease,317,84.82,Available,338,859,Yes,High Bed Occupancy,Watch
Tamil Nadu Govt Multi-Super Specialty Hospital,"Neurology, Gastroenterology","Anna Salai, Chennai 600035",2026-09-10,Mylapore,13.0690,80.2750,492,363,73.78,2784,123,Gastrointestinal Disorders,172,84.25,Available,166,349,Yes,None,Normal
Government Peripheral Hospital Anna Nagar,"General Medicine, Gynecology","Anna Nagar, Chennai 600102",2026-09-11,Aminjikarai,13.0870,80.2100,200,166,83.00,1155,69,Gynecological Conditions,100,85.10,Available,43,101,Yes,None,Normal
Government Royapettah Hospital,"Orthopedics, Neurology","Royapettah, Chennai 600014",2026-09-11,Mylapore,13.0540,80.2640,848,732,86.32,4251,339,Orthopedic Injury,447,75.77,Available,183,406,Yes,None,Normal
Govt Hospital for Thoracic Medicine,"Pulmonology, Tuberculosis","Tambaram, Chennai 600047",2026-09-11,Tambaram,12.9405,80.1320,745,562,75.44,1936,89,Tuberculosis,293,79.92,Available,103,311,Yes,None,Normal
Institute of Child Health and Hospital,"Pediatrics, Neonatology","Egmore, Chennai 600008",2026-09-11,Egmore,13.0745,80.2580,999,900,90.09,4441,239,Pediatric Infection,409,91.30,Available,202,516,Yes,High Bed Occupancy,Watch
Kilpauk Medical College and Hospital,"Dermatology, Psychiatry","Kilpauk, Chennai 600010",2026-09-11,Purasawalkam,13.0785,80.2425,1199,997,83.15,5673,271,Dermatological Conditions,677,82.92,Available,240,568,Yes,None,Normal
Obstetrics and Gynecology Hospital Egmore,"Maternal Healthcare, Neonatology","Egmore, Chennai 600008",2026-09-11,Egmore,13.0770,80.2610,797,723,90.72,3056,165,Maternal Conditions,421,93.96,Available,141,467,Yes,High Bed Occupancy,Watch
Rajiv Gandhi Government General Hospital,"General Medicine, Cardiology","Park Town, Chennai 600003",2026-09-11,Tondiarpet,13.0823,80.2757,2991,2809,93.92,13212,657,Hypertension,908,85.26,Available,479,1265,Yes,High Bed Occupancy,Watch
Stanley Medical College and Hospital,"Plastic Surgery, Liver Transplant","Royapuram, Chennai 600001",2026-09-11,Tondiarpet,13.1060,80.2872,1788,1616,90.38,7850,406,Liver Disease,311,84.96,Available,335,876,Yes,High Bed Occupancy,Watch
Tamil Nadu Govt Multi-Super Specialty Hospital,"Neurology, Gastroenterology","Anna Salai, Chennai 600035",2026-09-11,Mylapore,13.0690,80.2750,492,369,75.00,2781,129,Gastrointestinal Disorders,190,84.16,Available,163,357,Yes,None,Normal
Government Peripheral Hospital Anna Nagar,"General Medicine, Gynecology","Anna Nagar, Chennai 600102",2026-09-12,Aminjikarai,13.0870,80.2100,200,168,84.00,868,79,Gynecological Conditions,94,84.77,Available,36,86,Yes,None,Normal
Government Royapettah Hospital,"Orthopedics, Neurology","Royapettah, Chennai 600014",2026-09-12,Mylapore,13.0540,80.2640,848,711,83.84,3302,380,Orthopedic Injury,443,75.34,Available,155,350,Yes,None,Normal
Govt Hospital for Thoracic Medicine,"Pulmonology, Tuberculosis","Tambaram, Chennai 600047",2026-09-12,Tambaram,12.9405,80.1320,745,552,74.09,1564,83,Tuberculosis,295,79.70,Available,90,259,Yes,None,Normal
Institute of Child Health and Hospital,"Pediatrics, Neonatology","Egmore, Chennai 600008",2026-09-12,Egmore,13.0745,80.2580,999,903,90.39,3320,258,Pediatric Infection,386,91.18,Available,167,427,Yes,High Bed Occupancy,Watch
Kilpauk Medical College and Hospital,"Dermatology, Psychiatry","Kilpauk, Chennai 600010",2026-09-12,Purasawalkam,13.0785,80.2425,1199,978,81.57,4110,259,Dermatological Conditions,594,82.66,Available,205,467,Yes,None,Normal
Obstetrics and Gynecology Hospital Egmore,"Maternal Healthcare, Neonatology","Egmore, Chennai 600008",2026-09-12,Egmore,13.0770,80.2610,798,716,89.72,2239,184,Maternal Conditions,389,93.98,Available,123,396,Yes,None,Normal
Rajiv Gandhi Government General Hospital,"General Medicine, Cardiology","Park Town, Chennai 600003",2026-09-12,Tondiarpet,13.0823,80.2757,2991,2878,96.22,9570,861,Hypertension,923,85.52,Available,407,1053,Yes,Bed Capacity Critical,Critical
Stanley Medical College and Hospital,"Plastic Surgery, Liver Transplant","Royapuram, Chennai 600001",2026-09-12,Tondiarpet,13.1060,80.2872,1789,1635,91.39,5713,436,Liver Disease,317,84.42,Available,279,735,Yes,High Bed Occupancy,Watch
Tamil Nadu Govt Multi-Super Specialty Hospital,"Neurology, Gastroenterology","Anna Salai, Chennai 600035",2026-09-12,Mylapore,13.0690,80.2750,492,371,75.41,1919,145,Gastrointestinal Disorders,198,83.92,Available,140,295,Yes,None,Normal
Government Peripheral Hospital Anna Nagar,"General Medicine, Gynecology","Anna Nagar, Chennai 600102",2026-09-13,Aminjikarai,13.0870,80.2100,200,162,81.00,349,80,Gynecological Conditions,58,85.11,Available,30,76,Yes,None,Normal
Government Royapettah Hospital,"Orthopedics, Neurology","Royapettah, Chennai 600014",2026-09-13,Mylapore,13.0540,80.2640,848,698,82.31,1345,335,Orthopedic Injury,237,74.86,Available,133,294,Yes,None,Normal
Govt Hospital for Thoracic Medicine,"Pulmonology, Tuberculosis","Tambaram, Chennai 600047",2026-09-13,Tambaram,12.9405,80.1320,746,546,73.19,627,92,Tuberculosis,183,79.98,Available,76,222,Yes,None,Normal
Institute of Child Health and Hospital,"Pediatrics, Neonatology","Egmore, Chennai 600008",2026-09-13,Egmore,13.0745,80.2580,999,888,88.89,1412,245,Pediatric Infection,220,91.88,Available,141,370,Yes,None,Normal
Kilpauk Medical College and Hospital,"Dermatology, Psychiatry","Kilpauk, Chennai 600010",2026-09-13,Purasawalkam,13.0785,80.2425,1199,965,80.48,1575,273,Dermatological Conditions,349,83.28,Available,173,404,Yes,None,Normal
Obstetrics and Gynecology Hospital Egmore,"Maternal Healthcare, Neonatology","Egmore, Chennai 600008",2026-09-13,Egmore,13.0770,80.2610,798,709,88.85,941,225,Maternal Conditions,239,94.13,Limited,102,333,Yes,Low Medicine Stock,Watch
Rajiv Gandhi Government General Hospital,"General Medicine, Cardiology","Park Town, Chennai 600003",2026-09-13,Tondiarpet,13.0823,80.2757,2992,2746,91.78,3616,777,Hypertension,508,85.46,Available,353,904,Yes,High Bed Occupancy,Watch
Stanley Medical College and Hospital,"Plastic Surgery, Liver Transplant","Royapuram, Chennai 600001",2026-09-13,Tondiarpet,13.1060,80.2872,1790,1595,89.11,2465,444,Liver Disease,189,84.62,Available,244,640,Yes,None,Normal
Tamil Nadu Govt Multi-Super Specialty Hospital,"Neurology, Gastroenterology","Anna Salai, Chennai 600035",2026-09-13,Mylapore,13.0690,80.2750,493,361,73.23,792,156,Gastrointestinal Disorders,100,84.62,Available,117,252,Yes,None,Normal
Government Peripheral Hospital Anna Nagar,"General Medicine, Gynecology","Anna Nagar, Chennai 600102",2026-09-14,Aminjikarai,13.0870,80.2100,200,168,84.00,1391,77,Gynecological Conditions,98,85.23,Available,42,105,Yes,None,Normal
Government Royapettah Hospital,"Orthopedics, Neurology","Royapettah, Chennai 600014",2026-09-14,Mylapore,13.0540,80.2640,848,706,83.25,4321,318,Orthopedic Injury,427,75.26,Available,183,401,Yes,None,Normal
Govt Hospital for Thoracic Medicine,"Pulmonology, Tuberculosis","Tambaram, Chennai 600047",2026-09-14,Tambaram,12.9405,80.1320,748,564,75.40,2252,83,Tuberculosis,312,79.75,Available,105,301,Yes,None,Normal
Institute of Child Health and Hospital,"Pediatrics, Neonatology","Egmore, Chennai 600008",2026-09-14,Egmore,13.0745,80.2580,999,882,88.29,5634,230,Pediatric Infection,438,91.28,Available,200,502,Yes,None,Normal
Kilpauk Medical College and Hospital,"Dermatology, Psychiatry","Kilpauk, Chennai 600010",2026-09-14,Purasawalkam,13.0785,80.2425,1199,994,82.90,5725,222,Dermatological Conditions,685,83.13,Available,244,547,Yes,None,Normal
Obstetrics and Gynecology Hospital Egmore,"Maternal Healthcare, Neonatology","Egmore, Chennai 600008",2026-09-14,Egmore,13.0770,80.2610,799,709,88.74,3468,175,Maternal Conditions,410,93.86,Available,140,461,Yes,None,Normal
Rajiv Gandhi Government General Hospital,"General Medicine, Cardiology","Park Town, Chennai 600003",2026-09-14,Tondiarpet,13.0823,80.2757,2994,2821,94.22,13326,758,Hypertension,1000,85.55,Available,489,1228,Yes,High Bed Occupancy,Watch
Stanley Medical College and Hospital,"Plastic Surgery, Liver Transplant","Royapuram, Chennai 600001",2026-09-14,Tondiarpet,13.1060,80.2872,1792,1647,91.91,9031,366,Liver Disease,314,84.84,Available,334,881,Yes,High Bed Occupancy,Watch
Tamil Nadu Govt Multi-Super Specialty Hospital,"Neurology, Gastroenterology","Anna Salai, Chennai 600035",2026-09-14,Mylapore,13.0690,80.2750,493,379,76.88,3022,128,Gastrointestinal Disorders,198,84.54,Available,165,347,Yes,None,Normal
Government Peripheral Hospital Anna Nagar,"General Medicine, Gynecology","Anna Nagar, Chennai 600102",2026-09-15,Aminjikarai,13.0870,80.2100,199,164,82.41,1239,65,Gynecological Conditions,99,85.15,Available,42,103,Yes,None,Normal
Government Royapettah Hospital,"Orthopedics, Neurology","Royapettah, Chennai 600014",2026-09-15,Mylapore,13.0540,80.2640,847,741,87.49,4124,336,Orthopedic Injury,489,75.30,Available,185,407,Yes,None,Normal
Govt Hospital for Thoracic Medicine,"Pulmonology, Tuberculosis","Tambaram, Chennai 600047",2026-09-15,Tambaram,12.9405,80.1320,750,562,74.93,1857,76,Tuberculosis,290,79.48,Available,105,310,Yes,None,Normal
Institute of Child Health and Hospital,"Pediatrics, Neonatology","Egmore, Chennai 600008",2026-09-15,Egmore,13.0745,80.2580,999,913,91.39,4754,254,Pediatric Infection,433,91.24,Available,195,512,Yes,High Bed Occupancy,Watch
Kilpauk Medical College and Hospital,"Dermatology, Psychiatry","Kilpauk, Chennai 600010",2026-09-15,Purasawalkam,13.0785,80.2425,1199,999,83.32,5401,231,Dermatological Conditions,619,82.75,Available,244,567,Yes,None,Normal
Obstetrics and Gynecology Hospital Egmore,"Maternal Healthcare, Neonatology","Egmore, Chennai 600008",2026-09-15,Egmore,13.0770,80.2610,800,719,89.88,2817,167,Maternal Conditions,449,93.67,Available,144,460,Yes,None,Normal
Rajiv Gandhi Government General Hospital,"General Medicine, Cardiology","Park Town, Chennai 600003",2026-09-15,Tondiarpet,13.0823,80.2757,2997,2766,92.29,12103,679,Hypertension,1002,85.37,Available,488,1259,Yes,High Bed Occupancy,Watch
Stanley Medical College and Hospital,"Plastic Surgery, Liver Transplant","Royapuram, Chennai 600001",2026-09-15,Tondiarpet,13.1060,80.2872,1794,1632,90.97,8007,420,Liver Disease,331,85.01,Available,333,878,Yes,High Bed Occupancy,Watch
Tamil Nadu Govt Multi-Super Specialty Hospital,"Neurology, Gastroenterology","Anna Salai, Chennai 600035",2026-09-15,Mylapore,13.0690,80.2750,494,392,79.35,2694,130,Gastrointestinal Disorders,194,84.65,Available,161,348,Yes,None,Normal
Government Peripheral Hospital Anna Nagar,"General Medicine, Gynecology","Anna Nagar, Chennai 600102",2026-09-16,Aminjikarai,13.0870,80.2100,199,163,81.91,1343,65,Gynecological Conditions,89,85.11,Available,43,102,Yes,None,Normal
Government Royapettah Hospital,"Orthopedics, Neurology","Royapettah, Chennai 600014",2026-09-16,Mylapore,13.0540,80.2640,847,762,89.96,4024,326,Orthopedic Injury,461,75.14,Available,184,424,Yes,None,Normal
Govt Hospital for Thoracic Medicine,"Pulmonology, Tuberculosis","Tambaram, Chennai 600047",2026-09-16,Tambaram,12.9405,80.1320,749,568,75.83,1954,86,Tuberculosis,310,79.80,Available,101,298,Yes,None,Normal
Institute of Child Health and Hospital,"Pediatrics, Neonatology","Egmore, Chennai 600008",2026-09-16,Egmore,13.0745,80.2580,999,921,92.19,5005,239,Pediatric Infection,388,91.80,Available,198,523,Yes,High Bed Occupancy,Watch
Kilpauk Medical College and Hospital,"Dermatology, Psychiatry","Kilpauk, Chennai 600010",2026-09-16,Purasawalkam,13.0785,80.2425,1199,989,82.49,5354,218,Dermatological Conditions,649,82.73,Available,244,574,Yes,None,Normal
Obstetrics and Gynecology Hospital Egmore,"Maternal Healthcare, Neonatology","Egmore, Chennai 600008",2026-09-16,Egmore,13.0770,80.2610,799,720,90.11,2716,159,Maternal Conditions,436,93.83,Available,140,444,Yes,High Bed Occupancy,Watch
Rajiv Gandhi Government General Hospital,"General Medicine, Cardiology","Park Town, Chennai 600003",2026-09-16,Tondiarpet,13.0823,80.2757,2999,2752,91.76,11883,744,Hypertension,862,85.13,Available,478,1228,Yes,High Bed Occupancy,Watch
Stanley Medical College and Hospital,"Plastic Surgery, Liver Transplant","Royapuram, Chennai 600001",2026-09-16,Tondiarpet,13.1060,80.2872,1797,1670,92.93,8638,418,Liver Disease,353,84.74,Available,337,860,Yes,High Bed Occupancy,Watch
Tamil Nadu Govt Multi-Super Specialty Hospital,"Neurology, Gastroenterology","Anna Salai, Chennai 600035",2026-09-16,Mylapore,13.0690,80.2750,495,401,81.01,2905,101,Gastrointestinal Disorders,201,83.77,Available,161,354,Yes,None,Normal
Government Peripheral Hospital Anna Nagar,"General Medicine, Gynecology","Anna Nagar, Chennai 600102",2026-09-17,Aminjikarai,13.0870,80.2100,199,163,81.91,1374,69,Gynecological Conditions,92,84.80,Available,43,103,Yes,None,Normal
Government Royapettah Hospital,"Orthopedics, Neurology","Royapettah, Chennai 600014",2026-09-17,Mylapore,13.0540,80.2640,847,789,93.15,4121,368,Orthopedic Injury,522,75.29,Available,187,419,Yes,High Bed Occupancy,Watch
Govt Hospital for Thoracic Medicine,"Pulmonology, Tuberculosis","Tambaram, Chennai 600047",2026-09-17,Tambaram,12.9405,80.1320,747,575,76.97,1754,90,Tuberculosis,290,80.46,Limited,100,299,Yes,Low Medicine Stock,Watch
Institute of Child Health and Hospital,"Pediatrics, Neonatology","Egmore, Chennai 600008",2026-09-17,Egmore,13.0745,80.2580,999,931,93.19,5059,266,Pediatric Infection,403,92.04,Available,199,522,Yes,High Bed Occupancy,Watch
Kilpauk Medical College and Hospital,"Dermatology, Psychiatry","Kilpauk, Chennai 600010",2026-09-17,Purasawalkam,13.0785,80.2425,1198,995,83.06,5712,253,Dermatological Conditions,614,82.69,Available,239,581,Yes,None,Normal
Obstetrics and Gynecology Hospital Egmore,"Maternal Healthcare, Neonatology","Egmore, Chennai 600008",2026-09-17,Egmore,13.0770,80.2610,798,700,87.72,2830,158,Maternal Conditions,434,94.13,Available,142,439,Yes,None,Normal
Rajiv Gandhi Government General Hospital,"General Medicine, Cardiology","Park Town, Chennai 600003",2026-09-17,Tondiarpet,13.0823,80.2757,2999,2758,91.96,11526,710,Viral Fever,910,85.18,Available,478,1249,Yes,Viral Fever Surge; High Bed Occupancy,Warning
Stanley Medical College and Hospital,"Plastic Surgery, Liver Transplant","Royapuram, Chennai 600001",2026-09-17,Tondiarpet,13.1060,80.2872,1800,1706,94.78,8004,481,Liver Disease,334,84.55,Available,331,865,Yes,High Bed Occupancy,Watch
Tamil Nadu Govt Multi-Super Specialty Hospital,"Neurology, Gastroenterology","Anna Salai, Chennai 600035",2026-09-17,Mylapore,13.0690,80.2750,496,408,82.26,2911,101,Gastrointestinal Disorders,196,84.79,Available,163,359,Yes,None,Normal
Government Peripheral Hospital Anna Nagar,"General Medicine, Gynecology","Anna Nagar, Chennai 600102",2026-09-18,Aminjikarai,13.0870,80.2100,199,159,79.90,1283,72,Diabetes,95,84.78,Available,44,102,Yes,None,Normal
Government Royapettah Hospital,"Orthopedics, Neurology","Royapettah, Chennai 600014",2026-09-18,Mylapore,13.0540,80.2640,846,794,93.85,4267,380,Orthopedic Injury,498,75.18,Available,191,435,Yes,High Bed Occupancy,Watch
Govt Hospital for Thoracic Medicine,"Pulmonology, Tuberculosis","Tambaram, Chennai 600047",2026-09-18,Tambaram,12.9405,80.1320,746,573,76.81,1824,81,Tuberculosis,268,79.91,Limited,100,295,Yes,Low Medicine Stock,Watch
Institute of Child Health and Hospital,"Pediatrics, Neonatology","Egmore, Chennai 600008",2026-09-18,Egmore,13.0745,80.2580,999,927,92.79,4533,240,Pediatric Infection,464,92.09,Available,197,520,Yes,High Bed Occupancy,Watch
Kilpauk Medical College and Hospital,"Dermatology, Psychiatry","Kilpauk, Chennai 600010",2026-09-18,Purasawalkam,13.0785,80.2425,1198,1018,84.97,5649,259,Dermatological Conditions,586,82.15,Available,245,596,Yes,None,Normal
Obstetrics and Gynecology Hospital Egmore,"Maternal Healthcare, Neonatology","Egmore, Chennai 600008",2026-09-18,Egmore,13.0770,80.2610,796,717,90.08,3021,171,Maternal Conditions,470,93.22,Available,143,434,Yes,High Bed Occupancy,Watch
Rajiv Gandhi Government General Hospital,"General Medicine, Cardiology","Park Town, Chennai 600003",2026-09-18,Tondiarpet,13.0823,80.2757,2997,2725,90.92,11464,702,Viral Fever,892,85.43,Available,471,1264,Yes,Viral Fever Surge; High Bed Occupancy,Warning
Stanley Medical College and Hospital,"Plastic Surgery, Liver Transplant","Royapuram, Chennai 600001",2026-09-18,Tondiarpet,13.1060,80.2872,1799,1715,95.33,8110,454,Liver Disease,324,83.83,Available,337,851,Yes,Bed Capacity Critical,Critical
Tamil Nadu Govt Multi-Super Specialty Hospital,"Neurology, Gastroenterology","Anna Salai, Chennai 600035",2026-09-18,Mylapore,13.0690,80.2750,497,409,82.29,2800,100,Gastrointestinal Disorders,184,85.08,Available,163,346,Yes,None,Normal
Government Peripheral Hospital Anna Nagar,"General Medicine, Gynecology","Anna Nagar, Chennai 600102",2026-09-19,Aminjikarai,13.0870,80.2100,199,163,81.91,935,75,Diabetes,98,84.48,Available,38,88,Yes,None,Normal
Government Royapettah Hospital,"Orthopedics, Neurology","Royapettah, Chennai 600014",2026-09-19,Mylapore,13.0540,80.2640,846,805,95.15,3196,415,Orthopedic Injury,573,76.08,Available,161,366,Yes,Bed Capacity Critical,Critical
Govt Hospital for Thoracic Medicine,"Pulmonology, Tuberculosis","Tambaram, Chennai 600047",2026-09-19,Tambaram,12.9405,80.1320,744,571,76.75,1327,108,Tuberculosis,270,80.67,Critical,86,255,Yes,Medicine Shortage,Critical
Institute of Child Health and Hospital,"Pediatrics, Neonatology","Egmore, Chennai 600008",2026-09-19,Egmore,13.0745,80.2580,999,925,92.59,3591,278,Pediatric Infection,449,92.02,Available,169,456,Yes,High Bed Occupancy,Watch
Kilpauk Medical College and Hospital,"Dermatology, Psychiatry","Kilpauk, Chennai 600010",2026-09-19,Purasawalkam,13.0785,80.2425,1198,1005,83.89,4578,289,Dermatological Conditions,577,81.55,Available,205,514,Yes,None,Normal
Obstetrics and Gynecology Hospital Egmore,"Maternal Healthcare, Neonatology","Egmore, Chennai 600008",2026-09-19,Egmore,13.0770,80.2610,795,727,91.45,2243,190,Maternal Conditions,460,93.37,Available,121,367,Yes,High Bed Occupancy,Watch
Rajiv Gandhi Government General Hospital,"General Medicine, Cardiology","Park Town, Chennai 600003",2026-09-19,Tondiarpet,13.0823,80.2757,2995,2762,92.22,8376,716,Viral Fever,1024,85.45,Available,400,1069,Yes,Viral Fever Surge; High Bed Occupancy,Warning
Stanley Medical College and Hospital,"Plastic Surgery, Liver Transplant","Royapuram, Chennai 600001",2026-09-19,Tondiarpet,13.1060,80.2872,1797,1705,94.88,6204,530,Liver Disease,317,84.23,Available,284,729,Yes,High Bed Occupancy,Watch
Tamil Nadu Govt Multi-Super Specialty Hospital,"Neurology, Gastroenterology","Anna Salai, Chennai 600035",2026-09-19,Mylapore,13.0690,80.2750,498,426,85.54,2141,133,Gastrointestinal Disorders,186,84.46,Available,138,301,Yes,None,Normal
Government Peripheral Hospital Anna Nagar,"General Medicine, Gynecology","Anna Nagar, Chennai 600102",2026-09-20,Aminjikarai,13.0870,80.2100,199,158,79.40,413,85,Diabetes,54,84.63,Available,33,75,Yes,None,Normal
Government Royapettah Hospital,"Orthopedics, Neurology","Royapettah, Chennai 600014",2026-09-20,Mylapore,13.0540,80.2640,846,795,93.97,1210,361,Orthopedic Injury,336,75.92,Available,138,311,Yes,High Bed Occupancy,Watch
Govt Hospital for Thoracic Medicine,"Pulmonology, Tuberculosis","Tambaram, Chennai 600047",2026-09-20,Tambaram,12.9405,80.1320,743,549,73.89,483,120,Tuberculosis,143,80.22,Critical,71,219,Yes,Medicine Shortage,Critical
Institute of Child Health and Hospital,"Pediatrics, Neonatology","Egmore, Chennai 600008",2026-09-20,Egmore,13.0745,80.2580,999,917,91.79,1367,261,Pediatric Infection,254,92.20,Available,145,382,Yes,Pediatric Infection Surge; High Bed Occupancy,Warning
Kilpauk Medical College and Hospital,"Dermatology, Psychiatry","Kilpauk, Chennai 600010",2026-09-20,Purasawalkam,13.0785,80.2425,1198,973,81.22,1842,319,Dermatological Conditions,338,81.26,Available,176,435,Yes,None,Normal
Obstetrics and Gynecology Hospital Egmore,"Maternal Healthcare, Neonatology","Egmore, Chennai 600008",2026-09-20,Egmore,13.0770,80.2610,795,695,87.42,938,173,Maternal Conditions,284,93.05,Available,103,311,Yes,None,Normal
Rajiv Gandhi Government General Hospital,"General Medicine, Cardiology","Park Town, Chennai 600003",2026-09-20,Tondiarpet,13.0823,80.2757,2994,2671,89.21,3345,750,Viral Fever,537,85.24,Available,348,884,Yes,Viral Fever Surge,Warning
Stanley Medical College and Hospital,"Plastic Surgery, Liver Transplant","Royapuram, Chennai 600001",2026-09-20,Tondiarpet,13.1060,80.2872,1795,1691,94.21,2471,484,Burn Injuries,186,83.23,Available,239,616,Yes,High Bed Occupancy,Watch
Tamil Nadu Govt Multi-Super Specialty Hospital,"Neurology, Gastroenterology","Anna Salai, Chennai 600035",2026-09-20,Mylapore,13.0690,80.2750,499,406,81.36,800,126,Gastrointestinal Disorders,111,84.57,Available,116,252,Yes,None,Normal
Government Peripheral Hospital Anna Nagar,"General Medicine, Gynecology","Anna Nagar, Chennai 600102",2026-09-21,Aminjikarai,13.0870,80.2100,199,164,82.41,1484,81,Diabetes,96,84.04,Available,45,103,Yes,None,Normal
Government Royapettah Hospital,"Orthopedics, Neurology","Royapettah, Chennai 600014",2026-09-21,Mylapore,13.0540,80.2640,846,794,93.85,4549,340,Orthopedic Injury,566,76.23,Available,190,435,Yes,High Bed Occupancy,Watch
Govt Hospital for Thoracic Medicine,"Pulmonology, Tuberculosis","Tambaram, Chennai 600047",2026-09-21,Tambaram,12.9405,80.1320,743,573,77.12,1890,112,Tuberculosis,295,80.60,Critical,100,295,Yes,Medicine Shortage,Critical
Institute of Child Health and Hospital,"Pediatrics, Neonatology","Egmore, Chennai 600008",2026-09-21,Egmore,13.0745,80.2580,999,923,92.39,4665,214,Pediatric Infection,420,92.49,Available,195,525,Yes,Pediatric Infection Surge; High Bed Occupancy,Warning
Kilpauk Medical College and Hospital,"Dermatology, Psychiatry","Kilpauk, Chennai 600010",2026-09-21,Purasawalkam,13.0785,80.2425,1198,996,83.14,6556,277,Dermatological Conditions,624,80.61,Available,244,589,Yes,None,Normal
Obstetrics and Gynecology Hospital Egmore,"Maternal Healthcare, Neonatology","Egmore, Chennai 600008",2026-09-21,Egmore,13.0770,80.2610,795,721,90.69,3550,135,Maternal Conditions,479,92.94,Available,143,422,Yes,High Bed Occupancy,Watch
Rajiv Gandhi Government General Hospital,"General Medicine, Cardiology","Park Town, Chennai 600003",2026-09-21,Tondiarpet,13.0823,80.2757,2993,2752,91.95,12760,706,Viral Fever,996,85.66,Available,475,1226,Yes,Viral Fever Surge; High Bed Occupancy,Warning
Stanley Medical College and Hospital,"Plastic Surgery, Liver Transplant","Royapuram, Chennai 600001",2026-09-21,Tondiarpet,13.1060,80.2872,1795,1682,93.70,9426,435,Burn Injuries,341,83.10,Available,337,830,Yes,High Bed Occupancy,Watch
Tamil Nadu Govt Multi-Super Specialty Hospital,"Neurology, Gastroenterology","Anna Salai, Chennai 600035",2026-09-21,Mylapore,13.0690,80.2750,499,403,80.76,3106,123,Gastrointestinal Disorders,188,85.03,Available,159,356,Yes,None,Normal
Government Peripheral Hospital Anna Nagar,"General Medicine, Gynecology","Anna Nagar, Chennai 600102",2026-09-22,Aminjikarai,13.0870,80.2100,199,170,85.43,1288,80,Diabetes,102,84.46,Available,44,105,Yes,None,Normal
Government Royapettah Hospital,"Orthopedics, Neurology","Royapettah, Chennai 600014",2026-09-22,Mylapore,13.0540,80.2640,846,798,94.33,3977,311,Orthopedic Injury,585,76.21,Available,188,426,Yes,High Bed Occupancy,Watch
Govt Hospital for Thoracic Medicine,"Pulmonology, Tuberculosis","Tambaram, Chennai 600047",2026-09-22,Tambaram,12.9405,80.1320,743,558,75.10,1673,98,Tuberculosis,287,80.75,Limited,102,303,Yes,Low Medicine Stock,Watch
Institute of Child Health and Hospital,"Pediatrics, Neonatology","Egmore, Chennai 600008",2026-09-22,Egmore,13.0745,80.2580,999,882,88.29,4307,231,Pediatric Infection,425,92.96,Available,199,527,Yes,Pediatric Infection Surge,Warning
Kilpauk Medical College and Hospital,"Dermatology, Psychiatry","Kilpauk, Chennai 600010",2026-09-22,Purasawalkam,13.0785,80.2425,1198,989,82.55,6229,296,Dermatological Conditions,658,80.46,Available,242,604,Yes,None,Normal
Obstetrics and Gynecology Hospital Egmore,"Maternal Healthcare, Neonatology","Egmore, Chennai 600008",2026-09-22,Egmore,13.0770,80.2610,795,724,91.07,2991,158,Maternal Conditions,519,92.72,Available,141,428,Yes,High Bed Occupancy,Watch
Rajiv Gandhi Government General Hospital,"General Medicine, Cardiology","Park Town, Chennai 600003",2026-09-22,Tondiarpet,13.0823,80.2757,2994,2892,96.59,11539,687,Viral Fever,1066,85.21,Available,492,1258,Yes,Viral Fever Surge; Bed Capacity Critical,Critical
Stanley Medical College and Hospital,"Plastic Surgery, Liver Transplant","Royapuram, Chennai 600001",2026-09-22,Tondiarpet,13.1060,80.2872,1795,1703,94.87,8647,477,Liver Disease,327,82.13,Available,332,847,Yes,High Bed Occupancy,Watch
Tamil Nadu Govt Multi-Super Specialty Hospital,"Neurology, Gastroenterology","Anna Salai, Chennai 600035",2026-09-22,Mylapore,13.0690,80.2750,499,381,76.35,2638,111,Gastrointestinal Disorders,198,84.45,Available,158,354,Yes,None,Normal
Government Peripheral Hospital Anna Nagar,"General Medicine, Gynecology","Anna Nagar, Chennai 600102",2026-09-23,Aminjikarai,13.0870,80.2100,199,168,84.42,1318,78,Diabetes,99,83.56,Available,45,104,Yes,None,Normal
Government Royapettah Hospital,"Orthopedics, Neurology","Royapettah, Chennai 600014",2026-09-23,Mylapore,13.0540,80.2640,847,793,93.62,3977,303,Orthopedic Injury,597,76.23,Available,183,422,Yes,High Bed Occupancy,Watch
Govt Hospital for Thoracic Medicine,"Pulmonology, Tuberculosis","Tambaram, Chennai 600047",2026-09-23,Tambaram,12.9405,80.1320,743,554,74.56,1611,102,Tuberculosis,283,81.16,Limited,106,294,Yes,Low Medicine Stock,Watch
Institute of Child Health and Hospital,"Pediatrics, Neonatology","Egmore, Chennai 600008",2026-09-23,Egmore,13.0745,80.2580,999,865,86.59,4281,246,Pediatric Infection,482,93.12,Available,201,531,Yes,Pediatric Infection Surge,Warning
Kilpauk Medical College and Hospital,"Dermatology, Psychiatry","Kilpauk, Chennai 600010",2026-09-23,Purasawalkam,13.0785,80.2425,1198,952,79.47,5780,248,Dermatological Conditions,603,79.53,Available,238,600,Yes,None,Normal
Obstetrics and Gynecology Hospital Egmore,"Maternal Healthcare, Neonatology","Egmore, Chennai 600008",2026-09-23,Egmore,13.0770,80.2610,795,727,91.45,3162,153,Maternal Conditions,499,92.48,Available,140,440,Yes,High Bed Occupancy,Watch
Rajiv Gandhi Government General Hospital,"General Medicine, Cardiology","Park Town, Chennai 600003",2026-09-23,Tondiarpet,13.0823,80.2757,2997,2903,96.86,12931,647,Viral Fever,1105,84.98,Available,500,1245,Yes,Viral Fever Surge; Bed Capacity Critical,Critical
Stanley Medical College and Hospital,"Plastic Surgery, Liver Transplant","Royapuram, Chennai 600001",2026-09-23,Tondiarpet,13.1060,80.2872,1795,1701,94.76,8155,496,Burn Injuries,359,81.69,Available,350,830,Yes,High Bed Occupancy,Watch
Tamil Nadu Govt Multi-Super Specialty Hospital,"Neurology, Gastroenterology","Anna Salai, Chennai 600035",2026-09-23,Mylapore,13.0690,80.2750,499,367,73.55,2750,123,Gastrointestinal Disorders,187,84.79,Available,160,351,Yes,None,Normal
Government Peripheral Hospital Anna Nagar,"General Medicine, Gynecology","Anna Nagar, Chennai 600102",2026-09-24,Aminjikarai,13.0870,80.2100,200,170,85.00,1275,81,Diabetes,105,83.48,Available,43,105,Yes,None,Normal
Government Royapettah Hospital,"Orthopedics, Neurology","Royapettah, Chennai 600014",2026-09-24,Mylapore,13.0540,80.2640,848,799,94.22,4177,309,Orthopedic Injury,555,77.46,Available,183,417,Yes,High Bed Occupancy,Watch
Govt Hospital for Thoracic Medicine,"Pulmonology, Tuberculosis","Tambaram, Chennai 600047",2026-09-24,Tambaram,12.9405,80.1320,744,546,73.39,1690,98,Tuberculosis,283,81.08,Limited,108,296,Yes,Low Medicine Stock,Watch
Institute of Child Health and Hospital,"Pediatrics, Neonatology","Egmore, Chennai 600008",2026-09-24,Egmore,13.0745,80.2580,999,862,86.29,3998,229,Pediatric Infection,448,93.19,Available,199,523,Yes,None,Normal
Kilpauk Medical College and Hospital,"Dermatology, Psychiatry","Kilpauk, Chennai 600010",2026-09-24,Purasawalkam,13.0785,80.2425,1199,958,79.90,5725,258,Dermatological Conditions,633,79.41,Available,238,597,Yes,None,Normal
Obstetrics and Gynecology Hospital Egmore,"Maternal Healthcare, Neonatology","Egmore, Chennai 600008",2026-09-24,Egmore,13.0770,80.2610,797,735,92.22,3288,158,Maternal Conditions,451,91.93,Available,144,443,Yes,High Bed Occupancy,Watch
Rajiv Gandhi Government General Hospital,"General Medicine, Cardiology","Park Town, Chennai 600003",2026-09-24,Tondiarpet,13.0823,80.2757,3000,2985,99.50,13640,681,Viral Fever,1050,85.57,Available,493,1234,Yes,Viral Fever Surge; Bed Capacity Critical,Critical
Stanley Medical College and Hospital,"Plastic Surgery, Liver Transplant","Royapuram, Chennai 600001",2026-09-24,Tondiarpet,13.1060,80.2872,1796,1719,95.71,7894,482,Burn Injuries,348,81.74,Available,358,840,Yes,Bed Capacity Critical,Critical
Tamil Nadu Govt Multi-Super Specialty Hospital,"Neurology, Gastroenterology","Anna Salai, Chennai 600035",2026-09-24,Mylapore,13.0690,80.2750,499,355,71.14,2561,100,Gastrointestinal Disorders,188,84.58,Available,156,346,Yes,None,Normal
Government Peripheral Hospital Anna Nagar,"General Medicine, Gynecology","Anna Nagar, Chennai 600102",2026-09-25,Aminjikarai,13.0870,80.2100,200,170,85.00,1323,76,Hypertension,96,83.58,Available,44,104,Yes,None,Normal
Government Royapettah Hospital,"Orthopedics, Neurology","Royapettah, Chennai 600014",2026-09-25,Mylapore,13.0540,80.2640,850,785,92.35,4027,285,Orthopedic Injury,559,77.46,Available,176,405,Yes,High Bed Occupancy,Watch
Govt Hospital for Thoracic Medicine,"Pulmonology, Tuberculosis","Tambaram, Chennai 600047",2026-09-25,Tambaram,12.9405,80.1320,744,543,72.98,1830,91,Tuberculosis,284,82.10,Available,108,297,Yes,None,Normal
Institute of Child Health and Hospital,"Pediatrics, Neonatology","Egmore, Chennai 600008",2026-09-25,Egmore,13.0745,80.2580,999,853,85.39,3960,266,Pediatric Infection,425,94.03,Available,200,511,Yes,None,Normal
Kilpauk Medical College and Hospital,"Dermatology, Psychiatry","Kilpauk, Chennai 600010",2026-09-25,Purasawalkam,13.0785,80.2425,1199,949,79.15,5775,226,Dermatological Conditions,571,79.04,Available,236,597,Yes,None,Normal
Obstetrics and Gynecology Hospital Egmore,"Maternal Healthcare, Neonatology","Egmore, Chennai 600008",2026-09-25,Egmore,13.0770,80.2610,798,717,89.85,3028,168,Maternal Conditions,464,91.94,Available,145,442,Yes,None,Normal
Rajiv Gandhi Government General Hospital,"General Medicine, Cardiology","Park Town, Chennai 600003",2026-09-25,Tondiarpet,13.0823,80.2757,2995,2980,99.50,12990,671,Viral Fever,1086,85.66,Available,504,1247,Yes,Viral Fever Surge; Bed Capacity Critical,Critical
Stanley Medical College and Hospital,"Plastic Surgery, Liver Transplant","Royapuram, Chennai 600001",2026-09-25,Tondiarpet,13.1060,80.2872,1796,1701,94.71,7913,454,Burn Injuries,343,80.72,Available,364,838,Yes,High Bed Occupancy,Watch
Tamil Nadu Govt Multi-Super Specialty Hospital,"Neurology, Gastroenterology","Anna Salai, Chennai 600035",2026-09-25,Mylapore,13.0690,80.2750,500,350,70.00,2773,99,Gastrointestinal Disorders,201,84.40,Available,154,347,Yes,None,Normal
Government Peripheral Hospital Anna Nagar,"General Medicine, Gynecology","Anna Nagar, Chennai 600102",2026-09-26,Aminjikarai,13.0870,80.2100,200,172,86.00,974,90,Maternal Conditions,103,82.90,Available,38,88,Yes,None,Normal
Government Royapettah Hospital,"Orthopedics, Neurology","Royapettah, Chennai 600014",2026-09-26,Mylapore,13.0540,80.2640,850,803,94.47,3243,350,Orthopedic Injury,631,77.28,Available,154,352,Yes,High Bed Occupancy,Watch
Govt Hospital for Thoracic Medicine,"Pulmonology, Tuberculosis","Tambaram, Chennai 600047",2026-09-26,Tambaram,12.9405,80.1320,745,542,72.75,1311,109,Tuberculosis,280,81.51,Available,93,251,Yes,None,Normal
Institute of Child Health and Hospital,"Pediatrics, Neonatology","Egmore, Chennai 600008",2026-09-26,Egmore,13.0745,80.2580,998,857,85.87,2868,270,Pediatric Infection,437,94.06,Available,168,436,Yes,None,Normal
Kilpauk Medical College and Hospital,"Dermatology, Psychiatry","Kilpauk, Chennai 600010",2026-09-26,Purasawalkam,13.0785,80.2425,1200,950,79.17,4512,259,Dermatological Conditions,515,78.17,Available,201,505,Yes,None,Normal
Obstetrics and Gynecology Hospital Egmore,"Maternal Healthcare, Neonatology","Egmore, Chennai 600008",2026-09-26,Egmore,13.0770,80.2610,799,736,92.12,2496,183,Maternal Conditions,393,91.94,Available,121,383,No,High Bed Occupancy; Ambulance Unavailable,Warning
Rajiv Gandhi Government General Hospital,"General Medicine, Cardiology","Park Town, Chennai 600003",2026-09-26,Tondiarpet,13.0823,80.2757,2989,2974,99.50,10612,784,Viral Fever,1080,85.50,Available,437,1052,Yes,Viral Fever Surge; Bed Capacity Critical,Critical
Stanley Medical College and Hospital,"Plastic Surgery, Liver Transplant","Royapuram, Chennai 600001",2026-09-26,Tondiarpet,13.1060,80.2872,1796,1692,94.21,5959,467,Hepatitis,326,80.58,Available,315,719,Yes,High Bed Occupancy,Watch
Tamil Nadu Govt Multi-Super Specialty Hospital,"Neurology, Gastroenterology","Anna Salai, Chennai 600035",2026-09-26,Mylapore,13.0690,80.2750,500,356,71.20,2083,119,Gastrointestinal Disorders,190,84.32,Available,134,295,Yes,None,Normal
Government Peripheral Hospital Anna Nagar,"General Medicine, Gynecology","Anna Nagar, Chennai 600102",2026-09-27,Aminjikarai,13.0870,80.2100,199,166,83.42,400,78,Maternal Conditions,59,82.97,Available,31,74,Yes,None,Normal
Government Royapettah Hospital,"Orthopedics, Neurology","Royapettah, Chennai 600014",2026-09-27,Mylapore,13.0540,80.2640,848,792,93.40,1258,381,Orthopedic Injury,343,77.13,Available,128,295,Yes,High Bed Occupancy,Watch
Govt Hospital for Thoracic Medicine,"Pulmonology, Tuberculosis","Tambaram, Chennai 600047",2026-09-27,Tambaram,12.9405,80.1320,745,530,71.14,519,119,Tuberculosis,142,81.41,Available,80,213,Yes,None,Normal
Institute of Child Health and Hospital,"Pediatrics, Neonatology","Egmore, Chennai 600008",2026-09-27,Egmore,13.0745,80.2580,998,842,84.37,1168,292,Pediatric Infection,219,94.11,Available,140,369,Yes,None,Normal
Kilpauk Medical College and Hospital,"Dermatology, Psychiatry","Kilpauk, Chennai 600010",2026-09-27,Purasawalkam,13.0785,80.2425,1200,943,78.58,1720,312,Dermatological Conditions,302,78.10,Available,173,425,Yes,None,Normal
Obstetrics and Gynecology Hospital Egmore,"Maternal Healthcare, Neonatology","Egmore, Chennai 600008",2026-09-27,Egmore,13.0770,80.2610,800,725,90.62,913,166,Maternal Conditions,207,92.07,Available,103,325,Yes,High Bed Occupancy,Watch
Rajiv Gandhi Government General Hospital,"General Medicine, Cardiology","Park Town, Chennai 600003",2026-09-27,Tondiarpet,13.0823,80.2757,2984,2884,96.65,4227,813,Hypertension,510,85.58,Available,363,908,Yes,Bed Capacity Critical,Critical
Stanley Medical College and Hospital,"Plastic Surgery, Liver Transplant","Royapuram, Chennai 600001",2026-09-27,Tondiarpet,13.1060,80.2872,1797,1644,91.49,2480,470,Hepatitis,198,79.83,Available,264,619,Yes,Hepatitis Surge; High Bed Occupancy,Warning
Tamil Nadu Govt Multi-Super Specialty Hospital,"Neurology, Gastroenterology","Anna Salai, Chennai 600035",2026-09-27,Mylapore,13.0690,80.2750,500,360,72.00,790,147,Gastrointestinal Disorders,105,85.17,Available,113,249,Yes,None,Normal
Government Peripheral Hospital Anna Nagar,"General Medicine, Gynecology","Anna Nagar, Chennai 600102",2026-09-28,Aminjikarai,13.0870,80.2100,199,171,85.93,1407,75,Maternal Conditions,108,82.35,Available,43,104,Yes,None,Normal
Government Royapettah Hospital,"Orthopedics, Neurology","Royapettah, Chennai 600014",2026-09-28,Mylapore,13.0540,80.2640,846,810,95.74,4483,356,Orthopedic Injury,638,77.46,Available,178,403,Yes,Bed Capacity Critical,Critical
Govt Hospital for Thoracic Medicine,"Pulmonology, Tuberculosis","Tambaram, Chennai 600047",2026-09-28,Tambaram,12.9405,80.1320,746,544,72.92,2001,105,Tuberculosis,263,82.10,Available,108,304,Yes,None,Normal
Institute of Child Health and Hospital,"Pediatrics, Neonatology","Egmore, Chennai 600008",2026-09-28,Egmore,13.0745,80.2580,998,900,90.18,4477,254,Pediatric Infection,390,94.67,Available,192,505,Yes,High Bed Occupancy,Watch
Kilpauk Medical College and Hospital,"Dermatology, Psychiatry","Kilpauk, Chennai 600010",2026-09-28,Purasawalkam,13.0785,80.2425,1200,977,81.42,6114,302,Fungal Skin Infection,549,77.53,Available,241,589,Yes,None,Normal
Obstetrics and Gynecology Hospital Egmore,"Maternal Healthcare, Neonatology","Egmore, Chennai 600008",2026-09-28,Egmore,13.0770,80.2610,799,733,91.74,3515,155,Maternal Conditions,374,91.11,Available,144,451,Yes,High Bed Occupancy,Watch
Rajiv Gandhi Government General Hospital,"General Medicine, Cardiology","Park Town, Chennai 600003",2026-09-28,Tondiarpet,13.0823,80.2757,2979,2909,97.65,15915,666,Viral Fever,914,85.72,Available,517,1264,Yes,Viral Fever Surge; Bed Capacity Critical,Critical
Stanley Medical College and Hospital,"Plastic Surgery, Liver Transplant","Royapuram, Chennai 600001",2026-09-28,Tondiarpet,13.1060,80.2872,1797,1632,90.82,9578,418,Hepatitis,415,79.78,Available,367,832,Yes,Hepatitis Surge; High Bed Occupancy,Warning
Tamil Nadu Govt Multi-Super Specialty Hospital,"Neurology, Gastroenterology","Anna Salai, Chennai 600035",2026-09-28,Mylapore,13.0690,80.2750,500,371,74.20,3103,133,Gastrointestinal Disorders,193,84.48,Available,156,347,Yes,None,Normal
Government Peripheral Hospital Anna Nagar,"General Medicine, Gynecology","Anna Nagar, Chennai 600102",2026-09-29,Aminjikarai,13.0870,80.2100,198,167,84.34,1214,67,Maternal Conditions,114,82.36,Available,43,104,Yes,None,Normal
Government Royapettah Hospital,"Orthopedics, Neurology","Royapettah, Chennai 600014",2026-09-29,Mylapore,13.0540,80.2640,845,811,95.98,4474,433,Orthopedic Injury,608,77.66,Available,178,401,Yes,Bed Capacity Critical,Critical
Govt Hospital for Thoracic Medicine,"Pulmonology, Tuberculosis","Tambaram, Chennai 600047",2026-09-29,Tambaram,12.9405,80.1320,746,553,74.13,1766,105,Tuberculosis,261,82.44,Available,112,296,Yes,None,Normal
Institute of Child Health and Hospital,"Pediatrics, Neonatology","Egmore, Chennai 600008",2026-09-29,Egmore,13.0745,80.2580,998,926,92.79,3761,276,Pediatric Infection,397,95.05,Available,199,512,Yes,High Bed Occupancy,Watch
Kilpauk Medical College and Hospital,"Dermatology, Psychiatry","Kilpauk, Chennai 600010",2026-09-29,Purasawalkam,13.0785,80.2425,1200,973,81.08,5095,328,Fungal Skin Infection,502,76.76,Available,240,595,Yes,None,Normal
Obstetrics and Gynecology Hospital Egmore,"Maternal Healthcare, Neonatology","Egmore, Chennai 600008",2026-09-29,Egmore,13.0770,80.2610,798,735,92.11,3291,139,Maternal Conditions,341,90.73,Available,143,455,Yes,High Bed Occupancy,Watch
Rajiv Gandhi Government General Hospital,"General Medicine, Cardiology","Park Town, Chennai 600003",2026-09-29,Tondiarpet,13.0823,80.2757,2975,2879,96.77,14345,748,Viral Fever,935,85.89,Available,510,1234,Yes,Viral Fever Surge; Bed Capacity Critical,Critical
Stanley Medical College and Hospital,"Plastic Surgery, Liver Transplant","Royapuram, Chennai 600001",2026-09-29,Tondiarpet,13.1060,80.2872,1798,1597,88.82,8569,423,Hepatitis,443,79.50,Available,370,837,Yes,Hepatitis Surge,Warning
Tamil Nadu Govt Multi-Super Specialty Hospital,"Neurology, Gastroenterology","Anna Salai, Chennai 600035",2026-09-29,Mylapore,13.0690,80.2750,500,375,75.00,2764,135,Gastrointestinal Disorders,199,84.58,Available,157,352,Yes,None,Normal
Government Peripheral Hospital Anna Nagar,"General Medicine, Gynecology","Anna Nagar, Chennai 600102",2026-09-30,Aminjikarai,13.0870,80.2100,198,164,82.83,1277,74,Maternal Conditions,107,81.93,Available,43,106,Yes,None,Normal
Government Royapettah Hospital,"Orthopedics, Neurology","Royapettah, Chennai 600014",2026-09-30,Mylapore,13.0540,80.2640,844,805,95.38,4054,413,Orthopedic Injury,647,78.12,Available,174,404,Yes,Bed Capacity Critical,Critical
Govt Hospital for Thoracic Medicine,"Pulmonology, Tuberculosis","Tambaram, Chennai 600047",2026-09-30,Tambaram,12.9405,80.1320,746,543,72.79,1759,100,Tuberculosis,230,82.20,Available,109,307,Yes,None,Normal
Institute of Child Health and Hospital,"Pediatrics, Neonatology","Egmore, Chennai 600008",2026-09-30,Egmore,13.0745,80.2580,998,952,95.39,3512,271,Pediatric Infection,382,95.40,Available,195,524,Yes,Bed Capacity Critical,Critical
Kilpauk Medical College and Hospital,"Dermatology, Psychiatry","Kilpauk, Chennai 600010",2026-09-30,Purasawalkam,13.0785,80.2425,1199,963,80.32,5513,312,Fungal Skin Infection,540,76.22,Available,235,591,Yes,None,Normal
Obstetrics and Gynecology Hospital Egmore,"Maternal Healthcare, Neonatology","Egmore, Chennai 600008",2026-09-30,Egmore,13.0770,80.2610,797,744,93.35,3148,140,Maternal Conditions,355,90.72,Available,145,452,Yes,High Bed Occupancy,Watch
Rajiv Gandhi Government General Hospital,"General Medicine, Cardiology","Park Town, Chennai 600003",2026-09-30,Tondiarpet,13.0823,80.2757,2972,2868,96.50,13671,702,Viral Fever,926,85.65,Available,501,1246,Yes,Viral Fever Surge; Bed Capacity Critical,Critical
Stanley Medical College and Hospital,"Plastic Surgery, Liver Transplant","Royapuram, Chennai 600001",2026-09-30,Tondiarpet,13.1060,80.2872,1798,1565,87.04,9573,418,Hepatitis,464,78.88,Available,361,858,Yes,Hepatitis Surge,Critical
Tamil Nadu Govt Multi-Super Specialty Hospital,"Neurology, Gastroenterology","Anna Salai, Chennai 600035",2026-09-30,Mylapore,13.0690,80.2750,500,376,75.20,2724,124,Gastrointestinal Disorders,177,84.82,Available,161,351,Yes,None,Normal
Government Peripheral Hospital Anna Nagar,"General Medicine, Gynecology","Anna Nagar, Chennai 600102",2026-10-01,Aminjikarai,13.0870,80.2100,198,162,81.82,1246,71,Maternal Conditions,104,82.15,Available,41,106,Yes,None,Normal
Government Royapettah Hospital,"Orthopedics, Neurology","Royapettah, Chennai 600014",2026-10-01,Mylapore,13.0540,80.2640,844,819,97.04,4254,364,Orthopedic Injury,594,77.76,Available,178,402,Yes,Bed Capacity Critical,Critical
Govt Hospital for Thoracic Medicine,"Pulmonology, Tuberculosis","Tambaram, Chennai 600047",2026-10-01,Tambaram,12.9405,80.1320,746,551,73.86,1891,90,Tuberculosis,235,82.80,Available,111,309,Yes,None,Normal
Institute of Child Health and Hospital,"Pediatrics, Neonatology","Egmore, Chennai 600008",2026-10-01,Egmore,13.0745,80.2580,998,954,95.59,3510,264,Pediatric Infection,359,95.24,Available,191,517,Yes,Bed Capacity Critical,Critical
Kilpauk Medical College and Hospital,"Dermatology, Psychiatry","Kilpauk, Chennai 600010",2026-10-01,Purasawalkam,13.0785,80.2425,1199,976,81.40,5197,307,Fungal Skin Infection,513,75.98,Available,237,584,Yes,None,Normal
Obstetrics and Gynecology Hospital Egmore,"Maternal Healthcare, Neonatology","Egmore, Chennai 600008",2026-10-01,Egmore,13.0770,80.2610,797,753,94.48,3006,165,Maternal Conditions,315,90.21,Available,142,452,Yes,High Bed Occupancy,Watch
Rajiv Gandhi Government General Hospital,"General Medicine, Cardiology","Park Town, Chennai 600003",2026-10-01,Tondiarpet,13.0823,80.2757,2971,2810,94.58,14345,702,Viral Fever,978,86.03,Available,482,1270,Yes,Viral Fever Surge; High Bed Occupancy,Warning
Stanley Medical College and Hospital,"Plastic Surgery, Liver Transplant","Royapuram, Chennai 600001",2026-10-01,Tondiarpet,13.1060,80.2872,1798,1556,86.54,8950,445,Hepatitis,454,78.79,Available,345,843,Yes,Hepatitis Surge,Critical
Tamil Nadu Govt Multi-Super Specialty Hospital,"Neurology, Gastroenterology","Anna Salai, Chennai 600035",2026-10-01,Mylapore,13.0690,80.2750,500,379,75.80,2951,126,Gastrointestinal Disorders,173,84.81,Available,159,358,Yes,None,Normal
Government Peripheral Hospital Anna Nagar,"General Medicine, Gynecology","Anna Nagar, Chennai 600102",2026-10-02,Aminjikarai,13.0870,80.2100,198,162,81.82,377,83,Maternal Conditions,62,81.97,Available,30,75,Yes,None,Normal
Government Royapettah Hospital,"Orthopedics, Neurology","Royapettah, Chennai 600014",2026-10-02,Mylapore,13.0540,80.2640,844,804,95.26,1321,353,Orthopedic Injury,312,77.94,Available,130,293,Yes,Bed Capacity Critical,Critical
Govt Hospital for Thoracic Medicine,"Pulmonology, Tuberculosis","Tambaram, Chennai 600047",2026-10-02,Tambaram,12.9405,80.1320,746,541,72.52,560,96,Tuberculosis,132,82.50,Available,78,224,Yes,None,Normal
Institute of Child Health and Hospital,"Pediatrics, Neonatology","Egmore, Chennai 600008",2026-10-02,Egmore,13.0745,80.2580,998,956,95.79,1101,251,Pediatric Infection,198,95.37,Available,139,370,Yes,Bed Capacity Critical,Critical
Kilpauk Medical College and Hospital,"Dermatology, Psychiatry","Kilpauk, Chennai 600010",2026-10-02,Purasawalkam,13.0785,80.2425,1200,981,81.75,1596,288,Fungal Skin Infection,285,75.62,Available,172,421,Yes,None,Normal
Obstetrics and Gynecology Hospital Egmore,"Maternal Healthcare, Neonatology","Egmore, Chennai 600008",2026-10-02,Egmore,13.0770,80.2610,797,746,93.60,910,166,Maternal Conditions,196,90.79,Available,99,320,Yes,High Bed Occupancy,Watch
Rajiv Gandhi Government General Hospital,"General Medicine, Cardiology","Park Town, Chennai 600003",2026-10-02,Tondiarpet,13.0823,80.2757,2972,2854,96.03,4050,840,Dengue,527,86.04,Available,343,886,Yes,Dengue Surge; Bed Capacity Critical,Critical
Stanley Medical College and Hospital,"Plastic Surgery, Liver Transplant","Royapuram, Chennai 600001",2026-10-02,Tondiarpet,13.1060,80.2872,1798,1580,87.88,2647,480,Hepatitis,275,78.59,Available,248,590,Yes,Hepatitis Surge,Critical
Tamil Nadu Govt Multi-Super Specialty Hospital,"Neurology, Gastroenterology","Anna Salai, Chennai 600035",2026-10-02,Mylapore,13.0690,80.2750,500,378,75.60,834,134,Gastrointestinal Disorders,102,84.96,Available,116,256,Yes,None,Normal
Government Peripheral Hospital Anna Nagar,"General Medicine, Gynecology","Anna Nagar, Chennai 600102",2026-10-03,Aminjikarai,13.0870,80.2100,198,163,82.32,981,74,Maternal Conditions,118,82.32,Available,35,90,Yes,None,Normal
Government Royapettah Hospital,"Orthopedics, Neurology","Royapettah, Chennai 600014",2026-10-03,Mylapore,13.0540,80.2640,844,786,93.13,3098,306,Orthopedic Injury,583,78.31,Available,152,349,Yes,High Bed Occupancy,Watch
Govt Hospital for Thoracic Medicine,"Pulmonology, Tuberculosis","Tambaram, Chennai 600047",2026-10-03,Tambaram,12.9405,80.1320,747,541,72.42,1471,95,Tuberculosis,239,82.93,Available,92,266,Yes,None,Normal
Institute of Child Health and Hospital,"Pediatrics, Neonatology","Egmore, Chennai 600008",2026-10-03,Egmore,13.0745,80.2580,998,959,96.09,2828,245,Pediatric Infection,353,95.64,Available,163,447,Yes,Bed Capacity Critical,Critical
Kilpauk Medical College and Hospital,"Dermatology, Psychiatry","Kilpauk, Chennai 600010",2026-10-03,Purasawalkam,13.0785,80.2425,1199,975,81.32,4006,281,Fungal Skin Infection,529,75.53,Available,206,497,Yes,None,Normal
Obstetrics and Gynecology Hospital Egmore,"Maternal Healthcare, Neonatology","Egmore, Chennai 600008",2026-10-03,Egmore,13.0770,80.2610,797,754,94.60,2415,184,Maternal Conditions,335,90.89,Available,121,391,Yes,High Bed Occupancy,Watch
Rajiv Gandhi Government General Hospital,"General Medicine, Cardiology","Park Town, Chennai 600003",2026-10-03,Tondiarpet,13.0823,80.2757,2973,2877,96.77,9949,710,Viral Fever,968,86.18,Available,396,1068,Yes,Viral Fever Surge; Bed Capacity Critical,Critical
Stanley Medical College and Hospital,"Plastic Surgery, Liver Transplant","Royapuram, Chennai 600001",2026-10-03,Tondiarpet,13.1060,80.2872,1800,1525,84.72,6957,416,Hepatitis,454,78.35,Available,293,711,Yes,Hepatitis Surge,Critical
Tamil Nadu Govt Multi-Super Specialty Hospital,"Neurology, Gastroenterology","Anna Salai, Chennai 600035",2026-10-03,Mylapore,13.0690,80.2750,500,380,76.00,2058,131,Gastrointestinal Disorders,189,84.64,Available,141,301,Yes,None,Normal
Government Peripheral Hospital Anna Nagar,"General Medicine, Gynecology","Anna Nagar, Chennai 600102",2026-10-04,Aminjikarai,13.0870,80.2100,199,160,80.40,370,81,Maternal Conditions,57,82.21,Available,30,75,Yes,None,Normal
Government Royapettah Hospital,"Orthopedics, Neurology","Royapettah, Chennai 600014",2026-10-04,Mylapore,13.0540,80.2640,845,756,89.47,1202,339,Orthopedic Injury,318,78.78,Available,126,287,Yes,None,Normal
Govt Hospital for Thoracic Medicine,"Pulmonology, Tuberculosis","Tambaram, Chennai 600047",2026-10-04,Tambaram,12.9405,80.1320,747,527,70.55,566,88,Tuberculosis,149,82.44,Available,79,225,Yes,None,Normal
Institute of Child Health and Hospital,"Pediatrics, Neonatology","Egmore, Chennai 600008",2026-10-04,Egmore,13.0745,80.2580,999,919,91.99,1214,241,Pediatric Infection,205,96.17,Available,137,378,Yes,High Bed Occupancy,Watch
Kilpauk Medical College and Hospital,"Dermatology, Psychiatry","Kilpauk, Chennai 600010",2026-10-04,Purasawalkam,13.0785,80.2425,1196,961,80.35,1579,261,Fungal Skin Infection,288,75.88,Available,170,422,Yes,None,Normal
Obstetrics and Gynecology Hospital Egmore,"Maternal Healthcare, Neonatology","Egmore, Chennai 600008",2026-10-04,Egmore,13.0770,80.2610,797,760,95.36,886,187,Maternal Conditions,206,90.27,Available,102,328,Yes,Bed Capacity Critical,Critical
Rajiv Gandhi Government General Hospital,"General Medicine, Cardiology","Park Town, Chennai 600003",2026-10-04,Tondiarpet,13.0823,80.2757,2976,2753,92.51,3667,700,Dengue,530,86.17,Available,333,913,Yes,Dengue Surge; High Bed Occupancy,Critical
Stanley Medical College and Hospital,"Plastic Surgery, Liver Transplant","Royapuram, Chennai 600001",2026-10-04,Tondiarpet,13.1060,80.2872,1799,1514,84.16,2613,461,Hepatitis,255,78.24,Available,243,604,Yes,Hepatitis Surge,Warning
Tamil Nadu Govt Multi-Super Specialty Hospital,"Neurology, Gastroenterology","Anna Salai, Chennai 600035",2026-10-04,Mylapore,13.0690,80.2750,500,375,75.00,870,114,Gastrointestinal Disorders,101,85.12,Available,119,263,Yes,None,Normal
