report_id,true_event_id
POL-20260628-0001,EVT-20260628-0048
POL-20260628-0002,EVT-20260628-0053
POL-20260628-0003,EVT-20260628-0022
POL-20260628-0004,EVT-20260628-0006
POL-20260628-0005,EVT-20260628-0002
POL-20260628-0006,EVT-20260628-0030
POL-20260628-0007,EVT-20260628-0053
POL-20260628-0008,EVT-20260628-0026
POL-20260628-0009,EVT-20260628-0026
POL-20260628-0010,EVT-20260628-0002
POL-20260628-0011,EVT-20260628-0017
POL-20260628-0012,EVT-20260628-0018
POL-20260628-0013,EVT-20260628-0019
POL-20260628-0014,EVT-20260628-0024
POL-20260628-0015,EVT-20260628-0007
POL-20260628-0016,EVT-20260628-0013
POL-20260628-0017,EVT-20260628-0035
POL-20260628-0018,EVT-20260628-0041
POL-20260628-0019,EVT-20260628-0033
POL-20260628-0020,EVT-20260628-0037
POL-20260628-0021,EVT-20260628-0026
POL-20260628-0022,EVT-20260628-0027
POL-20260628-0023,EVT-20260628-0031
POL-20260628-0024,EVT-20260628-0021
POL-20260628-0025,EVT-20260628-0010
POL-20260628-0026,EVT-20260628-0025
POL-20260628-0027,EVT-20260628-0052
POL-20260628-0028,EVT-20260628-0009
POL-20260628-0029,EVT-20260628-0033
POL-20260628-0030,EVT-20260628-0045
POL-20260628-0031,EVT-20260628-0014
POL-20260628-0032,EVT-20260628-0047
POL-20260628-0033,EVT-20260628-0016
POL-20260628-0034,EVT-20260628-0049
POL-20260628-0035,EVT-20260628-0034
POL-20260628-0036,EVT-20260628-0011
POL-20260628-0037,EVT-20260628-0025
POL-20260628-0038,EVT-20260628-0008
POL-20260628-0039,EVT-20260628-0046
POL-20260628-0040,EVT-20260628-0042
POL-20260628-0041,EVT-20260628-0043
POL-20260628-0042,EVT-20260628-0046
POL-20260628-0043,EVT-20260628-0028
POL-20260628-0044,EVT-20260628-0003
POL-20260628-0045,EVT-20260628-0020
POL-20260628-0046,EVT-20260628-0014
POL-20260628-0047,EVT-20260628-0038
POL-20260628-0048,EVT-20260628-0044
POL-20260628-0049,EVT-20260628-0012
POL-20260628-0050,EVT-20260628-0046
POL-20260628-0051,EVT-20260628-0014
POL-20260628-0052,EVT-20260628-0039
POL-20260628-0053,EVT-20260628-0040
POL-20260628-0054,EVT-20260628-0004
POL-20260629-0001,EVT-20260628-0032
POL-20260629-0002,EVT-20260628-0020
POL-20260629-0003,EVT-20260628-0005
POL-20260629-0004,EVT-20260628-0020
POL-20260629-0005,EVT-20260628-0050
POL-20260629-0006,EVT-20260628-0040
POL-20260629-0007,EVT-20260628-0040
POL-20260629-0008,EVT-20260629-0030
POL-20260629-0009,EVT-20260629-0040
POL-20260629-0010,EVT-20260629-0052
POL-20260629-0011,EVT-20260629-0003
POL-20260629-0012,EVT-20260629-0046
POL-20260629-0013,EVT-20260628-0023
POL-20260629-0014,EVT-20260629-0056
POL-20260629-0015,EVT-20260629-0038
POL-20260629-0016,EVT-20260629-0042
POL-20260629-0017,EVT-20260628-0051
POL-20260629-0018,EVT-20260628-0001
POL-20260629-0019,EVT-20260628-0025
POL-20260629-0020,EVT-20260628-0046
POL-20260629-0021,EVT-20260629-0035
POL-20260629-0022,EVT-20260629-0053
POL-20260629-0023,EVT-20260629-0016
POL-20260629-0024,EVT-20260629-0056
POL-20260629-0025,EVT-20260629-0043
POL-20260629-0026,EVT-20260628-0036
POL-20260629-0027,EVT-20260629-0034
POL-20260629-0028,EVT-20260629-0002
POL-20260629-0029,EVT-20260629-0014
POL-20260629-0030,EVT-20260629-0050
POL-20260629-0031,EVT-20260629-0039
POL-20260629-0032,EVT-20260629-0028
POL-20260629-0033,EVT-20260629-0057
POL-20260629-0034,EVT-20260629-0025
POL-20260629-0035,EVT-20260629-0007
POL-20260629-0036,EVT-20260629-0014
POL-20260629-0037,EVT-20260629-0036
POL-20260629-0038,EVT-20260629-0048
POL-20260629-0039,EVT-20260629-0020
POL-20260629-0040,EVT-20260629-0022
POL-20260629-0041,EVT-20260629-0012
POL-20260629-0042,EVT-20260629-0015
POL-20260629-0043,EVT-20260629-0004
POL-20260629-0044,EVT-20260629-0018
POL-20260629-0045,EVT-20260629-0029
POL-20260629-0046,EVT-20260629-0001
POL-20260629-0047,EVT-20260629-0019
POL-20260629-0048,EVT-20260629-0027
POL-20260629-0049,EVT-20260629-0032
POL-20260629-0050,EVT-20260629-0009
POL-20260629-0051,EVT-20260629-0047
POL-20260629-0052,EVT-20260629-0049
POL-20260629-0053,EVT-20260629-0049
POL-20260629-0054,EVT-20260629-0011
POL-20260629-0055,EVT-20260629-0023
POL-20260629-0056,EVT-20260629-0014
POL-20260629-0057,EVT-20260629-0045
POL-20260629-0058,EVT-20260629-0027
POL-20260629-0059,EVT-20260629-0006
POL-20260629-0060,EVT-20260629-0008
POL-20260629-0061,EVT-20260629-0027
POL-20260629-0062,EVT-20260629-0021
POL-20260629-0063,EVT-20260629-0058
POL-20260629-0064,EVT-20260629-0031
POL-20260629-0065,EVT-20260629-0051
POL-20260629-0066,EVT-20260629-0037
POL-20260629-0067,EVT-20260629-0026
POL-20260629-0068,EVT-20260629-0044
POL-20260629-0069,EVT-20260629-0033
POL-20260629-0070,EVT-20260629-0005
POL-20260629-0071,EVT-20260629-0055
POL-20260630-0001,EVT-20260629-0013
POL-20260630-0002,EVT-20260630-0030
POL-20260630-0003,EVT-20260629-0010
POL-20260630-0004,EVT-20260630-0006
POL-20260630-0005,EVT-20260629-0021
POL-20260630-0006,EVT-20260629-0021
POL-20260630-0007,EVT-20260629-0029
POL-20260630-0008,EVT-20260629-0041
POL-20260630-0009,EVT-20260630-0005
POL-20260630-0010,EVT-20260629-0018
POL-20260630-0011,EVT-20260630-0021
POL-20260630-0012,EVT-20260630-0035
POL-20260630-0013,EVT-20260629-0019
POL-20260630-0014,EVT-20260630-0047
POL-20260630-0015,EVT-20260630-0045
POL-20260630-0016,EVT-20260630-0021
POL-20260630-0017,EVT-20260630-0005
POL-20260630-0018,EVT-20260630-0044
POL-20260630-0019,EVT-20260630-0032
POL-20260630-0020,EVT-20260630-0015
POL-20260630-0021,EVT-20260630-0005
POL-20260630-0022,EVT-20260630-0018
POL-20260630-0023,EVT-20260630-0047
POL-20260630-0024,EVT-20260630-0039
POL-20260630-0025,EVT-20260630-0007
POL-20260630-0026,EVT-20260630-0012
POL-20260630-0027,EVT-20260630-0001
POL-20260630-0028,EVT-20260630-0013
POL-20260630-0029,EVT-20260630-0001
POL-20260630-0030,EVT-20260630-0008
POL-20260630-0031,EVT-20260630-0038
POL-20260630-0032,EVT-20260630-0038
POL-20260630-0033,EVT-20260629-0054
POL-20260630-0034,EVT-20260630-0041
POL-20260630-0035,EVT-20260628-0015
POL-20260630-0036,EVT-20260630-0031
POL-20260630-0037,EVT-20260630-0019
POL-20260630-0038,EVT-20260630-0033
POL-20260630-0039,EVT-20260630-0016
POL-20260630-0040,EVT-20260630-0014
POL-20260630-0041,EVT-20260630-0010
POL-20260630-0042,EVT-20260630-0031
POL-20260630-0043,EVT-20260629-0019
POL-20260630-0044,EVT-20260630-0050
POL-20260630-0045,EVT-20260630-0029
POL-20260630-0046,EVT-20260630-0046
POL-20260630-0047,EVT-20260630-0013
POL-20260630-0048,EVT-20260630-0003
POL-20260630-0049,EVT-20260630-0033
POL-20260630-0050,EVT-20260629-0024
POL-20260630-0051,EVT-20260630-0017
POL-20260630-0052,EVT-20260630-0008
POL-20260630-0053,EVT-20260630-0037
POL-20260630-0054,EVT-20260628-0029
POL-20260630-0055,EVT-20260630-0043
POL-20260630-0056,EVT-20260630-0036
POL-20260630-0057,EVT-20260630-0026
POL-20260630-0058,EVT-20260630-0040
POL-20260630-0059,EVT-20260630-0002
POL-20260630-0060,EVT-20260630-0023
POL-20260630-0061,EVT-20260630-0011
POL-20260630-0062,EVT-20260630-0028
POL-20260630-0063,EVT-20260630-0027
POL-20260630-0064,EVT-20260630-0008
POL-20260630-0065,EVT-20260630-0048
POL-20260630-0066,EVT-20260630-0020
POL-20260701-0001,EVT-20260630-0017
POL-20260701-0002,EVT-20260701-0038
POL-20260701-0003,EVT-20260630-0025
POL-20260701-0004,EVT-20260701-0032
POL-20260701-0005,EVT-20260701-0039
POL-20260701-0006,EVT-20260630-0049
POL-20260701-0007,EVT-20260630-0042
POL-20260701-0008,EVT-20260630-0034
POL-20260701-0009,EVT-20260629-0017
POL-20260701-0010,EVT-20260630-0020
POL-20260701-0011,EVT-20260701-0050
POL-20260701-0012,EVT-20260701-0045
POL-20260701-0013,EVT-20260630-0009
POL-20260701-0014,EVT-20260701-0044
POL-20260701-0015,EVT-20260701-0003
POL-20260701-0016,EVT-20260701-0046
POL-20260701-0017,EVT-20260701-0018
POL-20260701-0018,EVT-20260701-0052
POL-20260701-0019,EVT-20260701-0049
POL-20260701-0020,EVT-20260701-0040
POL-20260701-0021,EVT-20260630-0021
POL-20260701-0022,EVT-20260701-0021
POL-20260701-0023,EVT-20260701-0017
POL-20260701-0024,EVT-20260701-0020
POL-20260701-0025,EVT-20260701-0012
POL-20260701-0026,EVT-20260701-0021
POL-20260701-0027,EVT-20260701-0022
POL-20260701-0028,EVT-20260701-0023
POL-20260701-0029,EVT-20260701-0026
POL-20260701-0030,EVT-20260701-0021
POL-20260701-0031,EVT-20260701-0026
POL-20260701-0032,EVT-20260701-0004
POL-20260701-0033,EVT-20260630-0022
POL-20260701-0034,EVT-20260701-0031
POL-20260701-0035,EVT-20260701-0026
POL-20260701-0036,EVT-20260701-0013
POL-20260701-0037,EVT-20260701-0007
POL-20260701-0038,EVT-20260701-0048
POL-20260701-0039,EVT-20260701-0021
POL-20260701-0040,EVT-20260701-0033
POL-20260701-0041,EVT-20260630-0004
POL-20260701-0042,EVT-20260701-0036
POL-20260701-0043,EVT-20260701-0002
POL-20260701-0044,EVT-20260701-0029
POL-20260701-0045,EVT-20260701-0019
POL-20260701-0046,EVT-20260701-0025
POL-20260701-0047,EVT-20260701-0016
POL-20260701-0048,EVT-20260701-0041
POL-20260701-0049,EVT-20260701-0015
POL-20260701-0050,EVT-20260701-0034
POL-20260701-0051,EVT-20260701-0017
POL-20260701-0052,EVT-20260701-0009
POL-20260701-0053,EVT-20260701-0051
POL-20260701-0054,EVT-20260701-0024
POL-20260701-0055,EVT-20260701-0051
POL-20260701-0056,EVT-20260701-0027
POL-20260701-0057,EVT-20260701-0048
POL-20260701-0058,EVT-20260701-0008
POL-20260702-0001,EVT-20260701-0023
POL-20260702-0002,EVT-20260701-0010
POL-20260702-0003,EVT-20260702-0012
POL-20260702-0004,EVT-20260701-0051
POL-20260702-0005,EVT-20260701-0005
POL-20260702-0006,EVT-20260702-0007
POL-20260702-0007,EVT-20260701-0012
POL-20260702-0008,EVT-20260702-0017
POL-20260702-0009,EVT-20260702-0039
POL-20260702-0010,EVT-20260702-0024
POL-20260702-0011,EVT-20260701-0028
POL-20260702-0012,EVT-20260702-0049
POL-20260702-0013,EVT-20260701-0047
POL-20260702-0014,EVT-20260630-0011
POL-20260702-0015,EVT-20260702-0059
POL-20260702-0016,EVT-20260702-0013
POL-20260702-0017,EVT-20260702-0056
POL-20260702-0018,EVT-20260701-0043
POL-20260702-0019,EVT-20260702-0034
POL-20260702-0020,EVT-20260702-0018
POL-20260702-0021,EVT-20260701-0042
POL-20260702-0022,EVT-20260702-0015
POL-20260702-0023,EVT-20260702-0019
POL-20260702-0024,EVT-20260702-0038
POL-20260702-0025,EVT-20260702-0058
POL-20260702-0026,EVT-20260702-0003
POL-20260702-0027,EVT-20260702-0001
POL-20260702-0028,EVT-20260701-0014
POL-20260702-0029,EVT-20260701-0006
POL-20260702-0030,EVT-20260701-0048
POL-20260702-0031,EVT-20260702-0031
POL-20260702-0032,EVT-20260702-0025
POL-20260702-0033,EVT-20260702-0028
POL-20260702-0034,EVT-20260702-0057
POL-20260702-0035,EVT-20260702-0033
POL-20260702-0036,EVT-20260630-0024
POL-20260702-0037,EVT-20260702-0016
POL-20260702-0038,EVT-20260702-0011
POL-20260702-0039,EVT-20260701-0035
POL-20260702-0040,EVT-20260702-0009
POL-20260702-0041,EVT-20260702-0050
POL-20260702-0042,EVT-20260702-0005
POL-20260702-0043,EVT-20260701-0030
POL-20260702-0044,EVT-20260702-0028
POL-20260702-0045,EVT-20260702-0020
POL-20260702-0046,EVT-20260702-0023
POL-20260702-0047,EVT-20260702-0030
POL-20260702-0048,EVT-20260702-0042
POL-20260702-0049,EVT-20260702-0042
POL-20260702-0050,EVT-20260702-0052
POL-20260702-0051,EVT-20260702-0029
POL-20260702-0052,EVT-20260702-0005
POL-20260702-0053,EVT-20260702-0022
POL-20260702-0054,EVT-20260702-0006
POL-20260702-0055,EVT-20260702-0014
POL-20260702-0056,EVT-20260702-0006
POL-20260702-0057,EVT-20260702-0055
POL-20260702-0058,EVT-20260702-0004
POL-20260702-0059,EVT-20260702-0029
POL-20260702-0060,EVT-20260702-0037
POL-20260702-0061,EVT-20260702-0040
POL-20260702-0062,EVT-20260702-0042
POL-20260702-0063,EVT-20260702-0041
POL-20260702-0064,EVT-20260702-0008
POL-20260702-0065,EVT-20260702-0036
POL-20260702-0066,EVT-20260701-0012
POL-20260702-0067,EVT-20260702-0060
POL-20260702-0068,EVT-20260702-0021
POL-20260702-0069,EVT-20260702-0027
POL-20260702-0070,EVT-20260702-0051
POL-20260702-0071,EVT-20260702-0048
POL-20260703-0001,EVT-20260703-0004
POL-20260703-0002,EVT-20260703-0059
POL-20260703-0003,EVT-20260702-0010
POL-20260703-0004,EVT-20260703-0011
POL-20260703-0005,EVT-20260702-0045
POL-20260703-0006,EVT-20260702-0044
POL-20260703-0007,EVT-20260702-0026
POL-20260703-0008,EVT-20260702-0052
POL-20260703-0009,EVT-20260702-0046
POL-20260703-0010,EVT-20260702-0061
POL-20260703-0011,EVT-20260702-0035
POL-20260703-0012,EVT-20260703-0045
POL-20260703-0013,EVT-20260701-0011
POL-20260703-0014,EVT-20260702-0042
POL-20260703-0015,EVT-20260703-0040
POL-20260703-0016,EVT-20260702-0054
POL-20260703-0017,EVT-20260703-0043
POL-20260703-0018,EVT-20260703-0008
POL-20260703-0019,EVT-20260703-0040
POL-20260703-0020,EVT-20260703-0027
POL-20260703-0021,EVT-20260703-0037
POL-20260703-0022,EVT-20260703-0016
POL-20260703-0023,EVT-20260703-0025
POL-20260703-0024,EVT-20260703-0001
POL-20260703-0025,EVT-20260703-0031
POL-20260703-0026,EVT-20260703-0017
POL-20260703-0027,EVT-20260703-0052
POL-20260703-0028,EVT-20260703-0048
POL-20260703-0029,EVT-20260702-0014
POL-20260703-0030,EVT-20260703-0021
POL-20260703-0031,EVT-20260703-0002
POL-20260703-0032,EVT-20260703-0014
POL-20260703-0033,EVT-20260703-0026
POL-20260703-0034,EVT-20260703-0056
POL-20260703-0035,EVT-20260703-0007
POL-20260703-0036,EVT-20260702-0029
POL-20260703-0037,EVT-20260703-0060
POL-20260703-0038,EVT-20260702-0032
POL-20260703-0039,EVT-20260703-0038
POL-20260703-0040,EVT-20260703-0026
POL-20260703-0041,EVT-20260703-0036
POL-20260703-0042,EVT-20260703-0046
POL-20260703-0043,EVT-20260703-0053
POL-20260703-0044,EVT-20260703-0035
POL-20260703-0045,EVT-20260703-0057
POL-20260703-0046,EVT-20260702-0047
POL-20260703-0047,EVT-20260702-0009
POL-20260703-0048,EVT-20260703-0013
POL-20260703-0049,EVT-20260703-0054
POL-20260703-0050,EVT-20260703-0050
POL-20260703-0051,EVT-20260703-0023
POL-20260703-0052,EVT-20260703-0041
POL-20260703-0053,EVT-20260703-0047
POL-20260703-0054,EVT-20260703-0015
POL-20260703-0055,EVT-20260703-0024
POL-20260703-0056,EVT-20260703-0002
POL-20260703-0057,EVT-20260703-0018
POL-20260703-0058,EVT-20260703-0042
POL-20260703-0059,EVT-20260703-0021
POL-20260703-0060,EVT-20260703-0055
POL-20260703-0061,EVT-20260702-0001
POL-20260703-0062,EVT-20260703-0012
POL-20260703-0063,EVT-20260703-0049
POL-20260703-0064,EVT-20260703-0005
POL-20260703-0065,EVT-20260703-0012
POL-20260703-0066,EVT-20260703-0039
POL-20260703-0067,EVT-20260703-0030
POL-20260703-0068,EVT-20260703-0019
POL-20260703-0069,EVT-20260701-0037
POL-20260703-0070,EVT-20260703-0003
POL-20260703-0071,EVT-20260703-0032
POL-20260703-0072,EVT-20260703-0045
POL-20260703-0073,EVT-20260703-0005
POL-20260704-0001,EVT-20260704-0022
POL-20260704-0002,EVT-20260704-0008
POL-20260704-0003,EVT-20260703-0028
POL-20260704-0004,EVT-20260703-0009
POL-20260704-0005,EVT-20260703-0034
POL-20260704-0006,EVT-20260703-0045
POL-20260704-0007,EVT-20260704-0010
POL-20260704-0008,EVT-20260703-0051
POL-20260704-0009,EVT-20260703-0044
POL-20260704-0010,EVT-20260703-0058
POL-20260704-0011,EVT-20260704-0045
POL-20260704-0012,EVT-20260704-0021
POL-20260704-0013,EVT-20260704-0023
POL-20260704-0014,EVT-20260703-0007
POL-20260704-0015,EVT-20260703-0022
POL-20260704-0016,EVT-20260704-0011
POL-20260704-0017,EVT-20260704-0013
POL-20260704-0018,EVT-20260702-0035
POL-20260704-0019,EVT-20260704-0004
POL-20260704-0020,EVT-20260704-0004
POL-20260704-0021,EVT-20260703-0005
POL-20260704-0022,EVT-20260704-0021
POL-20260704-0023,EVT-20260704-0013
POL-20260704-0024,EVT-20260703-0010
POL-20260704-0025,EVT-20260704-0002
POL-20260704-0026,EVT-20260704-0021
POL-20260704-0027,EVT-20260704-0014
POL-20260704-0028,EVT-20260704-0025
POL-20260704-0029,EVT-20260704-0004
POL-20260704-0030,EVT-20260704-0025
POL-20260704-0031,EVT-20260704-0029
POL-20260704-0032,EVT-20260702-0053
POL-20260704-0033,EVT-20260704-0024
POL-20260704-0034,EVT-20260704-0031
POL-20260704-0035,EVT-20260704-0013
POL-20260704-0036,EVT-20260704-0003
POL-20260704-0037,EVT-20260704-0028
POL-20260704-0038,EVT-20260704-0016
POL-20260704-0039,EVT-20260703-0033
POL-20260704-0040,EVT-20260704-0004
POL-20260704-0041,EVT-20260704-0009
POL-20260704-0042,EVT-20260704-0011
POL-20260704-0043,EVT-20260704-0030
POL-20260704-0044,EVT-20260704-0015
POL-20260704-0045,EVT-20260704-0039
POL-20260704-0046,EVT-20260703-0006
POL-20260704-0047,EVT-20260704-0042
POL-20260704-0048,EVT-20260704-0042
POL-20260704-0049,EVT-20260704-0029
POL-20260704-0050,EVT-20260704-0014
POL-20260704-0051,EVT-20260704-0006
POL-20260704-0052,EVT-20260703-0020
POL-20260704-0053,EVT-20260704-0030
POL-20260704-0054,EVT-20260704-0026
POL-20260704-0055,EVT-20260704-0030
POL-20260704-0056,EVT-20260704-0025
POL-20260704-0057,EVT-20260704-0019
POL-20260704-0058,EVT-20260704-0044
POL-20260704-0059,EVT-20260704-0005
POL-20260704-0060,EVT-20260704-0020
POL-20260704-0061,EVT-20260702-0043
POL-20260704-0062,EVT-20260704-0014
POL-20260704-0063,EVT-20260704-0007
POL-20260704-0064,EVT-20260704-0012
POL-20260704-0065,EVT-20260704-0034
POL-20260704-0066,EVT-20260704-0043
POL-20260704-0067,EVT-20260703-0029
POL-20260704-0068,EVT-20260704-0018
POL-20260704-0069,EVT-20260704-0030
POL-20260704-0070,EVT-20260704-0001
POL-20260704-0071,EVT-20260704-0033
POL-20260705-0001,EVT-20260704-0033
POL-20260705-0002,EVT-20260704-0036
POL-20260705-0003,EVT-20260705-0053
POL-20260705-0004,EVT-20260705-0018
POL-20260705-0005,EVT-20260705-0036
POL-20260705-0006,EVT-20260705-0034
POL-20260705-0007,EVT-20260704-0038
POL-20260705-0008,EVT-20260704-0027
POL-20260705-0009,EVT-20260704-0032
POL-20260705-0010,EVT-20260705-0009
POL-20260705-0011,EVT-20260702-0002
POL-20260705-0012,EVT-20260705-0031
POL-20260705-0013,EVT-20260704-0033
POL-20260705-0014,EVT-20260705-0038
POL-20260705-0015,EVT-20260704-0040
POL-20260705-0016,EVT-20260705-0031
POL-20260705-0017,EVT-20260705-0042
POL-20260705-0018,EVT-20260705-0028
POL-20260705-0019,EVT-20260705-0031
POL-20260705-0020,EVT-20260705-0022
POL-20260705-0021,EVT-20260705-0044
POL-20260705-0022,EVT-20260705-0005
POL-20260705-0023,EVT-20260705-0045
POL-20260705-0024,EVT-20260704-0037
POL-20260705-0025,EVT-20260703-0002
POL-20260705-0026,EVT-20260704-0036
POL-20260705-0027,EVT-20260704-0041
POL-20260705-0028,EVT-20260704-0035
POL-20260705-0029,EVT-20260705-0006
POL-20260705-0030,EVT-20260705-0018
POL-20260705-0031,EVT-20260705-0027
POL-20260705-0032,EVT-20260705-0015
POL-20260705-0033,EVT-20260705-0046
POL-20260705-0034,EVT-20260705-0037
POL-20260705-0035,EVT-20260705-0042
POL-20260705-0036,EVT-20260705-0041
POL-20260705-0037,EVT-20260705-0003
POL-20260705-0038,EVT-20260705-0014
POL-20260705-0039,EVT-20260705-0048
POL-20260705-0040,EVT-20260704-0017
POL-20260705-0041,EVT-20260705-0019
POL-20260705-0042,EVT-20260705-0056
POL-20260705-0043,EVT-20260705-0011
POL-20260705-0044,EVT-20260705-0023
POL-20260705-0045,EVT-20260705-0052
POL-20260705-0046,EVT-20260703-0044
POL-20260705-0047,EVT-20260705-0045
POL-20260705-0048,EVT-20260705-0010
POL-20260705-0049,EVT-20260705-0001
POL-20260705-0050,EVT-20260705-0048
POL-20260705-0051,EVT-20260705-0020
POL-20260705-0052,EVT-20260705-0025
POL-20260705-0053,EVT-20260705-0026
POL-20260705-0054,EVT-20260705-0051
POL-20260705-0055,EVT-20260705-0016
POL-20260705-0056,EVT-20260705-0039
POL-20260705-0057,EVT-20260705-0040
POL-20260705-0058,EVT-20260705-0055
POL-20260705-0059,EVT-20260705-0043
POL-20260705-0060,EVT-20260705-0002
POL-20260705-0061,EVT-20260705-0002
POL-20260705-0062,EVT-20260705-0012
POL-20260705-0063,EVT-20260705-0023
POL-20260705-0064,EVT-20260705-0043
POL-20260705-0065,EVT-20260705-0049
POL-20260705-0066,EVT-20260705-0030
POL-20260705-0067,EVT-20260701-0001
POL-20260705-0068,EVT-20260705-0054
POL-20260705-0069,EVT-20260705-0032
POL-20260705-0070,EVT-20260705-0013
POL-20260706-0001,EVT-20260705-0017
POL-20260706-0002,EVT-20260706-0030
POL-20260706-0003,EVT-20260705-0004
POL-20260706-0004,EVT-20260705-0029
POL-20260706-0005,EVT-20260706-0050
POL-20260706-0006,EVT-20260703-0029
POL-20260706-0007,EVT-20260705-0021
POL-20260706-0008,EVT-20260706-0058
POL-20260706-0009,EVT-20260706-0029
POL-20260706-0010,EVT-20260706-0028
POL-20260706-0011,EVT-20260706-0037
POL-20260706-0012,EVT-20260705-0024
POL-20260706-0013,EVT-20260705-0002
POL-20260706-0014,EVT-20260706-0046
POL-20260706-0015,EVT-20260705-0008
POL-20260706-0016,EVT-20260706-0002
POL-20260706-0017,EVT-20260705-0039
POL-20260706-0018,EVT-20260705-0035
POL-20260706-0019,EVT-20260706-0051
POL-20260706-0020,EVT-20260705-0021
POL-20260706-0021,EVT-20260706-0022
POL-20260706-0022,EVT-20260703-0044
POL-20260706-0023,EVT-20260706-0023
POL-20260706-0024,EVT-20260706-0033
POL-20260706-0025,EVT-20260706-0005
POL-20260706-0026,EVT-20260706-0005
POL-20260706-0027,EVT-20260706-0031
POL-20260706-0028,EVT-20260706-0017
POL-20260706-0029,EVT-20260706-0004
POL-20260706-0030,EVT-20260706-0057
POL-20260706-0031,EVT-20260705-0050
POL-20260706-0032,EVT-20260706-0059
POL-20260706-0033,EVT-20260706-0016
POL-20260706-0034,EVT-20260706-0015
POL-20260706-0035,EVT-20260706-0003
POL-20260706-0036,EVT-20260706-0009
POL-20260706-0037,EVT-20260706-0005
POL-20260706-0038,EVT-20260706-0047
POL-20260706-0039,EVT-20260706-0005
POL-20260706-0040,EVT-20260706-0054
POL-20260706-0041,EVT-20260706-0014
POL-20260706-0042,EVT-20260706-0049
POL-20260706-0043,EVT-20260706-0013
POL-20260706-0044,EVT-20260706-0029
POL-20260706-0045,EVT-20260705-0008
POL-20260706-0046,EVT-20260706-0019
POL-20260706-0047,EVT-20260706-0056
POL-20260706-0048,EVT-20260706-0062
POL-20260706-0049,EVT-20260703-0035
POL-20260706-0050,EVT-20260706-0007
POL-20260706-0051,EVT-20260706-0009
POL-20260706-0052,EVT-20260706-0017
POL-20260706-0053,EVT-20260706-0063
POL-20260706-0054,EVT-20260706-0041
POL-20260706-0055,EVT-20260706-0026
POL-20260706-0056,EVT-20260706-0021
POL-20260706-0057,EVT-20260706-0055
POL-20260706-0058,EVT-20260706-0024
POL-20260706-0059,EVT-20260706-0025
POL-20260706-0060,EVT-20260706-0001
POL-20260706-0061,EVT-20260706-0036
POL-20260706-0062,EVT-20260706-0010
POL-20260706-0063,EVT-20260706-0006
POL-20260706-0064,EVT-20260706-0039
POL-20260706-0065,EVT-20260706-0039
POL-20260706-0066,EVT-20260706-0027
POL-20260706-0067,EVT-20260706-0018
POL-20260706-0068,EVT-20260706-0018
POL-20260706-0069,EVT-20260706-0057
POL-20260706-0070,EVT-20260706-0051
POL-20260706-0071,EVT-20260706-0048
POL-20260706-0072,EVT-20260706-0011
POL-20260706-0073,EVT-20260706-0060
POL-20260707-0001,EVT-20260706-0034
POL-20260707-0002,EVT-20260706-0045
POL-20260707-0003,EVT-20260707-0005
POL-20260707-0004,EVT-20260706-0009
POL-20260707-0005,EVT-20260706-0039
POL-20260707-0006,EVT-20260706-0013
POL-20260707-0007,EVT-20260707-0002
POL-20260707-0008,EVT-20260706-0020
POL-20260707-0009,EVT-20260706-0043
POL-20260707-0010,EVT-20260706-0053
POL-20260707-0011,EVT-20260707-0021
POL-20260707-0012,EVT-20260707-0050
POL-20260707-0013,EVT-20260707-0029
POL-20260707-0014,EVT-20260707-0001
POL-20260707-0015,EVT-20260706-0053
POL-20260707-0016,EVT-20260706-0026
POL-20260707-0017,EVT-20260707-0006
POL-20260707-0018,EVT-20260707-0002
POL-20260707-0019,EVT-20260705-0047
POL-20260707-0020,EVT-20260706-0008
POL-20260707-0021,EVT-20260706-0052
POL-20260707-0022,EVT-20260706-0061
POL-20260707-0023,EVT-20260707-0003
POL-20260707-0024,EVT-20260705-0007
POL-20260707-0025,EVT-20260706-0040
POL-20260707-0026,EVT-20260707-0037
POL-20260707-0027,EVT-20260706-0026
POL-20260707-0028,EVT-20260706-0064
POL-20260707-0029,EVT-20260707-0017
POL-20260707-0030,EVT-20260707-0035
POL-20260707-0031,EVT-20260707-0015
POL-20260707-0032,EVT-20260707-0044
POL-20260707-0033,EVT-20260706-0042
POL-20260707-0034,EVT-20260706-0038
POL-20260707-0035,EVT-20260707-0016
POL-20260707-0036,EVT-20260707-0018
POL-20260707-0037,EVT-20260707-0012
POL-20260707-0038,EVT-20260706-0054
POL-20260707-0039,EVT-20260707-0039
POL-20260707-0040,EVT-20260705-0002
POL-20260707-0041,EVT-20260707-0023
POL-20260707-0042,EVT-20260706-0032
POL-20260707-0043,EVT-20260706-0053
POL-20260707-0044,EVT-20260707-0028
POL-20260707-0045,EVT-20260706-0044
POL-20260707-0046,EVT-20260707-0038
POL-20260707-0047,EVT-20260707-0034
POL-20260707-0048,EVT-20260707-0009
POL-20260707-0049,EVT-20260707-0045
POL-20260707-0050,EVT-20260707-0004
POL-20260707-0051,EVT-20260707-0011
POL-20260707-0052,EVT-20260707-0041
POL-20260707-0053,EVT-20260707-0014
POL-20260707-0054,EVT-20260707-0034
POL-20260707-0055,EVT-20260707-0040
POL-20260707-0056,EVT-20260707-0020
POL-20260707-0057,EVT-20260707-0031
POL-20260707-0058,EVT-20260707-0026
POL-20260707-0059,EVT-20260706-0035
POL-20260707-0060,EVT-20260707-0036
POL-20260707-0061,EVT-20260705-0033
POL-20260707-0062,EVT-20260707-0047
POL-20260707-0063,EVT-20260707-0019
POL-20260707-0064,EVT-20260707-0046
POL-20260707-0065,EVT-20260707-0008
POL-20260708-0001,EVT-20260707-0025
POL-20260708-0002,EVT-20260707-0030
POL-20260708-0003,EVT-20260708-0021
POL-20260708-0004,EVT-20260708-0020
POL-20260708-0005,EVT-20260707-0033
POL-20260708-0006,EVT-20260708-0029
POL-20260708-0007,EVT-20260707-0010
POL-20260708-0008,EVT-20260707-0043
POL-20260708-0009,EVT-20260707-0042
POL-20260708-0010,EVT-20260708-0010
POL-20260708-0011,EVT-20260706-0009
POL-20260708-0012,EVT-20260708-0042
POL-20260708-0013,EVT-20260707-0007
POL-20260708-0014,EVT-20260707-0036
POL-20260708-0015,EVT-20260708-0020
POL-20260708-0016,EVT-20260708-0020
POL-20260708-0017,EVT-20260707-0024
POL-20260708-0018,EVT-20260707-0045
POL-20260708-0019,EVT-20260708-0035
POL-20260708-0020,EVT-20260708-0032
POL-20260708-0021,EVT-20260707-0034
POL-20260708-0022,EVT-20260708-0032
POL-20260708-0023,EVT-20260708-0028
POL-20260708-0024,EVT-20260708-0003
POL-20260708-0025,EVT-20260707-0042
POL-20260708-0026,EVT-20260708-0025
POL-20260708-0027,EVT-20260708-0015
POL-20260708-0028,EVT-20260708-0040
POL-20260708-0029,EVT-20260707-0048
POL-20260708-0030,EVT-20260708-0013
POL-20260708-0031,EVT-20260707-0032
POL-20260708-0032,EVT-20260708-0002
POL-20260708-0033,EVT-20260708-0006
POL-20260708-0034,EVT-20260708-0013
POL-20260708-0035,EVT-20260708-0018
POL-20260708-0036,EVT-20260708-0019
POL-20260708-0037,EVT-20260708-0047
POL-20260708-0038,EVT-20260707-0042
POL-20260708-0039,EVT-20260708-0017
POL-20260708-0040,EVT-20260708-0037
POL-20260708-0041,EVT-20260708-0016
POL-20260708-0042,EVT-20260708-0035
POL-20260708-0043,EVT-20260708-0044
POL-20260708-0044,EVT-20260708-0044
POL-20260708-0045,EVT-20260708-0033
POL-20260708-0046,EVT-20260708-0006
POL-20260708-0047,EVT-20260708-0026
POL-20260708-0048,EVT-20260708-0041
POL-20260708-0049,EVT-20260708-0009
POL-20260708-0050,EVT-20260707-0027
POL-20260708-0051,EVT-20260708-0011
POL-20260708-0052,EVT-20260707-0049
POL-20260708-0053,EVT-20260708-0019
POL-20260708-0054,EVT-20260707-0022
POL-20260708-0055,EVT-20260707-0047
POL-20260708-0056,EVT-20260708-0005
POL-20260708-0057,EVT-20260708-0032
POL-20260708-0058,EVT-20260708-0038
POL-20260708-0059,EVT-20260708-0027
POL-20260708-0060,EVT-20260708-0036
POL-20260708-0061,EVT-20260708-0038
POL-20260708-0062,EVT-20260708-0024
POL-20260708-0063,EVT-20260707-0043
POL-20260708-0064,EVT-20260708-0048
POL-20260708-0065,EVT-20260707-0013
POL-20260708-0066,EVT-20260708-0031
POL-20260708-0067,EVT-20260708-0051
POL-20260708-0068,EVT-20260708-0049
POL-20260708-0069,EVT-20260708-0006
POL-20260708-0070,EVT-20260708-0008
POL-20260708-0071,EVT-20260708-0013
POL-20260708-0072,EVT-20260708-0039
POL-20260708-0073,EVT-20260708-0045
POL-20260708-0074,EVT-20260708-0023
POL-20260709-0001,EVT-20260708-0043
POL-20260709-0002,EVT-20260709-0027
POL-20260709-0003,EVT-20260708-0013
POL-20260709-0004,EVT-20260708-0034
POL-20260709-0005,EVT-20260708-0039
POL-20260709-0006,EVT-20260709-0043
POL-20260709-0007,EVT-20260708-0007
POL-20260709-0008,EVT-20260708-0034
POL-20260709-0009,EVT-20260708-0046
POL-20260709-0010,EVT-20260709-0012
POL-20260709-0011,EVT-20260709-0020
POL-20260709-0012,EVT-20260709-0020
POL-20260709-0013,EVT-20260709-0034
POL-20260709-0014,EVT-20260709-0025
POL-20260709-0015,EVT-20260708-0030
POL-20260709-0016,EVT-20260709-0029
POL-20260709-0017,EVT-20260709-0027
POL-20260709-0018,EVT-20260708-0039
POL-20260709-0019,EVT-20260708-0049
POL-20260709-0020,EVT-20260709-0023
POL-20260709-0021,EVT-20260708-0038
POL-20260709-0022,EVT-20260709-0038
POL-20260709-0023,EVT-20260709-0017
POL-20260709-0024,EVT-20260708-0001
POL-20260709-0025,EVT-20260708-0045
POL-20260709-0026,EVT-20260709-0018
POL-20260709-0027,EVT-20260709-0007
POL-20260709-0028,EVT-20260708-0050
POL-20260709-0029,EVT-20260708-0012
POL-20260709-0030,EVT-20260708-0022
POL-20260709-0031,EVT-20260709-0038
POL-20260709-0032,EVT-20260709-0017
POL-20260709-0033,EVT-20260709-0005
POL-20260709-0034,EVT-20260709-0026
POL-20260709-0035,EVT-20260708-0004
POL-20260709-0036,EVT-20260706-0012
POL-20260709-0037,EVT-20260706-0008
POL-20260709-0038,EVT-20260708-0045
POL-20260709-0039,EVT-20260709-0038
POL-20260709-0040,EVT-20260709-0008
POL-20260709-0041,EVT-20260709-0001
POL-20260709-0042,EVT-20260709-0032
POL-20260709-0043,EVT-20260709-0003
POL-20260709-0044,EVT-20260709-0015
POL-20260709-0045,EVT-20260709-0040
POL-20260709-0046,EVT-20260708-0014
POL-20260709-0047,EVT-20260709-0021
POL-20260709-0048,EVT-20260709-0028
POL-20260709-0049,EVT-20260709-0013
POL-20260709-0050,EVT-20260709-0013
POL-20260709-0051,EVT-20260709-0039
POL-20260709-0052,EVT-20260708-0019
POL-20260709-0053,EVT-20260709-0036
POL-20260709-0054,EVT-20260709-0041
POL-20260709-0055,EVT-20260709-0006
POL-20260709-0056,EVT-20260709-0024
POL-20260709-0057,EVT-20260709-0001
POL-20260709-0058,EVT-20260706-0008
POL-20260709-0059,EVT-20260709-0033
POL-20260709-0060,EVT-20260709-0019
POL-20260709-0061,EVT-20260709-0039
POL-20260709-0062,EVT-20260709-0011
POL-20260709-0063,EVT-20260709-0031
POL-20260709-0064,EVT-20260709-0010
POL-20260709-0065,EVT-20260709-0039
POL-20260709-0066,EVT-20260709-0004
POL-20260709-0067,EVT-20260709-0037
POL-20260709-0068,EVT-20260709-0020
POL-20260709-0069,EVT-20260709-0022
POL-20260709-0070,EVT-20260709-0002
POL-20260709-0071,EVT-20260708-0044
POL-20260709-0072,EVT-20260709-0022
POL-20260710-0001,EVT-20260708-0051
POL-20260710-0002,EVT-20260710-0040
POL-20260710-0003,EVT-20260709-0030
POL-20260710-0004,EVT-20260710-0032
POL-20260710-0005,EVT-20260708-0049
POL-20260710-0006,EVT-20260710-0003
POL-20260710-0007,EVT-20260710-0004
POL-20260710-0008,EVT-20260709-0042
POL-20260710-0009,EVT-20260709-0021
POL-20260710-0010,EVT-20260709-0009
POL-20260710-0011,EVT-20260710-0020
POL-20260710-0012,EVT-20260710-0028
POL-20260710-0013,EVT-20260710-0013
POL-20260710-0014,EVT-20260710-0009
POL-20260710-0015,EVT-20260710-0009
POL-20260710-0016,EVT-20260710-0001
POL-20260710-0017,EVT-20260709-0016
POL-20260710-0018,EVT-20260710-0019
POL-20260710-0019,EVT-20260710-0012
POL-20260710-0020,EVT-20260710-0002
POL-20260710-0021,EVT-20260710-0011
POL-20260710-0022,EVT-20260710-0039
POL-20260710-0023,EVT-20260710-0021
POL-20260710-0024,EVT-20260710-0017
POL-20260710-0025,EVT-20260710-0011
POL-20260710-0026,EVT-20260710-0021
POL-20260710-0027,EVT-20260710-0004
POL-20260710-0028,EVT-20260710-0009
POL-20260710-0029,EVT-20260710-0021
POL-20260710-0030,EVT-20260710-0015
POL-20260710-0031,EVT-20260710-0010
POL-20260710-0032,EVT-20260710-0011
POL-20260710-0033,EVT-20260710-0011
POL-20260710-0034,EVT-20260708-0039
POL-20260710-0035,EVT-20260710-0027
POL-20260710-0036,EVT-20260710-0018
POL-20260710-0037,EVT-20260710-0022
POL-20260710-0038,EVT-20260710-0036
POL-20260710-0039,EVT-20260710-0026
POL-20260710-0040,EVT-20260710-0014
POL-20260710-0041,EVT-20260710-0029
POL-20260710-0042,EVT-20260710-0037
POL-20260710-0043,EVT-20260710-0006
POL-20260710-0044,EVT-20260710-0043
POL-20260710-0045,EVT-20260710-0016
POL-20260710-0046,EVT-20260710-0033
POL-20260710-0047,EVT-20260710-0044
POL-20260710-0048,EVT-20260710-0007
POL-20260710-0049,EVT-20260710-0025
POL-20260710-0050,EVT-20260710-0031
POL-20260710-0051,EVT-20260710-0035
POL-20260710-0052,EVT-20260710-0023
POL-20260711-0001,EVT-20260711-0058
POL-20260711-0002,EVT-20260709-0014
POL-20260711-0003,EVT-20260711-0018
POL-20260711-0004,EVT-20260711-0043
POL-20260711-0005,EVT-20260711-0044
POL-20260711-0006,EVT-20260710-0026
POL-20260711-0007,EVT-20260711-0029
POL-20260711-0008,EVT-20260709-0021
POL-20260711-0009,EVT-20260711-0055
POL-20260711-0010,EVT-20260710-0024
POL-20260711-0011,EVT-20260710-0014
POL-20260711-0012,EVT-20260710-0038
POL-20260711-0013,EVT-20260711-0052
POL-20260711-0014,EVT-20260710-0042
POL-20260711-0015,EVT-20260711-0027
POL-20260711-0016,EVT-20260710-0042
POL-20260711-0017,EVT-20260710-0041
POL-20260711-0018,EVT-20260711-0043
POL-20260711-0019,EVT-20260710-0043
POL-20260711-0020,EVT-20260711-0056
POL-20260711-0021,EVT-20260710-0005
POL-20260711-0022,EVT-20260710-0031
POL-20260711-0023,EVT-20260711-0025
POL-20260711-0024,EVT-20260710-0034
POL-20260711-0025,EVT-20260711-0039
POL-20260711-0026,EVT-20260711-0012
POL-20260711-0027,EVT-20260711-0011
POL-20260711-0028,EVT-20260706-0038
POL-20260711-0029,EVT-20260711-0039
POL-20260711-0030,EVT-20260711-0042
POL-20260711-0031,EVT-20260710-0030
POL-20260711-0032,EVT-20260711-0047
POL-20260711-0033,EVT-20260711-0002
POL-20260711-0034,EVT-20260711-0048
POL-20260711-0035,EVT-20260711-0023
POL-20260711-0036,EVT-20260711-0021
POL-20260711-0037,EVT-20260711-0049
POL-20260711-0038,EVT-20260711-0037
POL-20260711-0039,EVT-20260711-0049
POL-20260711-0040,EVT-20260709-0035
POL-20260711-0041,EVT-20260711-0020
POL-20260711-0042,EVT-20260711-0005
POL-20260711-0043,EVT-20260711-0001
POL-20260711-0044,EVT-20260711-0036
POL-20260711-0045,EVT-20260710-0005
POL-20260711-0046,EVT-20260711-0038
POL-20260711-0047,EVT-20260711-0046
POL-20260711-0048,EVT-20260711-0030
POL-20260711-0049,EVT-20260711-0040
POL-20260711-0050,EVT-20260711-0048
POL-20260711-0051,EVT-20260711-0045
POL-20260711-0052,EVT-20260711-0015
POL-20260711-0053,EVT-20260711-0015
POL-20260711-0054,EVT-20260711-0035
POL-20260711-0055,EVT-20260711-0009
POL-20260711-0056,EVT-20260711-0004
POL-20260711-0057,EVT-20260711-0006
POL-20260711-0058,EVT-20260711-0004
POL-20260711-0059,EVT-20260711-0034
POL-20260711-0060,EVT-20260711-0028
POL-20260711-0061,EVT-20260711-0049
POL-20260711-0062,EVT-20260711-0031
POL-20260711-0063,EVT-20260711-0053
POL-20260711-0064,EVT-20260711-0007
POL-20260711-0065,EVT-20260711-0032
POL-20260711-0066,EVT-20260710-0008
POL-20260711-0067,EVT-20260711-0024
POL-20260711-0068,EVT-20260711-0022
POL-20260711-0069,EVT-20260711-0033
POL-20260711-0070,EVT-20260711-0016
POL-20260711-0071,EVT-20260711-0001
POL-20260712-0001,EVT-20260711-0057
POL-20260712-0002,EVT-20260711-0054
POL-20260712-0003,EVT-20260711-0005
POL-20260712-0004,EVT-20260712-0026
POL-20260712-0005,EVT-20260712-0015
POL-20260712-0006,EVT-20260711-0051
POL-20260712-0007,EVT-20260711-0026
POL-20260712-0008,EVT-20260711-0014
POL-20260712-0009,EVT-20260711-0015
POL-20260712-0010,EVT-20260711-0019
POL-20260712-0011,EVT-20260711-0041
POL-20260712-0012,EVT-20260711-0046
POL-20260712-0013,EVT-20260712-0049
POL-20260712-0014,EVT-20260712-0047
POL-20260712-0015,EVT-20260712-0023
POL-20260712-0016,EVT-20260712-0007
POL-20260712-0017,EVT-20260712-0009
POL-20260712-0018,EVT-20260711-0010
POL-20260712-0019,EVT-20260712-0025
POL-20260712-0020,EVT-20260712-0011
POL-20260712-0021,EVT-20260712-0010
POL-20260712-0022,EVT-20260711-0003
POL-20260712-0023,EVT-20260712-0036
POL-20260712-0024,EVT-20260712-0053
POL-20260712-0025,EVT-20260712-0014
POL-20260712-0026,EVT-20260712-0013
POL-20260712-0027,EVT-20260712-0024
POL-20260712-0028,EVT-20260711-0035
POL-20260712-0029,EVT-20260712-0037
POL-20260712-0030,EVT-20260712-0028
POL-20260712-0031,EVT-20260712-0034
POL-20260712-0032,EVT-20260711-0001
POL-20260712-0033,EVT-20260711-0008
POL-20260712-0034,EVT-20260712-0045
POL-20260712-0035,EVT-20260712-0002
POL-20260712-0036,EVT-20260712-0010
POL-20260712-0037,EVT-20260712-0001
POL-20260712-0038,EVT-20260712-0046
POL-20260712-0039,EVT-20260712-0031
POL-20260712-0040,EVT-20260710-0031
POL-20260712-0041,EVT-20260712-0027
POL-20260712-0042,EVT-20260712-0020
POL-20260712-0043,EVT-20260711-0005
POL-20260712-0044,EVT-20260711-0017
POL-20260712-0045,EVT-20260712-0051
POL-20260712-0046,EVT-20260712-0045
POL-20260712-0047,EVT-20260712-0048
POL-20260712-0048,EVT-20260712-0019
POL-20260712-0049,EVT-20260712-0044
POL-20260712-0050,EVT-20260712-0042
POL-20260712-0051,EVT-20260712-0033
POL-20260712-0052,EVT-20260712-0045
POL-20260712-0053,EVT-20260712-0005
POL-20260712-0054,EVT-20260712-0008
POL-20260712-0055,EVT-20260712-0001
POL-20260712-0056,EVT-20260712-0043
POL-20260712-0057,EVT-20260712-0041
POL-20260712-0058,EVT-20260712-0054
POL-20260712-0059,EVT-20260712-0006
POL-20260712-0060,EVT-20260712-0016
POL-20260712-0061,EVT-20260711-0008
POL-20260712-0062,EVT-20260712-0040
POL-20260712-0063,EVT-20260712-0012
POL-20260712-0064,EVT-20260712-0029
POL-20260712-0065,EVT-20260712-0030
POL-20260712-0066,EVT-20260712-0018
POL-20260712-0067,EVT-20260712-0035
POL-20260712-0068,EVT-20260712-0032
POL-20260712-0069,EVT-20260712-0003
POL-20260713-0001,EVT-20260713-0039
POL-20260713-0002,EVT-20260713-0012
POL-20260713-0003,EVT-20260713-0034
POL-20260713-0004,EVT-20260711-0008
POL-20260713-0005,EVT-20260712-0052
POL-20260713-0006,EVT-20260713-0020
POL-20260713-0007,EVT-20260713-0004
POL-20260713-0008,EVT-20260713-0002
POL-20260713-0009,EVT-20260712-0045
POL-20260713-0010,EVT-20260712-0039
POL-20260713-0011,EVT-20260712-0055
POL-20260713-0012,EVT-20260713-0028
POL-20260713-0013,EVT-20260713-0025
POL-20260713-0014,EVT-20260712-0022
POL-20260713-0015,EVT-20260712-0021
POL-20260713-0016,EVT-20260713-0016
POL-20260713-0017,EVT-20260711-0010
POL-20260713-0018,EVT-20260713-0012
POL-20260713-0019,EVT-20260712-0050
POL-20260713-0020,EVT-20260713-0010
POL-20260713-0021,EVT-20260713-0015
POL-20260713-0022,EVT-20260711-0013
POL-20260713-0023,EVT-20260713-0016
POL-20260713-0024,EVT-20260713-0006
POL-20260713-0025,EVT-20260713-0005
POL-20260713-0026,EVT-20260711-0050
POL-20260713-0027,EVT-20260713-0033
POL-20260713-0028,EVT-20260713-0001
POL-20260713-0029,EVT-20260713-0001
POL-20260713-0030,EVT-20260713-0031
POL-20260713-0031,EVT-20260713-0008
POL-20260713-0032,EVT-20260713-0038
POL-20260713-0033,EVT-20260713-0004
POL-20260713-0034,EVT-20260712-0018
POL-20260713-0035,EVT-20260712-0038
POL-20260713-0036,EVT-20260713-0004
POL-20260713-0037,EVT-20260713-0030
POL-20260713-0038,EVT-20260713-0041
POL-20260713-0039,EVT-20260713-0009
POL-20260713-0040,EVT-20260713-0011
POL-20260713-0041,EVT-20260713-0036
POL-20260713-0042,EVT-20260713-0018
POL-20260713-0043,EVT-20260713-0019
POL-20260713-0044,EVT-20260713-0029
POL-20260713-0045,EVT-20260713-0013
POL-20260713-0046,EVT-20260713-0021
POL-20260713-0047,EVT-20260713-0022
POL-20260713-0048,EVT-20260713-0031
POL-20260713-0049,EVT-20260713-0037
POL-20260714-0001,EVT-20260713-0030
POL-20260714-0002,EVT-20260713-0017
POL-20260714-0003,EVT-20260714-0008
POL-20260714-0004,EVT-20260714-0046
POL-20260714-0005,EVT-20260714-0046
POL-20260714-0006,EVT-20260714-0052
POL-20260714-0007,EVT-20260712-0017
POL-20260714-0008,EVT-20260714-0017
POL-20260714-0009,EVT-20260713-0026
POL-20260714-0010,EVT-20260713-0040
POL-20260714-0011,EVT-20260714-0003
POL-20260714-0012,EVT-20260713-0023
POL-20260714-0013,EVT-20260713-0003
POL-20260714-0014,EVT-20260713-0027
POL-20260714-0015,EVT-20260713-0014
POL-20260714-0016,EVT-20260714-0018
POL-20260714-0017,EVT-20260714-0046
POL-20260714-0018,EVT-20260714-0054
POL-20260714-0019,EVT-20260714-0012
POL-20260714-0020,EVT-20260714-0040
POL-20260714-0021,EVT-20260714-0046
POL-20260714-0022,EVT-20260714-0035
POL-20260714-0023,EVT-20260712-0018
POL-20260714-0024,EVT-20260714-0045
POL-20260714-0025,EVT-20260714-0021
POL-20260714-0026,EVT-20260714-0001
POL-20260714-0027,EVT-20260714-0024
POL-20260714-0028,EVT-20260714-0042
POL-20260714-0029,EVT-20260714-0013
POL-20260714-0030,EVT-20260713-0035
POL-20260714-0031,EVT-20260714-0020
POL-20260714-0032,EVT-20260714-0043
POL-20260714-0033,EVT-20260713-0007
POL-20260714-0034,EVT-20260714-0041
POL-20260714-0035,EVT-20260714-0028
POL-20260714-0036,EVT-20260714-0033
POL-20260714-0037,EVT-20260714-0033
POL-20260714-0038,EVT-20260714-0037
POL-20260714-0039,EVT-20260714-0006
POL-20260714-0040,EVT-20260714-0047
POL-20260714-0041,EVT-20260713-0030
POL-20260714-0042,EVT-20260714-0007
POL-20260714-0043,EVT-20260714-0005
POL-20260714-0044,EVT-20260714-0038
POL-20260714-0045,EVT-20260713-0024
POL-20260714-0046,EVT-20260712-0004
POL-20260714-0047,EVT-20260714-0033
POL-20260714-0048,EVT-20260714-0014
POL-20260714-0049,EVT-20260714-0030
POL-20260714-0050,EVT-20260714-0044
POL-20260714-0051,EVT-20260714-0016
POL-20260714-0052,EVT-20260714-0053
POL-20260714-0053,EVT-20260714-0031
POL-20260714-0054,EVT-20260714-0039
POL-20260714-0055,EVT-20260714-0006
POL-20260714-0056,EVT-20260714-0051
POL-20260714-0057,EVT-20260714-0006
POL-20260714-0058,EVT-20260714-0026
POL-20260714-0059,EVT-20260714-0025
POL-20260714-0060,EVT-20260714-0015
POL-20260714-0061,EVT-20260714-0023
POL-20260714-0062,EVT-20260714-0011
POL-20260715-0001,EVT-20260714-0009
POL-20260715-0002,EVT-20260715-0005
POL-20260715-0003,EVT-20260714-0029
POL-20260715-0004,EVT-20260714-0012
POL-20260715-0005,EVT-20260714-0025
POL-20260715-0006,EVT-20260714-0032
POL-20260715-0007,EVT-20260715-0034
POL-20260715-0008,EVT-20260714-0027
POL-20260715-0009,EVT-20260715-0019
POL-20260715-0010,EVT-20260714-0002
POL-20260715-0011,EVT-20260714-0010
POL-20260715-0012,EVT-20260714-0022
POL-20260715-0013,EVT-20260715-0022
POL-20260715-0014,EVT-20260714-0048
POL-20260715-0015,EVT-20260714-0029
POL-20260715-0016,EVT-20260714-0036
POL-20260715-0017,EVT-20260714-0011
POL-20260715-0018,EVT-20260714-0004
POL-20260715-0019,EVT-20260715-0010
POL-20260715-0020,EVT-20260714-0015
POL-20260715-0021,EVT-20260714-0015
POL-20260715-0022,EVT-20260714-0022
POL-20260715-0023,EVT-20260715-0011
POL-20260715-0024,EVT-20260714-0053
POL-20260715-0025,EVT-20260714-0050
POL-20260715-0026,EVT-20260715-0013
POL-20260715-0027,EVT-20260715-0021
POL-20260715-0028,EVT-20260715-0045
POL-20260715-0029,EVT-20260714-0049
POL-20260715-0030,EVT-20260715-0035
POL-20260715-0031,EVT-20260715-0028
POL-20260715-0032,EVT-20260715-0004
POL-20260715-0033,EVT-20260714-0053
POL-20260715-0034,EVT-20260715-0030
POL-20260715-0035,EVT-20260715-0032
POL-20260715-0036,EVT-20260715-0014
POL-20260715-0037,EVT-20260714-0034
POL-20260715-0038,EVT-20260715-0042
POL-20260715-0039,EVT-20260715-0025
POL-20260715-0040,EVT-20260714-0019
POL-20260715-0041,EVT-20260715-0036
POL-20260715-0042,EVT-20260714-0009
POL-20260715-0043,EVT-20260715-0017
POL-20260715-0044,EVT-20260715-0043
POL-20260715-0045,EVT-20260715-0037
POL-20260715-0046,EVT-20260715-0018
POL-20260715-0047,EVT-20260715-0025
POL-20260715-0048,EVT-20260715-0015
POL-20260715-0049,EVT-20260715-0033
POL-20260715-0050,EVT-20260715-0015
POL-20260715-0051,EVT-20260715-0046
POL-20260715-0052,EVT-20260715-0033
POL-20260715-0053,EVT-20260715-0031
POL-20260715-0054,EVT-20260715-0006
POL-20260715-0055,EVT-20260715-0038
POL-20260715-0056,EVT-20260715-0003
POL-20260715-0057,EVT-20260715-0017
POL-20260715-0058,EVT-20260715-0040
POL-20260715-0059,EVT-20260715-0032
POL-20260715-0060,EVT-20260715-0039
POL-20260715-0061,EVT-20260715-0029
POL-20260715-0062,EVT-20260715-0006
POL-20260715-0063,EVT-20260714-0050
POL-20260715-0064,EVT-20260715-0008
POL-20260715-0065,EVT-20260715-0006
POL-20260715-0066,EVT-20260715-0001
POL-20260715-0067,EVT-20260715-0012
POL-20260715-0068,EVT-20260715-0026
POL-20260715-0069,EVT-20260715-0027
POL-20260715-0070,EVT-20260715-0007
POL-20260715-0071,EVT-20260715-0041
POL-20260716-0001,EVT-20260715-0009
POL-20260716-0002,EVT-20260716-0014
POL-20260716-0003,EVT-20260716-0019
POL-20260716-0004,EVT-20260714-0041
POL-20260716-0005,EVT-20260715-0016
POL-20260716-0006,EVT-20260716-0033
POL-20260716-0007,EVT-20260716-0001
POL-20260716-0008,EVT-20260715-0027
POL-20260716-0009,EVT-20260715-0030
POL-20260716-0010,EVT-20260716-0016
POL-20260716-0011,EVT-20260716-0040
POL-20260716-0012,EVT-20260715-0044
POL-20260716-0013,EVT-20260715-0038
POL-20260716-0014,EVT-20260715-0024
POL-20260716-0015,EVT-20260716-0035
POL-20260716-0016,EVT-20260714-0022
POL-20260716-0017,EVT-20260716-0020
POL-20260716-0018,EVT-20260716-0020
POL-20260716-0019,EVT-20260716-0009
POL-20260716-0020,EVT-20260716-0007
POL-20260716-0021,EVT-20260716-0034
POL-20260716-0022,EVT-20260716-0009
POL-20260716-0023,EVT-20260714-0014
POL-20260716-0024,EVT-20260715-0020
POL-20260716-0025,EVT-20260716-0029
POL-20260716-0026,EVT-20260716-0038
POL-20260716-0027,EVT-20260716-0004
POL-20260716-0028,EVT-20260716-0040
POL-20260716-0029,EVT-20260715-0002
POL-20260716-0030,EVT-20260716-0008
POL-20260716-0031,EVT-20260716-0016
POL-20260716-0032,EVT-20260716-0016
POL-20260716-0033,EVT-20260716-0025
POL-20260716-0034,EVT-20260716-0015
POL-20260716-0035,EVT-20260716-0010
POL-20260716-0036,EVT-20260716-0026
POL-20260716-0037,EVT-20260713-0024
POL-20260716-0038,EVT-20260716-0031
POL-20260716-0039,EVT-20260716-0036
POL-20260716-0040,EVT-20260716-0016
POL-20260716-0041,EVT-20260716-0024
POL-20260716-0042,EVT-20260716-0010
POL-20260716-0043,EVT-20260716-0023
POL-20260716-0044,EVT-20260716-0006
POL-20260716-0045,EVT-20260716-0006
POL-20260716-0046,EVT-20260716-0023
POL-20260716-0047,EVT-20260716-0028
POL-20260716-0048,EVT-20260716-0018
POL-20260716-0049,EVT-20260716-0030
POL-20260716-0050,EVT-20260716-0012
POL-20260716-0051,EVT-20260716-0022
POL-20260716-0052,EVT-20260716-0022
POL-20260716-0053,EVT-20260716-0010
POL-20260716-0054,EVT-20260716-0037
POL-20260716-0055,EVT-20260716-0043
POL-20260716-0056,EVT-20260716-0008
POL-20260716-0057,EVT-20260716-0023
POL-20260716-0058,EVT-20260716-0022
POL-20260716-0059,EVT-20260716-0027
POL-20260716-0060,EVT-20260715-0023
POL-20260716-0061,EVT-20260716-0032
POL-20260716-0062,EVT-20260716-0005
POL-20260716-0063,EVT-20260716-0017
POL-20260717-0001,EVT-20260717-0007
POL-20260717-0002,EVT-20260716-0021
POL-20260717-0003,EVT-20260716-0005
POL-20260717-0004,EVT-20260717-0002
POL-20260717-0005,EVT-20260717-0017
POL-20260717-0006,EVT-20260717-0039
POL-20260717-0007,EVT-20260716-0005
POL-20260717-0008,EVT-20260717-0017
POL-20260717-0009,EVT-20260716-0022
POL-20260717-0010,EVT-20260717-0008
POL-20260717-0011,EVT-20260717-0027
POL-20260717-0012,EVT-20260717-0035
POL-20260717-0013,EVT-20260717-0044
POL-20260717-0014,EVT-20260717-0050
POL-20260717-0015,EVT-20260717-0009
POL-20260717-0016,EVT-20260716-0003
POL-20260717-0017,EVT-20260717-0021
POL-20260717-0018,EVT-20260717-0003
POL-20260717-0019,EVT-20260717-0016
POL-20260717-0020,EVT-20260717-0014
POL-20260717-0021,EVT-20260717-0011
POL-20260717-0022,EVT-20260717-0038
POL-20260717-0023,EVT-20260717-0051
POL-20260717-0024,EVT-20260717-0003
POL-20260717-0025,EVT-20260717-0037
POL-20260717-0026,EVT-20260716-0013
POL-20260717-0027,EVT-20260716-0039
POL-20260717-0028,EVT-20260717-0013
POL-20260717-0029,EVT-20260717-0013
POL-20260717-0030,EVT-20260717-0046
POL-20260717-0031,EVT-20260717-0028
POL-20260717-0032,EVT-20260717-0012
POL-20260717-0033,EVT-20260717-0007
POL-20260717-0034,EVT-20260717-0018
POL-20260717-0035,EVT-20260717-0004
POL-20260717-0036,EVT-20260717-0049
POL-20260717-0037,EVT-20260717-0023
POL-20260717-0038,EVT-20260717-0017
POL-20260717-0039,EVT-20260717-0048
POL-20260717-0040,EVT-20260717-0043
POL-20260717-0041,EVT-20260717-0047
POL-20260717-0042,EVT-20260717-0005
POL-20260717-0043,EVT-20260717-0001
POL-20260717-0044,EVT-20260716-0037
POL-20260717-0045,EVT-20260717-0024
POL-20260717-0046,EVT-20260717-0019
POL-20260717-0047,EVT-20260716-0042
POL-20260717-0048,EVT-20260717-0040
POL-20260717-0049,EVT-20260717-0031
POL-20260717-0050,EVT-20260717-0033
POL-20260717-0051,EVT-20260717-0034
POL-20260717-0052,EVT-20260717-0036
POL-20260717-0053,EVT-20260717-0042
POL-20260717-0054,EVT-20260717-0007
POL-20260718-0001,EVT-20260713-0032
POL-20260718-0002,EVT-20260717-0015
POL-20260718-0003,EVT-20260718-0008
POL-20260718-0004,EVT-20260717-0036
POL-20260718-0005,EVT-20260718-0002
POL-20260718-0006,EVT-20260718-0004
POL-20260718-0007,EVT-20260718-0055
POL-20260718-0008,EVT-20260717-0030
POL-20260718-0009,EVT-20260718-0052
POL-20260718-0010,EVT-20260717-0040
POL-20260718-0011,EVT-20260717-0006
POL-20260718-0012,EVT-20260718-0067
POL-20260718-0013,EVT-20260717-0033
POL-20260718-0014,EVT-20260714-0025
POL-20260718-0015,EVT-20260717-0004
POL-20260718-0016,EVT-20260717-0032
POL-20260718-0017,EVT-20260717-0025
POL-20260718-0018,EVT-20260717-0041
POL-20260718-0019,EVT-20260717-0045
POL-20260718-0020,EVT-20260717-0020
POL-20260718-0021,EVT-20260718-0038
POL-20260718-0022,EVT-20260718-0066
POL-20260718-0023,EVT-20260717-0022
POL-20260718-0024,EVT-20260718-0068
POL-20260718-0025,EVT-20260718-0068
POL-20260718-0026,EVT-20260718-0005
POL-20260718-0027,EVT-20260718-0061
POL-20260718-0028,EVT-20260718-0006
POL-20260718-0029,EVT-20260718-0044
POL-20260718-0030,EVT-20260718-0006
POL-20260718-0031,EVT-20260718-0026
POL-20260718-0032,EVT-20260718-0009
POL-20260718-0033,EVT-20260718-0042
POL-20260718-0034,EVT-20260716-0039
POL-20260718-0035,EVT-20260717-0020
POL-20260718-0036,EVT-20260718-0026
POL-20260718-0037,EVT-20260718-0032
POL-20260718-0038,EVT-20260718-0027
POL-20260718-0039,EVT-20260718-0018
POL-20260718-0040,EVT-20260718-0020
POL-20260718-0041,EVT-20260718-0053
POL-20260718-0042,EVT-20260718-0059
POL-20260718-0043,EVT-20260718-0059
POL-20260718-0044,EVT-20260717-0026
POL-20260718-0045,EVT-20260718-0050
POL-20260718-0046,EVT-20260718-0035
POL-20260718-0047,EVT-20260718-0023
POL-20260718-0048,EVT-20260718-0048
POL-20260718-0049,EVT-20260718-0015
POL-20260718-0050,EVT-20260718-0053
POL-20260718-0051,EVT-20260717-0010
POL-20260718-0052,EVT-20260718-0058
POL-20260718-0053,EVT-20260718-0003
POL-20260718-0054,EVT-20260718-0037
POL-20260718-0055,EVT-20260718-0052
POL-20260718-0056,EVT-20260718-0027
POL-20260718-0057,EVT-20260718-0009
POL-20260718-0058,EVT-20260718-0045
POL-20260718-0059,EVT-20260717-0018
POL-20260718-0060,EVT-20260718-0031
POL-20260718-0061,EVT-20260717-0033
POL-20260718-0062,EVT-20260718-0063
POL-20260718-0063,EVT-20260718-0043
POL-20260718-0064,EVT-20260718-0029
POL-20260718-0065,EVT-20260717-0040
POL-20260718-0066,EVT-20260716-0039
POL-20260718-0067,EVT-20260718-0047
POL-20260718-0068,EVT-20260718-0010
POL-20260718-0069,EVT-20260718-0046
POL-20260718-0070,EVT-20260718-0070
POL-20260718-0071,EVT-20260718-0017
POL-20260718-0072,EVT-20260718-0049
POL-20260718-0073,EVT-20260718-0028
POL-20260718-0074,EVT-20260718-0011
POL-20260718-0075,EVT-20260718-0062
POL-20260718-0076,EVT-20260718-0045
POL-20260718-0077,EVT-20260718-0022
POL-20260718-0078,EVT-20260718-0034
POL-20260718-0079,EVT-20260718-0019
POL-20260718-0080,EVT-20260718-0039
POL-20260718-0081,EVT-20260718-0016
POL-20260718-0082,EVT-20260718-0065
POL-20260718-0083,EVT-20260718-0041
POL-20260718-0084,EVT-20260718-0030
POL-20260718-0085,EVT-20260718-0016
POL-20260718-0086,EVT-20260718-0053
POL-20260718-0087,EVT-20260718-0033
POL-20260718-0088,EVT-20260718-0006
POL-20260718-0089,EVT-20260718-0060
POL-20260718-0090,EVT-20260718-0057
POL-20260718-0091,EVT-20260718-0012
POL-20260718-0092,EVT-20260718-0025
POL-20260718-0093,EVT-20260718-0056
POL-20260718-0094,EVT-20260718-0040
POL-20260718-0095,EVT-20260718-0036
POL-20260718-0096,EVT-20260718-0021
POL-20260718-0097,EVT-20260718-0054
POL-20260718-0098,EVT-20260718-0064
POL-20260718-0099,EVT-20260718-0069
POL-20260719-0001,EVT-20260718-0009
POL-20260719-0002,EVT-20260718-0007
POL-20260719-0003,EVT-20260718-0011
POL-20260719-0004,EVT-20260719-0045
POL-20260719-0005,EVT-20260719-0031
POL-20260719-0006,EVT-20260718-0006
POL-20260719-0007,EVT-20260718-0051
POL-20260719-0008,EVT-20260718-0036
POL-20260719-0009,EVT-20260719-0015
POL-20260719-0010,EVT-20260718-0033
POL-20260719-0011,EVT-20260719-0044
POL-20260719-0012,EVT-20260718-0064
POL-20260719-0013,EVT-20260718-0045
POL-20260719-0014,EVT-20260718-0014
POL-20260719-0015,EVT-20260719-0022
POL-20260719-0016,EVT-20260718-0021
POL-20260719-0017,EVT-20260718-0011
POL-20260719-0018,EVT-20260719-0045
POL-20260719-0019,EVT-20260719-0008
POL-20260719-0020,EVT-20260718-0001
POL-20260719-0021,EVT-20260718-0051
POL-20260719-0022,EVT-20260719-0033
POL-20260719-0023,EVT-20260718-0024
POL-20260719-0024,EVT-20260719-0047
POL-20260719-0025,EVT-20260719-0024
POL-20260719-0026,EVT-20260719-0027
POL-20260719-0027,EVT-20260719-0044
POL-20260719-0028,EVT-20260719-0006
POL-20260719-0029,EVT-20260719-0035
POL-20260719-0030,EVT-20260719-0018
POL-20260719-0031,EVT-20260719-0048
POL-20260719-0032,EVT-20260718-0033
POL-20260719-0033,EVT-20260719-0004
POL-20260719-0034,EVT-20260719-0041
POL-20260719-0035,EVT-20260719-0034
POL-20260719-0036,EVT-20260718-0021
POL-20260719-0037,EVT-20260719-0036
POL-20260719-0038,EVT-20260719-0029
POL-20260719-0039,EVT-20260719-0020
POL-20260719-0040,EVT-20260719-0037
POL-20260719-0041,EVT-20260719-0039
POL-20260719-0042,EVT-20260719-0021
POL-20260719-0043,EVT-20260718-0029
POL-20260719-0044,EVT-20260718-0064
POL-20260719-0045,EVT-20260718-0037
POL-20260719-0046,EVT-20260719-0030
POL-20260719-0047,EVT-20260719-0010
POL-20260719-0048,EVT-20260718-0059
POL-20260719-0049,EVT-20260719-0042
POL-20260719-0050,EVT-20260719-0003
POL-20260719-0051,EVT-20260719-0005
POL-20260719-0052,EVT-20260719-0019
POL-20260719-0053,EVT-20260719-0013
POL-20260719-0054,EVT-20260719-0032
POL-20260719-0055,EVT-20260719-0025
POL-20260719-0056,EVT-20260719-0046
POL-20260719-0057,EVT-20260719-0040
POL-20260719-0058,EVT-20260719-0016
POL-20260719-0059,EVT-20260719-0011
POL-20260719-0060,EVT-20260719-0037
POL-20260719-0061,EVT-20260719-0009
POL-20260719-0062,EVT-20260719-0044
POL-20260719-0063,EVT-20260719-0028
POL-20260719-0064,EVT-20260719-0026
POL-20260719-0065,EVT-20260719-0007
POL-20260719-0066,EVT-20260719-0002
POL-20260719-0067,EVT-20260719-0019
POL-20260719-0068,EVT-20260716-0041
POL-20260719-0069,EVT-20260719-0038
POL-20260719-0070,EVT-20260719-0017
POL-20260719-0071,EVT-20260719-0001
POL-20260720-0001,EVT-20260720-0043
POL-20260720-0002,EVT-20260719-0001
POL-20260720-0003,EVT-20260719-0028
POL-20260720-0004,EVT-20260719-0011
POL-20260720-0005,EVT-20260718-0060
POL-20260720-0006,EVT-20260720-0014
POL-20260720-0007,EVT-20260719-0028
POL-20260720-0008,EVT-20260718-0013
POL-20260720-0009,EVT-20260719-0023
POL-20260720-0010,EVT-20260720-0015
POL-20260720-0011,EVT-20260720-0014
POL-20260720-0012,EVT-20260720-0046
POL-20260720-0013,EVT-20260719-0014
POL-20260720-0014,EVT-20260720-0016
POL-20260720-0015,EVT-20260720-0024
POL-20260720-0016,EVT-20260720-0015
POL-20260720-0017,EVT-20260720-0019
POL-20260720-0018,EVT-20260720-0037
POL-20260720-0019,EVT-20260717-0029
POL-20260720-0020,EVT-20260720-0023
POL-20260720-0021,EVT-20260720-0046
POL-20260720-0022,EVT-20260720-0017
POL-20260720-0023,EVT-20260720-0026
POL-20260720-0024,EVT-20260720-0041
POL-20260720-0025,EVT-20260720-0033
POL-20260720-0026,EVT-20260720-0020
POL-20260720-0027,EVT-20260719-0046
POL-20260720-0028,EVT-20260720-0032
POL-20260720-0029,EVT-20260720-0004
POL-20260720-0030,EVT-20260720-0001
POL-20260720-0031,EVT-20260720-0013
POL-20260720-0032,EVT-20260720-0028
POL-20260720-0033,EVT-20260720-0008
POL-20260720-0034,EVT-20260720-0011
POL-20260720-0035,EVT-20260720-0013
POL-20260720-0036,EVT-20260720-0005
POL-20260720-0037,EVT-20260720-0025
POL-20260720-0038,EVT-20260720-0007
POL-20260720-0039,EVT-20260720-0034
POL-20260720-0040,EVT-20260720-0047
POL-20260720-0041,EVT-20260720-0038
POL-20260720-0042,EVT-20260720-0045
POL-20260720-0043,EVT-20260720-0022
POL-20260720-0044,EVT-20260720-0021
POL-20260720-0045,EVT-20260720-0029
POL-20260720-0046,EVT-20260720-0006
POL-20260720-0047,EVT-20260720-0010
POL-20260720-0048,EVT-20260720-0005
POL-20260720-0049,EVT-20260720-0002
POL-20260720-0050,EVT-20260720-0006
POL-20260720-0051,EVT-20260720-0042
POL-20260720-0052,EVT-20260720-0040
POL-20260720-0053,EVT-20260720-0009
POL-20260720-0054,EVT-20260720-0030
POL-20260720-0055,EVT-20260720-0009
POL-20260721-0001,EVT-20260720-0018
POL-20260721-0002,EVT-20260720-0018
POL-20260721-0003,EVT-20260720-0013
POL-20260721-0004,EVT-20260719-0043
POL-20260721-0005,EVT-20260720-0005
POL-20260721-0006,EVT-20260720-0018
POL-20260721-0007,EVT-20260721-0049
POL-20260721-0008,EVT-20260721-0028
POL-20260721-0009,EVT-20260721-0049
POL-20260721-0010,EVT-20260721-0001
POL-20260721-0011,EVT-20260721-0028
POL-20260721-0012,EVT-20260720-0041
POL-20260721-0013,EVT-20260721-0009
POL-20260721-0014,EVT-20260721-0051
POL-20260721-0015,EVT-20260720-0036
POL-20260721-0016,EVT-20260721-0045
POL-20260721-0017,EVT-20260721-0043
POL-20260721-0018,EVT-20260720-0031
POL-20260721-0019,EVT-20260721-0017
POL-20260721-0020,EVT-20260720-0006
POL-20260721-0021,EVT-20260721-0036
POL-20260721-0022,EVT-20260720-0035
POL-20260721-0023,EVT-20260721-0049
POL-20260721-0024,EVT-20260720-0044
POL-20260721-0025,EVT-20260721-0052
POL-20260721-0026,EVT-20260721-0008
POL-20260721-0027,EVT-20260720-0012
POL-20260721-0028,EVT-20260716-0011
POL-20260721-0029,EVT-20260721-0045
POL-20260721-0030,EVT-20260721-0026
POL-20260721-0031,EVT-20260721-0026
POL-20260721-0032,EVT-20260721-0048
POL-20260721-0033,EVT-20260721-0048
POL-20260721-0034,EVT-20260721-0034
POL-20260721-0035,EVT-20260721-0022
POL-20260721-0036,EVT-20260721-0024
POL-20260721-0037,EVT-20260719-0012
POL-20260721-0038,EVT-20260721-0020
POL-20260721-0039,EVT-20260721-0024
POL-20260721-0040,EVT-20260721-0032
POL-20260721-0041,EVT-20260716-0002
POL-20260721-0042,EVT-20260721-0011
POL-20260721-0043,EVT-20260721-0011
POL-20260721-0044,EVT-20260721-0019
POL-20260721-0045,EVT-20260721-0046
POL-20260721-0046,EVT-20260721-0030
POL-20260721-0047,EVT-20260721-0031
POL-20260721-0048,EVT-20260721-0003
POL-20260721-0049,EVT-20260721-0012
POL-20260721-0050,EVT-20260721-0026
POL-20260721-0051,EVT-20260721-0002
POL-20260721-0052,EVT-20260718-0013
POL-20260721-0053,EVT-20260721-0024
POL-20260721-0054,EVT-20260721-0025
POL-20260721-0055,EVT-20260721-0049
POL-20260721-0056,EVT-20260721-0016
POL-20260721-0057,EVT-20260721-0034
POL-20260721-0058,EVT-20260721-0007
POL-20260721-0059,EVT-20260721-0041
POL-20260721-0060,EVT-20260721-0014
POL-20260721-0061,EVT-20260721-0047
POL-20260721-0062,EVT-20260721-0040
POL-20260721-0063,EVT-20260721-0027
POL-20260721-0064,EVT-20260721-0037
POL-20260721-0065,EVT-20260721-0021
POL-20260721-0066,EVT-20260721-0033
POL-20260721-0067,EVT-20260721-0033
POL-20260721-0068,EVT-20260721-0035
POL-20260721-0069,EVT-20260721-0010
POL-20260721-0070,EVT-20260721-0029
POL-20260721-0071,EVT-20260721-0018
POL-20260722-0001,EVT-20260722-0044
POL-20260722-0002,EVT-20260721-0005
POL-20260722-0003,EVT-20260721-0039
POL-20260722-0004,EVT-20260722-0003
POL-20260722-0005,EVT-20260722-0023
POL-20260722-0006,EVT-20260722-0040
POL-20260722-0007,EVT-20260720-0027
POL-20260722-0008,EVT-20260721-0031
POL-20260722-0009,EVT-20260721-0023
POL-20260722-0010,EVT-20260722-0013
POL-20260722-0011,EVT-20260722-0042
POL-20260722-0012,EVT-20260721-0013
POL-20260722-0013,EVT-20260721-0006
POL-20260722-0014,EVT-20260721-0011
POL-20260722-0015,EVT-20260721-0050
POL-20260722-0016,EVT-20260722-0009
POL-20260722-0017,EVT-20260721-0047
POL-20260722-0018,EVT-20260722-0040
POL-20260722-0019,EVT-20260721-0042
POL-20260722-0020,EVT-20260721-0044
POL-20260722-0021,EVT-20260722-0020
POL-20260722-0022,EVT-20260722-0026
POL-20260722-0023,EVT-20260719-0046
POL-20260722-0024,EVT-20260722-0012
POL-20260722-0025,EVT-20260722-0007
POL-20260722-0026,EVT-20260722-0001
POL-20260722-0027,EVT-20260721-0050
POL-20260722-0028,EVT-20260722-0028
POL-20260722-0029,EVT-20260722-0035
POL-20260722-0030,EVT-20260722-0046
POL-20260722-0031,EVT-20260721-0039
POL-20260722-0032,EVT-20260722-0040
POL-20260722-0033,EVT-20260722-0033
POL-20260722-0034,EVT-20260722-0030
POL-20260722-0035,EVT-20260722-0045
POL-20260722-0036,EVT-20260720-0041
POL-20260722-0037,EVT-20260722-0048
POL-20260722-0038,EVT-20260722-0017
POL-20260722-0039,EVT-20260722-0029
POL-20260722-0040,EVT-20260721-0034
POL-20260722-0041,EVT-20260722-0019
POL-20260722-0042,EVT-20260722-0010
POL-20260722-0043,EVT-20260722-0015
POL-20260722-0044,EVT-20260722-0029
POL-20260722-0045,EVT-20260722-0004
POL-20260722-0046,EVT-20260722-0030
POL-20260722-0047,EVT-20260722-0038
POL-20260722-0048,EVT-20260722-0021
POL-20260722-0049,EVT-20260722-0011
POL-20260722-0050,EVT-20260722-0024
POL-20260722-0051,EVT-20260722-0015
POL-20260722-0052,EVT-20260722-0032
POL-20260722-0053,EVT-20260722-0027
POL-20260722-0054,EVT-20260721-0011
POL-20260722-0055,EVT-20260722-0039
POL-20260722-0056,EVT-20260722-0008
POL-20260722-0057,EVT-20260722-0034
POL-20260723-0001,EVT-20260722-0006
POL-20260723-0002,EVT-20260722-0017
POL-20260723-0003,EVT-20260722-0016
POL-20260723-0004,EVT-20260722-0022
POL-20260723-0005,EVT-20260722-0030
POL-20260723-0006,EVT-20260722-0036
POL-20260723-0007,EVT-20260722-0025
POL-20260723-0008,EVT-20260722-0041
POL-20260723-0009,EVT-20260722-0031
POL-20260723-0010,EVT-20260722-0014
POL-20260723-0011,EVT-20260722-0047
POL-20260723-0012,EVT-20260723-0002
POL-20260723-0013,EVT-20260721-0015
POL-20260723-0014,EVT-20260723-0037
POL-20260723-0015,EVT-20260722-0005
POL-20260723-0016,EVT-20260723-0029
POL-20260723-0017,EVT-20260723-0033
POL-20260723-0018,EVT-20260723-0036
POL-20260723-0019,EVT-20260723-0035
POL-20260723-0020,EVT-20260723-0007
POL-20260723-0021,EVT-20260722-0043
POL-20260723-0022,EVT-20260723-0016
POL-20260723-0023,EVT-20260722-0034
POL-20260723-0024,EVT-20260723-0033
POL-20260723-0025,EVT-20260723-0017
POL-20260723-0026,EVT-20260723-0011
POL-20260723-0027,EVT-20260723-0010
POL-20260723-0028,EVT-20260721-0038
POL-20260723-0029,EVT-20260722-0048
POL-20260723-0030,EVT-20260723-0044
POL-20260723-0031,EVT-20260723-0022
POL-20260723-0032,EVT-20260723-0041
POL-20260723-0033,EVT-20260723-0019
POL-20260723-0034,EVT-20260723-0005
POL-20260723-0035,EVT-20260722-0018
POL-20260723-0036,EVT-20260720-0003
POL-20260723-0037,EVT-20260723-0038
POL-20260723-0038,EVT-20260723-0031
POL-20260723-0039,EVT-20260723-0031
POL-20260723-0040,EVT-20260723-0019
POL-20260723-0041,EVT-20260723-0017
POL-20260723-0042,EVT-20260723-0014
POL-20260723-0043,EVT-20260723-0044
POL-20260723-0044,EVT-20260722-0037
POL-20260723-0045,EVT-20260723-0034
POL-20260723-0046,EVT-20260723-0040
POL-20260723-0047,EVT-20260722-0002
POL-20260723-0048,EVT-20260723-0026
POL-20260723-0049,EVT-20260723-0043
POL-20260723-0050,EVT-20260723-0039
POL-20260723-0051,EVT-20260723-0008
POL-20260723-0052,EVT-20260723-0018
POL-20260723-0053,EVT-20260723-0001
POL-20260723-0054,EVT-20260723-0045
POL-20260723-0055,EVT-20260723-0042
POL-20260723-0056,EVT-20260723-0013
POL-20260723-0057,EVT-20260723-0024
POL-20260723-0058,EVT-20260723-0015
POL-20260723-0059,EVT-20260723-0027
POL-20260723-0060,EVT-20260723-0044
POL-20260723-0061,EVT-20260723-0021
POL-20260723-0062,EVT-20260723-0004
POL-20260723-0063,EVT-20260723-0011
POL-20260724-0001,EVT-20260723-0032
POL-20260724-0002,EVT-20260724-0020
POL-20260724-0003,EVT-20260723-0003
POL-20260724-0004,EVT-20260723-0015
POL-20260724-0005,EVT-20260724-0020
POL-20260724-0006,EVT-20260723-0011
POL-20260724-0007,EVT-20260723-0025
POL-20260724-0008,EVT-20260723-0012
POL-20260724-0009,EVT-20260724-0029
POL-20260724-0010,EVT-20260723-0030
POL-20260724-0011,EVT-20260724-0031
POL-20260724-0012,EVT-20260722-0031
POL-20260724-0013,EVT-20260723-0023
POL-20260724-0014,EVT-20260724-0037
POL-20260724-0015,EVT-20260721-0004
POL-20260724-0016,EVT-20260724-0017
POL-20260724-0017,EVT-20260724-0030
POL-20260724-0018,EVT-20260724-0005
POL-20260724-0019,EVT-20260724-0003
POL-20260724-0020,EVT-20260722-0005
POL-20260724-0021,EVT-20260724-0021
POL-20260724-0022,EVT-20260724-0020
POL-20260724-0023,EVT-20260723-0009
POL-20260724-0024,EVT-20260724-0028
POL-20260724-0025,EVT-20260724-0005
POL-20260724-0026,EVT-20260724-0013
POL-20260724-0027,EVT-20260723-0020
POL-20260724-0028,EVT-20260724-0035
POL-20260724-0029,EVT-20260723-0028
POL-20260724-0030,EVT-20260724-0024
POL-20260724-0031,EVT-20260724-0015
POL-20260724-0032,EVT-20260724-0002
POL-20260724-0033,EVT-20260724-0032
POL-20260724-0034,EVT-20260724-0011
POL-20260724-0035,EVT-20260724-0033
POL-20260724-0036,EVT-20260724-0026
POL-20260724-0037,EVT-20260724-0034
POL-20260724-0038,EVT-20260724-0014
POL-20260724-0039,EVT-20260724-0004
POL-20260724-0040,EVT-20260724-0023
POL-20260724-0041,EVT-20260724-0036
POL-20260724-0042,EVT-20260724-0022
POL-20260724-0043,EVT-20260724-0016
POL-20260724-0044,EVT-20260723-0004
POL-20260724-0045,EVT-20260724-0001
POL-20260724-0046,EVT-20260724-0005
POL-20260724-0047,EVT-20260724-0025
POL-20260724-0048,EVT-20260724-0007
POL-20260724-0049,EVT-20260724-0040
POL-20260724-0050,EVT-20260724-0039
POL-20260724-0051,EVT-20260724-0006
POL-20260724-0052,EVT-20260724-0019
POL-20260725-0001,EVT-20260724-0025
POL-20260725-0002,EVT-20260724-0006
POL-20260725-0003,EVT-20260724-0026
POL-20260725-0004,EVT-20260724-0008
POL-20260725-0005,EVT-20260725-0008
POL-20260725-0006,EVT-20260725-0010
POL-20260725-0007,EVT-20260723-0001
POL-20260725-0008,EVT-20260723-0033
POL-20260725-0009,EVT-20260725-0058
POL-20260725-0010,EVT-20260724-0019
POL-20260725-0011,EVT-20260725-0038
POL-20260725-0012,EVT-20260724-0006
POL-20260725-0013,EVT-20260724-0009
POL-20260725-0014,EVT-20260725-0018
POL-20260725-0015,EVT-20260725-0052
POL-20260725-0016,EVT-20260725-0038
POL-20260725-0017,EVT-20260725-0038
POL-20260725-0018,EVT-20260725-0044
POL-20260725-0019,EVT-20260725-0023
POL-20260725-0020,EVT-20260725-0060
POL-20260725-0021,EVT-20260725-0059
POL-20260725-0022,EVT-20260725-0013
POL-20260725-0023,EVT-20260725-0036
POL-20260725-0024,EVT-20260725-0003
POL-20260725-0025,EVT-20260725-0057
POL-20260725-0026,EVT-20260724-0027
POL-20260725-0027,EVT-20260725-0035
POL-20260725-0028,EVT-20260725-0007
POL-20260725-0029,EVT-20260725-0029
POL-20260725-0030,EVT-20260725-0012
POL-20260725-0031,EVT-20260725-0048
POL-20260725-0032,EVT-20260725-0053
POL-20260725-0033,EVT-20260725-0053
POL-20260725-0034,EVT-20260725-0024
POL-20260725-0035,EVT-20260725-0037
POL-20260725-0036,EVT-20260723-0006
POL-20260725-0037,EVT-20260725-0004
POL-20260725-0038,EVT-20260725-0033
POL-20260725-0039,EVT-20260725-0034
POL-20260725-0040,EVT-20260725-0056
POL-20260725-0041,EVT-20260725-0040
POL-20260725-0042,EVT-20260724-0010
POL-20260725-0043,EVT-20260725-0043
POL-20260725-0044,EVT-20260725-0045
POL-20260725-0045,EVT-20260720-0039
POL-20260725-0046,EVT-20260724-0018
POL-20260725-0047,EVT-20260725-0030
POL-20260725-0048,EVT-20260725-0025
POL-20260725-0049,EVT-20260725-0014
POL-20260725-0050,EVT-20260725-0053
POL-20260725-0051,EVT-20260725-0002
POL-20260725-0052,EVT-20260725-0050
POL-20260725-0053,EVT-20260725-0032
POL-20260725-0054,EVT-20260725-0031
POL-20260725-0055,EVT-20260725-0047
POL-20260725-0056,EVT-20260725-0028
POL-20260725-0057,EVT-20260725-0001
POL-20260725-0058,EVT-20260725-0022
POL-20260725-0059,EVT-20260725-0021
POL-20260725-0060,EVT-20260725-0009
POL-20260725-0061,EVT-20260725-0051
POL-20260725-0062,EVT-20260725-0046
POL-20260725-0063,EVT-20260725-0054
POL-20260726-0001,EVT-20260725-0042
POL-20260726-0002,EVT-20260725-0039
POL-20260726-0003,EVT-20260726-0007
POL-20260726-0004,EVT-20260726-0010
POL-20260726-0005,EVT-20260726-0038
POL-20260726-0006,EVT-20260726-0053
POL-20260726-0007,EVT-20260726-0053
POL-20260726-0008,EVT-20260726-0001
POL-20260726-0009,EVT-20260726-0019
POL-20260726-0010,EVT-20260726-0048
POL-20260726-0011,EVT-20260724-0026
POL-20260726-0012,EVT-20260725-0006
POL-20260726-0013,EVT-20260726-0044
POL-20260726-0014,EVT-20260725-0019
POL-20260726-0015,EVT-20260725-0026
POL-20260726-0016,EVT-20260726-0025
POL-20260726-0017,EVT-20260726-0062
POL-20260726-0018,EVT-20260726-0040
POL-20260726-0019,EVT-20260726-0014
POL-20260726-0020,EVT-20260726-0056
POL-20260726-0021,EVT-20260726-0023
POL-20260726-0022,EVT-20260726-0034
POL-20260726-0023,EVT-20260725-0006
POL-20260726-0024,EVT-20260726-0028
POL-20260726-0025,EVT-20260724-0012
POL-20260726-0026,EVT-20260726-0046
POL-20260726-0027,EVT-20260726-0010
POL-20260726-0028,EVT-20260726-0043
POL-20260726-0029,EVT-20260726-0043
POL-20260726-0030,EVT-20260726-0009
POL-20260726-0031,EVT-20260726-0057
POL-20260726-0032,EVT-20260726-0058
POL-20260726-0033,EVT-20260726-0051
POL-20260726-0034,EVT-20260726-0007
POL-20260726-0035,EVT-20260726-0036
POL-20260726-0036,EVT-20260724-0038
POL-20260726-0037,EVT-20260725-0027
POL-20260726-0038,EVT-20260726-0028
POL-20260726-0039,EVT-20260726-0057
POL-20260726-0040,EVT-20260726-0013
POL-20260726-0041,EVT-20260726-0040
POL-20260726-0042,EVT-20260726-0006
POL-20260726-0043,EVT-20260726-0054
POL-20260726-0044,EVT-20260726-0043
POL-20260726-0045,EVT-20260725-0031
POL-20260726-0046,EVT-20260725-0025
POL-20260726-0047,EVT-20260725-0016
POL-20260726-0048,EVT-20260726-0008
POL-20260726-0049,EVT-20260726-0021
POL-20260726-0050,EVT-20260726-0037
POL-20260726-0051,EVT-20260726-0061
POL-20260726-0052,EVT-20260724-0035
POL-20260726-0053,EVT-20260725-0011
POL-20260726-0054,EVT-20260726-0028
POL-20260726-0055,EVT-20260726-0027
POL-20260726-0056,EVT-20260726-0046
POL-20260726-0057,EVT-20260726-0030
POL-20260726-0058,EVT-20260726-0022
POL-20260726-0059,EVT-20260726-0043
POL-20260726-0060,EVT-20260726-0049
POL-20260726-0061,EVT-20260726-0050
POL-20260726-0062,EVT-20260726-0049
POL-20260726-0063,EVT-20260726-0041
POL-20260726-0064,EVT-20260725-0016
POL-20260726-0065,EVT-20260726-0045
POL-20260726-0066,EVT-20260725-0017
POL-20260726-0067,EVT-20260726-0059
POL-20260726-0068,EVT-20260725-0041
POL-20260726-0069,EVT-20260726-0032
POL-20260726-0070,EVT-20260726-0033
POL-20260726-0071,EVT-20260726-0047
POL-20260726-0072,EVT-20260726-0016
POL-20260726-0073,EVT-20260726-0011
POL-20260726-0074,EVT-20260726-0004
POL-20260726-0075,EVT-20260726-0007
POL-20260726-0076,EVT-20260726-0020
POL-20260726-0077,EVT-20260726-0017
POL-20260726-0078,EVT-20260726-0046
POL-20260726-0079,EVT-20260726-0031
POL-20260726-0080,EVT-20260726-0052
POL-20260726-0081,EVT-20260726-0003
POL-20260726-0082,EVT-20260726-0060
POL-20260726-0083,EVT-20260726-0064
POL-20260726-0084,EVT-20260726-0002
POL-20260726-0085,EVT-20260726-0026
POL-20260726-0086,EVT-20260726-0024
POL-20260726-0087,EVT-20260726-0013
POL-20260727-0001,EVT-20260726-0020
POL-20260727-0002,EVT-20260726-0042
POL-20260727-0003,EVT-20260726-0063
POL-20260727-0004,EVT-20260727-0016
POL-20260727-0005,EVT-20260726-0052
POL-20260727-0006,EVT-20260726-0049
POL-20260727-0007,EVT-20260726-0015
POL-20260727-0008,EVT-20260727-0032
POL-20260727-0009,EVT-20260726-0013
POL-20260727-0010,EVT-20260724-0026
POL-20260727-0011,EVT-20260726-0012
POL-20260727-0012,EVT-20260726-0018
POL-20260727-0013,EVT-20260727-0005
POL-20260727-0014,EVT-20260725-0015
POL-20260727-0015,EVT-20260727-0019
POL-20260727-0016,EVT-20260727-0011
POL-20260727-0017,EVT-20260727-0028
POL-20260727-0018,EVT-20260725-0025
POL-20260727-0019,EVT-20260726-0035
POL-20260727-0020,EVT-20260726-0039
POL-20260727-0021,EVT-20260727-0023
POL-20260727-0022,EVT-20260726-0059
POL-20260727-0023,EVT-20260727-0021
POL-20260727-0024,EVT-20260727-0014
POL-20260727-0025,EVT-20260727-0017
POL-20260727-0026,EVT-20260727-0017
POL-20260727-0027,EVT-20260727-0015
POL-20260727-0028,EVT-20260726-0020
POL-20260727-0029,EVT-20260727-0020
POL-20260727-0030,EVT-20260726-0005
POL-20260727-0031,EVT-20260727-0022
POL-20260727-0032,EVT-20260727-0023
POL-20260727-0033,EVT-20260727-0035
POL-20260727-0034,EVT-20260727-0020
POL-20260727-0035,EVT-20260727-0041
POL-20260727-0036,EVT-20260727-0037
POL-20260727-0037,EVT-20260726-0046
POL-20260727-0038,EVT-20260725-0049
POL-20260727-0039,EVT-20260725-0056
POL-20260727-0040,EVT-20260727-0017
POL-20260727-0041,EVT-20260727-0003
POL-20260727-0042,EVT-20260727-0042
POL-20260727-0043,EVT-20260727-0038
POL-20260727-0044,EVT-20260727-0039
POL-20260727-0045,EVT-20260727-0040
POL-20260727-0046,EVT-20260727-0025
POL-20260727-0047,EVT-20260727-0031
POL-20260727-0048,EVT-20260727-0009
POL-20260727-0049,EVT-20260727-0002
POL-20260727-0050,EVT-20260727-0033
POL-20260727-0051,EVT-20260727-0034
POL-20260727-0052,EVT-20260727-0033
POL-20260727-0053,EVT-20260727-0007
POL-20260727-0054,EVT-20260726-0035
POL-20260727-0055,EVT-20260727-0026
POL-20260727-0056,EVT-20260727-0006
POL-20260727-0057,EVT-20260727-0004
POL-20260727-0058,EVT-20260727-0027
POL-20260727-0059,EVT-20260727-0029
POL-20260727-0060,EVT-20260726-0035
POL-20260727-0061,EVT-20260727-0010
POL-20260727-0062,EVT-20260727-0004
POL-20260727-0063,EVT-20260727-0013
POL-20260727-0064,EVT-20260727-0033
POL-20260727-0065,EVT-20260727-0008
POL-20260727-0066,EVT-20260727-0012
POL-20260727-0067,EVT-20260727-0018
POL-20260727-0068,EVT-20260727-0008
POL-20260727-0069,EVT-20260726-0055
POL-20260728-0001,EVT-20260725-0055
POL-20260728-0002,EVT-20260728-0034
POL-20260728-0003,EVT-20260727-0013
POL-20260728-0004,EVT-20260728-0039
POL-20260728-0005,EVT-20260727-0030
POL-20260728-0006,EVT-20260727-0024
POL-20260728-0007,EVT-20260727-0001
POL-20260728-0008,EVT-20260728-0002
POL-20260728-0009,EVT-20260728-0002
POL-20260728-0010,EVT-20260728-0002
POL-20260728-0011,EVT-20260727-0036
POL-20260728-0012,EVT-20260728-0042
POL-20260728-0013,EVT-20260728-0046
POL-20260728-0014,EVT-20260728-0014
POL-20260728-0015,EVT-20260728-0048
POL-20260728-0016,EVT-20260728-0003
POL-20260728-0017,EVT-20260728-0030
POL-20260728-0018,EVT-20260727-0013
POL-20260728-0019,EVT-20260726-0029
POL-20260728-0020,EVT-20260728-0020
POL-20260728-0021,EVT-20260728-0032
POL-20260728-0022,EVT-20260728-0007
POL-20260728-0023,EVT-20260727-0007
POL-20260728-0024,EVT-20260728-0009
POL-20260728-0025,EVT-20260728-0038
POL-20260728-0026,EVT-20260727-0036
POL-20260728-0027,EVT-20260728-0043
POL-20260728-0028,EVT-20260728-0027
POL-20260728-0029,EVT-20260728-0032
POL-20260728-0030,EVT-20260728-0023
POL-20260728-0031,EVT-20260728-0025
POL-20260728-0032,EVT-20260728-0004
POL-20260728-0033,EVT-20260728-0001
POL-20260728-0034,EVT-20260728-0051
POL-20260728-0035,EVT-20260728-0029
POL-20260728-0036,EVT-20260728-0047
POL-20260728-0037,EVT-20260728-0035
POL-20260728-0038,EVT-20260728-0052
POL-20260728-0039,EVT-20260728-0010
POL-20260728-0040,EVT-20260728-0036
POL-20260728-0041,EVT-20260727-0017
POL-20260728-0042,EVT-20260728-0040
POL-20260728-0043,EVT-20260728-0011
POL-20260728-0044,EVT-20260728-0005
POL-20260728-0045,EVT-20260728-0026
POL-20260728-0046,EVT-20260728-0037
POL-20260728-0047,EVT-20260728-0024
POL-20260728-0048,EVT-20260728-0013
POL-20260728-0049,EVT-20260728-0045
POL-20260728-0050,EVT-20260728-0018
POL-20260728-0051,EVT-20260728-0006
POL-20260728-0052,EVT-20260728-0043
POL-20260728-0053,EVT-20260728-0052
POL-20260728-0054,EVT-20260728-0008
POL-20260728-0055,EVT-20260728-0044
POL-20260728-0056,EVT-20260728-0050
POL-20260728-0057,EVT-20260728-0031
POL-20260728-0058,EVT-20260728-0005
POL-20260728-0059,EVT-20260728-0043
POL-20260728-0060,EVT-20260728-0041
POL-20260729-0001,EVT-20260728-0028
POL-20260729-0002,EVT-20260728-0012
POL-20260729-0003,EVT-20260728-0053
POL-20260729-0004,EVT-20260729-0001
POL-20260729-0005,EVT-20260729-0028
POL-20260729-0006,EVT-20260729-0019
POL-20260729-0007,EVT-20260725-0005
POL-20260729-0008,EVT-20260729-0022
POL-20260729-0009,EVT-20260728-0021
POL-20260729-0010,EVT-20260729-0010
POL-20260729-0011,EVT-20260728-0017
POL-20260729-0012,EVT-20260727-0013
POL-20260729-0013,EVT-20260728-0011
POL-20260729-0014,EVT-20260728-0015
POL-20260729-0015,EVT-20260729-0009
POL-20260729-0016,EVT-20260728-0016
POL-20260729-0017,EVT-20260729-0020
POL-20260729-0018,EVT-20260725-0020
POL-20260729-0019,EVT-20260729-0026
POL-20260729-0020,EVT-20260729-0014
POL-20260729-0021,EVT-20260728-0005
POL-20260729-0022,EVT-20260729-0012
POL-20260729-0023,EVT-20260729-0047
POL-20260729-0024,EVT-20260729-0031
POL-20260729-0025,EVT-20260729-0015
POL-20260729-0026,EVT-20260729-0029
POL-20260729-0027,EVT-20260729-0007
POL-20260729-0028,EVT-20260729-0037
POL-20260729-0029,EVT-20260729-0035
POL-20260729-0030,EVT-20260729-0044
POL-20260729-0031,EVT-20260729-0027
POL-20260729-0032,EVT-20260729-0008
POL-20260729-0033,EVT-20260729-0007
POL-20260729-0034,EVT-20260729-0024
POL-20260729-0035,EVT-20260729-0047
POL-20260729-0036,EVT-20260728-0006
POL-20260729-0037,EVT-20260729-0014
POL-20260729-0038,EVT-20260729-0036
POL-20260729-0039,EVT-20260729-0028
POL-20260729-0040,EVT-20260729-0049
POL-20260729-0041,EVT-20260729-0003
POL-20260729-0042,EVT-20260729-0050
POL-20260729-0043,EVT-20260729-0038
POL-20260729-0044,EVT-20260729-0032
POL-20260729-0045,EVT-20260729-0013
POL-20260729-0046,EVT-20260729-0002
POL-20260729-0047,EVT-20260729-0004
POL-20260729-0048,EVT-20260729-0035
POL-20260729-0049,EVT-20260729-0031
POL-20260729-0050,EVT-20260729-0016
POL-20260729-0051,EVT-20260728-0022
POL-20260729-0052,EVT-20260728-0033
POL-20260729-0053,EVT-20260729-0021
POL-20260729-0054,EVT-20260729-0041
POL-20260729-0055,EVT-20260729-0039
POL-20260729-0056,EVT-20260729-0048
POL-20260729-0057,EVT-20260729-0011
POL-20260729-0058,EVT-20260729-0018
POL-20260729-0059,EVT-20260729-0043
POL-20260729-0060,EVT-20260729-0033
POL-20260730-0001,EVT-20260730-0033
POL-20260730-0002,EVT-20260729-0018
POL-20260730-0003,EVT-20260729-0046
POL-20260730-0004,EVT-20260730-0036
POL-20260730-0005,EVT-20260729-0018
POL-20260730-0006,EVT-20260730-0006
POL-20260730-0007,EVT-20260729-0030
POL-20260730-0008,EVT-20260730-0001
POL-20260730-0009,EVT-20260730-0024
POL-20260730-0010,EVT-20260730-0041
POL-20260730-0011,EVT-20260730-0011
POL-20260730-0012,EVT-20260729-0048
POL-20260730-0013,EVT-20260729-0018
POL-20260730-0014,EVT-20260730-0040
POL-20260730-0015,EVT-20260730-0004
POL-20260730-0016,EVT-20260730-0016
POL-20260730-0017,EVT-20260729-0034
POL-20260730-0018,EVT-20260729-0045
POL-20260730-0019,EVT-20260729-0025
POL-20260730-0020,EVT-20260730-0028
POL-20260730-0021,EVT-20260729-0039
POL-20260730-0022,EVT-20260730-0005
POL-20260730-0023,EVT-20260729-0042
POL-20260730-0024,EVT-20260730-0031
POL-20260730-0025,EVT-20260730-0029
POL-20260730-0026,EVT-20260730-0018
POL-20260730-0027,EVT-20260729-0006
POL-20260730-0028,EVT-20260730-0020
POL-20260730-0029,EVT-20260730-0040
POL-20260730-0030,EVT-20260728-0049
POL-20260730-0031,EVT-20260729-0036
POL-20260730-0032,EVT-20260730-0023
POL-20260730-0033,EVT-20260730-0012
POL-20260730-0034,EVT-20260730-0003
POL-20260730-0035,EVT-20260730-0021
POL-20260730-0036,EVT-20260730-0015
POL-20260730-0037,EVT-20260729-0040
POL-20260730-0038,EVT-20260730-0043
POL-20260730-0039,EVT-20260729-0011
POL-20260730-0040,EVT-20260730-0038
POL-20260730-0041,EVT-20260730-0030
POL-20260730-0042,EVT-20260729-0036
POL-20260730-0043,EVT-20260730-0025
POL-20260730-0044,EVT-20260730-0034
POL-20260730-0045,EVT-20260730-0017
POL-20260730-0046,EVT-20260730-0042
POL-20260730-0047,EVT-20260730-0019
POL-20260730-0048,EVT-20260730-0002
POL-20260730-0049,EVT-20260730-0026
POL-20260730-0050,EVT-20260730-0039
POL-20260730-0051,EVT-20260730-0013
POL-20260730-0052,EVT-20260730-0032
POL-20260730-0053,EVT-20260730-0027
POL-20260730-0054,EVT-20260729-0030
POL-20260730-0055,EVT-20260730-0032
POL-20260730-0056,EVT-20260730-0017
POL-20260731-0001,EVT-20260731-0020
POL-20260731-0002,EVT-20260731-0048
POL-20260731-0003,EVT-20260731-0024
POL-20260731-0004,EVT-20260729-0005
POL-20260731-0005,EVT-20260730-0037
POL-20260731-0006,EVT-20260730-0037
POL-20260731-0007,EVT-20260731-0036
POL-20260731-0008,EVT-20260729-0023
POL-20260731-0009,EVT-20260731-0018
POL-20260731-0010,EVT-20260731-0048
POL-20260731-0011,EVT-20260730-0044
POL-20260731-0012,EVT-20260731-0055
POL-20260731-0013,EVT-20260731-0009
POL-20260731-0014,EVT-20260731-0011
POL-20260731-0015,EVT-20260728-0054
POL-20260731-0016,EVT-20260730-0007
POL-20260731-0017,EVT-20260730-0010
POL-20260731-0018,EVT-20260729-0037
POL-20260731-0019,EVT-20260731-0023
POL-20260731-0020,EVT-20260730-0008
POL-20260731-0021,EVT-20260731-0008
POL-20260731-0022,EVT-20260731-0039
POL-20260731-0023,EVT-20260731-0015
POL-20260731-0024,EVT-20260730-0035
POL-20260731-0025,EVT-20260731-0040
POL-20260731-0026,EVT-20260731-0027
POL-20260731-0027,EVT-20260731-0050
POL-20260731-0028,EVT-20260731-0010
POL-20260731-0029,EVT-20260731-0011
POL-20260731-0030,EVT-20260731-0026
POL-20260731-0031,EVT-20260731-0059
POL-20260731-0032,EVT-20260731-0019
POL-20260731-0033,EVT-20260729-0017
POL-20260731-0034,EVT-20260731-0011
POL-20260731-0035,EVT-20260731-0049
POL-20260731-0036,EVT-20260731-0032
POL-20260731-0037,EVT-20260731-0058
POL-20260731-0038,EVT-20260731-0050
POL-20260731-0039,EVT-20260731-0057
POL-20260731-0040,EVT-20260731-0030
POL-20260731-0041,EVT-20260731-0031
POL-20260731-0042,EVT-20260731-0047
POL-20260731-0043,EVT-20260731-0056
POL-20260731-0044,EVT-20260731-0002
POL-20260731-0045,EVT-20260731-0014
POL-20260731-0046,EVT-20260731-0028
POL-20260731-0047,EVT-20260731-0013
POL-20260731-0048,EVT-20260731-0041
POL-20260731-0049,EVT-20260731-0022
POL-20260731-0050,EVT-20260731-0058
POL-20260731-0051,EVT-20260731-0042
POL-20260731-0052,EVT-20260731-0005
POL-20260731-0053,EVT-20260731-0045
POL-20260731-0054,EVT-20260731-0007
POL-20260731-0055,EVT-20260731-0016
POL-20260731-0056,EVT-20260731-0006
POL-20260731-0057,EVT-20260731-0003
POL-20260731-0058,EVT-20260731-0061
POL-20260731-0059,EVT-20260730-0022
POL-20260731-0060,EVT-20260731-0038
POL-20260731-0061,EVT-20260731-0061
POL-20260731-0062,EVT-20260731-0012
POL-20260731-0063,EVT-20260731-0054
POL-20260731-0064,EVT-20260731-0029
POL-20260731-0065,EVT-20260731-0004
POL-20260731-0066,EVT-20260731-0053
POL-20260731-0067,EVT-20260731-0033
POL-20260731-0068,EVT-20260731-0035
POL-20260731-0069,EVT-20260731-0061
POL-20260731-0070,EVT-20260730-0014
POL-20260731-0071,EVT-20260731-0025
POL-20260731-0072,EVT-20260730-0009
POL-20260731-0073,EVT-20260731-0046
POL-20260731-0074,EVT-20260731-0025
POL-20260801-0001,EVT-20260731-0017
POL-20260801-0002,EVT-20260801-0019
POL-20260801-0003,EVT-20260731-0021
POL-20260801-0004,EVT-20260801-0012
POL-20260801-0005,EVT-20260731-0043
POL-20260801-0006,EVT-20260801-0058
POL-20260801-0007,EVT-20260731-0034
POL-20260801-0008,EVT-20260801-0055
POL-20260801-0009,EVT-20260731-0037
POL-20260801-0010,EVT-20260801-0037
POL-20260801-0011,EVT-20260731-0046
POL-20260801-0012,EVT-20260731-0051
POL-20260801-0013,EVT-20260801-0002
POL-20260801-0014,EVT-20260801-0030
POL-20260801-0015,EVT-20260801-0012
POL-20260801-0016,EVT-20260801-0048
POL-20260801-0017,EVT-20260801-0036
POL-20260801-0018,EVT-20260728-0019
POL-20260801-0019,EVT-20260731-0044
POL-20260801-0020,EVT-20260801-0039
POL-20260801-0021,EVT-20260731-0007
POL-20260801-0022,EVT-20260801-0026
POL-20260801-0023,EVT-20260801-0060
POL-20260801-0024,EVT-20260801-0049
POL-20260801-0025,EVT-20260731-0001
POL-20260801-0026,EVT-20260801-0035
POL-20260801-0027,EVT-20260801-0048
POL-20260801-0028,EVT-20260801-0029
POL-20260801-0029,EVT-20260801-0040
POL-20260801-0030,EVT-20260801-0059
POL-20260801-0031,EVT-20260801-0021
POL-20260801-0032,EVT-20260801-0031
POL-20260801-0033,EVT-20260801-0024
POL-20260801-0034,EVT-20260801-0023
POL-20260801-0035,EVT-20260801-0004
POL-20260801-0036,EVT-20260801-0016
POL-20260801-0037,EVT-20260730-0009
POL-20260801-0038,EVT-20260801-0020
POL-20260801-0039,EVT-20260801-0009
POL-20260801-0040,EVT-20260801-0064
POL-20260801-0041,EVT-20260801-0003
POL-20260801-0042,EVT-20260801-0003
POL-20260801-0043,EVT-20260801-0018
POL-20260801-0044,EVT-20260801-0048
POL-20260801-0045,EVT-20260801-0032
POL-20260801-0046,EVT-20260801-0033
POL-20260801-0047,EVT-20260731-0033
POL-20260801-0048,EVT-20260801-0016
POL-20260801-0049,EVT-20260801-0015
POL-20260801-0050,EVT-20260801-0040
POL-20260801-0051,EVT-20260801-0040
POL-20260801-0052,EVT-20260801-0040
POL-20260801-0053,EVT-20260801-0025
POL-20260801-0054,EVT-20260731-0052
POL-20260801-0055,EVT-20260801-0034
POL-20260801-0056,EVT-20260801-0043
POL-20260801-0057,EVT-20260801-0051
POL-20260801-0058,EVT-20260801-0028
POL-20260801-0059,EVT-20260801-0056
POL-20260801-0060,EVT-20260801-0041
POL-20260801-0061,EVT-20260801-0024
POL-20260801-0062,EVT-20260801-0013
POL-20260801-0063,EVT-20260801-0017
POL-20260801-0064,EVT-20260801-0038
POL-20260801-0065,EVT-20260801-0003
POL-20260801-0066,EVT-20260801-0022
POL-20260801-0067,EVT-20260801-0008
POL-20260801-0068,EVT-20260801-0006
POL-20260801-0069,EVT-20260801-0062
POL-20260801-0070,EVT-20260801-0017
POL-20260801-0071,EVT-20260801-0010
POL-20260801-0072,EVT-20260801-0052
POL-20260801-0073,EVT-20260801-0063
POL-20260801-0074,EVT-20260801-0057
POL-20260801-0075,EVT-20260801-0027
POL-20260801-0076,EVT-20260801-0017
POL-20260801-0077,EVT-20260801-0005
POL-20260802-0001,EVT-20260802-0043
POL-20260802-0002,EVT-20260802-0017
POL-20260802-0003,EVT-20260802-0046
POL-20260802-0004,EVT-20260801-0014
POL-20260802-0005,EVT-20260801-0001
POL-20260802-0006,EVT-20260801-0042
POL-20260802-0007,EVT-20260801-0011
POL-20260802-0008,EVT-20260802-0020
POL-20260802-0009,EVT-20260802-0030
POL-20260802-0010,EVT-20260802-0042
POL-20260802-0011,EVT-20260802-0025
POL-20260802-0012,EVT-20260802-0023
POL-20260802-0013,EVT-20260801-0053
POL-20260802-0014,EVT-20260801-0028
POL-20260802-0015,EVT-20260801-0028
POL-20260802-0016,EVT-20260801-0045
POL-20260802-0017,EVT-20260801-0054
POL-20260802-0018,EVT-20260802-0003
POL-20260802-0019,EVT-20260802-0049
POL-20260802-0020,EVT-20260802-0035
POL-20260802-0021,EVT-20260801-0007
POL-20260802-0022,EVT-20260802-0042
POL-20260802-0023,EVT-20260801-0014
POL-20260802-0024,EVT-20260801-0003
POL-20260802-0025,EVT-20260802-0012
POL-20260802-0026,EVT-20260802-0019
POL-20260802-0027,EVT-20260802-0010
POL-20260802-0028,EVT-20260802-0045
POL-20260802-0029,EVT-20260802-0050
POL-20260802-0030,EVT-20260801-0044
POL-20260802-0031,EVT-20260801-0014
POL-20260802-0032,EVT-20260802-0005
POL-20260802-0033,EVT-20260802-0057
POL-20260802-0034,EVT-20260801-0027
POL-20260802-0035,EVT-20260802-0018
POL-20260802-0036,EVT-20260802-0016
POL-20260802-0037,EVT-20260801-0047
POL-20260802-0038,EVT-20260801-0061
POL-20260802-0039,EVT-20260801-0046
POL-20260802-0040,EVT-20260802-0048
POL-20260802-0041,EVT-20260731-0060
POL-20260802-0042,EVT-20260802-0002
POL-20260802-0043,EVT-20260802-0049
POL-20260802-0044,EVT-20260802-0052
POL-20260802-0045,EVT-20260802-0028
POL-20260802-0046,EVT-20260802-0055
POL-20260802-0047,EVT-20260802-0054
POL-20260802-0048,EVT-20260802-0014
POL-20260802-0049,EVT-20260802-0007
POL-20260802-0050,EVT-20260802-0004
POL-20260802-0051,EVT-20260802-0026
POL-20260802-0052,EVT-20260802-0037
POL-20260802-0053,EVT-20260802-0006
POL-20260802-0054,EVT-20260802-0011
POL-20260802-0055,EVT-20260802-0021
POL-20260802-0056,EVT-20260802-0033
POL-20260802-0057,EVT-20260802-0015
POL-20260802-0058,EVT-20260802-0029
POL-20260802-0059,EVT-20260802-0034
POL-20260802-0060,EVT-20260802-0031
POL-20260802-0061,EVT-20260802-0055
POL-20260802-0062,EVT-20260802-0013
POL-20260802-0063,EVT-20260802-0009
POL-20260802-0064,EVT-20260802-0021
POL-20260802-0065,EVT-20260802-0008
POL-20260802-0066,EVT-20260802-0047
POL-20260802-0067,EVT-20260802-0032
POL-20260802-0068,EVT-20260802-0058
POL-20260802-0069,EVT-20260802-0039
POL-20260802-0070,EVT-20260802-0038
POL-20260802-0071,EVT-20260802-0013
POL-20260802-0072,EVT-20260802-0056
POL-20260802-0073,EVT-20260802-0036
POL-20260803-0001,EVT-20260802-0053
POL-20260803-0002,EVT-20260803-0045
POL-20260803-0003,EVT-20260803-0044
POL-20260803-0004,EVT-20260802-0021
POL-20260803-0005,EVT-20260802-0001
POL-20260803-0006,EVT-20260803-0019
POL-20260803-0007,EVT-20260801-0047
POL-20260803-0008,EVT-20260802-0024
POL-20260803-0009,EVT-20260803-0014
POL-20260803-0010,EVT-20260803-0027
POL-20260803-0011,EVT-20260802-0055
POL-20260803-0012,EVT-20260803-0014
POL-20260803-0013,EVT-20260803-0023
POL-20260803-0014,EVT-20260803-0032
POL-20260803-0015,EVT-20260802-0009
POL-20260803-0016,EVT-20260802-0027
POL-20260803-0017,EVT-20260803-0014
POL-20260803-0018,EVT-20260803-0003
POL-20260803-0019,EVT-20260803-0027
POL-20260803-0020,EVT-20260803-0027
POL-20260803-0021,EVT-20260803-0010
POL-20260803-0022,EVT-20260802-0042
POL-20260803-0023,EVT-20260802-0058
POL-20260803-0024,EVT-20260801-0007
POL-20260803-0025,EVT-20260803-0022
POL-20260803-0026,EVT-20260803-0034
POL-20260803-0027,EVT-20260803-0039
POL-20260803-0028,EVT-20260803-0001
POL-20260803-0029,EVT-20260803-0052
POL-20260803-0030,EVT-20260803-0036
POL-20260803-0031,EVT-20260802-0041
POL-20260803-0032,EVT-20260803-0011
POL-20260803-0033,EVT-20260803-0012
POL-20260803-0034,EVT-20260803-0007
POL-20260803-0035,EVT-20260802-0058
POL-20260803-0036,EVT-20260803-0038
POL-20260803-0037,EVT-20260803-0009
POL-20260803-0038,EVT-20260803-0043
POL-20260803-0039,EVT-20260801-0050
POL-20260803-0040,EVT-20260803-0020
POL-20260803-0041,EVT-20260802-0040
POL-20260803-0042,EVT-20260803-0042
POL-20260803-0043,EVT-20260803-0013
POL-20260803-0044,EVT-20260802-0013
POL-20260803-0045,EVT-20260803-0046
POL-20260803-0046,EVT-20260803-0051
POL-20260803-0047,EVT-20260802-0009
POL-20260803-0048,EVT-20260803-0029
POL-20260803-0049,EVT-20260802-0036
POL-20260803-0050,EVT-20260803-0015
POL-20260803-0051,EVT-20260803-0004
POL-20260803-0052,EVT-20260803-0048
POL-20260803-0053,EVT-20260803-0025
POL-20260803-0054,EVT-20260803-0025
POL-20260803-0055,EVT-20260803-0041
POL-20260803-0056,EVT-20260803-0002
POL-20260803-0057,EVT-20260803-0028
POL-20260803-0058,EVT-20260803-0018
POL-20260803-0059,EVT-20260803-0040
POL-20260803-0060,EVT-20260803-0006
POL-20260803-0061,EVT-20260803-0017
POL-20260803-0062,EVT-20260803-0024
POL-20260803-0063,EVT-20260803-0016
POL-20260803-0064,EVT-20260731-0007
POL-20260803-0065,EVT-20260803-0037
POL-20260803-0066,EVT-20260803-0033
POL-20260803-0067,EVT-20260803-0026
POL-20260803-0068,EVT-20260803-0008
POL-20260803-0069,EVT-20260803-0035
POL-20260804-0001,EVT-20260802-0044
POL-20260804-0002,EVT-20260804-0021
POL-20260804-0003,EVT-20260803-0030
POL-20260804-0004,EVT-20260803-0049
POL-20260804-0005,EVT-20260803-0005
POL-20260804-0006,EVT-20260802-0022
POL-20260804-0007,EVT-20260804-0039
POL-20260804-0008,EVT-20260804-0029
POL-20260804-0009,EVT-20260803-0047
POL-20260804-0010,EVT-20260803-0053
POL-20260804-0011,EVT-20260804-0025
POL-20260804-0012,EVT-20260804-0012
POL-20260804-0013,EVT-20260804-0024
POL-20260804-0014,EVT-20260804-0015
POL-20260804-0015,EVT-20260803-0021
POL-20260804-0016,EVT-20260804-0009
POL-20260804-0017,EVT-20260804-0017
POL-20260804-0018,EVT-20260804-0007
POL-20260804-0019,EVT-20260804-0036
POL-20260804-0020,EVT-20260803-0031
POL-20260804-0021,EVT-20260804-0031
POL-20260804-0022,EVT-20260804-0033
POL-20260804-0023,EVT-20260802-0051
POL-20260804-0024,EVT-20260804-0006
POL-20260804-0025,EVT-20260804-0003
POL-20260804-0026,EVT-20260804-0020
POL-20260804-0027,EVT-20260804-0019
POL-20260804-0028,EVT-20260804-0028
POL-20260804-0029,EVT-20260804-0016
POL-20260804-0030,EVT-20260804-0011
POL-20260804-0031,EVT-20260804-0003
POL-20260804-0032,EVT-20260804-0030
POL-20260804-0033,EVT-20260804-0005
POL-20260804-0034,EVT-20260804-0026
POL-20260804-0035,EVT-20260804-0042
POL-20260804-0036,EVT-20260804-0004
POL-20260804-0037,EVT-20260804-0014
POL-20260804-0038,EVT-20260804-0019
POL-20260804-0039,EVT-20260804-0023
POL-20260804-0040,EVT-20260804-0037
POL-20260804-0041,EVT-20260804-0034
POL-20260804-0042,EVT-20260804-0018
POL-20260804-0043,EVT-20260804-0041
POL-20260804-0044,EVT-20260804-0035
POL-20260804-0045,EVT-20260804-0008
POL-20260804-0046,EVT-20260804-0019
POL-20260805-0001,EVT-20260805-0036
POL-20260805-0002,EVT-20260805-0023
POL-20260805-0003,EVT-20260804-0008
POL-20260805-0004,EVT-20260805-0054
POL-20260805-0005,EVT-20260804-0038
POL-20260805-0006,EVT-20260805-0037
POL-20260805-0007,EVT-20260805-0018
POL-20260805-0008,EVT-20260804-0038
POL-20260805-0009,EVT-20260804-0003
POL-20260805-0010,EVT-20260805-0032
POL-20260805-0011,EVT-20260804-0008
POL-20260805-0012,EVT-20260805-0032
POL-20260805-0013,EVT-20260804-0002
POL-20260805-0014,EVT-20260803-0050
POL-20260805-0015,EVT-20260804-0010
POL-20260805-0016,EVT-20260804-0027
POL-20260805-0017,EVT-20260804-0010
POL-20260805-0018,EVT-20260804-0032
POL-20260805-0019,EVT-20260805-0023
POL-20260805-0020,EVT-20260805-0063
POL-20260805-0021,EVT-20260805-0032
POL-20260805-0022,EVT-20260804-0013
POL-20260805-0023,EVT-20260805-0049
POL-20260805-0024,EVT-20260805-0035
POL-20260805-0025,EVT-20260805-0055
POL-20260805-0026,EVT-20260805-0067
POL-20260805-0027,EVT-20260805-0061
POL-20260805-0028,EVT-20260804-0001
POL-20260805-0029,EVT-20260805-0021
POL-20260805-0030,EVT-20260805-0013
POL-20260805-0031,EVT-20260805-0058
POL-20260805-0032,EVT-20260805-0002
POL-20260805-0033,EVT-20260804-0035
POL-20260805-0034,EVT-20260805-0022
POL-20260805-0035,EVT-20260805-0008
POL-20260805-0036,EVT-20260805-0070
POL-20260805-0037,EVT-20260804-0008
POL-20260805-0038,EVT-20260805-0050
POL-20260805-0039,EVT-20260805-0035
POL-20260805-0040,EVT-20260805-0007
POL-20260805-0041,EVT-20260805-0008
POL-20260805-0042,EVT-20260805-0052
POL-20260805-0043,EVT-20260805-0044
POL-20260805-0044,EVT-20260805-0057
POL-20260805-0045,EVT-20260805-0020
POL-20260805-0046,EVT-20260805-0025
POL-20260805-0047,EVT-20260805-0045
POL-20260805-0048,EVT-20260805-0053
POL-20260805-0049,EVT-20260805-0053
POL-20260805-0050,EVT-20260805-0009
POL-20260805-0051,EVT-20260805-0066
POL-20260805-0052,EVT-20260805-0051
POL-20260805-0053,EVT-20260805-0057
POL-20260805-0054,EVT-20260805-0030
POL-20260805-0055,EVT-20260805-0056
POL-20260805-0056,EVT-20260805-0064
POL-20260805-0057,EVT-20260805-0003
POL-20260805-0058,EVT-20260805-0045
POL-20260805-0059,EVT-20260805-0015
POL-20260805-0060,EVT-20260805-0022
POL-20260805-0061,EVT-20260805-0001
POL-20260805-0062,EVT-20260805-0064
POL-20260805-0063,EVT-20260805-0016
POL-20260805-0064,EVT-20260805-0010
POL-20260805-0065,EVT-20260805-0040
POL-20260805-0066,EVT-20260805-0065
POL-20260805-0067,EVT-20260805-0038
POL-20260805-0068,EVT-20260805-0006
POL-20260805-0069,EVT-20260805-0035
POL-20260805-0070,EVT-20260805-0047
POL-20260805-0071,EVT-20260805-0012
POL-20260805-0072,EVT-20260805-0043
POL-20260805-0073,EVT-20260805-0028
POL-20260805-0074,EVT-20260805-0027
POL-20260805-0075,EVT-20260805-0048
POL-20260805-0076,EVT-20260805-0042
POL-20260805-0077,EVT-20260805-0069
POL-20260805-0078,EVT-20260805-0022
POL-20260805-0079,EVT-20260805-0060
POL-20260805-0080,EVT-20260805-0017
POL-20260805-0081,EVT-20260805-0029
POL-20260805-0082,EVT-20260804-0022
POL-20260805-0083,EVT-20260805-0014
POL-20260805-0084,EVT-20260805-0019
POL-20260805-0085,EVT-20260805-0011
POL-20260805-0086,EVT-20260805-0062
POL-20260805-0087,EVT-20260805-0034
POL-20260805-0088,EVT-20260805-0024
POL-20260805-0089,EVT-20260805-0041
POL-20260805-0090,EVT-20260805-0027
POL-20260805-0091,EVT-20260805-0026
POL-20260806-0001,EVT-20260806-0025
POL-20260806-0002,EVT-20260805-0010
POL-20260806-0003,EVT-20260806-0008
POL-20260806-0004,EVT-20260805-0059
POL-20260806-0005,EVT-20260806-0014
POL-20260806-0006,EVT-20260805-0006
POL-20260806-0007,EVT-20260805-0053
POL-20260806-0008,EVT-20260805-0034
POL-20260806-0009,EVT-20260806-0054
POL-20260806-0010,EVT-20260806-0049
POL-20260806-0011,EVT-20260806-0059
POL-20260806-0012,EVT-20260805-0005
POL-20260806-0013,EVT-20260805-0003
POL-20260806-0014,EVT-20260805-0033
POL-20260806-0015,EVT-20260805-0006
POL-20260806-0016,EVT-20260806-0038
POL-20260806-0017,EVT-20260806-0032
POL-20260806-0018,EVT-20260805-0004
POL-20260806-0019,EVT-20260806-0034
POL-20260806-0020,EVT-20260805-0031
POL-20260806-0021,EVT-20260806-0037
POL-20260806-0022,EVT-20260805-0010
POL-20260806-0023,EVT-20260806-0002
POL-20260806-0024,EVT-20260801-0047
POL-20260806-0025,EVT-20260806-0050
POL-20260806-0026,EVT-20260805-0016
POL-20260806-0027,EVT-20260806-0035
POL-20260806-0028,EVT-20260806-0060
POL-20260806-0029,EVT-20260806-0062
POL-20260806-0030,EVT-20260806-0004
POL-20260806-0031,EVT-20260806-0016
POL-20260806-0032,EVT-20260805-0070
POL-20260806-0033,EVT-20260805-0068
POL-20260806-0034,EVT-20260806-0063
POL-20260806-0035,EVT-20260806-0021
POL-20260806-0036,EVT-20260806-0037
POL-20260806-0037,EVT-20260806-0024
POL-20260806-0038,EVT-20260806-0041
POL-20260806-0039,EVT-20260806-0055
POL-20260806-0040,EVT-20260806-0046
POL-20260806-0041,EVT-20260806-0036
POL-20260806-0042,EVT-20260805-0034
POL-20260806-0043,EVT-20260805-0039
POL-20260806-0044,EVT-20260804-0040
POL-20260806-0045,EVT-20260804-0028
POL-20260806-0046,EVT-20260806-0006
POL-20260806-0047,EVT-20260806-0020
POL-20260806-0048,EVT-20260806-0051
POL-20260806-0049,EVT-20260806-0021
POL-20260806-0050,EVT-20260806-0056
POL-20260806-0051,EVT-20260805-0027
POL-20260806-0052,EVT-20260806-0045
POL-20260806-0053,EVT-20260806-0042
POL-20260806-0054,EVT-20260806-0037
POL-20260806-0055,EVT-20260806-0058
POL-20260806-0056,EVT-20260806-0039
POL-20260806-0057,EVT-20260805-0046
POL-20260806-0058,EVT-20260806-0023
POL-20260806-0059,EVT-20260806-0026
POL-20260806-0060,EVT-20260806-0029
POL-20260806-0061,EVT-20260806-0044
POL-20260806-0062,EVT-20260806-0057
POL-20260806-0063,EVT-20260806-0037
POL-20260806-0064,EVT-20260806-0061
POL-20260806-0065,EVT-20260806-0015
POL-20260806-0066,EVT-20260806-0012
POL-20260806-0067,EVT-20260806-0013
POL-20260806-0068,EVT-20260806-0011
POL-20260806-0069,EVT-20260806-0052
POL-20260806-0070,EVT-20260806-0031
POL-20260806-0071,EVT-20260806-0052
POL-20260806-0072,EVT-20260806-0017
POL-20260806-0073,EVT-20260806-0001
POL-20260806-0074,EVT-20260806-0064
POL-20260806-0075,EVT-20260806-0009
POL-20260807-0001,EVT-20260806-0033
POL-20260807-0002,EVT-20260806-0011
POL-20260807-0003,EVT-20260807-0021
POL-20260807-0004,EVT-20260807-0039
POL-20260807-0005,EVT-20260806-0033
POL-20260807-0006,EVT-20260806-0027
POL-20260807-0007,EVT-20260807-0013
POL-20260807-0008,EVT-20260806-0040
POL-20260807-0009,EVT-20260807-0039
POL-20260807-0010,EVT-20260807-0029
POL-20260807-0011,EVT-20260807-0024
POL-20260807-0012,EVT-20260806-0053
POL-20260807-0013,EVT-20260806-0052
POL-20260807-0014,EVT-20260806-0030
POL-20260807-0015,EVT-20260806-0009
POL-20260807-0016,EVT-20260807-0021
POL-20260807-0017,EVT-20260807-0022
POL-20260807-0018,EVT-20260806-0022
POL-20260807-0019,EVT-20260807-0044
POL-20260807-0020,EVT-20260806-0011
POL-20260807-0021,EVT-20260806-0028
POL-20260807-0022,EVT-20260806-0019
POL-20260807-0023,EVT-20260806-0048
POL-20260807-0024,EVT-20260807-0019
POL-20260807-0025,EVT-20260806-0043
POL-20260807-0026,EVT-20260807-0039
POL-20260807-0027,EVT-20260807-0048
POL-20260807-0028,EVT-20260806-0047
POL-20260807-0029,EVT-20260807-0016
POL-20260807-0030,EVT-20260807-0001
POL-20260807-0031,EVT-20260807-0036
POL-20260807-0032,EVT-20260807-0027
POL-20260807-0033,EVT-20260807-0036
POL-20260807-0034,EVT-20260806-0007
POL-20260807-0035,EVT-20260807-0036
POL-20260807-0036,EVT-20260807-0006
POL-20260807-0037,EVT-20260807-0027
POL-20260807-0038,EVT-20260807-0009
POL-20260807-0039,EVT-20260807-0043
POL-20260807-0040,EVT-20260807-0011
POL-20260807-0041,EVT-20260806-0052
POL-20260807-0042,EVT-20260807-0014
POL-20260807-0043,EVT-20260807-0050
POL-20260807-0044,EVT-20260807-0036
POL-20260807-0045,EVT-20260807-0049
POL-20260807-0046,EVT-20260807-0003
POL-20260807-0047,EVT-20260807-0051
POL-20260807-0048,EVT-20260807-0023
POL-20260807-0049,EVT-20260807-0028
POL-20260807-0050,EVT-20260807-0035
POL-20260807-0051,EVT-20260807-0004
POL-20260807-0052,EVT-20260807-0040
POL-20260807-0053,EVT-20260805-0048
POL-20260807-0054,EVT-20260807-0026
POL-20260807-0055,EVT-20260807-0002
POL-20260807-0056,EVT-20260807-0004
POL-20260807-0057,EVT-20260807-0045
POL-20260807-0058,EVT-20260807-0015
POL-20260807-0059,EVT-20260807-0014
POL-20260807-0060,EVT-20260807-0047
POL-20260807-0061,EVT-20260807-0012
POL-20260807-0062,EVT-20260807-0038
POL-20260807-0063,EVT-20260807-0020
POL-20260807-0064,EVT-20260806-0018
POL-20260807-0065,EVT-20260807-0049
POL-20260807-0066,EVT-20260807-0032
POL-20260807-0067,EVT-20260807-0010
POL-20260807-0068,EVT-20260807-0034
POL-20260807-0069,EVT-20260807-0018
POL-20260807-0070,EVT-20260807-0033
POL-20260807-0071,EVT-20260807-0017
POL-20260807-0072,EVT-20260807-0045
POL-20260807-0073,EVT-20260807-0030
POL-20260808-0001,EVT-20260807-0005
POL-20260808-0002,EVT-20260807-0014
POL-20260808-0003,EVT-20260808-0021
POL-20260808-0004,EVT-20260808-0025
POL-20260808-0005,EVT-20260808-0037
POL-20260808-0006,EVT-20260807-0042
POL-20260808-0007,EVT-20260808-0011
POL-20260808-0008,EVT-20260808-0007
POL-20260808-0009,EVT-20260808-0036
POL-20260808-0010,EVT-20260805-0006
POL-20260808-0011,EVT-20260806-0005
POL-20260808-0012,EVT-20260808-0032
POL-20260808-0013,EVT-20260807-0040
POL-20260808-0014,EVT-20260808-0054
POL-20260808-0015,EVT-20260808-0048
POL-20260808-0016,EVT-20260808-0035
POL-20260808-0017,EVT-20260807-0037
POL-20260808-0018,EVT-20260808-0031
POL-20260808-0019,EVT-20260808-0012
POL-20260808-0020,EVT-20260808-0016
POL-20260808-0021,EVT-20260808-0007
POL-20260808-0022,EVT-20260807-0018
POL-20260808-0023,EVT-20260808-0006
POL-20260808-0024,EVT-20260808-0016
POL-20260808-0025,EVT-20260808-0004
POL-20260808-0026,EVT-20260808-0032
POL-20260808-0027,EVT-20260808-0040
POL-20260808-0028,EVT-20260808-0043
POL-20260808-0029,EVT-20260808-0022
POL-20260808-0030,EVT-20260808-0032
POL-20260808-0031,EVT-20260807-0040
POL-20260808-0032,EVT-20260808-0015
POL-20260808-0033,EVT-20260807-0050
POL-20260808-0034,EVT-20260808-0044
POL-20260808-0035,EVT-20260808-0014
POL-20260808-0036,EVT-20260808-0009
POL-20260808-0037,EVT-20260808-0057
POL-20260808-0038,EVT-20260807-0053
POL-20260808-0039,EVT-20260808-0001
POL-20260808-0040,EVT-20260808-0017
POL-20260808-0041,EVT-20260808-0055
POL-20260808-0042,EVT-20260808-0001
POL-20260808-0043,EVT-20260808-0050
POL-20260808-0044,EVT-20260808-0027
POL-20260808-0045,EVT-20260808-0030
POL-20260808-0046,EVT-20260808-0053
POL-20260808-0047,EVT-20260808-0031
POL-20260808-0048,EVT-20260806-0048
POL-20260808-0049,EVT-20260808-0013
POL-20260808-0050,EVT-20260808-0028
POL-20260808-0051,EVT-20260808-0005
POL-20260808-0052,EVT-20260808-0051
POL-20260808-0053,EVT-20260808-0009
POL-20260808-0054,EVT-20260807-0008
POL-20260808-0055,EVT-20260807-0007
POL-20260808-0056,EVT-20260808-0020
POL-20260808-0057,EVT-20260808-0033
POL-20260808-0058,EVT-20260806-0033
POL-20260808-0059,EVT-20260808-0046
POL-20260808-0060,EVT-20260808-0034
POL-20260808-0061,EVT-20260808-0041
POL-20260808-0062,EVT-20260807-0052
POL-20260808-0063,EVT-20260807-0041
POL-20260808-0064,EVT-20260808-0052
POL-20260808-0065,EVT-20260808-0026
POL-20260808-0066,EVT-20260808-0038
POL-20260808-0067,EVT-20260808-0019
POL-20260808-0068,EVT-20260808-0024
POL-20260808-0069,EVT-20260808-0038
POL-20260808-0070,EVT-20260808-0008
POL-20260808-0071,EVT-20260808-0003
POL-20260808-0072,EVT-20260808-0008
POL-20260808-0073,EVT-20260808-0018
POL-20260808-0074,EVT-20260808-0038
POL-20260809-0001,EVT-20260809-0051
POL-20260809-0002,EVT-20260809-0067
POL-20260809-0003,EVT-20260808-0049
POL-20260809-0004,EVT-20260808-0002
POL-20260809-0005,EVT-20260809-0017
POL-20260809-0006,EVT-20260809-0056
POL-20260809-0007,EVT-20260809-0019
POL-20260809-0008,EVT-20260809-0035
POL-20260809-0009,EVT-20260808-0052
POL-20260809-0010,EVT-20260808-0010
POL-20260809-0011,EVT-20260809-0027
POL-20260809-0012,EVT-20260809-0009
POL-20260809-0013,EVT-20260808-0002
POL-20260809-0014,EVT-20260807-0008
POL-20260809-0015,EVT-20260809-0068
POL-20260809-0016,EVT-20260808-0016
POL-20260809-0017,EVT-20260809-0007
POL-20260809-0018,EVT-20260809-0049
POL-20260809-0019,EVT-20260809-0006
POL-20260809-0020,EVT-20260807-0031
POL-20260809-0021,EVT-20260809-0019
POL-20260809-0022,EVT-20260809-0019
POL-20260809-0023,EVT-20260807-0008
POL-20260809-0024,EVT-20260809-0036
POL-20260809-0025,EVT-20260808-0034
POL-20260809-0026,EVT-20260808-0039
POL-20260809-0027,EVT-20260809-0051
POL-20260809-0028,EVT-20260809-0049
POL-20260809-0029,EVT-20260809-0051
POL-20260809-0030,EVT-20260808-0038
POL-20260809-0031,EVT-20260809-0019
POL-20260809-0032,EVT-20260809-0030
POL-20260809-0033,EVT-20260809-0024
POL-20260809-0034,EVT-20260809-0045
POL-20260809-0035,EVT-20260809-0039
POL-20260809-0036,EVT-20260809-0021
POL-20260809-0037,EVT-20260809-0021
POL-20260809-0038,EVT-20260809-0029
POL-20260809-0039,EVT-20260809-0010
POL-20260809-0040,EVT-20260809-0039
POL-20260809-0041,EVT-20260809-0041
POL-20260809-0042,EVT-20260809-0054
POL-20260809-0043,EVT-20260809-0003
POL-20260809-0044,EVT-20260808-0008
POL-20260809-0045,EVT-20260808-0047
POL-20260809-0046,EVT-20260809-0005
POL-20260809-0047,EVT-20260809-0001
POL-20260809-0048,EVT-20260807-0046
POL-20260809-0049,EVT-20260808-0042
POL-20260809-0050,EVT-20260809-0002
POL-20260809-0051,EVT-20260809-0061
POL-20260809-0052,EVT-20260809-0027
POL-20260809-0053,EVT-20260809-0009
POL-20260809-0054,EVT-20260808-0016
POL-20260809-0055,EVT-20260809-0013
POL-20260809-0056,EVT-20260809-0055
POL-20260809-0057,EVT-20260809-0013
POL-20260809-0058,EVT-20260809-0065
POL-20260809-0059,EVT-20260809-0060
POL-20260809-0060,EVT-20260809-0064
POL-20260809-0061,EVT-20260809-0042
POL-20260809-0062,EVT-20260809-0022
POL-20260809-0063,EVT-20260809-0041
POL-20260809-0064,EVT-20260809-0043
POL-20260809-0065,EVT-20260809-0062
POL-20260809-0066,EVT-20260809-0050
POL-20260809-0067,EVT-20260809-0033
POL-20260809-0068,EVT-20260809-0064
POL-20260809-0069,EVT-20260809-0037
POL-20260809-0070,EVT-20260809-0038
POL-20260809-0071,EVT-20260806-0003
POL-20260809-0072,EVT-20260809-0014
POL-20260809-0073,EVT-20260809-0028
POL-20260809-0074,EVT-20260809-0046
POL-20260809-0075,EVT-20260808-0056
POL-20260809-0076,EVT-20260809-0025
POL-20260809-0077,EVT-20260809-0063
POL-20260809-0078,EVT-20260809-0063
POL-20260809-0079,EVT-20260809-0053
POL-20260809-0080,EVT-20260809-0023
POL-20260809-0081,EVT-20260809-0034
POL-20260809-0082,EVT-20260809-0026
POL-20260809-0083,EVT-20260809-0059
POL-20260809-0084,EVT-20260809-0008
POL-20260809-0085,EVT-20260809-0027
POL-20260809-0086,EVT-20260809-0011
POL-20260809-0087,EVT-20260808-0057
POL-20260809-0088,EVT-20260809-0048
POL-20260809-0089,EVT-20260809-0032
POL-20260809-0090,EVT-20260809-0004
POL-20260809-0091,EVT-20260809-0009
POL-20260809-0092,EVT-20260809-0050
POL-20260809-0093,EVT-20260809-0012
POL-20260809-0094,EVT-20260809-0031
POL-20260809-0095,EVT-20260809-0044
POL-20260809-0096,EVT-20260809-0041
POL-20260809-0097,EVT-20260809-0026
POL-20260809-0098,EVT-20260809-0047
POL-20260809-0099,EVT-20260809-0052
POL-20260809-0100,EVT-20260809-0066
POL-20260809-0101,EVT-20260808-0058
POL-20260809-0102,EVT-20260809-0063
POL-20260810-0001,EVT-20260809-0026
POL-20260810-0002,EVT-20260810-0034
POL-20260810-0003,EVT-20260809-0058
POL-20260810-0004,EVT-20260810-0015
POL-20260810-0005,EVT-20260809-0055
POL-20260810-0006,EVT-20260809-0046
POL-20260810-0007,EVT-20260809-0020
POL-20260810-0008,EVT-20260809-0052
POL-20260810-0009,EVT-20260809-0008
POL-20260810-0010,EVT-20260809-0018
POL-20260810-0011,EVT-20260809-0055
POL-20260810-0012,EVT-20260808-0023
POL-20260810-0013,EVT-20260810-0040
POL-20260810-0014,EVT-20260810-0038
POL-20260810-0015,EVT-20260809-0044
POL-20260810-0016,EVT-20260810-0018
POL-20260810-0017,EVT-20260809-0040
POL-20260810-0018,EVT-20260810-0017
POL-20260810-0019,EVT-20260810-0001
POL-20260810-0020,EVT-20260810-0025
POL-20260810-0021,EVT-20260810-0021
POL-20260810-0022,EVT-20260810-0029
POL-20260810-0023,EVT-20260810-0033
POL-20260810-0024,EVT-20260810-0042
POL-20260810-0025,EVT-20260810-0023
POL-20260810-0026,EVT-20260810-0005
POL-20260810-0027,EVT-20260810-0014
POL-20260810-0028,EVT-20260810-0037
POL-20260810-0029,EVT-20260810-0011
POL-20260810-0030,EVT-20260809-0015
POL-20260810-0031,EVT-20260810-0016
POL-20260810-0032,EVT-20260810-0043
POL-20260810-0033,EVT-20260810-0014
POL-20260810-0034,EVT-20260810-0021
POL-20260810-0035,EVT-20260810-0019
POL-20260810-0036,EVT-20260810-0019
POL-20260810-0037,EVT-20260810-0004
POL-20260810-0038,EVT-20260810-0024
POL-20260810-0039,EVT-20260808-0029
POL-20260810-0040,EVT-20260810-0012
POL-20260810-0041,EVT-20260810-0026
POL-20260810-0042,EVT-20260810-0031
POL-20260810-0043,EVT-20260810-0038
POL-20260810-0044,EVT-20260810-0038
POL-20260810-0045,EVT-20260810-0020
POL-20260810-0046,EVT-20260809-0052
POL-20260810-0047,EVT-20260810-0028
POL-20260810-0048,EVT-20260809-0044
POL-20260810-0049,EVT-20260810-0010
POL-20260810-0050,EVT-20260810-0013
POL-20260810-0051,EVT-20260810-0027
POL-20260810-0052,EVT-20260810-0007
POL-20260810-0053,EVT-20260810-0014
POL-20260810-0054,EVT-20260810-0009
POL-20260810-0055,EVT-20260809-0033
POL-20260810-0056,EVT-20260809-0016
POL-20260810-0057,EVT-20260810-0044
POL-20260810-0058,EVT-20260810-0019
POL-20260810-0059,EVT-20260810-0007
POL-20260810-0060,EVT-20260810-0028
POL-20260810-0061,EVT-20260810-0036
POL-20260810-0062,EVT-20260806-0010
POL-20260810-0063,EVT-20260810-0004
POL-20260810-0064,EVT-20260810-0006
POL-20260810-0065,EVT-20260810-0002
POL-20260810-0066,EVT-20260810-0030
POL-20260810-0067,EVT-20260810-0003
POL-20260811-0001,EVT-20260811-0013
POL-20260811-0002,EVT-20260811-0007
POL-20260811-0003,EVT-20260811-0024
POL-20260811-0004,EVT-20260811-0001
POL-20260811-0005,EVT-20260810-0035
POL-20260811-0006,EVT-20260811-0018
POL-20260811-0007,EVT-20260810-0041
POL-20260811-0008,EVT-20260809-0013
POL-20260811-0009,EVT-20260811-0012
POL-20260811-0010,EVT-20260809-0022
POL-20260811-0011,EVT-20260810-0008
POL-20260811-0012,EVT-20260810-0015
POL-20260811-0013,EVT-20260807-0031
POL-20260811-0014,EVT-20260810-0022
POL-20260811-0015,EVT-20260811-0009
POL-20260811-0016,EVT-20260811-0006
POL-20260811-0017,EVT-20260811-0008
POL-20260811-0018,EVT-20260811-0008
POL-20260811-0019,EVT-20260811-0038
POL-20260811-0020,EVT-20260811-0034
POL-20260811-0021,EVT-20260811-0035
POL-20260811-0022,EVT-20260811-0006
POL-20260811-0023,EVT-20260811-0015
POL-20260811-0024,EVT-20260811-0031
POL-20260811-0025,EVT-20260808-0045
POL-20260811-0026,EVT-20260810-0045
POL-20260811-0027,EVT-20260810-0032
POL-20260811-0028,EVT-20260811-0006
POL-20260811-0029,EVT-20260811-0036
POL-20260811-0030,EVT-20260810-0026
POL-20260811-0031,EVT-20260811-0020
POL-20260811-0032,EVT-20260811-0004
POL-20260811-0033,EVT-20260811-0028
POL-20260811-0034,EVT-20260810-0007
POL-20260811-0035,EVT-20260811-0044
POL-20260811-0036,EVT-20260811-0005
POL-20260811-0037,EVT-20260811-0034
POL-20260811-0038,EVT-20260811-0037
POL-20260811-0039,EVT-20260811-0029
POL-20260811-0040,EVT-20260811-0002
POL-20260811-0041,EVT-20260811-0039
POL-20260811-0042,EVT-20260811-0042
POL-20260811-0043,EVT-20260811-0025
POL-20260811-0044,EVT-20260811-0022
POL-20260811-0045,EVT-20260811-0017
POL-20260811-0046,EVT-20260811-0033
POL-20260811-0047,EVT-20260811-0022
POL-20260811-0048,EVT-20260811-0040
POL-20260811-0049,EVT-20260811-0021
POL-20260811-0050,EVT-20260811-0019
POL-20260811-0051,EVT-20260811-0030
POL-20260811-0052,EVT-20260811-0011
POL-20260811-0053,EVT-20260811-0004
POL-20260811-0054,EVT-20260811-0003
POL-20260811-0055,EVT-20260811-0032
POL-20260812-0001,EVT-20260811-0033
POL-20260812-0002,EVT-20260812-0016
POL-20260812-0003,EVT-20260811-0019
POL-20260812-0004,EVT-20260811-0010
POL-20260812-0005,EVT-20260811-0043
POL-20260812-0006,EVT-20260812-0019
POL-20260812-0007,EVT-20260811-0019
POL-20260812-0008,EVT-20260812-0049
POL-20260812-0009,EVT-20260812-0048
POL-20260812-0010,EVT-20260812-0049
POL-20260812-0011,EVT-20260811-0017
POL-20260812-0012,EVT-20260810-0029
POL-20260812-0013,EVT-20260811-0003
POL-20260812-0014,EVT-20260812-0032
POL-20260812-0015,EVT-20260812-0034
POL-20260812-0016,EVT-20260812-0027
POL-20260812-0017,EVT-20260812-0041
POL-20260812-0018,EVT-20260812-0044
POL-20260812-0019,EVT-20260812-0049
POL-20260812-0020,EVT-20260812-0056
POL-20260812-0021,EVT-20260812-0023
POL-20260812-0022,EVT-20260812-0017
POL-20260812-0023,EVT-20260812-0059
POL-20260812-0024,EVT-20260812-0011
POL-20260812-0025,EVT-20260812-0026
POL-20260812-0026,EVT-20260812-0014
POL-20260812-0027,EVT-20260812-0039
POL-20260812-0028,EVT-20260812-0026
POL-20260812-0029,EVT-20260812-0045
POL-20260812-0030,EVT-20260812-0005
POL-20260812-0031,EVT-20260811-0027
POL-20260812-0032,EVT-20260812-0021
POL-20260812-0033,EVT-20260811-0023
POL-20260812-0034,EVT-20260812-0026
POL-20260812-0035,EVT-20260812-0055
POL-20260812-0036,EVT-20260812-0013
POL-20260812-0037,EVT-20260812-0049
POL-20260812-0038,EVT-20260812-0012
POL-20260812-0039,EVT-20260812-0053
POL-20260812-0040,EVT-20260812-0052
POL-20260812-0041,EVT-20260812-0058
POL-20260812-0042,EVT-20260812-0025
POL-20260812-0043,EVT-20260812-0035
POL-20260812-0044,EVT-20260812-0046
POL-20260812-0045,EVT-20260812-0038
POL-20260812-0046,EVT-20260812-0031
POL-20260812-0047,EVT-20260812-0057
POL-20260812-0048,EVT-20260812-0022
POL-20260812-0049,EVT-20260812-0061
POL-20260812-0050,EVT-20260812-0037
POL-20260812-0051,EVT-20260812-0003
POL-20260812-0052,EVT-20260812-0006
POL-20260812-0053,EVT-20260812-0009
POL-20260812-0054,EVT-20260812-0008
POL-20260812-0055,EVT-20260812-0004
POL-20260812-0056,EVT-20260812-0033
POL-20260812-0057,EVT-20260809-0002
POL-20260812-0058,EVT-20260812-0061
POL-20260812-0059,EVT-20260812-0054
POL-20260812-0060,EVT-20260812-0020
POL-20260812-0061,EVT-20260812-0051
POL-20260812-0062,EVT-20260812-0008
POL-20260812-0063,EVT-20260812-0040
POL-20260812-0064,EVT-20260812-0008
POL-20260812-0065,EVT-20260812-0050
POL-20260812-0066,EVT-20260812-0040
POL-20260813-0001,EVT-20260812-0029
POL-20260813-0002,EVT-20260812-0006
POL-20260813-0003,EVT-20260812-0036
POL-20260813-0004,EVT-20260813-0021
POL-20260813-0005,EVT-20260812-0051
POL-20260813-0006,EVT-20260812-0026
POL-20260813-0007,EVT-20260812-0061
POL-20260813-0008,EVT-20260811-0041
POL-20260813-0009,EVT-20260812-0042
POL-20260813-0010,EVT-20260812-0028
POL-20260813-0011,EVT-20260813-0040
POL-20260813-0012,EVT-20260813-0021
POL-20260813-0013,EVT-20260812-0060
POL-20260813-0014,EVT-20260813-0014
POL-20260813-0015,EVT-20260813-0010
POL-20260813-0016,EVT-20260813-0053
POL-20260813-0017,EVT-20260812-0040
POL-20260813-0018,EVT-20260813-0013
POL-20260813-0019,EVT-20260813-0003
POL-20260813-0020,EVT-20260813-0054
POL-20260813-0021,EVT-20260813-0056
POL-20260813-0022,EVT-20260812-0051
POL-20260813-0023,EVT-20260813-0013
POL-20260813-0024,EVT-20260809-0057
POL-20260813-0025,EVT-20260813-0027
POL-20260813-0026,EVT-20260812-0043
POL-20260813-0027,EVT-20260813-0021
POL-20260813-0028,EVT-20260813-0001
POL-20260813-0029,EVT-20260812-0040
POL-20260813-0030,EVT-20260812-0047
POL-20260813-0031,EVT-20260812-0007
POL-20260813-0032,EVT-20260813-0018
POL-20260813-0033,EVT-20260812-0061
POL-20260813-0034,EVT-20260812-0015
POL-20260813-0035,EVT-20260813-0042
POL-20260813-0036,EVT-20260812-0024
POL-20260813-0037,EVT-20260812-0018
POL-20260813-0038,EVT-20260812-0057
POL-20260813-0039,EVT-20260812-0001
POL-20260813-0040,EVT-20260813-0050
POL-20260813-0041,EVT-20260813-0057
POL-20260813-0042,EVT-20260812-0058
POL-20260813-0043,EVT-20260813-0013
POL-20260813-0044,EVT-20260813-0013
POL-20260813-0045,EVT-20260813-0020
POL-20260813-0046,EVT-20260813-0030
POL-20260813-0047,EVT-20260813-0038
POL-20260813-0048,EVT-20260813-0057
POL-20260813-0049,EVT-20260813-0040
POL-20260813-0050,EVT-20260813-0049
POL-20260813-0051,EVT-20260813-0017
POL-20260813-0052,EVT-20260813-0043
POL-20260813-0053,EVT-20260813-0036
POL-20260813-0054,EVT-20260813-0007
POL-20260813-0055,EVT-20260813-0016
POL-20260813-0056,EVT-20260813-0024
POL-20260813-0057,EVT-20260813-0008
POL-20260813-0058,EVT-20260813-0052
POL-20260813-0059,EVT-20260813-0009
POL-20260813-0060,EVT-20260813-0037
POL-20260813-0061,EVT-20260813-0032
POL-20260813-0062,EVT-20260807-0025
POL-20260813-0063,EVT-20260813-0057
POL-20260813-0064,EVT-20260813-0046
POL-20260813-0065,EVT-20260813-0005
POL-20260813-0066,EVT-20260813-0004
POL-20260813-0067,EVT-20260813-0051
POL-20260813-0068,EVT-20260813-0006
POL-20260813-0069,EVT-20260812-0006
POL-20260813-0070,EVT-20260813-0009
POL-20260813-0071,EVT-20260813-0055
POL-20260813-0072,EVT-20260813-0028
POL-20260814-0001,EVT-20260814-0018
POL-20260814-0002,EVT-20260811-0026
POL-20260814-0003,EVT-20260813-0023
POL-20260814-0004,EVT-20260813-0029
POL-20260814-0005,EVT-20260813-0011
POL-20260814-0006,EVT-20260813-0034
POL-20260814-0007,EVT-20260813-0017
POL-20260814-0008,EVT-20260813-0025
POL-20260814-0009,EVT-20260813-0055
POL-20260814-0010,EVT-20260813-0002
POL-20260814-0011,EVT-20260814-0025
POL-20260814-0012,EVT-20260814-0017
POL-20260814-0013,EVT-20260814-0001
POL-20260814-0014,EVT-20260812-0030
POL-20260814-0015,EVT-20260813-0048
POL-20260814-0016,EVT-20260813-0048
POL-20260814-0017,EVT-20260813-0035
POL-20260814-0018,EVT-20260812-0010
POL-20260814-0019,EVT-20260814-0041
POL-20260814-0020,EVT-20260813-0045
POL-20260814-0021,EVT-20260811-0014
POL-20260814-0022,EVT-20260813-0041
POL-20260814-0023,EVT-20260814-0001
POL-20260814-0024,EVT-20260814-0021
POL-20260814-0025,EVT-20260814-0037
POL-20260814-0026,EVT-20260814-0042
POL-20260814-0027,EVT-20260813-0012
POL-20260814-0028,EVT-20260814-0003
POL-20260814-0029,EVT-20260813-0036
POL-20260814-0030,EVT-20260814-0033
POL-20260814-0031,EVT-20260813-0039
POL-20260814-0032,EVT-20260814-0015
POL-20260814-0033,EVT-20260814-0005
POL-20260814-0034,EVT-20260814-0031
POL-20260814-0035,EVT-20260814-0003
POL-20260814-0036,EVT-20260814-0002
POL-20260814-0037,EVT-20260814-0012
POL-20260814-0038,EVT-20260814-0009
POL-20260814-0039,EVT-20260814-0022
POL-20260814-0040,EVT-20260814-0019
POL-20260814-0041,EVT-20260814-0025
POL-20260814-0042,EVT-20260814-0013
POL-20260814-0043,EVT-20260814-0024
POL-20260814-0044,EVT-20260814-0016
POL-20260814-0045,EVT-20260814-0039
POL-20260814-0046,EVT-20260814-0036
POL-20260814-0047,EVT-20260814-0028
POL-20260814-0048,EVT-20260814-0032
POL-20260814-0049,EVT-20260813-0044
POL-20260814-0050,EVT-20260814-0026
POL-20260814-0051,EVT-20260814-0027
POL-20260814-0052,EVT-20260814-0040
POL-20260814-0053,EVT-20260814-0035
POL-20260814-0054,EVT-20260812-0002
POL-20260814-0055,EVT-20260814-0010
POL-20260814-0056,EVT-20260812-0036
POL-20260814-0057,EVT-20260814-0015
POL-20260815-0001,EVT-20260814-0023
POL-20260815-0002,EVT-20260815-0016
POL-20260815-0003,EVT-20260814-0014
POL-20260815-0004,EVT-20260815-0046
POL-20260815-0005,EVT-20260815-0040
POL-20260815-0006,EVT-20260814-0030
POL-20260815-0007,EVT-20260813-0042
POL-20260815-0008,EVT-20260814-0029
POL-20260815-0009,EVT-20260814-0030
POL-20260815-0010,EVT-20260814-0008
POL-20260815-0011,EVT-20260815-0036
POL-20260815-0012,EVT-20260813-0019
POL-20260815-0013,EVT-20260814-0006
POL-20260815-0014,EVT-20260815-0010
POL-20260815-0015,EVT-20260815-0047
POL-20260815-0016,EVT-20260814-0038
POL-20260815-0017,EVT-20260815-0003
POL-20260815-0018,EVT-20260814-0043
POL-20260815-0019,EVT-20260815-0032
POL-20260815-0020,EVT-20260815-0008
POL-20260815-0021,EVT-20260813-0047
POL-20260815-0022,EVT-20260815-0045
POL-20260815-0023,EVT-20260813-0031
POL-20260815-0024,EVT-20260815-0015
POL-20260815-0025,EVT-20260813-0039
POL-20260815-0026,EVT-20260813-0033
POL-20260815-0027,EVT-20260815-0029
POL-20260815-0028,EVT-20260815-0004
POL-20260815-0029,EVT-20260815-0030
POL-20260815-0030,EVT-20260814-0040
POL-20260815-0031,EVT-20260815-0040
POL-20260815-0032,EVT-20260815-0003
POL-20260815-0033,EVT-20260815-0045
POL-20260815-0034,EVT-20260815-0041
POL-20260815-0035,EVT-20260815-0037
POL-20260815-0036,EVT-20260814-0007
POL-20260815-0037,EVT-20260814-0038
POL-20260815-0038,EVT-20260814-0020
POL-20260815-0039,EVT-20260815-0013
POL-20260815-0040,EVT-20260815-0009
POL-20260815-0041,EVT-20260815-0025
POL-20260815-0042,EVT-20260815-0021
POL-20260815-0043,EVT-20260814-0004
POL-20260815-0044,EVT-20260814-0011
POL-20260815-0045,EVT-20260814-0020
POL-20260815-0046,EVT-20260815-0022
POL-20260815-0047,EVT-20260815-0014
POL-20260815-0048,EVT-20260815-0004
POL-20260815-0049,EVT-20260813-0022
POL-20260815-0050,EVT-20260815-0042
POL-20260815-0051,EVT-20260813-0015
POL-20260815-0052,EVT-20260815-0027
POL-20260815-0053,EVT-20260815-0026
POL-20260815-0054,EVT-20260815-0038
POL-20260815-0055,EVT-20260815-0045
POL-20260815-0056,EVT-20260815-0035
POL-20260815-0057,EVT-20260815-0018
POL-20260815-0058,EVT-20260815-0023
POL-20260815-0059,EVT-20260815-0011
POL-20260815-0060,EVT-20260815-0020
POL-20260815-0061,EVT-20260811-0016
POL-20260815-0062,EVT-20260815-0023
POL-20260815-0063,EVT-20260815-0005
POL-20260815-0064,EVT-20260815-0028
POL-20260815-0065,EVT-20260815-0023
POL-20260815-0066,EVT-20260810-0039
POL-20260815-0067,EVT-20260815-0026
POL-20260815-0068,EVT-20260815-0012
POL-20260815-0069,EVT-20260815-0006
POL-20260815-0070,EVT-20260815-0007
POL-20260815-0071,EVT-20260815-0039
POL-20260815-0072,EVT-20260815-0034
POL-20260816-0001,EVT-20260815-0017
POL-20260816-0002,EVT-20260815-0043
POL-20260816-0003,EVT-20260815-0033
POL-20260816-0004,EVT-20260816-0002
POL-20260816-0005,EVT-20260815-0026
POL-20260816-0006,EVT-20260816-0034
POL-20260816-0007,EVT-20260815-0036
POL-20260816-0008,EVT-20260815-0048
POL-20260816-0009,EVT-20260815-0024
POL-20260816-0010,EVT-20260815-0044
POL-20260816-0011,EVT-20260815-0019
POL-20260816-0012,EVT-20260815-0003
POL-20260816-0013,EVT-20260816-0036
POL-20260816-0014,EVT-20260815-0043
POL-20260816-0015,EVT-20260816-0002
POL-20260816-0016,EVT-20260816-0021
POL-20260816-0017,EVT-20260816-0025
POL-20260816-0018,EVT-20260815-0031
POL-20260816-0019,EVT-20260816-0045
POL-20260816-0020,EVT-20260816-0037
POL-20260816-0021,EVT-20260815-0002
POL-20260816-0022,EVT-20260816-0015
POL-20260816-0023,EVT-20260816-0039
POL-20260816-0024,EVT-20260816-0011
POL-20260816-0025,EVT-20260816-0017
POL-20260816-0026,EVT-20260816-0049
POL-20260816-0027,EVT-20260816-0026
POL-20260816-0028,EVT-20260816-0034
POL-20260816-0029,EVT-20260815-0034
POL-20260816-0030,EVT-20260816-0042
POL-20260816-0031,EVT-20260815-0002
POL-20260816-0032,EVT-20260816-0021
POL-20260816-0033,EVT-20260815-0040
POL-20260816-0034,EVT-20260816-0030
POL-20260816-0035,EVT-20260816-0016
POL-20260816-0036,EVT-20260816-0049
POL-20260816-0037,EVT-20260816-0035
POL-20260816-0038,EVT-20260816-0016
POL-20260816-0039,EVT-20260816-0048
POL-20260816-0040,EVT-20260816-0024
POL-20260816-0041,EVT-20260816-0016
POL-20260816-0042,EVT-20260814-0034
POL-20260816-0043,EVT-20260815-0002
POL-20260816-0044,EVT-20260816-0049
POL-20260816-0045,EVT-20260816-0033
POL-20260816-0046,EVT-20260816-0003
POL-20260816-0047,EVT-20260816-0034
POL-20260816-0048,EVT-20260816-0023
POL-20260816-0049,EVT-20260816-0011
POL-20260816-0050,EVT-20260816-0020
POL-20260816-0051,EVT-20260816-0044
POL-20260816-0052,EVT-20260816-0013
POL-20260816-0053,EVT-20260816-0047
POL-20260816-0054,EVT-20260816-0031
POL-20260816-0055,EVT-20260816-0016
POL-20260816-0056,EVT-20260816-0008
POL-20260816-0057,EVT-20260816-0011
POL-20260816-0058,EVT-20260816-0028
POL-20260816-0059,EVT-20260816-0001
POL-20260816-0060,EVT-20260816-0050
POL-20260816-0061,EVT-20260816-0009
POL-20260816-0062,EVT-20260816-0007
POL-20260816-0063,EVT-20260816-0006
POL-20260816-0064,EVT-20260816-0029
POL-20260816-0065,EVT-20260816-0022
POL-20260816-0066,EVT-20260816-0027
POL-20260816-0067,EVT-20260816-0040
POL-20260816-0068,EVT-20260816-0014
POL-20260816-0069,EVT-20260816-0018
POL-20260816-0070,EVT-20260816-0038
POL-20260816-0071,EVT-20260816-0019
POL-20260816-0072,EVT-20260816-0043
POL-20260816-0073,EVT-20260816-0010
POL-20260816-0074,EVT-20260816-0004
POL-20260817-0001,EVT-20260817-0018
POL-20260817-0002,EVT-20260817-0015
POL-20260817-0003,EVT-20260816-0012
POL-20260817-0004,EVT-20260816-0005
POL-20260817-0005,EVT-20260816-0043
POL-20260817-0006,EVT-20260817-0029
POL-20260817-0007,EVT-20260817-0008
POL-20260817-0008,EVT-20260817-0020
POL-20260817-0009,EVT-20260817-0054
POL-20260817-0010,EVT-20260817-0043
POL-20260817-0011,EVT-20260816-0041
POL-20260817-0012,EVT-20260817-0008
POL-20260817-0013,EVT-20260817-0003
POL-20260817-0014,EVT-20260817-0014
POL-20260817-0015,EVT-20260817-0035
POL-20260817-0016,EVT-20260817-0028
POL-20260817-0017,EVT-20260813-0026
POL-20260817-0018,EVT-20260816-0046
POL-20260817-0019,EVT-20260817-0044
POL-20260817-0020,EVT-20260817-0022
POL-20260817-0021,EVT-20260817-0053
POL-20260817-0022,EVT-20260817-0012
POL-20260817-0023,EVT-20260817-0006
POL-20260817-0024,EVT-20260817-0011
POL-20260817-0025,EVT-20260816-0043
POL-20260817-0026,EVT-20260817-0003
POL-20260817-0027,EVT-20260817-0008
POL-20260817-0028,EVT-20260817-0005
POL-20260817-0029,EVT-20260816-0020
POL-20260817-0030,EVT-20260817-0017
POL-20260817-0031,EVT-20260815-0001
POL-20260817-0032,EVT-20260817-0031
POL-20260817-0033,EVT-20260817-0014
POL-20260817-0034,EVT-20260817-0055
POL-20260817-0035,EVT-20260817-0021
POL-20260817-0036,EVT-20260817-0047
POL-20260817-0037,EVT-20260817-0039
POL-20260817-0038,EVT-20260817-0056
POL-20260817-0039,EVT-20260817-0041
POL-20260817-0040,EVT-20260817-0013
POL-20260817-0041,EVT-20260817-0045
POL-20260817-0042,EVT-20260817-0025
POL-20260817-0043,EVT-20260811-0027
POL-20260817-0044,EVT-20260817-0004
POL-20260817-0045,EVT-20260817-0030
POL-20260817-0046,EVT-20260817-0009
POL-20260817-0047,EVT-20260817-0027
POL-20260817-0048,EVT-20260817-0008
POL-20260817-0049,EVT-20260817-0031
POL-20260817-0050,EVT-20260817-0024
POL-20260817-0051,EVT-20260817-0032
POL-20260817-0052,EVT-20260817-0001
POL-20260817-0053,EVT-20260817-0010
POL-20260817-0054,EVT-20260817-0034
POL-20260817-0055,EVT-20260817-0042
POL-20260817-0056,EVT-20260817-0032
POL-20260817-0057,EVT-20260817-0030
POL-20260817-0058,EVT-20260817-0040
POL-20260817-0059,EVT-20260817-0023
POL-20260817-0060,EVT-20260817-0033
POL-20260817-0061,EVT-20260817-0032
POL-20260817-0062,EVT-20260817-0051
POL-20260817-0063,EVT-20260817-0032
POL-20260817-0064,EVT-20260817-0031
POL-20260817-0065,EVT-20260817-0038
POL-20260818-0001,EVT-20260816-0049
POL-20260818-0002,EVT-20260817-0002
POL-20260818-0003,EVT-20260818-0028
POL-20260818-0004,EVT-20260816-0032
POL-20260818-0005,EVT-20260818-0023
POL-20260818-0006,EVT-20260818-0002
POL-20260818-0007,EVT-20260817-0016
POL-20260818-0008,EVT-20260817-0045
POL-20260818-0009,EVT-20260818-0038
POL-20260818-0010,EVT-20260817-0049
POL-20260818-0011,EVT-20260818-0030
POL-20260818-0012,EVT-20260818-0041
POL-20260818-0013,EVT-20260817-0033
POL-20260818-0014,EVT-20260817-0045
POL-20260818-0015,EVT-20260817-0036
POL-20260818-0016,EVT-20260817-0037
POL-20260818-0017,EVT-20260817-0048
POL-20260818-0018,EVT-20260818-0007
POL-20260818-0019,EVT-20260817-0013
POL-20260818-0020,EVT-20260818-0011
POL-20260818-0021,EVT-20260817-0048
POL-20260818-0022,EVT-20260818-0019
POL-20260818-0023,EVT-20260817-0050
POL-20260818-0024,EVT-20260818-0017
POL-20260818-0025,EVT-20260817-0030
POL-20260818-0026,EVT-20260818-0014
POL-20260818-0027,EVT-20260817-0046
POL-20260818-0028,EVT-20260818-0042
POL-20260818-0029,EVT-20260817-0019
POL-20260818-0030,EVT-20260818-0033
POL-20260818-0031,EVT-20260818-0048
POL-20260818-0032,EVT-20260818-0026
POL-20260818-0033,EVT-20260818-0002
POL-20260818-0034,EVT-20260818-0016
POL-20260818-0035,EVT-20260818-0031
POL-20260818-0036,EVT-20260818-0032
POL-20260818-0037,EVT-20260818-0002
POL-20260818-0038,EVT-20260818-0046
POL-20260818-0039,EVT-20260818-0024
POL-20260818-0040,EVT-20260815-0001
POL-20260818-0041,EVT-20260818-0051
POL-20260818-0042,EVT-20260818-0001
POL-20260818-0043,EVT-20260818-0003
POL-20260818-0044,EVT-20260818-0015
POL-20260818-0045,EVT-20260818-0011
POL-20260818-0046,EVT-20260818-0034
POL-20260818-0047,EVT-20260818-0027
POL-20260818-0048,EVT-20260817-0046
POL-20260818-0049,EVT-20260817-0007
POL-20260818-0050,EVT-20260818-0035
POL-20260818-0051,EVT-20260818-0006
POL-20260818-0052,EVT-20260818-0039
POL-20260818-0053,EVT-20260818-0029
POL-20260818-0054,EVT-20260818-0040
POL-20260818-0055,EVT-20260818-0037
POL-20260818-0056,EVT-20260818-0012
POL-20260818-0057,EVT-20260818-0004
POL-20260818-0058,EVT-20260818-0001
POL-20260818-0059,EVT-20260818-0037
POL-20260818-0060,EVT-20260818-0050
POL-20260818-0061,EVT-20260818-0004
POL-20260818-0062,EVT-20260818-0052
POL-20260818-0063,EVT-20260818-0005
POL-20260818-0064,EVT-20260818-0021
POL-20260818-0065,EVT-20260818-0001
POL-20260818-0066,EVT-20260818-0020
POL-20260818-0067,EVT-20260818-0008
POL-20260818-0068,EVT-20260818-0045
POL-20260818-0069,EVT-20260818-0022
POL-20260819-0001,EVT-20260818-0049
POL-20260819-0002,EVT-20260819-0030
POL-20260819-0003,EVT-20260819-0023
POL-20260819-0004,EVT-20260819-0030
POL-20260819-0005,EVT-20260819-0030
POL-20260819-0006,EVT-20260818-0035
POL-20260819-0007,EVT-20260819-0061
POL-20260819-0008,EVT-20260818-0047
POL-20260819-0009,EVT-20260818-0018
POL-20260819-0010,EVT-20260818-0013
POL-20260819-0011,EVT-20260818-0034
POL-20260819-0012,EVT-20260818-0022
POL-20260819-0013,EVT-20260819-0020
POL-20260819-0014,EVT-20260819-0016
POL-20260819-0015,EVT-20260819-0038
POL-20260819-0016,EVT-20260819-0042
POL-20260819-0017,EVT-20260818-0035
POL-20260819-0018,EVT-20260818-0044
POL-20260819-0019,EVT-20260818-0004
POL-20260819-0020,EVT-20260819-0059
POL-20260819-0021,EVT-20260819-0022
POL-20260819-0022,EVT-20260819-0042
POL-20260819-0023,EVT-20260819-0037
POL-20260819-0024,EVT-20260819-0026
POL-20260819-0025,EVT-20260819-0036
POL-20260819-0026,EVT-20260819-0010
POL-20260819-0027,EVT-20260819-0018
POL-20260819-0028,EVT-20260818-0002
POL-20260819-0029,EVT-20260819-0029
POL-20260819-0030,EVT-20260819-0056
POL-20260819-0031,EVT-20260819-0050
POL-20260819-0032,EVT-20260819-0060
POL-20260819-0033,EVT-20260819-0047
POL-20260819-0034,EVT-20260819-0028
POL-20260819-0035,EVT-20260819-0006
POL-20260819-0036,EVT-20260819-0007
POL-20260819-0037,EVT-20260819-0033
POL-20260819-0038,EVT-20260818-0043
POL-20260819-0039,EVT-20260819-0056
POL-20260819-0040,EVT-20260819-0004
POL-20260819-0041,EVT-20260819-0008
POL-20260819-0042,EVT-20260818-0036
POL-20260819-0043,EVT-20260819-0062
POL-20260819-0044,EVT-20260819-0035
POL-20260819-0045,EVT-20260819-0031
POL-20260819-0046,EVT-20260819-0013
POL-20260819-0047,EVT-20260818-0025
POL-20260819-0048,EVT-20260818-0009
POL-20260819-0049,EVT-20260817-0052
POL-20260819-0050,EVT-20260819-0039
POL-20260819-0051,EVT-20260819-0049
POL-20260819-0052,EVT-20260819-0021
POL-20260819-0053,EVT-20260819-0031
POL-20260819-0054,EVT-20260819-0017
POL-20260819-0055,EVT-20260819-0027
POL-20260819-0056,EVT-20260819-0046
POL-20260819-0057,EVT-20260819-0025
POL-20260819-0058,EVT-20260819-0005
POL-20260819-0059,EVT-20260819-0054
POL-20260819-0060,EVT-20260819-0015
POL-20260819-0061,EVT-20260819-0046
POL-20260819-0062,EVT-20260819-0057
POL-20260819-0063,EVT-20260819-0034
POL-20260819-0064,EVT-20260819-0005
POL-20260819-0065,EVT-20260819-0003
POL-20260819-0066,EVT-20260819-0002
POL-20260819-0067,EVT-20260819-0045
POL-20260819-0068,EVT-20260819-0053
POL-20260819-0069,EVT-20260819-0040
POL-20260820-0001,EVT-20260820-0024
POL-20260820-0002,EVT-20260820-0024
POL-20260820-0003,EVT-20260819-0024
POL-20260820-0004,EVT-20260819-0009
POL-20260820-0005,EVT-20260819-0058
POL-20260820-0006,EVT-20260820-0027
POL-20260820-0007,EVT-20260820-0034
POL-20260820-0008,EVT-20260819-0001
POL-20260820-0009,EVT-20260820-0030
POL-20260820-0010,EVT-20260820-0043
POL-20260820-0011,EVT-20260819-0043
POL-20260820-0012,EVT-20260820-0040
POL-20260820-0013,EVT-20260820-0029
POL-20260820-0014,EVT-20260820-0015
POL-20260820-0015,EVT-20260820-0008
POL-20260820-0016,EVT-20260820-0025
POL-20260820-0017,EVT-20260819-0051
POL-20260820-0018,EVT-20260820-0007
POL-20260820-0019,EVT-20260820-0025
POL-20260820-0020,EVT-20260820-0035
POL-20260820-0021,EVT-20260819-0048
POL-20260820-0022,EVT-20260820-0005
POL-20260820-0023,EVT-20260817-0026
POL-20260820-0024,EVT-20260819-0044
POL-20260820-0025,EVT-20260820-0023
POL-20260820-0026,EVT-20260820-0033
POL-20260820-0027,EVT-20260820-0009
POL-20260820-0028,EVT-20260819-0052
POL-20260820-0029,EVT-20260819-0011
POL-20260820-0030,EVT-20260820-0001
POL-20260820-0031,EVT-20260819-0041
POL-20260820-0032,EVT-20260820-0037
POL-20260820-0033,EVT-20260820-0052
POL-20260820-0034,EVT-20260818-0010
POL-20260820-0035,EVT-20260820-0054
POL-20260820-0036,EVT-20260820-0010
POL-20260820-0037,EVT-20260820-0053
POL-20260820-0038,EVT-20260820-0020
POL-20260820-0039,EVT-20260819-0019
POL-20260820-0040,EVT-20260820-0032
POL-20260820-0041,EVT-20260820-0024
POL-20260820-0042,EVT-20260820-0022
POL-20260820-0043,EVT-20260820-0026
POL-20260820-0044,EVT-20260820-0046
POL-20260820-0045,EVT-20260818-0034
POL-20260820-0046,EVT-20260819-0014
POL-20260820-0047,EVT-20260820-0019
POL-20260820-0048,EVT-20260819-0019
POL-20260820-0049,EVT-20260820-0053
POL-20260820-0050,EVT-20260820-0038
POL-20260820-0051,EVT-20260820-0044
POL-20260820-0052,EVT-20260820-0051
POL-20260820-0053,EVT-20260820-0041
POL-20260820-0054,EVT-20260820-0012
POL-20260820-0055,EVT-20260820-0006
POL-20260820-0056,EVT-20260820-0014
POL-20260820-0057,EVT-20260819-0015
POL-20260820-0058,EVT-20260820-0049
POL-20260820-0059,EVT-20260820-0055
POL-20260820-0060,EVT-20260820-0003
POL-20260820-0061,EVT-20260820-0021
POL-20260820-0062,EVT-20260820-0039
POL-20260820-0063,EVT-20260820-0018
POL-20260820-0064,EVT-20260820-0011
POL-20260820-0065,EVT-20260820-0042
POL-20260820-0066,EVT-20260819-0032
POL-20260820-0067,EVT-20260820-0036
POL-20260821-0001,EVT-20260821-0001
POL-20260821-0002,EVT-20260820-0028
POL-20260821-0003,EVT-20260821-0006
POL-20260821-0004,EVT-20260820-0017
POL-20260821-0005,EVT-20260820-0016
POL-20260821-0006,EVT-20260820-0013
POL-20260821-0007,EVT-20260820-0041
POL-20260821-0008,EVT-20260820-0044
POL-20260821-0009,EVT-20260820-0050
POL-20260821-0010,EVT-20260820-0031
POL-20260821-0011,EVT-20260820-0047
POL-20260821-0012,EVT-20260821-0001
POL-20260821-0013,EVT-20260821-0003
POL-20260821-0014,EVT-20260821-0029
POL-20260821-0015,EVT-20260821-0001
POL-20260821-0016,EVT-20260821-0034
POL-20260821-0017,EVT-20260821-0029
POL-20260821-0018,EVT-20260821-0034
POL-20260821-0019,EVT-20260821-0030
POL-20260821-0020,EVT-20260821-0028
POL-20260821-0021,EVT-20260821-0038
POL-20260821-0022,EVT-20260821-0011
POL-20260821-0023,EVT-20260821-0032
POL-20260821-0024,EVT-20260821-0021
POL-20260821-0025,EVT-20260821-0024
POL-20260821-0026,EVT-20260821-0040
POL-20260821-0027,EVT-20260821-0041
POL-20260821-0028,EVT-20260820-0053
POL-20260821-0029,EVT-20260821-0036
POL-20260821-0030,EVT-20260820-0025
POL-20260821-0031,EVT-20260821-0039
POL-20260821-0032,EVT-20260821-0027
POL-20260821-0033,EVT-20260820-0002
POL-20260821-0034,EVT-20260821-0020
POL-20260821-0035,EVT-20260821-0040
POL-20260821-0036,EVT-20260821-0004
POL-20260821-0037,EVT-20260821-0018
POL-20260821-0038,EVT-20260821-0004
POL-20260821-0039,EVT-20260821-0015
POL-20260821-0040,EVT-20260821-0027
POL-20260821-0041,EVT-20260821-0037
POL-20260821-0042,EVT-20260821-0037
POL-20260821-0043,EVT-20260821-0023
POL-20260821-0044,EVT-20260821-0012
POL-20260821-0045,EVT-20260821-0005
POL-20260821-0046,EVT-20260821-0009
POL-20260821-0047,EVT-20260820-0047
POL-20260821-0048,EVT-20260821-0019
POL-20260821-0049,EVT-20260821-0026
POL-20260821-0050,EVT-20260821-0002
POL-20260821-0051,EVT-20260821-0031
POL-20260821-0052,EVT-20260821-0004
POL-20260821-0053,EVT-20260821-0022
POL-20260821-0054,EVT-20260821-0017
POL-20260821-0055,EVT-20260821-0004
POL-20260821-0056,EVT-20260821-0013
POL-20260822-0001,EVT-20260822-0004
POL-20260822-0002,EVT-20260822-0004
POL-20260822-0003,EVT-20260821-0021
POL-20260822-0004,EVT-20260822-0039
POL-20260822-0005,EVT-20260822-0038
POL-20260822-0006,EVT-20260821-0033
POL-20260822-0007,EVT-20260819-0012
POL-20260822-0008,EVT-20260822-0042
POL-20260822-0009,EVT-20260822-0007
POL-20260822-0010,EVT-20260821-0029
POL-20260822-0011,EVT-20260820-0004
POL-20260822-0012,EVT-20260821-0043
POL-20260822-0013,EVT-20260821-0008
POL-20260822-0014,EVT-20260821-0007
POL-20260822-0015,EVT-20260821-0016
POL-20260822-0016,EVT-20260822-0028
POL-20260822-0017,EVT-20260822-0008
POL-20260822-0018,EVT-20260822-0048
POL-20260822-0019,EVT-20260821-0042
POL-20260822-0020,EVT-20260822-0055
POL-20260822-0021,EVT-20260821-0010
POL-20260822-0022,EVT-20260822-0002
POL-20260822-0023,EVT-20260822-0045
POL-20260822-0024,EVT-20260822-0023
POL-20260822-0025,EVT-20260822-0027
POL-20260822-0026,EVT-20260820-0045
POL-20260822-0027,EVT-20260822-0012
POL-20260822-0028,EVT-20260822-0013
POL-20260822-0029,EVT-20260822-0027
POL-20260822-0030,EVT-20260822-0017
POL-20260822-0031,EVT-20260821-0020
POL-20260822-0032,EVT-20260822-0056
POL-20260822-0033,EVT-20260821-0043
POL-20260822-0034,EVT-20260822-0020
POL-20260822-0035,EVT-20260822-0032
POL-20260822-0036,EVT-20260821-0014
POL-20260822-0037,EVT-20260822-0012
POL-20260822-0038,EVT-20260822-0054
POL-20260822-0039,EVT-20260822-0031
POL-20260822-0040,EVT-20260822-0035
POL-20260822-0041,EVT-20260822-0058
POL-20260822-0042,EVT-20260822-0019
POL-20260822-0043,EVT-20260822-0037
POL-20260822-0044,EVT-20260822-0059
POL-20260822-0045,EVT-20260821-0040
POL-20260822-0046,EVT-20260820-0048
POL-20260822-0047,EVT-20260822-0029
POL-20260822-0048,EVT-20260822-0022
POL-20260822-0049,EVT-20260822-0037
POL-20260822-0050,EVT-20260822-0025
POL-20260822-0051,EVT-20260822-0022
POL-20260822-0052,EVT-20260822-0010
POL-20260822-0053,EVT-20260822-0014
POL-20260822-0054,EVT-20260822-0044
POL-20260822-0055,EVT-20260822-0037
POL-20260822-0056,EVT-20260822-0024
POL-20260822-0057,EVT-20260822-0021
POL-20260822-0058,EVT-20260821-0025
POL-20260822-0059,EVT-20260822-0036
POL-20260822-0060,EVT-20260822-0051
POL-20260822-0061,EVT-20260822-0026
POL-20260822-0062,EVT-20260822-0050
POL-20260822-0063,EVT-20260822-0015
POL-20260823-0001,EVT-20260822-0005
POL-20260823-0002,EVT-20260822-0011
POL-20260823-0003,EVT-20260823-0013
POL-20260823-0004,EVT-20260822-0050
POL-20260823-0005,EVT-20260823-0026
POL-20260823-0006,EVT-20260822-0055
POL-20260823-0007,EVT-20260821-0035
POL-20260823-0008,EVT-20260823-0013
POL-20260823-0009,EVT-20260823-0037
POL-20260823-0010,EVT-20260823-0037
POL-20260823-0011,EVT-20260822-0047
POL-20260823-0012,EVT-20260822-0006
POL-20260823-0013,EVT-20260823-0024
POL-20260823-0014,EVT-20260822-0036
POL-20260823-0015,EVT-20260822-0030
POL-20260823-0016,EVT-20260822-0022
POL-20260823-0017,EVT-20260819-0055
POL-20260823-0018,EVT-20260822-0046
POL-20260823-0019,EVT-20260823-0006
POL-20260823-0020,EVT-20260822-0040
POL-20260823-0021,EVT-20260823-0030
POL-20260823-0022,EVT-20260823-0021
POL-20260823-0023,EVT-20260822-0033
POL-20260823-0024,EVT-20260822-0016
POL-20260823-0025,EVT-20260823-0032
POL-20260823-0026,EVT-20260823-0022
POL-20260823-0027,EVT-20260823-0011
POL-20260823-0028,EVT-20260823-0022
POL-20260823-0029,EVT-20260822-0049
POL-20260823-0030,EVT-20260822-0046
POL-20260823-0031,EVT-20260822-0001
POL-20260823-0032,EVT-20260823-0004
POL-20260823-0033,EVT-20260823-0019
POL-20260823-0034,EVT-20260823-0051
POL-20260823-0035,EVT-20260822-0043
POL-20260823-0036,EVT-20260823-0014
POL-20260823-0037,EVT-20260823-0032
POL-20260823-0038,EVT-20260823-0002
POL-20260823-0039,EVT-20260823-0025
POL-20260823-0040,EVT-20260823-0052
POL-20260823-0041,EVT-20260822-0057
POL-20260823-0042,EVT-20260823-0019
POL-20260823-0043,EVT-20260822-0036
POL-20260823-0044,EVT-20260823-0018
POL-20260823-0045,EVT-20260823-0027
POL-20260823-0046,EVT-20260823-0043
POL-20260823-0047,EVT-20260822-0018
POL-20260823-0048,EVT-20260823-0031
POL-20260823-0049,EVT-20260823-0025
POL-20260823-0050,EVT-20260822-0034
POL-20260823-0051,EVT-20260823-0022
POL-20260823-0052,EVT-20260822-0012
POL-20260823-0053,EVT-20260823-0033
POL-20260823-0054,EVT-20260823-0041
POL-20260823-0055,EVT-20260823-0017
POL-20260823-0056,EVT-20260823-0051
POL-20260823-0057,EVT-20260823-0003
POL-20260823-0058,EVT-20260823-0025
POL-20260823-0059,EVT-20260822-0012
POL-20260823-0060,EVT-20260823-0048
POL-20260823-0061,EVT-20260822-0003
POL-20260823-0062,EVT-20260823-0042
POL-20260823-0063,EVT-20260823-0007
POL-20260823-0064,EVT-20260823-0001
POL-20260823-0065,EVT-20260823-0036
POL-20260823-0066,EVT-20260823-0035
POL-20260823-0067,EVT-20260823-0044
POL-20260823-0068,EVT-20260823-0005
POL-20260823-0069,EVT-20260822-0054
POL-20260823-0070,EVT-20260823-0012
POL-20260823-0071,EVT-20260823-0034
POL-20260823-0072,EVT-20260823-0046
POL-20260823-0073,EVT-20260823-0047
POL-20260823-0074,EVT-20260823-0038
POL-20260823-0075,EVT-20260823-0025
POL-20260823-0076,EVT-20260823-0015
POL-20260823-0077,EVT-20260823-0028
POL-20260823-0078,EVT-20260823-0045
POL-20260823-0079,EVT-20260823-0016
POL-20260823-0080,EVT-20260823-0050
POL-20260823-0081,EVT-20260822-0034
POL-20260823-0082,EVT-20260823-0009
POL-20260824-0001,EVT-20260823-0020
POL-20260824-0002,EVT-20260823-0009
POL-20260824-0003,EVT-20260824-0010
POL-20260824-0004,EVT-20260823-0023
POL-20260824-0005,EVT-20260823-0034
POL-20260824-0006,EVT-20260824-0011
POL-20260824-0007,EVT-20260824-0023
POL-20260824-0008,EVT-20260824-0021
POL-20260824-0009,EVT-20260823-0010
POL-20260824-0010,EVT-20260823-0023
POL-20260824-0011,EVT-20260823-0052
POL-20260824-0012,EVT-20260824-0028
POL-20260824-0013,EVT-20260823-0023
POL-20260824-0014,EVT-20260824-0030
POL-20260824-0015,EVT-20260824-0001
POL-20260824-0016,EVT-20260823-0039
POL-20260824-0017,EVT-20260823-0029
POL-20260824-0018,EVT-20260823-0020
POL-20260824-0019,EVT-20260823-0009
POL-20260824-0020,EVT-20260824-0024
POL-20260824-0021,EVT-20260822-0053
POL-20260824-0022,EVT-20260824-0035
POL-20260824-0023,EVT-20260823-0040
POL-20260824-0024,EVT-20260824-0032
POL-20260824-0025,EVT-20260824-0006
POL-20260824-0026,EVT-20260824-0014
POL-20260824-0027,EVT-20260822-0009
POL-20260824-0028,EVT-20260822-0041
POL-20260824-0029,EVT-20260824-0008
POL-20260824-0030,EVT-20260824-0020
POL-20260824-0031,EVT-20260824-0012
POL-20260824-0032,EVT-20260824-0015
POL-20260824-0033,EVT-20260823-0029
POL-20260824-0034,EVT-20260822-0052
POL-20260824-0035,EVT-20260824-0034
POL-20260824-0036,EVT-20260823-0039
POL-20260824-0037,EVT-20260824-0022
POL-20260824-0038,EVT-20260824-0009
POL-20260824-0039,EVT-20260824-0031
POL-20260824-0040,EVT-20260824-0038
POL-20260824-0041,EVT-20260823-0019
POL-20260824-0042,EVT-20260824-0019
POL-20260824-0043,EVT-20260824-0008
POL-20260824-0044,EVT-20260824-0033
POL-20260824-0045,EVT-20260824-0039
POL-20260824-0046,EVT-20260824-0036
POL-20260824-0047,EVT-20260824-0037
POL-20260824-0048,EVT-20260824-0027
POL-20260824-0049,EVT-20260824-0016
POL-20260824-0050,EVT-20260824-0002
POL-20260824-0051,EVT-20260824-0013
POL-20260824-0052,EVT-20260824-0016
POL-20260825-0001,EVT-20260825-0007
POL-20260825-0002,EVT-20260823-0040
POL-20260825-0003,EVT-20260823-0039
POL-20260825-0004,EVT-20260824-0025
POL-20260825-0005,EVT-20260824-0033
POL-20260825-0006,EVT-20260824-0029
POL-20260825-0007,EVT-20260825-0033
POL-20260825-0008,EVT-20260824-0026
POL-20260825-0009,EVT-20260824-0034
POL-20260825-0010,EVT-20260825-0048
POL-20260825-0011,EVT-20260823-0015
POL-20260825-0012,EVT-20260825-0002
POL-20260825-0013,EVT-20260825-0055
POL-20260825-0014,EVT-20260824-0017
POL-20260825-0015,EVT-20260824-0027
POL-20260825-0016,EVT-20260823-0039
POL-20260825-0017,EVT-20260825-0057
POL-20260825-0018,EVT-20260825-0040
POL-20260825-0019,EVT-20260825-0044
POL-20260825-0020,EVT-20260825-0041
POL-20260825-0021,EVT-20260825-0028
POL-20260825-0022,EVT-20260825-0042
POL-20260825-0023,EVT-20260825-0030
POL-20260825-0024,EVT-20260825-0064
POL-20260825-0025,EVT-20260825-0005
POL-20260825-0026,EVT-20260825-0052
POL-20260825-0027,EVT-20260824-0027
POL-20260825-0028,EVT-20260825-0025
POL-20260825-0029,EVT-20260824-0007
POL-20260825-0030,EVT-20260823-0049
POL-20260825-0031,EVT-20260825-0008
POL-20260825-0032,EVT-20260824-0016
POL-20260825-0033,EVT-20260825-0060
POL-20260825-0034,EVT-20260825-0004
POL-20260825-0035,EVT-20260825-0020
POL-20260825-0036,EVT-20260825-0032
POL-20260825-0037,EVT-20260824-0033
POL-20260825-0038,EVT-20260825-0057
POL-20260825-0039,EVT-20260825-0036
POL-20260825-0040,EVT-20260825-0047
POL-20260825-0041,EVT-20260825-0038
POL-20260825-0042,EVT-20260825-0038
POL-20260825-0043,EVT-20260825-0046
POL-20260825-0044,EVT-20260825-0051
POL-20260825-0045,EVT-20260823-0052
POL-20260825-0046,EVT-20260825-0023
POL-20260825-0047,EVT-20260825-0021
POL-20260825-0048,EVT-20260825-0016
POL-20260825-0049,EVT-20260825-0011
POL-20260825-0050,EVT-20260825-0003
POL-20260825-0051,EVT-20260824-0031
POL-20260825-0052,EVT-20260825-0037
POL-20260825-0053,EVT-20260825-0052
POL-20260825-0054,EVT-20260825-0054
POL-20260825-0055,EVT-20260825-0060
POL-20260825-0056,EVT-20260825-0016
POL-20260825-0057,EVT-20260825-0019
POL-20260825-0058,EVT-20260825-0016
POL-20260825-0059,EVT-20260825-0010
POL-20260825-0060,EVT-20260825-0053
POL-20260825-0061,EVT-20260825-0009
POL-20260825-0062,EVT-20260825-0017
POL-20260825-0063,EVT-20260825-0061
POL-20260825-0064,EVT-20260825-0015
POL-20260825-0065,EVT-20260825-0045
POL-20260825-0066,EVT-20260825-0015
POL-20260825-0067,EVT-20260825-0050
POL-20260825-0068,EVT-20260825-0038
POL-20260825-0069,EVT-20260825-0029
POL-20260825-0070,EVT-20260825-0058
POL-20260825-0071,EVT-20260825-0049
POL-20260825-0072,EVT-20260825-0059
POL-20260825-0073,EVT-20260825-0043
POL-20260825-0074,EVT-20260825-0015
POL-20260825-0075,EVT-20260825-0006
POL-20260825-0076,EVT-20260825-0056
POL-20260825-0077,EVT-20260825-0062
POL-20260825-0078,EVT-20260825-0031
POL-20260825-0079,EVT-20260825-0022
POL-20260825-0080,EVT-20260825-0035
POL-20260826-0001,EVT-20260826-0003
POL-20260826-0002,EVT-20260825-0001
POL-20260826-0003,EVT-20260826-0038
POL-20260826-0004,EVT-20260826-0025
POL-20260826-0005,EVT-20260825-0018
POL-20260826-0006,EVT-20260826-0023
POL-20260826-0007,EVT-20260826-0057
POL-20260826-0008,EVT-20260826-0023
POL-20260826-0009,EVT-20260824-0004
POL-20260826-0010,EVT-20260826-0045
POL-20260826-0011,EVT-20260826-0032
POL-20260826-0012,EVT-20260826-0053
POL-20260826-0013,EVT-20260825-0012
POL-20260826-0014,EVT-20260825-0060
POL-20260826-0015,EVT-20260825-0026
POL-20260826-0016,EVT-20260823-0008
POL-20260826-0017,EVT-20260825-0022
POL-20260826-0018,EVT-20260826-0023
POL-20260826-0019,EVT-20260826-0031
POL-20260826-0020,EVT-20260826-0010
POL-20260826-0021,EVT-20260825-0034
POL-20260826-0022,EVT-20260826-0054
POL-20260826-0023,EVT-20260826-0063
POL-20260826-0024,EVT-20260826-0029
POL-20260826-0025,EVT-20260826-0035
POL-20260826-0026,EVT-20260825-0063
POL-20260826-0027,EVT-20260826-0050
POL-20260826-0028,EVT-20260826-0010
POL-20260826-0029,EVT-20260826-0006
POL-20260826-0030,EVT-20260825-0024
POL-20260826-0031,EVT-20260825-0014
POL-20260826-0032,EVT-20260826-0002
POL-20260826-0033,EVT-20260826-0009
POL-20260826-0034,EVT-20260826-0006
POL-20260826-0035,EVT-20260824-0018
POL-20260826-0036,EVT-20260826-0023
POL-20260826-0037,EVT-20260826-0022
POL-20260826-0038,EVT-20260826-0008
POL-20260826-0039,EVT-20260826-0005
POL-20260826-0040,EVT-20260826-0005
POL-20260826-0041,EVT-20260826-0020
POL-20260826-0042,EVT-20260825-0026
POL-20260826-0043,EVT-20260826-0035
POL-20260826-0044,EVT-20260826-0001
POL-20260826-0045,EVT-20260826-0019
POL-20260826-0046,EVT-20260826-0035
POL-20260826-0047,EVT-20260826-0015
POL-20260826-0048,EVT-20260826-0012
POL-20260826-0049,EVT-20260826-0040
POL-20260826-0050,EVT-20260826-0042
POL-20260826-0051,EVT-20260824-0003
POL-20260826-0052,EVT-20260826-0021
POL-20260826-0053,EVT-20260825-0027
POL-20260826-0054,EVT-20260825-0016
POL-20260826-0055,EVT-20260825-0013
POL-20260826-0056,EVT-20260826-0013
POL-20260826-0057,EVT-20260826-0007
POL-20260826-0058,EVT-20260826-0061
POL-20260826-0059,EVT-20260826-0036
POL-20260826-0060,EVT-20260826-0052
POL-20260826-0061,EVT-20260826-0014
POL-20260826-0062,EVT-20260826-0047
POL-20260826-0063,EVT-20260826-0055
POL-20260826-0064,EVT-20260826-0044
POL-20260826-0065,EVT-20260826-0044
POL-20260826-0066,EVT-20260826-0058
POL-20260826-0067,EVT-20260826-0017
POL-20260826-0068,EVT-20260826-0026
POL-20260826-0069,EVT-20260826-0059
POL-20260826-0070,EVT-20260826-0030
POL-20260826-0071,EVT-20260826-0018
POL-20260826-0072,EVT-20260826-0049
POL-20260827-0001,EVT-20260826-0020
POL-20260827-0002,EVT-20260827-0051
POL-20260827-0003,EVT-20260826-0051
POL-20260827-0004,EVT-20260827-0038
POL-20260827-0005,EVT-20260826-0024
POL-20260827-0006,EVT-20260827-0005
POL-20260827-0007,EVT-20260826-0027
POL-20260827-0008,EVT-20260826-0011
POL-20260827-0009,EVT-20260826-0043
POL-20260827-0010,EVT-20260826-0034
POL-20260827-0011,EVT-20260827-0038
POL-20260827-0012,EVT-20260826-0060
POL-20260827-0013,EVT-20260827-0050
POL-20260827-0014,EVT-20260826-0046
POL-20260827-0015,EVT-20260826-0048
POL-20260827-0016,EVT-20260827-0040
POL-20260827-0017,EVT-20260826-0041
POL-20260827-0018,EVT-20260827-0005
POL-20260827-0019,EVT-20260826-0049
POL-20260827-0020,EVT-20260826-0062
POL-20260827-0021,EVT-20260827-0040
POL-20260827-0022,EVT-20260827-0046
POL-20260827-0023,EVT-20260827-0025
POL-20260827-0024,EVT-20260824-0005
POL-20260827-0025,EVT-20260827-0045
POL-20260827-0026,EVT-20260827-0002
POL-20260827-0027,EVT-20260827-0048
POL-20260827-0028,EVT-20260827-0031
POL-20260827-0029,EVT-20260825-0026
POL-20260827-0030,EVT-20260827-0014
POL-20260827-0031,EVT-20260827-0017
POL-20260827-0032,EVT-20260827-0042
POL-20260827-0033,EVT-20260827-0036
POL-20260827-0034,EVT-20260827-0015
POL-20260827-0035,EVT-20260827-0026
POL-20260827-0036,EVT-20260827-0028
POL-20260827-0037,EVT-20260826-0016
POL-20260827-0038,EVT-20260827-0052
POL-20260827-0039,EVT-20260827-0017
POL-20260827-0040,EVT-20260827-0047
POL-20260827-0041,EVT-20260827-0053
POL-20260827-0042,EVT-20260827-0037
POL-20260827-0043,EVT-20260827-0011
POL-20260827-0044,EVT-20260826-0033
POL-20260827-0045,EVT-20260827-0030
POL-20260827-0046,EVT-20260827-0010
POL-20260827-0047,EVT-20260827-0044
POL-20260827-0048,EVT-20260827-0024
POL-20260827-0049,EVT-20260827-0008
POL-20260827-0050,EVT-20260827-0013
POL-20260827-0051,EVT-20260825-0039
POL-20260827-0052,EVT-20260827-0006
POL-20260827-0053,EVT-20260827-0027
POL-20260827-0054,EVT-20260827-0039
POL-20260827-0055,EVT-20260827-0035
POL-20260827-0056,EVT-20260827-0020
POL-20260827-0057,EVT-20260827-0023
POL-20260827-0058,EVT-20260825-0024
POL-20260827-0059,EVT-20260826-0056
POL-20260827-0060,EVT-20260827-0041
POL-20260827-0061,EVT-20260827-0001
POL-20260827-0062,EVT-20260827-0024
POL-20260827-0063,EVT-20260827-0005
POL-20260827-0064,EVT-20260827-0003
POL-20260827-0065,EVT-20260827-0049
POL-20260827-0066,EVT-20260826-0004
POL-20260827-0067,EVT-20260827-0007
POL-20260828-0001,EVT-20260827-0032
POL-20260828-0002,EVT-20260828-0016
POL-20260828-0003,EVT-20260828-0052
POL-20260828-0004,EVT-20260828-0016
POL-20260828-0005,EVT-20260827-0032
POL-20260828-0006,EVT-20260828-0033
POL-20260828-0007,EVT-20260827-0021
POL-20260828-0008,EVT-20260827-0052
POL-20260828-0009,EVT-20260827-0016
POL-20260828-0010,EVT-20260827-0020
POL-20260828-0011,EVT-20260827-0009
POL-20260828-0012,EVT-20260828-0005
POL-20260828-0013,EVT-20260827-0019
POL-20260828-0014,EVT-20260827-0012
POL-20260828-0015,EVT-20260828-0051
POL-20260828-0016,EVT-20260827-0004
POL-20260828-0017,EVT-20260828-0040
POL-20260828-0018,EVT-20260828-0016
POL-20260828-0019,EVT-20260827-0029
POL-20260828-0020,EVT-20260826-0058
POL-20260828-0021,EVT-20260828-0045
POL-20260828-0022,EVT-20260828-0034
POL-20260828-0023,EVT-20260828-0011
POL-20260828-0024,EVT-20260827-0052
POL-20260828-0025,EVT-20260827-0003
POL-20260828-0026,EVT-20260828-0056
POL-20260828-0027,EVT-20260828-0001
POL-20260828-0028,EVT-20260828-0023
POL-20260828-0029,EVT-20260826-0028
POL-20260828-0030,EVT-20260828-0016
POL-20260828-0031,EVT-20260828-0008
POL-20260828-0032,EVT-20260828-0030
POL-20260828-0033,EVT-20260827-0003
POL-20260828-0034,EVT-20260828-0053
POL-20260828-0035,EVT-20260828-0052
POL-20260828-0036,EVT-20260828-0042
POL-20260828-0037,EVT-20260828-0021
POL-20260828-0038,EVT-20260828-0049
POL-20260828-0039,EVT-20260828-0014
POL-20260828-0040,EVT-20260828-0026
POL-20260828-0041,EVT-20260828-0031
POL-20260828-0042,EVT-20260828-0009
POL-20260828-0043,EVT-20260827-0024
POL-20260828-0044,EVT-20260828-0004
POL-20260828-0045,EVT-20260828-0044
POL-20260828-0046,EVT-20260828-0028
POL-20260828-0047,EVT-20260828-0047
POL-20260828-0048,EVT-20260827-0022
POL-20260828-0049,EVT-20260828-0050
POL-20260828-0050,EVT-20260828-0021
POL-20260828-0051,EVT-20260828-0021
POL-20260828-0052,EVT-20260827-0043
POL-20260828-0053,EVT-20260828-0026
POL-20260828-0054,EVT-20260828-0032
POL-20260828-0055,EVT-20260828-0025
POL-20260828-0056,EVT-20260828-0042
POL-20260828-0057,EVT-20260828-0002
POL-20260828-0058,EVT-20260828-0007
POL-20260828-0059,EVT-20260828-0019
POL-20260828-0060,EVT-20260828-0037
POL-20260828-0061,EVT-20260828-0029
POL-20260828-0062,EVT-20260828-0042
POL-20260828-0063,EVT-20260828-0009
POL-20260828-0064,EVT-20260828-0038
POL-20260828-0065,EVT-20260828-0048
POL-20260828-0066,EVT-20260828-0046
POL-20260828-0067,EVT-20260828-0055
POL-20260828-0068,EVT-20260828-0020
POL-20260828-0069,EVT-20260828-0042
POL-20260828-0070,EVT-20260828-0035
POL-20260828-0071,EVT-20260828-0013
POL-20260828-0072,EVT-20260828-0036
POL-20260828-0073,EVT-20260828-0030
POL-20260828-0074,EVT-20260828-0010
POL-20260828-0075,EVT-20260828-0019
POL-20260828-0076,EVT-20260828-0022
POL-20260828-0077,EVT-20260828-0026
POL-20260828-0078,EVT-20260828-0015
POL-20260829-0001,EVT-20260828-0006
POL-20260829-0002,EVT-20260829-0016
POL-20260829-0003,EVT-20260829-0018
POL-20260829-0004,EVT-20260829-0029
POL-20260829-0005,EVT-20260828-0038
POL-20260829-0006,EVT-20260828-0012
POL-20260829-0007,EVT-20260828-0019
POL-20260829-0008,EVT-20260829-0036
POL-20260829-0009,EVT-20260828-0043
POL-20260829-0010,EVT-20260828-0003
POL-20260829-0011,EVT-20260829-0042
POL-20260829-0012,EVT-20260828-0039
POL-20260829-0013,EVT-20260828-0018
POL-20260829-0014,EVT-20260827-0034
POL-20260829-0015,EVT-20260827-0033
POL-20260829-0016,EVT-20260829-0038
POL-20260829-0017,EVT-20260829-0031
POL-20260829-0018,EVT-20260829-0034
POL-20260829-0019,EVT-20260828-0024
POL-20260829-0020,EVT-20260829-0034
POL-20260829-0021,EVT-20260828-0027
POL-20260829-0022,EVT-20260828-0031
POL-20260829-0023,EVT-20260828-0017
POL-20260829-0024,EVT-20260828-0009
POL-20260829-0025,EVT-20260828-0010
POL-20260829-0026,EVT-20260828-0054
POL-20260829-0027,EVT-20260829-0032
POL-20260829-0028,EVT-20260829-0030
POL-20260829-0029,EVT-20260829-0010
POL-20260829-0030,EVT-20260829-0017
POL-20260829-0031,EVT-20260829-0015
POL-20260829-0032,EVT-20260829-0004
POL-20260829-0033,EVT-20260829-0027
POL-20260829-0034,EVT-20260829-0020
POL-20260829-0035,EVT-20260829-0039
POL-20260829-0036,EVT-20260828-0010
POL-20260829-0037,EVT-20260829-0028
POL-20260829-0038,EVT-20260829-0009
POL-20260829-0039,EVT-20260829-0021
POL-20260829-0040,EVT-20260829-0005
POL-20260829-0041,EVT-20260829-0020
POL-20260829-0042,EVT-20260829-0033
POL-20260829-0043,EVT-20260829-0030
POL-20260829-0044,EVT-20260829-0021
POL-20260829-0045,EVT-20260829-0011
POL-20260829-0046,EVT-20260829-0019
POL-20260829-0047,EVT-20260829-0012
POL-20260829-0048,EVT-20260829-0037
POL-20260829-0049,EVT-20260826-0037
POL-20260829-0050,EVT-20260826-0039
POL-20260829-0051,EVT-20260828-0001
POL-20260829-0052,EVT-20260829-0006
POL-20260829-0053,EVT-20260829-0002
POL-20260829-0054,EVT-20260829-0040
POL-20260829-0055,EVT-20260829-0021
POL-20260829-0056,EVT-20260829-0001
POL-20260829-0057,EVT-20260829-0020
POL-20260829-0058,EVT-20260829-0022
POL-20260829-0059,EVT-20260829-0026
POL-20260829-0060,EVT-20260829-0007
POL-20260830-0001,EVT-20260829-0024
POL-20260830-0002,EVT-20260830-0029
POL-20260830-0003,EVT-20260830-0058
POL-20260830-0004,EVT-20260830-0052
POL-20260830-0005,EVT-20260830-0008
POL-20260830-0006,EVT-20260830-0005
POL-20260830-0007,EVT-20260827-0018
POL-20260830-0008,EVT-20260830-0020
POL-20260830-0009,EVT-20260829-0007
POL-20260830-0010,EVT-20260830-0043
POL-20260830-0011,EVT-20260829-0003
POL-20260830-0012,EVT-20260830-0053
POL-20260830-0013,EVT-20260830-0022
POL-20260830-0014,EVT-20260829-0009
POL-20260830-0015,EVT-20260827-0043
POL-20260830-0016,EVT-20260829-0008
POL-20260830-0017,EVT-20260830-0031
POL-20260830-0018,EVT-20260830-0057
POL-20260830-0019,EVT-20260830-0034
POL-20260830-0020,EVT-20260830-0042
POL-20260830-0021,EVT-20260830-0016
POL-20260830-0022,EVT-20260829-0013
POL-20260830-0023,EVT-20260830-0030
POL-20260830-0024,EVT-20260829-0041
POL-20260830-0025,EVT-20260829-0014
POL-20260830-0026,EVT-20260830-0019
POL-20260830-0027,EVT-20260830-0038
POL-20260830-0028,EVT-20260830-0045
POL-20260830-0029,EVT-20260830-0032
POL-20260830-0030,EVT-20260829-0035
POL-20260830-0031,EVT-20260830-0028
POL-20260830-0032,EVT-20260830-0065
POL-20260830-0033,EVT-20260830-0063
POL-20260830-0034,EVT-20260830-0036
POL-20260830-0035,EVT-20260829-0023
POL-20260830-0036,EVT-20260830-0021
POL-20260830-0037,EVT-20260830-0040
POL-20260830-0038,EVT-20260830-0015
POL-20260830-0039,EVT-20260830-0003
POL-20260830-0040,EVT-20260830-0039
POL-20260830-0041,EVT-20260830-0041
POL-20260830-0042,EVT-20260830-0034
POL-20260830-0043,EVT-20260830-0050
POL-20260830-0044,EVT-20260830-0026
POL-20260830-0045,EVT-20260830-0060
POL-20260830-0046,EVT-20260830-0063
POL-20260830-0047,EVT-20260830-0054
POL-20260830-0048,EVT-20260830-0013
POL-20260830-0049,EVT-20260830-0044
POL-20260830-0050,EVT-20260830-0001
POL-20260830-0051,EVT-20260830-0007
POL-20260830-0052,EVT-20260830-0030
POL-20260830-0053,EVT-20260830-0012
POL-20260830-0054,EVT-20260830-0004
POL-20260830-0055,EVT-20260830-0018
POL-20260830-0056,EVT-20260830-0010
POL-20260830-0057,EVT-20260830-0048
POL-20260830-0058,EVT-20260830-0049
POL-20260830-0059,EVT-20260829-0013
POL-20260830-0060,EVT-20260830-0051
POL-20260830-0061,EVT-20260830-0033
POL-20260830-0062,EVT-20260830-0039
POL-20260830-0063,EVT-20260830-0017
POL-20260830-0064,EVT-20260830-0051
POL-20260830-0065,EVT-20260830-0056
POL-20260830-0066,EVT-20260830-0042
POL-20260830-0067,EVT-20260830-0035
POL-20260830-0068,EVT-20260830-0025
POL-20260830-0069,EVT-20260830-0006
POL-20260830-0070,EVT-20260830-0064
POL-20260830-0071,EVT-20260830-0018
POL-20260830-0072,EVT-20260830-0048
POL-20260830-0073,EVT-20260830-0009
POL-20260830-0074,EVT-20260830-0037
POL-20260830-0075,EVT-20260830-0034
POL-20260830-0076,EVT-20260830-0062
POL-20260830-0077,EVT-20260830-0046
POL-20260830-0078,EVT-20260830-0061
POL-20260830-0079,EVT-20260830-0002
POL-20260830-0080,EVT-20260829-0025
POL-20260830-0081,EVT-20260830-0056
POL-20260830-0082,EVT-20260830-0023
POL-20260831-0001,EVT-20260830-0054
POL-20260831-0002,EVT-20260831-0024
POL-20260831-0003,EVT-20260829-0030
POL-20260831-0004,EVT-20260831-0024
POL-20260831-0005,EVT-20260831-0019
POL-20260831-0006,EVT-20260830-0021
POL-20260831-0007,EVT-20260830-0014
POL-20260831-0008,EVT-20260831-0050
POL-20260831-0009,EVT-20260831-0043
POL-20260831-0010,EVT-20260831-0042
POL-20260831-0011,EVT-20260830-0018
POL-20260831-0012,EVT-20260830-0036
POL-20260831-0013,EVT-20260830-0047
POL-20260831-0014,EVT-20260831-0028
POL-20260831-0015,EVT-20260831-0027
POL-20260831-0016,EVT-20260831-0027
POL-20260831-0017,EVT-20260830-0054
POL-20260831-0018,EVT-20260831-0031
POL-20260831-0019,EVT-20260831-0011
POL-20260831-0020,EVT-20260831-0047
POL-20260831-0021,EVT-20260831-0012
POL-20260831-0022,EVT-20260831-0034
POL-20260831-0023,EVT-20260831-0006
POL-20260831-0024,EVT-20260831-0023
POL-20260831-0025,EVT-20260831-0033
POL-20260831-0026,EVT-20260831-0022
POL-20260831-0027,EVT-20260831-0021
POL-20260831-0028,EVT-20260831-0017
POL-20260831-0029,EVT-20260831-0017
POL-20260831-0030,EVT-20260831-0045
POL-20260831-0031,EVT-20260831-0041
POL-20260831-0032,EVT-20260831-0009
POL-20260831-0033,EVT-20260831-0007
POL-20260831-0034,EVT-20260831-0021
POL-20260831-0035,EVT-20260831-0009
POL-20260831-0036,EVT-20260831-0004
POL-20260831-0037,EVT-20260831-0010
POL-20260831-0038,EVT-20260831-0008
POL-20260831-0039,EVT-20260831-0012
POL-20260831-0040,EVT-20260831-0040
POL-20260831-0041,EVT-20260831-0046
POL-20260831-0042,EVT-20260831-0026
POL-20260831-0043,EVT-20260831-0030
POL-20260831-0044,EVT-20260831-0048
POL-20260831-0045,EVT-20260831-0036
POL-20260831-0046,EVT-20260831-0035
POL-20260831-0047,EVT-20260831-0032
POL-20260831-0048,EVT-20260831-0036
POL-20260831-0049,EVT-20260831-0020
POL-20260831-0050,EVT-20260831-0003
POL-20260831-0051,EVT-20260831-0038
POL-20260831-0052,EVT-20260831-0016
POL-20260831-0053,EVT-20260831-0039
POL-20260831-0054,EVT-20260831-0014
POL-20260831-0055,EVT-20260831-0002
POL-20260831-0056,EVT-20260830-0011
POL-20260831-0057,EVT-20260831-0018
POL-20260831-0058,EVT-20260830-0055
POL-20260831-0059,EVT-20260830-0016
POL-20260831-0060,EVT-20260830-0011
POL-20260831-0061,EVT-20260831-0013
POL-20260831-0062,EVT-20260831-0029
POL-20260831-0063,EVT-20260831-0036
POL-20260901-0001,EVT-20260828-0041
POL-20260901-0002,EVT-20260901-0007
POL-20260901-0003,EVT-20260831-0051
POL-20260901-0004,EVT-20260831-0001
POL-20260901-0005,EVT-20260831-0037
POL-20260901-0006,EVT-20260901-0023
POL-20260901-0007,EVT-20260901-0036
POL-20260901-0008,EVT-20260901-0014
POL-20260901-0009,EVT-20260831-0051
POL-20260901-0010,EVT-20260901-0034
POL-20260901-0011,EVT-20260901-0030
POL-20260901-0012,EVT-20260901-0040
POL-20260901-0013,EVT-20260901-0009
POL-20260901-0014,EVT-20260901-0013
POL-20260901-0015,EVT-20260901-0027
POL-20260901-0016,EVT-20260901-0031
POL-20260901-0017,EVT-20260901-0006
POL-20260901-0018,EVT-20260831-0031
POL-20260901-0019,EVT-20260831-0044
POL-20260901-0020,EVT-20260831-0021
POL-20260901-0021,EVT-20260901-0007
POL-20260901-0022,EVT-20260901-0042
POL-20260901-0023,EVT-20260831-0025
POL-20260901-0024,EVT-20260901-0015
POL-20260901-0025,EVT-20260831-0049
POL-20260901-0026,EVT-20260901-0044
POL-20260901-0027,EVT-20260826-0043
POL-20260901-0028,EVT-20260901-0021
POL-20260901-0029,EVT-20260901-0005
POL-20260901-0030,EVT-20260901-0009
POL-20260901-0031,EVT-20260901-0020
POL-20260901-0032,EVT-20260831-0051
POL-20260901-0033,EVT-20260901-0030
POL-20260901-0034,EVT-20260901-0013
POL-20260901-0035,EVT-20260830-0059
POL-20260901-0036,EVT-20260901-0044
POL-20260901-0037,EVT-20260901-0031
POL-20260901-0038,EVT-20260901-0038
POL-20260901-0039,EVT-20260901-0003
POL-20260901-0040,EVT-20260901-0044
POL-20260901-0041,EVT-20260901-0029
POL-20260901-0042,EVT-20260901-0012
POL-20260901-0043,EVT-20260901-0008
POL-20260901-0044,EVT-20260831-0015
POL-20260901-0045,EVT-20260901-0026
POL-20260901-0046,EVT-20260901-0041
POL-20260901-0047,EVT-20260901-0002
POL-20260901-0048,EVT-20260901-0016
POL-20260901-0049,EVT-20260831-0002
POL-20260901-0050,EVT-20260901-0039
POL-20260901-0051,EVT-20260901-0001
POL-20260901-0052,EVT-20260901-0016
POL-20260901-0053,EVT-20260901-0024
POL-20260901-0054,EVT-20260901-0037
POL-20260901-0055,EVT-20260831-0012
POL-20260901-0056,EVT-20260831-0034
POL-20260901-0057,EVT-20260830-0027
POL-20260901-0058,EVT-20260901-0018
POL-20260901-0059,EVT-20260901-0010
POL-20260901-0060,EVT-20260901-0022
POL-20260901-0061,EVT-20260901-0004
POL-20260901-0062,EVT-20260901-0025
POL-20260901-0063,EVT-20260901-0030
POL-20260901-0064,EVT-20260901-0018
POL-20260901-0065,EVT-20260830-0024
POL-20260901-0066,EVT-20260901-0033
POL-20260901-0067,EVT-20260901-0043
POL-20260901-0068,EVT-20260901-0045
POL-20260902-0001,EVT-20260901-0009
POL-20260902-0002,EVT-20260902-0011
POL-20260902-0003,EVT-20260902-0031
POL-20260902-0004,EVT-20260902-0004
POL-20260902-0005,EVT-20260901-0018
POL-20260902-0006,EVT-20260902-0048
POL-20260902-0007,EVT-20260902-0001
POL-20260902-0008,EVT-20260902-0026
POL-20260902-0009,EVT-20260901-0028
POL-20260902-0010,EVT-20260902-0050
POL-20260902-0011,EVT-20260902-0036
POL-20260902-0012,EVT-20260901-0046
POL-20260902-0013,EVT-20260901-0017
POL-20260902-0014,EVT-20260902-0024
POL-20260902-0015,EVT-20260902-0010
POL-20260902-0016,EVT-20260901-0028
POL-20260902-0017,EVT-20260902-0022
POL-20260902-0018,EVT-20260902-0042
POL-20260902-0019,EVT-20260901-0035
POL-20260902-0020,EVT-20260902-0037
POL-20260902-0021,EVT-20260902-0031
POL-20260902-0022,EVT-20260902-0041
POL-20260902-0023,EVT-20260831-0005
POL-20260902-0024,EVT-20260902-0008
POL-20260902-0025,EVT-20260902-0028
POL-20260902-0026,EVT-20260902-0055
POL-20260902-0027,EVT-20260902-0035
POL-20260902-0028,EVT-20260902-0039
POL-20260902-0029,EVT-20260902-0021
POL-20260902-0030,EVT-20260902-0030
POL-20260902-0031,EVT-20260902-0033
POL-20260902-0032,EVT-20260902-0031
POL-20260902-0033,EVT-20260902-0046
POL-20260902-0034,EVT-20260902-0027
POL-20260902-0035,EVT-20260902-0003
POL-20260902-0036,EVT-20260902-0047
POL-20260902-0037,EVT-20260902-0052
POL-20260902-0038,EVT-20260902-0051
POL-20260902-0039,EVT-20260902-0032
POL-20260902-0040,EVT-20260902-0044
POL-20260902-0041,EVT-20260902-0019
POL-20260902-0042,EVT-20260902-0023
POL-20260902-0043,EVT-20260902-0003
POL-20260902-0044,EVT-20260902-0012
POL-20260902-0045,EVT-20260902-0016
POL-20260902-0046,EVT-20260902-0017
POL-20260902-0047,EVT-20260902-0007
POL-20260902-0048,EVT-20260901-0032
POL-20260902-0049,EVT-20260902-0043
POL-20260902-0050,EVT-20260902-0045
POL-20260902-0051,EVT-20260902-0031
POL-20260902-0052,EVT-20260902-0002
POL-20260902-0053,EVT-20260901-0009
POL-20260902-0054,EVT-20260902-0054
POL-20260902-0055,EVT-20260902-0049
POL-20260902-0056,EVT-20260902-0029
POL-20260902-0057,EVT-20260902-0022
POL-20260903-0001,EVT-20260901-0019
POL-20260903-0002,EVT-20260902-0006
POL-20260903-0003,EVT-20260902-0038
POL-20260903-0004,EVT-20260903-0035
POL-20260903-0005,EVT-20260902-0029
POL-20260903-0006,EVT-20260903-0043
POL-20260903-0007,EVT-20260902-0006
POL-20260903-0008,EVT-20260903-0019
POL-20260903-0009,EVT-20260902-0027
POL-20260903-0010,EVT-20260902-0019
POL-20260903-0011,EVT-20260902-0009
POL-20260903-0012,EVT-20260903-0021
POL-20260903-0013,EVT-20260902-0056
POL-20260903-0014,EVT-20260903-0032
POL-20260903-0015,EVT-20260903-0019
POL-20260903-0016,EVT-20260903-0006
POL-20260903-0017,EVT-20260903-0032
POL-20260903-0018,EVT-20260902-0029
POL-20260903-0019,EVT-20260903-0007
POL-20260903-0020,EVT-20260902-0015
POL-20260903-0021,EVT-20260903-0031
POL-20260903-0022,EVT-20260903-0019
POL-20260903-0023,EVT-20260902-0018
POL-20260903-0024,EVT-20260902-0056
POL-20260903-0025,EVT-20260901-0011
POL-20260903-0026,EVT-20260903-0049
POL-20260903-0027,EVT-20260903-0041
POL-20260903-0028,EVT-20260903-0031
POL-20260903-0029,EVT-20260902-0053
POL-20260903-0030,EVT-20260903-0047
POL-20260903-0031,EVT-20260902-0027
POL-20260903-0032,EVT-20260902-0013
POL-20260903-0033,EVT-20260902-0020
POL-20260903-0034,EVT-20260903-0037
POL-20260903-0035,EVT-20260902-0021
POL-20260903-0036,EVT-20260903-0027
POL-20260903-0037,EVT-20260902-0025
POL-20260903-0038,EVT-20260903-0005
POL-20260903-0039,EVT-20260903-0011
POL-20260903-0040,EVT-20260903-0032
POL-20260903-0041,EVT-20260902-0055
POL-20260903-0042,EVT-20260903-0002
POL-20260903-0043,EVT-20260903-0020
POL-20260903-0044,EVT-20260903-0001
POL-20260903-0045,EVT-20260903-0042
POL-20260903-0046,EVT-20260903-0004
POL-20260903-0047,EVT-20260903-0048
POL-20260903-0048,EVT-20260903-0013
POL-20260903-0049,EVT-20260902-0045
POL-20260903-0050,EVT-20260903-0030
POL-20260903-0051,EVT-20260903-0039
POL-20260903-0052,EVT-20260902-0005
POL-20260903-0053,EVT-20260903-0024
POL-20260903-0054,EVT-20260903-0002
POL-20260903-0055,EVT-20260903-0040
POL-20260903-0056,EVT-20260903-0026
POL-20260903-0057,EVT-20260903-0012
POL-20260903-0058,EVT-20260903-0016
POL-20260903-0059,EVT-20260902-0009
POL-20260903-0060,EVT-20260903-0034
POL-20260903-0061,EVT-20260903-0010
POL-20260903-0062,EVT-20260903-0033
POL-20260903-0063,EVT-20260903-0029
POL-20260903-0064,EVT-20260902-0025
POL-20260903-0065,EVT-20260902-0021
POL-20260903-0066,EVT-20260903-0036
POL-20260903-0067,EVT-20260903-0025
POL-20260903-0068,EVT-20260903-0015
POL-20260903-0069,EVT-20260903-0028
POL-20260904-0001,EVT-20260903-0015
POL-20260904-0002,EVT-20260904-0027
POL-20260904-0003,EVT-20260903-0028
POL-20260904-0004,EVT-20260904-0005
POL-20260904-0005,EVT-20260904-0032
POL-20260904-0006,EVT-20260903-0020
POL-20260904-0007,EVT-20260903-0029
POL-20260904-0008,EVT-20260904-0023
POL-20260904-0009,EVT-20260904-0006
POL-20260904-0010,EVT-20260903-0016
POL-20260904-0011,EVT-20260903-0009
POL-20260904-0012,EVT-20260904-0025
POL-20260904-0013,EVT-20260903-0042
POL-20260904-0014,EVT-20260904-0022
POL-20260904-0015,EVT-20260904-0038
POL-20260904-0016,EVT-20260903-0018
POL-20260904-0017,EVT-20260904-0025
POL-20260904-0018,EVT-20260903-0015
POL-20260904-0019,EVT-20260903-0003
POL-20260904-0020,EVT-20260904-0004
POL-20260904-0021,EVT-20260903-0012
POL-20260904-0022,EVT-20260904-0041
POL-20260904-0023,EVT-20260904-0002
POL-20260904-0024,EVT-20260904-0002
POL-20260904-0025,EVT-20260904-0007
POL-20260904-0026,EVT-20260904-0019
POL-20260904-0027,EVT-20260902-0034
POL-20260904-0028,EVT-20260904-0026
POL-20260904-0029,EVT-20260904-0012
POL-20260904-0030,EVT-20260903-0023
POL-20260904-0031,EVT-20260903-0014
POL-20260904-0032,EVT-20260904-0050
POL-20260904-0033,EVT-20260903-0031
POL-20260904-0034,EVT-20260904-0003
POL-20260904-0035,EVT-20260903-0046
POL-20260904-0036,EVT-20260904-0025
POL-20260904-0037,EVT-20260831-0037
POL-20260904-0038,EVT-20260903-0008
POL-20260904-0039,EVT-20260904-0008
POL-20260904-0040,EVT-20260904-0024
POL-20260904-0041,EVT-20260904-0043
POL-20260904-0042,EVT-20260904-0043
POL-20260904-0043,EVT-20260904-0002
POL-20260904-0044,EVT-20260904-0045
POL-20260904-0045,EVT-20260904-0021
POL-20260904-0046,EVT-20260904-0051
POL-20260904-0047,EVT-20260904-0050
POL-20260904-0048,EVT-20260904-0033
POL-20260904-0049,EVT-20260904-0039
POL-20260904-0050,EVT-20260904-0007
POL-20260904-0051,EVT-20260904-0036
POL-20260904-0052,EVT-20260904-0044
POL-20260904-0053,EVT-20260904-0014
POL-20260904-0054,EVT-20260904-0002
POL-20260904-0055,EVT-20260903-0017
POL-20260904-0056,EVT-20260904-0034
POL-20260904-0057,EVT-20260904-0042
POL-20260904-0058,EVT-20260902-0040
POL-20260904-0059,EVT-20260904-0009
POL-20260904-0060,EVT-20260904-0049
POL-20260904-0061,EVT-20260904-0015
POL-20260904-0062,EVT-20260903-0022
POL-20260904-0063,EVT-20260904-0037
POL-20260904-0064,EVT-20260904-0016
POL-20260904-0065,EVT-20260904-0010
POL-20260904-0066,EVT-20260904-0013
POL-20260904-0067,EVT-20260904-0014
POL-20260904-0068,EVT-20260904-0048
POL-20260904-0069,EVT-20260904-0028
POL-20260904-0070,EVT-20260903-0038
POL-20260904-0071,EVT-20260904-0052
POL-20260904-0072,EVT-20260904-0047
POL-20260904-0073,EVT-20260904-0018
POL-20260904-0074,EVT-20260904-0029
POL-20260904-0075,EVT-20260904-0043
POL-20260904-0076,EVT-20260904-0031
POL-20260905-0001,EVT-20260904-0017
POL-20260905-0002,EVT-20260905-0012
POL-20260905-0003,EVT-20260903-0045
POL-20260905-0004,EVT-20260905-0016
POL-20260905-0005,EVT-20260904-0030
POL-20260905-0006,EVT-20260904-0008
POL-20260905-0007,EVT-20260905-0041
POL-20260905-0008,EVT-20260904-0001
POL-20260905-0009,EVT-20260904-0020
POL-20260905-0010,EVT-20260904-0011
POL-20260905-0011,EVT-20260904-0003
POL-20260905-0012,EVT-20260905-0009
POL-20260905-0013,EVT-20260905-0031
POL-20260905-0014,EVT-20260905-0034
POL-20260905-0015,EVT-20260904-0029
POL-20260905-0016,EVT-20260905-0024
POL-20260905-0017,EVT-20260905-0023
POL-20260905-0018,EVT-20260905-0016
POL-20260905-0019,EVT-20260904-0052
POL-20260905-0020,EVT-20260904-0040
POL-20260905-0021,EVT-20260904-0004
POL-20260905-0022,EVT-20260905-0031
POL-20260905-0023,EVT-20260905-0025
POL-20260905-0024,EVT-20260904-0046
POL-20260905-0025,EVT-20260905-0008
POL-20260905-0026,EVT-20260905-0008
POL-20260905-0027,EVT-20260905-0035
POL-20260905-0028,EVT-20260904-0053
POL-20260905-0029,EVT-20260905-0002
POL-20260905-0030,EVT-20260905-0008
POL-20260905-0031,EVT-20260905-0039
POL-20260905-0032,EVT-20260905-0013
POL-20260905-0033,EVT-20260905-0010
POL-20260905-0034,EVT-20260904-0043
POL-20260905-0035,EVT-20260905-0032
POL-20260905-0036,EVT-20260905-0020
POL-20260905-0037,EVT-20260905-0032
POL-20260905-0038,EVT-20260904-0052
POL-20260905-0039,EVT-20260905-0027
POL-20260905-0040,EVT-20260905-0003
POL-20260905-0041,EVT-20260905-0022
POL-20260905-0042,EVT-20260905-0032
POL-20260905-0043,EVT-20260905-0028
POL-20260905-0044,EVT-20260905-0005
POL-20260905-0045,EVT-20260905-0043
POL-20260905-0046,EVT-20260905-0004
POL-20260905-0047,EVT-20260904-0001
POL-20260905-0048,EVT-20260905-0046
POL-20260905-0049,EVT-20260904-0035
POL-20260905-0050,EVT-20260905-0029
POL-20260905-0051,EVT-20260905-0001
POL-20260905-0052,EVT-20260905-0040
POL-20260905-0053,EVT-20260905-0005
POL-20260905-0054,EVT-20260905-0045
POL-20260905-0055,EVT-20260905-0014
POL-20260905-0056,EVT-20260903-0044
POL-20260905-0057,EVT-20260905-0006
POL-20260905-0058,EVT-20260905-0038
POL-20260905-0059,EVT-20260902-0014
POL-20260905-0060,EVT-20260905-0026
POL-20260905-0061,EVT-20260905-0048
POL-20260905-0062,EVT-20260905-0019
POL-20260905-0063,EVT-20260905-0021
POL-20260905-0064,EVT-20260905-0047
POL-20260905-0065,EVT-20260905-0015
POL-20260905-0066,EVT-20260904-0014
POL-20260905-0067,EVT-20260905-0017
POL-20260905-0068,EVT-20260905-0049
POL-20260906-0001,EVT-20260906-0014
POL-20260906-0002,EVT-20260905-0044
POL-20260906-0003,EVT-20260906-0032
POL-20260906-0004,EVT-20260905-0011
POL-20260906-0005,EVT-20260906-0040
POL-20260906-0006,EVT-20260906-0025
POL-20260906-0007,EVT-20260904-0003
POL-20260906-0008,EVT-20260906-0055
POL-20260906-0009,EVT-20260906-0021
POL-20260906-0010,EVT-20260906-0010
POL-20260906-0011,EVT-20260905-0018
POL-20260906-0012,EVT-20260906-0006
POL-20260906-0013,EVT-20260905-0017
POL-20260906-0014,EVT-20260906-0032
POL-20260906-0015,EVT-20260906-0048
POL-20260906-0016,EVT-20260906-0040
POL-20260906-0017,EVT-20260906-0044
POL-20260906-0018,EVT-20260906-0012
POL-20260906-0019,EVT-20260905-0033
POL-20260906-0020,EVT-20260906-0060
POL-20260906-0021,EVT-20260906-0010
POL-20260906-0022,EVT-20260906-0056
POL-20260906-0023,EVT-20260906-0049
POL-20260906-0024,EVT-20260905-0017
POL-20260906-0025,EVT-20260905-0003
POL-20260906-0026,EVT-20260905-0044
POL-20260906-0027,EVT-20260906-0023
POL-20260906-0028,EVT-20260905-0007
POL-20260906-0029,EVT-20260906-0016
POL-20260906-0030,EVT-20260906-0038
POL-20260906-0031,EVT-20260906-0016
POL-20260906-0032,EVT-20260906-0028
POL-20260906-0033,EVT-20260906-0017
POL-20260906-0034,EVT-20260906-0045
POL-20260906-0035,EVT-20260906-0018
POL-20260906-0036,EVT-20260906-0017
POL-20260906-0037,EVT-20260906-0055
POL-20260906-0038,EVT-20260906-0021
POL-20260906-0039,EVT-20260906-0001
POL-20260906-0040,EVT-20260906-0049
POL-20260906-0041,EVT-20260906-0028
POL-20260906-0042,EVT-20260906-0021
POL-20260906-0043,EVT-20260906-0028
POL-20260906-0044,EVT-20260906-0037
POL-20260906-0045,EVT-20260906-0008
POL-20260906-0046,EVT-20260906-0035
POL-20260906-0047,EVT-20260906-0013
POL-20260906-0048,EVT-20260905-0030
POL-20260906-0049,EVT-20260906-0049
POL-20260906-0050,EVT-20260906-0043
POL-20260906-0051,EVT-20260906-0020
POL-20260906-0052,EVT-20260905-0030
POL-20260906-0053,EVT-20260906-0047
POL-20260906-0054,EVT-20260906-0057
POL-20260906-0055,EVT-20260906-0030
POL-20260906-0056,EVT-20260905-0021
POL-20260906-0057,EVT-20260906-0015
POL-20260906-0058,EVT-20260905-0044
POL-20260906-0059,EVT-20260906-0011
POL-20260906-0060,EVT-20260906-0026
POL-20260906-0061,EVT-20260906-0008
POL-20260906-0062,EVT-20260906-0035
POL-20260906-0063,EVT-20260906-0016
POL-20260906-0064,EVT-20260906-0024
POL-20260906-0065,EVT-20260906-0053
POL-20260906-0066,EVT-20260905-0014
POL-20260906-0067,EVT-20260906-0026
POL-20260906-0068,EVT-20260906-0026
POL-20260906-0069,EVT-20260906-0027
POL-20260906-0070,EVT-20260906-0042
POL-20260906-0071,EVT-20260906-0034
POL-20260906-0072,EVT-20260906-0054
POL-20260906-0073,EVT-20260906-0052
POL-20260906-0074,EVT-20260906-0009
POL-20260906-0075,EVT-20260906-0035
POL-20260906-0076,EVT-20260906-0052
POL-20260906-0077,EVT-20260906-0036
POL-20260906-0078,EVT-20260903-0010
POL-20260906-0079,EVT-20260906-0024
POL-20260906-0080,EVT-20260906-0050
POL-20260906-0081,EVT-20260906-0007
POL-20260906-0082,EVT-20260906-0004
POL-20260906-0083,EVT-20260906-0005
POL-20260906-0084,EVT-20260906-0019
POL-20260906-0085,EVT-20260906-0039
POL-20260906-0086,EVT-20260906-0003
POL-20260906-0087,EVT-20260906-0029
POL-20260907-0001,EVT-20260905-0036
POL-20260907-0002,EVT-20260907-0021
POL-20260907-0003,EVT-20260906-0051
POL-20260907-0004,EVT-20260906-0046
POL-20260907-0005,EVT-20260907-0030
POL-20260907-0006,EVT-20260906-0041
POL-20260907-0007,EVT-20260906-0031
POL-20260907-0008,EVT-20260906-0055
POL-20260907-0009,EVT-20260907-0019
POL-20260907-0010,EVT-20260907-0042
POL-20260907-0011,EVT-20260906-0052
POL-20260907-0012,EVT-20260906-0053
POL-20260907-0013,EVT-20260906-0058
POL-20260907-0014,EVT-20260906-0046
POL-20260907-0015,EVT-20260907-0041
POL-20260907-0016,EVT-20260907-0002
POL-20260907-0017,EVT-20260907-0041
POL-20260907-0018,EVT-20260907-0046
POL-20260907-0019,EVT-20260906-0059
POL-20260907-0020,EVT-20260906-0052
POL-20260907-0021,EVT-20260907-0017
POL-20260907-0022,EVT-20260907-0022
POL-20260907-0023,EVT-20260907-0047
POL-20260907-0024,EVT-20260906-0009
POL-20260907-0025,EVT-20260907-0034
POL-20260907-0026,EVT-20260907-0022
POL-20260907-0027,EVT-20260906-0049
POL-20260907-0028,EVT-20260907-0042
POL-20260907-0029,EVT-20260907-0005
POL-20260907-0030,EVT-20260907-0003
POL-20260907-0031,EVT-20260907-0007
POL-20260907-0032,EVT-20260907-0032
POL-20260907-0033,EVT-20260906-0033
POL-20260907-0034,EVT-20260907-0008
POL-20260907-0035,EVT-20260907-0001
POL-20260907-0036,EVT-20260907-0037
POL-20260907-0037,EVT-20260907-0019
POL-20260907-0038,EVT-20260907-0006
POL-20260907-0039,EVT-20260907-0031
POL-20260907-0040,EVT-20260907-0012
POL-20260907-0041,EVT-20260907-0004
POL-20260907-0042,EVT-20260907-0031
POL-20260907-0043,EVT-20260907-0036
POL-20260907-0044,EVT-20260907-0029
POL-20260907-0045,EVT-20260907-0011
POL-20260907-0046,EVT-20260907-0016
POL-20260907-0047,EVT-20260907-0015
POL-20260907-0048,EVT-20260907-0005
POL-20260907-0049,EVT-20260907-0014
POL-20260907-0050,EVT-20260907-0027
POL-20260907-0051,EVT-20260907-0013
POL-20260907-0052,EVT-20260907-0015
POL-20260907-0053,EVT-20260907-0009
POL-20260907-0054,EVT-20260907-0028
POL-20260907-0055,EVT-20260907-0040
POL-20260907-0056,EVT-20260907-0031
POL-20260907-0057,EVT-20260907-0010
POL-20260907-0058,EVT-20260906-0022
POL-20260907-0059,EVT-20260907-0045
POL-20260907-0060,EVT-20260907-0044
POL-20260907-0061,EVT-20260907-0025
POL-20260907-0062,EVT-20260907-0026
POL-20260907-0063,EVT-20260907-0035
POL-20260907-0064,EVT-20260907-0039
POL-20260907-0065,EVT-20260907-0018
POL-20260907-0066,EVT-20260907-0025
POL-20260907-0067,EVT-20260907-0024
POL-20260907-0068,EVT-20260907-0038
POL-20260907-0069,EVT-20260907-0035
POL-20260908-0001,EVT-20260908-0046
POL-20260908-0002,EVT-20260908-0046
POL-20260908-0003,EVT-20260908-0019
POL-20260908-0004,EVT-20260908-0054
POL-20260908-0005,EVT-20260907-0033
POL-20260908-0006,EVT-20260908-0057
POL-20260908-0007,EVT-20260908-0026
POL-20260908-0008,EVT-20260908-0034
POL-20260908-0009,EVT-20260908-0054
POL-20260908-0010,EVT-20260908-0047
POL-20260908-0011,EVT-20260907-0025
POL-20260908-0012,EVT-20260908-0047
POL-20260908-0013,EVT-20260908-0046
POL-20260908-0014,EVT-20260908-0011
POL-20260908-0015,EVT-20260907-0025
POL-20260908-0016,EVT-20260908-0017
POL-20260908-0017,EVT-20260907-0005
POL-20260908-0018,EVT-20260907-0019
POL-20260908-0019,EVT-20260908-0039
POL-20260908-0020,EVT-20260907-0031
POL-20260908-0021,EVT-20260908-0024
POL-20260908-0022,EVT-20260907-0043
POL-20260908-0023,EVT-20260908-0013
POL-20260908-0024,EVT-20260908-0058
POL-20260908-0025,EVT-20260908-0035
POL-20260908-0026,EVT-20260907-0023
POL-20260908-0027,EVT-20260908-0023
POL-20260908-0028,EVT-20260908-0023
POL-20260908-0029,EVT-20260908-0010
POL-20260908-0030,EVT-20260908-0059
POL-20260908-0031,EVT-20260908-0037
POL-20260908-0032,EVT-20260908-0006
POL-20260908-0033,EVT-20260908-0005
POL-20260908-0034,EVT-20260908-0025
POL-20260908-0035,EVT-20260908-0051
POL-20260908-0036,EVT-20260908-0046
POL-20260908-0037,EVT-20260908-0018
POL-20260908-0038,EVT-20260908-0054
POL-20260908-0039,EVT-20260908-0015
POL-20260908-0040,EVT-20260907-0045
POL-20260908-0041,EVT-20260908-0013
POL-20260908-0042,EVT-20260908-0058
POL-20260908-0043,EVT-20260907-0033
POL-20260908-0044,EVT-20260908-0007
POL-20260908-0045,EVT-20260908-0056
POL-20260908-0046,EVT-20260908-0027
POL-20260908-0047,EVT-20260908-0042
POL-20260908-0048,EVT-20260908-0052
POL-20260908-0049,EVT-20260908-0016
POL-20260908-0050,EVT-20260907-0020
POL-20260908-0051,EVT-20260908-0014
POL-20260908-0052,EVT-20260908-0060
POL-20260908-0053,EVT-20260906-0002
POL-20260908-0054,EVT-20260908-0007
POL-20260908-0055,EVT-20260908-0043
POL-20260908-0056,EVT-20260907-0015
POL-20260908-0057,EVT-20260908-0029
POL-20260908-0058,EVT-20260908-0014
POL-20260908-0059,EVT-20260908-0043
POL-20260908-0060,EVT-20260908-0047
POL-20260908-0061,EVT-20260908-0020
POL-20260908-0062,EVT-20260908-0049
POL-20260908-0063,EVT-20260908-0004
POL-20260908-0064,EVT-20260908-0009
POL-20260908-0065,EVT-20260908-0002
POL-20260908-0066,EVT-20260908-0033
POL-20260908-0067,EVT-20260908-0049
POL-20260908-0068,EVT-20260905-0042
POL-20260908-0069,EVT-20260908-0038
POL-20260908-0070,EVT-20260908-0036
POL-20260908-0071,EVT-20260908-0032
POL-20260908-0072,EVT-20260908-0055
POL-20260908-0073,EVT-20260908-0008
POL-20260908-0074,EVT-20260908-0021
POL-20260908-0075,EVT-20260908-0050
POL-20260908-0076,EVT-20260908-0061
POL-20260909-0001,EVT-20260908-0003
POL-20260909-0002,EVT-20260909-0051
POL-20260909-0003,EVT-20260907-0045
POL-20260909-0004,EVT-20260908-0038
POL-20260909-0005,EVT-20260908-0045
POL-20260909-0006,EVT-20260908-0038
POL-20260909-0007,EVT-20260909-0027
POL-20260909-0008,EVT-20260909-0012
POL-20260909-0009,EVT-20260909-0012
POL-20260909-0010,EVT-20260908-0028
POL-20260909-0011,EVT-20260908-0041
POL-20260909-0012,EVT-20260908-0040
POL-20260909-0013,EVT-20260908-0031
POL-20260909-0014,EVT-20260909-0009
POL-20260909-0015,EVT-20260908-0030
POL-20260909-0016,EVT-20260909-0008
POL-20260909-0017,EVT-20260909-0009
POL-20260909-0018,EVT-20260909-0022
POL-20260909-0019,EVT-20260908-0028
POL-20260909-0020,EVT-20260905-0037
POL-20260909-0021,EVT-20260908-0049
POL-20260909-0022,EVT-20260909-0037
POL-20260909-0023,EVT-20260909-0005
POL-20260909-0024,EVT-20260909-0047
POL-20260909-0025,EVT-20260908-0044
POL-20260909-0026,EVT-20260909-0006
POL-20260909-0027,EVT-20260908-0053
POL-20260909-0028,EVT-20260909-0022
POL-20260909-0029,EVT-20260908-0022
POL-20260909-0030,EVT-20260909-0013
POL-20260909-0031,EVT-20260909-0023
POL-20260909-0032,EVT-20260909-0040
POL-20260909-0033,EVT-20260909-0032
POL-20260909-0034,EVT-20260909-0043
POL-20260909-0035,EVT-20260909-0039
POL-20260909-0036,EVT-20260908-0001
POL-20260909-0037,EVT-20260909-0014
POL-20260909-0038,EVT-20260909-0012
POL-20260909-0039,EVT-20260909-0024
POL-20260909-0040,EVT-20260909-0025
POL-20260909-0041,EVT-20260909-0009
POL-20260909-0042,EVT-20260909-0028
POL-20260909-0043,EVT-20260909-0033
POL-20260909-0044,EVT-20260909-0020
POL-20260909-0045,EVT-20260909-0015
POL-20260909-0046,EVT-20260909-0048
POL-20260909-0047,EVT-20260909-0007
POL-20260909-0048,EVT-20260908-0012
POL-20260909-0049,EVT-20260909-0011
POL-20260909-0050,EVT-20260907-0027
POL-20260909-0051,EVT-20260908-0060
POL-20260909-0052,EVT-20260909-0018
POL-20260909-0053,EVT-20260909-0022
POL-20260909-0054,EVT-20260909-0050
POL-20260909-0055,EVT-20260908-0058
POL-20260909-0056,EVT-20260908-0044
POL-20260909-0057,EVT-20260909-0004
POL-20260909-0058,EVT-20260909-0049
POL-20260909-0059,EVT-20260909-0031
POL-20260909-0060,EVT-20260909-0029
POL-20260909-0061,EVT-20260909-0011
POL-20260909-0062,EVT-20260909-0026
POL-20260909-0063,EVT-20260909-0038
POL-20260909-0064,EVT-20260909-0034
POL-20260909-0065,EVT-20260909-0046
POL-20260909-0066,EVT-20260909-0042
POL-20260909-0067,EVT-20260909-0011
POL-20260909-0068,EVT-20260909-0030
POL-20260909-0069,EVT-20260909-0036
POL-20260909-0070,EVT-20260909-0002
POL-20260909-0071,EVT-20260908-0044
POL-20260909-0072,EVT-20260909-0017
POL-20260909-0073,EVT-20260907-0027
POL-20260909-0074,EVT-20260908-0043
POL-20260910-0001,EVT-20260908-0048
POL-20260910-0002,EVT-20260910-0033
POL-20260910-0003,EVT-20260909-0044
POL-20260910-0004,EVT-20260910-0015
POL-20260910-0005,EVT-20260910-0009
POL-20260910-0006,EVT-20260910-0024
POL-20260910-0007,EVT-20260909-0035
POL-20260910-0008,EVT-20260910-0011
POL-20260910-0009,EVT-20260910-0032
POL-20260910-0010,EVT-20260910-0020
POL-20260910-0011,EVT-20260910-0004
POL-20260910-0012,EVT-20260910-0053
POL-20260910-0013,EVT-20260909-0047
POL-20260910-0014,EVT-20260907-0027
POL-20260910-0015,EVT-20260908-0040
POL-20260910-0016,EVT-20260910-0038
POL-20260910-0017,EVT-20260910-0028
POL-20260910-0018,EVT-20260909-0003
POL-20260910-0019,EVT-20260910-0030
POL-20260910-0020,EVT-20260910-0001
POL-20260910-0021,EVT-20260909-0010
POL-20260910-0022,EVT-20260910-0019
POL-20260910-0023,EVT-20260910-0001
POL-20260910-0024,EVT-20260910-0043
POL-20260910-0025,EVT-20260910-0026
POL-20260910-0026,EVT-20260910-0051
POL-20260910-0027,EVT-20260910-0027
POL-20260910-0028,EVT-20260909-0021
POL-20260910-0029,EVT-20260910-0035
POL-20260910-0030,EVT-20260910-0055
POL-20260910-0031,EVT-20260910-0002
POL-20260910-0032,EVT-20260910-0006
POL-20260910-0033,EVT-20260910-0023
POL-20260910-0034,EVT-20260910-0040
POL-20260910-0035,EVT-20260910-0003
POL-20260910-0036,EVT-20260910-0016
POL-20260910-0037,EVT-20260910-0026
POL-20260910-0038,EVT-20260910-0010
POL-20260910-0039,EVT-20260909-0019
POL-20260910-0040,EVT-20260910-0037
POL-20260910-0041,EVT-20260909-0016
POL-20260910-0042,EVT-20260910-0021
POL-20260910-0043,EVT-20260910-0047
POL-20260910-0044,EVT-20260910-0054
POL-20260910-0045,EVT-20260910-0050
POL-20260910-0046,EVT-20260910-0044
POL-20260910-0047,EVT-20260910-0025
POL-20260910-0048,EVT-20260910-0018
POL-20260910-0049,EVT-20260910-0046
POL-20260910-0050,EVT-20260910-0025
POL-20260910-0051,EVT-20260910-0039
POL-20260910-0052,EVT-20260910-0018
POL-20260910-0053,EVT-20260909-0001
POL-20260910-0054,EVT-20260910-0049
POL-20260910-0055,EVT-20260910-0007
POL-20260910-0056,EVT-20260910-0047
POL-20260910-0057,EVT-20260910-0001
POL-20260910-0058,EVT-20260910-0041
POL-20260910-0059,EVT-20260910-0029
POL-20260910-0060,EVT-20260910-0057
POL-20260910-0061,EVT-20260910-0057
POL-20260910-0062,EVT-20260909-0045
POL-20260910-0063,EVT-20260910-0045
POL-20260910-0064,EVT-20260910-0013
POL-20260910-0065,EVT-20260910-0017
POL-20260911-0001,EVT-20260910-0022
POL-20260911-0002,EVT-20260911-0007
POL-20260911-0003,EVT-20260911-0035
POL-20260911-0004,EVT-20260910-0014
POL-20260911-0005,EVT-20260910-0005
POL-20260911-0006,EVT-20260910-0044
POL-20260911-0007,EVT-20260911-0030
POL-20260911-0008,EVT-20260911-0038
POL-20260911-0009,EVT-20260910-0047
POL-20260911-0010,EVT-20260910-0036
POL-20260911-0011,EVT-20260911-0019
POL-20260911-0012,EVT-20260910-0044
POL-20260911-0013,EVT-20260910-0057
POL-20260911-0014,EVT-20260911-0033
POL-20260911-0015,EVT-20260909-0014
POL-20260911-0016,EVT-20260910-0047
POL-20260911-0017,EVT-20260909-0010
POL-20260911-0018,EVT-20260911-0003
POL-20260911-0019,EVT-20260911-0022
POL-20260911-0020,EVT-20260909-0014
POL-20260911-0021,EVT-20260911-0014
POL-20260911-0022,EVT-20260910-0048
POL-20260911-0023,EVT-20260911-0014
POL-20260911-0024,EVT-20260911-0046
POL-20260911-0025,EVT-20260911-0031
POL-20260911-0026,EVT-20260910-0042
POL-20260911-0027,EVT-20260911-0044
POL-20260911-0028,EVT-20260911-0012
POL-20260911-0029,EVT-20260911-0034
POL-20260911-0030,EVT-20260911-0003
POL-20260911-0031,EVT-20260911-0017
POL-20260911-0032,EVT-20260910-0048
POL-20260911-0033,EVT-20260910-0012
POL-20260911-0034,EVT-20260910-0001
POL-20260911-0035,EVT-20260909-0041
POL-20260911-0036,EVT-20260911-0002
POL-20260911-0037,EVT-20260910-0056
POL-20260911-0038,EVT-20260907-0020
POL-20260911-0039,EVT-20260911-0044
POL-20260911-0040,EVT-20260911-0001
POL-20260911-0041,EVT-20260911-0047
POL-20260911-0042,EVT-20260911-0011
POL-20260911-0043,EVT-20260910-0031
POL-20260911-0044,EVT-20260909-0014
POL-20260911-0045,EVT-20260911-0008
POL-20260911-0046,EVT-20260911-0045
POL-20260911-0047,EVT-20260911-0016
POL-20260911-0048,EVT-20260911-0006
POL-20260911-0049,EVT-20260911-0025
POL-20260911-0050,EVT-20260910-0048
POL-20260911-0051,EVT-20260911-0029
POL-20260911-0052,EVT-20260911-0004
POL-20260911-0053,EVT-20260911-0027
POL-20260911-0054,EVT-20260911-0039
POL-20260911-0055,EVT-20260911-0023
POL-20260911-0056,EVT-20260911-0028
POL-20260911-0057,EVT-20260911-0015
POL-20260911-0058,EVT-20260911-0042
POL-20260911-0059,EVT-20260911-0037
POL-20260911-0060,EVT-20260911-0024
POL-20260911-0061,EVT-20260911-0020
POL-20260911-0062,EVT-20260911-0036
POL-20260911-0063,EVT-20260911-0020
POL-20260911-0064,EVT-20260911-0041
POL-20260911-0065,EVT-20260911-0005
POL-20260911-0066,EVT-20260911-0026
POL-20260911-0067,EVT-20260911-0013
POL-20260912-0001,EVT-20260911-0040
POL-20260912-0002,EVT-20260912-0010
POL-20260912-0003,EVT-20260911-0013
POL-20260912-0004,EVT-20260911-0017
POL-20260912-0005,EVT-20260912-0021
POL-20260912-0006,EVT-20260910-0026
POL-20260912-0007,EVT-20260911-0043
POL-20260912-0008,EVT-20260911-0021
POL-20260912-0009,EVT-20260912-0039
POL-20260912-0010,EVT-20260911-0009
POL-20260912-0011,EVT-20260912-0001
POL-20260912-0012,EVT-20260912-0008
POL-20260912-0013,EVT-20260912-0048
POL-20260912-0014,EVT-20260912-0005
POL-20260912-0015,EVT-20260909-0004
POL-20260912-0016,EVT-20260912-0052
POL-20260912-0017,EVT-20260912-0051
POL-20260912-0018,EVT-20260911-0014
POL-20260912-0019,EVT-20260912-0024
POL-20260912-0020,EVT-20260912-0014
POL-20260912-0021,EVT-20260912-0012
POL-20260912-0022,EVT-20260912-0038
POL-20260912-0023,EVT-20260910-0052
POL-20260912-0024,EVT-20260912-0030
POL-20260912-0025,EVT-20260911-0018
POL-20260912-0026,EVT-20260912-0041
POL-20260912-0027,EVT-20260912-0011
POL-20260912-0028,EVT-20260911-0032
POL-20260912-0029,EVT-20260912-0019
POL-20260912-0030,EVT-20260912-0031
POL-20260912-0031,EVT-20260910-0034
POL-20260912-0032,EVT-20260912-0024
POL-20260912-0033,EVT-20260912-0040
POL-20260912-0034,EVT-20260912-0029
POL-20260912-0035,EVT-20260912-0043
POL-20260912-0036,EVT-20260912-0013
POL-20260912-0037,EVT-20260912-0026
POL-20260912-0038,EVT-20260911-0010
POL-20260912-0039,EVT-20260912-0033
POL-20260912-0040,EVT-20260912-0023
POL-20260912-0041,EVT-20260912-0044
POL-20260912-0042,EVT-20260912-0002
POL-20260912-0043,EVT-20260912-0007
POL-20260912-0044,EVT-20260912-0007
POL-20260912-0045,EVT-20260912-0035
POL-20260912-0046,EVT-20260912-0003
POL-20260912-0047,EVT-20260912-0028
POL-20260912-0048,EVT-20260912-0027
POL-20260912-0049,EVT-20260912-0015
POL-20260912-0050,EVT-20260912-0046
POL-20260912-0051,EVT-20260912-0006
POL-20260912-0052,EVT-20260912-0018
POL-20260912-0053,EVT-20260912-0034
POL-20260912-0054,EVT-20260912-0004
POL-20260912-0055,EVT-20260912-0032
POL-20260912-0056,EVT-20260912-0036
POL-20260912-0057,EVT-20260912-0022
POL-20260912-0058,EVT-20260912-0050
POL-20260912-0059,EVT-20260912-0037
POL-20260912-0060,EVT-20260911-0036
POL-20260912-0061,EVT-20260912-0036
POL-20260912-0062,EVT-20260912-0020
POL-20260912-0063,EVT-20260912-0025
POL-20260913-0001,EVT-20260912-0049
POL-20260913-0002,EVT-20260912-0004
POL-20260913-0003,EVT-20260912-0017
POL-20260913-0004,EVT-20260912-0025
POL-20260913-0005,EVT-20260913-0034
POL-20260913-0006,EVT-20260912-0011
POL-20260913-0007,EVT-20260913-0035
POL-20260913-0008,EVT-20260912-0004
POL-20260913-0009,EVT-20260910-0048
POL-20260913-0010,EVT-20260910-0008
POL-20260913-0011,EVT-20260913-0014
POL-20260913-0012,EVT-20260913-0012
POL-20260913-0013,EVT-20260913-0030
POL-20260913-0014,EVT-20260912-0025
POL-20260913-0015,EVT-20260912-0009
POL-20260913-0016,EVT-20260913-0006
POL-20260913-0017,EVT-20260913-0041
POL-20260913-0018,EVT-20260913-0010
POL-20260913-0019,EVT-20260913-0025
POL-20260913-0020,EVT-20260913-0017
POL-20260913-0021,EVT-20260913-0044
POL-20260913-0022,EVT-20260912-0019
POL-20260913-0023,EVT-20260912-0009
POL-20260913-0024,EVT-20260913-0002
POL-20260913-0025,EVT-20260913-0026
POL-20260913-0026,EVT-20260913-0007
POL-20260913-0027,EVT-20260912-0042
POL-20260913-0028,EVT-20260913-0032
POL-20260913-0029,EVT-20260913-0019
POL-20260913-0030,EVT-20260913-0023
POL-20260913-0031,EVT-20260913-0027
POL-20260913-0032,EVT-20260913-0040
POL-20260913-0033,EVT-20260913-0008
POL-20260913-0034,EVT-20260913-0015
POL-20260913-0035,EVT-20260913-0008
POL-20260913-0036,EVT-20260913-0039
POL-20260913-0037,EVT-20260913-0020
POL-20260913-0038,EVT-20260913-0042
POL-20260913-0039,EVT-20260912-0047
POL-20260913-0040,EVT-20260913-0022
POL-20260913-0041,EVT-20260913-0028
POL-20260913-0042,EVT-20260912-0045
POL-20260913-0043,EVT-20260913-0001
POL-20260913-0044,EVT-20260912-0016
POL-20260913-0045,EVT-20260913-0016
POL-20260913-0046,EVT-20260913-0044
POL-20260913-0047,EVT-20260913-0011
POL-20260913-0048,EVT-20260913-0029
POL-20260913-0049,EVT-20260913-0037
POL-20260913-0050,EVT-20260913-0029
POL-20260913-0051,EVT-20260913-0009
POL-20260913-0052,EVT-20260913-0024
POL-20260913-0053,EVT-20260913-0013
POL-20260913-0054,EVT-20260913-0003
POL-20260913-0055,EVT-20260913-0031
POL-20260913-0056,EVT-20260913-0043
POL-20260913-0057,EVT-20260913-0036
POL-20260913-0058,EVT-20260913-0015
POL-20260913-0059,EVT-20260913-0038
POL-20260914-0001,EVT-20260914-0017
POL-20260914-0002,EVT-20260914-0067
POL-20260914-0003,EVT-20260913-0008
POL-20260914-0004,EVT-20260913-0004
POL-20260914-0005,EVT-20260914-0054
POL-20260914-0006,EVT-20260914-0003
POL-20260914-0007,EVT-20260914-0045
POL-20260914-0008,EVT-20260914-0047
POL-20260914-0009,EVT-20260914-0001
POL-20260914-0010,EVT-20260914-0058
POL-20260914-0011,EVT-20260914-0005
POL-20260914-0012,EVT-20260913-0021
POL-20260914-0013,EVT-20260912-0009
POL-20260914-0014,EVT-20260914-0046
POL-20260914-0015,EVT-20260914-0056
POL-20260914-0016,EVT-20260914-0056
POL-20260914-0017,EVT-20260914-0047
POL-20260914-0018,EVT-20260913-0018
POL-20260914-0019,EVT-20260914-0047
POL-20260914-0020,EVT-20260914-0042
POL-20260914-0021,EVT-20260914-0066
POL-20260914-0022,EVT-20260914-0050
POL-20260914-0023,EVT-20260914-0030
POL-20260914-0024,EVT-20260914-0022
POL-20260914-0025,EVT-20260914-0059
POL-20260914-0026,EVT-20260914-0014
POL-20260914-0027,EVT-20260914-0070
POL-20260914-0028,EVT-20260914-0030
POL-20260914-0029,EVT-20260914-0034
POL-20260914-0030,EVT-20260913-0005
POL-20260914-0031,EVT-20260914-0001
POL-20260914-0032,EVT-20260914-0003
POL-20260914-0033,EVT-20260914-0003
POL-20260914-0034,EVT-20260914-0057
POL-20260914-0035,EVT-20260914-0052
POL-20260914-0036,EVT-20260914-0013
POL-20260914-0037,EVT-20260914-0030
POL-20260914-0038,EVT-20260914-0051
POL-20260914-0039,EVT-20260914-0027
POL-20260914-0040,EVT-20260914-0021
POL-20260914-0041,EVT-20260914-0062
POL-20260914-0042,EVT-20260914-0032
POL-20260914-0043,EVT-20260914-0012
POL-20260914-0044,EVT-20260914-0003
POL-20260914-0045,EVT-20260913-0033
POL-20260914-0046,EVT-20260914-0001
POL-20260914-0047,EVT-20260914-0070
POL-20260914-0048,EVT-20260914-0053
POL-20260914-0049,EVT-20260914-0023
POL-20260914-0050,EVT-20260914-0010
POL-20260914-0051,EVT-20260914-0061
POL-20260914-0052,EVT-20260914-0006
POL-20260914-0053,EVT-20260914-0031
POL-20260914-0054,EVT-20260914-0035
POL-20260914-0055,EVT-20260914-0016
POL-20260914-0056,EVT-20260914-0008
POL-20260914-0057,EVT-20260914-0011
POL-20260914-0058,EVT-20260914-0037
POL-20260914-0059,EVT-20260914-0007
POL-20260914-0060,EVT-20260914-0040
POL-20260914-0061,EVT-20260914-0044
POL-20260914-0062,EVT-20260914-0041
POL-20260914-0063,EVT-20260914-0008
POL-20260914-0064,EVT-20260914-0028
POL-20260914-0065,EVT-20260914-0026
POL-20260914-0066,EVT-20260914-0038
POL-20260914-0067,EVT-20260914-0015
POL-20260914-0068,EVT-20260914-0072
POL-20260914-0069,EVT-20260914-0065
POL-20260914-0070,EVT-20260914-0004
POL-20260914-0071,EVT-20260914-0009
POL-20260914-0072,EVT-20260914-0049
POL-20260914-0073,EVT-20260914-0029
POL-20260914-0074,EVT-20260914-0006
POL-20260914-0075,EVT-20260914-0019
POL-20260914-0076,EVT-20260914-0069
POL-20260914-0077,EVT-20260914-0018
POL-20260914-0078,EVT-20260914-0020
POL-20260914-0079,EVT-20260914-0043
POL-20260914-0080,EVT-20260914-0064
POL-20260915-0001,EVT-20260914-0033
POL-20260915-0002,EVT-20260914-0060
POL-20260915-0003,EVT-20260914-0037
POL-20260915-0004,EVT-20260914-0015
POL-20260915-0005,EVT-20260914-0002
POL-20260915-0006,EVT-20260914-0036
POL-20260915-0007,EVT-20260915-0015
POL-20260915-0008,EVT-20260915-0019
POL-20260915-0009,EVT-20260914-0037
POL-20260915-0010,EVT-20260914-0048
POL-20260915-0011,EVT-20260915-0020
POL-20260915-0012,EVT-20260915-0030
POL-20260915-0013,EVT-20260915-0003
POL-20260915-0014,EVT-20260913-0018
POL-20260915-0015,EVT-20260914-0006
POL-20260915-0016,EVT-20260914-0071
POL-20260915-0017,EVT-20260915-0005
POL-20260915-0018,EVT-20260914-0006
POL-20260915-0019,EVT-20260914-0055
POL-20260915-0020,EVT-20260915-0027
POL-20260915-0021,EVT-20260914-0024
POL-20260915-0022,EVT-20260915-0024
POL-20260915-0023,EVT-20260915-0038
POL-20260915-0024,EVT-20260915-0002
POL-20260915-0025,EVT-20260915-0008
POL-20260915-0026,EVT-20260915-0036
POL-20260915-0027,EVT-20260915-0022
POL-20260915-0028,EVT-20260915-0022
POL-20260915-0029,EVT-20260915-0007
POL-20260915-0030,EVT-20260915-0042
POL-20260915-0031,EVT-20260915-0028
POL-20260915-0032,EVT-20260915-0023
POL-20260915-0033,EVT-20260914-0068
POL-20260915-0034,EVT-20260914-0039
POL-20260915-0035,EVT-20260915-0008
POL-20260915-0036,EVT-20260914-0025
POL-20260915-0037,EVT-20260915-0008
POL-20260915-0038,EVT-20260915-0009
POL-20260915-0039,EVT-20260915-0021
POL-20260915-0040,EVT-20260915-0006
POL-20260915-0041,EVT-20260915-0029
POL-20260915-0042,EVT-20260914-0063
POL-20260915-0043,EVT-20260915-0018
POL-20260915-0044,EVT-20260915-0012
POL-20260915-0045,EVT-20260915-0017
POL-20260915-0046,EVT-20260915-0001
POL-20260915-0047,EVT-20260915-0043
POL-20260915-0048,EVT-20260915-0002
POL-20260915-0049,EVT-20260914-0028
POL-20260915-0050,EVT-20260915-0031
POL-20260915-0051,EVT-20260915-0033
POL-20260915-0052,EVT-20260915-0026
POL-20260915-0053,EVT-20260915-0041
POL-20260915-0054,EVT-20260915-0039
POL-20260915-0055,EVT-20260915-0037
POL-20260916-0001,EVT-20260916-0011
POL-20260916-0002,EVT-20260916-0031
POL-20260916-0003,EVT-20260916-0031
POL-20260916-0004,EVT-20260915-0016
POL-20260916-0005,EVT-20260915-0004
POL-20260916-0006,EVT-20260916-0032
POL-20260916-0007,EVT-20260915-0032
POL-20260916-0008,EVT-20260916-0035
POL-20260916-0009,EVT-20260915-0009
POL-20260916-0010,EVT-20260915-0011
POL-20260916-0011,EVT-20260915-0020
POL-20260916-0012,EVT-20260916-0047
POL-20260916-0013,EVT-20260916-0024
POL-20260916-0014,EVT-20260916-0026
POL-20260916-0015,EVT-20260916-0039
POL-20260916-0016,EVT-20260916-0026
POL-20260916-0017,EVT-20260916-0034
POL-20260916-0018,EVT-20260916-0026
POL-20260916-0019,EVT-20260915-0034
POL-20260916-0020,EVT-20260915-0035
POL-20260916-0021,EVT-20260915-0031
POL-20260916-0022,EVT-20260915-0032
POL-20260916-0023,EVT-20260915-0002
POL-20260916-0024,EVT-20260916-0025
POL-20260916-0025,EVT-20260916-0035
POL-20260916-0026,EVT-20260916-0014
POL-20260916-0027,EVT-20260916-0051
POL-20260916-0028,EVT-20260916-0030
POL-20260916-0029,EVT-20260916-0023
POL-20260916-0030,EVT-20260916-0022
POL-20260916-0031,EVT-20260915-0040
POL-20260916-0032,EVT-20260916-0027
POL-20260916-0033,EVT-20260916-0033
POL-20260916-0034,EVT-20260916-0030
POL-20260916-0035,EVT-20260916-0001
POL-20260916-0036,EVT-20260915-0010
POL-20260916-0037,EVT-20260916-0017
POL-20260916-0038,EVT-20260916-0041
POL-20260916-0039,EVT-20260916-0050
POL-20260916-0040,EVT-20260916-0013
POL-20260916-0041,EVT-20260916-0036
POL-20260916-0042,EVT-20260916-0042
POL-20260916-0043,EVT-20260916-0012
POL-20260916-0044,EVT-20260916-0015
POL-20260916-0045,EVT-20260916-0005
POL-20260916-0046,EVT-20260916-0021
POL-20260916-0047,EVT-20260916-0038
POL-20260916-0048,EVT-20260916-0018
POL-20260916-0049,EVT-20260915-0025
POL-20260916-0050,EVT-20260916-0040
POL-20260916-0051,EVT-20260916-0044
POL-20260916-0052,EVT-20260916-0002
POL-20260916-0053,EVT-20260916-0048
POL-20260916-0054,EVT-20260916-0021
POL-20260916-0055,EVT-20260916-0020
POL-20260916-0056,EVT-20260916-0029
POL-20260916-0057,EVT-20260916-0046
POL-20260916-0058,EVT-20260916-0049
POL-20260916-0059,EVT-20260916-0028
POL-20260916-0060,EVT-20260916-0045
POL-20260916-0061,EVT-20260916-0013
POL-20260917-0001,EVT-20260916-0016
POL-20260917-0002,EVT-20260917-0019
POL-20260917-0003,EVT-20260917-0045
POL-20260917-0004,EVT-20260917-0065
POL-20260917-0005,EVT-20260917-0036
POL-20260917-0006,EVT-20260917-0057
POL-20260917-0007,EVT-20260915-0014
POL-20260917-0008,EVT-20260916-0052
POL-20260917-0009,EVT-20260917-0064
POL-20260917-0010,EVT-20260916-0007
POL-20260917-0011,EVT-20260916-0003
POL-20260917-0012,EVT-20260916-0004
POL-20260917-0013,EVT-20260916-0006
POL-20260917-0014,EVT-20260916-0019
POL-20260917-0015,EVT-20260917-0065
POL-20260917-0016,EVT-20260917-0048
POL-20260917-0017,EVT-20260917-0003
POL-20260917-0018,EVT-20260917-0017
POL-20260917-0019,EVT-20260916-0010
POL-20260917-0020,EVT-20260916-0015
POL-20260917-0021,EVT-20260917-0026
POL-20260917-0022,EVT-20260916-0037
POL-20260917-0023,EVT-20260917-0037
POL-20260917-0024,EVT-20260916-0043
POL-20260917-0025,EVT-20260916-0008
POL-20260917-0026,EVT-20260917-0013
POL-20260917-0027,EVT-20260917-0028
POL-20260917-0028,EVT-20260917-0021
POL-20260917-0029,EVT-20260917-0025
POL-20260917-0030,EVT-20260916-0013
POL-20260917-0031,EVT-20260917-0033
POL-20260917-0032,EVT-20260917-0006
POL-20260917-0033,EVT-20260914-0064
POL-20260917-0034,EVT-20260917-0040
POL-20260917-0035,EVT-20260916-0015
POL-20260917-0036,EVT-20260917-0006
POL-20260917-0037,EVT-20260917-0011
POL-20260917-0038,EVT-20260917-0025
POL-20260917-0039,EVT-20260917-0025
POL-20260917-0040,EVT-20260916-0049
POL-20260917-0041,EVT-20260917-0044
POL-20260917-0042,EVT-20260917-0041
POL-20260917-0043,EVT-20260917-0038
POL-20260917-0044,EVT-20260917-0013
POL-20260917-0045,EVT-20260916-0005
POL-20260917-0046,EVT-20260917-0032
POL-20260917-0047,EVT-20260917-0062
POL-20260917-0048,EVT-20260917-0003
POL-20260917-0049,EVT-20260917-0030
POL-20260917-0050,EVT-20260917-0004
POL-20260917-0051,EVT-20260917-0058
POL-20260917-0052,EVT-20260917-0018
POL-20260917-0053,EVT-20260917-0023
POL-20260917-0054,EVT-20260917-0059
POL-20260917-0055,EVT-20260917-0018
POL-20260917-0056,EVT-20260917-0024
POL-20260917-0057,EVT-20260917-0056
POL-20260917-0058,EVT-20260917-0018
POL-20260917-0059,EVT-20260917-0039
POL-20260917-0060,EVT-20260917-0049
POL-20260917-0061,EVT-20260917-0063
POL-20260917-0062,EVT-20260917-0053
POL-20260917-0063,EVT-20260917-0022
POL-20260917-0064,EVT-20260917-0007
POL-20260917-0065,EVT-20260916-0013
POL-20260917-0066,EVT-20260917-0054
POL-20260917-0067,EVT-20260917-0060
POL-20260917-0068,EVT-20260917-0022
POL-20260917-0069,EVT-20260917-0035
POL-20260917-0070,EVT-20260917-0011
POL-20260917-0071,EVT-20260917-0031
POL-20260917-0072,EVT-20260917-0052
POL-20260917-0073,EVT-20260917-0046
POL-20260917-0074,EVT-20260917-0046
POL-20260917-0075,EVT-20260917-0059
POL-20260917-0076,EVT-20260917-0020
POL-20260917-0077,EVT-20260917-0009
POL-20260917-0078,EVT-20260917-0034
POL-20260917-0079,EVT-20260917-0007
POL-20260917-0080,EVT-20260917-0022
POL-20260917-0081,EVT-20260916-0009
POL-20260917-0082,EVT-20260917-0050
POL-20260917-0083,EVT-20260917-0015
POL-20260917-0084,EVT-20260913-0045
POL-20260917-0085,EVT-20260917-0066
POL-20260917-0086,EVT-20260917-0062
POL-20260917-0087,EVT-20260917-0058
POL-20260917-0088,EVT-20260917-0060
POL-20260917-0089,EVT-20260917-0027
POL-20260917-0090,EVT-20260917-0002
POL-20260918-0001,EVT-20260917-0055
POL-20260918-0002,EVT-20260917-0005
POL-20260918-0003,EVT-20260917-0035
POL-20260918-0004,EVT-20260917-0061
POL-20260918-0005,EVT-20260917-0056
POL-20260918-0006,EVT-20260917-0014
POL-20260918-0007,EVT-20260917-0051
POL-20260918-0008,EVT-20260917-0043
POL-20260918-0009,EVT-20260918-0012
POL-20260918-0010,EVT-20260918-0013
POL-20260918-0011,EVT-20260917-0056
POL-20260918-0012,EVT-20260917-0010
POL-20260918-0013,EVT-20260918-0025
POL-20260918-0014,EVT-20260917-0065
POL-20260918-0015,EVT-20260918-0014
POL-20260918-0016,EVT-20260917-0046
POL-20260918-0017,EVT-20260917-0035
POL-20260918-0018,EVT-20260917-0001
POL-20260918-0019,EVT-20260918-0020
POL-20260918-0020,EVT-20260917-0025
POL-20260918-0021,EVT-20260917-0007
POL-20260918-0022,EVT-20260916-0028
POL-20260918-0023,EVT-20260918-0035
POL-20260918-0024,EVT-20260917-0042
POL-20260918-0025,EVT-20260918-0026
POL-20260918-0026,EVT-20260917-0028
POL-20260918-0027,EVT-20260918-0019
POL-20260918-0028,EVT-20260918-0011
POL-20260918-0029,EVT-20260918-0023
POL-20260918-0030,EVT-20260917-0016
POL-20260918-0031,EVT-20260918-0029
POL-20260918-0032,EVT-20260918-0008
POL-20260918-0033,EVT-20260917-0010
POL-20260918-0034,EVT-20260918-0017
POL-20260918-0035,EVT-20260918-0040
POL-20260918-0036,EVT-20260918-0007
POL-20260918-0037,EVT-20260917-0046
POL-20260918-0038,EVT-20260918-0023
POL-20260918-0039,EVT-20260918-0009
POL-20260918-0040,EVT-20260918-0005
POL-20260918-0041,EVT-20260918-0032
POL-20260918-0042,EVT-20260918-0008
POL-20260918-0043,EVT-20260918-0009
POL-20260918-0044,EVT-20260918-0008
POL-20260918-0045,EVT-20260918-0018
POL-20260918-0046,EVT-20260917-0008
POL-20260918-0047,EVT-20260917-0012
POL-20260918-0048,EVT-20260918-0027
POL-20260918-0049,EVT-20260917-0029
POL-20260918-0050,EVT-20260918-0024
POL-20260918-0051,EVT-20260918-0036
POL-20260918-0052,EVT-20260918-0037
POL-20260918-0053,EVT-20260918-0030
POL-20260918-0054,EVT-20260918-0016
POL-20260918-0055,EVT-20260917-0047
POL-20260918-0056,EVT-20260918-0001
POL-20260918-0057,EVT-20260918-0031
POL-20260918-0058,EVT-20260918-0009
POL-20260918-0059,EVT-20260918-0006
POL-20260918-0060,EVT-20260915-0013
POL-20260918-0061,EVT-20260917-0022
POL-20260918-0062,EVT-20260918-0021
POL-20260918-0063,EVT-20260918-0006
POL-20260918-0064,EVT-20260917-0011
POL-20260918-0065,EVT-20260918-0026
POL-20260918-0066,EVT-20260918-0034
POL-20260919-0001,EVT-20260918-0038
POL-20260919-0002,EVT-20260917-0058
POL-20260919-0003,EVT-20260919-0019
POL-20260919-0004,EVT-20260918-0003
POL-20260919-0005,EVT-20260919-0065
POL-20260919-0006,EVT-20260919-0065
POL-20260919-0007,EVT-20260918-0007
POL-20260919-0008,EVT-20260919-0073
POL-20260919-0009,EVT-20260918-0010
POL-20260919-0010,EVT-20260918-0006
POL-20260919-0011,EVT-20260919-0005
POL-20260919-0012,EVT-20260919-0062
POL-20260919-0013,EVT-20260918-0027
POL-20260919-0014,EVT-20260919-0072
POL-20260919-0015,EVT-20260919-0016
POL-20260919-0016,EVT-20260919-0033
POL-20260919-0017,EVT-20260918-0015
POL-20260919-0018,EVT-20260918-0002
POL-20260919-0019,EVT-20260919-0047
POL-20260919-0020,EVT-20260918-0006
POL-20260919-0021,EVT-20260919-0056
POL-20260919-0022,EVT-20260919-0049
POL-20260919-0023,EVT-20260919-0066
POL-20260919-0024,EVT-20260919-0038
POL-20260919-0025,EVT-20260918-0022
POL-20260919-0026,EVT-20260919-0051
POL-20260919-0027,EVT-20260919-0045
POL-20260919-0028,EVT-20260919-0069
POL-20260919-0029,EVT-20260919-0078
POL-20260919-0030,EVT-20260919-0039
POL-20260919-0031,EVT-20260919-0006
POL-20260919-0032,EVT-20260919-0003
POL-20260919-0033,EVT-20260918-0004
POL-20260919-0034,EVT-20260919-0061
POL-20260919-0035,EVT-20260919-0018
POL-20260919-0036,EVT-20260919-0063
POL-20260919-0037,EVT-20260916-0015
POL-20260919-0038,EVT-20260919-0009
POL-20260919-0039,EVT-20260919-0027
POL-20260919-0040,EVT-20260919-0028
POL-20260919-0041,EVT-20260919-0030
POL-20260919-0042,EVT-20260919-0067
POL-20260919-0043,EVT-20260919-0021
POL-20260919-0044,EVT-20260919-0020
POL-20260919-0045,EVT-20260919-0020
POL-20260919-0046,EVT-20260919-0033
POL-20260919-0047,EVT-20260919-0045
POL-20260919-0048,EVT-20260919-0050
POL-20260919-0049,EVT-20260919-0026
POL-20260919-0050,EVT-20260919-0079
POL-20260919-0051,EVT-20260919-0071
POL-20260919-0052,EVT-20260919-0031
POL-20260919-0053,EVT-20260919-0031
POL-20260919-0054,EVT-20260919-0015
POL-20260919-0055,EVT-20260919-0055
POL-20260919-0056,EVT-20260919-0024
POL-20260919-0057,EVT-20260919-0033
POL-20260919-0058,EVT-20260919-0065
POL-20260919-0059,EVT-20260919-0028
POL-20260919-0060,EVT-20260919-0010
POL-20260919-0061,EVT-20260919-0048
POL-20260919-0062,EVT-20260919-0077
POL-20260919-0063,EVT-20260919-0017
POL-20260919-0064,EVT-20260919-0079
POL-20260919-0065,EVT-20260919-0035
POL-20260919-0066,EVT-20260919-0025
POL-20260919-0067,EVT-20260919-0041
POL-20260919-0068,EVT-20260919-0012
POL-20260919-0069,EVT-20260919-0070
POL-20260919-0070,EVT-20260919-0052
POL-20260919-0071,EVT-20260919-0059
POL-20260919-0072,EVT-20260919-0046
POL-20260919-0073,EVT-20260919-0071
POL-20260919-0074,EVT-20260919-0070
POL-20260919-0075,EVT-20260919-0036
POL-20260919-0076,EVT-20260919-0031
POL-20260919-0077,EVT-20260919-0008
POL-20260919-0078,EVT-20260919-0014
POL-20260919-0079,EVT-20260919-0010
POL-20260919-0080,EVT-20260919-0076
POL-20260919-0081,EVT-20260919-0027
POL-20260919-0082,EVT-20260919-0039
POL-20260919-0083,EVT-20260919-0001
POL-20260919-0084,EVT-20260919-0023
POL-20260919-0085,EVT-20260919-0031
POL-20260919-0086,EVT-20260919-0074
POL-20260919-0087,EVT-20260919-0010
POL-20260919-0088,EVT-20260919-0014
POL-20260919-0089,EVT-20260919-0011
POL-20260919-0090,EVT-20260919-0013
POL-20260919-0091,EVT-20260919-0040
POL-20260919-0092,EVT-20260919-0068
POL-20260919-0093,EVT-20260919-0028
POL-20260919-0094,EVT-20260919-0044
POL-20260919-0095,EVT-20260919-0042
POL-20260919-0096,EVT-20260919-0054
POL-20260919-0097,EVT-20260919-0034
POL-20260919-0098,EVT-20260919-0043
POL-20260920-0001,EVT-20260919-0075
POL-20260920-0002,EVT-20260919-0039
POL-20260920-0003,EVT-20260920-0057
POL-20260920-0004,EVT-20260920-0054
POL-20260920-0005,EVT-20260920-0049
POL-20260920-0006,EVT-20260919-0012
POL-20260920-0007,EVT-20260920-0007
POL-20260920-0008,EVT-20260920-0079
POL-20260920-0009,EVT-20260918-0033
POL-20260920-0010,EVT-20260920-0060
POL-20260920-0011,EVT-20260920-0051
POL-20260920-0012,EVT-20260919-0035
POL-20260920-0013,EVT-20260920-0025
POL-20260920-0014,EVT-20260919-0045
POL-20260920-0015,EVT-20260920-0066
POL-20260920-0016,EVT-20260919-0054
POL-20260920-0017,EVT-20260919-0059
POL-20260920-0018,EVT-20260920-0012
POL-20260920-0019,EVT-20260919-0035
POL-20260920-0020,EVT-20260920-0049
POL-20260920-0021,EVT-20260920-0032
POL-20260920-0022,EVT-20260920-0040
POL-20260920-0023,EVT-20260920-0015
POL-20260920-0024,EVT-20260919-0037
POL-20260920-0025,EVT-20260919-0053
POL-20260920-0026,EVT-20260920-0023
POL-20260920-0027,EVT-20260919-0014
POL-20260920-0028,EVT-20260920-0011
POL-20260920-0029,EVT-20260920-0062
POL-20260920-0030,EVT-20260920-0069
POL-20260920-0031,EVT-20260920-0069
POL-20260920-0032,EVT-20260920-0052
POL-20260920-0033,EVT-20260919-0029
POL-20260920-0034,EVT-20260919-0059
POL-20260920-0035,EVT-20260920-0034
POL-20260920-0036,EVT-20260919-0004
POL-20260920-0037,EVT-20260919-0032
POL-20260920-0038,EVT-20260920-0013
POL-20260920-0039,EVT-20260920-0029
POL-20260920-0040,EVT-20260920-0065
POL-20260920-0041,EVT-20260919-0002
POL-20260920-0042,EVT-20260920-0010
POL-20260920-0043,EVT-20260920-0070
POL-20260920-0044,EVT-20260920-0009
POL-20260920-0045,EVT-20260920-0024
POL-20260920-0046,EVT-20260919-0053
POL-20260920-0047,EVT-20260920-0047
POL-20260920-0048,EVT-20260919-0057
POL-20260920-0049,EVT-20260919-0064
POL-20260920-0050,EVT-20260920-0033
POL-20260920-0051,EVT-20260919-0024
POL-20260920-0052,EVT-20260920-0042
POL-20260920-0053,EVT-20260920-0076
POL-20260920-0054,EVT-20260920-0021
POL-20260920-0055,EVT-20260920-0030
POL-20260920-0056,EVT-20260920-0022
POL-20260920-0057,EVT-20260920-0043
POL-20260920-0058,EVT-20260920-0046
POL-20260920-0059,EVT-20260920-0002
POL-20260920-0060,EVT-20260920-0039
POL-20260920-0061,EVT-20260920-0005
POL-20260920-0062,EVT-20260920-0026
POL-20260920-0063,EVT-20260920-0056
POL-20260920-0064,EVT-20260919-0074
POL-20260920-0065,EVT-20260920-0053
POL-20260920-0066,EVT-20260920-0016
POL-20260920-0067,EVT-20260920-0058
POL-20260920-0068,EVT-20260920-0050
POL-20260920-0069,EVT-20260920-0068
POL-20260920-0070,EVT-20260920-0045
POL-20260920-0071,EVT-20260920-0001
POL-20260920-0072,EVT-20260920-0072
POL-20260920-0073,EVT-20260920-0033
POL-20260920-0074,EVT-20260920-0042
POL-20260920-0075,EVT-20260920-0008
POL-20260920-0076,EVT-20260920-0036
POL-20260920-0077,EVT-20260920-0041
POL-20260920-0078,EVT-20260920-0017
POL-20260920-0079,EVT-20260920-0059
POL-20260920-0080,EVT-20260920-0042
POL-20260920-0081,EVT-20260920-0044
POL-20260920-0082,EVT-20260920-0027
POL-20260920-0083,EVT-20260920-0025
POL-20260920-0084,EVT-20260920-0073
POL-20260920-0085,EVT-20260920-0053
POL-20260920-0086,EVT-20260919-0007
POL-20260920-0087,EVT-20260920-0075
POL-20260920-0088,EVT-20260920-0037
POL-20260920-0089,EVT-20260920-0038
POL-20260920-0090,EVT-20260920-0063
POL-20260920-0091,EVT-20260920-0003
POL-20260920-0092,EVT-20260920-0006
POL-20260920-0093,EVT-20260920-0070
POL-20260920-0094,EVT-20260920-0014
POL-20260920-0095,EVT-20260920-0035
POL-20260920-0096,EVT-20260920-0035
POL-20260920-0097,EVT-20260920-0004
POL-20260920-0098,EVT-20260919-0058
POL-20260920-0099,EVT-20260920-0053
POL-20260920-0100,EVT-20260920-0048
POL-20260920-0101,EVT-20260920-0018
POL-20260921-0001,EVT-20260920-0071
POL-20260921-0002,EVT-20260920-0028
POL-20260921-0003,EVT-20260920-0079
POL-20260921-0004,EVT-20260920-0052
POL-20260921-0005,EVT-20260921-0007
POL-20260921-0006,EVT-20260921-0009
POL-20260921-0007,EVT-20260921-0034
POL-20260921-0008,EVT-20260920-0014
POL-20260921-0009,EVT-20260918-0039
POL-20260921-0010,EVT-20260921-0009
POL-20260921-0011,EVT-20260920-0055
POL-20260921-0012,EVT-20260920-0077
POL-20260921-0013,EVT-20260919-0079
POL-20260921-0014,EVT-20260920-0049
POL-20260921-0015,EVT-20260919-0022
POL-20260921-0016,EVT-20260920-0074
POL-20260921-0017,EVT-20260921-0043
POL-20260921-0018,EVT-20260920-0074
POL-20260921-0019,EVT-20260920-0070
POL-20260921-0020,EVT-20260920-0074
POL-20260921-0021,EVT-20260920-0072
POL-20260921-0022,EVT-20260921-0021
POL-20260921-0023,EVT-20260921-0030
POL-20260921-0024,EVT-20260921-0033
POL-20260921-0025,EVT-20260921-0011
POL-20260921-0026,EVT-20260921-0025
POL-20260921-0027,EVT-20260921-0022
POL-20260921-0028,EVT-20260919-0010
POL-20260921-0029,EVT-20260921-0036
POL-20260921-0030,EVT-20260920-0072
POL-20260921-0031,EVT-20260921-0001
POL-20260921-0032,EVT-20260920-0067
POL-20260921-0033,EVT-20260920-0019
POL-20260921-0034,EVT-20260919-0014
POL-20260921-0035,EVT-20260921-0004
POL-20260921-0036,EVT-20260921-0024
POL-20260921-0037,EVT-20260921-0005
POL-20260921-0038,EVT-20260921-0001
POL-20260921-0039,EVT-20260921-0010
POL-20260921-0040,EVT-20260921-0012
POL-20260921-0041,EVT-20260921-0015
POL-20260921-0042,EVT-20260921-0046
POL-20260921-0043,EVT-20260920-0020
POL-20260921-0044,EVT-20260921-0010
POL-20260921-0045,EVT-20260920-0031
POL-20260921-0046,EVT-20260921-0031
POL-20260921-0047,EVT-20260921-0002
POL-20260921-0048,EVT-20260921-0006
POL-20260921-0049,EVT-20260921-0037
POL-20260921-0050,EVT-20260921-0020
POL-20260921-0051,EVT-20260921-0042
POL-20260921-0052,EVT-20260920-0064
POL-20260921-0053,EVT-20260921-0017
POL-20260921-0054,EVT-20260921-0016
POL-20260921-0055,EVT-20260921-0023
POL-20260921-0056,EVT-20260921-0029
POL-20260921-0057,EVT-20260921-0014
POL-20260921-0058,EVT-20260920-0078
POL-20260921-0059,EVT-20260921-0018
POL-20260921-0060,EVT-20260921-0039
POL-20260921-0061,EVT-20260921-0018
POL-20260921-0062,EVT-20260921-0028
POL-20260921-0063,EVT-20260918-0028
POL-20260921-0064,EVT-20260921-0003
POL-20260922-0001,EVT-20260921-0019
POL-20260922-0002,EVT-20260921-0002
POL-20260922-0003,EVT-20260921-0020
POL-20260922-0004,EVT-20260921-0044
POL-20260922-0005,EVT-20260921-0046
POL-20260922-0006,EVT-20260922-0002
POL-20260922-0007,EVT-20260921-0032
POL-20260922-0008,EVT-20260922-0048
POL-20260922-0009,EVT-20260922-0004
POL-20260922-0010,EVT-20260922-0024
POL-20260922-0011,EVT-20260921-0027
POL-20260922-0012,EVT-20260921-0038
POL-20260922-0013,EVT-20260922-0046
POL-20260922-0014,EVT-20260919-0045
POL-20260922-0015,EVT-20260922-0008
POL-20260922-0016,EVT-20260920-0034
POL-20260922-0017,EVT-20260921-0041
POL-20260922-0018,EVT-20260921-0026
POL-20260922-0019,EVT-20260922-0010
POL-20260922-0020,EVT-20260922-0037
POL-20260922-0021,EVT-20260922-0023
POL-20260922-0022,EVT-20260922-0039
POL-20260922-0023,EVT-20260922-0042
POL-20260922-0024,EVT-20260922-0036
POL-20260922-0025,EVT-20260922-0028
POL-20260922-0026,EVT-20260922-0032
POL-20260922-0027,EVT-20260921-0019
POL-20260922-0028,EVT-20260921-0010
POL-20260922-0029,EVT-20260922-0016
POL-20260922-0030,EVT-20260922-0054
POL-20260922-0031,EVT-20260920-0061
POL-20260922-0032,EVT-20260922-0025
POL-20260922-0033,EVT-20260922-0009
POL-20260922-0034,EVT-20260922-0040
POL-20260922-0035,EVT-20260921-0001
POL-20260922-0036,EVT-20260922-0025
POL-20260922-0037,EVT-20260921-0040
POL-20260922-0038,EVT-20260922-0017
POL-20260922-0039,EVT-20260922-0020
POL-20260922-0040,EVT-20260922-0031
POL-20260922-0041,EVT-20260921-0035
POL-20260922-0042,EVT-20260922-0051
POL-20260922-0043,EVT-20260922-0001
POL-20260922-0044,EVT-20260922-0041
POL-20260922-0045,EVT-20260922-0035
POL-20260922-0046,EVT-20260921-0019
POL-20260922-0047,EVT-20260922-0033
POL-20260922-0048,EVT-20260922-0053
POL-20260922-0049,EVT-20260922-0005
POL-20260922-0050,EVT-20260922-0057
POL-20260922-0051,EVT-20260922-0055
POL-20260922-0052,EVT-20260922-0042
POL-20260922-0053,EVT-20260922-0030
POL-20260922-0054,EVT-20260921-0023
POL-20260922-0055,EVT-20260922-0047
POL-20260922-0056,EVT-20260922-0052
POL-20260922-0057,EVT-20260922-0026
POL-20260922-0058,EVT-20260922-0006
POL-20260922-0059,EVT-20260922-0027
POL-20260922-0060,EVT-20260922-0015
POL-20260922-0061,EVT-20260922-0003
POL-20260922-0062,EVT-20260922-0030
POL-20260922-0063,EVT-20260922-0043
POL-20260922-0064,EVT-20260922-0045
POL-20260922-0065,EVT-20260919-0060
POL-20260922-0066,EVT-20260922-0049
POL-20260922-0067,EVT-20260922-0011
POL-20260922-0068,EVT-20260922-0029
POL-20260922-0069,EVT-20260922-0036
POL-20260922-0070,EVT-20260922-0056
POL-20260922-0071,EVT-20260922-0022
POL-20260923-0001,EVT-20260922-0047
POL-20260923-0002,EVT-20260923-0022
POL-20260923-0003,EVT-20260922-0013
POL-20260923-0004,EVT-20260923-0050
POL-20260923-0005,EVT-20260922-0050
POL-20260923-0006,EVT-20260923-0046
POL-20260923-0007,EVT-20260922-0013
POL-20260923-0008,EVT-20260922-0051
POL-20260923-0009,EVT-20260922-0014
POL-20260923-0010,EVT-20260923-0046
POL-20260923-0011,EVT-20260922-0018
POL-20260923-0012,EVT-20260922-0012
POL-20260923-0013,EVT-20260922-0015
POL-20260923-0014,EVT-20260922-0007
POL-20260923-0015,EVT-20260922-0029
POL-20260923-0016,EVT-20260923-0048
POL-20260923-0017,EVT-20260923-0001
POL-20260923-0018,EVT-20260923-0007
POL-20260923-0019,EVT-20260923-0043
POL-20260923-0020,EVT-20260922-0034
POL-20260923-0021,EVT-20260922-0044
POL-20260923-0022,EVT-20260923-0035
POL-20260923-0023,EVT-20260922-0003
POL-20260923-0024,EVT-20260923-0046
POL-20260923-0025,EVT-20260923-0034
POL-20260923-0026,EVT-20260923-0013
POL-20260923-0027,EVT-20260923-0009
POL-20260923-0028,EVT-20260923-0003
POL-20260923-0029,EVT-20260923-0003
POL-20260923-0030,EVT-20260922-0019
POL-20260923-0031,EVT-20260923-0002
POL-20260923-0032,EVT-20260923-0010
POL-20260923-0033,EVT-20260923-0014
POL-20260923-0034,EVT-20260923-0007
POL-20260923-0035,EVT-20260922-0003
POL-20260923-0036,EVT-20260923-0021
POL-20260923-0037,EVT-20260923-0005
POL-20260923-0038,EVT-20260923-0047
POL-20260923-0039,EVT-20260923-0036
POL-20260923-0040,EVT-20260921-0045
POL-20260923-0041,EVT-20260923-0045
POL-20260923-0042,EVT-20260923-0028
POL-20260923-0043,EVT-20260923-0003
POL-20260923-0044,EVT-20260923-0036
POL-20260923-0045,EVT-20260923-0023
POL-20260923-0046,EVT-20260923-0028
POL-20260923-0047,EVT-20260923-0031
POL-20260923-0048,EVT-20260923-0026
POL-20260923-0049,EVT-20260921-0013
POL-20260923-0050,EVT-20260920-0078
POL-20260923-0051,EVT-20260923-0041
POL-20260923-0052,EVT-20260923-0020
POL-20260923-0053,EVT-20260923-0012
POL-20260923-0054,EVT-20260923-0032
POL-20260923-0055,EVT-20260923-0021
POL-20260923-0056,EVT-20260923-0027
POL-20260923-0057,EVT-20260923-0017
POL-20260923-0058,EVT-20260923-0025
POL-20260923-0059,EVT-20260923-0042
POL-20260923-0060,EVT-20260923-0037
POL-20260923-0061,EVT-20260922-0003
POL-20260923-0062,EVT-20260923-0019
POL-20260923-0063,EVT-20260922-0017
POL-20260923-0064,EVT-20260923-0024
POL-20260923-0065,EVT-20260923-0004
POL-20260923-0066,EVT-20260923-0008
POL-20260923-0067,EVT-20260923-0030
POL-20260923-0068,EVT-20260923-0004
POL-20260923-0069,EVT-20260923-0044
POL-20260923-0070,EVT-20260923-0015
POL-20260923-0071,EVT-20260923-0038
POL-20260923-0072,EVT-20260923-0016
POL-20260924-0001,EVT-20260923-0049
POL-20260924-0002,EVT-20260923-0043
POL-20260924-0003,EVT-20260924-0007
POL-20260924-0004,EVT-20260923-0036
POL-20260924-0005,EVT-20260924-0026
POL-20260924-0006,EVT-20260924-0006
POL-20260924-0007,EVT-20260924-0007
POL-20260924-0008,EVT-20260923-0020
POL-20260924-0009,EVT-20260923-0033
POL-20260924-0010,EVT-20260924-0047
POL-20260924-0011,EVT-20260924-0029
POL-20260924-0012,EVT-20260924-0007
POL-20260924-0013,EVT-20260923-0028
POL-20260924-0014,EVT-20260922-0038
POL-20260924-0015,EVT-20260924-0003
POL-20260924-0016,EVT-20260923-0018
POL-20260924-0017,EVT-20260924-0048
POL-20260924-0018,EVT-20260924-0017
POL-20260924-0019,EVT-20260924-0043
POL-20260924-0020,EVT-20260924-0049
POL-20260924-0021,EVT-20260923-0020
POL-20260924-0022,EVT-20260924-0036
POL-20260924-0023,EVT-20260924-0032
POL-20260924-0024,EVT-20260924-0032
POL-20260924-0025,EVT-20260924-0015
POL-20260924-0026,EVT-20260924-0038
POL-20260924-0027,EVT-20260923-0006
POL-20260924-0028,EVT-20260923-0029
POL-20260924-0029,EVT-20260924-0005
POL-20260924-0030,EVT-20260924-0045
POL-20260924-0031,EVT-20260923-0039
POL-20260924-0032,EVT-20260924-0019
POL-20260924-0033,EVT-20260924-0035
POL-20260924-0034,EVT-20260924-0009
POL-20260924-0035,EVT-20260924-0002
POL-20260924-0036,EVT-20260924-0009
POL-20260924-0037,EVT-20260924-0018
POL-20260924-0038,EVT-20260924-0021
POL-20260924-0039,EVT-20260922-0021
POL-20260924-0040,EVT-20260924-0021
POL-20260924-0041,EVT-20260923-0011
POL-20260924-0042,EVT-20260924-0039
POL-20260924-0043,EVT-20260924-0016
POL-20260924-0044,EVT-20260924-0027
POL-20260924-0045,EVT-20260924-0034
POL-20260924-0046,EVT-20260924-0008
POL-20260924-0047,EVT-20260924-0037
POL-20260924-0048,EVT-20260924-0004
POL-20260924-0049,EVT-20260924-0022
POL-20260924-0050,EVT-20260924-0032
POL-20260924-0051,EVT-20260918-0033
POL-20260924-0052,EVT-20260924-0023
POL-20260924-0053,EVT-20260924-0044
POL-20260924-0054,EVT-20260924-0051
POL-20260924-0055,EVT-20260924-0011
POL-20260924-0056,EVT-20260924-0046
POL-20260924-0057,EVT-20260924-0014
POL-20260924-0058,EVT-20260924-0028
POL-20260924-0059,EVT-20260924-0039
POL-20260924-0060,EVT-20260924-0052
POL-20260924-0061,EVT-20260924-0020
POL-20260924-0062,EVT-20260924-0013
POL-20260924-0063,EVT-20260924-0012
POL-20260925-0001,EVT-20260924-0040
POL-20260925-0002,EVT-20260924-0039
POL-20260925-0003,EVT-20260925-0019
POL-20260925-0004,EVT-20260924-0031
POL-20260925-0005,EVT-20260924-0042
POL-20260925-0006,EVT-20260924-0030
POL-20260925-0007,EVT-20260924-0032
POL-20260925-0008,EVT-20260925-0041
POL-20260925-0009,EVT-20260925-0024
POL-20260925-0010,EVT-20260924-0025
POL-20260925-0011,EVT-20260925-0025
POL-20260925-0012,EVT-20260925-0040
POL-20260925-0013,EVT-20260925-0030
POL-20260925-0014,EVT-20260924-0052
POL-20260925-0015,EVT-20260925-0029
POL-20260925-0016,EVT-20260925-0051
POL-20260925-0017,EVT-20260924-0052
POL-20260925-0018,EVT-20260925-0027
POL-20260925-0019,EVT-20260924-0033
POL-20260925-0020,EVT-20260924-0050
POL-20260925-0021,EVT-20260924-0046
POL-20260925-0022,EVT-20260925-0045
POL-20260925-0023,EVT-20260925-0034
POL-20260925-0024,EVT-20260925-0005
POL-20260925-0025,EVT-20260924-0053
POL-20260925-0026,EVT-20260925-0008
POL-20260925-0027,EVT-20260925-0042
POL-20260925-0028,EVT-20260925-0039
POL-20260925-0029,EVT-20260924-0041
POL-20260925-0030,EVT-20260925-0004
POL-20260925-0031,EVT-20260925-0017
POL-20260925-0032,EVT-20260925-0050
POL-20260925-0033,EVT-20260925-0003
POL-20260925-0034,EVT-20260924-0024
POL-20260925-0035,EVT-20260925-0021
POL-20260925-0036,EVT-20260924-0010
POL-20260925-0037,EVT-20260925-0049
POL-20260925-0038,EVT-20260925-0033
POL-20260925-0039,EVT-20260925-0047
POL-20260925-0040,EVT-20260925-0035
POL-20260925-0041,EVT-20260925-0046
POL-20260925-0042,EVT-20260925-0034
POL-20260925-0043,EVT-20260925-0048
POL-20260925-0044,EVT-20260925-0028
POL-20260925-0045,EVT-20260925-0033
POL-20260925-0046,EVT-20260921-0008
POL-20260925-0047,EVT-20260925-0048
POL-20260925-0048,EVT-20260925-0009
POL-20260925-0049,EVT-20260925-0034
POL-20260925-0050,EVT-20260925-0022
