report_id,true_event_id
POL-20260408-0006,EVT-20260408-0030
POL-20260408-0010,EVT-20260408-0027
POL-20260408-0015,EVT-20260408-0026
POL-20260408-0020,EVT-20260408-0002
POL-20260408-0021,EVT-20260408-0006
POL-20260408-0023,EVT-20260407-0027
POL-20260408-0024,EVT-20260408-0020
POL-20260408-0027,EVT-20260408-0022
POL-20260408-0031,EVT-20260408-0009
POL-20260408-0033,EVT-20260408-0039
POL-20260408-0036,EVT-20260408-0045
POL-20260408-0038,EVT-20260408-0034
POL-20260408-0039,EVT-20260408-0046
POL-20260408-0040,EVT-20260408-0013
POL-20260408-0042,EVT-20260408-0029
POL-20260408-0043,EVT-20260408-0049
POL-20260408-0044,EVT-20260408-0050
POL-20260408-0049,EVT-20260408-0012
POL-20260408-0050,EVT-20260408-0043
POL-20260408-0051,EVT-20260408-0015
POL-20260408-0052,EVT-20260408-0008
POL-20260408-0053,EVT-20260408-0014
POL-20260408-0056,EVT-20260408-0023
POL-20260408-0058,EVT-20260408-0028
POL-20260408-0059,EVT-20260408-0040
POL-20260408-0060,EVT-20260408-0038
POL-20260408-0061,EVT-20260408-0050
POL-20260408-0062,EVT-20260408-0004
POL-20260408-0063,EVT-20260408-0037
POL-20260408-0064,EVT-20260408-0033
POL-20260408-0065,EVT-20260408-0046
POL-20260408-0066,EVT-20260408-0021
POL-20260408-0067,EVT-20260408-0031
POL-20260408-0068,EVT-20260408-0047
POL-20260408-0069,EVT-20260408-0011
POL-20260408-0070,EVT-20260408-0052
POL-20260408-0071,EVT-20260408-0036
POL-20260408-0072,EVT-20260408-0005
POL-20260408-0073,EVT-20260408-0010
POL-20260408-0074,EVT-20260408-0017
POL-20260408-0075,EVT-20260408-0023
POL-20260408-0076,EVT-20260408-0016
POL-20260408-0077,EVT-20260408-0044
POL-20260408-0078,EVT-20260408-0025
POL-20260408-0079,EVT-20260408-0048
POL-20260408-0080,EVT-20260408-0051
POL-20260408-0081,EVT-20260408-0018
POL-20260408-0082,EVT-20260408-0003
POL-20260408-0083,EVT-20260408-0015
POL-20260408-0084,EVT-20260408-0032
POL-20260409-0001,EVT-20260408-0019
POL-20260409-0002,EVT-20260408-0035
POL-20260409-0003,EVT-20260408-0050
POL-20260409-0004,EVT-20260409-0030
POL-20260409-0008,EVT-20260409-0043
POL-20260409-0009,EVT-20260408-0024
POL-20260409-0010,EVT-20260409-0048
POL-20260409-0011,EVT-20260408-0042
POL-20260409-0012,EVT-20260409-0017
POL-20260409-0013,EVT-20260409-0017
POL-20260409-0014,EVT-20260409-0017
POL-20260409-0015,EVT-20260409-0026
POL-20260409-0016,EVT-20260409-0023
POL-20260409-0017,EVT-20260409-0027
POL-20260409-0018,EVT-20260409-0025
POL-20260409-0019,EVT-20260408-0005
POL-20260409-0020,EVT-20260409-0013
POL-20260409-0021,EVT-20260409-0004
POL-20260409-0022,EVT-20260409-0036
POL-20260409-0023,EVT-20260409-0041
POL-20260409-0024,EVT-20260409-0014
POL-20260409-0025,EVT-20260409-0039
POL-20260409-0026,EVT-20260409-0037
POL-20260409-0027,EVT-20260409-0022
POL-20260409-0028,EVT-20260409-0010
POL-20260409-0029,EVT-20260409-0044
POL-20260409-0030,EVT-20260409-0024
POL-20260409-0031,EVT-20260409-0028
POL-20260409-0032,EVT-20260409-0049
POL-20260409-0033,EVT-20260409-0029
POL-20260409-0034,EVT-20260408-0007
POL-20260409-0035,EVT-20260409-0002
POL-20260409-0036,EVT-20260408-0040
POL-20260409-0038,EVT-20260409-0020
POL-20260409-0039,EVT-20260409-0034
POL-20260409-0040,EVT-20260409-0031
POL-20260409-0042,EVT-20260409-0021
POL-20260409-0043,EVT-20260409-0037
POL-20260409-0044,EVT-20260409-0019
POL-20260409-0045,EVT-20260409-0006
POL-20260409-0046,EVT-20260409-0012
POL-20260409-0047,EVT-20260409-0033
POL-20260409-0048,EVT-20260409-0015
POL-20260409-0049,EVT-20260409-0046
POL-20260409-0050,EVT-20260409-0032
POL-20260409-0051,EVT-20260409-0038
POL-20260409-0052,EVT-20260409-0035
POL-20260409-0053,EVT-20260409-0035
POL-20260409-0054,EVT-20260409-0003
POL-20260409-0055,EVT-20260409-0016
POL-20260409-0056,EVT-20260409-0001
POL-20260409-0057,EVT-20260409-0045
POL-20260410-0001,EVT-20260409-0005
POL-20260410-0002,EVT-20260409-0009
POL-20260410-0003,EVT-20260410-0034
POL-20260410-0004,EVT-20260410-0013
POL-20260410-0005,EVT-20260409-0040
POL-20260410-0006,EVT-20260409-0046
POL-20260410-0007,EVT-20260410-0011
POL-20260410-0008,EVT-20260409-0027
POL-20260410-0009,EVT-20260408-0041
POL-20260410-0010,EVT-20260410-0037
POL-20260410-0011,EVT-20260410-0023
POL-20260410-0012,EVT-20260410-0013
POL-20260410-0013,EVT-20260409-0047
POL-20260410-0014,EVT-20260409-0032
POL-20260410-0015,EVT-20260409-0017
POL-20260410-0016,EVT-20260410-0005
POL-20260410-0017,EVT-20260409-0032
POL-20260410-0018,EVT-20260408-0042
POL-20260410-0019,EVT-20260410-0012
POL-20260410-0020,EVT-20260409-0012
POL-20260410-0021,EVT-20260409-0008
POL-20260410-0022,EVT-20260410-0004
POL-20260410-0023,EVT-20260410-0017
POL-20260410-0024,EVT-20260410-0040
POL-20260410-0025,EVT-20260410-0020
POL-20260410-0026,EVT-20260410-0041
POL-20260410-0028,EVT-20260410-0020
POL-20260410-0029,EVT-20260409-0012
POL-20260410-0030,EVT-20260410-0035
POL-20260410-0031,EVT-20260410-0043
POL-20260410-0032,EVT-20260410-0013
POL-20260410-0033,EVT-20260410-0013
POL-20260410-0034,EVT-20260410-0004
POL-20260410-0035,EVT-20260409-0011
POL-20260410-0036,EVT-20260410-0016
POL-20260410-0037,EVT-20260410-0026
POL-20260410-0038,EVT-20260410-0031
POL-20260410-0039,EVT-20260410-0044
POL-20260410-0040,EVT-20260410-0021
POL-20260410-0041,EVT-20260410-0022
POL-20260410-0042,EVT-20260410-0028
POL-20260410-0043,EVT-20260410-0026
POL-20260410-0044,EVT-20260410-0001
POL-20260410-0045,EVT-20260410-0030
POL-20260410-0046,EVT-20260410-0015
POL-20260410-0047,EVT-20260410-0009
POL-20260410-0048,EVT-20260410-0029
POL-20260410-0049,EVT-20260410-0031
POL-20260410-0050,EVT-20260410-0015
POL-20260410-0051,EVT-20260410-0032
POL-20260410-0052,EVT-20260409-0012
POL-20260410-0053,EVT-20260410-0038
POL-20260410-0054,EVT-20260410-0018
POL-20260410-0055,EVT-20260410-0010
POL-20260410-0056,EVT-20260410-0042
POL-20260410-0057,EVT-20260410-0025
POL-20260410-0058,EVT-20260410-0036
POL-20260410-0059,EVT-20260410-0003
POL-20260410-0060,EVT-20260409-0042
POL-20260410-0061,EVT-20260410-0007
POL-20260410-0062,EVT-20260410-0036
POL-20260410-0063,EVT-20260410-0002
POL-20260410-0064,EVT-20260410-0019
POL-20260410-0065,EVT-20260410-0045
POL-20260410-0066,EVT-20260410-0034
POL-20260410-0067,EVT-20260410-0019
POL-20260411-0001,EVT-20260410-0027
POL-20260411-0002,EVT-20260410-0027
POL-20260411-0003,EVT-20260410-0025
POL-20260411-0004,EVT-20260411-0025
POL-20260411-0005,EVT-20260411-0031
POL-20260411-0006,EVT-20260410-0036
POL-20260411-0007,EVT-20260410-0024
POL-20260411-0008,EVT-20260411-0048
POL-20260411-0009,EVT-20260410-0046
POL-20260411-0010,EVT-20260411-0028
POL-20260411-0011,EVT-20260411-0007
POL-20260411-0012,EVT-20260411-0038
POL-20260411-0013,EVT-20260410-0022
POL-20260411-0014,EVT-20260410-0047
POL-20260411-0015,EVT-20260409-0007
POL-20260411-0016,EVT-20260410-0033
POL-20260411-0017,EVT-20260410-0018
POL-20260411-0018,EVT-20260411-0043
POL-20260411-0019,EVT-20260411-0040
POL-20260411-0020,EVT-20260411-0001
POL-20260411-0021,EVT-20260411-0015
POL-20260411-0022,EVT-20260411-0016
POL-20260411-0023,EVT-20260411-0010
POL-20260411-0024,EVT-20260408-0001
POL-20260411-0025,EVT-20260411-0004
POL-20260411-0026,EVT-20260411-0043
POL-20260411-0027,EVT-20260410-0014
POL-20260411-0028,EVT-20260411-0020
POL-20260411-0029,EVT-20260411-0017
POL-20260411-0030,EVT-20260410-0020
POL-20260411-0031,EVT-20260411-0029
POL-20260411-0032,EVT-20260411-0023
POL-20260411-0033,EVT-20260411-0035
POL-20260411-0034,EVT-20260411-0021
POL-20260411-0035,EVT-20260411-0036
POL-20260411-0036,EVT-20260410-0047
POL-20260411-0037,EVT-20260411-0047
POL-20260411-0038,EVT-20260411-0033
POL-20260411-0039,EVT-20260411-0003
POL-20260411-0040,EVT-20260411-0039
POL-20260411-0041,EVT-20260411-0048
POL-20260411-0042,EVT-20260410-0046
POL-20260411-0043,EVT-20260411-0030
POL-20260411-0044,EVT-20260411-0019
POL-20260411-0045,EVT-20260411-0005
POL-20260411-0046,EVT-20260411-0012
POL-20260411-0047,EVT-20260411-0046
POL-20260411-0048,EVT-20260411-0024
POL-20260411-0049,EVT-20260411-0022
POL-20260411-0050,EVT-20260411-0026
POL-20260411-0051,EVT-20260411-0044
POL-20260411-0052,EVT-20260410-0008
POL-20260411-0053,EVT-20260410-0006
POL-20260411-0054,EVT-20260410-0039
POL-20260411-0055,EVT-20260411-0002
POL-20260411-0056,EVT-20260411-0020
POL-20260411-0057,EVT-20260411-0032
POL-20260411-0058,EVT-20260411-0034
POL-20260412-0001,EVT-20260411-0013
POL-20260412-0002,EVT-20260411-0009
POL-20260412-0003,EVT-20260412-0006
POL-20260412-0004,EVT-20260411-0014
POL-20260412-0005,EVT-20260412-0006
POL-20260412-0006,EVT-20260411-0008
POL-20260412-0007,EVT-20260412-0006
POL-20260412-0008,EVT-20260411-0018
POL-20260412-0009,EVT-20260411-0006
POL-20260412-0010,EVT-20260411-0009
POL-20260412-0011,EVT-20260412-0017
POL-20260412-0012,EVT-20260411-0006
POL-20260412-0013,EVT-20260412-0003
POL-20260412-0014,EVT-20260409-0018
POL-20260412-0015,EVT-20260411-0041
POL-20260412-0016,EVT-20260412-0007
POL-20260412-0017,EVT-20260412-0035
POL-20260412-0018,EVT-20260411-0045
POL-20260412-0019,EVT-20260412-0046
POL-20260412-0020,EVT-20260412-0046
POL-20260412-0021,EVT-20260411-0044
POL-20260412-0022,EVT-20260412-0061
POL-20260412-0023,EVT-20260411-0018
POL-20260412-0024,EVT-20260412-0048
POL-20260412-0025,EVT-20260412-0049
POL-20260412-0026,EVT-20260412-0044
POL-20260412-0027,EVT-20260412-0064
POL-20260412-0028,EVT-20260412-0027
POL-20260412-0029,EVT-20260412-0003
POL-20260412-0030,EVT-20260412-0037
POL-20260412-0031,EVT-20260412-0011
POL-20260412-0032,EVT-20260412-0012
POL-20260412-0033,EVT-20260412-0007
POL-20260412-0034,EVT-20260412-0014
POL-20260412-0035,EVT-20260412-0018
POL-20260412-0036,EVT-20260412-0010
POL-20260412-0037,EVT-20260412-0044
POL-20260412-0038,EVT-20260412-0033
POL-20260412-0039,EVT-20260412-0046
POL-20260412-0040,EVT-20260412-0067
POL-20260412-0041,EVT-20260412-0032
POL-20260412-0042,EVT-20260412-0032
POL-20260412-0043,EVT-20260411-0037
POL-20260412-0044,EVT-20260412-0020
POL-20260412-0045,EVT-20260412-0051
POL-20260412-0046,EVT-20260412-0050
POL-20260412-0047,EVT-20260412-0023
POL-20260412-0048,EVT-20260412-0063
POL-20260412-0049,EVT-20260412-0050
POL-20260412-0050,EVT-20260412-0038
POL-20260412-0051,EVT-20260412-0021
POL-20260412-0052,EVT-20260412-0016
POL-20260412-0053,EVT-20260411-0027
POL-20260412-0054,EVT-20260412-0059
POL-20260412-0055,EVT-20260410-0048
POL-20260412-0056,EVT-20260412-0055
POL-20260412-0057,EVT-20260411-0011
POL-20260412-0058,EVT-20260412-0040
POL-20260412-0059,EVT-20260412-0059
POL-20260412-0060,EVT-20260412-0060
POL-20260412-0061,EVT-20260412-0024
POL-20260412-0062,EVT-20260412-0056
POL-20260412-0063,EVT-20260412-0019
POL-20260412-0064,EVT-20260412-0005
POL-20260412-0065,EVT-20260412-0032
POL-20260412-0066,EVT-20260412-0057
POL-20260412-0067,EVT-20260412-0044
POL-20260412-0068,EVT-20260412-0053
POL-20260412-0069,EVT-20260412-0039
POL-20260412-0070,EVT-20260412-0068
POL-20260412-0071,EVT-20260412-0022
POL-20260412-0072,EVT-20260412-0029
POL-20260412-0073,EVT-20260412-0008
POL-20260412-0074,EVT-20260412-0043
POL-20260412-0075,EVT-20260412-0001
POL-20260412-0076,EVT-20260412-0066
POL-20260412-0077,EVT-20260412-0041
POL-20260412-0078,EVT-20260412-0042
POL-20260412-0079,EVT-20260412-0047
POL-20260412-0080,EVT-20260412-0013
POL-20260412-0081,EVT-20260412-0008
POL-20260412-0082,EVT-20260412-0058
POL-20260412-0083,EVT-20260412-0065
POL-20260413-0001,EVT-20260412-0004
POL-20260413-0002,EVT-20260413-0020
POL-20260413-0003,EVT-20260412-0030
POL-20260413-0004,EVT-20260413-0007
POL-20260413-0005,EVT-20260413-0054
POL-20260413-0006,EVT-20260413-0039
POL-20260413-0007,EVT-20260413-0014
POL-20260413-0008,EVT-20260412-0021
POL-20260413-0009,EVT-20260413-0006
POL-20260413-0010,EVT-20260412-0045
POL-20260413-0011,EVT-20260413-0006
POL-20260413-0012,EVT-20260412-0068
POL-20260413-0013,EVT-20260413-0054
POL-20260413-0014,EVT-20260413-0010
POL-20260413-0015,EVT-20260412-0002
POL-20260413-0016,EVT-20260413-0034
POL-20260413-0017,EVT-20260412-0025
POL-20260413-0018,EVT-20260413-0020
POL-20260413-0019,EVT-20260412-0031
POL-20260413-0020,EVT-20260413-0037
POL-20260413-0021,EVT-20260413-0010
POL-20260413-0022,EVT-20260413-0049
POL-20260413-0023,EVT-20260412-0062
POL-20260413-0024,EVT-20260413-0030
POL-20260413-0025,EVT-20260412-0036
POL-20260413-0026,EVT-20260413-0002
POL-20260413-0027,EVT-20260413-0029
POL-20260413-0028,EVT-20260413-0019
POL-20260413-0029,EVT-20260411-0042
POL-20260413-0030,EVT-20260412-0054
POL-20260413-0031,EVT-20260413-0041
POL-20260413-0032,EVT-20260412-0059
POL-20260413-0033,EVT-20260412-0052
POL-20260413-0034,EVT-20260413-0035
POL-20260413-0035,EVT-20260413-0004
POL-20260413-0036,EVT-20260413-0023
POL-20260413-0037,EVT-20260413-0043
POL-20260413-0038,EVT-20260412-0001
POL-20260413-0039,EVT-20260412-0026
POL-20260413-0040,EVT-20260413-0011
POL-20260413-0041,EVT-20260412-0015
POL-20260413-0042,EVT-20260412-0019
POL-20260413-0043,EVT-20260412-0021
POL-20260413-0044,EVT-20260413-0008
POL-20260413-0045,EVT-20260413-0032
POL-20260413-0046,EVT-20260413-0010
POL-20260413-0047,EVT-20260412-0034
POL-20260413-0048,EVT-20260413-0017
POL-20260413-0049,EVT-20260410-0049
POL-20260413-0050,EVT-20260413-0052
POL-20260413-0051,EVT-20260413-0044
POL-20260413-0052,EVT-20260413-0028
POL-20260413-0053,EVT-20260413-0050
POL-20260413-0054,EVT-20260413-0053
POL-20260413-0055,EVT-20260413-0055
POL-20260413-0056,EVT-20260413-0050
POL-20260413-0057,EVT-20260413-0022
POL-20260413-0058,EVT-20260413-0025
POL-20260413-0059,EVT-20260413-0042
POL-20260413-0060,EVT-20260413-0033
POL-20260413-0061,EVT-20260413-0026
POL-20260413-0062,EVT-20260413-0013
POL-20260413-0063,EVT-20260413-0044
POL-20260413-0064,EVT-20260413-0044
POL-20260413-0065,EVT-20260413-0015
POL-20260413-0066,EVT-20260413-0048
POL-20260413-0067,EVT-20260413-0005
POL-20260413-0068,EVT-20260413-0045
POL-20260413-0069,EVT-20260413-0051
POL-20260413-0070,EVT-20260413-0031
POL-20260413-0071,EVT-20260413-0052
POL-20260413-0072,EVT-20260413-0021
POL-20260413-0073,EVT-20260413-0027
POL-20260413-0074,EVT-20260413-0038
POL-20260413-0075,EVT-20260413-0018
POL-20260413-0076,EVT-20260413-0046
POL-20260413-0077,EVT-20260413-0024
POL-20260413-0078,EVT-20260413-0033
POL-20260414-0001,EVT-20260414-0006
POL-20260414-0002,EVT-20260413-0051
POL-20260414-0003,EVT-20260413-0001
POL-20260414-0004,EVT-20260413-0009
POL-20260414-0005,EVT-20260414-0012
POL-20260414-0006,EVT-20260414-0041
POL-20260414-0007,EVT-20260413-0033
POL-20260414-0008,EVT-20260413-0031
POL-20260414-0009,EVT-20260414-0006
POL-20260414-0010,EVT-20260413-0053
POL-20260414-0011,EVT-20260414-0044
POL-20260414-0012,EVT-20260414-0002
POL-20260414-0013,EVT-20260414-0045
POL-20260414-0014,EVT-20260414-0035
POL-20260414-0015,EVT-20260413-0047
POL-20260414-0016,EVT-20260413-0021
POL-20260414-0017,EVT-20260414-0012
POL-20260414-0018,EVT-20260414-0036
POL-20260414-0019,EVT-20260413-0040
POL-20260414-0020,EVT-20260413-0025
POL-20260414-0021,EVT-20260414-0001
POL-20260414-0022,EVT-20260412-0028
POL-20260414-0023,EVT-20260414-0032
POL-20260414-0024,EVT-20260414-0020
POL-20260414-0025,EVT-20260413-0025
POL-20260414-0026,EVT-20260414-0042
POL-20260414-0027,EVT-20260414-0008
POL-20260414-0028,EVT-20260414-0031
POL-20260414-0029,EVT-20260414-0042
POL-20260414-0030,EVT-20260414-0028
POL-20260414-0031,EVT-20260413-0016
POL-20260414-0032,EVT-20260414-0040
POL-20260414-0033,EVT-20260414-0009
POL-20260414-0034,EVT-20260413-0021
POL-20260414-0035,EVT-20260413-0011
POL-20260414-0036,EVT-20260414-0023
POL-20260414-0037,EVT-20260414-0042
POL-20260414-0038,EVT-20260414-0008
POL-20260414-0039,EVT-20260414-0027
POL-20260414-0040,EVT-20260414-0022
POL-20260414-0041,EVT-20260414-0029
POL-20260414-0042,EVT-20260414-0026
POL-20260414-0043,EVT-20260413-0003
POL-20260414-0044,EVT-20260414-0033
POL-20260414-0045,EVT-20260414-0043
POL-20260414-0046,EVT-20260414-0013
POL-20260414-0047,EVT-20260414-0016
POL-20260414-0048,EVT-20260414-0017
POL-20260414-0049,EVT-20260414-0046
POL-20260414-0050,EVT-20260414-0019
POL-20260414-0051,EVT-20260414-0013
POL-20260414-0052,EVT-20260412-0009
POL-20260414-0053,EVT-20260414-0003
POL-20260414-0054,EVT-20260413-0036
POL-20260414-0055,EVT-20260414-0037
POL-20260414-0056,EVT-20260414-0024
POL-20260414-0057,EVT-20260414-0030
POL-20260414-0058,EVT-20260414-0025
POL-20260414-0059,EVT-20260414-0021
POL-20260414-0060,EVT-20260414-0010
POL-20260415-0001,EVT-20260414-0018
POL-20260415-0002,EVT-20260414-0002
POL-20260415-0003,EVT-20260415-0008
POL-20260415-0004,EVT-20260415-0033
POL-20260415-0005,EVT-20260415-0040
POL-20260415-0006,EVT-20260414-0007
POL-20260415-0007,EVT-20260415-0016
POL-20260415-0008,EVT-20260414-0005
POL-20260415-0009,EVT-20260414-0034
POL-20260415-0010,EVT-20260415-0010
POL-20260415-0011,EVT-20260415-0020
POL-20260415-0012,EVT-20260415-0034
POL-20260415-0013,EVT-20260415-0024
POL-20260415-0014,EVT-20260415-0038
POL-20260415-0015,EVT-20260415-0026
POL-20260415-0016,EVT-20260413-0051
POL-20260415-0017,EVT-20260415-0040
POL-20260415-0018,EVT-20260414-0013
POL-20260415-0019,EVT-20260415-0029
POL-20260415-0020,EVT-20260415-0002
POL-20260415-0021,EVT-20260415-0037
POL-20260415-0022,EVT-20260415-0012
POL-20260415-0023,EVT-20260414-0014
POL-20260415-0024,EVT-20260412-0002
POL-20260415-0025,EVT-20260415-0036
POL-20260415-0026,EVT-20260415-0029
POL-20260415-0027,EVT-20260414-0011
POL-20260415-0028,EVT-20260415-0047
POL-20260415-0029,EVT-20260415-0021
POL-20260415-0030,EVT-20260415-0047
POL-20260415-0031,EVT-20260415-0022
POL-20260415-0032,EVT-20260415-0017
POL-20260415-0033,EVT-20260413-0012
POL-20260415-0034,EVT-20260415-0043
POL-20260415-0035,EVT-20260415-0005
POL-20260415-0036,EVT-20260415-0046
POL-20260415-0037,EVT-20260415-0009
POL-20260415-0038,EVT-20260415-0035
POL-20260415-0039,EVT-20260413-0025
POL-20260415-0040,EVT-20260415-0003
POL-20260415-0041,EVT-20260415-0019
POL-20260415-0042,EVT-20260415-0014
POL-20260415-0043,EVT-20260415-0030
POL-20260415-0044,EVT-20260415-0006
POL-20260415-0045,EVT-20260415-0047
POL-20260415-0046,EVT-20260415-0044
POL-20260415-0047,EVT-20260415-0028
POL-20260415-0048,EVT-20260415-0035
POL-20260415-0049,EVT-20260415-0009
POL-20260415-0050,EVT-20260415-0018
POL-20260415-0051,EVT-20260415-0046
POL-20260415-0052,EVT-20260415-0046
POL-20260415-0053,EVT-20260415-0041
POL-20260415-0054,EVT-20260415-0031
POL-20260415-0055,EVT-20260415-0039
POL-20260415-0056,EVT-20260415-0015
POL-20260415-0057,EVT-20260415-0031
POL-20260415-0058,EVT-20260415-0032
POL-20260415-0059,EVT-20260415-0045
POL-20260415-0060,EVT-20260415-0023
POL-20260415-0061,EVT-20260415-0025
POL-20260415-0062,EVT-20260414-0015
POL-20260415-0063,EVT-20260415-0044
POL-20260416-0001,EVT-20260415-0044
POL-20260416-0002,EVT-20260415-0036
POL-20260416-0003,EVT-20260416-0034
POL-20260416-0004,EVT-20260416-0040
POL-20260416-0005,EVT-20260415-0013
POL-20260416-0006,EVT-20260415-0035
POL-20260416-0007,EVT-20260416-0040
POL-20260416-0008,EVT-20260416-0026
POL-20260416-0009,EVT-20260416-0022
POL-20260416-0010,EVT-20260414-0004
POL-20260416-0011,EVT-20260415-0027
POL-20260416-0012,EVT-20260416-0041
POL-20260416-0013,EVT-20260416-0047
POL-20260416-0014,EVT-20260414-0038
POL-20260416-0015,EVT-20260416-0028
POL-20260416-0016,EVT-20260415-0031
POL-20260416-0017,EVT-20260415-0004
POL-20260416-0018,EVT-20260415-0018
POL-20260416-0019,EVT-20260416-0040
POL-20260416-0020,EVT-20260416-0042
POL-20260416-0021,EVT-20260416-0040
POL-20260416-0022,EVT-20260416-0049
POL-20260416-0023,EVT-20260416-0007
POL-20260416-0024,EVT-20260415-0042
POL-20260416-0025,EVT-20260415-0001
POL-20260416-0026,EVT-20260416-0010
POL-20260416-0027,EVT-20260416-0029
POL-20260416-0028,EVT-20260415-0007
POL-20260416-0029,EVT-20260416-0050
POL-20260416-0030,EVT-20260416-0045
POL-20260416-0031,EVT-20260416-0032
POL-20260416-0032,EVT-20260416-0013
POL-20260416-0033,EVT-20260414-0039
POL-20260416-0034,EVT-20260416-0035
POL-20260416-0035,EVT-20260416-0028
POL-20260416-0036,EVT-20260416-0018
POL-20260416-0037,EVT-20260416-0023
POL-20260416-0038,EVT-20260416-0013
POL-20260416-0039,EVT-20260416-0048
POL-20260416-0040,EVT-20260416-0011
POL-20260416-0041,EVT-20260416-0049
POL-20260416-0042,EVT-20260416-0051
POL-20260416-0043,EVT-20260416-0037
POL-20260416-0044,EVT-20260416-0037
POL-20260416-0045,EVT-20260416-0036
POL-20260416-0046,EVT-20260416-0046
POL-20260416-0047,EVT-20260416-0020
POL-20260416-0048,EVT-20260416-0053
POL-20260416-0049,EVT-20260416-0024
POL-20260416-0050,EVT-20260416-0052
POL-20260416-0051,EVT-20260416-0051
POL-20260416-0052,EVT-20260416-0002
POL-20260416-0053,EVT-20260415-0011
POL-20260416-0054,EVT-20260415-0032
POL-20260416-0055,EVT-20260416-0002
POL-20260416-0056,EVT-20260416-0003
POL-20260416-0057,EVT-20260416-0001
POL-20260416-0058,EVT-20260416-0014
POL-20260416-0059,EVT-20260416-0043
POL-20260416-0060,EVT-20260416-0008
POL-20260416-0061,EVT-20260416-0044
POL-20260416-0062,EVT-20260416-0043
POL-20260416-0063,EVT-20260416-0038
POL-20260416-0064,EVT-20260416-0016
POL-20260416-0065,EVT-20260416-0001
POL-20260416-0066,EVT-20260416-0017
POL-20260416-0067,EVT-20260416-0038
POL-20260416-0068,EVT-20260416-0009
POL-20260416-0069,EVT-20260416-0019
POL-20260417-0001,EVT-20260416-0012
POL-20260417-0002,EVT-20260416-0020
POL-20260417-0003,EVT-20260416-0043
POL-20260417-0004,EVT-20260416-0052
POL-20260417-0005,EVT-20260416-0015
POL-20260417-0006,EVT-20260416-0021
POL-20260417-0007,EVT-20260416-0006
POL-20260417-0008,EVT-20260416-0021
POL-20260417-0009,EVT-20260417-0040
POL-20260417-0010,EVT-20260417-0001
POL-20260417-0011,EVT-20260417-0011
POL-20260417-0012,EVT-20260417-0041
POL-20260417-0013,EVT-20260417-0035
POL-20260417-0014,EVT-20260417-0036
POL-20260417-0015,EVT-20260417-0010
POL-20260417-0016,EVT-20260416-0027
POL-20260417-0017,EVT-20260417-0028
POL-20260417-0018,EVT-20260417-0006
POL-20260417-0019,EVT-20260417-0042
POL-20260417-0020,EVT-20260417-0016
POL-20260417-0021,EVT-20260417-0023
POL-20260417-0022,EVT-20260416-0005
POL-20260417-0023,EVT-20260417-0030
POL-20260417-0024,EVT-20260417-0019
POL-20260417-0025,EVT-20260417-0038
POL-20260417-0026,EVT-20260417-0002
POL-20260417-0027,EVT-20260417-0018
POL-20260417-0028,EVT-20260417-0008
POL-20260417-0029,EVT-20260416-0025
POL-20260417-0030,EVT-20260417-0005
POL-20260417-0031,EVT-20260417-0034
POL-20260417-0032,EVT-20260417-0025
POL-20260417-0033,EVT-20260417-0022
POL-20260417-0034,EVT-20260416-0033
POL-20260417-0035,EVT-20260417-0014
POL-20260417-0036,EVT-20260417-0006
POL-20260417-0037,EVT-20260417-0031
POL-20260417-0038,EVT-20260417-0002
POL-20260417-0039,EVT-20260417-0037
POL-20260417-0040,EVT-20260417-0021
POL-20260417-0041,EVT-20260417-0032
POL-20260417-0042,EVT-20260416-0031
POL-20260417-0043,EVT-20260417-0006
POL-20260417-0044,EVT-20260417-0039
POL-20260417-0045,EVT-20260417-0017
POL-20260417-0046,EVT-20260417-0003
POL-20260417-0047,EVT-20260416-0001
POL-20260418-0001,EVT-20260417-0024
POL-20260418-0002,EVT-20260418-0011
POL-20260418-0003,EVT-20260418-0044
POL-20260418-0004,EVT-20260417-0013
POL-20260418-0005,EVT-20260418-0003
POL-20260418-0006,EVT-20260418-0001
POL-20260418-0007,EVT-20260417-0029
POL-20260418-0008,EVT-20260418-0022
POL-20260418-0009,EVT-20260417-0026
POL-20260418-0010,EVT-20260418-0045
POL-20260418-0011,EVT-20260418-0002
POL-20260418-0012,EVT-20260417-0010
POL-20260418-0013,EVT-20260418-0025
POL-20260418-0014,EVT-20260417-0012
POL-20260418-0015,EVT-20260418-0024
POL-20260418-0016,EVT-20260417-0015
POL-20260418-0017,EVT-20260418-0036
POL-20260418-0018,EVT-20260417-0007
POL-20260418-0019,EVT-20260418-0004
POL-20260418-0020,EVT-20260417-0020
POL-20260418-0021,EVT-20260418-0013
POL-20260418-0022,EVT-20260418-0016
POL-20260418-0023,EVT-20260418-0019
POL-20260418-0024,EVT-20260417-0029
POL-20260418-0025,EVT-20260418-0020
POL-20260418-0026,EVT-20260418-0042
POL-20260418-0027,EVT-20260416-0039
POL-20260418-0028,EVT-20260417-0041
POL-20260418-0029,EVT-20260418-0014
POL-20260418-0030,EVT-20260418-0043
POL-20260418-0031,EVT-20260418-0027
POL-20260418-0032,EVT-20260417-0004
POL-20260418-0033,EVT-20260418-0035
POL-20260418-0034,EVT-20260418-0040
POL-20260418-0035,EVT-20260418-0015
POL-20260418-0036,EVT-20260418-0006
POL-20260418-0037,EVT-20260418-0009
POL-20260418-0038,EVT-20260418-0028
POL-20260418-0039,EVT-20260417-0009
POL-20260418-0040,EVT-20260418-0038
POL-20260418-0041,EVT-20260418-0037
POL-20260418-0042,EVT-20260418-0029
POL-20260418-0043,EVT-20260418-0012
POL-20260418-0044,EVT-20260417-0037
POL-20260418-0045,EVT-20260418-0032
POL-20260418-0046,EVT-20260418-0008
POL-20260418-0047,EVT-20260418-0034
POL-20260418-0048,EVT-20260417-0033
POL-20260418-0049,EVT-20260418-0018
POL-20260418-0050,EVT-20260418-0017
POL-20260418-0051,EVT-20260417-0027
POL-20260418-0052,EVT-20260418-0039
POL-20260418-0053,EVT-20260418-0033
POL-20260419-0001,EVT-20260418-0023
POL-20260419-0002,EVT-20260418-0031
POL-20260419-0003,EVT-20260418-0005
POL-20260419-0004,EVT-20260419-0022
POL-20260419-0005,EVT-20260419-0039
POL-20260419-0006,EVT-20260419-0044
POL-20260419-0007,EVT-20260419-0039
POL-20260419-0008,EVT-20260419-0024
POL-20260419-0009,EVT-20260419-0039
POL-20260419-0010,EVT-20260419-0052
POL-20260419-0011,EVT-20260416-0004
POL-20260419-0012,EVT-20260419-0023
POL-20260419-0013,EVT-20260419-0006
POL-20260419-0014,EVT-20260418-0021
POL-20260419-0015,EVT-20260419-0057
POL-20260419-0016,EVT-20260418-0041
POL-20260419-0017,EVT-20260419-0052
POL-20260419-0018,EVT-20260419-0010
POL-20260419-0019,EVT-20260419-0043
POL-20260419-0020,EVT-20260418-0043
POL-20260419-0021,EVT-20260418-0010
POL-20260419-0022,EVT-20260419-0056
POL-20260419-0023,EVT-20260419-0042
POL-20260419-0024,EVT-20260419-0009
POL-20260419-0025,EVT-20260419-0061
POL-20260419-0026,EVT-20260419-0028
POL-20260419-0027,EVT-20260419-0012
POL-20260419-0028,EVT-20260419-0035
POL-20260419-0029,EVT-20260419-0014
POL-20260419-0030,EVT-20260419-0037
POL-20260419-0031,EVT-20260419-0028
POL-20260419-0032,EVT-20260419-0056
POL-20260419-0033,EVT-20260418-0007
POL-20260419-0034,EVT-20260419-0043
POL-20260419-0035,EVT-20260419-0036
POL-20260419-0036,EVT-20260419-0040
POL-20260419-0037,EVT-20260419-0001
POL-20260419-0038,EVT-20260419-0034
POL-20260419-0039,EVT-20260419-0011
POL-20260419-0040,EVT-20260419-0029
POL-20260419-0041,EVT-20260419-0016
POL-20260419-0042,EVT-20260419-0051
POL-20260419-0043,EVT-20260419-0013
POL-20260419-0044,EVT-20260419-0055
POL-20260419-0045,EVT-20260419-0033
POL-20260419-0046,EVT-20260419-0021
POL-20260419-0047,EVT-20260419-0020
POL-20260419-0048,EVT-20260419-0032
POL-20260419-0049,EVT-20260419-0007
POL-20260419-0050,EVT-20260419-0030
POL-20260419-0051,EVT-20260419-0019
POL-20260419-0052,EVT-20260419-0025
POL-20260419-0053,EVT-20260419-0017
POL-20260419-0054,EVT-20260419-0025
POL-20260419-0055,EVT-20260419-0062
POL-20260419-0056,EVT-20260419-0041
POL-20260419-0057,EVT-20260419-0026
POL-20260419-0058,EVT-20260419-0054
POL-20260419-0059,EVT-20260419-0050
POL-20260419-0060,EVT-20260419-0048
POL-20260419-0061,EVT-20260419-0008
POL-20260419-0062,EVT-20260419-0007
POL-20260419-0063,EVT-20260419-0063
POL-20260419-0064,EVT-20260419-0027
POL-20260419-0065,EVT-20260419-0046
POL-20260419-0066,EVT-20260419-0005
POL-20260419-0067,EVT-20260419-0060
POL-20260419-0068,EVT-20260418-0043
POL-20260419-0069,EVT-20260419-0018
POL-20260419-0070,EVT-20260419-0038
POL-20260419-0071,EVT-20260419-0004
POL-20260420-0001,EVT-20260420-0038
POL-20260420-0002,EVT-20260419-0063
POL-20260420-0003,EVT-20260419-0031
POL-20260420-0004,EVT-20260419-0027
POL-20260420-0005,EVT-20260418-0041
POL-20260420-0006,EVT-20260420-0020
POL-20260420-0007,EVT-20260420-0048
POL-20260420-0008,EVT-20260420-0060
POL-20260420-0009,EVT-20260420-0026
POL-20260420-0010,EVT-20260420-0039
POL-20260420-0011,EVT-20260420-0058
POL-20260420-0012,EVT-20260419-0049
POL-20260420-0013,EVT-20260420-0052
POL-20260420-0014,EVT-20260420-0062
POL-20260420-0015,EVT-20260420-0052
POL-20260420-0016,EVT-20260416-0030
POL-20260420-0017,EVT-20260420-0024
POL-20260420-0018,EVT-20260420-0046
POL-20260420-0019,EVT-20260420-0054
POL-20260420-0020,EVT-20260420-0028
POL-20260420-0021,EVT-20260420-0057
POL-20260420-0022,EVT-20260420-0052
POL-20260420-0023,EVT-20260418-0026
POL-20260420-0024,EVT-20260419-0045
POL-20260420-0025,EVT-20260419-0025
POL-20260420-0026,EVT-20260420-0052
POL-20260420-0027,EVT-20260420-0055
POL-20260420-0028,EVT-20260420-0017
POL-20260420-0029,EVT-20260420-0016
POL-20260420-0030,EVT-20260419-0047
POL-20260420-0031,EVT-20260420-0037
POL-20260420-0032,EVT-20260420-0017
POL-20260420-0033,EVT-20260420-0050
POL-20260420-0034,EVT-20260419-0059
POL-20260420-0035,EVT-20260420-0040
POL-20260420-0036,EVT-20260419-0015
POL-20260420-0037,EVT-20260420-0011
POL-20260420-0038,EVT-20260420-0044
POL-20260420-0039,EVT-20260420-0063
POL-20260420-0040,EVT-20260420-0054
POL-20260420-0041,EVT-20260420-0053
POL-20260420-0042,EVT-20260420-0027
POL-20260420-0043,EVT-20260419-0063
POL-20260420-0044,EVT-20260420-0034
POL-20260420-0045,EVT-20260420-0025
POL-20260420-0046,EVT-20260420-0012
POL-20260420-0047,EVT-20260420-0005
POL-20260420-0048,EVT-20260420-0019
POL-20260420-0049,EVT-20260420-0009
POL-20260420-0050,EVT-20260420-0059
POL-20260420-0051,EVT-20260418-0030
POL-20260420-0052,EVT-20260420-0027
POL-20260420-0053,EVT-20260420-0006
POL-20260420-0054,EVT-20260420-0017
POL-20260420-0055,EVT-20260420-0004
POL-20260420-0056,EVT-20260420-0001
POL-20260420-0057,EVT-20260420-0015
POL-20260420-0058,EVT-20260420-0008
POL-20260420-0059,EVT-20260420-0045
POL-20260420-0060,EVT-20260419-0063
POL-20260420-0061,EVT-20260420-0020
POL-20260420-0062,EVT-20260420-0010
POL-20260420-0063,EVT-20260420-0035
POL-20260420-0064,EVT-20260420-0023
POL-20260420-0065,EVT-20260420-0031
POL-20260420-0066,EVT-20260420-0013
POL-20260421-0001,EVT-20260421-0007
POL-20260421-0002,EVT-20260420-0041
POL-20260421-0003,EVT-20260420-0036
POL-20260421-0004,EVT-20260419-0047
POL-20260421-0005,EVT-20260420-0021
POL-20260421-0006,EVT-20260421-0037
POL-20260421-0007,EVT-20260420-0061
POL-20260421-0008,EVT-20260420-0022
POL-20260421-0009,EVT-20260421-0040
POL-20260421-0010,EVT-20260420-0033
POL-20260421-0011,EVT-20260421-0016
POL-20260421-0012,EVT-20260420-0007
POL-20260421-0013,EVT-20260421-0029
POL-20260421-0014,EVT-20260420-0042
POL-20260421-0015,EVT-20260421-0046
POL-20260421-0016,EVT-20260420-0003
POL-20260421-0017,EVT-20260421-0038
POL-20260421-0018,EVT-20260419-0058
POL-20260421-0019,EVT-20260421-0048
POL-20260421-0020,EVT-20260421-0040
POL-20260421-0021,EVT-20260421-0036
POL-20260421-0022,EVT-20260419-0053
POL-20260421-0023,EVT-20260420-0029
POL-20260421-0024,EVT-20260420-0043
POL-20260421-0025,EVT-20260421-0017
POL-20260421-0026,EVT-20260421-0047
POL-20260421-0027,EVT-20260421-0040
POL-20260421-0028,EVT-20260421-0042
POL-20260421-0029,EVT-20260421-0024
POL-20260421-0030,EVT-20260420-0042
POL-20260421-0031,EVT-20260421-0024
POL-20260421-0032,EVT-20260421-0003
POL-20260421-0033,EVT-20260421-0047
POL-20260421-0034,EVT-20260419-0002
POL-20260421-0035,EVT-20260421-0033
POL-20260421-0036,EVT-20260419-0003
POL-20260421-0037,EVT-20260421-0002
POL-20260421-0038,EVT-20260421-0022
POL-20260421-0039,EVT-20260421-0032
POL-20260421-0040,EVT-20260421-0039
POL-20260421-0041,EVT-20260421-0003
POL-20260421-0042,EVT-20260421-0023
POL-20260421-0043,EVT-20260421-0041
POL-20260421-0044,EVT-20260421-0035
POL-20260421-0045,EVT-20260421-0010
POL-20260421-0046,EVT-20260421-0001
POL-20260421-0047,EVT-20260421-0019
POL-20260421-0048,EVT-20260420-0056
POL-20260421-0049,EVT-20260421-0026
POL-20260421-0050,EVT-20260420-0014
POL-20260421-0051,EVT-20260420-0013
POL-20260421-0052,EVT-20260421-0015
POL-20260421-0053,EVT-20260419-0047
POL-20260421-0054,EVT-20260421-0027
POL-20260421-0055,EVT-20260421-0009
POL-20260421-0056,EVT-20260421-0010
POL-20260421-0057,EVT-20260421-0021
POL-20260421-0058,EVT-20260421-0020
POL-20260421-0059,EVT-20260421-0045
POL-20260421-0060,EVT-20260421-0043
POL-20260421-0061,EVT-20260420-0042
POL-20260421-0062,EVT-20260421-0031
POL-20260421-0063,EVT-20260421-0043
POL-20260421-0064,EVT-20260421-0030
POL-20260421-0065,EVT-20260421-0049
POL-20260421-0066,EVT-20260421-0030
POL-20260421-0067,EVT-20260421-0003
POL-20260421-0068,EVT-20260421-0047
POL-20260421-0069,EVT-20260421-0013
POL-20260421-0070,EVT-20260418-0021
POL-20260421-0071,EVT-20260420-0014
POL-20260421-0072,EVT-20260421-0019
POL-20260422-0001,EVT-20260421-0028
POL-20260422-0002,EVT-20260421-0011
POL-20260422-0003,EVT-20260422-0017
POL-20260422-0004,EVT-20260421-0024
POL-20260422-0005,EVT-20260421-0010
POL-20260422-0006,EVT-20260421-0006
POL-20260422-0007,EVT-20260420-0014
POL-20260422-0008,EVT-20260421-0018
POL-20260422-0009,EVT-20260420-0013
POL-20260422-0010,EVT-20260422-0007
POL-20260422-0011,EVT-20260420-0051
POL-20260422-0012,EVT-20260421-0014
POL-20260422-0013,EVT-20260421-0043
POL-20260422-0014,EVT-20260422-0006
POL-20260422-0015,EVT-20260421-0012
POL-20260422-0016,EVT-20260422-0009
POL-20260422-0017,EVT-20260422-0003
POL-20260422-0018,EVT-20260422-0042
POL-20260422-0019,EVT-20260422-0019
POL-20260422-0020,EVT-20260422-0035
POL-20260422-0021,EVT-20260421-0014
POL-20260422-0022,EVT-20260422-0004
POL-20260422-0023,EVT-20260422-0012
POL-20260422-0024,EVT-20260421-0025
POL-20260422-0025,EVT-20260420-0032
POL-20260422-0026,EVT-20260421-0014
POL-20260422-0027,EVT-20260422-0023
POL-20260422-0028,EVT-20260422-0034
POL-20260422-0029,EVT-20260421-0005
POL-20260422-0030,EVT-20260421-0044
POL-20260422-0031,EVT-20260422-0035
POL-20260422-0032,EVT-20260422-0027
POL-20260422-0033,EVT-20260422-0036
POL-20260422-0034,EVT-20260421-0030
POL-20260422-0035,EVT-20260422-0026
POL-20260422-0036,EVT-20260422-0009
POL-20260422-0037,EVT-20260420-0030
POL-20260422-0038,EVT-20260422-0026
POL-20260422-0039,EVT-20260422-0032
POL-20260422-0040,EVT-20260422-0040
POL-20260422-0041,EVT-20260421-0043
POL-20260422-0042,EVT-20260422-0024
POL-20260422-0043,EVT-20260422-0043
POL-20260422-0044,EVT-20260422-0043
POL-20260422-0045,EVT-20260422-0018
POL-20260422-0046,EVT-20260421-0047
POL-20260422-0047,EVT-20260422-0025
POL-20260422-0048,EVT-20260420-0047
POL-20260422-0049,EVT-20260421-0019
POL-20260422-0050,EVT-20260421-0010
POL-20260422-0051,EVT-20260422-0020
POL-20260422-0052,EVT-20260422-0038
POL-20260422-0053,EVT-20260422-0015
POL-20260422-0054,EVT-20260422-0029
POL-20260422-0055,EVT-20260422-0016
POL-20260422-0056,EVT-20260422-0008
POL-20260422-0057,EVT-20260422-0011
POL-20260422-0058,EVT-20260422-0001
POL-20260422-0059,EVT-20260422-0024
POL-20260422-0060,EVT-20260421-0013
POL-20260422-0061,EVT-20260422-0005
POL-20260422-0062,EVT-20260422-0013
POL-20260422-0063,EVT-20260422-0041
POL-20260422-0064,EVT-20260422-0024
POL-20260422-0065,EVT-20260422-0028
POL-20260422-0066,EVT-20260422-0031
POL-20260422-0067,EVT-20260422-0002
POL-20260422-0068,EVT-20260422-0021
POL-20260423-0001,EVT-20260421-0008
POL-20260423-0002,EVT-20260423-0012
POL-20260423-0003,EVT-20260422-0037
POL-20260423-0004,EVT-20260423-0018
POL-20260423-0005,EVT-20260423-0036
POL-20260423-0006,EVT-20260423-0059
POL-20260423-0007,EVT-20260423-0050
POL-20260423-0008,EVT-20260422-0028
POL-20260423-0009,EVT-20260422-0014
POL-20260423-0010,EVT-20260423-0021
POL-20260423-0011,EVT-20260423-0046
POL-20260423-0012,EVT-20260420-0061
POL-20260423-0013,EVT-20260423-0029
POL-20260423-0014,EVT-20260423-0062
POL-20260423-0015,EVT-20260423-0012
POL-20260423-0016,EVT-20260420-0002
POL-20260423-0017,EVT-20260423-0052
POL-20260423-0018,EVT-20260423-0026
POL-20260423-0019,EVT-20260422-0032
POL-20260423-0020,EVT-20260423-0056
POL-20260423-0021,EVT-20260422-0022
POL-20260423-0022,EVT-20260423-0002
POL-20260423-0023,EVT-20260423-0026
POL-20260423-0024,EVT-20260423-0003
POL-20260423-0025,EVT-20260421-0042
POL-20260423-0026,EVT-20260423-0042
POL-20260423-0027,EVT-20260422-0010
POL-20260423-0028,EVT-20260423-0027
POL-20260423-0029,EVT-20260423-0043
POL-20260423-0030,EVT-20260420-0018
POL-20260423-0031,EVT-20260423-0046
POL-20260423-0032,EVT-20260423-0020
POL-20260423-0033,EVT-20260421-0034
POL-20260423-0034,EVT-20260423-0035
POL-20260423-0035,EVT-20260423-0030
POL-20260423-0036,EVT-20260422-0030
POL-20260423-0037,EVT-20260421-0018
POL-20260423-0038,EVT-20260423-0016
POL-20260423-0039,EVT-20260423-0032
POL-20260423-0040,EVT-20260423-0007
POL-20260423-0041,EVT-20260423-0028
POL-20260423-0042,EVT-20260423-0023
POL-20260423-0043,EVT-20260423-0064
POL-20260423-0044,EVT-20260423-0015
POL-20260423-0045,EVT-20260423-0047
POL-20260423-0046,EVT-20260423-0044
POL-20260423-0047,EVT-20260420-0049
POL-20260423-0048,EVT-20260423-0017
POL-20260423-0049,EVT-20260423-0005
POL-20260423-0050,EVT-20260423-0055
POL-20260423-0051,EVT-20260423-0037
POL-20260423-0052,EVT-20260423-0001
POL-20260423-0053,EVT-20260423-0015
POL-20260423-0054,EVT-20260423-0008
POL-20260423-0055,EVT-20260423-0038
POL-20260423-0056,EVT-20260423-0024
POL-20260423-0057,EVT-20260423-0038
POL-20260423-0058,EVT-20260423-0058
POL-20260423-0059,EVT-20260423-0019
POL-20260423-0060,EVT-20260423-0057
POL-20260423-0061,EVT-20260423-0040
POL-20260423-0062,EVT-20260423-0045
POL-20260423-0063,EVT-20260423-0060
POL-20260423-0064,EVT-20260422-0039
POL-20260423-0065,EVT-20260421-0018
POL-20260423-0066,EVT-20260423-0066
POL-20260423-0067,EVT-20260423-0053
POL-20260423-0068,EVT-20260423-0065
POL-20260423-0069,EVT-20260423-0010
POL-20260423-0070,EVT-20260423-0025
POL-20260423-0071,EVT-20260423-0033
POL-20260423-0072,EVT-20260422-0033
POL-20260423-0073,EVT-20260423-0014
POL-20260423-0074,EVT-20260423-0048
POL-20260423-0075,EVT-20260423-0009
POL-20260423-0076,EVT-20260423-0054
POL-20260424-0001,EVT-20260423-0063
POL-20260424-0002,EVT-20260423-0006
POL-20260424-0003,EVT-20260424-0044
POL-20260424-0004,EVT-20260424-0039
POL-20260424-0005,EVT-20260423-0001
POL-20260424-0006,EVT-20260424-0012
POL-20260424-0007,EVT-20260424-0014
POL-20260424-0008,EVT-20260424-0035
POL-20260424-0009,EVT-20260424-0029
POL-20260424-0010,EVT-20260423-0004
POL-20260424-0011,EVT-20260423-0011
POL-20260424-0012,EVT-20260423-0039
POL-20260424-0013,EVT-20260424-0050
POL-20260424-0014,EVT-20260423-0041
POL-20260424-0015,EVT-20260424-0003
POL-20260424-0016,EVT-20260424-0009
POL-20260424-0017,EVT-20260424-0011
POL-20260424-0018,EVT-20260421-0004
POL-20260424-0019,EVT-20260424-0032
POL-20260424-0020,EVT-20260423-0051
POL-20260424-0021,EVT-20260424-0052
POL-20260424-0022,EVT-20260423-0025
POL-20260424-0023,EVT-20260424-0046
POL-20260424-0024,EVT-20260424-0008
POL-20260424-0025,EVT-20260423-0013
POL-20260424-0026,EVT-20260424-0047
POL-20260424-0027,EVT-20260424-0060
POL-20260424-0028,EVT-20260424-0040
POL-20260424-0029,EVT-20260424-0059
POL-20260424-0030,EVT-20260424-0046
POL-20260424-0031,EVT-20260424-0030
POL-20260424-0032,EVT-20260424-0042
POL-20260424-0033,EVT-20260423-0061
POL-20260424-0034,EVT-20260424-0033
POL-20260424-0035,EVT-20260424-0016
POL-20260424-0036,EVT-20260424-0056
POL-20260424-0037,EVT-20260419-0002
POL-20260424-0038,EVT-20260423-0034
POL-20260424-0039,EVT-20260423-0031
POL-20260424-0040,EVT-20260423-0025
POL-20260424-0041,EVT-20260424-0007
POL-20260424-0042,EVT-20260423-0013
POL-20260424-0043,EVT-20260424-0013
POL-20260424-0044,EVT-20260424-0041
POL-20260424-0045,EVT-20260424-0015
POL-20260424-0046,EVT-20260424-0053
POL-20260424-0047,EVT-20260424-0041
POL-20260424-0048,EVT-20260424-0031
POL-20260424-0049,EVT-20260424-0055
POL-20260424-0050,EVT-20260424-0038
POL-20260424-0051,EVT-20260424-0061
POL-20260424-0052,EVT-20260424-0051
POL-20260424-0053,EVT-20260424-0053
POL-20260424-0054,EVT-20260424-0006
POL-20260424-0055,EVT-20260424-0004
POL-20260424-0056,EVT-20260424-0037
POL-20260424-0057,EVT-20260424-0031
POL-20260424-0058,EVT-20260424-0034
POL-20260424-0059,EVT-20260424-0025
POL-20260424-0060,EVT-20260424-0024
POL-20260424-0061,EVT-20260424-0062
POL-20260424-0062,EVT-20260423-0022
POL-20260424-0063,EVT-20260424-0054
POL-20260424-0064,EVT-20260424-0057
POL-20260424-0065,EVT-20260424-0043
POL-20260424-0066,EVT-20260424-0004
POL-20260424-0067,EVT-20260424-0019
POL-20260424-0068,EVT-20260424-0023
POL-20260424-0069,EVT-20260424-0018
POL-20260424-0070,EVT-20260424-0027
POL-20260424-0071,EVT-20260424-0001
POL-20260425-0001,EVT-20260425-0004
POL-20260425-0002,EVT-20260424-0022
POL-20260425-0003,EVT-20260424-0010
POL-20260425-0004,EVT-20260425-0043
POL-20260425-0005,EVT-20260425-0024
POL-20260425-0006,EVT-20260424-0048
POL-20260425-0007,EVT-20260424-0005
POL-20260425-0008,EVT-20260425-0042
POL-20260425-0009,EVT-20260425-0026
POL-20260425-0010,EVT-20260424-0020
POL-20260425-0011,EVT-20260424-0045
POL-20260425-0012,EVT-20260424-0002
POL-20260425-0013,EVT-20260423-0049
POL-20260425-0014,EVT-20260425-0004
POL-20260425-0015,EVT-20260425-0004
POL-20260425-0016,EVT-20260424-0016
POL-20260425-0017,EVT-20260425-0030
POL-20260425-0018,EVT-20260424-0058
POL-20260425-0019,EVT-20260425-0025
POL-20260425-0020,EVT-20260425-0042
POL-20260425-0021,EVT-20260423-0011
POL-20260425-0022,EVT-20260425-0022
POL-20260425-0023,EVT-20260425-0047
POL-20260425-0024,EVT-20260425-0047
POL-20260425-0025,EVT-20260425-0031
POL-20260425-0026,EVT-20260425-0002
POL-20260425-0027,EVT-20260425-0025
POL-20260425-0028,EVT-20260425-0023
POL-20260425-0029,EVT-20260424-0036
POL-20260425-0030,EVT-20260425-0039
POL-20260425-0031,EVT-20260425-0033
POL-20260425-0032,EVT-20260425-0044
POL-20260425-0033,EVT-20260425-0020
POL-20260425-0034,EVT-20260425-0034
POL-20260425-0035,EVT-20260425-0046
POL-20260425-0036,EVT-20260425-0008
POL-20260425-0037,EVT-20260425-0001
POL-20260425-0038,EVT-20260425-0008
POL-20260425-0039,EVT-20260425-0011
POL-20260425-0040,EVT-20260425-0025
POL-20260425-0041,EVT-20260424-0007
POL-20260425-0042,EVT-20260425-0013
POL-20260425-0043,EVT-20260424-0021
POL-20260425-0044,EVT-20260425-0013
POL-20260425-0045,EVT-20260425-0017
POL-20260425-0046,EVT-20260425-0012
POL-20260425-0047,EVT-20260425-0042
POL-20260425-0048,EVT-20260425-0050
POL-20260425-0049,EVT-20260425-0029
POL-20260425-0050,EVT-20260425-0009
POL-20260425-0051,EVT-20260425-0004
POL-20260425-0052,EVT-20260425-0051
POL-20260425-0053,EVT-20260425-0014
POL-20260425-0054,EVT-20260425-0014
POL-20260425-0055,EVT-20260425-0028
POL-20260425-0056,EVT-20260425-0019
POL-20260425-0057,EVT-20260425-0036
POL-20260425-0058,EVT-20260425-0020
POL-20260425-0059,EVT-20260424-0019
POL-20260425-0060,EVT-20260425-0049
POL-20260425-0061,EVT-20260425-0035
POL-20260425-0062,EVT-20260425-0015
POL-20260425-0063,EVT-20260425-0027
POL-20260425-0064,EVT-20260425-0032
POL-20260425-0065,EVT-20260425-0006
POL-20260425-0066,EVT-20260425-0007
POL-20260425-0067,EVT-20260422-0028
POL-20260425-0068,EVT-20260425-0045
POL-20260425-0069,EVT-20260424-0049
POL-20260425-0070,EVT-20260425-0052
POL-20260426-0001,EVT-20260426-0049
POL-20260426-0002,EVT-20260425-0005
POL-20260426-0003,EVT-20260425-0041
POL-20260426-0004,EVT-20260426-0049
POL-20260426-0005,EVT-20260426-0040
POL-20260426-0006,EVT-20260426-0045
POL-20260426-0007,EVT-20260426-0052
POL-20260426-0008,EVT-20260426-0032
POL-20260426-0009,EVT-20260426-0010
POL-20260426-0010,EVT-20260424-0017
POL-20260426-0011,EVT-20260426-0049
POL-20260426-0012,EVT-20260425-0010
POL-20260426-0013,EVT-20260426-0008
POL-20260426-0014,EVT-20260426-0057
POL-20260426-0015,EVT-20260426-0043
POL-20260426-0016,EVT-20260426-0029
POL-20260426-0017,EVT-20260426-0015
POL-20260426-0018,EVT-20260426-0049
POL-20260426-0019,EVT-20260426-0058
POL-20260426-0020,EVT-20260425-0019
POL-20260426-0021,EVT-20260426-0014
POL-20260426-0022,EVT-20260425-0037
POL-20260426-0023,EVT-20260426-0053
POL-20260426-0024,EVT-20260425-0016
POL-20260426-0025,EVT-20260424-0022
POL-20260426-0026,EVT-20260424-0028
POL-20260426-0027,EVT-20260426-0055
POL-20260426-0028,EVT-20260426-0026
POL-20260426-0029,EVT-20260424-0063
POL-20260426-0030,EVT-20260426-0016
POL-20260426-0031,EVT-20260426-0050
POL-20260426-0032,EVT-20260426-0027
POL-20260426-0033,EVT-20260426-0046
POL-20260426-0034,EVT-20260426-0002
POL-20260426-0035,EVT-20260425-0019
POL-20260426-0036,EVT-20260425-0018
POL-20260426-0037,EVT-20260426-0004
POL-20260426-0038,EVT-20260426-0047
POL-20260426-0039,EVT-20260426-0034
POL-20260426-0040,EVT-20260426-0036
POL-20260426-0041,EVT-20260426-0022
POL-20260426-0042,EVT-20260426-0056
POL-20260426-0043,EVT-20260426-0025
POL-20260426-0044,EVT-20260426-0056
POL-20260426-0045,EVT-20260426-0031
POL-20260426-0046,EVT-20260425-0019
POL-20260426-0047,EVT-20260426-0034
POL-20260426-0048,EVT-20260426-0023
POL-20260426-0049,EVT-20260426-0031
POL-20260426-0050,EVT-20260426-0012
POL-20260426-0051,EVT-20260426-0054
POL-20260426-0052,EVT-20260426-0060
POL-20260426-0053,EVT-20260426-0017
POL-20260426-0054,EVT-20260426-0021
POL-20260426-0055,EVT-20260426-0003
POL-20260426-0056,EVT-20260425-0040
POL-20260426-0057,EVT-20260426-0018
POL-20260426-0058,EVT-20260426-0046
POL-20260426-0059,EVT-20260426-0011
POL-20260426-0060,EVT-20260425-0038
POL-20260426-0061,EVT-20260426-0059
POL-20260426-0062,EVT-20260426-0042
POL-20260426-0063,EVT-20260426-0005
POL-20260426-0064,EVT-20260426-0028
POL-20260426-0065,EVT-20260426-0033
POL-20260426-0066,EVT-20260426-0019
POL-20260426-0067,EVT-20260426-0031
POL-20260426-0068,EVT-20260426-0044
POL-20260426-0069,EVT-20260425-0021
POL-20260426-0070,EVT-20260426-0037
POL-20260426-0071,EVT-20260426-0007
POL-20260426-0072,EVT-20260425-0018
POL-20260426-0073,EVT-20260426-0062
POL-20260426-0074,EVT-20260426-0039
POL-20260426-0075,EVT-20260424-0026
POL-20260427-0001,EVT-20260427-0010
POL-20260427-0002,EVT-20260427-0049
POL-20260427-0003,EVT-20260426-0001
POL-20260427-0004,EVT-20260427-0015
POL-20260427-0005,EVT-20260426-0061
POL-20260427-0006,EVT-20260426-0059
POL-20260427-0007,EVT-20260426-0038
POL-20260427-0008,EVT-20260426-0005
POL-20260427-0009,EVT-20260426-0020
POL-20260427-0010,EVT-20260427-0012
POL-20260427-0011,EVT-20260427-0049
POL-20260427-0012,EVT-20260427-0030
POL-20260427-0013,EVT-20260427-0045
POL-20260427-0014,EVT-20260426-0006
POL-20260427-0015,EVT-20260427-0006
POL-20260427-0016,EVT-20260426-0038
POL-20260427-0017,EVT-20260427-0002
POL-20260427-0018,EVT-20260426-0013
POL-20260427-0019,EVT-20260426-0009
POL-20260427-0020,EVT-20260426-0048
POL-20260427-0021,EVT-20260426-0035
POL-20260427-0022,EVT-20260427-0018
POL-20260427-0023,EVT-20260426-0030
POL-20260427-0024,EVT-20260427-0030
POL-20260427-0025,EVT-20260427-0024
POL-20260427-0026,EVT-20260427-0058
POL-20260427-0027,EVT-20260427-0004
POL-20260427-0028,EVT-20260427-0050
POL-20260427-0029,EVT-20260426-0013
POL-20260427-0030,EVT-20260426-0051
POL-20260427-0031,EVT-20260427-0043
POL-20260427-0032,EVT-20260427-0030
POL-20260427-0033,EVT-20260426-0023
POL-20260427-0034,EVT-20260427-0043
POL-20260427-0035,EVT-20260427-0022
POL-20260427-0036,EVT-20260427-0024
POL-20260427-0037,EVT-20260426-0033
POL-20260427-0038,EVT-20260427-0008
POL-20260427-0039,EVT-20260427-0036
POL-20260427-0040,EVT-20260425-0018
POL-20260427-0041,EVT-20260427-0044
POL-20260427-0042,EVT-20260427-0024
POL-20260427-0043,EVT-20260427-0054
POL-20260427-0044,EVT-20260427-0017
POL-20260427-0045,EVT-20260427-0055
POL-20260427-0046,EVT-20260427-0044
POL-20260427-0047,EVT-20260427-0033
POL-20260427-0048,EVT-20260427-0021
POL-20260427-0049,EVT-20260427-0032
POL-20260427-0050,EVT-20260427-0042
POL-20260427-0051,EVT-20260427-0047
POL-20260427-0052,EVT-20260427-0024
POL-20260427-0053,EVT-20260427-0034
POL-20260427-0054,EVT-20260427-0011
POL-20260427-0055,EVT-20260427-0056
POL-20260427-0056,EVT-20260427-0040
POL-20260427-0057,EVT-20260427-0029
POL-20260427-0058,EVT-20260427-0053
POL-20260427-0059,EVT-20260427-0023
POL-20260427-0060,EVT-20260427-0046
POL-20260427-0061,EVT-20260427-0027
POL-20260427-0062,EVT-20260427-0017
POL-20260427-0063,EVT-20260426-0041
POL-20260427-0064,EVT-20260427-0025
POL-20260427-0065,EVT-20260427-0026
POL-20260427-0066,EVT-20260427-0064
POL-20260427-0067,EVT-20260427-0009
POL-20260427-0068,EVT-20260427-0019
POL-20260427-0069,EVT-20260427-0038
POL-20260427-0070,EVT-20260427-0035
POL-20260427-0071,EVT-20260427-0020
POL-20260427-0072,EVT-20260427-0041
POL-20260427-0073,EVT-20260427-0038
POL-20260427-0074,EVT-20260427-0061
POL-20260427-0075,EVT-20260427-0004
POL-20260427-0076,EVT-20260426-0038
POL-20260427-0077,EVT-20260427-0065
POL-20260427-0078,EVT-20260427-0054
POL-20260427-0079,EVT-20260427-0009
POL-20260427-0080,EVT-20260427-0042
POL-20260427-0081,EVT-20260427-0003
POL-20260427-0082,EVT-20260427-0063
POL-20260428-0001,EVT-20260427-0048
POL-20260428-0002,EVT-20260427-0061
POL-20260428-0003,EVT-20260427-0005
POL-20260428-0004,EVT-20260427-0064
POL-20260428-0005,EVT-20260427-0028
POL-20260428-0006,EVT-20260427-0014
POL-20260428-0007,EVT-20260426-0033
POL-20260428-0008,EVT-20260427-0016
POL-20260428-0009,EVT-20260427-0007
POL-20260428-0010,EVT-20260428-0031
POL-20260428-0011,EVT-20260427-0051
POL-20260428-0012,EVT-20260427-0039
POL-20260428-0013,EVT-20260427-0038
POL-20260428-0014,EVT-20260428-0018
POL-20260428-0015,EVT-20260427-0009
POL-20260428-0016,EVT-20260427-0044
POL-20260428-0017,EVT-20260427-0042
POL-20260428-0018,EVT-20260428-0021
POL-20260428-0019,EVT-20260427-0063
POL-20260428-0020,EVT-20260428-0007
POL-20260428-0021,EVT-20260427-0037
POL-20260428-0022,EVT-20260428-0002
POL-20260428-0023,EVT-20260427-0037
POL-20260428-0024,EVT-20260428-0013
POL-20260428-0025,EVT-20260427-0048
POL-20260428-0026,EVT-20260428-0052
POL-20260428-0027,EVT-20260428-0017
POL-20260428-0028,EVT-20260428-0046
POL-20260428-0029,EVT-20260428-0041
POL-20260428-0030,EVT-20260427-0013
POL-20260428-0031,EVT-20260428-0027
POL-20260428-0032,EVT-20260427-0064
POL-20260428-0033,EVT-20260428-0039
POL-20260428-0034,EVT-20260425-0048
POL-20260428-0035,EVT-20260428-0029
POL-20260428-0036,EVT-20260428-0055
POL-20260428-0037,EVT-20260427-0061
POL-20260428-0038,EVT-20260425-0003
POL-20260428-0039,EVT-20260428-0027
POL-20260428-0040,EVT-20260428-0042
POL-20260428-0041,EVT-20260428-0016
POL-20260428-0042,EVT-20260428-0015
POL-20260428-0043,EVT-20260428-0015
POL-20260428-0044,EVT-20260427-0062
POL-20260428-0045,EVT-20260428-0045
POL-20260428-0046,EVT-20260428-0054
POL-20260428-0047,EVT-20260428-0028
POL-20260428-0048,EVT-20260428-0001
POL-20260428-0049,EVT-20260428-0016
POL-20260428-0050,EVT-20260428-0022
POL-20260428-0051,EVT-20260428-0043
POL-20260428-0052,EVT-20260428-0048
POL-20260428-0053,EVT-20260428-0032
POL-20260428-0054,EVT-20260428-0006
POL-20260428-0055,EVT-20260428-0003
POL-20260428-0056,EVT-20260428-0049
POL-20260428-0057,EVT-20260428-0009
POL-20260428-0058,EVT-20260428-0044
POL-20260428-0059,EVT-20260427-0060
POL-20260428-0060,EVT-20260428-0040
POL-20260428-0061,EVT-20260428-0030
POL-20260428-0062,EVT-20260428-0012
POL-20260428-0063,EVT-20260428-0027
POL-20260428-0064,EVT-20260427-0048
POL-20260428-0065,EVT-20260428-0016
POL-20260428-0066,EVT-20260428-0035
POL-20260428-0067,EVT-20260428-0005
POL-20260428-0068,EVT-20260428-0050
POL-20260428-0069,EVT-20260426-0024
POL-20260428-0070,EVT-20260428-0036
POL-20260428-0071,EVT-20260428-0010
POL-20260428-0072,EVT-20260428-0004
POL-20260428-0073,EVT-20260428-0037
POL-20260429-0001,EVT-20260428-0053
POL-20260429-0002,EVT-20260428-0014
POL-20260429-0003,EVT-20260428-0051
POL-20260429-0004,EVT-20260425-0038
POL-20260429-0005,EVT-20260428-0020
POL-20260429-0006,EVT-20260427-0059
POL-20260429-0007,EVT-20260429-0022
POL-20260429-0008,EVT-20260429-0002
POL-20260429-0009,EVT-20260427-0001
POL-20260429-0010,EVT-20260428-0001
POL-20260429-0011,EVT-20260428-0007
POL-20260429-0012,EVT-20260428-0019
POL-20260429-0013,EVT-20260429-0019
POL-20260429-0014,EVT-20260428-0008
POL-20260429-0015,EVT-20260428-0033
POL-20260429-0016,EVT-20260428-0024
POL-20260429-0017,EVT-20260428-0006
POL-20260429-0018,EVT-20260429-0012
POL-20260429-0019,EVT-20260429-0008
POL-20260429-0020,EVT-20260427-0057
POL-20260429-0021,EVT-20260429-0019
POL-20260429-0022,EVT-20260429-0016
POL-20260429-0023,EVT-20260429-0038
POL-20260429-0024,EVT-20260429-0010
POL-20260429-0025,EVT-20260428-0011
POL-20260429-0026,EVT-20260429-0004
POL-20260429-0027,EVT-20260429-0036
POL-20260429-0028,EVT-20260429-0035
POL-20260429-0029,EVT-20260428-0038
POL-20260429-0030,EVT-20260429-0006
POL-20260429-0031,EVT-20260427-0031
POL-20260429-0032,EVT-20260429-0037
POL-20260429-0033,EVT-20260428-0040
POL-20260429-0034,EVT-20260428-0047
POL-20260429-0035,EVT-20260429-0040
POL-20260429-0036,EVT-20260428-0023
POL-20260429-0037,EVT-20260429-0020
POL-20260429-0038,EVT-20260428-0034
POL-20260429-0039,EVT-20260429-0037
POL-20260429-0040,EVT-20260429-0016
POL-20260429-0041,EVT-20260429-0030
POL-20260429-0042,EVT-20260429-0003
POL-20260429-0043,EVT-20260428-0047
POL-20260429-0044,EVT-20260429-0026
POL-20260429-0045,EVT-20260429-0029
POL-20260429-0046,EVT-20260428-0035
POL-20260429-0047,EVT-20260429-0039
POL-20260429-0048,EVT-20260429-0031
POL-20260429-0049,EVT-20260429-0009
POL-20260429-0050,EVT-20260429-0034
POL-20260429-0051,EVT-20260429-0017
POL-20260429-0052,EVT-20260429-0023
POL-20260429-0053,EVT-20260429-0013
POL-20260429-0054,EVT-20260429-0041
POL-20260429-0055,EVT-20260429-0034
POL-20260429-0056,EVT-20260428-0025
POL-20260429-0057,EVT-20260429-0007
POL-20260429-0058,EVT-20260429-0020
POL-20260429-0059,EVT-20260429-0005
POL-20260429-0060,EVT-20260429-0028
POL-20260429-0061,EVT-20260429-0015
POL-20260429-0062,EVT-20260429-0024
POL-20260429-0063,EVT-20260429-0001
POL-20260429-0064,EVT-20260429-0032
POL-20260429-0065,EVT-20260429-0001
POL-20260429-0066,EVT-20260429-0018
POL-20260430-0001,EVT-20260429-0032
POL-20260430-0002,EVT-20260430-0028
POL-20260430-0003,EVT-20260430-0033
POL-20260430-0004,EVT-20260430-0003
POL-20260430-0005,EVT-20260428-0026
POL-20260430-0006,EVT-20260429-0033
POL-20260430-0007,EVT-20260430-0030
POL-20260430-0008,EVT-20260429-0025
POL-20260430-0009,EVT-20260430-0016
POL-20260430-0010,EVT-20260427-0052
POL-20260430-0011,EVT-20260430-0029
POL-20260430-0012,EVT-20260430-0010
POL-20260430-0013,EVT-20260430-0032
POL-20260430-0014,EVT-20260430-0043
POL-20260430-0015,EVT-20260429-0001
POL-20260430-0016,EVT-20260430-0040
POL-20260430-0017,EVT-20260430-0042
POL-20260430-0018,EVT-20260430-0012
POL-20260430-0019,EVT-20260430-0049
POL-20260430-0020,EVT-20260430-0002
POL-20260430-0021,EVT-20260430-0034
POL-20260430-0022,EVT-20260430-0041
POL-20260430-0023,EVT-20260430-0011
POL-20260430-0024,EVT-20260430-0022
POL-20260430-0025,EVT-20260430-0002
POL-20260430-0026,EVT-20260430-0046
POL-20260430-0027,EVT-20260430-0002
POL-20260430-0028,EVT-20260430-0046
POL-20260430-0029,EVT-20260430-0049
POL-20260430-0030,EVT-20260430-0030
POL-20260430-0031,EVT-20260430-0005
POL-20260430-0032,EVT-20260430-0039
POL-20260430-0033,EVT-20260430-0012
POL-20260430-0034,EVT-20260430-0021
POL-20260430-0035,EVT-20260430-0050
POL-20260430-0036,EVT-20260430-0031
POL-20260430-0037,EVT-20260430-0046
POL-20260430-0038,EVT-20260430-0046
POL-20260430-0039,EVT-20260430-0030
POL-20260430-0040,EVT-20260430-0021
POL-20260430-0041,EVT-20260430-0015
POL-20260430-0042,EVT-20260429-0014
POL-20260430-0043,EVT-20260430-0014
POL-20260430-0044,EVT-20260430-0020
POL-20260430-0045,EVT-20260430-0013
POL-20260430-0046,EVT-20260430-0025
POL-20260430-0047,EVT-20260430-0036
POL-20260430-0048,EVT-20260430-0018
POL-20260430-0049,EVT-20260430-0047
POL-20260430-0050,EVT-20260430-0017
POL-20260430-0051,EVT-20260430-0007
POL-20260430-0052,EVT-20260430-0037
POL-20260430-0053,EVT-20260430-0020
POL-20260430-0054,EVT-20260429-0025
POL-20260430-0055,EVT-20260430-0044
POL-20260430-0056,EVT-20260430-0024
POL-20260430-0057,EVT-20260430-0045
POL-20260430-0058,EVT-20260430-0048
POL-20260430-0059,EVT-20260430-0002
POL-20260430-0060,EVT-20260430-0006
POL-20260430-0061,EVT-20260430-0008
POL-20260430-0062,EVT-20260430-0023
POL-20260430-0063,EVT-20260430-0035
POL-20260430-0064,EVT-20260430-0001
POL-20260430-0065,EVT-20260430-0004
POL-20260430-0066,EVT-20260430-0009
POL-20260501-0001,EVT-20260501-0044
POL-20260501-0002,EVT-20260430-0019
POL-20260501-0003,EVT-20260501-0057
POL-20260501-0004,EVT-20260430-0022
POL-20260501-0005,EVT-20260430-0027
POL-20260501-0006,EVT-20260429-0027
POL-20260501-0007,EVT-20260501-0034
POL-20260501-0008,EVT-20260501-0055
POL-20260501-0009,EVT-20260501-0013
POL-20260501-0010,EVT-20260430-0012
POL-20260501-0011,EVT-20260430-0026
POL-20260501-0012,EVT-20260501-0011
POL-20260501-0013,EVT-20260501-0021
POL-20260501-0014,EVT-20260501-0027
POL-20260501-0015,EVT-20260501-0034
POL-20260501-0016,EVT-20260501-0027
POL-20260501-0017,EVT-20260501-0004
POL-20260501-0018,EVT-20260501-0045
POL-20260501-0019,EVT-20260501-0065
POL-20260501-0020,EVT-20260501-0029
POL-20260501-0021,EVT-20260501-0028
POL-20260501-0022,EVT-20260501-0055
POL-20260501-0023,EVT-20260430-0037
POL-20260501-0024,EVT-20260501-0036
POL-20260501-0025,EVT-20260501-0004
POL-20260501-0026,EVT-20260501-0052
POL-20260501-0027,EVT-20260501-0033
POL-20260501-0028,EVT-20260501-0027
POL-20260501-0029,EVT-20260501-0039
POL-20260501-0030,EVT-20260501-0064
POL-20260501-0031,EVT-20260501-0009
POL-20260501-0032,EVT-20260501-0006
POL-20260501-0033,EVT-20260501-0035
POL-20260501-0034,EVT-20260501-0060
POL-20260501-0035,EVT-20260501-0063
POL-20260501-0036,EVT-20260501-0046
POL-20260501-0037,EVT-20260501-0024
POL-20260501-0038,EVT-20260501-0025
POL-20260501-0039,EVT-20260501-0030
POL-20260501-0040,EVT-20260501-0055
POL-20260501-0041,EVT-20260501-0061
POL-20260501-0042,EVT-20260501-0065
POL-20260501-0043,EVT-20260501-0040
POL-20260501-0044,EVT-20260501-0054
POL-20260501-0045,EVT-20260501-0043
POL-20260501-0046,EVT-20260501-0026
POL-20260501-0047,EVT-20260501-0008
POL-20260501-0048,EVT-20260501-0054
POL-20260501-0049,EVT-20260501-0019
POL-20260501-0050,EVT-20260501-0005
POL-20260501-0051,EVT-20260501-0051
POL-20260501-0052,EVT-20260501-0012
POL-20260501-0053,EVT-20260501-0018
POL-20260501-0054,EVT-20260501-0020
POL-20260501-0055,EVT-20260501-0005
POL-20260501-0056,EVT-20260501-0063
POL-20260501-0057,EVT-20260501-0042
POL-20260501-0058,EVT-20260501-0059
POL-20260501-0059,EVT-20260501-0010
POL-20260501-0060,EVT-20260501-0058
POL-20260501-0061,EVT-20260501-0032
POL-20260501-0062,EVT-20260501-0049
POL-20260501-0063,EVT-20260501-0038
POL-20260501-0064,EVT-20260430-0020
POL-20260501-0065,EVT-20260501-0039
POL-20260501-0066,EVT-20260430-0038
POL-20260501-0067,EVT-20260501-0005
POL-20260501-0068,EVT-20260428-0001
POL-20260501-0069,EVT-20260501-0003
POL-20260501-0070,EVT-20260501-0037
POL-20260501-0071,EVT-20260501-0002
POL-20260502-0001,EVT-20260501-0033
POL-20260502-0002,EVT-20260501-0030
POL-20260502-0003,EVT-20260501-0040
POL-20260502-0004,EVT-20260429-0021
POL-20260502-0005,EVT-20260501-0007
POL-20260502-0006,EVT-20260502-0022
POL-20260502-0007,EVT-20260501-0001
POL-20260502-0008,EVT-20260501-0022
POL-20260502-0009,EVT-20260502-0025
POL-20260502-0010,EVT-20260501-0041
POL-20260502-0011,EVT-20260501-0017
POL-20260502-0012,EVT-20260502-0043
POL-20260502-0013,EVT-20260502-0014
POL-20260502-0014,EVT-20260502-0018
POL-20260502-0015,EVT-20260501-0031
POL-20260502-0016,EVT-20260429-0011
POL-20260502-0017,EVT-20260501-0047
POL-20260502-0018,EVT-20260502-0015
POL-20260502-0019,EVT-20260502-0022
POL-20260502-0020,EVT-20260502-0035
POL-20260502-0021,EVT-20260501-0039
POL-20260502-0022,EVT-20260502-0043
POL-20260502-0023,EVT-20260502-0002
POL-20260502-0024,EVT-20260501-0023
POL-20260502-0025,EVT-20260501-0062
POL-20260502-0026,EVT-20260502-0022
POL-20260502-0027,EVT-20260502-0007
POL-20260502-0028,EVT-20260501-0038
POL-20260502-0029,EVT-20260501-0040
POL-20260502-0030,EVT-20260502-0017
POL-20260502-0031,EVT-20260502-0043
POL-20260502-0032,EVT-20260502-0041
POL-20260502-0033,EVT-20260501-0050
POL-20260502-0034,EVT-20260430-0022
POL-20260502-0035,EVT-20260502-0024
POL-20260502-0036,EVT-20260501-0001
POL-20260502-0037,EVT-20260502-0049
POL-20260502-0038,EVT-20260502-0010
POL-20260502-0039,EVT-20260502-0039
POL-20260502-0040,EVT-20260501-0001
POL-20260502-0041,EVT-20260502-0042
POL-20260502-0042,EVT-20260502-0042
POL-20260502-0043,EVT-20260502-0034
POL-20260502-0044,EVT-20260502-0039
POL-20260502-0045,EVT-20260502-0028
POL-20260502-0046,EVT-20260501-0054
POL-20260502-0047,EVT-20260502-0020
POL-20260502-0048,EVT-20260502-0033
POL-20260502-0049,EVT-20260501-0018
POL-20260502-0050,EVT-20260502-0015
POL-20260502-0051,EVT-20260502-0042
POL-20260502-0052,EVT-20260502-0048
POL-20260502-0053,EVT-20260502-0045
POL-20260502-0054,EVT-20260502-0047
POL-20260502-0055,EVT-20260502-0006
POL-20260502-0056,EVT-20260501-0053
POL-20260502-0057,EVT-20260502-0037
POL-20260502-0058,EVT-20260502-0011
POL-20260502-0059,EVT-20260502-0040
POL-20260502-0060,EVT-20260502-0027
POL-20260502-0061,EVT-20260501-0015
POL-20260502-0062,EVT-20260501-0014
POL-20260502-0063,EVT-20260502-0038
POL-20260502-0064,EVT-20260502-0026
POL-20260502-0065,EVT-20260502-0044
POL-20260502-0066,EVT-20260502-0030
POL-20260502-0067,EVT-20260502-0046
POL-20260502-0068,EVT-20260502-0008
POL-20260502-0069,EVT-20260502-0050
POL-20260502-0070,EVT-20260502-0015
POL-20260502-0071,EVT-20260501-0056
POL-20260502-0072,EVT-20260502-0032
POL-20260502-0073,EVT-20260502-0031
POL-20260502-0074,EVT-20260502-0042
POL-20260502-0075,EVT-20260502-0050
POL-20260503-0001,EVT-20260503-0027
POL-20260503-0002,EVT-20260502-0003
POL-20260503-0003,EVT-20260503-0059
POL-20260503-0004,EVT-20260503-0013
POL-20260503-0005,EVT-20260502-0019
POL-20260503-0006,EVT-20260503-0060
POL-20260503-0007,EVT-20260503-0060
POL-20260503-0008,EVT-20260503-0031
POL-20260503-0009,EVT-20260502-0039
POL-20260503-0010,EVT-20260502-0001
POL-20260503-0011,EVT-20260502-0023
POL-20260503-0012,EVT-20260503-0015
POL-20260503-0013,EVT-20260502-0029
POL-20260503-0014,EVT-20260502-0006
POL-20260503-0015,EVT-20260501-0024
POL-20260503-0016,EVT-20260503-0010
POL-20260503-0017,EVT-20260503-0056
POL-20260503-0018,EVT-20260503-0057
POL-20260503-0019,EVT-20260502-0013
POL-20260503-0020,EVT-20260503-0061
POL-20260503-0021,EVT-20260503-0036
POL-20260503-0022,EVT-20260502-0016
POL-20260503-0023,EVT-20260501-0048
POL-20260503-0024,EVT-20260503-0012
POL-20260503-0025,EVT-20260502-0012
POL-20260503-0026,EVT-20260503-0032
POL-20260503-0027,EVT-20260503-0020
POL-20260503-0028,EVT-20260503-0026
POL-20260503-0029,EVT-20260503-0044
POL-20260503-0030,EVT-20260503-0057
POL-20260503-0031,EVT-20260503-0002
POL-20260503-0032,EVT-20260503-0010
POL-20260503-0033,EVT-20260503-0002
POL-20260503-0034,EVT-20260503-0016
POL-20260503-0035,EVT-20260503-0014
POL-20260503-0036,EVT-20260503-0001
POL-20260503-0037,EVT-20260503-0021
POL-20260503-0038,EVT-20260503-0005
POL-20260503-0039,EVT-20260503-0011
POL-20260503-0040,EVT-20260503-0053
POL-20260503-0041,EVT-20260503-0009
POL-20260503-0042,EVT-20260503-0002
POL-20260503-0043,EVT-20260503-0033
POL-20260503-0044,EVT-20260503-0047
POL-20260503-0045,EVT-20260503-0061
POL-20260503-0046,EVT-20260502-0004
POL-20260503-0047,EVT-20260503-0059
POL-20260503-0048,EVT-20260503-0043
POL-20260503-0049,EVT-20260503-0004
POL-20260503-0050,EVT-20260503-0051
POL-20260503-0051,EVT-20260503-0017
POL-20260503-0052,EVT-20260503-0045
POL-20260503-0053,EVT-20260501-0033
POL-20260503-0054,EVT-20260503-0043
POL-20260503-0055,EVT-20260503-0029
POL-20260503-0056,EVT-20260503-0011
POL-20260503-0057,EVT-20260503-0041
POL-20260503-0058,EVT-20260503-0040
POL-20260503-0059,EVT-20260503-0004
POL-20260503-0060,EVT-20260503-0023
POL-20260503-0061,EVT-20260503-0060
POL-20260503-0062,EVT-20260502-0010
POL-20260503-0063,EVT-20260503-0038
POL-20260503-0064,EVT-20260503-0055
POL-20260503-0065,EVT-20260503-0058
POL-20260503-0066,EVT-20260503-0048
POL-20260503-0067,EVT-20260503-0018
POL-20260503-0068,EVT-20260503-0048
POL-20260503-0069,EVT-20260503-0046
POL-20260503-0070,EVT-20260503-0049
POL-20260503-0071,EVT-20260503-0035
POL-20260503-0072,EVT-20260503-0037
POL-20260503-0073,EVT-20260503-0030
POL-20260503-0074,EVT-20260502-0021
POL-20260503-0075,EVT-20260503-0024
POL-20260503-0076,EVT-20260503-0050
POL-20260503-0077,EVT-20260503-0052
POL-20260503-0078,EVT-20260503-0025
POL-20260504-0001,EVT-20260503-0008
POL-20260504-0002,EVT-20260504-0044
POL-20260504-0003,EVT-20260503-0006
POL-20260504-0004,EVT-20260504-0044
POL-20260504-0005,EVT-20260504-0001
POL-20260504-0006,EVT-20260504-0038
POL-20260504-0007,EVT-20260504-0023
POL-20260504-0008,EVT-20260504-0021
POL-20260504-0009,EVT-20260504-0013
POL-20260504-0010,EVT-20260503-0034
POL-20260504-0011,EVT-20260503-0054
POL-20260504-0012,EVT-20260503-0019
POL-20260504-0013,EVT-20260503-0003
POL-20260504-0014,EVT-20260501-0016
POL-20260504-0015,EVT-20260503-0059
POL-20260504-0016,EVT-20260503-0022
POL-20260504-0017,EVT-20260503-0004
POL-20260504-0018,EVT-20260502-0048
POL-20260504-0019,EVT-20260503-0039
POL-20260504-0020,EVT-20260504-0005
POL-20260504-0021,EVT-20260504-0044
POL-20260504-0022,EVT-20260504-0019
POL-20260504-0023,EVT-20260504-0052
POL-20260504-0024,EVT-20260504-0024
POL-20260504-0025,EVT-20260502-0036
POL-20260504-0026,EVT-20260504-0050
POL-20260504-0027,EVT-20260504-0010
POL-20260504-0028,EVT-20260504-0019
POL-20260504-0029,EVT-20260504-0030
POL-20260504-0030,EVT-20260504-0011
POL-20260504-0031,EVT-20260503-0028
POL-20260504-0032,EVT-20260504-0050
POL-20260504-0033,EVT-20260504-0050
POL-20260504-0034,EVT-20260504-0046
POL-20260504-0035,EVT-20260504-0016
POL-20260504-0036,EVT-20260503-0035
POL-20260504-0037,EVT-20260504-0020
POL-20260504-0038,EVT-20260503-0050
POL-20260504-0039,EVT-20260504-0038
POL-20260504-0040,EVT-20260504-0036
POL-20260504-0041,EVT-20260504-0040
POL-20260504-0042,EVT-20260504-0009
POL-20260504-0043,EVT-20260504-0048
POL-20260504-0044,EVT-20260503-0007
POL-20260504-0045,EVT-20260504-0037
POL-20260504-0046,EVT-20260504-0046
POL-20260504-0047,EVT-20260502-0009
POL-20260504-0048,EVT-20260504-0012
POL-20260504-0049,EVT-20260504-0053
POL-20260504-0050,EVT-20260504-0049
POL-20260504-0051,EVT-20260504-0035
POL-20260504-0052,EVT-20260504-0048
POL-20260504-0053,EVT-20260504-0037
POL-20260504-0054,EVT-20260504-0042
POL-20260504-0055,EVT-20260504-0007
POL-20260504-0056,EVT-20260504-0006
POL-20260504-0057,EVT-20260504-0003
POL-20260504-0058,EVT-20260504-0033
POL-20260504-0059,EVT-20260504-0048
POL-20260504-0060,EVT-20260504-0028
POL-20260504-0061,EVT-20260504-0028
POL-20260504-0062,EVT-20260504-0022
POL-20260504-0063,EVT-20260504-0029
POL-20260504-0064,EVT-20260504-0043
POL-20260504-0065,EVT-20260504-0051
POL-20260504-0066,EVT-20260504-0014
POL-20260504-0067,EVT-20260504-0032
POL-20260504-0068,EVT-20260504-0018
POL-20260504-0069,EVT-20260504-0054
POL-20260504-0070,EVT-20260504-0002
POL-20260504-0071,EVT-20260504-0006
POL-20260504-0072,EVT-20260504-0041
POL-20260505-0001,EVT-20260504-0031
POL-20260505-0002,EVT-20260505-0041
POL-20260505-0003,EVT-20260505-0007
POL-20260505-0004,EVT-20260504-0015
POL-20260505-0005,EVT-20260504-0039
POL-20260505-0006,EVT-20260505-0021
POL-20260505-0007,EVT-20260504-0008
POL-20260505-0008,EVT-20260505-0008
POL-20260505-0009,EVT-20260505-0008
POL-20260505-0010,EVT-20260504-0034
POL-20260505-0011,EVT-20260505-0034
POL-20260505-0012,EVT-20260504-0037
POL-20260505-0013,EVT-20260505-0004
POL-20260505-0014,EVT-20260504-0045
POL-20260505-0015,EVT-20260504-0025
POL-20260505-0016,EVT-20260505-0040
POL-20260505-0017,EVT-20260505-0006
POL-20260505-0018,EVT-20260504-0053
POL-20260505-0019,EVT-20260504-0053
POL-20260505-0020,EVT-20260504-0040
POL-20260505-0021,EVT-20260505-0008
POL-20260505-0022,EVT-20260505-0023
POL-20260505-0023,EVT-20260504-0047
POL-20260505-0024,EVT-20260503-0042
POL-20260505-0025,EVT-20260505-0041
POL-20260505-0026,EVT-20260505-0042
POL-20260505-0027,EVT-20260505-0039
POL-20260505-0028,EVT-20260505-0002
POL-20260505-0029,EVT-20260505-0012
POL-20260505-0030,EVT-20260505-0023
POL-20260505-0031,EVT-20260505-0038
POL-20260505-0032,EVT-20260501-0041
POL-20260505-0033,EVT-20260505-0032
POL-20260505-0034,EVT-20260505-0017
POL-20260505-0035,EVT-20260504-0017
POL-20260505-0036,EVT-20260505-0009
POL-20260505-0037,EVT-20260505-0002
POL-20260505-0038,EVT-20260503-0042
POL-20260505-0039,EVT-20260505-0027
POL-20260505-0040,EVT-20260504-0026
POL-20260505-0041,EVT-20260505-0020
POL-20260505-0042,EVT-20260505-0013
POL-20260505-0043,EVT-20260505-0022
POL-20260505-0044,EVT-20260505-0039
POL-20260505-0045,EVT-20260505-0035
POL-20260505-0046,EVT-20260505-0011
POL-20260505-0047,EVT-20260505-0033
POL-20260505-0048,EVT-20260505-0002
POL-20260505-0049,EVT-20260505-0037
POL-20260505-0050,EVT-20260505-0026
POL-20260505-0051,EVT-20260505-0016
POL-20260505-0052,EVT-20260504-0042
POL-20260505-0053,EVT-20260505-0010
POL-20260505-0054,EVT-20260505-0026
POL-20260505-0055,EVT-20260505-0014
POL-20260505-0056,EVT-20260505-0019
POL-20260505-0057,EVT-20260505-0043
POL-20260505-0058,EVT-20260505-0036
POL-20260505-0059,EVT-20260505-0001
POL-20260505-0060,EVT-20260505-0020
POL-20260506-0001,EVT-20260506-0010
POL-20260506-0002,EVT-20260506-0048
POL-20260506-0003,EVT-20260505-0024
POL-20260506-0004,EVT-20260505-0025
POL-20260506-0005,EVT-20260505-0015
POL-20260506-0006,EVT-20260506-0025
POL-20260506-0007,EVT-20260506-0004
POL-20260506-0008,EVT-20260506-0048
POL-20260506-0009,EVT-20260505-0010
POL-20260506-0010,EVT-20260506-0033
POL-20260506-0011,EVT-20260506-0044
POL-20260506-0012,EVT-20260506-0004
POL-20260506-0013,EVT-20260506-0033
POL-20260506-0014,EVT-20260506-0030
POL-20260506-0015,EVT-20260506-0017
POL-20260506-0016,EVT-20260506-0007
POL-20260506-0017,EVT-20260506-0016
POL-20260506-0018,EVT-20260505-0020
POL-20260506-0019,EVT-20260506-0004
POL-20260506-0020,EVT-20260506-0016
POL-20260506-0021,EVT-20260506-0002
POL-20260506-0022,EVT-20260506-0008
POL-20260506-0023,EVT-20260506-0015
POL-20260506-0024,EVT-20260506-0011
POL-20260506-0025,EVT-20260505-0008
POL-20260506-0026,EVT-20260505-0030
POL-20260506-0027,EVT-20260505-0029
POL-20260506-0028,EVT-20260505-0029
POL-20260506-0029,EVT-20260506-0028
POL-20260506-0030,EVT-20260506-0040
POL-20260506-0031,EVT-20260506-0014
POL-20260506-0032,EVT-20260506-0039
POL-20260506-0033,EVT-20260505-0028
POL-20260506-0034,EVT-20260506-0015
POL-20260506-0035,EVT-20260506-0020
POL-20260506-0036,EVT-20260505-0031
POL-20260506-0037,EVT-20260506-0037
POL-20260506-0038,EVT-20260504-0004
POL-20260506-0039,EVT-20260506-0012
POL-20260506-0040,EVT-20260505-0003
POL-20260506-0041,EVT-20260506-0024
POL-20260506-0042,EVT-20260506-0013
POL-20260506-0043,EVT-20260506-0033
POL-20260506-0044,EVT-20260506-0035
POL-20260506-0045,EVT-20260506-0034
POL-20260506-0046,EVT-20260506-0033
POL-20260506-0047,EVT-20260506-0045
POL-20260506-0048,EVT-20260506-0045
POL-20260506-0049,EVT-20260506-0023
POL-20260506-0050,EVT-20260506-0018
POL-20260506-0051,EVT-20260506-0027
POL-20260506-0052,EVT-20260506-0046
POL-20260506-0053,EVT-20260505-0018
POL-20260506-0054,EVT-20260506-0042
POL-20260506-0055,EVT-20260506-0038
POL-20260506-0056,EVT-20260506-0022
POL-20260506-0057,EVT-20260506-0016
POL-20260506-0058,EVT-20260504-0027
POL-20260506-0059,EVT-20260506-0036
POL-20260506-0060,EVT-20260506-0031
POL-20260506-0061,EVT-20260506-0043
POL-20260506-0062,EVT-20260506-0019
POL-20260506-0063,EVT-20260506-0009
POL-20260506-0064,EVT-20260506-0035
POL-20260507-0001,EVT-20260506-0041
POL-20260507-0002,EVT-20260507-0026
POL-20260507-0003,EVT-20260506-0026
POL-20260507-0004,EVT-20260505-0005
POL-20260507-0005,EVT-20260506-0003
POL-20260507-0006,EVT-20260507-0051
POL-20260507-0007,EVT-20260506-0027
POL-20260507-0008,EVT-20260507-0007
POL-20260507-0009,EVT-20260506-0005
POL-20260507-0010,EVT-20260506-0032
POL-20260507-0011,EVT-20260506-0045
POL-20260507-0012,EVT-20260506-0019
POL-20260507-0013,EVT-20260506-0047
POL-20260507-0014,EVT-20260506-0021
POL-20260507-0015,EVT-20260507-0038
POL-20260507-0016,EVT-20260506-0009
POL-20260507-0017,EVT-20260502-0005
POL-20260507-0018,EVT-20260506-0045
POL-20260507-0019,EVT-20260506-0021
POL-20260507-0020,EVT-20260507-0039
POL-20260507-0021,EVT-20260507-0009
POL-20260507-0022,EVT-20260507-0009
POL-20260507-0023,EVT-20260506-0038
POL-20260507-0024,EVT-20260507-0027
POL-20260507-0025,EVT-20260507-0012
POL-20260507-0026,EVT-20260506-0013
POL-20260507-0027,EVT-20260507-0008
POL-20260507-0028,EVT-20260506-0032
POL-20260507-0029,EVT-20260507-0050
POL-20260507-0030,EVT-20260506-0027
POL-20260507-0031,EVT-20260507-0018
POL-20260507-0032,EVT-20260507-0039
POL-20260507-0033,EVT-20260507-0016
POL-20260507-0034,EVT-20260507-0046
POL-20260507-0035,EVT-20260507-0003
POL-20260507-0036,EVT-20260507-0001
POL-20260507-0037,EVT-20260506-0006
POL-20260507-0038,EVT-20260506-0005
POL-20260507-0039,EVT-20260507-0034
POL-20260507-0040,EVT-20260507-0050
POL-20260507-0041,EVT-20260507-0029
POL-20260507-0042,EVT-20260507-0040
POL-20260507-0043,EVT-20260507-0006
POL-20260507-0044,EVT-20260507-0022
POL-20260507-0045,EVT-20260507-0021
POL-20260507-0046,EVT-20260507-0020
POL-20260507-0047,EVT-20260507-0015
POL-20260507-0048,EVT-20260507-0013
POL-20260507-0049,EVT-20260507-0013
POL-20260507-0050,EVT-20260507-0049
POL-20260507-0051,EVT-20260507-0047
POL-20260507-0052,EVT-20260507-0032
POL-20260507-0053,EVT-20260507-0035
POL-20260507-0054,EVT-20260506-0046
POL-20260507-0055,EVT-20260506-0001
POL-20260507-0056,EVT-20260507-0037
POL-20260507-0057,EVT-20260507-0041
POL-20260507-0058,EVT-20260507-0025
POL-20260507-0059,EVT-20260507-0024
POL-20260507-0060,EVT-20260507-0005
POL-20260507-0061,EVT-20260507-0049
POL-20260507-0062,EVT-20260507-0030
POL-20260507-0063,EVT-20260507-0045
POL-20260507-0064,EVT-20260507-0019
POL-20260507-0065,EVT-20260507-0043
POL-20260507-0066,EVT-20260507-0036
POL-20260507-0067,EVT-20260507-0014
POL-20260507-0068,EVT-20260507-0028
POL-20260508-0001,EVT-20260507-0041
POL-20260508-0002,EVT-20260508-0053
POL-20260508-0003,EVT-20260508-0001
POL-20260508-0004,EVT-20260508-0020
POL-20260508-0005,EVT-20260508-0046
POL-20260508-0006,EVT-20260506-0005
POL-20260508-0007,EVT-20260507-0050
POL-20260508-0008,EVT-20260508-0048
POL-20260508-0009,EVT-20260507-0011
POL-20260508-0010,EVT-20260508-0053
POL-20260508-0011,EVT-20260508-0019
POL-20260508-0012,EVT-20260507-0043
POL-20260508-0013,EVT-20260508-0054
POL-20260508-0014,EVT-20260507-0043
POL-20260508-0015,EVT-20260507-0019
POL-20260508-0016,EVT-20260507-0041
POL-20260508-0017,EVT-20260508-0029
POL-20260508-0018,EVT-20260508-0023
POL-20260508-0019,EVT-20260508-0039
POL-20260508-0020,EVT-20260508-0044
POL-20260508-0021,EVT-20260508-0048
POL-20260508-0022,EVT-20260508-0061
POL-20260508-0023,EVT-20260508-0050
POL-20260508-0024,EVT-20260508-0024
POL-20260508-0025,EVT-20260507-0025
POL-20260508-0026,EVT-20260507-0036
POL-20260508-0027,EVT-20260508-0011
POL-20260508-0028,EVT-20260508-0016
POL-20260508-0029,EVT-20260508-0006
POL-20260508-0030,EVT-20260508-0041
POL-20260508-0031,EVT-20260508-0057
POL-20260508-0032,EVT-20260508-0004
POL-20260508-0033,EVT-20260507-0017
POL-20260508-0034,EVT-20260508-0036
POL-20260508-0035,EVT-20260507-0002
POL-20260508-0036,EVT-20260508-0019
POL-20260508-0037,EVT-20260508-0034
POL-20260508-0038,EVT-20260508-0022
POL-20260508-0039,EVT-20260508-0051
POL-20260508-0040,EVT-20260508-0053
POL-20260508-0041,EVT-20260506-0029
POL-20260508-0042,EVT-20260508-0013
POL-20260508-0043,EVT-20260507-0031
POL-20260508-0044,EVT-20260508-0028
POL-20260508-0045,EVT-20260507-0048
POL-20260508-0046,EVT-20260508-0047
POL-20260508-0047,EVT-20260508-0015
POL-20260508-0048,EVT-20260508-0040
POL-20260508-0049,EVT-20260508-0010
POL-20260508-0050,EVT-20260507-0033
POL-20260508-0051,EVT-20260508-0005
POL-20260508-0052,EVT-20260508-0012
POL-20260508-0053,EVT-20260507-0010
POL-20260508-0054,EVT-20260508-0032
POL-20260508-0055,EVT-20260508-0045
POL-20260508-0056,EVT-20260508-0021
POL-20260508-0057,EVT-20260508-0017
POL-20260508-0058,EVT-20260508-0045
POL-20260508-0059,EVT-20260508-0045
POL-20260508-0060,EVT-20260507-0023
POL-20260508-0061,EVT-20260507-0042
POL-20260508-0062,EVT-20260507-0011
POL-20260508-0063,EVT-20260507-0010
POL-20260508-0064,EVT-20260508-0030
POL-20260508-0065,EVT-20260507-0036
POL-20260508-0066,EVT-20260508-0027
POL-20260508-0067,EVT-20260507-0044
POL-20260508-0068,EVT-20260508-0030
POL-20260508-0069,EVT-20260507-0010
POL-20260508-0070,EVT-20260508-0055
POL-20260508-0071,EVT-20260508-0033
POL-20260508-0072,EVT-20260508-0060
POL-20260508-0073,EVT-20260508-0042
POL-20260508-0074,EVT-20260508-0007
POL-20260508-0075,EVT-20260508-0059
POL-20260508-0076,EVT-20260508-0058
POL-20260508-0077,EVT-20260508-0014
POL-20260508-0078,EVT-20260508-0038
POL-20260508-0079,EVT-20260508-0002
POL-20260508-0080,EVT-20260508-0035
POL-20260508-0081,EVT-20260508-0018
POL-20260508-0082,EVT-20260508-0021
POL-20260508-0083,EVT-20260508-0037
POL-20260509-0001,EVT-20260508-0043
POL-20260509-0002,EVT-20260508-0056
POL-20260509-0003,EVT-20260508-0059
POL-20260509-0004,EVT-20260508-0043
POL-20260509-0005,EVT-20260509-0044
POL-20260509-0006,EVT-20260509-0001
POL-20260509-0007,EVT-20260509-0043
POL-20260509-0008,EVT-20260508-0009
POL-20260509-0009,EVT-20260509-0038
POL-20260509-0010,EVT-20260508-0025
POL-20260509-0011,EVT-20260508-0056
POL-20260509-0012,EVT-20260508-0030
POL-20260509-0013,EVT-20260507-0002
POL-20260509-0014,EVT-20260508-0052
POL-20260509-0015,EVT-20260509-0028
POL-20260509-0016,EVT-20260509-0020
POL-20260509-0017,EVT-20260508-0049
POL-20260509-0018,EVT-20260509-0037
POL-20260509-0019,EVT-20260509-0010
POL-20260509-0020,EVT-20260509-0045
POL-20260509-0021,EVT-20260509-0011
POL-20260509-0022,EVT-20260509-0003
POL-20260509-0023,EVT-20260508-0059
POL-20260509-0024,EVT-20260508-0026
POL-20260509-0025,EVT-20260508-0052
POL-20260509-0026,EVT-20260508-0056
POL-20260509-0027,EVT-20260509-0025
POL-20260509-0028,EVT-20260509-0011
POL-20260509-0029,EVT-20260508-0056
POL-20260509-0030,EVT-20260507-0004
POL-20260509-0031,EVT-20260509-0042
POL-20260509-0032,EVT-20260509-0045
POL-20260509-0033,EVT-20260509-0009
POL-20260509-0034,EVT-20260509-0005
POL-20260509-0035,EVT-20260509-0011
POL-20260509-0036,EVT-20260509-0026
POL-20260509-0037,EVT-20260509-0026
POL-20260509-0038,EVT-20260509-0053
POL-20260509-0039,EVT-20260509-0024
POL-20260509-0040,EVT-20260509-0046
POL-20260509-0041,EVT-20260509-0041
POL-20260509-0042,EVT-20260508-0035
POL-20260509-0043,EVT-20260509-0026
POL-20260509-0044,EVT-20260509-0033
POL-20260509-0045,EVT-20260509-0012
POL-20260509-0046,EVT-20260509-0047
POL-20260509-0047,EVT-20260509-0023
POL-20260509-0048,EVT-20260509-0040
POL-20260509-0049,EVT-20260509-0025
POL-20260509-0050,EVT-20260509-0049
POL-20260509-0051,EVT-20260509-0051
POL-20260509-0052,EVT-20260509-0027
POL-20260509-0053,EVT-20260509-0039
POL-20260509-0054,EVT-20260509-0052
POL-20260509-0055,EVT-20260509-0032
POL-20260509-0056,EVT-20260509-0002
POL-20260509-0057,EVT-20260509-0021
POL-20260509-0058,EVT-20260509-0016
POL-20260509-0059,EVT-20260509-0016
POL-20260509-0060,EVT-20260509-0022
POL-20260509-0061,EVT-20260509-0013
POL-20260509-0062,EVT-20260509-0009
POL-20260509-0063,EVT-20260509-0030
POL-20260509-0064,EVT-20260509-0011
POL-20260509-0065,EVT-20260509-0019
POL-20260509-0066,EVT-20260509-0027
POL-20260509-0067,EVT-20260509-0018
POL-20260509-0068,EVT-20260509-0039
POL-20260509-0069,EVT-20260509-0007
POL-20260509-0070,EVT-20260508-0052
POL-20260509-0071,EVT-20260508-0008
POL-20260509-0072,EVT-20260509-0052
POL-20260509-0073,EVT-20260509-0006
POL-20260509-0074,EVT-20260509-0027
POL-20260509-0075,EVT-20260509-0034
POL-20260510-0001,EVT-20260509-0006
POL-20260510-0002,EVT-20260509-0008
POL-20260510-0003,EVT-20260509-0031
POL-20260510-0004,EVT-20260509-0016
POL-20260510-0005,EVT-20260509-0013
POL-20260510-0006,EVT-20260510-0037
POL-20260510-0007,EVT-20260510-0019
POL-20260510-0008,EVT-20260509-0014
POL-20260510-0009,EVT-20260510-0031
POL-20260510-0010,EVT-20260509-0029
POL-20260510-0011,EVT-20260509-0004
POL-20260510-0012,EVT-20260509-0004
POL-20260510-0013,EVT-20260509-0049
POL-20260510-0014,EVT-20260509-0006
POL-20260510-0015,EVT-20260509-0012
POL-20260510-0016,EVT-20260509-0012
POL-20260510-0017,EVT-20260509-0016
POL-20260510-0018,EVT-20260510-0032
POL-20260510-0019,EVT-20260510-0012
POL-20260510-0020,EVT-20260509-0035
POL-20260510-0021,EVT-20260510-0029
POL-20260510-0022,EVT-20260510-0050
POL-20260510-0023,EVT-20260510-0019
POL-20260510-0024,EVT-20260509-0050
POL-20260510-0025,EVT-20260510-0037
POL-20260510-0026,EVT-20260510-0044
POL-20260510-0027,EVT-20260509-0015
POL-20260510-0028,EVT-20260510-0051
POL-20260510-0029,EVT-20260510-0009
POL-20260510-0030,EVT-20260509-0022
POL-20260510-0031,EVT-20260509-0040
POL-20260510-0032,EVT-20260509-0024
POL-20260510-0033,EVT-20260510-0030
POL-20260510-0034,EVT-20260510-0043
POL-20260510-0035,EVT-20260510-0027
POL-20260510-0036,EVT-20260510-0005
POL-20260510-0037,EVT-20260510-0026
POL-20260510-0038,EVT-20260510-0013
POL-20260510-0039,EVT-20260510-0001
POL-20260510-0040,EVT-20260510-0015
POL-20260510-0041,EVT-20260510-0002
POL-20260510-0042,EVT-20260510-0020
POL-20260510-0043,EVT-20260510-0003
POL-20260510-0044,EVT-20260510-0008
POL-20260510-0045,EVT-20260510-0024
POL-20260510-0046,EVT-20260510-0040
POL-20260510-0047,EVT-20260510-0004
POL-20260510-0048,EVT-20260510-0021
POL-20260510-0049,EVT-20260510-0010
POL-20260510-0050,EVT-20260510-0051
POL-20260510-0051,EVT-20260510-0016
POL-20260510-0052,EVT-20260510-0025
POL-20260510-0053,EVT-20260510-0028
POL-20260510-0054,EVT-20260510-0041
POL-20260510-0055,EVT-20260510-0014
POL-20260510-0056,EVT-20260510-0038
POL-20260510-0057,EVT-20260510-0017
POL-20260510-0058,EVT-20260510-0038
POL-20260510-0059,EVT-20260510-0044
POL-20260510-0060,EVT-20260510-0034
POL-20260510-0061,EVT-20260510-0008
POL-20260510-0062,EVT-20260510-0033
POL-20260510-0063,EVT-20260509-0005
POL-20260510-0064,EVT-20260509-0036
POL-20260510-0065,EVT-20260509-0048
POL-20260511-0001,EVT-20260508-0031
POL-20260511-0002,EVT-20260510-0042
POL-20260511-0003,EVT-20260510-0007
POL-20260511-0004,EVT-20260510-0045
POL-20260511-0005,EVT-20260511-0011
POL-20260511-0006,EVT-20260511-0019
POL-20260511-0007,EVT-20260508-0031
POL-20260511-0008,EVT-20260510-0049
POL-20260511-0009,EVT-20260509-0017
POL-20260511-0010,EVT-20260511-0039
POL-20260511-0011,EVT-20260511-0019
POL-20260511-0012,EVT-20260510-0046
POL-20260511-0013,EVT-20260510-0038
POL-20260511-0014,EVT-20260510-0023
POL-20260511-0015,EVT-20260510-0008
POL-20260511-0016,EVT-20260511-0018
POL-20260511-0017,EVT-20260510-0035
POL-20260511-0018,EVT-20260511-0020
POL-20260511-0019,EVT-20260511-0019
POL-20260511-0020,EVT-20260510-0018
POL-20260511-0021,EVT-20260510-0038
POL-20260511-0022,EVT-20260510-0048
POL-20260511-0023,EVT-20260511-0025
POL-20260511-0024,EVT-20260510-0006
POL-20260511-0025,EVT-20260510-0022
POL-20260511-0026,EVT-20260511-0016
POL-20260511-0027,EVT-20260511-0036
POL-20260511-0028,EVT-20260511-0007
POL-20260511-0029,EVT-20260510-0011
POL-20260511-0030,EVT-20260510-0026
POL-20260511-0031,EVT-20260511-0026
POL-20260511-0032,EVT-20260509-0012
POL-20260511-0033,EVT-20260511-0037
POL-20260511-0034,EVT-20260511-0011
POL-20260511-0035,EVT-20260511-0003
POL-20260511-0036,EVT-20260511-0013
POL-20260511-0037,EVT-20260511-0032
POL-20260511-0038,EVT-20260511-0039
POL-20260511-0039,EVT-20260510-0007
POL-20260511-0040,EVT-20260511-0015
POL-20260511-0041,EVT-20260511-0013
POL-20260511-0042,EVT-20260511-0031
POL-20260511-0043,EVT-20260511-0032
POL-20260511-0044,EVT-20260511-0031
POL-20260511-0045,EVT-20260511-0008
POL-20260511-0046,EVT-20260511-0028
POL-20260511-0047,EVT-20260511-0035
POL-20260511-0048,EVT-20260511-0039
POL-20260511-0049,EVT-20260511-0032
POL-20260511-0050,EVT-20260511-0006
POL-20260511-0051,EVT-20260511-0022
POL-20260511-0052,EVT-20260511-0023
POL-20260511-0053,EVT-20260511-0029
POL-20260511-0054,EVT-20260511-0002
POL-20260511-0055,EVT-20260511-0027
POL-20260511-0056,EVT-20260511-0005
POL-20260511-0057,EVT-20260511-0038
POL-20260511-0058,EVT-20260511-0012
POL-20260511-0059,EVT-20260511-0010
POL-20260511-0060,EVT-20260511-0004
POL-20260511-0061,EVT-20260511-0021
POL-20260511-0062,EVT-20260510-0036
POL-20260511-0063,EVT-20260511-0009
POL-20260511-0064,EVT-20260511-0030
POL-20260512-0001,EVT-20260512-0027
POL-20260512-0002,EVT-20260511-0014
POL-20260512-0003,EVT-20260510-0047
POL-20260512-0004,EVT-20260512-0001
POL-20260512-0005,EVT-20260511-0001
POL-20260512-0006,EVT-20260512-0017
POL-20260512-0007,EVT-20260512-0013
POL-20260512-0008,EVT-20260512-0025
POL-20260512-0009,EVT-20260512-0025
POL-20260512-0010,EVT-20260511-0017
POL-20260512-0011,EVT-20260512-0033
POL-20260512-0012,EVT-20260512-0013
POL-20260512-0013,EVT-20260512-0004
POL-20260512-0014,EVT-20260511-0031
POL-20260512-0015,EVT-20260512-0013
POL-20260512-0016,EVT-20260511-0031
POL-20260512-0017,EVT-20260512-0036
POL-20260512-0018,EVT-20260511-0034
POL-20260512-0019,EVT-20260511-0009
POL-20260512-0020,EVT-20260512-0002
POL-20260512-0021,EVT-20260512-0026
POL-20260512-0022,EVT-20260508-0003
POL-20260512-0023,EVT-20260511-0033
POL-20260512-0024,EVT-20260512-0036
POL-20260512-0025,EVT-20260512-0039
POL-20260512-0026,EVT-20260512-0025
POL-20260512-0027,EVT-20260512-0041
POL-20260512-0028,EVT-20260512-0012
POL-20260512-0029,EVT-20260512-0037
POL-20260512-0030,EVT-20260512-0021
POL-20260512-0031,EVT-20260512-0043
POL-20260512-0032,EVT-20260512-0006
POL-20260512-0033,EVT-20260512-0008
POL-20260512-0034,EVT-20260512-0041
POL-20260512-0035,EVT-20260512-0003
POL-20260512-0036,EVT-20260510-0039
POL-20260512-0037,EVT-20260512-0007
POL-20260512-0038,EVT-20260512-0019
POL-20260512-0039,EVT-20260512-0040
POL-20260512-0040,EVT-20260512-0032
POL-20260512-0041,EVT-20260512-0010
POL-20260512-0042,EVT-20260511-0010
POL-20260512-0043,EVT-20260511-0024
POL-20260512-0044,EVT-20260512-0035
POL-20260512-0045,EVT-20260512-0016
POL-20260512-0046,EVT-20260512-0022
POL-20260512-0047,EVT-20260512-0042
POL-20260512-0048,EVT-20260512-0038
POL-20260512-0049,EVT-20260512-0031
POL-20260512-0050,EVT-20260512-0009
POL-20260512-0051,EVT-20260512-0020
POL-20260512-0052,EVT-20260512-0005
POL-20260512-0053,EVT-20260512-0028
POL-20260512-0054,EVT-20260512-0034
POL-20260513-0001,EVT-20260511-0033
POL-20260513-0002,EVT-20260512-0044
POL-20260513-0003,EVT-20260513-0037
POL-20260513-0004,EVT-20260512-0025
POL-20260513-0005,EVT-20260512-0023
POL-20260513-0006,EVT-20260513-0020
POL-20260513-0007,EVT-20260513-0016
POL-20260513-0008,EVT-20260513-0012
POL-20260513-0009,EVT-20260512-0020
POL-20260513-0010,EVT-20260513-0026
POL-20260513-0011,EVT-20260512-0018
POL-20260513-0012,EVT-20260513-0006
POL-20260513-0013,EVT-20260513-0034
POL-20260513-0014,EVT-20260512-0023
POL-20260513-0015,EVT-20260513-0043
POL-20260513-0016,EVT-20260513-0032
POL-20260513-0017,EVT-20260513-0036
POL-20260513-0018,EVT-20260513-0020
POL-20260513-0019,EVT-20260512-0014
POL-20260513-0020,EVT-20260513-0045
POL-20260513-0021,EVT-20260511-0040
POL-20260513-0022,EVT-20260512-0030
POL-20260513-0023,EVT-20260513-0045
POL-20260513-0024,EVT-20260513-0045
POL-20260513-0025,EVT-20260513-0001
POL-20260513-0026,EVT-20260513-0020
POL-20260513-0027,EVT-20260513-0005
POL-20260513-0028,EVT-20260513-0020
POL-20260513-0029,EVT-20260513-0001
POL-20260513-0030,EVT-20260513-0045
POL-20260513-0031,EVT-20260513-0015
POL-20260513-0032,EVT-20260513-0028
POL-20260513-0033,EVT-20260513-0030
POL-20260513-0034,EVT-20260512-0011
POL-20260513-0035,EVT-20260513-0032
POL-20260513-0036,EVT-20260513-0007
POL-20260513-0037,EVT-20260513-0009
POL-20260513-0038,EVT-20260513-0019
POL-20260513-0039,EVT-20260513-0029
POL-20260513-0040,EVT-20260513-0023
POL-20260513-0041,EVT-20260513-0008
POL-20260513-0042,EVT-20260513-0044
POL-20260513-0043,EVT-20260513-0024
POL-20260513-0044,EVT-20260513-0025
POL-20260513-0045,EVT-20260513-0013
POL-20260513-0046,EVT-20260513-0013
POL-20260513-0047,EVT-20260513-0010
POL-20260513-0048,EVT-20260513-0040
POL-20260513-0049,EVT-20260513-0018
POL-20260513-0050,EVT-20260513-0021
POL-20260513-0051,EVT-20260512-0024
POL-20260513-0052,EVT-20260513-0023
POL-20260513-0053,EVT-20260513-0017
POL-20260513-0054,EVT-20260513-0039
POL-20260513-0055,EVT-20260513-0004
POL-20260513-0056,EVT-20260513-0008
POL-20260513-0057,EVT-20260513-0042
POL-20260513-0058,EVT-20260513-0022
POL-20260514-0001,EVT-20260514-0005
POL-20260514-0002,EVT-20260514-0010
POL-20260514-0003,EVT-20260513-0022
POL-20260514-0004,EVT-20260514-0036
POL-20260514-0005,EVT-20260513-0026
POL-20260514-0006,EVT-20260514-0044
POL-20260514-0007,EVT-20260513-0008
POL-20260514-0008,EVT-20260513-0031
POL-20260514-0009,EVT-20260513-0035
POL-20260514-0010,EVT-20260512-0016
POL-20260514-0011,EVT-20260514-0051
POL-20260514-0012,EVT-20260514-0055
POL-20260514-0013,EVT-20260514-0039
POL-20260514-0014,EVT-20260514-0054
POL-20260514-0015,EVT-20260514-0060
POL-20260514-0016,EVT-20260513-0041
POL-20260514-0017,EVT-20260514-0020
POL-20260514-0018,EVT-20260514-0022
POL-20260514-0019,EVT-20260514-0057
POL-20260514-0020,EVT-20260514-0057
POL-20260514-0021,EVT-20260514-0056
POL-20260514-0022,EVT-20260513-0033
POL-20260514-0023,EVT-20260513-0014
POL-20260514-0024,EVT-20260513-0003
POL-20260514-0025,EVT-20260514-0061
POL-20260514-0026,EVT-20260514-0063
POL-20260514-0027,EVT-20260514-0003
POL-20260514-0028,EVT-20260513-0011
POL-20260514-0029,EVT-20260514-0061
POL-20260514-0030,EVT-20260514-0058
POL-20260514-0031,EVT-20260512-0029
POL-20260514-0032,EVT-20260514-0035
POL-20260514-0033,EVT-20260514-0004
POL-20260514-0034,EVT-20260514-0030
POL-20260514-0035,EVT-20260514-0045
POL-20260514-0036,EVT-20260513-0003
POL-20260514-0037,EVT-20260514-0019
POL-20260514-0038,EVT-20260514-0001
POL-20260514-0039,EVT-20260513-0046
POL-20260514-0040,EVT-20260514-0003
POL-20260514-0041,EVT-20260514-0061
POL-20260514-0042,EVT-20260514-0062
POL-20260514-0043,EVT-20260514-0055
POL-20260514-0044,EVT-20260514-0061
POL-20260514-0045,EVT-20260514-0032
POL-20260514-0046,EVT-20260514-0042
POL-20260514-0047,EVT-20260514-0049
POL-20260514-0048,EVT-20260514-0013
POL-20260514-0049,EVT-20260514-0041
POL-20260514-0050,EVT-20260514-0015
POL-20260514-0051,EVT-20260513-0038
POL-20260514-0052,EVT-20260514-0024
POL-20260514-0053,EVT-20260512-0015
POL-20260514-0054,EVT-20260513-0027
POL-20260514-0055,EVT-20260514-0002
POL-20260514-0056,EVT-20260514-0060
POL-20260514-0057,EVT-20260514-0054
POL-20260514-0058,EVT-20260514-0034
POL-20260514-0059,EVT-20260514-0053
POL-20260514-0060,EVT-20260514-0013
POL-20260514-0061,EVT-20260514-0028
POL-20260514-0062,EVT-20260514-0065
POL-20260514-0063,EVT-20260514-0012
POL-20260514-0064,EVT-20260514-0062
POL-20260514-0065,EVT-20260514-0018
POL-20260514-0066,EVT-20260514-0043
POL-20260514-0067,EVT-20260514-0064
POL-20260514-0068,EVT-20260514-0027
POL-20260514-0069,EVT-20260514-0007
POL-20260514-0070,EVT-20260513-0019
POL-20260514-0071,EVT-20260514-0062
POL-20260514-0072,EVT-20260514-0019
POL-20260514-0073,EVT-20260514-0017
POL-20260514-0074,EVT-20260513-0041
POL-20260514-0075,EVT-20260514-0050
POL-20260514-0076,EVT-20260514-0025
POL-20260514-0077,EVT-20260514-0046
POL-20260514-0078,EVT-20260514-0004
POL-20260514-0079,EVT-20260514-0048
POL-20260515-0001,EVT-20260514-0026
POL-20260515-0002,EVT-20260515-0017
POL-20260515-0003,EVT-20260514-0021
POL-20260515-0004,EVT-20260515-0017
POL-20260515-0005,EVT-20260514-0021
POL-20260515-0006,EVT-20260515-0039
POL-20260515-0007,EVT-20260514-0047
POL-20260515-0008,EVT-20260515-0039
POL-20260515-0009,EVT-20260515-0009
POL-20260515-0010,EVT-20260515-0024
POL-20260515-0011,EVT-20260514-0064
POL-20260515-0012,EVT-20260515-0038
POL-20260515-0013,EVT-20260514-0040
POL-20260515-0014,EVT-20260515-0039
POL-20260515-0015,EVT-20260514-0019
POL-20260515-0016,EVT-20260514-0029
POL-20260515-0017,EVT-20260514-0029
POL-20260515-0018,EVT-20260515-0015
POL-20260515-0019,EVT-20260514-0006
POL-20260515-0020,EVT-20260514-0027
POL-20260515-0021,EVT-20260514-0033
POL-20260515-0022,EVT-20260514-0057
POL-20260515-0023,EVT-20260514-0031
POL-20260515-0024,EVT-20260514-0016
POL-20260515-0025,EVT-20260515-0015
POL-20260515-0026,EVT-20260514-0059
POL-20260515-0027,EVT-20260515-0019
POL-20260515-0028,EVT-20260514-0023
POL-20260515-0029,EVT-20260514-0018
POL-20260515-0030,EVT-20260514-0011
POL-20260515-0031,EVT-20260515-0027
POL-20260515-0032,EVT-20260514-0018
POL-20260515-0033,EVT-20260515-0041
POL-20260515-0034,EVT-20260514-0014
POL-20260515-0035,EVT-20260515-0039
POL-20260515-0036,EVT-20260514-0009
POL-20260515-0037,EVT-20260514-0009
POL-20260515-0038,EVT-20260515-0034
POL-20260515-0039,EVT-20260515-0015
POL-20260515-0040,EVT-20260515-0042
POL-20260515-0041,EVT-20260515-0011
POL-20260515-0042,EVT-20260515-0042
POL-20260515-0043,EVT-20260514-0021
POL-20260515-0044,EVT-20260515-0029
POL-20260515-0045,EVT-20260514-0057
POL-20260515-0046,EVT-20260514-0066
POL-20260515-0047,EVT-20260515-0010
POL-20260515-0048,EVT-20260515-0034
POL-20260515-0049,EVT-20260515-0023
POL-20260515-0050,EVT-20260515-0011
POL-20260515-0051,EVT-20260515-0031
POL-20260515-0052,EVT-20260514-0012
POL-20260515-0053,EVT-20260515-0034
POL-20260515-0054,EVT-20260515-0020
POL-20260515-0055,EVT-20260515-0001
POL-20260515-0056,EVT-20260515-0002
POL-20260515-0057,EVT-20260515-0003
POL-20260515-0058,EVT-20260515-0026
POL-20260515-0059,EVT-20260515-0037
POL-20260515-0060,EVT-20260515-0022
POL-20260515-0061,EVT-20260515-0002
POL-20260515-0062,EVT-20260515-0026
POL-20260515-0063,EVT-20260515-0007
POL-20260515-0064,EVT-20260515-0007
POL-20260515-0065,EVT-20260515-0008
POL-20260515-0066,EVT-20260515-0026
POL-20260515-0067,EVT-20260513-0002
POL-20260515-0068,EVT-20260515-0032
POL-20260515-0069,EVT-20260515-0004
POL-20260515-0070,EVT-20260515-0008
POL-20260515-0071,EVT-20260515-0016
POL-20260515-0072,EVT-20260515-0006
POL-20260515-0073,EVT-20260515-0035
POL-20260515-0074,EVT-20260515-0018
POL-20260515-0075,EVT-20260515-0023
POL-20260515-0076,EVT-20260515-0013
POL-20260515-0077,EVT-20260515-0033
POL-20260515-0078,EVT-20260515-0028
POL-20260515-0079,EVT-20260515-0033
POL-20260516-0001,EVT-20260515-0005
POL-20260516-0002,EVT-20260515-0040
POL-20260516-0003,EVT-20260516-0011
POL-20260516-0004,EVT-20260515-0030
POL-20260516-0005,EVT-20260515-0014
POL-20260516-0006,EVT-20260516-0032
POL-20260516-0007,EVT-20260516-0027
POL-20260516-0008,EVT-20260516-0004
POL-20260516-0009,EVT-20260516-0016
POL-20260516-0010,EVT-20260514-0008
POL-20260516-0011,EVT-20260516-0024
POL-20260516-0012,EVT-20260516-0014
POL-20260516-0013,EVT-20260516-0017
POL-20260516-0014,EVT-20260515-0036
POL-20260516-0015,EVT-20260516-0002
POL-20260516-0016,EVT-20260515-0002
POL-20260516-0017,EVT-20260515-0021
POL-20260516-0018,EVT-20260516-0014
POL-20260516-0019,EVT-20260516-0046
POL-20260516-0020,EVT-20260516-0004
POL-20260516-0021,EVT-20260516-0012
POL-20260516-0022,EVT-20260516-0014
POL-20260516-0023,EVT-20260516-0038
POL-20260516-0024,EVT-20260514-0037
POL-20260516-0025,EVT-20260516-0055
POL-20260516-0026,EVT-20260515-0025
POL-20260516-0027,EVT-20260515-0002
POL-20260516-0028,EVT-20260515-0007
POL-20260516-0029,EVT-20260514-0052
POL-20260516-0030,EVT-20260515-0012
POL-20260516-0031,EVT-20260515-0014
POL-20260516-0032,EVT-20260516-0038
POL-20260516-0033,EVT-20260516-0051
POL-20260516-0034,EVT-20260516-0007
POL-20260516-0035,EVT-20260516-0029
POL-20260516-0036,EVT-20260516-0031
POL-20260516-0037,EVT-20260515-0033
POL-20260516-0038,EVT-20260516-0041
POL-20260516-0039,EVT-20260516-0031
POL-20260516-0040,EVT-20260516-0020
POL-20260516-0041,EVT-20260516-0022
POL-20260516-0042,EVT-20260516-0038
POL-20260516-0043,EVT-20260516-0044
POL-20260516-0044,EVT-20260516-0028
POL-20260516-0045,EVT-20260516-0013
POL-20260516-0046,EVT-20260516-0008
POL-20260516-0047,EVT-20260516-0044
POL-20260516-0048,EVT-20260516-0040
POL-20260516-0049,EVT-20260514-0029
POL-20260516-0050,EVT-20260516-0039
POL-20260516-0051,EVT-20260516-0010
POL-20260516-0052,EVT-20260516-0005
POL-20260516-0053,EVT-20260516-0018
POL-20260516-0054,EVT-20260516-0009
POL-20260516-0055,EVT-20260514-0052
POL-20260516-0056,EVT-20260516-0044
POL-20260516-0057,EVT-20260516-0045
POL-20260516-0058,EVT-20260516-0021
POL-20260516-0059,EVT-20260516-0030
POL-20260516-0060,EVT-20260516-0031
POL-20260516-0061,EVT-20260515-0043
POL-20260516-0062,EVT-20260516-0033
POL-20260516-0063,EVT-20260516-0054
POL-20260516-0064,EVT-20260516-0015
POL-20260516-0065,EVT-20260516-0029
POL-20260516-0066,EVT-20260516-0050
POL-20260516-0067,EVT-20260516-0053
POL-20260516-0068,EVT-20260516-0003
POL-20260516-0069,EVT-20260516-0052
POL-20260516-0070,EVT-20260516-0038
POL-20260516-0071,EVT-20260516-0019
POL-20260516-0072,EVT-20260516-0024
POL-20260516-0073,EVT-20260516-0044
POL-20260516-0074,EVT-20260516-0045
POL-20260516-0075,EVT-20260516-0037
POL-20260516-0076,EVT-20260516-0023
POL-20260516-0077,EVT-20260516-0035
POL-20260516-0078,EVT-20260516-0047
POL-20260516-0079,EVT-20260516-0026
POL-20260516-0080,EVT-20260516-0013
POL-20260516-0081,EVT-20260516-0049
POL-20260517-0001,EVT-20260515-0006
POL-20260517-0002,EVT-20260517-0001
POL-20260517-0003,EVT-20260517-0008
POL-20260517-0004,EVT-20260516-0008
POL-20260517-0005,EVT-20260516-0036
POL-20260517-0006,EVT-20260517-0021
POL-20260517-0007,EVT-20260517-0018
POL-20260517-0008,EVT-20260516-0006
POL-20260517-0009,EVT-20260517-0006
POL-20260517-0010,EVT-20260517-0009
POL-20260517-0011,EVT-20260516-0034
POL-20260517-0012,EVT-20260516-0025
POL-20260517-0013,EVT-20260517-0036
POL-20260517-0014,EVT-20260515-0023
POL-20260517-0015,EVT-20260517-0030
POL-20260517-0016,EVT-20260516-0043
POL-20260517-0017,EVT-20260517-0003
POL-20260517-0018,EVT-20260516-0042
POL-20260517-0019,EVT-20260517-0044
POL-20260517-0020,EVT-20260517-0031
POL-20260517-0021,EVT-20260516-0049
POL-20260517-0022,EVT-20260517-0012
POL-20260517-0023,EVT-20260517-0002
POL-20260517-0024,EVT-20260517-0044
POL-20260517-0025,EVT-20260517-0004
POL-20260517-0026,EVT-20260516-0048
POL-20260517-0027,EVT-20260517-0041
POL-20260517-0028,EVT-20260517-0024
POL-20260517-0029,EVT-20260517-0026
POL-20260517-0030,EVT-20260516-0001
POL-20260517-0031,EVT-20260517-0034
POL-20260517-0032,EVT-20260517-0037
POL-20260517-0033,EVT-20260517-0033
POL-20260517-0034,EVT-20260517-0015
POL-20260517-0035,EVT-20260517-0038
POL-20260517-0036,EVT-20260517-0014
POL-20260517-0037,EVT-20260517-0029
POL-20260517-0038,EVT-20260517-0025
POL-20260517-0039,EVT-20260517-0016
POL-20260517-0040,EVT-20260517-0023
POL-20260517-0041,EVT-20260517-0039
POL-20260517-0042,EVT-20260517-0007
POL-20260517-0043,EVT-20260517-0010
POL-20260517-0044,EVT-20260517-0003
POL-20260517-0045,EVT-20260517-0042
POL-20260517-0046,EVT-20260517-0033
POL-20260517-0047,EVT-20260517-0028
POL-20260517-0048,EVT-20260517-0013
POL-20260517-0049,EVT-20260516-0049
POL-20260517-0050,EVT-20260517-0035
POL-20260517-0051,EVT-20260517-0011
POL-20260518-0001,EVT-20260518-0009
POL-20260518-0002,EVT-20260518-0046
POL-20260518-0003,EVT-20260517-0044
POL-20260518-0004,EVT-20260517-0005
POL-20260518-0005,EVT-20260518-0050
POL-20260518-0006,EVT-20260517-0027
POL-20260518-0007,EVT-20260518-0024
POL-20260518-0008,EVT-20260518-0024
POL-20260518-0009,EVT-20260517-0043
POL-20260518-0010,EVT-20260518-0008
POL-20260518-0011,EVT-20260518-0007
POL-20260518-0012,EVT-20260517-0016
POL-20260518-0013,EVT-20260518-0029
POL-20260518-0014,EVT-20260518-0008
POL-20260518-0015,EVT-20260518-0029
POL-20260518-0016,EVT-20260518-0024
POL-20260518-0017,EVT-20260518-0011
POL-20260518-0018,EVT-20260518-0010
POL-20260518-0019,EVT-20260518-0030
POL-20260518-0020,EVT-20260517-0036
POL-20260518-0021,EVT-20260518-0038
POL-20260518-0022,EVT-20260518-0016
POL-20260518-0023,EVT-20260518-0012
POL-20260518-0024,EVT-20260518-0004
POL-20260518-0025,EVT-20260517-0040
POL-20260518-0026,EVT-20260517-0020
POL-20260518-0027,EVT-20260517-0017
POL-20260518-0028,EVT-20260518-0028
POL-20260518-0029,EVT-20260517-0019
POL-20260518-0030,EVT-20260518-0014
POL-20260518-0031,EVT-20260518-0003
POL-20260518-0032,EVT-20260518-0006
POL-20260518-0033,EVT-20260518-0045
POL-20260518-0034,EVT-20260518-0008
POL-20260518-0035,EVT-20260518-0027
POL-20260518-0036,EVT-20260518-0007
POL-20260518-0037,EVT-20260518-0009
POL-20260518-0038,EVT-20260518-0025
POL-20260518-0039,EVT-20260518-0048
POL-20260518-0040,EVT-20260518-0036
POL-20260518-0041,EVT-20260518-0022
POL-20260518-0042,EVT-20260518-0017
POL-20260518-0043,EVT-20260518-0033
POL-20260518-0044,EVT-20260518-0032
POL-20260518-0045,EVT-20260518-0006
POL-20260518-0046,EVT-20260518-0031
POL-20260518-0047,EVT-20260518-0005
POL-20260518-0048,EVT-20260518-0008
POL-20260518-0049,EVT-20260518-0023
POL-20260518-0050,EVT-20260518-0006
POL-20260518-0051,EVT-20260518-0019
POL-20260518-0052,EVT-20260518-0043
POL-20260518-0053,EVT-20260518-0020
POL-20260518-0054,EVT-20260518-0015
POL-20260518-0055,EVT-20260518-0035
POL-20260518-0056,EVT-20260518-0047
POL-20260518-0057,EVT-20260518-0041
POL-20260518-0058,EVT-20260518-0035
POL-20260518-0059,EVT-20260518-0021
POL-20260519-0001,EVT-20260519-0037
POL-20260519-0002,EVT-20260518-0026
POL-20260519-0003,EVT-20260518-0042
POL-20260519-0004,EVT-20260518-0044
POL-20260519-0005,EVT-20260514-0038
POL-20260519-0006,EVT-20260519-0002
POL-20260519-0007,EVT-20260518-0002
POL-20260519-0008,EVT-20260519-0003
POL-20260519-0009,EVT-20260519-0030
POL-20260519-0010,EVT-20260519-0010
POL-20260519-0011,EVT-20260518-0003
POL-20260519-0012,EVT-20260519-0019
POL-20260519-0013,EVT-20260519-0018
POL-20260519-0014,EVT-20260519-0038
POL-20260519-0015,EVT-20260518-0003
POL-20260519-0016,EVT-20260518-0034
POL-20260519-0017,EVT-20260519-0023
POL-20260519-0018,EVT-20260518-0013
POL-20260519-0019,EVT-20260518-0039
POL-20260519-0020,EVT-20260518-0013
POL-20260519-0021,EVT-20260519-0003
POL-20260519-0022,EVT-20260519-0060
POL-20260519-0023,EVT-20260518-0040
POL-20260519-0024,EVT-20260519-0001
POL-20260519-0025,EVT-20260519-0016
POL-20260519-0026,EVT-20260519-0039
POL-20260519-0027,EVT-20260519-0047
POL-20260519-0028,EVT-20260518-0049
POL-20260519-0029,EVT-20260519-0009
POL-20260519-0030,EVT-20260519-0049
POL-20260519-0031,EVT-20260519-0026
POL-20260519-0032,EVT-20260519-0061
POL-20260519-0033,EVT-20260519-0029
POL-20260519-0034,EVT-20260519-0007
POL-20260519-0035,EVT-20260519-0021
POL-20260519-0036,EVT-20260519-0032
POL-20260519-0037,EVT-20260519-0045
POL-20260519-0038,EVT-20260519-0053
POL-20260519-0039,EVT-20260519-0039
POL-20260519-0040,EVT-20260519-0054
POL-20260519-0041,EVT-20260519-0039
POL-20260519-0042,EVT-20260519-0057
POL-20260519-0043,EVT-20260519-0011
POL-20260519-0044,EVT-20260519-0031
POL-20260519-0045,EVT-20260519-0049
POL-20260519-0046,EVT-20260519-0005
POL-20260519-0047,EVT-20260519-0036
POL-20260519-0048,EVT-20260519-0057
POL-20260519-0049,EVT-20260519-0012
POL-20260519-0050,EVT-20260518-0001
POL-20260519-0051,EVT-20260519-0045
POL-20260519-0052,EVT-20260519-0050
POL-20260519-0053,EVT-20260518-0034
POL-20260519-0054,EVT-20260519-0027
POL-20260519-0055,EVT-20260519-0001
POL-20260519-0056,EVT-20260519-0004
POL-20260519-0057,EVT-20260519-0035
POL-20260519-0058,EVT-20260519-0057
POL-20260519-0059,EVT-20260519-0058
POL-20260519-0060,EVT-20260519-0028
POL-20260519-0061,EVT-20260519-0013
POL-20260519-0062,EVT-20260519-0010
POL-20260519-0063,EVT-20260519-0020
POL-20260519-0064,EVT-20260519-0044
POL-20260519-0065,EVT-20260519-0006
POL-20260519-0066,EVT-20260518-0012
POL-20260519-0067,EVT-20260519-0049
POL-20260519-0068,EVT-20260518-0028
POL-20260519-0069,EVT-20260519-0056
POL-20260519-0070,EVT-20260519-0025
POL-20260519-0071,EVT-20260519-0022
POL-20260519-0072,EVT-20260519-0042
POL-20260519-0073,EVT-20260519-0057
POL-20260519-0074,EVT-20260519-0041
POL-20260519-0075,EVT-20260519-0043
POL-20260519-0076,EVT-20260519-0034
POL-20260519-0077,EVT-20260519-0052
POL-20260519-0078,EVT-20260519-0014
POL-20260519-0079,EVT-20260518-0018
POL-20260519-0080,EVT-20260519-0055
POL-20260520-0001,EVT-20260519-0048
POL-20260520-0002,EVT-20260519-0029
POL-20260520-0003,EVT-20260520-0012
POL-20260520-0004,EVT-20260519-0063
POL-20260520-0005,EVT-20260519-0040
POL-20260520-0006,EVT-20260520-0034
POL-20260520-0007,EVT-20260519-0006
POL-20260520-0008,EVT-20260519-0048
POL-20260520-0009,EVT-20260519-0059
POL-20260520-0010,EVT-20260518-0026
POL-20260520-0011,EVT-20260519-0033
POL-20260520-0012,EVT-20260519-0051
POL-20260520-0013,EVT-20260519-0049
POL-20260520-0014,EVT-20260520-0012
POL-20260520-0015,EVT-20260518-0037
POL-20260520-0016,EVT-20260519-0005
POL-20260520-0017,EVT-20260520-0010
POL-20260520-0018,EVT-20260520-0032
POL-20260520-0019,EVT-20260520-0037
POL-20260520-0020,EVT-20260520-0008
POL-20260520-0021,EVT-20260520-0010
POL-20260520-0022,EVT-20260520-0015
POL-20260520-0023,EVT-20260520-0027
POL-20260520-0024,EVT-20260517-0022
POL-20260520-0025,EVT-20260517-0032
POL-20260520-0026,EVT-20260520-0050
POL-20260520-0027,EVT-20260520-0003
POL-20260520-0028,EVT-20260519-0008
POL-20260520-0029,EVT-20260520-0046
POL-20260520-0030,EVT-20260520-0004
POL-20260520-0031,EVT-20260519-0062
POL-20260520-0032,EVT-20260520-0046
POL-20260520-0033,EVT-20260519-0027
POL-20260520-0034,EVT-20260520-0014
POL-20260520-0035,EVT-20260520-0048
POL-20260520-0036,EVT-20260520-0045
POL-20260520-0037,EVT-20260520-0046
POL-20260520-0038,EVT-20260520-0048
POL-20260520-0039,EVT-20260520-0051
POL-20260520-0040,EVT-20260520-0006
POL-20260520-0041,EVT-20260520-0013
POL-20260520-0042,EVT-20260520-0018
POL-20260520-0043,EVT-20260520-0024
POL-20260520-0044,EVT-20260520-0007
POL-20260520-0045,EVT-20260520-0056
POL-20260520-0046,EVT-20260519-0015
POL-20260520-0047,EVT-20260520-0007
POL-20260520-0048,EVT-20260520-0043
POL-20260520-0049,EVT-20260520-0005
POL-20260520-0050,EVT-20260520-0035
POL-20260520-0051,EVT-20260520-0005
POL-20260520-0052,EVT-20260520-0041
POL-20260520-0053,EVT-20260520-0023
POL-20260520-0054,EVT-20260520-0057
POL-20260520-0055,EVT-20260520-0001
POL-20260520-0056,EVT-20260520-0028
POL-20260520-0057,EVT-20260520-0006
POL-20260520-0058,EVT-20260520-0033
POL-20260520-0059,EVT-20260520-0044
POL-20260520-0060,EVT-20260520-0053
POL-20260520-0061,EVT-20260520-0002
POL-20260520-0062,EVT-20260520-0005
POL-20260520-0063,EVT-20260520-0040
POL-20260520-0064,EVT-20260520-0039
POL-20260520-0065,EVT-20260520-0028
POL-20260520-0066,EVT-20260520-0047
POL-20260520-0067,EVT-20260520-0038
POL-20260520-0068,EVT-20260520-0057
POL-20260520-0069,EVT-20260520-0054
POL-20260520-0070,EVT-20260520-0057
POL-20260520-0071,EVT-20260520-0026
POL-20260520-0072,EVT-20260520-0007
POL-20260520-0073,EVT-20260520-0052
POL-20260520-0074,EVT-20260520-0016
POL-20260521-0001,EVT-20260520-0009
POL-20260521-0002,EVT-20260520-0049
POL-20260521-0003,EVT-20260520-0029
POL-20260521-0004,EVT-20260520-0042
POL-20260521-0005,EVT-20260520-0022
POL-20260521-0006,EVT-20260520-0017
POL-20260521-0007,EVT-20260520-0020
POL-20260521-0008,EVT-20260521-0009
POL-20260521-0009,EVT-20260520-0016
POL-20260521-0010,EVT-20260520-0031
POL-20260521-0011,EVT-20260521-0035
POL-20260521-0012,EVT-20260520-0001
POL-20260521-0013,EVT-20260521-0033
POL-20260521-0014,EVT-20260520-0032
POL-20260521-0015,EVT-20260521-0002
POL-20260521-0016,EVT-20260521-0017
POL-20260521-0017,EVT-20260520-0044
POL-20260521-0018,EVT-20260521-0033
POL-20260521-0019,EVT-20260521-0025
POL-20260521-0020,EVT-20260520-0019
POL-20260521-0021,EVT-20260520-0036
POL-20260521-0022,EVT-20260519-0006
POL-20260521-0023,EVT-20260520-0036
POL-20260521-0024,EVT-20260521-0024
POL-20260521-0025,EVT-20260521-0016
POL-20260521-0026,EVT-20260520-0005
POL-20260521-0027,EVT-20260520-0021
POL-20260521-0028,EVT-20260521-0040
POL-20260521-0029,EVT-20260521-0021
POL-20260521-0030,EVT-20260519-0017
POL-20260521-0031,EVT-20260520-0025
POL-20260521-0032,EVT-20260521-0039
POL-20260521-0033,EVT-20260520-0039
POL-20260521-0034,EVT-20260521-0015
POL-20260521-0035,EVT-20260521-0026
POL-20260521-0036,EVT-20260520-0036
POL-20260521-0037,EVT-20260521-0017
POL-20260521-0038,EVT-20260521-0037
POL-20260521-0039,EVT-20260521-0019
POL-20260521-0040,EVT-20260521-0018
POL-20260521-0041,EVT-20260521-0010
POL-20260521-0042,EVT-20260520-0011
POL-20260521-0043,EVT-20260521-0032
POL-20260521-0044,EVT-20260521-0042
POL-20260521-0045,EVT-20260521-0018
POL-20260521-0046,EVT-20260521-0011
POL-20260521-0047,EVT-20260521-0032
POL-20260521-0048,EVT-20260521-0020
POL-20260521-0049,EVT-20260520-0030
POL-20260521-0050,EVT-20260521-0028
POL-20260521-0051,EVT-20260521-0001
POL-20260521-0052,EVT-20260521-0008
POL-20260521-0053,EVT-20260521-0030
POL-20260521-0054,EVT-20260521-0036
POL-20260521-0055,EVT-20260521-0006
POL-20260521-0056,EVT-20260521-0014
POL-20260522-0001,EVT-20260521-0031
POL-20260522-0002,EVT-20260521-0038
POL-20260522-0003,EVT-20260521-0007
POL-20260522-0004,EVT-20260521-0029
POL-20260522-0005,EVT-20260521-0041
POL-20260522-0006,EVT-20260522-0023
POL-20260522-0007,EVT-20260521-0034
POL-20260522-0008,EVT-20260520-0028
POL-20260522-0009,EVT-20260522-0040
POL-20260522-0010,EVT-20260521-0023
POL-20260522-0011,EVT-20260522-0036
POL-20260522-0012,EVT-20260521-0013
POL-20260522-0013,EVT-20260521-0004
POL-20260522-0014,EVT-20260522-0003
POL-20260522-0015,EVT-20260519-0046
POL-20260522-0016,EVT-20260520-0055
POL-20260522-0017,EVT-20260521-0027
POL-20260522-0018,EVT-20260522-0040
POL-20260522-0019,EVT-20260522-0011
POL-20260522-0020,EVT-20260522-0030
POL-20260522-0021,EVT-20260520-0036
POL-20260522-0022,EVT-20260522-0002
POL-20260522-0023,EVT-20260522-0024
POL-20260522-0024,EVT-20260522-0005
POL-20260522-0025,EVT-20260522-0021
POL-20260522-0026,EVT-20260521-0012
POL-20260522-0027,EVT-20260522-0025
POL-20260522-0028,EVT-20260522-0002
POL-20260522-0029,EVT-20260521-0022
POL-20260522-0030,EVT-20260522-0039
POL-20260522-0031,EVT-20260522-0009
POL-20260522-0032,EVT-20260522-0035
POL-20260522-0033,EVT-20260522-0033
POL-20260522-0034,EVT-20260522-0021
POL-20260522-0035,EVT-20260522-0026
POL-20260522-0036,EVT-20260522-0021
POL-20260522-0037,EVT-20260522-0031
POL-20260522-0038,EVT-20260522-0009
POL-20260522-0039,EVT-20260522-0019
POL-20260522-0040,EVT-20260522-0017
POL-20260522-0041,EVT-20260522-0027
POL-20260522-0042,EVT-20260522-0038
POL-20260522-0043,EVT-20260522-0029
POL-20260522-0044,EVT-20260521-0005
POL-20260522-0045,EVT-20260522-0004
POL-20260522-0046,EVT-20260522-0018
POL-20260522-0047,EVT-20260522-0030
POL-20260522-0048,EVT-20260522-0007
POL-20260522-0049,EVT-20260522-0020
POL-20260522-0050,EVT-20260522-0012
POL-20260522-0051,EVT-20260522-0040
POL-20260522-0052,EVT-20260522-0015
POL-20260522-0053,EVT-20260522-0010
POL-20260522-0054,EVT-20260522-0032
POL-20260522-0055,EVT-20260522-0038
POL-20260522-0056,EVT-20260522-0014
POL-20260522-0057,EVT-20260522-0008
POL-20260522-0058,EVT-20260522-0037
POL-20260522-0059,EVT-20260522-0015
POL-20260522-0060,EVT-20260522-0001
POL-20260522-0061,EVT-20260522-0016
POL-20260523-0001,EVT-20260522-0013
POL-20260523-0002,EVT-20260522-0041
POL-20260523-0003,EVT-20260522-0009
POL-20260523-0004,EVT-20260522-0006
POL-20260523-0005,EVT-20260522-0034
POL-20260523-0006,EVT-20260522-0015
POL-20260523-0007,EVT-20260523-0009
POL-20260523-0008,EVT-20260523-0049
POL-20260523-0009,EVT-20260523-0021
POL-20260523-0010,EVT-20260519-0024
POL-20260523-0011,EVT-20260523-0005
POL-20260523-0012,EVT-20260523-0022
POL-20260523-0013,EVT-20260523-0020
POL-20260523-0014,EVT-20260523-0004
POL-20260523-0015,EVT-20260523-0023
POL-20260523-0016,EVT-20260523-0035
POL-20260523-0017,EVT-20260523-0015
POL-20260523-0018,EVT-20260523-0010
POL-20260523-0019,EVT-20260523-0036
POL-20260523-0020,EVT-20260523-0023
POL-20260523-0021,EVT-20260523-0001
POL-20260523-0022,EVT-20260523-0048
POL-20260523-0023,EVT-20260523-0047
POL-20260523-0024,EVT-20260523-0032
POL-20260523-0025,EVT-20260522-0028
POL-20260523-0026,EVT-20260523-0017
POL-20260523-0027,EVT-20260523-0037
POL-20260523-0028,EVT-20260523-0005
POL-20260523-0029,EVT-20260523-0011
POL-20260523-0030,EVT-20260523-0047
POL-20260523-0031,EVT-20260523-0023
POL-20260523-0032,EVT-20260523-0024
POL-20260523-0033,EVT-20260523-0028
POL-20260523-0034,EVT-20260523-0024
POL-20260523-0035,EVT-20260523-0039
POL-20260523-0036,EVT-20260523-0037
POL-20260523-0037,EVT-20260523-0014
POL-20260523-0038,EVT-20260523-0002
POL-20260523-0039,EVT-20260523-0007
POL-20260523-0040,EVT-20260523-0024
POL-20260523-0041,EVT-20260523-0022
POL-20260523-0042,EVT-20260523-0027
POL-20260523-0043,EVT-20260523-0045
POL-20260523-0044,EVT-20260523-0046
POL-20260523-0045,EVT-20260523-0034
POL-20260523-0046,EVT-20260523-0022
POL-20260523-0047,EVT-20260523-0020
POL-20260523-0048,EVT-20260523-0044
POL-20260523-0049,EVT-20260523-0048
POL-20260523-0050,EVT-20260523-0007
POL-20260523-0051,EVT-20260523-0016
POL-20260523-0052,EVT-20260523-0031
POL-20260523-0053,EVT-20260523-0042
POL-20260523-0054,EVT-20260523-0018
POL-20260523-0055,EVT-20260523-0012
POL-20260523-0056,EVT-20260523-0033
POL-20260523-0057,EVT-20260523-0003
POL-20260523-0058,EVT-20260523-0019
POL-20260524-0001,EVT-20260523-0043
POL-20260524-0002,EVT-20260524-0005
POL-20260524-0003,EVT-20260523-0025
POL-20260524-0004,EVT-20260523-0020
POL-20260524-0005,EVT-20260524-0028
POL-20260524-0006,EVT-20260523-0008
POL-20260524-0007,EVT-20260521-0003
POL-20260524-0008,EVT-20260524-0040
POL-20260524-0009,EVT-20260524-0026
POL-20260524-0010,EVT-20260524-0034
POL-20260524-0011,EVT-20260524-0013
POL-20260524-0012,EVT-20260523-0007
POL-20260524-0013,EVT-20260524-0001
POL-20260524-0014,EVT-20260523-0026
POL-20260524-0015,EVT-20260523-0040
POL-20260524-0016,EVT-20260524-0016
POL-20260524-0017,EVT-20260524-0044
POL-20260524-0018,EVT-20260522-0006
POL-20260524-0019,EVT-20260524-0041
POL-20260524-0020,EVT-20260524-0025
POL-20260524-0021,EVT-20260524-0034
POL-20260524-0022,EVT-20260524-0036
POL-20260524-0023,EVT-20260523-0040
POL-20260524-0024,EVT-20260523-0029
POL-20260524-0025,EVT-20260524-0023
POL-20260524-0026,EVT-20260524-0008
POL-20260524-0027,EVT-20260524-0042
POL-20260524-0028,EVT-20260524-0045
POL-20260524-0029,EVT-20260524-0012
POL-20260524-0030,EVT-20260524-0036
POL-20260524-0031,EVT-20260524-0025
POL-20260524-0032,EVT-20260524-0027
POL-20260524-0033,EVT-20260524-0006
POL-20260524-0034,EVT-20260524-0038
POL-20260524-0035,EVT-20260524-0014
POL-20260524-0036,EVT-20260524-0033
POL-20260524-0037,EVT-20260523-0011
POL-20260524-0038,EVT-20260524-0027
POL-20260524-0039,EVT-20260522-0021
POL-20260524-0040,EVT-20260523-0030
POL-20260524-0041,EVT-20260524-0017
POL-20260524-0042,EVT-20260524-0010
POL-20260524-0043,EVT-20260522-0028
POL-20260524-0044,EVT-20260524-0032
POL-20260524-0045,EVT-20260524-0022
POL-20260524-0046,EVT-20260524-0036
POL-20260524-0047,EVT-20260523-0006
POL-20260524-0048,EVT-20260524-0011
POL-20260524-0049,EVT-20260524-0002
POL-20260524-0050,EVT-20260524-0043
POL-20260524-0051,EVT-20260524-0035
POL-20260524-0052,EVT-20260524-0030
POL-20260524-0053,EVT-20260524-0049
POL-20260524-0054,EVT-20260524-0034
POL-20260524-0055,EVT-20260524-0050
POL-20260524-0056,EVT-20260524-0039
POL-20260524-0057,EVT-20260524-0048
POL-20260524-0058,EVT-20260523-0038
POL-20260524-0059,EVT-20260524-0010
POL-20260524-0060,EVT-20260524-0037
POL-20260524-0061,EVT-20260524-0019
POL-20260524-0062,EVT-20260524-0007
POL-20260524-0063,EVT-20260524-0031
POL-20260524-0064,EVT-20260524-0020
POL-20260524-0065,EVT-20260524-0009
POL-20260524-0066,EVT-20260524-0046
POL-20260525-0001,EVT-20260524-0002
POL-20260525-0002,EVT-20260524-0032
POL-20260525-0003,EVT-20260524-0015
POL-20260525-0004,EVT-20260524-0029
POL-20260525-0005,EVT-20260525-0006
POL-20260525-0006,EVT-20260525-0022
POL-20260525-0007,EVT-20260524-0018
POL-20260525-0008,EVT-20260524-0038
POL-20260525-0009,EVT-20260525-0020
POL-20260525-0010,EVT-20260525-0020
POL-20260525-0011,EVT-20260523-0013
POL-20260525-0012,EVT-20260525-0043
POL-20260525-0013,EVT-20260525-0028
POL-20260525-0014,EVT-20260525-0044
POL-20260525-0015,EVT-20260525-0035
POL-20260525-0016,EVT-20260524-0021
POL-20260525-0017,EVT-20260524-0004
POL-20260525-0018,EVT-20260525-0003
POL-20260525-0019,EVT-20260525-0004
POL-20260525-0020,EVT-20260524-0038
POL-20260525-0021,EVT-20260525-0017
POL-20260525-0022,EVT-20260522-0022
POL-20260525-0023,EVT-20260525-0002
POL-20260525-0024,EVT-20260525-0043
POL-20260525-0025,EVT-20260524-0031
POL-20260525-0026,EVT-20260524-0024
POL-20260525-0027,EVT-20260525-0022
POL-20260525-0028,EVT-20260525-0040
POL-20260525-0029,EVT-20260525-0042
POL-20260525-0030,EVT-20260525-0019
POL-20260525-0031,EVT-20260525-0033
POL-20260525-0032,EVT-20260525-0009
POL-20260525-0033,EVT-20260525-0036
POL-20260525-0034,EVT-20260525-0031
POL-20260525-0035,EVT-20260525-0017
POL-20260525-0036,EVT-20260525-0025
POL-20260525-0037,EVT-20260525-0036
POL-20260525-0038,EVT-20260525-0038
POL-20260525-0039,EVT-20260525-0015
POL-20260525-0040,EVT-20260525-0037
POL-20260525-0041,EVT-20260525-0026
POL-20260525-0042,EVT-20260525-0012
POL-20260525-0043,EVT-20260525-0008
POL-20260525-0044,EVT-20260525-0018
POL-20260525-0045,EVT-20260525-0011
POL-20260525-0046,EVT-20260525-0013
POL-20260525-0047,EVT-20260525-0029
POL-20260525-0048,EVT-20260525-0030
POL-20260525-0049,EVT-20260525-0010
POL-20260525-0050,EVT-20260525-0010
POL-20260525-0051,EVT-20260525-0001
POL-20260525-0052,EVT-20260525-0034
POL-20260525-0053,EVT-20260525-0014
POL-20260525-0054,EVT-20260524-0020
POL-20260525-0055,EVT-20260525-0039
POL-20260525-0056,EVT-20260525-0031
POL-20260526-0001,EVT-20260525-0045
POL-20260526-0002,EVT-20260526-0035
POL-20260526-0003,EVT-20260526-0039
POL-20260526-0004,EVT-20260526-0008
POL-20260526-0005,EVT-20260526-0052
POL-20260526-0006,EVT-20260525-0010
POL-20260526-0007,EVT-20260526-0001
POL-20260526-0008,EVT-20260525-0041
POL-20260526-0009,EVT-20260526-0004
POL-20260526-0010,EVT-20260526-0002
POL-20260526-0011,EVT-20260526-0021
POL-20260526-0012,EVT-20260526-0005
POL-20260526-0013,EVT-20260526-0041
POL-20260526-0014,EVT-20260526-0014
POL-20260526-0015,EVT-20260526-0017
POL-20260526-0016,EVT-20260526-0033
POL-20260526-0017,EVT-20260526-0039
POL-20260526-0018,EVT-20260526-0040
POL-20260526-0019,EVT-20260525-0005
POL-20260526-0020,EVT-20260526-0002
POL-20260526-0021,EVT-20260525-0021
POL-20260526-0022,EVT-20260524-0047
POL-20260526-0023,EVT-20260526-0027
POL-20260526-0024,EVT-20260526-0018
POL-20260526-0025,EVT-20260526-0015
POL-20260526-0026,EVT-20260526-0002
POL-20260526-0027,EVT-20260526-0024
POL-20260526-0028,EVT-20260526-0053
POL-20260526-0029,EVT-20260526-0055
POL-20260526-0030,EVT-20260526-0021
POL-20260526-0031,EVT-20260525-0016
POL-20260526-0032,EVT-20260526-0028
POL-20260526-0033,EVT-20260526-0028
POL-20260526-0034,EVT-20260526-0032
POL-20260526-0035,EVT-20260526-0006
POL-20260526-0036,EVT-20260526-0043
POL-20260526-0037,EVT-20260525-0012
POL-20260526-0038,EVT-20260526-0035
POL-20260526-0039,EVT-20260526-0003
POL-20260526-0040,EVT-20260526-0027
POL-20260526-0041,EVT-20260526-0030
POL-20260526-0042,EVT-20260526-0010
POL-20260526-0043,EVT-20260526-0057
POL-20260526-0044,EVT-20260526-0016
POL-20260526-0045,EVT-20260526-0055
POL-20260526-0046,EVT-20260526-0047
POL-20260526-0047,EVT-20260526-0054
POL-20260526-0048,EVT-20260526-0025
POL-20260526-0049,EVT-20260526-0055
POL-20260526-0050,EVT-20260526-0026
POL-20260526-0051,EVT-20260526-0045
POL-20260526-0052,EVT-20260526-0038
POL-20260526-0053,EVT-20260526-0049
POL-20260526-0054,EVT-20260526-0036
POL-20260526-0055,EVT-20260526-0019
POL-20260526-0056,EVT-20260526-0013
POL-20260526-0057,EVT-20260525-0032
POL-20260526-0058,EVT-20260526-0025
POL-20260526-0059,EVT-20260526-0034
POL-20260526-0060,EVT-20260526-0047
POL-20260526-0061,EVT-20260526-0037
POL-20260526-0062,EVT-20260526-0044
POL-20260526-0063,EVT-20260525-0024
POL-20260526-0064,EVT-20260526-0056
POL-20260526-0065,EVT-20260526-0029
POL-20260526-0066,EVT-20260526-0051
POL-20260526-0067,EVT-20260526-0042
POL-20260526-0068,EVT-20260526-0007
POL-20260526-0069,EVT-20260526-0045
POL-20260527-0001,EVT-20260526-0009
POL-20260527-0002,EVT-20260526-0050
POL-20260527-0003,EVT-20260527-0017
POL-20260527-0004,EVT-20260527-0037
POL-20260527-0005,EVT-20260526-0022
POL-20260527-0006,EVT-20260526-0012
POL-20260527-0007,EVT-20260526-0034
POL-20260527-0008,EVT-20260526-0011
POL-20260527-0009,EVT-20260525-0007
POL-20260527-0010,EVT-20260526-0012
POL-20260527-0011,EVT-20260527-0003
POL-20260527-0012,EVT-20260526-0020
POL-20260527-0013,EVT-20260527-0042
POL-20260527-0014,EVT-20260527-0018
POL-20260527-0015,EVT-20260527-0045
POL-20260527-0016,EVT-20260527-0050
POL-20260527-0017,EVT-20260526-0008
POL-20260527-0018,EVT-20260527-0010
POL-20260527-0019,EVT-20260526-0048
POL-20260527-0020,EVT-20260527-0022
POL-20260527-0021,EVT-20260527-0014
POL-20260527-0022,EVT-20260527-0044
POL-20260527-0023,EVT-20260527-0048
POL-20260527-0024,EVT-20260527-0050
POL-20260527-0025,EVT-20260527-0009
POL-20260527-0026,EVT-20260527-0012
POL-20260527-0027,EVT-20260527-0037
POL-20260527-0028,EVT-20260523-0041
POL-20260527-0029,EVT-20260527-0044
POL-20260527-0030,EVT-20260527-0024
POL-20260527-0031,EVT-20260526-0012
POL-20260527-0032,EVT-20260527-0044
POL-20260527-0033,EVT-20260527-0034
POL-20260527-0034,EVT-20260527-0007
POL-20260527-0035,EVT-20260527-0035
POL-20260527-0036,EVT-20260527-0012
POL-20260527-0037,EVT-20260527-0049
POL-20260527-0038,EVT-20260526-0025
POL-20260527-0039,EVT-20260527-0030
POL-20260527-0040,EVT-20260527-0001
POL-20260527-0041,EVT-20260527-0046
POL-20260527-0042,EVT-20260527-0028
POL-20260527-0043,EVT-20260527-0028
POL-20260527-0044,EVT-20260527-0023
POL-20260527-0045,EVT-20260527-0002
POL-20260527-0046,EVT-20260527-0040
POL-20260527-0047,EVT-20260527-0044
POL-20260527-0048,EVT-20260527-0004
POL-20260527-0049,EVT-20260527-0041
POL-20260527-0050,EVT-20260527-0016
POL-20260527-0051,EVT-20260527-0005
POL-20260527-0052,EVT-20260527-0047
POL-20260527-0053,EVT-20260527-0025
POL-20260527-0054,EVT-20260527-0021
POL-20260527-0055,EVT-20260527-0038
POL-20260527-0056,EVT-20260527-0032
POL-20260527-0057,EVT-20260527-0019
POL-20260527-0058,EVT-20260527-0005
POL-20260527-0059,EVT-20260525-0027
POL-20260527-0060,EVT-20260527-0029
POL-20260527-0061,EVT-20260527-0008
POL-20260527-0062,EVT-20260527-0013
POL-20260528-0001,EVT-20260527-0046
POL-20260528-0002,EVT-20260527-0049
POL-20260528-0003,EVT-20260528-0023
POL-20260528-0004,EVT-20260527-0015
POL-20260528-0005,EVT-20260527-0033
POL-20260528-0006,EVT-20260526-0046
POL-20260528-0007,EVT-20260528-0030
POL-20260528-0008,EVT-20260528-0008
POL-20260528-0009,EVT-20260527-0049
POL-20260528-0010,EVT-20260527-0039
POL-20260528-0011,EVT-20260527-0027
POL-20260528-0012,EVT-20260527-0031
POL-20260528-0013,EVT-20260527-0005
POL-20260528-0014,EVT-20260528-0016
POL-20260528-0015,EVT-20260528-0040
POL-20260528-0016,EVT-20260526-0023
POL-20260528-0017,EVT-20260528-0013
POL-20260528-0018,EVT-20260527-0020
POL-20260528-0019,EVT-20260528-0035
POL-20260528-0020,EVT-20260528-0029
POL-20260528-0021,EVT-20260528-0018
POL-20260528-0022,EVT-20260528-0011
POL-20260528-0023,EVT-20260528-0042
POL-20260528-0024,EVT-20260528-0004
POL-20260528-0025,EVT-20260528-0003
POL-20260528-0026,EVT-20260525-0023
POL-20260528-0027,EVT-20260528-0033
POL-20260528-0028,EVT-20260528-0020
POL-20260528-0029,EVT-20260528-0022
POL-20260528-0030,EVT-20260528-0021
POL-20260528-0031,EVT-20260528-0015
POL-20260528-0032,EVT-20260528-0006
POL-20260528-0033,EVT-20260527-0026
POL-20260528-0034,EVT-20260528-0032
POL-20260528-0035,EVT-20260528-0014
POL-20260528-0036,EVT-20260528-0024
POL-20260528-0037,EVT-20260528-0003
POL-20260528-0038,EVT-20260528-0016
POL-20260528-0039,EVT-20260528-0007
POL-20260528-0040,EVT-20260528-0020
POL-20260528-0041,EVT-20260527-0036
POL-20260528-0042,EVT-20260528-0017
POL-20260528-0043,EVT-20260528-0001
POL-20260528-0044,EVT-20260528-0014
POL-20260528-0045,EVT-20260528-0034
POL-20260528-0046,EVT-20260528-0039
POL-20260528-0047,EVT-20260527-0006
POL-20260529-0001,EVT-20260528-0028
POL-20260529-0002,EVT-20260529-0034
POL-20260529-0003,EVT-20260529-0015
POL-20260529-0004,EVT-20260527-0011
POL-20260529-0005,EVT-20260528-0019
POL-20260529-0006,EVT-20260528-0036
POL-20260529-0007,EVT-20260528-0005
POL-20260529-0008,EVT-20260528-0017
POL-20260529-0009,EVT-20260529-0044
POL-20260529-0010,EVT-20260529-0012
POL-20260529-0011,EVT-20260528-0031
POL-20260529-0012,EVT-20260529-0037
POL-20260529-0013,EVT-20260529-0041
POL-20260529-0014,EVT-20260528-0038
POL-20260529-0015,EVT-20260528-0027
POL-20260529-0016,EVT-20260528-0026
POL-20260529-0017,EVT-20260529-0017
POL-20260529-0018,EVT-20260529-0021
POL-20260529-0019,EVT-20260528-0041
POL-20260529-0020,EVT-20260529-0001
POL-20260529-0021,EVT-20260529-0026
POL-20260529-0022,EVT-20260529-0006
POL-20260529-0023,EVT-20260528-0034
POL-20260529-0024,EVT-20260529-0018
POL-20260529-0025,EVT-20260529-0008
POL-20260529-0026,EVT-20260527-0043
POL-20260529-0027,EVT-20260529-0024
POL-20260529-0028,EVT-20260529-0062
POL-20260529-0029,EVT-20260529-0062
POL-20260529-0030,EVT-20260529-0013
POL-20260529-0031,EVT-20260529-0043
POL-20260529-0032,EVT-20260528-0010
POL-20260529-0033,EVT-20260529-0025
POL-20260529-0034,EVT-20260529-0062
POL-20260529-0035,EVT-20260529-0036
POL-20260529-0036,EVT-20260529-0063
POL-20260529-0037,EVT-20260528-0025
POL-20260529-0038,EVT-20260528-0009
POL-20260529-0039,EVT-20260528-0020
POL-20260529-0040,EVT-20260528-0025
POL-20260529-0041,EVT-20260529-0060
POL-20260529-0042,EVT-20260528-0012
POL-20260529-0043,EVT-20260528-0037
POL-20260529-0044,EVT-20260529-0022
POL-20260529-0045,EVT-20260529-0014
POL-20260529-0046,EVT-20260529-0030
POL-20260529-0047,EVT-20260529-0064
POL-20260529-0048,EVT-20260529-0022
POL-20260529-0049,EVT-20260529-0055
POL-20260529-0050,EVT-20260529-0060
POL-20260529-0051,EVT-20260529-0055
POL-20260529-0052,EVT-20260529-0042
POL-20260529-0053,EVT-20260529-0005
POL-20260529-0054,EVT-20260529-0028
POL-20260529-0055,EVT-20260529-0052
POL-20260529-0056,EVT-20260529-0054
POL-20260529-0057,EVT-20260529-0033
POL-20260529-0058,EVT-20260529-0056
POL-20260529-0059,EVT-20260529-0053
POL-20260529-0060,EVT-20260528-0033
POL-20260529-0061,EVT-20260529-0020
POL-20260529-0062,EVT-20260529-0003
POL-20260529-0063,EVT-20260529-0040
POL-20260529-0064,EVT-20260529-0002
POL-20260529-0065,EVT-20260529-0056
POL-20260529-0066,EVT-20260529-0022
POL-20260529-0067,EVT-20260529-0011
POL-20260529-0068,EVT-20260529-0054
POL-20260529-0069,EVT-20260529-0058
POL-20260529-0070,EVT-20260529-0009
POL-20260529-0071,EVT-20260529-0019
POL-20260529-0072,EVT-20260529-0060
POL-20260529-0073,EVT-20260524-0003
POL-20260529-0074,EVT-20260528-0002
POL-20260529-0075,EVT-20260529-0055
POL-20260529-0076,EVT-20260529-0032
POL-20260529-0077,EVT-20260529-0049
POL-20260529-0078,EVT-20260529-0051
POL-20260529-0079,EVT-20260529-0055
POL-20260529-0080,EVT-20260529-0023
POL-20260529-0081,EVT-20260529-0016
POL-20260530-0001,EVT-20260529-0031
POL-20260530-0002,EVT-20260529-0058
POL-20260530-0003,EVT-20260529-0035
POL-20260530-0004,EVT-20260529-0046
POL-20260530-0005,EVT-20260529-0045
POL-20260530-0006,EVT-20260529-0002
POL-20260530-0007,EVT-20260530-0044
POL-20260530-0008,EVT-20260529-0007
POL-20260530-0009,EVT-20260529-0029
POL-20260530-0010,EVT-20260530-0051
POL-20260530-0011,EVT-20260529-0050
POL-20260530-0012,EVT-20260529-0048
POL-20260530-0013,EVT-20260529-0061
POL-20260530-0014,EVT-20260529-0020
POL-20260530-0015,EVT-20260530-0004
POL-20260530-0016,EVT-20260529-0030
POL-20260530-0017,EVT-20260530-0015
POL-20260530-0018,EVT-20260530-0042
POL-20260530-0019,EVT-20260529-0056
POL-20260530-0020,EVT-20260530-0023
POL-20260530-0021,EVT-20260530-0028
POL-20260530-0022,EVT-20260529-0038
POL-20260530-0023,EVT-20260529-0007
POL-20260530-0024,EVT-20260530-0056
POL-20260530-0025,EVT-20260530-0014
POL-20260530-0026,EVT-20260530-0056
POL-20260530-0027,EVT-20260530-0053
POL-20260530-0028,EVT-20260529-0010
POL-20260530-0029,EVT-20260529-0056
POL-20260530-0030,EVT-20260529-0054
POL-20260530-0031,EVT-20260530-0055
POL-20260530-0032,EVT-20260530-0033
POL-20260530-0033,EVT-20260529-0004
POL-20260530-0034,EVT-20260530-0028
POL-20260530-0035,EVT-20260529-0014
POL-20260530-0036,EVT-20260530-0061
POL-20260530-0037,EVT-20260530-0055
POL-20260530-0038,EVT-20260530-0056
POL-20260530-0039,EVT-20260530-0022
POL-20260530-0040,EVT-20260530-0039
POL-20260530-0041,EVT-20260530-0026
POL-20260530-0042,EVT-20260529-0051
POL-20260530-0043,EVT-20260530-0027
POL-20260530-0044,EVT-20260530-0060
POL-20260530-0045,EVT-20260530-0048
POL-20260530-0046,EVT-20260530-0032
POL-20260530-0047,EVT-20260530-0010
POL-20260530-0048,EVT-20260529-0057
POL-20260530-0049,EVT-20260530-0048
POL-20260530-0050,EVT-20260529-0051
POL-20260530-0051,EVT-20260530-0035
POL-20260530-0052,EVT-20260529-0062
POL-20260530-0053,EVT-20260530-0047
POL-20260530-0054,EVT-20260529-0007
POL-20260530-0055,EVT-20260530-0021
POL-20260530-0056,EVT-20260530-0027
POL-20260530-0057,EVT-20260530-0043
POL-20260530-0058,EVT-20260530-0041
POL-20260530-0059,EVT-20260530-0028
POL-20260530-0060,EVT-20260529-0047
POL-20260530-0061,EVT-20260529-0002
POL-20260530-0062,EVT-20260530-0007
POL-20260530-0063,EVT-20260529-0051
POL-20260530-0064,EVT-20260530-0034
POL-20260530-0065,EVT-20260530-0008
POL-20260530-0066,EVT-20260529-0010
POL-20260530-0067,EVT-20260530-0018
POL-20260530-0068,EVT-20260530-0034
POL-20260530-0069,EVT-20260530-0009
POL-20260530-0070,EVT-20260530-0036
POL-20260530-0071,EVT-20260530-0052
POL-20260530-0072,EVT-20260530-0025
POL-20260530-0073,EVT-20260530-0017
POL-20260530-0074,EVT-20260530-0006
POL-20260530-0075,EVT-20260530-0030
POL-20260530-0076,EVT-20260530-0001
POL-20260530-0077,EVT-20260530-0037
POL-20260530-0078,EVT-20260530-0040
POL-20260530-0079,EVT-20260530-0003
POL-20260530-0080,EVT-20260530-0005
POL-20260530-0081,EVT-20260530-0057
POL-20260530-0082,EVT-20260530-0029
POL-20260531-0001,EVT-20260530-0015
POL-20260531-0002,EVT-20260530-0045
POL-20260531-0003,EVT-20260530-0031
POL-20260531-0004,EVT-20260531-0023
POL-20260531-0005,EVT-20260530-0016
POL-20260531-0006,EVT-20260531-0062
POL-20260531-0007,EVT-20260530-0011
POL-20260531-0008,EVT-20260530-0050
POL-20260531-0009,EVT-20260530-0002
POL-20260531-0010,EVT-20260526-0031
POL-20260531-0011,EVT-20260530-0062
POL-20260531-0012,EVT-20260530-0019
POL-20260531-0013,EVT-20260530-0015
POL-20260531-0014,EVT-20260530-0012
POL-20260531-0015,EVT-20260531-0042
POL-20260531-0016,EVT-20260531-0035
POL-20260531-0017,EVT-20260530-0058
POL-20260531-0018,EVT-20260531-0060
POL-20260531-0019,EVT-20260530-0019
POL-20260531-0020,EVT-20260529-0059
POL-20260531-0021,EVT-20260531-0052
POL-20260531-0022,EVT-20260531-0005
POL-20260531-0023,EVT-20260530-0020
POL-20260531-0024,EVT-20260531-0010
POL-20260531-0025,EVT-20260531-0051
POL-20260531-0026,EVT-20260531-0027
POL-20260531-0027,EVT-20260530-0029
POL-20260531-0028,EVT-20260530-0013
POL-20260531-0029,EVT-20260531-0024
POL-20260531-0030,EVT-20260531-0018
POL-20260531-0031,EVT-20260531-0019
POL-20260531-0032,EVT-20260530-0024
POL-20260531-0033,EVT-20260531-0050
POL-20260531-0034,EVT-20260531-0061
POL-20260531-0035,EVT-20260531-0042
POL-20260531-0036,EVT-20260531-0048
POL-20260531-0037,EVT-20260531-0034
POL-20260531-0038,EVT-20260531-0010
POL-20260531-0039,EVT-20260531-0019
POL-20260531-0040,EVT-20260531-0042
POL-20260531-0041,EVT-20260530-0041
POL-20260531-0042,EVT-20260530-0059
POL-20260531-0043,EVT-20260531-0031
POL-20260531-0044,EVT-20260530-0002
POL-20260531-0045,EVT-20260530-0003
POL-20260531-0046,EVT-20260531-0005
POL-20260531-0047,EVT-20260531-0046
POL-20260531-0048,EVT-20260531-0053
POL-20260531-0049,EVT-20260529-0039
POL-20260531-0050,EVT-20260530-0038
POL-20260531-0051,EVT-20260531-0043
POL-20260531-0052,EVT-20260531-0015
POL-20260531-0053,EVT-20260531-0005
POL-20260531-0054,EVT-20260531-0015
POL-20260531-0055,EVT-20260531-0017
POL-20260531-0056,EVT-20260530-0049
POL-20260531-0057,EVT-20260531-0036
POL-20260531-0058,EVT-20260531-0026
POL-20260531-0059,EVT-20260531-0049
POL-20260531-0060,EVT-20260531-0041
POL-20260531-0061,EVT-20260531-0019
POL-20260531-0062,EVT-20260531-0008
POL-20260531-0063,EVT-20260531-0015
POL-20260531-0064,EVT-20260531-0022
POL-20260531-0065,EVT-20260531-0017
POL-20260531-0066,EVT-20260531-0001
POL-20260531-0067,EVT-20260531-0028
POL-20260531-0068,EVT-20260531-0008
POL-20260531-0069,EVT-20260530-0020
POL-20260531-0070,EVT-20260531-0012
POL-20260531-0071,EVT-20260528-0027
POL-20260531-0072,EVT-20260531-0054
POL-20260531-0073,EVT-20260531-0044
POL-20260531-0074,EVT-20260531-0014
POL-20260531-0075,EVT-20260531-0007
POL-20260531-0076,EVT-20260531-0020
POL-20260531-0077,EVT-20260531-0056
POL-20260531-0078,EVT-20260531-0011
POL-20260531-0079,EVT-20260531-0059
POL-20260531-0080,EVT-20260531-0029
POL-20260531-0081,EVT-20260531-0037
POL-20260531-0082,EVT-20260529-0010
POL-20260531-0083,EVT-20260530-0003
POL-20260531-0084,EVT-20260531-0033
POL-20260531-0085,EVT-20260531-0058
POL-20260531-0086,EVT-20260531-0039
POL-20260531-0087,EVT-20260530-0029
POL-20260531-0088,EVT-20260531-0006
POL-20260531-0089,EVT-20260531-0016
POL-20260531-0090,EVT-20260531-0013
POL-20260531-0091,EVT-20260531-0009
POL-20260531-0092,EVT-20260531-0032
POL-20260531-0093,EVT-20260531-0021
POL-20260531-0094,EVT-20260531-0044
POL-20260531-0095,EVT-20260531-0016
POL-20260601-0001,EVT-20260601-0016
POL-20260601-0002,EVT-20260601-0029
POL-20260601-0003,EVT-20260531-0037
POL-20260601-0004,EVT-20260531-0047
POL-20260601-0005,EVT-20260531-0002
POL-20260601-0006,EVT-20260531-0054
POL-20260601-0007,EVT-20260531-0017
POL-20260601-0008,EVT-20260531-0055
POL-20260601-0009,EVT-20260531-0030
POL-20260601-0010,EVT-20260601-0055
POL-20260601-0011,EVT-20260531-0056
POL-20260601-0012,EVT-20260601-0030
POL-20260601-0013,EVT-20260530-0046
POL-20260601-0014,EVT-20260601-0043
POL-20260601-0015,EVT-20260531-0040
POL-20260601-0016,EVT-20260601-0010
POL-20260601-0017,EVT-20260531-0008
POL-20260601-0018,EVT-20260529-0027
POL-20260601-0019,EVT-20260601-0016
POL-20260601-0020,EVT-20260531-0025
POL-20260601-0021,EVT-20260601-0053
POL-20260601-0022,EVT-20260531-0059
POL-20260601-0023,EVT-20260531-0015
POL-20260601-0024,EVT-20260601-0003
POL-20260601-0025,EVT-20260601-0007
POL-20260601-0026,EVT-20260531-0040
POL-20260601-0027,EVT-20260601-0024
POL-20260601-0028,EVT-20260601-0008
POL-20260601-0029,EVT-20260601-0052
POL-20260601-0030,EVT-20260601-0008
POL-20260601-0031,EVT-20260601-0033
POL-20260601-0032,EVT-20260601-0035
POL-20260601-0033,EVT-20260601-0027
POL-20260601-0034,EVT-20260601-0034
POL-20260601-0035,EVT-20260601-0015
POL-20260601-0036,EVT-20260601-0026
POL-20260601-0037,EVT-20260601-0026
POL-20260601-0038,EVT-20260601-0019
POL-20260601-0039,EVT-20260601-0028
POL-20260601-0040,EVT-20260601-0038
POL-20260601-0041,EVT-20260601-0054
POL-20260601-0042,EVT-20260601-0032
POL-20260601-0043,EVT-20260601-0003
POL-20260601-0044,EVT-20260531-0014
POL-20260601-0045,EVT-20260531-0003
POL-20260601-0046,EVT-20260601-0020
POL-20260601-0047,EVT-20260601-0023
POL-20260601-0048,EVT-20260601-0044
POL-20260601-0049,EVT-20260530-0054
POL-20260601-0050,EVT-20260601-0054
POL-20260601-0051,EVT-20260531-0016
POL-20260601-0052,EVT-20260601-0008
POL-20260601-0053,EVT-20260601-0040
POL-20260601-0054,EVT-20260601-0018
POL-20260601-0055,EVT-20260601-0031
POL-20260601-0056,EVT-20260601-0054
POL-20260601-0057,EVT-20260601-0046
POL-20260601-0058,EVT-20260601-0001
POL-20260601-0059,EVT-20260601-0002
POL-20260601-0060,EVT-20260530-0046
POL-20260601-0061,EVT-20260601-0013
POL-20260601-0062,EVT-20260601-0021
POL-20260601-0063,EVT-20260531-0045
POL-20260601-0064,EVT-20260601-0051
POL-20260601-0065,EVT-20260601-0026
POL-20260601-0066,EVT-20260601-0041
POL-20260601-0067,EVT-20260601-0048
POL-20260601-0068,EVT-20260601-0014
POL-20260601-0069,EVT-20260601-0017
POL-20260601-0070,EVT-20260601-0031
POL-20260601-0071,EVT-20260531-0004
POL-20260601-0072,EVT-20260601-0049
POL-20260601-0073,EVT-20260601-0045
POL-20260601-0074,EVT-20260601-0011
POL-20260601-0075,EVT-20260601-0022
POL-20260601-0076,EVT-20260601-0047
POL-20260602-0001,EVT-20260602-0050
POL-20260602-0002,EVT-20260601-0013
POL-20260602-0003,EVT-20260601-0042
POL-20260602-0004,EVT-20260531-0045
POL-20260602-0005,EVT-20260601-0004
POL-20260602-0006,EVT-20260601-0005
POL-20260602-0007,EVT-20260602-0041
POL-20260602-0008,EVT-20260601-0036
POL-20260602-0009,EVT-20260602-0008
POL-20260602-0010,EVT-20260601-0009
POL-20260602-0011,EVT-20260601-0012
POL-20260602-0012,EVT-20260531-0014
POL-20260602-0013,EVT-20260602-0016
POL-20260602-0014,EVT-20260601-0039
POL-20260602-0015,EVT-20260601-0004
POL-20260602-0016,EVT-20260602-0001
POL-20260602-0017,EVT-20260531-0063
POL-20260602-0018,EVT-20260601-0050
POL-20260602-0019,EVT-20260601-0031
POL-20260602-0020,EVT-20260601-0022
POL-20260602-0021,EVT-20260601-0040
POL-20260602-0022,EVT-20260602-0023
POL-20260602-0023,EVT-20260602-0026
POL-20260602-0024,EVT-20260602-0006
POL-20260602-0025,EVT-20260530-0046
POL-20260602-0026,EVT-20260601-0048
POL-20260602-0027,EVT-20260601-0018
POL-20260602-0028,EVT-20260602-0036
POL-20260602-0029,EVT-20260602-0004
POL-20260602-0030,EVT-20260602-0022
POL-20260602-0031,EVT-20260602-0008
POL-20260602-0032,EVT-20260602-0030
POL-20260602-0033,EVT-20260601-0037
POL-20260602-0034,EVT-20260602-0034
POL-20260602-0035,EVT-20260602-0008
POL-20260602-0036,EVT-20260602-0018
POL-20260602-0037,EVT-20260602-0007
POL-20260602-0038,EVT-20260602-0002
POL-20260602-0039,EVT-20260602-0002
POL-20260602-0040,EVT-20260602-0049
POL-20260602-0041,EVT-20260602-0007
POL-20260602-0042,EVT-20260531-0057
POL-20260602-0043,EVT-20260602-0032
POL-20260602-0044,EVT-20260602-0028
POL-20260602-0045,EVT-20260602-0040
POL-20260602-0046,EVT-20260602-0051
POL-20260602-0047,EVT-20260602-0014
POL-20260602-0048,EVT-20260601-0018
POL-20260602-0049,EVT-20260602-0024
POL-20260602-0050,EVT-20260602-0019
POL-20260602-0051,EVT-20260602-0038
POL-20260602-0052,EVT-20260602-0013
POL-20260602-0053,EVT-20260602-0029
POL-20260602-0054,EVT-20260602-0033
POL-20260602-0055,EVT-20260602-0045
POL-20260602-0056,EVT-20260602-0020
POL-20260602-0057,EVT-20260602-0039
POL-20260602-0058,EVT-20260602-0015
POL-20260602-0059,EVT-20260602-0011
POL-20260602-0060,EVT-20260602-0048
POL-20260602-0061,EVT-20260602-0010
POL-20260602-0062,EVT-20260602-0021
POL-20260602-0063,EVT-20260602-0025
POL-20260602-0064,EVT-20260602-0042
POL-20260602-0065,EVT-20260602-0009
POL-20260602-0066,EVT-20260602-0044
POL-20260602-0067,EVT-20260602-0017
POL-20260602-0068,EVT-20260602-0036
POL-20260603-0001,EVT-20260602-0046
POL-20260603-0002,EVT-20260602-0003
POL-20260603-0003,EVT-20260603-0046
POL-20260603-0004,EVT-20260603-0031
POL-20260603-0005,EVT-20260602-0028
POL-20260603-0006,EVT-20260603-0006
POL-20260603-0007,EVT-20260602-0035
POL-20260603-0008,EVT-20260602-0017
POL-20260603-0009,EVT-20260601-0025
POL-20260603-0010,EVT-20260602-0047
POL-20260603-0011,EVT-20260603-0023
POL-20260603-0012,EVT-20260602-0019
POL-20260603-0013,EVT-20260602-0017
POL-20260603-0014,EVT-20260603-0041
POL-20260603-0015,EVT-20260603-0006
POL-20260603-0016,EVT-20260603-0041
POL-20260603-0017,EVT-20260603-0017
POL-20260603-0018,EVT-20260603-0043
POL-20260603-0019,EVT-20260602-0037
POL-20260603-0020,EVT-20260603-0030
POL-20260603-0021,EVT-20260603-0040
POL-20260603-0022,EVT-20260603-0015
POL-20260603-0023,EVT-20260603-0019
POL-20260603-0024,EVT-20260603-0005
POL-20260603-0025,EVT-20260602-0027
POL-20260603-0026,EVT-20260603-0044
POL-20260603-0027,EVT-20260603-0002
POL-20260603-0028,EVT-20260603-0029
POL-20260603-0029,EVT-20260603-0018
POL-20260603-0030,EVT-20260602-0031
POL-20260603-0031,EVT-20260603-0039
POL-20260603-0032,EVT-20260603-0045
POL-20260603-0033,EVT-20260603-0016
POL-20260603-0034,EVT-20260603-0015
POL-20260603-0035,EVT-20260602-0012
POL-20260603-0036,EVT-20260603-0007
POL-20260603-0037,EVT-20260603-0024
POL-20260603-0038,EVT-20260603-0032
POL-20260603-0039,EVT-20260603-0034
POL-20260603-0040,EVT-20260603-0003
POL-20260603-0041,EVT-20260603-0026
POL-20260603-0042,EVT-20260603-0033
POL-20260603-0043,EVT-20260603-0038
POL-20260603-0044,EVT-20260603-0009
POL-20260603-0045,EVT-20260603-0011
POL-20260603-0046,EVT-20260603-0001
POL-20260603-0047,EVT-20260603-0013
POL-20260603-0048,EVT-20260603-0022
POL-20260603-0049,EVT-20260603-0046
POL-20260603-0050,EVT-20260603-0037
POL-20260603-0051,EVT-20260603-0014
POL-20260603-0052,EVT-20260602-0040
POL-20260603-0053,EVT-20260603-0014
POL-20260603-0054,EVT-20260603-0027
POL-20260603-0055,EVT-20260603-0028
POL-20260603-0056,EVT-20260603-0010
POL-20260603-0057,EVT-20260603-0036
POL-20260603-0058,EVT-20260603-0041
POL-20260603-0059,EVT-20260603-0020
POL-20260604-0001,EVT-20260603-0014
POL-20260604-0002,EVT-20260603-0001
POL-20260604-0003,EVT-20260604-0045
POL-20260604-0004,EVT-20260604-0050
POL-20260604-0005,EVT-20260603-0005
POL-20260604-0006,EVT-20260604-0018
POL-20260604-0007,EVT-20260603-0035
POL-20260604-0008,EVT-20260604-0041
POL-20260604-0009,EVT-20260601-0006
POL-20260604-0010,EVT-20260603-0008
POL-20260604-0011,EVT-20260604-0031
POL-20260604-0012,EVT-20260603-0012
POL-20260604-0013,EVT-20260602-0043
POL-20260604-0014,EVT-20260604-0002
POL-20260604-0015,EVT-20260604-0047
POL-20260604-0016,EVT-20260603-0031
POL-20260604-0017,EVT-20260604-0009
POL-20260604-0018,EVT-20260604-0045
POL-20260604-0019,EVT-20260603-0001
POL-20260604-0020,EVT-20260604-0019
POL-20260604-0021,EVT-20260603-0042
POL-20260604-0022,EVT-20260602-0005
POL-20260604-0023,EVT-20260603-0004
POL-20260604-0024,EVT-20260604-0022
POL-20260604-0025,EVT-20260603-0003
POL-20260604-0026,EVT-20260603-0021
POL-20260604-0027,EVT-20260604-0016
POL-20260604-0028,EVT-20260604-0013
POL-20260604-0029,EVT-20260604-0046
POL-20260604-0030,EVT-20260604-0004
POL-20260604-0031,EVT-20260603-0022
POL-20260604-0032,EVT-20260604-0004
POL-20260604-0033,EVT-20260603-0047
POL-20260604-0034,EVT-20260604-0023
POL-20260604-0035,EVT-20260604-0035
POL-20260604-0036,EVT-20260604-0020
POL-20260604-0037,EVT-20260604-0010
POL-20260604-0038,EVT-20260604-0034
POL-20260604-0039,EVT-20260604-0025
POL-20260604-0040,EVT-20260604-0033
POL-20260604-0041,EVT-20260604-0043
POL-20260604-0042,EVT-20260604-0028
POL-20260604-0043,EVT-20260604-0032
POL-20260604-0044,EVT-20260604-0052
POL-20260604-0045,EVT-20260601-0018
POL-20260604-0046,EVT-20260604-0033
POL-20260604-0047,EVT-20260604-0005
POL-20260604-0048,EVT-20260604-0030
POL-20260604-0049,EVT-20260604-0007
POL-20260604-0050,EVT-20260604-0054
POL-20260604-0051,EVT-20260604-0001
POL-20260604-0052,EVT-20260604-0006
POL-20260604-0053,EVT-20260604-0021
POL-20260604-0054,EVT-20260604-0042
POL-20260604-0055,EVT-20260604-0008
POL-20260604-0056,EVT-20260604-0039
POL-20260604-0057,EVT-20260604-0026
POL-20260604-0058,EVT-20260604-0004
POL-20260604-0059,EVT-20260604-0011
POL-20260604-0060,EVT-20260604-0038
POL-20260604-0061,EVT-20260604-0015
POL-20260604-0062,EVT-20260604-0048
POL-20260605-0001,EVT-20260604-0039
POL-20260605-0002,EVT-20260604-0037
POL-20260605-0003,EVT-20260604-0024
POL-20260605-0004,EVT-20260604-0007
POL-20260605-0005,EVT-20260604-0029
POL-20260605-0006,EVT-20260604-0003
POL-20260605-0007,EVT-20260605-0050
POL-20260605-0008,EVT-20260604-0025
POL-20260605-0009,EVT-20260605-0045
POL-20260605-0010,EVT-20260605-0041
POL-20260605-0011,EVT-20260604-0011
POL-20260605-0012,EVT-20260605-0051
POL-20260605-0013,EVT-20260605-0028
POL-20260605-0014,EVT-20260605-0005
POL-20260605-0015,EVT-20260605-0053
POL-20260605-0016,EVT-20260604-0027
POL-20260605-0017,EVT-20260604-0044
POL-20260605-0018,EVT-20260604-0049
POL-20260605-0019,EVT-20260605-0042
POL-20260605-0020,EVT-20260605-0013
POL-20260605-0021,EVT-20260604-0040
POL-20260605-0022,EVT-20260604-0036
POL-20260605-0023,EVT-20260604-0014
POL-20260605-0024,EVT-20260605-0018
POL-20260605-0025,EVT-20260605-0012
POL-20260605-0026,EVT-20260605-0058
POL-20260605-0027,EVT-20260604-0036
POL-20260605-0028,EVT-20260605-0043
POL-20260605-0029,EVT-20260605-0024
POL-20260605-0030,EVT-20260605-0024
POL-20260605-0031,EVT-20260605-0053
POL-20260605-0032,EVT-20260605-0010
POL-20260605-0033,EVT-20260604-0017
POL-20260605-0034,EVT-20260605-0052
POL-20260605-0035,EVT-20260605-0049
POL-20260605-0036,EVT-20260605-0058
POL-20260605-0037,EVT-20260604-0053
POL-20260605-0038,EVT-20260605-0023
POL-20260605-0039,EVT-20260605-0054
POL-20260605-0040,EVT-20260605-0025
POL-20260605-0041,EVT-20260605-0034
POL-20260605-0042,EVT-20260605-0036
POL-20260605-0043,EVT-20260605-0008
POL-20260605-0044,EVT-20260605-0042
POL-20260605-0045,EVT-20260605-0058
POL-20260605-0046,EVT-20260605-0007
POL-20260605-0047,EVT-20260605-0059
POL-20260605-0048,EVT-20260605-0002
POL-20260605-0049,EVT-20260605-0018
POL-20260605-0050,EVT-20260605-0001
POL-20260605-0051,EVT-20260604-0004
POL-20260605-0052,EVT-20260605-0006
POL-20260605-0053,EVT-20260605-0031
POL-20260605-0054,EVT-20260605-0037
POL-20260605-0055,EVT-20260605-0047
POL-20260605-0056,EVT-20260605-0040
POL-20260605-0057,EVT-20260605-0011
POL-20260605-0058,EVT-20260605-0014
POL-20260605-0059,EVT-20260605-0017
POL-20260605-0060,EVT-20260605-0001
POL-20260605-0061,EVT-20260605-0035
POL-20260605-0062,EVT-20260605-0044
POL-20260605-0063,EVT-20260605-0046
POL-20260605-0064,EVT-20260604-0011
POL-20260605-0065,EVT-20260605-0062
POL-20260605-0066,EVT-20260604-0051
POL-20260605-0067,EVT-20260605-0029
POL-20260605-0068,EVT-20260605-0004
POL-20260605-0069,EVT-20260605-0007
POL-20260605-0070,EVT-20260604-0044
POL-20260605-0071,EVT-20260605-0032
POL-20260605-0072,EVT-20260605-0003
POL-20260605-0073,EVT-20260605-0009
POL-20260605-0074,EVT-20260605-0048
POL-20260605-0075,EVT-20260605-0016
POL-20260605-0076,EVT-20260605-0038
POL-20260605-0077,EVT-20260605-0027
POL-20260605-0078,EVT-20260605-0030
POL-20260605-0079,EVT-20260604-0012
POL-20260606-0001,EVT-20260605-0033
POL-20260606-0002,EVT-20260606-0028
POL-20260606-0003,EVT-20260605-0046
POL-20260606-0004,EVT-20260605-0046
POL-20260606-0005,EVT-20260606-0047
POL-20260606-0006,EVT-20260606-0017
POL-20260606-0007,EVT-20260606-0013
POL-20260606-0008,EVT-20260605-0040
POL-20260606-0009,EVT-20260605-0013
POL-20260606-0010,EVT-20260606-0026
POL-20260606-0011,EVT-20260605-0060
POL-20260606-0012,EVT-20260605-0019
POL-20260606-0013,EVT-20260606-0045
POL-20260606-0014,EVT-20260606-0038
POL-20260606-0015,EVT-20260605-0026
POL-20260606-0016,EVT-20260605-0055
POL-20260606-0017,EVT-20260606-0023
POL-20260606-0018,EVT-20260605-0057
POL-20260606-0019,EVT-20260606-0007
POL-20260606-0020,EVT-20260606-0047
POL-20260606-0021,EVT-20260604-0020
POL-20260606-0022,EVT-20260606-0024
POL-20260606-0023,EVT-20260605-0056
POL-20260606-0024,EVT-20260606-0023
POL-20260606-0025,EVT-20260605-0038
POL-20260606-0026,EVT-20260606-0016
POL-20260606-0027,EVT-20260606-0005
POL-20260606-0028,EVT-20260606-0005
POL-20260606-0029,EVT-20260605-0004
POL-20260606-0030,EVT-20260606-0045
POL-20260606-0031,EVT-20260606-0003
POL-20260606-0032,EVT-20260605-0019
POL-20260606-0033,EVT-20260606-0004
POL-20260606-0034,EVT-20260605-0022
POL-20260606-0035,EVT-20260606-0023
POL-20260606-0036,EVT-20260606-0001
POL-20260606-0037,EVT-20260605-0040
POL-20260606-0038,EVT-20260606-0012
POL-20260606-0039,EVT-20260606-0036
POL-20260606-0040,EVT-20260606-0005
POL-20260606-0041,EVT-20260605-0039
POL-20260606-0042,EVT-20260606-0044
POL-20260606-0043,EVT-20260605-0038
POL-20260606-0044,EVT-20260606-0040
POL-20260606-0045,EVT-20260606-0046
POL-20260606-0046,EVT-20260605-0057
POL-20260606-0047,EVT-20260606-0010
POL-20260606-0048,EVT-20260606-0027
POL-20260606-0049,EVT-20260531-0038
POL-20260606-0050,EVT-20260606-0013
POL-20260606-0051,EVT-20260606-0030
POL-20260606-0052,EVT-20260606-0014
POL-20260606-0053,EVT-20260606-0041
POL-20260606-0054,EVT-20260605-0015
POL-20260606-0055,EVT-20260606-0002
POL-20260606-0056,EVT-20260606-0046
POL-20260606-0057,EVT-20260605-0020
POL-20260606-0058,EVT-20260606-0043
POL-20260606-0059,EVT-20260606-0034
POL-20260606-0060,EVT-20260606-0033
POL-20260606-0061,EVT-20260606-0022
POL-20260606-0062,EVT-20260606-0020
POL-20260606-0063,EVT-20260606-0011
POL-20260606-0064,EVT-20260606-0025
POL-20260606-0065,EVT-20260606-0015
POL-20260606-0066,EVT-20260606-0019
POL-20260606-0067,EVT-20260606-0033
POL-20260606-0068,EVT-20260606-0032
POL-20260606-0069,EVT-20260606-0009
POL-20260606-0070,EVT-20260606-0008
POL-20260606-0071,EVT-20260606-0001
POL-20260606-0072,EVT-20260606-0001
POL-20260606-0073,EVT-20260606-0013
POL-20260606-0074,EVT-20260606-0032
POL-20260606-0075,EVT-20260606-0042
POL-20260606-0076,EVT-20260606-0018
POL-20260607-0001,EVT-20260607-0035
POL-20260607-0002,EVT-20260605-0061
POL-20260607-0003,EVT-20260607-0016
POL-20260607-0004,EVT-20260607-0021
POL-20260607-0005,EVT-20260606-0042
POL-20260607-0006,EVT-20260606-0008
POL-20260607-0007,EVT-20260607-0021
POL-20260607-0008,EVT-20260607-0041
POL-20260607-0009,EVT-20260606-0009
POL-20260607-0010,EVT-20260607-0018
POL-20260607-0011,EVT-20260606-0032
POL-20260607-0012,EVT-20260606-0029
POL-20260607-0013,EVT-20260607-0040
POL-20260607-0014,EVT-20260606-0025
POL-20260607-0015,EVT-20260606-0048
POL-20260607-0016,EVT-20260606-0023
POL-20260607-0017,EVT-20260603-0025
POL-20260607-0018,EVT-20260607-0005
POL-20260607-0019,EVT-20260607-0047
POL-20260607-0020,EVT-20260607-0008
POL-20260607-0021,EVT-20260607-0009
POL-20260607-0022,EVT-20260607-0036
POL-20260607-0023,EVT-20260606-0010
POL-20260607-0024,EVT-20260607-0043
POL-20260607-0025,EVT-20260607-0028
POL-20260607-0026,EVT-20260607-0007
POL-20260607-0027,EVT-20260607-0031
POL-20260607-0028,EVT-20260607-0030
POL-20260607-0029,EVT-20260606-0006
POL-20260607-0030,EVT-20260607-0032
POL-20260607-0031,EVT-20260607-0025
POL-20260607-0032,EVT-20260607-0036
POL-20260607-0033,EVT-20260607-0050
POL-20260607-0034,EVT-20260606-0037
POL-20260607-0035,EVT-20260607-0044
POL-20260607-0036,EVT-20260606-0039
POL-20260607-0037,EVT-20260606-0035
POL-20260607-0038,EVT-20260607-0004
POL-20260607-0039,EVT-20260607-0038
POL-20260607-0040,EVT-20260607-0022
POL-20260607-0041,EVT-20260607-0033
POL-20260607-0042,EVT-20260607-0010
POL-20260607-0043,EVT-20260607-0036
POL-20260607-0044,EVT-20260607-0015
POL-20260607-0045,EVT-20260607-0012
POL-20260607-0046,EVT-20260607-0021
POL-20260607-0047,EVT-20260607-0006
POL-20260607-0048,EVT-20260607-0051
POL-20260607-0049,EVT-20260607-0011
POL-20260607-0050,EVT-20260607-0001
POL-20260607-0051,EVT-20260606-0031
POL-20260607-0052,EVT-20260607-0011
POL-20260607-0053,EVT-20260607-0034
POL-20260607-0054,EVT-20260607-0001
POL-20260607-0055,EVT-20260607-0002
POL-20260607-0056,EVT-20260607-0017
POL-20260607-0057,EVT-20260607-0045
POL-20260607-0058,EVT-20260607-0017
POL-20260607-0059,EVT-20260607-0039
POL-20260607-0060,EVT-20260607-0046
POL-20260607-0061,EVT-20260607-0029
POL-20260607-0062,EVT-20260607-0020
POL-20260608-0001,EVT-20260607-0022
POL-20260608-0002,EVT-20260608-0020
POL-20260608-0003,EVT-20260607-0019
POL-20260608-0004,EVT-20260608-0022
POL-20260608-0005,EVT-20260607-0011
POL-20260608-0006,EVT-20260607-0044
POL-20260608-0007,EVT-20260608-0047
POL-20260608-0008,EVT-20260607-0011
POL-20260608-0009,EVT-20260607-0049
POL-20260608-0010,EVT-20260608-0016
POL-20260608-0011,EVT-20260607-0030
POL-20260608-0012,EVT-20260607-0020
POL-20260608-0013,EVT-20260607-0020
POL-20260608-0014,EVT-20260608-0010
POL-20260608-0015,EVT-20260608-0008
POL-20260608-0016,EVT-20260607-0023
POL-20260608-0017,EVT-20260607-0027
POL-20260608-0018,EVT-20260608-0028
POL-20260608-0019,EVT-20260608-0040
POL-20260608-0020,EVT-20260607-0012
POL-20260608-0021,EVT-20260607-0048
POL-20260608-0022,EVT-20260608-0005
POL-20260608-0023,EVT-20260608-0047
POL-20260608-0024,EVT-20260608-0026
POL-20260608-0025,EVT-20260607-0013
POL-20260608-0026,EVT-20260607-0044
POL-20260608-0027,EVT-20260608-0044
POL-20260608-0028,EVT-20260607-0003
POL-20260608-0029,EVT-20260608-0030
POL-20260608-0030,EVT-20260608-0013
POL-20260608-0031,EVT-20260608-0019
POL-20260608-0032,EVT-20260608-0035
POL-20260608-0033,EVT-20260608-0002
POL-20260608-0034,EVT-20260608-0046
POL-20260608-0035,EVT-20260608-0054
POL-20260608-0036,EVT-20260608-0057
POL-20260608-0037,EVT-20260608-0052
POL-20260608-0038,EVT-20260608-0031
POL-20260608-0039,EVT-20260608-0020
POL-20260608-0040,EVT-20260608-0045
POL-20260608-0041,EVT-20260607-0046
POL-20260608-0042,EVT-20260608-0003
POL-20260608-0043,EVT-20260607-0030
POL-20260608-0044,EVT-20260607-0042
POL-20260608-0045,EVT-20260608-0055
POL-20260608-0046,EVT-20260608-0049
POL-20260608-0047,EVT-20260608-0017
POL-20260608-0048,EVT-20260608-0018
POL-20260608-0049,EVT-20260608-0024
POL-20260608-0050,EVT-20260608-0038
POL-20260608-0051,EVT-20260607-0026
POL-20260608-0052,EVT-20260608-0006
POL-20260608-0053,EVT-20260608-0004
POL-20260608-0054,EVT-20260608-0034
POL-20260608-0055,EVT-20260608-0043
POL-20260608-0056,EVT-20260608-0049
POL-20260608-0057,EVT-20260608-0058
POL-20260608-0058,EVT-20260608-0001
POL-20260608-0059,EVT-20260608-0039
POL-20260608-0060,EVT-20260608-0001
POL-20260608-0061,EVT-20260605-0021
POL-20260608-0062,EVT-20260608-0059
POL-20260608-0063,EVT-20260608-0048
POL-20260608-0064,EVT-20260608-0029
POL-20260608-0065,EVT-20260608-0014
POL-20260608-0066,EVT-20260608-0021
POL-20260608-0067,EVT-20260608-0011
POL-20260608-0068,EVT-20260608-0050
POL-20260608-0069,EVT-20260608-0009
POL-20260608-0070,EVT-20260608-0007
POL-20260608-0071,EVT-20260608-0032
POL-20260608-0072,EVT-20260608-0056
POL-20260608-0073,EVT-20260608-0042
POL-20260608-0074,EVT-20260608-0037
POL-20260609-0001,EVT-20260609-0021
POL-20260609-0002,EVT-20260607-0014
POL-20260609-0003,EVT-20260609-0038
POL-20260609-0004,EVT-20260609-0008
POL-20260609-0005,EVT-20260607-0008
POL-20260609-0006,EVT-20260608-0027
POL-20260609-0007,EVT-20260609-0028
POL-20260609-0008,EVT-20260609-0005
POL-20260609-0009,EVT-20260608-0025
POL-20260609-0010,EVT-20260608-0033
POL-20260609-0011,EVT-20260609-0044
POL-20260609-0012,EVT-20260608-0023
POL-20260609-0013,EVT-20260609-0030
POL-20260609-0014,EVT-20260609-0002
POL-20260609-0015,EVT-20260609-0006
POL-20260609-0016,EVT-20260609-0032
POL-20260609-0017,EVT-20260609-0006
POL-20260609-0018,EVT-20260608-0015
POL-20260609-0019,EVT-20260609-0042
POL-20260609-0020,EVT-20260609-0010
POL-20260609-0021,EVT-20260609-0009
POL-20260609-0022,EVT-20260609-0003
POL-20260609-0023,EVT-20260606-0021
POL-20260609-0024,EVT-20260607-0037
POL-20260609-0025,EVT-20260609-0036
POL-20260609-0026,EVT-20260608-0021
POL-20260609-0027,EVT-20260606-0032
POL-20260609-0028,EVT-20260609-0014
POL-20260609-0029,EVT-20260609-0039
POL-20260609-0030,EVT-20260609-0026
POL-20260609-0031,EVT-20260609-0004
POL-20260609-0032,EVT-20260609-0010
POL-20260609-0033,EVT-20260608-0041
POL-20260609-0034,EVT-20260609-0023
POL-20260609-0035,EVT-20260609-0026
POL-20260609-0036,EVT-20260609-0035
POL-20260609-0037,EVT-20260609-0007
POL-20260609-0038,EVT-20260609-0029
POL-20260609-0039,EVT-20260609-0033
POL-20260609-0040,EVT-20260609-0010
POL-20260609-0041,EVT-20260609-0024
POL-20260609-0042,EVT-20260609-0015
POL-20260609-0043,EVT-20260609-0045
POL-20260609-0044,EVT-20260609-0001
POL-20260609-0045,EVT-20260609-0035
POL-20260609-0046,EVT-20260609-0031
POL-20260609-0047,EVT-20260609-0034
POL-20260609-0048,EVT-20260609-0037
POL-20260609-0049,EVT-20260609-0041
POL-20260609-0050,EVT-20260609-0041
POL-20260609-0051,EVT-20260609-0017
POL-20260609-0052,EVT-20260609-0046
POL-20260609-0053,EVT-20260609-0016
POL-20260609-0054,EVT-20260609-0022
POL-20260609-0055,EVT-20260609-0018
POL-20260609-0056,EVT-20260609-0041
POL-20260610-0001,EVT-20260609-0035
POL-20260610-0002,EVT-20260609-0011
POL-20260610-0003,EVT-20260609-0026
POL-20260610-0004,EVT-20260610-0051
POL-20260610-0005,EVT-20260610-0014
POL-20260610-0006,EVT-20260609-0040
POL-20260610-0007,EVT-20260609-0012
POL-20260610-0008,EVT-20260609-0020
POL-20260610-0009,EVT-20260610-0032
POL-20260610-0010,EVT-20260609-0018
POL-20260610-0011,EVT-20260609-0025
POL-20260610-0012,EVT-20260610-0043
POL-20260610-0013,EVT-20260610-0023
POL-20260610-0014,EVT-20260609-0041
POL-20260610-0015,EVT-20260608-0012
POL-20260610-0016,EVT-20260610-0010
POL-20260610-0017,EVT-20260610-0045
POL-20260610-0018,EVT-20260609-0013
POL-20260610-0019,EVT-20260610-0036
POL-20260610-0020,EVT-20260610-0028
POL-20260610-0021,EVT-20260610-0047
POL-20260610-0022,EVT-20260610-0008
POL-20260610-0023,EVT-20260610-0014
POL-20260610-0024,EVT-20260610-0039
POL-20260610-0025,EVT-20260610-0004
POL-20260610-0026,EVT-20260609-0040
POL-20260610-0027,EVT-20260610-0042
POL-20260610-0028,EVT-20260610-0027
POL-20260610-0029,EVT-20260610-0053
POL-20260610-0030,EVT-20260610-0008
POL-20260610-0031,EVT-20260610-0019
POL-20260610-0032,EVT-20260608-0003
POL-20260610-0033,EVT-20260610-0019
POL-20260610-0034,EVT-20260610-0008
POL-20260610-0035,EVT-20260610-0046
POL-20260610-0036,EVT-20260610-0030
POL-20260610-0037,EVT-20260610-0034
POL-20260610-0038,EVT-20260610-0016
POL-20260610-0039,EVT-20260610-0044
POL-20260610-0040,EVT-20260610-0055
POL-20260610-0041,EVT-20260610-0007
POL-20260610-0042,EVT-20260610-0041
POL-20260610-0043,EVT-20260609-0003
POL-20260610-0044,EVT-20260610-0031
POL-20260610-0045,EVT-20260610-0011
POL-20260610-0046,EVT-20260610-0033
POL-20260610-0047,EVT-20260609-0019
POL-20260610-0048,EVT-20260610-0003
POL-20260610-0049,EVT-20260610-0041
POL-20260610-0050,EVT-20260610-0001
POL-20260610-0051,EVT-20260610-0048
POL-20260610-0052,EVT-20260610-0025
POL-20260610-0053,EVT-20260610-0021
POL-20260610-0054,EVT-20260610-0017
POL-20260610-0055,EVT-20260610-0041
POL-20260610-0056,EVT-20260607-0024
POL-20260610-0057,EVT-20260609-0003
POL-20260610-0058,EVT-20260610-0013
POL-20260610-0059,EVT-20260610-0006
POL-20260610-0060,EVT-20260610-0054
POL-20260610-0061,EVT-20260610-0050
POL-20260610-0062,EVT-20260610-0005
POL-20260610-0063,EVT-20260610-0026
POL-20260610-0064,EVT-20260610-0029
POL-20260610-0065,EVT-20260610-0037
POL-20260610-0066,EVT-20260609-0047
POL-20260610-0067,EVT-20260610-0052
POL-20260610-0068,EVT-20260610-0035
POL-20260610-0069,EVT-20260610-0022
POL-20260610-0070,EVT-20260610-0015
POL-20260611-0001,EVT-20260611-0050
POL-20260611-0002,EVT-20260611-0047
POL-20260611-0003,EVT-20260611-0023
POL-20260611-0004,EVT-20260611-0006
POL-20260611-0005,EVT-20260610-0007
POL-20260611-0006,EVT-20260610-0047
POL-20260611-0007,EVT-20260610-0007
POL-20260611-0008,EVT-20260610-0033
POL-20260611-0009,EVT-20260608-0051
POL-20260611-0010,EVT-20260610-0007
POL-20260611-0011,EVT-20260610-0009
POL-20260611-0012,EVT-20260610-0018
POL-20260611-0013,EVT-20260610-0005
POL-20260611-0014,EVT-20260610-0049
POL-20260611-0015,EVT-20260610-0040
POL-20260611-0016,EVT-20260611-0032
POL-20260611-0017,EVT-20260610-0020
POL-20260611-0018,EVT-20260611-0016
POL-20260611-0019,EVT-20260611-0050
POL-20260611-0020,EVT-20260611-0022
POL-20260611-0021,EVT-20260611-0003
POL-20260611-0022,EVT-20260611-0009
POL-20260611-0023,EVT-20260611-0038
POL-20260611-0024,EVT-20260610-0038
POL-20260611-0025,EVT-20260611-0031
POL-20260611-0026,EVT-20260611-0004
POL-20260611-0027,EVT-20260611-0046
POL-20260611-0028,EVT-20260611-0023
POL-20260611-0029,EVT-20260611-0023
POL-20260611-0030,EVT-20260611-0013
POL-20260611-0031,EVT-20260611-0014
POL-20260611-0032,EVT-20260611-0053
POL-20260611-0033,EVT-20260611-0042
POL-20260611-0034,EVT-20260610-0002
POL-20260611-0035,EVT-20260611-0054
POL-20260611-0036,EVT-20260610-0054
POL-20260611-0037,EVT-20260611-0057
POL-20260611-0038,EVT-20260611-0028
POL-20260611-0039,EVT-20260611-0059
POL-20260611-0040,EVT-20260611-0024
POL-20260611-0041,EVT-20260611-0012
POL-20260611-0042,EVT-20260611-0052
POL-20260611-0043,EVT-20260611-0014
POL-20260611-0044,EVT-20260611-0017
POL-20260611-0045,EVT-20260611-0015
POL-20260611-0046,EVT-20260611-0029
POL-20260611-0047,EVT-20260611-0023
POL-20260611-0048,EVT-20260611-0043
POL-20260611-0049,EVT-20260611-0040
POL-20260611-0050,EVT-20260611-0048
POL-20260611-0051,EVT-20260611-0008
POL-20260611-0052,EVT-20260611-0055
POL-20260611-0053,EVT-20260611-0021
POL-20260611-0054,EVT-20260611-0035
POL-20260611-0055,EVT-20260611-0019
POL-20260611-0056,EVT-20260611-0008
POL-20260611-0057,EVT-20260611-0002
POL-20260611-0058,EVT-20260611-0033
POL-20260611-0059,EVT-20260611-0008
POL-20260611-0060,EVT-20260611-0017
POL-20260611-0061,EVT-20260611-0025
POL-20260611-0062,EVT-20260611-0039
POL-20260611-0063,EVT-20260611-0030
POL-20260611-0064,EVT-20260610-0024
POL-20260611-0065,EVT-20260611-0026
POL-20260611-0066,EVT-20260611-0057
POL-20260611-0067,EVT-20260611-0008
POL-20260611-0068,EVT-20260611-0056
POL-20260611-0069,EVT-20260611-0018
POL-20260611-0070,EVT-20260611-0056
POL-20260611-0071,EVT-20260611-0001
POL-20260611-0072,EVT-20260611-0049
POL-20260611-0073,EVT-20260611-0058
POL-20260611-0074,EVT-20260611-0010
POL-20260611-0075,EVT-20260611-0036
POL-20260611-0076,EVT-20260610-0019
POL-20260612-0001,EVT-20260609-0043
POL-20260612-0002,EVT-20260611-0041
POL-20260612-0003,EVT-20260610-0012
POL-20260612-0004,EVT-20260612-0040
POL-20260612-0005,EVT-20260612-0032
POL-20260612-0006,EVT-20260611-0036
POL-20260612-0007,EVT-20260611-0001
POL-20260612-0008,EVT-20260611-0051
POL-20260612-0009,EVT-20260612-0042
POL-20260612-0010,EVT-20260611-0045
POL-20260612-0011,EVT-20260611-0020
POL-20260612-0012,EVT-20260612-0016
POL-20260612-0013,EVT-20260612-0042
POL-20260612-0014,EVT-20260610-0047
POL-20260612-0015,EVT-20260610-0002
POL-20260612-0016,EVT-20260611-0034
POL-20260612-0017,EVT-20260612-0016
POL-20260612-0018,EVT-20260612-0039
POL-20260612-0019,EVT-20260612-0007
POL-20260612-0020,EVT-20260611-0007
POL-20260612-0021,EVT-20260612-0011
POL-20260612-0022,EVT-20260612-0032
POL-20260612-0023,EVT-20260612-0028
POL-20260612-0024,EVT-20260612-0037
POL-20260612-0025,EVT-20260611-0058
POL-20260612-0026,EVT-20260611-0058
POL-20260612-0027,EVT-20260612-0039
POL-20260612-0028,EVT-20260612-0023
POL-20260612-0029,EVT-20260612-0012
POL-20260612-0030,EVT-20260612-0010
POL-20260612-0031,EVT-20260612-0022
POL-20260612-0032,EVT-20260612-0033
POL-20260612-0033,EVT-20260611-0027
POL-20260612-0034,EVT-20260612-0029
POL-20260612-0035,EVT-20260612-0034
POL-20260612-0036,EVT-20260611-0005
POL-20260612-0037,EVT-20260612-0040
POL-20260612-0038,EVT-20260612-0029
POL-20260612-0039,EVT-20260612-0030
POL-20260612-0040,EVT-20260612-0036
POL-20260612-0041,EVT-20260612-0009
POL-20260612-0042,EVT-20260608-0036
POL-20260612-0043,EVT-20260612-0009
POL-20260612-0044,EVT-20260612-0015
POL-20260612-0045,EVT-20260612-0021
POL-20260612-0046,EVT-20260612-0013
POL-20260612-0047,EVT-20260612-0003
POL-20260612-0048,EVT-20260612-0035
POL-20260612-0049,EVT-20260612-0031
POL-20260612-0050,EVT-20260612-0004
POL-20260612-0051,EVT-20260612-0003
POL-20260612-0052,EVT-20260612-0043
POL-20260612-0053,EVT-20260612-0031
POL-20260612-0054,EVT-20260612-0018
POL-20260612-0055,EVT-20260612-0025
POL-20260612-0056,EVT-20260612-0019
POL-20260612-0057,EVT-20260612-0004
POL-20260612-0058,EVT-20260612-0006
POL-20260613-0001,EVT-20260613-0016
POL-20260613-0002,EVT-20260613-0050
POL-20260613-0003,EVT-20260612-0001
POL-20260613-0004,EVT-20260613-0006
POL-20260613-0005,EVT-20260612-0038
POL-20260613-0006,EVT-20260612-0003
POL-20260613-0007,EVT-20260613-0012
POL-20260613-0008,EVT-20260613-0004
POL-20260613-0009,EVT-20260613-0004
POL-20260613-0010,EVT-20260613-0035
POL-20260613-0011,EVT-20260613-0041
POL-20260613-0012,EVT-20260612-0026
POL-20260613-0013,EVT-20260612-0041
POL-20260613-0014,EVT-20260613-0014
POL-20260613-0015,EVT-20260613-0022
POL-20260613-0016,EVT-20260613-0001
POL-20260613-0017,EVT-20260613-0053
POL-20260613-0018,EVT-20260613-0041
POL-20260613-0019,EVT-20260612-0002
POL-20260613-0020,EVT-20260613-0018
POL-20260613-0021,EVT-20260613-0039
POL-20260613-0022,EVT-20260613-0019
POL-20260613-0023,EVT-20260613-0051
POL-20260613-0024,EVT-20260613-0023
POL-20260613-0025,EVT-20260613-0023
POL-20260613-0026,EVT-20260613-0049
POL-20260613-0027,EVT-20260613-0007
POL-20260613-0028,EVT-20260613-0038
POL-20260613-0029,EVT-20260613-0037
POL-20260613-0030,EVT-20260613-0037
POL-20260613-0031,EVT-20260613-0042
POL-20260613-0032,EVT-20260613-0042
POL-20260613-0033,EVT-20260613-0023
POL-20260613-0034,EVT-20260613-0030
POL-20260613-0035,EVT-20260612-0005
POL-20260613-0036,EVT-20260613-0037
POL-20260613-0037,EVT-20260609-0027
POL-20260613-0038,EVT-20260613-0052
POL-20260613-0039,EVT-20260612-0031
POL-20260613-0040,EVT-20260613-0047
POL-20260613-0041,EVT-20260613-0043
POL-20260613-0042,EVT-20260612-0014
POL-20260613-0043,EVT-20260613-0020
POL-20260613-0044,EVT-20260613-0034
POL-20260613-0045,EVT-20260613-0009
POL-20260613-0046,EVT-20260613-0028
POL-20260613-0047,EVT-20260608-0053
POL-20260613-0048,EVT-20260613-0019
POL-20260613-0049,EVT-20260612-0026
POL-20260613-0050,EVT-20260613-0042
POL-20260613-0051,EVT-20260613-0026
POL-20260613-0052,EVT-20260613-0011
POL-20260613-0053,EVT-20260613-0015
POL-20260613-0054,EVT-20260613-0046
POL-20260613-0055,EVT-20260612-0008
POL-20260613-0056,EVT-20260613-0011
POL-20260613-0057,EVT-20260613-0045
POL-20260613-0058,EVT-20260613-0036
POL-20260613-0059,EVT-20260613-0044
POL-20260613-0060,EVT-20260613-0029
POL-20260613-0061,EVT-20260613-0029
POL-20260613-0062,EVT-20260613-0033
POL-20260613-0063,EVT-20260613-0025
POL-20260613-0064,EVT-20260613-0032
POL-20260613-0065,EVT-20260613-0011
POL-20260613-0066,EVT-20260613-0040
POL-20260613-0067,EVT-20260613-0011
POL-20260613-0068,EVT-20260613-0031
POL-20260613-0069,EVT-20260613-0039
POL-20260613-0070,EVT-20260613-0048
POL-20260613-0071,EVT-20260613-0003
POL-20260613-0072,EVT-20260611-0011
POL-20260613-0073,EVT-20260613-0008
POL-20260613-0074,EVT-20260613-0017
POL-20260613-0075,EVT-20260613-0027
POL-20260613-0076,EVT-20260613-0021
POL-20260613-0077,EVT-20260613-0010
POL-20260613-0078,EVT-20260613-0002
POL-20260613-0079,EVT-20260612-0027
POL-20260613-0080,EVT-20260613-0024
POL-20260613-0081,EVT-20260613-0005
POL-20260613-0082,EVT-20260613-0053
POL-20260613-0083,EVT-20260612-0020
POL-20260613-0084,EVT-20260613-0029
POL-20260614-0001,EVT-20260614-0050
POL-20260614-0002,EVT-20260613-0034
POL-20260614-0003,EVT-20260614-0004
POL-20260614-0004,EVT-20260613-0001
POL-20260614-0005,EVT-20260613-0014
POL-20260614-0006,EVT-20260614-0019
POL-20260614-0007,EVT-20260614-0019
POL-20260614-0008,EVT-20260613-0043
POL-20260614-0009,EVT-20260613-0036
POL-20260614-0010,EVT-20260614-0010
POL-20260614-0011,EVT-20260614-0014
POL-20260614-0012,EVT-20260612-0024
POL-20260614-0013,EVT-20260614-0013
POL-20260614-0014,EVT-20260614-0053
POL-20260614-0015,EVT-20260614-0030
POL-20260614-0016,EVT-20260614-0018
POL-20260614-0017,EVT-20260613-0021
POL-20260614-0018,EVT-20260613-0037
POL-20260614-0019,EVT-20260614-0023
POL-20260614-0020,EVT-20260611-0044
POL-20260614-0021,EVT-20260614-0024
POL-20260614-0022,EVT-20260614-0007
POL-20260614-0023,EVT-20260614-0025
POL-20260614-0024,EVT-20260612-0017
POL-20260614-0025,EVT-20260614-0015
POL-20260614-0026,EVT-20260614-0050
POL-20260614-0027,EVT-20260614-0036
POL-20260614-0028,EVT-20260614-0005
POL-20260614-0029,EVT-20260614-0008
POL-20260614-0030,EVT-20260614-0029
POL-20260614-0031,EVT-20260614-0003
POL-20260614-0032,EVT-20260614-0046
POL-20260614-0033,EVT-20260614-0006
POL-20260614-0034,EVT-20260614-0017
POL-20260614-0035,EVT-20260614-0028
POL-20260614-0036,EVT-20260614-0034
POL-20260614-0037,EVT-20260614-0024
POL-20260614-0038,EVT-20260614-0012
POL-20260614-0039,EVT-20260614-0049
POL-20260614-0040,EVT-20260614-0037
POL-20260614-0041,EVT-20260614-0041
POL-20260614-0042,EVT-20260614-0001
POL-20260614-0043,EVT-20260614-0051
POL-20260614-0044,EVT-20260614-0009
POL-20260614-0045,EVT-20260614-0026
POL-20260614-0046,EVT-20260614-0002
POL-20260614-0047,EVT-20260614-0042
POL-20260614-0048,EVT-20260614-0040
POL-20260614-0049,EVT-20260614-0016
POL-20260614-0050,EVT-20260614-0035
POL-20260614-0051,EVT-20260613-0029
POL-20260614-0052,EVT-20260614-0035
POL-20260614-0053,EVT-20260614-0031
POL-20260614-0054,EVT-20260614-0044
POL-20260614-0055,EVT-20260614-0047
POL-20260614-0056,EVT-20260614-0045
POL-20260614-0057,EVT-20260613-0013
POL-20260614-0058,EVT-20260614-0020
POL-20260615-0001,EVT-20260614-0039
POL-20260615-0002,EVT-20260614-0022
POL-20260615-0003,EVT-20260614-0040
POL-20260615-0004,EVT-20260614-0038
POL-20260615-0005,EVT-20260614-0011
POL-20260615-0006,EVT-20260614-0043
POL-20260615-0007,EVT-20260615-0005
POL-20260615-0008,EVT-20260614-0033
POL-20260615-0009,EVT-20260614-0032
POL-20260615-0010,EVT-20260614-0027
POL-20260615-0011,EVT-20260615-0013
POL-20260615-0012,EVT-20260615-0024
POL-20260615-0013,EVT-20260615-0032
POL-20260615-0014,EVT-20260615-0021
POL-20260615-0015,EVT-20260614-0024
POL-20260615-0016,EVT-20260615-0020
POL-20260615-0017,EVT-20260615-0039
POL-20260615-0018,EVT-20260614-0044
POL-20260615-0019,EVT-20260615-0030
POL-20260615-0020,EVT-20260615-0027
POL-20260615-0021,EVT-20260615-0023
POL-20260615-0022,EVT-20260615-0024
POL-20260615-0023,EVT-20260615-0043
POL-20260615-0024,EVT-20260615-0008
POL-20260615-0025,EVT-20260614-0021
POL-20260615-0026,EVT-20260615-0028
POL-20260615-0027,EVT-20260615-0025
POL-20260615-0028,EVT-20260615-0020
POL-20260615-0029,EVT-20260615-0019
POL-20260615-0030,EVT-20260615-0033
POL-20260615-0031,EVT-20260615-0005
POL-20260615-0032,EVT-20260615-0001
POL-20260615-0033,EVT-20260615-0018
POL-20260615-0034,EVT-20260614-0045
POL-20260615-0035,EVT-20260615-0042
POL-20260615-0036,EVT-20260615-0016
POL-20260615-0037,EVT-20260615-0009
POL-20260615-0038,EVT-20260615-0018
POL-20260615-0039,EVT-20260613-0052
POL-20260615-0040,EVT-20260615-0006
POL-20260615-0041,EVT-20260611-0037
POL-20260615-0042,EVT-20260615-0039
POL-20260615-0043,EVT-20260614-0048
POL-20260615-0044,EVT-20260614-0035
POL-20260615-0045,EVT-20260615-0039
POL-20260615-0046,EVT-20260614-0045
POL-20260615-0047,EVT-20260615-0016
POL-20260615-0048,EVT-20260615-0029
POL-20260615-0049,EVT-20260615-0014
POL-20260615-0050,EVT-20260615-0037
POL-20260615-0051,EVT-20260615-0011
POL-20260615-0052,EVT-20260615-0040
POL-20260615-0053,EVT-20260615-0002
POL-20260615-0054,EVT-20260615-0007
POL-20260615-0055,EVT-20260615-0003
POL-20260615-0056,EVT-20260615-0026
POL-20260615-0057,EVT-20260614-0035
POL-20260615-0058,EVT-20260615-0034
POL-20260615-0059,EVT-20260615-0012
POL-20260615-0060,EVT-20260614-0050
POL-20260615-0061,EVT-20260615-0035
POL-20260615-0062,EVT-20260615-0015
POL-20260615-0063,EVT-20260615-0022
POL-20260616-0001,EVT-20260616-0022
POL-20260616-0002,EVT-20260615-0036
POL-20260616-0003,EVT-20260615-0015
POL-20260616-0004,EVT-20260615-0004
POL-20260616-0005,EVT-20260615-0031
POL-20260616-0006,EVT-20260616-0040
POL-20260616-0007,EVT-20260615-0041
POL-20260616-0008,EVT-20260616-0046
POL-20260616-0009,EVT-20260615-0017
POL-20260616-0010,EVT-20260616-0039
POL-20260616-0011,EVT-20260616-0022
POL-20260616-0012,EVT-20260615-0006
POL-20260616-0013,EVT-20260615-0031
POL-20260616-0014,EVT-20260614-0021
POL-20260616-0015,EVT-20260614-0024
POL-20260616-0016,EVT-20260616-0022
POL-20260616-0017,EVT-20260616-0035
POL-20260616-0018,EVT-20260616-0032
POL-20260616-0019,EVT-20260612-0043
POL-20260616-0020,EVT-20260615-0018
POL-20260616-0021,EVT-20260616-0029
POL-20260616-0022,EVT-20260616-0007
POL-20260616-0023,EVT-20260616-0004
POL-20260616-0024,EVT-20260616-0027
POL-20260616-0025,EVT-20260616-0034
POL-20260616-0026,EVT-20260616-0038
POL-20260616-0027,EVT-20260616-0013
POL-20260616-0028,EVT-20260616-0005
POL-20260616-0029,EVT-20260616-0046
POL-20260616-0030,EVT-20260615-0041
POL-20260616-0031,EVT-20260616-0010
POL-20260616-0032,EVT-20260616-0011
POL-20260616-0033,EVT-20260616-0018
POL-20260616-0034,EVT-20260616-0003
POL-20260616-0035,EVT-20260616-0043
POL-20260616-0036,EVT-20260616-0041
POL-20260616-0037,EVT-20260615-0031
POL-20260616-0038,EVT-20260615-0010
POL-20260616-0039,EVT-20260616-0018
POL-20260616-0040,EVT-20260615-0037
POL-20260616-0041,EVT-20260616-0042
POL-20260616-0042,EVT-20260616-0023
POL-20260616-0043,EVT-20260616-0008
POL-20260616-0044,EVT-20260616-0036
POL-20260616-0045,EVT-20260616-0017
POL-20260616-0046,EVT-20260616-0009
POL-20260616-0047,EVT-20260616-0052
POL-20260616-0048,EVT-20260616-0048
POL-20260616-0049,EVT-20260616-0050
POL-20260616-0050,EVT-20260616-0051
POL-20260616-0051,EVT-20260616-0038
POL-20260616-0052,EVT-20260616-0037
POL-20260616-0053,EVT-20260616-0033
POL-20260616-0054,EVT-20260616-0024
POL-20260616-0055,EVT-20260616-0052
POL-20260616-0056,EVT-20260616-0025
POL-20260616-0057,EVT-20260616-0020
POL-20260616-0058,EVT-20260616-0052
POL-20260616-0059,EVT-20260616-0026
POL-20260616-0060,EVT-20260616-0006
POL-20260616-0061,EVT-20260616-0014
POL-20260616-0062,EVT-20260616-0047
POL-20260616-0063,EVT-20260616-0049
POL-20260616-0064,EVT-20260616-0019
POL-20260616-0065,EVT-20260616-0028
POL-20260616-0066,EVT-20260615-0018
POL-20260616-0067,EVT-20260616-0021
POL-20260616-0068,EVT-20260616-0015
POL-20260616-0069,EVT-20260616-0054
POL-20260616-0070,EVT-20260616-0031
POL-20260616-0071,EVT-20260616-0002
POL-20260617-0001,EVT-20260617-0042
POL-20260617-0002,EVT-20260616-0001
POL-20260617-0003,EVT-20260616-0044
POL-20260617-0004,EVT-20260617-0039
POL-20260617-0005,EVT-20260616-0048
POL-20260617-0006,EVT-20260616-0016
POL-20260617-0007,EVT-20260616-0045
POL-20260617-0008,EVT-20260617-0027
POL-20260617-0009,EVT-20260617-0002
POL-20260617-0010,EVT-20260617-0030
POL-20260617-0011,EVT-20260617-0037
POL-20260617-0012,EVT-20260615-0038
POL-20260617-0013,EVT-20260617-0022
POL-20260617-0014,EVT-20260616-0053
POL-20260617-0015,EVT-20260617-0006
POL-20260617-0016,EVT-20260616-0045
POL-20260617-0017,EVT-20260617-0006
POL-20260617-0018,EVT-20260617-0028
POL-20260617-0019,EVT-20260617-0007
POL-20260617-0020,EVT-20260617-0018
POL-20260617-0021,EVT-20260617-0032
POL-20260617-0022,EVT-20260617-0009
POL-20260617-0023,EVT-20260617-0021
POL-20260617-0024,EVT-20260617-0019
POL-20260617-0025,EVT-20260616-0012
POL-20260617-0026,EVT-20260617-0011
POL-20260617-0027,EVT-20260616-0030
POL-20260617-0028,EVT-20260617-0019
POL-20260617-0029,EVT-20260617-0010
POL-20260617-0030,EVT-20260617-0008
POL-20260617-0031,EVT-20260617-0033
POL-20260617-0032,EVT-20260617-0021
POL-20260617-0033,EVT-20260617-0029
POL-20260617-0034,EVT-20260617-0012
POL-20260617-0035,EVT-20260617-0006
POL-20260617-0036,EVT-20260616-0048
POL-20260617-0037,EVT-20260617-0003
POL-20260617-0038,EVT-20260617-0013
POL-20260617-0039,EVT-20260617-0035
POL-20260617-0040,EVT-20260617-0038
POL-20260617-0041,EVT-20260617-0020
POL-20260617-0042,EVT-20260617-0034
POL-20260617-0043,EVT-20260617-0040
POL-20260617-0044,EVT-20260617-0023
POL-20260617-0045,EVT-20260617-0041
POL-20260617-0046,EVT-20260617-0005
POL-20260617-0047,EVT-20260617-0014
POL-20260617-0048,EVT-20260617-0043
POL-20260617-0049,EVT-20260617-0026
POL-20260617-0050,EVT-20260617-0017
POL-20260617-0051,EVT-20260617-0044
POL-20260617-0052,EVT-20260617-0024
POL-20260618-0001,EVT-20260617-0004
POL-20260618-0002,EVT-20260618-0014
POL-20260618-0003,EVT-20260618-0008
POL-20260618-0004,EVT-20260617-0025
POL-20260618-0005,EVT-20260618-0004
POL-20260618-0006,EVT-20260618-0007
POL-20260618-0007,EVT-20260617-0016
POL-20260618-0008,EVT-20260617-0034
POL-20260618-0009,EVT-20260618-0045
POL-20260618-0010,EVT-20260617-0031
POL-20260618-0011,EVT-20260618-0009
POL-20260618-0012,EVT-20260616-0009
POL-20260618-0013,EVT-20260618-0037
POL-20260618-0014,EVT-20260618-0027
POL-20260618-0015,EVT-20260618-0023
POL-20260618-0016,EVT-20260618-0043
POL-20260618-0017,EVT-20260618-0043
POL-20260618-0018,EVT-20260618-0007
POL-20260618-0019,EVT-20260618-0006
POL-20260618-0020,EVT-20260618-0007
POL-20260618-0021,EVT-20260618-0002
POL-20260618-0022,EVT-20260618-0038
POL-20260618-0023,EVT-20260617-0036
POL-20260618-0024,EVT-20260618-0031
POL-20260618-0025,EVT-20260618-0016
POL-20260618-0026,EVT-20260618-0044
POL-20260618-0027,EVT-20260618-0022
POL-20260618-0028,EVT-20260618-0028
POL-20260618-0029,EVT-20260618-0029
POL-20260618-0030,EVT-20260618-0019
POL-20260618-0031,EVT-20260618-0028
POL-20260618-0032,EVT-20260618-0036
POL-20260618-0033,EVT-20260618-0035
POL-20260618-0034,EVT-20260618-0010
POL-20260618-0035,EVT-20260618-0017
POL-20260618-0036,EVT-20260618-0003
POL-20260618-0037,EVT-20260618-0011
POL-20260618-0038,EVT-20260618-0031
POL-20260618-0039,EVT-20260618-0030
POL-20260618-0040,EVT-20260618-0033
POL-20260618-0041,EVT-20260618-0043
POL-20260618-0042,EVT-20260618-0020
POL-20260618-0043,EVT-20260618-0040
POL-20260618-0044,EVT-20260618-0001
POL-20260618-0045,EVT-20260618-0024
POL-20260618-0046,EVT-20260618-0032
POL-20260618-0047,EVT-20260618-0025
POL-20260619-0001,EVT-20260619-0031
POL-20260619-0002,EVT-20260618-0005
POL-20260619-0003,EVT-20260619-0047
POL-20260619-0004,EVT-20260618-0015
POL-20260619-0005,EVT-20260619-0044
POL-20260619-0006,EVT-20260619-0029
POL-20260619-0007,EVT-20260618-0034
POL-20260619-0008,EVT-20260619-0036
POL-20260619-0009,EVT-20260617-0015
POL-20260619-0010,EVT-20260619-0016
POL-20260619-0011,EVT-20260618-0013
POL-20260619-0012,EVT-20260619-0034
POL-20260619-0013,EVT-20260618-0001
POL-20260619-0014,EVT-20260619-0036
POL-20260619-0015,EVT-20260619-0037
POL-20260619-0016,EVT-20260619-0006
POL-20260619-0017,EVT-20260619-0002
POL-20260619-0018,EVT-20260618-0013
POL-20260619-0019,EVT-20260618-0041
POL-20260619-0020,EVT-20260619-0049
POL-20260619-0021,EVT-20260619-0017
POL-20260619-0022,EVT-20260619-0036
POL-20260619-0023,EVT-20260619-0049
POL-20260619-0024,EVT-20260619-0008
POL-20260619-0025,EVT-20260619-0005
POL-20260619-0026,EVT-20260619-0003
POL-20260619-0027,EVT-20260619-0045
POL-20260619-0028,EVT-20260619-0017
POL-20260619-0029,EVT-20260619-0048
POL-20260619-0030,EVT-20260619-0032
POL-20260619-0031,EVT-20260619-0013
POL-20260619-0032,EVT-20260619-0033
POL-20260619-0033,EVT-20260619-0033
POL-20260619-0034,EVT-20260619-0008
POL-20260619-0035,EVT-20260618-0043
POL-20260619-0036,EVT-20260619-0010
POL-20260619-0037,EVT-20260619-0026
POL-20260619-0038,EVT-20260619-0005
POL-20260619-0039,EVT-20260619-0043
POL-20260619-0040,EVT-20260618-0012
POL-20260619-0041,EVT-20260619-0050
POL-20260619-0042,EVT-20260618-0042
POL-20260619-0043,EVT-20260619-0021
POL-20260619-0044,EVT-20260619-0025
POL-20260619-0045,EVT-20260619-0035
POL-20260619-0046,EVT-20260619-0033
POL-20260619-0047,EVT-20260619-0033
POL-20260619-0048,EVT-20260619-0027
POL-20260619-0049,EVT-20260617-0001
POL-20260619-0050,EVT-20260619-0023
POL-20260619-0051,EVT-20260619-0004
POL-20260619-0052,EVT-20260619-0030
POL-20260619-0053,EVT-20260619-0054
POL-20260619-0054,EVT-20260619-0024
POL-20260619-0055,EVT-20260619-0014
POL-20260619-0056,EVT-20260619-0008
POL-20260619-0057,EVT-20260619-0042
POL-20260619-0058,EVT-20260619-0018
POL-20260619-0059,EVT-20260619-0022
POL-20260619-0060,EVT-20260619-0023
POL-20260619-0061,EVT-20260619-0053
POL-20260619-0062,EVT-20260619-0019
POL-20260619-0063,EVT-20260619-0001
POL-20260619-0064,EVT-20260619-0054
POL-20260619-0065,EVT-20260619-0009
POL-20260619-0066,EVT-20260619-0008
POL-20260619-0067,EVT-20260619-0012
POL-20260619-0068,EVT-20260618-0026
POL-20260619-0069,EVT-20260619-0021
POL-20260619-0070,EVT-20260619-0028
POL-20260619-0071,EVT-20260619-0009
POL-20260619-0072,EVT-20260619-0015
POL-20260619-0073,EVT-20260619-0020
POL-20260619-0074,EVT-20260619-0017
POL-20260619-0075,EVT-20260619-0046
POL-20260619-0076,EVT-20260619-0040
POL-20260620-0001,EVT-20260619-0041
POL-20260620-0002,EVT-20260620-0003
POL-20260620-0003,EVT-20260619-0001
POL-20260620-0004,EVT-20260618-0028
POL-20260620-0005,EVT-20260620-0049
POL-20260620-0006,EVT-20260619-0051
POL-20260620-0007,EVT-20260620-0003
POL-20260620-0008,EVT-20260619-0007
POL-20260620-0009,EVT-20260619-0054
POL-20260620-0010,EVT-20260618-0006
POL-20260620-0011,EVT-20260620-0022
POL-20260620-0012,EVT-20260620-0024
POL-20260620-0013,EVT-20260620-0004
POL-20260620-0014,EVT-20260620-0033
POL-20260620-0015,EVT-20260620-0051
POL-20260620-0016,EVT-20260620-0013
POL-20260620-0017,EVT-20260618-0028
POL-20260620-0018,EVT-20260619-0009
POL-20260620-0019,EVT-20260620-0010
POL-20260620-0020,EVT-20260618-0021
POL-20260620-0021,EVT-20260620-0016
POL-20260620-0022,EVT-20260620-0027
POL-20260620-0023,EVT-20260620-0043
POL-20260620-0024,EVT-20260620-0004
POL-20260620-0025,EVT-20260619-0001
POL-20260620-0026,EVT-20260620-0015
POL-20260620-0027,EVT-20260620-0002
POL-20260620-0028,EVT-20260620-0036
POL-20260620-0029,EVT-20260620-0001
POL-20260620-0030,EVT-20260620-0018
POL-20260620-0031,EVT-20260620-0051
POL-20260620-0032,EVT-20260620-0029
POL-20260620-0033,EVT-20260618-0039
POL-20260620-0034,EVT-20260620-0032
POL-20260620-0035,EVT-20260619-0011
POL-20260620-0036,EVT-20260620-0008
POL-20260620-0037,EVT-20260620-0051
POL-20260620-0038,EVT-20260620-0036
POL-20260620-0039,EVT-20260620-0056
POL-20260620-0040,EVT-20260620-0020
POL-20260620-0041,EVT-20260620-0028
POL-20260620-0042,EVT-20260620-0005
POL-20260620-0043,EVT-20260620-0011
POL-20260620-0044,EVT-20260620-0046
POL-20260620-0045,EVT-20260620-0030
POL-20260620-0046,EVT-20260620-0050
POL-20260620-0047,EVT-20260620-0039
POL-20260620-0048,EVT-20260619-0001
POL-20260620-0049,EVT-20260620-0035
POL-20260620-0050,EVT-20260620-0014
POL-20260620-0051,EVT-20260620-0005
POL-20260620-0052,EVT-20260620-0041
POL-20260620-0053,EVT-20260620-0047
POL-20260620-0054,EVT-20260620-0025
POL-20260620-0055,EVT-20260620-0040
POL-20260620-0056,EVT-20260620-0057
POL-20260620-0057,EVT-20260620-0009
POL-20260620-0058,EVT-20260620-0052
POL-20260620-0059,EVT-20260620-0042
POL-20260620-0060,EVT-20260620-0055
POL-20260620-0061,EVT-20260620-0060
POL-20260620-0062,EVT-20260620-0026
POL-20260620-0063,EVT-20260620-0012
POL-20260620-0064,EVT-20260619-0038
POL-20260620-0065,EVT-20260620-0034
POL-20260620-0066,EVT-20260618-0018
POL-20260620-0067,EVT-20260620-0038
POL-20260620-0068,EVT-20260620-0021
POL-20260620-0069,EVT-20260620-0019
POL-20260620-0070,EVT-20260620-0053
POL-20260620-0071,EVT-20260619-0011
POL-20260620-0072,EVT-20260620-0031
POL-20260620-0073,EVT-20260620-0045
POL-20260620-0074,EVT-20260620-0044
POL-20260620-0075,EVT-20260620-0006
POL-20260621-0001,EVT-20260620-0014
POL-20260621-0002,EVT-20260621-0058
POL-20260621-0003,EVT-20260620-0054
POL-20260621-0004,EVT-20260621-0017
POL-20260621-0005,EVT-20260621-0030
POL-20260621-0006,EVT-20260621-0026
POL-20260621-0007,EVT-20260621-0020
POL-20260621-0008,EVT-20260620-0025
POL-20260621-0009,EVT-20260621-0055
POL-20260621-0010,EVT-20260620-0061
POL-20260621-0011,EVT-20260621-0012
POL-20260621-0012,EVT-20260620-0061
POL-20260621-0013,EVT-20260620-0059
POL-20260621-0014,EVT-20260620-0048
POL-20260621-0015,EVT-20260614-0052
POL-20260621-0016,EVT-20260621-0001
POL-20260621-0017,EVT-20260621-0060
POL-20260621-0018,EVT-20260621-0020
POL-20260621-0019,EVT-20260621-0059
POL-20260621-0020,EVT-20260621-0031
POL-20260621-0021,EVT-20260621-0024
POL-20260621-0022,EVT-20260621-0016
POL-20260621-0023,EVT-20260620-0028
POL-20260621-0024,EVT-20260621-0009
POL-20260621-0025,EVT-20260621-0022
POL-20260621-0026,EVT-20260621-0007
POL-20260621-0027,EVT-20260621-0051
POL-20260621-0028,EVT-20260620-0058
POL-20260621-0029,EVT-20260620-0057
POL-20260621-0030,EVT-20260621-0023
POL-20260621-0031,EVT-20260621-0049
POL-20260621-0032,EVT-20260621-0061
POL-20260621-0033,EVT-20260621-0045
POL-20260621-0034,EVT-20260621-0046
POL-20260621-0035,EVT-20260621-0013
POL-20260621-0036,EVT-20260621-0003
POL-20260621-0037,EVT-20260620-0017
POL-20260621-0038,EVT-20260621-0003
POL-20260621-0039,EVT-20260621-0002
POL-20260621-0040,EVT-20260621-0041
POL-20260621-0041,EVT-20260621-0052
POL-20260621-0042,EVT-20260621-0024
POL-20260621-0043,EVT-20260621-0004
POL-20260621-0044,EVT-20260621-0063
POL-20260621-0045,EVT-20260619-0039
POL-20260621-0046,EVT-20260621-0045
POL-20260621-0047,EVT-20260621-0003
POL-20260621-0048,EVT-20260620-0047
POL-20260621-0049,EVT-20260621-0048
POL-20260621-0050,EVT-20260621-0065
POL-20260621-0051,EVT-20260621-0002
POL-20260621-0052,EVT-20260621-0034
POL-20260621-0053,EVT-20260621-0056
POL-20260621-0054,EVT-20260621-0015
POL-20260621-0055,EVT-20260621-0027
POL-20260621-0056,EVT-20260621-0028
POL-20260621-0057,EVT-20260621-0032
POL-20260621-0058,EVT-20260621-0014
POL-20260621-0059,EVT-20260621-0044
POL-20260621-0060,EVT-20260621-0047
POL-20260621-0061,EVT-20260621-0066
POL-20260621-0062,EVT-20260621-0006
POL-20260621-0063,EVT-20260621-0057
POL-20260621-0064,EVT-20260619-0052
POL-20260621-0065,EVT-20260621-0025
POL-20260621-0066,EVT-20260621-0050
POL-20260621-0067,EVT-20260620-0046
POL-20260621-0068,EVT-20260621-0043
POL-20260621-0069,EVT-20260621-0054
POL-20260621-0070,EVT-20260621-0064
POL-20260621-0071,EVT-20260621-0062
POL-20260621-0072,EVT-20260621-0040
POL-20260621-0073,EVT-20260621-0037
POL-20260621-0074,EVT-20260621-0039
POL-20260621-0075,EVT-20260621-0021
POL-20260621-0076,EVT-20260621-0011
POL-20260621-0077,EVT-20260621-0053
POL-20260621-0078,EVT-20260621-0036
POL-20260621-0079,EVT-20260621-0042
POL-20260621-0080,EVT-20260621-0033
POL-20260621-0081,EVT-20260621-0019
POL-20260621-0082,EVT-20260621-0038
POL-20260621-0083,EVT-20260621-0035
POL-20260621-0084,EVT-20260621-0039
POL-20260622-0001,EVT-20260621-0010
POL-20260622-0002,EVT-20260622-0022
POL-20260622-0003,EVT-20260620-0023
POL-20260622-0004,EVT-20260621-0029
POL-20260622-0005,EVT-20260622-0046
POL-20260622-0006,EVT-20260622-0022
POL-20260622-0007,EVT-20260622-0044
POL-20260622-0008,EVT-20260622-0035
POL-20260622-0009,EVT-20260621-0018
POL-20260622-0010,EVT-20260622-0024
POL-20260622-0011,EVT-20260621-0033
POL-20260622-0012,EVT-20260622-0057
POL-20260622-0013,EVT-20260621-0039
POL-20260622-0014,EVT-20260622-0027
POL-20260622-0015,EVT-20260622-0053
POL-20260622-0016,EVT-20260622-0043
POL-20260622-0017,EVT-20260622-0055
POL-20260622-0018,EVT-20260622-0023
POL-20260622-0019,EVT-20260622-0060
POL-20260622-0020,EVT-20260622-0050
POL-20260622-0021,EVT-20260622-0045
POL-20260622-0022,EVT-20260622-0010
POL-20260622-0023,EVT-20260622-0058
POL-20260622-0024,EVT-20260622-0002
POL-20260622-0025,EVT-20260622-0014
POL-20260622-0026,EVT-20260622-0033
POL-20260622-0027,EVT-20260622-0007
POL-20260622-0028,EVT-20260622-0005
POL-20260622-0029,EVT-20260622-0001
POL-20260622-0030,EVT-20260622-0008
POL-20260622-0031,EVT-20260622-0028
POL-20260622-0032,EVT-20260622-0015
POL-20260622-0033,EVT-20260622-0017
POL-20260622-0034,EVT-20260621-0005
POL-20260622-0035,EVT-20260622-0033
POL-20260622-0036,EVT-20260622-0036
POL-20260622-0037,EVT-20260622-0012
POL-20260622-0038,EVT-20260622-0028
POL-20260622-0039,EVT-20260622-0038
POL-20260622-0040,EVT-20260622-0021
POL-20260622-0041,EVT-20260622-0048
POL-20260622-0042,EVT-20260622-0052
POL-20260622-0043,EVT-20260622-0011
POL-20260622-0044,EVT-20260622-0040
POL-20260622-0045,EVT-20260622-0034
POL-20260622-0046,EVT-20260622-0056
POL-20260622-0047,EVT-20260622-0031
POL-20260622-0048,EVT-20260621-0057
POL-20260622-0049,EVT-20260622-0028
POL-20260622-0050,EVT-20260622-0030
POL-20260622-0051,EVT-20260622-0039
POL-20260622-0052,EVT-20260622-0025
POL-20260622-0053,EVT-20260622-0020
POL-20260622-0054,EVT-20260622-0032
POL-20260622-0055,EVT-20260622-0003
POL-20260622-0056,EVT-20260621-0057
POL-20260622-0057,EVT-20260622-0049
POL-20260622-0058,EVT-20260622-0031
POL-20260622-0059,EVT-20260622-0012
POL-20260623-0001,EVT-20260622-0059
POL-20260623-0002,EVT-20260622-0019
POL-20260623-0003,EVT-20260622-0016
POL-20260623-0004,EVT-20260622-0042
POL-20260623-0005,EVT-20260622-0009
POL-20260623-0006,EVT-20260623-0003
POL-20260623-0007,EVT-20260623-0007
POL-20260623-0008,EVT-20260623-0019
POL-20260623-0009,EVT-20260622-0051
POL-20260623-0010,EVT-20260622-0031
POL-20260623-0011,EVT-20260623-0024
POL-20260623-0012,EVT-20260623-0032
POL-20260623-0013,EVT-20260622-0058
POL-20260623-0014,EVT-20260622-0026
POL-20260623-0015,EVT-20260623-0046
POL-20260623-0016,EVT-20260623-0026
POL-20260623-0017,EVT-20260622-0029
POL-20260623-0018,EVT-20260623-0034
POL-20260623-0019,EVT-20260620-0007
POL-20260623-0020,EVT-20260622-0012
POL-20260623-0021,EVT-20260622-0041
POL-20260623-0022,EVT-20260622-0004
POL-20260623-0023,EVT-20260623-0040
POL-20260623-0024,EVT-20260622-0018
POL-20260623-0025,EVT-20260623-0030
POL-20260623-0026,EVT-20260621-0008
POL-20260623-0027,EVT-20260623-0002
POL-20260623-0028,EVT-20260623-0014
POL-20260623-0029,EVT-20260623-0027
POL-20260623-0030,EVT-20260623-0022
POL-20260623-0031,EVT-20260623-0005
POL-20260623-0032,EVT-20260623-0050
POL-20260623-0033,EVT-20260623-0017
POL-20260623-0034,EVT-20260623-0016
POL-20260623-0035,EVT-20260623-0018
POL-20260623-0036,EVT-20260623-0038
POL-20260623-0037,EVT-20260622-0006
POL-20260623-0038,EVT-20260623-0025
POL-20260623-0039,EVT-20260622-0009
POL-20260623-0040,EVT-20260623-0006
POL-20260623-0041,EVT-20260623-0045
POL-20260623-0042,EVT-20260623-0008
POL-20260623-0043,EVT-20260622-0015
POL-20260623-0044,EVT-20260623-0011
POL-20260623-0045,EVT-20260623-0029
POL-20260623-0046,EVT-20260623-0043
POL-20260623-0047,EVT-20260623-0010
POL-20260623-0048,EVT-20260620-0037
POL-20260623-0049,EVT-20260623-0010
POL-20260623-0050,EVT-20260623-0035
POL-20260623-0051,EVT-20260623-0020
POL-20260623-0052,EVT-20260623-0009
POL-20260623-0053,EVT-20260623-0010
POL-20260623-0054,EVT-20260623-0031
POL-20260623-0055,EVT-20260622-0047
POL-20260623-0056,EVT-20260622-0037
POL-20260624-0001,EVT-20260624-0048
POL-20260624-0002,EVT-20260623-0018
POL-20260624-0003,EVT-20260624-0032
POL-20260624-0004,EVT-20260623-0021
POL-20260624-0005,EVT-20260623-0009
POL-20260624-0006,EVT-20260623-0048
POL-20260624-0007,EVT-20260623-0042
POL-20260624-0008,EVT-20260623-0047
POL-20260624-0009,EVT-20260623-0001
POL-20260624-0010,EVT-20260623-0023
POL-20260624-0011,EVT-20260623-0039
POL-20260624-0012,EVT-20260624-0043
POL-20260624-0013,EVT-20260624-0043
POL-20260624-0014,EVT-20260623-0015
POL-20260624-0015,EVT-20260624-0005
POL-20260624-0016,EVT-20260623-0004
POL-20260624-0017,EVT-20260624-0010
POL-20260624-0018,EVT-20260623-0010
POL-20260624-0019,EVT-20260624-0043
POL-20260624-0020,EVT-20260623-0037
POL-20260624-0021,EVT-20260624-0033
POL-20260624-0022,EVT-20260624-0048
POL-20260624-0023,EVT-20260624-0019
POL-20260624-0024,EVT-20260624-0047
POL-20260624-0025,EVT-20260623-0033
POL-20260624-0026,EVT-20260624-0029
POL-20260624-0027,EVT-20260624-0013
POL-20260624-0028,EVT-20260624-0056
POL-20260624-0029,EVT-20260624-0050
POL-20260624-0030,EVT-20260624-0023
POL-20260624-0031,EVT-20260624-0054
POL-20260624-0032,EVT-20260623-0028
POL-20260624-0033,EVT-20260623-0011
POL-20260624-0034,EVT-20260624-0009
POL-20260624-0035,EVT-20260623-0012
POL-20260624-0036,EVT-20260624-0056
POL-20260624-0037,EVT-20260624-0030
POL-20260624-0038,EVT-20260622-0054
POL-20260624-0039,EVT-20260624-0036
POL-20260624-0040,EVT-20260624-0057
POL-20260624-0041,EVT-20260624-0035
POL-20260624-0042,EVT-20260624-0034
POL-20260624-0043,EVT-20260624-0013
POL-20260624-0044,EVT-20260624-0024
POL-20260624-0045,EVT-20260624-0002
POL-20260624-0046,EVT-20260624-0046
POL-20260624-0047,EVT-20260624-0037
POL-20260624-0048,EVT-20260624-0052
POL-20260624-0049,EVT-20260624-0035
POL-20260624-0050,EVT-20260624-0035
POL-20260624-0051,EVT-20260624-0006
POL-20260624-0052,EVT-20260624-0022
POL-20260624-0053,EVT-20260624-0021
POL-20260624-0054,EVT-20260624-0029
POL-20260624-0055,EVT-20260624-0013
POL-20260624-0056,EVT-20260624-0049
POL-20260624-0057,EVT-20260624-0001
POL-20260624-0058,EVT-20260624-0020
POL-20260624-0059,EVT-20260624-0031
POL-20260624-0060,EVT-20260624-0040
POL-20260624-0061,EVT-20260624-0028
POL-20260624-0062,EVT-20260624-0056
POL-20260624-0063,EVT-20260624-0004
POL-20260624-0064,EVT-20260624-0025
POL-20260624-0065,EVT-20260624-0018
POL-20260624-0066,EVT-20260624-0055
POL-20260624-0067,EVT-20260624-0021
POL-20260624-0068,EVT-20260624-0015
POL-20260624-0069,EVT-20260624-0027
POL-20260624-0070,EVT-20260624-0051
POL-20260624-0071,EVT-20260624-0003
POL-20260624-0072,EVT-20260624-0042
POL-20260624-0073,EVT-20260624-0039
POL-20260624-0074,EVT-20260623-0049
POL-20260624-0075,EVT-20260624-0044
POL-20260625-0001,EVT-20260625-0053
POL-20260625-0002,EVT-20260625-0023
POL-20260625-0003,EVT-20260624-0055
POL-20260625-0004,EVT-20260624-0008
POL-20260625-0005,EVT-20260624-0045
POL-20260625-0006,EVT-20260625-0034
POL-20260625-0007,EVT-20260625-0010
POL-20260625-0008,EVT-20260624-0026
POL-20260625-0009,EVT-20260624-0011
POL-20260625-0010,EVT-20260624-0007
POL-20260625-0011,EVT-20260625-0020
POL-20260625-0012,EVT-20260624-0031
POL-20260625-0013,EVT-20260623-0001
POL-20260625-0014,EVT-20260623-0044
POL-20260625-0015,EVT-20260624-0012
POL-20260625-0016,EVT-20260625-0038
POL-20260625-0017,EVT-20260625-0030
POL-20260625-0018,EVT-20260625-0050
POL-20260625-0019,EVT-20260625-0043
POL-20260625-0020,EVT-20260625-0046
POL-20260625-0021,EVT-20260625-0042
POL-20260625-0022,EVT-20260625-0028
POL-20260625-0023,EVT-20260624-0041
POL-20260625-0024,EVT-20260625-0004
POL-20260625-0025,EVT-20260625-0006
POL-20260625-0026,EVT-20260625-0018
POL-20260625-0027,EVT-20260625-0007
POL-20260625-0028,EVT-20260622-0041
POL-20260625-0029,EVT-20260625-0037
POL-20260625-0030,EVT-20260625-0001
POL-20260625-0031,EVT-20260624-0017
POL-20260625-0032,EVT-20260625-0007
POL-20260625-0033,EVT-20260625-0041
POL-20260625-0034,EVT-20260625-0026
POL-20260625-0035,EVT-20260624-0053
POL-20260625-0036,EVT-20260622-0013
POL-20260625-0037,EVT-20260623-0013
POL-20260625-0038,EVT-20260625-0044
POL-20260625-0039,EVT-20260625-0012
POL-20260625-0040,EVT-20260625-0040
POL-20260625-0041,EVT-20260624-0012
POL-20260625-0042,EVT-20260624-0014
POL-20260625-0043,EVT-20260623-0041
POL-20260625-0044,EVT-20260625-0008
POL-20260625-0045,EVT-20260625-0019
POL-20260625-0046,EVT-20260625-0029
POL-20260625-0047,EVT-20260625-0007
POL-20260625-0048,EVT-20260625-0024
POL-20260625-0049,EVT-20260625-0035
POL-20260625-0050,EVT-20260625-0014
POL-20260625-0051,EVT-20260625-0033
POL-20260625-0052,EVT-20260625-0048
POL-20260625-0053,EVT-20260625-0008
POL-20260625-0054,EVT-20260625-0027
POL-20260625-0055,EVT-20260625-0014
POL-20260625-0056,EVT-20260625-0036
POL-20260625-0057,EVT-20260625-0022
POL-20260625-0058,EVT-20260625-0011
POL-20260625-0059,EVT-20260624-0012
POL-20260625-0060,EVT-20260625-0002
POL-20260625-0061,EVT-20260625-0025
POL-20260625-0062,EVT-20260625-0032
POL-20260625-0063,EVT-20260623-0036
POL-20260625-0064,EVT-20260625-0014
POL-20260625-0065,EVT-20260625-0004
POL-20260625-0066,EVT-20260625-0039
POL-20260625-0067,EVT-20260625-0007
POL-20260626-0001,EVT-20260624-0022
POL-20260626-0002,EVT-20260626-0012
POL-20260626-0003,EVT-20260626-0048
POL-20260626-0004,EVT-20260626-0009
POL-20260626-0005,EVT-20260626-0022
POL-20260626-0006,EVT-20260626-0003
POL-20260626-0007,EVT-20260625-0011
POL-20260626-0008,EVT-20260625-0025
POL-20260626-0009,EVT-20260625-0052
POL-20260626-0010,EVT-20260626-0026
POL-20260626-0011,EVT-20260625-0016
POL-20260626-0012,EVT-20260625-0021
POL-20260626-0013,EVT-20260625-0015
POL-20260626-0014,EVT-20260626-0005
POL-20260626-0015,EVT-20260625-0026
POL-20260626-0016,EVT-20260625-0025
POL-20260626-0017,EVT-20260625-0009
POL-20260626-0018,EVT-20260625-0013
POL-20260626-0019,EVT-20260625-0049
POL-20260626-0020,EVT-20260626-0014
POL-20260626-0021,EVT-20260625-0013
POL-20260626-0022,EVT-20260625-0017
POL-20260626-0023,EVT-20260625-0011
POL-20260626-0024,EVT-20260626-0040
POL-20260626-0025,EVT-20260626-0011
POL-20260626-0026,EVT-20260626-0033
POL-20260626-0027,EVT-20260626-0030
POL-20260626-0028,EVT-20260624-0045
POL-20260626-0029,EVT-20260625-0005
POL-20260626-0030,EVT-20260625-0045
POL-20260626-0031,EVT-20260626-0049
POL-20260626-0032,EVT-20260626-0036
POL-20260626-0033,EVT-20260626-0031
POL-20260626-0034,EVT-20260624-0038
POL-20260626-0035,EVT-20260626-0004
POL-20260626-0036,EVT-20260626-0024
POL-20260626-0037,EVT-20260626-0047
POL-20260626-0038,EVT-20260626-0036
POL-20260626-0039,EVT-20260626-0024
POL-20260626-0040,EVT-20260624-0016
POL-20260626-0041,EVT-20260626-0010
POL-20260626-0042,EVT-20260626-0002
POL-20260626-0043,EVT-20260625-0031
POL-20260626-0044,EVT-20260626-0035
POL-20260626-0045,EVT-20260626-0042
POL-20260626-0046,EVT-20260626-0039
POL-20260626-0047,EVT-20260626-0013
POL-20260626-0048,EVT-20260626-0021
POL-20260626-0049,EVT-20260626-0006
POL-20260626-0050,EVT-20260626-0016
POL-20260626-0051,EVT-20260626-0020
POL-20260626-0052,EVT-20260626-0015
POL-20260626-0053,EVT-20260626-0017
POL-20260626-0054,EVT-20260626-0034
POL-20260626-0055,EVT-20260626-0020
POL-20260626-0056,EVT-20260626-0045
POL-20260626-0057,EVT-20260626-0023
POL-20260626-0058,EVT-20260626-0025
POL-20260626-0059,EVT-20260626-0020
POL-20260626-0060,EVT-20260626-0027
POL-20260626-0061,EVT-20260626-0044
POL-20260626-0062,EVT-20260626-0018
POL-20260626-0063,EVT-20260626-0046
POL-20260626-0064,EVT-20260626-0019
POL-20260626-0065,EVT-20260626-0051
POL-20260626-0066,EVT-20260626-0030
POL-20260626-0067,EVT-20260626-0007
POL-20260626-0068,EVT-20260626-0038
POL-20260626-0069,EVT-20260626-0037
POL-20260626-0070,EVT-20260626-0028
POL-20260627-0001,EVT-20260626-0041
POL-20260627-0002,EVT-20260626-0005
POL-20260627-0003,EVT-20260627-0033
POL-20260627-0004,EVT-20260626-0007
POL-20260627-0005,EVT-20260626-0020
POL-20260627-0006,EVT-20260626-0002
POL-20260627-0007,EVT-20260625-0047
POL-20260627-0008,EVT-20260627-0021
POL-20260627-0009,EVT-20260627-0024
POL-20260627-0010,EVT-20260627-0042
POL-20260627-0011,EVT-20260626-0035
POL-20260627-0012,EVT-20260626-0029
POL-20260627-0013,EVT-20260626-0042
POL-20260627-0014,EVT-20260625-0003
POL-20260627-0015,EVT-20260626-0050
POL-20260627-0016,EVT-20260626-0001
POL-20260627-0017,EVT-20260627-0041
POL-20260627-0018,EVT-20260627-0007
POL-20260627-0019,EVT-20260627-0032
POL-20260627-0020,EVT-20260627-0010
POL-20260627-0021,EVT-20260627-0028
POL-20260627-0022,EVT-20260627-0018
POL-20260627-0023,EVT-20260627-0004
POL-20260627-0024,EVT-20260627-0034
POL-20260627-0025,EVT-20260626-0002
POL-20260627-0026,EVT-20260626-0024
POL-20260627-0027,EVT-20260627-0027
POL-20260627-0028,EVT-20260626-0007
POL-20260627-0029,EVT-20260627-0016
POL-20260627-0030,EVT-20260627-0021
POL-20260627-0031,EVT-20260627-0021
POL-20260627-0032,EVT-20260626-0032
POL-20260627-0033,EVT-20260627-0017
POL-20260627-0034,EVT-20260627-0011
POL-20260627-0035,EVT-20260627-0040
POL-20260627-0036,EVT-20260627-0022
POL-20260627-0037,EVT-20260627-0002
POL-20260627-0038,EVT-20260627-0035
POL-20260627-0039,EVT-20260627-0012
POL-20260627-0040,EVT-20260627-0037
POL-20260627-0041,EVT-20260627-0015
POL-20260627-0042,EVT-20260627-0039
POL-20260627-0043,EVT-20260627-0009
POL-20260627-0044,EVT-20260627-0023
POL-20260627-0045,EVT-20260627-0036
POL-20260627-0046,EVT-20260627-0029
POL-20260627-0047,EVT-20260627-0038
POL-20260627-0048,EVT-20260627-0005
POL-20260627-0049,EVT-20260627-0026
POL-20260627-0050,EVT-20260627-0008
POL-20260627-0051,EVT-20260627-0023
POL-20260628-0001,EVT-20260627-0014
POL-20260628-0002,EVT-20260628-0048
POL-20260628-0003,EVT-20260627-0029
POL-20260628-0004,EVT-20260628-0053
POL-20260628-0005,EVT-20260627-0025
POL-20260628-0006,EVT-20260627-0021
POL-20260628-0007,EVT-20260628-0022
POL-20260628-0008,EVT-20260628-0006
POL-20260628-0009,EVT-20260627-0003
POL-20260628-0010,EVT-20260627-0001
POL-20260628-0011,EVT-20260628-0002
POL-20260628-0012,EVT-20260628-0030
POL-20260628-0013,EVT-20260627-0031
POL-20260628-0014,EVT-20260625-0054
POL-20260628-0015,EVT-20260627-0013
POL-20260628-0016,EVT-20260628-0053
POL-20260628-0017,EVT-20260628-0026
POL-20260628-0018,EVT-20260628-0026
POL-20260628-0019,EVT-20260628-0002
POL-20260628-0020,EVT-20260626-0043
POL-20260628-0021,EVT-20260627-0028
POL-20260628-0022,EVT-20260626-0043
POL-20260628-0023,EVT-20260627-0029
POL-20260628-0024,EVT-20260628-0017
POL-20260628-0025,EVT-20260628-0018
POL-20260628-0026,EVT-20260628-0019
POL-20260628-0027,EVT-20260628-0024
POL-20260628-0028,EVT-20260628-0007
POL-20260628-0029,EVT-20260628-0013
POL-20260628-0030,EVT-20260628-0035
POL-20260628-0031,EVT-20260628-0041
POL-20260628-0032,EVT-20260628-0033
POL-20260628-0033,EVT-20260627-0029
POL-20260628-0034,EVT-20260628-0037
POL-20260628-0035,EVT-20260628-0026
POL-20260628-0036,EVT-20260628-0027
POL-20260628-0037,EVT-20260628-0031
POL-20260628-0038,EVT-20260628-0021
POL-20260628-0039,EVT-20260628-0010
POL-20260628-0040,EVT-20260627-0020
POL-20260628-0041,EVT-20260628-0025
POL-20260628-0042,EVT-20260628-0052
POL-20260628-0043,EVT-20260628-0009
POL-20260628-0044,EVT-20260628-0033
POL-20260628-0045,EVT-20260628-0045
POL-20260628-0046,EVT-20260628-0014
POL-20260628-0047,EVT-20260627-0030
POL-20260628-0048,EVT-20260628-0047
POL-20260628-0049,EVT-20260628-0016
POL-20260628-0050,EVT-20260628-0049
POL-20260628-0051,EVT-20260628-0034
POL-20260628-0052,EVT-20260628-0011
POL-20260628-0053,EVT-20260628-0025
POL-20260628-0054,EVT-20260628-0008
POL-20260628-0055,EVT-20260628-0046
POL-20260628-0056,EVT-20260628-0042
POL-20260628-0057,EVT-20260628-0043
POL-20260628-0058,EVT-20260628-0046
POL-20260628-0059,EVT-20260625-0051
POL-20260628-0060,EVT-20260628-0028
POL-20260628-0061,EVT-20260628-0003
POL-20260628-0062,EVT-20260628-0020
POL-20260628-0063,EVT-20260628-0014
POL-20260628-0064,EVT-20260628-0038
POL-20260628-0065,EVT-20260628-0044
POL-20260628-0066,EVT-20260628-0012
POL-20260628-0067,EVT-20260628-0046
POL-20260628-0068,EVT-20260628-0014
POL-20260628-0069,EVT-20260627-0031
POL-20260628-0070,EVT-20260628-0039
POL-20260628-0071,EVT-20260627-0019
POL-20260628-0072,EVT-20260627-0031
POL-20260628-0073,EVT-20260628-0040
POL-20260628-0074,EVT-20260628-0004
POL-20260629-0001,EVT-20260628-0032
POL-20260629-0002,EVT-20260627-0006
POL-20260629-0003,EVT-20260628-0020
POL-20260629-0004,EVT-20260628-0005
POL-20260629-0005,EVT-20260628-0020
POL-20260629-0006,EVT-20260628-0050
POL-20260629-0007,EVT-20260628-0040
POL-20260629-0008,EVT-20260628-0040
POL-20260629-0009,EVT-20260629-0030
POL-20260629-0010,EVT-20260629-0040
POL-20260629-0011,EVT-20260629-0052
POL-20260629-0012,EVT-20260629-0003
POL-20260629-0013,EVT-20260629-0046
POL-20260629-0014,EVT-20260628-0023
POL-20260629-0015,EVT-20260629-0056
POL-20260629-0016,EVT-20260629-0038
POL-20260629-0017,EVT-20260629-0042
POL-20260629-0018,EVT-20260628-0051
POL-20260629-0019,EVT-20260628-0001
POL-20260629-0020,EVT-20260628-0025
POL-20260629-0021,EVT-20260628-0046
POL-20260629-0022,EVT-20260629-0035
POL-20260629-0023,EVT-20260629-0053
POL-20260629-0024,EVT-20260629-0016
POL-20260629-0025,EVT-20260629-0056
POL-20260629-0026,EVT-20260629-0043
POL-20260629-0027,EVT-20260628-0036
POL-20260629-0028,EVT-20260629-0034
POL-20260629-0029,EVT-20260629-0002
POL-20260629-0030,EVT-20260629-0014
POL-20260629-0031,EVT-20260629-0050
POL-20260629-0032,EVT-20260629-0039
POL-20260629-0033,EVT-20260629-0028
POL-20260629-0034,EVT-20260629-0057
POL-20260629-0035,EVT-20260629-0025
POL-20260629-0036,EVT-20260629-0007
POL-20260629-0037,EVT-20260629-0014
POL-20260629-0038,EVT-20260629-0036
POL-20260629-0039,EVT-20260629-0048
POL-20260629-0040,EVT-20260629-0020
POL-20260629-0041,EVT-20260629-0022
POL-20260629-0042,EVT-20260629-0012
POL-20260629-0043,EVT-20260629-0015
POL-20260629-0044,EVT-20260629-0004
POL-20260629-0045,EVT-20260629-0018
POL-20260629-0046,EVT-20260629-0029
POL-20260629-0047,EVT-20260629-0001
POL-20260629-0048,EVT-20260629-0019
POL-20260629-0049,EVT-20260629-0027
POL-20260629-0050,EVT-20260629-0032
POL-20260629-0051,EVT-20260629-0009
POL-20260629-0052,EVT-20260629-0047
POL-20260629-0053,EVT-20260629-0049
POL-20260629-0054,EVT-20260629-0049
POL-20260629-0055,EVT-20260629-0011
POL-20260629-0056,EVT-20260629-0023
POL-20260629-0057,EVT-20260629-0014
POL-20260629-0058,EVT-20260629-0045
POL-20260629-0059,EVT-20260629-0027
POL-20260629-0060,EVT-20260629-0006
POL-20260629-0061,EVT-20260627-0006
POL-20260629-0062,EVT-20260629-0008
POL-20260629-0063,EVT-20260629-0027
POL-20260629-0064,EVT-20260629-0021
POL-20260629-0065,EVT-20260629-0058
POL-20260629-0066,EVT-20260629-0031
POL-20260629-0067,EVT-20260629-0051
POL-20260629-0068,EVT-20260629-0037
POL-20260629-0069,EVT-20260629-0026
POL-20260629-0070,EVT-20260629-0044
POL-20260629-0071,EVT-20260626-0007
POL-20260629-0072,EVT-20260629-0033
POL-20260629-0073,EVT-20260629-0005
POL-20260629-0074,EVT-20260629-0055
POL-20260630-0001,EVT-20260629-0013
POL-20260630-0002,EVT-20260630-0030
POL-20260630-0003,EVT-20260629-0010
POL-20260630-0004,EVT-20260630-0006
POL-20260630-0005,EVT-20260629-0021
POL-20260630-0006,EVT-20260629-0021
POL-20260630-0007,EVT-20260629-0029
POL-20260630-0008,EVT-20260629-0041
POL-20260630-0009,EVT-20260630-0005
POL-20260630-0010,EVT-20260629-0018
POL-20260630-0011,EVT-20260630-0021
POL-20260630-0012,EVT-20260630-0035
POL-20260630-0013,EVT-20260629-0019
POL-20260630-0014,EVT-20260630-0047
POL-20260630-0015,EVT-20260626-0008
POL-20260630-0016,EVT-20260630-0045
POL-20260630-0017,EVT-20260630-0021
POL-20260630-0018,EVT-20260630-0005
POL-20260630-0019,EVT-20260630-0044
POL-20260630-0020,EVT-20260630-0032
POL-20260630-0021,EVT-20260630-0015
POL-20260630-0022,EVT-20260630-0005
POL-20260630-0023,EVT-20260630-0018
POL-20260630-0024,EVT-20260630-0047
POL-20260630-0025,EVT-20260630-0039
POL-20260630-0026,EVT-20260630-0007
POL-20260630-0027,EVT-20260630-0012
POL-20260630-0028,EVT-20260630-0001
POL-20260630-0029,EVT-20260630-0013
POL-20260630-0030,EVT-20260630-0001
POL-20260630-0031,EVT-20260630-0008
POL-20260630-0032,EVT-20260630-0038
POL-20260630-0033,EVT-20260630-0038
POL-20260630-0034,EVT-20260629-0054
POL-20260630-0035,EVT-20260630-0041
POL-20260630-0036,EVT-20260628-0015
POL-20260630-0037,EVT-20260630-0031
POL-20260630-0038,EVT-20260630-0019
POL-20260630-0039,EVT-20260630-0033
POL-20260630-0040,EVT-20260630-0016
POL-20260630-0041,EVT-20260630-0014
POL-20260630-0042,EVT-20260630-0010
POL-20260630-0043,EVT-20260630-0031
POL-20260630-0044,EVT-20260629-0019
POL-20260630-0045,EVT-20260630-0050
POL-20260630-0046,EVT-20260630-0029
POL-20260630-0047,EVT-20260630-0046
POL-20260630-0048,EVT-20260630-0013
POL-20260630-0049,EVT-20260630-0003
POL-20260630-0050,EVT-20260630-0033
POL-20260630-0051,EVT-20260629-0024
POL-20260630-0052,EVT-20260630-0017
POL-20260630-0053,EVT-20260630-0008
POL-20260630-0054,EVT-20260630-0037
POL-20260630-0055,EVT-20260628-0029
POL-20260630-0056,EVT-20260630-0043
POL-20260630-0057,EVT-20260630-0036
POL-20260630-0058,EVT-20260630-0026
POL-20260630-0059,EVT-20260630-0040
POL-20260630-0060,EVT-20260630-0002
POL-20260630-0061,EVT-20260630-0023
POL-20260630-0062,EVT-20260630-0011
POL-20260630-0063,EVT-20260630-0028
POL-20260630-0064,EVT-20260630-0027
POL-20260630-0065,EVT-20260630-0008
POL-20260630-0066,EVT-20260630-0048
POL-20260630-0067,EVT-20260630-0020
POL-20260701-0001,EVT-20260630-0017
POL-20260701-0002,EVT-20260701-0038
POL-20260701-0003,EVT-20260630-0025
POL-20260701-0004,EVT-20260701-0032
POL-20260701-0005,EVT-20260701-0039
POL-20260701-0006,EVT-20260630-0049
POL-20260701-0007,EVT-20260630-0042
POL-20260701-0008,EVT-20260630-0034
POL-20260701-0009,EVT-20260629-0017
POL-20260701-0010,EVT-20260630-0020
POL-20260701-0011,EVT-20260701-0050
POL-20260701-0012,EVT-20260701-0045
POL-20260701-0013,EVT-20260630-0009
POL-20260701-0014,EVT-20260701-0044
POL-20260701-0015,EVT-20260701-0003
POL-20260701-0016,EVT-20260701-0046
POL-20260701-0017,EVT-20260701-0018
POL-20260701-0018,EVT-20260701-0052
POL-20260701-0019,EVT-20260701-0049
POL-20260701-0020,EVT-20260701-0040
POL-20260701-0021,EVT-20260630-0021
POL-20260701-0022,EVT-20260701-0021
POL-20260701-0023,EVT-20260701-0017
POL-20260701-0024,EVT-20260701-0020
POL-20260701-0025,EVT-20260701-0012
POL-20260701-0026,EVT-20260701-0021
POL-20260701-0027,EVT-20260701-0022
POL-20260701-0028,EVT-20260701-0023
POL-20260701-0029,EVT-20260701-0026
POL-20260701-0030,EVT-20260701-0021
POL-20260701-0031,EVT-20260701-0026
POL-20260701-0032,EVT-20260701-0004
POL-20260701-0033,EVT-20260630-0022
POL-20260701-0034,EVT-20260701-0031
POL-20260701-0035,EVT-20260701-0026
POL-20260701-0036,EVT-20260701-0013
POL-20260701-0037,EVT-20260701-0007
POL-20260701-0038,EVT-20260701-0048
POL-20260701-0039,EVT-20260701-0021
POL-20260701-0040,EVT-20260701-0033
POL-20260701-0041,EVT-20260630-0004
POL-20260701-0042,EVT-20260701-0036
POL-20260701-0043,EVT-20260701-0002
POL-20260701-0044,EVT-20260701-0029
POL-20260701-0045,EVT-20260701-0019
POL-20260701-0046,EVT-20260701-0025
POL-20260701-0047,EVT-20260701-0016
POL-20260701-0048,EVT-20260701-0041
POL-20260701-0049,EVT-20260701-0015
POL-20260701-0050,EVT-20260701-0034
POL-20260701-0051,EVT-20260701-0017
POL-20260701-0052,EVT-20260701-0009
POL-20260701-0053,EVT-20260701-0051
POL-20260701-0054,EVT-20260701-0024
POL-20260701-0055,EVT-20260701-0051
POL-20260701-0056,EVT-20260701-0027
POL-20260701-0057,EVT-20260701-0048
POL-20260701-0058,EVT-20260701-0008
POL-20260702-0001,EVT-20260701-0023
POL-20260702-0002,EVT-20260701-0010
POL-20260702-0003,EVT-20260702-0012
POL-20260702-0004,EVT-20260701-0051
POL-20260702-0005,EVT-20260701-0005
POL-20260702-0006,EVT-20260702-0007
POL-20260702-0007,EVT-20260701-0012
POL-20260702-0008,EVT-20260702-0017
POL-20260702-0009,EVT-20260702-0039
POL-20260702-0010,EVT-20260702-0024
POL-20260702-0011,EVT-20260701-0028
POL-20260702-0012,EVT-20260702-0049
POL-20260702-0013,EVT-20260701-0047
POL-20260702-0014,EVT-20260630-0011
POL-20260702-0015,EVT-20260702-0059
POL-20260702-0016,EVT-20260702-0013
POL-20260702-0017,EVT-20260702-0056
POL-20260702-0018,EVT-20260701-0043
POL-20260702-0019,EVT-20260702-0034
POL-20260702-0020,EVT-20260702-0018
POL-20260702-0021,EVT-20260701-0042
POL-20260702-0022,EVT-20260702-0015
POL-20260702-0023,EVT-20260702-0019
POL-20260702-0024,EVT-20260702-0038
POL-20260702-0025,EVT-20260702-0058
POL-20260702-0026,EVT-20260702-0003
POL-20260702-0027,EVT-20260702-0001
POL-20260702-0028,EVT-20260701-0014
POL-20260702-0029,EVT-20260701-0006
POL-20260702-0030,EVT-20260701-0048
POL-20260702-0031,EVT-20260702-0031
POL-20260702-0032,EVT-20260702-0025
POL-20260702-0033,EVT-20260702-0028
POL-20260702-0034,EVT-20260702-0057
POL-20260702-0035,EVT-20260702-0033
POL-20260702-0036,EVT-20260630-0024
POL-20260702-0037,EVT-20260702-0016
POL-20260702-0038,EVT-20260702-0011
POL-20260702-0039,EVT-20260701-0035
POL-20260702-0040,EVT-20260702-0009
POL-20260702-0041,EVT-20260702-0050
POL-20260702-0042,EVT-20260702-0005
POL-20260702-0043,EVT-20260701-0030
POL-20260702-0044,EVT-20260702-0028
POL-20260702-0045,EVT-20260702-0020
POL-20260702-0046,EVT-20260702-0023
POL-20260702-0047,EVT-20260702-0030
POL-20260702-0048,EVT-20260702-0042
POL-20260702-0049,EVT-20260702-0042
POL-20260702-0050,EVT-20260702-0052
POL-20260702-0051,EVT-20260702-0029
POL-20260702-0052,EVT-20260702-0005
POL-20260702-0053,EVT-20260702-0022
POL-20260702-0054,EVT-20260702-0006
POL-20260702-0055,EVT-20260702-0014
POL-20260702-0056,EVT-20260702-0006
POL-20260702-0057,EVT-20260702-0055
POL-20260702-0058,EVT-20260702-0004
POL-20260702-0059,EVT-20260702-0029
POL-20260702-0060,EVT-20260702-0037
POL-20260702-0061,EVT-20260702-0040
POL-20260702-0062,EVT-20260702-0042
POL-20260702-0063,EVT-20260702-0041
POL-20260702-0064,EVT-20260702-0008
POL-20260702-0065,EVT-20260702-0036
POL-20260702-0066,EVT-20260701-0012
POL-20260702-0067,EVT-20260702-0060
POL-20260702-0068,EVT-20260702-0021
POL-20260702-0069,EVT-20260702-0027
POL-20260702-0070,EVT-20260702-0051
POL-20260702-0071,EVT-20260702-0048
POL-20260703-0001,EVT-20260703-0004
POL-20260703-0002,EVT-20260703-0059
POL-20260703-0003,EVT-20260702-0010
POL-20260703-0004,EVT-20260703-0011
POL-20260703-0005,EVT-20260702-0045
POL-20260703-0006,EVT-20260702-0044
POL-20260703-0007,EVT-20260702-0026
POL-20260703-0008,EVT-20260702-0052
POL-20260703-0009,EVT-20260702-0046
POL-20260703-0010,EVT-20260702-0061
POL-20260703-0011,EVT-20260702-0035
POL-20260703-0012,EVT-20260703-0045
POL-20260703-0013,EVT-20260701-0011
POL-20260703-0014,EVT-20260702-0042
POL-20260703-0015,EVT-20260703-0040
POL-20260703-0016,EVT-20260702-0054
POL-20260703-0017,EVT-20260703-0043
POL-20260703-0018,EVT-20260703-0008
POL-20260703-0019,EVT-20260703-0040
POL-20260703-0020,EVT-20260703-0027
POL-20260703-0021,EVT-20260703-0037
POL-20260703-0022,EVT-20260703-0016
POL-20260703-0023,EVT-20260703-0025
POL-20260703-0024,EVT-20260703-0001
POL-20260703-0025,EVT-20260703-0031
POL-20260703-0026,EVT-20260703-0017
POL-20260703-0027,EVT-20260703-0052
POL-20260703-0028,EVT-20260703-0048
POL-20260703-0029,EVT-20260702-0014
POL-20260703-0030,EVT-20260703-0021
POL-20260703-0031,EVT-20260703-0002
POL-20260703-0032,EVT-20260703-0014
POL-20260703-0033,EVT-20260703-0026
POL-20260703-0034,EVT-20260703-0056
POL-20260703-0035,EVT-20260703-0007
POL-20260703-0036,EVT-20260702-0029
POL-20260703-0037,EVT-20260703-0060
POL-20260703-0038,EVT-20260702-0032
POL-20260703-0039,EVT-20260703-0038
POL-20260703-0040,EVT-20260703-0026
POL-20260703-0041,EVT-20260703-0036
POL-20260703-0042,EVT-20260703-0046
POL-20260703-0043,EVT-20260703-0053
POL-20260703-0044,EVT-20260703-0035
POL-20260703-0045,EVT-20260703-0057
POL-20260703-0046,EVT-20260702-0047
POL-20260703-0047,EVT-20260702-0009
POL-20260703-0048,EVT-20260703-0013
POL-20260703-0049,EVT-20260703-0054
POL-20260703-0050,EVT-20260703-0050
POL-20260703-0051,EVT-20260703-0023
POL-20260703-0052,EVT-20260703-0041
POL-20260703-0053,EVT-20260703-0047
POL-20260703-0054,EVT-20260703-0015
POL-20260703-0055,EVT-20260703-0024
POL-20260703-0056,EVT-20260703-0002
POL-20260703-0057,EVT-20260703-0018
POL-20260703-0058,EVT-20260703-0042
POL-20260703-0059,EVT-20260703-0021
POL-20260703-0060,EVT-20260703-0055
POL-20260703-0061,EVT-20260702-0001
POL-20260703-0062,EVT-20260703-0012
POL-20260703-0063,EVT-20260703-0049
POL-20260703-0064,EVT-20260703-0005
POL-20260703-0065,EVT-20260703-0012
POL-20260703-0066,EVT-20260703-0039
POL-20260703-0067,EVT-20260703-0030
POL-20260703-0068,EVT-20260703-0019
POL-20260703-0069,EVT-20260701-0037
POL-20260703-0070,EVT-20260703-0003
POL-20260703-0071,EVT-20260703-0032
POL-20260703-0072,EVT-20260703-0045
POL-20260703-0073,EVT-20260703-0005
POL-20260704-0001,EVT-20260704-0022
POL-20260704-0002,EVT-20260704-0008
POL-20260704-0003,EVT-20260703-0028
POL-20260704-0004,EVT-20260703-0009
POL-20260704-0005,EVT-20260703-0034
POL-20260704-0006,EVT-20260703-0045
POL-20260704-0007,EVT-20260704-0010
POL-20260704-0008,EVT-20260703-0051
POL-20260704-0009,EVT-20260703-0044
POL-20260704-0010,EVT-20260703-0058
POL-20260704-0011,EVT-20260704-0045
POL-20260704-0012,EVT-20260704-0021
POL-20260704-0013,EVT-20260704-0023
POL-20260704-0014,EVT-20260703-0007
POL-20260704-0015,EVT-20260703-0022
POL-20260704-0016,EVT-20260704-0011
POL-20260704-0017,EVT-20260704-0013
POL-20260704-0018,EVT-20260702-0035
POL-20260704-0019,EVT-20260704-0004
POL-20260704-0020,EVT-20260704-0004
POL-20260704-0021,EVT-20260703-0005
POL-20260704-0022,EVT-20260704-0021
POL-20260704-0023,EVT-20260704-0013
POL-20260704-0024,EVT-20260703-0010
POL-20260704-0025,EVT-20260704-0002
POL-20260704-0026,EVT-20260704-0021
POL-20260704-0027,EVT-20260704-0014
POL-20260704-0028,EVT-20260704-0025
POL-20260704-0029,EVT-20260704-0004
POL-20260704-0030,EVT-20260704-0025
POL-20260704-0031,EVT-20260704-0029
POL-20260704-0032,EVT-20260702-0053
POL-20260704-0033,EVT-20260704-0024
POL-20260704-0034,EVT-20260704-0031
POL-20260704-0035,EVT-20260704-0013
POL-20260704-0036,EVT-20260704-0003
POL-20260704-0037,EVT-20260704-0028
POL-20260704-0038,EVT-20260704-0016
POL-20260704-0039,EVT-20260703-0033
POL-20260704-0040,EVT-20260704-0004
POL-20260704-0041,EVT-20260704-0009
POL-20260704-0042,EVT-20260704-0011
POL-20260704-0043,EVT-20260704-0030
POL-20260704-0044,EVT-20260704-0015
POL-20260704-0045,EVT-20260704-0039
POL-20260704-0046,EVT-20260703-0006
POL-20260704-0047,EVT-20260704-0042
POL-20260704-0048,EVT-20260704-0042
POL-20260704-0049,EVT-20260704-0029
POL-20260704-0050,EVT-20260704-0014
POL-20260704-0051,EVT-20260704-0006
POL-20260704-0052,EVT-20260703-0020
POL-20260704-0053,EVT-20260704-0030
POL-20260704-0054,EVT-20260704-0026
POL-20260704-0055,EVT-20260704-0030
POL-20260704-0056,EVT-20260704-0025
POL-20260704-0057,EVT-20260704-0019
POL-20260704-0058,EVT-20260704-0044
POL-20260704-0059,EVT-20260704-0005
POL-20260704-0060,EVT-20260704-0020
POL-20260704-0061,EVT-20260702-0043
POL-20260704-0062,EVT-20260704-0014
POL-20260704-0063,EVT-20260704-0007
POL-20260704-0064,EVT-20260704-0012
POL-20260704-0065,EVT-20260704-0034
POL-20260704-0066,EVT-20260704-0043
POL-20260704-0067,EVT-20260703-0029
POL-20260704-0068,EVT-20260704-0018
POL-20260704-0069,EVT-20260704-0030
POL-20260704-0070,EVT-20260704-0001
POL-20260704-0071,EVT-20260704-0033
POL-20260705-0001,EVT-20260704-0033
POL-20260705-0002,EVT-20260704-0036
POL-20260705-0003,EVT-20260705-0053
POL-20260705-0004,EVT-20260705-0018
POL-20260705-0005,EVT-20260705-0036
POL-20260705-0006,EVT-20260705-0034
POL-20260705-0007,EVT-20260704-0038
POL-20260705-0008,EVT-20260704-0027
POL-20260705-0009,EVT-20260704-0032
POL-20260705-0010,EVT-20260705-0009
POL-20260705-0011,EVT-20260702-0002
POL-20260705-0012,EVT-20260705-0031
POL-20260705-0013,EVT-20260704-0033
POL-20260705-0014,EVT-20260705-0038
POL-20260705-0015,EVT-20260704-0040
POL-20260705-0016,EVT-20260705-0031
POL-20260705-0017,EVT-20260705-0042
POL-20260705-0018,EVT-20260705-0028
POL-20260705-0019,EVT-20260705-0031
POL-20260705-0020,EVT-20260705-0022
POL-20260705-0021,EVT-20260705-0044
POL-20260705-0022,EVT-20260705-0005
POL-20260705-0023,EVT-20260705-0045
POL-20260705-0024,EVT-20260704-0037
POL-20260705-0025,EVT-20260703-0002
POL-20260705-0026,EVT-20260704-0036
POL-20260705-0027,EVT-20260704-0041
POL-20260705-0028,EVT-20260704-0035
POL-20260705-0029,EVT-20260705-0006
POL-20260705-0030,EVT-20260705-0018
POL-20260705-0031,EVT-20260705-0027
POL-20260705-0032,EVT-20260705-0015
POL-20260705-0033,EVT-20260705-0046
POL-20260705-0034,EVT-20260705-0037
POL-20260705-0035,EVT-20260705-0042
POL-20260705-0036,EVT-20260705-0041
POL-20260705-0037,EVT-20260705-0003
POL-20260705-0038,EVT-20260705-0014
POL-20260705-0039,EVT-20260705-0048
POL-20260705-0040,EVT-20260704-0017
POL-20260705-0041,EVT-20260705-0019
POL-20260705-0042,EVT-20260705-0056
POL-20260705-0043,EVT-20260705-0011
POL-20260705-0044,EVT-20260705-0023
POL-20260705-0045,EVT-20260705-0052
POL-20260705-0046,EVT-20260703-0044
POL-20260705-0047,EVT-20260705-0045
POL-20260705-0048,EVT-20260705-0010
POL-20260705-0049,EVT-20260705-0001
POL-20260705-0050,EVT-20260705-0048
POL-20260705-0051,EVT-20260705-0020
POL-20260705-0052,EVT-20260705-0025
POL-20260705-0053,EVT-20260705-0026
POL-20260705-0054,EVT-20260705-0051
POL-20260705-0055,EVT-20260705-0016
POL-20260705-0056,EVT-20260705-0039
POL-20260705-0057,EVT-20260705-0040
POL-20260705-0058,EVT-20260705-0055
POL-20260705-0059,EVT-20260705-0043
POL-20260705-0060,EVT-20260705-0002
POL-20260705-0061,EVT-20260705-0002
POL-20260705-0062,EVT-20260705-0012
POL-20260705-0063,EVT-20260705-0023
POL-20260705-0064,EVT-20260705-0043
POL-20260705-0065,EVT-20260705-0049
POL-20260705-0066,EVT-20260705-0030
POL-20260705-0067,EVT-20260701-0001
POL-20260705-0068,EVT-20260705-0054
POL-20260705-0069,EVT-20260705-0032
POL-20260705-0070,EVT-20260705-0013
POL-20260706-0001,EVT-20260705-0017
POL-20260706-0002,EVT-20260706-0030
POL-20260706-0003,EVT-20260705-0004
POL-20260706-0004,EVT-20260705-0029
POL-20260706-0005,EVT-20260706-0050
POL-20260706-0006,EVT-20260703-0029
POL-20260706-0007,EVT-20260705-0021
POL-20260706-0008,EVT-20260706-0058
POL-20260706-0009,EVT-20260706-0029
POL-20260706-0010,EVT-20260706-0028
POL-20260706-0011,EVT-20260706-0037
POL-20260706-0012,EVT-20260705-0024
POL-20260706-0013,EVT-20260705-0002
POL-20260706-0014,EVT-20260706-0046
POL-20260706-0015,EVT-20260705-0008
POL-20260706-0016,EVT-20260706-0002
POL-20260706-0017,EVT-20260705-0039
POL-20260706-0018,EVT-20260705-0035
POL-20260706-0019,EVT-20260706-0051
POL-20260706-0020,EVT-20260705-0021
POL-20260706-0021,EVT-20260706-0022
POL-20260706-0022,EVT-20260703-0044
POL-20260706-0023,EVT-20260706-0023
POL-20260706-0024,EVT-20260706-0033
POL-20260706-0025,EVT-20260706-0005
POL-20260706-0026,EVT-20260706-0005
POL-20260706-0027,EVT-20260706-0031
POL-20260706-0028,EVT-20260706-0017
POL-20260706-0029,EVT-20260706-0004
POL-20260706-0030,EVT-20260706-0057
POL-20260706-0031,EVT-20260705-0050
POL-20260706-0032,EVT-20260706-0059
POL-20260706-0033,EVT-20260706-0016
POL-20260706-0034,EVT-20260706-0015
POL-20260706-0035,EVT-20260706-0003
POL-20260706-0036,EVT-20260706-0009
POL-20260706-0037,EVT-20260706-0005
POL-20260706-0038,EVT-20260706-0047
POL-20260706-0039,EVT-20260706-0005
POL-20260706-0040,EVT-20260706-0054
POL-20260706-0041,EVT-20260706-0014
POL-20260706-0042,EVT-20260706-0049
POL-20260706-0043,EVT-20260706-0013
POL-20260706-0044,EVT-20260706-0029
POL-20260706-0045,EVT-20260705-0008
POL-20260706-0046,EVT-20260706-0019
POL-20260706-0047,EVT-20260706-0056
POL-20260706-0048,EVT-20260706-0062
POL-20260706-0049,EVT-20260703-0035
POL-20260706-0050,EVT-20260706-0007
POL-20260706-0051,EVT-20260706-0009
POL-20260706-0052,EVT-20260706-0017
POL-20260706-0053,EVT-20260706-0063
POL-20260706-0054,EVT-20260706-0041
POL-20260706-0055,EVT-20260706-0026
POL-20260706-0056,EVT-20260706-0021
POL-20260706-0057,EVT-20260706-0055
POL-20260706-0058,EVT-20260706-0024
POL-20260706-0059,EVT-20260706-0025
POL-20260706-0060,EVT-20260706-0001
POL-20260706-0061,EVT-20260706-0036
POL-20260706-0062,EVT-20260706-0010
POL-20260706-0063,EVT-20260706-0006
POL-20260706-0064,EVT-20260706-0039
POL-20260706-0065,EVT-20260706-0039
POL-20260706-0066,EVT-20260706-0027
POL-20260706-0067,EVT-20260706-0018
POL-20260706-0068,EVT-20260706-0018
POL-20260706-0069,EVT-20260706-0057
POL-20260706-0070,EVT-20260706-0051
POL-20260706-0071,EVT-20260706-0048
POL-20260706-0072,EVT-20260706-0011
POL-20260706-0073,EVT-20260706-0060
POL-20260707-0001,EVT-20260706-0034
POL-20260707-0002,EVT-20260706-0045
POL-20260707-0003,EVT-20260707-0005
POL-20260707-0004,EVT-20260706-0009
POL-20260707-0005,EVT-20260706-0039
POL-20260707-0006,EVT-20260706-0013
POL-20260707-0007,EVT-20260707-0002
POL-20260707-0008,EVT-20260706-0020
POL-20260707-0009,EVT-20260706-0043
POL-20260707-0010,EVT-20260706-0053
POL-20260707-0011,EVT-20260707-0021
POL-20260707-0012,EVT-20260707-0050
POL-20260707-0013,EVT-20260707-0029
POL-20260707-0014,EVT-20260707-0001
POL-20260707-0015,EVT-20260706-0053
POL-20260707-0016,EVT-20260706-0026
POL-20260707-0017,EVT-20260707-0006
POL-20260707-0018,EVT-20260707-0002
POL-20260707-0019,EVT-20260705-0047
POL-20260707-0020,EVT-20260706-0008
POL-20260707-0021,EVT-20260706-0052
POL-20260707-0022,EVT-20260706-0061
POL-20260707-0023,EVT-20260707-0003
POL-20260707-0024,EVT-20260705-0007
POL-20260707-0025,EVT-20260706-0040
POL-20260707-0026,EVT-20260707-0037
POL-20260707-0027,EVT-20260706-0026
POL-20260707-0028,EVT-20260706-0064
POL-20260707-0029,EVT-20260707-0017
POL-20260707-0030,EVT-20260707-0035
POL-20260707-0031,EVT-20260707-0015
POL-20260707-0032,EVT-20260707-0044
POL-20260707-0033,EVT-20260706-0042
POL-20260707-0034,EVT-20260706-0038
POL-20260707-0035,EVT-20260707-0016
POL-20260707-0036,EVT-20260707-0018
POL-20260707-0037,EVT-20260707-0012
POL-20260707-0038,EVT-20260706-0054
POL-20260707-0039,EVT-20260707-0039
POL-20260707-0040,EVT-20260705-0002
POL-20260707-0041,EVT-20260707-0023
POL-20260707-0042,EVT-20260706-0032
POL-20260707-0043,EVT-20260706-0053
POL-20260707-0044,EVT-20260707-0028
POL-20260707-0045,EVT-20260706-0044
POL-20260707-0046,EVT-20260707-0038
POL-20260707-0047,EVT-20260707-0034
POL-20260707-0048,EVT-20260707-0009
POL-20260707-0049,EVT-20260707-0045
POL-20260707-0050,EVT-20260707-0004
POL-20260707-0051,EVT-20260707-0011
POL-20260707-0052,EVT-20260707-0041
POL-20260707-0053,EVT-20260707-0014
POL-20260707-0054,EVT-20260707-0034
POL-20260707-0055,EVT-20260707-0040
POL-20260707-0056,EVT-20260707-0020
POL-20260707-0057,EVT-20260707-0031
POL-20260707-0058,EVT-20260707-0026
POL-20260707-0059,EVT-20260706-0035
POL-20260707-0060,EVT-20260707-0036
POL-20260707-0061,EVT-20260705-0033
POL-20260707-0062,EVT-20260707-0047
POL-20260707-0063,EVT-20260707-0019
POL-20260707-0064,EVT-20260707-0046
POL-20260707-0065,EVT-20260707-0008
POL-20260708-0001,EVT-20260707-0025
POL-20260708-0002,EVT-20260707-0030
POL-20260708-0003,EVT-20260708-0021
POL-20260708-0004,EVT-20260708-0020
POL-20260708-0005,EVT-20260707-0033
POL-20260708-0006,EVT-20260708-0029
POL-20260708-0007,EVT-20260707-0010
POL-20260708-0008,EVT-20260707-0043
POL-20260708-0009,EVT-20260707-0042
POL-20260708-0010,EVT-20260708-0010
POL-20260708-0011,EVT-20260706-0009
POL-20260708-0012,EVT-20260708-0042
POL-20260708-0013,EVT-20260707-0007
POL-20260708-0014,EVT-20260707-0036
POL-20260708-0015,EVT-20260708-0020
POL-20260708-0016,EVT-20260708-0020
POL-20260708-0017,EVT-20260707-0024
POL-20260708-0018,EVT-20260707-0045
POL-20260708-0019,EVT-20260708-0035
POL-20260708-0020,EVT-20260708-0032
POL-20260708-0021,EVT-20260707-0034
POL-20260708-0022,EVT-20260708-0032
POL-20260708-0023,EVT-20260708-0028
POL-20260708-0024,EVT-20260708-0003
POL-20260708-0025,EVT-20260707-0042
POL-20260708-0026,EVT-20260708-0025
POL-20260708-0027,EVT-20260708-0015
POL-20260708-0028,EVT-20260708-0040
POL-20260708-0029,EVT-20260707-0048
POL-20260708-0030,EVT-20260708-0013
POL-20260708-0031,EVT-20260707-0032
POL-20260708-0032,EVT-20260708-0002
POL-20260708-0033,EVT-20260708-0006
POL-20260708-0034,EVT-20260708-0013
POL-20260708-0035,EVT-20260708-0018
POL-20260708-0036,EVT-20260708-0019
POL-20260708-0037,EVT-20260708-0047
POL-20260708-0038,EVT-20260707-0042
POL-20260708-0039,EVT-20260708-0017
POL-20260708-0040,EVT-20260708-0037
POL-20260708-0041,EVT-20260708-0016
POL-20260708-0042,EVT-20260708-0035
POL-20260708-0043,EVT-20260708-0044
POL-20260708-0044,EVT-20260708-0044
POL-20260708-0045,EVT-20260708-0033
POL-20260708-0046,EVT-20260708-0006
POL-20260708-0047,EVT-20260708-0026
POL-20260708-0048,EVT-20260708-0041
POL-20260708-0049,EVT-20260708-0009
POL-20260708-0050,EVT-20260707-0027
POL-20260708-0051,EVT-20260708-0011
POL-20260708-0052,EVT-20260707-0049
POL-20260708-0053,EVT-20260708-0019
POL-20260708-0054,EVT-20260707-0022
POL-20260708-0055,EVT-20260707-0047
POL-20260708-0056,EVT-20260708-0005
POL-20260708-0057,EVT-20260708-0032
POL-20260708-0058,EVT-20260708-0038
POL-20260708-0059,EVT-20260708-0027
POL-20260708-0060,EVT-20260708-0036
POL-20260708-0061,EVT-20260708-0038
POL-20260708-0062,EVT-20260708-0024
POL-20260708-0063,EVT-20260707-0043
POL-20260708-0064,EVT-20260708-0048
POL-20260708-0065,EVT-20260707-0013
POL-20260708-0066,EVT-20260708-0031
POL-20260708-0067,EVT-20260708-0051
POL-20260708-0068,EVT-20260708-0049
POL-20260708-0069,EVT-20260708-0006
POL-20260708-0070,EVT-20260708-0008
POL-20260708-0071,EVT-20260708-0013
POL-20260708-0072,EVT-20260708-0039
POL-20260708-0073,EVT-20260708-0045
POL-20260708-0074,EVT-20260708-0023
POL-20260709-0001,EVT-20260708-0043
POL-20260709-0002,EVT-20260709-0027
POL-20260709-0003,EVT-20260708-0013
POL-20260709-0004,EVT-20260708-0034
POL-20260709-0005,EVT-20260708-0039
POL-20260709-0006,EVT-20260709-0043
POL-20260709-0007,EVT-20260708-0007
POL-20260709-0008,EVT-20260708-0034
POL-20260709-0009,EVT-20260708-0046
POL-20260709-0010,EVT-20260709-0012
POL-20260709-0011,EVT-20260709-0020
POL-20260709-0012,EVT-20260709-0020
POL-20260709-0013,EVT-20260709-0034
POL-20260709-0014,EVT-20260709-0025
POL-20260709-0015,EVT-20260708-0030
POL-20260709-0016,EVT-20260709-0029
POL-20260709-0017,EVT-20260709-0027
POL-20260709-0018,EVT-20260708-0039
POL-20260709-0019,EVT-20260708-0049
POL-20260709-0020,EVT-20260709-0023
POL-20260709-0021,EVT-20260708-0038
POL-20260709-0022,EVT-20260709-0038
POL-20260709-0023,EVT-20260709-0017
POL-20260709-0024,EVT-20260708-0001
POL-20260709-0025,EVT-20260708-0045
POL-20260709-0026,EVT-20260709-0018
POL-20260709-0027,EVT-20260709-0007
POL-20260709-0028,EVT-20260708-0050
POL-20260709-0029,EVT-20260708-0012
POL-20260709-0030,EVT-20260708-0022
POL-20260709-0031,EVT-20260709-0038
POL-20260709-0032,EVT-20260709-0017
POL-20260709-0033,EVT-20260709-0005
POL-20260709-0034,EVT-20260709-0026
POL-20260709-0035,EVT-20260708-0004
POL-20260709-0036,EVT-20260706-0012
POL-20260709-0037,EVT-20260706-0008
POL-20260709-0038,EVT-20260708-0045
POL-20260709-0039,EVT-20260709-0038
POL-20260709-0040,EVT-20260709-0008
POL-20260709-0041,EVT-20260709-0001
POL-20260709-0042,EVT-20260709-0032
POL-20260709-0043,EVT-20260709-0003
POL-20260709-0044,EVT-20260709-0015
POL-20260709-0045,EVT-20260709-0040
POL-20260709-0046,EVT-20260708-0014
POL-20260709-0047,EVT-20260709-0021
POL-20260709-0048,EVT-20260709-0028
POL-20260709-0049,EVT-20260709-0013
POL-20260709-0050,EVT-20260709-0013
POL-20260709-0051,EVT-20260709-0039
POL-20260709-0052,EVT-20260708-0019
POL-20260709-0053,EVT-20260709-0036
POL-20260709-0054,EVT-20260709-0041
POL-20260709-0055,EVT-20260709-0006
POL-20260709-0056,EVT-20260709-0024
POL-20260709-0057,EVT-20260709-0001
POL-20260709-0058,EVT-20260706-0008
POL-20260709-0059,EVT-20260709-0033
POL-20260709-0060,EVT-20260709-0019
POL-20260709-0061,EVT-20260709-0039
POL-20260709-0062,EVT-20260709-0011
POL-20260709-0063,EVT-20260709-0031
POL-20260709-0064,EVT-20260709-0010
POL-20260709-0065,EVT-20260709-0039
POL-20260709-0066,EVT-20260709-0004
POL-20260709-0067,EVT-20260709-0037
POL-20260709-0068,EVT-20260709-0020
POL-20260709-0069,EVT-20260709-0022
POL-20260709-0070,EVT-20260709-0002
POL-20260709-0071,EVT-20260708-0044
POL-20260709-0072,EVT-20260709-0022
POL-20260710-0001,EVT-20260708-0051
POL-20260710-0002,EVT-20260710-0040
POL-20260710-0003,EVT-20260709-0030
POL-20260710-0004,EVT-20260710-0032
POL-20260710-0005,EVT-20260708-0049
POL-20260710-0006,EVT-20260710-0003
POL-20260710-0007,EVT-20260710-0004
POL-20260710-0008,EVT-20260709-0042
POL-20260710-0009,EVT-20260709-0021
POL-20260710-0010,EVT-20260709-0009
POL-20260710-0011,EVT-20260710-0020
POL-20260710-0012,EVT-20260710-0028
POL-20260710-0013,EVT-20260710-0013
POL-20260710-0014,EVT-20260710-0009
POL-20260710-0015,EVT-20260710-0009
POL-20260710-0016,EVT-20260710-0001
POL-20260710-0017,EVT-20260709-0016
POL-20260710-0018,EVT-20260710-0019
POL-20260710-0019,EVT-20260710-0012
POL-20260710-0020,EVT-20260710-0002
POL-20260710-0021,EVT-20260710-0011
POL-20260710-0022,EVT-20260710-0039
POL-20260710-0023,EVT-20260710-0021
POL-20260710-0024,EVT-20260710-0017
POL-20260710-0025,EVT-20260710-0011
POL-20260710-0026,EVT-20260710-0021
POL-20260710-0027,EVT-20260710-0004
POL-20260710-0028,EVT-20260710-0009
POL-20260710-0029,EVT-20260710-0021
POL-20260710-0030,EVT-20260710-0015
POL-20260710-0031,EVT-20260710-0010
POL-20260710-0032,EVT-20260710-0011
POL-20260710-0033,EVT-20260710-0011
POL-20260710-0034,EVT-20260708-0039
POL-20260710-0035,EVT-20260710-0027
POL-20260710-0036,EVT-20260710-0018
POL-20260710-0037,EVT-20260710-0022
POL-20260710-0038,EVT-20260710-0036
POL-20260710-0039,EVT-20260710-0026
POL-20260710-0040,EVT-20260710-0014
POL-20260710-0041,EVT-20260710-0029
POL-20260710-0042,EVT-20260710-0037
POL-20260710-0043,EVT-20260710-0006
POL-20260710-0044,EVT-20260710-0043
POL-20260710-0045,EVT-20260710-0016
POL-20260710-0046,EVT-20260710-0033
POL-20260710-0047,EVT-20260710-0044
POL-20260710-0048,EVT-20260710-0007
POL-20260710-0049,EVT-20260710-0025
POL-20260710-0050,EVT-20260710-0031
POL-20260710-0051,EVT-20260710-0035
POL-20260710-0052,EVT-20260710-0023
POL-20260711-0001,EVT-20260711-0058
POL-20260711-0002,EVT-20260709-0014
POL-20260711-0003,EVT-20260711-0018
POL-20260711-0004,EVT-20260711-0043
POL-20260711-0005,EVT-20260711-0044
POL-20260711-0006,EVT-20260710-0026
POL-20260711-0007,EVT-20260711-0029
POL-20260711-0008,EVT-20260709-0021
POL-20260711-0009,EVT-20260711-0055
POL-20260711-0010,EVT-20260710-0024
POL-20260711-0011,EVT-20260710-0014
POL-20260711-0012,EVT-20260710-0038
POL-20260711-0013,EVT-20260711-0052
POL-20260711-0014,EVT-20260710-0042
POL-20260711-0015,EVT-20260711-0027
POL-20260711-0016,EVT-20260710-0042
POL-20260711-0017,EVT-20260710-0041
POL-20260711-0018,EVT-20260711-0043
POL-20260711-0019,EVT-20260710-0043
POL-20260711-0020,EVT-20260711-0056
POL-20260711-0021,EVT-20260710-0005
POL-20260711-0022,EVT-20260710-0031
POL-20260711-0023,EVT-20260711-0025
POL-20260711-0024,EVT-20260710-0034
POL-20260711-0025,EVT-20260711-0039
POL-20260711-0026,EVT-20260711-0012
POL-20260711-0027,EVT-20260711-0011
POL-20260711-0028,EVT-20260706-0038
POL-20260711-0029,EVT-20260711-0039
POL-20260711-0030,EVT-20260711-0042
POL-20260711-0031,EVT-20260710-0030
POL-20260711-0032,EVT-20260711-0047
POL-20260711-0033,EVT-20260711-0002
POL-20260711-0034,EVT-20260711-0048
POL-20260711-0035,EVT-20260711-0023
POL-20260711-0036,EVT-20260711-0021
POL-20260711-0037,EVT-20260711-0049
POL-20260711-0038,EVT-20260711-0037
POL-20260711-0039,EVT-20260711-0049
POL-20260711-0040,EVT-20260709-0035
POL-20260711-0041,EVT-20260711-0020
POL-20260711-0042,EVT-20260711-0005
POL-20260711-0043,EVT-20260711-0001
POL-20260711-0044,EVT-20260711-0036
POL-20260711-0045,EVT-20260710-0005
POL-20260711-0046,EVT-20260711-0038
POL-20260711-0047,EVT-20260711-0046
POL-20260711-0048,EVT-20260711-0030
POL-20260711-0049,EVT-20260711-0040
POL-20260711-0050,EVT-20260711-0048
POL-20260711-0051,EVT-20260711-0045
POL-20260711-0052,EVT-20260711-0015
POL-20260711-0053,EVT-20260711-0015
POL-20260711-0054,EVT-20260711-0035
POL-20260711-0055,EVT-20260711-0009
POL-20260711-0056,EVT-20260711-0004
POL-20260711-0057,EVT-20260711-0006
POL-20260711-0058,EVT-20260711-0004
POL-20260711-0059,EVT-20260711-0034
POL-20260711-0060,EVT-20260711-0028
POL-20260711-0061,EVT-20260711-0049
POL-20260711-0062,EVT-20260711-0031
POL-20260711-0063,EVT-20260711-0053
POL-20260711-0064,EVT-20260711-0007
POL-20260711-0065,EVT-20260711-0032
POL-20260711-0066,EVT-20260710-0008
POL-20260711-0067,EVT-20260711-0024
POL-20260711-0068,EVT-20260711-0022
POL-20260711-0069,EVT-20260711-0033
POL-20260711-0070,EVT-20260711-0016
POL-20260711-0071,EVT-20260711-0001
POL-20260712-0001,EVT-20260711-0057
POL-20260712-0002,EVT-20260711-0054
POL-20260712-0003,EVT-20260711-0005
POL-20260712-0004,EVT-20260712-0026
POL-20260712-0005,EVT-20260712-0015
POL-20260712-0006,EVT-20260711-0051
POL-20260712-0007,EVT-20260711-0026
POL-20260712-0008,EVT-20260711-0014
POL-20260712-0009,EVT-20260711-0015
POL-20260712-0010,EVT-20260711-0019
POL-20260712-0011,EVT-20260711-0041
POL-20260712-0012,EVT-20260711-0046
POL-20260712-0013,EVT-20260712-0049
POL-20260712-0014,EVT-20260712-0047
POL-20260712-0015,EVT-20260712-0023
POL-20260712-0016,EVT-20260712-0007
POL-20260712-0017,EVT-20260712-0009
POL-20260712-0018,EVT-20260711-0010
POL-20260712-0019,EVT-20260712-0025
POL-20260712-0020,EVT-20260712-0011
POL-20260712-0021,EVT-20260712-0010
POL-20260712-0022,EVT-20260711-0003
POL-20260712-0023,EVT-20260712-0036
POL-20260712-0024,EVT-20260712-0053
POL-20260712-0025,EVT-20260712-0014
POL-20260712-0026,EVT-20260712-0013
POL-20260712-0027,EVT-20260712-0024
POL-20260712-0028,EVT-20260711-0035
POL-20260712-0029,EVT-20260712-0037
POL-20260712-0030,EVT-20260712-0028
POL-20260712-0031,EVT-20260712-0034
POL-20260712-0032,EVT-20260711-0001
POL-20260712-0033,EVT-20260711-0008
POL-20260712-0034,EVT-20260712-0045
POL-20260712-0035,EVT-20260712-0002
POL-20260712-0036,EVT-20260712-0010
POL-20260712-0037,EVT-20260712-0001
POL-20260712-0038,EVT-20260712-0046
POL-20260712-0039,EVT-20260712-0031
POL-20260712-0040,EVT-20260710-0031
POL-20260712-0041,EVT-20260712-0027
POL-20260712-0042,EVT-20260712-0020
POL-20260712-0043,EVT-20260711-0005
POL-20260712-0044,EVT-20260711-0017
POL-20260712-0045,EVT-20260712-0051
POL-20260712-0046,EVT-20260712-0045
POL-20260712-0047,EVT-20260712-0048
POL-20260712-0048,EVT-20260712-0019
POL-20260712-0049,EVT-20260712-0044
POL-20260712-0050,EVT-20260712-0042
POL-20260712-0051,EVT-20260712-0033
POL-20260712-0052,EVT-20260712-0045
POL-20260712-0053,EVT-20260712-0005
POL-20260712-0054,EVT-20260712-0008
POL-20260712-0055,EVT-20260712-0001
POL-20260712-0056,EVT-20260712-0043
POL-20260712-0057,EVT-20260712-0041
POL-20260712-0058,EVT-20260712-0054
POL-20260712-0059,EVT-20260712-0006
POL-20260712-0060,EVT-20260712-0016
POL-20260712-0061,EVT-20260711-0008
POL-20260712-0062,EVT-20260712-0040
POL-20260712-0063,EVT-20260712-0012
POL-20260712-0064,EVT-20260712-0029
POL-20260712-0065,EVT-20260712-0030
POL-20260712-0066,EVT-20260712-0018
POL-20260712-0067,EVT-20260712-0035
POL-20260712-0068,EVT-20260712-0032
POL-20260712-0069,EVT-20260712-0003
POL-20260713-0001,EVT-20260713-0039
POL-20260713-0002,EVT-20260713-0012
POL-20260713-0003,EVT-20260713-0034
POL-20260713-0004,EVT-20260711-0008
POL-20260713-0005,EVT-20260712-0052
POL-20260713-0006,EVT-20260713-0020
POL-20260713-0007,EVT-20260713-0004
POL-20260713-0008,EVT-20260713-0002
POL-20260713-0009,EVT-20260712-0045
POL-20260713-0010,EVT-20260712-0039
POL-20260713-0011,EVT-20260712-0055
POL-20260713-0012,EVT-20260713-0028
POL-20260713-0013,EVT-20260713-0025
POL-20260713-0014,EVT-20260712-0022
POL-20260713-0015,EVT-20260712-0021
POL-20260713-0016,EVT-20260713-0016
POL-20260713-0017,EVT-20260711-0010
POL-20260713-0018,EVT-20260713-0012
POL-20260713-0019,EVT-20260712-0050
POL-20260713-0020,EVT-20260713-0010
POL-20260713-0021,EVT-20260713-0015
POL-20260713-0022,EVT-20260711-0013
POL-20260713-0023,EVT-20260713-0016
POL-20260713-0024,EVT-20260713-0006
POL-20260713-0025,EVT-20260713-0005
POL-20260713-0026,EVT-20260711-0050
POL-20260713-0027,EVT-20260713-0033
POL-20260713-0028,EVT-20260713-0001
POL-20260713-0029,EVT-20260713-0001
POL-20260713-0030,EVT-20260713-0031
POL-20260713-0031,EVT-20260713-0008
POL-20260713-0032,EVT-20260713-0038
POL-20260713-0033,EVT-20260713-0004
POL-20260713-0034,EVT-20260712-0018
POL-20260713-0035,EVT-20260712-0038
POL-20260713-0036,EVT-20260713-0004
POL-20260713-0037,EVT-20260713-0030
POL-20260713-0038,EVT-20260713-0041
POL-20260713-0039,EVT-20260713-0009
POL-20260713-0040,EVT-20260713-0011
POL-20260713-0041,EVT-20260713-0036
POL-20260713-0042,EVT-20260713-0018
POL-20260713-0043,EVT-20260713-0019
POL-20260713-0044,EVT-20260713-0029
POL-20260713-0045,EVT-20260713-0013
POL-20260713-0046,EVT-20260713-0021
POL-20260713-0047,EVT-20260713-0022
POL-20260713-0048,EVT-20260713-0031
POL-20260713-0049,EVT-20260713-0037
POL-20260714-0001,EVT-20260713-0030
POL-20260714-0002,EVT-20260713-0017
POL-20260714-0003,EVT-20260714-0008
POL-20260714-0004,EVT-20260714-0046
POL-20260714-0005,EVT-20260714-0046
POL-20260714-0006,EVT-20260714-0052
POL-20260714-0007,EVT-20260712-0017
POL-20260714-0008,EVT-20260714-0017
POL-20260714-0009,EVT-20260713-0026
POL-20260714-0010,EVT-20260713-0040
POL-20260714-0011,EVT-20260714-0003
POL-20260714-0012,EVT-20260713-0023
POL-20260714-0013,EVT-20260713-0003
POL-20260714-0014,EVT-20260713-0027
POL-20260714-0015,EVT-20260713-0014
POL-20260714-0016,EVT-20260714-0018
POL-20260714-0017,EVT-20260714-0046
POL-20260714-0018,EVT-20260714-0054
POL-20260714-0019,EVT-20260714-0012
POL-20260714-0020,EVT-20260714-0040
POL-20260714-0021,EVT-20260714-0046
POL-20260714-0022,EVT-20260714-0035
POL-20260714-0023,EVT-20260712-0018
POL-20260714-0024,EVT-20260714-0045
POL-20260714-0025,EVT-20260714-0021
POL-20260714-0026,EVT-20260714-0001
POL-20260714-0027,EVT-20260714-0024
POL-20260714-0028,EVT-20260714-0042
POL-20260714-0029,EVT-20260714-0013
POL-20260714-0030,EVT-20260713-0035
POL-20260714-0031,EVT-20260714-0020
POL-20260714-0032,EVT-20260714-0043
POL-20260714-0033,EVT-20260713-0007
POL-20260714-0034,EVT-20260714-0041
POL-20260714-0035,EVT-20260714-0028
POL-20260714-0036,EVT-20260714-0033
POL-20260714-0037,EVT-20260714-0033
POL-20260714-0038,EVT-20260714-0037
POL-20260714-0039,EVT-20260714-0006
POL-20260714-0040,EVT-20260714-0047
POL-20260714-0041,EVT-20260713-0030
POL-20260714-0042,EVT-20260714-0007
POL-20260714-0043,EVT-20260714-0005
POL-20260714-0044,EVT-20260714-0038
POL-20260714-0045,EVT-20260713-0024
POL-20260714-0046,EVT-20260712-0004
POL-20260714-0047,EVT-20260714-0033
POL-20260714-0048,EVT-20260714-0014
POL-20260714-0049,EVT-20260714-0030
POL-20260714-0050,EVT-20260714-0044
POL-20260714-0051,EVT-20260714-0016
POL-20260714-0052,EVT-20260714-0053
POL-20260714-0053,EVT-20260714-0031
POL-20260714-0054,EVT-20260714-0039
POL-20260714-0055,EVT-20260714-0006
POL-20260714-0056,EVT-20260714-0051
POL-20260714-0057,EVT-20260714-0006
POL-20260714-0058,EVT-20260714-0026
POL-20260714-0059,EVT-20260714-0025
POL-20260714-0060,EVT-20260714-0015
POL-20260714-0061,EVT-20260714-0023
POL-20260714-0062,EVT-20260714-0011
POL-20260715-0001,EVT-20260714-0009
POL-20260715-0002,EVT-20260715-0005
POL-20260715-0003,EVT-20260714-0029
POL-20260715-0004,EVT-20260714-0012
POL-20260715-0005,EVT-20260714-0025
POL-20260715-0006,EVT-20260714-0032
POL-20260715-0007,EVT-20260715-0034
POL-20260715-0008,EVT-20260714-0027
POL-20260715-0009,EVT-20260715-0019
POL-20260715-0010,EVT-20260714-0002
POL-20260715-0011,EVT-20260714-0010
POL-20260715-0012,EVT-20260714-0022
POL-20260715-0013,EVT-20260715-0022
POL-20260715-0014,EVT-20260714-0048
POL-20260715-0015,EVT-20260714-0029
POL-20260715-0016,EVT-20260714-0036
POL-20260715-0017,EVT-20260714-0011
POL-20260715-0018,EVT-20260714-0004
POL-20260715-0019,EVT-20260715-0010
POL-20260715-0020,EVT-20260714-0015
POL-20260715-0021,EVT-20260714-0015
POL-20260715-0022,EVT-20260714-0022
POL-20260715-0023,EVT-20260715-0011
POL-20260715-0024,EVT-20260714-0053
POL-20260715-0025,EVT-20260714-0050
POL-20260715-0026,EVT-20260715-0013
POL-20260715-0027,EVT-20260715-0021
POL-20260715-0028,EVT-20260715-0045
POL-20260715-0029,EVT-20260714-0049
POL-20260715-0030,EVT-20260715-0035
POL-20260715-0031,EVT-20260715-0028
POL-20260715-0032,EVT-20260715-0004
POL-20260715-0033,EVT-20260714-0053
POL-20260715-0034,EVT-20260715-0030
POL-20260715-0035,EVT-20260715-0032
POL-20260715-0036,EVT-20260715-0014
POL-20260715-0037,EVT-20260714-0034
POL-20260715-0038,EVT-20260715-0042
POL-20260715-0039,EVT-20260715-0025
POL-20260715-0040,EVT-20260714-0019
POL-20260715-0041,EVT-20260715-0036
POL-20260715-0042,EVT-20260714-0009
POL-20260715-0043,EVT-20260715-0017
POL-20260715-0044,EVT-20260715-0043
POL-20260715-0045,EVT-20260715-0037
POL-20260715-0046,EVT-20260715-0018
POL-20260715-0047,EVT-20260715-0025
POL-20260715-0048,EVT-20260715-0015
POL-20260715-0049,EVT-20260715-0033
POL-20260715-0050,EVT-20260715-0015
POL-20260715-0051,EVT-20260715-0046
POL-20260715-0052,EVT-20260715-0033
POL-20260715-0053,EVT-20260715-0031
POL-20260715-0054,EVT-20260715-0006
POL-20260715-0055,EVT-20260715-0038
POL-20260715-0056,EVT-20260715-0003
POL-20260715-0057,EVT-20260715-0017
POL-20260715-0058,EVT-20260715-0040
POL-20260715-0059,EVT-20260715-0032
POL-20260715-0060,EVT-20260715-0039
POL-20260715-0061,EVT-20260715-0029
POL-20260715-0062,EVT-20260715-0006
POL-20260715-0063,EVT-20260714-0050
POL-20260715-0064,EVT-20260715-0008
POL-20260715-0065,EVT-20260715-0006
POL-20260715-0066,EVT-20260715-0001
POL-20260715-0067,EVT-20260715-0012
POL-20260715-0068,EVT-20260715-0026
POL-20260715-0069,EVT-20260715-0027
POL-20260715-0070,EVT-20260715-0007
POL-20260715-0071,EVT-20260715-0041
POL-20260716-0001,EVT-20260715-0009
POL-20260716-0002,EVT-20260716-0014
POL-20260716-0003,EVT-20260716-0019
POL-20260716-0004,EVT-20260714-0041
POL-20260716-0005,EVT-20260715-0016
POL-20260716-0006,EVT-20260716-0033
POL-20260716-0007,EVT-20260716-0001
POL-20260716-0008,EVT-20260715-0027
POL-20260716-0009,EVT-20260715-0030
POL-20260716-0010,EVT-20260716-0016
POL-20260716-0011,EVT-20260716-0040
POL-20260716-0012,EVT-20260715-0044
POL-20260716-0013,EVT-20260715-0038
POL-20260716-0014,EVT-20260715-0024
POL-20260716-0015,EVT-20260716-0035
POL-20260716-0016,EVT-20260714-0022
POL-20260716-0017,EVT-20260716-0020
POL-20260716-0018,EVT-20260716-0020
POL-20260716-0019,EVT-20260716-0009
POL-20260716-0020,EVT-20260716-0007
POL-20260716-0021,EVT-20260716-0034
POL-20260716-0022,EVT-20260716-0009
POL-20260716-0023,EVT-20260714-0014
POL-20260716-0024,EVT-20260715-0020
POL-20260716-0025,EVT-20260716-0029
POL-20260716-0026,EVT-20260716-0038
POL-20260716-0027,EVT-20260716-0004
POL-20260716-0028,EVT-20260716-0040
POL-20260716-0029,EVT-20260715-0002
POL-20260716-0030,EVT-20260716-0008
POL-20260716-0031,EVT-20260716-0016
POL-20260716-0032,EVT-20260716-0016
POL-20260716-0033,EVT-20260716-0025
POL-20260716-0034,EVT-20260716-0015
POL-20260716-0035,EVT-20260716-0010
POL-20260716-0036,EVT-20260716-0026
POL-20260716-0037,EVT-20260713-0024
POL-20260716-0038,EVT-20260716-0031
POL-20260716-0039,EVT-20260716-0036
POL-20260716-0040,EVT-20260716-0016
POL-20260716-0041,EVT-20260716-0024
POL-20260716-0042,EVT-20260716-0010
POL-20260716-0043,EVT-20260716-0023
POL-20260716-0044,EVT-20260716-0006
POL-20260716-0045,EVT-20260716-0006
POL-20260716-0046,EVT-20260716-0023
POL-20260716-0047,EVT-20260716-0028
POL-20260716-0048,EVT-20260716-0018
POL-20260716-0049,EVT-20260716-0030
POL-20260716-0050,EVT-20260716-0012
POL-20260716-0051,EVT-20260716-0022
POL-20260716-0052,EVT-20260716-0022
POL-20260716-0053,EVT-20260716-0010
POL-20260716-0054,EVT-20260716-0037
POL-20260716-0055,EVT-20260716-0043
POL-20260716-0056,EVT-20260716-0008
POL-20260716-0057,EVT-20260716-0023
POL-20260716-0058,EVT-20260716-0022
POL-20260716-0059,EVT-20260716-0027
POL-20260716-0060,EVT-20260715-0023
POL-20260716-0061,EVT-20260716-0032
POL-20260716-0062,EVT-20260716-0005
POL-20260716-0063,EVT-20260716-0017
POL-20260717-0001,EVT-20260717-0007
POL-20260717-0002,EVT-20260716-0021
POL-20260717-0003,EVT-20260716-0005
POL-20260717-0004,EVT-20260717-0002
POL-20260717-0005,EVT-20260717-0017
POL-20260717-0006,EVT-20260717-0039
POL-20260717-0007,EVT-20260716-0005
POL-20260717-0008,EVT-20260717-0017
POL-20260717-0009,EVT-20260716-0022
POL-20260717-0010,EVT-20260717-0008
POL-20260717-0011,EVT-20260717-0027
POL-20260717-0012,EVT-20260717-0035
POL-20260717-0013,EVT-20260717-0044
POL-20260717-0014,EVT-20260717-0050
POL-20260717-0015,EVT-20260717-0009
POL-20260717-0016,EVT-20260716-0003
POL-20260717-0017,EVT-20260717-0021
POL-20260717-0018,EVT-20260717-0003
POL-20260717-0019,EVT-20260717-0016
POL-20260717-0020,EVT-20260717-0014
POL-20260717-0021,EVT-20260717-0011
POL-20260717-0022,EVT-20260717-0038
POL-20260717-0023,EVT-20260717-0051
POL-20260717-0024,EVT-20260717-0003
POL-20260717-0025,EVT-20260717-0037
POL-20260717-0026,EVT-20260716-0013
POL-20260717-0027,EVT-20260716-0039
POL-20260717-0028,EVT-20260717-0013
POL-20260717-0029,EVT-20260717-0013
POL-20260717-0030,EVT-20260717-0046
POL-20260717-0031,EVT-20260717-0028
POL-20260717-0032,EVT-20260717-0012
POL-20260717-0033,EVT-20260717-0007
POL-20260717-0034,EVT-20260717-0018
POL-20260717-0035,EVT-20260717-0004
POL-20260717-0036,EVT-20260717-0049
POL-20260717-0037,EVT-20260717-0023
POL-20260717-0038,EVT-20260717-0017
POL-20260717-0039,EVT-20260717-0048
POL-20260717-0040,EVT-20260717-0043
POL-20260717-0041,EVT-20260717-0047
POL-20260717-0042,EVT-20260717-0005
POL-20260717-0043,EVT-20260717-0001
POL-20260717-0044,EVT-20260716-0037
POL-20260717-0045,EVT-20260717-0024
POL-20260717-0046,EVT-20260717-0019
POL-20260717-0047,EVT-20260716-0042
POL-20260717-0048,EVT-20260717-0040
POL-20260717-0049,EVT-20260717-0031
POL-20260717-0050,EVT-20260717-0033
POL-20260717-0051,EVT-20260717-0034
POL-20260717-0052,EVT-20260717-0036
POL-20260717-0053,EVT-20260717-0042
POL-20260717-0054,EVT-20260717-0007
POL-20260718-0001,EVT-20260713-0032
POL-20260718-0002,EVT-20260717-0015
POL-20260718-0003,EVT-20260718-0008
POL-20260718-0004,EVT-20260717-0036
POL-20260718-0005,EVT-20260718-0002
POL-20260718-0006,EVT-20260718-0004
POL-20260718-0007,EVT-20260718-0055
POL-20260718-0008,EVT-20260717-0030
POL-20260718-0009,EVT-20260718-0052
POL-20260718-0010,EVT-20260717-0040
POL-20260718-0011,EVT-20260717-0006
POL-20260718-0012,EVT-20260718-0067
POL-20260718-0013,EVT-20260717-0033
POL-20260718-0014,EVT-20260714-0025
POL-20260718-0015,EVT-20260717-0004
POL-20260718-0016,EVT-20260717-0032
POL-20260718-0017,EVT-20260717-0025
POL-20260718-0018,EVT-20260717-0041
POL-20260718-0019,EVT-20260717-0045
POL-20260718-0020,EVT-20260717-0020
POL-20260718-0021,EVT-20260718-0038
POL-20260718-0022,EVT-20260718-0066
POL-20260718-0023,EVT-20260717-0022
POL-20260718-0024,EVT-20260718-0068
POL-20260718-0025,EVT-20260718-0068
POL-20260718-0026,EVT-20260718-0005
POL-20260718-0027,EVT-20260718-0061
POL-20260718-0028,EVT-20260718-0006
POL-20260718-0029,EVT-20260718-0044
POL-20260718-0030,EVT-20260718-0006
POL-20260718-0031,EVT-20260718-0026
POL-20260718-0032,EVT-20260718-0009
POL-20260718-0033,EVT-20260718-0042
POL-20260718-0034,EVT-20260716-0039
POL-20260718-0035,EVT-20260717-0020
POL-20260718-0036,EVT-20260718-0026
POL-20260718-0037,EVT-20260718-0032
POL-20260718-0038,EVT-20260718-0027
POL-20260718-0039,EVT-20260718-0018
POL-20260718-0040,EVT-20260718-0020
POL-20260718-0041,EVT-20260718-0053
POL-20260718-0042,EVT-20260718-0059
POL-20260718-0043,EVT-20260718-0059
POL-20260718-0044,EVT-20260717-0026
POL-20260718-0045,EVT-20260718-0050
POL-20260718-0046,EVT-20260718-0035
POL-20260718-0047,EVT-20260718-0023
POL-20260718-0048,EVT-20260718-0048
POL-20260718-0049,EVT-20260718-0015
POL-20260718-0050,EVT-20260718-0053
POL-20260718-0051,EVT-20260717-0010
POL-20260718-0052,EVT-20260718-0058
POL-20260718-0053,EVT-20260718-0003
POL-20260718-0054,EVT-20260718-0037
POL-20260718-0055,EVT-20260718-0052
POL-20260718-0056,EVT-20260718-0027
POL-20260718-0057,EVT-20260718-0009
POL-20260718-0058,EVT-20260718-0045
POL-20260718-0059,EVT-20260717-0018
POL-20260718-0060,EVT-20260718-0031
POL-20260718-0061,EVT-20260717-0033
POL-20260718-0062,EVT-20260718-0063
POL-20260718-0063,EVT-20260718-0043
POL-20260718-0064,EVT-20260718-0029
POL-20260718-0065,EVT-20260717-0040
POL-20260718-0066,EVT-20260716-0039
POL-20260718-0067,EVT-20260718-0047
POL-20260718-0068,EVT-20260718-0010
POL-20260718-0069,EVT-20260718-0046
POL-20260718-0070,EVT-20260718-0070
POL-20260718-0071,EVT-20260718-0017
POL-20260718-0072,EVT-20260718-0049
POL-20260718-0073,EVT-20260718-0028
POL-20260718-0074,EVT-20260718-0011
POL-20260718-0075,EVT-20260718-0062
POL-20260718-0076,EVT-20260718-0045
POL-20260718-0077,EVT-20260718-0022
POL-20260718-0078,EVT-20260718-0034
POL-20260718-0079,EVT-20260718-0019
POL-20260718-0080,EVT-20260718-0039
POL-20260718-0081,EVT-20260718-0016
POL-20260718-0082,EVT-20260718-0065
POL-20260718-0083,EVT-20260718-0041
POL-20260718-0084,EVT-20260718-0030
POL-20260718-0085,EVT-20260718-0016
POL-20260718-0086,EVT-20260718-0053
POL-20260718-0087,EVT-20260718-0033
POL-20260718-0088,EVT-20260718-0006
POL-20260718-0089,EVT-20260718-0060
POL-20260718-0090,EVT-20260718-0057
POL-20260718-0091,EVT-20260718-0012
POL-20260718-0092,EVT-20260718-0025
POL-20260718-0093,EVT-20260718-0056
POL-20260718-0094,EVT-20260718-0040
POL-20260718-0095,EVT-20260718-0036
POL-20260718-0096,EVT-20260718-0021
POL-20260718-0097,EVT-20260718-0054
POL-20260718-0098,EVT-20260718-0064
POL-20260718-0099,EVT-20260718-0069
POL-20260719-0001,EVT-20260718-0009
POL-20260719-0002,EVT-20260718-0007
POL-20260719-0003,EVT-20260718-0011
POL-20260719-0004,EVT-20260719-0045
POL-20260719-0005,EVT-20260719-0031
POL-20260719-0006,EVT-20260718-0006
POL-20260719-0007,EVT-20260718-0051
POL-20260719-0008,EVT-20260718-0036
POL-20260719-0009,EVT-20260719-0015
POL-20260719-0010,EVT-20260718-0033
POL-20260719-0011,EVT-20260719-0044
POL-20260719-0012,EVT-20260718-0064
POL-20260719-0013,EVT-20260718-0045
POL-20260719-0014,EVT-20260718-0014
POL-20260719-0015,EVT-20260719-0022
POL-20260719-0016,EVT-20260718-0021
POL-20260719-0017,EVT-20260718-0011
POL-20260719-0018,EVT-20260719-0045
POL-20260719-0019,EVT-20260719-0008
POL-20260719-0020,EVT-20260718-0001
POL-20260719-0021,EVT-20260718-0051
POL-20260719-0022,EVT-20260719-0033
POL-20260719-0023,EVT-20260718-0024
POL-20260719-0024,EVT-20260719-0047
POL-20260719-0025,EVT-20260719-0024
POL-20260719-0026,EVT-20260719-0027
POL-20260719-0027,EVT-20260719-0044
POL-20260719-0028,EVT-20260719-0006
POL-20260719-0029,EVT-20260719-0035
POL-20260719-0030,EVT-20260719-0018
POL-20260719-0031,EVT-20260719-0048
POL-20260719-0032,EVT-20260718-0033
POL-20260719-0033,EVT-20260719-0004
POL-20260719-0034,EVT-20260719-0041
POL-20260719-0035,EVT-20260719-0034
POL-20260719-0036,EVT-20260718-0021
POL-20260719-0037,EVT-20260719-0036
POL-20260719-0038,EVT-20260719-0029
POL-20260719-0039,EVT-20260719-0020
POL-20260719-0040,EVT-20260719-0037
POL-20260719-0041,EVT-20260719-0039
POL-20260719-0042,EVT-20260719-0021
POL-20260719-0043,EVT-20260718-0029
POL-20260719-0044,EVT-20260718-0064
POL-20260719-0045,EVT-20260718-0037
POL-20260719-0046,EVT-20260719-0030
POL-20260719-0047,EVT-20260719-0010
POL-20260719-0048,EVT-20260718-0059
POL-20260719-0049,EVT-20260719-0042
POL-20260719-0050,EVT-20260719-0003
POL-20260719-0051,EVT-20260719-0005
POL-20260719-0052,EVT-20260719-0019
POL-20260719-0053,EVT-20260719-0013
POL-20260719-0054,EVT-20260719-0032
POL-20260719-0055,EVT-20260719-0025
POL-20260719-0056,EVT-20260719-0046
POL-20260719-0057,EVT-20260719-0040
POL-20260719-0058,EVT-20260719-0016
POL-20260719-0059,EVT-20260719-0011
POL-20260719-0060,EVT-20260719-0037
POL-20260719-0061,EVT-20260719-0009
POL-20260719-0062,EVT-20260719-0044
POL-20260719-0063,EVT-20260719-0028
POL-20260719-0064,EVT-20260719-0026
POL-20260719-0065,EVT-20260719-0007
POL-20260719-0066,EVT-20260719-0002
POL-20260719-0067,EVT-20260719-0019
POL-20260719-0068,EVT-20260716-0041
POL-20260719-0069,EVT-20260719-0038
POL-20260719-0070,EVT-20260719-0017
POL-20260719-0071,EVT-20260719-0001
POL-20260720-0001,EVT-20260720-0043
POL-20260720-0002,EVT-20260719-0001
POL-20260720-0003,EVT-20260719-0028
POL-20260720-0004,EVT-20260719-0011
POL-20260720-0005,EVT-20260718-0060
POL-20260720-0006,EVT-20260720-0014
POL-20260720-0007,EVT-20260719-0028
POL-20260720-0008,EVT-20260718-0013
POL-20260720-0009,EVT-20260719-0023
POL-20260720-0010,EVT-20260720-0015
POL-20260720-0011,EVT-20260720-0014
POL-20260720-0012,EVT-20260720-0046
POL-20260720-0013,EVT-20260719-0014
POL-20260720-0014,EVT-20260720-0016
POL-20260720-0015,EVT-20260720-0024
POL-20260720-0016,EVT-20260720-0015
POL-20260720-0017,EVT-20260720-0019
POL-20260720-0018,EVT-20260720-0037
POL-20260720-0019,EVT-20260717-0029
POL-20260720-0020,EVT-20260720-0023
POL-20260720-0021,EVT-20260720-0046
POL-20260720-0022,EVT-20260720-0017
POL-20260720-0023,EVT-20260720-0026
POL-20260720-0024,EVT-20260720-0041
POL-20260720-0025,EVT-20260720-0033
POL-20260720-0026,EVT-20260720-0020
POL-20260720-0027,EVT-20260719-0046
POL-20260720-0028,EVT-20260720-0032
POL-20260720-0029,EVT-20260720-0004
POL-20260720-0030,EVT-20260720-0001
POL-20260720-0031,EVT-20260720-0013
POL-20260720-0032,EVT-20260720-0028
POL-20260720-0033,EVT-20260720-0008
POL-20260720-0034,EVT-20260720-0011
POL-20260720-0035,EVT-20260720-0013
POL-20260720-0036,EVT-20260720-0005
POL-20260720-0037,EVT-20260720-0025
POL-20260720-0038,EVT-20260720-0007
POL-20260720-0039,EVT-20260720-0034
POL-20260720-0040,EVT-20260720-0047
POL-20260720-0041,EVT-20260720-0038
POL-20260720-0042,EVT-20260720-0045
POL-20260720-0043,EVT-20260720-0022
POL-20260720-0044,EVT-20260720-0021
POL-20260720-0045,EVT-20260720-0029
POL-20260720-0046,EVT-20260720-0006
POL-20260720-0047,EVT-20260720-0010
POL-20260720-0048,EVT-20260720-0005
POL-20260720-0049,EVT-20260720-0002
POL-20260720-0050,EVT-20260720-0006
POL-20260720-0051,EVT-20260720-0042
POL-20260720-0052,EVT-20260720-0040
POL-20260720-0053,EVT-20260720-0009
POL-20260720-0054,EVT-20260720-0030
POL-20260720-0055,EVT-20260720-0009
POL-20260721-0001,EVT-20260720-0018
POL-20260721-0002,EVT-20260720-0018
POL-20260721-0003,EVT-20260720-0013
POL-20260721-0004,EVT-20260719-0043
POL-20260721-0005,EVT-20260720-0005
POL-20260721-0006,EVT-20260720-0018
POL-20260721-0007,EVT-20260721-0049
POL-20260721-0008,EVT-20260721-0028
POL-20260721-0009,EVT-20260721-0049
POL-20260721-0010,EVT-20260721-0001
POL-20260721-0011,EVT-20260721-0028
POL-20260721-0012,EVT-20260720-0041
POL-20260721-0013,EVT-20260721-0009
POL-20260721-0014,EVT-20260721-0051
POL-20260721-0015,EVT-20260720-0036
POL-20260721-0016,EVT-20260721-0045
POL-20260721-0017,EVT-20260721-0043
POL-20260721-0018,EVT-20260720-0031
POL-20260721-0019,EVT-20260721-0017
POL-20260721-0020,EVT-20260720-0006
POL-20260721-0021,EVT-20260721-0036
POL-20260721-0022,EVT-20260720-0035
POL-20260721-0023,EVT-20260721-0049
POL-20260721-0024,EVT-20260720-0044
POL-20260721-0025,EVT-20260721-0052
POL-20260721-0026,EVT-20260721-0008
POL-20260721-0027,EVT-20260720-0012
POL-20260721-0028,EVT-20260716-0011
POL-20260721-0029,EVT-20260721-0045
POL-20260721-0030,EVT-20260721-0026
POL-20260721-0031,EVT-20260721-0026
POL-20260721-0032,EVT-20260721-0048
POL-20260721-0033,EVT-20260721-0048
POL-20260721-0034,EVT-20260721-0034
POL-20260721-0035,EVT-20260721-0022
POL-20260721-0036,EVT-20260721-0024
POL-20260721-0037,EVT-20260719-0012
POL-20260721-0038,EVT-20260721-0020
POL-20260721-0039,EVT-20260721-0024
POL-20260721-0040,EVT-20260721-0032
POL-20260721-0041,EVT-20260716-0002
POL-20260721-0042,EVT-20260721-0011
POL-20260721-0043,EVT-20260721-0011
POL-20260721-0044,EVT-20260721-0019
POL-20260721-0045,EVT-20260721-0046
POL-20260721-0046,EVT-20260721-0030
POL-20260721-0047,EVT-20260721-0031
POL-20260721-0048,EVT-20260721-0003
POL-20260721-0049,EVT-20260721-0012
POL-20260721-0050,EVT-20260721-0026
POL-20260721-0051,EVT-20260721-0002
POL-20260721-0052,EVT-20260718-0013
POL-20260721-0053,EVT-20260721-0024
POL-20260721-0054,EVT-20260721-0025
POL-20260721-0055,EVT-20260721-0049
POL-20260721-0056,EVT-20260721-0016
POL-20260721-0057,EVT-20260721-0034
POL-20260721-0058,EVT-20260721-0007
POL-20260721-0059,EVT-20260721-0041
POL-20260721-0060,EVT-20260721-0014
POL-20260721-0061,EVT-20260721-0047
POL-20260721-0062,EVT-20260721-0040
POL-20260721-0063,EVT-20260721-0027
POL-20260721-0064,EVT-20260721-0037
POL-20260721-0065,EVT-20260721-0021
POL-20260721-0066,EVT-20260721-0033
POL-20260721-0067,EVT-20260721-0033
POL-20260721-0068,EVT-20260721-0035
POL-20260721-0069,EVT-20260721-0010
POL-20260721-0070,EVT-20260721-0029
POL-20260721-0071,EVT-20260721-0018
POL-20260722-0001,EVT-20260722-0044
POL-20260722-0002,EVT-20260721-0005
POL-20260722-0003,EVT-20260721-0039
POL-20260722-0004,EVT-20260722-0003
POL-20260722-0005,EVT-20260722-0023
POL-20260722-0006,EVT-20260722-0040
POL-20260722-0007,EVT-20260720-0027
POL-20260722-0008,EVT-20260721-0031
POL-20260722-0009,EVT-20260721-0023
POL-20260722-0010,EVT-20260722-0013
POL-20260722-0011,EVT-20260722-0042
POL-20260722-0012,EVT-20260721-0013
POL-20260722-0013,EVT-20260721-0006
POL-20260722-0014,EVT-20260721-0011
POL-20260722-0015,EVT-20260721-0050
POL-20260722-0016,EVT-20260722-0009
POL-20260722-0017,EVT-20260721-0047
POL-20260722-0018,EVT-20260722-0040
POL-20260722-0019,EVT-20260721-0042
POL-20260722-0020,EVT-20260721-0044
POL-20260722-0021,EVT-20260722-0020
POL-20260722-0022,EVT-20260722-0026
POL-20260722-0023,EVT-20260719-0046
POL-20260722-0024,EVT-20260722-0012
POL-20260722-0025,EVT-20260722-0007
POL-20260722-0026,EVT-20260722-0001
POL-20260722-0027,EVT-20260721-0050
POL-20260722-0028,EVT-20260722-0028
POL-20260722-0029,EVT-20260722-0035
POL-20260722-0030,EVT-20260722-0046
POL-20260722-0031,EVT-20260721-0039
POL-20260722-0032,EVT-20260722-0040
POL-20260722-0033,EVT-20260722-0033
POL-20260722-0034,EVT-20260722-0030
POL-20260722-0035,EVT-20260722-0045
POL-20260722-0036,EVT-20260720-0041
POL-20260722-0037,EVT-20260722-0048
POL-20260722-0038,EVT-20260722-0017
POL-20260722-0039,EVT-20260722-0029
POL-20260722-0040,EVT-20260721-0034
POL-20260722-0041,EVT-20260722-0019
POL-20260722-0042,EVT-20260722-0010
POL-20260722-0043,EVT-20260722-0015
POL-20260722-0044,EVT-20260722-0029
POL-20260722-0045,EVT-20260722-0004
POL-20260722-0046,EVT-20260722-0030
POL-20260722-0047,EVT-20260722-0038
POL-20260722-0048,EVT-20260722-0021
POL-20260722-0049,EVT-20260722-0011
POL-20260722-0050,EVT-20260722-0024
POL-20260722-0051,EVT-20260722-0015
POL-20260722-0052,EVT-20260722-0032
POL-20260722-0053,EVT-20260722-0027
POL-20260722-0054,EVT-20260721-0011
POL-20260722-0055,EVT-20260722-0039
POL-20260722-0056,EVT-20260722-0008
POL-20260722-0057,EVT-20260722-0034
POL-20260723-0001,EVT-20260722-0006
POL-20260723-0002,EVT-20260722-0017
POL-20260723-0003,EVT-20260722-0016
POL-20260723-0004,EVT-20260722-0022
POL-20260723-0005,EVT-20260722-0030
POL-20260723-0006,EVT-20260722-0036
POL-20260723-0007,EVT-20260722-0025
POL-20260723-0008,EVT-20260722-0041
POL-20260723-0009,EVT-20260722-0031
POL-20260723-0010,EVT-20260722-0014
POL-20260723-0011,EVT-20260722-0047
POL-20260723-0012,EVT-20260723-0002
POL-20260723-0013,EVT-20260721-0015
POL-20260723-0014,EVT-20260723-0037
POL-20260723-0015,EVT-20260722-0005
POL-20260723-0016,EVT-20260723-0029
POL-20260723-0017,EVT-20260723-0033
POL-20260723-0018,EVT-20260723-0036
POL-20260723-0019,EVT-20260723-0035
POL-20260723-0020,EVT-20260723-0007
POL-20260723-0021,EVT-20260722-0043
POL-20260723-0022,EVT-20260723-0016
POL-20260723-0023,EVT-20260722-0034
POL-20260723-0024,EVT-20260723-0033
POL-20260723-0025,EVT-20260723-0017
POL-20260723-0026,EVT-20260723-0011
POL-20260723-0027,EVT-20260723-0010
POL-20260723-0028,EVT-20260721-0038
POL-20260723-0029,EVT-20260722-0048
POL-20260723-0030,EVT-20260723-0044
POL-20260723-0031,EVT-20260723-0022
POL-20260723-0032,EVT-20260723-0041
POL-20260723-0033,EVT-20260723-0019
POL-20260723-0034,EVT-20260723-0005
POL-20260723-0035,EVT-20260722-0018
POL-20260723-0036,EVT-20260720-0003
POL-20260723-0037,EVT-20260723-0038
POL-20260723-0038,EVT-20260723-0031
POL-20260723-0039,EVT-20260723-0031
POL-20260723-0040,EVT-20260723-0019
POL-20260723-0041,EVT-20260723-0017
POL-20260723-0042,EVT-20260723-0014
POL-20260723-0043,EVT-20260723-0044
POL-20260723-0044,EVT-20260722-0037
POL-20260723-0045,EVT-20260723-0034
POL-20260723-0046,EVT-20260723-0040
POL-20260723-0047,EVT-20260722-0002
POL-20260723-0048,EVT-20260723-0026
POL-20260723-0049,EVT-20260723-0043
POL-20260723-0050,EVT-20260723-0039
POL-20260723-0051,EVT-20260723-0008
POL-20260723-0052,EVT-20260723-0018
POL-20260723-0053,EVT-20260723-0001
POL-20260723-0054,EVT-20260723-0045
POL-20260723-0055,EVT-20260723-0042
POL-20260723-0056,EVT-20260723-0013
POL-20260723-0057,EVT-20260723-0024
POL-20260723-0058,EVT-20260723-0015
POL-20260723-0059,EVT-20260723-0027
POL-20260723-0060,EVT-20260723-0044
POL-20260723-0061,EVT-20260723-0021
POL-20260723-0062,EVT-20260723-0004
POL-20260723-0063,EVT-20260723-0011
POL-20260724-0001,EVT-20260723-0032
POL-20260724-0002,EVT-20260724-0020
POL-20260724-0003,EVT-20260723-0003
POL-20260724-0004,EVT-20260723-0015
POL-20260724-0005,EVT-20260724-0020
POL-20260724-0006,EVT-20260723-0011
POL-20260724-0007,EVT-20260723-0025
POL-20260724-0008,EVT-20260723-0012
POL-20260724-0009,EVT-20260724-0029
POL-20260724-0010,EVT-20260723-0030
POL-20260724-0011,EVT-20260724-0031
POL-20260724-0012,EVT-20260722-0031
POL-20260724-0013,EVT-20260723-0023
POL-20260724-0014,EVT-20260724-0037
POL-20260724-0015,EVT-20260721-0004
POL-20260724-0016,EVT-20260724-0017
POL-20260724-0017,EVT-20260724-0030
POL-20260724-0018,EVT-20260724-0005
POL-20260724-0019,EVT-20260724-0003
POL-20260724-0020,EVT-20260722-0005
POL-20260724-0021,EVT-20260724-0021
POL-20260724-0022,EVT-20260724-0020
POL-20260724-0023,EVT-20260723-0009
POL-20260724-0024,EVT-20260724-0028
POL-20260724-0025,EVT-20260724-0005
POL-20260724-0026,EVT-20260724-0013
POL-20260724-0027,EVT-20260723-0020
POL-20260724-0028,EVT-20260724-0035
POL-20260724-0029,EVT-20260723-0028
POL-20260724-0030,EVT-20260724-0024
POL-20260724-0031,EVT-20260724-0015
POL-20260724-0032,EVT-20260724-0002
POL-20260724-0033,EVT-20260724-0032
POL-20260724-0034,EVT-20260724-0011
POL-20260724-0035,EVT-20260724-0033
POL-20260724-0036,EVT-20260724-0026
POL-20260724-0037,EVT-20260724-0034
POL-20260724-0038,EVT-20260724-0014
POL-20260724-0039,EVT-20260724-0004
POL-20260724-0040,EVT-20260724-0023
POL-20260724-0041,EVT-20260724-0036
POL-20260724-0042,EVT-20260724-0022
POL-20260724-0043,EVT-20260724-0016
POL-20260724-0044,EVT-20260723-0004
POL-20260724-0045,EVT-20260724-0001
POL-20260724-0046,EVT-20260724-0005
POL-20260724-0047,EVT-20260724-0025
POL-20260724-0048,EVT-20260724-0007
POL-20260724-0049,EVT-20260724-0040
POL-20260724-0050,EVT-20260724-0039
POL-20260724-0051,EVT-20260724-0006
POL-20260724-0052,EVT-20260724-0019
POL-20260725-0001,EVT-20260724-0025
POL-20260725-0002,EVT-20260724-0006
POL-20260725-0003,EVT-20260724-0026
POL-20260725-0004,EVT-20260724-0008
POL-20260725-0005,EVT-20260725-0008
POL-20260725-0006,EVT-20260725-0010
POL-20260725-0007,EVT-20260723-0001
POL-20260725-0008,EVT-20260723-0033
POL-20260725-0009,EVT-20260725-0058
POL-20260725-0010,EVT-20260724-0019
POL-20260725-0011,EVT-20260725-0038
POL-20260725-0012,EVT-20260724-0006
POL-20260725-0013,EVT-20260724-0009
POL-20260725-0014,EVT-20260725-0018
POL-20260725-0015,EVT-20260725-0052
POL-20260725-0016,EVT-20260725-0038
POL-20260725-0017,EVT-20260725-0038
POL-20260725-0018,EVT-20260725-0044
POL-20260725-0019,EVT-20260725-0023
POL-20260725-0020,EVT-20260725-0060
POL-20260725-0021,EVT-20260725-0059
POL-20260725-0022,EVT-20260725-0013
POL-20260725-0023,EVT-20260725-0036
POL-20260725-0024,EVT-20260725-0003
POL-20260725-0025,EVT-20260725-0057
POL-20260725-0026,EVT-20260724-0027
POL-20260725-0027,EVT-20260725-0035
POL-20260725-0028,EVT-20260725-0007
POL-20260725-0029,EVT-20260725-0029
POL-20260725-0030,EVT-20260725-0012
POL-20260725-0031,EVT-20260725-0048
POL-20260725-0032,EVT-20260725-0053
POL-20260725-0033,EVT-20260725-0053
POL-20260725-0034,EVT-20260725-0024
POL-20260725-0035,EVT-20260725-0037
POL-20260725-0036,EVT-20260723-0006
POL-20260725-0037,EVT-20260725-0004
POL-20260725-0038,EVT-20260725-0033
POL-20260725-0039,EVT-20260725-0034
POL-20260725-0040,EVT-20260725-0056
POL-20260725-0041,EVT-20260725-0040
POL-20260725-0042,EVT-20260724-0010
POL-20260725-0043,EVT-20260725-0043
POL-20260725-0044,EVT-20260725-0045
POL-20260725-0045,EVT-20260720-0039
POL-20260725-0046,EVT-20260724-0018
POL-20260725-0047,EVT-20260725-0030
POL-20260725-0048,EVT-20260725-0025
POL-20260725-0049,EVT-20260725-0014
POL-20260725-0050,EVT-20260725-0053
POL-20260725-0051,EVT-20260725-0002
POL-20260725-0052,EVT-20260725-0050
POL-20260725-0053,EVT-20260725-0032
POL-20260725-0054,EVT-20260725-0031
POL-20260725-0055,EVT-20260725-0047
POL-20260725-0056,EVT-20260725-0028
POL-20260725-0057,EVT-20260725-0001
POL-20260725-0058,EVT-20260725-0022
POL-20260725-0059,EVT-20260725-0021
POL-20260725-0060,EVT-20260725-0009
POL-20260725-0061,EVT-20260725-0051
POL-20260725-0062,EVT-20260725-0046
POL-20260725-0063,EVT-20260725-0054
POL-20260726-0001,EVT-20260725-0042
POL-20260726-0002,EVT-20260725-0039
POL-20260726-0003,EVT-20260726-0007
POL-20260726-0004,EVT-20260726-0010
POL-20260726-0005,EVT-20260726-0038
POL-20260726-0006,EVT-20260726-0053
POL-20260726-0007,EVT-20260726-0053
POL-20260726-0008,EVT-20260726-0001
POL-20260726-0009,EVT-20260726-0019
POL-20260726-0010,EVT-20260726-0048
POL-20260726-0011,EVT-20260724-0026
POL-20260726-0012,EVT-20260725-0006
POL-20260726-0013,EVT-20260726-0044
POL-20260726-0014,EVT-20260725-0019
POL-20260726-0015,EVT-20260725-0026
POL-20260726-0016,EVT-20260726-0025
POL-20260726-0017,EVT-20260726-0062
POL-20260726-0018,EVT-20260726-0040
POL-20260726-0019,EVT-20260726-0014
POL-20260726-0020,EVT-20260726-0056
POL-20260726-0021,EVT-20260726-0023
POL-20260726-0022,EVT-20260726-0034
POL-20260726-0023,EVT-20260725-0006
POL-20260726-0024,EVT-20260726-0028
POL-20260726-0025,EVT-20260724-0012
POL-20260726-0026,EVT-20260726-0046
POL-20260726-0027,EVT-20260726-0010
POL-20260726-0028,EVT-20260726-0043
POL-20260726-0029,EVT-20260726-0043
POL-20260726-0030,EVT-20260726-0009
POL-20260726-0031,EVT-20260726-0057
POL-20260726-0032,EVT-20260726-0058
POL-20260726-0033,EVT-20260726-0051
POL-20260726-0034,EVT-20260726-0007
POL-20260726-0035,EVT-20260726-0036
POL-20260726-0036,EVT-20260724-0038
POL-20260726-0037,EVT-20260725-0027
POL-20260726-0038,EVT-20260726-0028
POL-20260726-0039,EVT-20260726-0057
POL-20260726-0040,EVT-20260726-0013
POL-20260726-0041,EVT-20260726-0040
POL-20260726-0042,EVT-20260726-0006
POL-20260726-0043,EVT-20260726-0054
POL-20260726-0044,EVT-20260726-0043
POL-20260726-0045,EVT-20260725-0031
POL-20260726-0046,EVT-20260725-0025
POL-20260726-0047,EVT-20260725-0016
POL-20260726-0048,EVT-20260726-0008
POL-20260726-0049,EVT-20260726-0021
POL-20260726-0050,EVT-20260726-0037
POL-20260726-0051,EVT-20260726-0061
POL-20260726-0052,EVT-20260724-0035
POL-20260726-0053,EVT-20260725-0011
POL-20260726-0054,EVT-20260726-0028
POL-20260726-0055,EVT-20260726-0027
POL-20260726-0056,EVT-20260726-0046
POL-20260726-0057,EVT-20260726-0030
POL-20260726-0058,EVT-20260726-0022
POL-20260726-0059,EVT-20260726-0043
POL-20260726-0060,EVT-20260726-0049
POL-20260726-0061,EVT-20260726-0050
POL-20260726-0062,EVT-20260726-0049
POL-20260726-0063,EVT-20260726-0041
POL-20260726-0064,EVT-20260725-0016
POL-20260726-0065,EVT-20260726-0045
POL-20260726-0066,EVT-20260725-0017
POL-20260726-0067,EVT-20260726-0059
POL-20260726-0068,EVT-20260725-0041
POL-20260726-0069,EVT-20260726-0032
POL-20260726-0070,EVT-20260726-0033
POL-20260726-0071,EVT-20260726-0047
POL-20260726-0072,EVT-20260726-0016
POL-20260726-0073,EVT-20260726-0011
POL-20260726-0074,EVT-20260726-0004
POL-20260726-0075,EVT-20260726-0007
POL-20260726-0076,EVT-20260726-0020
POL-20260726-0077,EVT-20260726-0017
POL-20260726-0078,EVT-20260726-0046
POL-20260726-0079,EVT-20260726-0031
POL-20260726-0080,EVT-20260726-0052
POL-20260726-0081,EVT-20260726-0003
POL-20260726-0082,EVT-20260726-0060
POL-20260726-0083,EVT-20260726-0064
POL-20260726-0084,EVT-20260726-0002
POL-20260726-0085,EVT-20260726-0026
POL-20260726-0086,EVT-20260726-0024
POL-20260726-0087,EVT-20260726-0013
POL-20260727-0001,EVT-20260726-0020
POL-20260727-0002,EVT-20260726-0042
POL-20260727-0003,EVT-20260726-0063
POL-20260727-0004,EVT-20260727-0016
POL-20260727-0005,EVT-20260726-0052
POL-20260727-0006,EVT-20260726-0049
POL-20260727-0007,EVT-20260726-0015
POL-20260727-0008,EVT-20260727-0032
POL-20260727-0009,EVT-20260726-0013
POL-20260727-0010,EVT-20260724-0026
POL-20260727-0011,EVT-20260726-0012
POL-20260727-0012,EVT-20260726-0018
POL-20260727-0013,EVT-20260727-0005
POL-20260727-0014,EVT-20260725-0015
POL-20260727-0015,EVT-20260727-0019
POL-20260727-0016,EVT-20260727-0011
POL-20260727-0017,EVT-20260727-0028
POL-20260727-0018,EVT-20260725-0025
POL-20260727-0019,EVT-20260726-0035
POL-20260727-0020,EVT-20260726-0039
POL-20260727-0021,EVT-20260727-0023
POL-20260727-0022,EVT-20260726-0059
POL-20260727-0023,EVT-20260727-0021
POL-20260727-0024,EVT-20260727-0014
POL-20260727-0025,EVT-20260727-0017
POL-20260727-0026,EVT-20260727-0017
POL-20260727-0027,EVT-20260727-0015
POL-20260727-0028,EVT-20260726-0020
POL-20260727-0029,EVT-20260727-0020
POL-20260727-0030,EVT-20260726-0005
POL-20260727-0031,EVT-20260727-0022
POL-20260727-0032,EVT-20260727-0023
POL-20260727-0033,EVT-20260727-0035
POL-20260727-0034,EVT-20260727-0020
POL-20260727-0035,EVT-20260727-0041
POL-20260727-0036,EVT-20260727-0037
POL-20260727-0037,EVT-20260726-0046
POL-20260727-0038,EVT-20260725-0049
POL-20260727-0039,EVT-20260725-0056
POL-20260727-0040,EVT-20260727-0017
POL-20260727-0041,EVT-20260727-0003
POL-20260727-0042,EVT-20260727-0042
POL-20260727-0043,EVT-20260727-0038
POL-20260727-0044,EVT-20260727-0039
POL-20260727-0045,EVT-20260727-0040
POL-20260727-0046,EVT-20260727-0025
POL-20260727-0047,EVT-20260727-0031
POL-20260727-0048,EVT-20260727-0009
POL-20260727-0049,EVT-20260727-0002
POL-20260727-0050,EVT-20260727-0033
POL-20260727-0051,EVT-20260727-0034
POL-20260727-0052,EVT-20260727-0033
POL-20260727-0053,EVT-20260727-0007
POL-20260727-0054,EVT-20260726-0035
POL-20260727-0055,EVT-20260727-0026
POL-20260727-0056,EVT-20260727-0006
POL-20260727-0057,EVT-20260727-0004
POL-20260727-0058,EVT-20260727-0027
POL-20260727-0059,EVT-20260727-0029
POL-20260727-0060,EVT-20260726-0035
POL-20260727-0061,EVT-20260727-0010
POL-20260727-0062,EVT-20260727-0004
POL-20260727-0063,EVT-20260727-0013
POL-20260727-0064,EVT-20260727-0033
POL-20260727-0065,EVT-20260727-0008
POL-20260727-0066,EVT-20260727-0012
POL-20260727-0067,EVT-20260727-0018
POL-20260727-0068,EVT-20260727-0008
POL-20260727-0069,EVT-20260726-0055
POL-20260728-0001,EVT-20260725-0055
POL-20260728-0002,EVT-20260728-0034
POL-20260728-0003,EVT-20260727-0013
POL-20260728-0004,EVT-20260728-0039
POL-20260728-0005,EVT-20260727-0030
POL-20260728-0006,EVT-20260727-0024
POL-20260728-0007,EVT-20260727-0001
POL-20260728-0008,EVT-20260728-0002
POL-20260728-0009,EVT-20260728-0002
POL-20260728-0010,EVT-20260728-0002
POL-20260728-0011,EVT-20260727-0036
POL-20260728-0012,EVT-20260728-0042
POL-20260728-0013,EVT-20260728-0046
POL-20260728-0014,EVT-20260728-0014
POL-20260728-0015,EVT-20260728-0048
POL-20260728-0016,EVT-20260728-0003
POL-20260728-0017,EVT-20260728-0030
POL-20260728-0018,EVT-20260727-0013
POL-20260728-0019,EVT-20260726-0029
POL-20260728-0020,EVT-20260728-0020
POL-20260728-0021,EVT-20260728-0032
POL-20260728-0022,EVT-20260728-0007
POL-20260728-0023,EVT-20260727-0007
POL-20260728-0024,EVT-20260728-0009
POL-20260728-0025,EVT-20260728-0038
POL-20260728-0026,EVT-20260727-0036
POL-20260728-0027,EVT-20260728-0043
POL-20260728-0028,EVT-20260728-0027
POL-20260728-0029,EVT-20260728-0032
POL-20260728-0030,EVT-20260728-0023
POL-20260728-0031,EVT-20260728-0025
POL-20260728-0032,EVT-20260728-0004
POL-20260728-0033,EVT-20260728-0001
POL-20260728-0034,EVT-20260728-0051
POL-20260728-0035,EVT-20260728-0029
POL-20260728-0036,EVT-20260728-0047
POL-20260728-0037,EVT-20260728-0035
POL-20260728-0038,EVT-20260728-0052
POL-20260728-0039,EVT-20260728-0010
POL-20260728-0040,EVT-20260728-0036
POL-20260728-0041,EVT-20260727-0017
POL-20260728-0042,EVT-20260728-0040
POL-20260728-0043,EVT-20260728-0011
POL-20260728-0044,EVT-20260728-0005
POL-20260728-0045,EVT-20260728-0026
POL-20260728-0046,EVT-20260728-0037
POL-20260728-0047,EVT-20260728-0024
POL-20260728-0048,EVT-20260728-0013
POL-20260728-0049,EVT-20260728-0045
POL-20260728-0050,EVT-20260728-0018
POL-20260728-0051,EVT-20260728-0006
POL-20260728-0052,EVT-20260728-0043
POL-20260728-0053,EVT-20260728-0052
POL-20260728-0054,EVT-20260728-0008
POL-20260728-0055,EVT-20260728-0044
POL-20260728-0056,EVT-20260728-0050
POL-20260728-0057,EVT-20260728-0031
POL-20260728-0058,EVT-20260728-0005
POL-20260728-0059,EVT-20260728-0043
POL-20260728-0060,EVT-20260728-0041
POL-20260729-0001,EVT-20260728-0028
POL-20260729-0002,EVT-20260728-0012
POL-20260729-0003,EVT-20260728-0053
POL-20260729-0004,EVT-20260729-0001
POL-20260729-0005,EVT-20260729-0028
POL-20260729-0006,EVT-20260729-0019
POL-20260729-0007,EVT-20260725-0005
POL-20260729-0008,EVT-20260729-0022
POL-20260729-0009,EVT-20260728-0021
POL-20260729-0010,EVT-20260729-0010
POL-20260729-0011,EVT-20260728-0017
POL-20260729-0012,EVT-20260727-0013
POL-20260729-0013,EVT-20260728-0011
POL-20260729-0014,EVT-20260728-0015
POL-20260729-0015,EVT-20260729-0009
POL-20260729-0016,EVT-20260728-0016
POL-20260729-0017,EVT-20260729-0020
POL-20260729-0018,EVT-20260725-0020
POL-20260729-0019,EVT-20260729-0026
POL-20260729-0020,EVT-20260729-0014
POL-20260729-0021,EVT-20260728-0005
POL-20260729-0022,EVT-20260729-0012
POL-20260729-0023,EVT-20260729-0047
POL-20260729-0024,EVT-20260729-0031
POL-20260729-0025,EVT-20260729-0015
POL-20260729-0026,EVT-20260729-0029
POL-20260729-0027,EVT-20260729-0007
POL-20260729-0028,EVT-20260729-0037
POL-20260729-0029,EVT-20260729-0035
POL-20260729-0030,EVT-20260729-0044
POL-20260729-0031,EVT-20260729-0027
POL-20260729-0032,EVT-20260729-0008
POL-20260729-0033,EVT-20260729-0007
POL-20260729-0034,EVT-20260729-0024
POL-20260729-0035,EVT-20260729-0047
POL-20260729-0036,EVT-20260728-0006
POL-20260729-0037,EVT-20260729-0014
POL-20260729-0038,EVT-20260729-0036
POL-20260729-0039,EVT-20260729-0028
POL-20260729-0040,EVT-20260729-0049
POL-20260729-0041,EVT-20260729-0003
POL-20260729-0042,EVT-20260729-0050
POL-20260729-0043,EVT-20260729-0038
POL-20260729-0044,EVT-20260729-0032
POL-20260729-0045,EVT-20260729-0013
POL-20260729-0046,EVT-20260729-0002
POL-20260729-0047,EVT-20260729-0004
POL-20260729-0048,EVT-20260729-0035
POL-20260729-0049,EVT-20260729-0031
POL-20260729-0050,EVT-20260729-0016
POL-20260729-0051,EVT-20260728-0022
POL-20260729-0052,EVT-20260728-0033
POL-20260729-0053,EVT-20260729-0021
POL-20260729-0054,EVT-20260729-0041
POL-20260729-0055,EVT-20260729-0039
POL-20260729-0056,EVT-20260729-0048
POL-20260729-0057,EVT-20260729-0011
POL-20260729-0058,EVT-20260729-0018
POL-20260729-0059,EVT-20260729-0043
POL-20260729-0060,EVT-20260729-0033
POL-20260730-0001,EVT-20260730-0033
POL-20260730-0002,EVT-20260729-0018
POL-20260730-0003,EVT-20260729-0046
POL-20260730-0004,EVT-20260730-0036
POL-20260730-0005,EVT-20260729-0018
POL-20260730-0006,EVT-20260730-0006
POL-20260730-0007,EVT-20260729-0030
POL-20260730-0008,EVT-20260730-0001
POL-20260730-0009,EVT-20260730-0024
POL-20260730-0010,EVT-20260730-0041
POL-20260730-0011,EVT-20260730-0011
POL-20260730-0012,EVT-20260729-0048
POL-20260730-0013,EVT-20260729-0018
POL-20260730-0014,EVT-20260730-0040
POL-20260730-0015,EVT-20260730-0004
POL-20260730-0016,EVT-20260730-0016
POL-20260730-0017,EVT-20260729-0034
POL-20260730-0018,EVT-20260729-0045
POL-20260730-0019,EVT-20260729-0025
POL-20260730-0020,EVT-20260730-0028
POL-20260730-0021,EVT-20260729-0039
POL-20260730-0022,EVT-20260730-0005
POL-20260730-0023,EVT-20260729-0042
POL-20260730-0024,EVT-20260730-0031
POL-20260730-0025,EVT-20260730-0029
POL-20260730-0026,EVT-20260730-0018
POL-20260730-0027,EVT-20260729-0006
POL-20260730-0028,EVT-20260730-0020
POL-20260730-0029,EVT-20260730-0040
POL-20260730-0030,EVT-20260728-0049
POL-20260730-0031,EVT-20260729-0036
POL-20260730-0032,EVT-20260730-0023
POL-20260730-0033,EVT-20260730-0012
POL-20260730-0034,EVT-20260730-0003
POL-20260730-0035,EVT-20260730-0021
POL-20260730-0036,EVT-20260730-0015
POL-20260730-0037,EVT-20260729-0040
POL-20260730-0038,EVT-20260730-0043
POL-20260730-0039,EVT-20260729-0011
POL-20260730-0040,EVT-20260730-0038
POL-20260730-0041,EVT-20260730-0030
POL-20260730-0042,EVT-20260729-0036
POL-20260730-0043,EVT-20260730-0025
POL-20260730-0044,EVT-20260730-0034
POL-20260730-0045,EVT-20260730-0017
POL-20260730-0046,EVT-20260730-0042
POL-20260730-0047,EVT-20260730-0019
POL-20260730-0048,EVT-20260730-0002
POL-20260730-0049,EVT-20260730-0026
POL-20260730-0050,EVT-20260730-0039
POL-20260730-0051,EVT-20260730-0013
POL-20260730-0052,EVT-20260730-0032
POL-20260730-0053,EVT-20260730-0027
POL-20260730-0054,EVT-20260729-0030
POL-20260730-0055,EVT-20260730-0032
POL-20260730-0056,EVT-20260730-0017
POL-20260731-0001,EVT-20260731-0020
POL-20260731-0002,EVT-20260731-0048
POL-20260731-0003,EVT-20260731-0024
POL-20260731-0004,EVT-20260729-0005
POL-20260731-0005,EVT-20260730-0037
POL-20260731-0006,EVT-20260730-0037
POL-20260731-0007,EVT-20260731-0036
POL-20260731-0008,EVT-20260729-0023
POL-20260731-0009,EVT-20260731-0018
POL-20260731-0010,EVT-20260731-0048
POL-20260731-0011,EVT-20260730-0044
POL-20260731-0012,EVT-20260731-0055
POL-20260731-0013,EVT-20260731-0009
POL-20260731-0014,EVT-20260731-0011
POL-20260731-0015,EVT-20260728-0054
POL-20260731-0016,EVT-20260730-0007
POL-20260731-0017,EVT-20260730-0010
POL-20260731-0018,EVT-20260729-0037
POL-20260731-0019,EVT-20260731-0023
POL-20260731-0020,EVT-20260730-0008
POL-20260731-0021,EVT-20260731-0008
POL-20260731-0022,EVT-20260731-0039
POL-20260731-0023,EVT-20260731-0015
POL-20260731-0024,EVT-20260730-0035
POL-20260731-0025,EVT-20260731-0040
POL-20260731-0026,EVT-20260731-0027
POL-20260731-0027,EVT-20260731-0050
POL-20260731-0028,EVT-20260731-0010
POL-20260731-0029,EVT-20260731-0011
POL-20260731-0030,EVT-20260731-0026
POL-20260731-0031,EVT-20260731-0059
POL-20260731-0032,EVT-20260731-0019
POL-20260731-0033,EVT-20260729-0017
POL-20260731-0034,EVT-20260731-0011
POL-20260731-0035,EVT-20260731-0049
POL-20260731-0036,EVT-20260731-0032
POL-20260731-0037,EVT-20260731-0058
POL-20260731-0038,EVT-20260731-0050
POL-20260731-0039,EVT-20260731-0057
POL-20260731-0040,EVT-20260731-0030
POL-20260731-0041,EVT-20260731-0031
POL-20260731-0042,EVT-20260731-0047
POL-20260731-0043,EVT-20260731-0056
POL-20260731-0044,EVT-20260731-0002
POL-20260731-0045,EVT-20260731-0014
POL-20260731-0046,EVT-20260731-0028
POL-20260731-0047,EVT-20260731-0013
POL-20260731-0048,EVT-20260731-0041
POL-20260731-0049,EVT-20260731-0022
POL-20260731-0050,EVT-20260731-0058
POL-20260731-0051,EVT-20260731-0042
POL-20260731-0052,EVT-20260731-0005
POL-20260731-0053,EVT-20260731-0045
POL-20260731-0054,EVT-20260731-0007
POL-20260731-0055,EVT-20260731-0016
POL-20260731-0056,EVT-20260731-0006
POL-20260731-0057,EVT-20260731-0003
POL-20260731-0058,EVT-20260731-0061
POL-20260731-0059,EVT-20260730-0022
POL-20260731-0060,EVT-20260731-0038
POL-20260731-0061,EVT-20260731-0061
POL-20260731-0062,EVT-20260731-0012
POL-20260731-0063,EVT-20260731-0054
POL-20260731-0064,EVT-20260731-0029
POL-20260731-0065,EVT-20260731-0004
POL-20260731-0066,EVT-20260731-0053
POL-20260731-0067,EVT-20260731-0033
POL-20260731-0068,EVT-20260731-0035
POL-20260731-0069,EVT-20260731-0061
POL-20260731-0070,EVT-20260730-0014
POL-20260731-0071,EVT-20260731-0025
POL-20260731-0072,EVT-20260730-0009
POL-20260731-0073,EVT-20260731-0046
POL-20260731-0074,EVT-20260731-0025
POL-20260801-0001,EVT-20260731-0017
POL-20260801-0002,EVT-20260801-0019
POL-20260801-0003,EVT-20260731-0021
POL-20260801-0004,EVT-20260801-0012
POL-20260801-0005,EVT-20260731-0043
POL-20260801-0006,EVT-20260801-0058
POL-20260801-0007,EVT-20260731-0034
POL-20260801-0008,EVT-20260801-0055
POL-20260801-0009,EVT-20260731-0037
POL-20260801-0010,EVT-20260801-0037
POL-20260801-0011,EVT-20260731-0046
POL-20260801-0012,EVT-20260731-0051
POL-20260801-0013,EVT-20260801-0002
POL-20260801-0014,EVT-20260801-0030
POL-20260801-0015,EVT-20260801-0012
POL-20260801-0016,EVT-20260801-0048
POL-20260801-0017,EVT-20260801-0036
POL-20260801-0018,EVT-20260728-0019
POL-20260801-0019,EVT-20260731-0044
POL-20260801-0020,EVT-20260801-0039
POL-20260801-0021,EVT-20260731-0007
POL-20260801-0022,EVT-20260801-0026
POL-20260801-0023,EVT-20260801-0060
POL-20260801-0024,EVT-20260801-0049
POL-20260801-0025,EVT-20260731-0001
POL-20260801-0026,EVT-20260801-0035
POL-20260801-0027,EVT-20260801-0048
POL-20260801-0028,EVT-20260801-0029
POL-20260801-0029,EVT-20260801-0040
POL-20260801-0030,EVT-20260801-0059
POL-20260801-0031,EVT-20260801-0021
POL-20260801-0032,EVT-20260801-0031
POL-20260801-0033,EVT-20260801-0024
POL-20260801-0034,EVT-20260801-0023
POL-20260801-0035,EVT-20260801-0004
POL-20260801-0036,EVT-20260801-0016
POL-20260801-0037,EVT-20260730-0009
POL-20260801-0038,EVT-20260801-0020
POL-20260801-0039,EVT-20260801-0009
POL-20260801-0040,EVT-20260801-0064
POL-20260801-0041,EVT-20260801-0003
POL-20260801-0042,EVT-20260801-0003
POL-20260801-0043,EVT-20260801-0018
POL-20260801-0044,EVT-20260801-0048
POL-20260801-0045,EVT-20260801-0032
POL-20260801-0046,EVT-20260801-0033
POL-20260801-0047,EVT-20260731-0033
POL-20260801-0048,EVT-20260801-0016
POL-20260801-0049,EVT-20260801-0015
POL-20260801-0050,EVT-20260801-0040
POL-20260801-0051,EVT-20260801-0040
POL-20260801-0052,EVT-20260801-0040
POL-20260801-0053,EVT-20260801-0025
POL-20260801-0054,EVT-20260731-0052
POL-20260801-0055,EVT-20260801-0034
POL-20260801-0056,EVT-20260801-0043
POL-20260801-0057,EVT-20260801-0051
POL-20260801-0058,EVT-20260801-0028
POL-20260801-0059,EVT-20260801-0056
POL-20260801-0060,EVT-20260801-0041
POL-20260801-0061,EVT-20260801-0024
POL-20260801-0062,EVT-20260801-0013
POL-20260801-0063,EVT-20260801-0017
POL-20260801-0064,EVT-20260801-0038
POL-20260801-0065,EVT-20260801-0003
POL-20260801-0066,EVT-20260801-0022
POL-20260801-0067,EVT-20260801-0008
POL-20260801-0068,EVT-20260801-0006
POL-20260801-0069,EVT-20260801-0062
POL-20260801-0070,EVT-20260801-0017
POL-20260801-0071,EVT-20260801-0010
POL-20260801-0072,EVT-20260801-0052
POL-20260801-0073,EVT-20260801-0063
POL-20260801-0074,EVT-20260801-0057
POL-20260801-0075,EVT-20260801-0027
POL-20260801-0076,EVT-20260801-0017
POL-20260801-0077,EVT-20260801-0005
POL-20260802-0001,EVT-20260802-0043
POL-20260802-0002,EVT-20260802-0017
POL-20260802-0003,EVT-20260802-0046
POL-20260802-0004,EVT-20260801-0014
POL-20260802-0005,EVT-20260801-0001
POL-20260802-0006,EVT-20260801-0042
POL-20260802-0007,EVT-20260801-0011
POL-20260802-0008,EVT-20260802-0020
POL-20260802-0009,EVT-20260802-0030
POL-20260802-0010,EVT-20260802-0042
POL-20260802-0011,EVT-20260802-0025
POL-20260802-0012,EVT-20260802-0023
POL-20260802-0013,EVT-20260801-0053
POL-20260802-0014,EVT-20260801-0028
POL-20260802-0015,EVT-20260801-0028
POL-20260802-0016,EVT-20260801-0045
POL-20260802-0017,EVT-20260801-0054
POL-20260802-0018,EVT-20260802-0003
POL-20260802-0019,EVT-20260802-0049
POL-20260802-0020,EVT-20260802-0035
POL-20260802-0021,EVT-20260801-0007
POL-20260802-0022,EVT-20260802-0042
POL-20260802-0023,EVT-20260801-0014
POL-20260802-0024,EVT-20260801-0003
POL-20260802-0025,EVT-20260802-0012
POL-20260802-0026,EVT-20260802-0019
POL-20260802-0027,EVT-20260802-0010
POL-20260802-0028,EVT-20260802-0045
POL-20260802-0029,EVT-20260802-0050
POL-20260802-0030,EVT-20260801-0044
POL-20260802-0031,EVT-20260801-0014
POL-20260802-0032,EVT-20260802-0005
POL-20260802-0033,EVT-20260802-0057
POL-20260802-0034,EVT-20260801-0027
POL-20260802-0035,EVT-20260802-0018
POL-20260802-0036,EVT-20260802-0016
POL-20260802-0037,EVT-20260801-0047
POL-20260802-0038,EVT-20260801-0061
POL-20260802-0039,EVT-20260801-0046
POL-20260802-0040,EVT-20260802-0048
POL-20260802-0041,EVT-20260731-0060
POL-20260802-0042,EVT-20260802-0002
POL-20260802-0043,EVT-20260802-0049
POL-20260802-0044,EVT-20260802-0052
POL-20260802-0045,EVT-20260802-0028
POL-20260802-0046,EVT-20260802-0055
POL-20260802-0047,EVT-20260802-0054
POL-20260802-0048,EVT-20260802-0014
POL-20260802-0049,EVT-20260802-0007
POL-20260802-0050,EVT-20260802-0004
POL-20260802-0051,EVT-20260802-0026
POL-20260802-0052,EVT-20260802-0037
POL-20260802-0053,EVT-20260802-0006
POL-20260802-0054,EVT-20260802-0011
POL-20260802-0055,EVT-20260802-0021
POL-20260802-0056,EVT-20260802-0033
POL-20260802-0057,EVT-20260802-0015
POL-20260802-0058,EVT-20260802-0029
POL-20260802-0059,EVT-20260802-0034
POL-20260802-0060,EVT-20260802-0031
POL-20260802-0061,EVT-20260802-0055
POL-20260802-0062,EVT-20260802-0013
POL-20260802-0063,EVT-20260802-0009
POL-20260802-0064,EVT-20260802-0021
POL-20260802-0065,EVT-20260802-0008
POL-20260802-0066,EVT-20260802-0047
POL-20260802-0067,EVT-20260802-0032
POL-20260802-0068,EVT-20260802-0058
POL-20260802-0069,EVT-20260802-0039
POL-20260802-0070,EVT-20260802-0038
POL-20260802-0071,EVT-20260802-0013
POL-20260802-0072,EVT-20260802-0056
POL-20260802-0073,EVT-20260802-0036
POL-20260803-0001,EVT-20260802-0053
POL-20260803-0002,EVT-20260803-0045
POL-20260803-0003,EVT-20260803-0044
POL-20260803-0004,EVT-20260802-0021
POL-20260803-0005,EVT-20260802-0001
POL-20260803-0006,EVT-20260803-0019
POL-20260803-0007,EVT-20260801-0047
POL-20260803-0008,EVT-20260802-0024
POL-20260803-0009,EVT-20260803-0014
POL-20260803-0010,EVT-20260803-0027
POL-20260803-0011,EVT-20260802-0055
POL-20260803-0012,EVT-20260803-0014
POL-20260803-0013,EVT-20260803-0023
POL-20260803-0014,EVT-20260803-0032
POL-20260803-0015,EVT-20260802-0009
POL-20260803-0016,EVT-20260802-0027
POL-20260803-0017,EVT-20260803-0014
POL-20260803-0018,EVT-20260803-0003
POL-20260803-0019,EVT-20260803-0027
POL-20260803-0020,EVT-20260803-0027
POL-20260803-0021,EVT-20260803-0010
POL-20260803-0022,EVT-20260802-0042
POL-20260803-0023,EVT-20260802-0058
POL-20260803-0024,EVT-20260801-0007
POL-20260803-0025,EVT-20260803-0022
POL-20260803-0026,EVT-20260803-0034
POL-20260803-0027,EVT-20260803-0039
POL-20260803-0028,EVT-20260803-0001
POL-20260803-0029,EVT-20260803-0052
POL-20260803-0030,EVT-20260803-0036
POL-20260803-0031,EVT-20260802-0041
POL-20260803-0032,EVT-20260803-0011
POL-20260803-0033,EVT-20260803-0012
POL-20260803-0034,EVT-20260803-0007
POL-20260803-0035,EVT-20260802-0058
POL-20260803-0036,EVT-20260803-0038
POL-20260803-0037,EVT-20260803-0009
POL-20260803-0038,EVT-20260803-0043
POL-20260803-0039,EVT-20260801-0050
POL-20260803-0040,EVT-20260803-0020
POL-20260803-0041,EVT-20260802-0040
POL-20260803-0042,EVT-20260803-0042
POL-20260803-0043,EVT-20260803-0013
POL-20260803-0044,EVT-20260802-0013
POL-20260803-0045,EVT-20260803-0046
POL-20260803-0046,EVT-20260803-0051
POL-20260803-0047,EVT-20260802-0009
POL-20260803-0048,EVT-20260803-0029
POL-20260803-0049,EVT-20260802-0036
POL-20260803-0050,EVT-20260803-0015
POL-20260803-0051,EVT-20260803-0004
POL-20260803-0052,EVT-20260803-0048
POL-20260803-0053,EVT-20260803-0025
POL-20260803-0054,EVT-20260803-0025
POL-20260803-0055,EVT-20260803-0041
POL-20260803-0056,EVT-20260803-0002
POL-20260803-0057,EVT-20260803-0028
POL-20260803-0058,EVT-20260803-0018
POL-20260803-0059,EVT-20260803-0040
POL-20260803-0060,EVT-20260803-0006
POL-20260803-0061,EVT-20260803-0017
POL-20260803-0062,EVT-20260803-0024
POL-20260803-0063,EVT-20260803-0016
POL-20260803-0064,EVT-20260731-0007
POL-20260803-0065,EVT-20260803-0037
POL-20260803-0066,EVT-20260803-0033
POL-20260803-0067,EVT-20260803-0026
POL-20260803-0068,EVT-20260803-0008
POL-20260803-0069,EVT-20260803-0035
POL-20260804-0001,EVT-20260802-0044
POL-20260804-0002,EVT-20260804-0021
POL-20260804-0003,EVT-20260803-0030
POL-20260804-0004,EVT-20260803-0049
POL-20260804-0005,EVT-20260803-0005
POL-20260804-0006,EVT-20260802-0022
POL-20260804-0007,EVT-20260804-0039
POL-20260804-0008,EVT-20260804-0029
POL-20260804-0009,EVT-20260803-0047
POL-20260804-0010,EVT-20260803-0053
POL-20260804-0011,EVT-20260804-0025
POL-20260804-0012,EVT-20260804-0012
POL-20260804-0013,EVT-20260804-0024
POL-20260804-0014,EVT-20260804-0015
POL-20260804-0015,EVT-20260803-0021
POL-20260804-0016,EVT-20260804-0009
POL-20260804-0017,EVT-20260804-0017
POL-20260804-0018,EVT-20260804-0007
POL-20260804-0019,EVT-20260804-0036
POL-20260804-0020,EVT-20260803-0031
POL-20260804-0021,EVT-20260804-0031
POL-20260804-0022,EVT-20260804-0033
POL-20260804-0023,EVT-20260802-0051
POL-20260804-0024,EVT-20260804-0006
POL-20260804-0025,EVT-20260804-0003
POL-20260804-0026,EVT-20260804-0020
POL-20260804-0027,EVT-20260804-0019
POL-20260804-0028,EVT-20260804-0028
POL-20260804-0029,EVT-20260804-0016
POL-20260804-0030,EVT-20260804-0011
POL-20260804-0031,EVT-20260804-0003
POL-20260804-0032,EVT-20260804-0030
POL-20260804-0033,EVT-20260804-0005
POL-20260804-0034,EVT-20260804-0026
POL-20260804-0035,EVT-20260804-0042
POL-20260804-0036,EVT-20260804-0004
POL-20260804-0037,EVT-20260804-0014
POL-20260804-0038,EVT-20260804-0019
POL-20260804-0039,EVT-20260804-0023
POL-20260804-0040,EVT-20260804-0037
POL-20260804-0041,EVT-20260804-0034
POL-20260804-0042,EVT-20260804-0018
POL-20260804-0043,EVT-20260804-0041
POL-20260804-0044,EVT-20260804-0035
POL-20260804-0045,EVT-20260804-0008
POL-20260804-0046,EVT-20260804-0019
POL-20260805-0001,EVT-20260805-0036
POL-20260805-0002,EVT-20260805-0023
POL-20260805-0003,EVT-20260804-0008
POL-20260805-0004,EVT-20260805-0054
POL-20260805-0005,EVT-20260804-0038
POL-20260805-0006,EVT-20260805-0037
POL-20260805-0007,EVT-20260805-0018
POL-20260805-0008,EVT-20260804-0038
POL-20260805-0009,EVT-20260804-0003
POL-20260805-0010,EVT-20260805-0032
POL-20260805-0011,EVT-20260804-0008
POL-20260805-0012,EVT-20260805-0032
POL-20260805-0013,EVT-20260804-0002
POL-20260805-0014,EVT-20260803-0050
POL-20260805-0015,EVT-20260804-0010
POL-20260805-0016,EVT-20260804-0027
POL-20260805-0017,EVT-20260804-0010
POL-20260805-0018,EVT-20260804-0032
POL-20260805-0019,EVT-20260805-0023
POL-20260805-0020,EVT-20260805-0063
POL-20260805-0021,EVT-20260805-0032
POL-20260805-0022,EVT-20260804-0013
POL-20260805-0023,EVT-20260805-0049
POL-20260805-0024,EVT-20260805-0035
POL-20260805-0025,EVT-20260805-0055
POL-20260805-0026,EVT-20260805-0067
POL-20260805-0027,EVT-20260805-0061
POL-20260805-0028,EVT-20260804-0001
POL-20260805-0029,EVT-20260805-0021
POL-20260805-0030,EVT-20260805-0013
POL-20260805-0031,EVT-20260805-0058
POL-20260805-0032,EVT-20260805-0002
POL-20260805-0033,EVT-20260804-0035
POL-20260805-0034,EVT-20260805-0022
POL-20260805-0035,EVT-20260805-0008
POL-20260805-0036,EVT-20260805-0070
POL-20260805-0037,EVT-20260804-0008
POL-20260805-0038,EVT-20260805-0050
POL-20260805-0039,EVT-20260805-0035
POL-20260805-0040,EVT-20260805-0007
POL-20260805-0041,EVT-20260805-0008
POL-20260805-0042,EVT-20260805-0052
POL-20260805-0043,EVT-20260805-0044
POL-20260805-0044,EVT-20260805-0057
POL-20260805-0045,EVT-20260805-0020
POL-20260805-0046,EVT-20260805-0025
POL-20260805-0047,EVT-20260805-0045
POL-20260805-0048,EVT-20260805-0053
POL-20260805-0049,EVT-20260805-0053
POL-20260805-0050,EVT-20260805-0009
POL-20260805-0051,EVT-20260805-0066
POL-20260805-0052,EVT-20260805-0051
POL-20260805-0053,EVT-20260805-0057
POL-20260805-0054,EVT-20260805-0030
POL-20260805-0055,EVT-20260805-0056
POL-20260805-0056,EVT-20260805-0064
POL-20260805-0057,EVT-20260805-0003
POL-20260805-0058,EVT-20260805-0045
POL-20260805-0059,EVT-20260805-0015
POL-20260805-0060,EVT-20260805-0022
POL-20260805-0061,EVT-20260805-0001
POL-20260805-0062,EVT-20260805-0064
POL-20260805-0063,EVT-20260805-0016
POL-20260805-0064,EVT-20260805-0010
POL-20260805-0065,EVT-20260805-0040
POL-20260805-0066,EVT-20260805-0065
POL-20260805-0067,EVT-20260805-0038
POL-20260805-0068,EVT-20260805-0006
POL-20260805-0069,EVT-20260805-0035
POL-20260805-0070,EVT-20260805-0047
POL-20260805-0071,EVT-20260805-0012
POL-20260805-0072,EVT-20260805-0043
POL-20260805-0073,EVT-20260805-0028
POL-20260805-0074,EVT-20260805-0027
POL-20260805-0075,EVT-20260805-0048
POL-20260805-0076,EVT-20260805-0042
POL-20260805-0077,EVT-20260805-0069
POL-20260805-0078,EVT-20260805-0022
POL-20260805-0079,EVT-20260805-0060
POL-20260805-0080,EVT-20260805-0017
POL-20260805-0081,EVT-20260805-0029
POL-20260805-0082,EVT-20260804-0022
POL-20260805-0083,EVT-20260805-0014
POL-20260805-0084,EVT-20260805-0019
POL-20260805-0085,EVT-20260805-0011
POL-20260805-0086,EVT-20260805-0062
POL-20260805-0087,EVT-20260805-0034
POL-20260805-0088,EVT-20260805-0024
POL-20260805-0089,EVT-20260805-0041
POL-20260805-0090,EVT-20260805-0027
POL-20260805-0091,EVT-20260805-0026
POL-20260806-0001,EVT-20260806-0025
POL-20260806-0002,EVT-20260805-0010
POL-20260806-0003,EVT-20260806-0008
POL-20260806-0004,EVT-20260805-0059
POL-20260806-0005,EVT-20260806-0014
POL-20260806-0006,EVT-20260805-0006
POL-20260806-0007,EVT-20260805-0053
POL-20260806-0008,EVT-20260805-0034
POL-20260806-0009,EVT-20260806-0054
POL-20260806-0010,EVT-20260806-0049
POL-20260806-0011,EVT-20260806-0059
POL-20260806-0012,EVT-20260805-0005
POL-20260806-0013,EVT-20260805-0003
POL-20260806-0014,EVT-20260805-0033
POL-20260806-0015,EVT-20260805-0006
POL-20260806-0016,EVT-20260806-0038
POL-20260806-0017,EVT-20260806-0032
POL-20260806-0018,EVT-20260805-0004
POL-20260806-0019,EVT-20260806-0034
POL-20260806-0020,EVT-20260805-0031
POL-20260806-0021,EVT-20260806-0037
POL-20260806-0022,EVT-20260805-0010
POL-20260806-0023,EVT-20260806-0002
POL-20260806-0024,EVT-20260801-0047
POL-20260806-0025,EVT-20260806-0050
POL-20260806-0026,EVT-20260805-0016
POL-20260806-0027,EVT-20260806-0035
POL-20260806-0028,EVT-20260806-0060
POL-20260806-0029,EVT-20260806-0062
POL-20260806-0030,EVT-20260806-0004
POL-20260806-0031,EVT-20260806-0016
POL-20260806-0032,EVT-20260805-0070
POL-20260806-0033,EVT-20260805-0068
POL-20260806-0034,EVT-20260806-0063
POL-20260806-0035,EVT-20260806-0021
POL-20260806-0036,EVT-20260806-0037
POL-20260806-0037,EVT-20260806-0024
POL-20260806-0038,EVT-20260806-0041
POL-20260806-0039,EVT-20260806-0055
POL-20260806-0040,EVT-20260806-0046
POL-20260806-0041,EVT-20260806-0036
POL-20260806-0042,EVT-20260805-0034
POL-20260806-0043,EVT-20260805-0039
POL-20260806-0044,EVT-20260804-0040
POL-20260806-0045,EVT-20260804-0028
POL-20260806-0046,EVT-20260806-0006
POL-20260806-0047,EVT-20260806-0020
POL-20260806-0048,EVT-20260806-0051
POL-20260806-0049,EVT-20260806-0021
POL-20260806-0050,EVT-20260806-0056
POL-20260806-0051,EVT-20260805-0027
POL-20260806-0052,EVT-20260806-0045
POL-20260806-0053,EVT-20260806-0042
POL-20260806-0054,EVT-20260806-0037
POL-20260806-0055,EVT-20260806-0058
POL-20260806-0056,EVT-20260806-0039
POL-20260806-0057,EVT-20260805-0046
POL-20260806-0058,EVT-20260806-0023
POL-20260806-0059,EVT-20260806-0026
POL-20260806-0060,EVT-20260806-0029
POL-20260806-0061,EVT-20260806-0044
POL-20260806-0062,EVT-20260806-0057
POL-20260806-0063,EVT-20260806-0037
POL-20260806-0064,EVT-20260806-0061
POL-20260806-0065,EVT-20260806-0015
POL-20260806-0066,EVT-20260806-0012
POL-20260806-0067,EVT-20260806-0013
POL-20260806-0068,EVT-20260806-0011
POL-20260806-0069,EVT-20260806-0052
POL-20260806-0070,EVT-20260806-0031
POL-20260806-0071,EVT-20260806-0052
POL-20260806-0072,EVT-20260806-0017
POL-20260806-0073,EVT-20260806-0001
POL-20260806-0074,EVT-20260806-0064
POL-20260806-0075,EVT-20260806-0009
POL-20260807-0001,EVT-20260806-0033
POL-20260807-0002,EVT-20260806-0011
POL-20260807-0003,EVT-20260807-0021
POL-20260807-0004,EVT-20260807-0039
POL-20260807-0005,EVT-20260806-0033
POL-20260807-0006,EVT-20260806-0027
POL-20260807-0007,EVT-20260807-0013
POL-20260807-0008,EVT-20260806-0040
POL-20260807-0009,EVT-20260807-0039
POL-20260807-0010,EVT-20260807-0029
POL-20260807-0011,EVT-20260807-0024
POL-20260807-0012,EVT-20260806-0053
POL-20260807-0013,EVT-20260806-0052
POL-20260807-0014,EVT-20260806-0030
POL-20260807-0015,EVT-20260806-0009
POL-20260807-0016,EVT-20260807-0021
POL-20260807-0017,EVT-20260807-0022
POL-20260807-0018,EVT-20260806-0022
POL-20260807-0019,EVT-20260807-0044
POL-20260807-0020,EVT-20260806-0011
POL-20260807-0021,EVT-20260806-0028
POL-20260807-0022,EVT-20260806-0019
POL-20260807-0023,EVT-20260806-0048
POL-20260807-0024,EVT-20260807-0019
POL-20260807-0025,EVT-20260806-0043
POL-20260807-0026,EVT-20260807-0039
POL-20260807-0027,EVT-20260807-0048
POL-20260807-0028,EVT-20260806-0047
POL-20260807-0029,EVT-20260807-0016
POL-20260807-0030,EVT-20260807-0001
POL-20260807-0031,EVT-20260807-0036
POL-20260807-0032,EVT-20260807-0027
POL-20260807-0033,EVT-20260807-0036
POL-20260807-0034,EVT-20260806-0007
POL-20260807-0035,EVT-20260807-0036
POL-20260807-0036,EVT-20260807-0006
POL-20260807-0037,EVT-20260807-0027
POL-20260807-0038,EVT-20260807-0009
POL-20260807-0039,EVT-20260807-0043
POL-20260807-0040,EVT-20260807-0011
POL-20260807-0041,EVT-20260806-0052
POL-20260807-0042,EVT-20260807-0014
POL-20260807-0043,EVT-20260807-0050
POL-20260807-0044,EVT-20260807-0036
POL-20260807-0045,EVT-20260807-0049
POL-20260807-0046,EVT-20260807-0003
POL-20260807-0047,EVT-20260807-0051
POL-20260807-0048,EVT-20260807-0023
POL-20260807-0049,EVT-20260807-0028
POL-20260807-0050,EVT-20260807-0035
POL-20260807-0051,EVT-20260807-0004
POL-20260807-0052,EVT-20260807-0040
POL-20260807-0053,EVT-20260805-0048
POL-20260807-0054,EVT-20260807-0026
POL-20260807-0055,EVT-20260807-0002
POL-20260807-0056,EVT-20260807-0004
POL-20260807-0057,EVT-20260807-0045
POL-20260807-0058,EVT-20260807-0015
POL-20260807-0059,EVT-20260807-0014
POL-20260807-0060,EVT-20260807-0047
POL-20260807-0061,EVT-20260807-0012
POL-20260807-0062,EVT-20260807-0038
POL-20260807-0063,EVT-20260807-0020
POL-20260807-0064,EVT-20260806-0018
POL-20260807-0065,EVT-20260807-0049
POL-20260807-0066,EVT-20260807-0032
POL-20260807-0067,EVT-20260807-0010
POL-20260807-0068,EVT-20260807-0034
POL-20260807-0069,EVT-20260807-0018
POL-20260807-0070,EVT-20260807-0033
POL-20260807-0071,EVT-20260807-0017
POL-20260807-0072,EVT-20260807-0045
POL-20260807-0073,EVT-20260807-0030
POL-20260808-0001,EVT-20260807-0005
POL-20260808-0002,EVT-20260807-0014
POL-20260808-0003,EVT-20260808-0021
POL-20260808-0004,EVT-20260808-0025
POL-20260808-0005,EVT-20260808-0037
POL-20260808-0006,EVT-20260807-0042
POL-20260808-0007,EVT-20260808-0011
POL-20260808-0008,EVT-20260808-0007
POL-20260808-0009,EVT-20260808-0036
POL-20260808-0010,EVT-20260805-0006
POL-20260808-0011,EVT-20260806-0005
POL-20260808-0012,EVT-20260808-0032
POL-20260808-0013,EVT-20260807-0040
POL-20260808-0014,EVT-20260808-0054
POL-20260808-0015,EVT-20260808-0048
POL-20260808-0016,EVT-20260808-0035
POL-20260808-0017,EVT-20260807-0037
POL-20260808-0018,EVT-20260808-0031
POL-20260808-0019,EVT-20260808-0012
POL-20260808-0020,EVT-20260808-0016
POL-20260808-0021,EVT-20260808-0007
POL-20260808-0022,EVT-20260807-0018
POL-20260808-0023,EVT-20260808-0006
POL-20260808-0024,EVT-20260808-0016
POL-20260808-0025,EVT-20260808-0004
POL-20260808-0026,EVT-20260808-0032
POL-20260808-0027,EVT-20260808-0040
POL-20260808-0028,EVT-20260808-0043
POL-20260808-0029,EVT-20260808-0022
POL-20260808-0030,EVT-20260808-0032
POL-20260808-0031,EVT-20260807-0040
POL-20260808-0032,EVT-20260808-0015
POL-20260808-0033,EVT-20260807-0050
POL-20260808-0034,EVT-20260808-0044
POL-20260808-0035,EVT-20260808-0014
POL-20260808-0036,EVT-20260808-0009
POL-20260808-0037,EVT-20260808-0057
POL-20260808-0038,EVT-20260807-0053
POL-20260808-0039,EVT-20260808-0001
POL-20260808-0040,EVT-20260808-0017
POL-20260808-0041,EVT-20260808-0055
POL-20260808-0042,EVT-20260808-0001
POL-20260808-0043,EVT-20260808-0050
POL-20260808-0044,EVT-20260808-0027
POL-20260808-0045,EVT-20260808-0030
POL-20260808-0046,EVT-20260808-0053
POL-20260808-0047,EVT-20260808-0031
POL-20260808-0048,EVT-20260806-0048
POL-20260808-0049,EVT-20260808-0013
POL-20260808-0050,EVT-20260808-0028
POL-20260808-0051,EVT-20260808-0005
POL-20260808-0052,EVT-20260808-0051
POL-20260808-0053,EVT-20260808-0009
POL-20260808-0054,EVT-20260807-0008
POL-20260808-0055,EVT-20260807-0007
POL-20260808-0056,EVT-20260808-0020
POL-20260808-0057,EVT-20260808-0033
POL-20260808-0058,EVT-20260806-0033
POL-20260808-0059,EVT-20260808-0046
POL-20260808-0060,EVT-20260808-0034
POL-20260808-0061,EVT-20260808-0041
POL-20260808-0062,EVT-20260807-0052
POL-20260808-0063,EVT-20260807-0041
POL-20260808-0064,EVT-20260808-0052
POL-20260808-0065,EVT-20260808-0026
POL-20260808-0066,EVT-20260808-0038
POL-20260808-0067,EVT-20260808-0019
POL-20260808-0068,EVT-20260808-0024
POL-20260808-0069,EVT-20260808-0038
POL-20260808-0070,EVT-20260808-0008
POL-20260808-0071,EVT-20260808-0003
POL-20260808-0072,EVT-20260808-0008
POL-20260808-0073,EVT-20260808-0018
POL-20260808-0074,EVT-20260808-0038
POL-20260809-0001,EVT-20260809-0051
POL-20260809-0002,EVT-20260809-0067
POL-20260809-0003,EVT-20260808-0049
POL-20260809-0004,EVT-20260808-0002
POL-20260809-0005,EVT-20260809-0017
POL-20260809-0006,EVT-20260809-0056
POL-20260809-0007,EVT-20260809-0019
POL-20260809-0008,EVT-20260809-0035
POL-20260809-0009,EVT-20260808-0052
POL-20260809-0010,EVT-20260808-0010
POL-20260809-0011,EVT-20260809-0027
POL-20260809-0012,EVT-20260809-0009
POL-20260809-0013,EVT-20260808-0002
POL-20260809-0014,EVT-20260807-0008
POL-20260809-0015,EVT-20260809-0068
POL-20260809-0016,EVT-20260808-0016
POL-20260809-0017,EVT-20260809-0007
POL-20260809-0018,EVT-20260809-0049
POL-20260809-0019,EVT-20260809-0006
POL-20260809-0020,EVT-20260807-0031
POL-20260809-0021,EVT-20260809-0019
POL-20260809-0022,EVT-20260809-0019
POL-20260809-0023,EVT-20260807-0008
POL-20260809-0024,EVT-20260809-0036
POL-20260809-0025,EVT-20260808-0034
POL-20260809-0026,EVT-20260808-0039
POL-20260809-0027,EVT-20260809-0051
POL-20260809-0028,EVT-20260809-0049
POL-20260809-0029,EVT-20260809-0051
POL-20260809-0030,EVT-20260808-0038
POL-20260809-0031,EVT-20260809-0019
POL-20260809-0032,EVT-20260809-0030
POL-20260809-0033,EVT-20260809-0024
POL-20260809-0034,EVT-20260809-0045
POL-20260809-0035,EVT-20260809-0039
POL-20260809-0036,EVT-20260809-0021
POL-20260809-0037,EVT-20260809-0021
POL-20260809-0038,EVT-20260809-0029
POL-20260809-0039,EVT-20260809-0010
POL-20260809-0040,EVT-20260809-0039
POL-20260809-0041,EVT-20260809-0041
POL-20260809-0042,EVT-20260809-0054
POL-20260809-0043,EVT-20260809-0003
POL-20260809-0044,EVT-20260808-0008
POL-20260809-0045,EVT-20260808-0047
POL-20260809-0046,EVT-20260809-0005
POL-20260809-0047,EVT-20260809-0001
POL-20260809-0048,EVT-20260807-0046
POL-20260809-0049,EVT-20260808-0042
POL-20260809-0050,EVT-20260809-0002
POL-20260809-0051,EVT-20260809-0061
POL-20260809-0052,EVT-20260809-0027
POL-20260809-0053,EVT-20260809-0009
POL-20260809-0054,EVT-20260808-0016
POL-20260809-0055,EVT-20260809-0013
POL-20260809-0056,EVT-20260809-0055
POL-20260809-0057,EVT-20260809-0013
POL-20260809-0058,EVT-20260809-0065
POL-20260809-0059,EVT-20260809-0060
POL-20260809-0060,EVT-20260809-0064
POL-20260809-0061,EVT-20260809-0042
POL-20260809-0062,EVT-20260809-0022
POL-20260809-0063,EVT-20260809-0041
POL-20260809-0064,EVT-20260809-0043
POL-20260809-0065,EVT-20260809-0062
POL-20260809-0066,EVT-20260809-0050
POL-20260809-0067,EVT-20260809-0033
POL-20260809-0068,EVT-20260809-0064
POL-20260809-0069,EVT-20260809-0037
POL-20260809-0070,EVT-20260809-0038
POL-20260809-0071,EVT-20260806-0003
POL-20260809-0072,EVT-20260809-0014
POL-20260809-0073,EVT-20260809-0028
POL-20260809-0074,EVT-20260809-0046
POL-20260809-0075,EVT-20260808-0056
POL-20260809-0076,EVT-20260809-0025
POL-20260809-0077,EVT-20260809-0063
POL-20260809-0078,EVT-20260809-0063
POL-20260809-0079,EVT-20260809-0053
POL-20260809-0080,EVT-20260809-0023
POL-20260809-0081,EVT-20260809-0034
POL-20260809-0082,EVT-20260809-0026
POL-20260809-0083,EVT-20260809-0059
POL-20260809-0084,EVT-20260809-0008
POL-20260809-0085,EVT-20260809-0027
POL-20260809-0086,EVT-20260809-0011
POL-20260809-0087,EVT-20260808-0057
POL-20260809-0088,EVT-20260809-0048
POL-20260809-0089,EVT-20260809-0032
POL-20260809-0090,EVT-20260809-0004
POL-20260809-0091,EVT-20260809-0009
POL-20260809-0092,EVT-20260809-0050
POL-20260809-0093,EVT-20260809-0012
POL-20260809-0094,EVT-20260809-0031
POL-20260809-0095,EVT-20260809-0044
POL-20260809-0096,EVT-20260809-0041
POL-20260809-0097,EVT-20260809-0026
POL-20260809-0098,EVT-20260809-0047
POL-20260809-0099,EVT-20260809-0052
POL-20260809-0100,EVT-20260809-0066
POL-20260809-0101,EVT-20260808-0058
POL-20260809-0102,EVT-20260809-0063
POL-20260810-0001,EVT-20260809-0026
POL-20260810-0002,EVT-20260810-0034
POL-20260810-0003,EVT-20260809-0058
POL-20260810-0004,EVT-20260810-0015
POL-20260810-0005,EVT-20260809-0055
POL-20260810-0006,EVT-20260809-0046
POL-20260810-0007,EVT-20260809-0020
POL-20260810-0008,EVT-20260809-0052
POL-20260810-0009,EVT-20260809-0008
POL-20260810-0010,EVT-20260809-0018
POL-20260810-0011,EVT-20260809-0055
POL-20260810-0012,EVT-20260808-0023
POL-20260810-0013,EVT-20260810-0040
POL-20260810-0014,EVT-20260810-0038
POL-20260810-0015,EVT-20260809-0044
POL-20260810-0016,EVT-20260810-0018
POL-20260810-0017,EVT-20260809-0040
POL-20260810-0018,EVT-20260810-0017
POL-20260810-0019,EVT-20260810-0001
POL-20260810-0020,EVT-20260810-0025
POL-20260810-0021,EVT-20260810-0021
POL-20260810-0022,EVT-20260810-0029
POL-20260810-0023,EVT-20260810-0033
POL-20260810-0024,EVT-20260810-0042
POL-20260810-0025,EVT-20260810-0023
POL-20260810-0026,EVT-20260810-0005
POL-20260810-0027,EVT-20260810-0014
POL-20260810-0028,EVT-20260810-0037
POL-20260810-0029,EVT-20260810-0011
POL-20260810-0030,EVT-20260809-0015
POL-20260810-0031,EVT-20260810-0016
POL-20260810-0032,EVT-20260810-0043
POL-20260810-0033,EVT-20260810-0014
POL-20260810-0034,EVT-20260810-0021
POL-20260810-0035,EVT-20260810-0019
POL-20260810-0036,EVT-20260810-0019
POL-20260810-0037,EVT-20260810-0004
POL-20260810-0038,EVT-20260810-0024
POL-20260810-0039,EVT-20260808-0029
POL-20260810-0040,EVT-20260810-0012
POL-20260810-0041,EVT-20260810-0026
POL-20260810-0042,EVT-20260810-0031
POL-20260810-0043,EVT-20260810-0038
POL-20260810-0044,EVT-20260810-0038
POL-20260810-0045,EVT-20260810-0020
POL-20260810-0046,EVT-20260809-0052
POL-20260810-0047,EVT-20260810-0028
POL-20260810-0048,EVT-20260809-0044
POL-20260810-0049,EVT-20260810-0010
POL-20260810-0050,EVT-20260810-0013
POL-20260810-0051,EVT-20260810-0027
POL-20260810-0052,EVT-20260810-0007
POL-20260810-0053,EVT-20260810-0014
POL-20260810-0054,EVT-20260810-0009
POL-20260810-0055,EVT-20260809-0033
POL-20260810-0056,EVT-20260809-0016
POL-20260810-0057,EVT-20260810-0044
POL-20260810-0058,EVT-20260810-0019
POL-20260810-0059,EVT-20260810-0007
POL-20260810-0060,EVT-20260810-0028
POL-20260810-0061,EVT-20260810-0036
POL-20260810-0062,EVT-20260806-0010
POL-20260810-0063,EVT-20260810-0004
POL-20260810-0064,EVT-20260810-0006
POL-20260810-0065,EVT-20260810-0002
POL-20260810-0066,EVT-20260810-0030
POL-20260810-0067,EVT-20260810-0003
POL-20260811-0001,EVT-20260811-0013
POL-20260811-0002,EVT-20260811-0007
POL-20260811-0003,EVT-20260811-0024
POL-20260811-0004,EVT-20260811-0001
POL-20260811-0005,EVT-20260810-0035
POL-20260811-0006,EVT-20260811-0018
POL-20260811-0007,EVT-20260810-0041
POL-20260811-0008,EVT-20260809-0013
POL-20260811-0009,EVT-20260811-0012
POL-20260811-0010,EVT-20260809-0022
POL-20260811-0011,EVT-20260810-0008
POL-20260811-0012,EVT-20260810-0015
POL-20260811-0013,EVT-20260807-0031
POL-20260811-0014,EVT-20260810-0022
POL-20260811-0015,EVT-20260811-0009
POL-20260811-0016,EVT-20260811-0006
POL-20260811-0017,EVT-20260811-0008
POL-20260811-0018,EVT-20260811-0008
POL-20260811-0019,EVT-20260811-0038
POL-20260811-0020,EVT-20260811-0034
POL-20260811-0021,EVT-20260811-0035
POL-20260811-0022,EVT-20260811-0006
POL-20260811-0023,EVT-20260811-0015
POL-20260811-0024,EVT-20260811-0031
POL-20260811-0025,EVT-20260808-0045
POL-20260811-0026,EVT-20260810-0045
POL-20260811-0027,EVT-20260810-0032
POL-20260811-0028,EVT-20260811-0006
POL-20260811-0029,EVT-20260811-0036
POL-20260811-0030,EVT-20260810-0026
POL-20260811-0031,EVT-20260811-0020
POL-20260811-0032,EVT-20260811-0004
POL-20260811-0033,EVT-20260811-0028
POL-20260811-0034,EVT-20260810-0007
POL-20260811-0035,EVT-20260811-0044
POL-20260811-0036,EVT-20260811-0005
POL-20260811-0037,EVT-20260811-0034
POL-20260811-0038,EVT-20260811-0037
POL-20260811-0039,EVT-20260811-0029
POL-20260811-0040,EVT-20260811-0002
POL-20260811-0041,EVT-20260811-0039
POL-20260811-0042,EVT-20260811-0042
POL-20260811-0043,EVT-20260811-0025
POL-20260811-0044,EVT-20260811-0022
POL-20260811-0045,EVT-20260811-0017
POL-20260811-0046,EVT-20260811-0033
POL-20260811-0047,EVT-20260811-0022
POL-20260811-0048,EVT-20260811-0040
POL-20260811-0049,EVT-20260811-0021
POL-20260811-0050,EVT-20260811-0019
POL-20260811-0051,EVT-20260811-0030
POL-20260811-0052,EVT-20260811-0011
POL-20260811-0053,EVT-20260811-0004
POL-20260811-0054,EVT-20260811-0003
POL-20260811-0055,EVT-20260811-0032
POL-20260812-0001,EVT-20260811-0033
POL-20260812-0002,EVT-20260812-0016
POL-20260812-0003,EVT-20260811-0019
POL-20260812-0004,EVT-20260811-0010
POL-20260812-0005,EVT-20260811-0043
POL-20260812-0006,EVT-20260812-0019
POL-20260812-0007,EVT-20260811-0019
POL-20260812-0008,EVT-20260812-0049
POL-20260812-0009,EVT-20260812-0048
POL-20260812-0010,EVT-20260812-0049
POL-20260812-0011,EVT-20260811-0017
POL-20260812-0012,EVT-20260810-0029
POL-20260812-0013,EVT-20260811-0003
POL-20260812-0014,EVT-20260812-0032
POL-20260812-0015,EVT-20260812-0034
POL-20260812-0016,EVT-20260812-0027
POL-20260812-0017,EVT-20260812-0041
POL-20260812-0018,EVT-20260812-0044
POL-20260812-0019,EVT-20260812-0049
POL-20260812-0020,EVT-20260812-0056
POL-20260812-0021,EVT-20260812-0023
POL-20260812-0022,EVT-20260812-0017
POL-20260812-0023,EVT-20260812-0059
POL-20260812-0024,EVT-20260812-0011
POL-20260812-0025,EVT-20260812-0026
POL-20260812-0026,EVT-20260812-0014
POL-20260812-0027,EVT-20260812-0039
POL-20260812-0028,EVT-20260812-0026
POL-20260812-0029,EVT-20260812-0045
POL-20260812-0030,EVT-20260812-0005
POL-20260812-0031,EVT-20260811-0027
POL-20260812-0032,EVT-20260812-0021
POL-20260812-0033,EVT-20260811-0023
POL-20260812-0034,EVT-20260812-0026
POL-20260812-0035,EVT-20260812-0055
POL-20260812-0036,EVT-20260812-0013
POL-20260812-0037,EVT-20260812-0049
POL-20260812-0038,EVT-20260812-0012
POL-20260812-0039,EVT-20260812-0053
POL-20260812-0040,EVT-20260812-0052
POL-20260812-0041,EVT-20260812-0058
POL-20260812-0042,EVT-20260812-0025
POL-20260812-0043,EVT-20260812-0035
POL-20260812-0044,EVT-20260812-0046
POL-20260812-0045,EVT-20260812-0038
POL-20260812-0046,EVT-20260812-0031
POL-20260812-0047,EVT-20260812-0057
POL-20260812-0048,EVT-20260812-0022
POL-20260812-0049,EVT-20260812-0061
POL-20260812-0050,EVT-20260812-0037
POL-20260812-0051,EVT-20260812-0003
POL-20260812-0052,EVT-20260812-0006
POL-20260812-0053,EVT-20260812-0009
POL-20260812-0054,EVT-20260812-0008
POL-20260812-0055,EVT-20260812-0004
POL-20260812-0056,EVT-20260812-0033
POL-20260812-0057,EVT-20260809-0002
POL-20260812-0058,EVT-20260812-0061
POL-20260812-0059,EVT-20260812-0054
POL-20260812-0060,EVT-20260812-0020
POL-20260812-0061,EVT-20260812-0051
POL-20260812-0062,EVT-20260812-0008
POL-20260812-0063,EVT-20260812-0040
POL-20260812-0064,EVT-20260812-0008
POL-20260812-0065,EVT-20260812-0050
POL-20260812-0066,EVT-20260812-0040
POL-20260813-0001,EVT-20260812-0029
POL-20260813-0002,EVT-20260812-0006
POL-20260813-0003,EVT-20260812-0036
POL-20260813-0004,EVT-20260813-0021
POL-20260813-0005,EVT-20260812-0051
POL-20260813-0006,EVT-20260812-0026
POL-20260813-0007,EVT-20260812-0061
POL-20260813-0008,EVT-20260811-0041
POL-20260813-0009,EVT-20260812-0042
POL-20260813-0010,EVT-20260812-0028
POL-20260813-0011,EVT-20260813-0040
POL-20260813-0012,EVT-20260813-0021
POL-20260813-0013,EVT-20260812-0060
POL-20260813-0014,EVT-20260813-0014
POL-20260813-0015,EVT-20260813-0010
POL-20260813-0016,EVT-20260813-0053
POL-20260813-0017,EVT-20260812-0040
POL-20260813-0018,EVT-20260813-0013
POL-20260813-0019,EVT-20260813-0003
POL-20260813-0020,EVT-20260813-0054
POL-20260813-0021,EVT-20260813-0056
POL-20260813-0022,EVT-20260812-0051
POL-20260813-0023,EVT-20260813-0013
POL-20260813-0024,EVT-20260809-0057
POL-20260813-0025,EVT-20260813-0027
POL-20260813-0026,EVT-20260812-0043
POL-20260813-0027,EVT-20260813-0021
POL-20260813-0028,EVT-20260813-0001
POL-20260813-0029,EVT-20260812-0040
POL-20260813-0030,EVT-20260812-0047
POL-20260813-0031,EVT-20260812-0007
POL-20260813-0032,EVT-20260813-0018
POL-20260813-0033,EVT-20260812-0061
POL-20260813-0034,EVT-20260812-0015
POL-20260813-0035,EVT-20260813-0042
POL-20260813-0036,EVT-20260812-0024
POL-20260813-0037,EVT-20260812-0018
POL-20260813-0038,EVT-20260812-0057
POL-20260813-0039,EVT-20260812-0001
POL-20260813-0040,EVT-20260813-0050
POL-20260813-0041,EVT-20260813-0057
POL-20260813-0042,EVT-20260812-0058
POL-20260813-0043,EVT-20260813-0013
POL-20260813-0044,EVT-20260813-0013
POL-20260813-0045,EVT-20260813-0020
POL-20260813-0046,EVT-20260813-0030
POL-20260813-0047,EVT-20260813-0038
POL-20260813-0048,EVT-20260813-0057
POL-20260813-0049,EVT-20260813-0040
POL-20260813-0050,EVT-20260813-0049
POL-20260813-0051,EVT-20260813-0017
POL-20260813-0052,EVT-20260813-0043
POL-20260813-0053,EVT-20260813-0036
POL-20260813-0054,EVT-20260813-0007
POL-20260813-0055,EVT-20260813-0016
POL-20260813-0056,EVT-20260813-0024
POL-20260813-0057,EVT-20260813-0008
POL-20260813-0058,EVT-20260813-0052
POL-20260813-0059,EVT-20260813-0009
POL-20260813-0060,EVT-20260813-0037
POL-20260813-0061,EVT-20260813-0032
POL-20260813-0062,EVT-20260807-0025
POL-20260813-0063,EVT-20260813-0057
POL-20260813-0064,EVT-20260813-0046
POL-20260813-0065,EVT-20260813-0005
POL-20260813-0066,EVT-20260813-0004
POL-20260813-0067,EVT-20260813-0051
POL-20260813-0068,EVT-20260813-0006
POL-20260813-0069,EVT-20260812-0006
POL-20260813-0070,EVT-20260813-0009
POL-20260813-0071,EVT-20260813-0055
POL-20260813-0072,EVT-20260813-0028
POL-20260814-0001,EVT-20260814-0018
POL-20260814-0002,EVT-20260811-0026
POL-20260814-0003,EVT-20260813-0023
POL-20260814-0004,EVT-20260813-0029
POL-20260814-0005,EVT-20260813-0011
POL-20260814-0006,EVT-20260813-0034
POL-20260814-0007,EVT-20260813-0017
POL-20260814-0008,EVT-20260813-0025
POL-20260814-0009,EVT-20260813-0055
POL-20260814-0010,EVT-20260813-0002
POL-20260814-0011,EVT-20260814-0025
POL-20260814-0012,EVT-20260814-0017
POL-20260814-0013,EVT-20260814-0001
POL-20260814-0014,EVT-20260812-0030
POL-20260814-0015,EVT-20260813-0048
POL-20260814-0016,EVT-20260813-0048
POL-20260814-0017,EVT-20260813-0035
POL-20260814-0018,EVT-20260812-0010
POL-20260814-0019,EVT-20260814-0041
POL-20260814-0020,EVT-20260813-0045
POL-20260814-0021,EVT-20260811-0014
POL-20260814-0022,EVT-20260813-0041
POL-20260814-0023,EVT-20260814-0001
POL-20260814-0024,EVT-20260814-0021
POL-20260814-0025,EVT-20260814-0037
POL-20260814-0026,EVT-20260814-0042
POL-20260814-0027,EVT-20260813-0012
POL-20260814-0028,EVT-20260814-0003
POL-20260814-0029,EVT-20260813-0036
POL-20260814-0030,EVT-20260814-0033
POL-20260814-0031,EVT-20260813-0039
POL-20260814-0032,EVT-20260814-0015
POL-20260814-0033,EVT-20260814-0005
POL-20260814-0034,EVT-20260814-0031
POL-20260814-0035,EVT-20260814-0003
POL-20260814-0036,EVT-20260814-0002
POL-20260814-0037,EVT-20260814-0012
POL-20260814-0038,EVT-20260814-0009
POL-20260814-0039,EVT-20260814-0022
POL-20260814-0040,EVT-20260814-0019
POL-20260814-0041,EVT-20260814-0025
POL-20260814-0042,EVT-20260814-0013
POL-20260814-0043,EVT-20260814-0024
POL-20260814-0044,EVT-20260814-0016
POL-20260814-0045,EVT-20260814-0039
POL-20260814-0046,EVT-20260814-0036
POL-20260814-0047,EVT-20260814-0028
POL-20260814-0048,EVT-20260814-0032
POL-20260814-0049,EVT-20260813-0044
POL-20260814-0050,EVT-20260814-0026
POL-20260814-0051,EVT-20260814-0027
POL-20260814-0052,EVT-20260814-0040
POL-20260814-0053,EVT-20260814-0035
POL-20260814-0054,EVT-20260812-0002
POL-20260814-0055,EVT-20260814-0010
POL-20260814-0056,EVT-20260812-0036
POL-20260814-0057,EVT-20260814-0015
POL-20260815-0001,EVT-20260814-0023
POL-20260815-0002,EVT-20260815-0016
POL-20260815-0003,EVT-20260814-0014
POL-20260815-0004,EVT-20260815-0046
POL-20260815-0005,EVT-20260815-0040
POL-20260815-0006,EVT-20260814-0030
POL-20260815-0007,EVT-20260813-0042
POL-20260815-0008,EVT-20260814-0029
POL-20260815-0009,EVT-20260814-0030
POL-20260815-0010,EVT-20260814-0008
POL-20260815-0011,EVT-20260815-0036
POL-20260815-0012,EVT-20260813-0019
POL-20260815-0013,EVT-20260814-0006
POL-20260815-0014,EVT-20260815-0010
POL-20260815-0015,EVT-20260815-0047
POL-20260815-0016,EVT-20260814-0038
POL-20260815-0017,EVT-20260815-0003
POL-20260815-0018,EVT-20260814-0043
POL-20260815-0019,EVT-20260815-0032
POL-20260815-0020,EVT-20260815-0008
POL-20260815-0021,EVT-20260813-0047
POL-20260815-0022,EVT-20260815-0045
POL-20260815-0023,EVT-20260813-0031
POL-20260815-0024,EVT-20260815-0015
POL-20260815-0025,EVT-20260813-0039
POL-20260815-0026,EVT-20260813-0033
POL-20260815-0027,EVT-20260815-0029
POL-20260815-0028,EVT-20260815-0004
POL-20260815-0029,EVT-20260815-0030
POL-20260815-0030,EVT-20260814-0040
POL-20260815-0031,EVT-20260815-0040
POL-20260815-0032,EVT-20260815-0003
POL-20260815-0033,EVT-20260815-0045
POL-20260815-0034,EVT-20260815-0041
POL-20260815-0035,EVT-20260815-0037
POL-20260815-0036,EVT-20260814-0007
POL-20260815-0037,EVT-20260814-0038
POL-20260815-0038,EVT-20260814-0020
POL-20260815-0039,EVT-20260815-0013
POL-20260815-0040,EVT-20260815-0009
POL-20260815-0041,EVT-20260815-0025
POL-20260815-0042,EVT-20260815-0021
POL-20260815-0043,EVT-20260814-0004
POL-20260815-0044,EVT-20260814-0011
POL-20260815-0045,EVT-20260814-0020
POL-20260815-0046,EVT-20260815-0022
POL-20260815-0047,EVT-20260815-0014
POL-20260815-0048,EVT-20260815-0004
POL-20260815-0049,EVT-20260813-0022
POL-20260815-0050,EVT-20260815-0042
POL-20260815-0051,EVT-20260813-0015
POL-20260815-0052,EVT-20260815-0027
POL-20260815-0053,EVT-20260815-0026
POL-20260815-0054,EVT-20260815-0038
POL-20260815-0055,EVT-20260815-0045
POL-20260815-0056,EVT-20260815-0035
POL-20260815-0057,EVT-20260815-0018
POL-20260815-0058,EVT-20260815-0023
POL-20260815-0059,EVT-20260815-0011
POL-20260815-0060,EVT-20260815-0020
POL-20260815-0061,EVT-20260811-0016
POL-20260815-0062,EVT-20260815-0023
POL-20260815-0063,EVT-20260815-0005
POL-20260815-0064,EVT-20260815-0028
POL-20260815-0065,EVT-20260815-0023
POL-20260815-0066,EVT-20260810-0039
POL-20260815-0067,EVT-20260815-0026
POL-20260815-0068,EVT-20260815-0012
POL-20260815-0069,EVT-20260815-0006
POL-20260815-0070,EVT-20260815-0007
POL-20260815-0071,EVT-20260815-0039
POL-20260815-0072,EVT-20260815-0034
POL-20260816-0001,EVT-20260815-0017
POL-20260816-0002,EVT-20260815-0043
POL-20260816-0003,EVT-20260815-0033
POL-20260816-0004,EVT-20260816-0002
POL-20260816-0005,EVT-20260815-0026
POL-20260816-0006,EVT-20260816-0034
POL-20260816-0007,EVT-20260815-0036
POL-20260816-0008,EVT-20260815-0048
POL-20260816-0009,EVT-20260815-0024
POL-20260816-0010,EVT-20260815-0044
POL-20260816-0011,EVT-20260815-0019
POL-20260816-0012,EVT-20260815-0003
POL-20260816-0013,EVT-20260816-0036
POL-20260816-0014,EVT-20260815-0043
POL-20260816-0015,EVT-20260816-0002
POL-20260816-0016,EVT-20260816-0021
POL-20260816-0017,EVT-20260816-0025
POL-20260816-0018,EVT-20260815-0031
POL-20260816-0019,EVT-20260816-0045
POL-20260816-0020,EVT-20260816-0037
POL-20260816-0021,EVT-20260815-0002
POL-20260816-0022,EVT-20260816-0015
POL-20260816-0023,EVT-20260816-0039
POL-20260816-0024,EVT-20260816-0011
POL-20260816-0025,EVT-20260816-0017
POL-20260816-0026,EVT-20260816-0049
POL-20260816-0027,EVT-20260816-0026
POL-20260816-0028,EVT-20260816-0034
POL-20260816-0029,EVT-20260815-0034
POL-20260816-0030,EVT-20260816-0042
POL-20260816-0031,EVT-20260815-0002
POL-20260816-0032,EVT-20260816-0021
POL-20260816-0033,EVT-20260815-0040
POL-20260816-0034,EVT-20260816-0030
POL-20260816-0035,EVT-20260816-0016
POL-20260816-0036,EVT-20260816-0049
POL-20260816-0037,EVT-20260816-0035
POL-20260816-0038,EVT-20260816-0016
POL-20260816-0039,EVT-20260816-0048
POL-20260816-0040,EVT-20260816-0024
POL-20260816-0041,EVT-20260816-0016
POL-20260816-0042,EVT-20260814-0034
POL-20260816-0043,EVT-20260815-0002
POL-20260816-0044,EVT-20260816-0049
POL-20260816-0045,EVT-20260816-0033
POL-20260816-0046,EVT-20260816-0003
POL-20260816-0047,EVT-20260816-0034
POL-20260816-0048,EVT-20260816-0023
POL-20260816-0049,EVT-20260816-0011
POL-20260816-0050,EVT-20260816-0020
POL-20260816-0051,EVT-20260816-0044
POL-20260816-0052,EVT-20260816-0013
POL-20260816-0053,EVT-20260816-0047
POL-20260816-0054,EVT-20260816-0031
POL-20260816-0055,EVT-20260816-0016
POL-20260816-0056,EVT-20260816-0008
POL-20260816-0057,EVT-20260816-0011
POL-20260816-0058,EVT-20260816-0028
POL-20260816-0059,EVT-20260816-0001
POL-20260816-0060,EVT-20260816-0050
POL-20260816-0061,EVT-20260816-0009
POL-20260816-0062,EVT-20260816-0007
POL-20260816-0063,EVT-20260816-0006
POL-20260816-0064,EVT-20260816-0029
POL-20260816-0065,EVT-20260816-0022
POL-20260816-0066,EVT-20260816-0027
POL-20260816-0067,EVT-20260816-0040
POL-20260816-0068,EVT-20260816-0014
POL-20260816-0069,EVT-20260816-0018
POL-20260816-0070,EVT-20260816-0038
POL-20260816-0071,EVT-20260816-0019
POL-20260816-0072,EVT-20260816-0043
POL-20260816-0073,EVT-20260816-0010
POL-20260816-0074,EVT-20260816-0004
POL-20260817-0001,EVT-20260817-0018
POL-20260817-0002,EVT-20260817-0015
POL-20260817-0003,EVT-20260816-0012
POL-20260817-0004,EVT-20260816-0005
POL-20260817-0005,EVT-20260816-0043
POL-20260817-0006,EVT-20260817-0029
POL-20260817-0007,EVT-20260817-0008
POL-20260817-0008,EVT-20260817-0020
POL-20260817-0009,EVT-20260817-0054
POL-20260817-0010,EVT-20260817-0043
POL-20260817-0011,EVT-20260816-0041
POL-20260817-0012,EVT-20260817-0008
POL-20260817-0013,EVT-20260817-0003
POL-20260817-0014,EVT-20260817-0014
POL-20260817-0015,EVT-20260817-0035
POL-20260817-0016,EVT-20260817-0028
POL-20260817-0017,EVT-20260813-0026
POL-20260817-0018,EVT-20260816-0046
POL-20260817-0019,EVT-20260817-0044
POL-20260817-0020,EVT-20260817-0022
POL-20260817-0021,EVT-20260817-0053
POL-20260817-0022,EVT-20260817-0012
POL-20260817-0023,EVT-20260817-0006
POL-20260817-0024,EVT-20260817-0011
POL-20260817-0025,EVT-20260816-0043
POL-20260817-0026,EVT-20260817-0003
POL-20260817-0027,EVT-20260817-0008
POL-20260817-0028,EVT-20260817-0005
POL-20260817-0029,EVT-20260816-0020
POL-20260817-0030,EVT-20260817-0017
POL-20260817-0031,EVT-20260815-0001
POL-20260817-0032,EVT-20260817-0031
POL-20260817-0033,EVT-20260817-0014
POL-20260817-0034,EVT-20260817-0055
POL-20260817-0035,EVT-20260817-0021
POL-20260817-0036,EVT-20260817-0047
POL-20260817-0037,EVT-20260817-0039
POL-20260817-0038,EVT-20260817-0056
POL-20260817-0039,EVT-20260817-0041
POL-20260817-0040,EVT-20260817-0013
POL-20260817-0041,EVT-20260817-0045
POL-20260817-0042,EVT-20260817-0025
POL-20260817-0043,EVT-20260811-0027
POL-20260817-0044,EVT-20260817-0004
POL-20260817-0045,EVT-20260817-0030
POL-20260817-0046,EVT-20260817-0009
POL-20260817-0047,EVT-20260817-0027
POL-20260817-0048,EVT-20260817-0008
POL-20260817-0049,EVT-20260817-0031
POL-20260817-0050,EVT-20260817-0024
POL-20260817-0051,EVT-20260817-0032
POL-20260817-0052,EVT-20260817-0001
POL-20260817-0053,EVT-20260817-0010
POL-20260817-0054,EVT-20260817-0034
POL-20260817-0055,EVT-20260817-0042
POL-20260817-0056,EVT-20260817-0032
POL-20260817-0057,EVT-20260817-0030
POL-20260817-0058,EVT-20260817-0040
POL-20260817-0059,EVT-20260817-0023
POL-20260817-0060,EVT-20260817-0033
POL-20260817-0061,EVT-20260817-0032
POL-20260817-0062,EVT-20260817-0051
POL-20260817-0063,EVT-20260817-0032
POL-20260817-0064,EVT-20260817-0031
POL-20260817-0065,EVT-20260817-0038
POL-20260818-0001,EVT-20260816-0049
POL-20260818-0002,EVT-20260817-0002
POL-20260818-0003,EVT-20260818-0028
POL-20260818-0004,EVT-20260816-0032
POL-20260818-0005,EVT-20260818-0023
POL-20260818-0006,EVT-20260818-0002
POL-20260818-0007,EVT-20260817-0016
POL-20260818-0008,EVT-20260817-0045
POL-20260818-0009,EVT-20260818-0038
POL-20260818-0010,EVT-20260817-0049
POL-20260818-0011,EVT-20260818-0030
POL-20260818-0012,EVT-20260818-0041
POL-20260818-0013,EVT-20260817-0033
POL-20260818-0014,EVT-20260817-0045
POL-20260818-0015,EVT-20260817-0036
POL-20260818-0016,EVT-20260817-0037
POL-20260818-0017,EVT-20260817-0048
POL-20260818-0018,EVT-20260818-0007
POL-20260818-0019,EVT-20260817-0013
POL-20260818-0020,EVT-20260818-0011
POL-20260818-0021,EVT-20260817-0048
POL-20260818-0022,EVT-20260818-0019
POL-20260818-0023,EVT-20260817-0050
POL-20260818-0024,EVT-20260818-0017
POL-20260818-0025,EVT-20260817-0030
POL-20260818-0026,EVT-20260818-0014
POL-20260818-0027,EVT-20260817-0046
POL-20260818-0028,EVT-20260818-0042
POL-20260818-0029,EVT-20260817-0019
POL-20260818-0030,EVT-20260818-0033
POL-20260818-0031,EVT-20260818-0048
POL-20260818-0032,EVT-20260818-0026
POL-20260818-0033,EVT-20260818-0002
POL-20260818-0034,EVT-20260818-0016
POL-20260818-0035,EVT-20260818-0031
POL-20260818-0036,EVT-20260818-0032
POL-20260818-0037,EVT-20260818-0002
POL-20260818-0038,EVT-20260818-0046
POL-20260818-0039,EVT-20260818-0024
POL-20260818-0040,EVT-20260815-0001
POL-20260818-0041,EVT-20260818-0051
POL-20260818-0042,EVT-20260818-0001
POL-20260818-0043,EVT-20260818-0003
POL-20260818-0044,EVT-20260818-0015
POL-20260818-0045,EVT-20260818-0011
POL-20260818-0046,EVT-20260818-0034
POL-20260818-0047,EVT-20260818-0027
POL-20260818-0048,EVT-20260817-0046
POL-20260818-0049,EVT-20260817-0007
POL-20260818-0050,EVT-20260818-0035
POL-20260818-0051,EVT-20260818-0006
POL-20260818-0052,EVT-20260818-0039
POL-20260818-0053,EVT-20260818-0029
POL-20260818-0054,EVT-20260818-0040
POL-20260818-0055,EVT-20260818-0037
POL-20260818-0056,EVT-20260818-0012
POL-20260818-0057,EVT-20260818-0004
POL-20260818-0058,EVT-20260818-0001
POL-20260818-0059,EVT-20260818-0037
POL-20260818-0060,EVT-20260818-0050
POL-20260818-0061,EVT-20260818-0004
POL-20260818-0062,EVT-20260818-0052
POL-20260818-0063,EVT-20260818-0005
POL-20260818-0064,EVT-20260818-0021
POL-20260818-0065,EVT-20260818-0001
POL-20260818-0066,EVT-20260818-0020
POL-20260818-0067,EVT-20260818-0008
POL-20260818-0068,EVT-20260818-0045
POL-20260818-0069,EVT-20260818-0022
POL-20260819-0001,EVT-20260818-0049
POL-20260819-0002,EVT-20260819-0030
POL-20260819-0003,EVT-20260819-0023
POL-20260819-0004,EVT-20260819-0030
POL-20260819-0005,EVT-20260819-0030
POL-20260819-0006,EVT-20260818-0035
POL-20260819-0007,EVT-20260819-0061
POL-20260819-0008,EVT-20260818-0047
POL-20260819-0009,EVT-20260818-0018
POL-20260819-0010,EVT-20260818-0013
POL-20260819-0011,EVT-20260818-0034
POL-20260819-0012,EVT-20260818-0022
POL-20260819-0013,EVT-20260819-0020
POL-20260819-0014,EVT-20260819-0016
POL-20260819-0015,EVT-20260819-0038
POL-20260819-0016,EVT-20260819-0042
POL-20260819-0017,EVT-20260818-0035
POL-20260819-0018,EVT-20260818-0044
POL-20260819-0019,EVT-20260818-0004
POL-20260819-0020,EVT-20260819-0059
POL-20260819-0021,EVT-20260819-0022
POL-20260819-0022,EVT-20260819-0042
POL-20260819-0023,EVT-20260819-0037
POL-20260819-0024,EVT-20260819-0026
POL-20260819-0025,EVT-20260819-0036
POL-20260819-0026,EVT-20260819-0010
POL-20260819-0027,EVT-20260819-0018
POL-20260819-0028,EVT-20260818-0002
POL-20260819-0029,EVT-20260819-0029
POL-20260819-0030,EVT-20260819-0056
POL-20260819-0031,EVT-20260819-0050
POL-20260819-0032,EVT-20260819-0060
POL-20260819-0033,EVT-20260819-0047
POL-20260819-0034,EVT-20260819-0028
POL-20260819-0035,EVT-20260819-0006
POL-20260819-0036,EVT-20260819-0007
POL-20260819-0037,EVT-20260819-0033
POL-20260819-0038,EVT-20260818-0043
POL-20260819-0039,EVT-20260819-0056
POL-20260819-0040,EVT-20260819-0004
POL-20260819-0041,EVT-20260819-0008
POL-20260819-0042,EVT-20260818-0036
POL-20260819-0043,EVT-20260819-0062
POL-20260819-0044,EVT-20260819-0035
POL-20260819-0045,EVT-20260819-0031
POL-20260819-0046,EVT-20260819-0013
POL-20260819-0047,EVT-20260818-0025
POL-20260819-0048,EVT-20260818-0009
POL-20260819-0049,EVT-20260817-0052
POL-20260819-0050,EVT-20260819-0039
POL-20260819-0051,EVT-20260819-0049
POL-20260819-0052,EVT-20260819-0021
POL-20260819-0053,EVT-20260819-0031
POL-20260819-0054,EVT-20260819-0017
POL-20260819-0055,EVT-20260819-0027
POL-20260819-0056,EVT-20260819-0046
POL-20260819-0057,EVT-20260819-0025
POL-20260819-0058,EVT-20260819-0005
POL-20260819-0059,EVT-20260819-0054
POL-20260819-0060,EVT-20260819-0015
POL-20260819-0061,EVT-20260819-0046
POL-20260819-0062,EVT-20260819-0057
POL-20260819-0063,EVT-20260819-0034
POL-20260819-0064,EVT-20260819-0005
POL-20260819-0065,EVT-20260819-0003
POL-20260819-0066,EVT-20260819-0002
POL-20260819-0067,EVT-20260819-0045
POL-20260819-0068,EVT-20260819-0053
POL-20260819-0069,EVT-20260819-0040
POL-20260820-0001,EVT-20260820-0024
POL-20260820-0002,EVT-20260820-0024
POL-20260820-0003,EVT-20260819-0024
POL-20260820-0004,EVT-20260819-0009
POL-20260820-0005,EVT-20260819-0058
POL-20260820-0006,EVT-20260820-0027
POL-20260820-0007,EVT-20260820-0034
POL-20260820-0008,EVT-20260819-0001
POL-20260820-0009,EVT-20260820-0030
POL-20260820-0010,EVT-20260820-0043
POL-20260820-0011,EVT-20260819-0043
POL-20260820-0012,EVT-20260820-0040
POL-20260820-0013,EVT-20260820-0029
POL-20260820-0014,EVT-20260820-0015
POL-20260820-0015,EVT-20260820-0008
POL-20260820-0016,EVT-20260820-0025
POL-20260820-0017,EVT-20260819-0051
POL-20260820-0018,EVT-20260820-0007
POL-20260820-0019,EVT-20260820-0025
POL-20260820-0020,EVT-20260820-0035
POL-20260820-0021,EVT-20260819-0048
POL-20260820-0022,EVT-20260820-0005
POL-20260820-0023,EVT-20260817-0026
POL-20260820-0024,EVT-20260819-0044
POL-20260820-0025,EVT-20260820-0023
POL-20260820-0026,EVT-20260820-0033
POL-20260820-0027,EVT-20260820-0009
POL-20260820-0028,EVT-20260819-0052
POL-20260820-0029,EVT-20260819-0011
POL-20260820-0030,EVT-20260820-0001
POL-20260820-0031,EVT-20260819-0041
POL-20260820-0032,EVT-20260820-0037
POL-20260820-0033,EVT-20260820-0052
POL-20260820-0034,EVT-20260818-0010
POL-20260820-0035,EVT-20260820-0054
POL-20260820-0036,EVT-20260820-0010
POL-20260820-0037,EVT-20260820-0053
POL-20260820-0038,EVT-20260820-0020
POL-20260820-0039,EVT-20260819-0019
POL-20260820-0040,EVT-20260820-0032
POL-20260820-0041,EVT-20260820-0024
POL-20260820-0042,EVT-20260820-0022
POL-20260820-0043,EVT-20260820-0026
POL-20260820-0044,EVT-20260820-0046
POL-20260820-0045,EVT-20260818-0034
POL-20260820-0046,EVT-20260819-0014
POL-20260820-0047,EVT-20260820-0019
POL-20260820-0048,EVT-20260819-0019
POL-20260820-0049,EVT-20260820-0053
POL-20260820-0050,EVT-20260820-0038
POL-20260820-0051,EVT-20260820-0044
POL-20260820-0052,EVT-20260820-0051
POL-20260820-0053,EVT-20260820-0041
POL-20260820-0054,EVT-20260820-0012
POL-20260820-0055,EVT-20260820-0006
POL-20260820-0056,EVT-20260820-0014
POL-20260820-0057,EVT-20260819-0015
POL-20260820-0058,EVT-20260820-0049
POL-20260820-0059,EVT-20260820-0055
POL-20260820-0060,EVT-20260820-0003
POL-20260820-0061,EVT-20260820-0021
POL-20260820-0062,EVT-20260820-0039
POL-20260820-0063,EVT-20260820-0018
POL-20260820-0064,EVT-20260820-0011
POL-20260820-0065,EVT-20260820-0042
POL-20260820-0066,EVT-20260819-0032
POL-20260820-0067,EVT-20260820-0036
POL-20260821-0001,EVT-20260821-0001
POL-20260821-0002,EVT-20260820-0028
POL-20260821-0003,EVT-20260821-0006
POL-20260821-0004,EVT-20260820-0017
POL-20260821-0005,EVT-20260820-0016
POL-20260821-0006,EVT-20260820-0013
POL-20260821-0007,EVT-20260820-0041
POL-20260821-0008,EVT-20260820-0044
POL-20260821-0009,EVT-20260820-0050
POL-20260821-0010,EVT-20260820-0031
POL-20260821-0011,EVT-20260820-0047
POL-20260821-0012,EVT-20260821-0001
POL-20260821-0013,EVT-20260821-0003
POL-20260821-0014,EVT-20260821-0029
POL-20260821-0015,EVT-20260821-0001
POL-20260821-0016,EVT-20260821-0034
POL-20260821-0017,EVT-20260821-0029
POL-20260821-0018,EVT-20260821-0034
POL-20260821-0019,EVT-20260821-0030
POL-20260821-0020,EVT-20260821-0028
POL-20260821-0021,EVT-20260821-0038
POL-20260821-0022,EVT-20260821-0011
POL-20260821-0023,EVT-20260821-0032
POL-20260821-0024,EVT-20260821-0021
POL-20260821-0025,EVT-20260821-0024
POL-20260821-0026,EVT-20260821-0040
POL-20260821-0027,EVT-20260821-0041
POL-20260821-0028,EVT-20260820-0053
POL-20260821-0029,EVT-20260821-0036
POL-20260821-0030,EVT-20260820-0025
POL-20260821-0031,EVT-20260821-0039
POL-20260821-0032,EVT-20260821-0027
POL-20260821-0033,EVT-20260820-0002
POL-20260821-0034,EVT-20260821-0020
POL-20260821-0035,EVT-20260821-0040
POL-20260821-0036,EVT-20260821-0004
POL-20260821-0037,EVT-20260821-0018
POL-20260821-0038,EVT-20260821-0004
POL-20260821-0039,EVT-20260821-0015
POL-20260821-0040,EVT-20260821-0027
POL-20260821-0041,EVT-20260821-0037
POL-20260821-0042,EVT-20260821-0037
POL-20260821-0043,EVT-20260821-0023
POL-20260821-0044,EVT-20260821-0012
POL-20260821-0045,EVT-20260821-0005
POL-20260821-0046,EVT-20260821-0009
POL-20260821-0047,EVT-20260820-0047
POL-20260821-0048,EVT-20260821-0019
POL-20260821-0049,EVT-20260821-0026
POL-20260821-0050,EVT-20260821-0002
POL-20260821-0051,EVT-20260821-0031
POL-20260821-0052,EVT-20260821-0004
POL-20260821-0053,EVT-20260821-0022
POL-20260821-0054,EVT-20260821-0017
POL-20260821-0055,EVT-20260821-0004
POL-20260821-0056,EVT-20260821-0013
POL-20260822-0001,EVT-20260822-0004
POL-20260822-0002,EVT-20260822-0004
POL-20260822-0003,EVT-20260821-0021
POL-20260822-0004,EVT-20260822-0039
POL-20260822-0005,EVT-20260822-0038
POL-20260822-0006,EVT-20260821-0033
POL-20260822-0007,EVT-20260819-0012
POL-20260822-0008,EVT-20260822-0042
POL-20260822-0009,EVT-20260822-0007
POL-20260822-0010,EVT-20260821-0029
POL-20260822-0011,EVT-20260820-0004
POL-20260822-0012,EVT-20260821-0043
POL-20260822-0013,EVT-20260821-0008
POL-20260822-0014,EVT-20260821-0007
POL-20260822-0015,EVT-20260821-0016
POL-20260822-0016,EVT-20260822-0028
POL-20260822-0017,EVT-20260822-0008
POL-20260822-0018,EVT-20260822-0048
POL-20260822-0019,EVT-20260821-0042
POL-20260822-0020,EVT-20260822-0055
POL-20260822-0021,EVT-20260821-0010
POL-20260822-0022,EVT-20260822-0002
POL-20260822-0023,EVT-20260822-0045
POL-20260822-0024,EVT-20260822-0023
POL-20260822-0025,EVT-20260822-0027
POL-20260822-0026,EVT-20260820-0045
POL-20260822-0027,EVT-20260822-0012
POL-20260822-0028,EVT-20260822-0013
POL-20260822-0029,EVT-20260822-0027
POL-20260822-0030,EVT-20260822-0017
POL-20260822-0031,EVT-20260821-0020
POL-20260822-0032,EVT-20260822-0056
POL-20260822-0033,EVT-20260821-0043
POL-20260822-0034,EVT-20260822-0020
POL-20260822-0035,EVT-20260822-0032
POL-20260822-0036,EVT-20260821-0014
POL-20260822-0037,EVT-20260822-0012
POL-20260822-0038,EVT-20260822-0054
POL-20260822-0039,EVT-20260822-0031
POL-20260822-0040,EVT-20260822-0035
POL-20260822-0041,EVT-20260822-0058
POL-20260822-0042,EVT-20260822-0019
POL-20260822-0043,EVT-20260822-0037
POL-20260822-0044,EVT-20260822-0059
POL-20260822-0045,EVT-20260821-0040
POL-20260822-0046,EVT-20260820-0048
POL-20260822-0047,EVT-20260822-0029
POL-20260822-0048,EVT-20260822-0022
POL-20260822-0049,EVT-20260822-0037
POL-20260822-0050,EVT-20260822-0025
POL-20260822-0051,EVT-20260822-0022
POL-20260822-0052,EVT-20260822-0010
POL-20260822-0053,EVT-20260822-0014
POL-20260822-0054,EVT-20260822-0044
POL-20260822-0055,EVT-20260822-0037
POL-20260822-0056,EVT-20260822-0024
POL-20260822-0057,EVT-20260822-0021
POL-20260822-0058,EVT-20260821-0025
POL-20260822-0059,EVT-20260822-0036
POL-20260822-0060,EVT-20260822-0051
POL-20260822-0061,EVT-20260822-0026
POL-20260822-0062,EVT-20260822-0050
POL-20260822-0063,EVT-20260822-0015
POL-20260823-0001,EVT-20260822-0005
POL-20260823-0002,EVT-20260822-0011
POL-20260823-0003,EVT-20260823-0013
POL-20260823-0004,EVT-20260822-0050
POL-20260823-0005,EVT-20260823-0026
POL-20260823-0006,EVT-20260822-0055
POL-20260823-0007,EVT-20260821-0035
POL-20260823-0008,EVT-20260823-0013
POL-20260823-0009,EVT-20260823-0037
POL-20260823-0010,EVT-20260823-0037
POL-20260823-0011,EVT-20260822-0047
POL-20260823-0012,EVT-20260822-0006
POL-20260823-0013,EVT-20260823-0024
POL-20260823-0014,EVT-20260822-0036
POL-20260823-0015,EVT-20260822-0030
POL-20260823-0016,EVT-20260822-0022
POL-20260823-0017,EVT-20260819-0055
POL-20260823-0018,EVT-20260822-0046
POL-20260823-0019,EVT-20260823-0006
POL-20260823-0020,EVT-20260822-0040
POL-20260823-0021,EVT-20260823-0030
POL-20260823-0022,EVT-20260823-0021
POL-20260823-0023,EVT-20260822-0033
POL-20260823-0024,EVT-20260822-0016
POL-20260823-0025,EVT-20260823-0032
POL-20260823-0026,EVT-20260823-0022
POL-20260823-0027,EVT-20260823-0011
POL-20260823-0028,EVT-20260823-0022
POL-20260823-0029,EVT-20260822-0049
POL-20260823-0030,EVT-20260822-0046
POL-20260823-0031,EVT-20260822-0001
POL-20260823-0032,EVT-20260823-0004
POL-20260823-0033,EVT-20260823-0019
POL-20260823-0034,EVT-20260823-0051
POL-20260823-0035,EVT-20260822-0043
POL-20260823-0036,EVT-20260823-0014
POL-20260823-0037,EVT-20260823-0032
POL-20260823-0038,EVT-20260823-0002
POL-20260823-0039,EVT-20260823-0025
POL-20260823-0040,EVT-20260823-0052
POL-20260823-0041,EVT-20260822-0057
POL-20260823-0042,EVT-20260823-0019
POL-20260823-0043,EVT-20260822-0036
POL-20260823-0044,EVT-20260823-0018
POL-20260823-0045,EVT-20260823-0027
POL-20260823-0046,EVT-20260823-0043
POL-20260823-0047,EVT-20260822-0018
POL-20260823-0048,EVT-20260823-0031
POL-20260823-0049,EVT-20260823-0025
POL-20260823-0050,EVT-20260822-0034
POL-20260823-0051,EVT-20260823-0022
POL-20260823-0052,EVT-20260822-0012
POL-20260823-0053,EVT-20260823-0033
POL-20260823-0054,EVT-20260823-0041
POL-20260823-0055,EVT-20260823-0017
POL-20260823-0056,EVT-20260823-0051
POL-20260823-0057,EVT-20260823-0003
POL-20260823-0058,EVT-20260823-0025
POL-20260823-0059,EVT-20260822-0012
POL-20260823-0060,EVT-20260823-0048
POL-20260823-0061,EVT-20260822-0003
POL-20260823-0062,EVT-20260823-0042
POL-20260823-0063,EVT-20260823-0007
POL-20260823-0064,EVT-20260823-0001
POL-20260823-0065,EVT-20260823-0036
POL-20260823-0066,EVT-20260823-0035
POL-20260823-0067,EVT-20260823-0044
POL-20260823-0068,EVT-20260823-0005
POL-20260823-0069,EVT-20260822-0054
POL-20260823-0070,EVT-20260823-0012
POL-20260823-0071,EVT-20260823-0034
POL-20260823-0072,EVT-20260823-0046
POL-20260823-0073,EVT-20260823-0047
POL-20260823-0074,EVT-20260823-0038
POL-20260823-0075,EVT-20260823-0025
POL-20260823-0076,EVT-20260823-0015
POL-20260823-0077,EVT-20260823-0028
POL-20260823-0078,EVT-20260823-0045
POL-20260823-0079,EVT-20260823-0016
POL-20260823-0080,EVT-20260823-0050
POL-20260823-0081,EVT-20260822-0034
POL-20260823-0082,EVT-20260823-0009
POL-20260824-0001,EVT-20260823-0020
POL-20260824-0002,EVT-20260823-0009
POL-20260824-0003,EVT-20260824-0010
POL-20260824-0004,EVT-20260823-0023
POL-20260824-0005,EVT-20260823-0034
POL-20260824-0006,EVT-20260824-0011
POL-20260824-0007,EVT-20260824-0023
POL-20260824-0008,EVT-20260824-0021
POL-20260824-0009,EVT-20260823-0010
POL-20260824-0010,EVT-20260823-0023
POL-20260824-0011,EVT-20260823-0052
POL-20260824-0012,EVT-20260824-0028
POL-20260824-0013,EVT-20260823-0023
POL-20260824-0014,EVT-20260824-0030
POL-20260824-0015,EVT-20260824-0001
POL-20260824-0016,EVT-20260823-0039
POL-20260824-0017,EVT-20260823-0029
POL-20260824-0018,EVT-20260823-0020
POL-20260824-0019,EVT-20260823-0009
POL-20260824-0020,EVT-20260824-0024
POL-20260824-0021,EVT-20260822-0053
POL-20260824-0022,EVT-20260824-0035
POL-20260824-0023,EVT-20260823-0040
POL-20260824-0024,EVT-20260824-0032
POL-20260824-0025,EVT-20260824-0006
POL-20260824-0026,EVT-20260824-0014
POL-20260824-0027,EVT-20260822-0009
POL-20260824-0028,EVT-20260822-0041
POL-20260824-0029,EVT-20260824-0008
POL-20260824-0030,EVT-20260824-0020
POL-20260824-0031,EVT-20260824-0012
POL-20260824-0032,EVT-20260824-0015
POL-20260824-0033,EVT-20260823-0029
POL-20260824-0034,EVT-20260822-0052
POL-20260824-0035,EVT-20260824-0034
POL-20260824-0036,EVT-20260823-0039
POL-20260824-0037,EVT-20260824-0022
POL-20260824-0038,EVT-20260824-0009
POL-20260824-0039,EVT-20260824-0031
POL-20260824-0040,EVT-20260824-0038
POL-20260824-0041,EVT-20260823-0019
POL-20260824-0042,EVT-20260824-0019
POL-20260824-0043,EVT-20260824-0008
POL-20260824-0044,EVT-20260824-0033
POL-20260824-0045,EVT-20260824-0039
POL-20260824-0046,EVT-20260824-0036
POL-20260824-0047,EVT-20260824-0037
POL-20260824-0048,EVT-20260824-0027
POL-20260824-0049,EVT-20260824-0016
POL-20260824-0050,EVT-20260824-0002
POL-20260824-0051,EVT-20260824-0013
POL-20260824-0052,EVT-20260824-0016
POL-20260825-0001,EVT-20260825-0007
POL-20260825-0002,EVT-20260823-0040
POL-20260825-0003,EVT-20260823-0039
POL-20260825-0004,EVT-20260824-0025
POL-20260825-0005,EVT-20260824-0033
POL-20260825-0006,EVT-20260824-0029
POL-20260825-0007,EVT-20260825-0033
POL-20260825-0008,EVT-20260824-0026
POL-20260825-0009,EVT-20260824-0034
POL-20260825-0010,EVT-20260825-0048
POL-20260825-0011,EVT-20260823-0015
POL-20260825-0012,EVT-20260825-0002
POL-20260825-0013,EVT-20260825-0055
POL-20260825-0014,EVT-20260824-0017
POL-20260825-0015,EVT-20260824-0027
POL-20260825-0016,EVT-20260823-0039
POL-20260825-0017,EVT-20260825-0057
POL-20260825-0018,EVT-20260825-0040
POL-20260825-0019,EVT-20260825-0044
POL-20260825-0020,EVT-20260825-0041
POL-20260825-0021,EVT-20260825-0028
POL-20260825-0022,EVT-20260825-0042
POL-20260825-0023,EVT-20260825-0030
POL-20260825-0024,EVT-20260825-0064
POL-20260825-0025,EVT-20260825-0005
POL-20260825-0026,EVT-20260825-0052
POL-20260825-0027,EVT-20260824-0027
POL-20260825-0028,EVT-20260825-0025
POL-20260825-0029,EVT-20260824-0007
POL-20260825-0030,EVT-20260823-0049
POL-20260825-0031,EVT-20260825-0008
POL-20260825-0032,EVT-20260824-0016
POL-20260825-0033,EVT-20260825-0060
POL-20260825-0034,EVT-20260825-0004
POL-20260825-0035,EVT-20260825-0020
POL-20260825-0036,EVT-20260825-0032
POL-20260825-0037,EVT-20260824-0033
POL-20260825-0038,EVT-20260825-0057
POL-20260825-0039,EVT-20260825-0036
POL-20260825-0040,EVT-20260825-0047
POL-20260825-0041,EVT-20260825-0038
POL-20260825-0042,EVT-20260825-0038
POL-20260825-0043,EVT-20260825-0046
POL-20260825-0044,EVT-20260825-0051
POL-20260825-0045,EVT-20260823-0052
POL-20260825-0046,EVT-20260825-0023
POL-20260825-0047,EVT-20260825-0021
POL-20260825-0048,EVT-20260825-0016
POL-20260825-0049,EVT-20260825-0011
POL-20260825-0050,EVT-20260825-0003
POL-20260825-0051,EVT-20260824-0031
POL-20260825-0052,EVT-20260825-0037
POL-20260825-0053,EVT-20260825-0052
POL-20260825-0054,EVT-20260825-0054
POL-20260825-0055,EVT-20260825-0060
POL-20260825-0056,EVT-20260825-0016
POL-20260825-0057,EVT-20260825-0019
POL-20260825-0058,EVT-20260825-0016
POL-20260825-0059,EVT-20260825-0010
POL-20260825-0060,EVT-20260825-0053
POL-20260825-0061,EVT-20260825-0009
POL-20260825-0062,EVT-20260825-0017
POL-20260825-0063,EVT-20260825-0061
POL-20260825-0064,EVT-20260825-0015
POL-20260825-0065,EVT-20260825-0045
POL-20260825-0066,EVT-20260825-0015
POL-20260825-0067,EVT-20260825-0050
POL-20260825-0068,EVT-20260825-0038
POL-20260825-0069,EVT-20260825-0029
POL-20260825-0070,EVT-20260825-0058
POL-20260825-0071,EVT-20260825-0049
POL-20260825-0072,EVT-20260825-0059
POL-20260825-0073,EVT-20260825-0043
POL-20260825-0074,EVT-20260825-0015
POL-20260825-0075,EVT-20260825-0006
POL-20260825-0076,EVT-20260825-0056
POL-20260825-0077,EVT-20260825-0062
POL-20260825-0078,EVT-20260825-0031
POL-20260825-0079,EVT-20260825-0022
POL-20260825-0080,EVT-20260825-0035
POL-20260826-0001,EVT-20260826-0003
POL-20260826-0002,EVT-20260825-0001
POL-20260826-0003,EVT-20260826-0038
POL-20260826-0004,EVT-20260826-0025
POL-20260826-0005,EVT-20260825-0018
POL-20260826-0006,EVT-20260826-0023
POL-20260826-0007,EVT-20260826-0057
POL-20260826-0008,EVT-20260826-0023
POL-20260826-0009,EVT-20260824-0004
POL-20260826-0010,EVT-20260826-0045
POL-20260826-0011,EVT-20260826-0032
POL-20260826-0012,EVT-20260826-0053
POL-20260826-0013,EVT-20260825-0012
POL-20260826-0014,EVT-20260825-0060
POL-20260826-0015,EVT-20260825-0026
POL-20260826-0016,EVT-20260823-0008
POL-20260826-0017,EVT-20260825-0022
POL-20260826-0018,EVT-20260826-0023
POL-20260826-0019,EVT-20260826-0031
POL-20260826-0020,EVT-20260826-0010
POL-20260826-0021,EVT-20260825-0034
POL-20260826-0022,EVT-20260826-0054
POL-20260826-0023,EVT-20260826-0063
POL-20260826-0024,EVT-20260826-0029
POL-20260826-0025,EVT-20260826-0035
POL-20260826-0026,EVT-20260825-0063
POL-20260826-0027,EVT-20260826-0050
POL-20260826-0028,EVT-20260826-0010
POL-20260826-0029,EVT-20260826-0006
POL-20260826-0030,EVT-20260825-0024
POL-20260826-0031,EVT-20260825-0014
POL-20260826-0032,EVT-20260826-0002
POL-20260826-0033,EVT-20260826-0009
POL-20260826-0034,EVT-20260826-0006
POL-20260826-0035,EVT-20260824-0018
POL-20260826-0036,EVT-20260826-0023
POL-20260826-0037,EVT-20260826-0022
POL-20260826-0038,EVT-20260826-0008
POL-20260826-0039,EVT-20260826-0005
POL-20260826-0040,EVT-20260826-0005
POL-20260826-0041,EVT-20260826-0020
POL-20260826-0042,EVT-20260825-0026
POL-20260826-0043,EVT-20260826-0035
POL-20260826-0044,EVT-20260826-0001
POL-20260826-0045,EVT-20260826-0019
POL-20260826-0046,EVT-20260826-0035
POL-20260826-0047,EVT-20260826-0015
POL-20260826-0048,EVT-20260826-0012
POL-20260826-0049,EVT-20260826-0040
POL-20260826-0050,EVT-20260826-0042
POL-20260826-0051,EVT-20260824-0003
POL-20260826-0052,EVT-20260826-0021
POL-20260826-0053,EVT-20260825-0027
POL-20260826-0054,EVT-20260825-0016
POL-20260826-0055,EVT-20260825-0013
POL-20260826-0056,EVT-20260826-0013
POL-20260826-0057,EVT-20260826-0007
POL-20260826-0058,EVT-20260826-0061
POL-20260826-0059,EVT-20260826-0036
POL-20260826-0060,EVT-20260826-0052
POL-20260826-0061,EVT-20260826-0014
POL-20260826-0062,EVT-20260826-0047
POL-20260826-0063,EVT-20260826-0055
POL-20260826-0064,EVT-20260826-0044
POL-20260826-0065,EVT-20260826-0044
POL-20260826-0066,EVT-20260826-0058
POL-20260826-0067,EVT-20260826-0017
POL-20260826-0068,EVT-20260826-0026
POL-20260826-0069,EVT-20260826-0059
POL-20260826-0070,EVT-20260826-0030
POL-20260826-0071,EVT-20260826-0018
POL-20260826-0072,EVT-20260826-0049
POL-20260827-0001,EVT-20260826-0020
POL-20260827-0002,EVT-20260827-0051
POL-20260827-0003,EVT-20260826-0051
POL-20260827-0004,EVT-20260827-0038
POL-20260827-0005,EVT-20260826-0024
POL-20260827-0006,EVT-20260827-0005
POL-20260827-0007,EVT-20260826-0027
POL-20260827-0008,EVT-20260826-0011
POL-20260827-0009,EVT-20260826-0043
POL-20260827-0010,EVT-20260826-0034
POL-20260827-0011,EVT-20260827-0038
POL-20260827-0012,EVT-20260826-0060
POL-20260827-0013,EVT-20260827-0050
POL-20260827-0014,EVT-20260826-0046
POL-20260827-0015,EVT-20260826-0048
POL-20260827-0016,EVT-20260827-0040
POL-20260827-0017,EVT-20260826-0041
POL-20260827-0018,EVT-20260827-0005
POL-20260827-0019,EVT-20260826-0049
POL-20260827-0020,EVT-20260826-0062
POL-20260827-0021,EVT-20260827-0040
POL-20260827-0022,EVT-20260827-0046
POL-20260827-0023,EVT-20260827-0025
POL-20260827-0024,EVT-20260824-0005
POL-20260827-0025,EVT-20260827-0045
POL-20260827-0026,EVT-20260827-0002
POL-20260827-0027,EVT-20260827-0048
POL-20260827-0028,EVT-20260827-0031
POL-20260827-0029,EVT-20260825-0026
POL-20260827-0030,EVT-20260827-0014
POL-20260827-0031,EVT-20260827-0017
POL-20260827-0032,EVT-20260827-0042
POL-20260827-0033,EVT-20260827-0036
POL-20260827-0034,EVT-20260827-0015
POL-20260827-0035,EVT-20260827-0026
POL-20260827-0036,EVT-20260827-0028
POL-20260827-0037,EVT-20260826-0016
POL-20260827-0038,EVT-20260827-0052
POL-20260827-0039,EVT-20260827-0017
POL-20260827-0040,EVT-20260827-0047
POL-20260827-0041,EVT-20260827-0053
POL-20260827-0042,EVT-20260827-0037
POL-20260827-0043,EVT-20260827-0011
POL-20260827-0044,EVT-20260826-0033
POL-20260827-0045,EVT-20260827-0030
POL-20260827-0046,EVT-20260827-0010
POL-20260827-0047,EVT-20260827-0044
POL-20260827-0048,EVT-20260827-0024
POL-20260827-0049,EVT-20260827-0008
POL-20260827-0050,EVT-20260827-0013
POL-20260827-0051,EVT-20260825-0039
POL-20260827-0052,EVT-20260827-0006
POL-20260827-0053,EVT-20260827-0027
POL-20260827-0054,EVT-20260827-0039
POL-20260827-0055,EVT-20260827-0035
POL-20260827-0056,EVT-20260827-0020
POL-20260827-0057,EVT-20260827-0023
POL-20260827-0058,EVT-20260825-0024
POL-20260827-0059,EVT-20260826-0056
POL-20260827-0060,EVT-20260827-0041
POL-20260827-0061,EVT-20260827-0001
POL-20260827-0062,EVT-20260827-0024
POL-20260827-0063,EVT-20260827-0005
POL-20260827-0064,EVT-20260827-0003
POL-20260827-0065,EVT-20260827-0049
POL-20260827-0066,EVT-20260826-0004
POL-20260827-0067,EVT-20260827-0007
POL-20260828-0001,EVT-20260827-0032
POL-20260828-0002,EVT-20260828-0016
POL-20260828-0003,EVT-20260828-0052
POL-20260828-0004,EVT-20260828-0016
POL-20260828-0005,EVT-20260827-0032
POL-20260828-0006,EVT-20260828-0033
POL-20260828-0007,EVT-20260827-0021
POL-20260828-0008,EVT-20260827-0052
POL-20260828-0009,EVT-20260827-0016
POL-20260828-0010,EVT-20260827-0020
POL-20260828-0011,EVT-20260827-0009
POL-20260828-0012,EVT-20260828-0005
POL-20260828-0013,EVT-20260827-0019
POL-20260828-0014,EVT-20260827-0012
POL-20260828-0015,EVT-20260828-0051
POL-20260828-0016,EVT-20260827-0004
POL-20260828-0017,EVT-20260828-0040
POL-20260828-0018,EVT-20260828-0016
POL-20260828-0019,EVT-20260827-0029
POL-20260828-0020,EVT-20260826-0058
POL-20260828-0021,EVT-20260828-0045
POL-20260828-0022,EVT-20260828-0034
POL-20260828-0023,EVT-20260828-0011
POL-20260828-0024,EVT-20260827-0052
POL-20260828-0025,EVT-20260827-0003
POL-20260828-0026,EVT-20260828-0056
POL-20260828-0027,EVT-20260828-0001
POL-20260828-0028,EVT-20260828-0023
POL-20260828-0029,EVT-20260826-0028
POL-20260828-0030,EVT-20260828-0016
POL-20260828-0031,EVT-20260828-0008
POL-20260828-0032,EVT-20260828-0030
POL-20260828-0033,EVT-20260827-0003
POL-20260828-0034,EVT-20260828-0053
POL-20260828-0035,EVT-20260828-0052
POL-20260828-0036,EVT-20260828-0042
POL-20260828-0037,EVT-20260828-0021
POL-20260828-0038,EVT-20260828-0049
POL-20260828-0039,EVT-20260828-0014
POL-20260828-0040,EVT-20260828-0026
POL-20260828-0041,EVT-20260828-0031
POL-20260828-0042,EVT-20260828-0009
POL-20260828-0043,EVT-20260827-0024
POL-20260828-0044,EVT-20260828-0004
POL-20260828-0045,EVT-20260828-0044
POL-20260828-0046,EVT-20260828-0028
POL-20260828-0047,EVT-20260828-0047
POL-20260828-0048,EVT-20260827-0022
POL-20260828-0049,EVT-20260828-0050
POL-20260828-0050,EVT-20260828-0021
POL-20260828-0051,EVT-20260828-0021
POL-20260828-0052,EVT-20260827-0043
POL-20260828-0053,EVT-20260828-0026
POL-20260828-0054,EVT-20260828-0032
POL-20260828-0055,EVT-20260828-0025
POL-20260828-0056,EVT-20260828-0042
POL-20260828-0057,EVT-20260828-0002
POL-20260828-0058,EVT-20260828-0007
POL-20260828-0059,EVT-20260828-0019
POL-20260828-0060,EVT-20260828-0037
POL-20260828-0061,EVT-20260828-0029
POL-20260828-0062,EVT-20260828-0042
POL-20260828-0063,EVT-20260828-0009
POL-20260828-0064,EVT-20260828-0038
POL-20260828-0065,EVT-20260828-0048
POL-20260828-0066,EVT-20260828-0046
POL-20260828-0067,EVT-20260828-0055
POL-20260828-0068,EVT-20260828-0020
POL-20260828-0069,EVT-20260828-0042
POL-20260828-0070,EVT-20260828-0035
POL-20260828-0071,EVT-20260828-0013
POL-20260828-0072,EVT-20260828-0036
POL-20260828-0073,EVT-20260828-0030
POL-20260828-0074,EVT-20260828-0010
POL-20260828-0075,EVT-20260828-0019
POL-20260828-0076,EVT-20260828-0022
POL-20260828-0077,EVT-20260828-0026
POL-20260828-0078,EVT-20260828-0015
POL-20260829-0001,EVT-20260828-0006
POL-20260829-0002,EVT-20260829-0016
POL-20260829-0003,EVT-20260829-0018
POL-20260829-0004,EVT-20260829-0029
POL-20260829-0005,EVT-20260828-0038
POL-20260829-0006,EVT-20260828-0012
POL-20260829-0007,EVT-20260828-0019
POL-20260829-0008,EVT-20260829-0036
POL-20260829-0009,EVT-20260828-0043
POL-20260829-0010,EVT-20260828-0003
POL-20260829-0011,EVT-20260829-0042
POL-20260829-0012,EVT-20260828-0039
POL-20260829-0013,EVT-20260828-0018
POL-20260829-0014,EVT-20260827-0034
POL-20260829-0015,EVT-20260827-0033
POL-20260829-0016,EVT-20260829-0038
POL-20260829-0017,EVT-20260829-0031
POL-20260829-0018,EVT-20260829-0034
POL-20260829-0019,EVT-20260828-0024
POL-20260829-0020,EVT-20260829-0034
POL-20260829-0021,EVT-20260828-0027
POL-20260829-0022,EVT-20260828-0031
POL-20260829-0023,EVT-20260828-0017
POL-20260829-0024,EVT-20260828-0009
POL-20260829-0025,EVT-20260828-0010
POL-20260829-0026,EVT-20260828-0054
POL-20260829-0027,EVT-20260829-0032
POL-20260829-0028,EVT-20260829-0030
POL-20260829-0029,EVT-20260829-0010
POL-20260829-0030,EVT-20260829-0017
POL-20260829-0031,EVT-20260829-0015
POL-20260829-0032,EVT-20260829-0004
POL-20260829-0033,EVT-20260829-0027
POL-20260829-0034,EVT-20260829-0020
POL-20260829-0035,EVT-20260829-0039
POL-20260829-0036,EVT-20260828-0010
POL-20260829-0037,EVT-20260829-0028
POL-20260829-0038,EVT-20260829-0009
POL-20260829-0039,EVT-20260829-0021
POL-20260829-0040,EVT-20260829-0005
POL-20260829-0041,EVT-20260829-0020
POL-20260829-0042,EVT-20260829-0033
POL-20260829-0043,EVT-20260829-0030
POL-20260829-0044,EVT-20260829-0021
POL-20260829-0045,EVT-20260829-0011
POL-20260829-0046,EVT-20260829-0019
POL-20260829-0047,EVT-20260829-0012
POL-20260829-0048,EVT-20260829-0037
POL-20260829-0049,EVT-20260826-0037
POL-20260829-0050,EVT-20260826-0039
POL-20260829-0051,EVT-20260828-0001
POL-20260829-0052,EVT-20260829-0006
POL-20260829-0053,EVT-20260829-0002
POL-20260829-0054,EVT-20260829-0040
POL-20260829-0055,EVT-20260829-0021
POL-20260829-0056,EVT-20260829-0001
POL-20260829-0057,EVT-20260829-0020
POL-20260829-0058,EVT-20260829-0022
POL-20260829-0059,EVT-20260829-0026
POL-20260829-0060,EVT-20260829-0007
POL-20260830-0001,EVT-20260829-0024
POL-20260830-0002,EVT-20260830-0029
POL-20260830-0003,EVT-20260830-0058
POL-20260830-0004,EVT-20260830-0052
POL-20260830-0005,EVT-20260830-0008
POL-20260830-0006,EVT-20260830-0005
POL-20260830-0007,EVT-20260827-0018
POL-20260830-0008,EVT-20260830-0020
POL-20260830-0009,EVT-20260829-0007
POL-20260830-0010,EVT-20260830-0043
POL-20260830-0011,EVT-20260829-0003
POL-20260830-0012,EVT-20260830-0053
POL-20260830-0013,EVT-20260830-0022
POL-20260830-0014,EVT-20260829-0009
POL-20260830-0015,EVT-20260827-0043
POL-20260830-0016,EVT-20260829-0008
POL-20260830-0017,EVT-20260830-0031
POL-20260830-0018,EVT-20260830-0057
POL-20260830-0019,EVT-20260830-0034
POL-20260830-0020,EVT-20260830-0042
POL-20260830-0021,EVT-20260830-0016
POL-20260830-0022,EVT-20260829-0013
POL-20260830-0023,EVT-20260830-0030
POL-20260830-0024,EVT-20260829-0041
POL-20260830-0025,EVT-20260829-0014
POL-20260830-0026,EVT-20260830-0019
POL-20260830-0027,EVT-20260830-0038
POL-20260830-0028,EVT-20260830-0045
POL-20260830-0029,EVT-20260830-0032
POL-20260830-0030,EVT-20260829-0035
POL-20260830-0031,EVT-20260830-0028
POL-20260830-0032,EVT-20260830-0065
POL-20260830-0033,EVT-20260830-0063
POL-20260830-0034,EVT-20260830-0036
POL-20260830-0035,EVT-20260829-0023
POL-20260830-0036,EVT-20260830-0021
POL-20260830-0037,EVT-20260830-0040
POL-20260830-0038,EVT-20260830-0015
POL-20260830-0039,EVT-20260830-0003
POL-20260830-0040,EVT-20260830-0039
POL-20260830-0041,EVT-20260830-0041
POL-20260830-0042,EVT-20260830-0034
POL-20260830-0043,EVT-20260830-0050
POL-20260830-0044,EVT-20260830-0026
POL-20260830-0045,EVT-20260830-0060
POL-20260830-0046,EVT-20260830-0063
POL-20260830-0047,EVT-20260830-0054
POL-20260830-0048,EVT-20260830-0013
POL-20260830-0049,EVT-20260830-0044
POL-20260830-0050,EVT-20260830-0001
POL-20260830-0051,EVT-20260830-0007
POL-20260830-0052,EVT-20260830-0030
POL-20260830-0053,EVT-20260830-0012
POL-20260830-0054,EVT-20260830-0004
POL-20260830-0055,EVT-20260830-0018
POL-20260830-0056,EVT-20260830-0010
POL-20260830-0057,EVT-20260830-0048
POL-20260830-0058,EVT-20260830-0049
POL-20260830-0059,EVT-20260829-0013
POL-20260830-0060,EVT-20260830-0051
POL-20260830-0061,EVT-20260830-0033
POL-20260830-0062,EVT-20260830-0039
POL-20260830-0063,EVT-20260830-0017
POL-20260830-0064,EVT-20260830-0051
POL-20260830-0065,EVT-20260830-0056
POL-20260830-0066,EVT-20260830-0042
POL-20260830-0067,EVT-20260830-0035
POL-20260830-0068,EVT-20260830-0025
POL-20260830-0069,EVT-20260830-0006
POL-20260830-0070,EVT-20260830-0064
POL-20260830-0071,EVT-20260830-0018
POL-20260830-0072,EVT-20260830-0048
POL-20260830-0073,EVT-20260830-0009
POL-20260830-0074,EVT-20260830-0037
POL-20260830-0075,EVT-20260830-0034
POL-20260830-0076,EVT-20260830-0062
POL-20260830-0077,EVT-20260830-0046
POL-20260830-0078,EVT-20260830-0061
POL-20260830-0079,EVT-20260830-0002
POL-20260830-0080,EVT-20260829-0025
POL-20260830-0081,EVT-20260830-0056
POL-20260830-0082,EVT-20260830-0023
POL-20260831-0001,EVT-20260830-0054
POL-20260831-0002,EVT-20260831-0024
POL-20260831-0003,EVT-20260829-0030
POL-20260831-0004,EVT-20260831-0024
POL-20260831-0005,EVT-20260831-0019
POL-20260831-0006,EVT-20260830-0021
POL-20260831-0007,EVT-20260830-0014
POL-20260831-0008,EVT-20260831-0050
POL-20260831-0009,EVT-20260831-0043
POL-20260831-0010,EVT-20260831-0042
POL-20260831-0011,EVT-20260830-0018
POL-20260831-0012,EVT-20260830-0036
POL-20260831-0013,EVT-20260830-0047
POL-20260831-0014,EVT-20260831-0028
POL-20260831-0015,EVT-20260831-0027
POL-20260831-0016,EVT-20260831-0027
POL-20260831-0017,EVT-20260830-0054
POL-20260831-0018,EVT-20260831-0031
POL-20260831-0019,EVT-20260831-0011
POL-20260831-0020,EVT-20260831-0047
POL-20260831-0021,EVT-20260831-0012
POL-20260831-0022,EVT-20260831-0034
POL-20260831-0023,EVT-20260831-0006
POL-20260831-0024,EVT-20260831-0023
POL-20260831-0025,EVT-20260831-0033
POL-20260831-0026,EVT-20260831-0022
POL-20260831-0027,EVT-20260831-0021
POL-20260831-0028,EVT-20260831-0017
POL-20260831-0029,EVT-20260831-0017
POL-20260831-0030,EVT-20260831-0045
POL-20260831-0031,EVT-20260831-0041
POL-20260831-0032,EVT-20260831-0009
POL-20260831-0033,EVT-20260831-0007
POL-20260831-0034,EVT-20260831-0021
POL-20260831-0035,EVT-20260831-0009
POL-20260831-0036,EVT-20260831-0004
POL-20260831-0037,EVT-20260831-0010
POL-20260831-0038,EVT-20260831-0008
POL-20260831-0039,EVT-20260831-0012
POL-20260831-0040,EVT-20260831-0040
POL-20260831-0041,EVT-20260831-0046
POL-20260831-0042,EVT-20260831-0026
POL-20260831-0043,EVT-20260831-0030
POL-20260831-0044,EVT-20260831-0048
POL-20260831-0045,EVT-20260831-0036
POL-20260831-0046,EVT-20260831-0035
POL-20260831-0047,EVT-20260831-0032
POL-20260831-0048,EVT-20260831-0036
POL-20260831-0049,EVT-20260831-0020
POL-20260831-0050,EVT-20260831-0003
POL-20260831-0051,EVT-20260831-0038
POL-20260831-0052,EVT-20260831-0016
POL-20260831-0053,EVT-20260831-0039
POL-20260831-0054,EVT-20260831-0014
POL-20260831-0055,EVT-20260831-0002
POL-20260831-0056,EVT-20260830-0011
POL-20260831-0057,EVT-20260831-0018
POL-20260831-0058,EVT-20260830-0055
POL-20260831-0059,EVT-20260830-0016
POL-20260831-0060,EVT-20260830-0011
POL-20260831-0061,EVT-20260831-0013
POL-20260831-0062,EVT-20260831-0029
POL-20260831-0063,EVT-20260831-0036
POL-20260901-0001,EVT-20260828-0041
POL-20260901-0002,EVT-20260901-0007
POL-20260901-0003,EVT-20260831-0051
POL-20260901-0004,EVT-20260831-0001
POL-20260901-0005,EVT-20260831-0037
POL-20260901-0006,EVT-20260901-0023
POL-20260901-0007,EVT-20260901-0036
POL-20260901-0008,EVT-20260901-0014
POL-20260901-0009,EVT-20260831-0051
POL-20260901-0010,EVT-20260901-0034
POL-20260901-0011,EVT-20260901-0030
POL-20260901-0012,EVT-20260901-0040
POL-20260901-0013,EVT-20260901-0009
POL-20260901-0014,EVT-20260901-0013
POL-20260901-0015,EVT-20260901-0027
POL-20260901-0016,EVT-20260901-0031
POL-20260901-0017,EVT-20260901-0006
POL-20260901-0018,EVT-20260831-0031
POL-20260901-0019,EVT-20260831-0044
POL-20260901-0020,EVT-20260831-0021
POL-20260901-0021,EVT-20260901-0007
POL-20260901-0022,EVT-20260901-0042
POL-20260901-0023,EVT-20260831-0025
POL-20260901-0024,EVT-20260901-0015
POL-20260901-0025,EVT-20260831-0049
POL-20260901-0026,EVT-20260901-0044
POL-20260901-0027,EVT-20260826-0043
POL-20260901-0028,EVT-20260901-0021
POL-20260901-0029,EVT-20260901-0005
POL-20260901-0030,EVT-20260901-0009
POL-20260901-0031,EVT-20260901-0020
POL-20260901-0032,EVT-20260831-0051
POL-20260901-0033,EVT-20260901-0030
POL-20260901-0034,EVT-20260901-0013
POL-20260901-0035,EVT-20260830-0059
POL-20260901-0036,EVT-20260901-0044
POL-20260901-0037,EVT-20260901-0031
POL-20260901-0038,EVT-20260901-0038
POL-20260901-0039,EVT-20260901-0003
POL-20260901-0040,EVT-20260901-0044
POL-20260901-0041,EVT-20260901-0029
POL-20260901-0042,EVT-20260901-0012
POL-20260901-0043,EVT-20260901-0008
POL-20260901-0044,EVT-20260831-0015
POL-20260901-0045,EVT-20260901-0026
POL-20260901-0046,EVT-20260901-0041
POL-20260901-0047,EVT-20260901-0002
POL-20260901-0048,EVT-20260901-0016
POL-20260901-0049,EVT-20260831-0002
POL-20260901-0050,EVT-20260901-0039
POL-20260901-0051,EVT-20260901-0001
POL-20260901-0052,EVT-20260901-0016
POL-20260901-0053,EVT-20260901-0024
POL-20260901-0054,EVT-20260901-0037
POL-20260901-0055,EVT-20260831-0012
POL-20260901-0056,EVT-20260831-0034
POL-20260901-0057,EVT-20260830-0027
POL-20260901-0058,EVT-20260901-0018
POL-20260901-0059,EVT-20260901-0010
POL-20260901-0060,EVT-20260901-0022
POL-20260901-0061,EVT-20260901-0004
POL-20260901-0062,EVT-20260901-0025
POL-20260901-0063,EVT-20260901-0030
POL-20260901-0064,EVT-20260901-0018
POL-20260901-0065,EVT-20260830-0024
POL-20260901-0066,EVT-20260901-0033
POL-20260901-0067,EVT-20260901-0043
POL-20260901-0068,EVT-20260901-0045
POL-20260902-0001,EVT-20260901-0009
POL-20260902-0002,EVT-20260902-0011
POL-20260902-0003,EVT-20260902-0031
POL-20260902-0004,EVT-20260902-0004
POL-20260902-0005,EVT-20260901-0018
POL-20260902-0006,EVT-20260902-0048
POL-20260902-0007,EVT-20260902-0001
POL-20260902-0008,EVT-20260902-0026
POL-20260902-0009,EVT-20260901-0028
POL-20260902-0010,EVT-20260902-0050
POL-20260902-0011,EVT-20260902-0036
POL-20260902-0012,EVT-20260901-0046
POL-20260902-0013,EVT-20260901-0017
POL-20260902-0014,EVT-20260902-0024
POL-20260902-0015,EVT-20260902-0010
POL-20260902-0016,EVT-20260901-0028
POL-20260902-0017,EVT-20260902-0022
POL-20260902-0018,EVT-20260902-0042
POL-20260902-0019,EVT-20260901-0035
POL-20260902-0020,EVT-20260902-0037
POL-20260902-0021,EVT-20260902-0031
POL-20260902-0022,EVT-20260902-0041
POL-20260902-0023,EVT-20260831-0005
POL-20260902-0024,EVT-20260902-0008
POL-20260902-0025,EVT-20260902-0028
POL-20260902-0026,EVT-20260902-0055
POL-20260902-0027,EVT-20260902-0035
POL-20260902-0028,EVT-20260902-0039
POL-20260902-0029,EVT-20260902-0021
POL-20260902-0030,EVT-20260902-0030
POL-20260902-0031,EVT-20260902-0033
POL-20260902-0032,EVT-20260902-0031
POL-20260902-0033,EVT-20260902-0046
POL-20260902-0034,EVT-20260902-0027
POL-20260902-0035,EVT-20260902-0003
POL-20260902-0036,EVT-20260902-0047
POL-20260902-0037,EVT-20260902-0052
POL-20260902-0038,EVT-20260902-0051
POL-20260902-0039,EVT-20260902-0032
POL-20260902-0040,EVT-20260902-0044
POL-20260902-0041,EVT-20260902-0019
POL-20260902-0042,EVT-20260902-0023
POL-20260902-0043,EVT-20260902-0003
POL-20260902-0044,EVT-20260902-0012
POL-20260902-0045,EVT-20260902-0016
POL-20260902-0046,EVT-20260902-0017
POL-20260902-0047,EVT-20260902-0007
POL-20260902-0048,EVT-20260901-0032
POL-20260902-0049,EVT-20260902-0043
POL-20260902-0050,EVT-20260902-0045
POL-20260902-0051,EVT-20260902-0031
POL-20260902-0052,EVT-20260902-0002
POL-20260902-0053,EVT-20260901-0009
POL-20260902-0054,EVT-20260902-0054
POL-20260902-0055,EVT-20260902-0049
POL-20260902-0056,EVT-20260902-0029
POL-20260902-0057,EVT-20260902-0022
POL-20260903-0001,EVT-20260901-0019
POL-20260903-0002,EVT-20260902-0006
POL-20260903-0003,EVT-20260902-0038
POL-20260903-0004,EVT-20260903-0035
POL-20260903-0005,EVT-20260902-0029
POL-20260903-0006,EVT-20260903-0043
POL-20260903-0007,EVT-20260902-0006
POL-20260903-0008,EVT-20260903-0019
POL-20260903-0009,EVT-20260902-0027
POL-20260903-0010,EVT-20260902-0019
POL-20260903-0011,EVT-20260902-0009
POL-20260903-0012,EVT-20260903-0021
POL-20260903-0013,EVT-20260902-0056
POL-20260903-0014,EVT-20260903-0032
POL-20260903-0015,EVT-20260903-0019
POL-20260903-0016,EVT-20260903-0006
POL-20260903-0017,EVT-20260903-0032
POL-20260903-0018,EVT-20260902-0029
POL-20260903-0019,EVT-20260903-0007
POL-20260903-0020,EVT-20260902-0015
POL-20260903-0021,EVT-20260903-0031
POL-20260903-0022,EVT-20260903-0019
POL-20260903-0023,EVT-20260902-0018
POL-20260903-0024,EVT-20260902-0056
POL-20260903-0025,EVT-20260901-0011
POL-20260903-0026,EVT-20260903-0049
POL-20260903-0027,EVT-20260903-0041
POL-20260903-0028,EVT-20260903-0031
POL-20260903-0029,EVT-20260902-0053
POL-20260903-0030,EVT-20260903-0047
POL-20260903-0031,EVT-20260902-0027
POL-20260903-0032,EVT-20260902-0013
POL-20260903-0033,EVT-20260902-0020
POL-20260903-0034,EVT-20260903-0037
POL-20260903-0035,EVT-20260902-0021
POL-20260903-0036,EVT-20260903-0027
POL-20260903-0037,EVT-20260902-0025
POL-20260903-0038,EVT-20260903-0005
POL-20260903-0039,EVT-20260903-0011
POL-20260903-0040,EVT-20260903-0032
POL-20260903-0041,EVT-20260902-0055
POL-20260903-0042,EVT-20260903-0002
POL-20260903-0043,EVT-20260903-0020
POL-20260903-0044,EVT-20260903-0001
POL-20260903-0045,EVT-20260903-0042
POL-20260903-0046,EVT-20260903-0004
POL-20260903-0047,EVT-20260903-0048
POL-20260903-0048,EVT-20260903-0013
POL-20260903-0049,EVT-20260902-0045
POL-20260903-0050,EVT-20260903-0030
POL-20260903-0051,EVT-20260903-0039
POL-20260903-0052,EVT-20260902-0005
POL-20260903-0053,EVT-20260903-0024
POL-20260903-0054,EVT-20260903-0002
POL-20260903-0055,EVT-20260903-0040
POL-20260903-0056,EVT-20260903-0026
POL-20260903-0057,EVT-20260903-0012
POL-20260903-0058,EVT-20260903-0016
POL-20260903-0059,EVT-20260902-0009
POL-20260903-0060,EVT-20260903-0034
POL-20260903-0061,EVT-20260903-0010
POL-20260903-0062,EVT-20260903-0033
POL-20260903-0063,EVT-20260903-0029
POL-20260903-0064,EVT-20260902-0025
POL-20260903-0065,EVT-20260902-0021
POL-20260903-0066,EVT-20260903-0036
POL-20260903-0067,EVT-20260903-0025
POL-20260903-0068,EVT-20260903-0015
POL-20260903-0069,EVT-20260903-0028
POL-20260904-0001,EVT-20260903-0015
POL-20260904-0002,EVT-20260904-0027
POL-20260904-0003,EVT-20260903-0028
POL-20260904-0004,EVT-20260904-0005
POL-20260904-0005,EVT-20260904-0032
POL-20260904-0006,EVT-20260903-0020
POL-20260904-0007,EVT-20260903-0029
POL-20260904-0008,EVT-20260904-0023
POL-20260904-0009,EVT-20260904-0006
POL-20260904-0010,EVT-20260903-0016
POL-20260904-0011,EVT-20260903-0009
POL-20260904-0012,EVT-20260904-0025
POL-20260904-0013,EVT-20260903-0042
POL-20260904-0014,EVT-20260904-0022
POL-20260904-0015,EVT-20260904-0038
POL-20260904-0016,EVT-20260903-0018
POL-20260904-0017,EVT-20260904-0025
POL-20260904-0018,EVT-20260903-0015
POL-20260904-0019,EVT-20260903-0003
POL-20260904-0020,EVT-20260904-0004
POL-20260904-0021,EVT-20260903-0012
POL-20260904-0022,EVT-20260904-0041
POL-20260904-0023,EVT-20260904-0002
POL-20260904-0024,EVT-20260904-0002
POL-20260904-0025,EVT-20260904-0007
POL-20260904-0026,EVT-20260904-0019
POL-20260904-0027,EVT-20260902-0034
POL-20260904-0028,EVT-20260904-0026
POL-20260904-0029,EVT-20260904-0012
POL-20260904-0030,EVT-20260903-0023
POL-20260904-0031,EVT-20260903-0014
POL-20260904-0032,EVT-20260904-0050
POL-20260904-0033,EVT-20260903-0031
POL-20260904-0034,EVT-20260904-0003
POL-20260904-0035,EVT-20260903-0046
POL-20260904-0036,EVT-20260904-0025
POL-20260904-0037,EVT-20260831-0037
POL-20260904-0038,EVT-20260903-0008
POL-20260904-0039,EVT-20260904-0008
POL-20260904-0040,EVT-20260904-0024
POL-20260904-0041,EVT-20260904-0043
POL-20260904-0042,EVT-20260904-0043
POL-20260904-0043,EVT-20260904-0002
POL-20260904-0044,EVT-20260904-0045
POL-20260904-0045,EVT-20260904-0021
POL-20260904-0046,EVT-20260904-0051
POL-20260904-0047,EVT-20260904-0050
POL-20260904-0048,EVT-20260904-0033
POL-20260904-0049,EVT-20260904-0039
POL-20260904-0050,EVT-20260904-0007
POL-20260904-0051,EVT-20260904-0036
POL-20260904-0052,EVT-20260904-0044
POL-20260904-0053,EVT-20260904-0014
POL-20260904-0054,EVT-20260904-0002
POL-20260904-0055,EVT-20260903-0017
POL-20260904-0056,EVT-20260904-0034
POL-20260904-0057,EVT-20260904-0042
POL-20260904-0058,EVT-20260902-0040
POL-20260904-0059,EVT-20260904-0009
POL-20260904-0060,EVT-20260904-0049
POL-20260904-0061,EVT-20260904-0015
POL-20260904-0062,EVT-20260903-0022
POL-20260904-0063,EVT-20260904-0037
POL-20260904-0064,EVT-20260904-0016
POL-20260904-0065,EVT-20260904-0010
POL-20260904-0066,EVT-20260904-0013
POL-20260904-0067,EVT-20260904-0014
POL-20260904-0068,EVT-20260904-0048
POL-20260904-0069,EVT-20260904-0028
POL-20260904-0070,EVT-20260903-0038
POL-20260904-0071,EVT-20260904-0052
POL-20260904-0072,EVT-20260904-0047
POL-20260904-0073,EVT-20260904-0018
POL-20260904-0074,EVT-20260904-0029
POL-20260904-0075,EVT-20260904-0043
POL-20260904-0076,EVT-20260904-0031
POL-20260905-0001,EVT-20260904-0017
POL-20260905-0002,EVT-20260905-0012
POL-20260905-0003,EVT-20260903-0045
POL-20260905-0004,EVT-20260905-0016
POL-20260905-0005,EVT-20260904-0030
POL-20260905-0006,EVT-20260904-0008
POL-20260905-0007,EVT-20260905-0041
POL-20260905-0008,EVT-20260904-0001
POL-20260905-0009,EVT-20260904-0020
POL-20260905-0010,EVT-20260904-0011
POL-20260905-0011,EVT-20260904-0003
POL-20260905-0012,EVT-20260905-0009
POL-20260905-0013,EVT-20260905-0031
POL-20260905-0014,EVT-20260905-0034
POL-20260905-0015,EVT-20260904-0029
POL-20260905-0016,EVT-20260905-0024
POL-20260905-0017,EVT-20260905-0023
POL-20260905-0018,EVT-20260905-0016
POL-20260905-0019,EVT-20260904-0052
POL-20260905-0020,EVT-20260904-0040
POL-20260905-0021,EVT-20260904-0004
POL-20260905-0022,EVT-20260905-0031
POL-20260905-0023,EVT-20260905-0025
POL-20260905-0024,EVT-20260904-0046
POL-20260905-0025,EVT-20260905-0008
POL-20260905-0026,EVT-20260905-0008
POL-20260905-0027,EVT-20260905-0035
POL-20260905-0028,EVT-20260904-0053
POL-20260905-0029,EVT-20260905-0002
POL-20260905-0030,EVT-20260905-0008
POL-20260905-0031,EVT-20260905-0039
POL-20260905-0032,EVT-20260905-0013
POL-20260905-0033,EVT-20260905-0010
POL-20260905-0034,EVT-20260904-0043
POL-20260905-0035,EVT-20260905-0032
POL-20260905-0036,EVT-20260905-0020
POL-20260905-0037,EVT-20260905-0032
POL-20260905-0038,EVT-20260904-0052
POL-20260905-0039,EVT-20260905-0027
POL-20260905-0040,EVT-20260905-0003
POL-20260905-0041,EVT-20260905-0022
POL-20260905-0042,EVT-20260905-0032
POL-20260905-0043,EVT-20260905-0028
POL-20260905-0044,EVT-20260905-0005
POL-20260905-0045,EVT-20260905-0043
POL-20260905-0046,EVT-20260905-0004
POL-20260905-0047,EVT-20260904-0001
POL-20260905-0048,EVT-20260905-0046
POL-20260905-0049,EVT-20260904-0035
POL-20260905-0050,EVT-20260905-0029
POL-20260905-0051,EVT-20260905-0001
POL-20260905-0052,EVT-20260905-0040
POL-20260905-0053,EVT-20260905-0005
POL-20260905-0054,EVT-20260905-0045
POL-20260905-0055,EVT-20260905-0014
POL-20260905-0056,EVT-20260903-0044
POL-20260905-0057,EVT-20260905-0006
POL-20260905-0058,EVT-20260905-0038
POL-20260905-0059,EVT-20260902-0014
POL-20260905-0060,EVT-20260905-0026
POL-20260905-0061,EVT-20260905-0048
POL-20260905-0062,EVT-20260905-0019
POL-20260905-0063,EVT-20260905-0021
POL-20260905-0064,EVT-20260905-0047
POL-20260905-0065,EVT-20260905-0015
POL-20260905-0066,EVT-20260904-0014
POL-20260905-0067,EVT-20260905-0017
POL-20260905-0068,EVT-20260905-0049
POL-20260906-0001,EVT-20260906-0014
POL-20260906-0002,EVT-20260905-0044
POL-20260906-0003,EVT-20260906-0032
POL-20260906-0004,EVT-20260905-0011
POL-20260906-0005,EVT-20260906-0040
POL-20260906-0006,EVT-20260906-0025
POL-20260906-0007,EVT-20260904-0003
POL-20260906-0008,EVT-20260906-0055
POL-20260906-0009,EVT-20260906-0021
POL-20260906-0010,EVT-20260906-0010
POL-20260906-0011,EVT-20260905-0018
POL-20260906-0012,EVT-20260906-0006
POL-20260906-0013,EVT-20260905-0017
POL-20260906-0014,EVT-20260906-0032
POL-20260906-0015,EVT-20260906-0048
POL-20260906-0016,EVT-20260906-0040
POL-20260906-0017,EVT-20260906-0044
POL-20260906-0018,EVT-20260906-0012
POL-20260906-0019,EVT-20260905-0033
POL-20260906-0020,EVT-20260906-0060
POL-20260906-0021,EVT-20260906-0010
POL-20260906-0022,EVT-20260906-0056
POL-20260906-0023,EVT-20260906-0049
POL-20260906-0024,EVT-20260905-0017
POL-20260906-0025,EVT-20260905-0003
POL-20260906-0026,EVT-20260905-0044
POL-20260906-0027,EVT-20260906-0023
POL-20260906-0028,EVT-20260905-0007
POL-20260906-0029,EVT-20260906-0016
POL-20260906-0030,EVT-20260906-0038
POL-20260906-0031,EVT-20260906-0016
POL-20260906-0032,EVT-20260906-0028
POL-20260906-0033,EVT-20260906-0017
POL-20260906-0034,EVT-20260906-0045
POL-20260906-0035,EVT-20260906-0018
POL-20260906-0036,EVT-20260906-0017
POL-20260906-0037,EVT-20260906-0055
POL-20260906-0038,EVT-20260906-0021
POL-20260906-0039,EVT-20260906-0001
POL-20260906-0040,EVT-20260906-0049
POL-20260906-0041,EVT-20260906-0028
POL-20260906-0042,EVT-20260906-0021
POL-20260906-0043,EVT-20260906-0028
POL-20260906-0044,EVT-20260906-0037
POL-20260906-0045,EVT-20260906-0008
POL-20260906-0046,EVT-20260906-0035
POL-20260906-0047,EVT-20260906-0013
POL-20260906-0048,EVT-20260905-0030
POL-20260906-0049,EVT-20260906-0049
POL-20260906-0050,EVT-20260906-0043
POL-20260906-0051,EVT-20260906-0020
POL-20260906-0052,EVT-20260905-0030
POL-20260906-0053,EVT-20260906-0047
POL-20260906-0054,EVT-20260906-0057
POL-20260906-0055,EVT-20260906-0030
POL-20260906-0056,EVT-20260905-0021
POL-20260906-0057,EVT-20260906-0015
POL-20260906-0058,EVT-20260905-0044
POL-20260906-0059,EVT-20260906-0011
POL-20260906-0060,EVT-20260906-0026
POL-20260906-0061,EVT-20260906-0008
POL-20260906-0062,EVT-20260906-0035
POL-20260906-0063,EVT-20260906-0016
POL-20260906-0064,EVT-20260906-0024
POL-20260906-0065,EVT-20260906-0053
POL-20260906-0066,EVT-20260905-0014
POL-20260906-0067,EVT-20260906-0026
POL-20260906-0068,EVT-20260906-0026
POL-20260906-0069,EVT-20260906-0027
POL-20260906-0070,EVT-20260906-0042
POL-20260906-0071,EVT-20260906-0034
POL-20260906-0072,EVT-20260906-0054
POL-20260906-0073,EVT-20260906-0052
POL-20260906-0074,EVT-20260906-0009
POL-20260906-0075,EVT-20260906-0035
POL-20260906-0076,EVT-20260906-0052
POL-20260906-0077,EVT-20260906-0036
POL-20260906-0078,EVT-20260903-0010
POL-20260906-0079,EVT-20260906-0024
POL-20260906-0080,EVT-20260906-0050
POL-20260906-0081,EVT-20260906-0007
POL-20260906-0082,EVT-20260906-0004
POL-20260906-0083,EVT-20260906-0005
POL-20260906-0084,EVT-20260906-0019
POL-20260906-0085,EVT-20260906-0039
POL-20260906-0086,EVT-20260906-0003
POL-20260906-0087,EVT-20260906-0029
POL-20260907-0001,EVT-20260905-0036
POL-20260907-0002,EVT-20260907-0021
POL-20260907-0003,EVT-20260906-0051
POL-20260907-0004,EVT-20260906-0046
POL-20260907-0005,EVT-20260907-0030
POL-20260907-0006,EVT-20260906-0041
POL-20260907-0007,EVT-20260906-0031
POL-20260907-0008,EVT-20260906-0055
POL-20260907-0009,EVT-20260907-0019
POL-20260907-0010,EVT-20260907-0042
POL-20260907-0011,EVT-20260906-0052
POL-20260907-0012,EVT-20260906-0053
POL-20260907-0013,EVT-20260906-0058
POL-20260907-0014,EVT-20260906-0046
POL-20260907-0015,EVT-20260907-0041
POL-20260907-0016,EVT-20260907-0002
POL-20260907-0017,EVT-20260907-0041
POL-20260907-0018,EVT-20260907-0046
POL-20260907-0019,EVT-20260906-0059
POL-20260907-0020,EVT-20260906-0052
POL-20260907-0021,EVT-20260907-0017
POL-20260907-0022,EVT-20260907-0022
POL-20260907-0023,EVT-20260907-0047
POL-20260907-0024,EVT-20260906-0009
POL-20260907-0025,EVT-20260907-0034
POL-20260907-0026,EVT-20260907-0022
POL-20260907-0027,EVT-20260906-0049
POL-20260907-0028,EVT-20260907-0042
POL-20260907-0029,EVT-20260907-0005
POL-20260907-0030,EVT-20260907-0003
POL-20260907-0031,EVT-20260907-0007
POL-20260907-0032,EVT-20260907-0032
POL-20260907-0033,EVT-20260906-0033
POL-20260907-0034,EVT-20260907-0008
POL-20260907-0035,EVT-20260907-0001
POL-20260907-0036,EVT-20260907-0037
POL-20260907-0037,EVT-20260907-0019
POL-20260907-0038,EVT-20260907-0006
POL-20260907-0039,EVT-20260907-0031
POL-20260907-0040,EVT-20260907-0012
POL-20260907-0041,EVT-20260907-0004
POL-20260907-0042,EVT-20260907-0031
POL-20260907-0043,EVT-20260907-0036
POL-20260907-0044,EVT-20260907-0029
POL-20260907-0045,EVT-20260907-0011
POL-20260907-0046,EVT-20260907-0016
POL-20260907-0047,EVT-20260907-0015
POL-20260907-0048,EVT-20260907-0005
POL-20260907-0049,EVT-20260907-0014
POL-20260907-0050,EVT-20260907-0027
POL-20260907-0051,EVT-20260907-0013
POL-20260907-0052,EVT-20260907-0015
POL-20260907-0053,EVT-20260907-0009
POL-20260907-0054,EVT-20260907-0028
POL-20260907-0055,EVT-20260907-0040
POL-20260907-0056,EVT-20260907-0031
POL-20260907-0057,EVT-20260907-0010
POL-20260907-0058,EVT-20260906-0022
POL-20260907-0059,EVT-20260907-0045
POL-20260907-0060,EVT-20260907-0044
POL-20260907-0061,EVT-20260907-0025
POL-20260907-0062,EVT-20260907-0026
POL-20260907-0063,EVT-20260907-0035
POL-20260907-0064,EVT-20260907-0039
POL-20260907-0065,EVT-20260907-0018
POL-20260907-0066,EVT-20260907-0025
POL-20260907-0067,EVT-20260907-0024
POL-20260907-0068,EVT-20260907-0038
POL-20260907-0069,EVT-20260907-0035
POL-20260908-0001,EVT-20260908-0046
POL-20260908-0002,EVT-20260908-0046
POL-20260908-0003,EVT-20260908-0019
POL-20260908-0004,EVT-20260908-0054
POL-20260908-0005,EVT-20260907-0033
POL-20260908-0006,EVT-20260908-0057
POL-20260908-0007,EVT-20260908-0026
POL-20260908-0008,EVT-20260908-0034
POL-20260908-0009,EVT-20260908-0054
POL-20260908-0010,EVT-20260908-0047
POL-20260908-0011,EVT-20260907-0025
POL-20260908-0012,EVT-20260908-0047
POL-20260908-0013,EVT-20260908-0046
POL-20260908-0014,EVT-20260908-0011
POL-20260908-0015,EVT-20260907-0025
POL-20260908-0016,EVT-20260908-0017
POL-20260908-0017,EVT-20260907-0005
POL-20260908-0018,EVT-20260907-0019
POL-20260908-0019,EVT-20260908-0039
POL-20260908-0020,EVT-20260907-0031
POL-20260908-0021,EVT-20260908-0024
POL-20260908-0022,EVT-20260907-0043
POL-20260908-0023,EVT-20260908-0013
POL-20260908-0024,EVT-20260908-0058
POL-20260908-0025,EVT-20260908-0035
POL-20260908-0026,EVT-20260907-0023
POL-20260908-0027,EVT-20260908-0023
POL-20260908-0028,EVT-20260908-0023
POL-20260908-0029,EVT-20260908-0010
POL-20260908-0030,EVT-20260908-0059
POL-20260908-0031,EVT-20260908-0037
POL-20260908-0032,EVT-20260908-0006
POL-20260908-0033,EVT-20260908-0005
POL-20260908-0034,EVT-20260908-0025
POL-20260908-0035,EVT-20260908-0051
POL-20260908-0036,EVT-20260908-0046
POL-20260908-0037,EVT-20260908-0018
POL-20260908-0038,EVT-20260908-0054
POL-20260908-0039,EVT-20260908-0015
POL-20260908-0040,EVT-20260907-0045
POL-20260908-0041,EVT-20260908-0013
POL-20260908-0042,EVT-20260908-0058
POL-20260908-0043,EVT-20260907-0033
POL-20260908-0044,EVT-20260908-0007
POL-20260908-0045,EVT-20260908-0056
POL-20260908-0046,EVT-20260908-0027
POL-20260908-0047,EVT-20260908-0042
POL-20260908-0048,EVT-20260908-0052
POL-20260908-0049,EVT-20260908-0016
POL-20260908-0050,EVT-20260907-0020
POL-20260908-0051,EVT-20260908-0014
POL-20260908-0052,EVT-20260908-0060
POL-20260908-0053,EVT-20260906-0002
POL-20260908-0054,EVT-20260908-0007
POL-20260908-0055,EVT-20260908-0043
POL-20260908-0056,EVT-20260907-0015
POL-20260908-0057,EVT-20260908-0029
POL-20260908-0058,EVT-20260908-0014
POL-20260908-0059,EVT-20260908-0043
POL-20260908-0060,EVT-20260908-0047
POL-20260908-0061,EVT-20260908-0020
POL-20260908-0062,EVT-20260908-0049
POL-20260908-0063,EVT-20260908-0004
POL-20260908-0064,EVT-20260908-0009
POL-20260908-0065,EVT-20260908-0002
POL-20260908-0066,EVT-20260908-0033
POL-20260908-0067,EVT-20260908-0049
POL-20260908-0068,EVT-20260905-0042
POL-20260908-0069,EVT-20260908-0038
POL-20260908-0070,EVT-20260908-0036
POL-20260908-0071,EVT-20260908-0032
POL-20260908-0072,EVT-20260908-0055
POL-20260908-0073,EVT-20260908-0008
POL-20260908-0074,EVT-20260908-0021
POL-20260908-0075,EVT-20260908-0050
POL-20260908-0076,EVT-20260908-0061
POL-20260909-0001,EVT-20260908-0003
POL-20260909-0002,EVT-20260909-0051
POL-20260909-0003,EVT-20260907-0045
POL-20260909-0004,EVT-20260908-0038
POL-20260909-0005,EVT-20260908-0045
POL-20260909-0006,EVT-20260908-0038
POL-20260909-0007,EVT-20260909-0027
POL-20260909-0008,EVT-20260909-0012
POL-20260909-0009,EVT-20260909-0012
POL-20260909-0010,EVT-20260908-0028
POL-20260909-0011,EVT-20260908-0041
POL-20260909-0012,EVT-20260908-0040
POL-20260909-0013,EVT-20260908-0031
POL-20260909-0014,EVT-20260909-0009
POL-20260909-0015,EVT-20260908-0030
POL-20260909-0016,EVT-20260909-0008
POL-20260909-0017,EVT-20260909-0009
POL-20260909-0018,EVT-20260909-0022
POL-20260909-0019,EVT-20260908-0028
POL-20260909-0020,EVT-20260905-0037
POL-20260909-0021,EVT-20260908-0049
POL-20260909-0022,EVT-20260909-0037
POL-20260909-0023,EVT-20260909-0005
POL-20260909-0024,EVT-20260909-0047
POL-20260909-0025,EVT-20260908-0044
POL-20260909-0026,EVT-20260909-0006
POL-20260909-0027,EVT-20260908-0053
POL-20260909-0028,EVT-20260909-0022
POL-20260909-0029,EVT-20260908-0022
POL-20260909-0030,EVT-20260909-0013
POL-20260909-0031,EVT-20260909-0023
POL-20260909-0032,EVT-20260909-0040
POL-20260909-0033,EVT-20260909-0032
POL-20260909-0034,EVT-20260909-0043
POL-20260909-0035,EVT-20260909-0039
POL-20260909-0036,EVT-20260908-0001
POL-20260909-0037,EVT-20260909-0014
POL-20260909-0038,EVT-20260909-0012
POL-20260909-0039,EVT-20260909-0024
POL-20260909-0040,EVT-20260909-0025
POL-20260909-0041,EVT-20260909-0009
POL-20260909-0042,EVT-20260909-0028
POL-20260909-0043,EVT-20260909-0033
POL-20260909-0044,EVT-20260909-0020
POL-20260909-0045,EVT-20260909-0015
POL-20260909-0046,EVT-20260909-0048
POL-20260909-0047,EVT-20260909-0007
POL-20260909-0048,EVT-20260908-0012
POL-20260909-0049,EVT-20260909-0011
POL-20260909-0050,EVT-20260907-0027
POL-20260909-0051,EVT-20260908-0060
POL-20260909-0052,EVT-20260909-0018
POL-20260909-0053,EVT-20260909-0022
POL-20260909-0054,EVT-20260909-0050
POL-20260909-0055,EVT-20260908-0058
POL-20260909-0056,EVT-20260908-0044
POL-20260909-0057,EVT-20260909-0004
POL-20260909-0058,EVT-20260909-0049
POL-20260909-0059,EVT-20260909-0031
POL-20260909-0060,EVT-20260909-0029
POL-20260909-0061,EVT-20260909-0011
POL-20260909-0062,EVT-20260909-0026
POL-20260909-0063,EVT-20260909-0038
POL-20260909-0064,EVT-20260909-0034
POL-20260909-0065,EVT-20260909-0046
POL-20260909-0066,EVT-20260909-0042
POL-20260909-0067,EVT-20260909-0011
POL-20260909-0068,EVT-20260909-0030
POL-20260909-0069,EVT-20260909-0036
POL-20260909-0070,EVT-20260909-0002
POL-20260909-0071,EVT-20260908-0044
POL-20260909-0072,EVT-20260909-0017
POL-20260909-0073,EVT-20260907-0027
POL-20260909-0074,EVT-20260908-0043
POL-20260910-0001,EVT-20260908-0048
POL-20260910-0002,EVT-20260910-0033
POL-20260910-0003,EVT-20260909-0044
POL-20260910-0004,EVT-20260910-0015
POL-20260910-0005,EVT-20260910-0009
POL-20260910-0006,EVT-20260910-0024
POL-20260910-0007,EVT-20260909-0035
POL-20260910-0008,EVT-20260910-0011
POL-20260910-0009,EVT-20260910-0032
POL-20260910-0010,EVT-20260910-0020
POL-20260910-0011,EVT-20260910-0004
POL-20260910-0012,EVT-20260910-0053
POL-20260910-0013,EVT-20260909-0047
POL-20260910-0014,EVT-20260907-0027
POL-20260910-0015,EVT-20260908-0040
POL-20260910-0016,EVT-20260910-0038
POL-20260910-0017,EVT-20260910-0028
POL-20260910-0018,EVT-20260909-0003
POL-20260910-0019,EVT-20260910-0030
POL-20260910-0020,EVT-20260910-0001
POL-20260910-0021,EVT-20260909-0010
POL-20260910-0022,EVT-20260910-0019
POL-20260910-0023,EVT-20260910-0001
POL-20260910-0024,EVT-20260910-0043
POL-20260910-0025,EVT-20260910-0026
POL-20260910-0026,EVT-20260910-0051
POL-20260910-0027,EVT-20260910-0027
POL-20260910-0028,EVT-20260909-0021
POL-20260910-0029,EVT-20260910-0035
POL-20260910-0030,EVT-20260910-0055
POL-20260910-0031,EVT-20260910-0002
POL-20260910-0032,EVT-20260910-0006
POL-20260910-0033,EVT-20260910-0023
POL-20260910-0034,EVT-20260910-0040
POL-20260910-0035,EVT-20260910-0003
POL-20260910-0036,EVT-20260910-0016
POL-20260910-0037,EVT-20260910-0026
POL-20260910-0038,EVT-20260910-0010
POL-20260910-0039,EVT-20260909-0019
POL-20260910-0040,EVT-20260910-0037
POL-20260910-0041,EVT-20260909-0016
POL-20260910-0042,EVT-20260910-0021
POL-20260910-0043,EVT-20260910-0047
POL-20260910-0044,EVT-20260910-0054
POL-20260910-0045,EVT-20260910-0050
POL-20260910-0046,EVT-20260910-0044
POL-20260910-0047,EVT-20260910-0025
POL-20260910-0048,EVT-20260910-0018
POL-20260910-0049,EVT-20260910-0046
POL-20260910-0050,EVT-20260910-0025
POL-20260910-0051,EVT-20260910-0039
POL-20260910-0052,EVT-20260910-0018
POL-20260910-0053,EVT-20260909-0001
POL-20260910-0054,EVT-20260910-0049
POL-20260910-0055,EVT-20260910-0007
POL-20260910-0056,EVT-20260910-0047
POL-20260910-0057,EVT-20260910-0001
POL-20260910-0058,EVT-20260910-0041
POL-20260910-0059,EVT-20260910-0029
POL-20260910-0060,EVT-20260910-0057
POL-20260910-0061,EVT-20260910-0057
POL-20260910-0062,EVT-20260909-0045
POL-20260910-0063,EVT-20260910-0045
POL-20260910-0064,EVT-20260910-0013
POL-20260910-0065,EVT-20260910-0017
POL-20260911-0001,EVT-20260910-0022
POL-20260911-0002,EVT-20260911-0007
POL-20260911-0003,EVT-20260911-0035
POL-20260911-0004,EVT-20260910-0014
POL-20260911-0005,EVT-20260910-0005
POL-20260911-0006,EVT-20260910-0044
POL-20260911-0007,EVT-20260911-0030
POL-20260911-0008,EVT-20260911-0038
POL-20260911-0009,EVT-20260910-0047
POL-20260911-0010,EVT-20260910-0036
POL-20260911-0011,EVT-20260911-0019
POL-20260911-0012,EVT-20260910-0044
POL-20260911-0013,EVT-20260910-0057
POL-20260911-0014,EVT-20260911-0033
POL-20260911-0015,EVT-20260909-0014
POL-20260911-0016,EVT-20260910-0047
POL-20260911-0017,EVT-20260909-0010
POL-20260911-0018,EVT-20260911-0003
POL-20260911-0019,EVT-20260911-0022
POL-20260911-0020,EVT-20260909-0014
POL-20260911-0021,EVT-20260911-0014
POL-20260911-0022,EVT-20260910-0048
POL-20260911-0023,EVT-20260911-0014
POL-20260911-0024,EVT-20260911-0046
POL-20260911-0025,EVT-20260911-0031
POL-20260911-0026,EVT-20260910-0042
POL-20260911-0027,EVT-20260911-0044
POL-20260911-0028,EVT-20260911-0012
POL-20260911-0029,EVT-20260911-0034
POL-20260911-0030,EVT-20260911-0003
POL-20260911-0031,EVT-20260911-0017
POL-20260911-0032,EVT-20260910-0048
POL-20260911-0033,EVT-20260910-0012
POL-20260911-0034,EVT-20260910-0001
POL-20260911-0035,EVT-20260909-0041
POL-20260911-0036,EVT-20260911-0002
POL-20260911-0037,EVT-20260910-0056
POL-20260911-0038,EVT-20260907-0020
POL-20260911-0039,EVT-20260911-0044
POL-20260911-0040,EVT-20260911-0001
POL-20260911-0041,EVT-20260911-0047
POL-20260911-0042,EVT-20260911-0011
POL-20260911-0043,EVT-20260910-0031
POL-20260911-0044,EVT-20260909-0014
POL-20260911-0045,EVT-20260911-0008
POL-20260911-0046,EVT-20260911-0045
POL-20260911-0047,EVT-20260911-0016
POL-20260911-0048,EVT-20260911-0006
POL-20260911-0049,EVT-20260911-0025
POL-20260911-0050,EVT-20260910-0048
POL-20260911-0051,EVT-20260911-0029
POL-20260911-0052,EVT-20260911-0004
POL-20260911-0053,EVT-20260911-0027
POL-20260911-0054,EVT-20260911-0039
POL-20260911-0055,EVT-20260911-0023
POL-20260911-0056,EVT-20260911-0028
POL-20260911-0057,EVT-20260911-0015
POL-20260911-0058,EVT-20260911-0042
POL-20260911-0059,EVT-20260911-0037
POL-20260911-0060,EVT-20260911-0024
POL-20260911-0061,EVT-20260911-0020
POL-20260911-0062,EVT-20260911-0036
POL-20260911-0063,EVT-20260911-0020
POL-20260911-0064,EVT-20260911-0041
POL-20260911-0065,EVT-20260911-0005
POL-20260911-0066,EVT-20260911-0026
POL-20260911-0067,EVT-20260911-0013
POL-20260912-0001,EVT-20260911-0040
POL-20260912-0002,EVT-20260912-0010
POL-20260912-0003,EVT-20260911-0013
POL-20260912-0004,EVT-20260911-0017
POL-20260912-0005,EVT-20260912-0021
POL-20260912-0006,EVT-20260910-0026
POL-20260912-0007,EVT-20260911-0043
POL-20260912-0008,EVT-20260911-0021
POL-20260912-0009,EVT-20260912-0039
POL-20260912-0010,EVT-20260911-0009
POL-20260912-0011,EVT-20260912-0001
POL-20260912-0012,EVT-20260912-0008
POL-20260912-0013,EVT-20260912-0048
POL-20260912-0014,EVT-20260912-0005
POL-20260912-0015,EVT-20260909-0004
POL-20260912-0016,EVT-20260912-0052
POL-20260912-0017,EVT-20260912-0051
POL-20260912-0018,EVT-20260911-0014
POL-20260912-0019,EVT-20260912-0024
POL-20260912-0020,EVT-20260912-0014
POL-20260912-0021,EVT-20260912-0012
POL-20260912-0022,EVT-20260912-0038
POL-20260912-0023,EVT-20260910-0052
POL-20260912-0024,EVT-20260912-0030
POL-20260912-0025,EVT-20260911-0018
POL-20260912-0026,EVT-20260912-0041
POL-20260912-0027,EVT-20260912-0011
POL-20260912-0028,EVT-20260911-0032
POL-20260912-0029,EVT-20260912-0019
POL-20260912-0030,EVT-20260912-0031
POL-20260912-0031,EVT-20260910-0034
POL-20260912-0032,EVT-20260912-0024
POL-20260912-0033,EVT-20260912-0040
POL-20260912-0034,EVT-20260912-0029
POL-20260912-0035,EVT-20260912-0043
POL-20260912-0036,EVT-20260912-0013
POL-20260912-0037,EVT-20260912-0026
POL-20260912-0038,EVT-20260911-0010
POL-20260912-0039,EVT-20260912-0033
POL-20260912-0040,EVT-20260912-0023
POL-20260912-0041,EVT-20260912-0044
POL-20260912-0042,EVT-20260912-0002
POL-20260912-0043,EVT-20260912-0007
POL-20260912-0044,EVT-20260912-0007
POL-20260912-0045,EVT-20260912-0035
POL-20260912-0046,EVT-20260912-0003
POL-20260912-0047,EVT-20260912-0028
POL-20260912-0048,EVT-20260912-0027
POL-20260912-0049,EVT-20260912-0015
POL-20260912-0050,EVT-20260912-0046
POL-20260912-0051,EVT-20260912-0006
POL-20260912-0052,EVT-20260912-0018
POL-20260912-0053,EVT-20260912-0034
POL-20260912-0054,EVT-20260912-0004
POL-20260912-0055,EVT-20260912-0032
POL-20260912-0056,EVT-20260912-0036
POL-20260912-0057,EVT-20260912-0022
POL-20260912-0058,EVT-20260912-0050
POL-20260912-0059,EVT-20260912-0037
POL-20260912-0060,EVT-20260911-0036
POL-20260912-0061,EVT-20260912-0036
POL-20260912-0062,EVT-20260912-0020
POL-20260912-0063,EVT-20260912-0025
POL-20260913-0001,EVT-20260912-0049
POL-20260913-0002,EVT-20260912-0004
POL-20260913-0003,EVT-20260912-0017
POL-20260913-0004,EVT-20260912-0025
POL-20260913-0005,EVT-20260913-0034
POL-20260913-0006,EVT-20260912-0011
POL-20260913-0007,EVT-20260913-0035
POL-20260913-0008,EVT-20260912-0004
POL-20260913-0009,EVT-20260910-0048
POL-20260913-0010,EVT-20260910-0008
POL-20260913-0011,EVT-20260913-0014
POL-20260913-0012,EVT-20260913-0012
POL-20260913-0013,EVT-20260913-0030
POL-20260913-0014,EVT-20260912-0025
POL-20260913-0015,EVT-20260912-0009
POL-20260913-0016,EVT-20260913-0006
POL-20260913-0017,EVT-20260913-0041
POL-20260913-0018,EVT-20260913-0010
POL-20260913-0019,EVT-20260913-0025
POL-20260913-0020,EVT-20260913-0017
POL-20260913-0021,EVT-20260913-0044
POL-20260913-0022,EVT-20260912-0019
POL-20260913-0023,EVT-20260912-0009
POL-20260913-0024,EVT-20260913-0002
POL-20260913-0025,EVT-20260913-0026
POL-20260913-0026,EVT-20260913-0007
POL-20260913-0027,EVT-20260912-0042
POL-20260913-0028,EVT-20260913-0032
POL-20260913-0029,EVT-20260913-0019
POL-20260913-0030,EVT-20260913-0023
POL-20260913-0031,EVT-20260913-0027
POL-20260913-0032,EVT-20260913-0040
POL-20260913-0033,EVT-20260913-0008
POL-20260913-0034,EVT-20260913-0015
POL-20260913-0035,EVT-20260913-0008
POL-20260913-0036,EVT-20260913-0039
POL-20260913-0037,EVT-20260913-0020
POL-20260913-0038,EVT-20260913-0042
POL-20260913-0039,EVT-20260912-0047
POL-20260913-0040,EVT-20260913-0022
POL-20260913-0041,EVT-20260913-0028
POL-20260913-0042,EVT-20260912-0045
POL-20260913-0043,EVT-20260913-0001
POL-20260913-0044,EVT-20260912-0016
POL-20260913-0045,EVT-20260913-0016
POL-20260913-0046,EVT-20260913-0044
POL-20260913-0047,EVT-20260913-0011
POL-20260913-0048,EVT-20260913-0029
POL-20260913-0049,EVT-20260913-0037
POL-20260913-0050,EVT-20260913-0029
POL-20260913-0051,EVT-20260913-0009
POL-20260913-0052,EVT-20260913-0024
POL-20260913-0053,EVT-20260913-0013
POL-20260913-0054,EVT-20260913-0003
POL-20260913-0055,EVT-20260913-0031
POL-20260913-0056,EVT-20260913-0043
POL-20260913-0057,EVT-20260913-0036
POL-20260913-0058,EVT-20260913-0015
POL-20260913-0059,EVT-20260913-0038
POL-20260914-0001,EVT-20260914-0017
POL-20260914-0002,EVT-20260914-0067
POL-20260914-0003,EVT-20260913-0008
POL-20260914-0004,EVT-20260913-0004
POL-20260914-0005,EVT-20260914-0054
POL-20260914-0006,EVT-20260914-0003
POL-20260914-0007,EVT-20260914-0045
POL-20260914-0008,EVT-20260914-0047
POL-20260914-0009,EVT-20260914-0001
POL-20260914-0010,EVT-20260914-0058
POL-20260914-0011,EVT-20260914-0005
POL-20260914-0012,EVT-20260913-0021
POL-20260914-0013,EVT-20260912-0009
POL-20260914-0014,EVT-20260914-0046
POL-20260914-0015,EVT-20260914-0056
POL-20260914-0016,EVT-20260914-0056
POL-20260914-0017,EVT-20260914-0047
POL-20260914-0018,EVT-20260913-0018
POL-20260914-0019,EVT-20260914-0047
POL-20260914-0020,EVT-20260914-0042
POL-20260914-0021,EVT-20260914-0066
POL-20260914-0022,EVT-20260914-0050
POL-20260914-0023,EVT-20260914-0030
POL-20260914-0024,EVT-20260914-0022
POL-20260914-0025,EVT-20260914-0059
POL-20260914-0026,EVT-20260914-0014
POL-20260914-0027,EVT-20260914-0070
POL-20260914-0028,EVT-20260914-0030
POL-20260914-0029,EVT-20260914-0034
POL-20260914-0030,EVT-20260913-0005
POL-20260914-0031,EVT-20260914-0001
POL-20260914-0032,EVT-20260914-0003
POL-20260914-0033,EVT-20260914-0003
POL-20260914-0034,EVT-20260914-0057
POL-20260914-0035,EVT-20260914-0052
POL-20260914-0036,EVT-20260914-0013
POL-20260914-0037,EVT-20260914-0030
POL-20260914-0038,EVT-20260914-0051
POL-20260914-0039,EVT-20260914-0027
POL-20260914-0040,EVT-20260914-0021
POL-20260914-0041,EVT-20260914-0062
POL-20260914-0042,EVT-20260914-0032
POL-20260914-0043,EVT-20260914-0012
POL-20260914-0044,EVT-20260914-0003
POL-20260914-0045,EVT-20260913-0033
POL-20260914-0046,EVT-20260914-0001
POL-20260914-0047,EVT-20260914-0070
POL-20260914-0048,EVT-20260914-0053
POL-20260914-0049,EVT-20260914-0023
POL-20260914-0050,EVT-20260914-0010
POL-20260914-0051,EVT-20260914-0061
POL-20260914-0052,EVT-20260914-0006
POL-20260914-0053,EVT-20260914-0031
POL-20260914-0054,EVT-20260914-0035
POL-20260914-0055,EVT-20260914-0016
POL-20260914-0056,EVT-20260914-0008
POL-20260914-0057,EVT-20260914-0011
POL-20260914-0058,EVT-20260914-0037
POL-20260914-0059,EVT-20260914-0007
POL-20260914-0060,EVT-20260914-0040
POL-20260914-0061,EVT-20260914-0044
POL-20260914-0062,EVT-20260914-0041
POL-20260914-0063,EVT-20260914-0008
POL-20260914-0064,EVT-20260914-0028
POL-20260914-0065,EVT-20260914-0026
POL-20260914-0066,EVT-20260914-0038
POL-20260914-0067,EVT-20260914-0015
POL-20260914-0068,EVT-20260914-0072
POL-20260914-0069,EVT-20260914-0065
POL-20260914-0070,EVT-20260914-0004
POL-20260914-0071,EVT-20260914-0009
POL-20260914-0072,EVT-20260914-0049
POL-20260914-0073,EVT-20260914-0029
POL-20260914-0074,EVT-20260914-0006
POL-20260914-0075,EVT-20260914-0019
POL-20260914-0076,EVT-20260914-0069
POL-20260914-0077,EVT-20260914-0018
POL-20260914-0078,EVT-20260914-0020
POL-20260914-0079,EVT-20260914-0043
POL-20260914-0080,EVT-20260914-0064
POL-20260915-0001,EVT-20260914-0033
POL-20260915-0002,EVT-20260914-0060
POL-20260915-0003,EVT-20260914-0037
POL-20260915-0004,EVT-20260914-0015
POL-20260915-0005,EVT-20260914-0002
POL-20260915-0006,EVT-20260914-0036
POL-20260915-0007,EVT-20260915-0015
POL-20260915-0008,EVT-20260915-0019
POL-20260915-0009,EVT-20260914-0037
POL-20260915-0010,EVT-20260914-0048
POL-20260915-0011,EVT-20260915-0020
POL-20260915-0012,EVT-20260915-0030
POL-20260915-0013,EVT-20260915-0003
POL-20260915-0014,EVT-20260913-0018
POL-20260915-0015,EVT-20260914-0006
POL-20260915-0016,EVT-20260914-0071
POL-20260915-0017,EVT-20260915-0005
POL-20260915-0018,EVT-20260914-0006
POL-20260915-0019,EVT-20260914-0055
POL-20260915-0020,EVT-20260915-0027
POL-20260915-0021,EVT-20260914-0024
POL-20260915-0022,EVT-20260915-0024
POL-20260915-0023,EVT-20260915-0038
POL-20260915-0024,EVT-20260915-0002
POL-20260915-0025,EVT-20260915-0008
POL-20260915-0026,EVT-20260915-0036
POL-20260915-0027,EVT-20260915-0022
POL-20260915-0028,EVT-20260915-0022
POL-20260915-0029,EVT-20260915-0007
POL-20260915-0030,EVT-20260915-0042
POL-20260915-0031,EVT-20260915-0028
POL-20260915-0032,EVT-20260915-0023
POL-20260915-0033,EVT-20260914-0068
POL-20260915-0034,EVT-20260914-0039
POL-20260915-0035,EVT-20260915-0008
POL-20260915-0036,EVT-20260914-0025
POL-20260915-0037,EVT-20260915-0008
POL-20260915-0038,EVT-20260915-0009
POL-20260915-0039,EVT-20260915-0021
POL-20260915-0040,EVT-20260915-0006
POL-20260915-0041,EVT-20260915-0029
POL-20260915-0042,EVT-20260914-0063
POL-20260915-0043,EVT-20260915-0018
POL-20260915-0044,EVT-20260915-0012
POL-20260915-0045,EVT-20260915-0017
POL-20260915-0046,EVT-20260915-0001
POL-20260915-0047,EVT-20260915-0043
POL-20260915-0048,EVT-20260915-0002
POL-20260915-0049,EVT-20260914-0028
POL-20260915-0050,EVT-20260915-0031
POL-20260915-0051,EVT-20260915-0033
POL-20260915-0052,EVT-20260915-0026
POL-20260915-0053,EVT-20260915-0041
POL-20260915-0054,EVT-20260915-0039
POL-20260915-0055,EVT-20260915-0037
POL-20260916-0001,EVT-20260916-0011
POL-20260916-0002,EVT-20260916-0031
POL-20260916-0003,EVT-20260916-0031
POL-20260916-0004,EVT-20260915-0016
POL-20260916-0005,EVT-20260915-0004
POL-20260916-0006,EVT-20260916-0032
POL-20260916-0007,EVT-20260915-0032
POL-20260916-0008,EVT-20260916-0035
POL-20260916-0009,EVT-20260915-0009
POL-20260916-0010,EVT-20260915-0011
POL-20260916-0011,EVT-20260915-0020
POL-20260916-0012,EVT-20260916-0047
POL-20260916-0013,EVT-20260916-0024
POL-20260916-0014,EVT-20260916-0026
POL-20260916-0015,EVT-20260916-0039
POL-20260916-0016,EVT-20260916-0026
POL-20260916-0017,EVT-20260916-0034
POL-20260916-0018,EVT-20260916-0026
POL-20260916-0019,EVT-20260915-0034
POL-20260916-0020,EVT-20260915-0035
POL-20260916-0021,EVT-20260915-0031
POL-20260916-0022,EVT-20260915-0032
POL-20260916-0023,EVT-20260915-0002
POL-20260916-0024,EVT-20260916-0025
POL-20260916-0025,EVT-20260916-0035
POL-20260916-0026,EVT-20260916-0014
POL-20260916-0027,EVT-20260916-0051
POL-20260916-0028,EVT-20260916-0030
POL-20260916-0029,EVT-20260916-0023
POL-20260916-0030,EVT-20260916-0022
POL-20260916-0031,EVT-20260915-0040
POL-20260916-0032,EVT-20260916-0027
POL-20260916-0033,EVT-20260916-0033
POL-20260916-0034,EVT-20260916-0030
POL-20260916-0035,EVT-20260916-0001
POL-20260916-0036,EVT-20260915-0010
POL-20260916-0037,EVT-20260916-0017
POL-20260916-0038,EVT-20260916-0041
POL-20260916-0039,EVT-20260916-0050
POL-20260916-0040,EVT-20260916-0013
POL-20260916-0041,EVT-20260916-0036
POL-20260916-0042,EVT-20260916-0042
POL-20260916-0043,EVT-20260916-0012
POL-20260916-0044,EVT-20260916-0015
POL-20260916-0045,EVT-20260916-0005
POL-20260916-0046,EVT-20260916-0021
POL-20260916-0047,EVT-20260916-0038
POL-20260916-0048,EVT-20260916-0018
POL-20260916-0049,EVT-20260915-0025
POL-20260916-0050,EVT-20260916-0040
POL-20260916-0051,EVT-20260916-0044
POL-20260916-0052,EVT-20260916-0002
POL-20260916-0053,EVT-20260916-0048
POL-20260916-0054,EVT-20260916-0021
POL-20260916-0055,EVT-20260916-0020
POL-20260916-0056,EVT-20260916-0029
POL-20260916-0057,EVT-20260916-0046
POL-20260916-0058,EVT-20260916-0049
POL-20260916-0059,EVT-20260916-0028
POL-20260916-0060,EVT-20260916-0045
POL-20260916-0061,EVT-20260916-0013
POL-20260917-0001,EVT-20260916-0016
POL-20260917-0002,EVT-20260917-0019
POL-20260917-0003,EVT-20260917-0045
POL-20260917-0004,EVT-20260917-0065
POL-20260917-0005,EVT-20260917-0036
POL-20260917-0006,EVT-20260917-0057
POL-20260917-0007,EVT-20260915-0014
POL-20260917-0008,EVT-20260916-0052
POL-20260917-0009,EVT-20260917-0064
POL-20260917-0010,EVT-20260916-0007
POL-20260917-0011,EVT-20260916-0003
POL-20260917-0012,EVT-20260916-0004
POL-20260917-0013,EVT-20260916-0006
POL-20260917-0014,EVT-20260916-0019
POL-20260917-0015,EVT-20260917-0065
POL-20260917-0016,EVT-20260917-0048
POL-20260917-0017,EVT-20260917-0003
POL-20260917-0018,EVT-20260917-0017
POL-20260917-0019,EVT-20260916-0010
POL-20260917-0020,EVT-20260916-0015
POL-20260917-0021,EVT-20260917-0026
POL-20260917-0022,EVT-20260916-0037
POL-20260917-0023,EVT-20260917-0037
POL-20260917-0024,EVT-20260916-0043
POL-20260917-0025,EVT-20260916-0008
POL-20260917-0026,EVT-20260917-0013
POL-20260917-0027,EVT-20260917-0028
POL-20260917-0028,EVT-20260917-0021
POL-20260917-0029,EVT-20260917-0025
POL-20260917-0030,EVT-20260916-0013
POL-20260917-0031,EVT-20260917-0033
POL-20260917-0032,EVT-20260917-0006
POL-20260917-0033,EVT-20260914-0064
POL-20260917-0034,EVT-20260917-0040
POL-20260917-0035,EVT-20260916-0015
POL-20260917-0036,EVT-20260917-0006
POL-20260917-0037,EVT-20260917-0011
POL-20260917-0038,EVT-20260917-0025
POL-20260917-0039,EVT-20260917-0025
POL-20260917-0040,EVT-20260916-0049
POL-20260917-0041,EVT-20260917-0044
POL-20260917-0042,EVT-20260917-0041
POL-20260917-0043,EVT-20260917-0038
POL-20260917-0044,EVT-20260917-0013
POL-20260917-0045,EVT-20260916-0005
POL-20260917-0046,EVT-20260917-0032
POL-20260917-0047,EVT-20260917-0062
POL-20260917-0048,EVT-20260917-0003
POL-20260917-0049,EVT-20260917-0030
POL-20260917-0050,EVT-20260917-0004
POL-20260917-0051,EVT-20260917-0058
POL-20260917-0052,EVT-20260917-0018
POL-20260917-0053,EVT-20260917-0023
POL-20260917-0054,EVT-20260917-0059
POL-20260917-0055,EVT-20260917-0018
POL-20260917-0056,EVT-20260917-0024
POL-20260917-0057,EVT-20260917-0056
POL-20260917-0058,EVT-20260917-0018
POL-20260917-0059,EVT-20260917-0039
POL-20260917-0060,EVT-20260917-0049
POL-20260917-0061,EVT-20260917-0063
POL-20260917-0062,EVT-20260917-0053
POL-20260917-0063,EVT-20260917-0022
POL-20260917-0064,EVT-20260917-0007
POL-20260917-0065,EVT-20260916-0013
POL-20260917-0066,EVT-20260917-0054
POL-20260917-0067,EVT-20260917-0060
POL-20260917-0068,EVT-20260917-0022
POL-20260917-0069,EVT-20260917-0035
POL-20260917-0070,EVT-20260917-0011
POL-20260917-0071,EVT-20260917-0031
POL-20260917-0072,EVT-20260917-0052
POL-20260917-0073,EVT-20260917-0046
POL-20260917-0074,EVT-20260917-0046
POL-20260917-0075,EVT-20260917-0059
POL-20260917-0076,EVT-20260917-0020
POL-20260917-0077,EVT-20260917-0009
POL-20260917-0078,EVT-20260917-0034
POL-20260917-0079,EVT-20260917-0007
POL-20260917-0080,EVT-20260917-0022
POL-20260917-0081,EVT-20260916-0009
POL-20260917-0082,EVT-20260917-0050
POL-20260917-0083,EVT-20260917-0015
POL-20260917-0084,EVT-20260913-0045
POL-20260917-0085,EVT-20260917-0066
POL-20260917-0086,EVT-20260917-0062
POL-20260917-0087,EVT-20260917-0058
POL-20260917-0088,EVT-20260917-0060
POL-20260917-0089,EVT-20260917-0027
POL-20260917-0090,EVT-20260917-0002
POL-20260918-0001,EVT-20260917-0055
POL-20260918-0002,EVT-20260917-0005
POL-20260918-0003,EVT-20260917-0035
POL-20260918-0004,EVT-20260917-0061
POL-20260918-0005,EVT-20260917-0056
POL-20260918-0006,EVT-20260917-0014
POL-20260918-0007,EVT-20260917-0051
POL-20260918-0008,EVT-20260917-0043
POL-20260918-0009,EVT-20260918-0012
POL-20260918-0010,EVT-20260918-0013
POL-20260918-0011,EVT-20260917-0056
POL-20260918-0012,EVT-20260917-0010
POL-20260918-0013,EVT-20260918-0025
POL-20260918-0014,EVT-20260917-0065
POL-20260918-0015,EVT-20260918-0014
POL-20260918-0016,EVT-20260917-0046
POL-20260918-0017,EVT-20260917-0035
POL-20260918-0018,EVT-20260917-0001
POL-20260918-0019,EVT-20260918-0020
POL-20260918-0020,EVT-20260917-0025
POL-20260918-0021,EVT-20260917-0007
POL-20260918-0022,EVT-20260916-0028
POL-20260918-0023,EVT-20260918-0035
POL-20260918-0024,EVT-20260917-0042
POL-20260918-0025,EVT-20260918-0026
POL-20260918-0026,EVT-20260917-0028
POL-20260918-0027,EVT-20260918-0019
POL-20260918-0028,EVT-20260918-0011
POL-20260918-0029,EVT-20260918-0023
POL-20260918-0030,EVT-20260917-0016
POL-20260918-0031,EVT-20260918-0029
POL-20260918-0032,EVT-20260918-0008
POL-20260918-0033,EVT-20260917-0010
POL-20260918-0034,EVT-20260918-0017
POL-20260918-0035,EVT-20260918-0040
POL-20260918-0036,EVT-20260918-0007
POL-20260918-0037,EVT-20260917-0046
POL-20260918-0038,EVT-20260918-0023
POL-20260918-0039,EVT-20260918-0009
POL-20260918-0040,EVT-20260918-0005
POL-20260918-0041,EVT-20260918-0032
POL-20260918-0042,EVT-20260918-0008
POL-20260918-0043,EVT-20260918-0009
POL-20260918-0044,EVT-20260918-0008
POL-20260918-0045,EVT-20260918-0018
POL-20260918-0046,EVT-20260917-0008
POL-20260918-0047,EVT-20260917-0012
POL-20260918-0048,EVT-20260918-0027
POL-20260918-0049,EVT-20260917-0029
POL-20260918-0050,EVT-20260918-0024
POL-20260918-0051,EVT-20260918-0036
POL-20260918-0052,EVT-20260918-0037
POL-20260918-0053,EVT-20260918-0030
POL-20260918-0054,EVT-20260918-0016
POL-20260918-0055,EVT-20260917-0047
POL-20260918-0056,EVT-20260918-0001
POL-20260918-0057,EVT-20260918-0031
POL-20260918-0058,EVT-20260918-0009
POL-20260918-0059,EVT-20260918-0006
POL-20260918-0060,EVT-20260915-0013
POL-20260918-0061,EVT-20260917-0022
POL-20260918-0062,EVT-20260918-0021
POL-20260918-0063,EVT-20260918-0006
POL-20260918-0064,EVT-20260917-0011
POL-20260918-0065,EVT-20260918-0026
POL-20260918-0066,EVT-20260918-0034
POL-20260919-0001,EVT-20260918-0038
POL-20260919-0002,EVT-20260917-0058
POL-20260919-0003,EVT-20260919-0019
POL-20260919-0004,EVT-20260918-0003
POL-20260919-0005,EVT-20260919-0065
POL-20260919-0006,EVT-20260919-0065
POL-20260919-0007,EVT-20260918-0007
POL-20260919-0008,EVT-20260919-0073
POL-20260919-0009,EVT-20260918-0010
POL-20260919-0010,EVT-20260918-0006
POL-20260919-0011,EVT-20260919-0005
POL-20260919-0012,EVT-20260919-0062
POL-20260919-0013,EVT-20260918-0027
POL-20260919-0014,EVT-20260919-0072
POL-20260919-0015,EVT-20260919-0016
POL-20260919-0016,EVT-20260919-0033
POL-20260919-0017,EVT-20260918-0015
POL-20260919-0018,EVT-20260918-0002
POL-20260919-0019,EVT-20260919-0047
POL-20260919-0020,EVT-20260918-0006
POL-20260919-0021,EVT-20260919-0056
POL-20260919-0022,EVT-20260919-0049
POL-20260919-0023,EVT-20260919-0066
POL-20260919-0024,EVT-20260919-0038
POL-20260919-0025,EVT-20260918-0022
POL-20260919-0026,EVT-20260919-0051
POL-20260919-0027,EVT-20260919-0045
POL-20260919-0028,EVT-20260919-0069
POL-20260919-0029,EVT-20260919-0078
POL-20260919-0030,EVT-20260919-0039
POL-20260919-0031,EVT-20260919-0006
POL-20260919-0032,EVT-20260919-0003
POL-20260919-0033,EVT-20260918-0004
POL-20260919-0034,EVT-20260919-0061
POL-20260919-0035,EVT-20260919-0018
POL-20260919-0036,EVT-20260919-0063
POL-20260919-0037,EVT-20260916-0015
POL-20260919-0038,EVT-20260919-0009
POL-20260919-0039,EVT-20260919-0027
POL-20260919-0040,EVT-20260919-0028
POL-20260919-0041,EVT-20260919-0030
POL-20260919-0042,EVT-20260919-0067
POL-20260919-0043,EVT-20260919-0021
POL-20260919-0044,EVT-20260919-0020
POL-20260919-0045,EVT-20260919-0020
POL-20260919-0046,EVT-20260919-0033
POL-20260919-0047,EVT-20260919-0045
POL-20260919-0048,EVT-20260919-0050
POL-20260919-0049,EVT-20260919-0026
POL-20260919-0050,EVT-20260919-0079
POL-20260919-0051,EVT-20260919-0071
POL-20260919-0052,EVT-20260919-0031
POL-20260919-0053,EVT-20260919-0031
POL-20260919-0054,EVT-20260919-0015
POL-20260919-0055,EVT-20260919-0055
POL-20260919-0056,EVT-20260919-0024
POL-20260919-0057,EVT-20260919-0033
POL-20260919-0058,EVT-20260919-0065
POL-20260919-0059,EVT-20260919-0028
POL-20260919-0060,EVT-20260919-0010
POL-20260919-0061,EVT-20260919-0048
POL-20260919-0062,EVT-20260919-0077
POL-20260919-0063,EVT-20260919-0017
POL-20260919-0064,EVT-20260919-0079
POL-20260919-0065,EVT-20260919-0035
POL-20260919-0066,EVT-20260919-0025
POL-20260919-0067,EVT-20260919-0041
POL-20260919-0068,EVT-20260919-0012
POL-20260919-0069,EVT-20260919-0070
POL-20260919-0070,EVT-20260919-0052
POL-20260919-0071,EVT-20260919-0059
POL-20260919-0072,EVT-20260919-0046
POL-20260919-0073,EVT-20260919-0071
POL-20260919-0074,EVT-20260919-0070
POL-20260919-0075,EVT-20260919-0036
POL-20260919-0076,EVT-20260919-0031
POL-20260919-0077,EVT-20260919-0008
POL-20260919-0078,EVT-20260919-0014
POL-20260919-0079,EVT-20260919-0010
POL-20260919-0080,EVT-20260919-0076
POL-20260919-0081,EVT-20260919-0027
POL-20260919-0082,EVT-20260919-0039
POL-20260919-0083,EVT-20260919-0001
POL-20260919-0084,EVT-20260919-0023
POL-20260919-0085,EVT-20260919-0031
POL-20260919-0086,EVT-20260919-0074
POL-20260919-0087,EVT-20260919-0010
POL-20260919-0088,EVT-20260919-0014
POL-20260919-0089,EVT-20260919-0011
POL-20260919-0090,EVT-20260919-0013
POL-20260919-0091,EVT-20260919-0040
POL-20260919-0092,EVT-20260919-0068
POL-20260919-0093,EVT-20260919-0028
POL-20260919-0094,EVT-20260919-0044
POL-20260919-0095,EVT-20260919-0042
POL-20260919-0096,EVT-20260919-0054
POL-20260919-0097,EVT-20260919-0034
POL-20260919-0098,EVT-20260919-0043
POL-20260920-0001,EVT-20260919-0075
POL-20260920-0002,EVT-20260919-0039
POL-20260920-0003,EVT-20260920-0057
POL-20260920-0004,EVT-20260920-0054
POL-20260920-0005,EVT-20260920-0049
POL-20260920-0006,EVT-20260919-0012
POL-20260920-0007,EVT-20260920-0007
POL-20260920-0008,EVT-20260920-0079
POL-20260920-0009,EVT-20260918-0033
POL-20260920-0010,EVT-20260920-0060
POL-20260920-0011,EVT-20260920-0051
POL-20260920-0012,EVT-20260919-0035
POL-20260920-0013,EVT-20260920-0025
POL-20260920-0014,EVT-20260919-0045
POL-20260920-0015,EVT-20260920-0066
POL-20260920-0016,EVT-20260919-0054
POL-20260920-0017,EVT-20260919-0059
POL-20260920-0018,EVT-20260920-0012
POL-20260920-0019,EVT-20260919-0035
POL-20260920-0020,EVT-20260920-0049
POL-20260920-0021,EVT-20260920-0032
POL-20260920-0022,EVT-20260920-0040
POL-20260920-0023,EVT-20260920-0015
POL-20260920-0024,EVT-20260919-0037
POL-20260920-0025,EVT-20260919-0053
POL-20260920-0026,EVT-20260920-0023
POL-20260920-0027,EVT-20260919-0014
POL-20260920-0028,EVT-20260920-0011
POL-20260920-0029,EVT-20260920-0062
POL-20260920-0030,EVT-20260920-0069
POL-20260920-0031,EVT-20260920-0069
POL-20260920-0032,EVT-20260920-0052
POL-20260920-0033,EVT-20260919-0029
POL-20260920-0034,EVT-20260919-0059
POL-20260920-0035,EVT-20260920-0034
POL-20260920-0036,EVT-20260919-0004
POL-20260920-0037,EVT-20260919-0032
POL-20260920-0038,EVT-20260920-0013
POL-20260920-0039,EVT-20260920-0029
POL-20260920-0040,EVT-20260920-0065
POL-20260920-0041,EVT-20260919-0002
POL-20260920-0042,EVT-20260920-0010
POL-20260920-0043,EVT-20260920-0070
POL-20260920-0044,EVT-20260920-0009
POL-20260920-0045,EVT-20260920-0024
POL-20260920-0046,EVT-20260919-0053
POL-20260920-0047,EVT-20260920-0047
POL-20260920-0048,EVT-20260919-0057
POL-20260920-0049,EVT-20260919-0064
POL-20260920-0050,EVT-20260920-0033
POL-20260920-0051,EVT-20260919-0024
POL-20260920-0052,EVT-20260920-0042
POL-20260920-0053,EVT-20260920-0076
POL-20260920-0054,EVT-20260920-0021
POL-20260920-0055,EVT-20260920-0030
POL-20260920-0056,EVT-20260920-0022
POL-20260920-0057,EVT-20260920-0043
POL-20260920-0058,EVT-20260920-0046
POL-20260920-0059,EVT-20260920-0002
POL-20260920-0060,EVT-20260920-0039
POL-20260920-0061,EVT-20260920-0005
POL-20260920-0062,EVT-20260920-0026
POL-20260920-0063,EVT-20260920-0056
POL-20260920-0064,EVT-20260919-0074
POL-20260920-0065,EVT-20260920-0053
POL-20260920-0066,EVT-20260920-0016
POL-20260920-0067,EVT-20260920-0058
POL-20260920-0068,EVT-20260920-0050
POL-20260920-0069,EVT-20260920-0068
POL-20260920-0070,EVT-20260920-0045
POL-20260920-0071,EVT-20260920-0001
POL-20260920-0072,EVT-20260920-0072
POL-20260920-0073,EVT-20260920-0033
POL-20260920-0074,EVT-20260920-0042
POL-20260920-0075,EVT-20260920-0008
POL-20260920-0076,EVT-20260920-0036
POL-20260920-0077,EVT-20260920-0041
POL-20260920-0078,EVT-20260920-0017
POL-20260920-0079,EVT-20260920-0059
POL-20260920-0080,EVT-20260920-0042
POL-20260920-0081,EVT-20260920-0044
POL-20260920-0082,EVT-20260920-0027
POL-20260920-0083,EVT-20260920-0025
POL-20260920-0084,EVT-20260920-0073
POL-20260920-0085,EVT-20260920-0053
POL-20260920-0086,EVT-20260919-0007
POL-20260920-0087,EVT-20260920-0075
POL-20260920-0088,EVT-20260920-0037
POL-20260920-0089,EVT-20260920-0038
POL-20260920-0090,EVT-20260920-0063
POL-20260920-0091,EVT-20260920-0003
POL-20260920-0092,EVT-20260920-0006
POL-20260920-0093,EVT-20260920-0070
POL-20260920-0094,EVT-20260920-0014
POL-20260920-0095,EVT-20260920-0035
POL-20260920-0096,EVT-20260920-0035
POL-20260920-0097,EVT-20260920-0004
POL-20260920-0098,EVT-20260919-0058
POL-20260920-0099,EVT-20260920-0053
POL-20260920-0100,EVT-20260920-0048
POL-20260920-0101,EVT-20260920-0018
POL-20260921-0001,EVT-20260920-0071
POL-20260921-0002,EVT-20260920-0028
POL-20260921-0003,EVT-20260920-0079
POL-20260921-0004,EVT-20260920-0052
POL-20260921-0005,EVT-20260921-0007
POL-20260921-0006,EVT-20260921-0009
POL-20260921-0007,EVT-20260921-0034
POL-20260921-0008,EVT-20260920-0014
POL-20260921-0009,EVT-20260918-0039
POL-20260921-0010,EVT-20260921-0009
POL-20260921-0011,EVT-20260920-0055
POL-20260921-0012,EVT-20260920-0077
POL-20260921-0013,EVT-20260919-0079
POL-20260921-0014,EVT-20260920-0049
POL-20260921-0015,EVT-20260919-0022
POL-20260921-0016,EVT-20260920-0074
POL-20260921-0017,EVT-20260921-0043
POL-20260921-0018,EVT-20260920-0074
POL-20260921-0019,EVT-20260920-0070
POL-20260921-0020,EVT-20260920-0074
POL-20260921-0021,EVT-20260920-0072
POL-20260921-0022,EVT-20260921-0021
POL-20260921-0023,EVT-20260921-0030
POL-20260921-0024,EVT-20260921-0033
POL-20260921-0025,EVT-20260921-0011
POL-20260921-0026,EVT-20260921-0025
POL-20260921-0027,EVT-20260921-0022
POL-20260921-0028,EVT-20260919-0010
POL-20260921-0029,EVT-20260921-0036
POL-20260921-0030,EVT-20260920-0072
POL-20260921-0031,EVT-20260921-0001
POL-20260921-0032,EVT-20260920-0067
POL-20260921-0033,EVT-20260920-0019
POL-20260921-0034,EVT-20260919-0014
POL-20260921-0035,EVT-20260921-0004
POL-20260921-0036,EVT-20260921-0024
POL-20260921-0037,EVT-20260921-0005
POL-20260921-0038,EVT-20260921-0001
POL-20260921-0039,EVT-20260921-0010
POL-20260921-0040,EVT-20260921-0012
POL-20260921-0041,EVT-20260921-0015
POL-20260921-0042,EVT-20260921-0046
POL-20260921-0043,EVT-20260920-0020
POL-20260921-0044,EVT-20260921-0010
POL-20260921-0045,EVT-20260920-0031
POL-20260921-0046,EVT-20260921-0031
POL-20260921-0047,EVT-20260921-0002
POL-20260921-0048,EVT-20260921-0006
POL-20260921-0049,EVT-20260921-0037
POL-20260921-0050,EVT-20260921-0020
POL-20260921-0051,EVT-20260921-0042
POL-20260921-0052,EVT-20260920-0064
POL-20260921-0053,EVT-20260921-0017
POL-20260921-0054,EVT-20260921-0016
POL-20260921-0055,EVT-20260921-0023
POL-20260921-0056,EVT-20260921-0029
POL-20260921-0057,EVT-20260921-0014
POL-20260921-0058,EVT-20260920-0078
POL-20260921-0059,EVT-20260921-0018
POL-20260921-0060,EVT-20260921-0039
POL-20260921-0061,EVT-20260921-0018
POL-20260921-0062,EVT-20260921-0028
POL-20260921-0063,EVT-20260918-0028
POL-20260921-0064,EVT-20260921-0003
POL-20260922-0001,EVT-20260921-0019
POL-20260922-0002,EVT-20260921-0002
POL-20260922-0003,EVT-20260921-0020
POL-20260922-0004,EVT-20260921-0044
POL-20260922-0005,EVT-20260921-0046
POL-20260922-0006,EVT-20260922-0002
POL-20260922-0007,EVT-20260921-0032
POL-20260922-0008,EVT-20260922-0048
POL-20260922-0009,EVT-20260922-0004
POL-20260922-0010,EVT-20260922-0024
POL-20260922-0011,EVT-20260921-0027
POL-20260922-0012,EVT-20260921-0038
POL-20260922-0013,EVT-20260922-0046
POL-20260922-0014,EVT-20260919-0045
POL-20260922-0015,EVT-20260922-0008
POL-20260922-0016,EVT-20260920-0034
POL-20260922-0017,EVT-20260921-0041
POL-20260922-0018,EVT-20260921-0026
POL-20260922-0019,EVT-20260922-0010
POL-20260922-0020,EVT-20260922-0037
POL-20260922-0021,EVT-20260922-0023
POL-20260922-0022,EVT-20260922-0039
POL-20260922-0023,EVT-20260922-0042
POL-20260922-0024,EVT-20260922-0036
POL-20260922-0025,EVT-20260922-0028
POL-20260922-0026,EVT-20260922-0032
POL-20260922-0027,EVT-20260921-0019
POL-20260922-0028,EVT-20260921-0010
POL-20260922-0029,EVT-20260922-0016
POL-20260922-0030,EVT-20260922-0054
POL-20260922-0031,EVT-20260920-0061
POL-20260922-0032,EVT-20260922-0025
POL-20260922-0033,EVT-20260922-0009
POL-20260922-0034,EVT-20260922-0040
POL-20260922-0035,EVT-20260921-0001
POL-20260922-0036,EVT-20260922-0025
POL-20260922-0037,EVT-20260921-0040
POL-20260922-0038,EVT-20260922-0017
POL-20260922-0039,EVT-20260922-0020
POL-20260922-0040,EVT-20260922-0031
POL-20260922-0041,EVT-20260921-0035
POL-20260922-0042,EVT-20260922-0051
POL-20260922-0043,EVT-20260922-0001
POL-20260922-0044,EVT-20260922-0041
POL-20260922-0045,EVT-20260922-0035
POL-20260922-0046,EVT-20260921-0019
POL-20260922-0047,EVT-20260922-0033
POL-20260922-0048,EVT-20260922-0053
POL-20260922-0049,EVT-20260922-0005
POL-20260922-0050,EVT-20260922-0057
POL-20260922-0051,EVT-20260922-0055
POL-20260922-0052,EVT-20260922-0042
POL-20260922-0053,EVT-20260922-0030
POL-20260922-0054,EVT-20260921-0023
POL-20260922-0055,EVT-20260922-0047
POL-20260922-0056,EVT-20260922-0052
POL-20260922-0057,EVT-20260922-0026
POL-20260922-0058,EVT-20260922-0006
POL-20260922-0059,EVT-20260922-0027
POL-20260922-0060,EVT-20260922-0015
POL-20260922-0061,EVT-20260922-0003
POL-20260922-0062,EVT-20260922-0030
POL-20260922-0063,EVT-20260922-0043
POL-20260922-0064,EVT-20260922-0045
POL-20260922-0065,EVT-20260919-0060
POL-20260922-0066,EVT-20260922-0049
POL-20260922-0067,EVT-20260922-0011
POL-20260922-0068,EVT-20260922-0029
POL-20260922-0069,EVT-20260922-0036
POL-20260922-0070,EVT-20260922-0056
POL-20260922-0071,EVT-20260922-0022
POL-20260923-0001,EVT-20260922-0047
POL-20260923-0002,EVT-20260923-0022
POL-20260923-0003,EVT-20260922-0013
POL-20260923-0004,EVT-20260923-0050
POL-20260923-0005,EVT-20260922-0050
POL-20260923-0006,EVT-20260923-0046
POL-20260923-0007,EVT-20260922-0013
POL-20260923-0008,EVT-20260922-0051
POL-20260923-0009,EVT-20260922-0014
POL-20260923-0010,EVT-20260923-0046
POL-20260923-0011,EVT-20260922-0018
POL-20260923-0012,EVT-20260922-0012
POL-20260923-0013,EVT-20260922-0015
POL-20260923-0014,EVT-20260922-0007
POL-20260923-0015,EVT-20260922-0029
POL-20260923-0016,EVT-20260923-0048
POL-20260923-0017,EVT-20260923-0001
POL-20260923-0018,EVT-20260923-0007
POL-20260923-0019,EVT-20260923-0043
POL-20260923-0020,EVT-20260922-0034
POL-20260923-0021,EVT-20260922-0044
POL-20260923-0022,EVT-20260923-0035
POL-20260923-0023,EVT-20260922-0003
POL-20260923-0024,EVT-20260923-0046
POL-20260923-0025,EVT-20260923-0034
POL-20260923-0026,EVT-20260923-0013
POL-20260923-0027,EVT-20260923-0009
POL-20260923-0028,EVT-20260923-0003
POL-20260923-0029,EVT-20260923-0003
POL-20260923-0030,EVT-20260922-0019
POL-20260923-0031,EVT-20260923-0002
POL-20260923-0032,EVT-20260923-0010
POL-20260923-0033,EVT-20260923-0014
POL-20260923-0034,EVT-20260923-0007
POL-20260923-0035,EVT-20260922-0003
POL-20260923-0036,EVT-20260923-0021
POL-20260923-0037,EVT-20260923-0005
POL-20260923-0038,EVT-20260923-0047
POL-20260923-0039,EVT-20260923-0036
POL-20260923-0040,EVT-20260921-0045
POL-20260923-0041,EVT-20260923-0045
POL-20260923-0042,EVT-20260923-0028
POL-20260923-0043,EVT-20260923-0003
POL-20260923-0044,EVT-20260923-0036
POL-20260923-0045,EVT-20260923-0023
POL-20260923-0046,EVT-20260923-0028
POL-20260923-0047,EVT-20260923-0031
POL-20260923-0048,EVT-20260923-0026
POL-20260923-0049,EVT-20260921-0013
POL-20260923-0050,EVT-20260920-0078
POL-20260923-0051,EVT-20260923-0041
POL-20260923-0052,EVT-20260923-0020
POL-20260923-0053,EVT-20260923-0012
POL-20260923-0054,EVT-20260923-0032
POL-20260923-0055,EVT-20260923-0021
POL-20260923-0056,EVT-20260923-0027
POL-20260923-0057,EVT-20260923-0017
POL-20260923-0058,EVT-20260923-0025
POL-20260923-0059,EVT-20260923-0042
POL-20260923-0060,EVT-20260923-0037
POL-20260923-0061,EVT-20260922-0003
POL-20260923-0062,EVT-20260923-0019
POL-20260923-0063,EVT-20260922-0017
POL-20260923-0064,EVT-20260923-0024
POL-20260923-0065,EVT-20260923-0004
POL-20260923-0066,EVT-20260923-0008
POL-20260923-0067,EVT-20260923-0030
POL-20260923-0068,EVT-20260923-0004
POL-20260923-0069,EVT-20260923-0044
POL-20260923-0070,EVT-20260923-0015
POL-20260923-0071,EVT-20260923-0038
POL-20260923-0072,EVT-20260923-0016
POL-20260924-0001,EVT-20260923-0049
POL-20260924-0002,EVT-20260923-0043
POL-20260924-0003,EVT-20260924-0007
POL-20260924-0004,EVT-20260923-0036
POL-20260924-0005,EVT-20260924-0026
POL-20260924-0006,EVT-20260924-0006
POL-20260924-0007,EVT-20260924-0007
POL-20260924-0008,EVT-20260923-0020
POL-20260924-0009,EVT-20260923-0033
POL-20260924-0010,EVT-20260924-0047
POL-20260924-0011,EVT-20260924-0029
POL-20260924-0012,EVT-20260924-0007
POL-20260924-0013,EVT-20260923-0028
POL-20260924-0014,EVT-20260922-0038
POL-20260924-0015,EVT-20260924-0003
POL-20260924-0016,EVT-20260923-0018
POL-20260924-0017,EVT-20260924-0048
POL-20260924-0018,EVT-20260924-0017
POL-20260924-0019,EVT-20260924-0043
POL-20260924-0020,EVT-20260924-0049
POL-20260924-0021,EVT-20260923-0020
POL-20260924-0022,EVT-20260924-0036
POL-20260924-0023,EVT-20260924-0032
POL-20260924-0024,EVT-20260924-0032
POL-20260924-0025,EVT-20260924-0015
POL-20260924-0026,EVT-20260924-0038
POL-20260924-0027,EVT-20260923-0006
POL-20260924-0028,EVT-20260923-0029
POL-20260924-0029,EVT-20260924-0005
POL-20260924-0030,EVT-20260924-0045
POL-20260924-0031,EVT-20260923-0039
POL-20260924-0032,EVT-20260924-0019
POL-20260924-0033,EVT-20260924-0035
POL-20260924-0034,EVT-20260924-0009
POL-20260924-0035,EVT-20260924-0002
POL-20260924-0036,EVT-20260924-0009
POL-20260924-0037,EVT-20260924-0018
POL-20260924-0038,EVT-20260924-0021
POL-20260924-0039,EVT-20260922-0021
POL-20260924-0040,EVT-20260924-0021
POL-20260924-0041,EVT-20260923-0011
POL-20260924-0042,EVT-20260924-0039
POL-20260924-0043,EVT-20260924-0016
POL-20260924-0044,EVT-20260924-0027
POL-20260924-0045,EVT-20260924-0034
POL-20260924-0046,EVT-20260924-0008
POL-20260924-0047,EVT-20260924-0037
POL-20260924-0048,EVT-20260924-0004
POL-20260924-0049,EVT-20260924-0022
POL-20260924-0050,EVT-20260924-0032
POL-20260924-0051,EVT-20260918-0033
POL-20260924-0052,EVT-20260924-0023
POL-20260924-0053,EVT-20260924-0044
POL-20260924-0054,EVT-20260924-0051
POL-20260924-0055,EVT-20260924-0011
POL-20260924-0056,EVT-20260924-0046
POL-20260924-0057,EVT-20260924-0014
POL-20260924-0058,EVT-20260924-0028
POL-20260924-0059,EVT-20260924-0039
POL-20260924-0060,EVT-20260924-0052
POL-20260924-0061,EVT-20260924-0020
POL-20260924-0062,EVT-20260924-0013
POL-20260924-0063,EVT-20260924-0012
POL-20260925-0001,EVT-20260924-0040
POL-20260925-0002,EVT-20260924-0039
POL-20260925-0003,EVT-20260925-0019
POL-20260925-0004,EVT-20260924-0031
POL-20260925-0005,EVT-20260924-0042
POL-20260925-0006,EVT-20260924-0030
POL-20260925-0007,EVT-20260924-0032
POL-20260925-0008,EVT-20260925-0041
POL-20260925-0009,EVT-20260925-0024
POL-20260925-0010,EVT-20260924-0025
POL-20260925-0011,EVT-20260925-0025
POL-20260925-0012,EVT-20260925-0040
POL-20260925-0013,EVT-20260925-0030
POL-20260925-0014,EVT-20260924-0052
POL-20260925-0015,EVT-20260925-0029
POL-20260925-0016,EVT-20260925-0051
POL-20260925-0017,EVT-20260924-0052
POL-20260925-0018,EVT-20260925-0027
POL-20260925-0019,EVT-20260924-0033
POL-20260925-0020,EVT-20260924-0050
POL-20260925-0021,EVT-20260924-0046
POL-20260925-0022,EVT-20260925-0045
POL-20260925-0023,EVT-20260925-0034
POL-20260925-0024,EVT-20260925-0005
POL-20260925-0025,EVT-20260924-0053
POL-20260925-0026,EVT-20260925-0008
POL-20260925-0027,EVT-20260925-0042
POL-20260925-0028,EVT-20260925-0039
POL-20260925-0029,EVT-20260924-0041
POL-20260925-0030,EVT-20260925-0004
POL-20260925-0031,EVT-20260925-0017
POL-20260925-0032,EVT-20260925-0050
POL-20260925-0033,EVT-20260925-0003
POL-20260925-0034,EVT-20260924-0024
POL-20260925-0035,EVT-20260925-0021
POL-20260925-0036,EVT-20260924-0010
POL-20260925-0037,EVT-20260925-0049
POL-20260925-0038,EVT-20260925-0033
POL-20260925-0039,EVT-20260925-0047
POL-20260925-0040,EVT-20260925-0035
POL-20260925-0041,EVT-20260925-0046
POL-20260925-0042,EVT-20260925-0034
POL-20260925-0043,EVT-20260925-0048
POL-20260925-0044,EVT-20260925-0028
POL-20260925-0045,EVT-20260925-0033
POL-20260925-0046,EVT-20260921-0008
POL-20260925-0047,EVT-20260925-0048
POL-20260925-0048,EVT-20260925-0009
POL-20260925-0049,EVT-20260925-0034
POL-20260925-0050,EVT-20260925-0022
POL-20260925-0051,EVT-20260925-0038
POL-20260925-0052,EVT-20260925-0010
POL-20260925-0053,EVT-20260925-0044
POL-20260925-0054,EVT-20260925-0033
POL-20260925-0055,EVT-20260925-0052
POL-20260925-0056,EVT-20260925-0016
POL-20260925-0057,EVT-20260925-0023
POL-20260925-0058,EVT-20260925-0002
POL-20260925-0059,EVT-20260925-0036
POL-20260925-0060,EVT-20260923-0040
POL-20260925-0061,EVT-20260925-0020
POL-20260925-0062,EVT-20260925-0012
POL-20260925-0063,EVT-20260925-0007
POL-20260925-0064,EVT-20260925-0001
POL-20260925-0065,EVT-20260925-0013
POL-20260926-0001,EVT-20260924-0011
POL-20260926-0002,EVT-20260925-0003
POL-20260926-0003,EVT-20260925-0037
POL-20260926-0004,EVT-20260925-0037
POL-20260926-0005,EVT-20260925-0006
POL-20260926-0006,EVT-20260925-0047
POL-20260926-0007,EVT-20260925-0015
POL-20260926-0008,EVT-20260926-0038
POL-20260926-0009,EVT-20260925-0048
POL-20260926-0010,EVT-20260926-0008
POL-20260926-0011,EVT-20260926-0017
POL-20260926-0012,EVT-20260926-0037
POL-20260926-0013,EVT-20260926-0024
POL-20260926-0014,EVT-20260926-0036
POL-20260926-0015,EVT-20260925-0018
POL-20260926-0016,EVT-20260926-0040
POL-20260926-0017,EVT-20260926-0023
POL-20260926-0018,EVT-20260926-0007
POL-20260926-0019,EVT-20260926-0030
POL-20260926-0020,EVT-20260926-0033
POL-20260926-0021,EVT-20260924-0001
POL-20260926-0022,EVT-20260926-0019
POL-20260926-0023,EVT-20260926-0024
POL-20260926-0024,EVT-20260926-0052
POL-20260926-0025,EVT-20260926-0050
POL-20260926-0026,EVT-20260926-0002
POL-20260926-0027,EVT-20260926-0025
POL-20260926-0028,EVT-20260926-0025
POL-20260926-0029,EVT-20260926-0034
POL-20260926-0030,EVT-20260926-0048
POL-20260926-0031,EVT-20260926-0029
POL-20260926-0032,EVT-20260926-0035
POL-20260926-0033,EVT-20260925-0047
POL-20260926-0034,EVT-20260926-0020
POL-20260926-0035,EVT-20260926-0034
POL-20260926-0036,EVT-20260926-0013
POL-20260926-0037,EVT-20260926-0047
POL-20260926-0038,EVT-20260925-0020
POL-20260926-0039,EVT-20260926-0047
POL-20260926-0040,EVT-20260926-0039
POL-20260926-0041,EVT-20260926-0004
POL-20260926-0042,EVT-20260926-0041
POL-20260926-0043,EVT-20260926-0012
POL-20260926-0044,EVT-20260926-0051
POL-20260926-0045,EVT-20260926-0011
POL-20260926-0046,EVT-20260926-0049
POL-20260926-0047,EVT-20260926-0001
POL-20260926-0048,EVT-20260926-0034
POL-20260926-0049,EVT-20260926-0045
POL-20260926-0050,EVT-20260926-0006
POL-20260926-0051,EVT-20260926-0009
POL-20260926-0052,EVT-20260926-0010
POL-20260926-0053,EVT-20260926-0031
POL-20260926-0054,EVT-20260926-0014
POL-20260926-0055,EVT-20260926-0021
POL-20260926-0056,EVT-20260926-0046
POL-20260926-0057,EVT-20260926-0018
POL-20260926-0058,EVT-20260926-0043
POL-20260926-0059,EVT-20260926-0022
POL-20260926-0060,EVT-20260926-0042
POL-20260926-0061,EVT-20260925-0028
POL-20260926-0062,EVT-20260925-0032
POL-20260926-0063,EVT-20260926-0005
POL-20260926-0064,EVT-20260926-0016
POL-20260926-0065,EVT-20260926-0025
POL-20260927-0001,EVT-20260926-0031
POL-20260927-0002,EVT-20260926-0015
POL-20260927-0003,EVT-20260927-0013
POL-20260927-0004,EVT-20260925-0026
POL-20260927-0005,EVT-20260927-0017
POL-20260927-0006,EVT-20260927-0050
POL-20260927-0007,EVT-20260926-0032
POL-20260927-0008,EVT-20260926-0026
POL-20260927-0009,EVT-20260926-0029
POL-20260927-0010,EVT-20260927-0020
POL-20260927-0011,EVT-20260927-0031
POL-20260927-0012,EVT-20260927-0017
POL-20260927-0013,EVT-20260927-0037
POL-20260927-0014,EVT-20260926-0044
POL-20260927-0015,EVT-20260927-0050
POL-20260927-0016,EVT-20260927-0031
POL-20260927-0017,EVT-20260927-0034
POL-20260927-0018,EVT-20260927-0030
POL-20260927-0019,EVT-20260927-0025
POL-20260927-0020,EVT-20260926-0025
POL-20260927-0021,EVT-20260926-0027
POL-20260927-0022,EVT-20260926-0024
POL-20260927-0023,EVT-20260926-0044
POL-20260927-0024,EVT-20260927-0012
POL-20260927-0025,EVT-20260926-0029
POL-20260927-0026,EVT-20260927-0013
POL-20260927-0027,EVT-20260926-0044
POL-20260927-0028,EVT-20260927-0023
POL-20260927-0029,EVT-20260927-0015
POL-20260927-0030,EVT-20260927-0052
POL-20260927-0031,EVT-20260927-0013
POL-20260927-0032,EVT-20260927-0045
POL-20260927-0033,EVT-20260927-0054
POL-20260927-0034,EVT-20260927-0019
POL-20260927-0035,EVT-20260927-0020
POL-20260927-0036,EVT-20260927-0041
POL-20260927-0037,EVT-20260927-0048
POL-20260927-0038,EVT-20260927-0008
POL-20260927-0039,EVT-20260925-0043
POL-20260927-0040,EVT-20260927-0022
POL-20260927-0041,EVT-20260927-0028
POL-20260927-0042,EVT-20260927-0018
POL-20260927-0043,EVT-20260927-0055
POL-20260927-0044,EVT-20260927-0048
POL-20260927-0045,EVT-20260925-0031
POL-20260927-0046,EVT-20260926-0031
POL-20260927-0047,EVT-20260927-0051
POL-20260927-0048,EVT-20260927-0040
POL-20260927-0049,EVT-20260927-0016
POL-20260927-0050,EVT-20260927-0055
POL-20260927-0051,EVT-20260925-0014
POL-20260927-0052,EVT-20260927-0024
POL-20260927-0053,EVT-20260927-0041
POL-20260927-0054,EVT-20260927-0017
POL-20260927-0055,EVT-20260927-0041
POL-20260927-0056,EVT-20260927-0011
POL-20260927-0057,EVT-20260927-0029
POL-20260927-0058,EVT-20260927-0032
POL-20260927-0059,EVT-20260927-0010
POL-20260927-0060,EVT-20260927-0014
POL-20260927-0061,EVT-20260927-0053
POL-20260927-0062,EVT-20260927-0043
POL-20260927-0063,EVT-20260927-0036
POL-20260927-0064,EVT-20260927-0047
POL-20260927-0065,EVT-20260927-0002
POL-20260927-0066,EVT-20260927-0022
POL-20260927-0067,EVT-20260925-0011
POL-20260927-0068,EVT-20260927-0002
POL-20260927-0069,EVT-20260927-0035
POL-20260927-0070,EVT-20260927-0038
POL-20260928-0001,EVT-20260927-0021
POL-20260928-0002,EVT-20260927-0001
POL-20260928-0003,EVT-20260927-0053
POL-20260928-0004,EVT-20260927-0005
POL-20260928-0005,EVT-20260928-0033
POL-20260928-0006,EVT-20260927-0049
POL-20260928-0007,EVT-20260928-0028
POL-20260928-0008,EVT-20260927-0050
POL-20260928-0009,EVT-20260927-0026
POL-20260928-0010,EVT-20260927-0033
POL-20260928-0011,EVT-20260927-0006
POL-20260928-0012,EVT-20260927-0046
POL-20260928-0013,EVT-20260927-0039
POL-20260928-0014,EVT-20260928-0036
POL-20260928-0015,EVT-20260927-0008
POL-20260928-0016,EVT-20260927-0003
POL-20260928-0017,EVT-20260926-0015
POL-20260928-0018,EVT-20260927-0004
POL-20260928-0019,EVT-20260926-0028
POL-20260928-0020,EVT-20260928-0035
POL-20260928-0021,EVT-20260927-0053
POL-20260928-0022,EVT-20260928-0015
POL-20260928-0023,EVT-20260927-0054
POL-20260928-0024,EVT-20260928-0045
POL-20260928-0025,EVT-20260927-0009
POL-20260928-0026,EVT-20260928-0044
POL-20260928-0027,EVT-20260927-0002
POL-20260928-0028,EVT-20260928-0025
POL-20260928-0029,EVT-20260928-0004
POL-20260928-0030,EVT-20260928-0014
POL-20260928-0031,EVT-20260928-0023
POL-20260928-0032,EVT-20260928-0023
POL-20260928-0033,EVT-20260928-0024
POL-20260928-0034,EVT-20260927-0053
POL-20260928-0035,EVT-20260928-0029
POL-20260928-0036,EVT-20260928-0021
POL-20260928-0037,EVT-20260928-0017
POL-20260928-0038,EVT-20260928-0042
POL-20260928-0039,EVT-20260928-0003
POL-20260928-0040,EVT-20260928-0024
POL-20260928-0041,EVT-20260928-0030
POL-20260928-0042,EVT-20260928-0037
POL-20260928-0043,EVT-20260928-0021
POL-20260928-0044,EVT-20260928-0005
POL-20260928-0045,EVT-20260928-0009
POL-20260928-0046,EVT-20260928-0022
POL-20260928-0047,EVT-20260928-0002
POL-20260928-0048,EVT-20260928-0016
POL-20260928-0049,EVT-20260928-0030
POL-20260928-0050,EVT-20260928-0032
POL-20260928-0051,EVT-20260928-0019
POL-20260928-0052,EVT-20260928-0019
POL-20260928-0053,EVT-20260928-0013
POL-20260928-0054,EVT-20260928-0020
POL-20260928-0055,EVT-20260928-0006
POL-20260928-0056,EVT-20260928-0018
POL-20260928-0057,EVT-20260928-0011
POL-20260928-0058,EVT-20260928-0038
POL-20260928-0059,EVT-20260928-0031
POL-20260928-0060,EVT-20260928-0008
POL-20260928-0061,EVT-20260928-0041
POL-20260928-0062,EVT-20260928-0039
POL-20260928-0063,EVT-20260928-0040
POL-20260928-0064,EVT-20260928-0010
POL-20260929-0001,EVT-20260927-0007
POL-20260929-0002,EVT-20260929-0044
POL-20260929-0003,EVT-20260929-0054
POL-20260929-0004,EVT-20260929-0008
POL-20260929-0005,EVT-20260928-0009
POL-20260929-0006,EVT-20260928-0001
POL-20260929-0007,EVT-20260929-0029
POL-20260929-0008,EVT-20260928-0012
POL-20260929-0009,EVT-20260928-0039
POL-20260929-0010,EVT-20260929-0050
POL-20260929-0011,EVT-20260928-0031
POL-20260929-0012,EVT-20260929-0042
POL-20260929-0013,EVT-20260928-0016
POL-20260929-0014,EVT-20260928-0031
POL-20260929-0015,EVT-20260928-0008
POL-20260929-0016,EVT-20260929-0060
POL-20260929-0017,EVT-20260929-0037
POL-20260929-0018,EVT-20260928-0014
POL-20260929-0019,EVT-20260927-0027
POL-20260929-0020,EVT-20260927-0027
POL-20260929-0021,EVT-20260929-0015
POL-20260929-0022,EVT-20260929-0045
POL-20260929-0023,EVT-20260929-0027
POL-20260929-0024,EVT-20260929-0021
POL-20260929-0025,EVT-20260929-0031
POL-20260929-0026,EVT-20260928-0034
POL-20260929-0027,EVT-20260929-0039
POL-20260929-0028,EVT-20260929-0043
POL-20260929-0029,EVT-20260928-0019
POL-20260929-0030,EVT-20260929-0028
POL-20260929-0031,EVT-20260929-0001
POL-20260929-0032,EVT-20260929-0022
POL-20260929-0033,EVT-20260928-0027
POL-20260929-0034,EVT-20260929-0062
POL-20260929-0035,EVT-20260928-0008
POL-20260929-0036,EVT-20260929-0014
POL-20260929-0037,EVT-20260929-0052
POL-20260929-0038,EVT-20260929-0001
POL-20260929-0039,EVT-20260929-0007
POL-20260929-0040,EVT-20260929-0064
POL-20260929-0041,EVT-20260929-0051
POL-20260929-0042,EVT-20260929-0047
POL-20260929-0043,EVT-20260929-0018
POL-20260929-0044,EVT-20260929-0034
POL-20260929-0045,EVT-20260929-0049
POL-20260929-0046,EVT-20260929-0026
POL-20260929-0047,EVT-20260929-0046
POL-20260929-0048,EVT-20260929-0002
POL-20260929-0049,EVT-20260929-0023
POL-20260929-0050,EVT-20260929-0020
POL-20260929-0051,EVT-20260929-0025
POL-20260929-0052,EVT-20260929-0016
POL-20260929-0053,EVT-20260929-0003
POL-20260929-0054,EVT-20260929-0013
POL-20260929-0055,EVT-20260929-0010
POL-20260929-0056,EVT-20260929-0063
POL-20260929-0057,EVT-20260929-0019
POL-20260929-0058,EVT-20260929-0033
POL-20260929-0059,EVT-20260929-0004
POL-20260929-0060,EVT-20260929-0041
POL-20260929-0061,EVT-20260929-0053
POL-20260929-0062,EVT-20260929-0036
POL-20260929-0063,EVT-20260929-0009
POL-20260929-0064,EVT-20260929-0061
POL-20260929-0065,EVT-20260929-0012
POL-20260929-0066,EVT-20260929-0059
POL-20260929-0067,EVT-20260929-0032
POL-20260929-0068,EVT-20260929-0030
POL-20260929-0069,EVT-20260929-0035
POL-20260929-0070,EVT-20260929-0009
POL-20260930-0001,EVT-20260928-0043
POL-20260930-0002,EVT-20260929-0056
POL-20260930-0003,EVT-20260930-0018
POL-20260930-0004,EVT-20260930-0032
POL-20260930-0005,EVT-20260930-0023
POL-20260930-0006,EVT-20260930-0033
POL-20260930-0007,EVT-20260929-0057
POL-20260930-0008,EVT-20260930-0001
POL-20260930-0009,EVT-20260928-0007
POL-20260930-0010,EVT-20260929-0048
POL-20260930-0011,EVT-20260930-0026
POL-20260930-0012,EVT-20260929-0058
POL-20260930-0013,EVT-20260930-0057
POL-20260930-0014,EVT-20260929-0005
POL-20260930-0015,EVT-20260930-0046
POL-20260930-0016,EVT-20260930-0016
POL-20260930-0017,EVT-20260929-0005
POL-20260930-0018,EVT-20260930-0036
POL-20260930-0019,EVT-20260930-0049
POL-20260930-0020,EVT-20260930-0005
POL-20260930-0021,EVT-20260930-0056
POL-20260930-0022,EVT-20260929-0058
POL-20260930-0023,EVT-20260930-0003
POL-20260930-0024,EVT-20260930-0005
POL-20260930-0025,EVT-20260930-0058
POL-20260930-0026,EVT-20260930-0001
POL-20260930-0027,EVT-20260930-0002
POL-20260930-0028,EVT-20260930-0047
POL-20260930-0029,EVT-20260929-0040
POL-20260930-0030,EVT-20260930-0004
POL-20260930-0031,EVT-20260930-0043
POL-20260930-0032,EVT-20260929-0053
POL-20260930-0033,EVT-20260930-0005
POL-20260930-0034,EVT-20260929-0055
POL-20260930-0035,EVT-20260930-0011
POL-20260930-0036,EVT-20260930-0042
POL-20260930-0037,EVT-20260930-0020
POL-20260930-0038,EVT-20260930-0048
POL-20260930-0039,EVT-20260930-0021
POL-20260930-0040,EVT-20260930-0042
POL-20260930-0041,EVT-20260930-0027
POL-20260930-0042,EVT-20260930-0055
POL-20260930-0043,EVT-20260930-0040
POL-20260930-0044,EVT-20260930-0041
POL-20260930-0045,EVT-20260930-0052
POL-20260930-0046,EVT-20260930-0007
POL-20260930-0047,EVT-20260930-0025
POL-20260930-0048,EVT-20260930-0034
POL-20260930-0049,EVT-20260930-0022
POL-20260930-0050,EVT-20260930-0008
POL-20260930-0051,EVT-20260930-0040
POL-20260930-0052,EVT-20260930-0053
POL-20260930-0053,EVT-20260929-0024
POL-20260930-0054,EVT-20260927-0042
POL-20260930-0055,EVT-20260930-0035
POL-20260930-0056,EVT-20260930-0030
POL-20260930-0057,EVT-20260930-0014
POL-20260930-0058,EVT-20260930-0044
POL-20260930-0059,EVT-20260930-0024
POL-20260930-0060,EVT-20260930-0019
POL-20260930-0061,EVT-20260930-0054
POL-20260930-0062,EVT-20260930-0053
POL-20260930-0063,EVT-20260929-0011
POL-20260930-0064,EVT-20260930-0028
POL-20260930-0065,EVT-20260930-0042
POL-20260930-0066,EVT-20260930-0040
POL-20260930-0067,EVT-20260930-0017
POL-20260930-0068,EVT-20260930-0031
POL-20260930-0069,EVT-20260930-0042
POL-20260930-0070,EVT-20260930-0059
POL-20260930-0071,EVT-20260930-0059
POL-20260930-0072,EVT-20260930-0037
POL-20260930-0073,EVT-20260929-0017
POL-20260930-0074,EVT-20260930-0050
POL-20260930-0075,EVT-20260930-0039
POL-20260930-0076,EVT-20260930-0029
POL-20260930-0077,EVT-20260930-0006
POL-20260930-0078,EVT-20260928-0026
POL-20261001-0001,EVT-20260930-0013
POL-20261001-0002,EVT-20260930-0015
POL-20261001-0003,EVT-20261001-0014
POL-20261001-0004,EVT-20260930-0058
POL-20261001-0005,EVT-20260930-0038
POL-20261001-0006,EVT-20261001-0017
POL-20261001-0007,EVT-20261001-0043
POL-20261001-0008,EVT-20260930-0040
POL-20261001-0009,EVT-20260930-0010
POL-20261001-0010,EVT-20260930-0059
POL-20261001-0011,EVT-20260927-0044
POL-20261001-0012,EVT-20260930-0045
POL-20261001-0013,EVT-20261001-0044
POL-20261001-0014,EVT-20260930-0012
POL-20261001-0015,EVT-20261001-0021
POL-20261001-0016,EVT-20261001-0024
POL-20261001-0017,EVT-20260930-0009
POL-20261001-0018,EVT-20261001-0029
POL-20261001-0019,EVT-20261001-0043
POL-20261001-0020,EVT-20261001-0020
POL-20261001-0021,EVT-20261001-0041
POL-20261001-0022,EVT-20261001-0031
POL-20261001-0023,EVT-20260928-0014
POL-20261001-0024,EVT-20261001-0006
POL-20261001-0025,EVT-20261001-0030
POL-20261001-0026,EVT-20261001-0020
POL-20261001-0027,EVT-20260929-0038
POL-20261001-0028,EVT-20260930-0027
POL-20261001-0029,EVT-20261001-0011
POL-20261001-0030,EVT-20261001-0011
POL-20261001-0031,EVT-20260930-0045
POL-20261001-0032,EVT-20260929-0006
POL-20261001-0033,EVT-20261001-0031
POL-20261001-0034,EVT-20261001-0043
POL-20261001-0035,EVT-20260930-0051
POL-20261001-0036,EVT-20261001-0031
POL-20261001-0037,EVT-20261001-0027
POL-20261001-0038,EVT-20261001-0011
POL-20261001-0039,EVT-20260930-0010
POL-20261001-0040,EVT-20261001-0039
POL-20261001-0041,EVT-20261001-0045
POL-20261001-0042,EVT-20261001-0028
POL-20261001-0043,EVT-20261001-0003
POL-20261001-0044,EVT-20261001-0018
POL-20261001-0045,EVT-20261001-0026
POL-20261001-0046,EVT-20261001-0008
POL-20261001-0047,EVT-20261001-0036
POL-20261001-0048,EVT-20261001-0021
POL-20261001-0049,EVT-20261001-0025
POL-20261001-0050,EVT-20261001-0012
POL-20261001-0051,EVT-20261001-0001
POL-20261001-0052,EVT-20261001-0007
POL-20261001-0053,EVT-20261001-0015
POL-20261001-0054,EVT-20261001-0040
POL-20261001-0055,EVT-20261001-0002
POL-20261001-0056,EVT-20261001-0032
POL-20261001-0057,EVT-20261001-0016
POL-20261002-0001,EVT-20261001-0023
POL-20261002-0002,EVT-20260926-0003
POL-20261002-0003,EVT-20261002-0019
POL-20261002-0004,EVT-20261001-0004
POL-20261002-0005,EVT-20261002-0020
POL-20261002-0006,EVT-20261002-0036
POL-20261002-0007,EVT-20261001-0019
POL-20261002-0008,EVT-20261002-0010
POL-20261002-0009,EVT-20260930-0039
POL-20261002-0010,EVT-20261002-0026
POL-20261002-0011,EVT-20261002-0012
POL-20261002-0012,EVT-20261001-0022
POL-20261002-0013,EVT-20261002-0024
POL-20261002-0014,EVT-20261001-0037
POL-20261002-0015,EVT-20261001-0010
POL-20261002-0016,EVT-20261001-0035
POL-20261002-0017,EVT-20261002-0031
POL-20261002-0018,EVT-20261002-0021
POL-20261002-0019,EVT-20261001-0038
POL-20261002-0020,EVT-20261002-0040
POL-20261002-0021,EVT-20261002-0003
POL-20261002-0022,EVT-20261002-0032
POL-20261002-0023,EVT-20261002-0045
POL-20261002-0024,EVT-20260930-0017
POL-20261002-0025,EVT-20261001-0013
POL-20261002-0026,EVT-20261002-0014
POL-20261002-0027,EVT-20261002-0049
POL-20261002-0028,EVT-20261002-0022
POL-20261002-0029,EVT-20261002-0048
POL-20261002-0030,EVT-20261001-0005
POL-20261002-0031,EVT-20261002-0029
POL-20261002-0032,EVT-20261002-0026
POL-20261002-0033,EVT-20261002-0008
POL-20261002-0034,EVT-20261002-0025
POL-20261002-0035,EVT-20261002-0047
POL-20261002-0036,EVT-20261002-0041
POL-20261002-0037,EVT-20261001-0028
POL-20261002-0038,EVT-20261002-0041
POL-20261002-0039,EVT-20261002-0016
POL-20261002-0040,EVT-20261002-0018
POL-20261002-0041,EVT-20261002-0037
POL-20261002-0042,EVT-20261002-0032
POL-20261002-0043,EVT-20261002-0030
POL-20261002-0044,EVT-20260929-0006
POL-20261002-0045,EVT-20261002-0001
POL-20261002-0046,EVT-20261002-0004
POL-20261002-0047,EVT-20261002-0027
POL-20261002-0048,EVT-20261002-0028
POL-20261002-0049,EVT-20261002-0035
POL-20261002-0050,EVT-20261002-0007
POL-20261002-0051,EVT-20261002-0009
POL-20261002-0052,EVT-20261002-0007
POL-20261002-0053,EVT-20261002-0043
POL-20261002-0054,EVT-20261002-0038
POL-20261002-0055,EVT-20261002-0006
POL-20261002-0056,EVT-20261002-0022
POL-20261002-0057,EVT-20261002-0042
POL-20261002-0058,EVT-20261002-0039
POL-20261003-0001,EVT-20261002-0002
POL-20261003-0002,EVT-20261003-0008
POL-20261003-0003,EVT-20261002-0050
POL-20261003-0004,EVT-20261002-0021
POL-20261003-0005,EVT-20261003-0008
POL-20261003-0006,EVT-20261002-0046
POL-20261003-0007,EVT-20261001-0009
POL-20261003-0008,EVT-20261003-0039
POL-20261003-0009,EVT-20261003-0008
POL-20261003-0010,EVT-20261003-0045
POL-20261003-0011,EVT-20261002-0017
POL-20261003-0012,EVT-20260929-0062
POL-20261003-0013,EVT-20261002-0044
POL-20261003-0014,EVT-20261002-0034
POL-20261003-0015,EVT-20261002-0013
POL-20261003-0016,EVT-20261003-0051
POL-20261003-0017,EVT-20261003-0018
POL-20261003-0018,EVT-20261002-0013
POL-20261003-0019,EVT-20261002-0013
POL-20261003-0020,EVT-20261002-0043
POL-20261003-0021,EVT-20261002-0032
POL-20261003-0022,EVT-20261003-0035
POL-20261003-0023,EVT-20261003-0041
POL-20261003-0024,EVT-20261003-0038
POL-20261003-0025,EVT-20261003-0031
POL-20261003-0026,EVT-20261003-0053
POL-20261003-0027,EVT-20261003-0033
POL-20261003-0028,EVT-20261003-0016
POL-20261003-0029,EVT-20261003-0005
POL-20261003-0030,EVT-20261001-0034
POL-20261003-0031,EVT-20261003-0010
POL-20261003-0032,EVT-20261003-0058
POL-20261003-0033,EVT-20261003-0002
POL-20261003-0034,EVT-20261003-0049
POL-20261003-0035,EVT-20261003-0046
POL-20261003-0036,EVT-20261003-0050
POL-20261003-0037,EVT-20261003-0024
POL-20261003-0038,EVT-20261003-0041
POL-20261003-0039,EVT-20261003-0049
POL-20261003-0040,EVT-20261003-0032
POL-20261003-0041,EVT-20261003-0004
POL-20261003-0042,EVT-20261003-0044
POL-20261003-0043,EVT-20261003-0030
POL-20261003-0044,EVT-20261003-0005
POL-20261003-0045,EVT-20261003-0013
POL-20261003-0046,EVT-20261003-0012
POL-20261003-0047,EVT-20261001-0042
POL-20261003-0048,EVT-20261003-0013
POL-20261003-0049,EVT-20261003-0021
POL-20261003-0050,EVT-20261003-0001
POL-20261003-0051,EVT-20261003-0012
POL-20261003-0052,EVT-20261003-0034
POL-20261003-0053,EVT-20261003-0056
POL-20261003-0054,EVT-20261003-0030
POL-20261003-0055,EVT-20261002-0005
POL-20261003-0056,EVT-20261003-0037
POL-20261003-0057,EVT-20261003-0036
POL-20261003-0058,EVT-20261003-0025
POL-20261003-0059,EVT-20261003-0012
POL-20261003-0060,EVT-20261003-0027
POL-20261003-0061,EVT-20261003-0055
POL-20261003-0062,EVT-20261002-0011
POL-20261003-0063,EVT-20261003-0012
POL-20261003-0064,EVT-20261003-0048
POL-20261003-0065,EVT-20261003-0032
POL-20261003-0066,EVT-20261003-0006
POL-20261003-0067,EVT-20261003-0019
POL-20261003-0068,EVT-20261003-0028
POL-20261003-0069,EVT-20261003-0022
POL-20261003-0070,EVT-20261003-0011
POL-20261003-0071,EVT-20261002-0033
POL-20261003-0072,EVT-20261003-0014
POL-20261003-0073,EVT-20261003-0020
POL-20261003-0074,EVT-20261003-0003
POL-20261003-0075,EVT-20261003-0017
POL-20261003-0076,EVT-20261003-0032
POL-20261003-0077,EVT-20261003-0029
POL-20261003-0078,EVT-20261003-0023
POL-20261003-0079,EVT-20261003-0005
POL-20261003-0080,EVT-20261002-0011
POL-20261003-0081,EVT-20261003-0008
POL-20261003-0082,EVT-20261003-0015
POL-20261004-0001,EVT-20261003-0040
POL-20261004-0002,EVT-20261003-0007
POL-20261004-0003,EVT-20261004-0045
POL-20261004-0004,EVT-20261004-0061
POL-20261004-0005,EVT-20261003-0022
POL-20261004-0006,EVT-20261004-0007
POL-20261004-0007,EVT-20261004-0030
POL-20261004-0008,EVT-20261004-0040
POL-20261004-0009,EVT-20261004-0011
POL-20261004-0010,EVT-20261004-0013
POL-20261004-0011,EVT-20261004-0008
POL-20261004-0012,EVT-20261003-0003
POL-20261004-0013,EVT-20261003-0007
POL-20261004-0014,EVT-20261004-0028
POL-20261004-0015,EVT-20261004-0017
POL-20261004-0016,EVT-20261003-0020
POL-20261004-0017,EVT-20261004-0012
POL-20261004-0018,EVT-20261002-0015
POL-20261004-0019,EVT-20261003-0042
POL-20261004-0020,EVT-20261003-0003
POL-20261004-0021,EVT-20261004-0043
POL-20261004-0022,EVT-20261002-0023
POL-20261004-0023,EVT-20261003-0047
POL-20261004-0024,EVT-20261002-0011
POL-20261004-0025,EVT-20261004-0045
POL-20261004-0026,EVT-20261004-0026
POL-20261004-0027,EVT-20261004-0009
POL-20261004-0028,EVT-20261004-0041
POL-20261004-0029,EVT-20261004-0054
POL-20261004-0030,EVT-20261004-0055
POL-20261004-0031,EVT-20261004-0024
POL-20261004-0032,EVT-20261004-0055
POL-20261004-0033,EVT-20261004-0027
POL-20261004-0034,EVT-20261004-0003
POL-20261004-0035,EVT-20261004-0049
