asset_id,reading_date,storage_mcft,outflow_cusecs
PWD-AST-0001,2026-04-08,24.66,0
PWD-AST-0001,2026-04-09,24.55,0
PWD-AST-0001,2026-04-10,24.44,0
PWD-AST-0001,2026-04-11,24.34,0
PWD-AST-0001,2026-04-12,24.23,0
PWD-AST-0001,2026-04-13,24.12,0
PWD-AST-0001,2026-04-14,24.01,0
PWD-AST-0001,2026-04-15,23.91,0
PWD-AST-0001,2026-04-16,23.8,0
PWD-AST-0001,2026-04-17,23.7,0
PWD-AST-0001,2026-04-18,23.59,0
PWD-AST-0001,2026-04-19,23.49,0
PWD-AST-0001,2026-04-20,23.39,0
PWD-AST-0001,2026-04-21,23.28,0
PWD-AST-0001,2026-04-22,23.18,0
PWD-AST-0001,2026-04-23,23.08,0
PWD-AST-0001,2026-04-24,22.98,0
PWD-AST-0001,2026-04-25,22.88,0
PWD-AST-0001,2026-04-26,22.78,0
PWD-AST-0001,2026-04-27,22.68,0
PWD-AST-0001,2026-04-28,22.58,0
PWD-AST-0001,2026-04-29,22.48,0
PWD-AST-0001,2026-04-30,22.38,0
PWD-AST-0001,2026-05-01,22.28,0
PWD-AST-0001,2026-05-02,22.18,0
PWD-AST-0001,2026-05-03,22.09,0
PWD-AST-0001,2026-05-04,21.99,0
PWD-AST-0001,2026-05-05,21.89,0
PWD-AST-0001,2026-05-06,21.8,0
PWD-AST-0001,2026-05-07,21.7,0
PWD-AST-0001,2026-05-08,21.61,0
PWD-AST-0001,2026-05-09,21.52,0
PWD-AST-0001,2026-05-10,21.42,0
PWD-AST-0001,2026-05-11,21.33,0
PWD-AST-0001,2026-05-12,21.24,0
PWD-AST-0001,2026-05-13,21.14,0
PWD-AST-0001,2026-05-14,21.05,0
PWD-AST-0001,2026-05-15,20.96,0
PWD-AST-0001,2026-05-16,20.87,0
PWD-AST-0001,2026-05-17,20.78,0
PWD-AST-0001,2026-05-18,20.69,0
PWD-AST-0001,2026-05-19,27.58,27
PWD-AST-0001,2026-05-20,27.46,0
PWD-AST-0001,2026-05-21,27.33,0
PWD-AST-0001,2026-05-22,27.21,0
PWD-AST-0001,2026-05-23,27.09,0
PWD-AST-0001,2026-05-24,26.97,0
PWD-AST-0001,2026-05-25,26.85,0
PWD-AST-0001,2026-05-26,26.73,0
PWD-AST-0001,2026-05-27,26.61,0
PWD-AST-0001,2026-05-28,26.49,0
PWD-AST-0001,2026-05-29,26.37,0
PWD-AST-0001,2026-05-30,26.25,0
PWD-AST-0001,2026-05-31,26.13,0
PWD-AST-0001,2026-06-01,26.02,0
PWD-AST-0001,2026-06-02,25.9,0
PWD-AST-0001,2026-06-03,25.79,0
PWD-AST-0001,2026-06-04,25.67,0
PWD-AST-0001,2026-06-05,25.56,0
PWD-AST-0001,2026-06-06,25.44,0
PWD-AST-0001,2026-06-07,25.33,0
PWD-AST-0001,2026-06-08,25.22,0
PWD-AST-0001,2026-06-09,25.1,0
PWD-AST-0001,2026-06-10,24.99,0
PWD-AST-0001,2026-06-11,24.88,0
PWD-AST-0001,2026-06-12,24.77,0
PWD-AST-0001,2026-06-13,24.66,0
PWD-AST-0001,2026-06-14,24.55,0
PWD-AST-0001,2026-06-15,24.44,0
PWD-AST-0001,2026-06-16,24.34,0
PWD-AST-0001,2026-06-17,24.23,0
PWD-AST-0001,2026-06-18,24.12,0
PWD-AST-0001,2026-06-19,24.01,0
PWD-AST-0001,2026-06-20,23.91,0
PWD-AST-0001,2026-06-21,23.8,0
PWD-AST-0001,2026-06-22,23.7,0
PWD-AST-0001,2026-06-23,23.59,0
PWD-AST-0001,2026-06-24,23.49,0
PWD-AST-0001,2026-06-25,23.39,0
PWD-AST-0001,2026-06-26,23.28,0
PWD-AST-0001,2026-06-27,23.18,0
PWD-AST-0001,2026-06-28,23.08,0
PWD-AST-0001,2026-06-29,22.98,0
PWD-AST-0001,2026-06-30,22.88,0
PWD-AST-0001,2026-07-01,22.82,0
PWD-AST-0001,2026-07-02,22.77,0
PWD-AST-0001,2026-07-03,22.71,0
PWD-AST-0001,2026-07-04,22.66,0
PWD-AST-0001,2026-07-05,22.6,0
PWD-AST-0001,2026-07-06,22.55,0
PWD-AST-0001,2026-07-07,22.5,0
PWD-AST-0001,2026-07-08,22.44,0
PWD-AST-0001,2026-07-09,22.39,0
PWD-AST-0001,2026-07-10,22.34,0
PWD-AST-0001,2026-07-11,22.28,0
PWD-AST-0001,2026-07-12,22.23,0
PWD-AST-0001,2026-07-13,22.18,0
PWD-AST-0001,2026-07-14,22.13,0
PWD-AST-0001,2026-07-15,22.07,0
PWD-AST-0001,2026-07-16,22.02,0
PWD-AST-0001,2026-07-17,21.97,0
PWD-AST-0001,2026-07-18,27.58,36
PWD-AST-0001,2026-07-19,27.51,0
PWD-AST-0001,2026-07-20,27.44,0
PWD-AST-0001,2026-07-21,27.37,0
PWD-AST-0001,2026-07-22,27.31,0
PWD-AST-0001,2026-07-23,27.24,0
PWD-AST-0001,2026-07-24,27.17,0
PWD-AST-0001,2026-07-25,27.1,0
PWD-AST-0001,2026-07-26,27.04,0
PWD-AST-0001,2026-07-27,26.97,0
PWD-AST-0001,2026-07-28,26.9,0
PWD-AST-0001,2026-07-29,26.84,0
PWD-AST-0001,2026-07-30,26.77,0
PWD-AST-0001,2026-07-31,26.7,0
PWD-AST-0001,2026-08-01,26.64,0
PWD-AST-0001,2026-08-02,26.57,0
PWD-AST-0001,2026-08-03,26.5,0
PWD-AST-0001,2026-08-04,26.44,0
PWD-AST-0001,2026-08-05,26.37,0
PWD-AST-0001,2026-08-06,26.31,0
PWD-AST-0001,2026-08-07,26.24,0
PWD-AST-0001,2026-08-08,26.18,0
PWD-AST-0001,2026-08-09,27.58,31
PWD-AST-0001,2026-08-10,27.58,62
PWD-AST-0001,2026-08-11,27.51,0
PWD-AST-0001,2026-08-12,27.44,0
PWD-AST-0001,2026-08-13,27.37,0
PWD-AST-0001,2026-08-14,27.31,0
PWD-AST-0001,2026-08-15,27.24,0
PWD-AST-0001,2026-08-16,27.17,0
PWD-AST-0001,2026-08-17,27.1,0
PWD-AST-0001,2026-08-18,27.04,0
PWD-AST-0001,2026-08-19,26.97,0
PWD-AST-0001,2026-08-20,26.9,0
PWD-AST-0001,2026-08-21,26.84,0
PWD-AST-0001,2026-08-22,26.77,0
PWD-AST-0001,2026-08-23,26.7,0
PWD-AST-0001,2026-08-24,26.64,0
PWD-AST-0001,2026-08-25,26.57,0
PWD-AST-0001,2026-08-26,26.5,0
PWD-AST-0001,2026-08-27,26.44,0
PWD-AST-0001,2026-08-28,27.58,187
PWD-AST-0001,2026-08-29,27.51,0
PWD-AST-0001,2026-08-30,27.44,0
PWD-AST-0001,2026-08-31,27.37,0
PWD-AST-0001,2026-09-01,27.31,0
PWD-AST-0001,2026-09-02,27.24,0
PWD-AST-0001,2026-09-03,27.17,0
PWD-AST-0001,2026-09-04,27.1,0
PWD-AST-0001,2026-09-05,27.04,0
PWD-AST-0001,2026-09-06,27.58,37
PWD-AST-0001,2026-09-07,27.51,0
PWD-AST-0001,2026-09-08,27.44,0
PWD-AST-0001,2026-09-09,27.37,0
PWD-AST-0001,2026-09-10,27.31,0
PWD-AST-0001,2026-09-11,27.24,0
PWD-AST-0001,2026-09-12,27.17,0
PWD-AST-0001,2026-09-13,27.1,0
PWD-AST-0001,2026-09-14,27.04,0
PWD-AST-0001,2026-09-15,26.97,0
PWD-AST-0001,2026-09-16,26.9,0
PWD-AST-0001,2026-09-17,26.84,0
PWD-AST-0001,2026-09-18,26.77,0
PWD-AST-0001,2026-09-19,27.58,111
PWD-AST-0001,2026-09-20,27.58,193
PWD-AST-0001,2026-09-21,27.51,0
PWD-AST-0001,2026-09-22,27.44,0
PWD-AST-0001,2026-09-23,27.37,0
PWD-AST-0001,2026-09-24,27.31,0
PWD-AST-0001,2026-09-25,27.37,0
PWD-AST-0001,2026-09-26,27.3,0
PWD-AST-0001,2026-09-27,27.23,0
PWD-AST-0001,2026-09-28,27.38,0
PWD-AST-0001,2026-09-29,27.58,2
PWD-AST-0001,2026-09-30,27.58,16
PWD-AST-0001,2026-10-01,27.58,1
PWD-AST-0001,2026-10-02,27.58,22
PWD-AST-0001,2026-10-03,27.51,0
PWD-AST-0001,2026-10-04,27.58,9
PWD-AST-0002,2026-04-08,12.33,0
PWD-AST-0002,2026-04-09,12.28,0
PWD-AST-0002,2026-04-10,12.22,0
PWD-AST-0002,2026-04-11,12.17,0
PWD-AST-0002,2026-04-12,12.11,0
PWD-AST-0002,2026-04-13,12.06,0
PWD-AST-0002,2026-04-14,12.01,0
PWD-AST-0002,2026-04-15,11.95,0
PWD-AST-0002,2026-04-16,11.9,0
PWD-AST-0002,2026-04-17,11.85,0
PWD-AST-0002,2026-04-18,11.8,0
PWD-AST-0002,2026-04-19,11.74,0
PWD-AST-0002,2026-04-20,11.69,0
PWD-AST-0002,2026-04-21,11.64,0
PWD-AST-0002,2026-04-22,11.59,0
PWD-AST-0002,2026-04-23,11.54,0
PWD-AST-0002,2026-04-24,11.49,0
PWD-AST-0002,2026-04-25,11.44,0
PWD-AST-0002,2026-04-26,11.39,0
PWD-AST-0002,2026-04-27,11.34,0
PWD-AST-0002,2026-04-28,11.29,0
PWD-AST-0002,2026-04-29,11.24,0
PWD-AST-0002,2026-04-30,11.19,0
PWD-AST-0002,2026-05-01,11.14,0
PWD-AST-0002,2026-05-02,11.09,0
PWD-AST-0002,2026-05-03,11.04,0
PWD-AST-0002,2026-05-04,11.0,0
PWD-AST-0002,2026-05-05,10.95,0
PWD-AST-0002,2026-05-06,10.9,0
PWD-AST-0002,2026-05-07,10.85,0
PWD-AST-0002,2026-05-08,10.8,0
PWD-AST-0002,2026-05-09,10.76,0
PWD-AST-0002,2026-05-10,10.71,0
PWD-AST-0002,2026-05-11,10.66,0
PWD-AST-0002,2026-05-12,10.62,0
PWD-AST-0002,2026-05-13,10.57,0
PWD-AST-0002,2026-05-14,10.53,0
PWD-AST-0002,2026-05-15,10.48,0
PWD-AST-0002,2026-05-16,10.43,0
PWD-AST-0002,2026-05-17,10.39,0
PWD-AST-0002,2026-05-18,10.34,0
PWD-AST-0002,2026-05-19,13.79,10
PWD-AST-0002,2026-05-20,13.73,0
PWD-AST-0002,2026-05-21,13.67,0
PWD-AST-0002,2026-05-22,13.61,0
PWD-AST-0002,2026-05-23,13.54,0
PWD-AST-0002,2026-05-24,13.48,0
PWD-AST-0002,2026-05-25,13.42,0
PWD-AST-0002,2026-05-26,13.36,0
PWD-AST-0002,2026-05-27,13.3,0
PWD-AST-0002,2026-05-28,13.24,0
PWD-AST-0002,2026-05-29,13.18,0
PWD-AST-0002,2026-05-30,13.13,0
PWD-AST-0002,2026-05-31,13.07,0
PWD-AST-0002,2026-06-01,13.01,0
PWD-AST-0002,2026-06-02,12.95,0
PWD-AST-0002,2026-06-03,12.89,0
PWD-AST-0002,2026-06-04,12.84,0
PWD-AST-0002,2026-06-05,12.78,0
PWD-AST-0002,2026-06-06,12.72,0
PWD-AST-0002,2026-06-07,12.66,0
PWD-AST-0002,2026-06-08,12.61,0
PWD-AST-0002,2026-06-09,12.55,0
PWD-AST-0002,2026-06-10,12.5,0
PWD-AST-0002,2026-06-11,12.44,0
PWD-AST-0002,2026-06-12,12.39,0
PWD-AST-0002,2026-06-13,12.33,0
PWD-AST-0002,2026-06-14,12.28,0
PWD-AST-0002,2026-06-15,12.22,0
PWD-AST-0002,2026-06-16,12.17,0
PWD-AST-0002,2026-06-17,12.11,0
PWD-AST-0002,2026-06-18,12.06,0
PWD-AST-0002,2026-06-19,12.01,0
PWD-AST-0002,2026-06-20,11.95,0
PWD-AST-0002,2026-06-21,11.9,0
PWD-AST-0002,2026-06-22,11.85,0
PWD-AST-0002,2026-06-23,11.8,0
PWD-AST-0002,2026-06-24,11.74,0
PWD-AST-0002,2026-06-25,11.69,0
PWD-AST-0002,2026-06-26,11.64,0
PWD-AST-0002,2026-06-27,11.59,0
PWD-AST-0002,2026-06-28,11.54,0
PWD-AST-0002,2026-06-29,11.49,0
PWD-AST-0002,2026-06-30,11.44,0
PWD-AST-0002,2026-07-01,11.41,0
PWD-AST-0002,2026-07-02,11.38,0
PWD-AST-0002,2026-07-03,11.36,0
PWD-AST-0002,2026-07-04,11.33,0
PWD-AST-0002,2026-07-05,11.3,0
PWD-AST-0002,2026-07-06,11.28,0
PWD-AST-0002,2026-07-07,11.25,0
PWD-AST-0002,2026-07-08,11.22,0
PWD-AST-0002,2026-07-09,11.19,0
PWD-AST-0002,2026-07-10,11.17,0
PWD-AST-0002,2026-07-11,11.14,0
PWD-AST-0002,2026-07-12,11.12,0
PWD-AST-0002,2026-07-13,11.09,0
PWD-AST-0002,2026-07-14,11.06,0
PWD-AST-0002,2026-07-15,11.04,0
PWD-AST-0002,2026-07-16,11.01,0
PWD-AST-0002,2026-07-17,10.98,0
PWD-AST-0002,2026-07-18,13.79,14
PWD-AST-0002,2026-07-19,13.76,0
PWD-AST-0002,2026-07-20,13.72,0
PWD-AST-0002,2026-07-21,13.69,0
PWD-AST-0002,2026-07-22,13.65,0
PWD-AST-0002,2026-07-23,13.62,0
PWD-AST-0002,2026-07-24,13.59,0
PWD-AST-0002,2026-07-25,13.55,0
PWD-AST-0002,2026-07-26,13.52,0
PWD-AST-0002,2026-07-27,13.48,0
PWD-AST-0002,2026-07-28,13.45,0
PWD-AST-0002,2026-07-29,13.42,0
PWD-AST-0002,2026-07-30,13.38,0
PWD-AST-0002,2026-07-31,13.35,0
PWD-AST-0002,2026-08-01,13.32,0
PWD-AST-0002,2026-08-02,13.29,0
PWD-AST-0002,2026-08-03,13.25,0
PWD-AST-0002,2026-08-04,13.22,0
PWD-AST-0002,2026-08-05,13.19,0
PWD-AST-0002,2026-08-06,13.15,0
PWD-AST-0002,2026-08-07,13.12,0
PWD-AST-0002,2026-08-08,13.09,0
PWD-AST-0002,2026-08-09,13.79,14
PWD-AST-0002,2026-08-10,13.79,29
PWD-AST-0002,2026-08-11,13.76,0
PWD-AST-0002,2026-08-12,13.72,0
PWD-AST-0002,2026-08-13,13.69,0
PWD-AST-0002,2026-08-14,13.65,0
PWD-AST-0002,2026-08-15,13.62,0
PWD-AST-0002,2026-08-16,13.59,0
PWD-AST-0002,2026-08-17,13.55,0
PWD-AST-0002,2026-08-18,13.52,0
PWD-AST-0002,2026-08-19,13.48,0
PWD-AST-0002,2026-08-20,13.45,0
PWD-AST-0002,2026-08-21,13.42,0
PWD-AST-0002,2026-08-22,13.38,0
PWD-AST-0002,2026-08-23,13.35,0
PWD-AST-0002,2026-08-24,13.32,0
PWD-AST-0002,2026-08-25,13.29,0
PWD-AST-0002,2026-08-26,13.25,0
PWD-AST-0002,2026-08-27,13.22,0
PWD-AST-0002,2026-08-28,13.79,86
PWD-AST-0002,2026-08-29,13.76,0
PWD-AST-0002,2026-08-30,13.72,0
PWD-AST-0002,2026-08-31,13.69,0
PWD-AST-0002,2026-09-01,13.65,0
PWD-AST-0002,2026-09-02,13.62,0
PWD-AST-0002,2026-09-03,13.59,0
PWD-AST-0002,2026-09-04,13.55,0
PWD-AST-0002,2026-09-05,13.52,0
PWD-AST-0002,2026-09-06,13.79,17
PWD-AST-0002,2026-09-07,13.76,0
PWD-AST-0002,2026-09-08,13.72,0
PWD-AST-0002,2026-09-09,13.69,0
PWD-AST-0002,2026-09-10,13.65,0
PWD-AST-0002,2026-09-11,13.62,0
PWD-AST-0002,2026-09-12,13.59,0
PWD-AST-0002,2026-09-13,13.55,0
PWD-AST-0002,2026-09-14,13.52,0
PWD-AST-0002,2026-09-15,13.48,0
PWD-AST-0002,2026-09-16,13.45,0
PWD-AST-0002,2026-09-17,13.42,0
PWD-AST-0002,2026-09-18,13.38,0
PWD-AST-0002,2026-09-19,13.79,51
PWD-AST-0002,2026-09-20,13.79,89
PWD-AST-0002,2026-09-21,13.76,0
PWD-AST-0002,2026-09-22,13.72,0
PWD-AST-0002,2026-09-23,13.69,0
PWD-AST-0002,2026-09-24,13.65,0
PWD-AST-0002,2026-09-25,13.68,0
PWD-AST-0002,2026-09-26,13.65,0
PWD-AST-0002,2026-09-27,13.61,0
PWD-AST-0002,2026-09-28,13.68,0
PWD-AST-0002,2026-09-29,13.79,1
PWD-AST-0002,2026-09-30,13.79,7
PWD-AST-0002,2026-10-01,13.79,1
PWD-AST-0002,2026-10-02,13.79,10
PWD-AST-0002,2026-10-03,13.76,0
PWD-AST-0002,2026-10-04,13.79,4
PWD-AST-0003,2026-04-08,77.87,0
PWD-AST-0003,2026-04-09,77.54,0
PWD-AST-0003,2026-04-10,77.21,0
PWD-AST-0003,2026-04-11,76.88,0
PWD-AST-0003,2026-04-12,76.55,0
PWD-AST-0003,2026-04-13,76.22,0
PWD-AST-0003,2026-04-14,75.89,0
PWD-AST-0003,2026-04-15,75.57,0
PWD-AST-0003,2026-04-16,75.24,0
PWD-AST-0003,2026-04-17,74.92,0
PWD-AST-0003,2026-04-18,74.6,0
PWD-AST-0003,2026-04-19,74.29,0
PWD-AST-0003,2026-04-20,73.97,0
PWD-AST-0003,2026-04-21,73.65,0
PWD-AST-0003,2026-04-22,73.34,0
PWD-AST-0003,2026-04-23,73.03,0
PWD-AST-0003,2026-04-24,72.72,0
PWD-AST-0003,2026-04-25,72.41,0
PWD-AST-0003,2026-04-26,72.1,0
PWD-AST-0003,2026-04-27,71.8,0
PWD-AST-0003,2026-04-28,71.49,0
PWD-AST-0003,2026-04-29,71.19,0
PWD-AST-0003,2026-04-30,70.89,0
PWD-AST-0003,2026-05-01,70.59,0
PWD-AST-0003,2026-05-02,70.29,0
PWD-AST-0003,2026-05-03,70.0,0
PWD-AST-0003,2026-05-04,69.7,0
PWD-AST-0003,2026-05-05,69.41,0
PWD-AST-0003,2026-05-06,69.12,0
PWD-AST-0003,2026-05-07,68.83,0
PWD-AST-0003,2026-05-08,68.54,0
PWD-AST-0003,2026-05-09,68.25,0
PWD-AST-0003,2026-05-10,67.96,0
PWD-AST-0003,2026-05-11,67.68,0
PWD-AST-0003,2026-05-12,67.39,0
PWD-AST-0003,2026-05-13,67.11,0
PWD-AST-0003,2026-05-14,66.83,0
PWD-AST-0003,2026-05-15,66.55,0
PWD-AST-0003,2026-05-16,66.28,0
PWD-AST-0003,2026-05-17,66.0,0
PWD-AST-0003,2026-05-18,65.72,0
PWD-AST-0003,2026-05-19,107.69,0
PWD-AST-0003,2026-05-20,107.21,0
PWD-AST-0003,2026-05-21,106.73,0
PWD-AST-0003,2026-05-22,106.25,0
PWD-AST-0003,2026-05-23,105.77,0
PWD-AST-0003,2026-05-24,105.3,0
PWD-AST-0003,2026-05-25,104.83,0
PWD-AST-0003,2026-05-26,104.36,0
PWD-AST-0003,2026-05-27,103.89,0
PWD-AST-0003,2026-05-28,103.43,0
PWD-AST-0003,2026-05-29,102.97,0
PWD-AST-0003,2026-05-30,102.51,0
PWD-AST-0003,2026-05-31,102.05,0
PWD-AST-0003,2026-06-01,101.59,0
PWD-AST-0003,2026-06-02,101.14,0
PWD-AST-0003,2026-06-03,100.69,0
PWD-AST-0003,2026-06-04,100.24,0
PWD-AST-0003,2026-06-05,99.8,0
PWD-AST-0003,2026-06-06,99.35,0
PWD-AST-0003,2026-06-07,98.91,0
PWD-AST-0003,2026-06-08,98.47,0
PWD-AST-0003,2026-06-09,98.03,0
PWD-AST-0003,2026-06-10,97.6,0
PWD-AST-0003,2026-06-11,97.16,0
PWD-AST-0003,2026-06-12,96.73,0
PWD-AST-0003,2026-06-13,96.3,0
PWD-AST-0003,2026-06-14,95.88,0
PWD-AST-0003,2026-06-15,95.45,0
PWD-AST-0003,2026-06-16,95.03,0
PWD-AST-0003,2026-06-17,94.61,0
PWD-AST-0003,2026-06-18,94.19,0
PWD-AST-0003,2026-06-19,93.78,0
PWD-AST-0003,2026-06-20,93.36,0
PWD-AST-0003,2026-06-21,92.95,0
PWD-AST-0003,2026-06-22,92.54,0
PWD-AST-0003,2026-06-23,92.13,0
PWD-AST-0003,2026-06-24,91.73,0
PWD-AST-0003,2026-06-25,91.33,0
PWD-AST-0003,2026-06-26,90.92,0
PWD-AST-0003,2026-06-27,90.52,0
PWD-AST-0003,2026-06-28,90.13,0
PWD-AST-0003,2026-06-29,89.73,0
PWD-AST-0003,2026-06-30,89.34,0
PWD-AST-0003,2026-07-01,89.12,0
PWD-AST-0003,2026-07-02,88.91,0
PWD-AST-0003,2026-07-03,88.7,0
PWD-AST-0003,2026-07-04,88.49,0
PWD-AST-0003,2026-07-05,88.28,0
PWD-AST-0003,2026-07-06,88.07,0
PWD-AST-0003,2026-07-07,87.86,0
PWD-AST-0003,2026-07-08,87.65,0
PWD-AST-0003,2026-07-09,87.44,0
PWD-AST-0003,2026-07-10,87.24,0
PWD-AST-0003,2026-07-11,87.03,0
PWD-AST-0003,2026-07-12,86.82,0
PWD-AST-0003,2026-07-13,86.62,0
PWD-AST-0003,2026-07-14,86.41,0
PWD-AST-0003,2026-07-15,86.21,0
PWD-AST-0003,2026-07-16,86.0,0
PWD-AST-0003,2026-07-17,85.8,0
PWD-AST-0003,2026-07-18,108.35,78
PWD-AST-0003,2026-07-19,108.08,0
PWD-AST-0003,2026-07-20,107.81,0
PWD-AST-0003,2026-07-21,107.54,0
PWD-AST-0003,2026-07-22,107.27,0
PWD-AST-0003,2026-07-23,107.01,0
PWD-AST-0003,2026-07-24,106.74,0
PWD-AST-0003,2026-07-25,106.48,0
PWD-AST-0003,2026-07-26,106.21,0
PWD-AST-0003,2026-07-27,105.95,0
PWD-AST-0003,2026-07-28,105.69,0
PWD-AST-0003,2026-07-29,105.42,0
PWD-AST-0003,2026-07-30,105.16,0
PWD-AST-0003,2026-07-31,104.9,0
PWD-AST-0003,2026-08-01,104.64,0
PWD-AST-0003,2026-08-02,104.38,0
PWD-AST-0003,2026-08-03,104.13,0
PWD-AST-0003,2026-08-04,103.87,0
PWD-AST-0003,2026-08-05,103.61,0
PWD-AST-0003,2026-08-06,103.36,0
PWD-AST-0003,2026-08-07,103.1,0
PWD-AST-0003,2026-08-08,102.85,0
PWD-AST-0003,2026-08-09,108.35,646
PWD-AST-0003,2026-08-10,108.35,489
PWD-AST-0003,2026-08-11,108.08,0
PWD-AST-0003,2026-08-12,107.81,0
PWD-AST-0003,2026-08-13,107.54,0
PWD-AST-0003,2026-08-14,107.27,0
PWD-AST-0003,2026-08-15,107.01,0
PWD-AST-0003,2026-08-16,106.74,0
PWD-AST-0003,2026-08-17,106.48,0
PWD-AST-0003,2026-08-18,106.21,0
PWD-AST-0003,2026-08-19,105.95,0
PWD-AST-0003,2026-08-20,105.69,0
PWD-AST-0003,2026-08-21,105.42,0
PWD-AST-0003,2026-08-22,105.16,0
PWD-AST-0003,2026-08-23,104.9,0
PWD-AST-0003,2026-08-24,104.64,0
PWD-AST-0003,2026-08-25,104.38,0
PWD-AST-0003,2026-08-26,104.13,0
PWD-AST-0003,2026-08-27,103.87,0
PWD-AST-0003,2026-08-28,108.35,663
PWD-AST-0003,2026-08-29,108.08,0
PWD-AST-0003,2026-08-30,107.81,0
PWD-AST-0003,2026-08-31,107.54,0
PWD-AST-0003,2026-09-01,107.27,0
PWD-AST-0003,2026-09-02,107.01,0
PWD-AST-0003,2026-09-03,106.74,0
PWD-AST-0003,2026-09-04,106.48,0
PWD-AST-0003,2026-09-05,106.21,0
PWD-AST-0003,2026-09-06,108.35,761
PWD-AST-0003,2026-09-07,108.08,0
PWD-AST-0003,2026-09-08,107.81,0
PWD-AST-0003,2026-09-09,107.54,0
PWD-AST-0003,2026-09-10,107.27,0
PWD-AST-0003,2026-09-11,107.01,0
PWD-AST-0003,2026-09-12,106.74,0
PWD-AST-0003,2026-09-13,106.48,0
PWD-AST-0003,2026-09-14,106.21,0
PWD-AST-0003,2026-09-15,105.95,0
PWD-AST-0003,2026-09-16,105.69,0
PWD-AST-0003,2026-09-17,105.42,0
PWD-AST-0003,2026-09-18,105.16,0
PWD-AST-0003,2026-09-19,108.35,633
PWD-AST-0003,2026-09-20,108.35,334
PWD-AST-0003,2026-09-21,108.08,0
PWD-AST-0003,2026-09-22,107.81,0
PWD-AST-0003,2026-09-23,107.54,0
PWD-AST-0003,2026-09-24,107.27,0
PWD-AST-0003,2026-09-25,108.35,54
PWD-AST-0003,2026-09-26,108.08,0
PWD-AST-0003,2026-09-27,107.81,0
PWD-AST-0003,2026-09-28,108.35,54
PWD-AST-0003,2026-09-29,108.35,45
PWD-AST-0003,2026-09-30,108.35,66
PWD-AST-0003,2026-10-01,108.35,7
PWD-AST-0003,2026-10-02,108.19,0
PWD-AST-0003,2026-10-03,108.35,20
PWD-AST-0003,2026-10-04,108.35,77
PWD-AST-0004,2026-04-08,106.27,0
PWD-AST-0004,2026-04-09,105.81,0
PWD-AST-0004,2026-04-10,105.36,0
PWD-AST-0004,2026-04-11,104.9,0
PWD-AST-0004,2026-04-12,104.45,0
PWD-AST-0004,2026-04-13,104.01,0
PWD-AST-0004,2026-04-14,103.56,0
PWD-AST-0004,2026-04-15,103.12,0
PWD-AST-0004,2026-04-16,102.68,0
PWD-AST-0004,2026-04-17,102.24,0
PWD-AST-0004,2026-04-18,101.8,0
PWD-AST-0004,2026-04-19,101.37,0
PWD-AST-0004,2026-04-20,100.94,0
PWD-AST-0004,2026-04-21,100.51,0
PWD-AST-0004,2026-04-22,100.08,0
PWD-AST-0004,2026-04-23,99.66,0
PWD-AST-0004,2026-04-24,99.23,0
PWD-AST-0004,2026-04-25,98.81,0
PWD-AST-0004,2026-04-26,98.39,0
PWD-AST-0004,2026-04-27,97.98,0
PWD-AST-0004,2026-04-28,97.56,0
PWD-AST-0004,2026-04-29,97.15,0
PWD-AST-0004,2026-04-30,96.74,0
PWD-AST-0004,2026-05-01,96.33,0
PWD-AST-0004,2026-05-02,95.92,0
PWD-AST-0004,2026-05-03,95.52,0
PWD-AST-0004,2026-05-04,95.11,0
PWD-AST-0004,2026-05-05,94.71,0
PWD-AST-0004,2026-05-06,94.32,0
PWD-AST-0004,2026-05-07,93.92,0
PWD-AST-0004,2026-05-08,93.52,0
PWD-AST-0004,2026-05-09,93.13,0
PWD-AST-0004,2026-05-10,92.74,0
PWD-AST-0004,2026-05-11,92.35,0
PWD-AST-0004,2026-05-12,91.97,0
PWD-AST-0004,2026-05-13,91.58,0
PWD-AST-0004,2026-05-14,91.2,0
PWD-AST-0004,2026-05-15,90.82,0
PWD-AST-0004,2026-05-16,90.44,0
PWD-AST-0004,2026-05-17,90.06,0
PWD-AST-0004,2026-05-18,89.68,0
PWD-AST-0004,2026-05-19,147.75,6
PWD-AST-0004,2026-05-20,147.09,0
PWD-AST-0004,2026-05-21,146.43,0
PWD-AST-0004,2026-05-22,145.77,0
PWD-AST-0004,2026-05-23,145.11,0
PWD-AST-0004,2026-05-24,144.46,0
PWD-AST-0004,2026-05-25,143.82,0
PWD-AST-0004,2026-05-26,143.17,0
PWD-AST-0004,2026-05-27,142.53,0
PWD-AST-0004,2026-05-28,141.89,0
PWD-AST-0004,2026-05-29,141.26,0
PWD-AST-0004,2026-05-30,140.63,0
PWD-AST-0004,2026-05-31,140.0,0
PWD-AST-0004,2026-06-01,139.38,0
PWD-AST-0004,2026-06-02,138.75,0
PWD-AST-0004,2026-06-03,138.13,0
PWD-AST-0004,2026-06-04,137.52,0
PWD-AST-0004,2026-06-05,136.91,0
PWD-AST-0004,2026-06-06,136.3,0
PWD-AST-0004,2026-06-07,135.69,0
PWD-AST-0004,2026-06-08,135.09,0
PWD-AST-0004,2026-06-09,134.49,0
PWD-AST-0004,2026-06-10,133.89,0
PWD-AST-0004,2026-06-11,133.29,0
PWD-AST-0004,2026-06-12,132.7,0
PWD-AST-0004,2026-06-13,132.11,0
PWD-AST-0004,2026-06-14,131.53,0
PWD-AST-0004,2026-06-15,130.95,0
PWD-AST-0004,2026-06-16,130.37,0
PWD-AST-0004,2026-06-17,129.79,0
PWD-AST-0004,2026-06-18,129.22,0
PWD-AST-0004,2026-06-19,128.64,0
PWD-AST-0004,2026-06-20,128.08,0
PWD-AST-0004,2026-06-21,127.51,0
PWD-AST-0004,2026-06-22,126.95,0
PWD-AST-0004,2026-06-23,126.39,0
PWD-AST-0004,2026-06-24,125.83,0
PWD-AST-0004,2026-06-25,125.28,0
PWD-AST-0004,2026-06-26,124.73,0
PWD-AST-0004,2026-06-27,124.18,0
PWD-AST-0004,2026-06-28,123.63,0
PWD-AST-0004,2026-06-29,123.09,0
PWD-AST-0004,2026-06-30,122.55,0
PWD-AST-0004,2026-07-01,122.26,0
PWD-AST-0004,2026-07-02,121.96,0
PWD-AST-0004,2026-07-03,121.67,0
PWD-AST-0004,2026-07-04,121.38,0
PWD-AST-0004,2026-07-05,121.09,0
PWD-AST-0004,2026-07-06,120.81,0
PWD-AST-0004,2026-07-07,120.52,0
PWD-AST-0004,2026-07-08,120.23,0
PWD-AST-0004,2026-07-09,119.95,0
PWD-AST-0004,2026-07-10,119.66,0
PWD-AST-0004,2026-07-11,119.38,0
PWD-AST-0004,2026-07-12,119.09,0
PWD-AST-0004,2026-07-13,118.81,0
PWD-AST-0004,2026-07-14,118.53,0
PWD-AST-0004,2026-07-15,118.25,0
PWD-AST-0004,2026-07-16,117.97,0
PWD-AST-0004,2026-07-17,117.69,0
PWD-AST-0004,2026-07-18,147.75,126
PWD-AST-0004,2026-07-19,147.38,0
PWD-AST-0004,2026-07-20,147.01,0
PWD-AST-0004,2026-07-21,146.65,0
PWD-AST-0004,2026-07-22,146.28,0
PWD-AST-0004,2026-07-23,145.92,0
PWD-AST-0004,2026-07-24,145.56,0
PWD-AST-0004,2026-07-25,145.2,0
PWD-AST-0004,2026-07-26,144.83,0
PWD-AST-0004,2026-07-27,144.48,0
PWD-AST-0004,2026-07-28,144.12,0
PWD-AST-0004,2026-07-29,143.76,0
PWD-AST-0004,2026-07-30,143.4,0
PWD-AST-0004,2026-07-31,143.05,0
PWD-AST-0004,2026-08-01,142.69,0
PWD-AST-0004,2026-08-02,142.34,0
PWD-AST-0004,2026-08-03,141.99,0
PWD-AST-0004,2026-08-04,141.64,0
PWD-AST-0004,2026-08-05,141.29,0
PWD-AST-0004,2026-08-06,140.94,0
PWD-AST-0004,2026-08-07,140.59,0
PWD-AST-0004,2026-08-08,140.24,0
PWD-AST-0004,2026-08-09,147.75,904
PWD-AST-0004,2026-08-10,147.75,684
PWD-AST-0004,2026-08-11,147.38,0
PWD-AST-0004,2026-08-12,147.01,0
PWD-AST-0004,2026-08-13,146.65,0
PWD-AST-0004,2026-08-14,146.28,0
PWD-AST-0004,2026-08-15,145.92,0
PWD-AST-0004,2026-08-16,145.56,0
PWD-AST-0004,2026-08-17,145.2,0
PWD-AST-0004,2026-08-18,144.83,0
PWD-AST-0004,2026-08-19,144.48,0
PWD-AST-0004,2026-08-20,144.12,0
PWD-AST-0004,2026-08-21,143.76,0
PWD-AST-0004,2026-08-22,143.4,0
PWD-AST-0004,2026-08-23,143.05,0
PWD-AST-0004,2026-08-24,142.69,0
PWD-AST-0004,2026-08-25,142.34,0
PWD-AST-0004,2026-08-26,141.99,0
PWD-AST-0004,2026-08-27,141.64,0
PWD-AST-0004,2026-08-28,147.75,927
PWD-AST-0004,2026-08-29,147.38,0
PWD-AST-0004,2026-08-30,147.01,0
PWD-AST-0004,2026-08-31,146.65,0
PWD-AST-0004,2026-09-01,146.28,0
PWD-AST-0004,2026-09-02,145.92,0
PWD-AST-0004,2026-09-03,145.56,0
PWD-AST-0004,2026-09-04,145.2,0
PWD-AST-0004,2026-09-05,144.83,0
PWD-AST-0004,2026-09-06,147.75,1063
PWD-AST-0004,2026-09-07,147.38,0
PWD-AST-0004,2026-09-08,147.01,0
PWD-AST-0004,2026-09-09,146.65,0
PWD-AST-0004,2026-09-10,146.28,0
PWD-AST-0004,2026-09-11,145.92,0
PWD-AST-0004,2026-09-12,145.56,0
PWD-AST-0004,2026-09-13,145.2,0
PWD-AST-0004,2026-09-14,144.83,0
PWD-AST-0004,2026-09-15,144.48,0
PWD-AST-0004,2026-09-16,144.12,0
PWD-AST-0004,2026-09-17,143.76,0
PWD-AST-0004,2026-09-18,143.4,0
PWD-AST-0004,2026-09-19,147.75,885
PWD-AST-0004,2026-09-20,147.75,466
PWD-AST-0004,2026-09-21,147.38,0
PWD-AST-0004,2026-09-22,147.01,0
PWD-AST-0004,2026-09-23,146.65,0
PWD-AST-0004,2026-09-24,146.28,0
PWD-AST-0004,2026-09-25,147.75,76
PWD-AST-0004,2026-09-26,147.38,0
PWD-AST-0004,2026-09-27,147.01,0
PWD-AST-0004,2026-09-28,147.75,76
PWD-AST-0004,2026-09-29,147.75,63
PWD-AST-0004,2026-09-30,147.75,92
PWD-AST-0004,2026-10-01,147.75,10
PWD-AST-0004,2026-10-02,147.54,0
PWD-AST-0004,2026-10-03,147.75,28
PWD-AST-0004,2026-10-04,147.75,108
PWD-AST-0005,2026-04-08,12.73,0
PWD-AST-0005,2026-04-09,12.68,0
PWD-AST-0005,2026-04-10,12.62,0
PWD-AST-0005,2026-04-11,12.57,0
PWD-AST-0005,2026-04-12,12.51,0
PWD-AST-0005,2026-04-13,12.46,0
PWD-AST-0005,2026-04-14,12.41,0
PWD-AST-0005,2026-04-15,12.35,0
PWD-AST-0005,2026-04-16,12.3,0
PWD-AST-0005,2026-04-17,12.25,0
PWD-AST-0005,2026-04-18,12.2,0
PWD-AST-0005,2026-04-19,12.14,0
PWD-AST-0005,2026-04-20,12.09,0
PWD-AST-0005,2026-04-21,12.04,0
PWD-AST-0005,2026-04-22,11.99,0
PWD-AST-0005,2026-04-23,11.94,0
PWD-AST-0005,2026-04-24,11.89,0
PWD-AST-0005,2026-04-25,11.84,0
PWD-AST-0005,2026-04-26,11.79,0
PWD-AST-0005,2026-04-27,11.74,0
PWD-AST-0005,2026-04-28,11.69,0
PWD-AST-0005,2026-04-29,11.64,0
PWD-AST-0005,2026-04-30,11.59,0
PWD-AST-0005,2026-05-01,11.54,0
PWD-AST-0005,2026-05-02,11.49,0
PWD-AST-0005,2026-05-03,11.44,0
PWD-AST-0005,2026-05-04,11.4,0
PWD-AST-0005,2026-05-05,11.35,0
PWD-AST-0005,2026-05-06,11.3,0
PWD-AST-0005,2026-05-07,11.25,0
PWD-AST-0005,2026-05-08,11.21,0
PWD-AST-0005,2026-05-09,11.16,0
PWD-AST-0005,2026-05-10,11.11,0
PWD-AST-0005,2026-05-11,11.06,0
PWD-AST-0005,2026-05-12,11.02,0
PWD-AST-0005,2026-05-13,10.97,0
PWD-AST-0005,2026-05-14,10.93,0
PWD-AST-0005,2026-05-15,10.88,0
PWD-AST-0005,2026-05-16,10.84,0
PWD-AST-0005,2026-05-17,10.79,0
PWD-AST-0005,2026-05-18,10.75,0
PWD-AST-0005,2026-05-19,17.4,0
PWD-AST-0005,2026-05-20,17.32,0
PWD-AST-0005,2026-05-21,17.24,0
PWD-AST-0005,2026-05-22,17.17,0
PWD-AST-0005,2026-05-23,17.09,0
PWD-AST-0005,2026-05-24,17.01,0
PWD-AST-0005,2026-05-25,16.94,0
PWD-AST-0005,2026-05-26,16.86,0
PWD-AST-0005,2026-05-27,16.79,0
PWD-AST-0005,2026-05-28,16.71,0
PWD-AST-0005,2026-05-29,16.64,0
PWD-AST-0005,2026-05-30,16.56,0
PWD-AST-0005,2026-05-31,16.49,0
PWD-AST-0005,2026-06-01,16.41,0
PWD-AST-0005,2026-06-02,16.34,0
PWD-AST-0005,2026-06-03,16.27,0
PWD-AST-0005,2026-06-04,16.2,0
PWD-AST-0005,2026-06-05,16.12,0
PWD-AST-0005,2026-06-06,16.05,0
PWD-AST-0005,2026-06-07,15.98,0
PWD-AST-0005,2026-06-08,15.91,0
PWD-AST-0005,2026-06-09,15.84,0
PWD-AST-0005,2026-06-10,15.77,0
PWD-AST-0005,2026-06-11,15.7,0
PWD-AST-0005,2026-06-12,15.63,0
PWD-AST-0005,2026-06-13,15.56,0
PWD-AST-0005,2026-06-14,15.49,0
PWD-AST-0005,2026-06-15,15.42,0
PWD-AST-0005,2026-06-16,15.36,0
PWD-AST-0005,2026-06-17,15.29,0
PWD-AST-0005,2026-06-18,15.22,0
PWD-AST-0005,2026-06-19,15.15,0
PWD-AST-0005,2026-06-20,15.09,0
PWD-AST-0005,2026-06-21,15.02,0
PWD-AST-0005,2026-06-22,14.95,0
PWD-AST-0005,2026-06-23,14.89,0
PWD-AST-0005,2026-06-24,14.82,0
PWD-AST-0005,2026-06-25,14.76,0
PWD-AST-0005,2026-06-26,14.69,0
PWD-AST-0005,2026-06-27,14.63,0
PWD-AST-0005,2026-06-28,14.56,0
PWD-AST-0005,2026-06-29,14.5,0
PWD-AST-0005,2026-06-30,14.44,0
PWD-AST-0005,2026-07-01,14.4,0
PWD-AST-0005,2026-07-02,14.37,0
PWD-AST-0005,2026-07-03,14.33,0
PWD-AST-0005,2026-07-04,14.3,0
PWD-AST-0005,2026-07-05,14.27,0
PWD-AST-0005,2026-07-06,14.23,0
PWD-AST-0005,2026-07-07,14.2,0
PWD-AST-0005,2026-07-08,14.17,0
PWD-AST-0005,2026-07-09,14.13,0
PWD-AST-0005,2026-07-10,14.1,0
PWD-AST-0005,2026-07-11,14.07,0
PWD-AST-0005,2026-07-12,14.03,0
PWD-AST-0005,2026-07-13,14.0,0
PWD-AST-0005,2026-07-14,13.97,0
PWD-AST-0005,2026-07-15,13.93,0
PWD-AST-0005,2026-07-16,13.9,0
PWD-AST-0005,2026-07-17,13.87,0
PWD-AST-0005,2026-07-18,17.73,9
PWD-AST-0005,2026-07-19,17.69,0
PWD-AST-0005,2026-07-20,17.64,0
PWD-AST-0005,2026-07-21,17.6,0
PWD-AST-0005,2026-07-22,17.55,0
PWD-AST-0005,2026-07-23,17.51,0
PWD-AST-0005,2026-07-24,17.47,0
PWD-AST-0005,2026-07-25,17.42,0
PWD-AST-0005,2026-07-26,17.38,0
PWD-AST-0005,2026-07-27,17.34,0
PWD-AST-0005,2026-07-28,17.29,0
PWD-AST-0005,2026-07-29,17.25,0
PWD-AST-0005,2026-07-30,17.21,0
PWD-AST-0005,2026-07-31,17.17,0
PWD-AST-0005,2026-08-01,17.12,0
PWD-AST-0005,2026-08-02,17.08,0
PWD-AST-0005,2026-08-03,17.04,0
PWD-AST-0005,2026-08-04,17.0,0
PWD-AST-0005,2026-08-05,16.95,0
PWD-AST-0005,2026-08-06,16.91,0
PWD-AST-0005,2026-08-07,16.87,0
PWD-AST-0005,2026-08-08,16.83,0
PWD-AST-0005,2026-08-09,17.73,102
PWD-AST-0005,2026-08-10,17.73,78
PWD-AST-0005,2026-08-11,17.69,0
PWD-AST-0005,2026-08-12,17.64,0
PWD-AST-0005,2026-08-13,17.6,0
PWD-AST-0005,2026-08-14,17.55,0
PWD-AST-0005,2026-08-15,17.51,0
PWD-AST-0005,2026-08-16,17.47,0
PWD-AST-0005,2026-08-17,17.42,0
PWD-AST-0005,2026-08-18,17.38,0
PWD-AST-0005,2026-08-19,17.34,0
PWD-AST-0005,2026-08-20,17.29,0
PWD-AST-0005,2026-08-21,17.25,0
PWD-AST-0005,2026-08-22,17.21,0
PWD-AST-0005,2026-08-23,17.17,0
PWD-AST-0005,2026-08-24,17.12,0
PWD-AST-0005,2026-08-25,17.08,0
PWD-AST-0005,2026-08-26,17.04,0
PWD-AST-0005,2026-08-27,17.0,0
PWD-AST-0005,2026-08-28,17.73,105
PWD-AST-0005,2026-08-29,17.69,0
PWD-AST-0005,2026-08-30,17.64,0
PWD-AST-0005,2026-08-31,17.6,0
PWD-AST-0005,2026-09-01,17.55,0
PWD-AST-0005,2026-09-02,17.51,0
PWD-AST-0005,2026-09-03,17.47,0
PWD-AST-0005,2026-09-04,17.42,0
PWD-AST-0005,2026-09-05,17.38,0
PWD-AST-0005,2026-09-06,17.73,120
PWD-AST-0005,2026-09-07,17.69,0
PWD-AST-0005,2026-09-08,17.64,0
PWD-AST-0005,2026-09-09,17.6,0
PWD-AST-0005,2026-09-10,17.55,0
PWD-AST-0005,2026-09-11,17.51,0
PWD-AST-0005,2026-09-12,17.47,0
PWD-AST-0005,2026-09-13,17.42,0
PWD-AST-0005,2026-09-14,17.38,0
PWD-AST-0005,2026-09-15,17.34,0
PWD-AST-0005,2026-09-16,17.29,0
PWD-AST-0005,2026-09-17,17.25,0
PWD-AST-0005,2026-09-18,17.21,0
PWD-AST-0005,2026-09-19,17.73,100
PWD-AST-0005,2026-09-20,17.73,53
PWD-AST-0005,2026-09-21,17.69,0
PWD-AST-0005,2026-09-22,17.64,0
PWD-AST-0005,2026-09-23,17.6,0
PWD-AST-0005,2026-09-24,17.55,0
PWD-AST-0005,2026-09-25,17.73,8
PWD-AST-0005,2026-09-26,17.69,0
PWD-AST-0005,2026-09-27,17.64,0
PWD-AST-0005,2026-09-28,17.73,9
PWD-AST-0005,2026-09-29,17.73,7
PWD-AST-0005,2026-09-30,17.73,10
PWD-AST-0005,2026-10-01,17.73,1
PWD-AST-0005,2026-10-02,17.7,0
PWD-AST-0005,2026-10-03,17.73,3
PWD-AST-0005,2026-10-04,17.73,12
PWD-AST-0006,2026-04-08,20.67,0
PWD-AST-0006,2026-04-09,20.58,0
PWD-AST-0006,2026-04-10,20.49,0
PWD-AST-0006,2026-04-11,20.41,0
PWD-AST-0006,2026-04-12,20.32,0
PWD-AST-0006,2026-04-13,20.23,0
PWD-AST-0006,2026-04-14,20.15,0
PWD-AST-0006,2026-04-15,20.06,0
PWD-AST-0006,2026-04-16,19.98,0
PWD-AST-0006,2026-04-17,19.89,0
PWD-AST-0006,2026-04-18,19.81,0
PWD-AST-0006,2026-04-19,19.72,0
PWD-AST-0006,2026-04-20,19.64,0
PWD-AST-0006,2026-04-21,19.55,0
PWD-AST-0006,2026-04-22,19.47,0
PWD-AST-0006,2026-04-23,19.39,0
PWD-AST-0006,2026-04-24,19.31,0
PWD-AST-0006,2026-04-25,19.23,0
PWD-AST-0006,2026-04-26,19.15,0
PWD-AST-0006,2026-04-27,19.06,0
PWD-AST-0006,2026-04-28,18.98,0
PWD-AST-0006,2026-04-29,18.9,0
PWD-AST-0006,2026-04-30,18.82,0
PWD-AST-0006,2026-05-01,18.75,0
PWD-AST-0006,2026-05-02,18.67,0
PWD-AST-0006,2026-05-03,18.59,0
PWD-AST-0006,2026-05-04,18.51,0
PWD-AST-0006,2026-05-05,18.43,0
PWD-AST-0006,2026-05-06,18.36,0
PWD-AST-0006,2026-05-07,18.28,0
PWD-AST-0006,2026-05-08,18.2,0
PWD-AST-0006,2026-05-09,18.13,0
PWD-AST-0006,2026-05-10,18.05,0
PWD-AST-0006,2026-05-11,17.98,0
PWD-AST-0006,2026-05-12,17.9,0
PWD-AST-0006,2026-05-13,17.83,0
PWD-AST-0006,2026-05-14,17.75,0
PWD-AST-0006,2026-05-15,17.68,0
PWD-AST-0006,2026-05-16,17.61,0
PWD-AST-0006,2026-05-17,17.53,0
PWD-AST-0006,2026-05-18,17.46,0
PWD-AST-0006,2026-05-19,20.72,0
PWD-AST-0006,2026-05-20,20.63,0
PWD-AST-0006,2026-05-21,20.54,0
PWD-AST-0006,2026-05-22,20.46,0
PWD-AST-0006,2026-05-23,20.37,0
PWD-AST-0006,2026-05-24,20.28,0
PWD-AST-0006,2026-05-25,20.2,0
PWD-AST-0006,2026-05-26,20.11,0
PWD-AST-0006,2026-05-27,20.02,0
PWD-AST-0006,2026-05-28,19.94,0
PWD-AST-0006,2026-05-29,19.85,0
PWD-AST-0006,2026-05-30,19.77,0
PWD-AST-0006,2026-05-31,19.69,0
PWD-AST-0006,2026-06-01,19.6,0
PWD-AST-0006,2026-06-02,19.52,0
PWD-AST-0006,2026-06-03,19.44,0
PWD-AST-0006,2026-06-04,19.35,0
PWD-AST-0006,2026-06-05,19.27,0
PWD-AST-0006,2026-06-06,19.19,0
PWD-AST-0006,2026-06-07,19.11,0
PWD-AST-0006,2026-06-08,19.03,0
PWD-AST-0006,2026-06-09,18.95,0
PWD-AST-0006,2026-06-10,18.87,0
PWD-AST-0006,2026-06-11,18.79,0
PWD-AST-0006,2026-06-12,18.71,0
PWD-AST-0006,2026-06-13,18.63,0
PWD-AST-0006,2026-06-14,18.56,0
PWD-AST-0006,2026-06-15,18.48,0
PWD-AST-0006,2026-06-16,18.4,0
PWD-AST-0006,2026-06-17,18.32,0
PWD-AST-0006,2026-06-18,18.25,0
PWD-AST-0006,2026-06-19,18.17,0
PWD-AST-0006,2026-06-20,18.09,0
PWD-AST-0006,2026-06-21,18.02,0
PWD-AST-0006,2026-06-22,17.94,0
PWD-AST-0006,2026-06-23,17.87,0
PWD-AST-0006,2026-06-24,17.79,0
PWD-AST-0006,2026-06-25,17.72,0
PWD-AST-0006,2026-06-26,17.65,0
PWD-AST-0006,2026-06-27,17.57,0
PWD-AST-0006,2026-06-28,17.5,0
PWD-AST-0006,2026-06-29,17.43,0
PWD-AST-0006,2026-06-30,17.36,0
PWD-AST-0006,2026-07-01,17.32,0
PWD-AST-0006,2026-07-02,17.28,0
PWD-AST-0006,2026-07-03,17.25,0
PWD-AST-0006,2026-07-04,17.21,0
PWD-AST-0006,2026-07-05,17.17,0
PWD-AST-0006,2026-07-06,17.14,0
PWD-AST-0006,2026-07-07,17.1,0
PWD-AST-0006,2026-07-08,17.06,0
PWD-AST-0006,2026-07-09,17.03,0
PWD-AST-0006,2026-07-10,16.99,0
PWD-AST-0006,2026-07-11,16.95,0
PWD-AST-0006,2026-07-12,16.92,0
PWD-AST-0006,2026-07-13,16.88,0
PWD-AST-0006,2026-07-14,16.85,0
PWD-AST-0006,2026-07-15,16.81,0
PWD-AST-0006,2026-07-16,16.78,0
PWD-AST-0006,2026-07-17,16.74,0
PWD-AST-0006,2026-07-18,22.08,0
PWD-AST-0006,2026-07-19,22.03,0
PWD-AST-0006,2026-07-20,21.98,0
PWD-AST-0006,2026-07-21,21.92,0
PWD-AST-0006,2026-07-22,21.87,0
PWD-AST-0006,2026-07-23,21.82,0
PWD-AST-0006,2026-07-24,21.77,0
PWD-AST-0006,2026-07-25,21.72,0
PWD-AST-0006,2026-07-26,21.67,0
PWD-AST-0006,2026-07-27,21.62,0
PWD-AST-0006,2026-07-28,21.57,0
PWD-AST-0006,2026-07-29,21.52,0
PWD-AST-0006,2026-07-30,21.47,0
PWD-AST-0006,2026-07-31,21.42,0
PWD-AST-0006,2026-08-01,21.37,0
PWD-AST-0006,2026-08-02,21.32,0
PWD-AST-0006,2026-08-03,21.28,0
PWD-AST-0006,2026-08-04,21.23,0
PWD-AST-0006,2026-08-05,21.18,0
PWD-AST-0006,2026-08-06,21.13,0
PWD-AST-0006,2026-08-07,21.08,0
PWD-AST-0006,2026-08-08,21.03,0
PWD-AST-0006,2026-08-09,29.55,7
PWD-AST-0006,2026-08-10,29.55,85
PWD-AST-0006,2026-08-11,29.48,0
PWD-AST-0006,2026-08-12,29.4,0
PWD-AST-0006,2026-08-13,29.33,0
PWD-AST-0006,2026-08-14,29.26,0
PWD-AST-0006,2026-08-15,29.18,0
PWD-AST-0006,2026-08-16,29.11,0
PWD-AST-0006,2026-08-17,29.04,0
PWD-AST-0006,2026-08-18,28.97,0
PWD-AST-0006,2026-08-19,28.9,0
PWD-AST-0006,2026-08-20,28.82,0
PWD-AST-0006,2026-08-21,28.75,0
PWD-AST-0006,2026-08-22,28.68,0
PWD-AST-0006,2026-08-23,28.61,0
PWD-AST-0006,2026-08-24,28.54,0
PWD-AST-0006,2026-08-25,28.47,0
PWD-AST-0006,2026-08-26,28.4,0
PWD-AST-0006,2026-08-27,28.33,0
PWD-AST-0006,2026-08-28,29.55,72
PWD-AST-0006,2026-08-29,29.48,0
PWD-AST-0006,2026-08-30,29.4,0
PWD-AST-0006,2026-08-31,29.33,0
PWD-AST-0006,2026-09-01,29.26,0
PWD-AST-0006,2026-09-02,29.18,0
PWD-AST-0006,2026-09-03,29.11,0
PWD-AST-0006,2026-09-04,29.04,0
PWD-AST-0006,2026-09-05,28.97,0
PWD-AST-0006,2026-09-06,29.55,110
PWD-AST-0006,2026-09-07,29.48,0
PWD-AST-0006,2026-09-08,29.4,0
PWD-AST-0006,2026-09-09,29.33,0
PWD-AST-0006,2026-09-10,29.26,0
PWD-AST-0006,2026-09-11,29.18,0
PWD-AST-0006,2026-09-12,29.11,0
PWD-AST-0006,2026-09-13,29.04,0
PWD-AST-0006,2026-09-14,28.97,0
PWD-AST-0006,2026-09-15,28.9,0
PWD-AST-0006,2026-09-16,28.82,0
PWD-AST-0006,2026-09-17,28.75,0
PWD-AST-0006,2026-09-18,28.68,0
PWD-AST-0006,2026-09-19,29.55,23
PWD-AST-0006,2026-09-20,29.55,109
PWD-AST-0006,2026-09-21,29.48,0
PWD-AST-0006,2026-09-22,29.4,0
PWD-AST-0006,2026-09-23,29.33,0
PWD-AST-0006,2026-09-24,29.26,0
PWD-AST-0006,2026-09-25,29.55,13
PWD-AST-0006,2026-09-26,29.48,0
PWD-AST-0006,2026-09-27,29.4,0
PWD-AST-0006,2026-09-28,29.55,2
PWD-AST-0006,2026-09-29,29.48,0
PWD-AST-0006,2026-09-30,29.55,12
PWD-AST-0006,2026-10-01,29.55,4
PWD-AST-0006,2026-10-02,29.55,9
PWD-AST-0006,2026-10-03,29.55,15
PWD-AST-0006,2026-10-04,29.55,4
PWD-AST-0007,2026-04-08,4.17,0
PWD-AST-0007,2026-04-09,4.16,0
PWD-AST-0007,2026-04-10,4.14,0
PWD-AST-0007,2026-04-11,4.12,0
PWD-AST-0007,2026-04-12,4.1,0
PWD-AST-0007,2026-04-13,4.09,0
PWD-AST-0007,2026-04-14,4.07,0
PWD-AST-0007,2026-04-15,4.05,0
PWD-AST-0007,2026-04-16,4.03,0
PWD-AST-0007,2026-04-17,4.02,0
PWD-AST-0007,2026-04-18,4.0,0
PWD-AST-0007,2026-04-19,3.98,0
PWD-AST-0007,2026-04-20,3.97,0
PWD-AST-0007,2026-04-21,3.95,0
PWD-AST-0007,2026-04-22,3.93,0
PWD-AST-0007,2026-04-23,3.92,0
PWD-AST-0007,2026-04-24,3.9,0
PWD-AST-0007,2026-04-25,3.88,0
PWD-AST-0007,2026-04-26,3.87,0
PWD-AST-0007,2026-04-27,3.85,0
PWD-AST-0007,2026-04-28,3.83,0
PWD-AST-0007,2026-04-29,3.82,0
PWD-AST-0007,2026-04-30,3.8,0
PWD-AST-0007,2026-05-01,3.79,0
PWD-AST-0007,2026-05-02,3.77,0
PWD-AST-0007,2026-05-03,3.75,0
PWD-AST-0007,2026-05-04,3.74,0
PWD-AST-0007,2026-05-05,3.72,0
PWD-AST-0007,2026-05-06,3.71,0
PWD-AST-0007,2026-05-07,3.69,0
PWD-AST-0007,2026-05-08,3.68,0
PWD-AST-0007,2026-05-09,3.66,0
PWD-AST-0007,2026-05-10,3.65,0
PWD-AST-0007,2026-05-11,3.63,0
PWD-AST-0007,2026-05-12,3.61,0
PWD-AST-0007,2026-05-13,3.6,0
PWD-AST-0007,2026-05-14,3.58,0
PWD-AST-0007,2026-05-15,3.57,0
PWD-AST-0007,2026-05-16,3.55,0
PWD-AST-0007,2026-05-17,3.54,0
PWD-AST-0007,2026-05-18,3.53,0
PWD-AST-0007,2026-05-19,4.6,0
PWD-AST-0007,2026-05-20,4.58,0
PWD-AST-0007,2026-05-21,4.56,0
PWD-AST-0007,2026-05-22,4.54,0
PWD-AST-0007,2026-05-23,4.52,0
PWD-AST-0007,2026-05-24,4.5,0
PWD-AST-0007,2026-05-25,4.48,0
PWD-AST-0007,2026-05-26,4.46,0
PWD-AST-0007,2026-05-27,4.44,0
PWD-AST-0007,2026-05-28,4.42,0
PWD-AST-0007,2026-05-29,4.41,0
PWD-AST-0007,2026-05-30,4.39,0
PWD-AST-0007,2026-05-31,4.37,0
PWD-AST-0007,2026-06-01,4.35,0
PWD-AST-0007,2026-06-02,4.33,0
PWD-AST-0007,2026-06-03,4.31,0
PWD-AST-0007,2026-06-04,4.29,0
PWD-AST-0007,2026-06-05,4.27,0
PWD-AST-0007,2026-06-06,4.26,0
PWD-AST-0007,2026-06-07,4.24,0
PWD-AST-0007,2026-06-08,4.22,0
PWD-AST-0007,2026-06-09,4.2,0
PWD-AST-0007,2026-06-10,4.18,0
PWD-AST-0007,2026-06-11,4.17,0
PWD-AST-0007,2026-06-12,4.15,0
PWD-AST-0007,2026-06-13,4.13,0
PWD-AST-0007,2026-06-14,4.11,0
PWD-AST-0007,2026-06-15,4.09,0
PWD-AST-0007,2026-06-16,4.08,0
PWD-AST-0007,2026-06-17,4.06,0
PWD-AST-0007,2026-06-18,4.04,0
PWD-AST-0007,2026-06-19,4.02,0
PWD-AST-0007,2026-06-20,4.01,0
PWD-AST-0007,2026-06-21,3.99,0
PWD-AST-0007,2026-06-22,3.97,0
PWD-AST-0007,2026-06-23,3.96,0
PWD-AST-0007,2026-06-24,3.94,0
PWD-AST-0007,2026-06-25,3.92,0
PWD-AST-0007,2026-06-26,3.91,0
PWD-AST-0007,2026-06-27,3.89,0
PWD-AST-0007,2026-06-28,3.87,0
PWD-AST-0007,2026-06-29,3.86,0
PWD-AST-0007,2026-06-30,3.84,0
PWD-AST-0007,2026-07-01,3.83,0
PWD-AST-0007,2026-07-02,3.82,0
PWD-AST-0007,2026-07-03,3.82,0
PWD-AST-0007,2026-07-04,3.81,0
PWD-AST-0007,2026-07-05,3.8,0
PWD-AST-0007,2026-07-06,3.79,0
PWD-AST-0007,2026-07-07,3.78,0
PWD-AST-0007,2026-07-08,3.77,0
PWD-AST-0007,2026-07-09,3.77,0
PWD-AST-0007,2026-07-10,3.76,0
PWD-AST-0007,2026-07-11,3.75,0
PWD-AST-0007,2026-07-12,3.74,0
PWD-AST-0007,2026-07-13,3.73,0
PWD-AST-0007,2026-07-14,3.72,0
PWD-AST-0007,2026-07-15,3.72,0
PWD-AST-0007,2026-07-16,3.71,0
PWD-AST-0007,2026-07-17,3.7,0
PWD-AST-0007,2026-07-18,5.71,0
PWD-AST-0007,2026-07-19,5.7,0
PWD-AST-0007,2026-07-20,5.68,0
PWD-AST-0007,2026-07-21,5.67,0
PWD-AST-0007,2026-07-22,5.66,0
PWD-AST-0007,2026-07-23,5.64,0
PWD-AST-0007,2026-07-24,5.63,0
PWD-AST-0007,2026-07-25,5.61,0
PWD-AST-0007,2026-07-26,5.6,0
PWD-AST-0007,2026-07-27,5.59,0
PWD-AST-0007,2026-07-28,5.57,0
PWD-AST-0007,2026-07-29,5.56,0
PWD-AST-0007,2026-07-30,5.55,0
PWD-AST-0007,2026-07-31,5.53,0
PWD-AST-0007,2026-08-01,5.52,0
PWD-AST-0007,2026-08-02,5.5,0
PWD-AST-0007,2026-08-03,5.49,0
PWD-AST-0007,2026-08-04,5.48,0
PWD-AST-0007,2026-08-05,5.46,0
PWD-AST-0007,2026-08-06,5.45,0
PWD-AST-0007,2026-08-07,5.44,0
PWD-AST-0007,2026-08-08,5.42,0
PWD-AST-0007,2026-08-09,5.91,22
PWD-AST-0007,2026-08-10,5.91,19
PWD-AST-0007,2026-08-11,5.9,0
PWD-AST-0007,2026-08-12,5.88,0
PWD-AST-0007,2026-08-13,5.87,0
PWD-AST-0007,2026-08-14,5.85,0
PWD-AST-0007,2026-08-15,5.84,0
PWD-AST-0007,2026-08-16,5.82,0
PWD-AST-0007,2026-08-17,5.81,0
PWD-AST-0007,2026-08-18,5.79,0
PWD-AST-0007,2026-08-19,5.78,0
PWD-AST-0007,2026-08-20,5.76,0
PWD-AST-0007,2026-08-21,5.75,0
PWD-AST-0007,2026-08-22,5.74,0
PWD-AST-0007,2026-08-23,5.72,0
PWD-AST-0007,2026-08-24,5.71,0
PWD-AST-0007,2026-08-25,5.69,0
PWD-AST-0007,2026-08-26,5.68,0
PWD-AST-0007,2026-08-27,5.67,0
PWD-AST-0007,2026-08-28,5.91,32
PWD-AST-0007,2026-08-29,5.9,0
PWD-AST-0007,2026-08-30,5.88,0
PWD-AST-0007,2026-08-31,5.87,0
PWD-AST-0007,2026-09-01,5.85,0
PWD-AST-0007,2026-09-02,5.84,0
PWD-AST-0007,2026-09-03,5.82,0
PWD-AST-0007,2026-09-04,5.81,0
PWD-AST-0007,2026-09-05,5.79,0
PWD-AST-0007,2026-09-06,5.91,22
PWD-AST-0007,2026-09-07,5.9,0
PWD-AST-0007,2026-09-08,5.88,0
PWD-AST-0007,2026-09-09,5.87,0
PWD-AST-0007,2026-09-10,5.85,0
PWD-AST-0007,2026-09-11,5.84,0
PWD-AST-0007,2026-09-12,5.82,0
PWD-AST-0007,2026-09-13,5.81,0
PWD-AST-0007,2026-09-14,5.79,0
PWD-AST-0007,2026-09-15,5.78,0
PWD-AST-0007,2026-09-16,5.76,0
PWD-AST-0007,2026-09-17,5.75,0
PWD-AST-0007,2026-09-18,5.74,0
PWD-AST-0007,2026-09-19,5.91,5
PWD-AST-0007,2026-09-20,5.91,11
PWD-AST-0007,2026-09-21,5.9,0
PWD-AST-0007,2026-09-22,5.88,0
PWD-AST-0007,2026-09-23,5.87,0
PWD-AST-0007,2026-09-24,5.85,0
PWD-AST-0007,2026-09-25,5.91,0
PWD-AST-0007,2026-09-26,5.9,0
PWD-AST-0007,2026-09-27,5.88,0
PWD-AST-0007,2026-09-28,5.89,0
PWD-AST-0007,2026-09-29,5.91,3
PWD-AST-0007,2026-09-30,5.9,0
PWD-AST-0007,2026-10-01,5.91,1
PWD-AST-0007,2026-10-02,5.91,3
PWD-AST-0007,2026-10-03,5.91,2
PWD-AST-0007,2026-10-04,5.91,0
PWD-AST-0008,2026-04-08,44.96,0
PWD-AST-0008,2026-04-09,44.77,0
PWD-AST-0008,2026-04-10,44.58,0
PWD-AST-0008,2026-04-11,44.39,0
PWD-AST-0008,2026-04-12,44.2,0
PWD-AST-0008,2026-04-13,44.01,0
PWD-AST-0008,2026-04-14,43.82,0
PWD-AST-0008,2026-04-15,43.63,0
PWD-AST-0008,2026-04-16,43.45,0
PWD-AST-0008,2026-04-17,43.26,0
PWD-AST-0008,2026-04-18,43.08,0
PWD-AST-0008,2026-04-19,42.9,0
PWD-AST-0008,2026-04-20,42.72,0
PWD-AST-0008,2026-04-21,42.53,0
PWD-AST-0008,2026-04-22,42.35,0
PWD-AST-0008,2026-04-23,42.17,0
PWD-AST-0008,2026-04-24,42.0,0
PWD-AST-0008,2026-04-25,41.82,0
PWD-AST-0008,2026-04-26,41.64,0
PWD-AST-0008,2026-04-27,41.47,0
PWD-AST-0008,2026-04-28,41.29,0
PWD-AST-0008,2026-04-29,41.12,0
PWD-AST-0008,2026-04-30,40.94,0
PWD-AST-0008,2026-05-01,40.77,0
PWD-AST-0008,2026-05-02,40.6,0
PWD-AST-0008,2026-05-03,40.43,0
PWD-AST-0008,2026-05-04,40.26,0
PWD-AST-0008,2026-05-05,40.09,0
PWD-AST-0008,2026-05-06,39.92,0
PWD-AST-0008,2026-05-07,39.76,0
PWD-AST-0008,2026-05-08,39.59,0
PWD-AST-0008,2026-05-09,39.43,0
PWD-AST-0008,2026-05-10,39.26,0
PWD-AST-0008,2026-05-11,39.1,0
PWD-AST-0008,2026-05-12,38.93,0
PWD-AST-0008,2026-05-13,38.77,0
PWD-AST-0008,2026-05-14,38.61,0
PWD-AST-0008,2026-05-15,38.45,0
PWD-AST-0008,2026-05-16,38.29,0
PWD-AST-0008,2026-05-17,38.13,0
PWD-AST-0008,2026-05-18,37.97,0
PWD-AST-0008,2026-05-19,57.52,0
PWD-AST-0008,2026-05-20,57.27,0
PWD-AST-0008,2026-05-21,57.01,0
PWD-AST-0008,2026-05-22,56.76,0
PWD-AST-0008,2026-05-23,56.51,0
PWD-AST-0008,2026-05-24,56.26,0
PWD-AST-0008,2026-05-25,56.01,0
PWD-AST-0008,2026-05-26,55.76,0
PWD-AST-0008,2026-05-27,55.52,0
PWD-AST-0008,2026-05-28,55.27,0
PWD-AST-0008,2026-05-29,55.03,0
PWD-AST-0008,2026-05-30,54.79,0
PWD-AST-0008,2026-05-31,54.55,0
PWD-AST-0008,2026-06-01,54.3,0
PWD-AST-0008,2026-06-02,54.07,0
PWD-AST-0008,2026-06-03,53.83,0
PWD-AST-0008,2026-06-04,53.59,0
PWD-AST-0008,2026-06-05,53.36,0
PWD-AST-0008,2026-06-06,53.12,0
PWD-AST-0008,2026-06-07,52.89,0
PWD-AST-0008,2026-06-08,52.66,0
PWD-AST-0008,2026-06-09,52.43,0
PWD-AST-0008,2026-06-10,52.2,0
PWD-AST-0008,2026-06-11,51.97,0
PWD-AST-0008,2026-06-12,51.74,0
PWD-AST-0008,2026-06-13,51.51,0
PWD-AST-0008,2026-06-14,51.29,0
PWD-AST-0008,2026-06-15,51.07,0
PWD-AST-0008,2026-06-16,50.84,0
PWD-AST-0008,2026-06-17,50.62,0
PWD-AST-0008,2026-06-18,50.4,0
PWD-AST-0008,2026-06-19,50.18,0
PWD-AST-0008,2026-06-20,49.96,0
PWD-AST-0008,2026-06-21,49.74,0
PWD-AST-0008,2026-06-22,49.53,0
PWD-AST-0008,2026-06-23,49.31,0
PWD-AST-0008,2026-06-24,49.1,0
PWD-AST-0008,2026-06-25,48.89,0
PWD-AST-0008,2026-06-26,48.67,0
PWD-AST-0008,2026-06-27,48.46,0
PWD-AST-0008,2026-06-28,48.25,0
PWD-AST-0008,2026-06-29,48.04,0
PWD-AST-0008,2026-06-30,47.84,0
PWD-AST-0008,2026-07-01,47.73,0
PWD-AST-0008,2026-07-02,47.62,0
PWD-AST-0008,2026-07-03,47.51,0
PWD-AST-0008,2026-07-04,47.4,0
PWD-AST-0008,2026-07-05,47.29,0
PWD-AST-0008,2026-07-06,47.18,0
PWD-AST-0008,2026-07-07,47.07,0
PWD-AST-0008,2026-07-08,46.96,0
PWD-AST-0008,2026-07-09,46.85,0
PWD-AST-0008,2026-07-10,46.74,0
PWD-AST-0008,2026-07-11,46.63,0
PWD-AST-0008,2026-07-12,46.53,0
PWD-AST-0008,2026-07-13,46.42,0
PWD-AST-0008,2026-07-14,46.31,0
PWD-AST-0008,2026-07-15,46.21,0
PWD-AST-0008,2026-07-16,46.1,0
PWD-AST-0008,2026-07-17,45.99,0
PWD-AST-0008,2026-07-18,55.44,0
PWD-AST-0008,2026-07-19,55.31,0
PWD-AST-0008,2026-07-20,55.18,0
PWD-AST-0008,2026-07-21,55.04,0
PWD-AST-0008,2026-07-22,54.91,0
PWD-AST-0008,2026-07-23,54.78,0
PWD-AST-0008,2026-07-24,54.65,0
PWD-AST-0008,2026-07-25,54.52,0
PWD-AST-0008,2026-07-26,54.39,0
PWD-AST-0008,2026-07-27,54.25,0
PWD-AST-0008,2026-07-28,54.12,0
PWD-AST-0008,2026-07-29,53.99,0
PWD-AST-0008,2026-07-30,53.86,0
PWD-AST-0008,2026-07-31,53.74,0
PWD-AST-0008,2026-08-01,53.61,0
PWD-AST-0008,2026-08-02,53.48,0
PWD-AST-0008,2026-08-03,53.35,0
PWD-AST-0008,2026-08-04,53.22,0
PWD-AST-0008,2026-08-05,53.1,0
PWD-AST-0008,2026-08-06,52.97,0
PWD-AST-0008,2026-08-07,52.84,0
PWD-AST-0008,2026-08-08,52.72,0
PWD-AST-0008,2026-08-09,58.59,0
PWD-AST-0008,2026-08-10,64.03,55
PWD-AST-0008,2026-08-11,63.87,0
PWD-AST-0008,2026-08-12,63.71,0
PWD-AST-0008,2026-08-13,63.55,0
PWD-AST-0008,2026-08-14,63.39,0
PWD-AST-0008,2026-08-15,63.23,0
PWD-AST-0008,2026-08-16,63.07,0
PWD-AST-0008,2026-08-17,62.92,0
PWD-AST-0008,2026-08-18,62.76,0
PWD-AST-0008,2026-08-19,62.61,0
PWD-AST-0008,2026-08-20,62.45,0
PWD-AST-0008,2026-08-21,62.3,0
PWD-AST-0008,2026-08-22,62.14,0
PWD-AST-0008,2026-08-23,61.99,0
PWD-AST-0008,2026-08-24,61.83,0
PWD-AST-0008,2026-08-25,61.68,0
PWD-AST-0008,2026-08-26,61.53,0
PWD-AST-0008,2026-08-27,61.38,0
PWD-AST-0008,2026-08-28,64.03,34
PWD-AST-0008,2026-08-29,63.87,0
PWD-AST-0008,2026-08-30,63.71,0
PWD-AST-0008,2026-08-31,63.55,0
PWD-AST-0008,2026-09-01,63.39,0
PWD-AST-0008,2026-09-02,63.23,0
PWD-AST-0008,2026-09-03,63.07,0
PWD-AST-0008,2026-09-04,62.92,0
PWD-AST-0008,2026-09-05,62.76,0
PWD-AST-0008,2026-09-06,64.03,45
PWD-AST-0008,2026-09-07,63.87,0
PWD-AST-0008,2026-09-08,63.71,0
PWD-AST-0008,2026-09-09,63.55,0
PWD-AST-0008,2026-09-10,63.39,0
PWD-AST-0008,2026-09-11,63.23,0
PWD-AST-0008,2026-09-12,63.07,0
PWD-AST-0008,2026-09-13,62.92,0
PWD-AST-0008,2026-09-14,62.76,0
PWD-AST-0008,2026-09-15,62.61,0
PWD-AST-0008,2026-09-16,62.45,0
PWD-AST-0008,2026-09-17,62.3,0
PWD-AST-0008,2026-09-18,62.14,0
PWD-AST-0008,2026-09-19,64.03,89
PWD-AST-0008,2026-09-20,64.03,443
PWD-AST-0008,2026-09-21,63.87,0
PWD-AST-0008,2026-09-22,63.71,0
PWD-AST-0008,2026-09-23,63.55,0
PWD-AST-0008,2026-09-24,63.39,0
PWD-AST-0008,2026-09-25,64.03,9
PWD-AST-0008,2026-09-26,63.87,0
PWD-AST-0008,2026-09-27,63.71,0
PWD-AST-0008,2026-09-28,64.03,21
PWD-AST-0008,2026-09-29,64.03,29
PWD-AST-0008,2026-09-30,64.03,2
PWD-AST-0008,2026-10-01,64.03,3
PWD-AST-0008,2026-10-02,64.03,10
PWD-AST-0008,2026-10-03,64.03,17
PWD-AST-0008,2026-10-04,64.03,15
PWD-AST-0009,2026-04-08,65.75,0
PWD-AST-0009,2026-04-09,65.47,0
PWD-AST-0009,2026-04-10,65.19,0
PWD-AST-0009,2026-04-11,64.91,0
PWD-AST-0009,2026-04-12,64.63,0
PWD-AST-0009,2026-04-13,64.36,0
PWD-AST-0009,2026-04-14,64.08,0
PWD-AST-0009,2026-04-15,63.81,0
PWD-AST-0009,2026-04-16,63.54,0
PWD-AST-0009,2026-04-17,63.27,0
PWD-AST-0009,2026-04-18,63.0,0
PWD-AST-0009,2026-04-19,62.73,0
PWD-AST-0009,2026-04-20,62.46,0
PWD-AST-0009,2026-04-21,62.2,0
PWD-AST-0009,2026-04-22,61.94,0
PWD-AST-0009,2026-04-23,61.67,0
PWD-AST-0009,2026-04-24,61.41,0
PWD-AST-0009,2026-04-25,61.15,0
PWD-AST-0009,2026-04-26,60.9,0
PWD-AST-0009,2026-04-27,60.64,0
PWD-AST-0009,2026-04-28,60.38,0
PWD-AST-0009,2026-04-29,60.13,0
PWD-AST-0009,2026-04-30,59.87,0
PWD-AST-0009,2026-05-01,59.62,0
PWD-AST-0009,2026-05-02,59.37,0
PWD-AST-0009,2026-05-03,59.12,0
PWD-AST-0009,2026-05-04,58.87,0
PWD-AST-0009,2026-05-05,58.63,0
PWD-AST-0009,2026-05-06,58.38,0
PWD-AST-0009,2026-05-07,58.14,0
PWD-AST-0009,2026-05-08,57.89,0
PWD-AST-0009,2026-05-09,57.65,0
PWD-AST-0009,2026-05-10,57.41,0
PWD-AST-0009,2026-05-11,57.17,0
PWD-AST-0009,2026-05-12,56.93,0
PWD-AST-0009,2026-05-13,56.7,0
PWD-AST-0009,2026-05-14,56.46,0
PWD-AST-0009,2026-05-15,56.23,0
PWD-AST-0009,2026-05-16,55.99,0
PWD-AST-0009,2026-05-17,55.76,0
PWD-AST-0009,2026-05-18,55.53,0
PWD-AST-0009,2026-05-19,86.57,0
PWD-AST-0009,2026-05-20,86.19,0
PWD-AST-0009,2026-05-21,85.81,0
PWD-AST-0009,2026-05-22,85.42,0
PWD-AST-0009,2026-05-23,85.04,0
PWD-AST-0009,2026-05-24,84.67,0
PWD-AST-0009,2026-05-25,84.29,0
PWD-AST-0009,2026-05-26,83.92,0
PWD-AST-0009,2026-05-27,83.54,0
PWD-AST-0009,2026-05-28,83.17,0
PWD-AST-0009,2026-05-29,82.81,0
PWD-AST-0009,2026-05-30,82.44,0
PWD-AST-0009,2026-05-31,82.07,0
PWD-AST-0009,2026-06-01,81.71,0
PWD-AST-0009,2026-06-02,81.35,0
PWD-AST-0009,2026-06-03,80.99,0
PWD-AST-0009,2026-06-04,80.63,0
PWD-AST-0009,2026-06-05,80.28,0
PWD-AST-0009,2026-06-06,79.92,0
PWD-AST-0009,2026-06-07,79.57,0
PWD-AST-0009,2026-06-08,79.22,0
PWD-AST-0009,2026-06-09,78.87,0
PWD-AST-0009,2026-06-10,78.53,0
PWD-AST-0009,2026-06-11,78.18,0
PWD-AST-0009,2026-06-12,77.84,0
PWD-AST-0009,2026-06-13,77.5,0
PWD-AST-0009,2026-06-14,77.16,0
PWD-AST-0009,2026-06-15,76.82,0
PWD-AST-0009,2026-06-16,76.48,0
PWD-AST-0009,2026-06-17,76.15,0
PWD-AST-0009,2026-06-18,75.81,0
PWD-AST-0009,2026-06-19,75.48,0
PWD-AST-0009,2026-06-20,75.15,0
PWD-AST-0009,2026-06-21,74.82,0
PWD-AST-0009,2026-06-22,74.5,0
PWD-AST-0009,2026-06-23,74.17,0
PWD-AST-0009,2026-06-24,73.85,0
PWD-AST-0009,2026-06-25,73.53,0
PWD-AST-0009,2026-06-26,73.21,0
PWD-AST-0009,2026-06-27,72.89,0
PWD-AST-0009,2026-06-28,72.57,0
PWD-AST-0009,2026-06-29,72.26,0
PWD-AST-0009,2026-06-30,71.94,0
PWD-AST-0009,2026-07-01,71.77,0
PWD-AST-0009,2026-07-02,71.61,0
PWD-AST-0009,2026-07-03,71.44,0
PWD-AST-0009,2026-07-04,71.27,0
PWD-AST-0009,2026-07-05,71.11,0
PWD-AST-0009,2026-07-06,70.94,0
PWD-AST-0009,2026-07-07,70.77,0
PWD-AST-0009,2026-07-08,70.61,0
PWD-AST-0009,2026-07-09,70.45,0
PWD-AST-0009,2026-07-10,70.28,0
PWD-AST-0009,2026-07-11,70.12,0
PWD-AST-0009,2026-07-12,69.96,0
PWD-AST-0009,2026-07-13,69.79,0
PWD-AST-0009,2026-07-14,69.63,0
PWD-AST-0009,2026-07-15,69.47,0
PWD-AST-0009,2026-07-16,69.31,0
PWD-AST-0009,2026-07-17,69.15,0
PWD-AST-0009,2026-07-18,84.15,0
PWD-AST-0009,2026-07-19,83.95,0
PWD-AST-0009,2026-07-20,83.74,0
PWD-AST-0009,2026-07-21,83.54,0
PWD-AST-0009,2026-07-22,83.34,0
PWD-AST-0009,2026-07-23,83.13,0
PWD-AST-0009,2026-07-24,82.93,0
PWD-AST-0009,2026-07-25,82.73,0
PWD-AST-0009,2026-07-26,82.53,0
PWD-AST-0009,2026-07-27,82.33,0
PWD-AST-0009,2026-07-28,82.13,0
PWD-AST-0009,2026-07-29,81.93,0
PWD-AST-0009,2026-07-30,81.73,0
PWD-AST-0009,2026-07-31,81.54,0
PWD-AST-0009,2026-08-01,81.34,0
PWD-AST-0009,2026-08-02,81.14,0
PWD-AST-0009,2026-08-03,80.95,0
PWD-AST-0009,2026-08-04,80.75,0
PWD-AST-0009,2026-08-05,80.56,0
PWD-AST-0009,2026-08-06,80.36,0
PWD-AST-0009,2026-08-07,80.17,0
PWD-AST-0009,2026-08-08,79.97,0
PWD-AST-0009,2026-08-09,89.3,0
PWD-AST-0009,2026-08-10,93.58,138
PWD-AST-0009,2026-08-11,93.34,0
PWD-AST-0009,2026-08-12,93.11,0
PWD-AST-0009,2026-08-13,92.88,0
PWD-AST-0009,2026-08-14,92.65,0
PWD-AST-0009,2026-08-15,92.42,0
PWD-AST-0009,2026-08-16,92.19,0
PWD-AST-0009,2026-08-17,91.96,0
PWD-AST-0009,2026-08-18,91.73,0
PWD-AST-0009,2026-08-19,91.5,0
PWD-AST-0009,2026-08-20,91.27,0
PWD-AST-0009,2026-08-21,91.05,0
PWD-AST-0009,2026-08-22,90.82,0
PWD-AST-0009,2026-08-23,90.6,0
PWD-AST-0009,2026-08-24,90.37,0
PWD-AST-0009,2026-08-25,90.15,0
PWD-AST-0009,2026-08-26,89.93,0
PWD-AST-0009,2026-08-27,89.7,0
PWD-AST-0009,2026-08-28,93.58,59
PWD-AST-0009,2026-08-29,93.34,0
PWD-AST-0009,2026-08-30,93.11,0
PWD-AST-0009,2026-08-31,92.88,0
PWD-AST-0009,2026-09-01,92.65,0
PWD-AST-0009,2026-09-02,92.42,0
PWD-AST-0009,2026-09-03,92.19,0
PWD-AST-0009,2026-09-04,91.96,0
PWD-AST-0009,2026-09-05,91.73,0
PWD-AST-0009,2026-09-06,93.58,73
PWD-AST-0009,2026-09-07,93.34,0
PWD-AST-0009,2026-09-08,93.11,0
PWD-AST-0009,2026-09-09,92.88,0
PWD-AST-0009,2026-09-10,92.65,0
PWD-AST-0009,2026-09-11,92.42,0
PWD-AST-0009,2026-09-12,92.19,0
PWD-AST-0009,2026-09-13,91.96,0
PWD-AST-0009,2026-09-14,91.73,0
PWD-AST-0009,2026-09-15,91.5,0
PWD-AST-0009,2026-09-16,91.27,0
PWD-AST-0009,2026-09-17,91.05,0
PWD-AST-0009,2026-09-18,90.82,0
PWD-AST-0009,2026-09-19,93.58,144
PWD-AST-0009,2026-09-20,93.58,703
PWD-AST-0009,2026-09-21,93.34,0
PWD-AST-0009,2026-09-22,93.11,0
PWD-AST-0009,2026-09-23,92.88,0
PWD-AST-0009,2026-09-24,92.65,0
PWD-AST-0009,2026-09-25,93.58,15
PWD-AST-0009,2026-09-26,93.34,0
PWD-AST-0009,2026-09-27,93.11,0
PWD-AST-0009,2026-09-28,93.58,34
PWD-AST-0009,2026-09-29,93.58,46
PWD-AST-0009,2026-09-30,93.58,4
PWD-AST-0009,2026-10-01,93.58,5
PWD-AST-0009,2026-10-02,93.58,16
PWD-AST-0009,2026-10-03,93.58,27
PWD-AST-0009,2026-10-04,93.58,24
PWD-AST-0010,2026-04-08,34.37,0
PWD-AST-0010,2026-04-09,34.22,0
PWD-AST-0010,2026-04-10,34.08,0
PWD-AST-0010,2026-04-11,33.93,0
PWD-AST-0010,2026-04-12,33.78,0
PWD-AST-0010,2026-04-13,33.64,0
PWD-AST-0010,2026-04-14,33.49,0
PWD-AST-0010,2026-04-15,33.35,0
PWD-AST-0010,2026-04-16,33.21,0
PWD-AST-0010,2026-04-17,33.07,0
PWD-AST-0010,2026-04-18,32.93,0
PWD-AST-0010,2026-04-19,32.78,0
PWD-AST-0010,2026-04-20,32.64,0
PWD-AST-0010,2026-04-21,32.51,0
PWD-AST-0010,2026-04-22,32.37,0
PWD-AST-0010,2026-04-23,32.23,0
PWD-AST-0010,2026-04-24,32.09,0
PWD-AST-0010,2026-04-25,31.96,0
PWD-AST-0010,2026-04-26,31.82,0
PWD-AST-0010,2026-04-27,31.68,0
PWD-AST-0010,2026-04-28,31.55,0
PWD-AST-0010,2026-04-29,31.42,0
PWD-AST-0010,2026-04-30,31.28,0
PWD-AST-0010,2026-05-01,31.15,0
PWD-AST-0010,2026-05-02,31.02,0
PWD-AST-0010,2026-05-03,30.89,0
PWD-AST-0010,2026-05-04,30.76,0
PWD-AST-0010,2026-05-05,30.63,0
PWD-AST-0010,2026-05-06,30.5,0
PWD-AST-0010,2026-05-07,30.37,0
PWD-AST-0010,2026-05-08,30.24,0
PWD-AST-0010,2026-05-09,30.12,0
PWD-AST-0010,2026-05-10,29.99,0
PWD-AST-0010,2026-05-11,29.86,0
PWD-AST-0010,2026-05-12,29.74,0
PWD-AST-0010,2026-05-13,29.61,0
PWD-AST-0010,2026-05-14,29.49,0
PWD-AST-0010,2026-05-15,29.36,0
PWD-AST-0010,2026-05-16,29.24,0
PWD-AST-0010,2026-05-17,29.12,0
PWD-AST-0010,2026-05-18,29.0,0
PWD-AST-0010,2026-05-19,47.28,71
PWD-AST-0010,2026-05-20,47.07,0
PWD-AST-0010,2026-05-21,46.86,0
PWD-AST-0010,2026-05-22,46.65,0
PWD-AST-0010,2026-05-23,46.44,0
PWD-AST-0010,2026-05-24,46.23,0
PWD-AST-0010,2026-05-25,46.02,0
PWD-AST-0010,2026-05-26,45.82,0
PWD-AST-0010,2026-05-27,45.61,0
PWD-AST-0010,2026-05-28,45.41,0
PWD-AST-0010,2026-05-29,45.2,0
PWD-AST-0010,2026-05-30,45.0,0
PWD-AST-0010,2026-05-31,44.8,0
PWD-AST-0010,2026-06-01,44.6,0
PWD-AST-0010,2026-06-02,44.4,0
PWD-AST-0010,2026-06-03,44.2,0
PWD-AST-0010,2026-06-04,44.01,0
PWD-AST-0010,2026-06-05,43.81,0
PWD-AST-0010,2026-06-06,43.62,0
PWD-AST-0010,2026-06-07,43.42,0
PWD-AST-0010,2026-06-08,43.23,0
PWD-AST-0010,2026-06-09,43.04,0
PWD-AST-0010,2026-06-10,42.84,0
PWD-AST-0010,2026-06-11,42.65,0
PWD-AST-0010,2026-06-12,42.47,0
PWD-AST-0010,2026-06-13,42.28,0
PWD-AST-0010,2026-06-14,42.09,0
PWD-AST-0010,2026-06-15,41.9,0
PWD-AST-0010,2026-06-16,41.72,0
PWD-AST-0010,2026-06-17,41.53,0
PWD-AST-0010,2026-06-18,41.35,0
PWD-AST-0010,2026-06-19,41.17,0
PWD-AST-0010,2026-06-20,40.98,0
PWD-AST-0010,2026-06-21,40.8,0
PWD-AST-0010,2026-06-22,40.62,0
PWD-AST-0010,2026-06-23,40.44,0
PWD-AST-0010,2026-06-24,40.27,0
PWD-AST-0010,2026-06-25,40.09,0
PWD-AST-0010,2026-06-26,39.91,0
PWD-AST-0010,2026-06-27,39.74,0
PWD-AST-0010,2026-06-28,39.56,0
PWD-AST-0010,2026-06-29,39.39,0
PWD-AST-0010,2026-06-30,39.22,0
PWD-AST-0010,2026-07-01,39.12,0
PWD-AST-0010,2026-07-02,39.03,0
PWD-AST-0010,2026-07-03,38.94,0
PWD-AST-0010,2026-07-04,38.84,0
PWD-AST-0010,2026-07-05,38.75,0
PWD-AST-0010,2026-07-06,38.66,0
PWD-AST-0010,2026-07-07,38.57,0
PWD-AST-0010,2026-07-08,38.47,0
PWD-AST-0010,2026-07-09,38.38,0
PWD-AST-0010,2026-07-10,38.29,0
PWD-AST-0010,2026-07-11,38.2,0
PWD-AST-0010,2026-07-12,38.11,0
PWD-AST-0010,2026-07-13,38.02,0
PWD-AST-0010,2026-07-14,37.93,0
PWD-AST-0010,2026-07-15,37.84,0
PWD-AST-0010,2026-07-16,37.75,0
PWD-AST-0010,2026-07-17,37.66,0
PWD-AST-0010,2026-07-18,47.28,52
PWD-AST-0010,2026-07-19,47.16,0
PWD-AST-0010,2026-07-20,47.04,0
PWD-AST-0010,2026-07-21,46.93,0
PWD-AST-0010,2026-07-22,46.81,0
PWD-AST-0010,2026-07-23,46.69,0
PWD-AST-0010,2026-07-24,46.58,0
PWD-AST-0010,2026-07-25,46.46,0
PWD-AST-0010,2026-07-26,46.35,0
PWD-AST-0010,2026-07-27,46.23,0
PWD-AST-0010,2026-07-28,46.12,0
PWD-AST-0010,2026-07-29,46.0,0
PWD-AST-0010,2026-07-30,45.89,0
PWD-AST-0010,2026-07-31,45.78,0
PWD-AST-0010,2026-08-01,45.66,0
PWD-AST-0010,2026-08-02,45.55,0
PWD-AST-0010,2026-08-03,45.44,0
PWD-AST-0010,2026-08-04,45.32,0
PWD-AST-0010,2026-08-05,45.21,0
PWD-AST-0010,2026-08-06,45.1,0
PWD-AST-0010,2026-08-07,44.99,0
PWD-AST-0010,2026-08-08,44.88,0
PWD-AST-0010,2026-08-09,47.28,93
PWD-AST-0010,2026-08-10,47.28,93
PWD-AST-0010,2026-08-11,47.16,0
PWD-AST-0010,2026-08-12,47.04,0
PWD-AST-0010,2026-08-13,46.93,0
PWD-AST-0010,2026-08-14,46.81,0
PWD-AST-0010,2026-08-15,46.69,0
PWD-AST-0010,2026-08-16,46.58,0
PWD-AST-0010,2026-08-17,46.46,0
PWD-AST-0010,2026-08-18,46.35,0
PWD-AST-0010,2026-08-19,46.23,0
PWD-AST-0010,2026-08-20,46.12,0
PWD-AST-0010,2026-08-21,46.0,0
PWD-AST-0010,2026-08-22,45.89,0
PWD-AST-0010,2026-08-23,45.78,0
PWD-AST-0010,2026-08-24,45.66,0
PWD-AST-0010,2026-08-25,45.55,0
PWD-AST-0010,2026-08-26,45.44,0
PWD-AST-0010,2026-08-27,45.32,0
PWD-AST-0010,2026-08-28,47.28,121
PWD-AST-0010,2026-08-29,47.16,0
PWD-AST-0010,2026-08-30,47.04,0
PWD-AST-0010,2026-08-31,46.93,0
PWD-AST-0010,2026-09-01,46.81,0
PWD-AST-0010,2026-09-02,46.69,0
PWD-AST-0010,2026-09-03,46.58,0
PWD-AST-0010,2026-09-04,46.46,0
PWD-AST-0010,2026-09-05,46.35,0
PWD-AST-0010,2026-09-06,47.28,203
PWD-AST-0010,2026-09-07,47.16,0
PWD-AST-0010,2026-09-08,47.04,0
PWD-AST-0010,2026-09-09,46.93,0
PWD-AST-0010,2026-09-10,46.81,0
PWD-AST-0010,2026-09-11,46.69,0
PWD-AST-0010,2026-09-12,46.58,0
PWD-AST-0010,2026-09-13,46.46,0
PWD-AST-0010,2026-09-14,46.35,0
PWD-AST-0010,2026-09-15,46.23,0
PWD-AST-0010,2026-09-16,46.12,0
PWD-AST-0010,2026-09-17,46.0,0
PWD-AST-0010,2026-09-18,45.89,0
PWD-AST-0010,2026-09-19,47.28,230
PWD-AST-0010,2026-09-20,47.28,297
PWD-AST-0010,2026-09-21,47.16,0
PWD-AST-0010,2026-09-22,47.04,0
PWD-AST-0010,2026-09-23,46.93,0
PWD-AST-0010,2026-09-24,46.81,0
PWD-AST-0010,2026-09-25,46.75,0
PWD-AST-0010,2026-09-26,46.63,0
PWD-AST-0010,2026-09-27,46.51,0
PWD-AST-0010,2026-09-28,47.28,17
PWD-AST-0010,2026-09-29,47.28,34
PWD-AST-0010,2026-09-30,47.28,6
PWD-AST-0010,2026-10-01,47.28,14
PWD-AST-0010,2026-10-02,47.28,27
PWD-AST-0010,2026-10-03,47.16,0
PWD-AST-0010,2026-10-04,47.28,0
PWD-AST-0011,2026-04-08,8.62,0
PWD-AST-0011,2026-04-09,8.58,0
PWD-AST-0011,2026-04-10,8.54,0
PWD-AST-0011,2026-04-11,8.5,0
PWD-AST-0011,2026-04-12,8.47,0
PWD-AST-0011,2026-04-13,8.43,0
PWD-AST-0011,2026-04-14,8.4,0
PWD-AST-0011,2026-04-15,8.36,0
PWD-AST-0011,2026-04-16,8.32,0
PWD-AST-0011,2026-04-17,8.29,0
PWD-AST-0011,2026-04-18,8.25,0
PWD-AST-0011,2026-04-19,8.22,0
PWD-AST-0011,2026-04-20,8.18,0
PWD-AST-0011,2026-04-21,8.15,0
PWD-AST-0011,2026-04-22,8.11,0
PWD-AST-0011,2026-04-23,8.08,0
PWD-AST-0011,2026-04-24,8.04,0
PWD-AST-0011,2026-04-25,8.01,0
PWD-AST-0011,2026-04-26,7.98,0
PWD-AST-0011,2026-04-27,7.94,0
PWD-AST-0011,2026-04-28,7.91,0
PWD-AST-0011,2026-04-29,7.87,0
PWD-AST-0011,2026-04-30,7.84,0
PWD-AST-0011,2026-05-01,7.81,0
PWD-AST-0011,2026-05-02,7.77,0
PWD-AST-0011,2026-05-03,7.74,0
PWD-AST-0011,2026-05-04,7.71,0
PWD-AST-0011,2026-05-05,7.68,0
PWD-AST-0011,2026-05-06,7.64,0
PWD-AST-0011,2026-05-07,7.61,0
PWD-AST-0011,2026-05-08,7.58,0
PWD-AST-0011,2026-05-09,7.55,0
PWD-AST-0011,2026-05-10,7.52,0
PWD-AST-0011,2026-05-11,7.48,0
PWD-AST-0011,2026-05-12,7.45,0
PWD-AST-0011,2026-05-13,7.42,0
PWD-AST-0011,2026-05-14,7.39,0
PWD-AST-0011,2026-05-15,7.36,0
PWD-AST-0011,2026-05-16,7.33,0
PWD-AST-0011,2026-05-17,7.3,0
PWD-AST-0011,2026-05-18,7.27,0
PWD-AST-0011,2026-05-19,11.82,23
PWD-AST-0011,2026-05-20,11.77,0
PWD-AST-0011,2026-05-21,11.71,0
PWD-AST-0011,2026-05-22,11.66,0
PWD-AST-0011,2026-05-23,11.61,0
PWD-AST-0011,2026-05-24,11.56,0
PWD-AST-0011,2026-05-25,11.51,0
PWD-AST-0011,2026-05-26,11.45,0
PWD-AST-0011,2026-05-27,11.4,0
PWD-AST-0011,2026-05-28,11.35,0
PWD-AST-0011,2026-05-29,11.3,0
PWD-AST-0011,2026-05-30,11.25,0
PWD-AST-0011,2026-05-31,11.2,0
PWD-AST-0011,2026-06-01,11.15,0
PWD-AST-0011,2026-06-02,11.1,0
PWD-AST-0011,2026-06-03,11.05,0
PWD-AST-0011,2026-06-04,11.0,0
PWD-AST-0011,2026-06-05,10.95,0
PWD-AST-0011,2026-06-06,10.9,0
PWD-AST-0011,2026-06-07,10.86,0
PWD-AST-0011,2026-06-08,10.81,0
PWD-AST-0011,2026-06-09,10.76,0
PWD-AST-0011,2026-06-10,10.71,0
PWD-AST-0011,2026-06-11,10.66,0
PWD-AST-0011,2026-06-12,10.62,0
PWD-AST-0011,2026-06-13,10.57,0
PWD-AST-0011,2026-06-14,10.52,0
PWD-AST-0011,2026-06-15,10.48,0
PWD-AST-0011,2026-06-16,10.43,0
PWD-AST-0011,2026-06-17,10.38,0
PWD-AST-0011,2026-06-18,10.34,0
PWD-AST-0011,2026-06-19,10.29,0
PWD-AST-0011,2026-06-20,10.25,0
PWD-AST-0011,2026-06-21,10.2,0
PWD-AST-0011,2026-06-22,10.16,0
PWD-AST-0011,2026-06-23,10.11,0
PWD-AST-0011,2026-06-24,10.07,0
PWD-AST-0011,2026-06-25,10.02,0
PWD-AST-0011,2026-06-26,9.98,0
PWD-AST-0011,2026-06-27,9.93,0
PWD-AST-0011,2026-06-28,9.89,0
PWD-AST-0011,2026-06-29,9.85,0
PWD-AST-0011,2026-06-30,9.8,0
PWD-AST-0011,2026-07-01,9.78,0
PWD-AST-0011,2026-07-02,9.76,0
PWD-AST-0011,2026-07-03,9.73,0
PWD-AST-0011,2026-07-04,9.71,0
PWD-AST-0011,2026-07-05,9.69,0
PWD-AST-0011,2026-07-06,9.66,0
PWD-AST-0011,2026-07-07,9.64,0
PWD-AST-0011,2026-07-08,9.62,0
PWD-AST-0011,2026-07-09,9.6,0
PWD-AST-0011,2026-07-10,9.57,0
PWD-AST-0011,2026-07-11,9.55,0
PWD-AST-0011,2026-07-12,9.53,0
PWD-AST-0011,2026-07-13,9.5,0
PWD-AST-0011,2026-07-14,9.48,0
PWD-AST-0011,2026-07-15,9.46,0
PWD-AST-0011,2026-07-16,9.44,0
PWD-AST-0011,2026-07-17,9.42,0
PWD-AST-0011,2026-07-18,11.82,16
PWD-AST-0011,2026-07-19,11.79,0
PWD-AST-0011,2026-07-20,11.76,0
PWD-AST-0011,2026-07-21,11.73,0
PWD-AST-0011,2026-07-22,11.7,0
PWD-AST-0011,2026-07-23,11.67,0
PWD-AST-0011,2026-07-24,11.64,0
PWD-AST-0011,2026-07-25,11.62,0
PWD-AST-0011,2026-07-26,11.59,0
PWD-AST-0011,2026-07-27,11.56,0
PWD-AST-0011,2026-07-28,11.53,0
PWD-AST-0011,2026-07-29,11.5,0
PWD-AST-0011,2026-07-30,11.47,0
PWD-AST-0011,2026-07-31,11.44,0
PWD-AST-0011,2026-08-01,11.42,0
PWD-AST-0011,2026-08-02,11.39,0
PWD-AST-0011,2026-08-03,11.36,0
PWD-AST-0011,2026-08-04,11.33,0
PWD-AST-0011,2026-08-05,11.3,0
PWD-AST-0011,2026-08-06,11.28,0
PWD-AST-0011,2026-08-07,11.25,0
PWD-AST-0011,2026-08-08,11.22,0
PWD-AST-0011,2026-08-09,11.82,25
PWD-AST-0011,2026-08-10,11.82,25
PWD-AST-0011,2026-08-11,11.79,0
PWD-AST-0011,2026-08-12,11.76,0
PWD-AST-0011,2026-08-13,11.73,0
PWD-AST-0011,2026-08-14,11.7,0
PWD-AST-0011,2026-08-15,11.67,0
PWD-AST-0011,2026-08-16,11.64,0
PWD-AST-0011,2026-08-17,11.62,0
PWD-AST-0011,2026-08-18,11.59,0
PWD-AST-0011,2026-08-19,11.56,0
PWD-AST-0011,2026-08-20,11.53,0
PWD-AST-0011,2026-08-21,11.5,0
PWD-AST-0011,2026-08-22,11.47,0
PWD-AST-0011,2026-08-23,11.44,0
PWD-AST-0011,2026-08-24,11.42,0
PWD-AST-0011,2026-08-25,11.39,0
PWD-AST-0011,2026-08-26,11.36,0
PWD-AST-0011,2026-08-27,11.33,0
PWD-AST-0011,2026-08-28,11.82,33
PWD-AST-0011,2026-08-29,11.79,0
PWD-AST-0011,2026-08-30,11.76,0
PWD-AST-0011,2026-08-31,11.73,0
PWD-AST-0011,2026-09-01,11.7,0
PWD-AST-0011,2026-09-02,11.67,0
PWD-AST-0011,2026-09-03,11.64,0
PWD-AST-0011,2026-09-04,11.62,0
PWD-AST-0011,2026-09-05,11.59,0
PWD-AST-0011,2026-09-06,11.82,54
PWD-AST-0011,2026-09-07,11.79,0
PWD-AST-0011,2026-09-08,11.76,0
PWD-AST-0011,2026-09-09,11.73,0
PWD-AST-0011,2026-09-10,11.7,0
PWD-AST-0011,2026-09-11,11.67,0
PWD-AST-0011,2026-09-12,11.64,0
PWD-AST-0011,2026-09-13,11.62,0
PWD-AST-0011,2026-09-14,11.59,0
PWD-AST-0011,2026-09-15,11.56,0
PWD-AST-0011,2026-09-16,11.53,0
PWD-AST-0011,2026-09-17,11.5,0
PWD-AST-0011,2026-09-18,11.47,0
PWD-AST-0011,2026-09-19,11.82,61
PWD-AST-0011,2026-09-20,11.82,79
PWD-AST-0011,2026-09-21,11.79,0
PWD-AST-0011,2026-09-22,11.76,0
PWD-AST-0011,2026-09-23,11.73,0
PWD-AST-0011,2026-09-24,11.7,0
PWD-AST-0011,2026-09-25,11.69,0
PWD-AST-0011,2026-09-26,11.66,0
PWD-AST-0011,2026-09-27,11.63,0
PWD-AST-0011,2026-09-28,11.82,5
PWD-AST-0011,2026-09-29,11.82,9
PWD-AST-0011,2026-09-30,11.82,2
PWD-AST-0011,2026-10-01,11.82,4
PWD-AST-0011,2026-10-02,11.82,7
PWD-AST-0011,2026-10-03,11.79,0
PWD-AST-0011,2026-10-04,11.82,0
PWD-AST-0012,2026-04-08,35.23,0
PWD-AST-0012,2026-04-09,35.07,0
PWD-AST-0012,2026-04-10,34.92,0
PWD-AST-0012,2026-04-11,34.76,0
PWD-AST-0012,2026-04-12,34.61,0
PWD-AST-0012,2026-04-13,34.46,0
PWD-AST-0012,2026-04-14,34.31,0
PWD-AST-0012,2026-04-15,34.15,0
PWD-AST-0012,2026-04-16,34.0,0
PWD-AST-0012,2026-04-17,33.85,0
PWD-AST-0012,2026-04-18,33.7,0
PWD-AST-0012,2026-04-19,33.56,0
PWD-AST-0012,2026-04-20,33.41,0
PWD-AST-0012,2026-04-21,33.26,0
PWD-AST-0012,2026-04-22,33.11,0
PWD-AST-0012,2026-04-23,32.97,0
PWD-AST-0012,2026-04-24,32.82,0
PWD-AST-0012,2026-04-25,32.68,0
PWD-AST-0012,2026-04-26,32.54,0
PWD-AST-0012,2026-04-27,32.39,0
PWD-AST-0012,2026-04-28,32.25,0
PWD-AST-0012,2026-04-29,32.11,0
PWD-AST-0012,2026-04-30,31.97,0
PWD-AST-0012,2026-05-01,31.83,0
PWD-AST-0012,2026-05-02,31.69,0
PWD-AST-0012,2026-05-03,31.55,0
PWD-AST-0012,2026-05-04,31.41,0
PWD-AST-0012,2026-05-05,31.28,0
PWD-AST-0012,2026-05-06,31.14,0
PWD-AST-0012,2026-05-07,31.01,0
PWD-AST-0012,2026-05-08,30.87,0
PWD-AST-0012,2026-05-09,30.74,0
PWD-AST-0012,2026-05-10,30.6,0
PWD-AST-0012,2026-05-11,30.47,0
PWD-AST-0012,2026-05-12,30.34,0
PWD-AST-0012,2026-05-13,30.21,0
PWD-AST-0012,2026-05-14,30.07,0
PWD-AST-0012,2026-05-15,29.94,0
PWD-AST-0012,2026-05-16,29.81,0
PWD-AST-0012,2026-05-17,29.69,0
PWD-AST-0012,2026-05-18,29.56,0
PWD-AST-0012,2026-05-19,39.4,132
PWD-AST-0012,2026-05-20,39.22,0
PWD-AST-0012,2026-05-21,39.05,0
PWD-AST-0012,2026-05-22,38.87,0
PWD-AST-0012,2026-05-23,38.7,0
PWD-AST-0012,2026-05-24,38.52,0
PWD-AST-0012,2026-05-25,38.35,0
PWD-AST-0012,2026-05-26,38.18,0
PWD-AST-0012,2026-05-27,38.01,0
PWD-AST-0012,2026-05-28,37.84,0
PWD-AST-0012,2026-05-29,37.67,0
PWD-AST-0012,2026-05-30,37.5,0
PWD-AST-0012,2026-05-31,37.33,0
PWD-AST-0012,2026-06-01,37.17,0
PWD-AST-0012,2026-06-02,37.0,0
PWD-AST-0012,2026-06-03,36.84,0
PWD-AST-0012,2026-06-04,36.67,0
PWD-AST-0012,2026-06-05,36.51,0
PWD-AST-0012,2026-06-06,36.35,0
PWD-AST-0012,2026-06-07,36.18,0
PWD-AST-0012,2026-06-08,36.02,0
PWD-AST-0012,2026-06-09,35.86,0
PWD-AST-0012,2026-06-10,35.7,0
PWD-AST-0012,2026-06-11,35.55,0
PWD-AST-0012,2026-06-12,35.39,0
PWD-AST-0012,2026-06-13,35.23,0
PWD-AST-0012,2026-06-14,35.07,0
PWD-AST-0012,2026-06-15,34.92,0
PWD-AST-0012,2026-06-16,34.76,0
PWD-AST-0012,2026-06-17,34.61,0
PWD-AST-0012,2026-06-18,34.46,0
PWD-AST-0012,2026-06-19,34.31,0
PWD-AST-0012,2026-06-20,34.15,0
PWD-AST-0012,2026-06-21,34.0,0
PWD-AST-0012,2026-06-22,33.85,0
PWD-AST-0012,2026-06-23,33.7,0
PWD-AST-0012,2026-06-24,33.56,0
PWD-AST-0012,2026-06-25,33.41,0
PWD-AST-0012,2026-06-26,33.26,0
PWD-AST-0012,2026-06-27,33.11,0
PWD-AST-0012,2026-06-28,32.97,0
PWD-AST-0012,2026-06-29,32.82,0
PWD-AST-0012,2026-06-30,32.68,0
PWD-AST-0012,2026-07-01,32.6,0
PWD-AST-0012,2026-07-02,32.52,0
PWD-AST-0012,2026-07-03,32.45,0
PWD-AST-0012,2026-07-04,32.37,0
PWD-AST-0012,2026-07-05,32.29,0
PWD-AST-0012,2026-07-06,32.21,0
PWD-AST-0012,2026-07-07,32.14,0
PWD-AST-0012,2026-07-08,32.06,0
PWD-AST-0012,2026-07-09,31.99,0
PWD-AST-0012,2026-07-10,31.91,0
PWD-AST-0012,2026-07-11,31.83,0
PWD-AST-0012,2026-07-12,31.76,0
PWD-AST-0012,2026-07-13,31.68,0
PWD-AST-0012,2026-07-14,31.61,0
PWD-AST-0012,2026-07-15,31.53,0
PWD-AST-0012,2026-07-16,31.46,0
PWD-AST-0012,2026-07-17,31.38,0
PWD-AST-0012,2026-07-18,38.58,0
PWD-AST-0012,2026-07-19,38.48,0
PWD-AST-0012,2026-07-20,38.39,0
PWD-AST-0012,2026-07-21,38.29,0
PWD-AST-0012,2026-07-22,38.2,0
PWD-AST-0012,2026-07-23,38.1,0
PWD-AST-0012,2026-07-24,38.01,0
PWD-AST-0012,2026-07-25,37.91,0
PWD-AST-0012,2026-07-26,37.82,0
PWD-AST-0012,2026-07-27,37.73,0
PWD-AST-0012,2026-07-28,37.63,0
PWD-AST-0012,2026-07-29,37.54,0
PWD-AST-0012,2026-07-30,37.45,0
PWD-AST-0012,2026-07-31,37.35,0
PWD-AST-0012,2026-08-01,37.26,0
PWD-AST-0012,2026-08-02,37.17,0
PWD-AST-0012,2026-08-03,37.08,0
PWD-AST-0012,2026-08-04,36.99,0
PWD-AST-0012,2026-08-05,36.9,0
PWD-AST-0012,2026-08-06,36.81,0
PWD-AST-0012,2026-08-07,36.72,0
PWD-AST-0012,2026-08-08,36.63,0
PWD-AST-0012,2026-08-09,39.4,290
PWD-AST-0012,2026-08-10,39.4,165
PWD-AST-0012,2026-08-11,39.3,0
PWD-AST-0012,2026-08-12,39.2,0
PWD-AST-0012,2026-08-13,39.11,0
PWD-AST-0012,2026-08-14,39.01,0
PWD-AST-0012,2026-08-15,38.91,0
PWD-AST-0012,2026-08-16,38.82,0
PWD-AST-0012,2026-08-17,38.72,0
PWD-AST-0012,2026-08-18,38.62,0
PWD-AST-0012,2026-08-19,38.53,0
PWD-AST-0012,2026-08-20,38.43,0
PWD-AST-0012,2026-08-21,38.34,0
PWD-AST-0012,2026-08-22,38.24,0
PWD-AST-0012,2026-08-23,38.15,0
PWD-AST-0012,2026-08-24,38.05,0
PWD-AST-0012,2026-08-25,37.96,0
PWD-AST-0012,2026-08-26,37.86,0
PWD-AST-0012,2026-08-27,37.77,0
PWD-AST-0012,2026-08-28,39.4,136
PWD-AST-0012,2026-08-29,39.3,0
PWD-AST-0012,2026-08-30,39.2,0
PWD-AST-0012,2026-08-31,39.11,0
PWD-AST-0012,2026-09-01,39.01,0
PWD-AST-0012,2026-09-02,38.91,0
PWD-AST-0012,2026-09-03,38.82,0
PWD-AST-0012,2026-09-04,38.72,0
PWD-AST-0012,2026-09-05,38.62,0
PWD-AST-0012,2026-09-06,39.4,67
PWD-AST-0012,2026-09-07,39.3,0
PWD-AST-0012,2026-09-08,39.2,0
PWD-AST-0012,2026-09-09,39.11,0
PWD-AST-0012,2026-09-10,39.01,0
PWD-AST-0012,2026-09-11,38.91,0
PWD-AST-0012,2026-09-12,38.82,0
PWD-AST-0012,2026-09-13,38.72,0
PWD-AST-0012,2026-09-14,38.62,0
PWD-AST-0012,2026-09-15,38.53,0
PWD-AST-0012,2026-09-16,38.43,0
PWD-AST-0012,2026-09-17,38.34,0
PWD-AST-0012,2026-09-18,38.24,0
PWD-AST-0012,2026-09-19,39.4,99
PWD-AST-0012,2026-09-20,39.4,173
PWD-AST-0012,2026-09-21,39.3,0
PWD-AST-0012,2026-09-22,39.2,0
PWD-AST-0012,2026-09-23,39.11,0
PWD-AST-0012,2026-09-24,39.01,0
PWD-AST-0012,2026-09-25,39.4,8
PWD-AST-0012,2026-09-26,39.3,0
PWD-AST-0012,2026-09-27,39.2,0
PWD-AST-0012,2026-09-28,39.11,0
PWD-AST-0012,2026-09-29,39.4,21
PWD-AST-0012,2026-09-30,39.4,11
PWD-AST-0012,2026-10-01,39.4,19
PWD-AST-0012,2026-10-02,39.4,4
PWD-AST-0012,2026-10-03,39.4,19
PWD-AST-0012,2026-10-04,39.4,32
PWD-AST-0013,2026-04-08,19.38,0
PWD-AST-0013,2026-04-09,19.29,0
PWD-AST-0013,2026-04-10,19.21,0
PWD-AST-0013,2026-04-11,19.12,0
PWD-AST-0013,2026-04-12,19.04,0
PWD-AST-0013,2026-04-13,18.95,0
PWD-AST-0013,2026-04-14,18.87,0
PWD-AST-0013,2026-04-15,18.78,0
PWD-AST-0013,2026-04-16,18.7,0
PWD-AST-0013,2026-04-17,18.62,0
PWD-AST-0013,2026-04-18,18.54,0
PWD-AST-0013,2026-04-19,18.46,0
PWD-AST-0013,2026-04-20,18.37,0
PWD-AST-0013,2026-04-21,18.29,0
PWD-AST-0013,2026-04-22,18.21,0
PWD-AST-0013,2026-04-23,18.13,0
PWD-AST-0013,2026-04-24,18.05,0
PWD-AST-0013,2026-04-25,17.97,0
PWD-AST-0013,2026-04-26,17.89,0
PWD-AST-0013,2026-04-27,17.82,0
PWD-AST-0013,2026-04-28,17.74,0
PWD-AST-0013,2026-04-29,17.66,0
PWD-AST-0013,2026-04-30,17.58,0
PWD-AST-0013,2026-05-01,17.51,0
PWD-AST-0013,2026-05-02,17.43,0
PWD-AST-0013,2026-05-03,17.35,0
PWD-AST-0013,2026-05-04,17.28,0
PWD-AST-0013,2026-05-05,17.2,0
PWD-AST-0013,2026-05-06,17.13,0
PWD-AST-0013,2026-05-07,17.05,0
PWD-AST-0013,2026-05-08,16.98,0
PWD-AST-0013,2026-05-09,16.9,0
PWD-AST-0013,2026-05-10,16.83,0
PWD-AST-0013,2026-05-11,16.76,0
PWD-AST-0013,2026-05-12,16.69,0
PWD-AST-0013,2026-05-13,16.61,0
PWD-AST-0013,2026-05-14,16.54,0
PWD-AST-0013,2026-05-15,16.47,0
PWD-AST-0013,2026-05-16,16.4,0
PWD-AST-0013,2026-05-17,16.33,0
PWD-AST-0013,2026-05-18,16.26,0
PWD-AST-0013,2026-05-19,21.67,86
PWD-AST-0013,2026-05-20,21.57,0
PWD-AST-0013,2026-05-21,21.48,0
PWD-AST-0013,2026-05-22,21.38,0
PWD-AST-0013,2026-05-23,21.28,0
PWD-AST-0013,2026-05-24,21.19,0
PWD-AST-0013,2026-05-25,21.09,0
PWD-AST-0013,2026-05-26,21.0,0
PWD-AST-0013,2026-05-27,20.9,0
PWD-AST-0013,2026-05-28,20.81,0
PWD-AST-0013,2026-05-29,20.72,0
PWD-AST-0013,2026-05-30,20.63,0
PWD-AST-0013,2026-05-31,20.53,0
PWD-AST-0013,2026-06-01,20.44,0
PWD-AST-0013,2026-06-02,20.35,0
PWD-AST-0013,2026-06-03,20.26,0
PWD-AST-0013,2026-06-04,20.17,0
PWD-AST-0013,2026-06-05,20.08,0
PWD-AST-0013,2026-06-06,19.99,0
PWD-AST-0013,2026-06-07,19.9,0
PWD-AST-0013,2026-06-08,19.81,0
PWD-AST-0013,2026-06-09,19.72,0
PWD-AST-0013,2026-06-10,19.64,0
PWD-AST-0013,2026-06-11,19.55,0
PWD-AST-0013,2026-06-12,19.46,0
PWD-AST-0013,2026-06-13,19.38,0
PWD-AST-0013,2026-06-14,19.29,0
PWD-AST-0013,2026-06-15,19.21,0
PWD-AST-0013,2026-06-16,19.12,0
PWD-AST-0013,2026-06-17,19.04,0
PWD-AST-0013,2026-06-18,18.95,0
PWD-AST-0013,2026-06-19,18.87,0
PWD-AST-0013,2026-06-20,18.78,0
PWD-AST-0013,2026-06-21,18.7,0
PWD-AST-0013,2026-06-22,18.62,0
PWD-AST-0013,2026-06-23,18.54,0
PWD-AST-0013,2026-06-24,18.46,0
PWD-AST-0013,2026-06-25,18.37,0
PWD-AST-0013,2026-06-26,18.29,0
PWD-AST-0013,2026-06-27,18.21,0
PWD-AST-0013,2026-06-28,18.13,0
PWD-AST-0013,2026-06-29,18.05,0
PWD-AST-0013,2026-06-30,17.97,0
PWD-AST-0013,2026-07-01,17.93,0
PWD-AST-0013,2026-07-02,17.89,0
PWD-AST-0013,2026-07-03,17.85,0
PWD-AST-0013,2026-07-04,17.8,0
PWD-AST-0013,2026-07-05,17.76,0
PWD-AST-0013,2026-07-06,17.72,0
PWD-AST-0013,2026-07-07,17.68,0
PWD-AST-0013,2026-07-08,17.63,0
PWD-AST-0013,2026-07-09,17.59,0
PWD-AST-0013,2026-07-10,17.55,0
PWD-AST-0013,2026-07-11,17.51,0
PWD-AST-0013,2026-07-12,17.47,0
PWD-AST-0013,2026-07-13,17.43,0
PWD-AST-0013,2026-07-14,17.38,0
PWD-AST-0013,2026-07-15,17.34,0
PWD-AST-0013,2026-07-16,17.3,0
PWD-AST-0013,2026-07-17,17.26,0
PWD-AST-0013,2026-07-18,21.67,20
PWD-AST-0013,2026-07-19,21.62,0
PWD-AST-0013,2026-07-20,21.56,0
PWD-AST-0013,2026-07-21,21.51,0
PWD-AST-0013,2026-07-22,21.45,0
PWD-AST-0013,2026-07-23,21.4,0
PWD-AST-0013,2026-07-24,21.35,0
PWD-AST-0013,2026-07-25,21.3,0
PWD-AST-0013,2026-07-26,21.24,0
PWD-AST-0013,2026-07-27,21.19,0
PWD-AST-0013,2026-07-28,21.14,0
PWD-AST-0013,2026-07-29,21.08,0
PWD-AST-0013,2026-07-30,21.03,0
PWD-AST-0013,2026-07-31,20.98,0
PWD-AST-0013,2026-08-01,20.93,0
PWD-AST-0013,2026-08-02,20.88,0
PWD-AST-0013,2026-08-03,20.83,0
PWD-AST-0013,2026-08-04,20.77,0
PWD-AST-0013,2026-08-05,20.72,0
PWD-AST-0013,2026-08-06,20.67,0
PWD-AST-0013,2026-08-07,20.62,0
PWD-AST-0013,2026-08-08,20.57,0
PWD-AST-0013,2026-08-09,21.67,124
PWD-AST-0013,2026-08-10,21.67,86
PWD-AST-0013,2026-08-11,21.62,0
PWD-AST-0013,2026-08-12,21.56,0
PWD-AST-0013,2026-08-13,21.51,0
PWD-AST-0013,2026-08-14,21.45,0
PWD-AST-0013,2026-08-15,21.4,0
PWD-AST-0013,2026-08-16,21.35,0
PWD-AST-0013,2026-08-17,21.3,0
PWD-AST-0013,2026-08-18,21.24,0
PWD-AST-0013,2026-08-19,21.19,0
PWD-AST-0013,2026-08-20,21.14,0
PWD-AST-0013,2026-08-21,21.08,0
PWD-AST-0013,2026-08-22,21.03,0
PWD-AST-0013,2026-08-23,20.98,0
PWD-AST-0013,2026-08-24,20.93,0
PWD-AST-0013,2026-08-25,20.88,0
PWD-AST-0013,2026-08-26,20.83,0
PWD-AST-0013,2026-08-27,20.77,0
PWD-AST-0013,2026-08-28,21.67,48
PWD-AST-0013,2026-08-29,21.62,0
PWD-AST-0013,2026-08-30,21.56,0
PWD-AST-0013,2026-08-31,21.51,0
PWD-AST-0013,2026-09-01,21.45,0
PWD-AST-0013,2026-09-02,21.4,0
PWD-AST-0013,2026-09-03,21.35,0
PWD-AST-0013,2026-09-04,21.3,0
PWD-AST-0013,2026-09-05,21.24,0
PWD-AST-0013,2026-09-06,21.67,84
PWD-AST-0013,2026-09-07,21.62,0
PWD-AST-0013,2026-09-08,21.56,0
PWD-AST-0013,2026-09-09,21.51,0
PWD-AST-0013,2026-09-10,21.45,0
PWD-AST-0013,2026-09-11,21.4,0
PWD-AST-0013,2026-09-12,21.35,0
PWD-AST-0013,2026-09-13,21.3,0
PWD-AST-0013,2026-09-14,21.24,0
PWD-AST-0013,2026-09-15,21.19,0
PWD-AST-0013,2026-09-16,21.14,0
PWD-AST-0013,2026-09-17,21.08,0
PWD-AST-0013,2026-09-18,21.03,0
PWD-AST-0013,2026-09-19,21.67,59
PWD-AST-0013,2026-09-20,21.67,63
PWD-AST-0013,2026-09-21,21.62,0
PWD-AST-0013,2026-09-22,21.56,0
PWD-AST-0013,2026-09-23,21.51,0
PWD-AST-0013,2026-09-24,21.45,0
PWD-AST-0013,2026-09-25,21.4,0
PWD-AST-0013,2026-09-26,21.35,0
PWD-AST-0013,2026-09-27,21.3,0
PWD-AST-0013,2026-09-28,21.24,0
PWD-AST-0013,2026-09-29,21.53,0
PWD-AST-0013,2026-09-30,21.67,9
PWD-AST-0013,2026-10-01,21.62,0
PWD-AST-0013,2026-10-02,21.67,5
PWD-AST-0013,2026-10-03,21.67,7
PWD-AST-0013,2026-10-04,21.67,5
PWD-AST-0083,2026-04-08,1921.5,112
PWD-AST-0083,2026-04-09,1907.7,112
PWD-AST-0083,2026-04-10,1893.8,112
PWD-AST-0083,2026-04-11,1880.0,112
PWD-AST-0083,2026-04-12,1866.2,112
PWD-AST-0083,2026-04-13,1852.5,112
PWD-AST-0083,2026-04-14,1838.7,112
PWD-AST-0083,2026-04-15,1825.0,112
PWD-AST-0083,2026-04-16,1811.4,112
PWD-AST-0083,2026-04-17,1797.8,111
PWD-AST-0083,2026-04-18,1784.4,110
PWD-AST-0083,2026-04-19,1771.0,109
PWD-AST-0083,2026-04-20,1757.8,108
PWD-AST-0083,2026-04-21,1744.6,107
PWD-AST-0083,2026-04-22,1731.6,107
PWD-AST-0083,2026-04-23,1718.6,106
PWD-AST-0083,2026-04-24,1705.8,105
PWD-AST-0083,2026-04-25,1693.0,104
PWD-AST-0083,2026-04-26,1680.3,104
PWD-AST-0083,2026-04-27,1667.7,103
PWD-AST-0083,2026-04-28,1655.3,102
PWD-AST-0083,2026-04-29,1642.9,101
PWD-AST-0083,2026-04-30,1630.6,100
PWD-AST-0083,2026-05-01,1618.4,100
PWD-AST-0083,2026-05-02,1606.3,99
PWD-AST-0083,2026-05-03,1594.3,98
PWD-AST-0083,2026-05-04,1582.3,97
PWD-AST-0083,2026-05-05,1570.5,97
PWD-AST-0083,2026-05-06,1558.7,96
PWD-AST-0083,2026-05-07,1547.1,95
PWD-AST-0083,2026-05-08,1535.5,95
PWD-AST-0083,2026-05-09,1524.0,94
PWD-AST-0083,2026-05-10,1512.6,93
PWD-AST-0083,2026-05-11,1501.3,92
PWD-AST-0083,2026-05-12,1490.1,92
PWD-AST-0083,2026-05-13,1478.9,91
PWD-AST-0083,2026-05-14,1467.8,90
PWD-AST-0083,2026-05-15,1456.9,90
PWD-AST-0083,2026-05-16,1446.0,89
PWD-AST-0083,2026-05-17,1435.1,88
PWD-AST-0083,2026-05-18,1424.4,88
PWD-AST-0083,2026-05-19,2134.8,112
PWD-AST-0083,2026-05-20,2120.5,112
PWD-AST-0083,2026-05-21,2106.2,112
PWD-AST-0083,2026-05-22,2091.9,112
PWD-AST-0083,2026-05-23,2077.7,112
PWD-AST-0083,2026-05-24,2063.4,112
PWD-AST-0083,2026-05-25,2049.2,112
PWD-AST-0083,2026-05-26,2035.1,112
PWD-AST-0083,2026-05-27,2021.0,112
PWD-AST-0083,2026-05-28,2006.9,112
PWD-AST-0083,2026-05-29,1992.8,112
PWD-AST-0083,2026-05-30,1978.8,112
PWD-AST-0083,2026-05-31,1964.8,112
PWD-AST-0083,2026-06-01,1950.8,112
PWD-AST-0083,2026-06-02,1936.9,112
PWD-AST-0083,2026-06-03,1923.0,112
PWD-AST-0083,2026-06-04,1909.1,112
PWD-AST-0083,2026-06-05,1895.2,112
PWD-AST-0083,2026-06-06,1881.4,112
PWD-AST-0083,2026-06-07,1867.6,112
PWD-AST-0083,2026-06-08,1853.9,112
PWD-AST-0083,2026-06-09,1840.1,112
PWD-AST-0083,2026-06-10,1826.4,112
PWD-AST-0083,2026-06-11,1812.8,112
PWD-AST-0083,2026-06-12,1799.2,111
PWD-AST-0083,2026-06-13,1785.7,110
PWD-AST-0083,2026-06-14,1772.4,109
PWD-AST-0083,2026-06-15,1759.1,108
PWD-AST-0083,2026-06-16,1746.0,108
PWD-AST-0083,2026-06-17,1732.9,107
PWD-AST-0083,2026-06-18,1719.9,106
PWD-AST-0083,2026-06-19,1707.1,105
PWD-AST-0083,2026-06-20,1694.3,104
PWD-AST-0083,2026-06-21,1681.6,104
PWD-AST-0083,2026-06-22,1669.0,103
PWD-AST-0083,2026-06-23,1656.5,102
PWD-AST-0083,2026-06-24,1644.1,101
PWD-AST-0083,2026-06-25,1631.8,101
PWD-AST-0083,2026-06-26,1619.6,100
PWD-AST-0083,2026-06-27,1607.5,99
PWD-AST-0083,2026-06-28,1595.5,98
PWD-AST-0083,2026-06-29,1583.6,98
PWD-AST-0083,2026-06-30,1571.7,97
PWD-AST-0083,2026-07-01,1561.5,96
PWD-AST-0083,2026-07-02,1551.4,96
PWD-AST-0083,2026-07-03,1541.3,95
PWD-AST-0083,2026-07-04,1531.3,94
PWD-AST-0083,2026-07-05,1521.4,94
PWD-AST-0083,2026-07-06,1511.5,93
PWD-AST-0083,2026-07-07,1501.7,93
PWD-AST-0083,2026-07-08,1492.0,92
PWD-AST-0083,2026-07-09,1482.3,91
PWD-AST-0083,2026-07-10,1472.7,91
PWD-AST-0083,2026-07-11,1463.1,90
PWD-AST-0083,2026-07-12,1453.6,90
PWD-AST-0083,2026-07-13,1444.2,89
PWD-AST-0083,2026-07-14,1434.8,88
PWD-AST-0083,2026-07-15,1425.5,88
PWD-AST-0083,2026-07-16,1416.3,87
PWD-AST-0083,2026-07-17,1407.1,87
PWD-AST-0083,2026-07-18,1988.4,112
PWD-AST-0083,2026-07-19,1976.4,112
PWD-AST-0083,2026-07-20,1964.4,112
PWD-AST-0083,2026-07-21,1952.3,112
PWD-AST-0083,2026-07-22,1940.4,112
PWD-AST-0083,2026-07-23,1928.4,112
PWD-AST-0083,2026-07-24,1916.4,112
PWD-AST-0083,2026-07-25,1904.5,112
PWD-AST-0083,2026-07-26,1892.5,112
PWD-AST-0083,2026-07-27,1880.6,112
PWD-AST-0083,2026-07-28,1868.7,112
PWD-AST-0083,2026-07-29,1856.8,112
PWD-AST-0083,2026-07-30,1844.9,112
PWD-AST-0083,2026-07-31,1833.1,112
PWD-AST-0083,2026-08-01,1821.2,112
PWD-AST-0083,2026-08-02,1809.4,111
PWD-AST-0083,2026-08-03,1797.7,111
PWD-AST-0083,2026-08-04,1786.0,110
PWD-AST-0083,2026-08-05,1774.4,109
PWD-AST-0083,2026-08-06,1762.9,109
PWD-AST-0083,2026-08-07,1751.5,108
PWD-AST-0083,2026-08-08,1740.1,107
PWD-AST-0083,2026-08-09,2468.5,112
PWD-AST-0083,2026-08-10,3217.2,112
PWD-AST-0083,2026-08-11,3203.7,112
PWD-AST-0083,2026-08-12,3190.2,112
PWD-AST-0083,2026-08-13,3176.8,112
PWD-AST-0083,2026-08-14,3163.3,112
PWD-AST-0083,2026-08-15,3149.9,112
PWD-AST-0083,2026-08-16,3136.4,112
PWD-AST-0083,2026-08-17,3123.0,112
PWD-AST-0083,2026-08-18,3109.6,112
PWD-AST-0083,2026-08-19,3096.2,112
PWD-AST-0083,2026-08-20,3082.9,112
PWD-AST-0083,2026-08-21,3069.5,112
PWD-AST-0083,2026-08-22,3056.2,112
PWD-AST-0083,2026-08-23,3042.9,112
PWD-AST-0083,2026-08-24,3029.6,112
PWD-AST-0083,2026-08-25,3016.3,112
PWD-AST-0083,2026-08-26,3003.0,112
PWD-AST-0083,2026-08-27,2989.8,112
PWD-AST-0083,2026-08-28,3535.7,2440
PWD-AST-0083,2026-08-29,3521.8,112
PWD-AST-0083,2026-08-30,3507.9,112
PWD-AST-0083,2026-08-31,3494.0,112
PWD-AST-0083,2026-09-01,3480.2,112
PWD-AST-0083,2026-09-02,3466.4,112
PWD-AST-0083,2026-09-03,3452.6,112
PWD-AST-0083,2026-09-04,3438.8,112
PWD-AST-0083,2026-09-05,3425.0,112
PWD-AST-0083,2026-09-06,3535.7,7751
PWD-AST-0083,2026-09-07,3521.8,112
PWD-AST-0083,2026-09-08,3507.9,112
PWD-AST-0083,2026-09-09,3494.0,112
PWD-AST-0083,2026-09-10,3480.2,112
PWD-AST-0083,2026-09-11,3466.4,112
PWD-AST-0083,2026-09-12,3452.6,112
PWD-AST-0083,2026-09-13,3438.8,112
PWD-AST-0083,2026-09-14,3425.0,112
PWD-AST-0083,2026-09-15,3411.2,112
PWD-AST-0083,2026-09-16,3397.5,112
PWD-AST-0083,2026-09-17,3383.8,112
PWD-AST-0083,2026-09-18,3370.1,112
PWD-AST-0083,2026-09-19,3535.7,6148
PWD-AST-0083,2026-09-20,3535.7,9228
PWD-AST-0083,2026-09-21,3521.8,112
PWD-AST-0083,2026-09-22,3507.9,112
PWD-AST-0083,2026-09-23,3494.0,112
PWD-AST-0083,2026-09-24,3480.2,112
PWD-AST-0083,2026-09-25,3522.2,112
PWD-AST-0083,2026-09-26,3508.3,112
PWD-AST-0083,2026-09-27,3494.5,112
PWD-AST-0083,2026-09-28,3524.0,112
PWD-AST-0083,2026-09-29,3535.7,632
PWD-AST-0083,2026-09-30,3535.7,609
PWD-AST-0083,2026-10-01,3353.4,2681
PWD-AST-0083,2026-10-02,3353.4,841
PWD-AST-0083,2026-10-03,3353.4,721
PWD-AST-0083,2026-10-04,3353.4,593
PWD-AST-0084,2026-04-08,1903.7,86
PWD-AST-0084,2026-04-09,1892.1,86
PWD-AST-0084,2026-04-10,1880.6,86
PWD-AST-0084,2026-04-11,1869.0,86
PWD-AST-0084,2026-04-12,1857.5,86
PWD-AST-0084,2026-04-13,1846.0,86
PWD-AST-0084,2026-04-14,1834.5,86
PWD-AST-0084,2026-04-15,1823.1,86
PWD-AST-0084,2026-04-16,1811.7,86
PWD-AST-0084,2026-04-17,1800.3,86
PWD-AST-0084,2026-04-18,1788.9,86
PWD-AST-0084,2026-04-19,1777.6,86
PWD-AST-0084,2026-04-20,1766.3,86
PWD-AST-0084,2026-04-21,1755.0,86
PWD-AST-0084,2026-04-22,1743.7,86
PWD-AST-0084,2026-04-23,1732.5,86
PWD-AST-0084,2026-04-24,1721.3,86
PWD-AST-0084,2026-04-25,1710.1,86
PWD-AST-0084,2026-04-26,1698.9,86
PWD-AST-0084,2026-04-27,1687.8,86
PWD-AST-0084,2026-04-28,1676.6,86
PWD-AST-0084,2026-04-29,1665.5,86
PWD-AST-0084,2026-04-30,1654.5,86
PWD-AST-0084,2026-05-01,1643.4,86
PWD-AST-0084,2026-05-02,1632.5,85
PWD-AST-0084,2026-05-03,1621.6,85
PWD-AST-0084,2026-05-04,1610.7,84
PWD-AST-0084,2026-05-05,1600.0,83
PWD-AST-0084,2026-05-06,1589.3,83
PWD-AST-0084,2026-05-07,1578.7,82
PWD-AST-0084,2026-05-08,1568.1,82
PWD-AST-0084,2026-05-09,1557.7,81
PWD-AST-0084,2026-05-10,1547.3,81
PWD-AST-0084,2026-05-11,1536.9,80
PWD-AST-0084,2026-05-12,1526.7,80
PWD-AST-0084,2026-05-13,1516.5,79
PWD-AST-0084,2026-05-14,1506.3,79
PWD-AST-0084,2026-05-15,1496.3,78
PWD-AST-0084,2026-05-16,1486.3,78
PWD-AST-0084,2026-05-17,1476.4,77
PWD-AST-0084,2026-05-18,1466.5,77
PWD-AST-0084,2026-05-19,2231.3,86
PWD-AST-0084,2026-05-20,2219.0,86
PWD-AST-0084,2026-05-21,2206.7,86
PWD-AST-0084,2026-05-22,2194.5,86
PWD-AST-0084,2026-05-23,2182.2,86
PWD-AST-0084,2026-05-24,2170.0,86
PWD-AST-0084,2026-05-25,2157.8,86
PWD-AST-0084,2026-05-26,2145.7,86
PWD-AST-0084,2026-05-27,2133.6,86
PWD-AST-0084,2026-05-28,2121.5,86
PWD-AST-0084,2026-05-29,2109.4,86
PWD-AST-0084,2026-05-30,2097.3,86
PWD-AST-0084,2026-05-31,2085.3,86
PWD-AST-0084,2026-06-01,2073.3,86
PWD-AST-0084,2026-06-02,2061.4,86
PWD-AST-0084,2026-06-03,2049.4,86
PWD-AST-0084,2026-06-04,2037.5,86
PWD-AST-0084,2026-06-05,2025.6,86
PWD-AST-0084,2026-06-06,2013.8,86
PWD-AST-0084,2026-06-07,2001.9,86
PWD-AST-0084,2026-06-08,1990.1,86
PWD-AST-0084,2026-06-09,1978.3,86
PWD-AST-0084,2026-06-10,1966.6,86
PWD-AST-0084,2026-06-11,1954.8,86
PWD-AST-0084,2026-06-12,1943.1,86
PWD-AST-0084,2026-06-13,1931.5,86
PWD-AST-0084,2026-06-14,1919.8,86
PWD-AST-0084,2026-06-15,1908.2,86
PWD-AST-0084,2026-06-16,1896.6,86
PWD-AST-0084,2026-06-17,1885.0,86
PWD-AST-0084,2026-06-18,1873.4,86
PWD-AST-0084,2026-06-19,1861.9,86
PWD-AST-0084,2026-06-20,1850.4,86
PWD-AST-0084,2026-06-21,1838.9,86
PWD-AST-0084,2026-06-22,1827.5,86
PWD-AST-0084,2026-06-23,1816.1,86
PWD-AST-0084,2026-06-24,1804.7,86
PWD-AST-0084,2026-06-25,1793.3,86
PWD-AST-0084,2026-06-26,1781.9,86
PWD-AST-0084,2026-06-27,1770.6,86
PWD-AST-0084,2026-06-28,1759.3,86
PWD-AST-0084,2026-06-29,1748.0,86
PWD-AST-0084,2026-06-30,1736.8,86
PWD-AST-0084,2026-07-01,1727.3,86
PWD-AST-0084,2026-07-02,1717.8,86
PWD-AST-0084,2026-07-03,1708.4,86
PWD-AST-0084,2026-07-04,1698.9,86
PWD-AST-0084,2026-07-05,1689.5,86
PWD-AST-0084,2026-07-06,1680.0,86
PWD-AST-0084,2026-07-07,1670.6,86
PWD-AST-0084,2026-07-08,1661.2,86
PWD-AST-0084,2026-07-09,1651.8,86
PWD-AST-0084,2026-07-10,1642.4,86
PWD-AST-0084,2026-07-11,1633.1,85
PWD-AST-0084,2026-07-12,1623.8,85
PWD-AST-0084,2026-07-13,1614.6,84
PWD-AST-0084,2026-07-14,1605.4,84
PWD-AST-0084,2026-07-15,1596.3,83
PWD-AST-0084,2026-07-16,1587.2,83
PWD-AST-0084,2026-07-17,1578.2,82
PWD-AST-0084,2026-07-18,2204.3,86
PWD-AST-0084,2026-07-19,2194.3,86
PWD-AST-0084,2026-07-20,2184.3,86
PWD-AST-0084,2026-07-21,2174.2,86
PWD-AST-0084,2026-07-22,2164.2,86
PWD-AST-0084,2026-07-23,2154.2,86
PWD-AST-0084,2026-07-24,2144.2,86
PWD-AST-0084,2026-07-25,2134.2,86
PWD-AST-0084,2026-07-26,2124.3,86
PWD-AST-0084,2026-07-27,2114.3,86
PWD-AST-0084,2026-07-28,2104.4,86
PWD-AST-0084,2026-07-29,2094.5,86
PWD-AST-0084,2026-07-30,2084.5,86
PWD-AST-0084,2026-07-31,2074.6,86
PWD-AST-0084,2026-08-01,2064.7,86
PWD-AST-0084,2026-08-02,2054.9,86
PWD-AST-0084,2026-08-03,2045.0,86
PWD-AST-0084,2026-08-04,2035.1,86
PWD-AST-0084,2026-08-05,2025.3,86
PWD-AST-0084,2026-08-06,2015.4,86
PWD-AST-0084,2026-08-07,2005.6,86
PWD-AST-0084,2026-08-08,1995.8,86
PWD-AST-0084,2026-08-09,2779.6,86
PWD-AST-0084,2026-08-10,3201.0,4532
PWD-AST-0084,2026-08-11,3189.8,86
PWD-AST-0084,2026-08-12,3178.5,86
PWD-AST-0084,2026-08-13,3167.3,86
PWD-AST-0084,2026-08-14,3156.1,86
PWD-AST-0084,2026-08-15,3144.9,86
PWD-AST-0084,2026-08-16,3133.7,86
PWD-AST-0084,2026-08-17,3122.6,86
PWD-AST-0084,2026-08-18,3111.4,86
PWD-AST-0084,2026-08-19,3100.3,86
PWD-AST-0084,2026-08-20,3089.1,86
PWD-AST-0084,2026-08-21,3078.0,86
PWD-AST-0084,2026-08-22,3066.9,86
PWD-AST-0084,2026-08-23,3055.8,86
PWD-AST-0084,2026-08-24,3044.8,86
PWD-AST-0084,2026-08-25,3033.7,86
PWD-AST-0084,2026-08-26,3022.7,86
PWD-AST-0084,2026-08-27,3011.6,86
PWD-AST-0084,2026-08-28,3201.0,7201
PWD-AST-0084,2026-08-29,3189.8,86
PWD-AST-0084,2026-08-30,3178.5,86
PWD-AST-0084,2026-08-31,3167.3,86
PWD-AST-0084,2026-09-01,3156.1,86
PWD-AST-0084,2026-09-02,3144.9,86
PWD-AST-0084,2026-09-03,3133.7,86
PWD-AST-0084,2026-09-04,3122.6,86
PWD-AST-0084,2026-09-05,3111.4,86
PWD-AST-0084,2026-09-06,3201.0,8655
PWD-AST-0084,2026-09-07,3189.8,86
PWD-AST-0084,2026-09-08,3178.5,86
PWD-AST-0084,2026-09-09,3167.3,86
PWD-AST-0084,2026-09-10,3156.1,86
PWD-AST-0084,2026-09-11,3144.9,86
PWD-AST-0084,2026-09-12,3133.7,86
PWD-AST-0084,2026-09-13,3122.6,86
PWD-AST-0084,2026-09-14,3111.4,86
PWD-AST-0084,2026-09-15,3100.3,86
PWD-AST-0084,2026-09-16,3089.1,86
PWD-AST-0084,2026-09-17,3078.0,86
PWD-AST-0084,2026-09-18,3066.9,86
PWD-AST-0084,2026-09-19,3201.0,7103
PWD-AST-0084,2026-09-20,3201.0,9903
PWD-AST-0084,2026-09-21,3189.8,86
PWD-AST-0084,2026-09-22,3178.5,86
PWD-AST-0084,2026-09-23,3167.3,86
PWD-AST-0084,2026-09-24,3156.1,86
PWD-AST-0084,2026-09-25,3201.0,129
PWD-AST-0084,2026-09-26,3189.8,86
PWD-AST-0084,2026-09-27,3178.5,86
PWD-AST-0084,2026-09-28,3201.0,234
PWD-AST-0084,2026-09-29,3201.0,829
PWD-AST-0084,2026-09-30,3201.0,661
PWD-AST-0084,2026-10-01,3036.0,2531
PWD-AST-0084,2026-10-02,3036.0,910
PWD-AST-0084,2026-10-03,3036.0,781
PWD-AST-0084,2026-10-04,3036.0,643
PWD-AST-0085,2026-04-08,1782.7,93
PWD-AST-0085,2026-04-09,1770.7,93
PWD-AST-0085,2026-04-10,1758.8,93
PWD-AST-0085,2026-04-11,1746.9,93
PWD-AST-0085,2026-04-12,1735.1,93
PWD-AST-0085,2026-04-13,1723.2,93
PWD-AST-0085,2026-04-14,1711.4,93
PWD-AST-0085,2026-04-15,1699.6,93
PWD-AST-0085,2026-04-16,1687.9,93
PWD-AST-0085,2026-04-17,1676.1,93
PWD-AST-0085,2026-04-18,1664.4,93
PWD-AST-0085,2026-04-19,1652.7,93
PWD-AST-0085,2026-04-20,1641.1,93
PWD-AST-0085,2026-04-21,1629.4,93
PWD-AST-0085,2026-04-22,1617.8,93
PWD-AST-0085,2026-04-23,1606.3,93
PWD-AST-0085,2026-04-24,1594.8,92
PWD-AST-0085,2026-04-25,1583.3,91
PWD-AST-0085,2026-04-26,1572.0,91
PWD-AST-0085,2026-04-27,1560.8,90
PWD-AST-0085,2026-04-28,1549.6,90
PWD-AST-0085,2026-04-29,1538.5,89
PWD-AST-0085,2026-04-30,1527.5,88
PWD-AST-0085,2026-05-01,1516.6,88
PWD-AST-0085,2026-05-02,1505.7,87
PWD-AST-0085,2026-05-03,1494.9,86
PWD-AST-0085,2026-05-04,1484.2,86
PWD-AST-0085,2026-05-05,1473.6,85
PWD-AST-0085,2026-05-06,1463.1,85
PWD-AST-0085,2026-05-07,1452.6,84
PWD-AST-0085,2026-05-08,1442.2,83
PWD-AST-0085,2026-05-09,1431.9,83
PWD-AST-0085,2026-05-10,1421.7,82
PWD-AST-0085,2026-05-11,1411.5,82
PWD-AST-0085,2026-05-12,1401.4,81
PWD-AST-0085,2026-05-13,1391.4,80
PWD-AST-0085,2026-05-14,1381.4,80
PWD-AST-0085,2026-05-15,1371.5,79
PWD-AST-0085,2026-05-16,1361.7,79
PWD-AST-0085,2026-05-17,1352.0,78
PWD-AST-0085,2026-05-18,1342.3,78
PWD-AST-0085,2026-05-19,2093.6,93
PWD-AST-0085,2026-05-20,2081.0,93
PWD-AST-0085,2026-05-21,2068.4,93
PWD-AST-0085,2026-05-22,2055.8,93
PWD-AST-0085,2026-05-23,2043.3,93
PWD-AST-0085,2026-05-24,2030.8,93
PWD-AST-0085,2026-05-25,2018.3,93
PWD-AST-0085,2026-05-26,2005.8,93
PWD-AST-0085,2026-05-27,1993.4,93
PWD-AST-0085,2026-05-28,1981.0,93
PWD-AST-0085,2026-05-29,1968.6,93
PWD-AST-0085,2026-05-30,1956.2,93
PWD-AST-0085,2026-05-31,1943.9,93
PWD-AST-0085,2026-06-01,1931.6,93
PWD-AST-0085,2026-06-02,1919.3,93
PWD-AST-0085,2026-06-03,1907.1,93
PWD-AST-0085,2026-06-04,1894.9,93
PWD-AST-0085,2026-06-05,1882.7,93
PWD-AST-0085,2026-06-06,1870.5,93
PWD-AST-0085,2026-06-07,1858.4,93
PWD-AST-0085,2026-06-08,1846.3,93
PWD-AST-0085,2026-06-09,1834.2,93
PWD-AST-0085,2026-06-10,1822.1,93
PWD-AST-0085,2026-06-11,1810.1,93
PWD-AST-0085,2026-06-12,1798.1,93
PWD-AST-0085,2026-06-13,1786.1,93
PWD-AST-0085,2026-06-14,1774.1,93
PWD-AST-0085,2026-06-15,1762.2,93
PWD-AST-0085,2026-06-16,1750.3,93
PWD-AST-0085,2026-06-17,1738.4,93
PWD-AST-0085,2026-06-18,1726.6,93
PWD-AST-0085,2026-06-19,1714.8,93
PWD-AST-0085,2026-06-20,1703.0,93
PWD-AST-0085,2026-06-21,1691.2,93
PWD-AST-0085,2026-06-22,1679.5,93
PWD-AST-0085,2026-06-23,1667.7,93
PWD-AST-0085,2026-06-24,1656.0,93
PWD-AST-0085,2026-06-25,1644.4,93
PWD-AST-0085,2026-06-26,1632.7,93
PWD-AST-0085,2026-06-27,1621.1,93
PWD-AST-0085,2026-06-28,1609.5,93
PWD-AST-0085,2026-06-29,1598.0,92
PWD-AST-0085,2026-06-30,1586.6,92
PWD-AST-0085,2026-07-01,1576.8,91
PWD-AST-0085,2026-07-02,1567.1,91
PWD-AST-0085,2026-07-03,1557.4,90
PWD-AST-0085,2026-07-04,1547.8,89
PWD-AST-0085,2026-07-05,1538.3,89
PWD-AST-0085,2026-07-06,1528.8,88
PWD-AST-0085,2026-07-07,1519.4,88
PWD-AST-0085,2026-07-08,1510.1,87
PWD-AST-0085,2026-07-09,1500.7,87
PWD-AST-0085,2026-07-10,1491.5,86
PWD-AST-0085,2026-07-11,1482.3,86
PWD-AST-0085,2026-07-12,1473.2,85
PWD-AST-0085,2026-07-13,1464.1,85
PWD-AST-0085,2026-07-14,1455.1,84
PWD-AST-0085,2026-07-15,1446.1,84
PWD-AST-0085,2026-07-16,1437.2,83
PWD-AST-0085,2026-07-17,1428.4,83
PWD-AST-0085,2026-07-18,2043.3,93
PWD-AST-0085,2026-07-19,2032.9,93
PWD-AST-0085,2026-07-20,2022.4,93
PWD-AST-0085,2026-07-21,2012.0,93
PWD-AST-0085,2026-07-22,2001.5,93
PWD-AST-0085,2026-07-23,1991.1,93
PWD-AST-0085,2026-07-24,1980.7,93
PWD-AST-0085,2026-07-25,1970.3,93
PWD-AST-0085,2026-07-26,1959.9,93
PWD-AST-0085,2026-07-27,1949.5,93
PWD-AST-0085,2026-07-28,1939.2,93
PWD-AST-0085,2026-07-29,1928.8,93
PWD-AST-0085,2026-07-30,1918.5,93
PWD-AST-0085,2026-07-31,1908.1,93
PWD-AST-0085,2026-08-01,1897.8,93
PWD-AST-0085,2026-08-02,1887.5,93
PWD-AST-0085,2026-08-03,1877.2,93
PWD-AST-0085,2026-08-04,1867.0,93
PWD-AST-0085,2026-08-05,1856.7,93
PWD-AST-0085,2026-08-06,1846.4,93
PWD-AST-0085,2026-08-07,1836.2,93
PWD-AST-0085,2026-08-08,1826.0,93
PWD-AST-0085,2026-08-09,2595.9,93
PWD-AST-0085,2026-08-10,3134.1,3024
PWD-AST-0085,2026-08-11,3122.3,93
PWD-AST-0085,2026-08-12,3110.5,93
PWD-AST-0085,2026-08-13,3098.8,93
PWD-AST-0085,2026-08-14,3087.0,93
PWD-AST-0085,2026-08-15,3075.3,93
PWD-AST-0085,2026-08-16,3063.6,93
PWD-AST-0085,2026-08-17,3051.9,93
PWD-AST-0085,2026-08-18,3040.2,93
PWD-AST-0085,2026-08-19,3028.5,93
PWD-AST-0085,2026-08-20,3016.9,93
PWD-AST-0085,2026-08-21,3005.2,93
PWD-AST-0085,2026-08-22,2993.6,93
PWD-AST-0085,2026-08-23,2982.0,93
PWD-AST-0085,2026-08-24,2970.4,93
PWD-AST-0085,2026-08-25,2958.8,93
PWD-AST-0085,2026-08-26,2947.2,93
PWD-AST-0085,2026-08-27,2935.6,93
PWD-AST-0085,2026-08-28,3134.1,6938
PWD-AST-0085,2026-08-29,3122.3,93
PWD-AST-0085,2026-08-30,3110.5,93
PWD-AST-0085,2026-08-31,3098.8,93
PWD-AST-0085,2026-09-01,3087.0,93
PWD-AST-0085,2026-09-02,3075.3,93
PWD-AST-0085,2026-09-03,3063.6,93
PWD-AST-0085,2026-09-04,3051.9,93
PWD-AST-0085,2026-09-05,3040.2,93
PWD-AST-0085,2026-09-06,3134.1,8442
PWD-AST-0085,2026-09-07,3122.3,93
PWD-AST-0085,2026-09-08,3110.5,93
PWD-AST-0085,2026-09-09,3098.8,93
PWD-AST-0085,2026-09-10,3087.0,93
PWD-AST-0085,2026-09-11,3075.3,93
PWD-AST-0085,2026-09-12,3063.6,93
PWD-AST-0085,2026-09-13,3051.9,93
PWD-AST-0085,2026-09-14,3040.2,93
PWD-AST-0085,2026-09-15,3028.5,93
PWD-AST-0085,2026-09-16,3016.9,93
PWD-AST-0085,2026-09-17,3005.2,93
PWD-AST-0085,2026-09-18,2993.6,93
PWD-AST-0085,2026-09-19,3134.1,6882
PWD-AST-0085,2026-09-20,3134.1,9736
PWD-AST-0085,2026-09-21,3122.3,93
PWD-AST-0085,2026-09-22,3110.5,93
PWD-AST-0085,2026-09-23,3098.8,93
PWD-AST-0085,2026-09-24,3087.0,93
PWD-AST-0085,2026-09-25,3134.1,94
PWD-AST-0085,2026-09-26,3122.3,93
PWD-AST-0085,2026-09-27,3110.5,93
PWD-AST-0085,2026-09-28,3134.1,214
PWD-AST-0085,2026-09-29,3134.1,815
PWD-AST-0085,2026-09-30,3134.1,650
PWD-AST-0085,2026-10-01,2972.5,2481
PWD-AST-0085,2026-10-02,2972.5,894
PWD-AST-0085,2026-10-03,2972.5,768
PWD-AST-0085,2026-10-04,2972.5,633
PWD-AST-0086,2026-04-08,501.2,38
PWD-AST-0086,2026-04-09,496.8,38
PWD-AST-0086,2026-04-10,492.5,37
PWD-AST-0086,2026-04-11,488.2,37
PWD-AST-0086,2026-04-12,483.9,37
PWD-AST-0086,2026-04-13,479.7,36
PWD-AST-0086,2026-04-14,475.5,36
PWD-AST-0086,2026-04-15,471.4,36
PWD-AST-0086,2026-04-16,467.3,36
PWD-AST-0086,2026-04-17,463.2,35
PWD-AST-0086,2026-04-18,459.2,35
PWD-AST-0086,2026-04-19,455.2,35
PWD-AST-0086,2026-04-20,451.2,34
PWD-AST-0086,2026-04-21,447.3,34
PWD-AST-0086,2026-04-22,443.4,34
PWD-AST-0086,2026-04-23,439.5,33
PWD-AST-0086,2026-04-24,435.7,33
PWD-AST-0086,2026-04-25,431.9,33
PWD-AST-0086,2026-04-26,428.1,33
PWD-AST-0086,2026-04-27,424.4,32
PWD-AST-0086,2026-04-28,420.7,32
PWD-AST-0086,2026-04-29,417.0,32
PWD-AST-0086,2026-04-30,413.4,31
PWD-AST-0086,2026-05-01,409.8,31
PWD-AST-0086,2026-05-02,406.2,31
PWD-AST-0086,2026-05-03,402.7,31
PWD-AST-0086,2026-05-04,399.2,30
PWD-AST-0086,2026-05-05,395.7,30
PWD-AST-0086,2026-05-06,392.3,30
PWD-AST-0086,2026-05-07,388.8,30
PWD-AST-0086,2026-05-08,385.5,29
PWD-AST-0086,2026-05-09,382.1,29
PWD-AST-0086,2026-05-10,378.8,29
PWD-AST-0086,2026-05-11,375.5,29
PWD-AST-0086,2026-05-12,372.2,28
PWD-AST-0086,2026-05-13,369.0,28
PWD-AST-0086,2026-05-14,365.7,28
PWD-AST-0086,2026-05-15,362.6,28
PWD-AST-0086,2026-05-16,359.4,27
PWD-AST-0086,2026-05-17,356.3,27
PWD-AST-0086,2026-05-18,353.2,27
PWD-AST-0086,2026-05-19,566.8,41
PWD-AST-0086,2026-05-20,562.1,41
PWD-AST-0086,2026-05-21,557.3,41
PWD-AST-0086,2026-05-22,552.6,41
PWD-AST-0086,2026-05-23,547.8,41
PWD-AST-0086,2026-05-24,543.1,41
PWD-AST-0086,2026-05-25,538.4,41
PWD-AST-0086,2026-05-26,533.7,41
PWD-AST-0086,2026-05-27,529.0,40
PWD-AST-0086,2026-05-28,524.4,40
PWD-AST-0086,2026-05-29,519.8,40
PWD-AST-0086,2026-05-30,515.3,39
PWD-AST-0086,2026-05-31,510.8,39
PWD-AST-0086,2026-06-01,506.4,38
PWD-AST-0086,2026-06-02,502.0,38
PWD-AST-0086,2026-06-03,497.6,38
PWD-AST-0086,2026-06-04,493.3,38
PWD-AST-0086,2026-06-05,489.0,37
PWD-AST-0086,2026-06-06,484.7,37
PWD-AST-0086,2026-06-07,480.5,37
PWD-AST-0086,2026-06-08,476.3,36
PWD-AST-0086,2026-06-09,472.1,36
PWD-AST-0086,2026-06-10,468.0,36
PWD-AST-0086,2026-06-11,464.0,35
PWD-AST-0086,2026-06-12,459.9,35
PWD-AST-0086,2026-06-13,455.9,35
PWD-AST-0086,2026-06-14,451.9,34
PWD-AST-0086,2026-06-15,448.0,34
PWD-AST-0086,2026-06-16,444.1,34
PWD-AST-0086,2026-06-17,440.2,33
PWD-AST-0086,2026-06-18,436.4,33
PWD-AST-0086,2026-06-19,432.6,33
PWD-AST-0086,2026-06-20,428.8,33
PWD-AST-0086,2026-06-21,425.1,32
PWD-AST-0086,2026-06-22,421.4,32
PWD-AST-0086,2026-06-23,417.7,32
PWD-AST-0086,2026-06-24,414.1,31
PWD-AST-0086,2026-06-25,410.5,31
PWD-AST-0086,2026-06-26,406.9,31
PWD-AST-0086,2026-06-27,403.3,31
PWD-AST-0086,2026-06-28,399.8,30
PWD-AST-0086,2026-06-29,396.3,30
PWD-AST-0086,2026-06-30,392.9,30
PWD-AST-0086,2026-07-01,389.9,30
PWD-AST-0086,2026-07-02,386.8,29
PWD-AST-0086,2026-07-03,383.9,29
PWD-AST-0086,2026-07-04,380.9,29
PWD-AST-0086,2026-07-05,378.0,29
PWD-AST-0086,2026-07-06,375.0,29
PWD-AST-0086,2026-07-07,372.1,28
PWD-AST-0086,2026-07-08,369.3,28
PWD-AST-0086,2026-07-09,366.4,28
PWD-AST-0086,2026-07-10,363.6,28
PWD-AST-0086,2026-07-11,360.8,27
PWD-AST-0086,2026-07-12,358.0,27
PWD-AST-0086,2026-07-13,355.2,27
PWD-AST-0086,2026-07-14,352.5,27
PWD-AST-0086,2026-07-15,349.8,27
PWD-AST-0086,2026-07-16,347.1,26
PWD-AST-0086,2026-07-17,344.4,26
PWD-AST-0086,2026-07-18,519.2,39
PWD-AST-0086,2026-07-19,515.2,39
PWD-AST-0086,2026-07-20,511.2,39
PWD-AST-0086,2026-07-21,507.3,39
PWD-AST-0086,2026-07-22,503.4,38
PWD-AST-0086,2026-07-23,499.5,38
PWD-AST-0086,2026-07-24,495.6,38
PWD-AST-0086,2026-07-25,491.8,37
PWD-AST-0086,2026-07-26,488.0,37
PWD-AST-0086,2026-07-27,484.2,37
PWD-AST-0086,2026-07-28,480.5,37
PWD-AST-0086,2026-07-29,476.8,36
PWD-AST-0086,2026-07-30,473.1,36
PWD-AST-0086,2026-07-31,469.5,36
PWD-AST-0086,2026-08-01,465.8,35
PWD-AST-0086,2026-08-02,462.2,35
PWD-AST-0086,2026-08-03,458.7,35
PWD-AST-0086,2026-08-04,455.1,35
PWD-AST-0086,2026-08-05,451.6,34
PWD-AST-0086,2026-08-06,448.1,34
PWD-AST-0086,2026-08-07,444.7,34
PWD-AST-0086,2026-08-08,441.3,34
PWD-AST-0086,2026-08-09,660.3,41
PWD-AST-0086,2026-08-10,885.4,41
PWD-AST-0086,2026-08-11,880.8,41
PWD-AST-0086,2026-08-12,876.3,41
PWD-AST-0086,2026-08-13,871.7,41
PWD-AST-0086,2026-08-14,867.1,41
PWD-AST-0086,2026-08-15,862.5,41
PWD-AST-0086,2026-08-16,858.0,41
PWD-AST-0086,2026-08-17,853.4,41
PWD-AST-0086,2026-08-18,848.9,41
PWD-AST-0086,2026-08-19,844.3,41
PWD-AST-0086,2026-08-20,839.8,41
PWD-AST-0086,2026-08-21,835.2,41
PWD-AST-0086,2026-08-22,830.7,41
PWD-AST-0086,2026-08-23,826.2,41
PWD-AST-0086,2026-08-24,821.7,41
PWD-AST-0086,2026-08-25,817.2,41
PWD-AST-0086,2026-08-26,812.7,41
PWD-AST-0086,2026-08-27,808.2,41
PWD-AST-0086,2026-08-28,1032.8,41
PWD-AST-0086,2026-08-29,1028.0,41
PWD-AST-0086,2026-08-30,1023.3,41
PWD-AST-0086,2026-08-31,1018.5,41
PWD-AST-0086,2026-09-01,1013.8,41
PWD-AST-0086,2026-09-02,1009.0,41
PWD-AST-0086,2026-09-03,1004.3,41
PWD-AST-0086,2026-09-04,999.6,41
PWD-AST-0086,2026-09-05,994.8,41
PWD-AST-0086,2026-09-06,1048.6,2101
PWD-AST-0086,2026-09-07,1043.8,41
PWD-AST-0086,2026-09-08,1039.0,41
PWD-AST-0086,2026-09-09,1034.2,41
PWD-AST-0086,2026-09-10,1029.5,41
PWD-AST-0086,2026-09-11,1024.7,41
PWD-AST-0086,2026-09-12,1019.9,41
PWD-AST-0086,2026-09-13,1015.2,41
PWD-AST-0086,2026-09-14,1010.4,41
PWD-AST-0086,2026-09-15,1005.7,41
PWD-AST-0086,2026-09-16,1001.0,41
PWD-AST-0086,2026-09-17,996.2,41
PWD-AST-0086,2026-09-18,991.5,41
PWD-AST-0086,2026-09-19,1048.6,1771
PWD-AST-0086,2026-09-20,1048.6,2782
PWD-AST-0086,2026-09-21,1043.8,41
PWD-AST-0086,2026-09-22,1039.0,41
PWD-AST-0086,2026-09-23,1034.2,41
PWD-AST-0086,2026-09-24,1029.5,41
PWD-AST-0086,2026-09-25,1041.5,41
PWD-AST-0086,2026-09-26,1036.8,41
PWD-AST-0086,2026-09-27,1032.0,41
PWD-AST-0086,2026-09-28,1040.3,41
PWD-AST-0086,2026-09-29,1048.6,135
PWD-AST-0086,2026-09-30,1048.6,184
PWD-AST-0086,2026-10-01,994.5,798
PWD-AST-0086,2026-10-02,994.5,254
PWD-AST-0086,2026-10-03,994.5,218
PWD-AST-0086,2026-10-04,994.5,179
PWD-AST-0087,2026-04-08,280.5,14
PWD-AST-0087,2026-04-09,278.7,14
PWD-AST-0087,2026-04-10,276.9,14
PWD-AST-0087,2026-04-11,275.1,14
PWD-AST-0087,2026-04-12,273.3,14
PWD-AST-0087,2026-04-13,271.5,14
PWD-AST-0087,2026-04-14,269.7,14
PWD-AST-0087,2026-04-15,267.9,14
PWD-AST-0087,2026-04-16,266.1,14
PWD-AST-0087,2026-04-17,264.4,14
PWD-AST-0087,2026-04-18,262.6,14
PWD-AST-0087,2026-04-19,260.8,14
PWD-AST-0087,2026-04-20,259.1,14
PWD-AST-0087,2026-04-21,257.3,14
PWD-AST-0087,2026-04-22,255.6,14
PWD-AST-0087,2026-04-23,253.8,14
PWD-AST-0087,2026-04-24,252.1,14
PWD-AST-0087,2026-04-25,250.3,14
PWD-AST-0087,2026-04-26,248.6,14
PWD-AST-0087,2026-04-27,246.9,14
PWD-AST-0087,2026-04-28,245.2,14
PWD-AST-0087,2026-04-29,243.5,13
PWD-AST-0087,2026-04-30,241.8,13
PWD-AST-0087,2026-05-01,240.1,13
PWD-AST-0087,2026-05-02,238.4,13
PWD-AST-0087,2026-05-03,236.8,13
PWD-AST-0087,2026-05-04,235.1,13
PWD-AST-0087,2026-05-05,233.5,13
PWD-AST-0087,2026-05-06,231.9,13
PWD-AST-0087,2026-05-07,230.3,13
PWD-AST-0087,2026-05-08,228.7,13
PWD-AST-0087,2026-05-09,227.1,13
PWD-AST-0087,2026-05-10,225.5,12
PWD-AST-0087,2026-05-11,223.9,12
PWD-AST-0087,2026-05-12,222.4,12
PWD-AST-0087,2026-05-13,220.9,12
PWD-AST-0087,2026-05-14,219.3,12
PWD-AST-0087,2026-05-15,217.8,12
PWD-AST-0087,2026-05-16,216.3,12
PWD-AST-0087,2026-05-17,214.8,12
PWD-AST-0087,2026-05-18,213.3,12
PWD-AST-0087,2026-05-19,323.4,14
PWD-AST-0087,2026-05-20,321.5,14
PWD-AST-0087,2026-05-21,319.6,14
PWD-AST-0087,2026-05-22,317.8,14
PWD-AST-0087,2026-05-23,315.9,14
PWD-AST-0087,2026-05-24,314.0,14
PWD-AST-0087,2026-05-25,312.1,14
PWD-AST-0087,2026-05-26,310.2,14
PWD-AST-0087,2026-05-27,308.4,14
PWD-AST-0087,2026-05-28,306.5,14
PWD-AST-0087,2026-05-29,304.6,14
PWD-AST-0087,2026-05-30,302.8,14
PWD-AST-0087,2026-05-31,300.9,14
PWD-AST-0087,2026-06-01,299.1,14
PWD-AST-0087,2026-06-02,297.2,14
PWD-AST-0087,2026-06-03,295.4,14
PWD-AST-0087,2026-06-04,293.6,14
PWD-AST-0087,2026-06-05,291.7,14
PWD-AST-0087,2026-06-06,289.9,14
PWD-AST-0087,2026-06-07,288.1,14
PWD-AST-0087,2026-06-08,286.2,14
PWD-AST-0087,2026-06-09,284.4,14
PWD-AST-0087,2026-06-10,282.6,14
PWD-AST-0087,2026-06-11,280.8,14
PWD-AST-0087,2026-06-12,279.0,14
PWD-AST-0087,2026-06-13,277.2,14
PWD-AST-0087,2026-06-14,275.4,14
PWD-AST-0087,2026-06-15,273.6,14
PWD-AST-0087,2026-06-16,271.8,14
PWD-AST-0087,2026-06-17,270.0,14
PWD-AST-0087,2026-06-18,268.3,14
PWD-AST-0087,2026-06-19,266.5,14
PWD-AST-0087,2026-06-20,264.7,14
PWD-AST-0087,2026-06-21,262.9,14
PWD-AST-0087,2026-06-22,261.2,14
PWD-AST-0087,2026-06-23,259.4,14
PWD-AST-0087,2026-06-24,257.7,14
PWD-AST-0087,2026-06-25,255.9,14
PWD-AST-0087,2026-06-26,254.2,14
PWD-AST-0087,2026-06-27,252.4,14
PWD-AST-0087,2026-06-28,250.7,14
PWD-AST-0087,2026-06-29,248.9,14
PWD-AST-0087,2026-06-30,247.2,14
PWD-AST-0087,2026-07-01,245.7,14
PWD-AST-0087,2026-07-02,244.3,13
PWD-AST-0087,2026-07-03,242.8,13
PWD-AST-0087,2026-07-04,241.4,13
PWD-AST-0087,2026-07-05,239.9,13
PWD-AST-0087,2026-07-06,238.5,13
PWD-AST-0087,2026-07-07,237.1,13
PWD-AST-0087,2026-07-08,235.7,13
PWD-AST-0087,2026-07-09,234.3,13
PWD-AST-0087,2026-07-10,232.9,13
PWD-AST-0087,2026-07-11,231.5,13
PWD-AST-0087,2026-07-12,230.1,13
PWD-AST-0087,2026-07-13,228.8,13
PWD-AST-0087,2026-07-14,227.4,13
PWD-AST-0087,2026-07-15,226.1,12
PWD-AST-0087,2026-07-16,224.7,12
PWD-AST-0087,2026-07-17,223.4,12
PWD-AST-0087,2026-07-18,313.5,14
PWD-AST-0087,2026-07-19,312.0,14
PWD-AST-0087,2026-07-20,310.4,14
PWD-AST-0087,2026-07-21,308.9,14
PWD-AST-0087,2026-07-22,307.3,14
PWD-AST-0087,2026-07-23,305.7,14
PWD-AST-0087,2026-07-24,304.2,14
PWD-AST-0087,2026-07-25,302.6,14
PWD-AST-0087,2026-07-26,301.1,14
PWD-AST-0087,2026-07-27,299.5,14
PWD-AST-0087,2026-07-28,298.0,14
PWD-AST-0087,2026-07-29,296.4,14
PWD-AST-0087,2026-07-30,294.9,14
PWD-AST-0087,2026-07-31,293.4,14
PWD-AST-0087,2026-08-01,291.8,14
PWD-AST-0087,2026-08-02,290.3,14
PWD-AST-0087,2026-08-03,288.8,14
PWD-AST-0087,2026-08-04,287.2,14
PWD-AST-0087,2026-08-05,285.7,14
PWD-AST-0087,2026-08-06,284.2,14
PWD-AST-0087,2026-08-07,282.6,14
PWD-AST-0087,2026-08-08,281.1,14
PWD-AST-0087,2026-08-09,394.0,14
PWD-AST-0087,2026-08-10,485.0,303
PWD-AST-0087,2026-08-11,483.2,14
PWD-AST-0087,2026-08-12,481.5,14
PWD-AST-0087,2026-08-13,479.7,14
PWD-AST-0087,2026-08-14,477.9,14
PWD-AST-0087,2026-08-15,476.2,14
PWD-AST-0087,2026-08-16,474.4,14
PWD-AST-0087,2026-08-17,472.7,14
PWD-AST-0087,2026-08-18,470.9,14
PWD-AST-0087,2026-08-19,469.2,14
PWD-AST-0087,2026-08-20,467.4,14
PWD-AST-0087,2026-08-21,465.7,14
PWD-AST-0087,2026-08-22,463.9,14
PWD-AST-0087,2026-08-23,462.2,14
PWD-AST-0087,2026-08-24,460.4,14
PWD-AST-0087,2026-08-25,458.7,14
PWD-AST-0087,2026-08-26,457.0,14
PWD-AST-0087,2026-08-27,455.2,14
PWD-AST-0087,2026-08-28,485.0,1009
PWD-AST-0087,2026-08-29,483.2,14
PWD-AST-0087,2026-08-30,481.5,14
PWD-AST-0087,2026-08-31,479.7,14
PWD-AST-0087,2026-09-01,477.9,14
PWD-AST-0087,2026-09-02,476.2,14
PWD-AST-0087,2026-09-03,474.4,14
PWD-AST-0087,2026-09-04,472.7,14
PWD-AST-0087,2026-09-05,470.9,14
PWD-AST-0087,2026-09-06,485.0,1234
PWD-AST-0087,2026-09-07,483.2,14
PWD-AST-0087,2026-09-08,481.5,14
PWD-AST-0087,2026-09-09,479.7,14
PWD-AST-0087,2026-09-10,477.9,14
PWD-AST-0087,2026-09-11,476.2,14
PWD-AST-0087,2026-09-12,474.4,14
PWD-AST-0087,2026-09-13,472.7,14
PWD-AST-0087,2026-09-14,470.9,14
PWD-AST-0087,2026-09-15,469.2,14
PWD-AST-0087,2026-09-16,467.4,14
PWD-AST-0087,2026-09-17,465.7,14
PWD-AST-0087,2026-09-18,463.9,14
PWD-AST-0087,2026-09-19,485.0,1003
PWD-AST-0087,2026-09-20,485.0,1427
PWD-AST-0087,2026-09-21,483.2,14
PWD-AST-0087,2026-09-22,481.5,14
PWD-AST-0087,2026-09-23,479.7,14
PWD-AST-0087,2026-09-24,477.9,14
PWD-AST-0087,2026-09-25,484.8,14
PWD-AST-0087,2026-09-26,483.0,14
PWD-AST-0087,2026-09-27,481.3,14
PWD-AST-0087,2026-09-28,485.0,28
PWD-AST-0087,2026-09-29,485.0,119
PWD-AST-0087,2026-09-30,485.0,95
PWD-AST-0087,2026-10-01,460.0,379
PWD-AST-0087,2026-10-02,460.0,131
PWD-AST-0087,2026-10-03,460.0,112
PWD-AST-0087,2026-10-04,460.0,92
