task_id,grievance_id,incident_id,task_title,taluk_code,locality,latitude,longitude,assigned_office_id,assigned_at,due_date,accepted_at,completed_at,completion_remarks,completion_photo_path,verified_at,verification_remarks,status
PWD-TSK-16541,,PWD-INC-049624,Clear debris & rebuild wall - Saidapet,TLK06,Saidapet,13.012807,80.207878,PWD-OFF-017,2026-04-07T15:18:19+05:30,2026-04-23,2026-04-08T13:09:37+05:30,2026-04-22T14:10:34+05:30,wall rebuilt approx 12m,uploads/pwd/PWD-TSK-16541.jpg,2026-05-04T11:46:04+05:30,"verified, ok",verified
PWD-TSK-16561,,PWD-INC-049684,"Remove collapsed wall debris near Bazaar St, Ambattur",TLK02,Ambattur,13.113152,80.154735,PWD-OFF-007,2026-04-08T10:10:23+05:30,2026-04-24,2026-04-08T13:17:03+05:30,2026-04-25T08:44:53+05:30,balance work completed,uploads/pwd/PWD-TSK-16561.jpg,2026-05-04T10:32:30+05:30,"rework verified, ok",verified
PWD-TSK-16562,,PWD-INC-049686,Structural inspection & repair - Govt Kilpauk Medical College Hospital,TLK12,Kilpauk,13.093756,80.253957,PWD-OFF-003,2026-04-08T16:23:45+05:30,2026-06-01,2026-05-15T14:12:32+05:30,2026-08-26T17:52:33+05:30,balance work completed,uploads/pwd/PWD-TSK-16562.jpg,2026-08-31T10:33:55+05:30,"re-inspected, satisfactory now",verified
PWD-TSK-16542,,PWD-INC-049623,Survey & evict encroachment - Cooum River - Nerkundram stretch,TLK08,Nerkundram,13.064920,80.170644,PWD-OFF-020,2026-04-09T08:57:07+05:30,2026-05-14,2026-04-13T10:36:05+05:30,2026-05-02T08:25:14+05:30,completed as per instructions - photo uploaded,uploads/pwd/PWD-TSK-16542.jpg,2026-05-04T10:31:09+05:30,ok,verified
PWD-TSK-16581,,PWD-INC-049742,Clear debris & rebuild wall - Kilpauk,TLK12,Kilpauk,13.094088,80.256147,PWD-OFF-015,2026-04-09T09:53:31+05:30,2026-04-18,2026-04-11T02:28:33+05:30,2026-04-17T09:33:57+05:30,"debris cleared, barricade put",uploads/pwd/PWD-TSK-16581.jpg,2026-04-22T12:48:42+05:30,satisfactory,verified
PWD-TSK-16543,GRV-20260406-17112,,Petition: remove water hyacinth in Ambattur Lake,TLK02,Ambattur,13.113865,80.151538,PWD-OFF-014,2026-04-09T11:32:24+05:30,2026-04-29,2026-04-10T10:05:54+05:30,2026-04-19T13:35:54+05:30,done. photo attached.,uploads/pwd/PWD-TSK-16543.jpg,2026-06-01T11:26:05+05:30,verified by DRO,verified
PWD-TSK-16563,,PWD-INC-049689,"Attend roof leak / cracks - Govt Peripheral Hospital, Periyar Nagar",TLK04,Periyar Nagar,13.099166,80.231532,PWD-OFF-003,2026-04-09T12:20:31+05:30,2026-05-24,2026-04-30T10:11:59+05:30,2026-05-24T11:11:01+05:30,"inspected, minor cracks attended pls verify",uploads/pwd/PWD-TSK-16563.jpg,2026-06-29T10:24:45+05:30,"site inspected, satisfactory",verified
PWD-TSK-16544,,PWD-INC-049634,Desilt / clear blockage in Kathivakkam Macro Drain near Kathivakkam,TLK14,Kathivakkam,13.159599,80.302309,PWD-OFF-014,2026-04-09T13:45:28+05:30,2026-04-19,2026-04-10T10:11:54+05:30,2026-05-03T11:33:48+05:30,balance work completed,uploads/pwd/PWD-TSK-16544.jpg,2026-05-11T10:00:09+05:30,"ok now, closed",verified
PWD-TSK-16582,,PWD-INC-049749,Deploy pumpset & drain water - Madhavaram Milk Colony,TLK07,Madhavaram Milk Colony,13.143804,80.237131,PWD-OFF-016,2026-04-09T15:15:31+05:30,2026-04-12,2026-04-09T17:13:01+05:30,2026-04-12T10:43:54+05:30,cleared. monitoring pls verify,uploads/pwd/PWD-TSK-16582.jpg,2026-04-28T13:44:00+05:30,verified. good work,verified
PWD-TSK-16564,GRV-20260407-76249,,Petition: remove water hyacinth in Perungudi Lake,TLK13,Perungudi,12.904904,80.228645,PWD-OFF-016,2026-04-10T10:22:30+05:30,2026-04-17,2026-04-13T10:36:48+05:30,2026-04-28T12:07:46+05:30,redone as per Collr remarks,uploads/pwd/PWD-TSK-16564.jpg,2026-05-04T10:41:39+05:30,"rework verified, ok",verified
PWD-TSK-16583,,PWD-INC-049753,"Attend roof leak / cracks - Govt Polytechnic College, Taramani",TLK16,Taramani,12.980895,80.213893,PWD-OFF-008,2026-04-10T10:50:05+05:30,2026-05-10,2026-04-13T10:26:59+05:30,2026-04-30T11:12:14+05:30,"crack sealed, plastering done",uploads/pwd/PWD-TSK-16583.jpg,2026-05-26T10:11:10+05:30,"checked, work ok",verified
PWD-TSK-16545,,PWD-INC-049633,Desilt / clear blockage in Otteri Nullah - Kilpauk stretch near Kilpauk,TLK12,Kilpauk,13.095286,80.255301,PWD-OFF-015,2026-04-10T11:32:14+05:30,2026-04-26,2026-04-10T15:42:05+05:30,2026-06-20T10:24:43+05:30,"reattended, photo re-uploaded",uploads/pwd/PWD-TSK-16545.jpg,2026-06-23T10:17:58+05:30,"re-inspected, satisfactory now",verified
PWD-TSK-16546,,PWD-INC-049627,Survey & evict encroachment - Cooum River - Chetpet stretch,TLK05,Chetpet,13.080347,80.264120,PWD-OFF-013,2026-04-10T12:05:12+05:30,2026-06-06,2026-05-11T12:47:00+05:30,2026-05-18T08:18:22+05:30,encroachment removed with police help - AE,uploads/pwd/PWD-TSK-16546.jpg,2026-05-21T12:45:20+05:30,"field verified by RDO, fine",verified
PWD-TSK-16584,,PWD-INC-049752,Desilt / clear blockage in Villivakkam Macro Drain near Villivakkam,TLK04,Villivakkam,13.095044,80.235504,PWD-OFF-016,2026-04-10T12:13:40+05:30,2026-04-30,2026-05-15T11:31:31+05:30,2026-05-18T18:25:04+05:30,"desilting done, debris cleared (JE)",uploads/pwd/PWD-TSK-16584.jpg,2026-05-28T11:45:39+05:30,"site inspected, satisfactory",verified
PWD-TSK-16565,,PWD-INC-049690,Remove encroachment on Mogappair Eri at Mogappair,TLK02,Mogappair,13.113202,80.153651,PWD-OFF-016,2026-04-10T14:26:36+05:30,2026-05-17,2026-05-04T11:26:55+05:30,2026-05-29T11:09:41+05:30,notice served & removed,uploads/pwd/PWD-TSK-16565.jpg,2026-07-06T10:26:17+05:30,"checked, work ok",verified
PWD-TSK-16566,GRV-20260408-35293,,Petition: desilting of Kathivakkam Macro Drain near Kathivakkam,TLK14,Kathivakkam,13.161687,80.303609,PWD-OFF-014,2026-04-10T17:16:22+05:30,2026-05-01,2026-04-27T10:56:33+05:30,2026-05-01T16:37:28+05:30,wrk completed - photo uploaded,uploads/pwd/PWD-TSK-16566.jpg,2026-05-14T11:20:43+05:30,"site inspected, satisfactory",verified
PWD-TSK-16601,,PWD-INC-049806,Clear debris & rebuild wall - Royapettah,TLK10,Royapettah,13.033400,80.264584,PWD-OFF-004,2026-04-10T19:09:31+05:30,2026-04-22,2026-04-13T10:14:43+05:30,2026-04-18T10:01:16+05:30,"debris cleared, barricade put",uploads/pwd/PWD-TSK-16601.jpg,2026-05-07T10:38:23+05:30,"site inspected, satisfactory",verified
PWD-TSK-16641,,PWD-INC-049921,"Emergency closure of breach - Kolathur Lake, Kolathur",TLK04,Kolathur,13.099410,80.232588,PWD-OFF-016,2026-04-12T08:46:24+05:30,2026-04-13,2026-04-13T10:52:12+05:30,2026-04-14T12:05:48+05:30,completed as per instructions,uploads/pwd/PWD-TSK-16641.jpg,2026-05-13T10:08:07+05:30,"field verified by RDO, fine",verified
PWD-TSK-16585,GRV-20260404-86955,,Petition: desilting of Buckingham Canal - Mandaveli stretch near Mandaveli,TLK10,Mandaveli,13.034993,80.261817,PWD-OFF-012,2026-04-13T10:05:48+05:30,2026-04-29,2026-04-13T14:52:43+05:30,2026-04-19T08:14:53+05:30,"desilting done, debris cleared.",uploads/pwd/PWD-TSK-16585.jpg,2026-05-20T11:41:49+05:30,"checked, work ok",verified
PWD-TSK-16602,,PWD-INC-049802,Remove encroachment on Adyar River - Kotturpuram stretch at Kotturpuram,TLK10,Kotturpuram,13.028759,80.265430,PWD-OFF-017,2026-04-13T10:20:48+05:30,2026-06-08,2026-04-13T14:01:27+05:30,2026-05-31T18:00:56+05:30,notice served & removed.,uploads/pwd/PWD-TSK-16602.jpg,2026-06-10T10:54:11+05:30,verified. good work,verified
PWD-TSK-16586,,PWD-INC-049750,"Structural inspection & repair - Govt Polytechnic College, Taramani",TLK16,Taramani,12.978841,80.212760,PWD-OFF-008,2026-04-13T10:25:08+05:30,2026-05-17,2026-05-07T13:19:47+05:30,2026-05-21T09:56:33+05:30,"crack sealed, plastering done pls verify",uploads/pwd/PWD-TSK-16586.jpg,2026-05-22T13:08:52+05:30,verified. good work,verified
PWD-TSK-16621,,PWD-INC-049862,Clear waterlogging at Jamalia (Subramaniyar Koil St),TLK11,Jamalia,13.120816,80.237834,PWD-OFF-019,2026-04-13T10:25:37+05:30,2026-04-15,2026-04-13T10:58:14+05:30,2026-04-15T15:34:42+05:30,attended & completed - photo uploaded,uploads/pwd/PWD-TSK-16621.jpg,2026-05-26T13:00:48+05:30,"verified, ok",verified
PWD-TSK-16622,,PWD-INC-049875,Remove encroachment on Kathivakkam Macro Drain at Kathivakkam,TLK14,Kathivakkam,13.160397,80.301890,PWD-OFF-014,2026-04-13T10:39:49+05:30,2026-05-27,2026-04-15T10:55:26+05:30,2026-04-19T08:19:31+05:30,"fencing removed, boundary stones fixed - photo uploaded",uploads/pwd/PWD-TSK-16622.jpg,2026-05-04T10:31:39+05:30,"verified, ok",verified
PWD-TSK-16587,,PWD-INC-049759,Clear choked Nanganallur Macro Drain at 5th Cross St,TLK01,Nanganallur,12.995443,80.197764,PWD-OFF-012,2026-04-13T10:47:44+05:30,2026-04-20,2026-04-16T10:04:36+05:30,2026-05-15T17:46:25+05:30,"drain mouth cleaned, hyacinth removed pls verify",uploads/pwd/PWD-TSK-16587.jpg,2026-06-08T10:56:42+05:30,"verified, ok",verified
PWD-TSK-16603,,PWD-INC-049807,Desilt / clear blockage in Otteri Nullah - Ayanavaram stretch near Ayanavaram,TLK04,Ayanavaram,13.098627,80.237559,PWD-OFF-016,2026-04-13T11:08:29+05:30,2026-04-20,2026-04-27T17:09:17+05:30,2026-05-01T17:13:02+05:30,silt removed 3 loads,uploads/pwd/PWD-TSK-16603.jpg,2026-05-04T13:01:14+05:30,"site inspected, satisfactory",verified
PWD-TSK-16604,GRV-20260410-18970,,Petition: strengthen weak bund of Adyar River Bund - Kotturpuram,TLK10,Kotturpuram,13.029961,80.265316,PWD-OFF-012,2026-04-13T11:12:07+05:30,2026-06-08,2026-04-20T12:52:26+05:30,2026-04-24T17:28:04+05:30,bund strengthened with earth & sand bags pls verify,uploads/pwd/PWD-TSK-16604.jpg,2026-05-12T10:28:30+05:30,"verified, ok",verified
PWD-TSK-16605,GRV-20260410-24357,,Petition: remove water hyacinth in Otteri Nullah - Ayanavaram stretch,TLK04,Ayanavaram,13.101215,80.236578,PWD-OFF-018,2026-04-13T11:19:19+05:30,2026-04-20,2026-04-16T10:05:42+05:30,2026-04-20T09:41:19+05:30,silt removed 3 loads pls verify,uploads/pwd/PWD-TSK-16605.jpg,2026-04-21T12:06:45+05:30,satisfactory,verified
PWD-TSK-16606,,PWD-INC-049801,Remove encroachment on Anna Nagar Macro Drain at Anna Nagar,TLK03,Anna Nagar,13.070992,80.223940,PWD-OFF-013,2026-04-13T11:24:09+05:30,2026-05-24,2026-05-04T10:53:07+05:30,2026-05-31T12:10:41+05:30,"huts removed, revenue dept present",uploads/pwd/PWD-TSK-16606.jpg,2026-06-29T11:28:58+05:30,satisfactory,verified
PWD-TSK-16567,GRV-20260408-17535,,"Grievance - unsafe building condition, Ezhilagam Govt Office Complex",TLK10,Triplicane,13.029199,80.269807,PWD-OFF-004,2026-04-13T11:26:19+05:30,2026-06-10,2026-05-13T10:17:47+05:30,2026-05-27T16:22:02+05:30,"crack sealed, plastering done - AE",uploads/pwd/PWD-TSK-16567.jpg,2026-07-03T14:40:03+05:30,"field verified by RDO, fine",verified
PWD-TSK-16607,,PWD-INC-049812,Clear debris & rebuild wall - Nolambur,TLK08,Nolambur,13.070399,80.169554,PWD-OFF-013,2026-04-13T13:39:46+05:30,2026-05-03,2026-04-13T16:19:24+05:30,2026-05-01T11:27:37+05:30,"debris removed, estimate for new wall sent - photo uploaded",uploads/pwd/PWD-TSK-16607.jpg,2026-06-12T10:11:34+05:30,"checked, work ok",verified
PWD-TSK-16588,,PWD-INC-049756,Survey & evict encroachment - the water body,TLK09,Ashok Nagar,13.036531,80.225421,PWD-OFF-020,2026-04-13T15:52:56+05:30,2026-06-11,2026-04-13T17:49:05+05:30,2026-05-31T08:39:01+05:30,completed as per instructions,uploads/pwd/PWD-TSK-16588.jpg,2026-06-15T12:07:17+05:30,"site inspected, satisfactory",verified
PWD-TSK-16661,,PWD-INC-049993,"Remove collapsed wall debris near Lake View Rd, Vyasarpadi",TLK11,Vyasarpadi,13.116434,80.237006,PWD-OFF-018,2026-04-15T10:02:57+05:30,2026-04-24,2026-04-17T11:24:59+05:30,2026-04-20T10:34:39+05:30,wall rebuilt approx 12m - photo uploaded,uploads/pwd/PWD-TSK-16661.jpg,2026-05-15T12:09:29+05:30,"field verified by RDO, fine",verified
PWD-TSK-16681,,PWD-INC-050042,"Structural inspection & repair - Govt Polytechnic College, Taramani",TLK16,Taramani,12.981081,80.212341,PWD-OFF-004,2026-04-15T10:22:37+05:30,2026-05-16,2026-05-07T11:32:44+05:30,2026-05-28T11:32:10+05:30,"work under progress, now completed.",uploads/pwd/PWD-TSK-16681.jpg,2026-06-01T11:07:45+05:30,verified. good work,verified
PWD-TSK-16662,,PWD-INC-049987,Structural inspection & repair - King Institute of Preventive Medicine,TLK06,Guindy,13.005077,80.214965,PWD-OFF-006,2026-04-15T10:43:13+05:30,2026-06-08,2026-04-16T11:23:26+05:30,2026-04-21T15:28:25+05:30,weathering course redone.,uploads/pwd/PWD-TSK-16662.jpg,2026-04-23T11:11:43+05:30,verified by DRO,verified
PWD-TSK-16663,,PWD-INC-049983,Remove encroachment on Adyar River - Saidapet stretch at Saidapet,TLK06,Saidapet,13.011767,80.208576,PWD-OFF-017,2026-04-15T12:06:39+05:30,2026-06-07,2026-05-25T12:55:28+05:30,2026-05-31T09:40:43+05:30,"fencing removed, boundary stones fixed",uploads/pwd/PWD-TSK-16663.jpg,2026-06-15T10:09:14+05:30,"checked, work ok",verified
PWD-TSK-16682,,PWD-INC-050043,Repair parapet/deck of Manali Kosasthalaiyar Causeway,TLK14,Manali,13.161576,80.302532,PWD-OFF-014,2026-04-15T12:29:07+05:30,2026-05-31,2026-04-20T10:58:02+05:30,2026-04-30T08:45:30+05:30,erosion protection w/ boulders done.,uploads/pwd/PWD-TSK-16682.jpg,2026-05-04T10:59:33+05:30,verified by DRO,verified
PWD-TSK-16664,,PWD-INC-049981,Clear choked Buckingham Canal - Mandaveli stretch at Lake View Rd,TLK10,Mandaveli,13.033546,80.262881,PWD-OFF-017,2026-04-15T12:40:48+05:30,2026-05-01,2026-04-16T15:03:25+05:30,2026-06-06T18:07:21+05:30,redone as per Collr remarks,uploads/pwd/PWD-TSK-16664.jpg,2026-06-11T16:57:13+05:30,"ok now, closed",verified
PWD-TSK-16642,,PWD-INC-049926,Survey & evict encroachment - Adyar River - Saidapet stretch,TLK06,Saidapet,13.012198,80.208926,PWD-OFF-017,2026-04-15T14:43:29+05:30,2026-05-26,2026-04-16T10:23:22+05:30,2026-05-20T12:02:36+05:30,"huts removed, revenue dept present",uploads/pwd/PWD-TSK-16642.jpg,2026-05-25T10:05:42+05:30,ok,verified
PWD-TSK-16665,,PWD-INC-049994,Inspect damage to Manali Kosasthalaiyar Causeway,TLK14,Manali,13.160357,80.304062,PWD-OFF-015,2026-04-15T16:20:35+05:30,2026-06-14,2026-05-08T17:09:53+05:30,2026-05-16T11:38:57+05:30,"railing fixed, potholes patched (JE)",uploads/pwd/PWD-TSK-16665.jpg,2026-06-01T10:51:36+05:30,"checked, work ok",verified
PWD-TSK-16683,GRV-20260411-58706,,Petition: Ambattur Lake Sluice shutter not closing properly,TLK02,Ambattur,13.112472,80.151943,PWD-OFF-016,2026-04-16T13:43:29+05:30,2026-05-09,2026-04-21T10:30:37+05:30,2026-05-07T10:40:51+05:30,redone as per Collr remarks,uploads/pwd/PWD-TSK-16683.jpg,2026-05-14T15:43:18+05:30,"ok now, closed",verified
PWD-TSK-16701,GRV-20260415-29419,,Petition: remove water hyacinth in Buckingham Canal - Korukkupet stretch,TLK15,Korukkupet,13.133640,80.287742,PWD-OFF-018,2026-04-16T15:10:52+05:30,2026-05-02,2026-04-20T10:17:13+05:30,2026-04-26T10:38:17+05:30,"desilted, silt shifted (JE)",uploads/pwd/PWD-TSK-16701.jpg,2026-05-11T10:47:29+05:30,"photo ok, closed",verified
PWD-TSK-16702,,PWD-INC-050107,Survey & evict encroachment - Guindy Industrial Estate Storm Water Channel,TLK06,Guindy Industrial Estate,13.011564,80.209257,PWD-OFF-020,2026-04-17T10:12:54+05:30,2026-05-27,2026-04-17T17:32:36+05:30,2026-04-25T08:04:50+05:30,notice served & removed,uploads/pwd/PWD-TSK-16702.jpg,2026-04-29T10:59:20+05:30,"verified, ok",verified
PWD-TSK-16721,,PWD-INC-050161,Repair parapet/deck of Basin Bridge,TLK12,Pulianthope,13.083401,80.255966,PWD-OFF-013,2026-04-17T10:50:36+05:30,2026-06-12,2026-04-30T07:28:47+05:30,2026-05-05T10:15:03+05:30,parapet repaired.,uploads/pwd/PWD-TSK-16721.jpg,2026-05-28T12:35:06+05:30,verified by DRO,verified
PWD-TSK-16741,,PWD-INC-050221,Plug breach in Retteri Lake Bund,TLK07,Retteri,13.149727,80.229781,PWD-OFF-018,2026-04-17T11:55:48+05:30,2026-04-18,2026-04-17T13:32:02+05:30,2026-05-31T12:13:06+05:30,"bund closed, permanent strengthening proposed.",uploads/pwd/PWD-TSK-16741.jpg,2026-06-03T17:32:26+05:30,ok,verified
PWD-TSK-16722,GRV-20260413-43835,,"Petition: remove encroachment on Mogappair Eri, Mogappair",TLK02,Mogappair,13.112521,80.155751,PWD-OFF-020,2026-04-17T13:02:13+05:30,2026-06-05,2026-04-27T10:22:24+05:30,2026-06-09T08:40:47+05:30,"fencing removed, boundary stones fixed - AE",uploads/pwd/PWD-TSK-16722.jpg,2026-06-22T13:34:24+05:30,"checked, work ok",verified
PWD-TSK-16723,,PWD-INC-050162,Survey & evict encroachment - Otteri Nullah - Perambur stretch,TLK11,Perambur,13.118959,80.236646,PWD-OFF-018,2026-04-17T13:22:17+05:30,2026-06-05,2026-05-18T11:00:47+05:30,2026-05-25T08:07:07+05:30,work completed,uploads/pwd/PWD-TSK-16723.jpg,2026-05-26T16:58:21+05:30,"field verified by RDO, fine",verified
PWD-TSK-16724,,PWD-INC-050164,"Inspect damage to Thiru. Vi. Ka. Bridge, Adyar",TLK10,Adyar,13.032514,80.260949,PWD-OFF-013,2026-04-17T16:22:20+05:30,2026-06-10,2026-04-20T10:06:02+05:30,2026-05-10T14:53:44+05:30,parapet repaired - photo uploaded,uploads/pwd/PWD-TSK-16724.jpg,2026-05-18T10:51:12+05:30,"site inspected, satisfactory",verified
PWD-TSK-16725,,PWD-INC-050166,"Structural inspection & repair - Govt Peripheral Hospital, K.K. Nagar",TLK09,K.K. Nagar,13.039471,80.219430,PWD-OFF-004,2026-04-17T16:29:50+05:30,2026-05-24,2026-04-20T10:11:20+05:30,2026-05-01T09:41:26+05:30,"temp props given, estimate sent for major repair - AE",uploads/pwd/PWD-TSK-16725.jpg,2026-06-01T15:04:02+05:30,"verified, ok",verified
PWD-TSK-16742,,PWD-INC-050230,Plug breach in Korattur Lake,TLK02,Korattur,13.106090,80.159975,PWD-OFF-014,2026-04-17T19:15:40+05:30,2026-04-20,2026-04-17T19:47:52+05:30,2026-05-10T11:13:09+05:30,breach plugged with sand bags & gravel pls verify,uploads/pwd/PWD-TSK-16742.jpg,2026-05-19T12:10:40+05:30,verified. good work,verified
PWD-TSK-16743,,PWD-INC-050233,Survey & evict encroachment - Adyar River - Saidapet stretch,TLK06,Saidapet,13.012547,80.208423,PWD-OFF-020,2026-04-20T10:01:53+05:30,2026-05-21,2026-04-23T10:31:50+05:30,2026-06-24T09:23:11+05:30,"huts removed, revenue dept present",uploads/pwd/PWD-TSK-16743.jpg,2026-07-07T13:05:01+05:30,"photo ok, closed",verified
PWD-TSK-16781,,PWD-INC-050347,Remove encroachment on Adambakkam Lake at Adambakkam,TLK01,Adambakkam,12.998091,80.200412,PWD-OFF-020,2026-04-20T10:28:18+05:30,2026-05-29,2026-04-20T17:51:38+05:30,2026-05-20T17:53:56+05:30,work completed,uploads/pwd/PWD-TSK-16781.jpg,2026-06-08T12:49:09+05:30,"field verified by RDO, fine",verified
PWD-TSK-16726,,PWD-INC-050168,Attend roof leak / cracks - Govt Royapettah Hospital,TLK10,Royapettah,13.032869,80.266457,PWD-OFF-004,2026-04-20T10:33:56+05:30,2026-05-31,2026-05-04T10:23:52+05:30,2026-05-08T10:32:44+05:30,"temp props given, estimate sent for major repair",uploads/pwd/PWD-TSK-16726.jpg,2026-05-13T10:43:33+05:30,"verified, ok",verified
PWD-TSK-16744,,PWD-INC-050235,Clear choked the storm water drain at East St,TLK15,Tondiarpet,13.126204,80.289435,PWD-OFF-015,2026-04-20T10:58:15+05:30,2026-04-28,2026-04-21T13:33:29+05:30,2026-05-18T09:27:47+05:30,"reattended, photo re-uploaded",uploads/pwd/PWD-TSK-16744.jpg,2026-05-20T15:39:07+05:30,"rework verified, ok",verified
PWD-TSK-16761,,PWD-INC-050288,"Attend roof leak / cracks - Govt Girls Hr Sec School, Ambattur",TLK02,Ambattur,13.113328,80.154012,PWD-OFF-007,2026-04-20T11:30:53+05:30,2026-06-08,2026-04-21T13:49:52+05:30,2026-05-08T08:24:34+05:30,"crack sealed, plastering done (JE)",uploads/pwd/PWD-TSK-16761.jpg,2026-05-12T11:36:58+05:30,"checked, work ok",verified
PWD-TSK-16762,,PWD-INC-050286,Survey & evict encroachment - Otteri Nullah - Ayanavaram stretch,TLK04,Ayanavaram,13.099834,80.237160,PWD-OFF-015,2026-04-20T11:31:07+05:30,2026-06-07,2026-04-21T13:22:22+05:30,2026-06-14T14:38:50+05:30,balance work completed,uploads/pwd/PWD-TSK-16762.jpg,2026-06-22T10:56:00+05:30,"ok now, closed",verified
PWD-TSK-16782,,PWD-INC-050342,Remove encroachment on Villivakkam Macro Drain at Villivakkam,TLK04,Villivakkam,13.094848,80.239005,PWD-OFF-020,2026-04-20T11:48:31+05:30,2026-06-19,2026-04-22T14:28:26+05:30,2026-04-28T13:28:46+05:30,work completed,uploads/pwd/PWD-TSK-16782.jpg,2026-06-09T10:04:24+05:30,"field verified by RDO, fine",verified
PWD-TSK-16801,,PWD-INC-050406,Inspect & control overflow in Tondiarpet Macro Drain at Tondiarpet,TLK15,Tondiarpet,13.123630,80.286873,PWD-OFF-019,2026-04-20T13:06:53+05:30,2026-04-23,2026-04-23T10:42:35+05:30,2026-04-25T17:08:18+05:30,overflow controlled.,uploads/pwd/PWD-TSK-16801.jpg,2026-06-01T10:13:35+05:30,"verified, ok",verified
PWD-TSK-16802,,PWD-INC-050408,Inspect & control overflow in Villivakkam Macro Drain at Villivakkam,TLK04,Villivakkam,13.092733,80.237177,PWD-OFF-019,2026-04-20T13:27:52+05:30,2026-04-22,2026-04-20T14:10:04+05:30,2026-04-23T10:21:22+05:30,"flow normal now, debris removed at bridge - AE",uploads/pwd/PWD-TSK-16802.jpg,2026-06-02T12:23:36+05:30,satisfactory,verified
PWD-TSK-16803,,PWD-INC-050409,Remove encroachment on Velachery Lake at Velachery,TLK16,Velachery,12.981042,80.220160,PWD-OFF-020,2026-04-21T10:34:17+05:30,2026-05-21,2026-05-18T11:14:25+05:30,2026-06-19T13:26:47+05:30,attended & completed,uploads/pwd/PWD-TSK-16803.jpg,2026-07-06T13:08:56+05:30,verified by DRO,verified
PWD-TSK-16763,,PWD-INC-050285,Clear choked Kodungaiyur Canal at Periyar St,TLK11,Kodungaiyur,13.111968,80.232804,PWD-OFF-015,2026-04-21T10:42:28+05:30,2026-05-01,2026-04-24T10:41:04+05:30,2026-05-11T10:14:39+05:30,balance work completed,uploads/pwd/PWD-TSK-16763.jpg,2026-05-21T11:00:37+05:30,"rework verified, ok",verified
PWD-TSK-16804,,PWD-INC-050413,Desilt / clear blockage in Anna Nagar Macro Drain near Anna Nagar,TLK03,Anna Nagar,13.073334,80.222888,PWD-OFF-013,2026-04-21T12:37:02+05:30,2026-04-28,2026-05-18T12:07:05+05:30,2026-05-27T10:14:32+05:30,"desilting done, debris cleared",uploads/pwd/PWD-TSK-16804.jpg,2026-06-03T10:55:02+05:30,"field verified by RDO, fine",verified
PWD-TSK-16783,,PWD-INC-050345,Remove encroachment on Cooum River - Chetpet stretch at Chetpet,TLK05,Chetpet,13.078956,80.263005,PWD-OFF-020,2026-04-21T17:37:18+05:30,2026-05-30,2026-04-22T13:10:41+05:30,2026-04-30T08:24:25+05:30,wrk completed (JE),uploads/pwd/PWD-TSK-16783.jpg,2026-05-25T12:58:33+05:30,"checked, work ok",verified
PWD-TSK-16805,,PWD-INC-050410,Survey & evict encroachment - Velachery Lake,TLK16,Velachery,12.978576,80.220221,PWD-OFF-020,2026-04-22T11:04:51+05:30,2026-05-29,2026-04-23T15:59:01+05:30,2026-05-26T11:14:33+05:30,"reattended, photo re-uploaded",uploads/pwd/PWD-TSK-16805.jpg,2026-05-28T13:43:41+05:30,"ok now, closed",verified
PWD-TSK-16821,GRV-20260420-79159,,"Grievance - seepage through Porur Lake Bund bund, Porur",TLK08,Porur,13.059208,80.170798,PWD-OFF-013,2026-04-22T11:38:03+05:30,2026-06-01,2026-04-23T13:19:27+05:30,2026-04-26T11:40:16+05:30,bund top raised (JE),uploads/pwd/PWD-TSK-16821.jpg,2026-05-05T10:28:26+05:30,verified by DRO,verified
PWD-TSK-16806,,PWD-INC-050411,"Attend roof leak / cracks - Govt Polytechnic College, Taramani",TLK16,Taramani,12.980646,80.213546,PWD-OFF-007,2026-04-22T13:11:44+05:30,2026-05-28,2026-05-04T11:31:58+05:30,2026-06-11T09:46:03+05:30,work completed - photo uploaded,uploads/pwd/PWD-TSK-16806.jpg,2026-06-12T13:57:25+05:30,"field verified by RDO, fine",verified
PWD-TSK-16807,GRV-20260419-18502,,"Petition: repair leaking roof / cracks at Institute of Child Health, Egmore",TLK05,Egmore,13.077570,80.259524,PWD-OFF-006,2026-04-23T10:05:50+05:30,2026-06-10,2026-04-24T10:15:49+05:30,2026-05-19T16:42:02+05:30,roof waterproofing done.,uploads/pwd/PWD-TSK-16807.jpg,2026-06-03T10:05:45+05:30,"photo ok, closed",verified
PWD-TSK-16841,GRV-20260420-10446,,"Grievance - unsafe building condition, Sholinganallur Taluk Office",TLK13,Sholinganallur,12.897682,80.226959,PWD-OFF-004,2026-04-23T10:10:26+05:30,2026-06-19,2026-05-04T10:08:31+05:30,2026-06-12T08:24:32+05:30,done. photo attached,uploads/pwd/PWD-TSK-16841.jpg,2026-06-15T13:38:35+05:30,verified by DRO,verified
PWD-TSK-16842,GRV-20260422-73449,,"Petition: remove encroachment on Adambakkam Lake, Adambakkam",TLK01,Adambakkam,12.998908,80.200992,PWD-OFF-020,2026-04-23T14:15:01+05:30,2026-06-21,2026-05-08T12:46:11+05:30,2026-05-16T11:31:06+05:30,"huts removed, revenue dept present pls verify",uploads/pwd/PWD-TSK-16842.jpg,2026-06-09T15:50:24+05:30,"checked, work ok",verified
PWD-TSK-16881,,PWD-INC-050644,Clear waterlogging at Nanganallur (Indira Nagar 3rd Ave),TLK01,Nanganallur,12.993892,80.198293,PWD-OFF-016,2026-04-24T08:53:07+05:30,2026-04-25,2026-04-24T16:53:26+05:30,2026-05-25T11:39:54+05:30,"reattended, photo re-uploaded",uploads/pwd/PWD-TSK-16881.jpg,2026-05-28T12:20:01+05:30,"re-inspected, satisfactory now",verified
PWD-TSK-16861,,PWD-INC-050589,Plug breach in Adambakkam Lake,TLK01,Adambakkam,12.994876,80.200968,PWD-OFF-012,2026-04-24T10:23:19+05:30,2026-04-25,2026-04-24T15:16:45+05:30,2026-04-27T11:31:23+05:30,"breach closed, watch posted.",uploads/pwd/PWD-TSK-16861.jpg,2026-05-26T10:06:38+05:30,"photo ok, closed",verified
PWD-TSK-16882,,PWD-INC-050649,Deploy pumpset & drain water - Ekkatuthangal,TLK06,Ekkatuthangal,13.004565,80.211421,PWD-OFF-017,2026-04-24T11:05:29+05:30,2026-04-27,2026-04-24T12:27:01+05:30,2026-04-27T10:23:02+05:30,stagnation cleared by evening.,uploads/pwd/PWD-TSK-16882.jpg,2026-05-12T10:10:09+05:30,"site inspected, satisfactory",verified
PWD-TSK-16883,,PWD-INC-050641,Plug breach in Adyar River Bund - Jafferkhanpet,TLK06,Jafferkhanpet,13.007701,80.221670,PWD-OFF-012,2026-04-24T11:14:26+05:30,2026-04-25,2026-04-27T12:39:23+05:30,2026-05-11T10:38:19+05:30,"bund closed, permanent strengthening proposed",uploads/pwd/PWD-TSK-16883.jpg,2026-05-12T13:26:46+05:30,"checked, work ok",verified
PWD-TSK-16884,,PWD-INC-050652,"Pump out stagnant water - Canal Bank Rd, Nanganallur",TLK01,Nanganallur,12.994535,80.197929,PWD-OFF-019,2026-04-24T12:25:26+05:30,2026-04-27,2026-04-24T16:36:48+05:30,2026-04-26T18:08:34+05:30,"water receded, inlet cleaned (JE)",uploads/pwd/PWD-TSK-16884.jpg,2026-05-18T14:25:53+05:30,"photo ok, closed",verified
PWD-TSK-16885,,PWD-INC-050650,Clear waterlogging at Palavanthangal (Periyar St),TLK01,Palavanthangal,12.993880,80.200391,PWD-OFF-016,2026-04-24T12:38:34+05:30,2026-04-26,2026-04-24T13:19:04+05:30,2026-04-26T13:47:29+05:30,"water pumped out, road clear (JE)",uploads/pwd/PWD-TSK-16885.jpg,2026-05-28T11:13:06+05:30,satisfactory,verified
PWD-TSK-16886,,PWD-INC-050651,"Pump out stagnant water - Subramaniyar Koil St, Guindy Industrial Estate",TLK06,Guindy Industrial Estate,13.011796,80.207399,PWD-OFF-017,2026-04-24T13:07:28+05:30,2026-04-26,2026-04-24T16:31:02+05:30,2026-04-26T14:48:52+05:30,attended & completed - AE,uploads/pwd/PWD-TSK-16886.jpg,2026-05-18T10:22:31+05:30,verified. good work,verified
PWD-TSK-16887,,PWD-INC-050656,"Pump out stagnant water - Bajanai Koil St, Thiruvanmiyur",TLK16,Thiruvanmiyur,12.980639,80.222036,PWD-OFF-016,2026-04-24T15:00:27+05:30,2026-04-27,2026-04-24T19:47:25+05:30,2026-04-27T11:09:43+05:30,wrk completed - photo uploaded,uploads/pwd/PWD-TSK-16887.jpg,2026-04-29T10:14:28+05:30,"field verified by RDO, fine",verified
PWD-TSK-16822,,PWD-INC-050469,Inspect damage to Basin Bridge,TLK12,Pulianthope,13.083067,80.255144,PWD-OFF-013,2026-04-24T16:38:35+05:30,2026-06-11,2026-05-05T11:08:47+05:30,2026-06-18T18:16:52+05:30,redone as per Collr remarks,uploads/pwd/PWD-TSK-16822.jpg,2026-06-23T10:28:41+05:30,"re-inspected, satisfactory now",verified
PWD-TSK-16888,,PWD-INC-050665,"Pump out stagnant water - Bazaar St, Thiruvottiyur",TLK14,Thiruvottiyur,13.160279,80.297162,PWD-OFF-014,2026-04-24T21:31:00+05:30,2026-04-25,2026-04-25T01:38:50+05:30,2026-05-22T08:19:28+05:30,redone as per Collr remarks,uploads/pwd/PWD-TSK-16888.jpg,2026-05-28T10:58:01+05:30,"re-inspected, satisfactory now",verified
PWD-TSK-16921,,PWD-INC-050768,"Remove collapsed wall debris near MGR St, Manali",TLK14,Manali,13.157615,80.303303,PWD-OFF-014,2026-04-26T19:47:34+05:30,2026-05-11,2026-04-27T10:21:52+05:30,2026-05-11T08:35:36+05:30,"debris removed, estimate for new wall sent",uploads/pwd/PWD-TSK-16921.jpg,2026-06-01T11:51:12+05:30,satisfactory,verified
PWD-TSK-16901,,PWD-INC-050703,"Inspect damage to Thiru. Vi. Ka. Bridge, Adyar",TLK10,Adyar,13.034166,80.256896,PWD-OFF-013,2026-04-27T10:17:05+05:30,2026-06-19,2026-04-28T11:45:47+05:30,2026-07-13T18:52:07+05:30,parapet repaired - photo uploaded,uploads/pwd/PWD-TSK-16901.jpg,2026-08-10T11:28:48+05:30,"site inspected, satisfactory",verified
PWD-TSK-16889,,PWD-INC-050670,"Structural inspection & repair - Govt Peripheral Hospital, K.K. Nagar",TLK09,K.K. Nagar,13.038910,80.219421,PWD-OFF-006,2026-04-27T10:40:37+05:30,2026-06-24,2026-04-27T16:09:30+05:30,2026-05-06T17:06:25+05:30,"crack sealed, plastering done",uploads/pwd/PWD-TSK-16889.jpg,2026-06-05T12:01:28+05:30,verified. good work,verified
PWD-TSK-16922,,PWD-INC-050761,Sandbag bank of Otteri Nullah - Ayanavaram stretch near Ayanavaram,TLK04,Ayanavaram,13.096419,80.236001,PWD-OFF-015,2026-04-27T10:43:35+05:30,2026-04-30,2026-04-27T14:25:04+05:30,2026-06-02T14:06:14+05:30,completed as per instructions,uploads/pwd/PWD-TSK-16922.jpg,2026-06-03T15:40:14+05:30,"field verified by RDO, fine",verified
PWD-TSK-16890,,PWD-INC-050645,Attend sluice gate defect - Ambattur Lake Sluice,TLK02,Ambattur,13.111715,80.153866,PWD-OFF-014,2026-04-27T10:46:41+05:30,2026-05-21,2026-04-29T14:53:05+05:30,2026-08-04T11:01:49+05:30,"reattended, photo re-uploaded",uploads/pwd/PWD-TSK-16890.jpg,2026-08-07T11:11:49+05:30,"re-inspected, satisfactory now",verified
PWD-TSK-16862,GRV-20260423-45173,,"Grievance - unsafe building condition, Govt Kilpauk Medical College Hospital",TLK12,Kilpauk,13.093796,80.254706,PWD-OFF-009,2026-04-27T12:20:43+05:30,2026-06-16,2026-04-28T11:12:36+05:30,2026-05-16T10:02:03+05:30,work completed,uploads/pwd/PWD-TSK-16862.jpg,2026-05-25T17:17:28+05:30,"checked, work ok",verified
PWD-TSK-16891,GRV-20260424-72868,,"Grievance - silt & garbage in Mambalam Canal Macro Drain, T. Nagar",TLK09,T. Nagar,13.031701,80.223005,PWD-OFF-017,2026-04-27T12:53:46+05:30,2026-05-13,2026-04-30T15:20:06+05:30,2026-05-02T14:11:15+05:30,"desilting done, debris cleared",uploads/pwd/PWD-TSK-16891.jpg,2026-05-06T13:27:41+05:30,verified by DRO,verified
PWD-TSK-16941,,PWD-INC-050825,"Pump out stagnant water - Mosque St, T. Nagar",TLK09,T. Nagar,13.034440,80.222357,PWD-OFF-019,2026-04-27T15:16:23+05:30,2026-04-29,2026-04-27T18:05:45+05:30,2026-05-24T09:14:04+05:30,redone as per Collr remarks,uploads/pwd/PWD-TSK-16941.jpg,2026-06-01T12:12:48+05:30,"rework verified, ok",verified
PWD-TSK-16923,,PWD-INC-050766,"Structural inspection & repair - Institute of Child Health, Egmore",TLK05,Egmore,13.079044,80.256937,PWD-OFF-003,2026-04-27T16:02:15+05:30,2026-06-25,2026-05-26T10:47:28+05:30,2026-07-24T11:44:50+05:30,balance work completed,uploads/pwd/PWD-TSK-16923.jpg,2026-08-03T15:16:42+05:30,"ok now, closed",verified
PWD-TSK-16942,,PWD-INC-050826,Repair shutter of Adambakkam Lake Sluice,TLK01,Adambakkam,12.995100,80.200247,PWD-OFF-016,2026-04-28T10:04:26+05:30,2026-05-15,2026-05-04T10:19:40+05:30,2026-05-23T11:59:06+05:30,"gate freed, working ok (JE)",uploads/pwd/PWD-TSK-16942.jpg,2026-05-26T10:48:52+05:30,"verified, ok",verified
PWD-TSK-16943,,PWD-INC-050822,Attend roof leak / cracks - Govt Royapettah Hospital,TLK10,Royapettah,13.030787,80.267879,PWD-OFF-004,2026-04-28T10:05:31+05:30,2026-05-30,2026-04-30T11:20:02+05:30,2026-05-13T11:30:28+05:30,"temp props given, estimate sent for major repair",uploads/pwd/PWD-TSK-16943.jpg,2026-05-18T10:07:55+05:30,verified by DRO,verified
PWD-TSK-16961,,PWD-INC-050891,"Remove collapsed wall debris near Bazaar St, Nandambakkam",TLK01,Nandambakkam,12.995667,80.205004,PWD-OFF-016,2026-04-29T10:00:45+05:30,2026-05-18,2026-05-01T06:09:42+05:30,2026-05-19T09:43:11+05:30,"debris cleared, barricade put - AE",uploads/pwd/PWD-TSK-16961.jpg,2026-06-01T10:18:54+05:30,"photo ok, closed",verified
PWD-TSK-16944,GRV-20260426-77846,,Petition: desilting of Villivakkam Macro Drain near Villivakkam,TLK04,Villivakkam,13.096498,80.236444,PWD-OFF-016,2026-04-29T10:15:45+05:30,2026-05-19,2026-04-29T13:30:26+05:30,2026-05-03T11:28:08+05:30,"desilting done, debris cleared - AE",uploads/pwd/PWD-TSK-16944.jpg,2026-05-05T10:23:12+05:30,"photo ok, closed",verified
PWD-TSK-16962,,PWD-INC-050881,"Attend roof leak / cracks - Institute of Child Health, Egmore",TLK05,Egmore,13.079901,80.260419,PWD-OFF-006,2026-04-30T10:13:43+05:30,2026-06-18,2026-06-03T12:53:49+05:30,2026-07-19T14:17:54+05:30,"temp props given, estimate sent for major repair (JE)",uploads/pwd/PWD-TSK-16962.jpg,2026-08-14T14:56:36+05:30,"verified, ok",verified
PWD-TSK-16963,,PWD-INC-050886,Structural inspection & repair - Govt Stanley Hospital - OP Block,TLK15,Old Washermanpet,13.126864,80.290786,PWD-OFF-006,2026-04-30T10:38:29+05:30,2026-06-02,2026-05-15T10:37:41+05:30,2026-07-10T09:11:58+05:30,"reattended, photo re-uploaded",uploads/pwd/PWD-TSK-16963.jpg,2026-07-14T12:36:07+05:30,"re-inspected, satisfactory now",verified
PWD-TSK-16981,,PWD-INC-050949,"Emergency closure of breach - Adyar River Bund - Kotturpuram, Kotturpuram",TLK10,Kotturpuram,13.030813,80.263209,PWD-OFF-012,2026-04-30T12:44:30+05:30,2026-05-02,2026-04-30T16:24:14+05:30,2026-05-02T17:14:12+05:30,"breach closed, watch posted pls verify",uploads/pwd/PWD-TSK-16981.jpg,2026-05-28T12:38:14+05:30,"photo ok, closed",verified
PWD-TSK-16982,GRV-20260427-60842,,Petition: Ennore Creek Regulator shutter not closing properly,TLK14,Ennore,13.164233,80.299868,PWD-OFF-014,2026-04-30T14:46:17+05:30,2026-05-25,2026-05-04T13:05:34+05:30,2026-05-27T09:00:30+05:30,"gate freed, working ok pls verify",uploads/pwd/PWD-TSK-16982.jpg,2026-06-01T13:33:28+05:30,verified by DRO,verified
PWD-TSK-17021,,PWD-INC-051064,"Remove collapsed wall debris near Srinivasa Nagar 6th St, Old Washermanpet",TLK15,Old Washermanpet,13.128701,80.293166,PWD-OFF-010,2026-05-01T17:54:20+05:30,2026-05-12,2026-05-04T10:38:37+05:30,2026-06-03T09:02:37+05:30,wall rebuilt approx 12m - AE,uploads/pwd/PWD-TSK-17021.jpg,2026-06-04T10:31:06+05:30,"field verified by RDO, fine",verified
PWD-TSK-17001,,PWD-INC-051004,Survey & evict encroachment - Virugambakkam-Arumbakkam Canal,TLK08,Virugambakkam,13.063951,80.175368,PWD-OFF-020,2026-05-02T15:44:13+05:30,2026-06-26,2026-05-06T11:17:53+05:30,2026-07-09T10:39:38+05:30,redone as per Collr remarks,uploads/pwd/PWD-TSK-17001.jpg,2026-07-13T11:11:42+05:30,"re-inspected, satisfactory now",verified
PWD-TSK-17061,,PWD-INC-051184,"Remove collapsed wall debris near Canal Bank Rd, Thiruvanmiyur",TLK16,Thiruvanmiyur,12.985726,80.217841,PWD-OFF-016,2026-05-03T18:02:39+05:30,2026-05-22,2026-05-05T15:36:55+05:30,2026-06-24T10:21:02+05:30,redone as per Collr remarks,uploads/pwd/PWD-TSK-17061.jpg,2026-06-29T11:52:45+05:30,"rework verified, ok",verified
PWD-TSK-17022,,PWD-INC-051063,Desilt / clear blockage in Captain Cotton Canal - Vyasarpadi stretch near Vyasarpadi,TLK11,Vyasarpadi,13.114354,80.239454,PWD-OFF-015,2026-05-04T10:00:42+05:30,2026-05-12,2026-05-05T10:40:10+05:30,2026-05-13T08:26:18+05:30,"blockage cleared, flow ok - AE",uploads/pwd/PWD-TSK-17022.jpg,2026-05-18T10:10:54+05:30,verified. good work,verified
PWD-TSK-17002,,PWD-INC-051008,Structural inspection & repair - Sholinganallur Taluk Office,TLK13,Sholinganallur,12.897537,80.230415,PWD-OFF-004,2026-05-04T10:01:41+05:30,2026-06-22,2026-05-13T10:42:45+05:30,2026-06-16T09:38:27+05:30,roof waterproofing done - photo uploaded,uploads/pwd/PWD-TSK-17002.jpg,2026-07-03T10:27:15+05:30,verified by DRO,verified
PWD-TSK-16983,,PWD-INC-050946,Attend sluice gate defect - Retteri Lake Sluice,TLK07,Retteri,13.151428,80.230048,PWD-OFF-018,2026-05-04T10:12:24+05:30,2026-05-24,2026-05-05T13:10:58+05:30,2026-05-10T11:18:13+05:30,screw rod replaced - AE,uploads/pwd/PWD-TSK-16983.jpg,2026-05-25T10:55:12+05:30,satisfactory,verified
PWD-TSK-17003,,PWD-INC-051016,"Structural inspection & repair - Govt Girls Hr Sec School, Ambattur",TLK02,Ambattur,13.113408,80.154412,PWD-OFF-007,2026-05-04T10:25:00+05:30,2026-06-29,2026-05-11T12:25:34+05:30,2026-06-06T09:35:50+05:30,"temp props given, estimate sent for major repair - AE",uploads/pwd/PWD-TSK-17003.jpg,2026-06-30T10:09:27+05:30,satisfactory,verified
PWD-TSK-17004,,PWD-INC-051019,Clear choked Otteri Nullah - Ayanavaram stretch at Vinayagar Koil St,TLK04,Ayanavaram,13.098781,80.236318,PWD-OFF-018,2026-05-04T10:28:14+05:30,2026-05-22,2026-06-12T10:56:02+05:30,2026-06-14T18:38:28+05:30,attended & completed,uploads/pwd/PWD-TSK-17004.jpg,2026-07-13T13:08:49+05:30,"site inspected, satisfactory",verified
PWD-TSK-17062,,PWD-INC-051181,Clear choked Kathivakkam Macro Drain at Thiruvalluvar St,TLK14,Kathivakkam,13.159955,80.304199,PWD-OFF-015,2026-05-04T10:42:11+05:30,2026-05-13,2026-06-01T13:31:26+05:30,2026-06-05T08:18:32+05:30,"blockage cleared, flow ok - AE",uploads/pwd/PWD-TSK-17062.jpg,2026-06-17T20:34:57+05:30,ok,verified
PWD-TSK-16984,GRV-20260427-31976,,Petition: Retteri Lake Sluice shutter not closing properly,TLK07,Retteri,13.150928,80.228765,PWD-OFF-018,2026-05-04T11:06:13+05:30,2026-05-15,2026-05-05T10:49:11+05:30,2026-06-22T09:31:55+05:30,redone as per Collr remarks,uploads/pwd/PWD-TSK-16984.jpg,2026-06-29T12:28:42+05:30,"re-inspected, satisfactory now",verified
PWD-TSK-16985,,PWD-INC-050951,Repair parapet/deck of Manali Kosasthalaiyar Causeway,TLK14,Manali,13.160370,80.303051,PWD-OFF-015,2026-05-04T11:19:54+05:30,2026-06-12,2026-05-07T10:37:34+05:30,2026-05-26T08:31:32+05:30,"railing fixed, potholes patched - photo uploaded",uploads/pwd/PWD-TSK-16985.jpg,2026-06-29T10:02:58+05:30,ok,verified
PWD-TSK-17023,,PWD-INC-051066,"Remove collapsed wall debris near Kalaignar Nagar, Neelankarai",TLK13,Neelankarai,12.903195,80.232700,PWD-OFF-015,2026-05-04T11:35:58+05:30,2026-05-25,2026-05-04T14:51:27+05:30,2026-05-14T08:59:27+05:30,"debris removed, estimate for new wall sent.",uploads/pwd/PWD-TSK-17023.jpg,2026-05-22T12:50:41+05:30,"field verified by RDO, fine",verified
PWD-TSK-17041,,PWD-INC-051123,"Inspect damage to Maraimalai Adigal Bridge, Saidapet",TLK06,Saidapet,13.012354,80.207244,PWD-OFF-017,2026-05-04T11:51:30+05:30,2026-06-20,2026-06-04T10:35:58+05:30,2026-06-20T13:51:22+05:30,parapet repaired (JE),uploads/pwd/PWD-TSK-17041.jpg,2026-07-13T13:41:21+05:30,"checked, work ok",verified
PWD-TSK-16986,GRV-20260427-15368,,"Grievance - silt & garbage in Nanganallur Macro Drain, Nanganallur",TLK01,Nanganallur,12.996381,80.199122,PWD-OFF-016,2026-05-04T12:07:28+05:30,2026-05-25,2026-05-05T11:13:11+05:30,2026-05-08T11:57:09+05:30,"desilting done, debris cleared",uploads/pwd/PWD-TSK-16986.jpg,2026-05-21T10:59:29+05:30,verified by DRO,verified
PWD-TSK-17005,,PWD-INC-051001,Clear choked Buckingham Canal - Okkiyam stretch at Srinivasa Nagar 6th St,TLK13,Okkiyam Thoraipakkam,12.906223,80.220011,PWD-OFF-016,2026-05-04T12:13:24+05:30,2026-05-14,2026-05-07T15:50:14+05:30,2026-05-26T09:38:35+05:30,"desilting done, debris cleared pls verify",uploads/pwd/PWD-TSK-17005.jpg,2026-06-01T11:11:16+05:30,"field verified by RDO, fine",verified
PWD-TSK-16987,GRV-20260426-36860,,Petition: desilting of Buckingham Canal - Ennore stretch near Ennore,TLK14,Ennore,13.160333,80.297278,PWD-OFF-014,2026-05-04T13:42:55+05:30,2026-05-14,2026-06-03T10:27:52+05:30,2026-06-07T08:45:48+05:30,silt removed 3 loads - AE,uploads/pwd/PWD-TSK-16987.jpg,2026-06-23T11:02:38+05:30,"checked, work ok",verified
PWD-TSK-17024,,PWD-INC-051065,Structural inspection & repair - Govt Kilpauk Medical College Hospital,TLK12,Kilpauk,13.093028,80.254202,PWD-OFF-009,2026-05-04T13:43:14+05:30,2026-06-24,2026-05-18T11:47:33+05:30,2026-05-22T12:20:00+05:30,"inspected, minor cracks attended",uploads/pwd/PWD-TSK-17024.jpg,2026-05-26T14:26:11+05:30,verified. good work,verified
PWD-TSK-17081,,PWD-INC-051243,Clear debris & rebuild wall - Ashok Nagar,TLK09,Ashok Nagar,13.033193,80.227896,PWD-OFF-007,2026-05-04T14:01:53+05:30,2026-05-22,2026-05-04T16:41:33+05:30,2026-06-26T18:28:56+05:30,balance work completed,uploads/pwd/PWD-TSK-17081.jpg,2026-06-29T10:27:57+05:30,"ok now, closed",verified
PWD-TSK-17063,GRV-20260430-73468,,Petition: Retteri Lake Sluice shutter not closing properly,TLK07,Retteri,13.151792,80.228723,PWD-OFF-018,2026-05-05T10:06:30+05:30,2026-05-26,2026-06-08T10:11:12+05:30,2026-07-24T08:23:15+05:30,attended & completed - AE,uploads/pwd/PWD-TSK-17063.jpg,2026-08-13T11:07:59+05:30,"photo ok, closed",verified
PWD-TSK-17042,GRV-20260430-97054,,Petition: remove water hyacinth in Buckingham Canal - Thiruvanmiyur stretch,TLK16,Thiruvanmiyur,12.985317,80.217863,PWD-OFF-012,2026-05-05T10:26:36+05:30,2026-05-26,2026-05-06T10:33:29+05:30,2026-05-11T11:53:24+05:30,silt removed 3 loads,uploads/pwd/PWD-TSK-17042.jpg,2026-05-12T11:15:10+05:30,verified by DRO,verified
PWD-TSK-17064,,PWD-INC-051183,Remove encroachment on the water body at Jafferkhanpet,TLK06,Jafferkhanpet,13.007132,80.219375,PWD-OFF-020,2026-05-05T11:14:36+05:30,2026-06-13,2026-06-03T10:57:09+05:30,2026-06-13T16:12:19+05:30,notice served & removed - AE,uploads/pwd/PWD-TSK-17064.jpg,2026-07-14T10:48:39+05:30,"photo ok, closed",verified
PWD-TSK-17043,,PWD-INC-051124,Clear choked Otteri Nullah - Kilpauk stretch at Ganesh Nagar 1st St,TLK12,Kilpauk,13.093097,80.256612,PWD-OFF-013,2026-05-05T12:02:50+05:30,2026-05-25,2026-05-25T12:03:39+05:30,2026-06-02T08:30:58+05:30,"drain mouth cleaned, hyacinth removed - photo uploaded",uploads/pwd/PWD-TSK-17043.jpg,2026-06-08T11:06:18+05:30,verified. good work,verified
PWD-TSK-17065,,PWD-INC-051185,Attend roof leak / cracks - Sholinganallur Taluk Office,TLK13,Sholinganallur,12.898216,80.228791,PWD-OFF-004,2026-05-05T14:24:37+05:30,2026-06-24,2026-05-06T14:47:52+05:30,2026-05-18T08:44:02+05:30,"inspected, minor cracks attended",uploads/pwd/PWD-TSK-17065.jpg,2026-06-29T10:44:54+05:30,verified by DRO,verified
PWD-TSK-17121,,PWD-INC-051363,Inspect & control overflow in Buckingham Canal - Okkiyam stretch at Okkiyam Thoraipakkam,TLK13,Okkiyam Thoraipakkam,12.904409,80.220623,PWD-OFF-019,2026-05-06T12:17:19+05:30,2026-05-08,2026-05-06T18:07:27+05:30,2026-05-11T11:14:50+05:30,wrk completed,uploads/pwd/PWD-TSK-17121.jpg,2026-06-10T10:57:28+05:30,"verified, ok",verified
PWD-TSK-17101,,PWD-INC-051305,Structural inspection & repair - Ezhilagam Govt Office Complex,TLK10,Triplicane,13.030193,80.268141,PWD-OFF-004,2026-05-06T12:23:55+05:30,2026-06-23,2026-05-11T11:15:00+05:30,2026-05-24T10:26:28+05:30,"crack sealed, plastering done - photo uploaded",uploads/pwd/PWD-TSK-17101.jpg,2026-05-28T10:19:47+05:30,"verified, ok",verified
PWD-TSK-17082,GRV-20260502-49936,,Petition: desilting of Buckingham Canal - Ennore stretch near Ennore,TLK14,Ennore,13.162923,80.300910,PWD-OFF-015,2026-05-06T14:06:56+05:30,2026-05-21,2026-05-06T16:56:31+05:30,2026-05-09T09:59:53+05:30,"blockage cleared, flow ok",uploads/pwd/PWD-TSK-17082.jpg,2026-06-05T11:12:20+05:30,"photo ok, closed",verified
PWD-TSK-17083,,PWD-INC-051244,Remove encroachment on Veerangal Odai at Velachery,TLK16,Velachery,12.978611,80.221445,PWD-OFF-016,2026-05-06T14:25:54+05:30,2026-06-25,2026-06-08T12:56:54+05:30,2026-06-16T10:17:02+05:30,done. photo attached.,uploads/pwd/PWD-TSK-17083.jpg,2026-07-02T10:07:27+05:30,"site inspected, satisfactory",verified
PWD-TSK-17102,,PWD-INC-051306,"Remove collapsed wall debris near 2nd Main Rd, Ennore",TLK14,Ennore,13.162338,80.299773,PWD-OFF-015,2026-05-06T15:02:00+05:30,2026-05-15,2026-05-06T17:26:29+05:30,2026-05-10T11:01:30+05:30,"debris cleared, barricade put",uploads/pwd/PWD-TSK-17102.jpg,2026-06-04T12:07:46+05:30,"site inspected, satisfactory",verified
PWD-TSK-17141,,PWD-INC-051426,Clear waterlogging at Okkiyam Thoraipakkam (Kannadasan St),TLK13,Okkiyam Thoraipakkam,12.907867,80.222708,PWD-OFF-019,2026-05-07T15:07:36+05:30,2026-05-08,2026-05-07T20:30:54+05:30,2026-06-04T14:38:35+05:30,work completed (JE),uploads/pwd/PWD-TSK-17141.jpg,2026-06-08T11:29:08+05:30,ok,verified
PWD-TSK-17142,,PWD-INC-051429,Plug breach in Adyar River Bund - Kotturpuram,TLK10,Kotturpuram,13.028964,80.265619,PWD-OFF-015,2026-05-07T18:22:15+05:30,2026-05-08,2026-05-07T19:43:26+05:30,2026-05-10T10:23:40+05:30,"closed with sandbags, jcb used",uploads/pwd/PWD-TSK-17142.jpg,2026-05-25T11:17:21+05:30,ok,verified
PWD-TSK-17143,,PWD-INC-051428,"Pump out stagnant water - Sathya Nagar 2nd St, Nanganallur",TLK01,Nanganallur,12.993375,80.196897,PWD-OFF-012,2026-05-07T18:33:22+05:30,2026-05-08,2026-05-08T14:06:26+05:30,2026-05-10T09:27:31+05:30,stagnation cleared by evening - photo uploaded,uploads/pwd/PWD-TSK-17143.jpg,2026-06-22T12:28:37+05:30,verified. good work,verified
PWD-TSK-17144,,PWD-INC-051431,Repair shutter of Ennore Creek Regulator,TLK14,Ennore,13.160556,80.301844,PWD-OFF-014,2026-05-08T13:00:14+05:30,2026-05-27,2026-05-11T10:23:36+05:30,2026-05-25T10:36:39+05:30,wrk completed pls verify,uploads/pwd/PWD-TSK-17144.jpg,2026-06-09T16:43:51+05:30,"verified, ok",verified
PWD-TSK-17122,GRV-20260505-66143,,Petition: desilting of Otteri Nullah - Perambur stretch near Perambur,TLK11,Perambur,13.116579,80.234954,PWD-OFF-018,2026-05-08T17:04:49+05:30,2026-05-24,2026-05-11T12:55:16+05:30,2026-05-29T10:07:52+05:30,"rework done, debris cleared fully",uploads/pwd/PWD-TSK-17122.jpg,2026-06-01T11:57:02+05:30,"re-inspected, satisfactory now",verified
PWD-TSK-17145,,PWD-INC-051424,"Structural inspection & repair - Collectorate Building, Rajaji Salai",TLK15,George Town,13.118319,80.289944,PWD-OFF-010,2026-05-11T10:12:19+05:30,2026-07-04,2026-05-12T12:27:05+05:30,2026-05-17T12:28:34+05:30,"crack sealed, plastering done - AE",uploads/pwd/PWD-TSK-17145.jpg,2026-05-28T10:48:49+05:30,"photo ok, closed",verified
PWD-TSK-17181,GRV-20260509-82640,,Petition: strengthen weak bund of Chetpet Lake,TLK05,Chetpet,13.079791,80.261278,PWD-OFF-013,2026-05-11T10:15:08+05:30,2026-07-09,2026-06-09T10:14:07+05:30,2026-06-13T11:44:41+05:30,seepage point attended,uploads/pwd/PWD-TSK-17181.jpg,2026-07-23T11:25:28+05:30,"checked, work ok",verified
PWD-TSK-17161,,PWD-INC-051487,Desilt / clear blockage in Valasaravakkam Macro Drain near Valasaravakkam,TLK08,Valasaravakkam,13.065962,80.165737,PWD-OFF-013,2026-05-11T10:17:00+05:30,2026-05-29,2026-05-15T10:17:17+05:30,2026-05-18T16:08:50+05:30,silt removed 3 loads.,uploads/pwd/PWD-TSK-17161.jpg,2026-06-19T14:45:35+05:30,"site inspected, satisfactory",verified
PWD-TSK-17201,,PWD-INC-051604,Sandbag bank of Tondiarpet Macro Drain near Tondiarpet,TLK15,Tondiarpet,13.123679,80.290131,PWD-OFF-018,2026-05-11T10:19:50+05:30,2026-05-13,2026-05-11T17:38:54+05:30,2026-05-14T11:13:54+05:30,sandbagging done approx 60m (JE),uploads/pwd/PWD-TSK-17201.jpg,2026-05-18T12:10:12+05:30,"site inspected, satisfactory",verified
PWD-TSK-17202,,PWD-INC-051601,"Remove collapsed wall debris near Kalaignar Nagar, Periamet",TLK05,Periamet,13.081341,80.271142,PWD-OFF-006,2026-05-11T10:29:29+05:30,2026-05-26,2026-05-13T12:41:07+05:30,2026-05-18T09:10:41+05:30,wall rebuilt approx 12m,uploads/pwd/PWD-TSK-17202.jpg,2026-05-20T15:36:43+05:30,verified by DRO,verified
PWD-TSK-17162,,PWD-INC-051489,Remove encroachment on Otteri Nullah - Kilpauk stretch at Kilpauk,TLK12,Kilpauk,13.095679,80.257405,PWD-OFF-020,2026-05-11T11:17:24+05:30,2026-06-27,2026-05-18T10:53:02+05:30,2026-06-16T09:54:07+05:30,balance work completed,uploads/pwd/PWD-TSK-17162.jpg,2026-06-18T12:14:52+05:30,"ok now, closed",verified
PWD-TSK-17163,,PWD-INC-051491,Desilt / clear blockage in Veerangal Odai near Velachery,TLK16,Velachery,12.980104,80.224898,PWD-OFF-016,2026-05-11T11:48:52+05:30,2026-05-22,2026-05-12T13:55:46+05:30,2026-07-13T09:14:29+05:30,balance work completed,uploads/pwd/PWD-TSK-17163.jpg,2026-07-17T11:29:57+05:30,"ok now, closed",verified
PWD-TSK-17146,,PWD-INC-051427,Remove encroachment on Otteri Nullah - Ayanavaram stretch at Ayanavaram,TLK04,Ayanavaram,13.096901,80.237936,PWD-OFF-016,2026-05-11T12:05:12+05:30,2026-07-09,2026-05-15T11:44:48+05:30,2026-07-03T09:58:34+05:30,"huts removed, revenue dept present",uploads/pwd/PWD-TSK-17146.jpg,2026-07-13T11:36:09+05:30,"site inspected, satisfactory",verified
PWD-TSK-17221,,PWD-INC-051662,Clear debris & rebuild wall - Chetpet,TLK05,Chetpet,13.079853,80.262852,PWD-OFF-013,2026-05-11T12:10:25+05:30,2026-05-30,2026-05-11T17:15:47+05:30,2026-06-18T10:01:23+05:30,"debris removed, estimate for new wall sent pls verify",uploads/pwd/PWD-TSK-17221.jpg,2026-06-19T12:27:39+05:30,verified by DRO,verified
PWD-TSK-17164,,PWD-INC-051481,Repair shutter of Korattur Lake Sluice,TLK02,Korattur,13.103429,80.158406,PWD-OFF-014,2026-05-11T13:57:45+05:30,2026-06-01,2026-06-15T11:10:34+05:30,2026-06-29T09:16:05+05:30,shutter repaired & greased - AE,uploads/pwd/PWD-TSK-17164.jpg,2026-07-10T10:35:54+05:30,"photo ok, closed",verified
PWD-TSK-17182,,PWD-INC-051545,Structural inspection & repair - Rajiv Gandhi Govt General Hospital - Tower Block,TLK05,Periamet,13.082782,80.268588,PWD-OFF-006,2026-05-12T12:36:30+05:30,2026-06-19,2026-06-17T11:42:41+05:30,2026-06-29T09:20:07+05:30,"temp props given, estimate sent for major repair",uploads/pwd/PWD-TSK-17182.jpg,2026-08-03T13:14:10+05:30,"site inspected, satisfactory",verified
PWD-TSK-17241,,PWD-INC-051723,Survey & evict encroachment - Kathivakkam Macro Drain,TLK14,Kathivakkam,13.163130,80.304530,PWD-OFF-014,2026-05-13T09:33:58+05:30,2026-06-30,2026-05-14T12:49:54+05:30,2026-05-24T10:57:04+05:30,"huts removed, revenue dept present.",uploads/pwd/PWD-TSK-17241.jpg,2026-06-29T11:12:00+05:30,satisfactory,verified
PWD-TSK-17242,,PWD-INC-051725,Remove encroachment on Retteri Lake at Retteri,TLK07,Retteri,13.151670,80.229545,PWD-OFF-018,2026-05-13T11:14:27+05:30,2026-07-12,2026-05-18T10:44:17+05:30,2026-06-13T12:40:30+05:30,notice served & removed,uploads/pwd/PWD-TSK-17242.jpg,2026-06-19T11:09:30+05:30,verified. good work,verified
PWD-TSK-17222,,PWD-INC-051667,"Structural inspection & repair - Govt Girls Hr Sec School, Ambattur",TLK02,Ambattur,13.113708,80.153011,PWD-OFF-007,2026-05-13T11:46:46+05:30,2026-07-06,2026-06-15T12:11:29+05:30,,,,,,in_progress
PWD-TSK-17261,,PWD-INC-051786,Survey & evict encroachment - Guindy Industrial Estate Storm Water Channel,TLK06,Guindy Industrial Estate,13.010808,80.208853,PWD-OFF-017,2026-05-14T10:16:50+05:30,2026-06-30,2026-05-18T11:58:28+05:30,2026-06-21T08:01:31+05:30,balance work completed,uploads/pwd/PWD-TSK-17261.jpg,2026-06-29T12:08:46+05:30,"rework verified, ok",verified
PWD-TSK-17243,,PWD-INC-051728,Attend roof leak / cracks - Ezhilagam Govt Office Complex,TLK10,Triplicane,13.028642,80.268475,PWD-OFF-004,2026-05-14T10:55:07+05:30,2026-07-04,2026-05-29T12:36:03+05:30,2026-09-14T16:37:03+05:30,roof waterproofing done,uploads/pwd/PWD-TSK-17243.jpg,2026-09-25T16:07:22+05:30,satisfactory,verified
PWD-TSK-17262,,PWD-INC-051787,Survey & evict encroachment - Adyar River - Estuary stretch,TLK10,Santhome,13.035389,80.276964,PWD-OFF-020,2026-05-14T11:31:56+05:30,2026-06-23,2026-05-25T13:27:04+05:30,2026-06-02T11:32:42+05:30,encroachment removed with police help pls verify,uploads/pwd/PWD-TSK-17262.jpg,2026-06-04T12:10:52+05:30,ok,verified
PWD-TSK-17263,,PWD-INC-051784,Survey & evict encroachment - Porur Lake,TLK08,Porur,13.055862,80.172246,PWD-OFF-013,2026-05-14T15:45:32+05:30,2026-06-19,2026-05-29T13:25:28+05:30,2026-06-01T08:25:44+05:30,completed as per instructions,uploads/pwd/PWD-TSK-17263.jpg,2026-06-29T11:05:32+05:30,verified. good work,verified
PWD-TSK-17244,,PWD-INC-051724,Structural inspection & repair - Govt Stanley Hospital - OP Block,TLK15,Old Washermanpet,13.126385,80.292885,PWD-OFF-010,2026-05-15T10:03:49+05:30,2026-06-18,2026-05-18T10:22:04+05:30,2026-06-04T11:20:04+05:30,roof waterproofing done - photo uploaded,uploads/pwd/PWD-TSK-17244.jpg,2026-06-12T13:10:01+05:30,"field verified by RDO, fine",verified
PWD-TSK-17281,,PWD-INC-051843,Remove encroachment on Nolambur Lake at Nolambur,TLK08,Nolambur,13.067173,80.165548,PWD-OFF-013,2026-05-15T11:04:21+05:30,2026-06-17,2026-05-19T12:37:20+05:30,2026-06-03T10:33:23+05:30,"huts removed, revenue dept present",uploads/pwd/PWD-TSK-17281.jpg,2026-06-18T17:26:11+05:30,"checked, work ok",verified
PWD-TSK-17264,,PWD-INC-051792,"Structural inspection & repair - Govt Hr Sec School, Ashok Nagar",TLK09,Ashok Nagar,13.031547,80.225746,PWD-OFF-004,2026-05-15T11:37:30+05:30,2026-06-27,2026-06-23T12:40:14+05:30,2026-07-15T08:52:03+05:30,weathering course redone,uploads/pwd/PWD-TSK-17264.jpg,2026-07-20T10:53:22+05:30,"checked, work ok",verified
PWD-TSK-17321,,PWD-INC-051967,Clear debris & rebuild wall - Kilpauk,TLK12,Kilpauk,13.095929,80.255086,PWD-OFF-007,2026-05-16T13:52:56+05:30,2026-05-25,2026-05-18T10:04:12+05:30,2026-06-24T11:49:56+05:30,"debris cleared, barricade put - AE",uploads/pwd/PWD-TSK-17321.jpg,2026-06-29T11:09:03+05:30,satisfactory,verified
PWD-TSK-17301,,PWD-INC-051902,Remove encroachment on Cooum River - Chetpet stretch at Chetpet,TLK05,Chetpet,13.080959,80.263048,PWD-OFF-020,2026-05-18T10:01:10+05:30,2026-07-01,2026-06-22T13:45:04+05:30,2026-08-02T10:20:21+05:30,"fencing removed, boundary stones fixed (JE)",uploads/pwd/PWD-TSK-17301.jpg,2026-08-17T11:32:10+05:30,"verified, ok",verified
PWD-TSK-17302,GRV-20260515-58418,,Grievance - illegal construction in Cooum River - Nerkundram stretch,TLK08,Nerkundram,13.064578,80.169634,PWD-OFF-020,2026-05-18T10:02:19+05:30,2026-06-17,2026-05-19T12:38:42+05:30,2026-05-22T17:47:56+05:30,"huts removed, revenue dept present - AE",uploads/pwd/PWD-TSK-17302.jpg,2026-06-03T10:42:01+05:30,ok,verified
PWD-TSK-17282,GRV-20260511-85085,,Petition: desilting of Virugambakkam-Arumbakkam Canal near Virugambakkam,TLK08,Virugambakkam,13.066050,80.174847,PWD-OFF-013,2026-05-18T10:02:32+05:30,2026-05-26,2026-05-19T17:41:32+05:30,2026-06-11T08:10:03+05:30,redone as per Collr remarks,uploads/pwd/PWD-TSK-17282.jpg,2026-06-16T10:02:29+05:30,"rework verified, ok",verified
PWD-TSK-17303,,PWD-INC-051903,"Structural inspection & repair - Institute of Child Health, Egmore",TLK05,Egmore,13.078081,80.258101,PWD-OFF-006,2026-05-18T10:08:05+05:30,2026-07-09,2026-05-22T11:09:00+05:30,2026-08-06T11:14:12+05:30,completed as per instructions,uploads/pwd/PWD-TSK-17303.jpg,2026-08-14T12:23:32+05:30,"photo ok, closed",verified
PWD-TSK-17304,GRV-20260515-71120,,"Grievance - unsafe building condition, Govt Royapettah Hospital",TLK10,Royapettah,13.030713,80.266035,PWD-OFF-006,2026-05-18T10:14:48+05:30,2026-06-21,2026-06-29T11:48:32+05:30,2026-07-21T09:21:13+05:30,"temp props given, estimate sent for major repair",uploads/pwd/PWD-TSK-17304.jpg,2026-08-20T17:57:44+05:30,"photo ok, closed",verified
PWD-TSK-17283,,PWD-INC-051856,"Structural inspection & repair - Collectorate Building, Rajaji Salai",TLK15,George Town,13.120363,80.287395,PWD-OFF-010,2026-05-18T10:21:43+05:30,2026-07-08,2026-05-19T10:47:30+05:30,2026-06-19T12:06:33+05:30,redone as per Collr remarks,uploads/pwd/PWD-TSK-17283.jpg,2026-06-29T12:51:48+05:30,"rework verified, ok",verified
PWD-TSK-17284,,PWD-INC-051842,Remove encroachment on Guindy Industrial Estate Storm Water Channel at Guindy Industrial Estate,TLK06,Guindy Industrial Estate,13.010237,80.209779,PWD-OFF-012,2026-05-18T10:22:34+05:30,2026-07-15,2026-06-01T10:52:38+05:30,2026-06-05T10:41:34+05:30,"fencing removed, boundary stones fixed.",uploads/pwd/PWD-TSK-17284.jpg,2026-07-15T13:07:59+05:30,"photo ok, closed",verified
PWD-TSK-17305,GRV-20260515-97400,,Grievance - illegal construction in Captain Cotton Canal - Vyasarpadi stretch,TLK11,Vyasarpadi,13.116903,80.236764,PWD-OFF-020,2026-05-18T11:03:55+05:30,2026-07-03,2026-05-19T10:48:23+05:30,2026-05-28T18:59:50+05:30,encroachment removed with police help,uploads/pwd/PWD-TSK-17305.jpg,2026-06-29T14:58:37+05:30,ok,verified
PWD-TSK-17285,,PWD-INC-051857,Attend sluice gate defect - Adambakkam Lake Sluice,TLK01,Adambakkam,12.994389,80.198466,PWD-OFF-012,2026-05-18T11:48:58+05:30,2026-06-04,2026-06-02T14:08:18+05:30,2026-06-15T08:54:59+05:30,shutter repaired & greased - photo uploaded,uploads/pwd/PWD-TSK-17285.jpg,2026-06-23T16:15:16+05:30,verified by DRO,verified
PWD-TSK-17306,,PWD-INC-051901,Clear choked Buckingham Canal - Basin Bridge stretch at Kamarajar St,TLK12,Pulianthope,13.083966,80.255557,PWD-OFF-015,2026-05-18T12:44:47+05:30,2026-05-28,2026-06-14T15:13:13+05:30,2026-06-22T09:42:46+05:30,"desilting done, debris cleared pls verify",uploads/pwd/PWD-TSK-17306.jpg,2026-06-25T11:51:20+05:30,ok,verified
PWD-TSK-17286,,PWD-INC-051851,Survey & evict encroachment - Kolathur Lake,TLK04,Kolathur,13.099129,80.228975,PWD-OFF-018,2026-05-18T14:35:46+05:30,2026-07-14,2026-06-29T12:09:13+05:30,2026-07-04T09:02:16+05:30,"fencing removed, boundary stones fixed (JE)",uploads/pwd/PWD-TSK-17286.jpg,2026-07-06T11:33:43+05:30,"checked, work ok",verified
PWD-TSK-17381,,PWD-INC-052143,Clear debris & rebuild wall - Little Mount,TLK06,Little Mount,13.016272,80.217561,PWD-OFF-017,2026-05-19T09:37:27+05:30,2026-06-04,2026-05-21T15:19:57+05:30,2026-05-24T09:36:01+05:30,"debris removed, estimate for new wall sent pls verify",uploads/pwd/PWD-TSK-17381.jpg,2026-06-29T12:34:52+05:30,"photo ok, closed",verified
PWD-TSK-17322,,PWD-INC-051971,Repair shutter of Ambattur Lake Sluice,TLK02,Ambattur,13.112781,80.155681,PWD-OFF-014,2026-05-19T10:29:31+05:30,2026-06-11,2026-05-19T14:34:49+05:30,2026-05-26T09:41:50+05:30,rubber seal changed,uploads/pwd/PWD-TSK-17322.jpg,2026-06-04T10:49:41+05:30,"photo ok, closed",verified
PWD-TSK-17361,,PWD-INC-052090,Deploy pumpset & drain water - Tondiarpet,TLK15,Tondiarpet,13.124710,80.289154,PWD-OFF-015,2026-05-19T10:35:48+05:30,2026-05-22,2026-05-19T13:43:56+05:30,2026-05-21T16:06:54+05:30,cleared. monitoring,uploads/pwd/PWD-TSK-17361.jpg,2026-06-24T10:33:22+05:30,"checked, work ok",verified
PWD-TSK-17341,,PWD-INC-052023,"Structural inspection & repair - Govt Polytechnic College, Taramani",TLK16,Taramani,12.983368,80.215378,PWD-OFF-007,2026-05-19T10:51:12+05:30,2026-06-20,2026-05-28T10:01:49+05:30,2026-06-01T10:48:54+05:30,work completed,uploads/pwd/PWD-TSK-17341.jpg,2026-06-05T16:51:22+05:30,"verified, ok",verified
PWD-TSK-17382,,PWD-INC-052144,Monitor surplus course of Perungudi Lake & clear obstructions,TLK13,Perungudi,12.906632,80.230426,PWD-OFF-015,2026-05-19T12:46:27+05:30,2026-05-24,2026-05-19T21:17:27+05:30,2026-06-13T10:29:35+05:30,"monitoring, no damage pls verify",uploads/pwd/PWD-TSK-17382.jpg,2026-07-13T11:48:04+05:30,verified by DRO,verified
PWD-TSK-17383,,PWD-INC-052158,"Pump out stagnant water - Ambedkar St, Madhavaram",TLK07,Madhavaram,13.144774,80.233692,PWD-OFF-016,2026-05-19T12:47:43+05:30,2026-05-20,2026-05-21T14:29:58+05:30,2026-05-23T08:14:24+05:30,cleared. monitoring - AE,uploads/pwd/PWD-TSK-17383.jpg,2026-05-28T13:59:20+05:30,verified. good work,verified
PWD-TSK-17384,,PWD-INC-052155,"Pump out stagnant water - North St, Valasaravakkam",TLK08,Valasaravakkam,13.064103,80.166508,PWD-OFF-019,2026-05-19T13:58:00+05:30,2026-05-20,2026-05-21T14:55:46+05:30,2026-05-23T09:42:32+05:30,"water receded, inlet cleaned",uploads/pwd/PWD-TSK-17384.jpg,2026-05-29T15:37:08+05:30,"checked, work ok",verified
PWD-TSK-17385,,PWD-INC-052166,Plug breach in Adyar River Bund - Jafferkhanpet,TLK06,Jafferkhanpet,13.008758,80.221923,PWD-OFF-012,2026-05-19T14:04:15+05:30,2026-05-22,2026-05-19T15:21:50+05:30,2026-07-22T17:38:19+05:30,redone as per Collr remarks,uploads/pwd/PWD-TSK-17385.jpg,2026-07-30T15:16:06+05:30,"re-inspected, satisfactory now",verified
PWD-TSK-17386,,PWD-INC-052168,Sandbag bank of Virugambakkam-Arumbakkam Canal near Virugambakkam,TLK08,Virugambakkam,13.064577,80.174867,PWD-OFF-019,2026-05-19T14:48:26+05:30,2026-05-23,2026-05-19T16:34:51+05:30,2026-06-08T08:40:23+05:30,balance work completed,uploads/pwd/PWD-TSK-17386.jpg,2026-06-16T10:15:20+05:30,"ok now, closed",verified
PWD-TSK-17387,,PWD-INC-052161,Attend roof leak / cracks - Rajiv Gandhi Govt General Hospital - Tower Block,TLK05,Periamet,13.083680,80.269365,PWD-OFF-006,2026-05-19T16:07:53+05:30,2026-07-07,2026-05-22T15:54:45+05:30,2026-05-26T11:44:53+05:30,"temp props given, estimate sent for major repair.",uploads/pwd/PWD-TSK-17387.jpg,2026-06-01T10:16:34+05:30,ok,verified
PWD-TSK-17388,,PWD-INC-052167,Clear waterlogging at Nanganallur (Mosque St),TLK01,Nanganallur,12.994468,80.198561,PWD-OFF-016,2026-05-19T16:14:17+05:30,2026-05-21,2026-05-19T18:28:55+05:30,2026-06-26T10:20:00+05:30,"drained, silt removed at inlet pls verify",uploads/pwd/PWD-TSK-17388.jpg,2026-08-03T10:52:40+05:30,satisfactory,verified
PWD-TSK-17389,,PWD-INC-052163,Inspect & control overflow in Buckingham Canal - Mandaveli stretch at Mandaveli,TLK10,Mandaveli,13.034792,80.261450,PWD-OFF-012,2026-05-19T16:59:08+05:30,2026-05-21,2026-05-20T11:51:18+05:30,2026-05-23T10:30:46+05:30,overflow controlled,uploads/pwd/PWD-TSK-17389.jpg,2026-07-02T10:16:14+05:30,"field verified by RDO, fine",verified
PWD-TSK-17390,,PWD-INC-052184,Clear waterlogging at Pallikaranai (MGR St),TLK13,Pallikaranai,12.904462,80.226512,PWD-OFF-012,2026-05-19T21:48:12+05:30,2026-05-20,2026-05-20T02:26:22+05:30,2026-05-22T10:11:11+05:30,"water pumped out, road clear.",uploads/pwd/PWD-TSK-17390.jpg,2026-05-25T11:59:51+05:30,"field verified by RDO, fine",verified
PWD-TSK-17391,,PWD-INC-052180,Desilt / clear blockage in Guindy Industrial Estate Storm Water Channel near Guindy Industrial Estate,TLK06,Guindy Industrial Estate,13.008909,80.207088,PWD-OFF-017,2026-05-20T10:20:50+05:30,2026-05-30,2026-05-21T14:47:19+05:30,2026-06-24T08:26:57+05:30,silt removed 3 loads - AE,uploads/pwd/PWD-TSK-17391.jpg,2026-07-06T10:04:47+05:30,"photo ok, closed",verified
PWD-TSK-17392,GRV-20260519-07535,,Petition: repair leaking roof / cracks at Rajiv Gandhi Govt General Hospital - Tower Block,TLK05,Periamet,13.078747,80.269823,PWD-OFF-006,2026-05-20T10:41:36+05:30,2026-07-13,2026-05-20T17:34:31+05:30,2026-05-31T11:52:17+05:30,"temp props given, estimate sent for major repair",uploads/pwd/PWD-TSK-17392.jpg,2026-06-15T17:06:23+05:30,ok,verified
PWD-TSK-17362,,PWD-INC-052083,"Structural inspection & repair - Collectorate Building, Rajaji Salai",TLK15,George Town,13.118372,80.286818,PWD-OFF-003,2026-05-20T11:43:29+05:30,2026-06-29,2026-05-29T10:36:12+05:30,2026-07-01T11:36:23+05:30,weathering course redone - AE,uploads/pwd/PWD-TSK-17362.jpg,2026-07-06T10:40:13+05:30,"site inspected, satisfactory",verified
PWD-TSK-17393,,PWD-INC-052185,Inspect & control overflow in Captain Cotton Canal - Vyasarpadi stretch at Vyasarpadi,TLK11,Vyasarpadi,13.114941,80.240692,PWD-OFF-019,2026-05-20T13:24:38+05:30,2026-05-22,2026-05-20T16:09:20+05:30,2026-07-14T11:53:18+05:30,redone as per Collr remarks,uploads/pwd/PWD-TSK-17393.jpg,2026-07-21T10:39:23+05:30,"ok now, closed",verified
PWD-TSK-17394,,PWD-INC-052172,Inspect & control overflow in Adyar River - Nandambakkam stretch at Nandambakkam,TLK01,Nandambakkam,12.994865,80.204667,PWD-OFF-016,2026-05-20T13:28:10+05:30,2026-05-24,2026-05-20T18:38:07+05:30,2026-05-23T09:32:40+05:30,bank raised with sand bags - AE,uploads/pwd/PWD-TSK-17394.jpg,2026-06-08T11:29:24+05:30,verified by DRO,verified
PWD-TSK-17395,,PWD-INC-052160,Desilt / clear blockage in Valasaravakkam Macro Drain near Valasaravakkam,TLK08,Valasaravakkam,13.064880,80.165801,PWD-OFF-013,2026-05-20T17:46:14+05:30,2026-06-09,2026-06-23T12:47:51+05:30,2026-06-26T11:45:04+05:30,"desilting done, debris cleared pls verify",uploads/pwd/PWD-TSK-17395.jpg,2026-06-29T11:00:34+05:30,verified by DRO,verified
PWD-TSK-17421,,PWD-INC-052261,Clear waterlogging at Villivakkam (Tank St),TLK04,Villivakkam,13.092970,80.237065,PWD-OFF-015,2026-05-21T10:26:25+05:30,2026-05-22,2026-05-21T15:32:27+05:30,2026-05-24T12:43:24+05:30,"2 pumpsets deployed, water drained",uploads/pwd/PWD-TSK-17421.jpg,2026-06-08T11:02:56+05:30,verified. good work,verified
PWD-TSK-17401,,PWD-INC-052209,Structural inspection & repair - King Institute of Preventive Medicine,TLK06,Guindy,13.005040,80.213676,PWD-OFF-006,2026-05-21T15:22:55+05:30,2026-07-05,2026-05-22T10:02:31+05:30,2026-06-03T11:55:05+05:30,"temp props given, estimate sent for major repair.",uploads/pwd/PWD-TSK-17401.jpg,2026-06-12T11:46:40+05:30,"site inspected, satisfactory",verified
PWD-TSK-17402,,PWD-INC-052212,Survey & evict encroachment - Cooum River - Koyambedu stretch,TLK08,Koyambedu,13.063897,80.175558,PWD-OFF-013,2026-05-21T17:44:14+05:30,2026-07-15,2026-06-25T12:35:14+05:30,2026-07-05T08:05:21+05:30,"huts removed, revenue dept present (JE)",uploads/pwd/PWD-TSK-17402.jpg,2026-07-13T10:20:28+05:30,verified. good work,verified
PWD-TSK-17403,,PWD-INC-052207,"Attend roof leak / cracks - Govt Polytechnic College, Taramani",TLK16,Taramani,12.982882,80.214031,PWD-OFF-008,2026-05-22T11:50:29+05:30,2026-07-14,2026-06-15T10:31:27+05:30,2026-06-22T11:20:02+05:30,"crack sealed, plastering done.",uploads/pwd/PWD-TSK-17403.jpg,2026-07-06T10:34:26+05:30,satisfactory,verified
PWD-TSK-17404,GRV-20260520-14158,,"Grievance - unsafe building condition, Ezhilagam Govt Office Complex",TLK10,Triplicane,13.030538,80.271491,PWD-OFF-004,2026-05-22T11:54:39+05:30,2026-07-13,2026-06-18T10:33:17+05:30,2026-07-25T12:22:47+05:30,"temp props given, estimate sent for major repair (JE)",uploads/pwd/PWD-TSK-17404.jpg,2026-08-03T10:02:48+05:30,verified. good work,verified
PWD-TSK-17422,,PWD-INC-052264,Repair parapet/deck of Okkiyam Madavu Bridge,TLK13,Okkiyam Thoraipakkam,12.907565,80.223227,PWD-OFF-012,2026-05-22T12:11:17+05:30,2026-07-04,2026-06-23T10:18:45+05:30,2026-09-18T10:43:27+05:30,erosion protection w/ boulders done.,uploads/pwd/PWD-TSK-17422.jpg,2026-09-22T15:32:41+05:30,"photo ok, closed",verified
PWD-TSK-17405,,PWD-INC-052210,Clear choked Pallikaranai Marsh Outlet Drain at Indira Nagar 3rd Ave,TLK13,Pallikaranai,12.903148,80.226773,PWD-OFF-012,2026-05-22T12:25:18+05:30,2026-06-11,2026-05-25T11:46:53+05:30,2026-06-18T11:57:55+05:30,"blockage cleared, flow ok",uploads/pwd/PWD-TSK-17405.jpg,2026-06-22T11:14:34+05:30,verified. good work,verified
PWD-TSK-17406,,PWD-INC-052206,Clear choked Virugambakkam-Arumbakkam Canal at Kamarajar St,TLK08,Virugambakkam,13.064214,80.174415,PWD-OFF-013,2026-05-22T13:25:33+05:30,2026-06-07,2026-06-08T10:57:17+05:30,2026-06-28T10:35:58+05:30,"rework done, debris cleared fully",uploads/pwd/PWD-TSK-17406.jpg,2026-07-03T13:23:39+05:30,"re-inspected, satisfactory now",verified
PWD-TSK-17461,,PWD-INC-052383,Structural inspection & repair - Rajiv Gandhi Govt General Hospital - Tower Block,TLK05,Periamet,13.081655,80.269282,PWD-OFF-006,2026-05-23T14:55:12+05:30,2026-07-07,2026-05-25T11:18:54+05:30,2026-07-11T10:56:06+05:30,"reattended, photo re-uploaded",uploads/pwd/PWD-TSK-17461.jpg,2026-07-20T10:09:39+05:30,"rework verified, ok",verified
PWD-TSK-17481,,PWD-INC-052452,"Emergency closure of breach - Chetpet Lake, Chetpet",TLK05,Chetpet,13.083180,80.261762,PWD-OFF-013,2026-05-24T20:46:50+05:30,2026-05-25,2026-05-28T10:30:06+05:30,2026-06-21T12:33:58+05:30,"rework done, debris cleared fully",uploads/pwd/PWD-TSK-17481.jpg,2026-06-25T10:48:04+05:30,"re-inspected, satisfactory now",verified
PWD-TSK-17482,,PWD-INC-052449,Plug breach in Mogappair Eri,TLK02,Mogappair,13.114302,80.155136,PWD-OFF-019,2026-05-25T10:11:30+05:30,2026-05-27,2026-05-25T10:35:07+05:30,2026-05-28T11:15:09+05:30,"breach closed, watch posted - AE",uploads/pwd/PWD-TSK-17482.jpg,2026-06-16T10:47:59+05:30,ok,verified
PWD-TSK-17423,,PWD-INC-052271,Attend roof leak / cracks - Govt Royapettah Hospital,TLK10,Royapettah,13.033342,80.264923,PWD-OFF-006,2026-05-25T10:13:31+05:30,2026-07-14,2026-05-26T10:21:31+05:30,2026-06-05T10:18:17+05:30,"crack sealed, plastering done - photo uploaded",uploads/pwd/PWD-TSK-17423.jpg,2026-06-08T10:32:00+05:30,ok,verified
PWD-TSK-17462,GRV-20260522-42186,,"Grievance - silt & garbage in Kathivakkam Macro Drain, Kathivakkam",TLK14,Kathivakkam,13.161378,80.303944,PWD-OFF-015,2026-05-25T10:20:53+05:30,2026-06-09,2026-05-26T16:39:16+05:30,2026-05-28T11:52:39+05:30,"desilting done, debris cleared",uploads/pwd/PWD-TSK-17462.jpg,2026-06-01T13:48:48+05:30,verified by DRO,verified
PWD-TSK-17441,,PWD-INC-052324,Survey & evict encroachment - Anna Nagar Macro Drain,TLK03,Anna Nagar,13.069492,80.221965,PWD-OFF-020,2026-05-25T10:44:55+05:30,2026-07-22,2026-05-25T15:55:49+05:30,2026-06-06T10:38:41+05:30,"huts removed, revenue dept present - photo uploaded",uploads/pwd/PWD-TSK-17441.jpg,2026-06-15T11:14:51+05:30,ok,verified
PWD-TSK-17463,,PWD-INC-052385,Clear debris & rebuild wall - Korukkupet,TLK15,Korukkupet,13.130536,80.283978,PWD-OFF-015,2026-05-25T10:49:47+05:30,2026-06-05,2026-05-25T12:20:25+05:30,2026-06-02T12:57:13+05:30,wall rebuilt approx 12m (JE),uploads/pwd/PWD-TSK-17463.jpg,2026-07-01T13:28:29+05:30,"site inspected, satisfactory",verified
PWD-TSK-17483,,PWD-INC-052460,"Pump out stagnant water - Thiruvalluvar St, Pudupet",TLK05,Pudupet,13.079326,80.266922,PWD-OFF-019,2026-05-25T11:00:54+05:30,2026-05-26,2026-05-25T16:23:48+05:30,2026-05-28T10:18:31+05:30,work completed - AE,uploads/pwd/PWD-TSK-17483.jpg,2026-07-01T11:40:33+05:30,satisfactory,verified
PWD-TSK-17484,,PWD-INC-052457,Clear waterlogging at Vepery (Bazaar St),TLK05,Vepery,13.077457,80.255354,PWD-OFF-019,2026-05-25T12:43:31+05:30,2026-05-27,2026-05-26T21:55:19+05:30,2026-05-28T08:33:52+05:30,stagnation cleared by evening - photo uploaded,uploads/pwd/PWD-TSK-17484.jpg,2026-06-09T11:41:58+05:30,"photo ok, closed",verified
PWD-TSK-17485,,PWD-INC-052441,"Pump out stagnant water - Market Rd, Anna Nagar",TLK03,Anna Nagar,13.070473,80.221838,PWD-OFF-013,2026-05-25T12:59:08+05:30,2026-05-28,2026-05-25T14:52:32+05:30,2026-06-17T16:53:02+05:30,balance work completed,uploads/pwd/PWD-TSK-17485.jpg,2026-06-22T12:29:12+05:30,"rework verified, ok",verified
PWD-TSK-17424,GRV-20260520-95693,,"Petition: remove encroachment on Kosasthalaiyar River - Manali stretch, Manali",TLK14,Manali,13.158781,80.306008,PWD-OFF-020,2026-05-25T14:16:23+05:30,2026-06-28,2026-05-26T12:45:36+05:30,2026-06-15T09:37:50+05:30,encroachment removed with police help pls verify,uploads/pwd/PWD-TSK-17424.jpg,2026-06-22T10:07:36+05:30,"field verified by RDO, fine",verified
PWD-TSK-17501,,PWD-INC-052506,Inspect damage to Okkiyam Madavu Bridge,TLK13,Okkiyam Thoraipakkam,12.905417,80.224292,PWD-OFF-015,2026-05-26T10:13:02+05:30,2026-06-25,2026-05-28T11:30:17+05:30,2026-07-24T10:38:19+05:30,"reattended, photo re-uploaded",uploads/pwd/PWD-TSK-17501.jpg,2026-07-30T16:08:20+05:30,"re-inspected, satisfactory now",verified
PWD-TSK-17502,,PWD-INC-052502,Desilt / clear blockage in Otteri Nullah - Ayanavaram stretch near Ayanavaram,TLK04,Ayanavaram,13.098798,80.236162,PWD-OFF-018,2026-05-28T10:11:26+05:30,2026-06-18,2026-05-28T12:15:58+05:30,2026-06-04T09:31:47+05:30,silt removed 3 loads,uploads/pwd/PWD-TSK-17502.jpg,2026-06-10T12:09:15+05:30,"verified, ok",verified
PWD-TSK-17503,,PWD-INC-052505,Repair shutter of Ambattur Lake Sluice,TLK02,Ambattur,13.112155,80.154630,PWD-OFF-014,2026-05-28T10:11:33+05:30,2026-06-08,2026-06-01T11:29:05+05:30,2026-06-15T10:29:21+05:30,"gate freed, working ok",uploads/pwd/PWD-TSK-17503.jpg,2026-06-19T11:21:55+05:30,verified by DRO,verified
PWD-TSK-17521,,PWD-INC-052571,"Attend roof leak / cracks - Govt Peripheral Hospital, K.K. Nagar",TLK09,K.K. Nagar,13.040397,80.222256,PWD-OFF-006,2026-05-28T10:21:23+05:30,2026-07-04,2026-06-12T11:47:02+05:30,2026-06-26T15:21:16+05:30,roof waterproofing done (JE),uploads/pwd/PWD-TSK-17521.jpg,2026-07-13T11:26:35+05:30,"site inspected, satisfactory",verified
PWD-TSK-17504,,PWD-INC-052501,Structural inspection & repair - Govt Kilpauk Medical College Hospital,TLK12,Kilpauk,13.093350,80.254315,PWD-OFF-003,2026-05-28T10:36:34+05:30,2026-07-01,2026-05-28T16:44:24+05:30,2026-06-23T08:21:42+05:30,completed as per instructions pls verify,uploads/pwd/PWD-TSK-17504.jpg,2026-07-01T14:28:58+05:30,"photo ok, closed",verified
PWD-TSK-17522,GRV-20260523-09919,,"Grievance - silt & garbage in Buckingham Canal - Ennore stretch, Ennore",TLK14,Ennore,13.162750,80.297030,PWD-OFF-014,2026-05-28T11:28:03+05:30,2026-06-04,2026-06-01T13:37:13+05:30,2026-06-10T09:23:57+05:30,"blockage cleared, flow ok",uploads/pwd/PWD-TSK-17522.jpg,2026-07-13T11:01:08+05:30,ok,verified
PWD-TSK-17505,,PWD-INC-052508,Desilt / clear blockage in Buckingham Canal - Basin Bridge stretch near Pulianthope,TLK12,Pulianthope,13.083715,80.254576,PWD-OFF-013,2026-05-28T11:36:36+05:30,2026-06-15,2026-05-28T13:08:04+05:30,2026-07-01T12:32:31+05:30,"blockage cleared, flow ok",uploads/pwd/PWD-TSK-17505.jpg,2026-07-06T11:37:35+05:30,"field verified by RDO, fine",verified
PWD-TSK-17541,GRV-20260526-22581,,"Petition: Otteri Nullah Regulator, Basin Bridge shutter not closing properly",TLK12,Pulianthope,13.084822,80.255425,PWD-OFF-015,2026-05-28T12:59:28+05:30,2026-06-14,2026-07-06T10:14:27+05:30,2026-08-01T11:17:17+05:30,"rework done, debris cleared fully",uploads/pwd/PWD-TSK-17541.jpg,2026-08-10T10:32:55+05:30,"re-inspected, satisfactory now",verified
PWD-TSK-17523,,PWD-INC-052570,"Structural inspection & repair - Institute of Child Health, Egmore",TLK05,Egmore,13.081157,80.257392,PWD-OFF-003,2026-05-28T15:58:38+05:30,2026-07-08,2026-05-29T13:07:27+05:30,2026-06-19T11:39:17+05:30,done. photo attached - AE,uploads/pwd/PWD-TSK-17523.jpg,2026-07-09T11:15:38+05:30,verified by DRO,verified
PWD-TSK-17561,,PWD-INC-052692,Survey & evict encroachment - Veerangal Odai,TLK16,Velachery,12.981230,80.223926,PWD-OFF-020,2026-05-29T10:06:34+05:30,2026-07-20,2026-05-29T12:43:52+05:30,2026-06-23T13:14:02+05:30,encroachment removed with police help - AE,uploads/pwd/PWD-TSK-17561.jpg,2026-07-14T10:07:50+05:30,verified. good work,verified
PWD-TSK-17524,,PWD-INC-052568,Desilt / clear blockage in Virugambakkam-Arumbakkam Canal near Virugambakkam,TLK08,Virugambakkam,13.061962,80.174772,PWD-OFF-013,2026-05-29T10:06:41+05:30,2026-06-18,2026-05-29T13:37:47+05:30,2026-06-04T16:41:55+05:30,"drain mouth cleaned, hyacinth removed - photo uploaded",uploads/pwd/PWD-TSK-17524.jpg,2026-06-18T16:36:35+05:30,ok,verified
PWD-TSK-17525,,PWD-INC-052569,Desilt / clear blockage in Buckingham Canal - Basin Bridge stretch near Pulianthope,TLK12,Pulianthope,13.085508,80.256142,PWD-OFF-013,2026-05-29T10:14:04+05:30,2026-06-16,2026-07-06T10:23:42+05:30,2026-07-08T11:58:15+05:30,"drain mouth cleaned, hyacinth removed",uploads/pwd/PWD-TSK-17525.jpg,2026-07-09T13:37:28+05:30,satisfactory,verified
PWD-TSK-17562,,PWD-INC-052682,"Inspect damage to Maraimalai Adigal Bridge, Saidapet",TLK06,Saidapet,13.013408,80.209194,PWD-OFF-017,2026-05-29T12:39:34+05:30,2026-07-26,2026-06-01T11:01:41+05:30,2026-07-29T08:14:38+05:30,redone as per Collr remarks,uploads/pwd/PWD-TSK-17562.jpg,2026-08-03T10:56:43+05:30,"re-inspected, satisfactory now",verified
PWD-TSK-17542,,PWD-INC-052621,Structural inspection & repair - King Institute of Preventive Medicine,TLK06,Guindy,13.006940,80.213713,PWD-OFF-004,2026-05-29T12:44:09+05:30,2026-07-09,2026-06-01T11:35:20+05:30,2026-06-12T08:26:19+05:30,weathering course redone pls verify,uploads/pwd/PWD-TSK-17542.jpg,2026-06-22T13:00:43+05:30,"checked, work ok",verified
PWD-TSK-17526,,PWD-INC-052563,Survey & evict encroachment - Kodungaiyur Canal,TLK11,Kodungaiyur,13.111654,80.231680,PWD-OFF-020,2026-05-29T13:12:04+05:30,2026-07-25,2026-06-15T10:33:34+05:30,2026-06-20T09:49:48+05:30,work completed (JE),uploads/pwd/PWD-TSK-17526.jpg,2026-07-06T13:43:55+05:30,"verified, ok",verified
PWD-TSK-17563,,PWD-INC-052691,"Attend roof leak / cracks - Collectorate Building, Rajaji Salai",TLK15,George Town,13.119181,80.286449,PWD-OFF-003,2026-05-29T17:59:01+05:30,2026-07-21,2026-06-01T10:54:32+05:30,2026-07-11T12:52:06+05:30,"crack sealed, plastering done.",uploads/pwd/PWD-TSK-17563.jpg,2026-07-13T16:03:24+05:30,"verified, ok",verified
PWD-TSK-17581,,PWD-INC-052754,Clear debris & rebuild wall - Koyambedu,TLK08,Koyambedu,13.063798,80.175457,PWD-OFF-013,2026-05-29T21:20:53+05:30,2026-06-09,2026-06-01T17:37:58+05:30,2026-06-03T11:30:31+05:30,wall rebuilt approx 12m pls verify,uploads/pwd/PWD-TSK-17581.jpg,2026-06-22T10:34:03+05:30,ok,verified
PWD-TSK-17582,,PWD-INC-052745,Repair shutter of Korattur Lake Sluice,TLK02,Korattur,13.105863,80.157821,PWD-OFF-016,2026-06-01T10:10:22+05:30,2026-06-22,2026-06-02T10:16:14+05:30,2026-06-04T14:15:13+05:30,completed as per instructions,uploads/pwd/PWD-TSK-17582.jpg,2026-06-15T11:13:21+05:30,"photo ok, closed",verified
PWD-TSK-17583,,PWD-INC-052755,Clear choked Otteri Nullah - Ayanavaram stretch at Tank St,TLK04,Ayanavaram,13.098285,80.236138,PWD-OFF-015,2026-06-01T10:12:35+05:30,2026-06-16,2026-06-29T13:00:29+05:30,2026-07-02T12:34:42+05:30,completed as per instructions - photo uploaded,uploads/pwd/PWD-TSK-17583.jpg,2026-07-10T12:52:42+05:30,"verified, ok",verified
PWD-TSK-17564,GRV-20260523-25339,,Grievance - illegal construction in Madhavaram Lake,TLK07,Madhavaram,13.146668,80.234903,PWD-OFF-014,2026-06-01T10:40:44+05:30,2026-07-12,2026-06-29T10:17:35+05:30,2026-07-13T10:17:25+05:30,"huts removed, revenue dept present",uploads/pwd/PWD-TSK-17564.jpg,2026-07-23T17:41:40+05:30,"verified, ok",verified
PWD-TSK-17565,GRV-20260525-10172,,Petition: desilting of Valasaravakkam Macro Drain near Valasaravakkam,TLK08,Valasaravakkam,13.064756,80.164934,PWD-OFF-013,2026-06-01T10:46:37+05:30,2026-06-19,2026-06-10T11:05:10+05:30,2026-06-16T09:36:34+05:30,"desilted, silt shifted",uploads/pwd/PWD-TSK-17565.jpg,2026-06-29T11:16:47+05:30,satisfactory,verified
PWD-TSK-17543,,PWD-INC-052622,Repair parapet/deck of Basin Bridge,TLK12,Pulianthope,13.083407,80.256031,PWD-OFF-013,2026-06-01T11:39:00+05:30,2026-07-06,2026-06-02T10:49:01+05:30,2026-06-08T08:08:13+05:30,wrk completed,uploads/pwd/PWD-TSK-17543.jpg,2026-06-15T11:36:06+05:30,"photo ok, closed",verified
PWD-TSK-17584,GRV-20260529-54566,,Petition: remove water hyacinth in Ambattur Lake,TLK02,Ambattur,13.112161,80.152876,PWD-OFF-016,2026-06-01T11:53:59+05:30,2026-06-12,2026-06-02T11:36:51+05:30,2026-07-17T11:39:27+05:30,"blockage cleared, flow ok pls verify",uploads/pwd/PWD-TSK-17584.jpg,2026-07-20T14:42:03+05:30,"field verified by RDO, fine",verified
PWD-TSK-17585,,PWD-INC-052751,"Attend roof leak / cracks - Govt Peripheral Hospital, Periyar Nagar",TLK04,Periyar Nagar,13.101302,80.228952,PWD-OFF-003,2026-06-01T11:55:17+05:30,2026-07-01,2026-06-04T11:28:59+05:30,2026-06-12T16:16:33+05:30,weathering course redone,uploads/pwd/PWD-TSK-17585.jpg,2026-07-16T13:48:32+05:30,satisfactory,verified
PWD-TSK-17566,,PWD-INC-052685,"Structural inspection & repair - Govt Hr Sec School, Ashok Nagar",TLK09,Ashok Nagar,13.036564,80.226332,PWD-OFF-007,2026-06-01T12:14:31+05:30,2026-07-08,2026-06-04T12:11:42+05:30,2026-07-12T17:51:54+05:30,weathering course redone.,uploads/pwd/PWD-TSK-17566.jpg,2026-07-24T10:19:39+05:30,ok,verified
PWD-TSK-17601,,PWD-INC-052811,Sandbag bank of Captain Cotton Canal - Vyasarpadi stretch near Vyasarpadi,TLK11,Vyasarpadi,13.117738,80.238951,PWD-OFF-015,2026-06-01T12:45:59+05:30,2026-06-04,2026-06-01T14:51:01+05:30,2026-06-07T09:51:26+05:30,sandbagging done approx 60m - photo uploaded,uploads/pwd/PWD-TSK-17601.jpg,2026-06-15T10:44:15+05:30,verified by DRO,verified
PWD-TSK-17586,,PWD-INC-052742,Remove encroachment on Tondiarpet Macro Drain at Tondiarpet,TLK15,Tondiarpet,13.125038,80.289208,PWD-OFF-015,2026-06-01T13:36:34+05:30,2026-07-09,2026-06-02T11:10:17+05:30,2026-07-11T13:03:05+05:30,"rework done, debris cleared fully",uploads/pwd/PWD-TSK-17586.jpg,2026-07-13T12:41:30+05:30,"rework verified, ok",verified
PWD-TSK-17621,GRV-20260530-83732,,Petition: desilting of Kodungaiyur Canal near Kodungaiyur,TLK11,Kodungaiyur,13.113715,80.231859,PWD-OFF-018,2026-06-02T07:42:23+05:30,2026-06-10,2026-06-03T10:42:18+05:30,2026-06-10T08:41:00+05:30,"desilted, silt shifted (JE)",uploads/pwd/PWD-TSK-17621.jpg,2026-06-29T14:56:37+05:30,ok,verified
PWD-TSK-17641,,PWD-INC-052928,Survey & evict encroachment - Perungudi Lake,TLK13,Perungudi,12.907603,80.225704,PWD-OFF-012,2026-06-02T10:36:22+05:30,2026-07-24,2026-06-21T19:33:04+05:30,2026-08-07T08:56:35+05:30,"reattended, photo re-uploaded",uploads/pwd/PWD-TSK-17641.jpg,2026-08-17T10:13:30+05:30,"ok now, closed",verified
PWD-TSK-17622,,PWD-INC-052865,"Structural inspection & repair - Govt Peripheral Hospital, K.K. Nagar",TLK09,K.K. Nagar,13.038336,80.223177,PWD-OFF-006,2026-06-02T10:39:56+05:30,2026-07-05,2026-06-03T11:29:12+05:30,2026-06-16T09:21:33+05:30,"inspected, minor cracks attended",uploads/pwd/PWD-TSK-17622.jpg,2026-06-22T10:03:41+05:30,verified. good work,verified
PWD-TSK-17661,,PWD-INC-052983,Sandbag bank of Guindy Industrial Estate Storm Water Channel near Guindy Industrial Estate,TLK06,Guindy Industrial Estate,13.008131,80.208057,PWD-OFF-017,2026-06-02T12:01:37+05:30,2026-06-05,2026-06-02T12:19:43+05:30,2026-06-05T09:53:14+05:30,work completed - photo uploaded,uploads/pwd/PWD-TSK-17661.jpg,2026-06-22T15:33:56+05:30,"field verified by RDO, fine",verified
PWD-TSK-17623,,PWD-INC-052861,Remove encroachment on Villivakkam Macro Drain at Villivakkam,TLK04,Villivakkam,13.095220,80.237159,PWD-OFF-015,2026-06-02T12:05:24+05:30,2026-07-22,2026-06-04T16:07:54+05:30,2026-08-09T14:53:19+05:30,"rework done, debris cleared fully",uploads/pwd/PWD-TSK-17623.jpg,2026-08-14T16:38:07+05:30,"rework verified, ok",verified
PWD-TSK-17624,GRV-20260530-57530,,"Petition: remove encroachment on Nolambur Lake, Nolambur",TLK08,Nolambur,13.067848,80.169196,PWD-OFF-020,2026-06-02T12:51:27+05:30,2026-07-20,2026-06-03T10:02:47+05:30,2026-06-16T11:27:36+05:30,encroachment removed with police help,uploads/pwd/PWD-TSK-17624.jpg,2026-06-30T14:39:42+05:30,ok,verified
PWD-TSK-17642,,PWD-INC-052925,Repair shutter of Ambattur Lake Sluice,TLK02,Ambattur,13.112096,80.153293,PWD-OFF-014,2026-06-02T14:30:15+05:30,2026-06-21,2026-06-22T15:50:03+05:30,2026-06-27T12:24:12+05:30,work completed,uploads/pwd/PWD-TSK-17642.jpg,2026-07-06T10:48:34+05:30,"verified, ok",verified
PWD-TSK-17602,GRV-20260527-47898,,"Grievance - seepage through Porur Lake Bund bund, Porur",TLK08,Porur,13.059213,80.173372,PWD-OFF-013,2026-06-02T14:36:31+05:30,2026-07-23,2026-06-03T16:47:09+05:30,2026-06-25T11:30:17+05:30,bund top raised,uploads/pwd/PWD-TSK-17602.jpg,2026-07-20T10:06:00+05:30,"checked, work ok",verified
PWD-TSK-17625,,PWD-INC-052866,Remove encroachment on Tondiarpet Macro Drain at Tondiarpet,TLK15,Tondiarpet,13.124794,80.287771,PWD-OFF-020,2026-06-03T10:28:10+05:30,2026-07-13,2026-07-06T11:17:58+05:30,2026-08-27T16:48:12+05:30,"reattended, photo re-uploaded",uploads/pwd/PWD-TSK-17625.jpg,2026-09-07T10:28:27+05:30,"re-inspected, satisfactory now",verified
PWD-TSK-17603,,PWD-INC-052804,Survey & evict encroachment - Mogappair Eri,TLK02,Mogappair,13.113144,80.153822,PWD-OFF-016,2026-06-03T10:53:39+05:30,2026-07-17,2026-06-08T10:38:15+05:30,2026-06-26T08:04:14+05:30,notice served & removed - AE,uploads/pwd/PWD-TSK-17603.jpg,2026-07-31T12:50:11+05:30,"field verified by RDO, fine",verified
PWD-TSK-17662,GRV-20260528-36951,,Petition: desilting of Anna Nagar Macro Drain near Anna Nagar,TLK03,Anna Nagar,13.070836,80.221722,PWD-OFF-013,2026-06-03T11:00:28+05:30,2026-06-20,2026-06-04T13:19:56+05:30,2026-06-12T10:45:28+05:30,silt removed 3 loads,uploads/pwd/PWD-TSK-17662.jpg,2026-07-17T15:36:35+05:30,"field verified by RDO, fine",verified
PWD-TSK-17663,,PWD-INC-052981,Remove encroachment on Madhavaram Lake at Madhavaram,TLK07,Madhavaram,13.148252,80.234302,PWD-OFF-020,2026-06-03T11:32:25+05:30,2026-07-30,2026-06-08T10:52:54+05:30,2026-07-05T12:49:21+05:30,redone as per Collr remarks,uploads/pwd/PWD-TSK-17663.jpg,2026-07-07T15:05:14+05:30,"ok now, closed",verified
PWD-TSK-17643,,PWD-INC-052924,Repair parapet/deck of Okkiyam Madavu Bridge,TLK13,Okkiyam Thoraipakkam,12.906857,80.222730,PWD-OFF-015,2026-06-03T11:39:56+05:30,2026-07-27,2026-06-22T10:26:33+05:30,2026-07-05T09:02:58+05:30,parapet repaired (JE),uploads/pwd/PWD-TSK-17643.jpg,2026-07-13T11:36:42+05:30,"checked, work ok",verified
PWD-TSK-17664,,PWD-INC-052982,Survey & evict encroachment - Cooum River - Chetpet stretch,TLK05,Chetpet,13.079876,80.260187,PWD-OFF-020,2026-06-03T13:29:02+05:30,2026-07-03,2026-06-04T11:11:09+05:30,2026-06-15T13:10:48+05:30,"huts removed, revenue dept present.",uploads/pwd/PWD-TSK-17664.jpg,2026-06-22T10:51:34+05:30,satisfactory,verified
PWD-TSK-17681,GRV-20260603-21874,,Petition: desilting of Veerangal Odai near Velachery,TLK16,Velachery,12.979541,80.220678,PWD-OFF-012,2026-06-03T19:05:01+05:30,2026-06-14,2026-06-16T11:20:26+05:30,2026-07-26T08:00:57+05:30,silt removed 3 loads (JE),uploads/pwd/PWD-TSK-17681.jpg,2026-08-10T11:18:29+05:30,"checked, work ok",verified
PWD-TSK-17682,GRV-20260601-04168,,"Grievance - unsafe building condition, Govt Stanley Hospital - OP Block",TLK15,Old Washermanpet,13.128270,80.293367,PWD-OFF-006,2026-06-04T10:32:39+05:30,2026-07-09,2026-06-08T10:37:41+05:30,2026-06-15T09:51:54+05:30,work completed pls verify,uploads/pwd/PWD-TSK-17682.jpg,2026-07-16T17:24:45+05:30,"site inspected, satisfactory",verified
PWD-TSK-17701,,PWD-INC-053101,Clear waterlogging at Villivakkam (Church St),TLK04,Villivakkam,13.095374,80.234421,PWD-OFF-015,2026-06-04T10:44:30+05:30,2026-06-07,2026-06-07T00:40:17+05:30,2026-06-08T14:24:32+05:30,"2 pumpsets deployed, water drained",uploads/pwd/PWD-TSK-17701.jpg,2026-06-16T10:30:46+05:30,"field verified by RDO, fine",verified
PWD-TSK-17702,,PWD-INC-053109,Inspect & control overflow in Buckingham Canal - Ennore stretch at Ennore,TLK14,Ennore,13.163080,80.297100,PWD-OFF-019,2026-06-05T10:10:22+05:30,2026-06-08,2026-06-05T12:03:41+05:30,2026-06-10T08:21:06+05:30,sandbagging done approx 60m - photo uploaded,uploads/pwd/PWD-TSK-17702.jpg,2026-06-15T10:37:17+05:30,"field verified by RDO, fine",verified
PWD-TSK-17721,,PWD-INC-053164,Structural inspection & repair - Govt Kilpauk Medical College Hospital,TLK12,Kilpauk,13.092710,80.255888,PWD-OFF-006,2026-06-05T14:06:15+05:30,2026-07-05,2026-06-08T10:03:41+05:30,2026-06-16T10:18:59+05:30,"inspected, minor cracks attended - photo uploaded",uploads/pwd/PWD-TSK-17721.jpg,2026-07-27T11:43:47+05:30,"verified, ok",verified
PWD-TSK-17722,,PWD-INC-053167,Clear choked the storm water drain at Pillaiyar Koil St,TLK10,Santhome,13.034133,80.276864,PWD-OFF-013,2026-06-05T17:19:54+05:30,2026-06-20,2026-06-29T11:07:52+05:30,2026-08-07T11:56:07+05:30,silt removed 3 loads - photo uploaded,uploads/pwd/PWD-TSK-17722.jpg,2026-08-25T12:44:48+05:30,verified by DRO,verified
PWD-TSK-17703,,PWD-INC-053107,Desilt / clear blockage in Captain Cotton Canal - Vyasarpadi stretch near Vyasarpadi,TLK11,Vyasarpadi,13.117520,80.236523,PWD-OFF-018,2026-06-05T17:45:17+05:30,2026-06-14,2026-07-06T15:20:15+05:30,2026-07-10T09:39:04+05:30,done. photo attached - AE,uploads/pwd/PWD-TSK-17703.jpg,2026-07-22T11:24:25+05:30,ok,verified
PWD-TSK-17761,,PWD-INC-053285,Remove encroachment on Cooum River - Arumbakkam stretch at Arumbakkam,TLK03,Arumbakkam,13.079813,80.225533,PWD-OFF-013,2026-06-08T10:19:33+05:30,2026-08-01,2026-06-09T12:42:31+05:30,2026-06-28T10:58:04+05:30,"fencing removed, boundary stones fixed",uploads/pwd/PWD-TSK-17761.jpg,2026-08-03T13:25:20+05:30,"photo ok, closed",verified
PWD-TSK-17723,,PWD-INC-053163,"Attend roof leak / cracks - Govt Peripheral Hospital, K.K. Nagar",TLK09,K.K. Nagar,13.038082,80.222001,PWD-OFF-006,2026-06-08T10:47:32+05:30,2026-07-30,2026-06-15T12:13:15+05:30,2026-08-16T10:19:48+05:30,"reattended, photo re-uploaded",uploads/pwd/PWD-TSK-17723.jpg,2026-08-19T12:18:05+05:30,"ok now, closed",verified
PWD-TSK-17704,,PWD-INC-053106,Attend roof leak / cracks - King Institute of Preventive Medicine,TLK06,Guindy,13.005024,80.214284,PWD-OFF-004,2026-06-08T11:03:18+05:30,2026-07-18,2026-06-09T10:59:29+05:30,2026-07-15T11:44:47+05:30,"inspected, minor cracks attended",uploads/pwd/PWD-TSK-17704.jpg,2026-07-27T12:21:05+05:30,satisfactory,verified
PWD-TSK-17762,,PWD-INC-053288,"Remove collapsed wall debris near Thiruvalluvar St, Nanganallur",TLK01,Nanganallur,12.996437,80.197957,PWD-OFF-012,2026-06-08T12:08:30+05:30,2026-06-22,2026-06-08T17:10:13+05:30,2026-06-18T08:59:56+05:30,"debris cleared, barricade put",uploads/pwd/PWD-TSK-17762.jpg,2026-07-02T13:38:03+05:30,satisfactory,verified
PWD-TSK-17741,,PWD-INC-053223,Attend roof leak / cracks - King Institute of Preventive Medicine,TLK06,Guindy,13.007758,80.213387,PWD-OFF-004,2026-06-08T12:49:54+05:30,2026-07-08,2026-06-11T15:42:33+05:30,2026-06-19T17:58:19+05:30,"inspected, minor cracks attended - AE",uploads/pwd/PWD-TSK-17741.jpg,2026-07-10T12:04:06+05:30,"field verified by RDO, fine",verified
PWD-TSK-17801,,PWD-INC-053402,"Remove collapsed wall debris near Periyar St, Okkiyam Thoraipakkam",TLK13,Okkiyam Thoraipakkam,12.905175,80.220498,PWD-OFF-015,2026-06-09T10:21:59+05:30,2026-06-25,2026-06-09T15:49:06+05:30,2026-07-18T10:49:14+05:30,"debris cleared, barricade put (JE)",uploads/pwd/PWD-TSK-17801.jpg,2026-08-06T13:40:28+05:30,verified. good work,verified
PWD-TSK-17802,,PWD-INC-053404,Deploy pumpset & drain water - Kodungaiyur,TLK11,Kodungaiyur,13.111453,80.230066,PWD-OFF-018,2026-06-09T13:43:39+05:30,2026-06-12,2026-06-09T14:08:24+05:30,2026-06-23T12:04:33+05:30,"2 pumpsets deployed, water drained pls verify",uploads/pwd/PWD-TSK-17802.jpg,2026-06-29T15:17:41+05:30,"site inspected, satisfactory",verified
PWD-TSK-17781,,PWD-INC-053344,Remove encroachment on Palavanthangal Lake at Palavanthangal,TLK01,Palavanthangal,12.991302,80.203408,PWD-OFF-020,2026-06-09T17:19:26+05:30,2026-07-31,2026-06-10T11:37:59+05:30,2026-07-28T09:00:30+05:30,"fencing removed, boundary stones fixed - photo uploaded",uploads/pwd/PWD-TSK-17781.jpg,2026-07-31T11:29:51+05:30,ok,verified
PWD-TSK-17803,,PWD-INC-053409,Clear debris & rebuild wall - Ennore,TLK14,Ennore,13.161965,80.300242,PWD-OFF-015,2026-06-09T21:48:18+05:30,2026-06-23,2026-06-10T02:04:47+05:30,2026-06-12T08:15:30+05:30,"debris cleared, barricade put",uploads/pwd/PWD-TSK-17803.jpg,2026-06-22T12:27:47+05:30,ok,verified
PWD-TSK-17763,,PWD-INC-053282,"Inspect damage to Thiru. Vi. Ka. Bridge, Adyar",TLK10,Adyar,13.034034,80.256699,PWD-OFF-017,2026-06-10T11:03:16+05:30,2026-07-13,2026-06-11T11:59:27+05:30,2026-07-19T12:57:33+05:30,redone as per Collr remarks,uploads/pwd/PWD-TSK-17763.jpg,2026-07-21T11:30:13+05:30,"rework verified, ok",verified
PWD-TSK-17821,,PWD-INC-053461,Deploy pumpset & drain water - Vyasarpadi,TLK11,Vyasarpadi,13.116328,80.238483,PWD-OFF-015,2026-06-10T12:34:01+05:30,2026-06-13,2026-06-10T17:23:24+05:30,2026-06-13T10:09:08+05:30,"work under progress, now completed.",uploads/pwd/PWD-TSK-17821.jpg,2026-06-17T13:48:00+05:30,"field verified by RDO, fine",verified
PWD-TSK-17804,,PWD-INC-053405,Attend sluice gate defect - Ennore Creek Regulator,TLK14,Ennore,13.164327,80.300450,PWD-OFF-014,2026-06-10T13:35:17+05:30,2026-06-20,2026-06-30T10:18:19+05:30,2026-07-09T14:52:55+05:30,screw rod replaced - photo uploaded,uploads/pwd/PWD-TSK-17804.jpg,2026-07-20T12:30:22+05:30,ok,verified
PWD-TSK-17764,,PWD-INC-053289,"Structural inspection & repair - Govt Peripheral Hospital, K.K. Nagar",TLK09,K.K. Nagar,13.040054,80.222388,PWD-OFF-006,2026-06-10T13:52:09+05:30,2026-07-10,2026-07-13T11:20:14+05:30,2026-08-06T11:44:33+05:30,"temp props given, estimate sent for major repair (JE)",uploads/pwd/PWD-TSK-17764.jpg,2026-08-10T10:05:36+05:30,"checked, work ok",verified
PWD-TSK-17782,,PWD-INC-053342,Repair parapet/deck of Okkiyam Madavu Bridge,TLK13,Okkiyam Thoraipakkam,12.908437,80.223754,PWD-OFF-015,2026-06-10T18:40:32+05:30,2026-07-11,2026-07-08T10:57:05+05:30,2026-07-24T12:04:19+05:30,parapet repaired - photo uploaded,uploads/pwd/PWD-TSK-17782.jpg,2026-07-28T11:21:03+05:30,satisfactory,verified
PWD-TSK-17783,GRV-20260605-55882,,"Grievance - unsafe building condition, Govt Hr Sec School, Ashok Nagar",TLK09,Ashok Nagar,13.033782,80.226640,PWD-OFF-007,2026-06-11T10:18:48+05:30,2026-07-22,2026-06-12T11:35:29+05:30,2026-06-22T14:10:44+05:30,attended & completed pls verify,uploads/pwd/PWD-TSK-17783.jpg,2026-07-24T13:59:59+05:30,ok,verified
PWD-TSK-17822,,PWD-INC-053464,Attend roof leak / cracks - King Institute of Preventive Medicine,TLK06,Guindy,13.005801,80.213680,PWD-OFF-008,2026-06-11T10:51:29+05:30,2026-08-06,2026-06-15T11:26:52+05:30,2026-07-04T14:32:21+05:30,"crack sealed, plastering done.",uploads/pwd/PWD-TSK-17822.jpg,2026-07-08T12:22:59+05:30,verified. good work,verified
PWD-TSK-17841,,PWD-INC-053523,"Attend sluice gate defect - Otteri Nullah Regulator, Basin Bridge",TLK12,Pulianthope,13.083912,80.257371,PWD-OFF-015,2026-06-12T10:28:27+05:30,2026-07-04,2026-06-15T10:18:04+05:30,2026-06-19T15:52:56+05:30,rubber seal changed,uploads/pwd/PWD-TSK-17841.jpg,2026-06-22T12:49:07+05:30,"site inspected, satisfactory",verified
PWD-TSK-17823,GRV-20260608-59387,,Petition: desilting of Mambalam Canal Macro Drain near T. Nagar,TLK09,T. Nagar,13.032653,80.222837,PWD-OFF-017,2026-06-12T11:46:30+05:30,2026-06-22,2026-07-20T10:06:39+05:30,2026-09-01T09:57:47+05:30,"blockage cleared, flow ok (JE)",uploads/pwd/PWD-TSK-17823.jpg,2026-09-15T12:02:35+05:30,"photo ok, closed",verified
PWD-TSK-17861,,PWD-INC-053584,Clear debris & rebuild wall - Pattaravakkam,TLK02,Pattaravakkam,13.115368,80.159885,PWD-OFF-016,2026-06-12T13:34:25+05:30,2026-07-01,2026-06-12T17:20:08+05:30,2026-07-03T18:47:25+05:30,"rework done, debris cleared fully",uploads/pwd/PWD-TSK-17861.jpg,2026-07-09T10:41:15+05:30,"ok now, closed",verified
PWD-TSK-17862,,PWD-INC-053587,Inspect & control overflow in Cooum River - Chetpet stretch at Chetpet,TLK05,Chetpet,13.078086,80.262320,PWD-OFF-019,2026-06-12T16:13:02+05:30,2026-06-16,2026-06-12T21:54:54+05:30,2026-07-09T14:45:53+05:30,"vent cleared, level coming down - AE",uploads/pwd/PWD-TSK-17862.jpg,2026-07-30T13:21:30+05:30,"field verified by RDO, fine",verified
PWD-TSK-17863,,PWD-INC-053583,"Repair parapet/deck of Maraimalai Adigal Bridge, Saidapet",TLK06,Saidapet,13.011881,80.208355,PWD-OFF-017,2026-06-15T10:36:55+05:30,2026-08-08,2026-06-19T12:42:11+05:30,2026-09-12T09:56:52+05:30,"reattended, photo re-uploaded",uploads/pwd/PWD-TSK-17863.jpg,2026-09-18T10:12:02+05:30,"ok now, closed",verified
PWD-TSK-17901,,PWD-INC-053703,Desilt / clear blockage in Pallikaranai Marsh Outlet Drain near Pallikaranai,TLK13,Pallikaranai,12.904192,80.224941,PWD-OFF-012,2026-06-15T10:42:28+05:30,2026-07-05,2026-06-17T13:46:05+05:30,2026-06-23T08:01:35+05:30,silt removed 3 loads - photo uploaded,uploads/pwd/PWD-TSK-17901.jpg,2026-07-17T10:58:12+05:30,satisfactory,verified
PWD-TSK-17864,,PWD-INC-053588,"Structural inspection & repair - Institute of Child Health, Egmore",TLK05,Egmore,13.079791,80.258382,PWD-OFF-006,2026-06-15T11:33:56+05:30,2026-08-13,2026-06-16T10:14:56+05:30,2026-07-06T11:58:02+05:30,"inspected, minor cracks attended",uploads/pwd/PWD-TSK-17864.jpg,2026-07-09T14:45:05+05:30,"checked, work ok",verified
PWD-TSK-17921,,PWD-INC-053764,Clear waterlogging at Madhavaram Milk Colony (East St),TLK07,Madhavaram Milk Colony,13.142148,80.238103,PWD-OFF-019,2026-06-15T13:58:26+05:30,2026-06-16,2026-06-18T10:32:05+05:30,2026-06-21T08:52:03+05:30,stagnation cleared by evening pls verify,uploads/pwd/PWD-TSK-17921.jpg,2026-07-06T15:17:39+05:30,verified. good work,verified
PWD-TSK-17865,,PWD-INC-053585,Desilt / clear blockage in Buckingham Canal - Ennore stretch near Ennore,TLK14,Ennore,13.163830,80.300494,PWD-OFF-015,2026-06-15T14:59:26+05:30,2026-06-24,2026-06-16T11:08:27+05:30,2026-06-18T09:19:37+05:30,silt removed 3 loads,uploads/pwd/PWD-TSK-17865.jpg,2026-06-29T13:11:15+05:30,"field verified by RDO, fine",verified
PWD-TSK-17902,,PWD-INC-053701,"Attend sluice gate defect - Otteri Nullah Regulator, Basin Bridge",TLK12,Pulianthope,13.086125,80.255603,PWD-OFF-015,2026-06-15T16:40:28+05:30,2026-06-29,2026-06-16T10:09:01+05:30,2026-06-19T10:37:54+05:30,shutter repaired & greased pls verify,uploads/pwd/PWD-TSK-17902.jpg,2026-07-20T10:09:16+05:30,"site inspected, satisfactory",verified
PWD-TSK-17922,GRV-20260610-25518,,"Grievance - unsafe building condition, Govt Royapettah Hospital",TLK10,Royapettah,13.031806,80.268528,PWD-OFF-004,2026-06-16T10:38:58+05:30,2026-08-08,2026-06-17T11:41:28+05:30,2026-07-08T11:02:34+05:30,"inspected, minor cracks attended - AE",uploads/pwd/PWD-TSK-17922.jpg,2026-07-13T12:10:44+05:30,"checked, work ok",verified
PWD-TSK-17923,GRV-20260614-44621,,"Grievance - unsafe building condition, Govt Kilpauk Medical College Hospital",TLK12,Kilpauk,13.093804,80.255515,PWD-OFF-006,2026-06-16T12:07:16+05:30,2026-07-16,2026-07-09T10:06:05+05:30,2026-07-19T10:52:21+05:30,"inspected, minor cracks attended - photo uploaded",uploads/pwd/PWD-TSK-17923.jpg,2026-08-13T16:19:06+05:30,"checked, work ok",verified
PWD-TSK-17903,,PWD-INC-053705,Remove encroachment on Adambakkam Lake at Adambakkam,TLK01,Adambakkam,12.996749,80.203537,PWD-OFF-012,2026-06-16T15:58:48+05:30,2026-07-16,2026-06-22T10:01:17+05:30,2026-06-27T09:33:21+05:30,"fencing removed, boundary stones fixed",uploads/pwd/PWD-TSK-17903.jpg,2026-07-13T11:24:28+05:30,satisfactory,verified
PWD-TSK-17924,,PWD-INC-053761,Remove encroachment on Adyar River - Estuary stretch at Santhome,TLK10,Santhome,13.033810,80.276822,PWD-OFF-012,2026-06-17T10:08:28+05:30,2026-07-26,2026-06-22T10:23:56+05:30,2026-07-07T08:14:40+05:30,redone as per Collr remarks,uploads/pwd/PWD-TSK-17924.jpg,2026-07-13T11:16:54+05:30,"re-inspected, satisfactory now",verified
PWD-TSK-17961,,PWD-INC-053883,Inspect damage to Basin Bridge,TLK12,Pulianthope,13.084345,80.256264,PWD-OFF-013,2026-06-17T13:32:07+05:30,2026-08-11,2026-07-13T12:30:43+05:30,2026-08-02T14:14:17+05:30,parapet repaired - photo uploaded,uploads/pwd/PWD-TSK-17961.jpg,2026-08-31T10:41:24+05:30,"site inspected, satisfactory",verified
PWD-TSK-17925,,PWD-INC-053767,"Inspect damage to Maraimalai Adigal Bridge, Saidapet",TLK06,Saidapet,13.012874,80.208176,PWD-OFF-012,2026-06-17T13:36:04+05:30,2026-08-16,2026-06-18T10:07:06+05:30,2026-06-25T10:05:03+05:30,"railing fixed, potholes patched - photo uploaded",uploads/pwd/PWD-TSK-17925.jpg,2026-07-20T10:11:50+05:30,"photo ok, closed",verified
PWD-TSK-17941,GRV-20260615-31375,,Petition: desilting of Buckingham Canal - Okkiyam stretch near Okkiyam Thoraipakkam,TLK13,Okkiyam Thoraipakkam,12.904751,80.219532,PWD-OFF-015,2026-06-17T17:03:20+05:30,2026-06-26,2026-07-06T11:27:58+05:30,2026-07-09T09:46:51+05:30,"desilting done, debris cleared - photo uploaded",uploads/pwd/PWD-TSK-17941.jpg,2026-08-17T10:29:38+05:30,satisfactory,verified
PWD-TSK-17926,,PWD-INC-053766,Clear choked Virugambakkam-Arumbakkam Canal at New Colony 2nd St,TLK08,Virugambakkam,13.063787,80.174426,PWD-OFF-013,2026-06-18T11:21:37+05:30,2026-06-27,2026-06-29T12:44:59+05:30,2026-07-01T11:16:35+05:30,"drain mouth cleaned, hyacinth removed (JE)",uploads/pwd/PWD-TSK-17926.jpg,2026-08-03T13:17:26+05:30,ok,verified
PWD-TSK-17942,,PWD-INC-053823,Structural inspection & repair - Ezhilagam Govt Office Complex,TLK10,Triplicane,13.031434,80.269354,PWD-OFF-004,2026-06-19T10:13:01+05:30,2026-08-13,2026-06-22T10:09:56+05:30,2026-07-23T18:22:47+05:30,balance work completed,uploads/pwd/PWD-TSK-17942.jpg,2026-07-27T11:14:17+05:30,"rework verified, ok",verified
PWD-TSK-17981,,PWD-INC-053941,Repair parapet/deck of Manali Kosasthalaiyar Causeway,TLK14,Manali,13.163494,80.301983,PWD-OFF-015,2026-06-19T12:14:44+05:30,2026-08-12,2026-06-22T11:56:39+05:30,2026-08-04T15:53:27+05:30,erosion protection w/ boulders done (JE),uploads/pwd/PWD-TSK-17981.jpg,2026-08-19T11:26:38+05:30,"checked, work ok",verified
PWD-TSK-17982,,PWD-INC-053942,Desilt / clear blockage in Villivakkam Macro Drain near Villivakkam,TLK04,Villivakkam,13.092785,80.235591,PWD-OFF-018,2026-06-19T12:39:19+05:30,2026-07-02,2026-07-06T10:01:23+05:30,2026-07-08T08:35:04+05:30,attended & completed,uploads/pwd/PWD-TSK-17982.jpg,2026-07-13T10:13:34+05:30,ok,verified
PWD-TSK-17962,,PWD-INC-053885,Structural inspection & repair - Sholinganallur Taluk Office,TLK13,Sholinganallur,12.898994,80.228943,PWD-OFF-004,2026-06-19T13:19:55+05:30,2026-08-03,2026-06-22T12:19:27+05:30,2026-07-10T16:38:01+05:30,"inspected, minor cracks attended.",uploads/pwd/PWD-TSK-17962.jpg,2026-07-13T13:29:29+05:30,"verified, ok",verified
PWD-TSK-17983,,PWD-INC-053944,"Attend roof leak / cracks - Govt Hr Sec School, Ashok Nagar",TLK09,Ashok Nagar,13.034491,80.227152,PWD-OFF-007,2026-06-19T15:09:58+05:30,2026-08-16,2026-06-22T10:59:11+05:30,2026-08-12T11:05:12+05:30,"rework done, debris cleared fully",uploads/pwd/PWD-TSK-17983.jpg,2026-08-17T11:11:03+05:30,"rework verified, ok",verified
PWD-TSK-17963,,PWD-INC-053881,Remove encroachment on Cooum River - Koyambedu stretch at Koyambedu,TLK08,Koyambedu,13.065668,80.174364,PWD-OFF-020,2026-06-19T16:31:55+05:30,2026-07-20,2026-07-06T11:46:49+05:30,2026-08-07T09:03:56+05:30,redone as per Collr remarks,uploads/pwd/PWD-TSK-17963.jpg,2026-08-11T10:04:51+05:30,"re-inspected, satisfactory now",verified
PWD-TSK-18021,,PWD-INC-054067,Remove encroachment on Veerangal Odai at Velachery,TLK16,Velachery,12.978146,80.221833,PWD-OFF-020,2026-06-22T10:26:36+05:30,2026-08-12,2026-07-16T16:04:51+05:30,2026-09-09T17:02:39+05:30,notice served & removed,uploads/pwd/PWD-TSK-18021.jpg,,,completed_pending_verification
PWD-TSK-17964,,PWD-INC-053889,Clear choked Mambalam Canal Macro Drain at Ambedkar St,TLK09,T. Nagar,13.031002,80.223013,PWD-OFF-017,2026-06-22T11:12:45+05:30,2026-07-02,2026-06-22T15:18:22+05:30,2026-06-24T12:33:40+05:30,attended & completed,uploads/pwd/PWD-TSK-17964.jpg,2026-06-25T11:57:48+05:30,"photo ok, closed",verified
PWD-TSK-18041,,PWD-INC-054122,"Remove collapsed wall debris near Ambedkar St, Villivakkam",TLK04,Villivakkam,13.093372,80.236934,PWD-OFF-016,2026-06-22T11:25:19+05:30,2026-07-04,2026-06-22T16:12:05+05:30,2026-07-05T11:48:54+05:30,wall rebuilt approx 12m,uploads/pwd/PWD-TSK-18041.jpg,2026-07-08T11:27:04+05:30,ok,verified
PWD-TSK-18022,,PWD-INC-054065,Clear choked Veerangal Odai at Ganesh Nagar 1st St,TLK16,Velachery,12.978963,80.220630,PWD-OFF-016,2026-06-22T11:27:42+05:30,2026-07-10,2026-07-27T10:50:23+05:30,2026-08-01T17:42:03+05:30,"work under progress, now completed (JE)",uploads/pwd/PWD-TSK-18022.jpg,2026-08-11T10:08:59+05:30,verified. good work,verified
PWD-TSK-17965,,PWD-INC-053884,Survey & evict encroachment - Madhavaram Lake,TLK07,Madhavaram,13.147499,80.233525,PWD-OFF-016,2026-06-22T11:41:10+05:30,2026-08-02,2026-06-24T14:16:30+05:30,2026-08-16T11:24:01+05:30,notice served & removed pls verify,uploads/pwd/PWD-TSK-17965.jpg,2026-09-01T11:12:02+05:30,satisfactory,verified
PWD-TSK-17966,,PWD-INC-053888,"Structural inspection & repair - Govt Girls Hr Sec School, Ambattur",TLK02,Ambattur,13.113599,80.153519,PWD-OFF-007,2026-06-22T11:53:45+05:30,2026-08-08,2026-06-23T10:09:08+05:30,2026-08-24T14:18:49+05:30,"rework done, debris cleared fully",uploads/pwd/PWD-TSK-17966.jpg,2026-08-26T07:37:46+05:30,"ok now, closed",verified
PWD-TSK-18042,,PWD-INC-054121,Remove encroachment on Chetpet Lake at Chetpet,TLK05,Chetpet,13.082453,80.261616,PWD-OFF-020,2026-06-22T13:19:55+05:30,2026-07-22,2026-06-29T11:56:47+05:30,2026-07-20T10:55:09+05:30,notice served & removed,uploads/pwd/PWD-TSK-18042.jpg,2026-07-23T11:41:01+05:30,ok,verified
PWD-TSK-18043,,PWD-INC-054123,Survey & evict encroachment - Buckingham Canal - Okkiyam stretch,TLK13,Okkiyam Thoraipakkam,12.907517,80.221235,PWD-OFF-020,2026-06-22T16:09:46+05:30,2026-08-08,2026-06-29T12:46:57+05:30,2026-07-29T08:32:49+05:30,balance work completed,uploads/pwd/PWD-TSK-18043.jpg,2026-08-03T15:46:16+05:30,"re-inspected, satisfactory now",verified
PWD-TSK-18061,,PWD-INC-054183,"Structural inspection & repair - Govt Hr Sec School, Ashok Nagar",TLK09,Ashok Nagar,13.033827,80.226240,PWD-OFF-004,2026-06-22T16:57:37+05:30,2026-08-06,2026-06-23T10:51:14+05:30,2026-09-11T09:56:31+05:30,"crack sealed, plastering done pls verify",uploads/pwd/PWD-TSK-18061.jpg,2026-09-18T12:20:36+05:30,"verified, ok",verified
PWD-TSK-18062,,PWD-INC-054186,"Attend sluice gate defect - Otteri Nullah Regulator, Basin Bridge",TLK12,Pulianthope,13.084873,80.256215,PWD-OFF-013,2026-06-23T12:38:44+05:30,2026-07-07,2026-06-24T20:31:56+05:30,2026-06-28T11:27:25+05:30,rubber seal changed,uploads/pwd/PWD-TSK-18062.jpg,2026-07-06T10:15:24+05:30,"photo ok, closed",verified
PWD-TSK-18063,,PWD-INC-054182,Structural inspection & repair - Govt Kilpauk Medical College Hospital,TLK12,Kilpauk,13.094671,80.254466,PWD-OFF-009,2026-06-23T12:49:05+05:30,2026-07-28,2026-07-02T12:51:57+05:30,2026-07-14T12:22:25+05:30,"inspected, minor cracks attended",uploads/pwd/PWD-TSK-18063.jpg,2026-08-18T15:54:47+05:30,verified. good work,verified
PWD-TSK-18064,GRV-20260617-64655,,Petition: strengthen weak bund of Velachery Lake,TLK16,Velachery,12.978904,80.216508,PWD-OFF-012,2026-06-23T16:20:29+05:30,2026-08-21,2026-06-29T10:06:18+05:30,2026-08-04T17:14:00+05:30,seepage point attended,uploads/pwd/PWD-TSK-18064.jpg,2026-08-17T11:21:08+05:30,"photo ok, closed",verified
PWD-TSK-18065,,PWD-INC-054189,Desilt / clear blockage in Buckingham Canal - Basin Bridge stretch near Pulianthope,TLK12,Pulianthope,13.083338,80.254449,PWD-OFF-013,2026-06-23T17:46:57+05:30,2026-07-06,2026-07-20T10:25:16+05:30,2026-07-24T08:27:31+05:30,"desilting done, debris cleared",uploads/pwd/PWD-TSK-18065.jpg,2026-08-03T10:15:54+05:30,"verified, ok",verified
PWD-TSK-18081,,PWD-INC-054243,Clear debris & rebuild wall - Saidapet,TLK06,Saidapet,13.012327,80.208908,PWD-OFF-017,2026-06-23T17:52:37+05:30,2026-07-13,2026-06-23T20:17:31+05:30,2026-06-25T18:03:00+05:30,wall rebuilt approx 12m pls verify,uploads/pwd/PWD-TSK-18081.jpg,2026-06-29T12:07:22+05:30,"checked, work ok",verified
PWD-TSK-18082,,PWD-INC-054245,"Pump out stagnant water - Jeevan Nagar 2nd St, Anna Nagar",TLK03,Anna Nagar,13.073004,80.218312,PWD-OFF-013,2026-06-24T10:22:07+05:30,2026-06-25,2026-06-26T15:25:18+05:30,2026-07-14T11:25:01+05:30,cleared. monitoring - AE,uploads/pwd/PWD-TSK-18082.jpg,2026-08-12T10:56:50+05:30,verified by DRO,verified
PWD-TSK-18101,,PWD-INC-054308,Clear debris & rebuild wall - Vyasarpadi,TLK11,Vyasarpadi,13.117579,80.240365,PWD-OFF-015,2026-06-24T20:09:53+05:30,2026-07-15,2026-06-25T00:34:03+05:30,2026-07-02T10:33:46+05:30,wall rebuilt approx 12m - photo uploaded,uploads/pwd/PWD-TSK-18101.jpg,2026-07-07T12:07:32+05:30,"verified, ok",verified
PWD-TSK-18102,GRV-20260623-78031,,Petition: remove water hyacinth in Palavanthangal Lake,TLK01,Palavanthangal,12.990466,80.202496,PWD-OFF-016,2026-06-25T10:30:19+05:30,2026-07-15,2026-06-29T11:55:14+05:30,2026-09-02T11:06:04+05:30,balance work completed,uploads/pwd/PWD-TSK-18102.jpg,2026-09-07T11:32:57+05:30,"rework verified, ok",verified
PWD-TSK-18103,,PWD-INC-054310,Survey & evict encroachment - Mogappair Eri,TLK02,Mogappair,13.113894,80.154924,PWD-OFF-020,2026-06-25T13:39:12+05:30,2026-07-28,2026-06-29T11:46:09+05:30,2026-08-12T12:34:22+05:30,notice served & removed pls verify,uploads/pwd/PWD-TSK-18103.jpg,2026-09-07T12:08:28+05:30,"photo ok, closed",verified
PWD-TSK-18104,,PWD-INC-054311,Deploy pumpset & drain water - Mathur,TLK07,Mathur,13.147072,80.234226,PWD-OFF-016,2026-06-25T14:58:39+05:30,2026-06-28,2026-06-25T16:48:47+05:30,2026-06-28T11:52:13+05:30,done. photo attached,uploads/pwd/PWD-TSK-18104.jpg,2026-07-06T12:38:06+05:30,"verified, ok",verified
PWD-TSK-18121,,PWD-INC-054362,Deploy pumpset & drain water - Ambattur Industrial Estate,TLK02,Ambattur Industrial Estate,13.109523,80.146742,PWD-OFF-019,2026-06-25T16:55:54+05:30,2026-06-28,2026-06-25T18:41:13+05:30,2026-06-28T09:50:44+05:30,cleared. monitoring (JE),uploads/pwd/PWD-TSK-18121.jpg,2026-07-10T11:43:37+05:30,verified by DRO,verified
PWD-TSK-18122,,PWD-INC-054368,Attend roof leak / cracks - Govt Stanley Hospital - OP Block,TLK15,Old Washermanpet,13.127626,80.291286,PWD-OFF-010,2026-06-29T10:11:12+05:30,2026-08-20,2026-07-12T20:48:02+05:30,2026-08-24T09:11:22+05:30,weathering course redone,uploads/pwd/PWD-TSK-18122.jpg,2026-08-25T11:11:33+05:30,"verified, ok",verified
PWD-TSK-18105,GRV-20260623-43851,,"Grievance - seepage through Korattur Lake bund, Korattur",TLK02,Korattur,13.105835,80.158541,PWD-OFF-014,2026-06-29T11:09:13+05:30,2026-08-20,2026-06-30T10:15:29+05:30,2026-07-22T11:14:25+05:30,bund top raised,uploads/pwd/PWD-TSK-18105.jpg,2026-07-27T11:04:14+05:30,verified by DRO,verified
PWD-TSK-18083,GRV-20260618-73972,,Petition: strengthen weak bund of Kolathur Lake,TLK04,Kolathur,13.099247,80.231139,PWD-OFF-015,2026-06-29T12:09:17+05:30,2026-08-27,2026-06-30T10:14:42+05:30,2026-07-11T14:06:06+05:30,bund top raised,uploads/pwd/PWD-TSK-18083.jpg,2026-08-10T12:06:13+05:30,"photo ok, closed",verified
PWD-TSK-18123,,PWD-INC-054364,Clear waterlogging at Pallikaranai (Main Rd),TLK13,Pallikaranai,12.903636,80.225162,PWD-OFF-015,2026-06-29T13:05:07+05:30,2026-07-01,2026-06-30T11:54:11+05:30,2026-07-25T11:19:29+05:30,"rework done, debris cleared fully",uploads/pwd/PWD-TSK-18123.jpg,2026-07-31T10:52:01+05:30,"rework verified, ok",verified
PWD-TSK-18124,,PWD-INC-054363,Remove encroachment on Otteri Nullah - Kilpauk stretch at Kilpauk,TLK12,Kilpauk,13.093421,80.256629,PWD-OFF-020,2026-06-29T14:39:51+05:30,2026-08-02,2026-07-01T12:04:18+05:30,2026-07-03T10:15:22+05:30,"fencing removed, boundary stones fixed",uploads/pwd/PWD-TSK-18124.jpg,2026-07-23T11:37:49+05:30,ok,verified
PWD-TSK-18221,,PWD-INC-054662,"Pump out stagnant water - Kannadasan St, Nolambur",TLK08,Nolambur,13.067724,80.166797,PWD-OFF-013,2026-06-30T10:56:59+05:30,2026-07-02,2026-07-02T18:59:30+05:30,2026-07-04T08:29:06+05:30,cleared. monitoring,uploads/pwd/PWD-TSK-18221.jpg,2026-07-08T15:13:16+05:30,verified. good work,verified
PWD-TSK-18201,,PWD-INC-054605,"Attend roof leak / cracks - Collectorate Building, Rajaji Salai",TLK15,George Town,13.119168,80.285706,PWD-OFF-003,2026-06-30T16:36:00+05:30,2026-08-12,2026-07-22T16:35:09+05:30,2026-09-11T09:54:41+05:30,balance work completed,uploads/pwd/PWD-TSK-18201.jpg,2026-09-15T10:46:30+05:30,"ok now, closed",verified
PWD-TSK-18202,GRV-20260626-23355,,Petition: remove water hyacinth in Ambattur Lake,TLK02,Ambattur,13.111052,80.152998,PWD-OFF-014,2026-06-30T18:09:58+05:30,2026-07-16,2026-07-01T12:26:15+05:30,2026-08-14T14:40:34+05:30,"reattended, photo re-uploaded",uploads/pwd/PWD-TSK-18202.jpg,2026-08-17T11:35:24+05:30,"rework verified, ok",verified
PWD-TSK-18203,,PWD-INC-054602,Remove encroachment on Kodungaiyur Canal at Kodungaiyur,TLK11,Kodungaiyur,13.111057,80.231508,PWD-OFF-015,2026-07-01T13:51:58+05:30,2026-08-26,2026-07-31T13:13:26+05:30,2026-08-04T13:36:32+05:30,completed as per instructions - photo uploaded,uploads/pwd/PWD-TSK-18203.jpg,2026-09-15T12:44:54+05:30,"photo ok, closed",verified
PWD-TSK-18222,GRV-20260630-34160,,"Grievance - unsafe building condition, Institute of Child Health, Egmore",TLK05,Egmore,13.079111,80.258307,PWD-OFF-009,2026-07-01T15:03:28+05:30,2026-08-10,2026-07-13T10:43:37+05:30,2026-09-15T08:10:20+05:30,"rework done, debris cleared fully",uploads/pwd/PWD-TSK-18222.jpg,2026-09-24T10:01:17+05:30,"re-inspected, satisfactory now",verified
PWD-TSK-18241,,PWD-INC-054725,"Remove collapsed wall debris near West St, Okkiyam Thoraipakkam",TLK13,Okkiyam Thoraipakkam,12.904518,80.222173,PWD-OFF-015,2026-07-01T17:19:15+05:30,2026-07-22,2026-07-01T18:49:40+05:30,2026-07-24T09:51:26+05:30,wall rebuilt approx 12m (JE),uploads/pwd/PWD-TSK-18241.jpg,2026-08-03T10:05:31+05:30,"verified, ok",verified
PWD-TSK-18242,,PWD-INC-054724,Remove encroachment on Buckingham Canal - Okkiyam stretch at Okkiyam Thoraipakkam,TLK13,Okkiyam Thoraipakkam,12.906067,80.223023,PWD-OFF-020,2026-07-02T10:02:00+05:30,2026-08-09,2026-07-14T11:12:38+05:30,2026-07-25T08:03:46+05:30,notice served & removed,uploads/pwd/PWD-TSK-18242.jpg,2026-07-28T14:40:10+05:30,ok,verified
PWD-TSK-18204,GRV-20260629-41989,,"Grievance - unsafe building condition, Govt Peripheral Hospital, K.K. Nagar",TLK09,K.K. Nagar,13.038334,80.222358,PWD-OFF-004,2026-07-02T10:04:15+05:30,2026-08-05,2026-07-27T10:21:17+05:30,2026-08-14T11:08:06+05:30,"inspected, minor cracks attended pls verify",uploads/pwd/PWD-TSK-18204.jpg,2026-09-21T10:37:43+05:30,verified by DRO,verified
PWD-TSK-18243,,PWD-INC-054723,Attend sluice gate defect - Adambakkam Lake Sluice,TLK01,Adambakkam,12.993057,80.197502,PWD-OFF-012,2026-07-03T10:28:43+05:30,2026-07-27,2026-07-06T10:02:51+05:30,2026-07-27T12:10:32+05:30,rubber seal changed pls verify,uploads/pwd/PWD-TSK-18243.jpg,2026-09-07T10:57:15+05:30,satisfactory,verified
PWD-TSK-18244,,PWD-INC-054726,Structural inspection & repair - Govt Royapettah Hospital,TLK10,Royapettah,13.032012,80.265953,PWD-OFF-006,2026-07-03T11:56:56+05:30,2026-08-30,2026-07-31T14:34:47+05:30,2026-08-20T10:20:20+05:30,"crack sealed, plastering done - photo uploaded",uploads/pwd/PWD-TSK-18244.jpg,2026-08-27T16:10:06+05:30,satisfactory,verified
PWD-TSK-18261,GRV-20260629-38299,,Grievance - illegal construction in Buckingham Canal - Mandaveli stretch,TLK10,Mandaveli,13.032425,80.261364,PWD-OFF-012,2026-07-03T15:09:54+05:30,2026-08-15,2026-07-07T15:37:27+05:30,2026-08-20T11:09:57+05:30,balance work completed,uploads/pwd/PWD-TSK-18261.jpg,2026-08-26T13:50:00+05:30,"re-inspected, satisfactory now",verified
PWD-TSK-18281,,PWD-INC-054844,Attend sluice gate defect - Adambakkam Lake Sluice,TLK01,Adambakkam,12.993432,80.199160,PWD-OFF-016,2026-07-05T08:33:38+05:30,2026-07-26,2026-08-13T16:33:01+05:30,2026-08-17T09:38:49+05:30,"gate freed, working ok",uploads/pwd/PWD-TSK-18281.jpg,2026-09-08T13:51:52+05:30,"field verified by RDO, fine",verified
PWD-TSK-18282,,PWD-INC-054846,Structural inspection & repair - Govt Kilpauk Medical College Hospital,TLK12,Kilpauk,13.092652,80.256345,PWD-OFF-007,2026-07-06T10:03:44+05:30,2026-08-22,2026-07-20T11:01:22+05:30,2026-09-19T11:33:22+05:30,"crack sealed, plastering done pls verify",uploads/pwd/PWD-TSK-18282.jpg,2026-09-22T14:44:41+05:30,ok,verified
PWD-TSK-18301,,PWD-INC-054905,"Pump out stagnant water - Sathya Nagar 2nd St, Guindy Industrial Estate",TLK06,Guindy Industrial Estate,13.009008,80.211179,PWD-OFF-017,2026-07-06T10:11:28+05:30,2026-07-08,2026-07-06T13:19:22+05:30,2026-07-09T11:23:01+05:30,"2 pumpsets deployed, water drained",uploads/pwd/PWD-TSK-18301.jpg,2026-07-13T10:02:32+05:30,verified by DRO,verified
PWD-TSK-18262,GRV-20260627-31515,,Grievance - illegal construction in Captain Cotton Canal - Vyasarpadi stretch,TLK11,Vyasarpadi,13.115969,80.236752,PWD-OFF-020,2026-07-06T10:13:57+05:30,2026-08-24,2026-07-07T10:07:22+05:30,2026-08-22T10:51:45+05:30,completed as per instructions - AE,uploads/pwd/PWD-TSK-18262.jpg,2026-08-24T10:16:06+05:30,"checked, work ok",verified
PWD-TSK-18283,,PWD-INC-054841,Remove encroachment on Anna Nagar Macro Drain at Anna Nagar,TLK03,Anna Nagar,13.072595,80.223316,PWD-OFF-020,2026-07-06T11:45:39+05:30,2026-08-14,2026-07-28T10:22:46+05:30,2026-08-02T10:24:25+05:30,"fencing removed, boundary stones fixed",uploads/pwd/PWD-TSK-18283.jpg,2026-09-07T10:11:59+05:30,"field verified by RDO, fine",verified
PWD-TSK-18302,,PWD-INC-054901,Attend roof leak / cracks - Ezhilagam Govt Office Complex,TLK10,Triplicane,13.031832,80.270589,PWD-OFF-004,2026-07-06T12:12:44+05:30,2026-08-12,2026-07-07T10:10:11+05:30,2026-08-03T09:30:10+05:30,"inspected, minor cracks attended (JE)",uploads/pwd/PWD-TSK-18302.jpg,2026-08-10T11:13:02+05:30,satisfactory,verified
PWD-TSK-18284,,PWD-INC-054848,Clear waterlogging at Perambur (3rd Cross St),TLK11,Perambur,13.115938,80.232904,PWD-OFF-018,2026-07-06T13:45:46+05:30,2026-07-07,2026-07-06T18:01:42+05:30,2026-07-30T08:07:09+05:30,cleared. monitoring pls verify,uploads/pwd/PWD-TSK-18284.jpg,2026-08-25T11:03:45+05:30,satisfactory,verified
PWD-TSK-18303,,PWD-INC-054906,"Inspect damage to Thiru. Vi. Ka. Bridge, Adyar",TLK10,Adyar,13.034756,80.257779,PWD-OFF-017,2026-07-06T15:39:48+05:30,2026-08-30,2026-07-08T13:01:31+05:30,2026-07-19T09:45:35+05:30,erosion protection w/ boulders done pls verify,uploads/pwd/PWD-TSK-18303.jpg,2026-08-10T11:18:42+05:30,satisfactory,verified
PWD-TSK-18263,,PWD-INC-054782,Remove encroachment on Adambakkam Lake at Adambakkam,TLK01,Adambakkam,12.998002,80.202621,PWD-OFF-016,2026-07-06T17:20:23+05:30,2026-08-12,2026-07-17T10:03:59+05:30,2026-07-29T15:33:00+05:30,encroachment removed with police help pls verify,uploads/pwd/PWD-TSK-18263.jpg,2026-08-13T16:29:10+05:30,verified by DRO,verified
PWD-TSK-18321,,PWD-INC-054964,Attend sluice gate defect - Ambattur Lake Sluice,TLK02,Ambattur,13.112456,80.154991,PWD-OFF-014,2026-07-06T17:39:48+05:30,2026-07-29,2026-07-13T13:06:13+05:30,2026-09-21T11:29:21+05:30,redone as per Collr remarks,uploads/pwd/PWD-TSK-18321.jpg,2026-09-28T13:00:59+05:30,"re-inspected, satisfactory now",verified
PWD-TSK-18304,,PWD-INC-054904,Repair shutter of Ambattur Lake Sluice,TLK02,Ambattur,13.113963,80.153979,PWD-OFF-016,2026-07-07T10:35:43+05:30,2026-07-24,2026-07-08T10:24:47+05:30,2026-07-15T10:20:19+05:30,"gate freed, working ok",uploads/pwd/PWD-TSK-18304.jpg,2026-07-21T16:19:49+05:30,"photo ok, closed",verified
PWD-TSK-18322,,PWD-INC-054963,"Attend roof leak / cracks - Govt Girls Hr Sec School, Ambattur",TLK02,Ambattur,13.113691,80.155014,PWD-OFF-007,2026-07-07T11:28:32+05:30,2026-09-02,2026-07-08T10:17:31+05:30,2026-07-15T10:08:46+05:30,roof waterproofing done pls verify,uploads/pwd/PWD-TSK-18322.jpg,2026-07-23T10:28:32+05:30,"photo ok, closed",verified
PWD-TSK-18361,,PWD-INC-055081,Survey & evict encroachment - Buckingham Canal - Korukkupet stretch,TLK15,Korukkupet,13.131635,80.286771,PWD-OFF-020,2026-07-07T11:32:08+05:30,2026-09-02,2026-07-08T15:18:24+05:30,2026-09-11T12:18:29+05:30,"huts removed, revenue dept present.",uploads/pwd/PWD-TSK-18361.jpg,,,completed_pending_verification
PWD-TSK-18341,,PWD-INC-055023,Desilt / clear blockage in Anna Nagar Macro Drain near Anna Nagar,TLK03,Anna Nagar,13.071508,80.225040,PWD-OFF-013,2026-07-07T12:15:03+05:30,2026-07-18,2026-07-13T10:27:20+05:30,2026-07-16T12:28:32+05:30,"drain mouth cleaned, hyacinth removed - AE",uploads/pwd/PWD-TSK-18341.jpg,2026-08-04T10:05:25+05:30,satisfactory,verified
PWD-TSK-18362,,PWD-INC-055083,Sandbag bank of Villivakkam Macro Drain near Villivakkam,TLK04,Villivakkam,13.094157,80.237157,PWD-OFF-018,2026-07-08T11:33:33+05:30,2026-07-13,2026-07-10T06:24:31+05:30,2026-07-11T10:17:00+05:30,"flow normal now, debris removed at bridge pls verify",uploads/pwd/PWD-TSK-18362.jpg,2026-07-17T11:04:34+05:30,verified by DRO,verified
PWD-TSK-18401,,PWD-INC-055206,Clear waterlogging at Guindy Industrial Estate (Sannathi St),TLK06,Guindy Industrial Estate,13.010893,80.207997,PWD-OFF-019,2026-07-09T09:59:12+05:30,2026-07-11,2026-07-11T21:44:13+05:30,2026-08-09T17:57:17+05:30,"rework done, debris cleared fully",uploads/pwd/PWD-TSK-18401.jpg,2026-08-17T10:23:27+05:30,"re-inspected, satisfactory now",verified
PWD-TSK-18402,,PWD-INC-055201,"Emergency closure of breach - Adambakkam Lake, Adambakkam",TLK01,Adambakkam,12.996625,80.203099,PWD-OFF-012,2026-07-09T10:14:26+05:30,2026-07-10,2026-07-09T10:56:05+05:30,2026-08-11T09:29:53+05:30,balance work completed,uploads/pwd/PWD-TSK-18402.jpg,2026-08-19T21:16:06+05:30,"rework verified, ok",verified
PWD-TSK-18342,,PWD-INC-055021,"Structural inspection & repair - Institute of Child Health, Egmore",TLK05,Egmore,13.078347,80.260168,PWD-OFF-006,2026-07-09T10:16:28+05:30,2026-08-27,2026-07-27T12:50:39+05:30,2026-09-04T10:16:51+05:30,redone as per Collr remarks,uploads/pwd/PWD-TSK-18342.jpg,2026-09-11T13:55:13+05:30,"re-inspected, satisfactory now",verified
PWD-TSK-18381,,PWD-INC-055151,Sandbag bank of Buckingham Canal - Basin Bridge stretch near Pulianthope,TLK12,Pulianthope,13.084841,80.256520,PWD-OFF-013,2026-07-09T10:23:30+05:30,2026-07-12,2026-07-13T12:19:05+05:30,2026-07-15T12:23:40+05:30,wrk completed (JE),uploads/pwd/PWD-TSK-18381.jpg,2026-07-20T12:14:01+05:30,verified. good work,verified
PWD-TSK-18382,,PWD-INC-055147,"Pump out stagnant water - Jeevan Nagar 2nd St, Anna Nagar",TLK03,Anna Nagar,13.073565,80.223497,PWD-OFF-013,2026-07-09T10:33:14+05:30,2026-07-12,2026-07-09T15:07:51+05:30,2026-07-11T17:08:15+05:30,"water pumped out, road clear",uploads/pwd/PWD-TSK-18382.jpg,2026-07-13T10:16:00+05:30,"photo ok, closed",verified
PWD-TSK-18403,,PWD-INC-055214,Deploy pumpset & drain water - Saidapet,TLK06,Saidapet,13.009019,80.210535,PWD-OFF-019,2026-07-09T11:34:01+05:30,2026-07-12,2026-07-09T14:44:44+05:30,2026-07-12T09:04:59+05:30,"water receded, inlet cleaned (JE)",uploads/pwd/PWD-TSK-18403.jpg,2026-07-31T11:55:04+05:30,satisfactory,verified
PWD-TSK-18404,,PWD-INC-055215,Deploy pumpset & drain water - St. Thomas Mount,TLK01,St. Thomas Mount,12.988554,80.206472,PWD-OFF-016,2026-07-09T12:03:01+05:30,2026-07-11,2026-07-09T12:51:50+05:30,2026-08-12T15:51:23+05:30,"water pumped out, road clear - AE",uploads/pwd/PWD-TSK-18404.jpg,2026-09-09T14:42:40+05:30,verified by DRO,verified
PWD-TSK-18405,,PWD-INC-055219,"Remove collapsed wall debris near Jeevan Nagar 2nd St, Kilpauk",TLK12,Kilpauk,13.098458,80.254018,PWD-OFF-015,2026-07-09T15:31:48+05:30,2026-07-18,2026-07-13T10:27:49+05:30,2026-07-20T09:18:24+05:30,"debris cleared, barricade put pls verify",uploads/pwd/PWD-TSK-18405.jpg,2026-07-23T12:48:04+05:30,verified by DRO,verified
PWD-TSK-18406,,PWD-INC-055222,Inspect damage to Aminjikarai Cooum Bridge,TLK03,Aminjikarai,13.073342,80.221836,PWD-OFF-013,2026-07-09T21:30:17+05:30,2026-08-24,2026-07-13T10:35:25+05:30,2026-08-15T08:48:02+05:30,erosion protection w/ boulders done,uploads/pwd/PWD-TSK-18406.jpg,2026-08-17T13:50:28+05:30,"field verified by RDO, fine",verified
PWD-TSK-18407,GRV-20260709-25020,,"Grievance - silt & garbage in Buckingham Canal - Ennore stretch, Ennore",TLK14,Ennore,13.159960,80.300332,PWD-OFF-015,2026-07-10T11:48:38+05:30,2026-07-20,2026-07-14T11:51:44+05:30,2026-07-21T11:52:08+05:30,"drain mouth cleaned, hyacinth removed",uploads/pwd/PWD-TSK-18407.jpg,2026-07-24T13:07:11+05:30,verified by DRO,verified
PWD-TSK-18383,,PWD-INC-055142,Desilt / clear blockage in Buckingham Canal - Mandaveli stretch near Mandaveli,TLK10,Mandaveli,13.033674,80.262420,PWD-OFF-017,2026-07-10T12:25:01+05:30,2026-07-17,2026-07-21T11:14:56+05:30,2026-07-23T08:03:19+05:30,"desilted, silt shifted - photo uploaded",uploads/pwd/PWD-TSK-18383.jpg,2026-08-21T11:07:19+05:30,verified by DRO,verified
PWD-TSK-18408,,PWD-INC-055231,Remove encroachment on Kosasthalaiyar River - Manali stretch at Manali,TLK14,Manali,13.158828,80.303899,PWD-OFF-020,2026-07-10T15:58:18+05:30,2026-08-16,2026-08-13T17:41:31+05:30,2026-08-26T12:16:04+05:30,"fencing removed, boundary stones fixed - AE",uploads/pwd/PWD-TSK-18408.jpg,2026-09-22T13:33:53+05:30,"site inspected, satisfactory",verified
PWD-TSK-18421,GRV-20260709-32769,,Petition: Adambakkam Lake Sluice shutter not closing properly,TLK01,Adambakkam,12.991551,80.199755,PWD-OFF-016,2026-07-13T10:01:35+05:30,2026-07-31,2026-07-14T10:06:34+05:30,2026-07-21T12:06:17+05:30,screw rod replaced - photo uploaded,uploads/pwd/PWD-TSK-18421.jpg,2026-08-31T12:55:17+05:30,"photo ok, closed",verified
PWD-TSK-18409,,PWD-INC-055227,Clear choked Buckingham Canal - Okkiyam stretch at New Colony 2nd St,TLK13,Okkiyam Thoraipakkam,12.903701,80.220534,PWD-OFF-016,2026-07-13T10:08:29+05:30,2026-07-29,2026-08-24T10:49:56+05:30,2026-08-25T13:39:52+05:30,"work under progress, now completed.",uploads/pwd/PWD-TSK-18409.jpg,2026-09-01T12:22:16+05:30,verified by DRO,verified
PWD-TSK-18410,,PWD-INC-055230,Remove encroachment on Buckingham Canal - Korukkupet stretch at Korukkupet,TLK15,Korukkupet,13.132455,80.286061,PWD-OFF-015,2026-07-13T10:14:09+05:30,2026-09-09,2026-08-17T15:50:57+05:30,2026-09-07T15:30:15+05:30,encroachment removed with police help - photo uploaded,uploads/pwd/PWD-TSK-18410.jpg,2026-09-23T10:49:00+05:30,satisfactory,verified
PWD-TSK-18461,GRV-20260711-50195,,"Grievance - unsafe building condition, Ezhilagam Govt Office Complex",TLK10,Triplicane,13.031161,80.270662,PWD-OFF-004,2026-07-13T10:20:37+05:30,2026-08-12,2026-07-14T11:25:23+05:30,2026-07-29T12:34:53+05:30,roof waterproofing done,uploads/pwd/PWD-TSK-18461.jpg,2026-08-03T10:17:02+05:30,satisfactory,verified
PWD-TSK-18411,,PWD-INC-055209,Survey & evict encroachment - Adyar River - Jafferkhanpet stretch,TLK06,Jafferkhanpet,13.007172,80.218743,PWD-OFF-017,2026-07-13T12:45:32+05:30,2026-08-31,2026-08-03T10:08:42+05:30,2026-08-17T11:25:54+05:30,encroachment removed with police help pls verify,uploads/pwd/PWD-TSK-18411.jpg,2026-08-19T15:00:13+05:30,"field verified by RDO, fine",verified
PWD-TSK-18412,,PWD-INC-055228,"Attend roof leak / cracks - Institute of Child Health, Egmore",TLK05,Egmore,13.080832,80.258053,PWD-OFF-006,2026-07-13T14:39:49+05:30,2026-08-28,2026-07-14T10:49:32+05:30,2026-07-20T15:13:34+05:30,work completed - photo uploaded,uploads/pwd/PWD-TSK-18412.jpg,2026-07-22T10:39:06+05:30,"field verified by RDO, fine",verified
PWD-TSK-18441,,PWD-INC-055324,Structural inspection & repair - Govt Kilpauk Medical College Hospital,TLK12,Kilpauk,13.093357,80.256264,PWD-OFF-007,2026-07-13T15:46:55+05:30,2026-08-22,2026-07-20T13:43:20+05:30,2026-07-31T16:09:25+05:30,"crack sealed, plastering done",uploads/pwd/PWD-TSK-18441.jpg,2026-08-11T11:33:22+05:30,"verified, ok",verified
PWD-TSK-18481,,PWD-INC-055447,Clear debris & rebuild wall - Velachery,TLK16,Velachery,12.978155,80.223686,PWD-OFF-016,2026-07-14T11:44:40+05:30,2026-08-01,2026-07-14T16:43:43+05:30,2026-07-19T08:08:04+05:30,"debris cleared, barricade put (JE)",uploads/pwd/PWD-TSK-18481.jpg,2026-08-24T18:14:16+05:30,verified. good work,verified
PWD-TSK-18482,,PWD-INC-055445,Repair shutter of Adambakkam Lake Sluice,TLK01,Adambakkam,12.992736,80.199856,PWD-OFF-012,2026-07-14T13:30:19+05:30,2026-07-28,2026-07-15T12:18:26+05:30,2026-09-01T09:27:33+05:30,"rework done, debris cleared fully",uploads/pwd/PWD-TSK-18482.jpg,2026-09-10T10:01:57+05:30,"rework verified, ok",verified
PWD-TSK-18462,,PWD-INC-055383,Repair parapet/deck of Basin Bridge,TLK12,Pulianthope,13.083158,80.255504,PWD-OFF-015,2026-07-14T15:06:05+05:30,2026-09-09,2026-07-15T10:44:16+05:30,2026-08-09T11:07:16+05:30,"railing fixed, potholes patched (JE)",uploads/pwd/PWD-TSK-18462.jpg,2026-08-21T10:35:31+05:30,"photo ok, closed",verified
PWD-TSK-18501,,PWD-INC-055501,Structural inspection & repair - Govt Kilpauk Medical College Hospital,TLK12,Kilpauk,13.093376,80.256993,PWD-OFF-007,2026-07-15T10:06:12+05:30,2026-08-26,2026-07-28T10:34:27+05:30,2026-09-09T11:02:37+05:30,"work under progress, now completed - AE",uploads/pwd/PWD-TSK-18501.jpg,2026-09-15T10:20:15+05:30,verified. good work,verified
PWD-TSK-18483,GRV-20260711-50242,,"Petition: remove encroachment on Virugambakkam-Arumbakkam Canal, Virugambakkam",TLK08,Virugambakkam,13.064221,80.174351,PWD-OFF-020,2026-07-15T10:20:06+05:30,2026-08-24,2026-07-20T10:09:54+05:30,2026-08-10T11:45:38+05:30,wrk completed - AE,uploads/pwd/PWD-TSK-18483.jpg,2026-08-11T16:03:07+05:30,satisfactory,verified
PWD-TSK-18502,,PWD-INC-055502,Inspect damage to Napier Bridge,TLK10,Triplicane,13.032609,80.267578,PWD-OFF-012,2026-07-15T10:37:51+05:30,2026-08-22,2026-07-27T10:20:39+05:30,2026-08-06T12:21:20+05:30,parapet repaired.,uploads/pwd/PWD-TSK-18502.jpg,2026-08-10T11:04:21+05:30,verified. good work,verified
PWD-TSK-18503,GRV-20260713-04089,,Petition: desilting of Nanganallur Macro Drain near Nanganallur,TLK01,Nanganallur,12.993724,80.199172,PWD-OFF-016,2026-07-15T10:59:49+05:30,2026-07-29,2026-07-16T11:41:48+05:30,2026-07-21T14:47:46+05:30,silt removed 3 loads,uploads/pwd/PWD-TSK-18503.jpg,2026-07-27T10:36:26+05:30,"photo ok, closed",verified
PWD-TSK-18521,,PWD-INC-055563,Clear debris & rebuild wall - Pulianthope,TLK12,Pulianthope,13.084345,80.255937,PWD-OFF-015,2026-07-15T15:03:06+05:30,2026-08-01,2026-07-15T16:41:23+05:30,2026-07-23T12:22:01+05:30,wall rebuilt approx 12m,uploads/pwd/PWD-TSK-18521.jpg,2026-08-05T16:47:48+05:30,satisfactory,verified
PWD-TSK-18522,,PWD-INC-055564,"Remove collapsed wall debris near Kannadasan St, Santhome",TLK10,Santhome,13.034909,80.274179,PWD-OFF-017,2026-07-15T15:23:11+05:30,2026-07-27,2026-07-15T20:37:38+05:30,2026-08-06T10:10:51+05:30,balance work completed,uploads/pwd/PWD-TSK-18522.jpg,2026-08-14T11:02:30+05:30,"re-inspected, satisfactory now",verified
PWD-TSK-18523,GRV-20260715-18188,,"Grievance - unsafe building condition, Rajiv Gandhi Govt General Hospital - Tower Block",TLK05,Periamet,13.079279,80.270068,PWD-OFF-006,2026-07-16T10:19:25+05:30,2026-09-12,2026-07-27T11:38:26+05:30,2026-08-29T10:55:24+05:30,redone as per Collr remarks,uploads/pwd/PWD-TSK-18523.jpg,2026-09-07T12:35:05+05:30,"ok now, closed",verified
PWD-TSK-18524,,PWD-INC-055569,Repair parapet/deck of Manali Kosasthalaiyar Causeway,TLK14,Manali,13.161684,80.303869,PWD-OFF-015,2026-07-16T11:08:45+05:30,2026-08-27,2026-07-17T10:24:24+05:30,2026-07-26T15:02:15+05:30,"railing fixed, potholes patched",uploads/pwd/PWD-TSK-18524.jpg,2026-08-10T11:42:13+05:30,"verified, ok",verified
PWD-TSK-18504,,PWD-INC-055508,Remove encroachment on Adyar River - Saidapet stretch at Saidapet,TLK06,Saidapet,13.010857,80.208138,PWD-OFF-020,2026-07-16T11:36:01+05:30,2026-08-17,2026-07-20T11:03:49+05:30,2026-08-03T14:51:57+05:30,encroachment removed with police help.,uploads/pwd/PWD-TSK-18504.jpg,2026-08-04T11:32:03+05:30,"site inspected, satisfactory",verified
PWD-TSK-18525,,PWD-INC-055565,Clear choked Buckingham Canal - Thiruvanmiyur stretch at Rajiv Gandhi St,TLK16,Thiruvanmiyur,12.984305,80.219495,PWD-OFF-016,2026-07-16T12:50:05+05:30,2026-07-26,2026-08-06T12:21:55+05:30,2026-08-11T08:03:03+05:30,silt removed 3 loads,uploads/pwd/PWD-TSK-18525.jpg,2026-09-02T14:19:50+05:30,verified. good work,verified
PWD-TSK-18526,,PWD-INC-055562,Repair parapet/deck of Aminjikarai Cooum Bridge,TLK03,Aminjikarai,13.071269,80.224614,PWD-OFF-013,2026-07-17T10:07:54+05:30,2026-08-29,2026-07-20T11:08:21+05:30,2026-08-09T08:42:19+05:30,erosion protection w/ boulders done,uploads/pwd/PWD-TSK-18526.jpg,2026-08-14T13:15:12+05:30,"site inspected, satisfactory",verified
PWD-TSK-18527,,PWD-INC-055571,Remove encroachment on Buckingham Canal - Korukkupet stretch at Korukkupet,TLK15,Korukkupet,13.135504,80.287014,PWD-OFF-018,2026-07-17T10:37:21+05:30,2026-08-17,2026-07-17T13:05:15+05:30,2026-08-29T08:03:09+05:30,"reattended, photo re-uploaded",uploads/pwd/PWD-TSK-18527.jpg,2026-09-02T10:05:24+05:30,"ok now, closed",verified
PWD-TSK-18541,GRV-20260713-31723,,Grievance - illegal construction in Buckingham Canal - Basin Bridge stretch,TLK12,Pulianthope,13.083462,80.256324,PWD-OFF-013,2026-07-17T10:46:23+05:30,2026-09-06,2026-07-20T10:33:26+05:30,2026-07-25T15:32:54+05:30,"fencing removed, boundary stones fixed - AE",uploads/pwd/PWD-TSK-18541.jpg,2026-08-17T11:29:42+05:30,verified. good work,verified
PWD-TSK-18561,,PWD-INC-055682,Structural inspection & repair - Govt Stanley Hospital - OP Block,TLK15,Old Washermanpet,13.128417,80.290064,PWD-OFF-006,2026-07-17T12:20:08+05:30,2026-09-04,2026-08-10T11:57:41+05:30,2026-08-14T13:20:39+05:30,work completed (JE),uploads/pwd/PWD-TSK-18561.jpg,2026-08-17T12:15:24+05:30,"site inspected, satisfactory",verified
PWD-TSK-18542,,PWD-INC-055625,Attend roof leak / cracks - Ezhilagam Govt Office Complex,TLK10,Triplicane,13.030627,80.268870,PWD-OFF-004,2026-07-17T15:03:39+05:30,2026-08-25,2026-07-30T10:46:13+05:30,2026-09-11T12:34:18+05:30,"crack sealed, plastering done (JE)",uploads/pwd/PWD-TSK-18542.jpg,,,completed_pending_verification
PWD-TSK-18528,,PWD-INC-055570,Survey & evict encroachment - Buckingham Canal - Korukkupet stretch,TLK15,Korukkupet,13.135247,80.284627,PWD-OFF-015,2026-07-17T15:35:12+05:30,2026-08-29,2026-08-24T10:42:45+05:30,2026-09-04T08:43:46+05:30,notice served & removed - photo uploaded,uploads/pwd/PWD-TSK-18528.jpg,2026-10-01T14:21:43+05:30,"checked, work ok",verified
PWD-TSK-18529,,PWD-INC-055568,Structural inspection & repair - Ezhilagam Govt Office Complex,TLK10,Triplicane,13.029841,80.269095,PWD-OFF-004,2026-07-17T16:54:57+05:30,2026-09-15,2026-07-20T10:13:12+05:30,2026-09-23T10:50:52+05:30,"crack sealed, plastering done pls verify",uploads/pwd/PWD-TSK-18529.jpg,,,completed_pending_verification
PWD-TSK-18581,,PWD-INC-055751,Deploy pumpset & drain water - Semmancheri,TLK13,Semmancheri,12.895761,80.223256,PWD-OFF-019,2026-07-18T07:40:36+05:30,2026-07-21,2026-07-18T13:35:02+05:30,2026-07-20T09:05:55+05:30,"drained, silt removed at inlet",uploads/pwd/PWD-TSK-18581.jpg,2026-08-07T12:07:27+05:30,"checked, work ok",verified
PWD-TSK-18582,,PWD-INC-055752,Clear waterlogging at Meenambakkam (Ambedkar St),TLK01,Meenambakkam,12.998377,80.191021,PWD-OFF-016,2026-07-18T09:00:22+05:30,2026-07-19,2026-07-18T09:52:14+05:30,2026-08-10T09:51:02+05:30,stagnation cleared by evening - photo uploaded,uploads/pwd/PWD-TSK-18582.jpg,2026-08-13T10:36:14+05:30,"checked, work ok",verified
PWD-TSK-18583,,PWD-INC-055770,Sandbag bank of Veerangal Odai near Velachery,TLK16,Velachery,12.979292,80.223302,PWD-OFF-012,2026-07-18T16:47:29+05:30,2026-07-20,2026-07-18T17:12:31+05:30,2026-08-10T12:13:54+05:30,redone as per Collr remarks,uploads/pwd/PWD-TSK-18583.jpg,2026-08-19T10:15:50+05:30,"re-inspected, satisfactory now",verified
PWD-TSK-18584,,PWD-INC-055773,Sandbag bank of Otteri Nullah - Perambur stretch near Perambur,TLK11,Perambur,13.118455,80.236598,PWD-OFF-018,2026-07-18T17:09:03+05:30,2026-07-22,2026-07-18T22:58:37+05:30,2026-08-16T09:55:20+05:30,"flow normal now, debris removed at bridge",uploads/pwd/PWD-TSK-18584.jpg,2026-08-17T10:19:52+05:30,"verified, ok",verified
PWD-TSK-18562,,PWD-INC-055684,Repair shutter of Ennore Creek Regulator,TLK14,Ennore,13.161914,80.300504,PWD-OFF-014,2026-07-20T10:02:43+05:30,2026-08-10,2026-08-27T11:00:18+05:30,2026-09-03T11:17:20+05:30,screw rod replaced,uploads/pwd/PWD-TSK-18562.jpg,2026-09-18T14:39:31+05:30,ok,verified
PWD-TSK-18585,,PWD-INC-055776,Desilt / clear blockage in Kathivakkam Macro Drain near Kathivakkam,TLK14,Kathivakkam,13.159614,80.302308,PWD-OFF-015,2026-07-20T10:02:51+05:30,2026-08-04,2026-07-30T10:22:03+05:30,2026-08-03T08:21:45+05:30,wrk completed - AE,uploads/pwd/PWD-TSK-18585.jpg,2026-08-24T15:07:22+05:30,verified. good work,verified
PWD-TSK-18586,,PWD-INC-055750,Clear waterlogging at Thoraipakkam (Lake View Rd),TLK13,Thoraipakkam,12.895020,80.219718,PWD-OFF-019,2026-07-20T10:13:09+05:30,2026-07-21,2026-07-20T15:55:47+05:30,2026-07-23T10:42:27+05:30,"drained, silt removed at inlet pls verify",uploads/pwd/PWD-TSK-18586.jpg,2026-08-10T11:57:05+05:30,"verified, ok",verified
PWD-TSK-18587,,PWD-INC-055780,Monitor surplus course of Nolambur Lake & clear obstructions,TLK08,Nolambur,13.066358,80.168871,PWD-OFF-013,2026-07-20T10:17:04+05:30,2026-07-23,2026-07-20T15:47:05+05:30,2026-07-26T13:54:08+05:30,"monitoring, no damage",uploads/pwd/PWD-TSK-18587.jpg,2026-08-31T11:31:46+05:30,"verified, ok",verified
PWD-TSK-18530,,PWD-INC-055567,Clear choked Otteri Nullah - Perambur stretch at Anna St,TLK11,Perambur,13.118751,80.234250,PWD-OFF-018,2026-07-20T10:17:28+05:30,2026-08-07,2026-07-27T11:44:24+05:30,2026-08-06T08:20:52+05:30,"work under progress, now completed - photo uploaded",uploads/pwd/PWD-TSK-18530.jpg,2026-09-03T12:08:56+05:30,"checked, work ok",verified
PWD-TSK-18588,,PWD-INC-055742,"Pump out stagnant water - Market Rd, Kotturpuram",TLK10,Kotturpuram,13.028918,80.268097,PWD-OFF-019,2026-07-20T10:18:21+05:30,2026-07-21,2026-07-22T10:24:34+05:30,2026-07-23T08:25:14+05:30,stagnation cleared by evening,uploads/pwd/PWD-TSK-18588.jpg,2026-08-24T10:17:01+05:30,"verified, ok",verified
PWD-TSK-18563,,PWD-INC-055681,"Attend roof leak / cracks - Govt Hr Sec School, Ashok Nagar",TLK09,Ashok Nagar,13.034443,80.226049,PWD-OFF-004,2026-07-20T10:24:13+05:30,2026-08-19,2026-07-21T14:14:17+05:30,2026-08-10T09:40:26+05:30,"temp props given, estimate sent for major repair - photo uploaded",uploads/pwd/PWD-TSK-18563.jpg,2026-08-17T11:04:35+05:30,"verified, ok",verified
PWD-TSK-18589,,PWD-INC-055777,"Emergency closure of breach - Mogappair Eri, Mogappair",TLK02,Mogappair,13.114928,80.154362,PWD-OFF-014,2026-07-20T10:52:34+05:30,2026-07-23,2026-07-21T14:29:11+05:30,2026-08-10T12:39:53+05:30,wrk completed.,uploads/pwd/PWD-TSK-18589.jpg,2026-08-31T10:26:24+05:30,"site inspected, satisfactory",verified
PWD-TSK-18590,,PWD-INC-055786,Desilt / clear blockage in Virugambakkam-Arumbakkam Canal near Virugambakkam,TLK08,Virugambakkam,13.062676,80.174417,PWD-OFF-013,2026-07-20T10:56:15+05:30,2026-07-28,2026-07-21T13:15:05+05:30,2026-07-24T09:07:34+05:30,work completed - photo uploaded,uploads/pwd/PWD-TSK-18590.jpg,2026-07-27T15:52:56+05:30,"site inspected, satisfactory",verified
PWD-TSK-18564,GRV-20260717-03531,,Petition: desilting of Buckingham Canal - Okkiyam stretch near Okkiyam Thoraipakkam,TLK13,Okkiyam Thoraipakkam,12.906288,80.223508,PWD-OFF-012,2026-07-20T11:29:32+05:30,2026-08-03,2026-07-20T17:07:59+05:30,2026-08-06T11:21:23+05:30,attended & completed - photo uploaded,uploads/pwd/PWD-TSK-18564.jpg,2026-08-24T10:08:52+05:30,"field verified by RDO, fine",verified
PWD-TSK-18591,,PWD-INC-055774,Monitor surplus course of Adambakkam Lake & clear obstructions,TLK01,Adambakkam,12.995519,80.200932,PWD-OFF-016,2026-07-20T12:22:46+05:30,2026-07-25,2026-07-20T16:04:59+05:30,2026-08-18T18:52:32+05:30,surplus channel cleaned - AE,uploads/pwd/PWD-TSK-18591.jpg,2026-08-27T10:25:12+05:30,verified. good work,verified
PWD-TSK-18565,GRV-20260716-07927,,"Grievance - seepage through Ambattur Lake bund, Ambattur",TLK02,Ambattur,13.113622,80.151224,PWD-OFF-014,2026-07-20T12:32:04+05:30,2026-09-14,2026-07-24T10:29:09+05:30,2026-07-30T09:02:20+05:30,bund top raised,uploads/pwd/PWD-TSK-18565.jpg,2026-08-24T10:08:36+05:30,"checked, work ok",verified
PWD-TSK-18592,,PWD-INC-055782,Structural inspection & repair - the govt building,TLK03,Shenoy Nagar,13.070849,80.226255,PWD-OFF-013,2026-07-20T13:35:10+05:30,2026-09-05,2026-07-21T10:23:43+05:30,2026-09-11T10:47:57+05:30,"reattended, photo re-uploaded",uploads/pwd/PWD-TSK-18592.jpg,2026-09-21T12:07:45+05:30,"re-inspected, satisfactory now",verified
PWD-TSK-18593,,PWD-INC-055745,Deploy pumpset & drain water - Nandambakkam,TLK01,Nandambakkam,12.991987,80.203956,PWD-OFF-016,2026-07-20T15:44:59+05:30,2026-07-21,2026-07-20T21:19:01+05:30,2026-07-22T16:17:59+05:30,wrk completed.,uploads/pwd/PWD-TSK-18593.jpg,2026-07-24T16:51:46+05:30,"verified, ok",verified
PWD-TSK-18621,,PWD-INC-055864,Inspect damage to Okkiyam Madavu Bridge,TLK13,Okkiyam Thoraipakkam,12.907991,80.222773,PWD-OFF-015,2026-07-20T16:09:07+05:30,2026-09-18,2026-07-30T10:49:59+05:30,2026-08-07T10:46:47+05:30,erosion protection w/ boulders done - photo uploaded,uploads/pwd/PWD-TSK-18621.jpg,2026-08-19T10:26:05+05:30,verified by DRO,verified
PWD-TSK-18622,,PWD-INC-055863,"Repair parapet/deck of Thiru. Vi. Ka. Bridge, Adyar",TLK10,Adyar,13.034469,80.258593,PWD-OFF-015,2026-07-20T16:54:28+05:30,2026-08-26,2026-07-30T12:41:59+05:30,,,,,,in_progress
PWD-TSK-18623,,PWD-INC-055870,Clear debris & rebuild wall - Royapettah,TLK10,Royapettah,13.032610,80.263982,PWD-OFF-015,2026-07-21T11:16:29+05:30,2026-08-03,2026-07-22T22:00:57+05:30,2026-07-25T08:30:37+05:30,"debris removed, estimate for new wall sent (JE)",uploads/pwd/PWD-TSK-18623.jpg,2026-08-27T11:35:25+05:30,"verified, ok",verified
PWD-TSK-18641,,PWD-INC-055926,"Inspect damage to Thiru. Vi. Ka. Bridge, Adyar",TLK10,Adyar,13.032650,80.258263,PWD-OFF-013,2026-07-21T17:55:51+05:30,2026-08-28,2026-07-24T12:38:53+05:30,2026-08-23T10:36:51+05:30,erosion protection w/ boulders done,uploads/pwd/PWD-TSK-18641.jpg,2026-08-24T10:40:40+05:30,"photo ok, closed",verified
PWD-TSK-18642,,PWD-INC-055927,Clear waterlogging at Villivakkam (Mettu St),TLK04,Villivakkam,13.096097,80.239112,PWD-OFF-019,2026-07-21T20:18:45+05:30,2026-07-22,2026-07-21T22:10:17+05:30,2026-08-18T17:47:03+05:30,balance work completed,uploads/pwd/PWD-TSK-18642.jpg,2026-08-24T10:25:43+05:30,"re-inspected, satisfactory now",verified
PWD-TSK-18643,GRV-20260720-40562,,Petition: desilting of Buckingham Canal - Okkiyam stretch near Okkiyam Thoraipakkam,TLK13,Okkiyam Thoraipakkam,12.905038,80.223700,PWD-OFF-016,2026-07-22T11:50:26+05:30,2026-08-05,2026-07-23T12:27:54+05:30,2026-07-26T09:32:24+05:30,silt removed 3 loads - AE,uploads/pwd/PWD-TSK-18643.jpg,2026-07-28T10:48:16+05:30,"checked, work ok",verified
PWD-TSK-18624,,PWD-INC-055869,Survey & evict encroachment - Velachery Lake,TLK16,Velachery,12.978873,80.221134,PWD-OFF-016,2026-07-22T11:58:48+05:30,2026-09-10,2026-08-12T11:02:47+05:30,2026-09-14T08:23:08+05:30,"fencing removed, boundary stones fixed",uploads/pwd/PWD-TSK-18624.jpg,,,completed_pending_verification
PWD-TSK-18661,,PWD-INC-055984,Survey & evict encroachment - Otteri Nullah - Kilpauk stretch,TLK12,Kilpauk,13.094293,80.258265,PWD-OFF-020,2026-07-22T14:41:21+05:30,2026-08-29,2026-07-31T16:52:55+05:30,2026-08-05T13:06:11+05:30,"huts removed, revenue dept present - AE",uploads/pwd/PWD-TSK-18661.jpg,2026-08-20T11:51:40+05:30,"verified, ok",verified
PWD-TSK-18625,,PWD-INC-055868,Survey & evict encroachment - Chetpet Lake,TLK05,Chetpet,13.080086,80.260374,PWD-OFF-020,2026-07-23T10:11:55+05:30,2026-09-21,2026-07-27T11:59:32+05:30,2026-08-13T09:43:28+05:30,"huts removed, revenue dept present - AE",uploads/pwd/PWD-TSK-18625.jpg,2026-08-20T11:33:32+05:30,"verified, ok",verified
PWD-TSK-18662,,PWD-INC-055989,Inspect damage to Aminjikarai Cooum Bridge,TLK03,Aminjikarai,13.070693,80.221858,PWD-OFF-013,2026-07-23T10:27:43+05:30,2026-09-10,2026-08-24T11:10:41+05:30,2026-09-26T17:37:01+05:30,parapet repaired.,uploads/pwd/PWD-TSK-18662.jpg,2026-09-29T10:06:10+05:30,"water still stagnant at site, redo",reopened
PWD-TSK-18663,,PWD-INC-055985,"Attend roof leak / cracks - Govt Peripheral Hospital, Periyar Nagar",TLK04,Periyar Nagar,13.100298,80.228274,PWD-OFF-006,2026-07-23T12:17:41+05:30,2026-09-06,2026-07-27T14:48:15+05:30,2026-09-12T15:28:33+05:30,"inspected, minor cracks attended - AE",uploads/pwd/PWD-TSK-18663.jpg,2026-09-15T11:31:39+05:30,"verified, ok",verified
PWD-TSK-18664,,PWD-INC-055988,Remove encroachment on Chetpet Lake at Chetpet,TLK05,Chetpet,13.083157,80.261560,PWD-OFF-020,2026-07-23T12:44:59+05:30,2026-09-08,2026-07-24T11:32:07+05:30,2026-08-19T16:24:22+05:30,"fencing removed, boundary stones fixed",uploads/pwd/PWD-TSK-18664.jpg,2026-08-24T12:42:54+05:30,satisfactory,verified
PWD-TSK-18626,,PWD-INC-055867,Attend roof leak / cracks - Sholinganallur Taluk Office,TLK13,Sholinganallur,12.897402,80.226171,PWD-OFF-004,2026-07-23T14:28:19+05:30,2026-09-09,2026-07-24T13:25:54+05:30,2026-08-06T14:35:37+05:30,completed as per instructions (JE),uploads/pwd/PWD-TSK-18626.jpg,2026-08-10T10:10:25+05:30,"field verified by RDO, fine",verified
PWD-TSK-18681,,PWD-INC-056047,Clear debris & rebuild wall - Jafferkhanpet,TLK06,Jafferkhanpet,13.004177,80.217133,PWD-OFF-017,2026-07-23T20:11:58+05:30,2026-08-04,2026-07-23T22:14:14+05:30,2026-08-05T12:31:10+05:30,attended & completed,uploads/pwd/PWD-TSK-18681.jpg,2026-08-19T10:28:16+05:30,verified by DRO,verified
PWD-TSK-18665,,PWD-INC-055986,"Structural inspection & repair - Govt Polytechnic College, Taramani",TLK16,Taramani,12.984295,80.214172,PWD-OFF-008,2026-07-23T21:58:00+05:30,2026-09-10,2026-08-15T20:07:14+05:30,2026-09-17T11:09:18+05:30,roof waterproofing done,uploads/pwd/PWD-TSK-18665.jpg,2026-09-21T12:33:51+05:30,"checked, work ok",verified
PWD-TSK-18666,,PWD-INC-055990,Attend sluice gate defect - Ambattur Lake Sluice,TLK02,Ambattur,13.111476,80.156391,PWD-OFF-014,2026-07-24T10:26:54+05:30,2026-08-12,2026-07-28T11:47:24+05:30,2026-07-30T08:25:18+05:30,rubber seal changed - photo uploaded,uploads/pwd/PWD-TSK-18666.jpg,2026-08-03T15:27:23+05:30,ok,verified
PWD-TSK-18667,,PWD-INC-055983,Desilt / clear blockage in Tondiarpet Macro Drain near Tondiarpet,TLK15,Tondiarpet,13.125497,80.289138,PWD-OFF-015,2026-07-24T10:42:09+05:30,2026-08-12,2026-07-24T14:02:47+05:30,2026-07-27T08:49:09+05:30,"desilted, silt shifted - photo uploaded",uploads/pwd/PWD-TSK-18667.jpg,2026-08-31T19:53:05+05:30,"photo ok, closed",verified
PWD-TSK-18682,GRV-20260722-70340,,"Grievance - unsafe building condition, Govt Polytechnic College, Taramani",TLK16,Taramani,12.982942,80.213895,PWD-OFF-007,2026-07-24T10:59:14+05:30,2026-09-03,2026-07-27T11:30:12+05:30,2026-08-19T08:22:19+05:30,done. photo attached (JE),uploads/pwd/PWD-TSK-18682.jpg,2026-09-16T15:05:55+05:30,"site inspected, satisfactory",verified
PWD-TSK-18683,,PWD-INC-056048,Remove encroachment on Cooum River - Nerkundram stretch at Nerkundram,TLK08,Nerkundram,13.062314,80.167087,PWD-OFF-020,2026-07-24T16:39:59+05:30,2026-09-10,2026-07-29T16:43:14+05:30,2026-08-20T08:49:13+05:30,"huts removed, revenue dept present - AE",uploads/pwd/PWD-TSK-18683.jpg,2026-09-16T12:02:56+05:30,"checked, work ok",verified
PWD-TSK-18761,,PWD-INC-056282,Deploy pumpset & drain water - Periyar Nagar,TLK04,Periyar Nagar,13.098681,80.225211,PWD-OFF-018,2026-07-27T09:19:03+05:30,2026-07-28,2026-07-27T13:17:34+05:30,2026-07-30T08:40:20+05:30,wrk completed pls verify,uploads/pwd/PWD-TSK-18761.jpg,2026-08-27T10:17:00+05:30,"field verified by RDO, fine",verified
PWD-TSK-18741,,PWD-INC-056222,"Structural inspection & repair - Govt Hr Sec School, Ashok Nagar",TLK09,Ashok Nagar,13.032448,80.226678,PWD-OFF-004,2026-07-27T10:02:25+05:30,2026-09-23,2026-07-27T13:12:17+05:30,2026-08-08T11:10:53+05:30,"inspected, minor cracks attended",uploads/pwd/PWD-TSK-18741.jpg,2026-08-17T10:38:24+05:30,satisfactory,verified
PWD-TSK-18701,GRV-20260724-42529,,Petition: Ennore Creek Regulator shutter not closing properly,TLK14,Ennore,13.162644,80.300069,PWD-OFF-014,2026-07-27T10:10:48+05:30,2026-08-08,2026-07-28T10:41:12+05:30,2026-07-30T10:13:21+05:30,rubber seal changed pls verify,uploads/pwd/PWD-TSK-18701.jpg,2026-08-10T11:45:26+05:30,"verified, ok",verified
PWD-TSK-18721,GRV-20260722-74016,,Petition: strengthen weak bund of Korattur Lake Bund,TLK02,Korattur,13.108411,80.157132,PWD-OFF-016,2026-07-27T11:00:25+05:30,2026-09-12,2026-08-04T10:46:56+05:30,2026-09-21T08:10:22+05:30,bund top raised,uploads/pwd/PWD-TSK-18721.jpg,,,completed_pending_verification
PWD-TSK-18722,,PWD-INC-056162,Attend roof leak / cracks - Govt Kilpauk Medical College Hospital,TLK12,Kilpauk,13.093703,80.254761,PWD-OFF-009,2026-07-27T11:55:28+05:30,2026-09-17,2026-08-05T10:52:43+05:30,2026-09-14T08:05:02+05:30,roof waterproofing done,uploads/pwd/PWD-TSK-18722.jpg,,,completed_pending_verification
PWD-TSK-18723,GRV-20260722-65900,,"Grievance - unsafe building condition, Govt Kilpauk Medical College Hospital",TLK12,Kilpauk,13.095201,80.255042,PWD-OFF-007,2026-07-27T14:32:46+05:30,2026-09-12,2026-08-17T12:04:26+05:30,2026-08-31T18:56:47+05:30,"temp props given, estimate sent for major repair",uploads/pwd/PWD-TSK-18723.jpg,2026-09-03T10:09:59+05:30,verified by DRO,verified
PWD-TSK-18762,,PWD-INC-056283,Desilt / clear blockage in Virugambakkam-Arumbakkam Canal near Virugambakkam,TLK08,Virugambakkam,13.061878,80.175701,PWD-OFF-013,2026-07-27T14:56:34+05:30,2026-08-07,2026-08-05T09:39:59+05:30,2026-09-15T16:25:11+05:30,"drain mouth cleaned, hyacinth removed - photo uploaded",uploads/pwd/PWD-TSK-18762.jpg,2026-10-01T15:36:15+05:30,wrong location photo uploaded,reopened
PWD-TSK-18742,,PWD-INC-056221,"Attend roof leak / cracks - Govt Girls Hr Sec School, Ambattur",TLK02,Ambattur,13.114731,80.152397,PWD-OFF-007,2026-07-28T13:50:54+05:30,2026-09-15,2026-07-29T10:02:21+05:30,2026-09-03T12:00:12+05:30,"crack sealed, plastering done",uploads/pwd/PWD-TSK-18742.jpg,2026-09-07T15:07:37+05:30,"photo ok, closed",verified
PWD-TSK-18763,,PWD-INC-056287,Repair parapet/deck of Aminjikarai Cooum Bridge,TLK03,Aminjikarai,13.073535,80.221980,PWD-OFF-013,2026-07-28T14:41:31+05:30,2026-09-19,2026-07-29T10:59:18+05:30,2026-09-12T11:09:54+05:30,parapet repaired.,uploads/pwd/PWD-TSK-18763.jpg,,,completed_pending_verification
PWD-TSK-18764,,PWD-INC-056286,"Attend sluice gate defect - Otteri Nullah Regulator, Basin Bridge",TLK12,Pulianthope,13.082794,80.257060,PWD-OFF-013,2026-07-28T14:42:07+05:30,2026-08-07,2026-07-29T10:36:47+05:30,2026-08-01T08:30:20+05:30,screw rod replaced (JE),uploads/pwd/PWD-TSK-18764.jpg,2026-08-13T11:22:55+05:30,satisfactory,verified
PWD-TSK-18781,,PWD-INC-056343,Survey & evict encroachment - Porur Lake,TLK08,Porur,13.057551,80.172070,PWD-OFF-020,2026-07-29T10:44:44+05:30,2026-09-12,2026-08-02T13:17:06+05:30,2026-08-08T17:10:08+05:30,"work under progress, now completed",uploads/pwd/PWD-TSK-18781.jpg,2026-09-18T10:11:41+05:30,"checked, work ok",verified
PWD-TSK-18743,,PWD-INC-056225,Attend sluice gate defect - Ennore Creek Regulator,TLK14,Ennore,13.162368,80.298506,PWD-OFF-015,2026-07-29T12:40:18+05:30,2026-08-16,2026-08-21T13:04:27+05:30,2026-08-26T09:11:29+05:30,screw rod replaced (JE),uploads/pwd/PWD-TSK-18743.jpg,2026-08-28T14:00:40+05:30,"photo ok, closed",verified
PWD-TSK-18782,GRV-20260727-52167,,Petition: Ambattur Lake Sluice shutter not closing properly,TLK02,Ambattur,13.111660,80.155391,PWD-OFF-014,2026-07-29T14:27:33+05:30,2026-08-09,2026-08-31T10:30:10+05:30,2026-09-17T11:51:33+05:30,"gate freed, working ok",uploads/pwd/PWD-TSK-18782.jpg,2026-09-18T10:28:30+05:30,verified by DRO,verified
PWD-TSK-18765,,PWD-INC-056289,Structural inspection & repair - Govt Kilpauk Medical College Hospital,TLK12,Kilpauk,13.092240,80.255150,PWD-OFF-009,2026-07-29T14:43:51+05:30,2026-09-16,2026-08-18T11:03:08+05:30,2026-09-05T08:58:39+05:30,"temp props given, estimate sent for major repair (JE)",uploads/pwd/PWD-TSK-18765.jpg,,,completed_pending_verification
PWD-TSK-18766,,PWD-INC-056284,Clear choked Virugambakkam-Arumbakkam Canal at Thiruvalluvar St,TLK08,Virugambakkam,13.061830,80.173219,PWD-OFF-013,2026-07-29T17:06:27+05:30,2026-08-05,2026-08-19T11:02:26+05:30,2026-08-22T17:45:29+05:30,"desilted, silt shifted pls verify",uploads/pwd/PWD-TSK-18766.jpg,2026-08-27T11:55:15+05:30,"field verified by RDO, fine",verified
PWD-TSK-18783,,PWD-INC-056341,Repair shutter of Velachery Lake Surplus Sluice,TLK16,Velachery,12.978523,80.223623,PWD-OFF-016,2026-07-30T11:01:48+05:30,2026-08-15,2026-09-06T21:47:44+05:30,2026-09-09T09:19:14+05:30,screw rod replaced,uploads/pwd/PWD-TSK-18783.jpg,2026-09-18T11:30:49+05:30,"site inspected, satisfactory",verified
PWD-TSK-18801,,PWD-INC-056407,Survey & evict encroachment - Pallikaranai Marsh Outlet Drain,TLK13,Pallikaranai,12.902529,80.224125,PWD-OFF-016,2026-07-30T11:21:23+05:30,2026-09-20,2026-09-03T10:56:26+05:30,2026-09-22T09:00:26+05:30,"fencing removed, boundary stones fixed - AE",uploads/pwd/PWD-TSK-18801.jpg,2026-10-01T10:18:17+05:30,ok,verified
PWD-TSK-18802,GRV-20260728-48039,,Grievance - illegal construction in Mogappair Eri,TLK02,Mogappair,13.112485,80.154761,PWD-OFF-020,2026-07-30T11:24:32+05:30,2026-08-31,2026-08-03T11:38:45+05:30,2026-09-06T11:01:33+05:30,encroachment removed with police help pls verify,uploads/pwd/PWD-TSK-18802.jpg,,,completed_pending_verification
PWD-TSK-18803,,PWD-INC-056411,Repair parapet/deck of Manali Kosasthalaiyar Causeway,TLK14,Manali,13.160179,80.303624,PWD-OFF-015,2026-07-31T10:19:27+05:30,2026-09-11,2026-09-07T16:28:52+05:30,,,,,,in_progress
PWD-TSK-18821,,PWD-INC-056470,"Remove collapsed wall debris near 1st Avenue, Velachery",TLK16,Velachery,12.980272,80.223161,PWD-OFF-016,2026-07-31T11:18:28+05:30,2026-08-17,2026-07-31T13:41:58+05:30,2026-08-06T09:18:57+05:30,wall rebuilt approx 12m.,uploads/pwd/PWD-TSK-18821.jpg,2026-08-11T10:34:30+05:30,"site inspected, satisfactory",verified
PWD-TSK-18804,,PWD-INC-056405,Desilt / clear blockage in Otteri Nullah - Ayanavaram stretch near Ayanavaram,TLK04,Ayanavaram,13.098288,80.236327,PWD-OFF-015,2026-07-31T11:50:09+05:30,2026-08-21,2026-08-04T10:55:43+05:30,2026-09-26T09:01:22+05:30,"reattended, photo re-uploaded",uploads/pwd/PWD-TSK-18804.jpg,,,completed_pending_verification
PWD-TSK-18822,,PWD-INC-056467,Survey & evict encroachment - Cooum River - Nerkundram stretch,TLK08,Nerkundram,13.064253,80.167280,PWD-OFF-013,2026-07-31T16:43:53+05:30,2026-09-11,2026-08-04T09:40:54+05:30,2026-08-07T08:14:45+05:30,"fencing removed, boundary stones fixed",uploads/pwd/PWD-TSK-18822.jpg,2026-08-21T13:05:12+05:30,"verified, ok",verified
PWD-TSK-18823,,PWD-INC-056472,"Pump out stagnant water - Old Colony 1st St, Anna Nagar",TLK03,Anna Nagar,13.069218,80.223111,PWD-OFF-013,2026-07-31T17:39:33+05:30,2026-08-01,2026-07-31T21:29:19+05:30,2026-08-14T11:26:57+05:30,"work under progress, now completed (JE)",uploads/pwd/PWD-TSK-18823.jpg,2026-09-08T10:39:51+05:30,verified by DRO,verified
PWD-TSK-18841,GRV-20260730-12142,,"Grievance - silt & garbage in Buckingham Canal - Mandaveli stretch, Mandaveli",TLK10,Mandaveli,13.032999,80.263338,PWD-OFF-015,2026-08-02T15:51:06+05:30,2026-08-15,2026-08-03T10:22:14+05:30,2026-08-16T14:05:37+05:30,done. photo attached pls verify,uploads/pwd/PWD-TSK-18841.jpg,2026-08-27T10:23:43+05:30,"field verified by RDO, fine",verified
PWD-TSK-18824,,PWD-INC-056464,"Attend roof leak / cracks - Govt Polytechnic College, Taramani",TLK16,Taramani,12.980604,80.212410,PWD-OFF-007,2026-08-03T10:06:09+05:30,2026-09-17,2026-08-04T10:37:38+05:30,2026-09-26T18:58:35+05:30,"crack sealed, plastering done pls verify",uploads/pwd/PWD-TSK-18824.jpg,2026-09-28T10:53:10+05:30,verified. good work,verified
PWD-TSK-18825,GRV-20260729-15248,,"Petition: remove encroachment on Otteri Nullah - Kilpauk stretch, Kilpauk",TLK12,Kilpauk,13.094296,80.257532,PWD-OFF-013,2026-08-03T10:24:37+05:30,2026-09-21,2026-08-27T10:53:26+05:30,2026-09-28T15:06:38+05:30,notice served & removed,uploads/pwd/PWD-TSK-18825.jpg,,,completed_pending_verification
PWD-TSK-18826,GRV-20260730-27907,,Grievance - illegal construction in Adyar River - Kotturpuram stretch,TLK10,Kotturpuram,13.031117,80.266857,PWD-OFF-020,2026-08-03T11:01:04+05:30,2026-09-26,2026-08-12T14:59:44+05:30,2026-08-29T08:43:10+05:30,wrk completed,uploads/pwd/PWD-TSK-18826.jpg,2026-09-01T16:20:51+05:30,verified by DRO,verified
PWD-TSK-18842,,PWD-INC-056522,Attend roof leak / cracks - Govt Stanley Hospital - OP Block,TLK15,Old Washermanpet,13.127519,80.291107,PWD-OFF-003,2026-08-03T11:48:43+05:30,2026-09-10,2026-08-04T10:32:06+05:30,2026-08-09T17:08:41+05:30,"temp props given, estimate sent for major repair (JE)",uploads/pwd/PWD-TSK-18842.jpg,2026-09-07T14:12:34+05:30,"field verified by RDO, fine",verified
PWD-TSK-18827,,PWD-INC-056463,Desilt / clear blockage in Anna Nagar Macro Drain near Anna Nagar,TLK03,Anna Nagar,13.069802,80.221187,PWD-OFF-013,2026-08-03T11:54:15+05:30,2026-08-24,2026-08-06T11:28:25+05:30,2026-09-18T08:06:44+05:30,"desilted, silt shifted",uploads/pwd/PWD-TSK-18827.jpg,2026-09-21T10:04:45+05:30,"checked, work ok",verified
PWD-TSK-18861,GRV-20260727-78330,,Grievance - illegal construction in Cooum River - Arumbakkam stretch,TLK03,Arumbakkam,13.078392,80.225357,PWD-OFF-013,2026-08-03T14:22:48+05:30,2026-09-02,2026-08-07T10:03:52+05:30,2026-09-26T10:48:22+05:30,"rework done, debris cleared fully",uploads/pwd/PWD-TSK-18861.jpg,2026-09-28T11:29:19+05:30,"re-inspected, satisfactory now",verified
PWD-TSK-18921,,PWD-INC-056761,Deploy pumpset & drain water - Retteri,TLK07,Retteri,13.153747,80.226624,PWD-OFF-018,2026-08-04T10:05:14+05:30,2026-08-07,2026-08-04T14:17:51+05:30,2026-08-06T12:04:43+05:30,"drained, silt removed at inlet",uploads/pwd/PWD-TSK-18921.jpg,2026-08-18T12:43:22+05:30,"verified, ok",verified
PWD-TSK-18881,,PWD-INC-056643,Attend roof leak / cracks - Govt Stanley Hospital - OP Block,TLK15,Old Washermanpet,13.127249,80.290132,PWD-OFF-003,2026-08-04T17:50:24+05:30,2026-09-27,2026-08-17T10:18:06+05:30,2026-08-28T11:11:49+05:30,done. photo attached.,uploads/pwd/PWD-TSK-18881.jpg,2026-09-03T10:20:13+05:30,"field verified by RDO, fine",verified
PWD-TSK-18901,GRV-20260731-98359,,Petition: remove water hyacinth in Madhavaram Lake,TLK07,Madhavaram,13.147489,80.232491,PWD-OFF-014,2026-08-05T10:01:14+05:30,2026-08-24,2026-08-05T11:46:31+05:30,2026-08-08T10:26:26+05:30,"blockage cleared, flow ok - AE",uploads/pwd/PWD-TSK-18901.jpg,2026-09-09T10:38:15+05:30,"verified, ok",verified
PWD-TSK-18922,,PWD-INC-056762,Clear choked Buckingham Canal - Mandaveli stretch at Subramaniyar Koil St,TLK10,Mandaveli,13.032895,80.259037,PWD-OFF-017,2026-08-05T10:44:30+05:30,2026-08-14,2026-08-27T10:48:21+05:30,2026-09-12T10:55:27+05:30,"drain mouth cleaned, hyacinth removed - AE",uploads/pwd/PWD-TSK-18922.jpg,,,completed_pending_verification
PWD-TSK-18902,,PWD-INC-056709,Inspect damage to Napier Bridge,TLK10,Triplicane,13.031462,80.269242,PWD-OFF-017,2026-08-05T10:46:31+05:30,2026-09-09,2026-08-09T14:29:55+05:30,2026-09-05T15:48:56+05:30,"railing fixed, potholes patched pls verify",uploads/pwd/PWD-TSK-18902.jpg,2026-09-22T11:30:00+05:30,"photo ok, closed",verified
PWD-TSK-18923,GRV-20260804-81527,,Petition: desilting of Buckingham Canal - Okkiyam stretch near Okkiyam Thoraipakkam,TLK13,Okkiyam Thoraipakkam,12.905554,80.221390,PWD-OFF-012,2026-08-05T11:13:11+05:30,2026-08-22,2026-08-06T10:56:50+05:30,2026-08-22T18:38:42+05:30,balance work completed,uploads/pwd/PWD-TSK-18923.jpg,2026-08-25T10:37:22+05:30,"re-inspected, satisfactory now",verified
PWD-TSK-18903,,PWD-INC-056711,Attend roof leak / cracks - Govt Royapettah Hospital,TLK10,Royapettah,13.029937,80.267633,PWD-OFF-004,2026-08-05T12:02:58+05:30,2026-09-15,2026-08-06T14:08:19+05:30,2026-08-21T08:35:31+05:30,attended & completed.,uploads/pwd/PWD-TSK-18903.jpg,2026-09-10T11:43:07+05:30,satisfactory,verified
PWD-TSK-18904,GRV-20260802-84465,,Petition: remove water hyacinth in Virugambakkam-Arumbakkam Canal,TLK08,Virugambakkam,13.064245,80.174846,PWD-OFF-013,2026-08-05T15:25:42+05:30,2026-08-20,2026-09-10T10:49:13+05:30,2026-09-14T11:36:09+05:30,silt removed 3 loads pls verify,uploads/pwd/PWD-TSK-18904.jpg,2026-09-30T10:01:58+05:30,satisfactory,verified
PWD-TSK-18905,,PWD-INC-056702,Clear choked Captain Cotton Canal - Vyasarpadi stretch at Pillaiyar Koil St,TLK11,Vyasarpadi,13.116833,80.238147,PWD-OFF-018,2026-08-06T10:18:35+05:30,2026-08-23,2026-08-07T13:44:32+05:30,2026-08-31T08:56:38+05:30,redone as per Collr remarks,uploads/pwd/PWD-TSK-18905.jpg,2026-09-07T10:31:31+05:30,"ok now, closed",verified
PWD-TSK-18924,GRV-20260803-88363,,Petition: desilting of Buckingham Canal - Korukkupet stretch near Korukkupet,TLK15,Korukkupet,13.134473,80.288770,PWD-OFF-015,2026-08-06T11:06:55+05:30,2026-08-13,2026-08-20T10:43:57+05:30,2026-08-22T11:43:28+05:30,"desilting done, debris cleared - AE",uploads/pwd/PWD-TSK-18924.jpg,2026-09-21T11:08:47+05:30,wrong location photo uploaded,reopened
PWD-TSK-18925,GRV-20260802-18705,,Petition: Ambattur Lake Sluice shutter not closing properly,TLK02,Ambattur,13.113078,80.153521,PWD-OFF-016,2026-08-06T13:03:15+05:30,2026-08-21,2026-08-20T10:28:23+05:30,2026-09-05T10:37:54+05:30,screw rod replaced - photo uploaded,uploads/pwd/PWD-TSK-18925.jpg,2026-09-15T10:43:54+05:30,ok,verified
PWD-TSK-18926,,PWD-INC-056769,"Attend sluice gate defect - Otteri Nullah Regulator, Basin Bridge",TLK12,Pulianthope,13.086851,80.254871,PWD-OFF-013,2026-08-06T13:31:53+05:30,2026-08-24,2026-08-17T10:53:05+05:30,2026-09-17T09:22:25+05:30,rubber seal changed - AE,uploads/pwd/PWD-TSK-18926.jpg,2026-09-30T12:55:56+05:30,"photo ok, closed",verified
PWD-TSK-18941,,PWD-INC-056827,Structural inspection & repair - Rajiv Gandhi Govt General Hospital - Tower Block,TLK05,Periamet,13.083214,80.268991,PWD-OFF-009,2026-08-06T14:24:54+05:30,2026-09-18,2026-08-10T12:44:31+05:30,2026-08-24T11:17:46+05:30,completed as per instructions,uploads/pwd/PWD-TSK-18941.jpg,2026-08-29T08:01:46+05:30,verified. good work,verified
PWD-TSK-18927,,PWD-INC-056771,Attend roof leak / cracks - Govt Stanley Hospital - OP Block,TLK15,Old Washermanpet,13.130577,80.291450,PWD-OFF-003,2026-08-06T14:27:55+05:30,2026-10-04,2026-08-07T11:22:05+05:30,2026-08-28T11:24:33+05:30,"inspected, minor cracks attended pls verify",uploads/pwd/PWD-TSK-18927.jpg,2026-09-10T14:39:04+05:30,"checked, work ok",verified
PWD-TSK-18928,,PWD-INC-056767,Attend roof leak / cracks - Govt Kilpauk Medical College Hospital,TLK12,Kilpauk,13.094805,80.255378,PWD-OFF-007,2026-08-06T15:06:40+05:30,2026-10-05,2026-08-24T17:17:04+05:30,2026-08-31T09:41:08+05:30,"inspected, minor cracks attended.",uploads/pwd/PWD-TSK-18928.jpg,2026-09-22T10:12:53+05:30,"photo ok, closed",verified
PWD-TSK-18929,,PWD-INC-056766,Structural inspection & repair - Govt Royapettah Hospital,TLK10,Royapettah,13.031732,80.267185,PWD-OFF-004,2026-08-06T17:04:56+05:30,2026-10-05,2026-08-07T10:58:51+05:30,2026-08-10T11:18:56+05:30,"temp props given, estimate sent for major repair.",uploads/pwd/PWD-TSK-18929.jpg,2026-08-14T11:14:16+05:30,"site inspected, satisfactory",verified
PWD-TSK-18942,,PWD-INC-056824,Clear choked Buckingham Canal - Mandaveli stretch at Main Rd,TLK10,Mandaveli,13.034211,80.260055,PWD-OFF-017,2026-08-06T17:33:26+05:30,2026-08-20,2026-08-10T10:38:47+05:30,2026-09-06T10:45:07+05:30,work completed,uploads/pwd/PWD-TSK-18942.jpg,2026-09-08T11:11:56+05:30,verified by DRO,verified
PWD-TSK-18930,,PWD-INC-056763,Desilt / clear blockage in Buckingham Canal - Mandaveli stretch near Mandaveli,TLK10,Mandaveli,13.034499,80.260787,PWD-OFF-013,2026-08-06T17:48:17+05:30,2026-08-24,2026-08-07T14:06:49+05:30,2026-08-14T09:36:52+05:30,"blockage cleared, flow ok.",uploads/pwd/PWD-TSK-18930.jpg,2026-08-27T10:16:29+05:30,"verified, ok",verified
PWD-TSK-18961,,PWD-INC-056888,"Structural inspection & repair - Govt Peripheral Hospital, K.K. Nagar",TLK09,K.K. Nagar,13.038678,80.221708,PWD-OFF-006,2026-08-07T14:18:03+05:30,2026-09-25,2026-08-11T17:25:25+05:30,2026-09-08T08:04:46+05:30,redone as per Collr remarks,uploads/pwd/PWD-TSK-18961.jpg,2026-09-17T15:29:33+05:30,"rework verified, ok",verified
PWD-TSK-19021,,PWD-INC-057070,Clear debris & rebuild wall - Otteri,TLK12,Otteri,13.089184,80.247436,PWD-OFF-015,2026-08-09T10:26:50+05:30,2026-08-21,2026-08-09T13:32:49+05:30,2026-08-16T09:14:59+05:30,wall rebuilt approx 12m.,uploads/pwd/PWD-TSK-19021.jpg,2026-09-08T14:34:16+05:30,verified. good work,verified
PWD-TSK-19041,,PWD-INC-057127,Sandbag bank of Nanganallur Macro Drain near Nanganallur,TLK01,Nanganallur,12.996006,80.198481,PWD-OFF-019,2026-08-10T07:51:41+05:30,2026-08-15,2026-08-10T10:21:15+05:30,2026-08-12T15:08:19+05:30,overflow controlled - photo uploaded,uploads/pwd/PWD-TSK-19041.jpg,2026-08-17T10:29:51+05:30,"photo ok, closed",verified
PWD-TSK-19042,,PWD-INC-057125,Clear waterlogging at Kilpauk (Sannathi St),TLK12,Kilpauk,13.095503,80.260021,PWD-OFF-015,2026-08-10T08:55:21+05:30,2026-08-13,2026-08-10T12:00:24+05:30,2026-08-13T18:59:45+05:30,stagnation cleared by evening,uploads/pwd/PWD-TSK-19042.jpg,2026-08-17T11:16:58+05:30,"field verified by RDO, fine",verified
PWD-TSK-19043,,PWD-INC-057129,"Remove collapsed wall debris near Kannadasan St, Thiruvanmiyur",TLK16,Thiruvanmiyur,12.985398,80.218716,PWD-OFF-012,2026-08-10T10:04:12+05:30,2026-08-22,2026-08-12T00:33:56+05:30,2026-09-24T10:53:56+05:30,wrk completed (JE),uploads/pwd/PWD-TSK-19043.jpg,,,completed_pending_verification
PWD-TSK-19022,,PWD-INC-057083,Clear debris & rebuild wall - Jafferkhanpet,TLK06,Jafferkhanpet,13.007743,80.217299,PWD-OFF-017,2026-08-10T10:05:01+05:30,2026-08-28,2026-08-10T10:28:46+05:30,2026-08-14T10:05:44+05:30,"debris removed, estimate for new wall sent (JE)",uploads/pwd/PWD-TSK-19022.jpg,2026-08-17T13:35:02+05:30,"field verified by RDO, fine",verified
PWD-TSK-18962,,PWD-INC-056892,Survey & evict encroachment - Korattur Lake,TLK02,Korattur,13.106970,80.159152,PWD-OFF-020,2026-08-10T10:07:09+05:30,2026-09-20,2026-08-11T10:17:06+05:30,2026-08-29T12:46:03+05:30,done. photo attached - AE,uploads/pwd/PWD-TSK-18962.jpg,2026-09-07T16:23:00+05:30,"site inspected, satisfactory",verified
PWD-TSK-19023,,PWD-INC-057093,Clear waterlogging at Ambattur Industrial Estate (Market Rd),TLK02,Ambattur Industrial Estate,13.113168,80.150210,PWD-OFF-016,2026-08-10T10:22:44+05:30,2026-08-13,2026-08-10T15:41:31+05:30,2026-09-04T17:13:45+05:30,balance work completed,uploads/pwd/PWD-TSK-19023.jpg,2026-09-15T14:23:35+05:30,"ok now, closed",verified
PWD-TSK-19001,,PWD-INC-057002,"Repair shutter of Otteri Nullah Regulator, Basin Bridge",TLK12,Pulianthope,13.085181,80.255120,PWD-OFF-015,2026-08-10T10:29:31+05:30,2026-08-30,2026-08-12T12:59:51+05:30,2026-09-29T12:05:21+05:30,balance work completed,uploads/pwd/PWD-TSK-19001.jpg,,,completed_pending_verification
PWD-TSK-18981,,PWD-INC-056948,Clear debris & rebuild wall - Arumbakkam,TLK03,Arumbakkam,13.079369,80.225540,PWD-OFF-013,2026-08-10T10:49:27+05:30,2026-08-31,2026-08-10T14:45:41+05:30,2026-08-27T18:08:25+05:30,"rework done, debris cleared fully",uploads/pwd/PWD-TSK-18981.jpg,2026-09-07T12:02:12+05:30,"ok now, closed",verified
PWD-TSK-18963,GRV-20260804-50130,,"Grievance - unsafe building condition, Govt Peripheral Hospital, Periyar Nagar",TLK04,Periyar Nagar,13.097934,80.228602,PWD-OFF-003,2026-08-10T10:56:45+05:30,2026-09-10,2026-08-18T11:51:46+05:30,2026-09-03T18:19:26+05:30,roof waterproofing done - photo uploaded,uploads/pwd/PWD-TSK-18963.jpg,,,completed_pending_verification
PWD-TSK-19024,,PWD-INC-057094,Inspect & control overflow in Adyar River - Kotturpuram stretch at Kotturpuram,TLK10,Kotturpuram,13.032285,80.265185,PWD-OFF-013,2026-08-10T11:08:30+05:30,2026-08-14,2026-08-10T15:36:14+05:30,2026-08-16T15:51:10+05:30,sandbagging done approx 60m,uploads/pwd/PWD-TSK-19024.jpg,2026-09-02T10:21:29+05:30,verified. good work,verified
PWD-TSK-18982,GRV-20260807-74458,,Petition: repair leaking roof / cracks at Govt Kilpauk Medical College Hospital,TLK12,Kilpauk,13.095851,80.255431,PWD-OFF-007,2026-08-10T11:16:42+05:30,2026-09-10,2026-09-03T10:43:17+05:30,2026-09-11T09:34:48+05:30,"inspected, minor cracks attended",uploads/pwd/PWD-TSK-18982.jpg,2026-09-28T12:12:32+05:30,"water still stagnant at site, redo",reopened
PWD-TSK-18964,,PWD-INC-056885,Remove encroachment on Adyar River - Estuary stretch at Santhome,TLK10,Santhome,13.031158,80.275097,PWD-OFF-015,2026-08-10T11:34:41+05:30,2026-09-28,2026-08-10T17:40:25+05:30,2026-09-22T11:26:34+05:30,redone as per Collr remarks,uploads/pwd/PWD-TSK-18964.jpg,2026-09-30T10:24:50+05:30,"ok now, closed",verified
PWD-TSK-18983,GRV-20260806-06026,,"Grievance - seepage through Velachery Lake bund, Velachery",TLK16,Velachery,12.978106,80.217241,PWD-OFF-016,2026-08-10T11:37:46+05:30,2026-10-05,2026-08-27T11:51:40+05:30,2026-08-31T10:09:02+05:30,seepage point attended,uploads/pwd/PWD-TSK-18983.jpg,2026-09-02T13:52:49+05:30,ok,verified
PWD-TSK-19025,,PWD-INC-057074,Monitor surplus course of Korattur Lake & clear obstructions,TLK02,Korattur,13.107867,80.156746,PWD-OFF-019,2026-08-10T12:33:05+05:30,2026-08-13,2026-08-10T15:48:10+05:30,2026-09-04T14:33:01+05:30,"rework done, debris cleared fully",uploads/pwd/PWD-TSK-19025.jpg,2026-09-15T10:52:38+05:30,"ok now, closed",verified
PWD-TSK-19026,,PWD-INC-057090,Clear debris & rebuild wall - Nerkundram,TLK08,Nerkundram,13.067184,80.165491,PWD-OFF-013,2026-08-10T12:33:42+05:30,2026-08-22,2026-08-10T17:41:18+05:30,2026-08-21T12:35:57+05:30,wall rebuilt approx 12m (JE),uploads/pwd/PWD-TSK-19026.jpg,2026-08-31T11:35:09+05:30,"photo ok, closed",verified
PWD-TSK-19027,,PWD-INC-057089,Monitor surplus course of Ambattur Lake & clear obstructions,TLK02,Ambattur,13.114116,80.150433,PWD-OFF-014,2026-08-10T12:34:30+05:30,2026-08-13,2026-08-12T11:51:05+05:30,2026-08-20T08:38:57+05:30,"monitoring, no damage pls verify",uploads/pwd/PWD-TSK-19027.jpg,2026-08-25T10:53:28+05:30,ok,verified
PWD-TSK-19028,,PWD-INC-057092,"Pump out stagnant water - Anna St, Dhandeeswaram",TLK16,Dhandeeswaram,12.982281,80.225556,PWD-OFF-016,2026-08-10T12:37:41+05:30,2026-08-11,2026-08-10T17:41:58+05:30,2026-08-13T08:51:41+05:30,done. photo attached.,uploads/pwd/PWD-TSK-19028.jpg,2026-08-14T11:20:27+05:30,verified by DRO,verified
PWD-TSK-19029,,PWD-INC-057088,"Pump out stagnant water - Tank St, Choolai",TLK12,Choolai,13.084594,80.262275,PWD-OFF-015,2026-08-10T13:39:26+05:30,2026-08-11,2026-08-13T11:11:33+05:30,2026-09-08T11:28:39+05:30,cleared. monitoring,uploads/pwd/PWD-TSK-19029.jpg,2026-09-15T10:33:48+05:30,ok,verified
PWD-TSK-18984,,PWD-INC-056952,Clear choked Buckingham Canal - Korukkupet stretch at Mosque St,TLK15,Korukkupet,13.131875,80.287272,PWD-OFF-018,2026-08-10T14:34:26+05:30,2026-08-21,2026-08-12T15:42:11+05:30,2026-08-21T08:01:08+05:30,"desilted, silt shifted - AE",uploads/pwd/PWD-TSK-18984.jpg,2026-09-15T10:39:22+05:30,"field verified by RDO, fine",verified
PWD-TSK-19044,,PWD-INC-057139,Clear waterlogging at Santhome (Pillaiyar Koil St),TLK10,Santhome,13.030121,80.275063,PWD-OFF-017,2026-08-10T14:40:38+05:30,2026-08-11,2026-08-10T19:59:26+05:30,2026-08-13T08:20:58+05:30,"drained, silt removed at inlet.",uploads/pwd/PWD-TSK-19044.jpg,2026-08-21T10:20:42+05:30,ok,verified
PWD-TSK-19030,,PWD-INC-057091,Sandbag bank of Buckingham Canal - Okkiyam stretch near Okkiyam Thoraipakkam,TLK13,Okkiyam Thoraipakkam,12.906361,80.224233,PWD-OFF-016,2026-08-10T15:22:13+05:30,2026-08-14,2026-08-13T13:15:06+05:30,2026-08-15T08:36:07+05:30,sandbagging done approx 60m - AE,uploads/pwd/PWD-TSK-19030.jpg,2026-08-17T12:14:37+05:30,satisfactory,verified
PWD-TSK-19045,,PWD-INC-057143,"Pump out stagnant water - Karpagam Ave, Nolambur",TLK08,Nolambur,13.066268,80.170805,PWD-OFF-013,2026-08-10T16:00:04+05:30,2026-08-11,2026-08-10T16:49:54+05:30,2026-08-13T15:41:47+05:30,"drained, silt removed at inlet pls verify",uploads/pwd/PWD-TSK-19045.jpg,2026-09-21T12:19:11+05:30,"field verified by RDO, fine",verified
PWD-TSK-19046,,PWD-INC-057144,"Pump out stagnant water - Sannathi St, Otteri",TLK12,Otteri,13.089016,80.248843,PWD-OFF-019,2026-08-10T16:22:20+05:30,2026-08-12,2026-08-11T10:37:01+05:30,2026-09-20T11:55:15+05:30,redone as per Collr remarks,uploads/pwd/PWD-TSK-19046.jpg,2026-09-25T13:57:10+05:30,"rework verified, ok",verified
PWD-TSK-19047,,PWD-INC-057146,Clear waterlogging at Semmancheri (Ellaiamman Koil St),TLK13,Semmancheri,12.895104,80.222851,PWD-OFF-016,2026-08-10T16:44:09+05:30,2026-08-12,2026-08-10T21:47:39+05:30,2026-08-29T10:56:14+05:30,"rework done, debris cleared fully",uploads/pwd/PWD-TSK-19047.jpg,2026-09-03T10:06:20+05:30,"ok now, closed",verified
PWD-TSK-18985,,PWD-INC-056943,Clear choked Otteri Nullah - Kilpauk stretch at Market Rd,TLK12,Kilpauk,13.097423,80.257956,PWD-OFF-013,2026-08-10T17:26:27+05:30,2026-08-31,2026-08-11T11:24:36+05:30,2026-08-17T09:34:07+05:30,completed as per instructions pls verify,uploads/pwd/PWD-TSK-18985.jpg,2026-08-27T12:43:06+05:30,satisfactory,verified
PWD-TSK-19031,,PWD-INC-057081,Clear choked Guindy Industrial Estate Storm Water Channel at New Colony 2nd St,TLK06,Guindy Industrial Estate,13.012249,80.208777,PWD-OFF-012,2026-08-10T17:49:04+05:30,2026-08-31,2026-08-19T11:55:42+05:30,2026-08-21T09:32:27+05:30,wrk completed pls verify,uploads/pwd/PWD-TSK-19031.jpg,2026-09-21T10:18:39+05:30,ok,verified
PWD-TSK-19048,,PWD-INC-057164,Clear debris & rebuild wall - Chetpet,TLK05,Chetpet,13.080532,80.261515,PWD-OFF-013,2026-08-11T10:32:20+05:30,2026-08-30,2026-08-11T13:04:25+05:30,2026-08-15T18:53:54+05:30,"debris cleared, barricade put",uploads/pwd/PWD-TSK-19048.jpg,2026-09-28T11:17:37+05:30,"verified, ok",verified
PWD-TSK-19049,,PWD-INC-057153,Structural inspection & repair - Rajiv Gandhi Govt General Hospital - Tower Block,TLK05,Periamet,13.081325,80.271044,PWD-OFF-003,2026-08-11T11:18:32+05:30,2026-09-21,2026-09-15T12:01:29+05:30,2026-09-29T15:43:20+05:30,roof waterproofing done pls verify,uploads/pwd/PWD-TSK-19049.jpg,,,completed_pending_verification
PWD-TSK-19050,,PWD-INC-057137,Clear choked Buckingham Canal - Basin Bridge stretch at North St,TLK12,Pulianthope,13.084574,80.254705,PWD-OFF-015,2026-08-11T11:58:59+05:30,2026-08-26,2026-09-15T11:41:05+05:30,2026-09-24T12:51:42+05:30,"desilted, silt shifted - AE",uploads/pwd/PWD-TSK-19050.jpg,2026-09-27T11:58:37+05:30,verified. good work,verified
PWD-TSK-19051,,PWD-INC-057134,Survey & evict encroachment - the water body,TLK01,Meenambakkam,12.999102,80.191472,PWD-OFF-020,2026-08-11T15:48:35+05:30,2026-09-23,2026-09-15T14:36:57+05:30,,,,,,in_progress
PWD-TSK-19052,,PWD-INC-057123,Clear choked Pallikaranai Marsh Outlet Drain at Karpagam Ave,TLK13,Pallikaranai,12.902315,80.227033,PWD-OFF-015,2026-08-12T10:17:24+05:30,2026-09-01,2026-08-12T14:52:33+05:30,2026-08-19T12:27:22+05:30,"desilted, silt shifted.",uploads/pwd/PWD-TSK-19052.jpg,2026-08-25T11:19:14+05:30,"field verified by RDO, fine",verified
PWD-TSK-19081,,PWD-INC-057241,Inspect & control overflow in Mambalam Canal Macro Drain at T. Nagar,TLK09,T. Nagar,13.031905,80.223613,PWD-OFF-017,2026-08-12T14:14:42+05:30,2026-08-15,2026-08-12T15:45:23+05:30,2026-09-24T12:00:51+05:30,"reattended, photo re-uploaded",uploads/pwd/PWD-TSK-19081.jpg,2026-10-01T12:41:11+05:30,"rework verified, ok",verified
PWD-TSK-19061,,PWD-INC-057182,Survey & evict encroachment - Captain Cotton Canal - Vyasarpadi stretch,TLK11,Vyasarpadi,13.116849,80.240387,PWD-OFF-020,2026-08-13T11:11:34+05:30,2026-09-30,2026-08-24T11:22:31+05:30,2026-08-27T10:36:05+05:30,notice served & removed,uploads/pwd/PWD-TSK-19061.jpg,2026-08-31T10:34:36+05:30,verified. good work,verified
PWD-TSK-19062,,PWD-INC-057185,Clear choked Valasaravakkam Macro Drain at Church St,TLK08,Valasaravakkam,13.065992,80.166454,PWD-OFF-013,2026-08-13T12:00:52+05:30,2026-09-03,2026-08-14T10:47:13+05:30,2026-08-15T17:20:10+05:30,completed as per instructions (JE),uploads/pwd/PWD-TSK-19062.jpg,2026-09-02T10:08:27+05:30,verified. good work,verified
PWD-TSK-19053,,PWD-INC-057165,Repair parapet/deck of the bridge,TLK11,Sembiam,13.117944,80.233230,PWD-OFF-015,2026-08-13T15:10:24+05:30,2026-10-04,2026-08-14T11:54:00+05:30,,,,,,in_progress
PWD-TSK-19121,,PWD-INC-057363,Desilt / clear blockage in the storm water drain near Kathivakkam,TLK14,Kathivakkam,13.160231,80.302435,PWD-OFF-014,2026-08-17T10:03:06+05:30,2026-08-26,2026-08-18T11:19:06+05:30,2026-08-24T10:30:17+05:30,wrk completed pls verify,uploads/pwd/PWD-TSK-19121.jpg,2026-08-31T10:23:07+05:30,verified. good work,verified
PWD-TSK-19141,,PWD-INC-057422,"Structural inspection & repair - Govt Girls Hr Sec School, Ambattur",TLK02,Ambattur,13.115055,80.156234,PWD-OFF-007,2026-08-17T10:20:56+05:30,2026-09-25,2026-08-17T13:03:40+05:30,2026-08-23T11:40:42+05:30,"temp props given, estimate sent for major repair",uploads/pwd/PWD-TSK-19141.jpg,2026-08-28T11:46:52+05:30,verified. good work,verified
PWD-TSK-19101,,PWD-INC-057305,Repair parapet/deck of Basin Bridge,TLK12,Pulianthope,13.083223,80.253662,PWD-OFF-015,2026-08-17T10:24:38+05:30,2026-09-20,2026-08-31T15:33:15+05:30,,,,,,in_progress
PWD-TSK-19142,,PWD-INC-057423,Sandbag bank of Buckingham Canal - Thiruvanmiyur stretch near Thiruvanmiyur,TLK16,Thiruvanmiyur,12.984478,80.221145,PWD-OFF-016,2026-08-17T10:56:16+05:30,2026-08-21,2026-08-17T14:10:19+05:30,2026-08-20T10:14:35+05:30,"vent cleared, level coming down (JE)",uploads/pwd/PWD-TSK-19142.jpg,2026-08-24T11:50:25+05:30,"field verified by RDO, fine",verified
PWD-TSK-19102,GRV-20260812-47396,,"Grievance - silt & garbage in Valasaravakkam Macro Drain, Valasaravakkam",TLK08,Valasaravakkam,13.064972,80.165461,PWD-OFF-013,2026-08-17T11:26:03+05:30,2026-09-03,2026-08-17T14:15:37+05:30,2026-09-22T13:41:11+05:30,"drain mouth cleaned, hyacinth removed",uploads/pwd/PWD-TSK-19102.jpg,2026-09-30T10:42:05+05:30,"silt dumped on bank itself, remove",reopened
PWD-TSK-19161,,PWD-INC-057487,"Repair parapet/deck of Maraimalai Adigal Bridge, Saidapet",TLK06,Saidapet,13.012548,80.208709,PWD-OFF-012,2026-08-17T12:37:51+05:30,2026-09-17,2026-08-18T10:03:21+05:30,2026-09-22T15:42:32+05:30,completed as per instructions (JE),uploads/pwd/PWD-TSK-19161.jpg,2026-10-01T10:11:03+05:30,ok,verified
PWD-TSK-19162,,PWD-INC-057481,Remove encroachment on Buckingham Canal - Basin Bridge stretch at Pulianthope,TLK12,Pulianthope,13.084356,80.255169,PWD-OFF-020,2026-08-17T16:05:19+05:30,2026-10-03,2026-08-18T10:04:14+05:30,2026-08-25T08:23:53+05:30,"fencing removed, boundary stones fixed (JE)",uploads/pwd/PWD-TSK-19162.jpg,2026-09-07T11:03:43+05:30,"checked, work ok",verified
PWD-TSK-19181,,PWD-INC-057545,Clear waterlogging at Guindy Industrial Estate (Market Rd),TLK06,Guindy Industrial Estate,13.009764,80.208660,PWD-OFF-012,2026-08-17T16:54:45+05:30,2026-08-19,2026-08-17T19:45:52+05:30,2026-08-20T08:26:01+05:30,"2 pumpsets deployed, water drained.",uploads/pwd/PWD-TSK-19181.jpg,2026-09-08T10:12:41+05:30,"verified, ok",verified
PWD-TSK-19182,,PWD-INC-057546,Clear debris & rebuild wall - Nerkundram,TLK08,Nerkundram,13.064669,80.164521,PWD-OFF-013,2026-08-17T19:32:41+05:30,2026-08-27,2026-08-17T23:43:42+05:30,2026-08-23T11:25:20+05:30,"debris removed, estimate for new wall sent",uploads/pwd/PWD-TSK-19182.jpg,,,completed_pending_verification
PWD-TSK-19183,GRV-20260812-04742,,Petition: desilting of Anna Nagar Macro Drain near Anna Nagar,TLK03,Anna Nagar,13.070953,80.221953,PWD-OFF-013,2026-08-18T13:58:46+05:30,2026-09-03,2026-08-19T13:25:39+05:30,2026-08-20T18:11:20+05:30,"drain mouth cleaned, hyacinth removed",uploads/pwd/PWD-TSK-19183.jpg,2026-09-30T10:28:47+05:30,satisfactory,verified
PWD-TSK-19221,,PWD-INC-057665,Clear debris & rebuild wall - Moovarasampet,TLK01,Moovarasampet,12.997380,80.199577,PWD-OFF-016,2026-08-19T19:01:12+05:30,2026-09-07,2026-08-22T12:09:54+05:30,2026-09-24T13:49:51+05:30,"debris removed, estimate for new wall sent.",uploads/pwd/PWD-TSK-19221.jpg,,,completed_pending_verification
PWD-TSK-19201,,PWD-INC-057602,Clear choked Anna Nagar Macro Drain at Karpagam Ave,TLK03,Anna Nagar,13.073533,80.221948,PWD-OFF-013,2026-08-20T11:23:16+05:30,2026-09-04,2026-08-24T10:12:29+05:30,2026-08-29T12:09:44+05:30,"blockage cleared, flow ok",uploads/pwd/PWD-TSK-19201.jpg,2026-09-07T10:49:07+05:30,ok,verified
PWD-TSK-19184,,PWD-INC-057547,Clear choked Buckingham Canal - Basin Bridge stretch at Balaji Nagar Main Rd,TLK12,Pulianthope,13.083868,80.257382,PWD-OFF-015,2026-08-20T11:39:56+05:30,2026-09-04,2026-08-21T10:01:02+05:30,2026-08-27T13:22:28+05:30,"work under progress, now completed (JE)",uploads/pwd/PWD-TSK-19184.jpg,,,completed_pending_verification
PWD-TSK-19185,GRV-20260816-78405,,Petition: remove water hyacinth in Virugambakkam-Arumbakkam Canal,TLK08,Virugambakkam,13.063323,80.175758,PWD-OFF-013,2026-08-20T12:29:13+05:30,2026-09-10,2026-08-20T20:57:18+05:30,2026-08-28T08:25:21+05:30,"desilting done, debris cleared - AE",uploads/pwd/PWD-TSK-19185.jpg,2026-09-01T14:04:51+05:30,verified. good work,verified
PWD-TSK-19241,,PWD-INC-057722,"Remove collapsed wall debris near Kalaignar Nagar, Korattur",TLK02,Korattur,13.107617,80.155354,PWD-OFF-014,2026-08-20T14:11:13+05:30,2026-09-03,2026-08-20T20:12:16+05:30,2026-09-27T09:29:26+05:30,"reattended, photo re-uploaded",uploads/pwd/PWD-TSK-19241.jpg,,,completed_pending_verification
PWD-TSK-19186,,PWD-INC-057548,Attend roof leak / cracks - Govt Royapettah Hospital,TLK10,Royapettah,13.030760,80.265283,PWD-OFF-004,2026-08-20T14:57:49+05:30,2026-10-14,2026-08-24T10:18:48+05:30,2026-09-27T16:24:15+05:30,balance work completed,uploads/pwd/PWD-TSK-19186.jpg,,,completed_pending_verification
PWD-TSK-19222,GRV-20260818-72465,,"Grievance - silt & garbage in Captain Cotton Canal - Vyasarpadi stretch, Vyasarpadi",TLK11,Vyasarpadi,13.116928,80.239614,PWD-OFF-018,2026-08-20T15:46:32+05:30,2026-09-06,2026-08-21T10:19:14+05:30,2026-08-23T08:50:24+05:30,silt removed 3 loads - AE,uploads/pwd/PWD-TSK-19222.jpg,2026-09-07T12:52:37+05:30,ok,verified
PWD-TSK-19223,GRV-20260818-86562,,Petition: remove water hyacinth in Retteri Lake,TLK07,Retteri,13.150078,80.228633,PWD-OFF-018,2026-08-20T17:56:58+05:30,2026-09-09,2026-08-21T10:18:53+05:30,2026-08-23T16:41:56+05:30,"blockage cleared, flow ok.",uploads/pwd/PWD-TSK-19223.jpg,2026-09-03T20:37:48+05:30,"verified, ok",verified
PWD-TSK-19202,,PWD-INC-057603,Clear choked Buckingham Canal - Basin Bridge stretch at Kalaignar Nagar,TLK12,Pulianthope,13.085639,80.254403,PWD-OFF-015,2026-08-21T10:08:18+05:30,2026-09-05,2026-08-31T10:16:08+05:30,2026-10-01T11:35:31+05:30,"drain mouth cleaned, hyacinth removed - AE",uploads/pwd/PWD-TSK-19202.jpg,,,completed_pending_verification
PWD-TSK-19242,GRV-20260817-99356,,Petition: Korattur Lake Sluice shutter not closing properly,TLK02,Korattur,13.103959,80.159329,PWD-OFF-014,2026-08-21T10:28:51+05:30,2026-09-13,2026-08-25T10:53:27+05:30,2026-08-27T11:41:12+05:30,rubber seal changed (JE),uploads/pwd/PWD-TSK-19242.jpg,,,completed_pending_verification
PWD-TSK-19261,,PWD-INC-057787,Clear debris & rebuild wall - Pulianthope,TLK12,Pulianthope,13.082789,80.256933,PWD-OFF-013,2026-08-21T14:27:12+05:30,2026-09-02,2026-08-21T15:17:59+05:30,2026-08-28T10:17:44+05:30,wall rebuilt approx 12m (JE),uploads/pwd/PWD-TSK-19261.jpg,2026-08-31T11:09:27+05:30,"site inspected, satisfactory",verified
PWD-TSK-19224,,PWD-INC-057662,Structural inspection & repair - Sholinganallur Taluk Office,TLK13,Sholinganallur,12.898992,80.228201,PWD-OFF-004,2026-08-21T16:12:52+05:30,2026-09-24,2026-09-01T11:47:15+05:30,2026-09-13T09:06:33+05:30,"crack sealed, plastering done - photo uploaded",uploads/pwd/PWD-TSK-19224.jpg,2026-09-28T10:00:32+05:30,residents complain issue persists,reopened
PWD-TSK-19301,,PWD-INC-057903,"Remove collapsed wall debris near Nehru St, Periyar Nagar",TLK04,Periyar Nagar,13.101834,80.228770,PWD-OFF-003,2026-08-24T10:00:34+05:30,2026-08-31,2026-08-24T10:23:23+05:30,2026-08-29T09:15:58+05:30,completed as per instructions (JE),uploads/pwd/PWD-TSK-19301.jpg,2026-09-23T11:10:02+05:30,satisfactory,verified
PWD-TSK-19262,,PWD-INC-057781,Remove encroachment on Velachery Lake at Velachery,TLK16,Velachery,12.979030,80.216968,PWD-OFF-012,2026-08-24T10:07:34+05:30,2026-10-20,2026-09-07T11:22:19+05:30,2026-09-13T18:30:10+05:30,notice served & removed (JE),uploads/pwd/PWD-TSK-19262.jpg,2026-09-21T09:17:42+05:30,"checked, work ok",verified
PWD-TSK-19243,,PWD-INC-057727,"Structural inspection & repair - Govt Peripheral Hospital, K.K. Nagar",TLK09,K.K. Nagar,13.037268,80.220811,PWD-OFF-006,2026-08-24T10:08:34+05:30,2026-09-30,2026-09-11T10:00:50+05:30,,,,,,in_progress
PWD-TSK-19244,,PWD-INC-057725,Attend roof leak / cracks - Ezhilagam Govt Office Complex,TLK10,Triplicane,13.030214,80.270054,PWD-OFF-004,2026-08-24T10:26:59+05:30,2026-10-13,2026-08-24T14:18:18+05:30,,,,,,in_progress
PWD-TSK-19302,,PWD-INC-057906,"Emergency closure of breach - Mogappair Eri, Mogappair",TLK02,Mogappair,13.111465,80.154345,PWD-OFF-016,2026-08-24T10:54:57+05:30,2026-08-25,2026-08-24T19:05:26+05:30,2026-08-27T11:19:51+05:30,"breach closed, watch posted",uploads/pwd/PWD-TSK-19302.jpg,2026-08-31T11:56:29+05:30,satisfactory,verified
PWD-TSK-19263,GRV-20260821-55537,,Grievance - illegal construction in Cooum River - Koyambedu stretch,TLK08,Koyambedu,13.065403,80.174545,PWD-OFF-020,2026-08-24T11:28:35+05:30,2026-10-18,2026-08-25T10:56:41+05:30,2026-09-09T11:33:38+05:30,"fencing removed, boundary stones fixed - AE",uploads/pwd/PWD-TSK-19263.jpg,,,completed_pending_verification
PWD-TSK-19245,GRV-20260820-21112,,"Grievance - silt & garbage in Guindy Industrial Estate Storm Water Channel, Guindy Industrial Estate",TLK06,Guindy Industrial Estate,13.008189,80.208550,PWD-OFF-017,2026-08-24T11:54:58+05:30,2026-09-03,2026-08-27T11:22:42+05:30,2026-09-03T10:04:51+05:30,"blockage cleared, flow ok - AE",uploads/pwd/PWD-TSK-19245.jpg,2026-09-15T10:01:30+05:30,verified. good work,verified
PWD-TSK-19246,,PWD-INC-057731,Attend roof leak / cracks - Ezhilagam Govt Office Complex,TLK10,Triplicane,13.029893,80.270514,PWD-OFF-004,2026-08-24T12:57:01+05:30,2026-09-27,2026-09-07T17:18:32+05:30,2026-09-16T12:46:27+05:30,"work under progress, now completed",uploads/pwd/PWD-TSK-19246.jpg,2026-09-18T10:11:31+05:30,satisfactory,verified
PWD-TSK-19264,GRV-20260820-96364,,Petition: repair leaking roof / cracks at King Institute of Preventive Medicine,TLK06,Guindy,13.005009,80.211876,PWD-OFF-004,2026-08-24T13:16:08+05:30,2026-10-19,2026-09-15T10:30:36+05:30,,,,,,in_progress
PWD-TSK-19281,,PWD-INC-057842,"Attend roof leak / cracks - Govt Hr Sec School, Ashok Nagar",TLK09,Ashok Nagar,13.033078,80.225196,PWD-OFF-004,2026-08-24T14:29:43+05:30,2026-09-23,2026-09-28T12:46:02+05:30,,,,,,in_progress
PWD-TSK-19321,GRV-20260824-13770,,"Grievance - unsafe building condition, Rajiv Gandhi Govt General Hospital - Tower Block",TLK05,Periamet,13.081652,80.272370,PWD-OFF-006,2026-08-25T10:31:58+05:30,2026-10-09,2026-08-27T16:16:20+05:30,2026-09-12T11:36:06+05:30,"crack sealed, plastering done pls verify",uploads/pwd/PWD-TSK-19321.jpg,2026-09-13T07:19:18+05:30,satisfactory,verified
PWD-TSK-19341,,PWD-INC-058021,Clear debris & rebuild wall - Kathivakkam,TLK14,Kathivakkam,13.161658,80.300324,PWD-OFF-014,2026-08-25T12:07:39+05:30,2026-09-08,2026-08-25T15:17:53+05:30,2026-09-16T11:55:58+05:30,wall rebuilt approx 12m,uploads/pwd/PWD-TSK-19341.jpg,,,completed_pending_verification
PWD-TSK-19342,,PWD-INC-058023,Deploy pumpset & drain water - Kathivakkam,TLK14,Kathivakkam,13.161136,80.303375,PWD-OFF-014,2026-08-25T15:17:51+05:30,2026-08-28,2026-08-25T21:09:00+05:30,2026-09-27T10:44:53+05:30,work completed.,uploads/pwd/PWD-TSK-19342.jpg,2026-09-30T10:18:27+05:30,satisfactory,verified
PWD-TSK-19303,,PWD-INC-057902,Desilt / clear blockage in Guindy Industrial Estate Storm Water Channel near Guindy Industrial Estate,TLK06,Guindy Industrial Estate,13.009627,80.207555,PWD-OFF-017,2026-08-25T16:00:33+05:30,2026-09-08,,,,,,,assigned
PWD-TSK-19322,,PWD-INC-057964,Repair parapet/deck of Napier Bridge,TLK10,Triplicane,13.032448,80.265848,PWD-OFF-013,2026-08-25T17:04:01+05:30,2026-10-24,2026-09-21T11:03:06+05:30,2026-09-28T10:46:55+05:30,"railing fixed, potholes patched - photo uploaded",uploads/pwd/PWD-TSK-19322.jpg,,,completed_pending_verification
PWD-TSK-19361,,PWD-INC-058083,Clear waterlogging at Nanganallur (Gandhi St),TLK01,Nanganallur,12.993394,80.196316,PWD-OFF-019,2026-08-26T09:25:21+05:30,2026-08-28,2026-08-31T14:28:43+05:30,2026-09-01T11:46:58+05:30,"water pumped out, road clear - photo uploaded",uploads/pwd/PWD-TSK-19361.jpg,2026-09-07T12:59:04+05:30,"site inspected, satisfactory",verified
PWD-TSK-19362,,PWD-INC-058087,Deploy pumpset & drain water - Moovarasampet,TLK01,Moovarasampet,12.994311,80.202295,PWD-OFF-019,2026-08-27T10:11:42+05:30,2026-08-28,2026-08-27T13:42:16+05:30,2026-09-18T11:56:51+05:30,cleared. monitoring,uploads/pwd/PWD-TSK-19362.jpg,,,completed_pending_verification
PWD-TSK-19363,,PWD-INC-058085,"Pump out stagnant water - Market Rd, Guindy",TLK06,Guindy,13.006763,80.212819,PWD-OFF-017,2026-08-27T10:12:45+05:30,2026-08-29,2026-08-27T12:14:48+05:30,2026-08-29T15:30:48+05:30,"drained, silt removed at inlet - photo uploaded",uploads/pwd/PWD-TSK-19363.jpg,2026-09-07T10:21:24+05:30,"checked, work ok",verified
PWD-TSK-19323,GRV-20260821-44267,,"Grievance - silt & garbage in Pallikaranai Marsh Outlet Drain, Pallikaranai",TLK13,Pallikaranai,12.901610,80.224883,PWD-OFF-012,2026-08-27T10:19:45+05:30,2026-09-09,2026-08-31T12:48:09+05:30,2026-09-04T08:12:40+05:30,"work under progress, now completed pls verify",uploads/pwd/PWD-TSK-19323.jpg,2026-09-18T12:58:14+05:30,"field verified by RDO, fine",verified
PWD-TSK-19343,,PWD-INC-058024,Survey & evict encroachment - Buckingham Canal - Mandaveli stretch,TLK10,Mandaveli,13.034239,80.261240,PWD-OFF-013,2026-08-27T10:50:22+05:30,2026-09-30,2026-09-30T13:04:08+05:30,,,,,,in_progress
PWD-TSK-19364,,PWD-INC-058091,Desilt / clear blockage in Buckingham Canal - Ennore stretch near Ennore,TLK14,Ennore,13.161714,80.296753,PWD-OFF-014,2026-08-27T11:41:51+05:30,2026-09-14,2026-09-30T15:35:19+05:30,,,,,,in_progress
PWD-TSK-19344,GRV-20260825-28693,,Petition: desilting of Captain Cotton Canal - Vyasarpadi stretch near Vyasarpadi,TLK11,Vyasarpadi,13.118494,80.239009,PWD-OFF-018,2026-08-27T13:20:53+05:30,2026-09-10,2026-08-28T11:55:17+05:30,2026-09-06T10:02:32+05:30,work completed,uploads/pwd/PWD-TSK-19344.jpg,2026-09-10T12:02:49+05:30,"field verified by RDO, fine",verified
PWD-TSK-19401,,PWD-INC-058212,Inspect & control overflow in Buckingham Canal - Ennore stretch at Ennore,TLK14,Ennore,13.164167,80.298795,PWD-OFF-014,2026-08-28T09:00:08+05:30,2026-09-01,2026-08-28T14:54:39+05:30,2026-09-12T13:35:12+05:30,wrk completed,uploads/pwd/PWD-TSK-19401.jpg,,,completed_pending_verification
PWD-TSK-19381,,PWD-INC-058143,Clear choked Pallikaranai Marsh Outlet Drain at Sathya Nagar 2nd St,TLK13,Pallikaranai,12.901153,80.226281,PWD-OFF-015,2026-08-28T10:22:41+05:30,2026-09-04,2026-09-11T15:37:51+05:30,2026-09-13T08:38:05+05:30,"drain mouth cleaned, hyacinth removed",uploads/pwd/PWD-TSK-19381.jpg,,,completed_pending_verification
PWD-TSK-19402,,PWD-INC-058215,Clear debris & rebuild wall - Guindy Industrial Estate,TLK06,Guindy Industrial Estate,13.009075,80.209415,PWD-OFF-017,2026-08-28T10:57:11+05:30,2026-09-15,2026-08-30T05:41:37+05:30,2026-09-04T10:24:49+05:30,"debris cleared, barricade put.",uploads/pwd/PWD-TSK-19402.jpg,2026-09-30T10:44:21+05:30,"verified, ok",verified
PWD-TSK-19403,,PWD-INC-058225,Clear waterlogging at Ambattur Industrial Estate (Nehru St),TLK02,Ambattur Industrial Estate,13.114621,80.148989,PWD-OFF-019,2026-08-28T12:22:31+05:30,2026-08-30,2026-08-28T14:08:50+05:30,2026-08-31T10:09:13+05:30,wrk completed - AE,uploads/pwd/PWD-TSK-19403.jpg,2026-09-10T11:59:21+05:30,"site inspected, satisfactory",verified
PWD-TSK-19404,,PWD-INC-058227,"Pump out stagnant water - 1st Avenue, Jawahar Nagar",TLK04,Jawahar Nagar,13.102111,80.230262,PWD-OFF-015,2026-08-28T13:14:56+05:30,2026-08-29,2026-08-28T16:07:01+05:30,2026-08-31T11:24:35+05:30,"2 pumpsets deployed, water drained",uploads/pwd/PWD-TSK-19404.jpg,2026-09-02T13:48:24+05:30,verified by DRO,verified
PWD-TSK-19405,,PWD-INC-058224,"Pump out stagnant water - Mettu St, Nanganallur",TLK01,Nanganallur,12.997473,80.197626,PWD-OFF-016,2026-08-28T14:26:05+05:30,2026-08-30,2026-08-31T10:21:53+05:30,2026-09-02T08:39:10+05:30,cleared. monitoring pls verify,uploads/pwd/PWD-TSK-19405.jpg,2026-09-07T10:21:26+05:30,"photo ok, closed",verified
PWD-TSK-19406,,PWD-INC-058228,Sandbag bank of Otteri Nullah - Perambur stretch near Perambur,TLK11,Perambur,13.116902,80.233471,PWD-OFF-018,2026-08-28T14:43:36+05:30,2026-09-01,2026-08-28T17:43:29+05:30,2026-09-16T08:35:01+05:30,"reattended, photo re-uploaded",uploads/pwd/PWD-TSK-19406.jpg,2026-09-22T12:32:58+05:30,"rework verified, ok",verified
PWD-TSK-19407,,PWD-INC-058232,Deploy pumpset & drain water - Perungudi,TLK13,Perungudi,12.907303,80.227008,PWD-OFF-015,2026-08-28T14:47:34+05:30,2026-08-31,2026-08-28T16:17:46+05:30,2026-08-31T11:37:35+05:30,"work under progress, now completed",uploads/pwd/PWD-TSK-19407.jpg,2026-09-03T15:02:48+05:30,"site inspected, satisfactory",verified
PWD-TSK-19408,,PWD-INC-058229,Clear waterlogging at Manali (Mettu St),TLK14,Manali,13.164165,80.304777,PWD-OFF-015,2026-08-28T17:17:59+05:30,2026-08-31,2026-08-30T05:04:54+05:30,2026-09-16T14:35:36+05:30,stagnation cleared by evening.,uploads/pwd/PWD-TSK-19408.jpg,2026-09-18T14:49:53+05:30,verified. good work,verified
PWD-TSK-19441,,PWD-INC-058321,Clear debris & rebuild wall - Kodambakkam,TLK09,Kodambakkam,13.034762,80.228306,PWD-OFF-017,2026-08-31T10:04:19+05:30,2026-09-10,2026-08-31T15:41:55+05:30,2026-09-23T10:48:45+05:30,"debris removed, estimate for new wall sent",uploads/pwd/PWD-TSK-19441.jpg,,,completed_pending_verification
PWD-TSK-19409,,PWD-INC-058220,Desilt / clear blockage in Otteri Nullah - Perambur stretch near Perambur,TLK11,Perambur,13.116458,80.234960,PWD-OFF-018,2026-08-31T10:07:35+05:30,2026-09-15,2026-09-01T12:58:06+05:30,2026-09-11T08:36:32+05:30,"drain mouth cleaned, hyacinth removed (JE)",uploads/pwd/PWD-TSK-19409.jpg,2026-09-21T11:22:30+05:30,ok,verified
PWD-TSK-19410,,PWD-INC-058246,"Attend roof leak / cracks - Govt Girls Hr Sec School, Ambattur",TLK02,Ambattur,13.114042,80.157147,PWD-OFF-007,2026-08-31T10:14:36+05:30,2026-10-02,2026-09-15T12:04:50+05:30,,,,,,in_progress
PWD-TSK-19421,,PWD-INC-058263,Remove encroachment on the water body at ICF Colony,TLK04,ICF Colony,13.092606,80.234340,PWD-OFF-018,2026-08-31T11:04:48+05:30,2026-10-03,2026-10-01T12:32:15+05:30,,,,,,in_progress
PWD-TSK-19411,,PWD-INC-058238,"Pump out stagnant water - Indira Nagar 3rd Ave, Villivakkam",TLK04,Villivakkam,13.094115,80.238425,PWD-OFF-016,2026-08-31T11:20:12+05:30,2026-09-03,2026-08-31T16:53:53+05:30,2026-09-28T09:10:52+05:30,completed as per instructions pls verify,uploads/pwd/PWD-TSK-19411.jpg,,,completed_pending_verification
PWD-TSK-19412,,PWD-INC-058247,Clear choked Mambalam Canal Macro Drain at 2nd Main Rd,TLK09,T. Nagar,13.032196,80.222141,PWD-OFF-017,2026-08-31T11:21:59+05:30,2026-09-17,2026-09-01T10:11:11+05:30,2026-10-02T09:17:52+05:30,"blockage cleared, flow ok (JE)",uploads/pwd/PWD-TSK-19412.jpg,,,completed_pending_verification
PWD-TSK-19461,,PWD-INC-058383,Deploy pumpset & drain water - Anna Nagar,TLK03,Anna Nagar,13.072325,80.219496,PWD-OFF-013,2026-08-31T11:52:50+05:30,2026-09-01,2026-09-02T10:13:12+05:30,2026-09-03T11:11:41+05:30,"drained, silt removed at inlet",uploads/pwd/PWD-TSK-19461.jpg,2026-09-09T10:29:45+05:30,"photo ok, closed",verified
PWD-TSK-19442,,PWD-INC-058325,Remove encroachment on Velachery Lake at Velachery,TLK16,Velachery,12.981884,80.218975,PWD-OFF-016,2026-08-31T12:23:49+05:30,2026-10-29,2026-09-01T13:31:32+05:30,2026-09-19T10:46:13+05:30,encroachment removed with police help.,uploads/pwd/PWD-TSK-19442.jpg,2026-09-28T10:48:36+05:30,"verified, ok",verified
PWD-TSK-19422,,PWD-INC-058264,Desilt / clear blockage in Nanganallur Macro Drain near Nanganallur,TLK01,Nanganallur,12.994502,80.198407,PWD-OFF-012,2026-08-31T13:04:20+05:30,2026-09-15,2026-09-09T11:08:41+05:30,2026-09-11T11:51:14+05:30,"blockage cleared, flow ok pls verify",uploads/pwd/PWD-TSK-19422.jpg,2026-09-16T17:41:27+05:30,ok,verified
PWD-TSK-19481,,PWD-INC-058441,Clear debris & rebuild wall - Manali,TLK14,Manali,13.158543,80.303931,PWD-OFF-014,2026-09-01T10:13:27+05:30,2026-09-08,2026-09-01T14:09:00+05:30,,,,,,in_progress
PWD-TSK-19443,GRV-20260830-77583,,Petition: desilting of Otteri Nullah - Ayanavaram stretch near Ayanavaram,TLK04,Ayanavaram,13.098078,80.235735,PWD-OFF-016,2026-09-01T11:34:10+05:30,2026-09-08,2026-09-02T13:38:39+05:30,2026-09-07T14:29:01+05:30,"drain mouth cleaned, hyacinth removed",uploads/pwd/PWD-TSK-19443.jpg,2026-09-10T10:47:15+05:30,satisfactory,verified
PWD-TSK-19423,GRV-20260829-61132,,"Grievance - silt & garbage in Anna Nagar Macro Drain, Anna Nagar",TLK03,Anna Nagar,13.072863,80.223395,PWD-OFF-013,2026-09-01T12:00:09+05:30,2026-09-15,2026-09-28T11:09:20+05:30,2026-10-01T10:11:07+05:30,"drain mouth cleaned, hyacinth removed pls verify",uploads/pwd/PWD-TSK-19423.jpg,,,completed_pending_verification
PWD-TSK-19462,GRV-20260828-13061,,Petition: desilting of Mambalam Canal Macro Drain near T. Nagar,TLK09,T. Nagar,13.034107,80.223984,PWD-OFF-012,2026-09-01T13:25:20+05:30,2026-09-12,2026-09-21T13:15:36+05:30,2026-09-26T09:00:50+05:30,silt removed 3 loads.,uploads/pwd/PWD-TSK-19462.jpg,,,completed_pending_verification
PWD-TSK-19463,GRV-20260830-85199,,Petition: repair leaking roof / cracks at Govt Kilpauk Medical College Hospital,TLK12,Kilpauk,13.093595,80.253958,PWD-OFF-007,2026-09-01T13:38:21+05:30,2026-10-30,2026-09-02T10:13:39+05:30,,,,,,in_progress
PWD-TSK-19482,GRV-20260829-69088,,Petition: desilting of Kathivakkam Macro Drain near Kathivakkam,TLK14,Kathivakkam,13.160655,80.301067,PWD-OFF-015,2026-09-02T10:11:36+05:30,2026-09-12,2026-09-02T17:44:20+05:30,2026-09-30T08:46:21+05:30,silt removed 3 loads - photo uploaded,uploads/pwd/PWD-TSK-19482.jpg,2026-10-01T12:05:13+05:30,verified by DRO,verified
PWD-TSK-19464,,PWD-INC-058391,Desilt / clear blockage in Mambalam Canal Macro Drain near T. Nagar,TLK09,T. Nagar,13.030623,80.220983,PWD-OFF-017,2026-09-02T10:22:18+05:30,2026-09-21,2026-09-02T13:16:19+05:30,2026-09-05T10:08:01+05:30,"desilting done, debris cleared pls verify",uploads/pwd/PWD-TSK-19464.jpg,2026-09-21T15:08:09+05:30,verified by DRO,verified
PWD-TSK-19483,GRV-20260901-87643,,Petition: desilting of Anna Nagar Macro Drain near Anna Nagar,TLK03,Anna Nagar,13.073426,80.222880,PWD-OFF-013,2026-09-02T10:51:13+05:30,2026-09-12,,,,,,,assigned
PWD-TSK-19465,,PWD-INC-058382,Remove encroachment on Adyar River - Jafferkhanpet stretch at Jafferkhanpet,TLK06,Jafferkhanpet,13.008140,80.218233,PWD-OFF-017,2026-09-02T11:37:45+05:30,2026-10-17,,,,,,,assigned
PWD-TSK-19484,,PWD-INC-058445,Clear choked Kodungaiyur Canal at New Colony 2nd St,TLK11,Kodungaiyur,13.110705,80.231599,PWD-OFF-018,2026-09-02T11:38:27+05:30,2026-09-21,,,,,,,assigned
PWD-TSK-19444,GRV-20260827-72003,,"Petition: remove encroachment on Adyar River - Estuary stretch, Santhome",TLK10,Santhome,13.031043,80.275172,PWD-OFF-012,2026-09-02T12:49:58+05:30,2026-10-02,2026-09-03T10:03:32+05:30,2026-09-13T12:29:37+05:30,attended & completed,uploads/pwd/PWD-TSK-19444.jpg,2026-09-16T12:42:51+05:30,satisfactory,verified
PWD-TSK-19466,,PWD-INC-058385,Inspect damage to Napier Bridge,TLK10,Triplicane,13.031879,80.267694,PWD-OFF-015,2026-09-02T16:56:57+05:30,2026-10-07,2026-09-22T12:07:32+05:30,,,,,,in_progress
PWD-TSK-19501,GRV-20260828-75732,,"Grievance - silt & garbage in Virugambakkam-Arumbakkam Canal, Virugambakkam",TLK08,Virugambakkam,13.064367,80.177222,PWD-OFF-013,2026-09-03T14:44:29+05:30,2026-09-14,2026-09-03T16:42:56+05:30,2026-09-05T17:16:57+05:30,silt removed 3 loads pls verify,uploads/pwd/PWD-TSK-19501.jpg,2026-09-21T16:51:12+05:30,"verified, ok",verified
PWD-TSK-19581,,PWD-INC-058752,Inspect & control overflow in Otteri Nullah - Perambur stretch at Perambur,TLK11,Perambur,13.115680,80.233236,PWD-OFF-015,2026-09-06T19:14:32+05:30,2026-09-08,2026-09-07T10:22:00+05:30,2026-09-12T08:55:10+05:30,"flow normal now, debris removed at bridge - photo uploaded",uploads/pwd/PWD-TSK-19581.jpg,2026-09-15T11:18:36+05:30,"checked, work ok",verified
PWD-TSK-19582,,PWD-INC-058764,Clear debris & rebuild wall - Nolambur,TLK08,Nolambur,13.069565,80.167602,PWD-OFF-013,2026-09-06T19:31:03+05:30,2026-09-15,2026-09-07T11:40:35+05:30,,,,,,in_progress
PWD-TSK-19583,,PWD-INC-058761,Inspect & control overflow in Buckingham Canal - Basin Bridge stretch at Pulianthope,TLK12,Pulianthope,13.083122,80.255548,PWD-OFF-013,2026-09-06T20:46:43+05:30,2026-09-09,2026-09-06T22:19:00+05:30,2026-10-03T12:54:23+05:30,balance work completed,uploads/pwd/PWD-TSK-19583.jpg,,,completed_pending_verification
PWD-TSK-19502,GRV-20260901-12333,,"Petition: repair leaking roof / cracks at Govt Peripheral Hospital, Periyar Nagar",TLK04,Periyar Nagar,13.100680,80.229854,PWD-OFF-006,2026-09-07T10:01:45+05:30,2026-10-30,,,,,,,assigned
PWD-TSK-19584,,PWD-INC-058749,"Pump out stagnant water - Sannathi St, Virugambakkam",TLK08,Virugambakkam,13.063002,80.174058,PWD-OFF-019,2026-09-07T10:01:55+05:30,2026-09-10,2026-09-07T10:32:01+05:30,2026-09-09T18:57:58+05:30,cleared. monitoring pls verify,uploads/pwd/PWD-TSK-19584.jpg,2026-09-15T11:44:43+05:30,"photo ok, closed",verified
PWD-TSK-19503,,PWD-INC-058505,Structural inspection & repair - Ezhilagam Govt Office Complex,TLK10,Triplicane,13.028665,80.269028,PWD-OFF-004,2026-09-07T10:12:27+05:30,2026-10-31,2026-09-22T12:52:36+05:30,,,,,,in_progress
PWD-TSK-19585,,PWD-INC-058773,Deploy pumpset & drain water - Egmore,TLK05,Egmore,13.078563,80.260807,PWD-OFF-019,2026-09-07T10:15:18+05:30,2026-09-09,2026-09-09T18:59:54+05:30,2026-10-02T09:02:13+05:30,"water receded, inlet cleaned",uploads/pwd/PWD-TSK-19585.jpg,,,completed_pending_verification
PWD-TSK-19521,,PWD-INC-058562,Clear choked Buckingham Canal - Mandaveli stretch at Thiruvalluvar St,TLK10,Mandaveli,13.034806,80.261850,PWD-OFF-013,2026-09-07T10:27:06+05:30,2026-09-15,2026-09-07T15:20:27+05:30,2026-09-10T10:08:55+05:30,"desilting done, debris cleared - AE",uploads/pwd/PWD-TSK-19521.jpg,2026-09-11T16:02:16+05:30,"verified, ok",verified
PWD-TSK-19586,,PWD-INC-058759,Clear debris & rebuild wall - Kilpauk,TLK12,Kilpauk,13.097099,80.258741,PWD-OFF-013,2026-09-07T10:31:31+05:30,2026-09-19,2026-09-08T13:40:58+05:30,2026-09-11T12:39:07+05:30,wall rebuilt approx 12m,uploads/pwd/PWD-TSK-19586.jpg,,,completed_pending_verification
PWD-TSK-19587,,PWD-INC-058786,Attend roof leak / cracks - Govt Kilpauk Medical College Hospital,TLK12,Kilpauk,13.092603,80.255120,PWD-OFF-006,2026-09-07T10:45:51+05:30,2026-10-08,2026-09-08T10:29:45+05:30,2026-09-13T13:45:29+05:30,"inspected, minor cracks attended pls verify",uploads/pwd/PWD-TSK-19587.jpg,2026-09-16T10:33:25+05:30,satisfactory,verified
PWD-TSK-19588,,PWD-INC-058778,"Remove collapsed wall debris near Karpagam Ave, New Washermanpet",TLK15,New Washermanpet,13.124236,80.295252,PWD-OFF-018,2026-09-07T10:46:45+05:30,2026-09-22,2026-09-07T14:59:54+05:30,2026-09-16T10:26:54+05:30,wall rebuilt approx 12m pls verify,uploads/pwd/PWD-TSK-19588.jpg,2026-09-23T11:52:47+05:30,"verified, ok",verified
PWD-TSK-19561,,PWD-INC-058685,Desilt / clear blockage in Buckingham Canal - Okkiyam stretch near Okkiyam Thoraipakkam,TLK13,Okkiyam Thoraipakkam,12.906168,80.222449,PWD-OFF-015,2026-09-07T10:51:49+05:30,2026-09-14,2026-09-08T12:50:29+05:30,,,,,,in_progress
PWD-TSK-19504,,PWD-INC-058506,"Attend roof leak / cracks - Govt Polytechnic College, Taramani",TLK16,Taramani,12.980637,80.210659,PWD-OFF-007,2026-09-07T11:00:46+05:30,2026-10-27,2026-09-15T11:55:06+05:30,2026-09-26T11:37:00+05:30,roof waterproofing done,uploads/pwd/PWD-TSK-19504.jpg,,,completed_pending_verification
PWD-TSK-19541,,PWD-INC-058622,Remove encroachment on Pallikaranai Marsh Outlet Drain at Pallikaranai,TLK13,Pallikaranai,12.903148,80.227669,PWD-OFF-020,2026-09-07T11:41:54+05:30,2026-10-26,2026-09-15T11:26:27+05:30,,,,,,in_progress
PWD-TSK-19589,,PWD-INC-058771,Deploy pumpset & drain water - T. Nagar,TLK09,T. Nagar,13.031290,80.220137,PWD-OFF-017,2026-09-07T11:48:21+05:30,2026-09-09,2026-09-07T13:25:36+05:30,2026-09-09T12:34:43+05:30,"water receded, inlet cleaned - AE",uploads/pwd/PWD-TSK-19589.jpg,2026-09-16T10:20:25+05:30,"checked, work ok",verified
PWD-TSK-19590,,PWD-INC-058789,"Pump out stagnant water - Mosque St, Chintadripet",TLK05,Chintadripet,13.075745,80.255944,PWD-OFF-013,2026-09-07T12:05:03+05:30,2026-09-09,2026-09-07T13:29:18+05:30,2026-09-10T11:26:19+05:30,"2 pumpsets deployed, water drained",uploads/pwd/PWD-TSK-19590.jpg,2026-09-28T11:21:26+05:30,verified by DRO,verified
PWD-TSK-19505,GRV-20260902-11278,,Grievance - illegal construction in Nolambur Lake,TLK08,Nolambur,13.065914,80.165373,PWD-OFF-013,2026-09-07T12:12:22+05:30,2026-10-12,2026-09-18T11:30:12+05:30,,,,,,in_progress
PWD-TSK-19591,,PWD-INC-058758,Inspect & control overflow in the canal at Purasawalkam,TLK12,Purasawalkam,13.089499,80.251632,PWD-OFF-019,2026-09-07T13:05:07+05:30,2026-09-09,2026-09-07T14:12:31+05:30,2026-09-09T13:43:55+05:30,sandbagging done approx 60m pls verify,uploads/pwd/PWD-TSK-19591.jpg,2026-09-30T10:52:56+05:30,debris not removed fully,reopened
PWD-TSK-19542,GRV-20260904-25154,,"Grievance - silt & garbage in Buckingham Canal - Mandaveli stretch, Mandaveli",TLK10,Mandaveli,13.031631,80.262795,PWD-OFF-015,2026-09-07T14:55:54+05:30,2026-09-24,,,,,,,assigned
PWD-TSK-19562,,PWD-INC-058681,Structural inspection & repair - Ezhilagam Govt Office Complex,TLK10,Triplicane,13.030418,80.268453,PWD-OFF-004,2026-09-07T16:05:31+05:30,2026-10-26,,,,,,,assigned
PWD-TSK-19601,GRV-20260906-89084,,Petition: Velachery Lake Surplus Sluice shutter not closing properly,TLK16,Velachery,12.980478,80.222406,PWD-OFF-016,2026-09-07T17:58:59+05:30,2026-10-02,2026-09-28T11:57:24+05:30,,,,,,in_progress
PWD-TSK-19592,,PWD-INC-058770,Inspect damage to Okkiyam Madavu Bridge,TLK13,Okkiyam Thoraipakkam,12.905652,80.224354,PWD-OFF-012,2026-09-08T10:28:55+05:30,2026-10-19,2026-09-09T10:01:13+05:30,,,,,,in_progress
PWD-TSK-19593,,PWD-INC-058741,Clear choked Virugambakkam-Arumbakkam Canal at VOC St,TLK08,Virugambakkam,13.063405,80.174202,PWD-OFF-013,2026-09-08T13:19:56+05:30,2026-09-24,,,,,,,assigned
PWD-TSK-19602,GRV-20260904-97354,,Petition: Adambakkam Lake Sluice shutter not closing properly,TLK01,Adambakkam,12.992963,80.199587,PWD-OFF-016,2026-09-08T14:43:30+05:30,2026-10-02,2026-09-15T12:42:15+05:30,,,,,,in_progress
PWD-TSK-19621,,PWD-INC-058864,Clear waterlogging at Aminjikarai (Indira Nagar 3rd Ave),TLK03,Aminjikarai,13.070843,80.224055,PWD-OFF-013,2026-09-08T15:33:36+05:30,2026-09-10,2026-09-08T15:56:41+05:30,2026-10-03T09:33:20+05:30,done. photo attached pls verify,uploads/pwd/PWD-TSK-19621.jpg,,,completed_pending_verification
PWD-TSK-19622,,PWD-INC-058865,"Remove collapsed wall debris near Indira Nagar 3rd Ave, Periamet",TLK05,Periamet,13.082106,80.269138,PWD-OFF-013,2026-09-08T18:52:57+05:30,2026-09-21,2026-09-09T10:33:47+05:30,2026-09-15T12:50:42+05:30,"debris removed, estimate for new wall sent",uploads/pwd/PWD-TSK-19622.jpg,,,completed_pending_verification
PWD-TSK-19594,GRV-20260906-42896,,"Grievance - seepage through Adyar River Bund - Kotturpuram bund, Kotturpuram",TLK10,Kotturpuram,13.030938,80.262712,PWD-OFF-017,2026-09-09T11:35:41+05:30,2026-11-06,2026-09-10T12:45:10+05:30,2026-09-27T10:36:24+05:30,seepage point attended - AE,uploads/pwd/PWD-TSK-19594.jpg,2026-09-29T10:43:37+05:30,"field verified by RDO, fine",verified
PWD-TSK-19641,,PWD-INC-058929,Inspect & control overflow in Adyar River - Jafferkhanpet stretch at Jafferkhanpet,TLK06,Jafferkhanpet,13.010910,80.217619,PWD-OFF-017,2026-09-10T11:57:05+05:30,2026-09-15,2026-09-10T13:48:30+05:30,2026-09-13T12:18:26+05:30,"vent cleared, level coming down (JE)",uploads/pwd/PWD-TSK-19641.jpg,,,completed_pending_verification
PWD-TSK-19642,,PWD-INC-058925,Repair shutter of Velachery Lake Surplus Sluice,TLK16,Velachery,12.978937,80.221834,PWD-OFF-012,2026-09-10T14:34:37+05:30,2026-09-28,2026-09-11T11:42:07+05:30,2026-09-14T17:00:39+05:30,"work under progress, now completed.",uploads/pwd/PWD-TSK-19642.jpg,2026-09-24T15:24:01+05:30,"checked, work ok",verified
PWD-TSK-19623,,PWD-INC-058863,Desilt / clear blockage in the storm water drain near Royapettah,TLK10,Royapettah,13.028306,80.265166,PWD-OFF-017,2026-09-10T15:50:55+05:30,2026-09-30,2026-09-15T10:38:25+05:30,2026-09-17T14:23:37+05:30,"drain mouth cleaned, hyacinth removed",uploads/pwd/PWD-TSK-19623.jpg,,,completed_pending_verification
PWD-TSK-19661,GRV-20260910-06011,,"Grievance - silt & garbage in Buckingham Canal - Basin Bridge stretch, Pulianthope",TLK12,Pulianthope,13.086336,80.254832,PWD-OFF-013,2026-09-11T11:11:33+05:30,2026-09-24,,,,,,,assigned
PWD-TSK-19624,,PWD-INC-058867,Desilt / clear blockage in Anna Nagar Macro Drain near Anna Nagar,TLK03,Anna Nagar,13.070440,80.221957,PWD-OFF-013,2026-09-11T11:35:12+05:30,2026-09-26,2026-09-22T10:11:53+05:30,2026-09-26T10:52:07+05:30,"work under progress, now completed - AE",uploads/pwd/PWD-TSK-19624.jpg,2026-10-01T13:04:40+05:30,verified. good work,verified
PWD-TSK-19681,GRV-20260910-57123,,Petition: Velachery Lake Surplus Sluice shutter not closing properly,TLK16,Velachery,12.981173,80.223882,PWD-OFF-012,2026-09-15T10:18:56+05:30,2026-10-02,,,,,,,assigned
PWD-TSK-19682,GRV-20260910-06917,,Petition: repair leaking roof / cracks at Rajiv Gandhi Govt General Hospital - Tower Block,TLK05,Periamet,13.079665,80.270543,PWD-OFF-009,2026-09-15T10:29:44+05:30,2026-10-25,2026-09-16T12:09:45+05:30,,,,,,in_progress
PWD-TSK-19662,GRV-20260907-04990,,Petition: repair leaking roof / cracks at Govt Royapettah Hospital,TLK10,Royapettah,13.031861,80.265526,PWD-OFF-006,2026-09-15T10:32:22+05:30,2026-11-08,,,,,,,assigned
PWD-TSK-19741,,PWD-INC-059221,Sandbag bank of Kodungaiyur Canal near Kodungaiyur,TLK11,Kodungaiyur,13.111453,80.232369,PWD-OFF-019,2026-09-15T10:34:05+05:30,2026-09-19,2026-09-15T17:07:08+05:30,,,,,,in_progress
PWD-TSK-19761,,PWD-INC-059284,Clear debris & rebuild wall - Perambur,TLK11,Perambur,13.117518,80.229923,PWD-OFF-018,2026-09-15T10:39:39+05:30,2026-10-04,2026-09-15T14:43:23+05:30,2026-09-21T09:25:17+05:30,"debris cleared, barricade put",uploads/pwd/PWD-TSK-19761.jpg,2026-09-25T11:29:12+05:30,verified by DRO,verified
PWD-TSK-19643,,PWD-INC-058926,Remove encroachment on Anna Nagar Macro Drain at Anna Nagar,TLK03,Anna Nagar,13.070981,80.220441,PWD-OFF-013,2026-09-15T10:56:21+05:30,2026-11-07,2026-09-17T10:23:04+05:30,,,,,,in_progress
PWD-TSK-19644,,PWD-INC-058927,Desilt / clear blockage in Nanganallur Macro Drain near Nanganallur,TLK01,Nanganallur,12.997278,80.197018,PWD-OFF-016,2026-09-15T11:01:28+05:30,2026-09-30,2026-09-16T10:53:39+05:30,2026-09-19T12:30:51+05:30,wrk completed.,uploads/pwd/PWD-TSK-19644.jpg,2026-09-24T10:40:11+05:30,"verified, ok",verified
PWD-TSK-19742,,PWD-INC-059223,Deploy pumpset & drain water - Pulianthope,TLK12,Pulianthope,13.082606,80.255884,PWD-OFF-013,2026-09-15T11:21:32+05:30,2026-09-16,2026-09-15T15:04:37+05:30,2026-09-17T14:51:14+05:30,"work under progress, now completed (JE)",uploads/pwd/PWD-TSK-19742.jpg,2026-09-28T12:44:41+05:30,only partial work done,reopened
PWD-TSK-19701,,PWD-INC-059106,Survey & evict encroachment - Adambakkam Lake,TLK01,Adambakkam,12.996899,80.201798,PWD-OFF-020,2026-09-15T12:22:52+05:30,2026-11-08,2026-09-28T11:06:47+05:30,,,,,,in_progress
PWD-TSK-19743,,PWD-INC-059222,Structural inspection & repair - King Institute of Preventive Medicine,TLK06,Guindy,13.005853,80.213146,PWD-OFF-006,2026-09-15T13:39:36+05:30,2026-11-05,,,,,,,assigned
PWD-TSK-19683,,PWD-INC-059047,Clear choked Buckingham Canal - Ennore stretch at Periyar St,TLK14,Ennore,13.161191,80.297192,PWD-OFF-015,2026-09-15T13:48:52+05:30,2026-10-02,,,,,,,assigned
PWD-TSK-19684,,PWD-INC-059049,Structural inspection & repair - Ezhilagam Govt Office Complex,TLK10,Triplicane,13.028835,80.269873,PWD-OFF-004,2026-09-15T16:13:27+05:30,2026-11-02,2026-09-29T13:44:20+05:30,,,,,,in_progress
PWD-TSK-19702,,PWD-INC-059103,Inspect damage to Aminjikarai Cooum Bridge,TLK03,Aminjikarai,13.071277,80.222499,PWD-OFF-013,2026-09-15T17:47:39+05:30,2026-11-14,,,,,,,assigned
PWD-TSK-19762,,PWD-INC-059288,Inspect damage to Manali Kosasthalaiyar Causeway,TLK14,Manali,13.161360,80.301567,PWD-OFF-015,2026-09-16T10:11:48+05:30,2026-10-23,2026-09-18T13:42:02+05:30,,,,,,in_progress
PWD-TSK-19744,,PWD-INC-059230,Clear choked Otteri Nullah - Ayanavaram stretch at Lake View Rd,TLK04,Ayanavaram,13.099739,80.235019,PWD-OFF-016,2026-09-16T10:25:47+05:30,2026-10-07,2026-09-21T12:32:25+05:30,2026-09-24T13:49:00+05:30,"blockage cleared, flow ok - AE",uploads/pwd/PWD-TSK-19744.jpg,,,completed_pending_verification
PWD-TSK-19763,GRV-20260915-47205,,"Grievance - silt & garbage in Mambalam Canal Macro Drain, T. Nagar",TLK09,T. Nagar,13.032345,80.222995,PWD-OFF-017,2026-09-16T10:58:15+05:30,2026-09-29,2026-09-28T13:14:32+05:30,,,,,,in_progress
PWD-TSK-19764,,PWD-INC-059287,Remove encroachment on Ambattur Lake at Ambattur,TLK02,Ambattur,13.113339,80.152893,PWD-OFF-014,2026-09-17T10:04:44+05:30,2026-10-21,2026-09-18T10:09:51+05:30,2026-10-01T17:42:05+05:30,completed as per instructions,uploads/pwd/PWD-TSK-19764.jpg,,,completed_pending_verification
PWD-TSK-19781,,PWD-INC-059345,Desilt / clear blockage in Virugambakkam-Arumbakkam Canal near Virugambakkam,TLK08,Virugambakkam,13.063288,80.175302,PWD-OFF-013,2026-09-17T10:08:32+05:30,2026-09-24,2026-09-21T10:08:27+05:30,2026-10-01T12:35:40+05:30,"blockage cleared, flow ok (JE)",uploads/pwd/PWD-TSK-19781.jpg,,,completed_pending_verification
PWD-TSK-19782,,PWD-INC-059346,"Repair shutter of Otteri Nullah Regulator, Basin Bridge",TLK12,Pulianthope,13.083521,80.256811,PWD-OFF-015,2026-09-17T12:05:11+05:30,2026-10-09,2026-09-21T12:31:04+05:30,,,,,,in_progress
PWD-TSK-19783,,PWD-INC-059347,Structural inspection & repair - Govt Royapettah Hospital,TLK10,Royapettah,13.030680,80.265798,PWD-OFF-006,2026-09-17T12:45:38+05:30,2026-11-02,2026-09-18T10:07:01+05:30,,,,,,in_progress
PWD-TSK-19784,,PWD-INC-059344,"Attend roof leak / cracks - Govt Polytechnic College, Taramani",TLK16,Taramani,12.982647,80.213281,PWD-OFF-007,2026-09-17T15:00:30+05:30,2026-11-13,2026-09-18T12:08:48+05:30,,,,,,in_progress
PWD-TSK-19785,GRV-20260913-51674,,"Grievance - unsafe building condition, Govt Hr Sec School, Ashok Nagar",TLK09,Ashok Nagar,13.033830,80.226671,PWD-OFF-007,2026-09-17T17:26:54+05:30,2026-11-05,2026-09-18T11:04:26+05:30,2026-09-22T10:16:15+05:30,"crack sealed, plastering done",uploads/pwd/PWD-TSK-19785.jpg,,,completed_pending_verification
PWD-TSK-19786,,PWD-INC-059341,Desilt / clear blockage in Villivakkam Macro Drain near Villivakkam,TLK04,Villivakkam,13.094774,80.237325,PWD-OFF-016,2026-09-18T10:45:57+05:30,2026-10-07,2026-09-18T13:00:59+05:30,2026-10-02T08:03:10+05:30,completed as per instructions,uploads/pwd/PWD-TSK-19786.jpg,,,completed_pending_verification
PWD-TSK-19841,,PWD-INC-059529,"Remove collapsed wall debris near Pillaiyar Koil St, Nerkundram",TLK08,Nerkundram,13.062903,80.170008,PWD-OFF-013,2026-09-19T13:24:49+05:30,2026-10-01,2026-09-21T10:11:09+05:30,2026-09-23T10:30:00+05:30,attended & completed,uploads/pwd/PWD-TSK-19841.jpg,,,completed_pending_verification
PWD-TSK-19842,,PWD-INC-059531,Clear surplus channel of Adambakkam Lake,TLK01,Adambakkam,12.999744,80.201546,PWD-OFF-016,2026-09-19T13:58:39+05:30,2026-09-22,2026-09-19T15:29:33+05:30,2026-09-23T09:02:55+05:30,surplus channel cleaned pls verify,uploads/pwd/PWD-TSK-19842.jpg,,,completed_pending_verification
PWD-TSK-19843,,PWD-INC-059540,Inspect & control overflow in the canal at Mogappair,TLK02,Mogappair,13.110452,80.155653,PWD-OFF-016,2026-09-19T19:03:14+05:30,2026-09-24,2026-09-21T11:01:01+05:30,2026-09-23T09:36:02+05:30,"vent cleared, level coming down",uploads/pwd/PWD-TSK-19843.jpg,,,completed_pending_verification
PWD-TSK-19844,,PWD-INC-059542,Clear waterlogging at Little Mount (New Colony 2nd St),TLK06,Little Mount,13.012845,80.216745,PWD-OFF-017,2026-09-19T20:38:34+05:30,2026-09-22,2026-09-19T21:48:13+05:30,2026-09-22T09:34:04+05:30,"2 pumpsets deployed, water drained (JE)",uploads/pwd/PWD-TSK-19844.jpg,2026-09-25T11:34:37+05:30,debris not removed fully,reopened
PWD-TSK-19845,,PWD-INC-059545,Inspect & control overflow in Nanganallur Macro Drain at Nanganallur,TLK01,Nanganallur,12.992903,80.197867,PWD-OFF-012,2026-09-19T21:53:42+05:30,2026-09-22,2026-09-21T10:02:04+05:30,,,,,,in_progress
PWD-TSK-19861,,PWD-INC-059585,Inspect & control overflow in Cooum River - Koyambedu stretch at Koyambedu,TLK08,Koyambedu,13.065105,80.175080,PWD-OFF-013,2026-09-20T10:18:21+05:30,2026-09-22,2026-09-20T11:29:56+05:30,2026-09-22T18:26:56+05:30,overflow controlled pls verify,uploads/pwd/PWD-TSK-19861.jpg,,,completed_pending_verification
PWD-TSK-19862,,PWD-INC-059584,Sandbag bank of Kodungaiyur Canal near Kodungaiyur,TLK11,Kodungaiyur,13.111823,80.231449,PWD-OFF-015,2026-09-20T12:23:47+05:30,2026-09-22,2026-09-20T16:22:27+05:30,2026-09-23T08:04:05+05:30,overflow controlled,uploads/pwd/PWD-TSK-19862.jpg,2026-09-28T10:03:02+05:30,satisfactory,verified
PWD-TSK-19863,,PWD-INC-059605,Deploy pumpset & drain water - Kilpauk,TLK12,Kilpauk,13.095348,80.256829,PWD-OFF-019,2026-09-20T13:27:20+05:30,2026-09-23,2026-09-20T16:34:53+05:30,2026-09-23T11:46:43+05:30,"water pumped out, road clear",uploads/pwd/PWD-TSK-19863.jpg,2026-09-28T10:03:00+05:30,wrong location photo uploaded,reopened
PWD-TSK-19864,,PWD-INC-059613,Deploy pumpset & drain water - Ambattur,TLK02,Ambattur,13.114388,80.154535,PWD-OFF-014,2026-09-20T18:15:13+05:30,2026-09-22,2026-09-21T10:11:08+05:30,2026-09-23T17:42:33+05:30,"water pumped out, road clear - AE",uploads/pwd/PWD-TSK-19864.jpg,2026-09-24T12:53:21+05:30,"silt dumped on bank itself, remove",reopened
PWD-TSK-19881,,PWD-INC-059641,Clear waterlogging at Sholinganallur (Vinayagar Koil St),TLK13,Sholinganallur,12.901651,80.226542,PWD-OFF-015,2026-09-21T08:21:41+05:30,2026-09-23,2026-09-21T14:10:41+05:30,2026-10-03T11:35:30+05:30,"2 pumpsets deployed, water drained.",uploads/pwd/PWD-TSK-19881.jpg,,,completed_pending_verification
PWD-TSK-19865,,PWD-INC-059582,Sandbag bank of Mambalam Canal Macro Drain near T. Nagar,TLK09,T. Nagar,13.030849,80.223568,PWD-OFF-017,2026-09-21T10:02:55+05:30,2026-09-24,2026-09-21T11:57:45+05:30,2026-09-24T08:12:33+05:30,sandbagging done approx 60m pls verify,uploads/pwd/PWD-TSK-19865.jpg,,,completed_pending_verification
PWD-TSK-19821,,PWD-INC-059467,Attend roof leak / cracks - Sholinganallur Taluk Office,TLK13,Sholinganallur,12.897302,80.230316,PWD-OFF-004,2026-09-21T10:03:39+05:30,2026-11-11,2026-09-21T14:22:40+05:30,,,,,,in_progress
PWD-TSK-19846,,PWD-INC-059537,Deploy pumpset & drain water - Saidapet,TLK06,Saidapet,13.012276,80.211854,PWD-OFF-017,2026-09-21T10:07:51+05:30,2026-09-22,2026-09-21T11:26:44+05:30,,,,,,in_progress
PWD-TSK-19847,,PWD-INC-059559,Inspect & control overflow in Captain Cotton Canal - Vyasarpadi stretch at Vyasarpadi,TLK11,Vyasarpadi,13.116788,80.237221,PWD-OFF-015,2026-09-21T10:14:15+05:30,2026-09-24,2026-09-23T11:49:25+05:30,2026-09-24T09:10:08+05:30,sandbagging done approx 60m,uploads/pwd/PWD-TSK-19847.jpg,,,completed_pending_verification
PWD-TSK-19822,,PWD-INC-059462,Desilt / clear blockage in the storm water drain near Valasaravakkam,TLK08,Valasaravakkam,13.059165,80.168657,PWD-OFF-013,2026-09-21T10:16:48+05:30,2026-10-06,2026-09-22T12:26:58+05:30,2026-09-30T09:20:04+05:30,"desilting done, debris cleared (JE)",uploads/pwd/PWD-TSK-19822.jpg,,,completed_pending_verification
PWD-TSK-19848,,PWD-INC-059553,"Pump out stagnant water - 3rd Cross St, Velachery",TLK16,Velachery,12.977982,80.218730,PWD-OFF-016,2026-09-21T10:22:10+05:30,2026-09-24,2026-09-24T00:39:31+05:30,2026-09-26T08:03:46+05:30,cleared. monitoring,uploads/pwd/PWD-TSK-19848.jpg,,,completed_pending_verification
PWD-TSK-19849,,PWD-INC-059551,Deploy pumpset & drain water - Nanganallur,TLK01,Nanganallur,12.993102,80.198991,PWD-OFF-016,2026-09-21T10:35:33+05:30,2026-09-24,2026-09-23T15:35:40+05:30,,,,,,in_progress
PWD-TSK-19866,,PWD-INC-059628,Deploy pumpset & drain water - Mogappair,TLK02,Mogappair,13.112378,80.156002,PWD-OFF-014,2026-09-21T10:48:30+05:30,2026-09-24,2026-09-21T14:25:38+05:30,2026-09-24T11:31:37+05:30,work completed.,uploads/pwd/PWD-TSK-19866.jpg,2026-09-28T10:52:33+05:30,"silt dumped on bank itself, remove",reopened
PWD-TSK-19867,,PWD-INC-059588,"Remove collapsed wall debris near School St, Perambur",TLK11,Perambur,13.115851,80.237321,PWD-OFF-018,2026-09-21T10:56:46+05:30,2026-10-02,2026-09-21T11:27:38+05:30,,,,,,in_progress
PWD-TSK-19850,,PWD-INC-059525,Clear choked Guindy Industrial Estate Storm Water Channel at Kannadasan St,TLK06,Guindy Industrial Estate,13.010131,80.209816,PWD-OFF-017,2026-09-21T10:59:19+05:30,2026-10-09,2026-09-29T10:02:04+05:30,2026-10-01T10:19:15+05:30,"desilted, silt shifted",uploads/pwd/PWD-TSK-19850.jpg,,,completed_pending_verification
PWD-TSK-19851,,PWD-INC-059564,Clear surplus channel of Palavanthangal Lake,TLK01,Palavanthangal,12.991990,80.205156,PWD-OFF-012,2026-09-21T11:04:52+05:30,2026-09-25,2026-09-21T16:16:07+05:30,2026-09-24T11:47:26+05:30,weir obstruction removed,uploads/pwd/PWD-TSK-19851.jpg,2026-09-25T17:00:11+05:30,debris not removed fully,reopened
PWD-TSK-19852,,PWD-INC-059524,"Pump out stagnant water - Pillaiyar Koil St, Ambattur Industrial Estate",TLK02,Ambattur Industrial Estate,13.111464,80.146343,PWD-OFF-019,2026-09-21T11:10:39+05:30,2026-09-22,2026-09-21T14:23:23+05:30,2026-09-24T11:17:09+05:30,"water receded, inlet cleaned - photo uploaded",uploads/pwd/PWD-TSK-19852.jpg,,,completed_pending_verification
PWD-TSK-19868,,PWD-INC-059581,Clear waterlogging at Madhavaram Milk Colony (Nehru St),TLK07,Madhavaram Milk Colony,13.144657,80.238305,PWD-OFF-016,2026-09-21T11:46:29+05:30,2026-09-23,2026-09-22T08:09:58+05:30,2026-09-24T10:39:57+05:30,stagnation cleared by evening,uploads/pwd/PWD-TSK-19868.jpg,2026-10-01T13:22:03+05:30,"site inspected, satisfactory",verified
PWD-TSK-19853,,PWD-INC-059556,Clear waterlogging at Mogappair (Mosque St),TLK02,Mogappair,13.109337,80.154540,PWD-OFF-016,2026-09-21T11:48:36+05:30,2026-09-24,2026-09-21T16:36:00+05:30,2026-09-25T10:09:38+05:30,cleared. monitoring,uploads/pwd/PWD-TSK-19853.jpg,2026-09-28T11:06:30+05:30,"checked, work ok",verified
PWD-TSK-19869,,PWD-INC-059612,Deploy pumpset & drain water - Kolathur,TLK04,Kolathur,13.100147,80.229043,PWD-OFF-019,2026-09-21T12:04:46+05:30,2026-09-22,2026-09-21T15:04:49+05:30,2026-09-24T12:43:15+05:30,cleared. monitoring - AE,uploads/pwd/PWD-TSK-19869.jpg,,,completed_pending_verification
PWD-TSK-19870,,PWD-INC-059602,Clear choked Buckingham Canal - Okkiyam stretch at 2nd Main Rd,TLK13,Okkiyam Thoraipakkam,12.906128,80.220872,PWD-OFF-015,2026-09-21T13:29:03+05:30,2026-10-11,,,,,,,assigned
PWD-TSK-19854,,PWD-INC-059541,Clear choked Veerangal Odai at Sannathi St,TLK16,Velachery,12.980696,80.222175,PWD-OFF-016,2026-09-21T14:42:23+05:30,2026-10-12,,,,,,,assigned
PWD-TSK-19801,,PWD-INC-059407,"Attend roof leak / cracks - Govt Girls Hr Sec School, Ambattur",TLK02,Ambattur,13.115317,80.153791,PWD-OFF-005,2026-09-21T14:48:28+05:30,2026-10-24,2026-09-22T10:36:15+05:30,2026-10-01T15:05:18+05:30,"temp props given, estimate sent for major repair.",uploads/pwd/PWD-TSK-19801.jpg,,,completed_pending_verification
PWD-TSK-19871,,PWD-INC-059623,Structural inspection & repair - the govt building,TLK07,Puzhal,13.153976,80.231775,PWD-OFF-016,2026-09-22T10:46:50+05:30,2026-11-19,,,,,,,assigned
PWD-TSK-19872,,PWD-INC-059618,Clear choked Virugambakkam-Arumbakkam Canal at 1st Avenue,TLK08,Virugambakkam,13.062546,80.174949,PWD-OFF-013,2026-09-22T11:26:40+05:30,2026-10-05,2026-09-24T10:10:32+05:30,2026-10-03T12:02:20+05:30,silt removed 3 loads.,uploads/pwd/PWD-TSK-19872.jpg,,,completed_pending_verification
PWD-TSK-19873,,PWD-INC-059587,Desilt / clear blockage in Kodungaiyur Canal near Kodungaiyur,TLK11,Kodungaiyur,13.111400,80.230985,PWD-OFF-018,2026-09-23T11:21:22+05:30,2026-09-30,,,,,,,assigned
PWD-TSK-19901,GRV-20260920-81205,,"Grievance - silt & garbage in Anna Nagar Macro Drain, Anna Nagar",TLK03,Anna Nagar,13.069285,80.222537,PWD-OFF-013,2026-09-23T11:41:32+05:30,2026-10-13,2026-09-24T11:28:58+05:30,2026-09-26T15:19:58+05:30,"desilted, silt shifted.",uploads/pwd/PWD-TSK-19901.jpg,2026-10-01T12:10:03+05:30,"verified, ok",verified
PWD-TSK-19902,,PWD-INC-059709,"Inspect damage to Thiru. Vi. Ka. Bridge, Adyar",TLK10,Adyar,13.032322,80.259530,PWD-OFF-012,2026-09-23T11:47:19+05:30,2026-10-23,2026-09-25T12:39:57+05:30,,,,,,in_progress
PWD-TSK-19903,GRV-20260917-83487,,"Petition: remove encroachment on Perungudi Lake, Perungudi",TLK13,Perungudi,12.904734,80.228017,PWD-OFF-016,2026-09-23T17:00:12+05:30,2026-11-21,2026-09-24T11:12:10+05:30,,,,,,in_progress
PWD-TSK-19904,GRV-20260921-88548,,Grievance - illegal construction in Buckingham Canal - Thiruvanmiyur stretch,TLK16,Thiruvanmiyur,12.985659,80.220496,PWD-OFF-016,2026-09-24T07:48:03+05:30,2026-11-11,,,,,,,assigned
PWD-TSK-19905,,PWD-INC-059706,"Structural inspection & repair - Govt Hr Sec School, Ashok Nagar",TLK09,Ashok Nagar,13.034531,80.226443,PWD-OFF-007,2026-09-24T10:46:36+05:30,2026-11-18,,,,,,,assigned
PWD-TSK-19921,,PWD-INC-059765,Remove encroachment on Retteri Lake at Retteri,TLK07,Retteri,13.149722,80.227949,PWD-OFF-020,2026-09-24T12:17:40+05:30,2026-11-16,2026-09-29T11:55:37+05:30,,,,,,in_progress
PWD-TSK-19882,,PWD-INC-059646,Survey & evict encroachment - Madhavaram Lake,TLK07,Madhavaram,13.145892,80.233937,PWD-OFF-016,2026-09-24T12:31:52+05:30,2026-11-19,2026-09-25T11:17:23+05:30,,,,,,in_progress
PWD-TSK-19906,GRV-20260921-71575,,Grievance - illegal construction in Adyar River - Jafferkhanpet stretch,TLK06,Jafferkhanpet,13.008154,80.217358,PWD-OFF-020,2026-09-24T15:03:37+05:30,2026-10-26,2026-09-25T10:26:07+05:30,,,,,,in_progress
PWD-TSK-19941,,PWD-INC-059825,Sandbag bank of the canal near Ekkatuthangal,TLK06,Ekkatuthangal,13.003462,80.212060,PWD-OFF-017,2026-09-24T16:07:13+05:30,2026-09-28,2026-09-24T19:38:09+05:30,2026-09-27T09:51:11+05:30,sandbagging done approx 60m - photo uploaded,uploads/pwd/PWD-TSK-19941.jpg,,,completed_pending_verification
PWD-TSK-19922,,PWD-INC-059769,Structural inspection & repair - Rajiv Gandhi Govt General Hospital - Tower Block,TLK05,Periamet,13.080276,80.270208,PWD-OFF-006,2026-09-25T10:20:38+05:30,2026-11-22,,,,,,,assigned
PWD-TSK-19923,,PWD-INC-059768,"Structural inspection & repair - Govt Peripheral Hospital, Periyar Nagar",TLK04,Periyar Nagar,13.098057,80.229540,PWD-OFF-003,2026-09-25T11:05:02+05:30,2026-11-10,2026-09-29T12:58:37+05:30,,,,,,in_progress
PWD-TSK-19924,,PWD-INC-059761,Repair parapet/deck of Manali Kosasthalaiyar Causeway,TLK14,Manali,13.161288,80.303485,PWD-OFF-014,2026-09-25T12:46:57+05:30,2026-11-15,2026-09-25T14:25:22+05:30,,,,,,in_progress
PWD-TSK-19942,,PWD-INC-059829,Desilt / clear blockage in Captain Cotton Canal - Vyasarpadi stretch near Vyasarpadi,TLK11,Vyasarpadi,13.117720,80.240501,PWD-OFF-018,2026-09-25T13:27:20+05:30,2026-10-02,,,,,,,assigned
PWD-TSK-19943,,PWD-INC-059828,Desilt / clear blockage in Captain Cotton Canal - Vyasarpadi stretch near Vyasarpadi,TLK11,Vyasarpadi,13.116857,80.240172,PWD-OFF-018,2026-09-25T15:49:06+05:30,2026-10-12,,,,,,,assigned
PWD-TSK-19961,,PWD-INC-059884,"Pump out stagnant water - School St, Pattaravakkam",TLK02,Pattaravakkam,13.115432,80.154311,PWD-OFF-014,2026-09-25T19:05:33+05:30,2026-09-26,2026-09-25T23:36:01+05:30,,,,,,in_progress
PWD-TSK-19962,,PWD-INC-059886,Clear waterlogging at Guindy Industrial Estate (Kalaignar Nagar),TLK06,Guindy Industrial Estate,13.009750,80.208641,PWD-OFF-019,2026-09-28T10:01:57+05:30,2026-10-01,2026-09-28T11:54:31+05:30,2026-10-01T08:11:13+05:30,cleared. monitoring,uploads/pwd/PWD-TSK-19962.jpg,,,completed_pending_verification
PWD-TSK-19944,,PWD-INC-059833,Attend sluice gate defect - Korattur Lake Sluice,TLK02,Korattur,13.106246,80.155552,PWD-OFF-014,2026-09-28T10:15:37+05:30,2026-10-08,2026-09-29T13:59:36+05:30,2026-10-02T18:01:32+05:30,shutter repaired & greased (JE),uploads/pwd/PWD-TSK-19944.jpg,,,completed_pending_verification
PWD-TSK-19963,,PWD-INC-059883,Structural inspection & repair - King Institute of Preventive Medicine,TLK06,Guindy,13.003764,80.212599,PWD-OFF-006,2026-09-28T11:21:16+05:30,2026-11-23,2026-10-01T14:15:08+05:30,,,,,,in_progress
PWD-TSK-19945,,PWD-INC-059823,Clear choked Pallikaranai Marsh Outlet Drain at East St,TLK13,Pallikaranai,12.901113,80.224674,PWD-OFF-012,2026-09-28T11:58:09+05:30,2026-10-15,2026-09-29T11:59:46+05:30,,,,,,in_progress
PWD-TSK-19946,,PWD-INC-059826,"Structural inspection & repair - Collectorate Building, Rajaji Salai",TLK15,George Town,13.118156,80.285708,PWD-OFF-010,2026-09-28T12:01:49+05:30,2026-11-17,,,,,,,assigned
PWD-TSK-20021,,PWD-INC-060061,Clear debris & rebuild wall - Pulianthope,TLK12,Pulianthope,13.085094,80.254819,PWD-OFF-015,2026-09-28T12:14:18+05:30,2026-10-05,2026-09-28T13:46:43+05:30,,,,,,in_progress
PWD-TSK-20001,,PWD-INC-060003,Desilt / clear blockage in Buckingham Canal - Korukkupet stretch near Korukkupet,TLK15,Korukkupet,13.134211,80.287899,PWD-OFF-018,2026-09-28T12:31:00+05:30,2026-10-16,,,,,,,assigned
PWD-TSK-19947,,PWD-INC-059822,"Repair parapet/deck of Maraimalai Adigal Bridge, Saidapet",TLK06,Saidapet,13.011821,80.208479,PWD-OFF-017,2026-09-28T14:54:31+05:30,2026-11-24,2026-09-29T10:26:32+05:30,,,,,,in_progress
PWD-TSK-20022,,PWD-INC-060067,Inspect & control overflow in Otteri Nullah - Kilpauk stretch at Kilpauk,TLK12,Kilpauk,13.095754,80.255588,PWD-OFF-015,2026-09-29T10:10:41+05:30,2026-10-03,2026-09-29T17:03:37+05:30,2026-10-02T09:06:37+05:30,work completed,uploads/pwd/PWD-TSK-20022.jpg,,,completed_pending_verification
PWD-TSK-20023,,PWD-INC-060068,Sandbag bank of the canal near Ambattur,TLK02,Ambattur,13.112540,80.150876,PWD-OFF-014,2026-09-29T11:55:47+05:30,2026-10-01,2026-09-29T13:33:55+05:30,2026-10-02T11:13:05+05:30,sandbagging done approx 60m - AE,uploads/pwd/PWD-TSK-20023.jpg,,,completed_pending_verification
PWD-TSK-20024,GRV-20260926-40252,,Petition: remove water hyacinth in Korattur Lake,TLK02,Korattur,13.106417,80.157305,PWD-OFF-014,2026-09-29T13:13:24+05:30,2026-10-15,,,,,,,assigned
PWD-TSK-20061,,PWD-INC-060181,Plug breach in Porur Lake Bund,TLK08,Porur,13.057705,80.172380,PWD-OFF-013,2026-09-30T08:55:36+05:30,2026-10-01,2026-09-30T13:36:08+05:30,,,,,,in_progress
PWD-TSK-20002,,PWD-INC-060004,Structural inspection & repair - Govt Royapettah Hospital,TLK10,Royapettah,13.031396,80.267559,PWD-OFF-006,2026-09-30T10:26:14+05:30,2026-11-11,,,,,,,assigned
PWD-TSK-20003,,PWD-INC-060005,"Structural inspection & repair - Govt Peripheral Hospital, K.K. Nagar",TLK09,K.K. Nagar,13.039070,80.221241,PWD-OFF-006,2026-09-30T14:35:22+05:30,2026-10-30,2026-10-01T10:55:59+05:30,,,,,,in_progress
PWD-TSK-20062,,PWD-INC-060199,"Pump out stagnant water - Thiruvalluvar St, Ambattur Industrial Estate",TLK02,Ambattur Industrial Estate,13.112609,80.146135,PWD-OFF-014,2026-09-30T14:52:40+05:30,2026-10-01,2026-09-30T19:13:08+05:30,2026-10-03T12:52:21+05:30,done. photo attached,uploads/pwd/PWD-TSK-20062.jpg,,,completed_pending_verification
PWD-TSK-20081,,PWD-INC-060242,Deploy pumpset & drain water - Velachery,TLK16,Velachery,12.981757,80.219409,PWD-OFF-019,2026-10-01T10:30:02+05:30,2026-10-02,2026-10-01T15:24:37+05:30,,,,,,in_progress
PWD-TSK-20041,GRV-20260926-73120,,Petition: repair leaking roof / cracks at Govt Kilpauk Medical College Hospital,TLK12,Kilpauk,13.094008,80.255853,PWD-OFF-009,2026-10-01T11:19:18+05:30,2026-11-26,,,,,,,assigned
PWD-TSK-20063,,PWD-INC-060205,Survey & evict encroachment - Buckingham Canal - Thiruvanmiyur stretch,TLK16,Thiruvanmiyur,12.984385,80.222844,PWD-OFF-016,2026-10-01T11:52:59+05:30,2026-11-01,,,,,,,assigned
PWD-TSK-20082,,PWD-INC-060241,Deploy pumpset & drain water - Meenambakkam,TLK01,Meenambakkam,13.000734,80.194247,PWD-OFF-012,2026-10-01T12:33:31+05:30,2026-10-02,2026-10-01T13:53:09+05:30,2026-10-03T17:02:06+05:30,stagnation cleared by evening,uploads/pwd/PWD-TSK-20082.jpg,,,completed_pending_verification
PWD-TSK-20064,,PWD-INC-060206,Survey & evict encroachment - Virugambakkam-Arumbakkam Canal,TLK08,Virugambakkam,13.061341,80.175823,PWD-OFF-020,2026-10-01T14:59:11+05:30,2026-10-31,,,,,,,assigned
PWD-TSK-20101,,PWD-INC-060303,Clear waterlogging at Chintadripet (Main Rd),TLK05,Chintadripet,13.080009,80.251707,PWD-OFF-013,2026-10-02T11:53:59+05:30,2026-10-04,2026-10-02T12:36:47+05:30,,,,,,in_progress
PWD-TSK-20121,,PWD-INC-060361,"Pump out stagnant water - Indira Nagar 3rd Ave, Pattalam",TLK12,Pattalam,13.085204,80.256235,PWD-OFF-013,2026-10-03T09:31:05+05:30,2026-10-06,2026-10-03T12:12:34+05:30,,,,,,in_progress
PWD-TSK-20122,,PWD-INC-060367,"Pump out stagnant water - Kannadasan St, Guindy",TLK06,Guindy,13.006066,80.213983,PWD-OFF-019,2026-10-03T20:15:44+05:30,2026-10-06,,,,,,,assigned
